timestamp,index,temperature.gpu,power.draw,utilization.gpu,memory.used,clocks.current.graphics,clocks.current.memory,pstate,clocks_event_reasons.active
2026/09/17 04:48:23.457, 0, 70, 51.92, 0, 14594, 1328, 715, P0, 0x0000000000000000
2026/09/17 04:48:23.463, 1, 68, 49.95, 0, 14081, 1328, 715, P0, 0x0000000000000000
2026/09/17 04:48:24.482, 0, 73, 54.36, 50, 14654, 1328, 715, P0, 0x0000000000000000
2026/09/17 04:48:24.484, 1, 69, 155.27, 57, 14141, 1316, 715, P0, 0x0000000000000000
2026/09/17 04:48:25.494, 0, 73, 142.13, 65, 14654, 1328, 715, P0, 0x0000000000000000
2026/09/17 04:48:25.499, 1, 70, 170.39, 45, 14141, 1328, 715, P0, 0x0000000000000000
2026/09/17 04:48:26.511, 0, 75, 191.86, 100, 14654, 1328, 715, P0, 0x0000000000000000
2026/09/17 04:48:26.513, 1, 72, 176.54, 100, 14141, 1328, 715, P0, 0x0000000000000000
2026/09/17 04:48:27.523, 0, 76, 187.69, 100, 14654, 1328, 715, P0, 0x0000000000000000
2026/09/17 04:48:27.526, 1, 71, 53.70, 72, 14141, 1328, 715, P0, 0x0000000000000000
2026/09/17 04:48:28.540, 0, 75, 129.47, 88, 14654, 1328, 715, P0, 0x0000000000000000
2026/09/17 04:48:28.543, 1, 72, 172.92, 22, 14141, 1328, 715, P0, 0x0000000000000000
2026/09/17 04:48:29.549, 0, 76, 188.38, 100, 14654, 1328, 715, P0, 0x0000000000000000
2026/09/17 04:48:29.553, 1, 70, 52.74, 1, 14141, 1328, 715, P0, 0x0000000000000000
2026/09/17 04:48:30.563, 0, 73, 97.82, 6, 14654, 1328, 715, P0, 0x0000000000000000
2026/09/17 04:48:30.567, 1, 71, 89.86, 76, 14141, 1328, 715, P0, 0x0000000000000000
2026/09/17 04:48:31.578, 0, 73, 85.58, 41, 14654, 1328, 715, P0, 0x0000000000000000
2026/09/17 04:48:31.581, 1, 71, 102.99, 49, 14141, 1328, 715, P0, 0x0000000000000000
2026/09/17 04:48:32.593, 0, 73, 79.60, 41, 14654, 1328, 715, P0, 0x0000000000000000
2026/09/17 04:48:32.598, 1, 71, 111.28, 48, 14141, 1328, 715, P0, 0x0000000000000000
2026/09/17 04:48:33.604, 0, 76, 194.56, 100, 14654, 1328, 715, P0, 0x0000000000000000
2026/09/17 04:48:33.606, 1, 70, 53.90, 6, 14141, 1328, 715, P0, 0x0000000000000000
2026/09/17 04:48:34.618, 0, 77, 200.06, 100, 14654, 1328, 715, P0, 0x0000000000000000
2026/09/17 04:48:34.621, 1, 72, 57.25, 68, 14141, 1328, 715, P0, 0x0000000000000000
2026/09/17 04:48:35.629, 0, 77, 67.76, 94, 14654, 1328, 715, P0, 0x0000000000000000
2026/09/17 04:48:35.633, 1, 71, 173.17, 11, 14141, 1328, 715, P0, 0x0000000000000000
2026/09/17 04:48:36.646, 0, 77, 191.59, 51, 14654, 1328, 715, P0, 0x0000000000000000
2026/09/17 04:48:36.649, 1, 73, 182.74, 100, 14141, 1328, 715, P0, 0x0000000000000000
2026/09/17 04:48:37.662, 0, 77, 191.63, 100, 14654, 1328, 715, P0, 0x0000000000000000
2026/09/17 04:48:37.665, 1, 73, 186.08, 100, 14141, 1328, 715, P0, 0x0000000000000000
2026/09/17 04:48:38.674, 0, 78, 193.46, 100, 14654, 1328, 715, P0, 0x0000000000000000
2026/09/17 04:48:38.677, 1, 73, 57.53, 85, 14141, 1328, 715, P0, 0x0000000000000000
2026/09/17 04:48:39.691, 0, 78, 77.07, 100, 14654, 1328, 715, P0, 0x0000000000000000
2026/09/17 04:48:39.694, 1, 72, 168.90, 0, 14141, 1328, 715, P0, 0x0000000000000000
2026/09/17 04:48:40.706, 0, 77, 190.32, 37, 14654, 1328, 715, P0, 0x0000000000000000
2026/09/17 04:48:40.708, 1, 73, 179.62, 68, 14141, 1328, 715, P0, 0x0000000000000000
2026/09/17 04:48:41.720, 0, 78, 194.56, 69, 14654, 1328, 715, P0, 0x0000000000000000
2026/09/17 04:48:41.723, 1, 74, 165.73, 100, 14141, 1328, 715, P0, 0x0000000000000000
2026/09/17 04:48:42.733, 0, 79, 192.40, 100, 14654, 1328, 715, P0, 0x0000000000000000
2026/09/17 04:48:42.736, 1, 74, 186.71, 100, 14141, 1328, 715, P0, 0x0000000000000000
2026/09/17 04:48:43.748, 0, 79, 199.04, 100, 14654, 1328, 715, P0, 0x0000000000000000
2026/09/17 04:48:43.752, 1, 74, 61.34, 100, 14141, 1328, 715, P0, 0x0000000000000000
2026/09/17 04:48:44.759, 0, 79, 168.58, 100, 14654, 1278, 715, P0, 0x0000000000000000
2026/09/17 04:48:44.762, 1, 73, 57.36, 47, 14141, 1328, 715, P0, 0x0000000000000000
2026/09/17 04:48:45.771, 0, 78, 58.62, 100, 14654, 1328, 715, P0, 0x0000000000000000
2026/09/17 04:48:45.774, 1, 74, 184.67, 0, 14141, 1328, 715, P0, 0x0000000000000000
2026/09/17 04:48:46.785, 0, 78, 177.01, 72, 14654, 1328, 715, P0, 0x0000000000000000
2026/09/17 04:48:46.788, 1, 74, 183.13, 39, 14141, 1328, 715, P0, 0x0000000000000000
2026/09/17 04:48:47.796, 0, 79, 164.51, 10, 14654, 1303, 715, P0, 0x0000000000000020
2026/09/17 04:48:47.799, 1, 75, 184.84, 100, 14141, 1328, 715, P0, 0x0000000000000000
2026/09/17 04:48:48.808, 0, 79, 175.11, 76, 14654, 1303, 715, P0, 0x0000000000000000
2026/09/17 04:48:48.811, 1, 75, 187.04, 100, 14141, 1328, 715, P0, 0x0000000000000000
2026/09/17 04:48:49.825, 0, 79, 163.33, 100, 14654, 1303, 715, P0, 0x0000000000000020
2026/09/17 04:48:49.828, 1, 75, 176.20, 100, 14141, 1328, 715, P0, 0x0000000000000000
2026/09/17 04:48:50.836, 0, 79, 154.32, 100, 14654, 1240, 715, P0, 0x0000000000000020
2026/09/17 04:48:50.839, 1, 75, 185.60, 100, 14141, 1328, 715, P0, 0x0000000000000000
2026/09/17 04:48:51.850, 0, 79, 153.64, 100, 14654, 1240, 715, P0, 0x0000000000000000
2026/09/17 04:48:51.853, 1, 76, 123.13, 100, 14141, 1328, 715, P0, 0x0000000000000000
2026/09/17 04:48:52.866, 0, 79, 165.34, 100, 14654, 1290, 715, P0, 0x0000000000000000
2026/09/17 04:48:52.869, 1, 75, 58.79, 82, 14141, 1328, 715, P0, 0x0000000000000000
2026/09/17 04:48:53.878, 0, 79, 137.22, 100, 14654, 1177, 715, P0, 0x0000000000000020
2026/09/17 04:48:53.881, 1, 74, 56.52, 30, 14141, 1328, 715, P0, 0x0000000000000000
2026/09/17 04:48:54.897, 0, 79, 156.56, 100, 14654, 1265, 715, P0, 0x0000000000000000
2026/09/17 04:48:54.900, 1, 73, 55.25, 3, 14141, 1328, 715, P0, 0x0000000000000000
2026/09/17 04:48:55.908, 0, 76, 50.94, 0, 14654, 1265, 715, P0, 0x0000000000000000
2026/09/17 04:48:55.911, 1, 76, 174.29, 100, 14141, 1328, 715, P0, 0x0000000000000000
2026/09/17 04:48:56.920, 0, 76, 108.51, 38, 14654, 1328, 715, P0, 0x0000000000000000
2026/09/17 04:48:56.923, 1, 74, 92.19, 48, 14141, 1328, 715, P0, 0x0000000000000000
2026/09/17 04:48:57.930, 0, 77, 114.02, 40, 14654, 1328, 715, P0, 0x0000000000000000
2026/09/17 04:48:57.936, 1, 74, 103.65, 52, 14141, 1328, 715, P0, 0x0000000000000000
2026/09/17 04:48:58.942, 0, 77, 68.67, 41, 14654, 1328, 715, P0, 0x0000000000000000
2026/09/17 04:48:58.946, 1, 74, 80.43, 49, 14141, 1328, 715, P0, 0x0000000000000000
2026/09/17 04:48:59.952, 0, 79, 62.19, 100, 14654, 1316, 715, P0, 0x0000000000000000
2026/09/17 04:48:59.955, 1, 73, 180.10, 0, 14141, 1328, 715, P0, 0x0000000000000000
2026/09/17 04:49:00.963, 0, 78, 53.83, 92, 14654, 1290, 715, P0, 0x0000000000000000
2026/09/17 04:49:00.966, 1, 75, 184.40, 5, 14141, 1328, 715, P0, 0x0000000000000000
2026/09/17 04:49:01.976, 0, 78, 54.55, 67, 14654, 1316, 715, P0, 0x0000000000000000
2026/09/17 04:49:01.979, 1, 75, 185.60, 29, 14141, 1328, 715, P0, 0x0000000000000000
2026/09/17 04:49:02.990, 0, 77, 53.56, 71, 14654, 1303, 715, P0, 0x0000000000000000
2026/09/17 04:49:02.994, 1, 75, 188.38, 24, 14141, 1328, 715, P0, 0x0000000000000000
2026/09/17 04:49:04.003, 0, 77, 131.48, 74, 14654, 1303, 715, P0, 0x0000000000000000
2026/09/17 04:49:04.008, 1, 76, 184.71, 21, 14141, 1328, 715, P0, 0x0000000000000000
2026/09/17 04:49:05.022, 0, 78, 174.27, 62, 14654, 1316, 715, P0, 0x0000000000000000
2026/09/17 04:49:05.024, 1, 76, 183.72, 30, 14141, 1328, 715, P0, 0x0000000000000000
2026/09/17 04:49:06.032, 0, 79, 158.23, 56, 14654, 1227, 715, P0, 0x0000000000000020
2026/09/17 04:49:06.038, 1, 76, 190.68, 35, 14141, 1328, 715, P0, 0x0000000000000000
2026/09/17 04:49:07.044, 0, 78, 153.37, 76, 14654, 1303, 715, P0, 0x0000000000000000
2026/09/17 04:49:07.047, 1, 76, 188.26, 16, 14141, 1328, 715, P0, 0x0000000000000000
2026/09/17 04:49:08.063, 0, 78, 51.18, 98, 14654, 1240, 715, P0, 0x0000000000000000
2026/09/17 04:49:08.066, 1, 76, 189.12, 94, 14141, 1328, 715, P0, 0x0000000000000000
2026/09/17 04:49:09.082, 0, 78, 50.19, 23, 14654, 1227, 715, P0, 0x0000000000000000
2026/09/17 04:49:09.085, 1, 76, 186.92, 71, 14141, 1328, 715, P0, 0x0000000000000000
2026/09/17 04:49:10.100, 0, 78, 52.35, 56, 14654, 1303, 715, P0, 0x0000000000000000
2026/09/17 04:49:10.103, 1, 76, 193.08, 37, 14141, 1328, 715, P0, 0x0000000000000000
2026/09/17 04:49:11.119, 0, 79, 53.12, 100, 14654, 1189, 715, P0, 0x0000000000000000
2026/09/17 04:49:11.122, 1, 75, 182.68, 0, 14141, 1328, 715, P0, 0x0000000000000000
2026/09/17 04:49:12.136, 0, 79, 136.51, 100, 14654, 1189, 715, P0, 0x0000000000000020
2026/09/17 04:49:12.144, 1, 75, 58.65, 0, 14141, 1328, 715, P0, 0x0000000000000000
2026/09/17 04:49:13.152, 0, 79, 144.07, 100, 14654, 1215, 715, P0, 0x0000000000000000
2026/09/17 04:49:13.155, 1, 76, 59.33, 23, 14141, 1328, 715, P0, 0x0000000000000000
2026/09/17 04:49:14.166, 0, 80, 148.47, 100, 14654, 1227, 715, P0, 0x0000000000000020
2026/09/17 04:49:14.169, 1, 76, 59.81, 81, 14141, 1328, 715, P0, 0x0000000000000000
2026/09/17 04:49:15.183, 0, 80, 145.25, 100, 14654, 1215, 715, P0, 0x0000000000000000
2026/09/17 04:49:15.192, 1, 77, 66.48, 100, 14141, 1328, 715, P0, 0x0000000000000000
2026/09/17 04:49:16.210, 0, 79, 118.73, 100, 14654, 1113, 715, P0, 0x0000000000000000
2026/09/17 04:49:16.216, 1, 78, 192.16, 100, 14141, 1328, 715, P0, 0x0000000000000000
2026/09/17 04:49:17.230, 0, 79, 134.10, 100, 14654, 1177, 715, P0, 0x0000000000000020
2026/09/17 04:49:17.233, 1, 78, 184.42, 100, 14141, 1328, 715, P0, 0x0000000000000000
2026/09/17 04:49:18.243, 0, 79, 128.29, 100, 14654, 1139, 715, P0, 0x0000000000000020
2026/09/17 04:49:18.246, 1, 78, 193.79, 100, 14141, 1328, 715, P0, 0x0000000000000000
2026/09/17 04:49:19.259, 0, 79, 137.56, 68, 14654, 1189, 715, P0, 0x0000000000000000
2026/09/17 04:49:19.262, 1, 78, 190.79, 100, 14141, 1328, 715, P0, 0x0000000000000000
2026/09/17 04:49:20.274, 0, 79, 154.75, 3, 14654, 1215, 715, P0, 0x0000000000000020
2026/09/17 04:49:20.277, 1, 78, 186.63, 100, 14141, 1328, 715, P0, 0x0000000000000000
2026/09/17 04:49:21.286, 0, 79, 123.36, 45, 14654, 1101, 715, P0, 0x0000000000000020
2026/09/17 04:49:21.289, 1, 78, 199.98, 100, 14141, 1328, 715, P0, 0x0000000000000000
2026/09/17 04:49:22.303, 0, 78, 51.38, 54, 14654, 1316, 715, P0, 0x0000000000000020
2026/09/17 04:49:22.306, 1, 77, 199.05, 28, 14141, 1328, 715, P0, 0x0000000000000000
2026/09/17 04:49:23.315, 0, 79, 132.99, 100, 14654, 1139, 715, P0, 0x0000000000000020
2026/09/17 04:49:23.318, 1, 76, 59.38, 0, 14141, 1328, 715, P0, 0x0000000000000000
2026/09/17 04:49:24.332, 0, 79, 137.52, 100, 14654, 1139, 715, P0, 0x0000000000000020
2026/09/17 04:49:24.339, 1, 77, 60.83, 55, 14141, 1328, 715, P0, 0x0000000000000000
2026/09/17 04:49:25.350, 0, 79, 136.09, 100, 14654, 1151, 715, P0, 0x0000000000000020
2026/09/17 04:49:25.357, 1, 79, 203.89, 100, 14141, 1328, 715, P0, 0x0000000000000000
2026/09/17 04:49:26.375, 0, 79, 130.71, 100, 14654, 1177, 715, P0, 0x0000000000000000
2026/09/17 04:49:26.377, 1, 79, 202.96, 100, 14141, 1328, 715, P0, 0x0000000000000000
2026/09/17 04:49:27.389, 0, 79, 138.89, 98, 14654, 1189, 715, P0, 0x0000000000000000
2026/09/17 04:49:27.396, 1, 79, 202.21, 100, 14141, 1328, 715, P0, 0x0000000000000000
2026/09/17 04:49:28.408, 0, 79, 142.77, 0, 14654, 1202, 715, P0, 0x0000000000000000
2026/09/17 04:49:28.411, 1, 79, 201.49, 81, 14141, 1328, 715, P0, 0x0000000000000000
2026/09/17 04:49:29.425, 0, 79, 48.05, 100, 14654, 1189, 715, P0, 0x0000000000000000
2026/09/17 04:49:29.428, 1, 78, 198.83, 0, 14141, 1328, 715, P0, 0x0000000000000000
2026/09/17 04:49:30.437, 0, 79, 137.22, 100, 14654, 1189, 715, P0, 0x0000000000000020
2026/09/17 04:49:30.442, 1, 77, 60.31, 4, 14141, 1328, 715, P0, 0x0000000000000000
2026/09/17 04:49:31.454, 0, 79, 136.74, 100, 14654, 1189, 715, P0, 0x0000000000000000
2026/09/17 04:49:31.462, 1, 78, 61.99, 36, 14141, 1328, 715, P0, 0x0000000000000000
2026/09/17 04:49:32.467, 0, 79, 118.40, 100, 14654, 1113, 715, P0, 0x0000000000000000
2026/09/17 04:49:32.484, 1, 79, 165.43, 100, 14141, 1316, 715, P0, 0x0000000000000020
2026/09/17 04:49:33.493, 0, 77, 116.40, 14, 14654, 1189, 715, P0, 0x0000000000000000
2026/09/17 04:49:33.499, 1, 79, 59.65, 95, 14141, 1316, 715, P0, 0x0000000000000020
2026/09/17 04:49:34.516, 0, 79, 59.89, 92, 14654, 1278, 715, P0, 0x0000000000000000
2026/09/17 04:49:34.522, 1, 76, 164.26, 0, 14141, 1316, 715, P0, 0x0000000000000000
2026/09/17 04:49:35.529, 0, 77, 99.27, 43, 14654, 1328, 715, P0, 0x0000000000000000
2026/09/17 04:49:35.531, 1, 78, 106.80, 48, 14141, 1328, 715, P0, 0x0000000000000000
2026/09/17 04:49:36.539, 0, 77, 83.36, 41, 14654, 1328, 715, P0, 0x0000000000000000
2026/09/17 04:49:36.542, 1, 77, 121.68, 49, 14141, 1328, 715, P0, 0x0000000000000000
2026/09/17 04:49:37.551, 0, 77, 117.57, 41, 14654, 1328, 715, P0, 0x0000000000000000
2026/09/17 04:49:37.554, 1, 77, 98.75, 49, 14141, 1328, 715, P0, 0x0000000000000000
2026/09/17 04:49:38.561, 0, 77, 58.89, 12, 14654, 1328, 715, P0, 0x0000000000000000
2026/09/17 04:49:38.564, 1, 76, 59.35, 27, 14141, 1328, 715, P0, 0x0000000000000000
2026/09/17 04:49:39.576, 0, 80, 132.50, 100, 14654, 1189, 715, P0, 0x0000000000000000
2026/09/17 04:49:39.585, 1, 75, 80.03, 0, 14141, 1328, 715, P0, 0x0000000000000000
2026/09/17 04:49:40.592, 0, 79, 136.10, 100, 14654, 1189, 715, P0, 0x0000000000000000
2026/09/17 04:49:40.595, 1, 77, 60.59, 36, 14141, 1328, 715, P0, 0x0000000000000000
2026/09/17 04:49:41.604, 0, 79, 144.83, 100, 14654, 1189, 715, P0, 0x0000000000000020
2026/09/17 04:49:41.607, 1, 80, 192.38, 100, 14141, 1328, 715, P0, 0x0000000000000000
2026/09/17 04:49:42.617, 0, 79, 121.33, 100, 14654, 1113, 715, P0, 0x0000000000000020
2026/09/17 04:49:42.621, 1, 79, 202.91, 100, 14141, 1328, 715, P0, 0x0000000000000000
2026/09/17 04:49:43.633, 0, 79, 138.94, 18, 14654, 1189, 715, P0, 0x0000000000000020
2026/09/17 04:49:43.636, 1, 78, 172.88, 100, 14141, 1328, 715, P0, 0x0000000000000000
2026/09/17 04:49:44.655, 0, 78, 49.24, 100, 14654, 1189, 715, P0, 0x0000000000000000
2026/09/17 04:49:44.658, 1, 78, 192.63, 0, 14141, 1328, 715, P0, 0x0000000000000000
2026/09/17 04:49:45.670, 0, 79, 128.77, 100, 14654, 1139, 715, P0, 0x0000000000000020
2026/09/17 04:49:45.673, 1, 77, 53.65, 25, 14141, 1265, 715, P0, 0x0000000000000000
2026/09/17 04:49:46.682, 0, 79, 130.18, 100, 14654, 1164, 715, P0, 0x0000000000000000
2026/09/17 04:49:46.690, 1, 79, 60.12, 74, 14141, 1328, 715, P0, 0x0000000000000000
2026/09/17 04:49:47.695, 0, 79, 129.15, 100, 14654, 1164, 715, P0, 0x0000000000000000
2026/09/17 04:49:47.699, 1, 79, 194.56, 100, 14141, 1328, 715, P0, 0x0000000000000000
2026/09/17 04:49:48.709, 0, 79, 131.93, 30, 14654, 1189, 715, P0, 0x0000000000000000
2026/09/17 04:49:48.712, 1, 79, 164.78, 100, 14141, 1316, 715, P0, 0x0000000000000020
2026/09/17 04:49:49.723, 0, 78, 113.42, 3, 14654, 1265, 715, P0, 0x0000000000000000
2026/09/17 04:49:49.728, 1, 78, 163.71, 100, 14141, 1316, 715, P0, 0x0000000000000020
2026/09/17 04:49:50.738, 0, 79, 117.98, 100, 14654, 1088, 715, P0, 0x0000000000000000
2026/09/17 04:49:50.741, 1, 77, 55.81, 0, 14141, 1316, 715, P0, 0x0000000000000000
2026/09/17 04:49:51.752, 0, 79, 127.09, 100, 14654, 1101, 715, P0, 0x0000000000000020
2026/09/17 04:49:51.755, 1, 78, 56.28, 42, 14141, 1316, 715, P0, 0x0000000000000000
2026/09/17 04:49:52.764, 0, 79, 131.76, 100, 14654, 1164, 715, P0, 0x0000000000000020
2026/09/17 04:49:52.774, 1, 79, 172.72, 100, 14141, 1303, 715, P0, 0x0000000000000000
2026/09/17 04:49:53.782, 0, 79, 135.87, 100, 14654, 1177, 715, P0, 0x0000000000000020
2026/09/17 04:49:53.784, 1, 79, 172.47, 100, 14141, 1290, 715, P0, 0x0000000000000020
2026/09/17 04:49:54.796, 0, 78, 137.52, 0, 14654, 1189, 715, P0, 0x0000000000000000
2026/09/17 04:49:54.799, 1, 79, 163.19, 90, 14141, 1328, 715, P0, 0x0000000000000000
2026/09/17 04:49:55.811, 0, 79, 59.22, 100, 14654, 1189, 715, P0, 0x0000000000000000
2026/09/17 04:49:55.814, 1, 77, 138.95, 0, 14141, 1252, 715, P0, 0x0000000000000000
2026/09/17 04:49:56.825, 0, 79, 136.45, 100, 14654, 1189, 715, P0, 0x0000000000000000
2026/09/17 04:49:56.831, 1, 78, 56.49, 61, 14141, 1316, 715, P0, 0x0000000000000000
2026/09/17 04:49:57.841, 0, 79, 117.14, 100, 14654, 1075, 715, P0, 0x0000000000000020
2026/09/17 04:49:57.844, 1, 79, 148.79, 100, 14141, 1227, 715, P0, 0x0000000000000000
2026/09/17 04:49:58.857, 0, 79, 131.99, 100, 14654, 1151, 715, P0, 0x0000000000000000
2026/09/17 04:49:58.861, 1, 79, 146.97, 100, 14141, 1252, 715, P0, 0x0000000000000000
2026/09/17 04:49:59.870, 0, 78, 138.08, 25, 14654, 1189, 715, P0, 0x0000000000000000
2026/09/17 04:49:59.874, 1, 79, 166.28, 64, 14141, 1290, 715, P0, 0x0000000000000000
2026/09/17 04:50:00.884, 0, 79, 135.09, 100, 14654, 1177, 715, P0, 0x0000000000000000
2026/09/17 04:50:00.895, 1, 77, 56.76, 0, 14141, 1316, 715, P0, 0x0000000000000000
2026/09/17 04:50:01.899, 0, 80, 142.52, 100, 14654, 1151, 715, P0, 0x0000000000000020
2026/09/17 04:50:01.902, 1, 78, 50.98, 100, 14141, 1189, 715, P0, 0x0000000000000000
2026/09/17 04:50:02.914, 0, 79, 138.68, 100, 14654, 1189, 715, P0, 0x0000000000000000
2026/09/17 04:50:02.917, 1, 79, 162.32, 100, 14141, 1252, 715, P0, 0x0000000000000020
2026/09/17 04:50:03.928, 0, 79, 127.88, 100, 14654, 1113, 715, P0, 0x0000000000000020
2026/09/17 04:50:03.935, 1, 79, 166.71, 100, 14141, 1316, 715, P0, 0x0000000000000020
2026/09/17 04:50:04.943, 0, 78, 50.80, 61, 14654, 1303, 715, P0, 0x0000000000000020
2026/09/17 04:50:04.946, 1, 78, 141.20, 32, 14141, 1189, 715, P0, 0x0000000000000000
2026/09/17 04:50:05.954, 0, 79, 123.80, 100, 14654, 1151, 715, P0, 0x0000000000000000
2026/09/17 04:50:05.956, 1, 78, 53.90, 31, 14141, 1252, 715, P0, 0x0000000000000000
2026/09/17 04:50:06.969, 0, 79, 134.48, 100, 14654, 1189, 715, P0, 0x0000000000000020
2026/09/17 04:50:06.973, 1, 80, 162.85, 100, 14141, 1303, 715, P0, 0x0000000000000000
2026/09/17 04:50:07.983, 0, 79, 132.18, 100, 14654, 1189, 715, P0, 0x0000000000000000
2026/09/17 04:50:07.987, 1, 79, 167.05, 100, 14141, 1316, 715, P0, 0x0000000000000020
2026/09/17 04:50:08.999, 0, 78, 53.16, 59, 14654, 1290, 715, P0, 0x0000000000000000
2026/09/17 04:50:09.002, 1, 78, 160.98, 35, 14141, 1252, 715, P0, 0x0000000000000000
2026/09/17 04:50:10.010, 0, 79, 108.82, 100, 14654, 1088, 715, P0, 0x0000000000000000
2026/09/17 04:50:10.021, 1, 78, 50.81, 22, 14141, 1202, 715, P0, 0x0000000000000000
2026/09/17 04:50:11.028, 0, 79, 134.51, 100, 14654, 1177, 715, P0, 0x0000000000000000
2026/09/17 04:50:11.031, 1, 79, 159.99, 100, 14141, 1278, 715, P0, 0x0000000000000000
2026/09/17 04:50:12.045, 0, 79, 126.80, 83, 14654, 1164, 715, P0, 0x0000000000000000
2026/09/17 04:50:12.049, 1, 79, 144.44, 100, 14141, 1215, 715, P0, 0x0000000000000000
2026/09/17 04:50:13.061, 0, 78, 47.88, 99, 14654, 1189, 715, P0, 0x0000000000000000
2026/09/17 04:50:13.064, 1, 78, 159.35, 0, 14141, 1252, 715, P0, 0x0000000000000020
2026/09/17 04:50:14.076, 0, 79, 118.02, 100, 14654, 1139, 715, P0, 0x0000000000000000
2026/09/17 04:50:14.081, 1, 78, 57.03, 67, 14141, 1316, 715, P0, 0x0000000000000000
2026/09/17 04:50:15.094, 0, 79, 133.04, 100, 14654, 1189, 715, P0, 0x0000000000000020
2026/09/17 04:50:15.099, 1, 79, 138.33, 100, 14141, 1189, 715, P0, 0x0000000000000000
2026/09/17 04:50:16.110, 0, 79, 127.81, 42, 14654, 1177, 715, P0, 0x0000000000000000
2026/09/17 04:50:16.120, 1, 79, 158.46, 100, 14141, 1265, 715, P0, 0x0000000000000000
2026/09/17 04:50:17.127, 0, 79, 69.35, 100, 14654, 1126, 715, P0, 0x0000000000000020
2026/09/17 04:50:17.130, 1, 77, 125.75, 0, 14141, 1227, 715, P0, 0x0000000000000000
2026/09/17 04:50:18.155, 0, 79, 133.95, 100, 14654, 1189, 715, P0, 0x0000000000000020
2026/09/17 04:50:18.158, 1, 79, 62.02, 90, 14141, 1290, 715, P0, 0x0000000000000000
2026/09/17 04:50:19.168, 0, 79, 141.76, 100, 14654, 1177, 715, P0, 0x0000000000000020
2026/09/17 04:50:19.171, 1, 80, 169.95, 100, 14141, 1316, 715, P0, 0x0000000000000020
2026/09/17 04:50:20.183, 0, 78, 48.38, 0, 14654, 1189, 715, P0, 0x0000000000000000
2026/09/17 04:50:20.186, 1, 79, 148.07, 100, 14141, 1252, 715, P0, 0x0000000000000000
2026/09/17 04:50:21.195, 0, 79, 131.25, 100, 14654, 1164, 715, P0, 0x0000000000000000
2026/09/17 04:50:21.201, 1, 78, 52.92, 11, 14141, 1240, 715, P0, 0x0000000000000000
2026/09/17 04:50:22.211, 0, 79, 136.00, 100, 14654, 1189, 715, P0, 0x0000000000000020
2026/09/17 04:50:22.218, 1, 80, 156.36, 100, 14141, 1290, 715, P0, 0x0000000000000000
2026/09/17 04:50:23.239, 0, 79, 141.18, 22, 14654, 1202, 715, P0, 0x0000000000000000
2026/09/17 04:50:23.241, 1, 80, 175.90, 100, 14141, 1316, 715, P0, 0x0000000000000020
2026/09/17 04:50:24.253, 0, 80, 142.76, 100, 14654, 1189, 715, P0, 0x0000000000000020
2026/09/17 04:50:24.259, 1, 77, 49.78, 0, 14141, 1189, 715, P0, 0x0000000000000000
2026/09/17 04:50:25.267, 0, 79, 114.51, 100, 14654, 1075, 715, P0, 0x0000000000000000
2026/09/17 04:50:25.270, 1, 79, 149.02, 100, 14141, 1240, 715, P0, 0x0000000000000000
2026/09/17 04:50:26.280, 0, 78, 126.44, 10, 14654, 1126, 715, P0, 0x0000000000000020
2026/09/17 04:50:26.284, 1, 79, 156.88, 100, 14141, 1252, 715, P0, 0x0000000000000020
2026/09/17 04:50:27.298, 0, 79, 122.83, 100, 14654, 1101, 715, P0, 0x0000000000000020
2026/09/17 04:50:27.300, 1, 77, 56.54, 0, 14141, 1316, 715, P0, 0x0000000000000000
2026/09/17 04:50:28.310, 0, 79, 127.98, 100, 14654, 1113, 715, P0, 0x0000000000000020
2026/09/17 04:50:28.320, 1, 80, 146.81, 100, 14141, 1189, 715, P0, 0x0000000000000020
2026/09/17 04:50:29.329, 0, 79, 137.34, 35, 14654, 1151, 715, P0, 0x0000000000000020
2026/09/17 04:50:29.332, 1, 79, 158.96, 100, 14141, 1290, 715, P0, 0x0000000000000000
2026/09/17 04:50:30.347, 0, 79, 75.85, 94, 14654, 1189, 715, P0, 0x0000000000000020
2026/09/17 04:50:30.350, 1, 77, 114.78, 0, 14141, 1189, 715, P0, 0x0000000000000000
2026/09/17 04:50:31.355, 0, 79, 124.02, 100, 14654, 1101, 715, P0, 0x0000000000000020
2026/09/17 04:50:31.361, 1, 79, 129.19, 100, 14141, 1177, 715, P0, 0x0000000000000020
2026/09/17 04:50:32.366, 0, 79, 131.49, 100, 14654, 1164, 715, P0, 0x0000000000000000
2026/09/17 04:50:32.380, 1, 79, 156.30, 100, 14141, 1252, 715, P0, 0x0000000000000020
2026/09/17 04:50:33.396, 0, 79, 50.56, 99, 14654, 1189, 715, P0, 0x0000000000000000
2026/09/17 04:50:33.399, 1, 77, 144.47, 13, 14141, 1227, 715, P0, 0x0000000000000000
2026/09/17 04:50:34.410, 0, 79, 137.21, 100, 14654, 1189, 715, P0, 0x0000000000000000
2026/09/17 04:50:34.418, 1, 79, 62.25, 100, 14141, 1303, 715, P0, 0x0000000000000000
2026/09/17 04:50:35.427, 0, 79, 115.00, 100, 14654, 1088, 715, P0, 0x0000000000000020
2026/09/17 04:50:35.430, 1, 79, 131.12, 100, 14141, 1189, 715, P0, 0x0000000000000020
2026/09/17 04:50:36.442, 0, 79, 95.41, 100, 14654, 1088, 715, P0, 0x0000000000000020
2026/09/17 04:50:36.444, 1, 77, 79.71, 0, 14141, 1189, 715, P0, 0x0000000000000000
2026/09/17 04:50:37.452, 0, 79, 117.26, 100, 14654, 1126, 715, P0, 0x0000000000000000
2026/09/17 04:50:37.463, 1, 80, 166.09, 100, 14141, 1265, 715, P0, 0x0000000000000020
2026/09/17 04:50:38.481, 0, 79, 123.75, 75, 14654, 1164, 715, P0, 0x0000000000000000
2026/09/17 04:50:38.484, 1, 79, 148.43, 100, 14141, 1215, 715, P0, 0x0000000000000000
2026/09/17 04:50:39.491, 0, 79, 136.15, 100, 14654, 1189, 715, P0, 0x0000000000000020
2026/09/17 04:50:39.500, 1, 77, 51.96, 0, 14141, 1240, 715, P0, 0x0000000000000000
2026/09/17 04:50:40.509, 0, 79, 136.14, 100, 14654, 1189, 715, P0, 0x0000000000000000
2026/09/17 04:50:40.512, 1, 80, 165.45, 100, 14141, 1265, 715, P0, 0x0000000000000020
2026/09/17 04:50:41.527, 0, 79, 120.15, 92, 14654, 1113, 715, P0, 0x0000000000000020
2026/09/17 04:50:41.531, 1, 79, 156.20, 100, 14141, 1227, 715, P0, 0x0000000000000020
2026/09/17 04:50:42.540, 0, 79, 119.32, 100, 14654, 1113, 715, P0, 0x0000000000000000
2026/09/17 04:50:42.543, 1, 77, 51.74, 0, 14141, 1240, 715, P0, 0x0000000000000000
2026/09/17 04:50:43.552, 0, 79, 111.70, 100, 14654, 1101, 715, P0, 0x0000000000000020
2026/09/17 04:50:43.559, 1, 79, 136.54, 100, 14141, 1151, 715, P0, 0x0000000000000020
2026/09/17 04:50:44.565, 0, 79, 137.64, 100, 14654, 1151, 715, P0, 0x0000000000000020
2026/09/17 04:50:44.568, 1, 79, 143.22, 100, 14141, 1227, 715, P0, 0x0000000000000000
2026/09/17 04:50:45.582, 0, 80, 130.92, 100, 14654, 1139, 715, P0, 0x0000000000000020
2026/09/17 04:50:45.585, 1, 77, 54.85, 0, 14141, 1290, 715, P0, 0x0000000000000000
2026/09/17 04:50:46.597, 0, 80, 138.27, 100, 14654, 1164, 715, P0, 0x0000000000000020
2026/09/17 04:50:46.600, 1, 80, 162.59, 100, 14141, 1290, 715, P0, 0x0000000000000020
2026/09/17 04:50:47.615, 0, 79, 128.48, 86, 14654, 1113, 715, P0, 0x0000000000000020
2026/09/17 04:50:47.621, 1, 79, 141.75, 100, 14141, 1227, 715, P0, 0x0000000000000000
2026/09/17 04:50:48.632, 0, 79, 124.78, 100, 14654, 1101, 715, P0, 0x0000000000000020
2026/09/17 04:50:48.640, 1, 77, 50.52, 0, 14141, 1202, 715, P0, 0x0000000000000000
2026/09/17 04:50:49.646, 0, 79, 131.98, 100, 14654, 1189, 715, P0, 0x0000000000000020
2026/09/17 04:50:49.649, 1, 80, 145.28, 100, 14141, 1252, 715, P0, 0x0000000000000020
2026/09/17 04:50:50.660, 0, 79, 145.84, 0, 14654, 1202, 715, P0, 0x0000000000000020
2026/09/17 04:50:50.665, 1, 79, 160.76, 100, 14141, 1252, 715, P0, 0x0000000000000020
2026/09/17 04:50:51.675, 0, 79, 120.75, 100, 14654, 1101, 715, P0, 0x0000000000000020
2026/09/17 04:50:51.679, 1, 78, 55.83, 0, 14141, 1303, 715, P0, 0x0000000000000000
2026/09/17 04:50:52.691, 0, 79, 126.31, 100, 14654, 1139, 715, P0, 0x0000000000000020
2026/09/17 04:50:52.700, 1, 79, 148.39, 100, 14141, 1189, 715, P0, 0x0000000000000020
2026/09/17 04:50:53.721, 0, 78, 53.64, 42, 14654, 1290, 715, P0, 0x0000000000000000
2026/09/17 04:50:53.725, 1, 79, 151.29, 86, 14141, 1240, 715, P0, 0x0000000000000000
2026/09/17 04:50:54.733, 0, 79, 131.16, 100, 14654, 1139, 715, P0, 0x0000000000000020
2026/09/17 04:50:54.738, 1, 78, 55.10, 73, 14141, 1290, 715, P0, 0x0000000000000000
2026/09/17 04:50:55.744, 0, 79, 133.00, 100, 14654, 1139, 715, P0, 0x0000000000000020
2026/09/17 04:50:55.747, 1, 79, 150.02, 100, 14141, 1240, 715, P0, 0x0000000000000000
2026/09/17 04:50:56.760, 0, 78, 48.38, 33, 14654, 1189, 715, P0, 0x0000000000000000
2026/09/17 04:50:56.763, 1, 78, 143.84, 1, 14141, 1189, 715, P0, 0x0000000000000000
2026/09/17 04:50:57.777, 0, 79, 140.12, 100, 14654, 1189, 715, P0, 0x0000000000000020
2026/09/17 04:50:57.780, 1, 80, 139.72, 100, 14141, 1227, 715, P0, 0x0000000000000020
2026/09/17 04:50:58.792, 0, 78, 99.51, 100, 14654, 1050, 715, P0, 0x0000000000000020
2026/09/17 04:50:58.800, 1, 79, 164.12, 100, 14141, 1290, 715, P0, 0x0000000000000000
2026/09/17 04:50:59.805, 0, 79, 119.49, 100, 14654, 1075, 715, P0, 0x0000000000000020
2026/09/17 04:50:59.808, 1, 77, 54.87, 0, 14141, 1290, 715, P0, 0x0000000000000000
2026/09/17 04:51:00.822, 0, 79, 131.02, 100, 14654, 1164, 715, P0, 0x0000000000000020
2026/09/17 04:51:00.824, 1, 80, 140.61, 100, 14141, 1240, 715, P0, 0x0000000000000020
2026/09/17 04:51:01.842, 0, 78, 154.86, 0, 14654, 1278, 715, P0, 0x0000000000000020
2026/09/17 04:51:01.845, 1, 79, 164.57, 100, 14141, 1328, 715, P0, 0x0000000000000000
2026/09/17 04:51:02.854, 0, 80, 134.77, 100, 14654, 1189, 715, P0, 0x0000000000000000
2026/09/17 04:51:02.857, 1, 78, 51.24, 11, 14141, 1202, 715, P0, 0x0000000000000000
2026/09/17 04:51:03.866, 0, 79, 124.22, 100, 14654, 1139, 715, P0, 0x0000000000000020
2026/09/17 04:51:03.869, 1, 80, 165.98, 100, 14141, 1303, 715, P0, 0x0000000000000020
2026/09/17 04:51:04.881, 0, 76, 133.71, 0, 14654, 1227, 715, P0, 0x0000000000000000
2026/09/17 04:51:04.884, 1, 79, 55.54, 96, 14141, 1278, 715, P0, 0x0000000000000000
2026/09/17 04:51:05.895, 0, 80, 149.87, 100, 14654, 1202, 715, P0, 0x0000000000000000
2026/09/17 04:51:05.897, 1, 77, 52.62, 0, 14141, 1278, 715, P0, 0x0000000000000000
2026/09/17 04:51:06.908, 0, 77, 51.20, 0, 14654, 1252, 715, P0, 0x0000000000000000
2026/09/17 04:51:06.911, 1, 80, 164.49, 100, 14141, 1265, 715, P0, 0x0000000000000020
2026/09/17 04:51:07.921, 0, 77, 81.77, 43, 14654, 1328, 715, P0, 0x0000000000000000
2026/09/17 04:51:07.925, 1, 78, 106.52, 47, 14141, 1328, 715, P0, 0x0000000000000000
2026/09/17 04:51:08.934, 0, 77, 116.60, 40, 14654, 1328, 715, P0, 0x0000000000000000
2026/09/17 04:51:08.937, 1, 78, 89.76, 48, 14141, 1328, 715, P0, 0x0000000000000000
2026/09/17 04:51:09.946, 0, 78, 118.70, 39, 14654, 1328, 715, P0, 0x0000000000000000
2026/09/17 04:51:09.949, 1, 78, 109.88, 51, 14141, 1328, 715, P0, 0x0000000000000000
2026/09/17 04:51:10.957, 0, 77, 58.17, 7, 14654, 1328, 715, P0, 0x0000000000000000
2026/09/17 04:51:10.960, 1, 77, 59.11, 0, 14141, 1328, 715, P0, 0x0000000000000000
2026/09/17 04:51:11.975, 0, 79, 131.32, 100, 14654, 1151, 715, P0, 0x0000000000000000
2026/09/17 04:51:11.978, 1, 76, 58.18, 0, 14141, 1328, 715, P0, 0x0000000000000000
2026/09/17 04:51:12.992, 0, 79, 137.63, 100, 14654, 1202, 715, P0, 0x0000000000000000
2026/09/17 04:51:12.995, 1, 79, 200.55, 100, 14141, 1328, 715, P0, 0x0000000000000000
2026/09/17 04:51:14.007, 0, 79, 63.99, 100, 14654, 1215, 715, P0, 0x0000000000000000
2026/09/17 04:51:14.010, 1, 77, 154.66, 0, 14141, 1316, 715, P0, 0x0000000000000000
2026/09/17 04:51:15.020, 0, 79, 148.47, 100, 14654, 1240, 715, P0, 0x0000000000000020
2026/09/17 04:51:15.023, 1, 80, 152.05, 100, 14141, 1215, 715, P0, 0x0000000000000020
2026/09/17 04:51:16.035, 0, 79, 133.82, 100, 14654, 1177, 715, P0, 0x0000000000000020
2026/09/17 04:51:16.038, 1, 79, 162.75, 100, 14141, 1290, 715, P0, 0x0000000000000000
2026/09/17 04:51:17.055, 0, 79, 128.53, 100, 14654, 1113, 715, P0, 0x0000000000000020
2026/09/17 04:51:17.057, 1, 77, 52.20, 0, 14141, 1240, 715, P0, 0x0000000000000000
2026/09/17 04:51:18.068, 0, 79, 136.22, 100, 14654, 1177, 715, P0, 0x0000000000000020
2026/09/17 04:51:18.077, 1, 79, 149.58, 100, 14141, 1240, 715, P0, 0x0000000000000000
2026/09/17 04:51:19.088, 0, 78, 153.02, 0, 14654, 1189, 715, P0, 0x0000000000000020
2026/09/17 04:51:19.099, 1, 79, 173.76, 100, 14141, 1316, 715, P0, 0x0000000000000000
2026/09/17 04:51:20.103, 0, 79, 129.98, 100, 14654, 1189, 715, P0, 0x0000000000000000
2026/09/17 04:51:20.106, 1, 78, 50.27, 29, 14141, 1189, 715, P0, 0x0000000000000000
2026/09/17 04:51:21.116, 0, 79, 142.86, 100, 14654, 1189, 715, P0, 0x0000000000000020
2026/09/17 04:51:21.119, 1, 79, 136.28, 100, 14141, 1227, 715, P0, 0x0000000000000000
2026/09/17 04:51:22.130, 0, 78, 47.88, 100, 14654, 1189, 715, P0, 0x0000000000000000
2026/09/17 04:51:22.133, 1, 78, 157.67, 23, 14141, 1240, 715, P0, 0x0000000000000000
2026/09/17 04:51:23.146, 0, 79, 138.23, 100, 14654, 1189, 715, P0, 0x0000000000000000
2026/09/17 04:51:23.149, 1, 80, 130.27, 100, 14141, 1189, 715, P0, 0x0000000000000020
2026/09/17 04:51:24.161, 0, 79, 131.84, 50, 14654, 1139, 715, P0, 0x0000000000000020
2026/09/17 04:51:24.164, 1, 79, 140.87, 100, 14141, 1202, 715, P0, 0x0000000000000000
2026/09/17 04:51:25.176, 0, 79, 140.10, 100, 14654, 1151, 715, P0, 0x0000000000000020
2026/09/17 04:51:25.183, 1, 77, 55.28, 0, 14141, 1303, 715, P0, 0x0000000000000000
2026/09/17 04:51:26.189, 0, 79, 134.57, 100, 14654, 1189, 715, P0, 0x0000000000000020
2026/09/17 04:51:26.193, 1, 80, 158.89, 100, 14141, 1252, 715, P0, 0x0000000000000020
2026/09/17 04:51:27.208, 0, 78, 48.34, 0, 14654, 1189, 715, P0, 0x0000000000000000
2026/09/17 04:51:27.211, 1, 79, 156.95, 34, 14141, 1252, 715, P0, 0x0000000000000020
2026/09/17 04:51:28.224, 0, 79, 133.93, 100, 14654, 1189, 715, P0, 0x0000000000000000
2026/09/17 04:51:28.227, 1, 80, 138.94, 100, 14141, 1227, 715, P0, 0x0000000000000000
2026/09/17 04:51:29.239, 0, 78, 107.85, 100, 14654, 1050, 715, P0, 0x0000000000000020
2026/09/17 04:51:29.244, 1, 79, 161.15, 100, 14141, 1278, 715, P0, 0x0000000000000000
2026/09/17 04:51:30.251, 0, 79, 124.46, 100, 14654, 1126, 715, P0, 0x0000000000000020
2026/09/17 04:51:30.254, 1, 77, 52.93, 0, 14141, 1265, 715, P0, 0x0000000000000000
2026/09/17 04:51:31.267, 0, 79, 130.62, 100, 14654, 1126, 715, P0, 0x0000000000000020
2026/09/17 04:51:31.273, 1, 79, 153.13, 100, 14141, 1265, 715, P0, 0x0000000000000000
2026/09/17 04:51:32.284, 0, 78, 53.36, 72, 14654, 1290, 715, P0, 0x0000000000000000
2026/09/17 04:51:32.288, 1, 79, 167.48, 66, 14141, 1290, 715, P0, 0x0000000000000020
2026/09/17 04:51:33.299, 0, 79, 135.79, 100, 14654, 1189, 715, P0, 0x0000000000000020
2026/09/17 04:51:33.302, 1, 80, 151.12, 100, 14141, 1227, 715, P0, 0x0000000000000020
2026/09/17 04:51:34.313, 0, 79, 142.36, 58, 14654, 1189, 715, P0, 0x0000000000000020
2026/09/17 04:51:34.315, 1, 79, 154.11, 100, 14141, 1265, 715, P0, 0x0000000000000000
2026/09/17 04:51:35.327, 0, 79, 136.39, 100, 14654, 1164, 715, P0, 0x0000000000000020
2026/09/17 04:51:35.330, 1, 78, 53.13, 0, 14141, 1252, 715, P0, 0x0000000000000000
2026/09/17 04:51:36.341, 0, 79, 138.07, 100, 14654, 1151, 715, P0, 0x0000000000000020
2026/09/17 04:51:36.344, 1, 79, 161.05, 100, 14141, 1252, 715, P0, 0x0000000000000020
2026/09/17 04:51:37.357, 0, 78, 47.90, 100, 14654, 1189, 715, P0, 0x0000000000000000
2026/09/17 04:51:37.360, 1, 78, 151.33, 9, 14141, 1227, 715, P0, 0x0000000000000000
2026/09/17 04:51:38.373, 0, 79, 130.90, 100, 14654, 1126, 715, P0, 0x0000000000000020
2026/09/17 04:51:38.382, 1, 80, 131.46, 100, 14141, 1139, 715, P0, 0x0000000000000020
2026/09/17 04:51:39.400, 0, 79, 141.44, 69, 14654, 1202, 715, P0, 0x0000000000000020
2026/09/17 04:51:39.403, 1, 79, 149.20, 100, 14141, 1215, 715, P0, 0x0000000000000020
2026/09/17 04:51:40.414, 0, 79, 112.99, 100, 14654, 1101, 715, P0, 0x0000000000000000
2026/09/17 04:51:40.423, 1, 78, 56.07, 74, 14141, 1303, 715, P0, 0x0000000000000000
2026/09/17 04:51:41.427, 0, 79, 127.56, 100, 14654, 1139, 715, P0, 0x0000000000000020
2026/09/17 04:51:41.431, 1, 80, 132.18, 100, 14141, 1189, 715, P0, 0x0000000000000000
2026/09/17 04:51:42.445, 0, 79, 117.56, 100, 14654, 1113, 715, P0, 0x0000000000000000
2026/09/17 04:51:42.448, 1, 77, 53.90, 0, 14141, 1278, 715, P0, 0x0000000000000000
2026/09/17 04:51:43.457, 0, 79, 136.90, 100, 14654, 1189, 715, P0, 0x0000000000000000
2026/09/17 04:51:43.462, 1, 80, 147.12, 100, 14141, 1189, 715, P0, 0x0000000000000020
2026/09/17 04:51:44.473, 0, 78, 53.65, 0, 14654, 1290, 715, P0, 0x0000000000000000
2026/09/17 04:51:44.476, 1, 79, 146.32, 69, 14141, 1215, 715, P0, 0x0000000000000000
2026/09/17 04:51:45.491, 0, 79, 144.08, 100, 14654, 1189, 715, P0, 0x0000000000000020
2026/09/17 04:51:45.494, 1, 79, 56.26, 76, 14141, 1303, 715, P0, 0x0000000000000000
2026/09/17 04:51:46.506, 0, 79, 120.80, 100, 14654, 1164, 715, P0, 0x0000000000000000
2026/09/17 04:51:46.509, 1, 79, 162.36, 100, 14141, 1316, 715, P0, 0x0000000000000020
2026/09/17 04:51:47.524, 0, 79, 134.45, 100, 14654, 1139, 715, P0, 0x0000000000000020
2026/09/17 04:51:47.527, 1, 77, 49.79, 0, 14141, 1189, 715, P0, 0x0000000000000000
2026/09/17 04:51:48.539, 0, 79, 132.46, 100, 14654, 1139, 715, P0, 0x0000000000000020
2026/09/17 04:51:48.542, 1, 79, 144.18, 100, 14141, 1240, 715, P0, 0x0000000000000000
2026/09/17 04:51:49.549, 0, 79, 48.87, 100, 14654, 1189, 715, P0, 0x0000000000000000
2026/09/17 04:51:49.552, 1, 78, 143.12, 10, 14141, 1227, 715, P0, 0x0000000000000000
2026/09/17 04:51:50.563, 0, 80, 139.08, 100, 14654, 1164, 715, P0, 0x0000000000000020
2026/09/17 04:51:50.566, 1, 79, 141.33, 100, 14141, 1202, 715, P0, 0x0000000000000000
2026/09/17 04:51:51.581, 0, 78, 129.15, 0, 14654, 1189, 715, P0, 0x0000000000000000
2026/09/17 04:51:51.585, 1, 79, 154.01, 100, 14141, 1265, 715, P0, 0x0000000000000000
2026/09/17 04:51:52.597, 0, 79, 133.25, 100, 14654, 1139, 715, P0, 0x0000000000000020
2026/09/17 04:51:52.605, 1, 79, 52.21, 100, 14141, 1189, 715, P0, 0x0000000000000000
2026/09/17 04:51:53.610, 0, 79, 117.95, 100, 14654, 1151, 715, P0, 0x0000000000000020
2026/09/17 04:51:53.612, 1, 79, 143.84, 100, 14141, 1227, 715, P0, 0x0000000000000000
2026/09/17 04:51:54.625, 0, 79, 126.64, 100, 14654, 1139, 715, P0, 0x0000000000000000
2026/09/17 04:51:54.627, 1, 78, 50.07, 0, 14141, 1189, 715, P0, 0x0000000000000000
2026/09/17 04:51:55.641, 0, 79, 128.96, 100, 14654, 1113, 715, P0, 0x0000000000000020
2026/09/17 04:51:55.644, 1, 79, 138.79, 100, 14141, 1215, 715, P0, 0x0000000000000000
2026/09/17 04:51:56.657, 0, 79, 128.31, 100, 14654, 1164, 715, P0, 0x0000000000000020
2026/09/17 04:51:56.664, 1, 77, 63.04, 0, 14141, 1189, 715, P0, 0x0000000000000000
2026/09/17 04:51:57.681, 0, 79, 137.96, 100, 14654, 1189, 715, P0, 0x0000000000000000
2026/09/17 04:51:57.685, 1, 79, 142.01, 100, 14141, 1227, 715, P0, 0x0000000000000000
2026/09/17 04:51:58.696, 0, 78, 48.37, 6, 14654, 1189, 715, P0, 0x0000000000000000
2026/09/17 04:51:58.700, 1, 79, 156.42, 46, 14141, 1265, 715, P0, 0x0000000000000000
2026/09/17 04:51:59.709, 0, 79, 127.36, 100, 14654, 1139, 715, P0, 0x0000000000000020
2026/09/17 04:51:59.714, 1, 79, 115.95, 100, 14141, 1164, 715, P0, 0x0000000000000000
2026/09/17 04:52:00.724, 0, 79, 127.04, 43, 14654, 1101, 715, P0, 0x0000000000000020
2026/09/17 04:52:00.730, 1, 79, 139.99, 100, 14141, 1189, 715, P0, 0x0000000000000020
2026/09/17 04:52:01.740, 0, 79, 117.89, 100, 14654, 1075, 715, P0, 0x0000000000000020
2026/09/17 04:52:01.747, 1, 78, 50.56, 27, 14141, 1189, 715, P0, 0x0000000000000000
2026/09/17 04:52:02.754, 0, 79, 134.94, 100, 14654, 1177, 715, P0, 0x0000000000000020
2026/09/17 04:52:02.757, 1, 79, 166.18, 100, 14141, 1290, 715, P0, 0x0000000000000020
2026/09/17 04:52:03.780, 0, 79, 132.12, 100, 14654, 1126, 715, P0, 0x0000000000000020
2026/09/17 04:52:03.789, 1, 77, 50.51, 0, 14141, 1202, 715, P0, 0x0000000000000000
2026/09/17 04:52:04.794, 0, 79, 129.78, 100, 14654, 1177, 715, P0, 0x0000000000000000
2026/09/17 04:52:04.797, 1, 79, 161.43, 100, 14141, 1290, 715, P0, 0x0000000000000020
2026/09/17 04:52:05.805, 0, 79, 55.15, 100, 14654, 1189, 715, P0, 0x0000000000000000
2026/09/17 04:52:05.808, 1, 77, 132.19, 0, 14141, 1215, 715, P0, 0x0000000000000000
2026/09/17 04:52:06.819, 0, 79, 128.46, 100, 14654, 1151, 715, P0, 0x0000000000000020
2026/09/17 04:52:06.827, 1, 79, 155.85, 100, 14141, 1252, 715, P0, 0x0000000000000020
2026/09/17 04:52:07.834, 0, 78, 48.41, 11, 14654, 1189, 715, P0, 0x0000000000000000
2026/09/17 04:52:07.837, 1, 78, 138.33, 47, 14141, 1189, 715, P0, 0x0000000000000020
2026/09/17 04:52:08.849, 0, 79, 131.82, 100, 14654, 1151, 715, P0, 0x0000000000000000
2026/09/17 04:52:08.852, 1, 79, 140.88, 100, 14141, 1189, 715, P0, 0x0000000000000000
2026/09/17 04:52:09.864, 0, 78, 140.09, 18, 14654, 1189, 715, P0, 0x0000000000000000
2026/09/17 04:52:09.868, 1, 79, 169.85, 100, 14141, 1278, 715, P0, 0x0000000000000020
2026/09/17 04:52:10.882, 0, 80, 128.54, 100, 14654, 1113, 715, P0, 0x0000000000000020
2026/09/17 04:52:10.889, 1, 78, 50.76, 100, 14141, 1189, 715, P0, 0x0000000000000000
2026/09/17 04:52:11.899, 0, 79, 139.13, 100, 14654, 1151, 715, P0, 0x0000000000000020
2026/09/17 04:52:11.902, 1, 79, 148.96, 100, 14141, 1227, 715, P0, 0x0000000000000000
2026/09/17 04:52:12.915, 0, 79, 133.33, 100, 14654, 1139, 715, P0, 0x0000000000000020
2026/09/17 04:52:12.918, 1, 78, 56.51, 50, 14141, 1316, 715, P0, 0x0000000000000000
2026/09/17 04:52:13.927, 0, 79, 136.87, 100, 14654, 1139, 715, P0, 0x0000000000000020
2026/09/17 04:52:13.930, 1, 80, 150.49, 100, 14141, 1252, 715, P0, 0x0000000000000020
2026/09/17 04:52:14.940, 0, 80, 132.12, 100, 14654, 1126, 715, P0, 0x0000000000000020
2026/09/17 04:52:14.949, 1, 77, 54.57, 0, 14141, 1290, 715, P0, 0x0000000000000000
2026/09/17 04:52:15.953, 0, 79, 127.53, 100, 14654, 1101, 715, P0, 0x0000000000000020
2026/09/17 04:52:15.957, 1, 79, 141.57, 100, 14141, 1227, 715, P0, 0x0000000000000020
2026/09/17 04:52:16.971, 0, 79, 64.00, 100, 14654, 1189, 715, P0, 0x0000000000000000
2026/09/17 04:52:16.973, 1, 77, 140.63, 0, 14141, 1278, 715, P0, 0x0000000000000000
2026/09/17 04:52:17.987, 0, 79, 132.46, 100, 14654, 1164, 715, P0, 0x0000000000000020
2026/09/17 04:52:17.990, 1, 80, 149.56, 100, 14141, 1252, 715, P0, 0x0000000000000000
2026/09/17 04:52:19.005, 0, 78, 52.48, 82, 14654, 1252, 715, P0, 0x0000000000000000
2026/09/17 04:52:19.008, 1, 78, 138.08, 82, 14141, 1177, 715, P0, 0x0000000000000020
2026/09/17 04:52:20.019, 0, 79, 120.40, 100, 14654, 1151, 715, P0, 0x0000000000000000
2026/09/17 04:52:20.028, 1, 79, 144.46, 100, 14141, 1227, 715, P0, 0x0000000000000000
2026/09/17 04:52:21.048, 0, 78, 136.94, 16, 14654, 1151, 715, P0, 0x0000000000000020
2026/09/17 04:52:21.051, 1, 79, 167.99, 100, 14141, 1303, 715, P0, 0x0000000000000020
2026/09/17 04:52:22.064, 0, 79, 124.16, 100, 14654, 1139, 715, P0, 0x0000000000000020
2026/09/17 04:52:22.067, 1, 79, 95.07, 100, 14141, 1189, 715, P0, 0x0000000000000000
2026/09/17 04:52:23.078, 0, 79, 140.46, 58, 14654, 1164, 715, P0, 0x0000000000000020
2026/09/17 04:52:23.087, 1, 79, 148.96, 100, 14141, 1215, 715, P0, 0x0000000000000020
2026/09/17 04:52:24.091, 0, 79, 132.14, 100, 14654, 1139, 715, P0, 0x0000000000000020
2026/09/17 04:52:24.095, 1, 78, 50.03, 100, 14141, 1189, 715, P0, 0x0000000000000000
2026/09/17 04:52:25.104, 0, 79, 125.22, 100, 14654, 1101, 715, P0, 0x0000000000000020
2026/09/17 04:52:25.108, 1, 79, 138.58, 100, 14141, 1202, 715, P0, 0x0000000000000000
2026/09/17 04:52:26.121, 0, 79, 126.12, 100, 14654, 1139, 715, P0, 0x0000000000000000
2026/09/17 04:52:26.126, 1, 78, 56.02, 74, 14141, 1303, 715, P0, 0x0000000000000000
2026/09/17 04:52:27.137, 0, 79, 134.09, 100, 14654, 1189, 715, P0, 0x0000000000000020
2026/09/17 04:52:27.147, 1, 80, 153.75, 100, 14141, 1227, 715, P0, 0x0000000000000020
2026/09/17 04:52:28.153, 0, 79, 127.32, 100, 14654, 1139, 715, P0, 0x0000000000000020
2026/09/17 04:52:28.156, 1, 78, 56.02, 0, 14141, 1316, 715, P0, 0x0000000000000000
2026/09/17 04:52:29.171, 0, 79, 139.08, 100, 14654, 1189, 715, P0, 0x0000000000000020
2026/09/17 04:52:29.175, 1, 79, 138.90, 100, 14141, 1177, 715, P0, 0x0000000000000020
2026/09/17 04:52:30.184, 0, 79, 117.65, 100, 14654, 1075, 715, P0, 0x0000000000000020
2026/09/17 04:52:30.187, 1, 77, 51.04, 0, 14141, 1215, 715, P0, 0x0000000000000000
2026/09/17 04:52:31.197, 0, 79, 128.20, 100, 14654, 1113, 715, P0, 0x0000000000000020
2026/09/17 04:52:31.200, 1, 79, 155.54, 100, 14141, 1290, 715, P0, 0x0000000000000020
2026/09/17 04:52:32.209, 0, 79, 114.05, 100, 14654, 1113, 715, P0, 0x0000000000000020
2026/09/17 04:52:32.212, 1, 77, 49.36, 0, 14141, 1189, 715, P0, 0x0000000000000000
2026/09/17 04:52:33.226, 0, 79, 133.13, 100, 14654, 1189, 715, P0, 0x0000000000000020
2026/09/17 04:52:33.230, 1, 80, 151.70, 100, 14141, 1189, 715, P0, 0x0000000000000020
2026/09/17 04:52:34.240, 0, 78, 50.99, 68, 14654, 1278, 715, P0, 0x0000000000000000
2026/09/17 04:52:34.246, 1, 78, 161.86, 5, 14141, 1278, 715, P0, 0x0000000000000000
2026/09/17 04:52:35.254, 0, 79, 128.83, 100, 14654, 1139, 715, P0, 0x0000000000000020
2026/09/17 04:52:35.258, 1, 79, 127.16, 100, 14141, 1177, 715, P0, 0x0000000000000000
2026/09/17 04:52:36.265, 0, 78, 52.69, 42, 14654, 1290, 715, P0, 0x0000000000000000
2026/09/17 04:52:36.269, 1, 78, 143.72, 31, 14141, 1189, 715, P0, 0x0000000000000000
2026/09/17 04:52:37.281, 0, 79, 133.89, 100, 14654, 1139, 715, P0, 0x0000000000000020
2026/09/17 04:52:37.287, 1, 80, 137.82, 100, 14141, 1202, 715, P0, 0x0000000000000000
2026/09/17 04:52:38.293, 0, 78, 48.38, 17, 14654, 1189, 715, P0, 0x0000000000000000
2026/09/17 04:52:38.296, 1, 79, 148.07, 59, 14141, 1215, 715, P0, 0x0000000000000020
2026/09/17 04:52:39.311, 0, 79, 131.12, 100, 14654, 1126, 715, P0, 0x0000000000000020
2026/09/17 04:52:39.314, 1, 79, 142.06, 100, 14141, 1189, 715, P0, 0x0000000000000000
2026/09/17 04:52:40.326, 0, 78, 48.14, 0, 14654, 1189, 715, P0, 0x0000000000000000
2026/09/17 04:52:40.329, 1, 79, 147.59, 81, 14141, 1252, 715, P0, 0x0000000000000000
2026/09/17 04:52:41.350, 0, 80, 139.69, 100, 14654, 1189, 715, P0, 0x0000000000000000
2026/09/17 04:52:41.353, 1, 79, 131.62, 100, 14141, 1139, 715, P0, 0x0000000000000020
2026/09/17 04:52:42.367, 0, 78, 151.50, 0, 14654, 1227, 715, P0, 0x0000000000000020
2026/09/17 04:52:42.370, 1, 79, 144.44, 100, 14141, 1227, 715, P0, 0x0000000000000000
2026/09/17 04:52:43.394, 0, 80, 137.23, 100, 14654, 1177, 715, P0, 0x0000000000000020
2026/09/17 04:52:43.397, 1, 80, 147.43, 100, 14141, 1202, 715, P0, 0x0000000000000020
2026/09/17 04:52:44.411, 0, 78, 134.48, 0, 14654, 1101, 715, P0, 0x0000000000000020
2026/09/17 04:52:44.414, 1, 79, 171.20, 100, 14141, 1303, 715, P0, 0x0000000000000020
2026/09/17 04:52:45.429, 0, 79, 117.66, 100, 14654, 1101, 715, P0, 0x0000000000000020
2026/09/17 04:52:45.432, 1, 79, 131.76, 100, 14141, 1139, 715, P0, 0x0000000000000020
2026/09/17 04:52:46.439, 0, 77, 118.27, 7, 14654, 1189, 715, P0, 0x0000000000000000
2026/09/17 04:52:46.446, 1, 78, 148.92, 100, 14141, 1252, 715, P0, 0x0000000000000000
2026/09/17 04:52:47.451, 0, 79, 126.06, 100, 14654, 1139, 715, P0, 0x0000000000000020
2026/09/17 04:52:47.454, 1, 80, 151.02, 100, 14141, 1215, 715, P0, 0x0000000000000000
2026/09/17 04:52:48.464, 0, 78, 142.73, 15, 14654, 1189, 715, P0, 0x0000000000000020
2026/09/17 04:52:48.467, 1, 79, 171.52, 100, 14141, 1316, 715, P0, 0x0000000000000000
2026/09/17 04:52:49.481, 0, 79, 134.08, 100, 14654, 1189, 715, P0, 0x0000000000000020
2026/09/17 04:52:49.488, 1, 80, 115.63, 100, 14141, 1151, 715, P0, 0x0000000000000000
2026/09/17 04:52:50.494, 0, 78, 136.26, 29, 14654, 1177, 715, P0, 0x0000000000000020
2026/09/17 04:52:50.497, 1, 79, 148.60, 100, 14141, 1227, 715, P0, 0x0000000000000020
2026/09/17 04:52:51.511, 0, 79, 135.85, 100, 14654, 1177, 715, P0, 0x0000000000000000
2026/09/17 04:52:51.514, 1, 80, 131.21, 100, 14141, 1202, 715, P0, 0x0000000000000000
2026/09/17 04:52:52.528, 0, 78, 127.41, 10, 14654, 1113, 715, P0, 0x0000000000000020
2026/09/17 04:52:52.534, 1, 79, 161.55, 100, 14141, 1252, 715, P0, 0x0000000000000020
2026/09/17 04:52:53.542, 0, 79, 128.10, 100, 14654, 1139, 715, P0, 0x0000000000000020
2026/09/17 04:52:53.550, 1, 79, 136.16, 100, 14141, 1151, 715, P0, 0x0000000000000020
2026/09/17 04:52:54.555, 0, 78, 143.09, 0, 14654, 1189, 715, P0, 0x0000000000000020
2026/09/17 04:52:54.558, 1, 79, 147.77, 100, 14141, 1202, 715, P0, 0x0000000000000020
2026/09/17 04:52:55.570, 0, 79, 142.82, 100, 14654, 1164, 715, P0, 0x0000000000000020
2026/09/17 04:52:55.573, 1, 79, 111.05, 100, 14141, 1126, 715, P0, 0x0000000000000020
2026/09/17 04:52:56.585, 0, 79, 151.60, 11, 14654, 1202, 715, P0, 0x0000000000000020
2026/09/17 04:52:56.588, 1, 79, 139.11, 100, 14141, 1189, 715, P0, 0x0000000000000020
2026/09/17 04:52:57.597, 0, 79, 128.84, 100, 14654, 1113, 715, P0, 0x0000000000000020
2026/09/17 04:52:57.605, 1, 79, 131.70, 100, 14141, 1202, 715, P0, 0x0000000000000000
2026/09/17 04:52:58.626, 0, 79, 131.69, 100, 14654, 1139, 715, P0, 0x0000000000000020
2026/09/17 04:52:58.629, 1, 79, 157.33, 100, 14141, 1252, 715, P0, 0x0000000000000020
2026/09/17 04:52:59.639, 0, 79, 131.63, 100, 14654, 1126, 715, P0, 0x0000000000000020
2026/09/17 04:52:59.645, 1, 78, 56.50, 64, 14141, 1316, 715, P0, 0x0000000000000020
2026/09/17 04:53:00.651, 0, 79, 141.93, 100, 14654, 1189, 715, P0, 0x0000000000000000
2026/09/17 04:53:00.655, 1, 79, 148.03, 100, 14141, 1252, 715, P0, 0x0000000000000000
2026/09/17 04:53:01.669, 0, 79, 124.44, 100, 14654, 1075, 715, P0, 0x0000000000000020
2026/09/17 04:53:01.674, 1, 78, 56.52, 45, 14141, 1316, 715, P0, 0x0000000000000000
2026/09/17 04:53:02.689, 0, 79, 131.48, 100, 14654, 1126, 715, P0, 0x0000000000000020
2026/09/17 04:53:02.691, 1, 79, 157.04, 100, 14141, 1265, 715, P0, 0x0000000000000000
2026/09/17 04:53:03.700, 0, 79, 131.31, 100, 14654, 1139, 715, P0, 0x0000000000000000
2026/09/17 04:53:03.705, 1, 78, 54.12, 42, 14141, 1290, 715, P0, 0x0000000000000000
2026/09/17 04:53:04.717, 0, 79, 138.91, 100, 14654, 1177, 715, P0, 0x0000000000000000
2026/09/17 04:53:04.726, 1, 79, 144.34, 100, 14141, 1202, 715, P0, 0x0000000000000000
2026/09/17 04:53:05.735, 0, 79, 126.37, 100, 14654, 1177, 715, P0, 0x0000000000000000
2026/09/17 04:53:05.746, 1, 78, 56.02, 78, 14141, 1303, 715, P0, 0x0000000000000000
2026/09/17 04:53:06.752, 0, 79, 130.43, 100, 14654, 1177, 715, P0, 0x0000000000000000
2026/09/17 04:53:06.755, 1, 79, 169.43, 100, 14141, 1265, 715, P0, 0x0000000000000020
2026/09/17 04:53:07.766, 0, 79, 137.75, 100, 14654, 1189, 715, P0, 0x0000000000000020
2026/09/17 04:53:07.769, 1, 78, 50.26, 37, 14141, 1189, 715, P0, 0x0000000000000000
2026/09/17 04:53:08.782, 0, 79, 133.16, 100, 14654, 1177, 715, P0, 0x0000000000000020
2026/09/17 04:53:08.785, 1, 79, 147.90, 100, 14141, 1202, 715, P0, 0x0000000000000020
2026/09/17 04:53:09.799, 0, 80, 131.26, 100, 14654, 1177, 715, P0, 0x0000000000000020
2026/09/17 04:53:09.806, 1, 78, 50.75, 19, 14141, 1202, 715, P0, 0x0000000000000000
2026/09/17 04:53:10.815, 0, 79, 131.70, 100, 14654, 1151, 715, P0, 0x0000000000000020
2026/09/17 04:53:10.818, 1, 80, 167.74, 100, 14141, 1278, 715, P0, 0x0000000000000020
2026/09/17 04:53:11.832, 0, 79, 126.37, 100, 14654, 1151, 715, P0, 0x0000000000000020
2026/09/17 04:53:11.835, 1, 78, 56.74, 0, 14141, 1316, 715, P0, 0x0000000000000000
2026/09/17 04:53:12.847, 0, 79, 135.95, 100, 14654, 1189, 715, P0, 0x0000000000000000
2026/09/17 04:53:12.850, 1, 79, 152.33, 100, 14141, 1252, 715, P0, 0x0000000000000000
2026/09/17 04:53:13.864, 0, 79, 129.42, 100, 14654, 1164, 715, P0, 0x0000000000000000
2026/09/17 04:53:13.869, 1, 78, 56.02, 0, 14141, 1303, 715, P0, 0x0000000000000000
2026/09/17 04:53:14.877, 0, 79, 132.55, 100, 14654, 1189, 715, P0, 0x0000000000000020
2026/09/17 04:53:14.880, 1, 80, 169.26, 100, 14141, 1290, 715, P0, 0x0000000000000020
2026/09/17 04:53:15.887, 0, 79, 121.17, 100, 14654, 1139, 715, P0, 0x0000000000000020
2026/09/17 04:53:15.890, 1, 78, 53.18, 0, 14141, 1252, 715, P0, 0x0000000000000000
2026/09/17 04:53:16.903, 0, 79, 125.09, 100, 14654, 1177, 715, P0, 0x0000000000000000
2026/09/17 04:53:16.907, 1, 79, 154.73, 100, 14141, 1252, 715, P0, 0x0000000000000020
2026/09/17 04:53:17.915, 0, 79, 126.38, 100, 14654, 1177, 715, P0, 0x0000000000000000
2026/09/17 04:53:17.918, 1, 78, 52.21, 0, 14141, 1227, 715, P0, 0x0000000000000000
2026/09/17 04:53:18.932, 0, 79, 133.15, 100, 14654, 1189, 715, P0, 0x0000000000000000
2026/09/17 04:53:18.935, 1, 79, 154.41, 100, 14141, 1265, 715, P0, 0x0000000000000000
2026/09/17 04:53:19.950, 0, 79, 116.51, 100, 14654, 1126, 715, P0, 0x0000000000000000
2026/09/17 04:53:19.952, 1, 78, 50.56, 34, 14141, 1189, 715, P0, 0x0000000000000000
2026/09/17 04:53:20.964, 0, 79, 133.72, 100, 14654, 1126, 715, P0, 0x0000000000000020
2026/09/17 04:53:20.967, 1, 79, 140.60, 100, 14141, 1227, 715, P0, 0x0000000000000000
2026/09/17 04:53:21.978, 0, 79, 110.42, 100, 14654, 1050, 715, P0, 0x0000000000000000
2026/09/17 04:53:21.988, 1, 78, 55.38, 69, 14141, 1290, 715, P0, 0x0000000000000000
2026/09/17 04:53:22.994, 0, 79, 124.29, 76, 14654, 1101, 715, P0, 0x0000000000000020
2026/09/17 04:53:22.997, 1, 79, 137.32, 100, 14141, 1202, 715, P0, 0x0000000000000000
2026/09/17 04:53:24.014, 0, 79, 124.56, 100, 14654, 1101, 715, P0, 0x0000000000000020
2026/09/17 04:53:24.017, 1, 78, 50.07, 100, 14141, 1189, 715, P0, 0x0000000000000000
2026/09/17 04:53:25.032, 0, 79, 131.48, 19, 14654, 1126, 715, P0, 0x0000000000000020
2026/09/17 04:53:25.035, 1, 79, 151.00, 100, 14141, 1227, 715, P0, 0x0000000000000020
2026/09/17 04:53:26.049, 0, 80, 132.78, 100, 14654, 1139, 715, P0, 0x0000000000000020
2026/09/17 04:53:26.057, 1, 79, 53.62, 78, 14141, 1265, 715, P0, 0x0000000000000000
2026/09/17 04:53:27.064, 0, 78, 128.22, 75, 14654, 1139, 715, P0, 0x0000000000000000
2026/09/17 04:53:27.067, 1, 79, 150.53, 100, 14141, 1227, 715, P0, 0x0000000000000020
2026/09/17 04:53:28.079, 0, 79, 131.91, 100, 14654, 1139, 715, P0, 0x0000000000000020
2026/09/17 04:53:28.087, 1, 79, 112.14, 100, 14141, 1139, 715, P0, 0x0000000000000020
2026/09/17 04:53:29.104, 0, 78, 142.78, 0, 14654, 1189, 715, P0, 0x0000000000000000
2026/09/17 04:53:29.107, 1, 79, 156.39, 100, 14141, 1290, 715, P0, 0x0000000000000020
2026/09/17 04:53:30.117, 0, 79, 135.68, 100, 14654, 1189, 715, P0, 0x0000000000000020
2026/09/17 04:53:30.123, 1, 80, 157.94, 100, 14141, 1227, 715, P0, 0x0000000000000020
2026/09/17 04:53:31.133, 0, 78, 54.62, 0, 14654, 1316, 715, P0, 0x0000000000000000
2026/09/17 04:53:31.137, 1, 79, 144.94, 100, 14141, 1240, 715, P0, 0x0000000000000000
2026/09/17 04:53:32.142, 0, 79, 125.69, 100, 14654, 1101, 715, P0, 0x0000000000000020
2026/09/17 04:53:32.146, 1, 79, 147.12, 100, 14141, 1227, 715, P0, 0x0000000000000020
2026/09/17 04:53:33.156, 0, 78, 48.10, 13, 14654, 1189, 715, P0, 0x0000000000000000
2026/09/17 04:53:33.159, 1, 79, 159.35, 98, 14141, 1252, 715, P0, 0x0000000000000020
2026/09/17 04:53:34.172, 0, 80, 139.39, 100, 14654, 1164, 715, P0, 0x0000000000000020
2026/09/17 04:53:34.175, 1, 80, 134.24, 100, 14141, 1189, 715, P0, 0x0000000000000000
2026/09/17 04:53:35.186, 0, 78, 52.50, 72, 14654, 1278, 715, P0, 0x0000000000000000
2026/09/17 04:53:35.189, 1, 78, 122.50, 39, 14141, 1113, 715, P0, 0x0000000000000020
2026/09/17 04:53:36.198, 0, 79, 133.76, 100, 14654, 1189, 715, P0, 0x0000000000000000
2026/09/17 04:53:36.204, 1, 79, 138.22, 100, 14141, 1177, 715, P0, 0x0000000000000000
2026/09/17 04:53:37.212, 0, 79, 64.79, 100, 14654, 1101, 715, P0, 0x0000000000000020
2026/09/17 04:53:37.215, 1, 77, 116.96, 0, 14141, 1189, 715, P0, 0x0000000000000000
2026/09/17 04:53:38.226, 0, 79, 131.92, 100, 14654, 1139, 715, P0, 0x0000000000000000
2026/09/17 04:53:38.230, 1, 80, 160.80, 100, 14141, 1252, 715, P0, 0x0000000000000020
2026/09/17 04:53:39.242, 0, 79, 124.06, 100, 14654, 1088, 715, P0, 0x0000000000000020
2026/09/17 04:53:39.245, 1, 77, 49.31, 0, 14141, 1189, 715, P0, 0x0000000000000000
2026/09/17 04:53:40.256, 0, 79, 131.12, 100, 14654, 1126, 715, P0, 0x0000000000000020
2026/09/17 04:53:40.259, 1, 79, 142.52, 100, 14141, 1227, 715, P0, 0x0000000000000000
2026/09/17 04:53:41.271, 0, 79, 110.02, 100, 14654, 1050, 715, P0, 0x0000000000000020
2026/09/17 04:53:41.273, 1, 77, 49.61, 0, 14141, 1189, 715, P0, 0x0000000000000000
2026/09/17 04:53:42.288, 0, 78, 124.02, 100, 14654, 1101, 715, P0, 0x0000000000000000
2026/09/17 04:53:42.291, 1, 79, 143.53, 100, 14141, 1252, 715, P0, 0x0000000000000020
2026/09/17 04:53:43.306, 0, 79, 129.72, 100, 14654, 1113, 715, P0, 0x0000000000000020
2026/09/17 04:53:43.309, 1, 78, 55.79, 52, 14141, 1316, 715, P0, 0x0000000000000020
2026/09/17 04:53:44.319, 0, 79, 132.65, 71, 14654, 1139, 715, P0, 0x0000000000000020
2026/09/17 04:53:44.325, 1, 79, 157.71, 100, 14141, 1252, 715, P0, 0x0000000000000020
2026/09/17 04:53:45.334, 0, 79, 148.53, 100, 14654, 1189, 715, P0, 0x0000000000000020
2026/09/17 04:53:45.337, 1, 79, 132.76, 100, 14141, 1177, 715, P0, 0x0000000000000020
2026/09/17 04:53:46.350, 0, 78, 124.79, 10, 14654, 1113, 715, P0, 0x0000000000000020
2026/09/17 04:53:46.354, 1, 79, 157.37, 100, 14141, 1240, 715, P0, 0x0000000000000020
2026/09/17 04:53:47.368, 0, 79, 108.85, 100, 14654, 1126, 715, P0, 0x0000000000000000
2026/09/17 04:53:47.371, 1, 79, 137.50, 100, 14141, 1164, 715, P0, 0x0000000000000020
2026/09/17 04:53:48.382, 0, 77, 48.34, 26, 14654, 1189, 715, P0, 0x0000000000000000
2026/09/17 04:53:48.385, 1, 79, 156.47, 87, 14141, 1240, 715, P0, 0x0000000000000000
2026/09/17 04:53:49.399, 0, 79, 129.43, 100, 14654, 1113, 715, P0, 0x0000000000000020
2026/09/17 04:53:49.405, 1, 80, 143.02, 100, 14141, 1126, 715, P0, 0x0000000000000020
2026/09/17 04:53:50.428, 0, 78, 48.17, 100, 14654, 1189, 715, P0, 0x0000000000000000
2026/09/17 04:53:50.434, 1, 78, 135.31, 0, 14141, 1177, 715, P0, 0x0000000000000000
2026/09/17 04:53:51.441, 0, 79, 133.89, 100, 14654, 1189, 715, P0, 0x0000000000000000
2026/09/17 04:53:51.445, 1, 79, 140.14, 100, 14141, 1189, 715, P0, 0x0000000000000020
2026/09/17 04:53:52.453, 0, 79, 131.83, 100, 14654, 1151, 715, P0, 0x0000000000000000
2026/09/17 04:53:52.456, 1, 77, 55.08, 0, 14141, 1303, 715, P0, 0x0000000000000000
2026/09/17 04:53:53.467, 0, 79, 137.51, 100, 14654, 1139, 715, P0, 0x0000000000000020
2026/09/17 04:53:53.470, 1, 79, 135.44, 100, 14141, 1189, 715, P0, 0x0000000000000000
2026/09/17 04:53:54.481, 0, 79, 104.95, 100, 14654, 923, 715, P0, 0x0000000000000020
2026/09/17 04:53:54.489, 1, 77, 55.86, 0, 14141, 1316, 715, P0, 0x0000000000000000
2026/09/17 04:53:55.511, 0, 78, 114.87, 100, 14654, 1113, 715, P0, 0x0000000000000000
2026/09/17 04:53:55.514, 1, 79, 172.66, 100, 14141, 1265, 715, P0, 0x0000000000000020
2026/09/17 04:53:56.525, 0, 79, 129.51, 100, 14654, 1101, 715, P0, 0x0000000000000020
2026/09/17 04:53:56.527, 1, 78, 50.28, 18, 14141, 1189, 715, P0, 0x0000000000000000
2026/09/17 04:53:57.542, 0, 78, 132.20, 61, 14654, 1139, 715, P0, 0x0000000000000020
2026/09/17 04:53:57.546, 1, 79, 149.80, 100, 14141, 1227, 715, P0, 0x0000000000000020
2026/09/17 04:53:58.557, 0, 79, 146.46, 100, 14654, 1202, 715, P0, 0x0000000000000020
2026/09/17 04:53:58.561, 1, 79, 140.09, 100, 14141, 1177, 715, P0, 0x0000000000000020
2026/09/17 04:53:59.573, 0, 77, 126.52, 0, 14654, 1189, 715, P0, 0x0000000000000000
2026/09/17 04:53:59.576, 1, 79, 155.23, 100, 14141, 1278, 715, P0, 0x0000000000000000
2026/09/17 04:54:00.584, 0, 79, 125.21, 100, 14654, 1101, 715, P0, 0x0000000000000020
2026/09/17 04:54:00.586, 1, 79, 144.21, 100, 14141, 1189, 715, P0, 0x0000000000000020
2026/09/17 04:54:01.598, 0, 78, 52.19, 68, 14654, 1278, 715, P0, 0x0000000000000000
2026/09/17 04:54:01.601, 1, 79, 156.23, 48, 14141, 1240, 715, P0, 0x0000000000000020
2026/09/17 04:54:02.612, 0, 79, 145.66, 100, 14654, 1189, 715, P0, 0x0000000000000020
2026/09/17 04:54:02.615, 1, 79, 138.89, 100, 14141, 1177, 715, P0, 0x0000000000000020
2026/09/17 04:54:03.626, 0, 79, 62.61, 100, 14654, 1189, 715, P0, 0x0000000000000000
2026/09/17 04:54:03.628, 1, 77, 121.20, 0, 14141, 1189, 715, P0, 0x0000000000000000
2026/09/17 04:54:04.640, 0, 79, 131.50, 100, 14654, 1126, 715, P0, 0x0000000000000000
2026/09/17 04:54:04.650, 1, 79, 150.54, 100, 14141, 1227, 715, P0, 0x0000000000000000
2026/09/17 04:54:05.656, 0, 79, 133.03, 100, 14654, 1139, 715, P0, 0x0000000000000020
2026/09/17 04:54:05.658, 1, 77, 49.55, 0, 14141, 1189, 715, P0, 0x0000000000000000
2026/09/17 04:54:06.670, 0, 80, 145.34, 100, 14654, 1164, 715, P0, 0x0000000000000020
2026/09/17 04:54:06.673, 1, 79, 162.32, 100, 14141, 1252, 715, P0, 0x0000000000000020
2026/09/17 04:54:07.683, 0, 79, 137.22, 100, 14654, 1151, 715, P0, 0x0000000000000020
2026/09/17 04:54:07.687, 1, 78, 50.03, 24, 14141, 1189, 715, P0, 0x0000000000000000
2026/09/17 04:54:08.698, 0, 79, 120.13, 100, 14654, 1164, 715, P0, 0x0000000000000000
2026/09/17 04:54:08.707, 1, 79, 163.37, 100, 14141, 1316, 715, P0, 0x0000000000000000
2026/09/17 04:54:09.716, 0, 79, 118.12, 100, 14654, 1063, 715, P0, 0x0000000000000020
2026/09/17 04:54:09.719, 1, 78, 55.11, 45, 14141, 1316, 715, P0, 0x0000000000000020
2026/09/17 04:54:10.732, 0, 78, 129.43, 42, 14654, 1151, 715, P0, 0x0000000000000000
2026/09/17 04:54:10.735, 1, 79, 149.82, 100, 14141, 1227, 715, P0, 0x0000000000000020
2026/09/17 04:54:11.746, 0, 79, 131.63, 100, 14654, 1177, 715, P0, 0x0000000000000020
2026/09/17 04:54:11.749, 1, 79, 130.49, 100, 14141, 1139, 715, P0, 0x0000000000000020
2026/09/17 04:54:12.761, 0, 78, 54.17, 0, 14654, 1303, 715, P0, 0x0000000000000000
2026/09/17 04:54:12.765, 1, 79, 137.84, 100, 14141, 1215, 715, P0, 0x0000000000000000
2026/09/17 04:54:13.779, 0, 80, 121.67, 100, 14654, 1075, 715, P0, 0x0000000000000020
2026/09/17 04:54:13.782, 1, 79, 127.72, 100, 14141, 1088, 715, P0, 0x0000000000000020
2026/09/17 04:54:14.791, 0, 78, 47.46, 99, 14654, 1189, 715, P0, 0x0000000000000000
2026/09/17 04:54:14.796, 1, 78, 120.36, 25, 14141, 1113, 715, P0, 0x0000000000000000
2026/09/17 04:54:15.806, 0, 79, 129.43, 100, 14654, 1189, 715, P0, 0x0000000000000000
2026/09/17 04:54:15.810, 1, 79, 147.43, 100, 14141, 1202, 715, P0, 0x0000000000000020
2026/09/17 04:54:16.821, 0, 79, 131.18, 100, 14654, 1101, 715, P0, 0x0000000000000020
2026/09/17 04:54:16.832, 1, 77, 52.68, 0, 14141, 1265, 715, P0, 0x0000000000000000
2026/09/17 04:54:17.837, 0, 79, 141.39, 100, 14654, 1164, 715, P0, 0x0000000000000020
2026/09/17 04:54:17.841, 1, 79, 156.49, 100, 14141, 1227, 715, P0, 0x0000000000000020
2026/09/17 04:54:18.851, 0, 79, 123.48, 100, 14654, 1113, 715, P0, 0x0000000000000020
2026/09/17 04:54:18.854, 1, 78, 56.06, 52, 14141, 1316, 715, P0, 0x0000000000000000
2026/09/17 04:54:19.865, 0, 79, 123.43, 100, 14654, 1113, 715, P0, 0x0000000000000000
2026/09/17 04:54:19.872, 1, 79, 108.57, 100, 14141, 1164, 715, P0, 0x0000000000000000
2026/09/17 04:54:20.896, 0, 79, 126.67, 100, 14654, 1101, 715, P0, 0x0000000000000020
2026/09/17 04:54:20.901, 1, 79, 131.26, 100, 14141, 1126, 715, P0, 0x0000000000000020
2026/09/17 04:54:21.907, 0, 78, 141.68, 3, 14654, 1227, 715, P0, 0x0000000000000020
2026/09/17 04:54:21.913, 1, 78, 145.75, 100, 14141, 1265, 715, P0, 0x0000000000000020
2026/09/17 04:54:22.922, 0, 79, 132.17, 100, 14654, 1139, 715, P0, 0x0000000000000020
2026/09/17 04:54:22.925, 1, 80, 159.13, 100, 14141, 1252, 715, P0, 0x0000000000000020
2026/09/17 04:54:23.941, 0, 78, 48.61, 29, 14654, 1189, 715, P0, 0x0000000000000000
2026/09/17 04:54:23.944, 1, 78, 153.46, 98, 14141, 1252, 715, P0, 0x0000000000000020
2026/09/17 04:54:24.955, 0, 79, 136.71, 100, 14654, 1177, 715, P0, 0x0000000000000020
2026/09/17 04:54:24.958, 1, 79, 138.70, 100, 14141, 1177, 715, P0, 0x0000000000000020
2026/09/17 04:54:25.970, 0, 79, 125.01, 100, 14654, 1177, 715, P0, 0x0000000000000000
2026/09/17 04:54:25.973, 1, 77, 52.44, 0, 14141, 1265, 715, P0, 0x0000000000000000
2026/09/17 04:54:26.987, 0, 80, 142.18, 100, 14654, 1189, 715, P0, 0x0000000000000020
2026/09/17 04:54:26.992, 1, 79, 143.87, 100, 14141, 1227, 715, P0, 0x0000000000000000
2026/09/17 04:54:28.001, 0, 79, 133.01, 100, 14654, 1139, 715, P0, 0x0000000000000020
2026/09/17 04:54:28.004, 1, 77, 51.71, 0, 14141, 1227, 715, P0, 0x0000000000000000
2026/09/17 04:54:29.015, 0, 79, 137.67, 100, 14654, 1189, 715, P0, 0x0000000000000020
2026/09/17 04:54:29.018, 1, 79, 147.92, 100, 14141, 1252, 715, P0, 0x0000000000000020
2026/09/17 04:54:30.032, 0, 79, 122.62, 100, 14654, 1088, 715, P0, 0x0000000000000020
2026/09/17 04:54:30.034, 1, 79, 51.25, 100, 14141, 1202, 715, P0, 0x0000000000000000
2026/09/17 04:54:31.052, 0, 78, 136.02, 0, 14654, 1177, 715, P0, 0x0000000000000000
2026/09/17 04:54:31.055, 1, 79, 149.56, 100, 14141, 1227, 715, P0, 0x0000000000000020
2026/09/17 04:54:32.069, 0, 79, 136.09, 100, 14654, 1177, 715, P0, 0x0000000000000020
2026/09/17 04:54:32.072, 1, 79, 130.51, 100, 14141, 1139, 715, P0, 0x0000000000000020
2026/09/17 04:54:33.080, 0, 78, 54.61, 0, 14654, 1316, 715, P0, 0x0000000000000000
2026/09/17 04:54:33.083, 1, 79, 156.70, 85, 14141, 1227, 715, P0, 0x0000000000000020
2026/09/17 04:54:34.099, 0, 79, 128.62, 100, 14654, 1113, 715, P0, 0x0000000000000020
2026/09/17 04:54:34.101, 1, 80, 114.49, 100, 14141, 1126, 715, P0, 0x0000000000000020
2026/09/17 04:54:35.112, 0, 79, 116.42, 100, 14654, 1164, 715, P0, 0x0000000000000020
2026/09/17 04:54:35.115, 1, 77, 72.67, 0, 14141, 1189, 715, P0, 0x0000000000000000
2026/09/17 04:54:36.128, 0, 79, 132.93, 100, 14654, 1139, 715, P0, 0x0000000000000020
2026/09/17 04:54:36.132, 1, 79, 148.13, 100, 14141, 1202, 715, P0, 0x0000000000000020
2026/09/17 04:54:37.157, 0, 79, 119.74, 100, 14654, 1075, 715, P0, 0x0000000000000020
2026/09/17 04:54:37.160, 1, 78, 49.83, 0, 14141, 1189, 715, P0, 0x0000000000000000
2026/09/17 04:54:38.174, 0, 79, 136.83, 100, 14654, 1189, 715, P0, 0x0000000000000000
2026/09/17 04:54:38.177, 1, 79, 171.77, 100, 14141, 1265, 715, P0, 0x0000000000000020
2026/09/17 04:54:39.189, 0, 79, 133.50, 100, 14654, 1139, 715, P0, 0x0000000000000000
2026/09/17 04:54:39.192, 1, 78, 54.34, 68, 14141, 1290, 715, P0, 0x0000000000000000
2026/09/17 04:54:40.206, 0, 79, 137.22, 30, 14654, 1139, 715, P0, 0x0000000000000020
2026/09/17 04:54:40.213, 1, 79, 139.41, 100, 14141, 1189, 715, P0, 0x0000000000000020
2026/09/17 04:54:41.226, 0, 79, 132.92, 100, 14654, 1189, 715, P0, 0x0000000000000020
2026/09/17 04:54:41.231, 1, 79, 146.47, 100, 14141, 1202, 715, P0, 0x0000000000000020
2026/09/17 04:54:42.240, 0, 78, 54.61, 48, 14654, 1316, 715, P0, 0x0000000000000000
2026/09/17 04:54:42.243, 1, 78, 157.66, 92, 14141, 1252, 715, P0, 0x0000000000000000
2026/09/17 04:54:43.252, 0, 79, 133.48, 100, 14654, 1151, 715, P0, 0x0000000000000020
2026/09/17 04:54:43.255, 1, 80, 149.58, 100, 14141, 1126, 715, P0, 0x0000000000000020
2026/09/17 04:54:44.268, 0, 79, 116.44, 100, 14654, 1101, 715, P0, 0x0000000000000020
2026/09/17 04:54:44.272, 1, 77, 49.36, 0, 14141, 1189, 715, P0, 0x0000000000000000
2026/09/17 04:54:45.284, 0, 79, 142.26, 100, 14654, 1177, 715, P0, 0x0000000000000020
2026/09/17 04:54:45.291, 1, 80, 157.42, 100, 14141, 1227, 715, P0, 0x0000000000000020
2026/09/17 04:54:46.298, 0, 79, 128.40, 100, 14654, 1139, 715, P0, 0x0000000000000020
2026/09/17 04:54:46.300, 1, 78, 50.06, 14, 14141, 1189, 715, P0, 0x0000000000000000
2026/09/17 04:54:47.314, 0, 79, 138.41, 100, 14654, 1139, 715, P0, 0x0000000000000020
2026/09/17 04:54:47.318, 1, 79, 149.34, 100, 14141, 1240, 715, P0, 0x0000000000000000
2026/09/17 04:54:48.326, 0, 79, 132.66, 100, 14654, 1139, 715, P0, 0x0000000000000020
2026/09/17 04:54:48.331, 1, 79, 117.35, 100, 14141, 1164, 715, P0, 0x0000000000000000
2026/09/17 04:54:49.342, 0, 78, 136.06, 0, 14654, 1189, 715, P0, 0x0000000000000020
2026/09/17 04:54:49.351, 1, 79, 137.99, 100, 14141, 1189, 715, P0, 0x0000000000000000
2026/09/17 04:54:50.357, 0, 79, 123.39, 100, 14654, 1101, 715, P0, 0x0000000000000020
2026/09/17 04:54:50.367, 1, 79, 137.23, 100, 14141, 1215, 715, P0, 0x0000000000000000
2026/09/17 04:54:51.383, 0, 78, 48.13, 100, 14654, 1189, 715, P0, 0x0000000000000000
2026/09/17 04:54:51.387, 1, 78, 156.98, 34, 14141, 1265, 715, P0, 0x0000000000000000
2026/09/17 04:54:52.398, 0, 79, 140.00, 100, 14654, 1164, 715, P0, 0x0000000000000020
2026/09/17 04:54:52.401, 1, 79, 151.40, 100, 14141, 1252, 715, P0, 0x0000000000000020
2026/09/17 04:54:53.415, 0, 79, 123.80, 100, 14654, 1101, 715, P0, 0x0000000000000020
2026/09/17 04:54:53.418, 1, 77, 54.86, 0, 14141, 1290, 715, P0, 0x0000000000000000
2026/09/17 04:54:54.430, 0, 79, 134.94, 100, 14654, 1189, 715, P0, 0x0000000000000020
2026/09/17 04:54:54.433, 1, 79, 165.45, 100, 14141, 1265, 715, P0, 0x0000000000000020
2026/09/17 04:54:55.446, 0, 80, 139.01, 100, 14654, 1139, 715, P0, 0x0000000000000020
2026/09/17 04:54:55.449, 1, 78, 51.71, 86, 14141, 1227, 715, P0, 0x0000000000000000
2026/09/17 04:54:56.464, 0, 78, 143.11, 0, 14654, 1164, 715, P0, 0x0000000000000020
2026/09/17 04:54:56.471, 1, 79, 144.31, 100, 14141, 1189, 715, P0, 0x0000000000000020
2026/09/17 04:54:57.478, 0, 79, 132.93, 100, 14654, 1139, 715, P0, 0x0000000000000000
2026/09/17 04:54:57.481, 1, 79, 142.43, 100, 14141, 1215, 715, P0, 0x0000000000000000
2026/09/17 04:54:58.494, 0, 78, 48.13, 33, 14654, 1189, 715, P0, 0x0000000000000000
2026/09/17 04:54:58.498, 1, 78, 143.03, 14, 14141, 1189, 715, P0, 0x0000000000000000
2026/09/17 04:54:59.509, 0, 79, 121.99, 100, 14654, 1101, 715, P0, 0x0000000000000000
2026/09/17 04:54:59.514, 1, 80, 157.95, 100, 14141, 1202, 715, P0, 0x0000000000000020
2026/09/17 04:55:00.525, 0, 79, 123.35, 100, 14654, 1101, 715, P0, 0x0000000000000020
2026/09/17 04:55:00.527, 1, 77, 49.59, 0, 14141, 1189, 715, P0, 0x0000000000000000
2026/09/17 04:55:01.543, 0, 79, 137.85, 100, 14654, 1189, 715, P0, 0x0000000000000000
2026/09/17 04:55:01.550, 1, 79, 154.69, 100, 14141, 1227, 715, P0, 0x0000000000000020
2026/09/17 04:55:02.572, 0, 79, 115.01, 100, 14654, 1050, 715, P0, 0x0000000000000020
2026/09/17 04:55:02.576, 1, 78, 52.02, 55, 14141, 1303, 715, P0, 0x0000000000000000
2026/09/17 04:55:03.587, 0, 78, 138.54, 0, 14654, 1164, 715, P0, 0x0000000000000020
2026/09/17 04:55:03.592, 1, 79, 153.74, 100, 14141, 1227, 715, P0, 0x0000000000000020
2026/09/17 04:55:04.600, 0, 79, 133.16, 100, 14654, 1139, 715, P0, 0x0000000000000000
2026/09/17 04:55:04.609, 1, 79, 149.51, 100, 14141, 1252, 715, P0, 0x0000000000000020
2026/09/17 04:55:05.630, 0, 78, 48.10, 100, 14654, 1189, 715, P0, 0x0000000000000000
2026/09/17 04:55:05.633, 1, 78, 163.55, 35, 14141, 1265, 715, P0, 0x0000000000000000
2026/09/17 04:55:06.644, 0, 79, 105.93, 100, 14654, 1139, 715, P0, 0x0000000000000000
2026/09/17 04:55:06.650, 1, 79, 130.33, 100, 14141, 1164, 715, P0, 0x0000000000000020
2026/09/17 04:55:07.658, 0, 80, 128.28, 100, 14654, 1113, 715, P0, 0x0000000000000020
2026/09/17 04:55:07.662, 1, 77, 56.02, 0, 14141, 1316, 715, P0, 0x0000000000000000
2026/09/17 04:55:08.672, 0, 79, 116.81, 100, 14654, 1151, 715, P0, 0x0000000000000000
2026/09/17 04:55:08.677, 1, 79, 158.58, 100, 14141, 1252, 715, P0, 0x0000000000000020
2026/09/17 04:55:09.685, 0, 79, 123.09, 100, 14654, 1101, 715, P0, 0x0000000000000020
2026/09/17 04:55:09.688, 1, 79, 52.22, 100, 14141, 1189, 715, P0, 0x0000000000000000
2026/09/17 04:55:10.701, 0, 77, 47.88, 0, 14654, 1189, 715, P0, 0x0000000000000000
2026/09/17 04:55:10.705, 1, 79, 154.66, 100, 14141, 1252, 715, P0, 0x0000000000000000
2026/09/17 04:55:11.712, 0, 80, 133.06, 100, 14654, 1101, 715, P0, 0x0000000000000020
2026/09/17 04:55:11.715, 1, 79, 134.13, 100, 14141, 1189, 715, P0, 0x0000000000000000
2026/09/17 04:55:12.725, 0, 79, 108.23, 100, 14654, 1139, 715, P0, 0x0000000000000020
2026/09/17 04:55:12.729, 1, 77, 78.20, 0, 14141, 1252, 715, P0, 0x0000000000000000
2026/09/17 04:55:13.738, 0, 79, 130.62, 100, 14654, 1126, 715, P0, 0x0000000000000020
2026/09/17 04:55:13.742, 1, 79, 146.56, 100, 14141, 1189, 715, P0, 0x0000000000000020
2026/09/17 04:55:14.752, 0, 79, 136.39, 100, 14654, 1189, 715, P0, 0x0000000000000020
2026/09/17 04:55:14.755, 1, 78, 50.03, 39, 14141, 1189, 715, P0, 0x0000000000000000
2026/09/17 04:55:15.764, 0, 79, 142.97, 100, 14654, 1189, 715, P0, 0x0000000000000020
2026/09/17 04:55:15.768, 1, 79, 155.30, 100, 14141, 1240, 715, P0, 0x0000000000000000
2026/09/17 04:55:16.780, 0, 79, 133.89, 100, 14654, 1139, 715, P0, 0x0000000000000020
2026/09/17 04:55:16.791, 1, 79, 145.78, 100, 14141, 1177, 715, P0, 0x0000000000000020
2026/09/17 04:55:17.798, 0, 78, 48.10, 0, 14654, 1189, 715, P0, 0x0000000000000000
2026/09/17 04:55:17.801, 1, 79, 163.79, 100, 14141, 1252, 715, P0, 0x0000000000000020
2026/09/17 04:55:18.811, 0, 79, 134.70, 100, 14654, 1164, 715, P0, 0x0000000000000000
2026/09/17 04:55:18.814, 1, 79, 135.91, 100, 14141, 1151, 715, P0, 0x0000000000000020
2026/09/17 04:55:19.825, 0, 79, 131.90, 100, 14654, 1113, 715, P0, 0x0000000000000020
2026/09/17 04:55:19.828, 1, 77, 49.79, 0, 14141, 1202, 715, P0, 0x0000000000000000
2026/09/17 04:55:20.836, 0, 79, 150.05, 100, 14654, 1202, 715, P0, 0x0000000000000020
2026/09/17 04:55:20.839, 1, 80, 150.36, 100, 14141, 1227, 715, P0, 0x0000000000000020
2026/09/17 04:55:21.847, 0, 79, 127.10, 100, 14654, 1075, 715, P0, 0x0000000000000020
2026/09/17 04:55:21.850, 1, 78, 52.45, 42, 14141, 1252, 715, P0, 0x0000000000000000
2026/09/17 04:55:22.863, 0, 79, 137.84, 0, 14654, 1164, 715, P0, 0x0000000000000020
2026/09/17 04:55:22.870, 1, 79, 149.30, 100, 14141, 1227, 715, P0, 0x0000000000000020
2026/09/17 04:55:23.876, 0, 79, 132.21, 100, 14654, 1126, 715, P0, 0x0000000000000020
2026/09/17 04:55:23.881, 1, 79, 143.46, 100, 14141, 1164, 715, P0, 0x0000000000000020
2026/09/17 04:55:24.887, 0, 78, 47.88, 27, 14654, 1189, 715, P0, 0x0000000000000000
2026/09/17 04:55:24.891, 1, 78, 150.37, 36, 14141, 1227, 715, P0, 0x0000000000000020
2026/09/17 04:55:25.901, 0, 79, 124.40, 100, 14654, 1088, 715, P0, 0x0000000000000020
2026/09/17 04:55:25.910, 1, 80, 150.58, 100, 14141, 1252, 715, P0, 0x0000000000000020
2026/09/17 04:55:26.916, 0, 79, 127.56, 100, 14654, 1139, 715, P0, 0x0000000000000020
2026/09/17 04:55:26.919, 1, 78, 56.05, 0, 14141, 1316, 715, P0, 0x0000000000000000
2026/09/17 04:55:27.929, 0, 79, 141.53, 100, 14654, 1139, 715, P0, 0x0000000000000020
2026/09/17 04:55:27.932, 1, 79, 142.26, 100, 14141, 1227, 715, P0, 0x0000000000000000
2026/09/17 04:55:28.943, 0, 79, 122.40, 100, 14654, 1088, 715, P0, 0x0000000000000020
2026/09/17 04:55:28.954, 1, 79, 122.10, 100, 14141, 1101, 715, P0, 0x0000000000000000
2026/09/17 04:55:29.973, 0, 78, 52.72, 0, 14654, 1278, 715, P0, 0x0000000000000000
2026/09/17 04:55:29.977, 1, 79, 139.04, 90, 14141, 1164, 715, P0, 0x0000000000000020
2026/09/17 04:55:30.986, 0, 77, 47.90, 0, 14654, 1189, 715, P0, 0x0000000000000000
2026/09/17 04:55:30.989, 1, 79, 136.01, 99, 14141, 1164, 715, P0, 0x0000000000000020
2026/09/17 04:55:32.003, 0, 77, 142.76, 4, 14654, 1189, 715, P0, 0x0000000000000000
2026/09/17 04:55:32.008, 1, 78, 50.74, 98, 14141, 1202, 715, P0, 0x0000000000000000
2026/09/17 04:55:33.017, 0, 80, 159.15, 100, 14654, 1240, 715, P0, 0x0000000000000020
2026/09/17 04:55:33.020, 1, 76, 49.01, 0, 14141, 1202, 715, P0, 0x0000000000000000
2026/09/17 04:55:34.033, 0, 78, 54.80, 46, 14654, 1316, 715, P0, 0x0000000000000000
2026/09/17 04:55:34.037, 1, 77, 169.62, 100, 14141, 1328, 715, P0, 0x0000000000000000
2026/09/17 04:55:35.047, 0, 76, 53.35, 0, 14654, 1316, 715, P0, 0x0000000000000000
2026/09/17 04:55:35.050, 1, 80, 176.43, 100, 14141, 1303, 715, P0, 0x0000000000000020
2026/09/17 04:55:36.060, 0, 77, 93.52, 44, 14654, 1328, 715, P0, 0x0000000000000000
2026/09/17 04:55:36.063, 1, 78, 120.84, 50, 14141, 1328, 715, P0, 0x0000000000000000
2026/09/17 04:55:37.069, 0, 78, 123.56, 41, 14654, 1328, 715, P0, 0x0000000000000000
2026/09/17 04:55:37.072, 1, 78, 89.50, 51, 14141, 1328, 715, P0, 0x0000000000000000
2026/09/17 04:55:38.078, 0, 78, 83.37, 42, 14654, 1328, 715, P0, 0x0000000000000000
2026/09/17 04:55:38.082, 1, 78, 132.01, 47, 14141, 1328, 715, P0, 0x0000000000000000
2026/09/17 04:55:39.093, 0, 78, 91.99, 41, 14654, 1328, 715, P0, 0x0000000000000000
2026/09/17 04:55:39.097, 1, 78, 135.46, 51, 14141, 1328, 715, P0, 0x0000000000000000
2026/09/17 04:55:40.108, 0, 77, 58.17, 0, 14654, 1328, 715, P0, 0x0000000000000000
2026/09/17 04:55:40.111, 1, 77, 59.11, 0, 14141, 1328, 715, P0, 0x0000000000000000
2026/09/17 04:55:41.120, 0, 79, 174.75, 100, 14654, 1303, 715, P0, 0x0000000000000020
2026/09/17 04:55:41.123, 1, 76, 58.05, 7, 14141, 1328, 715, P0, 0x0000000000000000
2026/09/17 04:55:42.140, 0, 79, 152.03, 100, 14654, 1240, 715, P0, 0x0000000000000000
2026/09/17 04:55:42.143, 1, 76, 57.87, 0, 14141, 1328, 715, P0, 0x0000000000000000
2026/09/17 04:55:43.153, 0, 79, 164.01, 100, 14654, 1227, 715, P0, 0x0000000000000020
2026/09/17 04:55:43.156, 1, 79, 180.70, 100, 14141, 1328, 715, P0, 0x0000000000000000
2026/09/17 04:55:44.167, 0, 79, 125.45, 100, 14654, 1101, 715, P0, 0x0000000000000020
2026/09/17 04:55:44.175, 1, 79, 145.64, 100, 14141, 1252, 715, P0, 0x0000000000000000
2026/09/17 04:55:45.196, 0, 77, 51.22, 0, 14654, 1252, 715, P0, 0x0000000000000000
2026/09/17 04:55:45.199, 1, 79, 174.93, 100, 14141, 1328, 715, P0, 0x0000000000000000
2026/09/17 04:55:46.209, 0, 79, 131.62, 100, 14654, 1139, 715, P0, 0x0000000000000020
2026/09/17 04:55:46.214, 1, 79, 127.90, 100, 14141, 1189, 715, P0, 0x0000000000000000
2026/09/17 04:55:47.223, 0, 79, 134.22, 100, 14654, 1189, 715, P0, 0x0000000000000000
2026/09/17 04:55:47.227, 1, 76, 48.81, 0, 14141, 1189, 715, P0, 0x0000000000000000
2026/09/17 04:55:48.242, 0, 79, 149.04, 100, 14654, 1202, 715, P0, 0x0000000000000020
2026/09/17 04:55:48.244, 1, 80, 167.05, 100, 14141, 1290, 715, P0, 0x0000000000000020
2026/09/17 04:55:49.256, 0, 79, 135.41, 100, 14654, 1177, 715, P0, 0x0000000000000000
2026/09/17 04:55:49.259, 1, 78, 56.25, 0, 14141, 1316, 715, P0, 0x0000000000000000
2026/09/17 04:55:50.271, 0, 79, 140.65, 59, 14654, 1189, 715, P0, 0x0000000000000000
2026/09/17 04:55:50.274, 1, 79, 162.80, 100, 14141, 1252, 715, P0, 0x0000000000000020
2026/09/17 04:55:51.288, 0, 79, 116.48, 100, 14654, 1101, 715, P0, 0x0000000000000020
2026/09/17 04:55:51.299, 1, 79, 128.99, 100, 14141, 1126, 715, P0, 0x0000000000000020
2026/09/17 04:55:52.304, 0, 78, 52.23, 72, 14654, 1278, 715, P0, 0x0000000000000000
2026/09/17 04:55:52.307, 1, 78, 144.20, 93, 14141, 1189, 715, P0, 0x0000000000000020
2026/09/17 04:55:53.318, 0, 79, 136.10, 100, 14654, 1189, 715, P0, 0x0000000000000000
2026/09/17 04:55:53.321, 1, 79, 152.32, 100, 14141, 1227, 715, P0, 0x0000000000000020
2026/09/17 04:55:54.338, 0, 79, 134.44, 100, 14654, 1139, 715, P0, 0x0000000000000020
2026/09/17 04:55:54.342, 1, 77, 55.28, 0, 14141, 1303, 715, P0, 0x0000000000000000
2026/09/17 04:55:55.354, 0, 79, 150.52, 100, 14654, 1227, 715, P0, 0x0000000000000000
2026/09/17 04:55:55.357, 1, 80, 164.93, 100, 14141, 1252, 715, P0, 0x0000000000000020
2026/09/17 04:55:56.373, 0, 79, 133.11, 100, 14654, 1139, 715, P0, 0x0000000000000000
2026/09/17 04:55:56.376, 1, 78, 50.51, 100, 14141, 1189, 715, P0, 0x0000000000000000
2026/09/17 04:55:57.389, 0, 78, 151.21, 10, 14654, 1215, 715, P0, 0x0000000000000020
2026/09/17 04:55:57.398, 1, 79, 167.44, 100, 14141, 1265, 715, P0, 0x0000000000000020
2026/09/17 04:55:58.406, 0, 80, 135.33, 100, 14654, 1113, 715, P0, 0x0000000000000020
2026/09/17 04:55:58.409, 1, 79, 140.70, 100, 14141, 1189, 715, P0, 0x0000000000000000
2026/09/17 04:55:59.421, 0, 79, 49.55, 100, 14654, 1189, 715, P0, 0x0000000000000000
2026/09/17 04:55:59.424, 1, 78, 157.46, 0, 14141, 1290, 715, P0, 0x0000000000000020
2026/09/17 04:56:00.437, 0, 79, 133.52, 100, 14654, 1139, 715, P0, 0x0000000000000020
2026/09/17 04:56:00.440, 1, 79, 131.85, 100, 14141, 1215, 715, P0, 0x0000000000000000
2026/09/17 04:56:01.453, 0, 80, 136.75, 100, 14654, 1189, 715, P0, 0x0000000000000020
2026/09/17 04:56:01.455, 1, 78, 56.73, 0, 14141, 1316, 715, P0, 0x0000000000000000
2026/09/17 04:56:02.467, 0, 79, 149.02, 72, 14654, 1202, 715, P0, 0x0000000000000020
2026/09/17 04:56:02.475, 1, 80, 175.85, 100, 14141, 1290, 715, P0, 0x0000000000000020
2026/09/17 04:56:03.486, 0, 79, 135.93, 100, 14654, 1189, 715, P0, 0x0000000000000020
2026/09/17 04:56:03.490, 1, 79, 125.06, 100, 14141, 1126, 715, P0, 0x0000000000000020
2026/09/17 04:56:04.505, 0, 78, 54.13, 57, 14654, 1303, 715, P0, 0x0000000000000000
2026/09/17 04:56:04.508, 1, 79, 145.64, 100, 14141, 1202, 715, P0, 0x0000000000000020
2026/09/17 04:56:05.518, 0, 79, 137.26, 100, 14654, 1202, 715, P0, 0x0000000000000020
2026/09/17 04:56:05.521, 1, 79, 146.46, 100, 14141, 1202, 715, P0, 0x0000000000000020
2026/09/17 04:56:06.536, 0, 79, 114.28, 100, 14654, 1050, 715, P0, 0x0000000000000020
2026/09/17 04:56:06.539, 1, 77, 52.01, 0, 14141, 1240, 715, P0, 0x0000000000000000
2026/09/17 04:56:07.548, 0, 79, 123.43, 100, 14654, 1088, 715, P0, 0x0000000000000020
2026/09/17 04:56:07.551, 1, 80, 160.26, 100, 14141, 1278, 715, P0, 0x0000000000000000
2026/09/17 04:56:08.561, 0, 79, 124.02, 100, 14654, 1139, 715, P0, 0x0000000000000020
2026/09/17 04:56:08.564, 1, 79, 141.20, 100, 14141, 1189, 715, P0, 0x0000000000000000
2026/09/17 04:56:09.577, 0, 78, 50.99, 0, 14654, 1240, 715, P0, 0x0000000000000000
2026/09/17 04:56:09.580, 1, 79, 163.54, 90, 14141, 1252, 715, P0, 0x0000000000000020
2026/09/17 04:56:10.588, 0, 80, 147.55, 100, 14654, 1215, 715, P0, 0x0000000000000020
2026/09/17 04:56:10.591, 1, 80, 146.66, 100, 14141, 1202, 715, P0, 0x0000000000000020
2026/09/17 04:56:11.604, 0, 80, 128.54, 100, 14654, 1113, 715, P0, 0x0000000000000020
2026/09/17 04:56:11.607, 1, 77, 49.55, 0, 14141, 1189, 715, P0, 0x0000000000000000
2026/09/17 04:56:12.616, 0, 79, 130.16, 100, 14654, 1189, 715, P0, 0x0000000000000020
2026/09/17 04:56:12.622, 1, 79, 140.26, 100, 14141, 1202, 715, P0, 0x0000000000000000
2026/09/17 04:56:13.645, 0, 79, 129.91, 100, 14654, 1113, 715, P0, 0x0000000000000020
2026/09/17 04:56:13.648, 1, 79, 142.29, 100, 14141, 1189, 715, P0, 0x0000000000000020
2026/09/17 04:56:14.660, 0, 77, 48.10, 0, 14654, 1189, 715, P0, 0x0000000000000000
2026/09/17 04:56:14.663, 1, 79, 166.89, 100, 14141, 1265, 715, P0, 0x0000000000000020
2026/09/17 04:56:15.672, 0, 79, 133.74, 100, 14654, 1189, 715, P0, 0x0000000000000020
2026/09/17 04:56:15.676, 1, 79, 143.24, 100, 14141, 1189, 715, P0, 0x0000000000000020
2026/09/17 04:56:16.687, 0, 79, 124.07, 100, 14654, 1101, 715, P0, 0x0000000000000020
2026/09/17 04:56:16.690, 1, 77, 49.58, 0, 14141, 1189, 715, P0, 0x0000000000000000
2026/09/17 04:56:17.700, 0, 79, 120.99, 100, 14654, 1189, 715, P0, 0x0000000000000000
2026/09/17 04:56:17.703, 1, 79, 166.47, 100, 14141, 1316, 715, P0, 0x0000000000000020
2026/09/17 04:56:18.720, 0, 79, 131.35, 100, 14654, 1126, 715, P0, 0x0000000000000020
2026/09/17 04:56:18.724, 1, 80, 137.36, 100, 14141, 1189, 715, P0, 0x0000000000000000
2026/09/17 04:56:19.734, 0, 77, 48.14, 0, 14654, 1189, 715, P0, 0x0000000000000000
2026/09/17 04:56:19.737, 1, 79, 145.91, 100, 14141, 1252, 715, P0, 0x0000000000000000
2026/09/17 04:56:20.749, 0, 79, 150.43, 100, 14654, 1215, 715, P0, 0x0000000000000020
2026/09/17 04:56:20.752, 1, 79, 139.83, 100, 14141, 1189, 715, P0, 0x0000000000000000
2026/09/17 04:56:21.765, 0, 79, 116.66, 100, 14654, 1063, 715, P0, 0x0000000000000020
2026/09/17 04:56:21.768, 1, 77, 56.32, 0, 14141, 1316, 715, P0, 0x0000000000000000
2026/09/17 04:56:22.783, 0, 79, 131.02, 100, 14654, 1177, 715, P0, 0x0000000000000020
2026/09/17 04:56:22.786, 1, 79, 147.89, 100, 14141, 1202, 715, P0, 0x0000000000000020
2026/09/17 04:56:23.811, 0, 79, 125.73, 100, 14654, 1101, 715, P0, 0x0000000000000020
2026/09/17 04:56:23.815, 1, 79, 126.78, 100, 14141, 1189, 715, P0, 0x0000000000000000
2026/09/17 04:56:24.824, 0, 78, 52.64, 0, 14654, 1278, 715, P0, 0x0000000000000000
2026/09/17 04:56:24.827, 1, 79, 157.16, 100, 14141, 1278, 715, P0, 0x0000000000000020
2026/09/17 04:56:25.836, 0, 79, 134.69, 100, 14654, 1151, 715, P0, 0x0000000000000020
2026/09/17 04:56:25.840, 1, 80, 146.71, 100, 14141, 1202, 715, P0, 0x0000000000000000
2026/09/17 04:56:26.853, 0, 79, 131.42, 100, 14654, 1113, 715, P0, 0x0000000000000020
2026/09/17 04:56:26.856, 1, 77, 49.54, 0, 14141, 1189, 715, P0, 0x0000000000000000
2026/09/17 04:56:27.869, 0, 79, 123.78, 100, 14654, 1151, 715, P0, 0x0000000000000020
2026/09/17 04:56:27.872, 1, 79, 138.35, 100, 14141, 1202, 715, P0, 0x0000000000000000
2026/09/17 04:56:28.881, 0, 79, 126.67, 100, 14654, 1139, 715, P0, 0x0000000000000000
2026/09/17 04:56:28.888, 1, 79, 132.20, 100, 14141, 1139, 715, P0, 0x0000000000000020
2026/09/17 04:56:29.896, 0, 78, 54.84, 45, 14654, 1316, 715, P0, 0x0000000000000000
2026/09/17 04:56:29.899, 1, 79, 159.31, 100, 14141, 1227, 715, P0, 0x0000000000000020
2026/09/17 04:56:30.911, 0, 79, 115.35, 100, 14654, 1151, 715, P0, 0x0000000000000000
2026/09/17 04:56:30.914, 1, 79, 119.83, 100, 14141, 1101, 715, P0, 0x0000000000000020
2026/09/17 04:56:31.927, 0, 79, 120.93, 100, 14654, 1075, 715, P0, 0x0000000000000020
2026/09/17 04:56:31.932, 1, 77, 55.35, 0, 14141, 1303, 715, P0, 0x0000000000000000
2026/09/17 04:56:32.943, 0, 79, 131.58, 100, 14654, 1139, 715, P0, 0x0000000000000020
2026/09/17 04:56:32.949, 1, 79, 140.61, 100, 14141, 1177, 715, P0, 0x0000000000000020
2026/09/17 04:56:33.961, 0, 79, 128.24, 100, 14654, 1189, 715, P0, 0x0000000000000020
2026/09/17 04:56:33.970, 1, 79, 144.68, 100, 14141, 1189, 715, P0, 0x0000000000000020
2026/09/17 04:56:34.979, 0, 78, 52.92, 57, 14654, 1290, 715, P0, 0x0000000000000000
2026/09/17 04:56:34.982, 1, 78, 153.93, 23, 14141, 1227, 715, P0, 0x0000000000000000
2026/09/17 04:56:35.996, 0, 79, 131.84, 100, 14654, 1139, 715, P0, 0x0000000000000000
2026/09/17 04:56:35.999, 1, 79, 132.91, 100, 14141, 1189, 715, P0, 0x0000000000000000
2026/09/17 04:56:37.012, 0, 79, 117.88, 100, 14654, 1101, 715, P0, 0x0000000000000020
2026/09/17 04:56:37.015, 1, 78, 54.15, 7, 14141, 1265, 715, P0, 0x0000000000000000
2026/09/17 04:56:38.029, 0, 78, 129.05, 49, 14654, 1126, 715, P0, 0x0000000000000020
2026/09/17 04:56:38.032, 1, 80, 164.14, 100, 14141, 1265, 715, P0, 0x0000000000000000
2026/09/17 04:56:39.038, 0, 79, 126.92, 100, 14654, 1113, 715, P0, 0x0000000000000000
2026/09/17 04:56:39.041, 1, 79, 134.53, 100, 14141, 1177, 715, P0, 0x0000000000000020
2026/09/17 04:56:40.052, 0, 79, 132.14, 100, 14654, 1177, 715, P0, 0x0000000000000000
2026/09/17 04:56:40.055, 1, 77, 49.06, 0, 14141, 1189, 715, P0, 0x0000000000000000
2026/09/17 04:56:41.063, 0, 79, 146.34, 100, 14654, 1189, 715, P0, 0x0000000000000020
2026/09/17 04:56:41.073, 1, 79, 146.42, 100, 14141, 1202, 715, P0, 0x0000000000000020
2026/09/17 04:56:42.081, 0, 79, 118.37, 100, 14654, 1075, 715, P0, 0x0000000000000000
2026/09/17 04:56:42.084, 1, 79, 50.32, 100, 14141, 1189, 715, P0, 0x0000000000000000
2026/09/17 04:56:43.095, 0, 77, 48.38, 0, 14654, 1189, 715, P0, 0x0000000000000000
2026/09/17 04:56:43.098, 1, 79, 145.19, 100, 14141, 1265, 715, P0, 0x0000000000000000
2026/09/17 04:56:44.126, 0, 79, 132.95, 100, 14654, 1139, 715, P0, 0x0000000000000020
2026/09/17 04:56:44.133, 1, 80, 138.78, 100, 14141, 1151, 715, P0, 0x0000000000000020
2026/09/17 04:56:45.153, 0, 79, 115.01, 100, 14654, 1050, 715, P0, 0x0000000000000000
2026/09/17 04:56:45.156, 1, 77, 50.56, 0, 14141, 1215, 715, P0, 0x0000000000000000
2026/09/17 04:56:46.168, 0, 79, 134.11, 100, 14654, 1139, 715, P0, 0x0000000000000020
2026/09/17 04:56:46.174, 1, 80, 156.85, 100, 14141, 1240, 715, P0, 0x0000000000000020
2026/09/17 04:56:47.183, 0, 79, 128.62, 100, 14654, 1113, 715, P0, 0x0000000000000020
2026/09/17 04:56:47.191, 1, 79, 96.92, 100, 14141, 1189, 715, P0, 0x0000000000000000
2026/09/17 04:56:48.202, 0, 77, 47.92, 0, 14654, 1189, 715, P0, 0x0000000000000000
2026/09/17 04:56:48.208, 1, 79, 142.56, 100, 14141, 1252, 715, P0, 0x0000000000000000
2026/09/17 04:56:49.216, 0, 79, 144.12, 100, 14654, 1202, 715, P0, 0x0000000000000020
2026/09/17 04:56:49.220, 1, 79, 139.15, 100, 14141, 1177, 715, P0, 0x0000000000000020
2026/09/17 04:56:50.230, 0, 80, 116.43, 100, 14654, 1012, 715, P0, 0x0000000000000020
2026/09/17 04:56:50.234, 1, 77, 53.91, 0, 14141, 1278, 715, P0, 0x0000000000000000
2026/09/17 04:56:51.246, 0, 79, 106.43, 100, 14654, 1088, 715, P0, 0x0000000000000000
2026/09/17 04:56:51.253, 1, 79, 150.28, 100, 14141, 1227, 715, P0, 0x0000000000000000
2026/09/17 04:56:52.275, 0, 79, 125.24, 100, 14654, 1139, 715, P0, 0x0000000000000020
2026/09/17 04:56:52.278, 1, 79, 138.58, 100, 14141, 1164, 715, P0, 0x0000000000000020
2026/09/17 04:56:53.290, 0, 78, 54.85, 45, 14654, 1316, 715, P0, 0x0000000000000000
2026/09/17 04:56:53.294, 1, 79, 157.42, 43, 14141, 1252, 715, P0, 0x0000000000000020
2026/09/17 04:56:54.307, 0, 79, 131.56, 100, 14654, 1126, 715, P0, 0x0000000000000020
2026/09/17 04:56:54.316, 1, 79, 144.93, 100, 14141, 1202, 715, P0, 0x0000000000000020
2026/09/17 04:56:55.323, 0, 79, 126.95, 100, 14654, 1126, 715, P0, 0x0000000000000020
2026/09/17 04:56:55.326, 1, 78, 49.79, 0, 14141, 1189, 715, P0, 0x0000000000000000
2026/09/17 04:56:56.337, 0, 78, 127.98, 35, 14654, 1113, 715, P0, 0x0000000000000020
2026/09/17 04:56:56.340, 1, 79, 149.36, 100, 14141, 1215, 715, P0, 0x0000000000000020
2026/09/17 04:56:57.355, 0, 79, 138.30, 100, 14654, 1139, 715, P0, 0x0000000000000020
2026/09/17 04:56:57.358, 1, 79, 155.86, 100, 14141, 1227, 715, P0, 0x0000000000000020
2026/09/17 04:56:58.372, 0, 79, 49.35, 87, 14654, 1189, 715, P0, 0x0000000000000000
2026/09/17 04:56:58.375, 1, 77, 140.89, 1, 14141, 1215, 715, P0, 0x0000000000000000
2026/09/17 04:56:59.385, 0, 79, 132.41, 100, 14654, 1139, 715, P0, 0x0000000000000020
2026/09/17 04:56:59.391, 1, 80, 157.34, 100, 14141, 1227, 715, P0, 0x0000000000000020
2026/09/17 04:57:00.404, 0, 79, 117.41, 100, 14654, 1075, 715, P0, 0x0000000000000000
2026/09/17 04:57:00.414, 1, 78, 49.84, 100, 14141, 1189, 715, P0, 0x0000000000000000
2026/09/17 04:57:01.419, 0, 77, 88.07, 0, 14654, 1265, 715, P0, 0x0000000000000000
2026/09/17 04:57:01.422, 1, 78, 138.84, 100, 14141, 1202, 715, P0, 0x0000000000000000
2026/09/17 04:57:02.437, 0, 79, 136.50, 100, 14654, 1151, 715, P0, 0x0000000000000020
2026/09/17 04:57:02.441, 1, 79, 142.01, 100, 14141, 1164, 715, P0, 0x0000000000000020
2026/09/17 04:57:03.451, 0, 79, 122.14, 100, 14654, 1063, 715, P0, 0x0000000000000020
2026/09/17 04:57:03.454, 1, 77, 53.65, 0, 14141, 1278, 715, P0, 0x0000000000000000
2026/09/17 04:57:04.467, 0, 79, 112.76, 100, 14654, 1189, 715, P0, 0x0000000000000000
2026/09/17 04:57:04.471, 1, 79, 154.15, 100, 14141, 1252, 715, P0, 0x0000000000000000
2026/09/17 04:57:05.484, 0, 79, 137.95, 100, 14654, 1164, 715, P0, 0x0000000000000020
2026/09/17 04:57:05.494, 1, 80, 142.01, 100, 14141, 1189, 715, P0, 0x0000000000000020
2026/09/17 04:57:06.501, 0, 78, 48.82, 34, 14654, 1189, 715, P0, 0x0000000000000000
2026/09/17 04:57:06.503, 1, 79, 167.13, 55, 14141, 1278, 715, P0, 0x0000000000000000
2026/09/17 04:57:07.514, 0, 79, 130.97, 100, 14654, 1189, 715, P0, 0x0000000000000000
2026/09/17 04:57:07.517, 1, 79, 134.75, 100, 14141, 1177, 715, P0, 0x0000000000000020
2026/09/17 04:57:08.526, 0, 79, 124.06, 100, 14654, 1113, 715, P0, 0x0000000000000020
2026/09/17 04:57:08.534, 1, 77, 51.48, 0, 14141, 1227, 715, P0, 0x0000000000000000
2026/09/17 04:57:09.543, 0, 79, 131.22, 100, 14654, 1139, 715, P0, 0x0000000000000020
2026/09/17 04:57:09.546, 1, 79, 154.25, 100, 14141, 1240, 715, P0, 0x0000000000000020
2026/09/17 04:57:10.556, 0, 79, 132.78, 100, 14654, 1126, 715, P0, 0x0000000000000020
2026/09/17 04:57:10.559, 1, 79, 144.61, 100, 14141, 1227, 715, P0, 0x0000000000000020
2026/09/17 04:57:11.570, 0, 79, 60.92, 98, 14654, 1189, 715, P0, 0x0000000000000000
2026/09/17 04:57:11.573, 1, 77, 128.81, 0, 14141, 1215, 715, P0, 0x0000000000000000
2026/09/17 04:57:12.584, 0, 79, 138.42, 100, 14654, 1164, 715, P0, 0x0000000000000020
2026/09/17 04:57:12.592, 1, 80, 139.41, 100, 14141, 1177, 715, P0, 0x0000000000000000
2026/09/17 04:57:13.600, 0, 79, 124.51, 100, 14654, 1101, 715, P0, 0x0000000000000020
2026/09/17 04:57:13.603, 1, 79, 55.56, 67, 14141, 1303, 715, P0, 0x0000000000000000
2026/09/17 04:57:14.619, 0, 77, 141.28, 0, 14654, 1265, 715, P0, 0x0000000000000000
2026/09/17 04:57:14.622, 1, 79, 162.17, 100, 14141, 1303, 715, P0, 0x0000000000000020
2026/09/17 04:57:15.633, 0, 79, 132.29, 100, 14654, 1139, 715, P0, 0x0000000000000020
2026/09/17 04:57:15.636, 1, 80, 140.85, 100, 14141, 1189, 715, P0, 0x0000000000000000
2026/09/17 04:57:16.648, 0, 79, 121.18, 100, 14654, 1075, 715, P0, 0x0000000000000020
2026/09/17 04:57:16.654, 1, 77, 49.35, 0, 14141, 1189, 715, P0, 0x0000000000000000
2026/09/17 04:57:17.664, 0, 79, 122.42, 100, 14654, 1139, 715, P0, 0x0000000000000000
2026/09/17 04:57:17.674, 1, 79, 137.48, 100, 14141, 1202, 715, P0, 0x0000000000000000
2026/09/17 04:57:18.684, 0, 80, 141.01, 100, 14654, 1177, 715, P0, 0x0000000000000020
2026/09/17 04:57:18.694, 1, 79, 132.08, 100, 14141, 1139, 715, P0, 0x0000000000000000
2026/09/17 04:57:19.700, 0, 78, 53.89, 58, 14654, 1303, 715, P0, 0x0000000000000000
2026/09/17 04:57:19.703, 1, 79, 148.66, 43, 14141, 1227, 715, P0, 0x0000000000000020
2026/09/17 04:57:20.712, 0, 79, 125.69, 100, 14654, 1101, 715, P0, 0x0000000000000020
2026/09/17 04:57:20.715, 1, 79, 143.28, 100, 14141, 1202, 715, P0, 0x0000000000000000
2026/09/17 04:57:21.732, 0, 79, 130.33, 100, 14654, 1189, 715, P0, 0x0000000000000000
2026/09/17 04:57:21.736, 1, 78, 51.95, 41, 14141, 1227, 715, P0, 0x0000000000000000
2026/09/17 04:57:22.748, 0, 78, 136.64, 76, 14654, 1189, 715, P0, 0x0000000000000020
2026/09/17 04:57:22.752, 1, 79, 156.28, 100, 14141, 1240, 715, P0, 0x0000000000000020
2026/09/17 04:57:23.761, 0, 79, 126.23, 100, 14654, 1088, 715, P0, 0x0000000000000020
2026/09/17 04:57:23.767, 1, 79, 136.70, 100, 14141, 1227, 715, P0, 0x0000000000000020
2026/09/17 04:57:24.772, 0, 79, 123.11, 100, 14654, 1088, 715, P0, 0x0000000000000020
2026/09/17 04:57:24.775, 1, 77, 51.25, 0, 14141, 1227, 715, P0, 0x0000000000000000
2026/09/17 04:57:25.790, 0, 79, 144.20, 100, 14654, 1202, 715, P0, 0x0000000000000020
2026/09/17 04:57:25.795, 1, 80, 157.66, 100, 14141, 1252, 715, P0, 0x0000000000000020
2026/09/17 04:57:26.807, 0, 79, 129.08, 100, 14654, 1113, 715, P0, 0x0000000000000020
2026/09/17 04:57:26.816, 1, 79, 124.85, 100, 14141, 1189, 715, P0, 0x0000000000000000
2026/09/17 04:57:27.820, 0, 78, 52.19, 0, 14654, 1265, 715, P0, 0x0000000000000000
2026/09/17 04:57:27.823, 1, 79, 156.70, 100, 14141, 1252, 715, P0, 0x0000000000000000
2026/09/17 04:57:28.835, 0, 80, 128.00, 100, 14654, 1177, 715, P0, 0x0000000000000020
2026/09/17 04:57:28.838, 1, 79, 145.42, 100, 14141, 1227, 715, P0, 0x0000000000000020
2026/09/17 04:57:29.849, 0, 79, 128.70, 100, 14654, 1113, 715, P0, 0x0000000000000020
2026/09/17 04:57:29.857, 1, 78, 55.81, 0, 14141, 1303, 715, P0, 0x0000000000000000
2026/09/17 04:57:30.865, 0, 78, 136.62, 32, 14654, 1177, 715, P0, 0x0000000000000000
2026/09/17 04:57:30.868, 1, 80, 163.07, 100, 14141, 1265, 715, P0, 0x0000000000000020
2026/09/17 04:57:31.877, 0, 79, 131.49, 100, 14654, 1126, 715, P0, 0x0000000000000020
2026/09/17 04:57:31.880, 1, 79, 118.47, 100, 14141, 1189, 715, P0, 0x0000000000000000
2026/09/17 04:57:32.896, 0, 79, 132.38, 100, 14654, 1126, 715, P0, 0x0000000000000020
2026/09/17 04:57:32.899, 1, 77, 49.06, 0, 14141, 1189, 715, P0, 0x0000000000000000
2026/09/17 04:57:33.912, 0, 79, 134.80, 100, 14654, 1189, 715, P0, 0x0000000000000000
2026/09/17 04:57:33.917, 1, 80, 157.55, 100, 14141, 1227, 715, P0, 0x0000000000000020
2026/09/17 04:57:34.929, 0, 79, 130.15, 100, 14654, 1101, 715, P0, 0x0000000000000020
2026/09/17 04:57:34.935, 1, 80, 139.75, 100, 14141, 1177, 715, P0, 0x0000000000000020
2026/09/17 04:57:35.951, 0, 78, 53.64, 0, 14654, 1290, 715, P0, 0x0000000000000000
2026/09/17 04:57:35.955, 1, 79, 156.94, 44, 14141, 1240, 715, P0, 0x0000000000000000
2026/09/17 04:57:36.963, 0, 79, 131.63, 100, 14654, 1126, 715, P0, 0x0000000000000000
2026/09/17 04:57:36.967, 1, 79, 130.94, 100, 14141, 1189, 715, P0, 0x0000000000000020
2026/09/17 04:57:37.980, 0, 79, 115.73, 100, 14654, 1113, 715, P0, 0x0000000000000000
2026/09/17 04:57:37.983, 1, 78, 51.25, 0, 14141, 1215, 715, P0, 0x0000000000000000
2026/09/17 04:57:38.995, 0, 78, 131.00, 31, 14654, 1164, 715, P0, 0x0000000000000020
2026/09/17 04:57:38.999, 1, 79, 152.34, 100, 14141, 1227, 715, P0, 0x0000000000000020
2026/09/17 04:57:40.010, 0, 79, 131.61, 100, 14654, 1139, 715, P0, 0x0000000000000020
2026/09/17 04:57:40.013, 1, 79, 133.07, 100, 14141, 1139, 715, P0, 0x0000000000000020
2026/09/17 04:57:41.027, 0, 79, 133.48, 100, 14654, 1139, 715, P0, 0x0000000000000000
2026/09/17 04:57:41.034, 1, 77, 56.26, 0, 14141, 1316, 715, P0, 0x0000000000000000
2026/09/17 04:57:42.041, 0, 79, 123.43, 100, 14654, 1189, 715, P0, 0x0000000000000000
2026/09/17 04:57:42.044, 1, 79, 158.75, 100, 14141, 1278, 715, P0, 0x0000000000000000
2026/09/17 04:57:43.058, 0, 79, 123.47, 100, 14654, 1139, 715, P0, 0x0000000000000020
2026/09/17 04:57:43.062, 1, 79, 141.34, 100, 14141, 1189, 715, P0, 0x0000000000000000
2026/09/17 04:57:44.076, 0, 78, 54.37, 52, 14654, 1316, 715, P0, 0x0000000000000000
2026/09/17 04:57:44.080, 1, 78, 155.73, 55, 14141, 1240, 715, P0, 0x0000000000000020
2026/09/17 04:57:45.086, 0, 79, 142.68, 100, 14654, 1177, 715, P0, 0x0000000000000020
2026/09/17 04:57:45.091, 1, 79, 136.85, 100, 14141, 1189, 715, P0, 0x0000000000000000
2026/09/17 04:57:46.101, 0, 79, 117.32, 100, 14654, 1075, 715, P0, 0x0000000000000000
2026/09/17 04:57:46.104, 1, 78, 56.31, 55, 14141, 1316, 715, P0, 0x0000000000000000
2026/09/17 04:57:47.116, 0, 77, 48.10, 0, 14654, 1189, 715, P0, 0x0000000000000000
2026/09/17 04:57:47.119, 1, 79, 155.06, 100, 14141, 1265, 715, P0, 0x0000000000000000
2026/09/17 04:57:48.129, 0, 79, 138.20, 100, 14654, 1189, 715, P0, 0x0000000000000020
2026/09/17 04:57:48.133, 1, 79, 140.35, 100, 14141, 1189, 715, P0, 0x0000000000000000
2026/09/17 04:57:49.142, 0, 79, 131.79, 100, 14654, 1139, 715, P0, 0x0000000000000020
2026/09/17 04:57:49.151, 1, 78, 56.01, 0, 14141, 1316, 715, P0, 0x0000000000000000
2026/09/17 04:57:50.172, 0, 79, 143.79, 100, 14654, 1189, 715, P0, 0x0000000000000020
2026/09/17 04:57:50.174, 1, 79, 149.68, 100, 14141, 1202, 715, P0, 0x0000000000000020
2026/09/17 04:57:51.184, 0, 79, 132.79, 100, 14654, 1113, 715, P0, 0x0000000000000020
2026/09/17 04:57:51.190, 1, 79, 134.26, 100, 14141, 1189, 715, P0, 0x0000000000000020
2026/09/17 04:57:52.214, 0, 79, 52.01, 100, 14654, 1189, 715, P0, 0x0000000000000000
2026/09/17 04:57:52.217, 1, 77, 135.55, 3, 14141, 1189, 715, P0, 0x0000000000000000
2026/09/17 04:57:53.232, 0, 79, 145.12, 100, 14654, 1151, 715, P0, 0x0000000000000020
2026/09/17 04:57:53.235, 1, 80, 156.47, 100, 14141, 1227, 715, P0, 0x0000000000000020
2026/09/17 04:57:54.248, 0, 79, 124.55, 100, 14654, 1101, 715, P0, 0x0000000000000020
2026/09/17 04:57:54.252, 1, 79, 126.06, 100, 14141, 1189, 715, P0, 0x0000000000000000
2026/09/17 04:57:55.276, 0, 77, 54.39, 0, 14654, 1316, 715, P0, 0x0000000000000000
2026/09/17 04:57:55.279, 1, 79, 135.70, 100, 14141, 1215, 715, P0, 0x0000000000000000
2026/09/17 04:57:56.289, 0, 79, 135.05, 100, 14654, 1189, 715, P0, 0x0000000000000000
2026/09/17 04:57:56.292, 1, 80, 148.13, 100, 14141, 1202, 715, P0, 0x0000000000000020
2026/09/17 04:57:57.300, 0, 79, 128.04, 100, 14654, 1139, 715, P0, 0x0000000000000020
2026/09/17 04:57:57.303, 1, 78, 54.85, 0, 14141, 1290, 715, P0, 0x0000000000000000
2026/09/17 04:57:58.314, 0, 79, 140.45, 45, 14654, 1177, 715, P0, 0x0000000000000020
2026/09/17 04:57:58.317, 1, 79, 152.54, 100, 14141, 1215, 715, P0, 0x0000000000000000
2026/09/17 04:57:59.328, 0, 79, 123.46, 100, 14654, 1088, 715, P0, 0x0000000000000020
2026/09/17 04:57:59.335, 1, 79, 118.04, 100, 14141, 1164, 715, P0, 0x0000000000000000
2026/09/17 04:58:00.346, 0, 79, 124.27, 100, 14654, 1088, 715, P0, 0x0000000000000020
2026/09/17 04:58:00.354, 1, 77, 55.82, 0, 14141, 1316, 715, P0, 0x0000000000000000
2026/09/17 04:58:01.362, 0, 79, 122.58, 100, 14654, 1202, 715, P0, 0x0000000000000000
2026/09/17 04:58:01.373, 1, 79, 142.30, 100, 14141, 1202, 715, P0, 0x0000000000000000
2026/09/17 04:58:02.377, 0, 79, 121.13, 100, 14654, 1101, 715, P0, 0x0000000000000020
2026/09/17 04:58:02.381, 1, 79, 125.92, 100, 14141, 1126, 715, P0, 0x0000000000000020
2026/09/17 04:58:03.391, 0, 78, 52.20, 53, 14654, 1290, 715, P0, 0x0000000000000000
2026/09/17 04:58:03.395, 1, 78, 143.24, 62, 14141, 1227, 715, P0, 0x0000000000000020
2026/09/17 04:58:04.407, 0, 79, 124.53, 100, 14654, 1101, 715, P0, 0x0000000000000020
2026/09/17 04:58:04.417, 1, 79, 132.20, 100, 14141, 1151, 715, P0, 0x0000000000000000
2026/09/17 04:58:05.437, 0, 79, 131.17, 100, 14654, 1101, 715, P0, 0x0000000000000020
2026/09/17 04:58:05.440, 1, 79, 55.34, 85, 14141, 1278, 715, P0, 0x0000000000000000
2026/09/17 04:58:06.453, 0, 77, 47.94, 0, 14654, 1189, 715, P0, 0x0000000000000000
2026/09/17 04:58:06.456, 1, 79, 131.48, 100, 14141, 1252, 715, P0, 0x0000000000000000
2026/09/17 04:58:07.467, 0, 80, 129.93, 100, 14654, 1139, 715, P0, 0x0000000000000020
2026/09/17 04:58:07.478, 1, 79, 139.18, 100, 14141, 1177, 715, P0, 0x0000000000000020
2026/09/17 04:58:08.496, 0, 79, 129.00, 100, 14654, 1139, 715, P0, 0x0000000000000020
2026/09/17 04:58:08.499, 1, 78, 55.54, 0, 14141, 1303, 715, P0, 0x0000000000000000
2026/09/17 04:58:09.512, 0, 79, 141.54, 47, 14654, 1189, 715, P0, 0x0000000000000020
2026/09/17 04:58:09.517, 1, 79, 163.77, 100, 14141, 1252, 715, P0, 0x0000000000000020
2026/09/17 04:58:10.522, 0, 79, 116.10, 100, 14654, 1025, 715, P0, 0x0000000000000020
2026/09/17 04:58:10.525, 1, 79, 121.66, 100, 14141, 1164, 715, P0, 0x0000000000000000
2026/09/17 04:58:11.537, 0, 79, 114.05, 100, 14654, 1050, 715, P0, 0x0000000000000000
2026/09/17 04:58:11.540, 1, 77, 49.12, 0, 14141, 1189, 715, P0, 0x0000000000000000
2026/09/17 04:58:12.554, 0, 79, 129.21, 100, 14654, 1113, 715, P0, 0x0000000000000020
2026/09/17 04:58:12.557, 1, 79, 139.88, 100, 14141, 1227, 715, P0, 0x0000000000000000
2026/09/17 04:58:13.569, 0, 79, 128.02, 100, 14654, 1126, 715, P0, 0x0000000000000000
2026/09/17 04:58:13.577, 1, 79, 135.92, 100, 14141, 1151, 715, P0, 0x0000000000000020
2026/09/17 04:58:14.587, 0, 79, 132.27, 100, 14654, 1164, 715, P0, 0x0000000000000020
2026/09/17 04:58:14.596, 1, 77, 56.06, 0, 14141, 1316, 715, P0, 0x0000000000000000
2026/09/17 04:58:15.612, 0, 79, 144.43, 100, 14654, 1215, 715, P0, 0x0000000000000000
2026/09/17 04:58:15.615, 1, 80, 150.39, 100, 14141, 1227, 715, P0, 0x0000000000000020
2026/09/17 04:58:16.630, 0, 79, 129.70, 100, 14654, 1113, 715, P0, 0x0000000000000020
2026/09/17 04:58:16.634, 1, 79, 135.71, 100, 14141, 1139, 715, P0, 0x0000000000000020
2026/09/17 04:58:17.645, 0, 78, 48.13, 0, 14654, 1189, 715, P0, 0x0000000000000000
2026/09/17 04:58:17.651, 1, 79, 149.72, 100, 14141, 1227, 715, P0, 0x0000000000000020
2026/09/17 04:58:18.660, 0, 79, 139.27, 100, 14654, 1139, 715, P0, 0x0000000000000020
2026/09/17 04:58:18.663, 1, 80, 154.57, 100, 14141, 1265, 715, P0, 0x0000000000000000
2026/09/17 04:58:19.674, 0, 79, 119.09, 100, 14654, 1063, 715, P0, 0x0000000000000020
2026/09/17 04:58:19.677, 1, 78, 50.56, 17, 14141, 1189, 715, P0, 0x0000000000000000
2026/09/17 04:58:20.689, 0, 77, 47.88, 0, 14654, 1189, 715, P0, 0x0000000000000000
2026/09/17 04:58:20.694, 1, 79, 152.98, 100, 14141, 1252, 715, P0, 0x0000000000000000
2026/09/17 04:58:21.708, 0, 79, 132.91, 100, 14654, 1189, 715, P0, 0x0000000000000020
2026/09/17 04:58:21.713, 1, 80, 150.28, 100, 14141, 1202, 715, P0, 0x0000000000000020
2026/09/17 04:58:22.724, 0, 79, 114.50, 100, 14654, 1101, 715, P0, 0x0000000000000020
2026/09/17 04:58:22.734, 1, 78, 55.33, 0, 14141, 1303, 715, P0, 0x0000000000000000
2026/09/17 04:58:23.740, 0, 78, 127.74, 0, 14654, 1139, 715, P0, 0x0000000000000020
2026/09/17 04:58:23.743, 1, 79, 150.05, 100, 14141, 1227, 715, P0, 0x0000000000000020
2026/09/17 04:58:24.758, 0, 79, 130.41, 100, 14654, 1126, 715, P0, 0x0000000000000020
2026/09/17 04:58:24.761, 1, 79, 136.16, 100, 14141, 1139, 715, P0, 0x0000000000000020
2026/09/17 04:58:25.776, 0, 79, 114.75, 100, 14654, 1050, 715, P0, 0x0000000000000020
2026/09/17 04:58:25.780, 1, 77, 52.70, 0, 14141, 1265, 715, P0, 0x0000000000000000
2026/09/17 04:58:26.792, 0, 79, 131.22, 100, 14654, 1126, 715, P0, 0x0000000000000020
2026/09/17 04:58:26.796, 1, 79, 156.87, 100, 14141, 1227, 715, P0, 0x0000000000000020
2026/09/17 04:58:27.809, 0, 79, 130.43, 100, 14654, 1113, 715, P0, 0x0000000000000020
2026/09/17 04:58:27.813, 1, 79, 133.55, 100, 14141, 1189, 715, P0, 0x0000000000000020
2026/09/17 04:58:28.836, 0, 79, 120.22, 100, 14654, 1189, 715, P0, 0x0000000000000000
2026/09/17 04:58:28.839, 1, 77, 49.10, 0, 14141, 1189, 715, P0, 0x0000000000000000
2026/09/17 04:58:29.852, 0, 79, 133.77, 100, 14654, 1189, 715, P0, 0x0000000000000000
2026/09/17 04:58:29.855, 1, 79, 161.49, 100, 14141, 1252, 715, P0, 0x0000000000000020
2026/09/17 04:58:30.878, 0, 79, 120.21, 100, 14654, 1088, 715, P0, 0x0000000000000020
2026/09/17 04:58:30.880, 1, 79, 134.61, 100, 14141, 1139, 715, P0, 0x0000000000000020
2026/09/17 04:58:31.896, 0, 78, 47.90, 95, 14654, 1189, 715, P0, 0x0000000000000000
2026/09/17 04:58:31.900, 1, 78, 143.76, 38, 14141, 1189, 715, P0, 0x0000000000000000
2026/09/17 04:58:32.913, 0, 79, 132.06, 100, 14654, 1126, 715, P0, 0x0000000000000020
2026/09/17 04:58:32.916, 1, 79, 139.49, 100, 14141, 1177, 715, P0, 0x0000000000000000
2026/09/17 04:58:33.932, 0, 79, 131.78, 100, 14654, 1126, 715, P0, 0x0000000000000020
2026/09/17 04:58:33.935, 1, 79, 104.02, 100, 14141, 987, 715, P0, 0x0000000000000020
2026/09/17 04:58:34.948, 0, 77, 49.15, 8, 14654, 1202, 715, P0, 0x0000000000000000
2026/09/17 04:58:34.951, 1, 78, 129.39, 100, 14141, 1126, 715, P0, 0x0000000000000020
2026/09/17 04:58:35.965, 0, 79, 123.42, 100, 14654, 1101, 715, P0, 0x0000000000000000
2026/09/17 04:58:35.968, 1, 79, 125.85, 100, 14141, 1189, 715, P0, 0x0000000000000000
2026/09/17 04:58:36.979, 0, 79, 117.89, 100, 14654, 1101, 715, P0, 0x0000000000000020
2026/09/17 04:58:36.982, 1, 78, 51.30, 100, 14141, 1202, 715, P0, 0x0000000000000000
2026/09/17 04:58:37.998, 0, 77, 48.13, 0, 14654, 1189, 715, P0, 0x0000000000000000
2026/09/17 04:58:38.001, 1, 79, 145.19, 100, 14141, 1227, 715, P0, 0x0000000000000000
2026/09/17 04:58:39.017, 0, 79, 114.45, 100, 14654, 1075, 715, P0, 0x0000000000000020
2026/09/17 04:58:39.020, 1, 79, 108.63, 100, 14141, 1025, 715, P0, 0x0000000000000020
2026/09/17 04:58:40.032, 0, 79, 114.22, 100, 14654, 1075, 715, P0, 0x0000000000000020
2026/09/17 04:58:40.038, 1, 77, 49.60, 0, 14141, 1189, 715, P0, 0x0000000000000000
2026/09/17 04:58:41.045, 0, 78, 130.64, 16, 14654, 1139, 715, P0, 0x0000000000000020
2026/09/17 04:58:41.048, 1, 79, 142.06, 100, 14141, 1189, 715, P0, 0x0000000000000020
2026/09/17 04:58:42.063, 0, 79, 138.16, 100, 14654, 1139, 715, P0, 0x0000000000000020
2026/09/17 04:58:42.067, 1, 79, 145.99, 100, 14141, 1189, 715, P0, 0x0000000000000020
2026/09/17 04:58:43.083, 0, 79, 131.79, 100, 14654, 1126, 715, P0, 0x0000000000000020
2026/09/17 04:58:43.085, 1, 77, 55.77, 0, 14141, 1316, 715, P0, 0x0000000000000000
2026/09/17 04:58:44.102, 0, 79, 150.95, 100, 14654, 1189, 715, P0, 0x0000000000000020
2026/09/17 04:58:44.105, 1, 80, 167.20, 100, 14141, 1265, 715, P0, 0x0000000000000020
2026/09/17 04:58:45.115, 0, 79, 132.55, 100, 14654, 1126, 715, P0, 0x0000000000000020
2026/09/17 04:58:45.117, 1, 79, 134.73, 100, 14141, 1189, 715, P0, 0x0000000000000020
2026/09/17 04:58:46.133, 0, 79, 118.76, 100, 14654, 1063, 715, P0, 0x0000000000000020
2026/09/17 04:58:46.137, 1, 77, 54.87, 0, 14141, 1303, 715, P0, 0x0000000000000000
2026/09/17 04:58:47.145, 0, 79, 116.10, 100, 14654, 1164, 715, P0, 0x0000000000000000
2026/09/17 04:58:47.148, 1, 79, 156.45, 100, 14141, 1278, 715, P0, 0x0000000000000020
2026/09/17 04:58:48.173, 0, 79, 138.45, 100, 14654, 1164, 715, P0, 0x0000000000000020
2026/09/17 04:58:48.179, 1, 79, 137.59, 100, 14141, 1164, 715, P0, 0x0000000000000000
2026/09/17 04:58:49.186, 0, 79, 50.76, 71, 14654, 1265, 715, P0, 0x0000000000000000
2026/09/17 04:58:49.189, 1, 78, 158.31, 0, 14141, 1278, 715, P0, 0x0000000000000000
2026/09/17 04:58:50.199, 0, 79, 127.88, 100, 14654, 1139, 715, P0, 0x0000000000000020
2026/09/17 04:58:50.202, 1, 80, 158.44, 100, 14141, 1227, 715, P0, 0x0000000000000020
2026/09/17 04:58:51.213, 0, 79, 124.99, 100, 14654, 1101, 715, P0, 0x0000000000000020
2026/09/17 04:58:51.220, 1, 79, 137.62, 100, 14141, 1139, 715, P0, 0x0000000000000020
2026/09/17 04:58:52.223, 0, 78, 48.86, 16, 14654, 1189, 715, P0, 0x0000000000000000
2026/09/17 04:58:52.226, 1, 78, 154.90, 24, 14141, 1240, 715, P0, 0x0000000000000020
2026/09/17 04:58:53.241, 0, 79, 141.55, 100, 14654, 1177, 715, P0, 0x0000000000000020
2026/09/17 04:58:53.245, 1, 80, 154.92, 100, 14141, 1215, 715, P0, 0x0000000000000020
2026/09/17 04:58:54.259, 0, 79, 125.15, 100, 14654, 1088, 715, P0, 0x0000000000000020
2026/09/17 04:58:54.262, 1, 78, 109.32, 100, 14141, 1025, 715, P0, 0x0000000000000000
2026/09/17 04:58:55.277, 0, 77, 54.42, 0, 14654, 1316, 715, P0, 0x0000000000000000
2026/09/17 04:58:55.280, 1, 78, 136.16, 100, 14141, 1139, 715, P0, 0x0000000000000020
2026/09/17 04:58:56.291, 0, 79, 130.40, 100, 14654, 1101, 715, P0, 0x0000000000000020
2026/09/17 04:58:56.297, 1, 79, 140.46, 100, 14141, 1227, 715, P0, 0x0000000000000020
2026/09/17 04:58:57.307, 0, 79, 107.59, 100, 14654, 974, 715, P0, 0x0000000000000020
2026/09/17 04:58:57.310, 1, 78, 56.33, 44, 14141, 1316, 715, P0, 0x0000000000000000
2026/09/17 04:58:58.320, 0, 77, 47.88, 0, 14654, 1189, 715, P0, 0x0000000000000000
2026/09/17 04:58:58.322, 1, 79, 157.67, 100, 14141, 1252, 715, P0, 0x0000000000000020
2026/09/17 04:58:59.334, 0, 79, 124.26, 100, 14654, 1101, 715, P0, 0x0000000000000000
2026/09/17 04:58:59.339, 1, 79, 145.99, 100, 14141, 1227, 715, P0, 0x0000000000000020
2026/09/17 04:59:00.349, 0, 79, 124.46, 100, 14654, 1101, 715, P0, 0x0000000000000020
2026/09/17 04:59:00.357, 1, 78, 55.79, 48, 14141, 1316, 715, P0, 0x0000000000000000
2026/09/17 04:59:01.367, 0, 77, 54.19, 0, 14654, 1316, 715, P0, 0x0000000000000000
2026/09/17 04:59:01.373, 1, 78, 126.02, 100, 14141, 1189, 715, P0, 0x0000000000000000
2026/09/17 04:59:02.380, 0, 80, 124.18, 100, 14654, 1189, 715, P0, 0x0000000000000000
2026/09/17 04:59:02.384, 1, 79, 145.66, 100, 14141, 1227, 715, P0, 0x0000000000000020
2026/09/17 04:59:03.393, 0, 80, 134.27, 100, 14654, 1139, 715, P0, 0x0000000000000020
2026/09/17 04:59:03.397, 1, 78, 56.26, 44, 14141, 1316, 715, P0, 0x0000000000000000
2026/09/17 04:59:04.409, 0, 78, 138.93, 38, 14654, 1189, 715, P0, 0x0000000000000020
2026/09/17 04:59:04.413, 1, 79, 158.42, 100, 14141, 1252, 715, P0, 0x0000000000000020
2026/09/17 04:59:05.423, 0, 79, 140.70, 100, 14654, 1151, 715, P0, 0x0000000000000020
2026/09/17 04:59:05.427, 1, 80, 150.48, 100, 14141, 1202, 715, P0, 0x0000000000000020
2026/09/17 04:59:06.437, 0, 79, 124.47, 100, 14654, 1088, 715, P0, 0x0000000000000020
2026/09/17 04:59:06.439, 1, 77, 49.56, 0, 14141, 1189, 715, P0, 0x0000000000000000
2026/09/17 04:59:07.452, 0, 78, 135.67, 83, 14654, 1151, 715, P0, 0x0000000000000020
2026/09/17 04:59:07.455, 1, 79, 156.36, 100, 14141, 1240, 715, P0, 0x0000000000000020
2026/09/17 04:59:08.465, 0, 79, 143.40, 100, 14654, 1164, 715, P0, 0x0000000000000020
2026/09/17 04:59:08.473, 1, 79, 131.11, 100, 14141, 1139, 715, P0, 0x0000000000000020
2026/09/17 04:59:09.481, 0, 79, 123.10, 100, 14654, 1101, 715, P0, 0x0000000000000000
2026/09/17 04:59:09.484, 1, 77, 49.59, 0, 14141, 1189, 715, P0, 0x0000000000000000
2026/09/17 04:59:10.496, 0, 79, 138.07, 100, 14654, 1151, 715, P0, 0x0000000000000020
2026/09/17 04:59:10.499, 1, 79, 157.45, 100, 14141, 1227, 715, P0, 0x0000000000000020
2026/09/17 04:59:11.507, 0, 80, 139.15, 100, 14654, 1101, 715, P0, 0x0000000000000020
2026/09/17 04:59:11.517, 1, 79, 146.12, 100, 14141, 1227, 715, P0, 0x0000000000000020
2026/09/17 04:59:12.539, 0, 79, 128.52, 100, 14654, 1088, 715, P0, 0x0000000000000020
2026/09/17 04:59:12.542, 1, 77, 55.57, 0, 14141, 1316, 715, P0, 0x0000000000000000
2026/09/17 04:59:13.555, 0, 79, 96.97, 100, 14654, 1177, 715, P0, 0x0000000000000000
2026/09/17 04:59:13.558, 1, 79, 138.95, 100, 14141, 1227, 715, P0, 0x0000000000000020
2026/09/17 04:59:14.568, 0, 79, 124.74, 100, 14654, 1101, 715, P0, 0x0000000000000020
2026/09/17 04:59:14.577, 1, 79, 139.31, 100, 14141, 1177, 715, P0, 0x0000000000000020
2026/09/17 04:59:15.582, 0, 79, 118.60, 100, 14654, 1101, 715, P0, 0x0000000000000020
2026/09/17 04:59:15.586, 1, 77, 50.80, 0, 14141, 1227, 715, P0, 0x0000000000000000
2026/09/17 04:59:16.595, 0, 79, 132.66, 100, 14654, 1177, 715, P0, 0x0000000000000020
2026/09/17 04:59:16.598, 1, 80, 158.44, 100, 14141, 1252, 715, P0, 0x0000000000000020
2026/09/17 04:59:17.610, 0, 79, 140.52, 100, 14654, 1189, 715, P0, 0x0000000000000020
2026/09/17 04:59:17.613, 1, 79, 125.03, 100, 14141, 1101, 715, P0, 0x0000000000000020
2026/09/17 04:59:18.625, 0, 79, 53.17, 68, 14654, 1290, 715, P0, 0x0000000000000000
2026/09/17 04:59:18.630, 1, 78, 146.60, 0, 14141, 1189, 715, P0, 0x0000000000000020
2026/09/17 04:59:19.640, 0, 80, 150.31, 100, 14654, 1202, 715, P0, 0x0000000000000020
2026/09/17 04:59:19.643, 1, 79, 147.04, 100, 14141, 1202, 715, P0, 0x0000000000000020
2026/09/17 04:59:20.654, 0, 79, 124.99, 100, 14654, 1101, 715, P0, 0x0000000000000020
2026/09/17 04:59:20.657, 1, 79, 135.72, 100, 14141, 1139, 715, P0, 0x0000000000000020
2026/09/17 04:59:21.668, 0, 78, 48.61, 36, 14654, 1189, 715, P0, 0x0000000000000000
2026/09/17 04:59:21.674, 1, 78, 155.14, 16, 14141, 1240, 715, P0, 0x0000000000000020
2026/09/17 04:59:22.683, 0, 79, 141.40, 100, 14654, 1189, 715, P0, 0x0000000000000000
2026/09/17 04:59:22.686, 1, 80, 153.02, 100, 14141, 1215, 715, P0, 0x0000000000000020
2026/09/17 04:59:23.697, 0, 79, 113.53, 100, 14654, 1037, 715, P0, 0x0000000000000020
2026/09/17 04:59:23.700, 1, 79, 115.75, 100, 14141, 1063, 715, P0, 0x0000000000000020
2026/09/17 04:59:24.712, 0, 77, 48.14, 14, 14654, 1189, 715, P0, 0x0000000000000000
2026/09/17 04:59:24.715, 1, 78, 137.21, 100, 14141, 1177, 715, P0, 0x0000000000000020
2026/09/17 04:59:25.724, 0, 79, 138.19, 100, 14654, 1139, 715, P0, 0x0000000000000020
2026/09/17 04:59:25.727, 1, 79, 137.80, 100, 14141, 1164, 715, P0, 0x0000000000000020
2026/09/17 04:59:26.741, 0, 79, 114.40, 100, 14654, 1050, 715, P0, 0x0000000000000000
2026/09/17 04:59:26.744, 1, 79, 107.70, 100, 14141, 1189, 715, P0, 0x0000000000000000
2026/09/17 04:59:27.756, 0, 77, 47.89, 15, 14654, 1189, 715, P0, 0x0000000000000000
2026/09/17 04:59:27.758, 1, 78, 157.46, 100, 14141, 1252, 715, P0, 0x0000000000000000
2026/09/17 04:59:28.772, 0, 79, 132.35, 100, 14654, 1126, 715, P0, 0x0000000000000020
2026/09/17 04:59:28.777, 1, 79, 134.76, 100, 14141, 1189, 715, P0, 0x0000000000000000
2026/09/17 04:59:29.782, 0, 79, 133.02, 100, 14654, 1139, 715, P0, 0x0000000000000000
2026/09/17 04:59:29.786, 1, 78, 54.34, 79, 14141, 1278, 715, P0, 0x0000000000000000
2026/09/17 04:59:30.798, 0, 77, 49.79, 0, 14654, 1227, 715, P0, 0x0000000000000000
2026/09/17 04:59:30.801, 1, 79, 157.43, 100, 14141, 1252, 715, P0, 0x0000000000000000
2026/09/17 04:59:31.816, 0, 80, 136.04, 100, 14654, 1113, 715, P0, 0x0000000000000020
2026/09/17 04:59:31.820, 1, 80, 143.72, 100, 14141, 1126, 715, P0, 0x0000000000000020
2026/09/17 04:59:32.846, 0, 79, 110.98, 100, 14654, 1050, 715, P0, 0x0000000000000020
2026/09/17 04:59:32.849, 1, 78, 49.61, 100, 14141, 1189, 715, P0, 0x0000000000000000
2026/09/17 04:59:33.860, 0, 77, 48.86, 0, 14654, 1215, 715, P0, 0x0000000000000000
2026/09/17 04:59:33.863, 1, 78, 135.21, 100, 14141, 1202, 715, P0, 0x0000000000000000
2026/09/17 04:59:34.873, 0, 79, 132.77, 100, 14654, 1139, 715, P0, 0x0000000000000000
2026/09/17 04:59:34.876, 1, 79, 145.54, 100, 14141, 1202, 715, P0, 0x0000000000000000
2026/09/17 04:59:35.891, 0, 79, 96.63, 100, 14654, 1101, 715, P0, 0x0000000000000000
2026/09/17 04:59:35.897, 1, 78, 55.16, 0, 14141, 1290, 715, P0, 0x0000000000000000
2026/09/17 04:59:36.904, 0, 77, 47.41, 0, 14654, 1189, 715, P0, 0x0000000000000000
2026/09/17 04:59:36.907, 1, 79, 146.79, 100, 14141, 1290, 715, P0, 0x0000000000000020
2026/09/17 04:59:37.918, 0, 79, 114.24, 100, 14654, 1151, 715, P0, 0x0000000000000000
2026/09/17 04:59:37.921, 1, 80, 157.06, 100, 14141, 1227, 715, P0, 0x0000000000000020
2026/09/17 04:59:38.935, 0, 79, 136.43, 100, 14654, 1189, 715, P0, 0x0000000000000000
2026/09/17 04:59:38.938, 1, 78, 54.33, 0, 14141, 1278, 715, P0, 0x0000000000000000
2026/09/17 04:59:39.949, 0, 77, 63.93, 0, 14654, 1252, 715, P0, 0x0000000000000000
2026/09/17 04:59:39.952, 1, 79, 149.81, 100, 14141, 1252, 715, P0, 0x0000000000000000
2026/09/17 04:59:40.962, 0, 80, 136.76, 100, 14654, 1189, 715, P0, 0x0000000000000000
2026/09/17 04:59:40.965, 1, 79, 146.71, 100, 14141, 1202, 715, P0, 0x0000000000000020
2026/09/17 04:59:41.980, 0, 79, 125.44, 100, 14654, 1113, 715, P0, 0x0000000000000020
2026/09/17 04:59:41.983, 1, 78, 49.81, 7, 14141, 1189, 715, P0, 0x0000000000000000
2026/09/17 04:59:42.997, 0, 77, 120.65, 12, 14654, 1189, 715, P0, 0x0000000000000000
2026/09/17 04:59:43.001, 1, 79, 146.26, 100, 14141, 1227, 715, P0, 0x0000000000000020
2026/09/17 04:59:44.017, 0, 79, 135.82, 100, 14654, 1189, 715, P0, 0x0000000000000020
2026/09/17 04:59:44.020, 1, 79, 136.86, 100, 14141, 1164, 715, P0, 0x0000000000000020
2026/09/17 04:59:45.032, 0, 79, 126.16, 100, 14654, 1126, 715, P0, 0x0000000000000020
2026/09/17 04:59:45.035, 1, 78, 50.04, 15, 14141, 1189, 715, P0, 0x0000000000000000
2026/09/17 04:59:46.046, 0, 78, 130.65, 17, 14654, 1164, 715, P0, 0x0000000000000020
2026/09/17 04:59:46.054, 1, 79, 167.61, 100, 14141, 1265, 715, P0, 0x0000000000000020
2026/09/17 04:59:47.059, 0, 79, 142.31, 100, 14654, 1202, 715, P0, 0x0000000000000020
2026/09/17 04:59:47.062, 1, 79, 125.73, 100, 14141, 1126, 715, P0, 0x0000000000000020
2026/09/17 04:59:48.073, 0, 79, 124.04, 100, 14654, 1126, 715, P0, 0x0000000000000020
2026/09/17 04:59:48.076, 1, 77, 55.56, 0, 14141, 1303, 715, P0, 0x0000000000000000
2026/09/17 04:59:49.085, 0, 78, 146.13, 6, 14654, 1177, 715, P0, 0x0000000000000020
2026/09/17 04:59:49.093, 1, 79, 150.93, 100, 14141, 1227, 715, P0, 0x0000000000000020
2026/09/17 04:59:50.112, 0, 79, 143.65, 100, 14654, 1202, 715, P0, 0x0000000000000020
2026/09/17 04:59:50.115, 1, 79, 126.67, 100, 14141, 1126, 715, P0, 0x0000000000000020
2026/09/17 04:59:51.126, 0, 79, 135.41, 100, 14654, 1151, 715, P0, 0x0000000000000020
2026/09/17 04:59:51.130, 1, 77, 50.26, 0, 14141, 1202, 715, P0, 0x0000000000000000
2026/09/17 04:59:52.143, 0, 78, 146.32, 8, 14654, 1189, 715, P0, 0x0000000000000000
2026/09/17 04:59:52.146, 1, 79, 156.95, 100, 14141, 1252, 715, P0, 0x0000000000000020
2026/09/17 04:59:53.155, 0, 79, 115.95, 100, 14654, 1050, 715, P0, 0x0000000000000020
2026/09/17 04:59:53.160, 1, 79, 146.39, 100, 14141, 1189, 715, P0, 0x0000000000000020
2026/09/17 04:59:54.173, 0, 79, 114.29, 100, 14654, 1088, 715, P0, 0x0000000000000020
2026/09/17 04:59:54.177, 1, 77, 49.60, 0, 14141, 1189, 715, P0, 0x0000000000000000
2026/09/17 04:59:55.185, 0, 78, 145.84, 0, 14654, 1202, 715, P0, 0x0000000000000020
2026/09/17 04:59:55.188, 1, 79, 158.87, 100, 14141, 1265, 715, P0, 0x0000000000000000
2026/09/17 04:59:56.200, 0, 79, 135.79, 100, 14654, 1189, 715, P0, 0x0000000000000020
2026/09/17 04:59:56.203, 1, 80, 143.70, 100, 14141, 1139, 715, P0, 0x0000000000000020
2026/09/17 04:59:57.220, 0, 79, 139.00, 100, 14654, 1189, 715, P0, 0x0000000000000020
2026/09/17 04:59:57.223, 1, 78, 55.05, 0, 14141, 1290, 715, P0, 0x0000000000000000
2026/09/17 04:59:58.237, 0, 78, 139.86, 24, 14654, 1189, 715, P0, 0x0000000000000020
2026/09/17 04:59:58.243, 1, 79, 161.68, 100, 14141, 1252, 715, P0, 0x0000000000000020
2026/09/17 04:59:59.252, 0, 79, 134.13, 100, 14654, 1177, 715, P0, 0x0000000000000000
2026/09/17 04:59:59.256, 1, 79, 146.23, 100, 14141, 1177, 715, P0, 0x0000000000000020
2026/09/17 05:00:00.268, 0, 79, 135.90, 100, 14654, 1177, 715, P0, 0x0000000000000020
2026/09/17 05:00:00.275, 1, 78, 52.92, 0, 14141, 1252, 715, P0, 0x0000000000000000
2026/09/17 05:00:01.283, 0, 78, 138.54, 3, 14654, 1189, 715, P0, 0x0000000000000000
2026/09/17 05:00:01.286, 1, 79, 153.50, 100, 14141, 1215, 715, P0, 0x0000000000000020
2026/09/17 05:00:02.297, 0, 79, 126.67, 100, 14654, 1113, 715, P0, 0x0000000000000020
2026/09/17 05:00:02.301, 1, 79, 130.38, 100, 14141, 1139, 715, P0, 0x0000000000000020
2026/09/17 05:00:03.309, 0, 79, 127.84, 100, 14654, 1139, 715, P0, 0x0000000000000020
2026/09/17 05:00:03.316, 1, 78, 50.04, 33, 14141, 1189, 715, P0, 0x0000000000000000
2026/09/17 05:00:04.325, 0, 77, 137.37, 0, 14654, 1227, 715, P0, 0x0000000000000000
2026/09/17 05:00:04.328, 1, 79, 158.88, 100, 14141, 1252, 715, P0, 0x0000000000000000
2026/09/17 05:00:05.341, 0, 79, 137.02, 100, 14654, 1189, 715, P0, 0x0000000000000000
2026/09/17 05:00:05.345, 1, 80, 139.49, 100, 14141, 1177, 715, P0, 0x0000000000000020
2026/09/17 05:00:06.362, 0, 78, 98.75, 100, 14654, 1037, 715, P0, 0x0000000000000000
2026/09/17 05:00:06.365, 1, 78, 56.33, 0, 14141, 1316, 715, P0, 0x0000000000000000
2026/09/17 05:00:07.376, 0, 77, 53.46, 0, 14654, 1303, 715, P0, 0x0000000000000000
2026/09/17 05:00:07.379, 1, 79, 114.61, 100, 14141, 1227, 715, P0, 0x0000000000000000
2026/09/17 05:00:08.392, 0, 79, 131.14, 100, 14654, 1113, 715, P0, 0x0000000000000020
2026/09/17 05:00:08.395, 1, 79, 131.24, 100, 14141, 1189, 715, P0, 0x0000000000000020
2026/09/17 05:00:09.403, 0, 79, 132.04, 100, 14654, 1101, 715, P0, 0x0000000000000020
2026/09/17 05:00:09.407, 1, 78, 55.78, 75, 14141, 1303, 715, P0, 0x0000000000000000
2026/09/17 05:00:10.416, 0, 77, 47.89, 0, 14654, 1189, 715, P0, 0x0000000000000000
2026/09/17 05:00:10.419, 1, 79, 156.98, 100, 14141, 1240, 715, P0, 0x0000000000000000
2026/09/17 05:00:11.430, 0, 79, 143.01, 100, 14654, 1189, 715, P0, 0x0000000000000000
2026/09/17 05:00:11.434, 1, 79, 119.56, 100, 14141, 1189, 715, P0, 0x0000000000000000
2026/09/17 05:00:12.443, 0, 79, 124.28, 100, 14654, 1101, 715, P0, 0x0000000000000000
2026/09/17 05:00:12.446, 1, 79, 54.15, 100, 14141, 1189, 715, P0, 0x0000000000000000
2026/09/17 05:00:13.457, 0, 78, 53.90, 0, 14654, 1303, 715, P0, 0x0000000000000000
2026/09/17 05:00:13.460, 1, 79, 145.40, 100, 14141, 1189, 715, P0, 0x0000000000000000
2026/09/17 05:00:14.471, 0, 79, 143.37, 100, 14654, 1139, 715, P0, 0x0000000000000020
2026/09/17 05:00:14.480, 1, 80, 136.99, 100, 14141, 1164, 715, P0, 0x0000000000000000
2026/09/17 05:00:15.486, 0, 79, 117.82, 100, 14654, 1075, 715, P0, 0x0000000000000000
2026/09/17 05:00:15.493, 1, 79, 108.62, 100, 14141, 1164, 715, P0, 0x0000000000000000
2026/09/17 05:00:16.501, 0, 77, 48.13, 0, 14654, 1189, 715, P0, 0x0000000000000000
2026/09/17 05:00:16.504, 1, 78, 145.02, 75, 14141, 1189, 715, P0, 0x0000000000000020
2026/09/17 05:00:17.515, 0, 79, 137.62, 100, 14654, 1151, 715, P0, 0x0000000000000020
2026/09/17 05:00:17.520, 1, 79, 141.06, 100, 14141, 1189, 715, P0, 0x0000000000000020
2026/09/17 05:00:18.531, 0, 79, 99.16, 100, 14654, 860, 715, P0, 0x0000000000000020
2026/09/17 05:00:18.543, 1, 79, 122.00, 100, 14141, 1126, 715, P0, 0x0000000000000020
2026/09/17 05:00:19.547, 0, 78, 48.17, 100, 14654, 1189, 715, P0, 0x0000000000000000
2026/09/17 05:00:19.553, 1, 77, 137.62, 41, 14141, 1227, 715, P0, 0x0000000000000000
2026/09/17 05:00:20.559, 0, 79, 136.64, 100, 14654, 1189, 715, P0, 0x0000000000000020
2026/09/17 05:00:20.562, 1, 80, 157.94, 100, 14141, 1252, 715, P0, 0x0000000000000020
2026/09/17 05:00:21.576, 0, 79, 138.68, 100, 14654, 1189, 715, P0, 0x0000000000000000
2026/09/17 05:00:21.580, 1, 79, 141.06, 100, 14141, 1177, 715, P0, 0x0000000000000020
2026/09/17 05:00:22.587, 0, 79, 95.33, 100, 14654, 1139, 715, P0, 0x0000000000000020
2026/09/17 05:00:22.590, 1, 77, 97.63, 0, 14141, 1189, 715, P0, 0x0000000000000000
2026/09/17 05:00:23.602, 0, 79, 138.08, 100, 14654, 1189, 715, P0, 0x0000000000000000
2026/09/17 05:00:23.605, 1, 80, 153.50, 100, 14141, 1227, 715, P0, 0x0000000000000020
2026/09/17 05:00:24.615, 0, 80, 138.89, 100, 14654, 1202, 715, P0, 0x0000000000000020
2026/09/17 05:00:24.625, 1, 79, 125.23, 100, 14141, 1126, 715, P0, 0x0000000000000020
2026/09/17 05:00:25.632, 0, 79, 111.71, 100, 14654, 1025, 715, P0, 0x0000000000000020
2026/09/17 05:00:25.636, 1, 77, 49.12, 0, 14141, 1189, 715, P0, 0x0000000000000000
2026/09/17 05:00:26.645, 0, 79, 133.02, 100, 14654, 1139, 715, P0, 0x0000000000000000
2026/09/17 05:00:26.648, 1, 79, 142.11, 100, 14141, 1227, 715, P0, 0x0000000000000000
2026/09/17 05:00:27.656, 0, 79, 131.85, 100, 14654, 1139, 715, P0, 0x0000000000000000
2026/09/17 05:00:27.661, 1, 79, 139.18, 100, 14141, 1202, 715, P0, 0x0000000000000000
2026/09/17 05:00:28.671, 0, 79, 133.74, 100, 14654, 1126, 715, P0, 0x0000000000000020
2026/09/17 05:00:28.674, 1, 77, 51.71, 0, 14141, 1240, 715, P0, 0x0000000000000000
2026/09/17 05:00:29.686, 0, 79, 147.02, 100, 14654, 1177, 715, P0, 0x0000000000000020
2026/09/17 05:00:29.689, 1, 80, 161.62, 100, 14141, 1240, 715, P0, 0x0000000000000000
2026/09/17 05:00:30.699, 0, 79, 125.51, 100, 14654, 1101, 715, P0, 0x0000000000000020
2026/09/17 05:00:30.704, 1, 79, 127.53, 100, 14141, 1177, 715, P0, 0x0000000000000000
2026/09/17 05:00:31.714, 0, 79, 125.16, 100, 14654, 1101, 715, P0, 0x0000000000000020
2026/09/17 05:00:31.719, 1, 77, 54.13, 0, 14141, 1290, 715, P0, 0x0000000000000000
2026/09/17 05:00:32.734, 0, 79, 142.60, 100, 14654, 1189, 715, P0, 0x0000000000000000
2026/09/17 05:00:32.739, 1, 79, 149.92, 100, 14141, 1215, 715, P0, 0x0000000000000000
2026/09/17 05:00:33.750, 0, 79, 134.95, 100, 14654, 1126, 715, P0, 0x0000000000000020
2026/09/17 05:00:33.753, 1, 80, 127.63, 100, 14141, 1189, 715, P0, 0x0000000000000000
2026/09/17 05:00:34.768, 0, 79, 115.96, 100, 14654, 1050, 715, P0, 0x0000000000000020
2026/09/17 05:00:34.772, 1, 77, 51.29, 0, 14141, 1227, 715, P0, 0x0000000000000000
2026/09/17 05:00:35.784, 0, 79, 131.43, 60, 14654, 1139, 715, P0, 0x0000000000000020
2026/09/17 05:00:35.787, 1, 80, 167.60, 100, 14141, 1278, 715, P0, 0x0000000000000020
2026/09/17 05:00:36.798, 0, 79, 131.48, 100, 14654, 1139, 715, P0, 0x0000000000000020
2026/09/17 05:00:36.804, 1, 79, 126.06, 100, 14141, 1126, 715, P0, 0x0000000000000020
2026/09/17 05:00:37.811, 0, 80, 130.68, 100, 14654, 1126, 715, P0, 0x0000000000000020
2026/09/17 05:00:37.814, 1, 77, 52.69, 0, 14141, 1265, 715, P0, 0x0000000000000000
2026/09/17 05:00:38.826, 0, 79, 148.92, 100, 14654, 1189, 715, P0, 0x0000000000000020
2026/09/17 05:00:38.829, 1, 79, 156.70, 100, 14141, 1240, 715, P0, 0x0000000000000020
2026/09/17 05:00:39.841, 0, 79, 128.11, 100, 14654, 1113, 715, P0, 0x0000000000000020
2026/09/17 05:00:39.845, 1, 79, 131.73, 100, 14141, 1139, 715, P0, 0x0000000000000020
2026/09/17 05:00:40.855, 0, 79, 130.44, 100, 14654, 1113, 715, P0, 0x0000000000000020
2026/09/17 05:00:40.867, 1, 77, 52.92, 0, 14141, 1252, 715, P0, 0x0000000000000000
2026/09/17 05:00:41.884, 0, 78, 138.95, 42, 14654, 1202, 715, P0, 0x0000000000000000
2026/09/17 05:00:41.887, 1, 79, 157.93, 100, 14141, 1252, 715, P0, 0x0000000000000020
2026/09/17 05:00:42.900, 0, 80, 144.35, 100, 14654, 1177, 715, P0, 0x0000000000000020
2026/09/17 05:00:42.907, 1, 79, 132.55, 100, 14141, 1126, 715, P0, 0x0000000000000020
2026/09/17 05:00:43.917, 0, 79, 126.97, 100, 14654, 1126, 715, P0, 0x0000000000000000
2026/09/17 05:00:43.927, 1, 77, 49.81, 0, 14141, 1189, 715, P0, 0x0000000000000000
2026/09/17 05:00:44.944, 0, 77, 74.41, 0, 14654, 1316, 715, P0, 0x0000000000000000
2026/09/17 05:00:44.947, 1, 79, 148.56, 100, 14141, 1227, 715, P0, 0x0000000000000000
2026/09/17 05:00:45.961, 0, 79, 125.23, 100, 14654, 1189, 715, P0, 0x0000000000000000
2026/09/17 05:00:45.964, 1, 80, 137.85, 100, 14141, 1177, 715, P0, 0x0000000000000000
2026/09/17 05:00:46.974, 0, 80, 121.64, 100, 14654, 1164, 715, P0, 0x0000000000000000
2026/09/17 05:00:46.984, 1, 78, 52.69, 0, 14141, 1252, 715, P0, 0x0000000000000000
2026/09/17 05:00:47.988, 0, 77, 47.94, 0, 14654, 1189, 715, P0, 0x0000000000000000
2026/09/17 05:00:47.991, 1, 79, 122.09, 100, 14141, 1227, 715, P0, 0x0000000000000000
2026/09/17 05:00:49.005, 0, 79, 130.90, 100, 14654, 1101, 715, P0, 0x0000000000000020
2026/09/17 05:00:49.010, 1, 79, 138.25, 100, 14141, 1202, 715, P0, 0x0000000000000020
2026/09/17 05:00:50.019, 0, 79, 124.93, 100, 14654, 1101, 715, P0, 0x0000000000000020
2026/09/17 05:00:50.022, 1, 79, 55.10, 92, 14141, 1265, 715, P0, 0x0000000000000000
2026/09/17 05:00:51.034, 0, 78, 50.03, 0, 14654, 1227, 715, P0, 0x0000000000000000
2026/09/17 05:00:51.039, 1, 79, 156.95, 100, 14141, 1252, 715, P0, 0x0000000000000020
2026/09/17 05:00:52.047, 0, 79, 142.41, 100, 14654, 1189, 715, P0, 0x0000000000000000
2026/09/17 05:00:52.050, 1, 80, 140.57, 100, 14141, 1177, 715, P0, 0x0000000000000020
2026/09/17 05:00:53.062, 0, 79, 110.39, 100, 14654, 1012, 715, P0, 0x0000000000000020
2026/09/17 05:00:53.064, 1, 79, 125.49, 100, 14141, 1101, 715, P0, 0x0000000000000020
2026/09/17 05:00:54.081, 0, 78, 48.42, 96, 14654, 1189, 715, P0, 0x0000000000000000
2026/09/17 05:00:54.084, 1, 77, 134.20, 0, 14141, 1189, 715, P0, 0x0000000000000000
2026/09/17 05:00:55.098, 0, 79, 136.72, 100, 14654, 1189, 715, P0, 0x0000000000000000
2026/09/17 05:00:55.101, 1, 79, 154.60, 100, 14141, 1227, 715, P0, 0x0000000000000020
2026/09/17 05:00:56.108, 0, 79, 121.24, 100, 14654, 1189, 715, P0, 0x0000000000000000
2026/09/17 05:00:56.111, 1, 79, 130.06, 100, 14141, 1139, 715, P0, 0x0000000000000020
2026/09/17 05:00:57.123, 0, 79, 120.19, 100, 14654, 1189, 715, P0, 0x0000000000000000
2026/09/17 05:00:57.126, 1, 77, 55.34, 0, 14141, 1316, 715, P0, 0x0000000000000000
2026/09/17 05:00:58.135, 0, 79, 142.65, 100, 14654, 1189, 715, P0, 0x0000000000000020
2026/09/17 05:00:58.140, 1, 79, 141.10, 100, 14141, 1215, 715, P0, 0x0000000000000020
2026/09/17 05:00:59.150, 0, 79, 132.07, 100, 14654, 1139, 715, P0, 0x0000000000000000
2026/09/17 05:00:59.153, 1, 79, 139.43, 100, 14141, 1189, 715, P0, 0x0000000000000000
2026/09/17 05:01:00.166, 0, 79, 115.50, 100, 14654, 1050, 715, P0, 0x0000000000000020
2026/09/17 05:01:00.169, 1, 77, 49.12, 0, 14141, 1189, 715, P0, 0x0000000000000000
2026/09/17 05:01:01.179, 0, 79, 132.51, 100, 14654, 1126, 715, P0, 0x0000000000000020
2026/09/17 05:01:01.185, 1, 80, 149.10, 100, 14141, 1252, 715, P0, 0x0000000000000000
2026/09/17 05:01:02.190, 0, 79, 133.28, 100, 14654, 1113, 715, P0, 0x0000000000000020
2026/09/17 05:01:02.193, 1, 79, 135.95, 100, 14141, 1227, 715, P0, 0x0000000000000020
2026/09/17 05:01:03.203, 0, 79, 131.57, 100, 14654, 1139, 715, P0, 0x0000000000000000
2026/09/17 05:01:03.207, 1, 77, 55.78, 0, 14141, 1316, 715, P0, 0x0000000000000000
2026/09/17 05:01:04.218, 0, 79, 141.18, 66, 14654, 1177, 715, P0, 0x0000000000000020
2026/09/17 05:01:04.225, 1, 80, 151.35, 100, 14141, 1215, 715, P0, 0x0000000000000020
2026/09/17 05:01:05.229, 0, 79, 112.45, 100, 14654, 1037, 715, P0, 0x0000000000000020
2026/09/17 05:01:05.232, 1, 79, 136.79, 100, 14141, 1139, 715, P0, 0x0000000000000020
2026/09/17 05:01:06.242, 0, 79, 111.24, 100, 14654, 1075, 715, P0, 0x0000000000000020
2026/09/17 05:01:06.245, 1, 77, 49.85, 0, 14141, 1189, 715, P0, 0x0000000000000000
2026/09/17 05:01:07.258, 0, 77, 48.31, 0, 14654, 1189, 715, P0, 0x0000000000000000
2026/09/17 05:01:07.261, 1, 79, 164.95, 100, 14141, 1303, 715, P0, 0x0000000000000000
2026/09/17 05:01:08.270, 0, 79, 131.40, 100, 14654, 1139, 715, P0, 0x0000000000000000
2026/09/17 05:01:08.274, 1, 79, 125.12, 100, 14141, 1113, 715, P0, 0x0000000000000020
2026/09/17 05:01:09.299, 0, 79, 133.26, 100, 14654, 1139, 715, P0, 0x0000000000000000
2026/09/17 05:01:09.302, 1, 78, 54.37, 77, 14141, 1290, 715, P0, 0x0000000000000000
2026/09/17 05:01:10.314, 0, 77, 48.61, 0, 14654, 1202, 715, P0, 0x0000000000000000
2026/09/17 05:01:10.317, 1, 79, 149.72, 100, 14141, 1227, 715, P0, 0x0000000000000020
2026/09/17 05:01:11.327, 0, 79, 132.71, 100, 14654, 1139, 715, P0, 0x0000000000000000
2026/09/17 05:01:11.330, 1, 79, 114.24, 100, 14141, 1177, 715, P0, 0x0000000000000000
2026/09/17 05:01:12.343, 0, 80, 133.67, 100, 14654, 1075, 715, P0, 0x0000000000000020
2026/09/17 05:01:12.349, 1, 79, 118.65, 100, 14141, 1189, 715, P0, 0x0000000000000000
2026/09/17 05:01:13.360, 0, 77, 48.13, 17, 14654, 1189, 715, P0, 0x0000000000000000
2026/09/17 05:01:13.363, 1, 79, 149.96, 69, 14141, 1227, 715, P0, 0x0000000000000020
2026/09/17 05:01:14.375, 0, 79, 132.06, 100, 14654, 1139, 715, P0, 0x0000000000000020
2026/09/17 05:01:14.378, 1, 79, 141.57, 100, 14141, 1189, 715, P0, 0x0000000000000000
2026/09/17 05:01:15.389, 0, 79, 132.18, 100, 14654, 1126, 715, P0, 0x0000000000000020
2026/09/17 05:01:15.392, 1, 79, 122.49, 100, 14141, 1101, 715, P0, 0x0000000000000020
2026/09/17 05:01:16.401, 0, 78, 47.90, 100, 14654, 1189, 715, P0, 0x0000000000000000
2026/09/17 05:01:16.403, 1, 78, 141.92, 0, 14141, 1189, 715, P0, 0x0000000000000020
2026/09/17 05:01:17.419, 0, 79, 136.99, 100, 14654, 1189, 715, P0, 0x0000000000000020
2026/09/17 05:01:17.423, 1, 79, 141.07, 100, 14141, 1189, 715, P0, 0x0000000000000020
2026/09/17 05:01:18.435, 0, 79, 133.04, 100, 14654, 1164, 715, P0, 0x0000000000000020
2026/09/17 05:01:18.437, 1, 79, 135.68, 100, 14141, 1139, 715, P0, 0x0000000000000020
2026/09/17 05:01:19.452, 0, 79, 121.18, 100, 14654, 1075, 715, P0, 0x0000000000000000
2026/09/17 05:01:19.455, 1, 77, 50.76, 0, 14141, 1227, 715, P0, 0x0000000000000000
2026/09/17 05:01:20.469, 0, 79, 138.72, 100, 14654, 1151, 715, P0, 0x0000000000000020
2026/09/17 05:01:20.472, 1, 79, 134.23, 100, 14141, 1252, 715, P0, 0x0000000000000000
2026/09/17 05:01:21.483, 0, 79, 133.76, 100, 14654, 1139, 715, P0, 0x0000000000000020
2026/09/17 05:01:21.486, 1, 79, 133.55, 100, 14141, 1189, 715, P0, 0x0000000000000000
2026/09/17 05:01:22.496, 0, 79, 123.75, 100, 14654, 1088, 715, P0, 0x0000000000000020
2026/09/17 05:01:22.506, 1, 77, 49.31, 0, 14141, 1189, 715, P0, 0x0000000000000000
2026/09/17 05:01:23.525, 0, 79, 138.07, 100, 14654, 1164, 715, P0, 0x0000000000000020
2026/09/17 05:01:23.528, 1, 79, 157.45, 100, 14141, 1227, 715, P0, 0x0000000000000020
2026/09/17 05:01:24.540, 0, 79, 118.13, 100, 14654, 1075, 715, P0, 0x0000000000000020
2026/09/17 05:01:24.545, 1, 79, 140.98, 100, 14141, 1189, 715, P0, 0x0000000000000000
2026/09/17 05:01:25.552, 0, 79, 122.15, 100, 14654, 1126, 715, P0, 0x0000000000000020
2026/09/17 05:01:25.555, 1, 77, 49.58, 0, 14141, 1189, 715, P0, 0x0000000000000000
2026/09/17 05:01:26.566, 0, 77, 74.71, 0, 14654, 1316, 715, P0, 0x0000000000000000
2026/09/17 05:01:26.568, 1, 79, 150.52, 100, 14141, 1227, 715, P0, 0x0000000000000000
2026/09/17 05:01:27.581, 0, 79, 117.77, 100, 14654, 1164, 715, P0, 0x0000000000000000
2026/09/17 05:01:27.585, 1, 79, 148.05, 100, 14141, 1202, 715, P0, 0x0000000000000020
2026/09/17 05:01:28.599, 0, 79, 126.40, 100, 14654, 1075, 715, P0, 0x0000000000000020
2026/09/17 05:01:28.603, 1, 78, 49.83, 100, 14141, 1189, 715, P0, 0x0000000000000000
2026/09/17 05:01:29.615, 0, 77, 52.00, 0, 14654, 1265, 715, P0, 0x0000000000000000
2026/09/17 05:01:29.624, 1, 78, 145.40, 100, 14141, 1202, 715, P0, 0x0000000000000000
2026/09/17 05:01:30.629, 0, 79, 138.19, 100, 14654, 1139, 715, P0, 0x0000000000000020
2026/09/17 05:01:30.632, 1, 80, 139.17, 100, 14141, 1164, 715, P0, 0x0000000000000020
2026/09/17 05:01:31.640, 0, 79, 123.54, 100, 14654, 1088, 715, P0, 0x0000000000000020
2026/09/17 05:01:31.647, 1, 80, 135.71, 100, 14141, 1101, 715, P0, 0x0000000000000020
2026/09/17 05:01:32.654, 0, 78, 48.63, 7, 14654, 1189, 715, P0, 0x0000000000000000
2026/09/17 05:01:32.658, 1, 78, 139.06, 81, 14141, 1189, 715, P0, 0x0000000000000000
2026/09/17 05:01:33.668, 0, 79, 142.40, 100, 14654, 1189, 715, P0, 0x0000000000000020
2026/09/17 05:01:33.671, 1, 79, 146.67, 100, 14141, 1202, 715, P0, 0x0000000000000020
2026/09/17 05:01:34.680, 0, 79, 129.09, 100, 14654, 1139, 715, P0, 0x0000000000000020
2026/09/17 05:01:34.685, 1, 79, 124.88, 100, 14141, 1113, 715, P0, 0x0000000000000020
2026/09/17 05:01:35.695, 0, 79, 128.57, 100, 14654, 1177, 715, P0, 0x0000000000000000
2026/09/17 05:01:35.704, 1, 77, 48.85, 0, 14141, 1189, 715, P0, 0x0000000000000000
2026/09/17 05:01:36.724, 0, 79, 140.57, 100, 14654, 1164, 715, P0, 0x0000000000000000
2026/09/17 05:01:36.727, 1, 79, 142.71, 100, 14141, 1202, 715, P0, 0x0000000000000000
2026/09/17 05:01:37.737, 0, 79, 126.60, 100, 14654, 1088, 715, P0, 0x0000000000000020
2026/09/17 05:01:37.743, 1, 79, 140.65, 100, 14141, 1189, 715, P0, 0x0000000000000020
2026/09/17 05:01:38.750, 0, 80, 125.27, 100, 14654, 1101, 715, P0, 0x0000000000000020
2026/09/17 05:01:38.753, 1, 77, 51.72, 0, 14141, 1240, 715, P0, 0x0000000000000000
2026/09/17 05:01:39.763, 0, 78, 122.22, 100, 14654, 1101, 715, P0, 0x0000000000000000
2026/09/17 05:01:39.766, 1, 80, 164.65, 100, 14141, 1252, 715, P0, 0x0000000000000020
2026/09/17 05:01:40.776, 0, 79, 128.47, 100, 14654, 1113, 715, P0, 0x0000000000000020
2026/09/17 05:01:40.783, 1, 80, 141.57, 100, 14141, 1189, 715, P0, 0x0000000000000020
2026/09/17 05:01:41.791, 0, 79, 124.04, 100, 14654, 1139, 715, P0, 0x0000000000000020
2026/09/17 05:01:41.794, 1, 78, 54.86, 0, 14141, 1290, 715, P0, 0x0000000000000000
2026/09/17 05:01:42.806, 0, 77, 74.51, 0, 14654, 1316, 715, P0, 0x0000000000000000
2026/09/17 05:01:42.809, 1, 79, 147.62, 100, 14141, 1215, 715, P0, 0x0000000000000000
2026/09/17 05:01:43.820, 0, 79, 110.50, 100, 14654, 1113, 715, P0, 0x0000000000000000
2026/09/17 05:01:43.826, 1, 79, 147.85, 100, 14141, 1252, 715, P0, 0x0000000000000020
2026/09/17 05:01:44.838, 0, 79, 132.78, 100, 14654, 1101, 715, P0, 0x0000000000000020
2026/09/17 05:01:44.841, 1, 78, 54.58, 53, 14141, 1316, 715, P0, 0x0000000000000020
2026/09/17 05:01:45.852, 0, 77, 48.60, 0, 14654, 1189, 715, P0, 0x0000000000000000
2026/09/17 05:01:45.858, 1, 79, 149.48, 100, 14141, 1227, 715, P0, 0x0000000000000000
2026/09/17 05:01:46.864, 0, 80, 143.10, 100, 14654, 1177, 715, P0, 0x0000000000000020
2026/09/17 05:01:46.867, 1, 80, 141.04, 100, 14141, 1177, 715, P0, 0x0000000000000020
2026/09/17 05:01:47.876, 0, 79, 123.06, 100, 14654, 1101, 715, P0, 0x0000000000000020
2026/09/17 05:01:47.881, 1, 79, 140.48, 100, 14141, 1177, 715, P0, 0x0000000000000020
2026/09/17 05:01:48.891, 0, 78, 54.08, 43, 14654, 1316, 715, P0, 0x0000000000000020
2026/09/17 05:01:48.897, 1, 78, 162.10, 47, 14141, 1265, 715, P0, 0x0000000000000020
2026/09/17 05:01:49.905, 0, 79, 139.91, 100, 14654, 1202, 715, P0, 0x0000000000000020
2026/09/17 05:01:49.909, 1, 80, 124.77, 100, 14141, 1113, 715, P0, 0x0000000000000000
2026/09/17 05:01:50.917, 0, 79, 107.76, 100, 14654, 999, 715, P0, 0x0000000000000000
2026/09/17 05:01:50.922, 1, 79, 124.54, 100, 14141, 1113, 715, P0, 0x0000000000000020
2026/09/17 05:01:51.935, 0, 79, 107.14, 100, 14654, 961, 715, P0, 0x0000000000000020
2026/09/17 05:01:51.940, 1, 77, 48.89, 0, 14141, 1189, 715, P0, 0x0000000000000000
2026/09/17 05:01:52.952, 0, 78, 122.21, 100, 14654, 1088, 715, P0, 0x0000000000000020
2026/09/17 05:01:52.959, 1, 80, 170.50, 100, 14141, 1278, 715, P0, 0x0000000000000000
2026/09/17 05:01:53.980, 0, 79, 127.89, 100, 14654, 1113, 715, P0, 0x0000000000000020
2026/09/17 05:01:53.984, 1, 79, 126.06, 100, 14141, 1126, 715, P0, 0x0000000000000020
2026/09/17 05:01:54.998, 0, 79, 136.86, 100, 14654, 1139, 715, P0, 0x0000000000000020
2026/09/17 05:01:55.001, 1, 77, 49.54, 0, 14141, 1189, 715, P0, 0x0000000000000000
2026/09/17 05:01:56.014, 0, 77, 139.75, 0, 14654, 1189, 715, P0, 0x0000000000000000
2026/09/17 05:01:56.017, 1, 79, 160.07, 100, 14141, 1252, 715, P0, 0x0000000000000000
2026/09/17 05:01:57.029, 0, 79, 135.59, 100, 14654, 1189, 715, P0, 0x0000000000000000
2026/09/17 05:01:57.037, 1, 80, 140.11, 100, 14141, 1177, 715, P0, 0x0000000000000020
2026/09/17 05:01:58.046, 0, 80, 123.33, 100, 14654, 1126, 715, P0, 0x0000000000000020
2026/09/17 05:01:58.049, 1, 78, 50.33, 33, 14141, 1189, 715, P0, 0x0000000000000000
2026/09/17 05:01:59.075, 0, 77, 51.72, 0, 14654, 1265, 715, P0, 0x0000000000000000
2026/09/17 05:01:59.078, 1, 79, 149.24, 100, 14141, 1215, 715, P0, 0x0000000000000020
2026/09/17 05:02:00.089, 0, 79, 131.60, 100, 14654, 1101, 715, P0, 0x0000000000000020
2026/09/17 05:02:00.099, 1, 79, 131.00, 100, 14141, 1215, 715, P0, 0x0000000000000000
2026/09/17 05:02:01.104, 0, 79, 128.59, 100, 14654, 1113, 715, P0, 0x0000000000000020
2026/09/17 05:02:01.107, 1, 79, 131.73, 100, 14141, 1126, 715, P0, 0x0000000000000020
2026/09/17 05:02:02.122, 0, 78, 53.41, 64, 14654, 1303, 715, P0, 0x0000000000000000
2026/09/17 05:02:02.126, 1, 78, 149.86, 33, 14141, 1227, 715, P0, 0x0000000000000020
2026/09/17 05:02:03.139, 0, 79, 152.08, 100, 14654, 1215, 715, P0, 0x0000000000000020
2026/09/17 05:02:03.142, 1, 80, 150.62, 100, 14141, 1227, 715, P0, 0x0000000000000020
2026/09/17 05:02:04.155, 0, 79, 135.42, 100, 14654, 1151, 715, P0, 0x0000000000000020
2026/09/17 05:02:04.158, 1, 79, 138.22, 100, 14141, 1177, 715, P0, 0x0000000000000000
2026/09/17 05:02:05.169, 0, 79, 129.00, 100, 14654, 1113, 715, P0, 0x0000000000000020
2026/09/17 05:02:05.177, 1, 77, 54.85, 0, 14141, 1303, 715, P0, 0x0000000000000000
2026/09/17 05:02:06.182, 0, 79, 132.20, 100, 14654, 1139, 715, P0, 0x0000000000000000
2026/09/17 05:02:06.184, 1, 79, 144.16, 100, 14141, 1202, 715, P0, 0x0000000000000020
2026/09/17 05:02:07.193, 0, 79, 133.51, 100, 14654, 1126, 715, P0, 0x0000000000000020
2026/09/17 05:02:07.196, 1, 79, 136.16, 100, 14141, 1139, 715, P0, 0x0000000000000020
2026/09/17 05:02:08.205, 0, 80, 131.66, 100, 14654, 1139, 715, P0, 0x0000000000000020
2026/09/17 05:02:08.208, 1, 77, 49.54, 0, 14141, 1189, 715, P0, 0x0000000000000000
2026/09/17 05:02:09.219, 0, 78, 137.35, 0, 14654, 1189, 715, P0, 0x0000000000000020
2026/09/17 05:02:09.222, 1, 79, 156.97, 100, 14141, 1252, 715, P0, 0x0000000000000020
2026/09/17 05:02:10.235, 0, 79, 124.98, 100, 14654, 1113, 715, P0, 0x0000000000000020
2026/09/17 05:02:10.238, 1, 80, 140.24, 100, 14141, 1189, 715, P0, 0x0000000000000020
2026/09/17 05:02:11.248, 0, 79, 112.18, 100, 14654, 1101, 715, P0, 0x0000000000000020
2026/09/17 05:02:11.258, 1, 78, 50.34, 4, 14141, 1189, 715, P0, 0x0000000000000000
2026/09/17 05:02:12.263, 0, 77, 51.27, 0, 14654, 1252, 715, P0, 0x0000000000000000
2026/09/17 05:02:12.266, 1, 79, 145.67, 100, 14141, 1189, 715, P0, 0x0000000000000020
2026/09/17 05:02:13.281, 0, 79, 139.28, 100, 14654, 1164, 715, P0, 0x0000000000000000
2026/09/17 05:02:13.284, 1, 79, 146.94, 100, 14141, 1189, 715, P0, 0x0000000000000020
2026/09/17 05:02:14.298, 0, 79, 117.68, 100, 14654, 1075, 715, P0, 0x0000000000000020
2026/09/17 05:02:14.301, 1, 79, 126.59, 100, 14141, 1126, 715, P0, 0x0000000000000020
2026/09/17 05:02:15.310, 0, 78, 51.73, 78, 14654, 1252, 715, P0, 0x0000000000000000
2026/09/17 05:02:15.313, 1, 77, 141.18, 18, 14141, 1189, 715, P0, 0x0000000000000000
2026/09/17 05:02:16.322, 0, 79, 132.84, 100, 14654, 1189, 715, P0, 0x0000000000000000
2026/09/17 05:02:16.326, 1, 80, 122.23, 100, 14141, 1113, 715, P0, 0x0000000000000000
2026/09/17 05:02:17.340, 0, 79, 116.69, 100, 14654, 1088, 715, P0, 0x0000000000000020
2026/09/17 05:02:17.343, 1, 79, 137.27, 100, 14141, 1177, 715, P0, 0x0000000000000020
2026/09/17 05:02:18.354, 0, 79, 124.30, 100, 14654, 1088, 715, P0, 0x0000000000000020
2026/09/17 05:02:18.357, 1, 77, 49.58, 0, 14141, 1202, 715, P0, 0x0000000000000000
2026/09/17 05:02:19.370, 0, 79, 138.79, 100, 14654, 1164, 715, P0, 0x0000000000000020
2026/09/17 05:02:19.374, 1, 79, 150.18, 100, 14141, 1215, 715, P0, 0x0000000000000020
2026/09/17 05:02:20.385, 0, 79, 122.58, 100, 14654, 1088, 715, P0, 0x0000000000000020
2026/09/17 05:02:20.393, 1, 80, 140.25, 100, 14141, 1139, 715, P0, 0x0000000000000020
2026/09/17 05:02:21.414, 0, 79, 124.23, 100, 14654, 1126, 715, P0, 0x0000000000000000
2026/09/17 05:02:21.416, 1, 78, 52.93, 0, 14141, 1265, 715, P0, 0x0000000000000000
2026/09/17 05:02:22.425, 0, 77, 75.67, 0, 14654, 1278, 715, P0, 0x0000000000000000
2026/09/17 05:02:22.431, 1, 79, 150.63, 100, 14141, 1240, 715, P0, 0x0000000000000000
2026/09/17 05:02:23.440, 0, 80, 139.06, 100, 14654, 1139, 715, P0, 0x0000000000000020
2026/09/17 05:02:23.442, 1, 79, 140.60, 100, 14141, 1177, 715, P0, 0x0000000000000020
2026/09/17 05:02:24.454, 0, 79, 123.58, 100, 14654, 1088, 715, P0, 0x0000000000000020
2026/09/17 05:02:24.457, 1, 79, 50.29, 100, 14141, 1189, 715, P0, 0x0000000000000000
2026/09/17 05:02:25.472, 0, 78, 53.88, 0, 14654, 1303, 715, P0, 0x0000000000000000
2026/09/17 05:02:25.475, 1, 79, 149.62, 100, 14141, 1227, 715, P0, 0x0000000000000020
2026/09/17 05:02:26.487, 0, 79, 138.32, 100, 14654, 1164, 715, P0, 0x0000000000000020
2026/09/17 05:02:26.494, 1, 80, 150.18, 100, 14141, 1215, 715, P0, 0x0000000000000020
2026/09/17 05:02:27.504, 0, 79, 127.86, 100, 14654, 1113, 715, P0, 0x0000000000000020
2026/09/17 05:02:27.508, 1, 79, 134.51, 100, 14141, 1139, 715, P0, 0x0000000000000020
2026/09/17 05:02:28.518, 0, 79, 79.65, 100, 14654, 1139, 715, P0, 0x0000000000000020
2026/09/17 05:02:28.521, 1, 77, 132.02, 0, 14141, 1316, 715, P0, 0x0000000000000000
2026/09/17 05:02:29.531, 0, 79, 127.51, 100, 14654, 1164, 715, P0, 0x0000000000000000
2026/09/17 05:02:29.536, 1, 79, 148.74, 100, 14141, 1252, 715, P0, 0x0000000000000020
2026/09/17 05:02:30.546, 0, 79, 123.53, 100, 14654, 1088, 715, P0, 0x0000000000000020
2026/09/17 05:02:30.556, 1, 79, 147.95, 100, 14141, 1227, 715, P0, 0x0000000000000020
2026/09/17 05:02:31.562, 0, 79, 119.01, 100, 14654, 1075, 715, P0, 0x0000000000000020
2026/09/17 05:02:31.565, 1, 77, 52.46, 0, 14141, 1252, 715, P0, 0x0000000000000000
2026/09/17 05:02:32.573, 0, 79, 138.03, 80, 14654, 1164, 715, P0, 0x0000000000000020
2026/09/17 05:02:32.576, 1, 79, 164.73, 100, 14141, 1252, 715, P0, 0x0000000000000020
2026/09/17 05:02:33.586, 0, 80, 141.87, 100, 14654, 1164, 715, P0, 0x0000000000000020
2026/09/17 05:02:33.594, 1, 79, 108.01, 100, 14141, 1012, 715, P0, 0x0000000000000020
2026/09/17 05:02:34.600, 0, 79, 129.99, 100, 14654, 1139, 715, P0, 0x0000000000000020
2026/09/17 05:02:34.604, 1, 78, 53.86, 66, 14141, 1290, 715, P0, 0x0000000000000000
2026/09/17 05:02:35.615, 0, 77, 47.70, 0, 14654, 1189, 715, P0, 0x0000000000000000
2026/09/17 05:02:35.618, 1, 78, 124.19, 100, 14141, 1189, 715, P0, 0x0000000000000000
2026/09/17 05:02:36.628, 0, 80, 143.12, 100, 14654, 1177, 715, P0, 0x0000000000000020
2026/09/17 05:02:36.634, 1, 80, 131.81, 100, 14141, 1202, 715, P0, 0x0000000000000000
2026/09/17 05:02:37.643, 0, 79, 131.14, 100, 14654, 1101, 715, P0, 0x0000000000000020
2026/09/17 05:02:37.654, 1, 79, 131.01, 100, 14141, 1139, 715, P0, 0x0000000000000000
2026/09/17 05:02:38.673, 0, 78, 48.38, 18, 14654, 1189, 715, P0, 0x0000000000000000
2026/09/17 05:02:38.676, 1, 78, 143.75, 0, 14141, 1189, 715, P0, 0x0000000000000000
2026/09/17 05:02:39.688, 0, 79, 135.12, 100, 14654, 1164, 715, P0, 0x0000000000000020
2026/09/17 05:02:39.691, 1, 79, 140.61, 100, 14141, 1189, 715, P0, 0x0000000000000020
2026/09/17 05:02:40.706, 0, 79, 122.70, 100, 14654, 1101, 715, P0, 0x0000000000000000
2026/09/17 05:02:40.712, 1, 79, 125.47, 100, 14141, 1126, 715, P0, 0x0000000000000020
2026/09/17 05:02:41.735, 0, 79, 123.58, 100, 14654, 1101, 715, P0, 0x0000000000000020
2026/09/17 05:02:41.738, 1, 77, 49.10, 0, 14141, 1189, 715, P0, 0x0000000000000000
2026/09/17 05:02:42.751, 0, 79, 140.43, 100, 14654, 1177, 715, P0, 0x0000000000000000
2026/09/17 05:02:42.754, 1, 79, 156.97, 100, 14141, 1227, 715, P0, 0x0000000000000020
2026/09/17 05:02:43.764, 0, 80, 129.34, 100, 14654, 1113, 715, P0, 0x0000000000000020
2026/09/17 05:02:43.771, 1, 79, 116.58, 100, 14141, 1088, 715, P0, 0x0000000000000000
2026/09/17 05:02:44.793, 0, 79, 123.55, 100, 14654, 1075, 715, P0, 0x0000000000000020
2026/09/17 05:02:44.796, 1, 77, 56.51, 0, 14141, 1316, 715, P0, 0x0000000000000000
2026/09/17 05:02:45.807, 0, 77, 52.93, 0, 14654, 1290, 715, P0, 0x0000000000000000
2026/09/17 05:02:45.810, 1, 79, 142.31, 100, 14141, 1227, 715, P0, 0x0000000000000000
2026/09/17 05:02:46.821, 0, 79, 131.10, 100, 14654, 1126, 715, P0, 0x0000000000000000
2026/09/17 05:02:46.824, 1, 79, 142.77, 100, 14141, 1202, 715, P0, 0x0000000000000000
2026/09/17 05:02:47.834, 0, 79, 133.24, 100, 14654, 1126, 715, P0, 0x0000000000000020
2026/09/17 05:02:47.836, 1, 79, 76.65, 100, 14141, 1189, 715, P0, 0x0000000000000000
2026/09/17 05:02:48.846, 0, 78, 50.30, 81, 14654, 1215, 715, P0, 0x0000000000000000
2026/09/17 05:02:48.849, 1, 78, 148.45, 37, 14141, 1227, 715, P0, 0x0000000000000000
2026/09/17 05:02:49.860, 0, 79, 135.69, 100, 14654, 1177, 715, P0, 0x0000000000000000
2026/09/17 05:02:49.865, 1, 80, 154.00, 100, 14141, 1189, 715, P0, 0x0000000000000020
2026/09/17 05:02:50.874, 0, 79, 125.63, 100, 14654, 1189, 715, P0, 0x0000000000000000
2026/09/17 05:02:50.876, 1, 79, 139.27, 100, 14141, 1177, 715, P0, 0x0000000000000020
2026/09/17 05:02:51.887, 0, 79, 114.28, 100, 14654, 1063, 715, P0, 0x0000000000000000
2026/09/17 05:02:51.895, 1, 77, 52.94, 0, 14141, 1278, 715, P0, 0x0000000000000000
2026/09/17 05:02:52.902, 0, 79, 131.19, 100, 14654, 1126, 715, P0, 0x0000000000000020
2026/09/17 05:02:52.905, 1, 80, 168.10, 100, 14141, 1265, 715, P0, 0x0000000000000020
2026/09/17 05:02:53.922, 0, 79, 131.36, 100, 14654, 1126, 715, P0, 0x0000000000000020
2026/09/17 05:02:53.925, 1, 79, 138.32, 100, 14141, 1164, 715, P0, 0x0000000000000020
2026/09/17 05:02:54.931, 0, 80, 137.35, 100, 14654, 1177, 715, P0, 0x0000000000000020
2026/09/17 05:02:54.934, 1, 77, 49.78, 0, 14141, 1189, 715, P0, 0x0000000000000000
2026/09/17 05:02:55.947, 0, 77, 47.65, 0, 14654, 1189, 715, P0, 0x0000000000000000
2026/09/17 05:02:55.950, 1, 79, 150.15, 100, 14141, 1265, 715, P0, 0x0000000000000020
2026/09/17 05:02:56.962, 0, 79, 129.90, 100, 14654, 1101, 715, P0, 0x0000000000000020
2026/09/17 05:02:56.972, 1, 80, 149.35, 100, 14141, 1252, 715, P0, 0x0000000000000020
2026/09/17 05:02:57.991, 0, 79, 125.13, 100, 14654, 1101, 715, P0, 0x0000000000000020
2026/09/17 05:02:57.994, 1, 79, 67.83, 100, 14141, 1189, 715, P0, 0x0000000000000000
2026/09/17 05:02:59.002, 0, 78, 48.38, 25, 14654, 1189, 715, P0, 0x0000000000000000
2026/09/17 05:02:59.006, 1, 79, 149.72, 94, 14141, 1227, 715, P0, 0x0000000000000000
2026/09/17 05:03:00.017, 0, 79, 147.08, 100, 14654, 1189, 715, P0, 0x0000000000000020
2026/09/17 05:03:00.020, 1, 79, 136.29, 100, 14141, 1151, 715, P0, 0x0000000000000020
2026/09/17 05:03:01.036, 0, 79, 126.21, 100, 14654, 1113, 715, P0, 0x0000000000000020
2026/09/17 05:03:01.039, 1, 79, 130.30, 100, 14141, 1139, 715, P0, 0x0000000000000020
2026/09/17 05:03:02.063, 0, 79, 122.37, 100, 14654, 1075, 715, P0, 0x0000000000000000
2026/09/17 05:03:02.066, 1, 77, 55.57, 0, 14141, 1316, 715, P0, 0x0000000000000000
2026/09/17 05:03:03.077, 0, 79, 132.65, 100, 14654, 1139, 715, P0, 0x0000000000000020
2026/09/17 05:03:03.080, 1, 80, 161.53, 100, 14141, 1240, 715, P0, 0x0000000000000000
2026/09/17 05:03:04.094, 0, 79, 127.53, 100, 14654, 1101, 715, P0, 0x0000000000000020
2026/09/17 05:03:04.097, 1, 79, 140.47, 100, 14141, 1177, 715, P0, 0x0000000000000020
2026/09/17 05:03:05.107, 0, 79, 127.56, 100, 14654, 1101, 715, P0, 0x0000000000000020
2026/09/17 05:03:05.118, 1, 78, 56.74, 0, 14141, 1316, 715, P0, 0x0000000000000000
2026/09/17 05:03:06.122, 0, 77, 107.02, 0, 14654, 1189, 715, P0, 0x0000000000000000
2026/09/17 05:03:06.125, 1, 79, 164.68, 100, 14141, 1328, 715, P0, 0x0000000000000000
2026/09/17 05:03:07.135, 0, 80, 141.95, 100, 14654, 1164, 715, P0, 0x0000000000000000
2026/09/17 05:03:07.138, 1, 79, 134.38, 100, 14141, 1189, 715, P0, 0x0000000000000020
2026/09/17 05:03:08.149, 0, 79, 126.07, 100, 14654, 1075, 715, P0, 0x0000000000000020
2026/09/17 05:03:08.154, 1, 79, 113.30, 100, 14141, 1177, 715, P0, 0x0000000000000000
2026/09/17 05:03:09.163, 0, 78, 48.37, 22, 14654, 1189, 715, P0, 0x0000000000000000
2026/09/17 05:03:09.165, 1, 79, 156.50, 100, 14141, 1240, 715, P0, 0x0000000000000000
2026/09/17 05:03:10.178, 0, 79, 146.84, 100, 14654, 1189, 715, P0, 0x0000000000000020
2026/09/17 05:03:10.181, 1, 79, 140.23, 100, 14141, 1177, 715, P0, 0x0000000000000020
2026/09/17 05:03:11.190, 0, 79, 118.17, 100, 14654, 1088, 715, P0, 0x0000000000000020
2026/09/17 05:03:11.196, 1, 79, 121.86, 100, 14141, 1101, 715, P0, 0x0000000000000020
2026/09/17 05:03:12.206, 0, 79, 116.91, 100, 14654, 1063, 715, P0, 0x0000000000000020
2026/09/17 05:03:12.214, 1, 77, 54.87, 0, 14141, 1303, 715, P0, 0x0000000000000000
2026/09/17 05:03:13.219, 0, 79, 130.06, 100, 14654, 1126, 715, P0, 0x0000000000000000
2026/09/17 05:03:13.222, 1, 79, 149.82, 100, 14141, 1202, 715, P0, 0x0000000000000000
2026/09/17 05:03:14.235, 0, 79, 131.25, 100, 14654, 1126, 715, P0, 0x0000000000000020
2026/09/17 05:03:14.238, 1, 80, 149.82, 100, 14141, 1126, 715, P0, 0x0000000000000020
2026/09/17 05:03:15.250, 0, 78, 99.95, 100, 14654, 885, 715, P0, 0x0000000000000000
2026/09/17 05:03:15.260, 1, 78, 55.65, 0, 14141, 1303, 715, P0, 0x0000000000000000
2026/09/17 05:03:16.267, 0, 77, 53.85, 0, 14654, 1303, 715, P0, 0x0000000000000000
2026/09/17 05:03:16.272, 1, 79, 159.31, 79, 14141, 1252, 715, P0, 0x0000000000000020
2026/09/17 05:03:17.282, 0, 79, 137.12, 100, 14654, 1151, 715, P0, 0x0000000000000020
2026/09/17 05:03:17.285, 1, 80, 149.94, 100, 14141, 1202, 715, P0, 0x0000000000000020
2026/09/17 05:03:18.298, 0, 79, 134.34, 100, 14654, 1189, 715, P0, 0x0000000000000020
2026/09/17 05:03:18.302, 1, 79, 122.73, 100, 14141, 1101, 715, P0, 0x0000000000000020
2026/09/17 05:03:19.314, 0, 79, 131.90, 100, 14654, 1139, 715, P0, 0x0000000000000000
2026/09/17 05:03:19.317, 1, 77, 49.06, 0, 14141, 1189, 715, P0, 0x0000000000000000
2026/09/17 05:03:20.327, 0, 79, 142.12, 100, 14654, 1177, 715, P0, 0x0000000000000020
2026/09/17 05:03:20.336, 1, 79, 150.88, 100, 14141, 1202, 715, P0, 0x0000000000000020
2026/09/17 05:03:21.344, 0, 80, 138.23, 100, 14654, 1151, 715, P0, 0x0000000000000020
2026/09/17 05:03:21.347, 1, 79, 131.87, 100, 14141, 1139, 715, P0, 0x0000000000000020
2026/09/17 05:03:22.359, 0, 79, 126.22, 100, 14654, 1101, 715, P0, 0x0000000000000020
2026/09/17 05:03:22.363, 1, 77, 49.83, 0, 14141, 1189, 715, P0, 0x0000000000000000
2026/09/17 05:03:23.372, 0, 77, 47.38, 0, 14654, 1189, 715, P0, 0x0000000000000000
2026/09/17 05:03:23.375, 1, 79, 161.18, 100, 14141, 1303, 715, P0, 0x0000000000000000
2026/09/17 05:03:24.386, 0, 80, 141.57, 100, 14654, 1164, 715, P0, 0x0000000000000020
2026/09/17 05:03:24.395, 1, 79, 130.51, 100, 14141, 1139, 715, P0, 0x0000000000000020
2026/09/17 05:03:25.401, 0, 79, 114.15, 100, 14654, 1050, 715, P0, 0x0000000000000020
2026/09/17 05:03:25.405, 1, 79, 125.40, 100, 14141, 1101, 715, P0, 0x0000000000000020
2026/09/17 05:03:26.417, 0, 78, 49.82, 81, 14654, 1227, 715, P0, 0x0000000000000000
2026/09/17 05:03:26.420, 1, 78, 144.95, 52, 14141, 1202, 715, P0, 0x0000000000000020
2026/09/17 05:03:27.426, 0, 79, 135.31, 100, 14654, 1189, 715, P0, 0x0000000000000020
2026/09/17 05:03:27.436, 1, 79, 149.55, 100, 14141, 1202, 715, P0, 0x0000000000000020
2026/09/17 05:03:28.453, 0, 79, 131.58, 100, 14654, 1126, 715, P0, 0x0000000000000020
2026/09/17 05:03:28.456, 1, 79, 143.47, 100, 14141, 1202, 715, P0, 0x0000000000000020
2026/09/17 05:03:29.467, 0, 79, 131.42, 100, 14654, 1139, 715, P0, 0x0000000000000000
2026/09/17 05:03:29.475, 1, 77, 49.30, 0, 14141, 1189, 715, P0, 0x0000000000000000
2026/09/17 05:03:30.485, 0, 79, 147.87, 100, 14654, 1202, 715, P0, 0x0000000000000020
2026/09/17 05:03:30.488, 1, 80, 164.66, 100, 14141, 1252, 715, P0, 0x0000000000000020
2026/09/17 05:03:31.499, 0, 79, 117.68, 100, 14654, 1101, 715, P0, 0x0000000000000020
2026/09/17 05:03:31.501, 1, 79, 136.29, 100, 14141, 1164, 715, P0, 0x0000000000000000
2026/09/17 05:03:32.513, 0, 79, 120.21, 100, 14654, 1050, 715, P0, 0x0000000000000020
2026/09/17 05:03:32.516, 1, 78, 56.79, 66, 14141, 1316, 715, P0, 0x0000000000000000
2026/09/17 05:03:33.527, 0, 77, 53.60, 0, 14654, 1303, 715, P0, 0x0000000000000000
2026/09/17 05:03:33.532, 1, 79, 164.02, 81, 14141, 1252, 715, P0, 0x0000000000000020
2026/09/17 05:03:34.543, 0, 79, 133.40, 100, 14654, 1139, 715, P0, 0x0000000000000020
2026/09/17 05:03:34.546, 1, 80, 141.08, 100, 14141, 1189, 715, P0, 0x0000000000000000
2026/09/17 05:03:35.561, 0, 79, 135.71, 100, 14654, 1189, 715, P0, 0x0000000000000020
2026/09/17 05:03:35.564, 1, 79, 121.52, 100, 14141, 1101, 715, P0, 0x0000000000000020
2026/09/17 05:03:36.581, 0, 79, 129.99, 100, 14654, 1139, 715, P0, 0x0000000000000000
2026/09/17 05:03:36.584, 1, 77, 49.10, 0, 14141, 1189, 715, P0, 0x0000000000000000
2026/09/17 05:03:37.596, 0, 79, 143.81, 100, 14654, 1189, 715, P0, 0x0000000000000020
2026/09/17 05:03:37.599, 1, 79, 146.67, 100, 14141, 1202, 715, P0, 0x0000000000000000
2026/09/17 05:03:38.608, 0, 79, 129.22, 100, 14654, 1113, 715, P0, 0x0000000000000020
2026/09/17 05:03:38.617, 1, 79, 137.60, 100, 14141, 1139, 715, P0, 0x0000000000000020
2026/09/17 05:03:39.623, 0, 79, 134.68, 100, 14654, 1164, 715, P0, 0x0000000000000020
2026/09/17 05:03:39.626, 1, 78, 55.77, 0, 14141, 1303, 715, P0, 0x0000000000000000
2026/09/17 05:03:40.636, 0, 77, 53.64, 0, 14654, 1303, 715, P0, 0x0000000000000000
2026/09/17 05:03:40.639, 1, 79, 157.09, 100, 14141, 1278, 715, P0, 0x0000000000000000
2026/09/17 05:03:41.654, 0, 80, 139.40, 100, 14654, 1101, 715, P0, 0x0000000000000020
2026/09/17 05:03:41.660, 1, 79, 134.04, 100, 14141, 1189, 715, P0, 0x0000000000000000
2026/09/17 05:03:42.669, 0, 79, 120.57, 100, 14654, 1075, 715, P0, 0x0000000000000020
2026/09/17 05:03:42.677, 1, 79, 122.60, 100, 14141, 1075, 715, P0, 0x0000000000000020
2026/09/17 05:03:43.681, 0, 78, 47.65, 28, 14654, 1189, 715, P0, 0x0000000000000000
2026/09/17 05:03:43.681, 1, 78, 143.12, 7, 14141, 1189, 715, P0, 0x0000000000000020
2026/09/17 05:03:44.695, 0, 79, 138.23, 100, 14654, 1240, 715, P0, 0x0000000000000000
2026/09/17 05:03:44.698, 1, 79, 153.04, 100, 14141, 1240, 715, P0, 0x0000000000000000
2026/09/17 05:03:45.710, 0, 80, 132.11, 100, 14654, 1113, 715, P0, 0x0000000000000020
2026/09/17 05:03:45.716, 1, 79, 129.09, 100, 14141, 1189, 715, P0, 0x0000000000000020
2026/09/17 05:03:46.727, 0, 79, 118.37, 100, 14654, 1050, 715, P0, 0x0000000000000020
2026/09/17 05:03:46.736, 1, 77, 50.07, 0, 14141, 1202, 715, P0, 0x0000000000000000
2026/09/17 05:03:47.740, 0, 78, 132.66, 42, 14654, 1177, 715, P0, 0x0000000000000020
2026/09/17 05:03:47.743, 1, 79, 150.99, 100, 14141, 1227, 715, P0, 0x0000000000000020
2026/09/17 05:03:48.757, 0, 79, 97.88, 100, 14654, 1177, 715, P0, 0x0000000000000000
2026/09/17 05:03:48.760, 1, 80, 141.23, 100, 14141, 1189, 715, P0, 0x0000000000000020
2026/09/17 05:03:49.775, 0, 79, 119.25, 100, 14654, 1050, 715, P0, 0x0000000000000020
2026/09/17 05:03:49.778, 1, 78, 53.42, 68, 14141, 1290, 715, P0, 0x0000000000000000
2026/09/17 05:03:50.790, 0, 78, 52.93, 64, 14654, 1290, 715, P0, 0x0000000000000000
2026/09/17 05:03:50.793, 1, 78, 148.98, 79, 14141, 1227, 715, P0, 0x0000000000000020
2026/09/17 05:03:51.806, 0, 79, 137.14, 100, 14654, 1164, 715, P0, 0x0000000000000020
2026/09/17 05:03:51.814, 1, 79, 151.69, 100, 14141, 1227, 715, P0, 0x0000000000000020
2026/09/17 05:03:52.821, 0, 79, 135.67, 100, 14654, 1139, 715, P0, 0x0000000000000000
2026/09/17 05:03:52.825, 1, 79, 138.95, 100, 14141, 1189, 715, P0, 0x0000000000000020
2026/09/17 05:03:53.850, 0, 79, 114.77, 100, 14654, 1037, 715, P0, 0x0000000000000020
2026/09/17 05:03:53.854, 1, 77, 49.36, 0, 14141, 1189, 715, P0, 0x0000000000000000
2026/09/17 05:03:54.862, 0, 78, 132.66, 0, 14654, 1164, 715, P0, 0x0000000000000020
2026/09/17 05:03:54.865, 1, 79, 157.07, 100, 14141, 1252, 715, P0, 0x0000000000000020
2026/09/17 05:03:55.878, 0, 79, 101.97, 100, 14654, 1177, 715, P0, 0x0000000000000000
2026/09/17 05:03:55.881, 1, 79, 124.42, 100, 14141, 1113, 715, P0, 0x0000000000000020
2026/09/17 05:03:56.905, 0, 80, 138.93, 100, 14654, 1139, 715, P0, 0x0000000000000020
2026/09/17 05:03:56.911, 1, 78, 51.24, 100, 14141, 1189, 715, P0, 0x0000000000000000
2026/09/17 05:03:57.917, 0, 77, 51.99, 0, 14654, 1278, 715, P0, 0x0000000000000000
2026/09/17 05:03:57.920, 1, 78, 144.94, 74, 14141, 1189, 715, P0, 0x0000000000000000
2026/09/17 05:03:58.931, 0, 79, 133.64, 100, 14654, 1177, 715, P0, 0x0000000000000020
2026/09/17 05:03:58.934, 1, 79, 146.96, 100, 14141, 1202, 715, P0, 0x0000000000000020
2026/09/17 05:03:59.946, 0, 79, 113.39, 100, 14654, 1164, 715, P0, 0x0000000000000000
2026/09/17 05:03:59.953, 1, 79, 135.73, 100, 14141, 1139, 715, P0, 0x0000000000000020
2026/09/17 05:04:00.963, 0, 79, 114.75, 100, 14654, 1063, 715, P0, 0x0000000000000000
2026/09/17 05:04:00.975, 1, 77, 56.32, 0, 14141, 1316, 715, P0, 0x0000000000000000
2026/09/17 05:04:01.994, 0, 79, 131.45, 100, 14654, 1139, 715, P0, 0x0000000000000000
2026/09/17 05:04:01.997, 1, 80, 157.58, 100, 14141, 1227, 715, P0, 0x0000000000000020
2026/09/17 05:04:03.013, 0, 79, 137.59, 100, 14654, 1164, 715, P0, 0x0000000000000020
2026/09/17 05:04:03.016, 1, 79, 130.73, 100, 14141, 1126, 715, P0, 0x0000000000000020
2026/09/17 05:04:04.024, 0, 79, 111.71, 100, 14654, 1139, 715, P0, 0x0000000000000000
2026/09/17 05:04:04.031, 1, 78, 50.08, 21, 14141, 1189, 715, P0, 0x0000000000000000
2026/09/17 05:04:05.039, 0, 77, 52.44, 0, 14654, 1278, 715, P0, 0x0000000000000000
2026/09/17 05:04:05.042, 1, 79, 157.19, 100, 14141, 1227, 715, P0, 0x0000000000000020
2026/09/17 05:04:06.051, 0, 79, 131.82, 100, 14654, 1139, 715, P0, 0x0000000000000020
2026/09/17 05:04:06.054, 1, 79, 139.90, 100, 14141, 1189, 715, P0, 0x0000000000000000
2026/09/17 05:04:07.070, 0, 80, 139.88, 100, 14654, 1189, 715, P0, 0x0000000000000020
2026/09/17 05:04:07.074, 1, 80, 139.38, 100, 14141, 1177, 715, P0, 0x0000000000000020
2026/09/17 05:04:08.087, 0, 79, 117.65, 100, 14654, 1075, 715, P0, 0x0000000000000000
2026/09/17 05:04:08.091, 1, 77, 49.11, 0, 14141, 1189, 715, P0, 0x0000000000000000
2026/09/17 05:04:09.103, 0, 79, 136.25, 100, 14654, 1151, 715, P0, 0x0000000000000020
2026/09/17 05:04:09.108, 1, 79, 150.04, 100, 14141, 1215, 715, P0, 0x0000000000000000
2026/09/17 05:04:10.121, 0, 79, 134.84, 100, 14654, 1139, 715, P0, 0x0000000000000020
2026/09/17 05:04:10.128, 1, 79, 140.14, 100, 14141, 1164, 715, P0, 0x0000000000000020
2026/09/17 05:04:11.140, 0, 79, 113.30, 100, 14654, 1151, 715, P0, 0x0000000000000000
2026/09/17 05:04:11.148, 1, 78, 56.56, 51, 14141, 1316, 715, P0, 0x0000000000000000
2026/09/17 05:04:12.156, 0, 77, 47.65, 0, 14654, 1189, 715, P0, 0x0000000000000000
2026/09/17 05:04:12.159, 1, 78, 145.44, 100, 14141, 1189, 715, P0, 0x0000000000000020
2026/09/17 05:04:13.175, 0, 79, 143.59, 100, 14654, 1189, 715, P0, 0x0000000000000020
2026/09/17 05:04:13.178, 1, 79, 141.04, 100, 14141, 1189, 715, P0, 0x0000000000000020
2026/09/17 05:04:14.189, 0, 79, 131.87, 100, 14654, 1164, 715, P0, 0x0000000000000020
2026/09/17 05:04:14.191, 1, 79, 126.72, 100, 14141, 1126, 715, P0, 0x0000000000000020
2026/09/17 05:04:15.204, 0, 79, 131.65, 100, 14654, 1101, 715, P0, 0x0000000000000020
2026/09/17 05:04:15.208, 1, 77, 52.92, 0, 14141, 1278, 715, P0, 0x0000000000000000
2026/09/17 05:04:16.219, 0, 79, 142.28, 100, 14654, 1177, 715, P0, 0x0000000000000020
2026/09/17 05:04:16.227, 1, 80, 157.42, 100, 14141, 1227, 715, P0, 0x0000000000000020
2026/09/17 05:04:17.245, 0, 79, 137.95, 100, 14654, 1151, 715, P0, 0x0000000000000020
2026/09/17 05:04:17.249, 1, 80, 140.34, 100, 14141, 1177, 715, P0, 0x0000000000000020
2026/09/17 05:04:18.260, 0, 79, 127.27, 100, 14654, 1139, 715, P0, 0x0000000000000020
2026/09/17 05:04:18.267, 1, 78, 55.78, 0, 14141, 1303, 715, P0, 0x0000000000000000
2026/09/17 05:04:19.275, 0, 77, 47.92, 0, 14654, 1189, 715, P0, 0x0000000000000000
2026/09/17 05:04:19.278, 1, 79, 135.06, 100, 14141, 1215, 715, P0, 0x0000000000000000
2026/09/17 05:04:20.286, 0, 79, 144.20, 100, 14654, 1164, 715, P0, 0x0000000000000020
2026/09/17 05:04:20.289, 1, 79, 126.67, 100, 14141, 1126, 715, P0, 0x0000000000000020
2026/09/17 05:04:21.304, 0, 79, 128.80, 100, 14654, 1113, 715, P0, 0x0000000000000020
2026/09/17 05:04:21.307, 1, 79, 134.34, 100, 14141, 1139, 715, P0, 0x0000000000000020
2026/09/17 05:04:22.318, 0, 79, 116.44, 100, 14654, 1113, 715, P0, 0x0000000000000020
2026/09/17 05:04:22.328, 1, 77, 50.76, 0, 14141, 1227, 715, P0, 0x0000000000000000
2026/09/17 05:04:23.332, 0, 79, 124.72, 100, 14654, 1101, 715, P0, 0x0000000000000020
2026/09/17 05:04:23.335, 1, 79, 146.10, 100, 14141, 1227, 715, P0, 0x0000000000000020
2026/09/17 05:04:24.351, 0, 79, 128.14, 100, 14654, 1113, 715, P0, 0x0000000000000020
2026/09/17 05:04:24.354, 1, 79, 122.03, 100, 14141, 1101, 715, P0, 0x0000000000000000
2026/09/17 05:04:25.368, 0, 79, 132.88, 100, 14654, 1164, 715, P0, 0x0000000000000020
2026/09/17 05:04:25.371, 1, 77, 49.79, 10, 14141, 1189, 715, P0, 0x0000000000000000
2026/09/17 05:04:26.382, 0, 77, 51.75, 0, 14654, 1265, 715, P0, 0x0000000000000000
2026/09/17 05:04:26.386, 1, 79, 139.04, 100, 14141, 1202, 715, P0, 0x0000000000000000
2026/09/17 05:04:27.398, 0, 80, 142.60, 100, 14654, 1177, 715, P0, 0x0000000000000020
2026/09/17 05:04:27.407, 1, 80, 150.15, 100, 14141, 1202, 715, P0, 0x0000000000000020
2026/09/17 05:04:28.413, 0, 79, 129.93, 100, 14654, 1113, 715, P0, 0x0000000000000020
2026/09/17 05:04:28.416, 1, 79, 132.67, 100, 14141, 1126, 715, P0, 0x0000000000000020
2026/09/17 05:04:29.427, 0, 79, 111.68, 100, 14654, 1113, 715, P0, 0x0000000000000000
2026/09/17 05:04:29.430, 1, 77, 55.36, 0, 14141, 1316, 715, P0, 0x0000000000000000
2026/09/17 05:04:30.440, 0, 79, 138.32, 100, 14654, 1139, 715, P0, 0x0000000000000020
2026/09/17 05:04:30.446, 1, 79, 141.54, 100, 14141, 1227, 715, P0, 0x0000000000000020
2026/09/17 05:04:31.457, 0, 79, 118.37, 100, 14654, 1075, 715, P0, 0x0000000000000020
2026/09/17 05:04:31.460, 1, 80, 131.58, 100, 14141, 1101, 715, P0, 0x0000000000000020
2026/09/17 05:04:32.470, 0, 79, 123.07, 100, 14654, 1113, 715, P0, 0x0000000000000020
2026/09/17 05:04:32.473, 1, 78, 56.76, 0, 14141, 1316, 715, P0, 0x0000000000000000
2026/09/17 05:04:33.487, 0, 77, 47.90, 0, 14654, 1189, 715, P0, 0x0000000000000000
2026/09/17 05:04:33.490, 1, 79, 149.99, 100, 14141, 1215, 715, P0, 0x0000000000000000
2026/09/17 05:04:34.503, 0, 79, 138.71, 100, 14654, 1151, 715, P0, 0x0000000000000020
2026/09/17 05:04:34.506, 1, 79, 132.10, 100, 14141, 1126, 715, P0, 0x0000000000000020
2026/09/17 05:04:35.519, 0, 79, 121.97, 100, 14654, 1075, 715, P0, 0x0000000000000020
2026/09/17 05:04:35.531, 1, 79, 131.76, 100, 14141, 1126, 715, P0, 0x0000000000000020
2026/09/17 05:04:36.547, 0, 79, 119.25, 100, 14654, 1075, 715, P0, 0x0000000000000000
2026/09/17 05:04:36.552, 1, 77, 49.11, 0, 14141, 1189, 715, P0, 0x0000000000000000
2026/09/17 05:04:37.559, 0, 79, 139.24, 100, 14654, 1151, 715, P0, 0x0000000000000020
2026/09/17 05:04:37.568, 1, 79, 159.12, 100, 14141, 1227, 715, P0, 0x0000000000000020
2026/09/17 05:04:38.577, 0, 80, 137.12, 100, 14654, 1151, 715, P0, 0x0000000000000020
2026/09/17 05:04:38.580, 1, 79, 125.97, 100, 14141, 1126, 715, P0, 0x0000000000000020
2026/09/17 05:04:39.591, 0, 79, 125.26, 100, 14654, 1151, 715, P0, 0x0000000000000000
2026/09/17 05:04:39.594, 1, 78, 55.07, 71, 14141, 1290, 715, P0, 0x0000000000000000
2026/09/17 05:04:40.607, 0, 77, 47.89, 0, 14654, 1189, 715, P0, 0x0000000000000000
2026/09/17 05:04:40.611, 1, 79, 157.22, 100, 14141, 1227, 715, P0, 0x0000000000000020
2026/09/17 05:04:41.620, 0, 79, 138.71, 100, 14654, 1164, 715, P0, 0x0000000000000000
2026/09/17 05:04:41.629, 1, 79, 131.39, 100, 14141, 1139, 715, P0, 0x0000000000000020
2026/09/17 05:04:42.636, 0, 79, 132.32, 100, 14654, 1151, 715, P0, 0x0000000000000020
2026/09/17 05:04:42.639, 1, 79, 133.31, 100, 14141, 1139, 715, P0, 0x0000000000000020
2026/09/17 05:04:43.651, 0, 80, 132.14, 100, 14654, 1101, 715, P0, 0x0000000000000020
2026/09/17 05:04:43.654, 1, 77, 50.99, 0, 14141, 1227, 715, P0, 0x0000000000000000
2026/09/17 05:04:44.668, 0, 79, 151.22, 84, 14654, 1189, 715, P0, 0x0000000000000020
2026/09/17 05:04:44.672, 1, 79, 157.65, 100, 14141, 1227, 715, P0, 0x0000000000000020
2026/09/17 05:04:45.680, 0, 79, 133.90, 100, 14654, 1151, 715, P0, 0x0000000000000020
2026/09/17 05:04:45.688, 1, 80, 140.84, 100, 14141, 1189, 715, P0, 0x0000000000000000
2026/09/17 05:04:46.694, 0, 79, 132.38, 100, 14654, 1113, 715, P0, 0x0000000000000020
2026/09/17 05:04:46.697, 1, 78, 50.51, 38, 14141, 1189, 715, P0, 0x0000000000000000
2026/09/17 05:04:47.711, 0, 78, 48.10, 0, 14654, 1189, 715, P0, 0x0000000000000000
2026/09/17 05:04:47.714, 1, 79, 163.55, 100, 14141, 1265, 715, P0, 0x0000000000000000
2026/09/17 05:04:48.730, 0, 79, 145.54, 100, 14654, 1202, 715, P0, 0x0000000000000020
2026/09/17 05:04:48.733, 1, 79, 126.65, 100, 14141, 1126, 715, P0, 0x0000000000000020
2026/09/17 05:04:49.744, 0, 79, 106.03, 100, 14654, 1113, 715, P0, 0x0000000000000000
2026/09/17 05:04:49.749, 1, 79, 136.12, 100, 14141, 1151, 715, P0, 0x0000000000000020
2026/09/17 05:04:50.755, 0, 79, 126.63, 100, 14654, 1088, 715, P0, 0x0000000000000020
2026/09/17 05:04:50.758, 1, 77, 51.00, 0, 14141, 1227, 715, P0, 0x0000000000000000
2026/09/17 05:04:51.766, 0, 78, 137.94, 71, 14654, 1151, 715, P0, 0x0000000000000020
2026/09/17 05:04:51.769, 1, 80, 140.82, 100, 14141, 1189, 715, P0, 0x0000000000000020
2026/09/17 05:04:52.780, 0, 79, 138.67, 100, 14654, 1189, 715, P0, 0x0000000000000000
2026/09/17 05:04:52.784, 1, 80, 147.43, 100, 14141, 1202, 715, P0, 0x0000000000000020
2026/09/17 05:04:53.792, 0, 79, 132.38, 100, 14654, 1126, 715, P0, 0x0000000000000020
2026/09/17 05:04:53.795, 1, 79, 52.45, 100, 14141, 1189, 715, P0, 0x0000000000000000
2026/09/17 05:04:54.803, 0, 78, 48.38, 29, 14654, 1189, 715, P0, 0x0000000000000000
2026/09/17 05:04:54.806, 1, 78, 149.17, 42, 14141, 1215, 715, P0, 0x0000000000000000
2026/09/17 05:04:55.816, 0, 79, 136.91, 100, 14654, 1189, 715, P0, 0x0000000000000020
2026/09/17 05:04:55.823, 1, 80, 150.19, 100, 14141, 1151, 715, P0, 0x0000000000000020
2026/09/17 05:04:56.842, 0, 80, 119.59, 100, 14654, 1075, 715, P0, 0x0000000000000020
2026/09/17 05:04:56.847, 1, 79, 134.80, 100, 14141, 1189, 715, P0, 0x0000000000000020
2026/09/17 05:04:57.859, 0, 79, 123.33, 100, 14654, 1101, 715, P0, 0x0000000000000000
2026/09/17 05:04:57.865, 1, 77, 50.55, 0, 14141, 1215, 715, P0, 0x0000000000000000
2026/09/17 05:04:58.877, 0, 78, 143.30, 0, 14654, 1189, 715, P0, 0x0000000000000020
2026/09/17 05:04:58.884, 1, 79, 162.60, 100, 14141, 1265, 715, P0, 0x0000000000000020
2026/09/17 05:04:59.889, 0, 80, 140.37, 100, 14654, 1164, 715, P0, 0x0000000000000020
2026/09/17 05:04:59.892, 1, 79, 135.92, 100, 14141, 1177, 715, P0, 0x0000000000000020
2026/09/17 05:05:00.901, 0, 79, 123.57, 100, 14654, 1088, 715, P0, 0x0000000000000020
2026/09/17 05:05:00.907, 1, 79, 131.98, 100, 14141, 1126, 715, P0, 0x0000000000000020
2026/09/17 05:05:01.915, 0, 78, 51.95, 56, 14654, 1303, 715, P0, 0x0000000000000000
2026/09/17 05:05:01.919, 1, 78, 156.94, 23, 14141, 1240, 715, P0, 0x0000000000000020
2026/09/17 05:05:02.930, 0, 79, 132.78, 100, 14654, 1177, 715, P0, 0x0000000000000020
2026/09/17 05:05:02.933, 1, 79, 142.63, 100, 14141, 1227, 715, P0, 0x0000000000000020
2026/09/17 05:05:03.944, 0, 79, 124.75, 100, 14654, 1101, 715, P0, 0x0000000000000020
2026/09/17 05:05:03.949, 1, 80, 138.57, 100, 14141, 1177, 715, P0, 0x0000000000000020
2026/09/17 05:05:04.968, 0, 80, 128.79, 100, 14654, 1113, 715, P0, 0x0000000000000020
2026/09/17 05:05:04.971, 1, 77, 50.76, 0, 14141, 1215, 715, P0, 0x0000000000000000
2026/09/17 05:05:05.985, 0, 77, 47.45, 0, 14654, 1189, 715, P0, 0x0000000000000000
2026/09/17 05:05:05.988, 1, 79, 134.55, 100, 14141, 1189, 715, P0, 0x0000000000000000
2026/09/17 05:05:06.998, 0, 79, 132.55, 100, 14654, 1139, 715, P0, 0x0000000000000000
2026/09/17 05:05:07.001, 1, 79, 138.94, 100, 14141, 1164, 715, P0, 0x0000000000000000
2026/09/17 05:05:08.015, 0, 80, 131.60, 100, 14654, 1126, 715, P0, 0x0000000000000020
2026/09/17 05:05:08.018, 1, 79, 137.36, 100, 14141, 1164, 715, P0, 0x0000000000000000
2026/09/17 05:05:09.026, 0, 79, 117.65, 100, 14654, 1063, 715, P0, 0x0000000000000020
2026/09/17 05:05:09.029, 1, 77, 49.11, 0, 14141, 1189, 715, P0, 0x0000000000000000
2026/09/17 05:05:10.037, 0, 79, 137.48, 100, 14654, 1151, 715, P0, 0x0000000000000020
2026/09/17 05:05:10.040, 1, 80, 164.24, 100, 14141, 1252, 715, P0, 0x0000000000000020
2026/09/17 05:05:11.055, 0, 79, 138.97, 100, 14654, 1164, 715, P0, 0x0000000000000020
2026/09/17 05:05:11.058, 1, 79, 122.22, 100, 14141, 1088, 715, P0, 0x0000000000000020
2026/09/17 05:05:12.070, 0, 79, 119.82, 100, 14654, 1050, 715, P0, 0x0000000000000020
2026/09/17 05:05:12.074, 1, 78, 50.08, 10, 14141, 1189, 715, P0, 0x0000000000000000
2026/09/17 05:05:13.083, 0, 77, 47.89, 25, 14654, 1189, 715, P0, 0x0000000000000000
2026/09/17 05:05:13.086, 1, 78, 155.62, 100, 14141, 1227, 715, P0, 0x0000000000000020
2026/09/17 05:05:14.096, 0, 79, 142.13, 100, 14654, 1189, 715, P0, 0x0000000000000020
2026/09/17 05:05:14.099, 1, 80, 150.87, 100, 14141, 1227, 715, P0, 0x0000000000000020
2026/09/17 05:05:15.109, 0, 79, 118.84, 100, 14654, 1075, 715, P0, 0x0000000000000020
2026/09/17 05:05:15.112, 1, 79, 139.57, 100, 14141, 1177, 715, P0, 0x0000000000000020
2026/09/17 05:05:16.130, 0, 79, 123.58, 100, 14654, 1101, 715, P0, 0x0000000000000000
2026/09/17 05:05:16.133, 1, 77, 51.01, 0, 14141, 1227, 715, P0, 0x0000000000000000
2026/09/17 05:05:17.141, 0, 78, 138.66, 52, 14654, 1202, 715, P0, 0x0000000000000020
2026/09/17 05:05:17.145, 1, 80, 148.13, 100, 14141, 1202, 715, P0, 0x0000000000000000
2026/09/17 05:05:18.154, 0, 79, 142.56, 100, 14654, 1151, 715, P0, 0x0000000000000020
2026/09/17 05:05:18.158, 1, 79, 135.33, 100, 14141, 1189, 715, P0, 0x0000000000000020
2026/09/17 05:05:19.166, 0, 79, 119.48, 100, 14654, 1088, 715, P0, 0x0000000000000000
2026/09/17 05:05:19.170, 1, 79, 137.09, 100, 14141, 1139, 715, P0, 0x0000000000000020
2026/09/17 05:05:20.181, 0, 78, 52.19, 69, 14654, 1278, 715, P0, 0x0000000000000000
2026/09/17 05:05:20.185, 1, 78, 153.67, 16, 14141, 1227, 715, P0, 0x0000000000000000
2026/09/17 05:05:21.194, 0, 79, 123.77, 100, 14654, 1189, 715, P0, 0x0000000000000000
2026/09/17 05:05:21.196, 1, 80, 143.12, 100, 14141, 1227, 715, P0, 0x0000000000000000
2026/09/17 05:05:22.208, 0, 79, 123.34, 100, 14654, 1101, 715, P0, 0x0000000000000000
2026/09/17 05:05:22.211, 1, 79, 131.03, 100, 14141, 1126, 715, P0, 0x0000000000000020
2026/09/17 05:05:23.224, 0, 79, 128.27, 100, 14654, 1113, 715, P0, 0x0000000000000020
2026/09/17 05:05:23.228, 1, 78, 56.51, 0, 14141, 1316, 715, P0, 0x0000000000000000
2026/09/17 05:05:24.236, 0, 77, 47.66, 0, 14654, 1189, 715, P0, 0x0000000000000000
2026/09/17 05:05:24.239, 1, 79, 148.95, 100, 14141, 1227, 715, P0, 0x0000000000000000
2026/09/17 05:05:25.247, 0, 80, 140.35, 100, 14654, 1164, 715, P0, 0x0000000000000020
2026/09/17 05:05:25.250, 1, 79, 129.28, 100, 14141, 1189, 715, P0, 0x0000000000000020
2026/09/17 05:05:26.263, 0, 79, 123.95, 100, 14654, 1101, 715, P0, 0x0000000000000020
2026/09/17 05:05:26.269, 1, 78, 109.08, 100, 14141, 1025, 715, P0, 0x0000000000000000
2026/09/17 05:05:27.280, 0, 79, 135.18, 100, 14654, 1164, 715, P0, 0x0000000000000020
2026/09/17 05:05:27.289, 1, 77, 50.75, 0, 14141, 1227, 715, P0, 0x0000000000000000
2026/09/17 05:05:28.294, 0, 79, 142.13, 100, 14654, 1177, 715, P0, 0x0000000000000020
2026/09/17 05:05:28.297, 1, 79, 145.96, 100, 14141, 1189, 715, P0, 0x0000000000000020
2026/09/17 05:05:29.310, 0, 80, 141.65, 100, 14654, 1177, 715, P0, 0x0000000000000020
2026/09/17 05:05:29.313, 1, 79, 146.91, 100, 14141, 1189, 715, P0, 0x0000000000000020
2026/09/17 05:05:30.324, 0, 79, 133.50, 100, 14654, 1164, 715, P0, 0x0000000000000020
2026/09/17 05:05:30.330, 1, 78, 53.16, 0, 14141, 1252, 715, P0, 0x0000000000000000
2026/09/17 05:05:31.336, 0, 77, 49.10, 0, 14654, 1215, 715, P0, 0x0000000000000000
2026/09/17 05:05:31.339, 1, 79, 150.85, 100, 14141, 1227, 715, P0, 0x0000000000000020
2026/09/17 05:05:32.348, 0, 79, 128.97, 100, 14654, 1113, 715, P0, 0x0000000000000020
2026/09/17 05:05:32.351, 1, 79, 139.51, 100, 14141, 1139, 715, P0, 0x0000000000000020
2026/09/17 05:05:33.360, 0, 79, 136.41, 100, 14654, 1189, 715, P0, 0x0000000000000020
2026/09/17 05:05:33.367, 1, 79, 130.03, 100, 14141, 1139, 715, P0, 0x0000000000000020
2026/09/17 05:05:34.373, 0, 79, 117.63, 100, 14654, 1063, 715, P0, 0x0000000000000020
2026/09/17 05:05:34.376, 1, 77, 56.07, 0, 14141, 1316, 715, P0, 0x0000000000000000
2026/09/17 05:05:35.388, 0, 78, 131.60, 84, 14654, 1139, 715, P0, 0x0000000000000020
2026/09/17 05:05:35.391, 1, 80, 163.08, 100, 14141, 1252, 715, P0, 0x0000000000000020
2026/09/17 05:05:36.404, 0, 79, 112.60, 100, 14654, 1189, 715, P0, 0x0000000000000000
2026/09/17 05:05:36.409, 1, 79, 139.30, 100, 14141, 1177, 715, P0, 0x0000000000000020
2026/09/17 05:05:37.420, 0, 79, 134.22, 100, 14654, 1139, 715, P0, 0x0000000000000000
2026/09/17 05:05:37.428, 1, 79, 51.96, 100, 14141, 1189, 715, P0, 0x0000000000000000
2026/09/17 05:05:38.450, 0, 78, 47.65, 91, 14654, 1189, 715, P0, 0x0000000000000000
2026/09/17 05:05:38.453, 1, 78, 147.83, 0, 14141, 1227, 715, P0, 0x0000000000000020
2026/09/17 05:05:39.467, 0, 79, 132.78, 100, 14654, 1139, 715, P0, 0x0000000000000000
2026/09/17 05:05:39.470, 1, 79, 144.62, 100, 14141, 1215, 715, P0, 0x0000000000000000
2026/09/17 05:05:40.483, 0, 80, 132.09, 100, 14654, 1126, 715, P0, 0x0000000000000020
2026/09/17 05:05:40.487, 1, 79, 131.71, 100, 14141, 1126, 715, P0, 0x0000000000000020
2026/09/17 05:05:41.497, 0, 79, 119.09, 100, 14654, 1101, 715, P0, 0x0000000000000020
2026/09/17 05:05:41.500, 1, 77, 49.59, 0, 14141, 1189, 715, P0, 0x0000000000000000
2026/09/17 05:05:42.514, 0, 77, 47.63, 0, 14654, 1189, 715, P0, 0x0000000000000000
2026/09/17 05:05:42.516, 1, 79, 155.14, 100, 14141, 1252, 715, P0, 0x0000000000000020
2026/09/17 05:05:43.529, 0, 79, 138.08, 100, 14654, 1151, 715, P0, 0x0000000000000020
2026/09/17 05:05:43.533, 1, 80, 149.94, 100, 14141, 1202, 715, P0, 0x0000000000000020
2026/09/17 05:05:44.542, 0, 79, 130.51, 100, 14654, 1126, 715, P0, 0x0000000000000020
2026/09/17 05:05:44.546, 1, 79, 131.25, 100, 14141, 1139, 715, P0, 0x0000000000000020
2026/09/17 05:05:45.557, 0, 79, 123.75, 100, 14654, 1101, 715, P0, 0x0000000000000000
2026/09/17 05:05:45.566, 1, 77, 49.56, 0, 14141, 1202, 715, P0, 0x0000000000000000
2026/09/17 05:05:46.572, 0, 79, 137.55, 100, 14654, 1164, 715, P0, 0x0000000000000000
2026/09/17 05:05:46.575, 1, 80, 163.30, 100, 14141, 1265, 715, P0, 0x0000000000000020
2026/09/17 05:05:47.587, 0, 79, 143.28, 100, 14654, 1202, 715, P0, 0x0000000000000020
2026/09/17 05:05:47.590, 1, 79, 124.83, 100, 14141, 1126, 715, P0, 0x0000000000000020
2026/09/17 05:05:48.603, 0, 79, 124.06, 100, 14654, 1101, 715, P0, 0x0000000000000000
2026/09/17 05:05:48.606, 1, 78, 52.46, 100, 14141, 1189, 715, P0, 0x0000000000000000
2026/09/17 05:05:49.615, 0, 78, 48.37, 38, 14654, 1189, 715, P0, 0x0000000000000000
2026/09/17 05:05:49.618, 1, 78, 156.10, 56, 14141, 1252, 715, P0, 0x0000000000000020
2026/09/17 05:05:50.625, 0, 79, 133.28, 100, 14654, 1189, 715, P0, 0x0000000000000000
2026/09/17 05:05:50.628, 1, 80, 162.91, 100, 14141, 1252, 715, P0, 0x0000000000000020
2026/09/17 05:05:51.638, 0, 79, 125.02, 100, 14654, 1088, 715, P0, 0x0000000000000020
2026/09/17 05:05:51.647, 1, 79, 97.43, 100, 14141, 1151, 715, P0, 0x0000000000000000
2026/09/17 05:05:52.665, 0, 79, 124.03, 100, 14654, 1101, 715, P0, 0x0000000000000020
2026/09/17 05:05:52.667, 1, 77, 55.82, 0, 14141, 1316, 715, P0, 0x0000000000000000
2026/09/17 05:05:53.679, 0, 77, 53.89, 0, 14654, 1316, 715, P0, 0x0000000000000000
2026/09/17 05:05:53.682, 1, 79, 146.59, 100, 14141, 1227, 715, P0, 0x0000000000000000
2026/09/17 05:05:54.692, 0, 79, 139.44, 100, 14654, 1151, 715, P0, 0x0000000000000020
2026/09/17 05:05:54.695, 1, 79, 126.68, 100, 14141, 1126, 715, P0, 0x0000000000000020
2026/09/17 05:05:55.706, 0, 79, 127.06, 100, 14654, 1101, 715, P0, 0x0000000000000020
2026/09/17 05:05:55.709, 1, 79, 137.38, 100, 14141, 1139, 715, P0, 0x0000000000000020
2026/09/17 05:05:56.722, 0, 79, 126.71, 100, 14654, 1075, 715, P0, 0x0000000000000020
2026/09/17 05:05:56.725, 1, 77, 49.10, 0, 14141, 1189, 715, P0, 0x0000000000000000
2026/09/17 05:05:57.740, 0, 79, 141.28, 100, 14654, 1189, 715, P0, 0x0000000000000000
2026/09/17 05:05:57.745, 1, 80, 168.90, 100, 14141, 1290, 715, P0, 0x0000000000000000
2026/09/17 05:05:58.757, 0, 79, 124.56, 100, 14654, 1139, 715, P0, 0x0000000000000020
2026/09/17 05:05:58.760, 1, 79, 117.56, 100, 14141, 1075, 715, P0, 0x0000000000000020
2026/09/17 05:05:59.768, 0, 79, 125.02, 100, 14654, 1101, 715, P0, 0x0000000000000000
2026/09/17 05:05:59.771, 1, 78, 51.25, 100, 14141, 1189, 715, P0, 0x0000000000000000
2026/09/17 05:06:00.781, 0, 78, 48.38, 10, 14654, 1189, 715, P0, 0x0000000000000000
2026/09/17 05:06:00.785, 1, 78, 144.32, 84, 14141, 1189, 715, P0, 0x0000000000000020
2026/09/17 05:06:01.799, 0, 79, 128.11, 100, 14654, 1189, 715, P0, 0x0000000000000000
2026/09/17 05:06:01.806, 1, 79, 158.44, 100, 14141, 1252, 715, P0, 0x0000000000000020
2026/09/17 05:06:02.814, 0, 79, 127.41, 100, 14654, 1101, 715, P0, 0x0000000000000020
2026/09/17 05:06:02.817, 1, 79, 118.97, 100, 14141, 1177, 715, P0, 0x0000000000000000
2026/09/17 05:06:03.830, 0, 80, 126.86, 100, 14654, 1101, 715, P0, 0x0000000000000020
2026/09/17 05:06:03.834, 1, 77, 49.56, 0, 14141, 1189, 715, P0, 0x0000000000000000
2026/09/17 05:06:04.840, 0, 77, 52.97, 0, 14654, 1290, 715, P0, 0x0000000000000000
2026/09/17 05:06:04.844, 1, 79, 115.29, 100, 14141, 1265, 715, P0, 0x0000000000000000
2026/09/17 05:06:05.853, 0, 79, 128.94, 100, 14654, 1113, 715, P0, 0x0000000000000020
2026/09/17 05:06:05.856, 1, 80, 146.73, 100, 14141, 1189, 715, P0, 0x0000000000000020
2026/09/17 05:06:06.873, 0, 80, 134.67, 100, 14654, 1164, 715, P0, 0x0000000000000020
2026/09/17 05:06:06.876, 1, 79, 131.24, 100, 14141, 1139, 715, P0, 0x0000000000000000
2026/09/17 05:06:07.888, 0, 79, 118.52, 100, 14654, 1050, 715, P0, 0x0000000000000000
2026/09/17 05:06:07.890, 1, 77, 54.63, 0, 14141, 1303, 715, P0, 0x0000000000000000
2026/09/17 05:06:08.908, 0, 78, 130.24, 58, 14654, 1139, 715, P0, 0x0000000000000000
2026/09/17 05:06:08.911, 1, 79, 164.76, 100, 14141, 1252, 715, P0, 0x0000000000000020
2026/09/17 05:06:09.922, 0, 79, 131.98, 100, 14654, 1215, 715, P0, 0x0000000000000020
2026/09/17 05:06:09.928, 1, 79, 124.61, 100, 14141, 1126, 715, P0, 0x0000000000000020
2026/09/17 05:06:10.937, 0, 79, 118.76, 100, 14654, 1075, 715, P0, 0x0000000000000000
2026/09/17 05:06:10.946, 1, 79, 57.06, 98, 14141, 1227, 715, P0, 0x0000000000000000
2026/09/17 05:06:11.963, 0, 78, 53.16, 62, 14654, 1290, 715, P0, 0x0000000000000000
2026/09/17 05:06:11.966, 1, 78, 152.73, 34, 14141, 1227, 715, P0, 0x0000000000000020
2026/09/17 05:06:12.976, 0, 79, 140.01, 100, 14654, 1151, 715, P0, 0x0000000000000020
2026/09/17 05:06:12.985, 1, 79, 148.36, 100, 14141, 1240, 715, P0, 0x0000000000000000
2026/09/17 05:06:13.992, 0, 79, 126.66, 100, 14654, 1101, 715, P0, 0x0000000000000020
2026/09/17 05:06:13.995, 1, 79, 135.95, 100, 14141, 1151, 715, P0, 0x0000000000000020
2026/09/17 05:06:15.004, 0, 79, 132.78, 100, 14654, 1151, 715, P0, 0x0000000000000020
2026/09/17 05:06:15.009, 1, 78, 53.86, 0, 14141, 1278, 715, P0, 0x0000000000000000
2026/09/17 05:06:16.019, 0, 77, 47.85, 0, 14654, 1189, 715, P0, 0x0000000000000000
2026/09/17 05:06:16.023, 1, 79, 163.31, 100, 14141, 1252, 715, P0, 0x0000000000000020
2026/09/17 05:06:17.030, 0, 79, 138.32, 100, 14654, 1164, 715, P0, 0x0000000000000020
2026/09/17 05:06:17.033, 1, 80, 149.78, 100, 14141, 1202, 715, P0, 0x0000000000000020
2026/09/17 05:06:18.046, 0, 79, 112.92, 100, 14654, 1126, 715, P0, 0x0000000000000000
2026/09/17 05:06:18.049, 1, 79, 132.97, 100, 14141, 1139, 715, P0, 0x0000000000000020
2026/09/17 05:06:19.062, 0, 79, 113.06, 100, 14654, 1037, 715, P0, 0x0000000000000020
2026/09/17 05:06:19.066, 1, 77, 56.32, 0, 14141, 1316, 715, P0, 0x0000000000000000
2026/09/17 05:06:20.079, 0, 78, 134.11, 0, 14654, 1139, 715, P0, 0x0000000000000020
2026/09/17 05:06:20.087, 1, 79, 150.17, 100, 14141, 1227, 715, P0, 0x0000000000000020
2026/09/17 05:06:21.094, 0, 79, 133.31, 100, 14654, 1139, 715, P0, 0x0000000000000000
2026/09/17 05:06:21.097, 1, 79, 130.05, 100, 14141, 1189, 715, P0, 0x0000000000000000
2026/09/17 05:06:22.110, 0, 79, 116.93, 100, 14654, 1063, 715, P0, 0x0000000000000020
2026/09/17 05:06:22.113, 1, 79, 137.01, 100, 14141, 1139, 715, P0, 0x0000000000000020
2026/09/17 05:06:23.129, 0, 79, 109.30, 100, 14654, 1063, 715, P0, 0x0000000000000020
2026/09/17 05:06:23.132, 1, 77, 50.09, 0, 14141, 1215, 715, P0, 0x0000000000000000
2026/09/17 05:06:24.145, 0, 79, 131.58, 100, 14654, 1139, 715, P0, 0x0000000000000000
2026/09/17 05:06:24.148, 1, 79, 141.81, 100, 14141, 1189, 715, P0, 0x0000000000000020
2026/09/17 05:06:25.158, 0, 79, 134.63, 100, 14654, 1189, 715, P0, 0x0000000000000020
2026/09/17 05:06:25.164, 1, 79, 133.61, 100, 14141, 1139, 715, P0, 0x0000000000000020
2026/09/17 05:06:26.176, 0, 79, 98.99, 100, 14654, 847, 715, P0, 0x0000000000000020
2026/09/17 05:06:26.188, 1, 78, 54.46, 79, 14141, 1278, 715, P0, 0x0000000000000000
2026/09/17 05:06:27.206, 0, 79, 71.75, 100, 14654, 1113, 715, P0, 0x0000000000000000
2026/09/17 05:06:27.209, 1, 77, 127.35, 0, 14141, 1278, 715, P0, 0x0000000000000000
2026/09/17 05:06:28.221, 0, 79, 132.94, 100, 14654, 1139, 715, P0, 0x0000000000000000
2026/09/17 05:06:28.225, 1, 79, 110.18, 100, 14141, 1113, 715, P0, 0x0000000000000000
2026/09/17 05:06:29.236, 0, 79, 131.84, 100, 14654, 1126, 715, P0, 0x0000000000000020
2026/09/17 05:06:29.245, 1, 79, 131.94, 100, 14141, 1126, 715, P0, 0x0000000000000020
2026/09/17 05:06:30.250, 0, 79, 101.56, 100, 14654, 1164, 715, P0, 0x0000000000000000
2026/09/17 05:06:30.253, 1, 78, 55.83, 73, 14141, 1303, 715, P0, 0x0000000000000000
2026/09/17 05:06:31.261, 0, 77, 53.88, 0, 14654, 1303, 715, P0, 0x0000000000000000
2026/09/17 05:06:31.264, 1, 79, 156.22, 100, 14141, 1240, 715, P0, 0x0000000000000020
2026/09/17 05:06:32.279, 0, 80, 144.33, 100, 14654, 1164, 715, P0, 0x0000000000000020
2026/09/17 05:06:32.287, 1, 79, 131.83, 100, 14141, 1151, 715, P0, 0x0000000000000000
2026/09/17 05:06:33.293, 0, 79, 125.25, 100, 14654, 1101, 715, P0, 0x0000000000000020
2026/09/17 05:06:33.296, 1, 79, 131.43, 100, 14141, 1189, 715, P0, 0x0000000000000020
2026/09/17 05:06:34.306, 0, 79, 129.51, 100, 14654, 1101, 715, P0, 0x0000000000000020
2026/09/17 05:06:34.309, 1, 77, 49.55, 0, 14141, 1189, 715, P0, 0x0000000000000000
2026/09/17 05:06:35.323, 0, 77, 127.38, 0, 14654, 1189, 715, P0, 0x0000000000000000
2026/09/17 05:06:35.327, 1, 79, 161.31, 100, 14141, 1290, 715, P0, 0x0000000000000020
2026/09/17 05:06:36.333, 0, 80, 143.05, 100, 14654, 1177, 715, P0, 0x0000000000000020
2026/09/17 05:06:36.336, 1, 79, 109.91, 100, 14141, 1189, 715, P0, 0x0000000000000000
2026/09/17 05:06:37.362, 0, 79, 128.36, 100, 14654, 1113, 715, P0, 0x0000000000000020
2026/09/17 05:06:37.365, 1, 79, 126.78, 100, 14141, 1126, 715, P0, 0x0000000000000020
2026/09/17 05:06:38.374, 0, 79, 130.21, 100, 14654, 1101, 715, P0, 0x0000000000000020
2026/09/17 05:06:38.374, 1, 77, 55.83, 0, 14141, 1316, 715, P0, 0x0000000000000000
2026/09/17 05:06:39.390, 0, 79, 147.03, 100, 14654, 1189, 715, P0, 0x0000000000000020
2026/09/17 05:06:39.393, 1, 79, 158.36, 100, 14141, 1227, 715, P0, 0x0000000000000020
2026/09/17 05:06:40.406, 0, 79, 121.16, 100, 14654, 1113, 715, P0, 0x0000000000000020
2026/09/17 05:06:40.409, 1, 79, 139.31, 100, 14141, 1189, 715, P0, 0x0000000000000000
2026/09/17 05:06:41.420, 0, 79, 122.62, 100, 14654, 1101, 715, P0, 0x0000000000000000
2026/09/17 05:06:41.428, 1, 79, 52.70, 93, 14141, 1240, 715, P0, 0x0000000000000000
2026/09/17 05:06:42.435, 0, 78, 54.32, 46, 14654, 1316, 715, P0, 0x0000000000000000
2026/09/17 05:06:42.438, 1, 78, 166.30, 47, 14141, 1278, 715, P0, 0x0000000000000020
2026/09/17 05:06:43.453, 0, 79, 94.20, 100, 14654, 1189, 715, P0, 0x0000000000000000
2026/09/17 05:06:43.456, 1, 79, 111.69, 100, 14141, 1075, 715, P0, 0x0000000000000020
2026/09/17 05:06:44.468, 0, 79, 125.36, 100, 14654, 1075, 715, P0, 0x0000000000000020
2026/09/17 05:06:44.471, 1, 79, 115.23, 100, 14141, 1075, 715, P0, 0x0000000000000000
2026/09/17 05:06:45.489, 0, 79, 124.54, 100, 14654, 1126, 715, P0, 0x0000000000000020
2026/09/17 05:06:45.492, 1, 78, 54.62, 71, 14141, 1290, 715, P0, 0x0000000000000000
2026/09/17 05:06:46.505, 0, 77, 47.88, 0, 14654, 1189, 715, P0, 0x0000000000000000
2026/09/17 05:06:46.509, 1, 79, 146.87, 100, 14141, 1189, 715, P0, 0x0000000000000000
2026/09/17 05:06:47.517, 0, 79, 141.33, 100, 14654, 1177, 715, P0, 0x0000000000000020
2026/09/17 05:06:47.523, 1, 79, 126.91, 100, 14141, 1126, 715, P0, 0x0000000000000020
2026/09/17 05:06:48.531, 0, 79, 128.93, 100, 14654, 1126, 715, P0, 0x0000000000000020
2026/09/17 05:06:48.534, 1, 79, 130.78, 100, 14141, 1139, 715, P0, 0x0000000000000020
2026/09/17 05:06:49.558, 0, 79, 117.56, 100, 14654, 1037, 715, P0, 0x0000000000000020
2026/09/17 05:06:49.565, 1, 77, 56.07, 0, 14141, 1316, 715, P0, 0x0000000000000000
2026/09/17 05:06:50.583, 0, 78, 129.06, 46, 14654, 1151, 715, P0, 0x0000000000000020
2026/09/17 05:06:50.586, 1, 80, 162.95, 100, 14141, 1265, 715, P0, 0x0000000000000020
2026/09/17 05:06:51.595, 0, 79, 133.99, 100, 14654, 1126, 715, P0, 0x0000000000000020
2026/09/17 05:06:51.601, 1, 79, 134.34, 100, 14141, 1189, 715, P0, 0x0000000000000020
2026/09/17 05:06:52.610, 0, 79, 132.09, 100, 14654, 1126, 715, P0, 0x0000000000000020
2026/09/17 05:06:52.613, 1, 79, 131.48, 100, 14141, 1126, 715, P0, 0x0000000000000020
2026/09/17 05:06:53.624, 0, 79, 107.85, 100, 14654, 1189, 715, P0, 0x0000000000000000
2026/09/17 05:06:53.627, 1, 77, 48.87, 0, 14141, 1189, 715, P0, 0x0000000000000000
2026/09/17 05:06:54.639, 0, 79, 132.30, 100, 14654, 1139, 715, P0, 0x0000000000000000
2026/09/17 05:06:54.647, 1, 79, 141.33, 100, 14141, 1189, 715, P0, 0x0000000000000020
2026/09/17 05:06:55.651, 0, 79, 133.52, 100, 14654, 1177, 715, P0, 0x0000000000000020
2026/09/17 05:06:55.654, 1, 79, 132.83, 100, 14141, 1139, 715, P0, 0x0000000000000020
2026/09/17 05:06:56.670, 0, 79, 113.57, 100, 14654, 1050, 715, P0, 0x0000000000000000
2026/09/17 05:06:56.673, 1, 78, 50.09, 100, 14141, 1189, 715, P0, 0x0000000000000000
2026/09/17 05:06:57.687, 0, 78, 52.23, 78, 14654, 1265, 715, P0, 0x0000000000000000
2026/09/17 05:06:57.690, 1, 78, 144.23, 15, 14141, 1189, 715, P0, 0x0000000000000000
2026/09/17 05:06:58.705, 0, 79, 133.42, 100, 14654, 1139, 715, P0, 0x0000000000000020
2026/09/17 05:06:58.709, 1, 79, 142.28, 100, 14141, 1215, 715, P0, 0x0000000000000000
2026/09/17 05:06:59.723, 0, 80, 140.86, 100, 14654, 1139, 715, P0, 0x0000000000000020
2026/09/17 05:06:59.727, 1, 79, 127.14, 100, 14141, 1126, 715, P0, 0x0000000000000020
2026/09/17 05:07:00.740, 0, 79, 125.68, 100, 14654, 1139, 715, P0, 0x0000000000000020
2026/09/17 05:07:00.747, 1, 77, 49.83, 0, 14141, 1189, 715, P0, 0x0000000000000000
2026/09/17 05:07:01.752, 0, 77, 53.83, 0, 14654, 1303, 715, P0, 0x0000000000000000
2026/09/17 05:07:01.755, 1, 79, 181.07, 100, 14141, 1328, 715, P0, 0x0000000000000000
2026/09/17 05:07:02.765, 0, 79, 141.18, 100, 14654, 1177, 715, P0, 0x0000000000000020
2026/09/17 05:07:02.769, 1, 80, 146.91, 100, 14141, 1189, 715, P0, 0x0000000000000020
2026/09/17 05:07:03.781, 0, 79, 118.15, 100, 14654, 1101, 715, P0, 0x0000000000000020
2026/09/17 05:07:03.789, 1, 79, 130.17, 100, 14141, 1139, 715, P0, 0x0000000000000020
2026/09/17 05:07:04.793, 0, 79, 132.07, 100, 14654, 1101, 715, P0, 0x0000000000000020
2026/09/17 05:07:04.796, 1, 77, 50.51, 0, 14141, 1215, 715, P0, 0x0000000000000000
2026/09/17 05:07:05.808, 0, 77, 135.03, 3, 14654, 1189, 715, P0, 0x0000000000000000
2026/09/17 05:07:05.811, 1, 79, 161.65, 100, 14141, 1252, 715, P0, 0x0000000000000020
2026/09/17 05:07:06.825, 0, 80, 143.75, 100, 14654, 1189, 715, P0, 0x0000000000000020
2026/09/17 05:07:06.828, 1, 79, 118.15, 100, 14141, 1189, 715, P0, 0x0000000000000000
2026/09/17 05:07:07.837, 0, 79, 129.23, 100, 14654, 1113, 715, P0, 0x0000000000000020
2026/09/17 05:07:07.840, 1, 79, 131.25, 100, 14141, 1126, 715, P0, 0x0000000000000020
2026/09/17 05:07:08.855, 0, 79, 118.59, 100, 14654, 1101, 715, P0, 0x0000000000000020
2026/09/17 05:07:08.858, 1, 77, 52.00, 0, 14141, 1265, 715, P0, 0x0000000000000000
2026/09/17 05:07:09.863, 0, 79, 149.80, 100, 14654, 1189, 715, P0, 0x0000000000000020
2026/09/17 05:07:09.867, 1, 79, 157.17, 100, 14141, 1227, 715, P0, 0x0000000000000020
2026/09/17 05:07:10.875, 0, 79, 123.82, 100, 14654, 1113, 715, P0, 0x0000000000000020
2026/09/17 05:07:10.879, 1, 79, 138.57, 100, 14141, 1177, 715, P0, 0x0000000000000020
2026/09/17 05:07:11.893, 0, 79, 123.35, 100, 14654, 1088, 715, P0, 0x0000000000000020
2026/09/17 05:07:11.895, 1, 79, 110.24, 100, 14141, 1177, 715, P0, 0x0000000000000000
2026/09/17 05:07:12.910, 0, 78, 48.62, 100, 14654, 1189, 715, P0, 0x0000000000000000
2026/09/17 05:07:12.913, 1, 78, 148.04, 0, 14141, 1227, 715, P0, 0x0000000000000020
2026/09/17 05:07:13.923, 0, 79, 143.15, 100, 14654, 1177, 715, P0, 0x0000000000000020
2026/09/17 05:07:13.926, 1, 79, 132.32, 100, 14141, 1189, 715, P0, 0x0000000000000000
2026/09/17 05:07:14.937, 0, 79, 126.10, 100, 14654, 1101, 715, P0, 0x0000000000000020
2026/09/17 05:07:14.946, 1, 79, 110.45, 100, 14141, 1037, 715, P0, 0x0000000000000000
2026/09/17 05:07:15.953, 0, 79, 137.75, 100, 14654, 1215, 715, P0, 0x0000000000000020
2026/09/17 05:07:15.955, 1, 78, 49.78, 22, 14141, 1189, 715, P0, 0x0000000000000000
2026/09/17 05:07:16.966, 0, 77, 48.13, 0, 14654, 1189, 715, P0, 0x0000000000000000
2026/09/17 05:07:16.969, 1, 78, 145.67, 100, 14141, 1189, 715, P0, 0x0000000000000020
2026/09/17 05:07:17.979, 0, 79, 138.55, 100, 14654, 1202, 715, P0, 0x0000000000000000
2026/09/17 05:07:17.985, 1, 79, 146.67, 100, 14141, 1202, 715, P0, 0x0000000000000020
2026/09/17 05:07:18.993, 0, 79, 124.73, 100, 14654, 1088, 715, P0, 0x0000000000000020
2026/09/17 05:07:18.997, 1, 79, 144.21, 100, 14141, 1252, 715, P0, 0x0000000000000020
2026/09/17 05:07:20.008, 0, 79, 129.49, 100, 14654, 1113, 715, P0, 0x0000000000000020
2026/09/17 05:07:20.011, 1, 77, 56.50, 0, 14141, 1316, 715, P0, 0x0000000000000000
2026/09/17 05:07:21.020, 0, 77, 47.89, 0, 14654, 1189, 715, P0, 0x0000000000000000
2026/09/17 05:07:21.023, 1, 79, 140.99, 100, 14141, 1227, 715, P0, 0x0000000000000000
2026/09/17 05:07:22.033, 0, 80, 131.84, 100, 14654, 1101, 715, P0, 0x0000000000000020
2026/09/17 05:07:22.034, 1, 79, 134.77, 100, 14141, 1139, 715, P0, 0x0000000000000020
2026/09/17 05:07:23.045, 0, 79, 128.26, 100, 14654, 1139, 715, P0, 0x0000000000000020
2026/09/17 05:07:23.048, 1, 79, 137.60, 100, 14141, 1151, 715, P0, 0x0000000000000020
2026/09/17 05:07:24.063, 0, 79, 130.21, 100, 14654, 1113, 715, P0, 0x0000000000000000
2026/09/17 05:07:24.066, 1, 77, 56.26, 0, 14141, 1316, 715, P0, 0x0000000000000000
2026/09/17 05:07:25.082, 0, 78, 148.13, 38, 14654, 1189, 715, P0, 0x0000000000000020
2026/09/17 05:07:25.085, 1, 80, 159.48, 100, 14141, 1240, 715, P0, 0x0000000000000020
2026/09/17 05:07:26.095, 0, 79, 133.27, 100, 14654, 1101, 715, P0, 0x0000000000000020
2026/09/17 05:07:26.099, 1, 79, 133.15, 100, 14141, 1189, 715, P0, 0x0000000000000000
2026/09/17 05:07:27.111, 0, 79, 131.87, 100, 14654, 1101, 715, P0, 0x0000000000000020
2026/09/17 05:07:27.114, 1, 79, 129.81, 100, 14141, 1126, 715, P0, 0x0000000000000000
2026/09/17 05:07:28.126, 0, 79, 123.33, 100, 14654, 1075, 715, P0, 0x0000000000000020
2026/09/17 05:07:28.130, 1, 77, 53.90, 0, 14141, 1290, 715, P0, 0x0000000000000000
2026/09/17 05:07:29.141, 0, 79, 132.41, 100, 14654, 1139, 715, P0, 0x0000000000000000
2026/09/17 05:07:29.146, 1, 80, 158.03, 100, 14141, 1227, 715, P0, 0x0000000000000020
2026/09/17 05:07:30.157, 0, 79, 133.23, 100, 14654, 1164, 715, P0, 0x0000000000000020
2026/09/17 05:07:30.166, 1, 79, 130.28, 100, 14141, 1126, 715, P0, 0x0000000000000020
2026/09/17 05:07:31.174, 0, 80, 133.03, 100, 14654, 1139, 715, P0, 0x0000000000000000
2026/09/17 05:07:31.177, 1, 79, 53.13, 63, 14141, 1303, 715, P0, 0x0000000000000000
2026/09/17 05:07:32.186, 0, 78, 47.88, 36, 14654, 1189, 715, P0, 0x0000000000000000
2026/09/17 05:07:32.189, 1, 78, 154.90, 71, 14141, 1240, 715, P0, 0x0000000000000020
2026/09/17 05:07:33.202, 0, 79, 139.51, 100, 14654, 1139, 715, P0, 0x0000000000000020
2026/09/17 05:07:33.205, 1, 80, 152.09, 100, 14141, 1278, 715, P0, 0x0000000000000000
2026/09/17 05:07:34.220, 0, 80, 136.56, 100, 14654, 1139, 715, P0, 0x0000000000000020
2026/09/17 05:07:34.225, 1, 79, 128.36, 100, 14141, 1126, 715, P0, 0x0000000000000020
2026/09/17 05:07:35.231, 0, 79, 93.56, 100, 14654, 1101, 715, P0, 0x0000000000000000
2026/09/17 05:07:35.234, 1, 78, 50.86, 9, 14141, 1202, 715, P0, 0x0000000000000000
2026/09/17 05:07:36.244, 0, 78, 53.40, 0, 14654, 1290, 715, P0, 0x0000000000000000
2026/09/17 05:07:36.247, 1, 79, 163.54, 100, 14141, 1252, 715, P0, 0x0000000000000020
2026/09/17 05:07:37.261, 0, 79, 137.15, 100, 14654, 1189, 715, P0, 0x0000000000000020
2026/09/17 05:07:37.264, 1, 80, 140.35, 100, 14141, 1189, 715, P0, 0x0000000000000020
2026/09/17 05:07:38.273, 0, 79, 117.05, 100, 14654, 1063, 715, P0, 0x0000000000000020
2026/09/17 05:07:38.278, 1, 79, 113.81, 100, 14141, 1139, 715, P0, 0x0000000000000000
2026/09/17 05:07:39.284, 0, 79, 119.73, 100, 14654, 1101, 715, P0, 0x0000000000000020
2026/09/17 05:07:39.287, 1, 78, 56.06, 0, 14141, 1316, 715, P0, 0x0000000000000000
2026/09/17 05:07:40.299, 0, 77, 53.64, 0, 14654, 1303, 715, P0, 0x0000000000000000
2026/09/17 05:07:40.304, 1, 79, 155.50, 100, 14141, 1227, 715, P0, 0x0000000000000020
2026/09/17 05:07:41.316, 0, 79, 134.96, 100, 14654, 1189, 715, P0, 0x0000000000000000
2026/09/17 05:07:41.319, 1, 80, 131.39, 100, 14141, 1126, 715, P0, 0x0000000000000020
2026/09/17 05:07:42.337, 0, 79, 124.54, 100, 14654, 1101, 715, P0, 0x0000000000000000
2026/09/17 05:07:42.341, 1, 79, 125.36, 100, 14141, 1139, 715, P0, 0x0000000000000020
2026/09/17 05:07:43.352, 0, 79, 123.80, 100, 14654, 1101, 715, P0, 0x0000000000000020
2026/09/17 05:07:43.355, 1, 77, 55.83, 0, 14141, 1316, 715, P0, 0x0000000000000000
2026/09/17 05:07:44.364, 0, 77, 52.26, 0, 14654, 1278, 715, P0, 0x0000000000000000
2026/09/17 05:07:44.366, 1, 79, 127.71, 100, 14141, 1189, 715, P0, 0x0000000000000000
2026/09/17 05:07:45.376, 0, 80, 137.93, 100, 14654, 1126, 715, P0, 0x0000000000000020
2026/09/17 05:07:45.379, 1, 80, 146.70, 100, 14141, 1189, 715, P0, 0x0000000000000020
2026/09/17 05:07:46.391, 0, 80, 133.32, 100, 14654, 1101, 715, P0, 0x0000000000000020
2026/09/17 05:07:46.395, 1, 79, 125.12, 100, 14141, 1126, 715, P0, 0x0000000000000020
2026/09/17 05:07:47.423, 0, 79, 114.50, 100, 14654, 1037, 715, P0, 0x0000000000000020
2026/09/17 05:07:47.430, 1, 77, 54.63, 0, 14141, 1303, 715, P0, 0x0000000000000000
2026/09/17 05:07:48.439, 0, 78, 138.25, 18, 14654, 1189, 715, P0, 0x0000000000000020
2026/09/17 05:07:48.447, 1, 79, 156.70, 100, 14141, 1252, 715, P0, 0x0000000000000020
2026/09/17 05:07:49.451, 0, 80, 139.78, 100, 14654, 1164, 715, P0, 0x0000000000000000
2026/09/17 05:07:49.455, 1, 79, 117.98, 100, 14141, 1189, 715, P0, 0x0000000000000000
2026/09/17 05:07:50.466, 0, 79, 122.36, 100, 14654, 1088, 715, P0, 0x0000000000000020
2026/09/17 05:07:50.469, 1, 79, 132.23, 100, 14141, 1139, 715, P0, 0x0000000000000020
2026/09/17 05:07:51.480, 0, 79, 124.46, 100, 14654, 1088, 715, P0, 0x0000000000000020
2026/09/17 05:07:51.488, 1, 77, 54.85, 0, 14141, 1303, 715, P0, 0x0000000000000000
2026/09/17 05:07:52.496, 0, 79, 138.03, 84, 14654, 1164, 715, P0, 0x0000000000000020
2026/09/17 05:07:52.499, 1, 80, 165.21, 100, 14141, 1252, 715, P0, 0x0000000000000020
2026/09/17 05:07:53.509, 0, 79, 107.53, 100, 14654, 1126, 715, P0, 0x0000000000000000
2026/09/17 05:07:53.512, 1, 79, 116.97, 100, 14141, 1101, 715, P0, 0x0000000000000020
2026/09/17 05:07:54.521, 0, 79, 124.55, 100, 14654, 1088, 715, P0, 0x0000000000000020
2026/09/17 05:07:54.531, 1, 79, 124.42, 100, 14141, 1101, 715, P0, 0x0000000000000020
2026/09/17 05:07:55.538, 0, 79, 135.94, 100, 14654, 1139, 715, P0, 0x0000000000000020
2026/09/17 05:07:55.549, 1, 77, 48.82, 0, 14141, 1189, 715, P0, 0x0000000000000000
2026/09/17 05:07:56.555, 0, 79, 141.43, 100, 14654, 1189, 715, P0, 0x0000000000000000
2026/09/17 05:07:56.558, 1, 79, 149.05, 100, 14141, 1202, 715, P0, 0x0000000000000020
2026/09/17 05:07:57.577, 0, 79, 126.32, 100, 14654, 1139, 715, P0, 0x0000000000000020
2026/09/17 05:07:57.580, 1, 79, 146.83, 100, 14141, 1202, 715, P0, 0x0000000000000020
2026/09/17 05:07:58.592, 0, 79, 123.80, 100, 14654, 1088, 715, P0, 0x0000000000000020
2026/09/17 05:07:58.595, 1, 79, 54.64, 78, 14141, 1278, 715, P0, 0x0000000000000000
2026/09/17 05:07:59.605, 0, 78, 53.88, 44, 14654, 1316, 715, P0, 0x0000000000000020
2026/09/17 05:07:59.608, 1, 78, 157.87, 71, 14141, 1252, 715, P0, 0x0000000000000020
2026/09/17 05:08:00.619, 0, 79, 145.68, 100, 14654, 1164, 715, P0, 0x0000000000000020
2026/09/17 05:08:00.627, 1, 79, 140.99, 100, 14141, 1227, 715, P0, 0x0000000000000020
2026/09/17 05:08:01.633, 0, 79, 128.60, 100, 14654, 1113, 715, P0, 0x0000000000000020
2026/09/17 05:08:01.636, 1, 79, 129.33, 100, 14141, 1139, 715, P0, 0x0000000000000000
2026/09/17 05:08:02.646, 0, 79, 119.98, 100, 14654, 1101, 715, P0, 0x0000000000000020
2026/09/17 05:08:02.650, 1, 78, 50.08, 35, 14141, 1189, 715, P0, 0x0000000000000000
2026/09/17 05:08:03.660, 0, 78, 51.47, 0, 14654, 1252, 715, P0, 0x0000000000000000
2026/09/17 05:08:03.664, 1, 78, 155.51, 100, 14141, 1240, 715, P0, 0x0000000000000000
2026/09/17 05:08:04.674, 0, 79, 137.70, 100, 14654, 1189, 715, P0, 0x0000000000000000
2026/09/17 05:08:04.677, 1, 79, 150.65, 100, 14141, 1202, 715, P0, 0x0000000000000020
2026/09/17 05:08:05.691, 0, 79, 114.86, 100, 14654, 1050, 715, P0, 0x0000000000000020
2026/09/17 05:08:05.694, 1, 79, 130.89, 100, 14141, 1139, 715, P0, 0x0000000000000020
2026/09/17 05:08:06.706, 0, 79, 128.52, 100, 14654, 1101, 715, P0, 0x0000000000000020
2026/09/17 05:08:06.713, 1, 78, 55.34, 0, 14141, 1303, 715, P0, 0x0000000000000000
2026/09/17 05:08:07.717, 0, 77, 50.26, 0, 14654, 1240, 715, P0, 0x0000000000000000
2026/09/17 05:08:07.720, 1, 79, 165.93, 100, 14141, 1265, 715, P0, 0x0000000000000020
2026/09/17 05:08:08.730, 0, 79, 135.62, 100, 14654, 1189, 715, P0, 0x0000000000000020
2026/09/17 05:08:08.733, 1, 79, 97.13, 100, 14141, 847, 715, P0, 0x0000000000000020
2026/09/17 05:08:09.743, 0, 79, 126.49, 100, 14654, 1101, 715, P0, 0x0000000000000020
2026/09/17 05:08:09.750, 1, 78, 114.51, 100, 14141, 1063, 715, P0, 0x0000000000000020
2026/09/17 05:08:10.759, 0, 79, 129.51, 100, 14654, 1139, 715, P0, 0x0000000000000000
2026/09/17 05:08:10.763, 1, 78, 50.04, 100, 14141, 1189, 715, P0, 0x0000000000000000
2026/09/17 05:08:11.773, 0, 77, 47.62, 0, 14654, 1189, 715, P0, 0x0000000000000000
2026/09/17 05:08:11.775, 1, 79, 156.71, 100, 14141, 1227, 715, P0, 0x0000000000000020
2026/09/17 05:08:12.787, 0, 79, 139.03, 100, 14654, 1164, 715, P0, 0x0000000000000020
2026/09/17 05:08:12.790, 1, 80, 149.78, 100, 14141, 1202, 715, P0, 0x0000000000000020
2026/09/17 05:08:13.799, 0, 79, 124.76, 100, 14654, 1101, 715, P0, 0x0000000000000000
2026/09/17 05:08:13.808, 1, 79, 136.29, 100, 14141, 1189, 715, P0, 0x0000000000000020
2026/09/17 05:08:14.814, 0, 79, 123.11, 100, 14654, 1101, 715, P0, 0x0000000000000020
2026/09/17 05:08:14.817, 1, 77, 49.34, 0, 14141, 1189, 715, P0, 0x0000000000000000
2026/09/17 05:08:15.828, 0, 77, 47.60, 0, 14654, 1189, 715, P0, 0x0000000000000000
2026/09/17 05:08:15.831, 1, 79, 168.57, 100, 14141, 1328, 715, P0, 0x0000000000000000
2026/09/17 05:08:16.843, 0, 79, 118.17, 100, 14654, 1075, 715, P0, 0x0000000000000000
2026/09/17 05:08:16.847, 1, 79, 124.68, 100, 14141, 1113, 715, P0, 0x0000000000000020
2026/09/17 05:08:17.857, 0, 79, 102.30, 100, 14654, 1139, 715, P0, 0x0000000000000000
2026/09/17 05:08:17.868, 1, 79, 122.24, 100, 14141, 1113, 715, P0, 0x0000000000000000
2026/09/17 05:08:18.873, 0, 79, 125.02, 100, 14654, 1075, 715, P0, 0x0000000000000020
2026/09/17 05:08:18.876, 1, 77, 49.07, 0, 14141, 1189, 715, P0, 0x0000000000000000
2026/09/17 05:08:19.884, 0, 77, 49.07, 0, 14654, 1227, 715, P0, 0x0000000000000000
2026/09/17 05:08:19.888, 1, 79, 158.41, 100, 14141, 1290, 715, P0, 0x0000000000000020
2026/09/17 05:08:20.895, 0, 80, 139.06, 100, 14654, 1164, 715, P0, 0x0000000000000020
2026/09/17 05:08:20.898, 1, 79, 138.93, 100, 14141, 1177, 715, P0, 0x0000000000000000
2026/09/17 05:08:21.910, 0, 79, 128.01, 100, 14654, 1139, 715, P0, 0x0000000000000020
2026/09/17 05:08:21.913, 1, 79, 140.39, 100, 14141, 1189, 715, P0, 0x0000000000000000
2026/09/17 05:08:22.930, 0, 79, 124.03, 100, 14654, 1088, 715, P0, 0x0000000000000020
2026/09/17 05:08:22.933, 1, 77, 56.30, 0, 14141, 1316, 715, P0, 0x0000000000000000
2026/09/17 05:08:23.941, 0, 78, 142.00, 0, 14654, 1202, 715, P0, 0x0000000000000020
2026/09/17 05:08:23.946, 1, 79, 164.22, 100, 14141, 1265, 715, P0, 0x0000000000000020
2026/09/17 05:08:24.958, 0, 79, 125.11, 100, 14654, 1101, 715, P0, 0x0000000000000020
2026/09/17 05:08:24.961, 1, 79, 114.75, 100, 14141, 1139, 715, P0, 0x0000000000000000
2026/09/17 05:08:25.978, 0, 79, 115.74, 100, 14654, 1050, 715, P0, 0x0000000000000020
2026/09/17 05:08:25.981, 1, 79, 135.59, 100, 14141, 1139, 715, P0, 0x0000000000000020
2026/09/17 05:08:26.999, 0, 79, 117.80, 100, 14654, 1075, 715, P0, 0x0000000000000000
2026/09/17 05:08:27.002, 1, 77, 56.06, 0, 14141, 1316, 715, P0, 0x0000000000000000
2026/09/17 05:08:28.016, 0, 78, 139.50, 86, 14654, 1189, 715, P0, 0x0000000000000020
2026/09/17 05:08:28.019, 1, 79, 150.42, 100, 14141, 1227, 715, P0, 0x0000000000000000
2026/09/17 05:08:29.028, 0, 79, 139.17, 100, 14654, 1139, 715, P0, 0x0000000000000020
2026/09/17 05:08:29.031, 1, 79, 130.24, 100, 14141, 1189, 715, P0, 0x0000000000000020
2026/09/17 05:08:30.045, 0, 79, 123.09, 100, 14654, 1088, 715, P0, 0x0000000000000020
2026/09/17 05:08:30.051, 1, 79, 131.74, 100, 14141, 1126, 715, P0, 0x0000000000000020
2026/09/17 05:08:31.059, 0, 79, 124.20, 100, 14654, 1088, 715, P0, 0x0000000000000020
2026/09/17 05:08:31.063, 1, 77, 55.79, 0, 14141, 1316, 715, P0, 0x0000000000000000
2026/09/17 05:08:32.070, 0, 78, 138.08, 97, 14654, 1177, 715, P0, 0x0000000000000000
2026/09/17 05:08:32.073, 1, 79, 151.11, 100, 14141, 1227, 715, P0, 0x0000000000000020
2026/09/17 05:08:33.083, 0, 79, 132.46, 100, 14654, 1101, 715, P0, 0x0000000000000020
2026/09/17 05:08:33.092, 1, 79, 147.20, 100, 14141, 1215, 715, P0, 0x0000000000000020
2026/09/17 05:08:34.096, 0, 80, 131.23, 100, 14654, 1113, 715, P0, 0x0000000000000020
2026/09/17 05:08:34.099, 1, 79, 123.21, 100, 14141, 1101, 715, P0, 0x0000000000000020
2026/09/17 05:08:35.110, 0, 79, 118.61, 100, 14654, 1050, 715, P0, 0x0000000000000020
2026/09/17 05:08:35.113, 1, 77, 48.87, 0, 14141, 1189, 715, P0, 0x0000000000000000
2026/09/17 05:08:36.123, 0, 79, 138.07, 68, 14654, 1139, 715, P0, 0x0000000000000020
2026/09/17 05:08:36.132, 1, 79, 157.22, 100, 14141, 1227, 715, P0, 0x0000000000000020
2026/09/17 05:08:37.139, 0, 79, 137.03, 100, 14654, 1139, 715, P0, 0x0000000000000000
2026/09/17 05:08:37.143, 1, 79, 134.48, 100, 14141, 1189, 715, P0, 0x0000000000000020
2026/09/17 05:08:38.153, 0, 79, 124.77, 100, 14654, 1088, 715, P0, 0x0000000000000020
2026/09/17 05:08:38.155, 1, 79, 128.63, 100, 14141, 1126, 715, P0, 0x0000000000000020
2026/09/17 05:08:39.169, 0, 79, 121.40, 100, 14654, 1075, 715, P0, 0x0000000000000020
2026/09/17 05:08:39.173, 1, 77, 56.07, 0, 14141, 1316, 715, P0, 0x0000000000000000
2026/09/17 05:08:40.184, 0, 79, 141.92, 98, 14654, 1189, 715, P0, 0x0000000000000000
2026/09/17 05:08:40.188, 1, 79, 140.56, 100, 14141, 1189, 715, P0, 0x0000000000000020
2026/09/17 05:08:41.202, 0, 79, 131.89, 100, 14654, 1164, 715, P0, 0x0000000000000020
2026/09/17 05:08:41.209, 1, 79, 125.33, 100, 14141, 1126, 715, P0, 0x0000000000000020
2026/09/17 05:08:42.220, 0, 79, 124.53, 100, 14654, 1088, 715, P0, 0x0000000000000020
2026/09/17 05:08:42.223, 1, 79, 129.83, 100, 14141, 1139, 715, P0, 0x0000000000000000
2026/09/17 05:08:43.238, 0, 79, 59.27, 100, 14654, 1139, 715, P0, 0x0000000000000000
2026/09/17 05:08:43.242, 1, 76, 122.01, 15, 14141, 1189, 715, P0, 0x0000000000000000
2026/09/17 05:08:44.252, 0, 79, 139.96, 100, 14654, 1164, 715, P0, 0x0000000000000000
2026/09/17 05:08:44.255, 1, 80, 159.11, 100, 14141, 1252, 715, P0, 0x0000000000000020
2026/09/17 05:08:45.266, 0, 80, 139.91, 100, 14654, 1202, 715, P0, 0x0000000000000020
2026/09/17 05:08:45.270, 1, 79, 124.13, 100, 14141, 1113, 715, P0, 0x0000000000000000
2026/09/17 05:08:46.282, 0, 79, 126.13, 100, 14654, 1075, 715, P0, 0x0000000000000020
2026/09/17 05:08:46.285, 1, 79, 103.30, 100, 14141, 1177, 715, P0, 0x0000000000000000
2026/09/17 05:08:47.295, 0, 79, 51.76, 100, 14654, 1189, 715, P0, 0x0000000000000000
2026/09/17 05:08:47.297, 1, 77, 134.04, 1, 14141, 1189, 715, P0, 0x0000000000000000
2026/09/17 05:08:48.309, 0, 79, 145.37, 100, 14654, 1189, 715, P0, 0x0000000000000000
2026/09/17 05:08:48.312, 1, 80, 151.34, 100, 14141, 1215, 715, P0, 0x0000000000000020
2026/09/17 05:08:49.326, 0, 79, 116.45, 100, 14654, 1075, 715, P0, 0x0000000000000020
2026/09/17 05:08:49.333, 1, 79, 133.91, 100, 14141, 1139, 715, P0, 0x0000000000000020
2026/09/17 05:08:50.336, 0, 79, 118.04, 100, 14654, 1075, 715, P0, 0x0000000000000000
2026/09/17 05:08:50.339, 1, 79, 55.34, 100, 14141, 1189, 715, P0, 0x0000000000000000
2026/09/17 05:08:51.348, 0, 78, 48.17, 100, 14654, 1189, 715, P0, 0x0000000000000000
2026/09/17 05:08:51.351, 1, 77, 134.28, 0, 14141, 1189, 715, P0, 0x0000000000000000
2026/09/17 05:08:52.365, 0, 79, 138.08, 100, 14654, 1164, 715, P0, 0x0000000000000000
2026/09/17 05:08:52.372, 1, 80, 146.46, 100, 14141, 1189, 715, P0, 0x0000000000000020
2026/09/17 05:08:53.390, 0, 79, 141.21, 100, 14654, 1164, 715, P0, 0x0000000000000020
2026/09/17 05:08:53.393, 1, 79, 136.06, 100, 14141, 1139, 715, P0, 0x0000000000000020
2026/09/17 05:08:54.404, 0, 79, 129.27, 100, 14654, 1126, 715, P0, 0x0000000000000000
2026/09/17 05:08:54.415, 1, 78, 50.52, 100, 14141, 1189, 715, P0, 0x0000000000000000
2026/09/17 05:08:55.422, 0, 78, 48.38, 11, 14654, 1189, 715, P0, 0x0000000000000000
2026/09/17 05:08:55.425, 1, 78, 144.08, 12, 14141, 1189, 715, P0, 0x0000000000000000
2026/09/17 05:08:56.438, 0, 79, 134.26, 100, 14654, 1126, 715, P0, 0x0000000000000020
2026/09/17 05:08:56.441, 1, 80, 160.05, 100, 14141, 1265, 715, P0, 0x0000000000000000
2026/09/17 05:08:57.452, 0, 79, 132.84, 100, 14654, 1139, 715, P0, 0x0000000000000020
2026/09/17 05:08:57.455, 1, 79, 122.24, 100, 14141, 1075, 715, P0, 0x0000000000000020
2026/09/17 05:08:58.462, 0, 80, 128.05, 100, 14654, 1075, 715, P0, 0x0000000000000020
2026/09/17 05:08:58.474, 1, 78, 54.63, 52, 14141, 1316, 715, P0, 0x0000000000000020
2026/09/17 05:08:59.478, 0, 78, 48.13, 6, 14654, 1189, 715, P0, 0x0000000000000000
2026/09/17 05:08:59.482, 1, 78, 145.19, 100, 14141, 1202, 715, P0, 0x0000000000000000
2026/09/17 05:09:00.488, 0, 79, 133.38, 100, 14654, 1139, 715, P0, 0x0000000000000020
2026/09/17 05:09:00.492, 1, 79, 158.46, 100, 14141, 1278, 715, P0, 0x0000000000000020
2026/09/17 05:09:01.504, 0, 80, 137.95, 100, 14654, 1151, 715, P0, 0x0000000000000020
2026/09/17 05:09:01.510, 1, 79, 136.54, 100, 14141, 1164, 715, P0, 0x0000000000000000
2026/09/17 05:09:02.532, 0, 79, 109.76, 100, 14654, 1151, 715, P0, 0x0000000000000000
2026/09/17 05:09:02.536, 1, 78, 50.31, 29, 14141, 1189, 715, P0, 0x0000000000000000
2026/09/17 05:09:03.546, 0, 77, 48.13, 0, 14654, 1189, 715, P0, 0x0000000000000000
2026/09/17 05:09:03.549, 1, 78, 157.43, 100, 14141, 1252, 715, P0, 0x0000000000000000
2026/09/17 05:09:04.562, 0, 79, 143.01, 100, 14654, 1189, 715, P0, 0x0000000000000000
2026/09/17 05:09:04.567, 1, 80, 148.09, 100, 14141, 1202, 715, P0, 0x0000000000000020
2026/09/17 05:09:05.573, 0, 79, 131.64, 100, 14654, 1126, 715, P0, 0x0000000000000020
2026/09/17 05:09:05.575, 1, 79, 125.57, 100, 14141, 1126, 715, P0, 0x0000000000000000
2026/09/17 05:09:06.586, 0, 79, 119.98, 100, 14654, 1101, 715, P0, 0x0000000000000020
2026/09/17 05:09:06.589, 1, 77, 49.84, 29, 14141, 1189, 715, P0, 0x0000000000000000
2026/09/17 05:09:07.601, 0, 77, 47.90, 0, 14654, 1189, 715, P0, 0x0000000000000000
2026/09/17 05:09:07.605, 1, 78, 151.81, 100, 14141, 1215, 715, P0, 0x0000000000000000
2026/09/17 05:09:08.616, 0, 79, 136.02, 100, 14654, 1202, 715, P0, 0x0000000000000020
2026/09/17 05:09:08.619, 1, 80, 150.67, 100, 14141, 1227, 715, P0, 0x0000000000000020
2026/09/17 05:09:09.632, 0, 79, 127.19, 100, 14654, 1101, 715, P0, 0x0000000000000020
2026/09/17 05:09:09.635, 1, 79, 116.56, 100, 14141, 1189, 715, P0, 0x0000000000000000
2026/09/17 05:09:10.649, 0, 79, 134.65, 100, 14654, 1151, 715, P0, 0x0000000000000020
2026/09/17 05:09:10.652, 1, 78, 53.13, 0, 14141, 1265, 715, P0, 0x0000000000000000
2026/09/17 05:09:11.667, 0, 77, 47.65, 0, 14654, 1189, 715, P0, 0x0000000000000000
2026/09/17 05:09:11.670, 1, 79, 151.33, 100, 14141, 1215, 715, P0, 0x0000000000000020
2026/09/17 05:09:12.683, 0, 80, 148.95, 100, 14654, 1215, 715, P0, 0x0000000000000000
2026/09/17 05:09:12.686, 1, 79, 150.59, 100, 14141, 1215, 715, P0, 0x0000000000000000
2026/09/17 05:09:13.697, 0, 79, 129.86, 100, 14654, 1113, 715, P0, 0x0000000000000020
2026/09/17 05:09:13.702, 1, 79, 114.71, 100, 14141, 1189, 715, P0, 0x0000000000000000
2026/09/17 05:09:14.711, 0, 79, 109.07, 100, 14654, 1037, 715, P0, 0x0000000000000020
2026/09/17 05:09:14.714, 1, 77, 49.61, 0, 14141, 1189, 715, P0, 0x0000000000000000
2026/09/17 05:09:15.724, 0, 77, 47.85, 0, 14654, 1189, 715, P0, 0x0000000000000000
2026/09/17 05:09:15.726, 1, 79, 162.83, 100, 14141, 1265, 715, P0, 0x0000000000000020
2026/09/17 05:09:16.739, 0, 79, 132.79, 100, 14654, 1189, 715, P0, 0x0000000000000020
2026/09/17 05:09:16.746, 1, 79, 140.38, 100, 14141, 1189, 715, P0, 0x0000000000000020
2026/09/17 05:09:17.764, 0, 79, 116.07, 100, 14654, 1050, 715, P0, 0x0000000000000020
2026/09/17 05:09:17.767, 1, 79, 130.60, 100, 14141, 1189, 715, P0, 0x0000000000000000
2026/09/17 05:09:18.776, 0, 79, 119.58, 100, 14654, 1101, 715, P0, 0x0000000000000020
2026/09/17 05:09:18.779, 1, 77, 49.83, 0, 14141, 1189, 715, P0, 0x0000000000000000
2026/09/17 05:09:19.789, 0, 77, 52.38, 0, 14654, 1278, 715, P0, 0x0000000000000000
2026/09/17 05:09:19.792, 1, 79, 182.89, 100, 14141, 1328, 715, P0, 0x0000000000000000
2026/09/17 05:09:20.808, 0, 79, 145.45, 100, 14654, 1189, 715, P0, 0x0000000000000020
2026/09/17 05:09:20.810, 1, 80, 137.24, 100, 14141, 1164, 715, P0, 0x0000000000000020
2026/09/17 05:09:21.826, 0, 79, 123.80, 100, 14654, 1101, 715, P0, 0x0000000000000000
2026/09/17 05:09:21.829, 1, 79, 108.77, 100, 14141, 1177, 715, P0, 0x0000000000000000
2026/09/17 05:09:22.844, 0, 79, 128.29, 100, 14654, 1113, 715, P0, 0x0000000000000020
2026/09/17 05:09:22.848, 1, 77, 51.48, 0, 14141, 1227, 715, P0, 0x0000000000000000
2026/09/17 05:09:23.860, 0, 77, 53.65, 0, 14654, 1303, 715, P0, 0x0000000000000000
2026/09/17 05:09:23.864, 1, 79, 148.75, 100, 14141, 1202, 715, P0, 0x0000000000000000
2026/09/17 05:09:24.876, 0, 79, 142.04, 100, 14654, 1164, 715, P0, 0x0000000000000020
2026/09/17 05:09:24.887, 1, 80, 149.92, 100, 14141, 1215, 715, P0, 0x0000000000000020
2026/09/17 05:09:25.904, 0, 79, 118.84, 100, 14654, 1075, 715, P0, 0x0000000000000020
2026/09/17 05:09:25.908, 1, 79, 138.20, 100, 14141, 1202, 715, P0, 0x0000000000000020
2026/09/17 05:09:26.921, 0, 79, 122.36, 100, 14654, 1088, 715, P0, 0x0000000000000020
2026/09/17 05:09:26.926, 1, 77, 56.52, 0, 14141, 1316, 715, P0, 0x0000000000000000
2026/09/17 05:09:27.937, 0, 77, 52.20, 0, 14654, 1278, 715, P0, 0x0000000000000000
2026/09/17 05:09:27.941, 1, 79, 156.95, 100, 14141, 1240, 715, P0, 0x0000000000000020
2026/09/17 05:09:28.951, 0, 79, 143.10, 100, 14654, 1189, 715, P0, 0x0000000000000020
2026/09/17 05:09:28.955, 1, 79, 141.04, 100, 14141, 1189, 715, P0, 0x0000000000000000
2026/09/17 05:09:29.965, 0, 79, 125.58, 100, 14654, 1101, 715, P0, 0x0000000000000020
2026/09/17 05:09:29.970, 1, 79, 124.18, 100, 14141, 1126, 715, P0, 0x0000000000000020
2026/09/17 05:09:30.980, 0, 79, 128.54, 100, 14654, 1113, 715, P0, 0x0000000000000020
2026/09/17 05:09:30.986, 1, 77, 49.55, 0, 14141, 1189, 715, P0, 0x0000000000000000
2026/09/17 05:09:31.996, 0, 77, 51.47, 0, 14654, 1265, 715, P0, 0x0000000000000000
2026/09/17 05:09:32.002, 1, 79, 167.74, 100, 14141, 1328, 715, P0, 0x0000000000000000
2026/09/17 05:09:33.009, 0, 79, 129.61, 100, 14654, 1189, 715, P0, 0x0000000000000000
2026/09/17 05:09:33.012, 1, 80, 141.83, 100, 14141, 1177, 715, P0, 0x0000000000000020
2026/09/17 05:09:34.024, 0, 76, 47.21, 0, 14654, 1189, 715, P0, 0x0000000000000000
2026/09/17 05:09:34.030, 1, 79, 122.28, 100, 14141, 1113, 715, P0, 0x0000000000000000
2026/09/17 05:09:35.040, 0, 76, 46.72, 0, 14654, 1189, 715, P0, 0x0000000000000000
2026/09/17 05:09:35.043, 1, 79, 122.51, 100, 14141, 1101, 715, P0, 0x0000000000000020
2026/09/17 05:09:36.052, 0, 79, 199.48, 100, 14654, 1328, 715, P0, 0x0000000000000000
2026/09/17 05:09:36.055, 1, 77, 49.14, 0, 14141, 1189, 715, P0, 0x0000000000000000
2026/09/17 05:09:37.067, 0, 80, 151.65, 100, 14654, 1202, 715, P0, 0x0000000000000020
2026/09/17 05:09:37.069, 1, 76, 55.23, 0, 14141, 1316, 715, P0, 0x0000000000000000
2026/09/17 05:09:38.081, 0, 79, 128.27, 100, 14654, 1101, 715, P0, 0x0000000000000020
2026/09/17 05:09:38.084, 1, 76, 55.09, 0, 14141, 1316, 715, P0, 0x0000000000000000
2026/09/17 05:09:39.095, 0, 77, 48.05, 0, 14654, 1189, 715, P0, 0x0000000000000000
2026/09/17 05:09:39.098, 1, 78, 181.82, 100, 14141, 1328, 715, P0, 0x0000000000000000
2026/09/17 05:09:40.111, 0, 76, 46.88, 0, 14654, 1189, 715, P0, 0x0000000000000000
2026/09/17 05:09:40.117, 1, 79, 162.17, 100, 14141, 1265, 715, P0, 0x0000000000000020
2026/09/17 05:09:41.123, 0, 75, 46.44, 0, 14654, 1189, 715, P0, 0x0000000000000000
2026/09/17 05:09:41.126, 1, 79, 141.68, 100, 14141, 1177, 715, P0, 0x0000000000000020
2026/09/17 05:09:42.135, 0, 76, 65.93, 42, 14654, 1290, 715, P0, 0x0000000000000000
2026/09/17 05:09:42.138, 1, 78, 121.11, 52, 14141, 1328, 715, P0, 0x0000000000000000
2026/09/17 05:09:43.146, 0, 77, 116.81, 45, 14654, 1328, 715, P0, 0x0000000000000000
2026/09/17 05:09:43.149, 1, 78, 128.01, 50, 14141, 1328, 715, P0, 0x0000000000000000
2026/09/17 05:09:44.156, 0, 77, 135.39, 43, 14654, 1328, 715, P0, 0x0000000000000000
2026/09/17 05:09:44.159, 1, 78, 84.67, 48, 14141, 1328, 715, P0, 0x0000000000000000
2026/09/17 05:09:45.167, 0, 77, 80.72, 45, 14654, 1328, 715, P0, 0x0000000000000000
2026/09/17 05:09:45.170, 1, 78, 122.94, 49, 14141, 1328, 715, P0, 0x0000000000000000
2026/09/17 05:09:46.178, 0, 77, 96.26, 44, 14654, 1328, 715, P0, 0x0000000000000000
2026/09/17 05:09:46.180, 1, 78, 140.86, 50, 14141, 1328, 715, P0, 0x0000000000000000
2026/09/17 05:09:47.192, 0, 77, 127.71, 44, 14654, 1328, 715, P0, 0x0000000000000000
2026/09/17 05:09:47.195, 1, 78, 119.01, 48, 14141, 1328, 715, P0, 0x0000000000000000
2026/09/17 05:09:48.202, 0, 76, 57.45, 27, 9, 1328, 715, P0, 0x0000000000000000
2026/09/17 05:09:48.205, 1, 76, 58.39, 0, 9, 1328, 715, P0, 0x0000000000000000
2026/09/17 05:09:49.209, 0, 75, 54.58, 0, 9, 1328, 715, P0, 0x0000000000000000
2026/09/17 05:09:49.213, 1, 76, 55.00, 0, 9, 1328, 715, P0, 0x0000000000000000
2026/09/17 05:09:50.220, 0, 75, 53.37, 0, 9, 1328, 715, P0, 0x0000000000000000
2026/09/17 05:09:50.223, 1, 75, 54.31, 0, 9, 1328, 715, P0, 0x0000000000000000
2026/09/17 05:09:51.230, 0, 74, 39.40, 0, 9, 987, 715, P0, 0x0000000000000001
2026/09/17 05:09:51.233, 1, 75, 38.42, 0, 9, 405, 715, P0, 0x0000000000000001
2026/09/17 05:09:52.244, 0, 73, 39.16, 0, 9, 987, 715, P0, 0x0000000000000001
2026/09/17 05:09:52.247, 1, 74, 38.18, 0, 9, 405, 715, P0, 0x0000000000000001
2026/09/17 05:09:53.262, 0, 73, 36.73, 0, 9, 405, 715, P0, 0x0000000000000001
2026/09/17 05:09:53.265, 1, 74, 37.94, 0, 9, 405, 715, P0, 0x0000000000000001
2026/09/17 05:09:54.275, 0, 73, 36.49, 0, 9, 405, 715, P0, 0x0000000000000001
2026/09/17 05:09:54.278, 1, 73, 37.94, 0, 9, 405, 715, P0, 0x0000000000000001
