timestamp,index,temperature.gpu,power.draw,utilization.gpu,memory.used,clocks.current.graphics,clocks.current.memory,pstate,clocks_event_reasons.active
2026/09/19 12:14:39.308, 0, 71, 44.65, 0, 14283, 1189, 715, P0, 0x0000000000000000
2026/09/19 12:14:39.312, 1, 72, 53.56, 0, 13768, 1328, 715, P0, 0x0000000000000000
2026/09/19 12:14:40.320, 0, 75, 191.47, 4, 14343, 1328, 715, P0, 0x0000000000000000
2026/09/19 12:14:40.323, 1, 74, 174.52, 100, 13828, 1328, 715, P0, 0x0000000000000000
2026/09/19 12:14:41.331, 0, 76, 190.29, 100, 14343, 1328, 715, P0, 0x0000000000000000
2026/09/19 12:14:41.334, 1, 74, 57.28, 88, 13828, 1328, 715, P0, 0x0000000000000000
2026/09/19 12:14:42.343, 0, 77, 190.18, 100, 14343, 1328, 715, P0, 0x0000000000000000
2026/09/19 12:14:42.386, 1, 74, 55.86, 0, 13828, 1328, 715, P0, 0x0000000000000000
2026/09/19 12:14:43.399, 0, 76, 173.15, 19, 14343, 1328, 715, P0, 0x0000000000000000
2026/09/19 12:14:43.402, 1, 75, 180.90, 38, 13828, 1328, 715, P0, 0x0000000000000000
2026/09/19 12:14:44.413, 0, 77, 194.46, 99, 14343, 1328, 715, P0, 0x0000000000000000
2026/09/19 12:14:44.416, 1, 76, 160.83, 100, 13828, 1328, 715, P0, 0x0000000000000000
2026/09/19 12:14:45.428, 0, 78, 188.49, 100, 14343, 1328, 715, P0, 0x0000000000000000
2026/09/19 12:14:45.431, 1, 75, 57.76, 99, 13828, 1328, 715, P0, 0x0000000000000000
2026/09/19 12:14:46.439, 0, 78, 192.07, 100, 14343, 1328, 715, P0, 0x0000000000000000
2026/09/19 12:14:46.444, 1, 75, 56.54, 45, 13828, 1328, 715, P0, 0x0000000000000000
2026/09/19 12:14:47.451, 0, 79, 147.92, 100, 14343, 1328, 715, P0, 0x0000000000000000
2026/09/19 12:14:47.454, 1, 74, 113.24, 0, 13828, 1328, 715, P0, 0x0000000000000000
2026/09/19 12:14:48.464, 0, 77, 139.89, 53, 14343, 1328, 715, P0, 0x0000000000000000
2026/09/19 12:14:48.467, 1, 76, 181.23, 100, 13828, 1328, 715, P0, 0x0000000000000000
2026/09/19 12:14:49.477, 0, 79, 193.49, 38, 14343, 1328, 715, P0, 0x0000000000000000
2026/09/19 12:14:49.482, 1, 77, 179.90, 100, 13828, 1328, 715, P0, 0x0000000000000000
2026/09/19 12:14:50.487, 0, 79, 191.40, 100, 14343, 1328, 715, P0, 0x0000000000000000
2026/09/19 12:14:50.491, 1, 77, 157.07, 99, 13828, 1328, 715, P0, 0x0000000000000000
2026/09/19 12:14:51.501, 0, 79, 186.21, 100, 14343, 1328, 715, P0, 0x0000000000000000
2026/09/19 12:14:51.504, 1, 76, 58.00, 52, 13828, 1328, 715, P0, 0x0000000000000000
2026/09/19 12:14:52.512, 0, 79, 167.35, 100, 14343, 1278, 715, P0, 0x0000000000000020
2026/09/19 12:14:52.515, 1, 75, 57.33, 0, 13828, 1328, 715, P0, 0x0000000000000000
2026/09/19 12:14:53.521, 0, 79, 177.08, 100, 14343, 1303, 715, P0, 0x0000000000000000
2026/09/19 12:14:53.527, 1, 75, 57.08, 0, 13828, 1328, 715, P0, 0x0000000000000000
2026/09/19 12:14:54.536, 0, 79, 109.93, 100, 14343, 1265, 715, P0, 0x0000000000000020
2026/09/19 12:14:54.539, 1, 75, 123.50, 0, 13828, 1328, 715, P0, 0x0000000000000000
2026/09/19 12:14:55.548, 0, 78, 55.48, 100, 14343, 1303, 715, P0, 0x0000000000000000
2026/09/19 12:14:55.551, 1, 76, 183.56, 21, 13828, 1328, 715, P0, 0x0000000000000000
2026/09/19 12:14:56.561, 0, 78, 116.19, 89, 14343, 1303, 715, P0, 0x0000000000000000
2026/09/19 12:14:56.564, 1, 77, 184.23, 72, 13828, 1328, 715, P0, 0x0000000000000000
2026/09/19 12:14:57.574, 0, 77, 143.68, 16, 14343, 1252, 715, P0, 0x0000000000000000
2026/09/19 12:14:57.578, 1, 77, 177.31, 78, 13828, 1328, 715, P0, 0x0000000000000000
2026/09/19 12:14:58.589, 0, 78, 170.65, 18, 14343, 1265, 715, P0, 0x0000000000000020
2026/09/19 12:14:58.594, 1, 77, 187.45, 81, 13828, 1328, 715, P0, 0x0000000000000000
2026/09/19 12:14:59.601, 0, 79, 164.34, 30, 14343, 1265, 715, P0, 0x0000000000000020
2026/09/19 12:14:59.604, 1, 77, 176.76, 94, 13828, 1328, 715, P0, 0x0000000000000000
2026/09/19 12:15:00.616, 0, 79, 151.37, 41, 14343, 1227, 715, P0, 0x0000000000000020
2026/09/19 12:15:00.619, 1, 77, 180.86, 100, 13828, 1328, 715, P0, 0x0000000000000000
2026/09/19 12:15:01.629, 0, 79, 149.99, 74, 14343, 1227, 715, P0, 0x0000000000000020
2026/09/19 12:15:01.634, 1, 78, 187.91, 100, 13828, 1328, 715, P0, 0x0000000000000000
2026/09/19 12:15:02.644, 0, 79, 145.02, 96, 14343, 1202, 715, P0, 0x0000000000000000
2026/09/19 12:15:02.647, 1, 78, 183.00, 100, 13828, 1328, 715, P0, 0x0000000000000000
2026/09/19 12:15:03.656, 0, 79, 141.30, 81, 14343, 1202, 715, P0, 0x0000000000000000
2026/09/19 12:15:03.659, 1, 78, 190.00, 100, 13828, 1328, 715, P0, 0x0000000000000000
2026/09/19 12:15:04.671, 0, 79, 136.84, 73, 14343, 1177, 715, P0, 0x0000000000000020
2026/09/19 12:15:04.677, 1, 78, 189.79, 100, 13828, 1328, 715, P0, 0x0000000000000000
2026/09/19 12:15:05.688, 0, 79, 134.33, 29, 14343, 1151, 715, P0, 0x0000000000000020
2026/09/19 12:15:05.699, 1, 78, 180.21, 100, 13828, 1328, 715, P0, 0x0000000000000000
2026/09/19 12:15:06.717, 0, 79, 136.85, 13, 14343, 1164, 715, P0, 0x0000000000000020
2026/09/19 12:15:06.720, 1, 78, 182.20, 100, 13828, 1328, 715, P0, 0x0000000000000000
2026/09/19 12:15:07.730, 0, 79, 146.56, 17, 14343, 1177, 715, P0, 0x0000000000000020
2026/09/19 12:15:07.738, 1, 78, 179.51, 100, 13828, 1328, 715, P0, 0x0000000000000000
2026/09/19 12:15:08.743, 0, 78, 119.96, 60, 14343, 1303, 715, P0, 0x0000000000000000
2026/09/19 12:15:08.746, 1, 77, 184.49, 93, 13828, 1328, 715, P0, 0x0000000000000000
2026/09/19 12:15:09.753, 0, 78, 48.78, 95, 14343, 1189, 715, P0, 0x0000000000000000
2026/09/19 12:15:09.757, 1, 78, 178.01, 57, 13828, 1328, 715, P0, 0x0000000000000000
2026/09/19 12:15:10.765, 0, 79, 48.81, 100, 14343, 1189, 715, P0, 0x0000000000000000
2026/09/19 12:15:10.768, 1, 77, 180.77, 0, 13828, 1328, 715, P0, 0x0000000000000000
2026/09/19 12:15:11.777, 0, 79, 129.32, 100, 14343, 1139, 715, P0, 0x0000000000000020
2026/09/19 12:15:11.780, 1, 76, 57.69, 0, 13828, 1328, 715, P0, 0x0000000000000000
2026/09/19 12:15:12.792, 0, 80, 135.54, 100, 14343, 1139, 715, P0, 0x0000000000000020
2026/09/19 12:15:12.800, 1, 76, 57.66, 0, 13828, 1328, 715, P0, 0x0000000000000000
2026/09/19 12:15:13.805, 0, 79, 124.36, 100, 14343, 1088, 715, P0, 0x0000000000000020
2026/09/19 12:15:13.808, 1, 77, 58.18, 0, 13828, 1328, 715, P0, 0x0000000000000000
2026/09/19 12:15:14.821, 0, 79, 114.90, 100, 14343, 1101, 715, P0, 0x0000000000000020
2026/09/19 12:15:14.824, 1, 77, 59.17, 81, 13828, 1328, 715, P0, 0x0000000000000000
2026/09/19 12:15:15.838, 0, 79, 121.01, 100, 14343, 1126, 715, P0, 0x0000000000000000
2026/09/19 12:15:15.842, 1, 78, 76.19, 100, 13828, 1328, 715, P0, 0x0000000000000000
2026/09/19 12:15:16.852, 0, 79, 130.26, 100, 14343, 1151, 715, P0, 0x0000000000000020
2026/09/19 12:15:16.860, 1, 79, 148.24, 100, 13828, 1328, 715, P0, 0x0000000000000000
2026/09/19 12:15:17.865, 0, 79, 133.76, 54, 14343, 1139, 715, P0, 0x0000000000000020
2026/09/19 12:15:17.869, 1, 79, 180.22, 100, 13828, 1328, 715, P0, 0x0000000000000000
2026/09/19 12:15:18.883, 0, 78, 101.71, 25, 14343, 1189, 715, P0, 0x0000000000000000
2026/09/19 12:15:18.885, 1, 78, 184.51, 33, 13828, 1328, 715, P0, 0x0000000000000000
2026/09/19 12:15:19.900, 0, 79, 62.52, 100, 14343, 1189, 715, P0, 0x0000000000000000
2026/09/19 12:15:19.903, 1, 77, 156.57, 0, 13828, 1328, 715, P0, 0x0000000000000000
2026/09/19 12:15:20.917, 0, 79, 118.20, 100, 14343, 1101, 715, P0, 0x0000000000000000
2026/09/19 12:15:20.922, 1, 77, 58.20, 0, 13828, 1328, 715, P0, 0x0000000000000000
2026/09/19 12:15:21.934, 0, 79, 124.83, 100, 14343, 1126, 715, P0, 0x0000000000000020
2026/09/19 12:15:21.941, 1, 77, 59.15, 0, 13828, 1328, 715, P0, 0x0000000000000000
2026/09/19 12:15:22.945, 0, 79, 125.29, 100, 14343, 1139, 715, P0, 0x0000000000000000
2026/09/19 12:15:22.948, 1, 79, 95.91, 99, 13828, 1328, 715, P0, 0x0000000000000000
2026/09/19 12:15:23.961, 0, 79, 130.96, 82, 14343, 1164, 715, P0, 0x0000000000000020
2026/09/19 12:15:23.964, 1, 79, 170.73, 100, 13828, 1328, 715, P0, 0x0000000000000000
2026/09/19 12:15:24.972, 0, 79, 130.70, 26, 14343, 1101, 715, P0, 0x0000000000000020
2026/09/19 12:15:24.982, 1, 79, 184.34, 100, 13828, 1328, 715, P0, 0x0000000000000000
2026/09/19 12:15:25.990, 0, 79, 48.77, 64, 14343, 1265, 715, P0, 0x0000000000000000
2026/09/19 12:15:25.999, 1, 78, 181.31, 0, 13828, 1328, 715, P0, 0x0000000000000000
2026/09/19 12:15:27.005, 0, 79, 130.77, 100, 14343, 1151, 715, P0, 0x0000000000000000
2026/09/19 12:15:27.007, 1, 77, 58.42, 0, 13828, 1328, 715, P0, 0x0000000000000000
2026/09/19 12:15:28.022, 0, 79, 119.16, 100, 14343, 1075, 715, P0, 0x0000000000000020
2026/09/19 12:15:28.025, 1, 78, 59.41, 33, 13828, 1328, 715, P0, 0x0000000000000000
2026/09/19 12:15:29.039, 0, 79, 120.54, 100, 14343, 1113, 715, P0, 0x0000000000000020
2026/09/19 12:15:29.042, 1, 79, 109.30, 100, 13828, 1328, 715, P0, 0x0000000000000000
2026/09/19 12:15:30.050, 0, 79, 122.30, 100, 14343, 1101, 715, P0, 0x0000000000000020
2026/09/19 12:15:30.053, 1, 79, 166.00, 100, 13828, 1328, 715, P0, 0x0000000000000000
2026/09/19 12:15:31.061, 0, 79, 118.75, 30, 14343, 1101, 715, P0, 0x0000000000000000
2026/09/19 12:15:31.064, 1, 79, 179.32, 96, 13828, 1328, 715, P0, 0x0000000000000000
2026/09/19 12:15:32.073, 0, 79, 50.21, 100, 14343, 1189, 715, P0, 0x0000000000000000
2026/09/19 12:15:32.079, 1, 77, 178.64, 0, 13828, 1328, 715, P0, 0x0000000000000000
2026/09/19 12:15:33.089, 0, 79, 113.78, 100, 14343, 1063, 715, P0, 0x0000000000000000
2026/09/19 12:15:33.092, 1, 77, 58.70, 0, 13828, 1328, 715, P0, 0x0000000000000000
2026/09/19 12:15:34.103, 0, 79, 117.07, 100, 14343, 1050, 715, P0, 0x0000000000000020
2026/09/19 12:15:34.106, 1, 78, 57.97, 32, 13828, 1328, 715, P0, 0x0000000000000000
2026/09/19 12:15:35.113, 0, 79, 125.54, 100, 14343, 1126, 715, P0, 0x0000000000000020
2026/09/19 12:15:35.120, 1, 79, 150.14, 100, 13828, 1328, 715, P0, 0x0000000000000000
2026/09/19 12:15:36.139, 0, 79, 124.25, 0, 14343, 1101, 715, P0, 0x0000000000000020
2026/09/19 12:15:36.142, 1, 79, 181.92, 100, 13828, 1328, 715, P0, 0x0000000000000000
2026/09/19 12:15:37.151, 0, 79, 92.69, 100, 14343, 1025, 715, P0, 0x0000000000000000
2026/09/19 12:15:37.154, 1, 77, 92.08, 0, 13828, 1316, 715, P0, 0x0000000000000000
2026/09/19 12:15:38.164, 0, 79, 114.67, 100, 14343, 1050, 715, P0, 0x0000000000000020
2026/09/19 12:15:38.167, 1, 78, 56.77, 0, 13828, 1328, 715, P0, 0x0000000000000000
2026/09/19 12:15:39.178, 0, 79, 109.05, 100, 14343, 1063, 715, P0, 0x0000000000000020
2026/09/19 12:15:39.184, 1, 79, 137.72, 99, 13828, 1328, 715, P0, 0x0000000000000000
2026/09/19 12:15:40.192, 0, 79, 115.91, 8, 14343, 1063, 715, P0, 0x0000000000000020
2026/09/19 12:15:40.195, 1, 79, 178.63, 100, 13828, 1328, 715, P0, 0x0000000000000000
2026/09/19 12:15:41.204, 0, 79, 49.28, 100, 14343, 1189, 715, P0, 0x0000000000000000
2026/09/19 12:15:41.208, 1, 78, 175.85, 0, 13828, 1328, 715, P0, 0x0000000000000000
2026/09/19 12:15:42.220, 0, 79, 106.80, 100, 14343, 1075, 715, P0, 0x0000000000000000
2026/09/19 12:15:42.227, 1, 77, 56.81, 0, 13828, 1328, 715, P0, 0x0000000000000000
2026/09/19 12:15:43.240, 0, 79, 127.72, 100, 14343, 1126, 715, P0, 0x0000000000000020
2026/09/19 12:15:43.244, 1, 79, 58.45, 99, 13828, 1265, 715, P0, 0x0000000000000000
2026/09/19 12:15:44.252, 0, 79, 124.90, 100, 14343, 1126, 715, P0, 0x0000000000000020
2026/09/19 12:15:44.258, 1, 79, 165.86, 100, 13828, 1252, 715, P0, 0x0000000000000020
2026/09/19 12:15:45.267, 0, 78, 51.66, 70, 14343, 1265, 715, P0, 0x0000000000000000
2026/09/19 12:15:45.270, 1, 78, 175.46, 0, 13828, 1303, 715, P0, 0x0000000000000020
2026/09/19 12:15:46.282, 0, 79, 104.94, 100, 14343, 1037, 715, P0, 0x0000000000000000
2026/09/19 12:15:46.287, 1, 78, 57.54, 0, 13828, 1328, 715, P0, 0x0000000000000000
2026/09/19 12:15:47.294, 0, 79, 114.71, 100, 14343, 1088, 715, P0, 0x0000000000000020
2026/09/19 12:15:47.297, 1, 79, 138.58, 100, 13828, 1316, 715, P0, 0x0000000000000000
2026/09/19 12:15:48.306, 0, 79, 117.92, 62, 14343, 1075, 715, P0, 0x0000000000000020
2026/09/19 12:15:48.309, 1, 79, 154.45, 100, 13828, 1265, 715, P0, 0x0000000000000000
2026/09/19 12:15:49.317, 0, 79, 48.30, 100, 14343, 1189, 715, P0, 0x0000000000000000
2026/09/19 12:15:49.322, 1, 78, 184.23, 0, 13828, 1328, 715, P0, 0x0000000000000000
2026/09/19 12:15:50.332, 0, 79, 107.58, 100, 14343, 1063, 715, P0, 0x0000000000000000
2026/09/19 12:15:50.335, 1, 78, 57.29, 0, 13828, 1328, 715, P0, 0x0000000000000000
2026/09/19 12:15:51.344, 0, 79, 112.97, 100, 14343, 1075, 715, P0, 0x0000000000000020
2026/09/19 12:15:51.347, 1, 79, 122.16, 100, 13828, 1252, 715, P0, 0x0000000000000000
2026/09/19 12:15:52.362, 0, 79, 119.47, 10, 14343, 1088, 715, P0, 0x0000000000000020
2026/09/19 12:15:52.366, 1, 79, 140.20, 100, 13828, 1215, 715, P0, 0x0000000000000000
2026/09/19 12:15:53.377, 0, 79, 115.61, 100, 14343, 1101, 715, P0, 0x0000000000000020
2026/09/19 12:15:53.385, 1, 77, 56.28, 0, 13828, 1328, 715, P0, 0x0000000000000000
2026/09/19 12:15:54.390, 0, 80, 124.67, 100, 14343, 1025, 715, P0, 0x0000000000000020
2026/09/19 12:15:54.393, 1, 78, 57.72, 0, 13828, 1328, 715, P0, 0x0000000000000000
2026/09/19 12:15:55.404, 0, 79, 103.63, 100, 14343, 1025, 715, P0, 0x0000000000000020
2026/09/19 12:15:55.407, 1, 80, 144.97, 100, 13828, 1328, 715, P0, 0x0000000000000000
2026/09/19 12:15:56.421, 0, 78, 136.91, 25, 14343, 1139, 715, P0, 0x0000000000000020
2026/09/19 12:15:56.426, 1, 79, 148.52, 100, 13828, 1240, 715, P0, 0x0000000000000000
2026/09/19 12:15:57.444, 0, 79, 125.62, 100, 14343, 1075, 715, P0, 0x0000000000000020
2026/09/19 12:15:57.447, 1, 77, 56.74, 0, 13828, 1328, 715, P0, 0x0000000000000000
2026/09/19 12:15:58.460, 0, 79, 112.76, 100, 14343, 1088, 715, P0, 0x0000000000000000
2026/09/19 12:15:58.468, 1, 78, 57.28, 100, 13828, 1328, 715, P0, 0x0000000000000000
2026/09/19 12:15:59.472, 0, 79, 123.33, 100, 14343, 1113, 715, P0, 0x0000000000000020
2026/09/19 12:15:59.475, 1, 80, 140.68, 100, 13828, 1303, 715, P0, 0x0000000000000000
2026/09/19 12:16:00.488, 0, 78, 48.29, 12, 14343, 1189, 715, P0, 0x0000000000000000
2026/09/19 12:16:00.491, 1, 79, 180.29, 46, 13828, 1328, 715, P0, 0x0000000000000000
2026/09/19 12:16:01.504, 0, 79, 116.10, 100, 14343, 1075, 715, P0, 0x0000000000000020
2026/09/19 12:16:01.507, 1, 78, 56.76, 0, 13828, 1328, 715, P0, 0x0000000000000000
2026/09/19 12:16:02.515, 0, 79, 118.92, 100, 14343, 1075, 715, P0, 0x0000000000000020
2026/09/19 12:16:02.518, 1, 79, 59.41, 100, 13828, 1290, 715, P0, 0x0000000000000000
2026/09/19 12:16:03.530, 0, 79, 125.01, 100, 14343, 1113, 715, P0, 0x0000000000000020
2026/09/19 12:16:03.533, 1, 79, 155.45, 100, 13828, 1215, 715, P0, 0x0000000000000020
2026/09/19 12:16:04.541, 0, 78, 52.44, 75, 14343, 1278, 715, P0, 0x0000000000000000
2026/09/19 12:16:04.544, 1, 79, 157.66, 86, 13828, 1290, 715, P0, 0x0000000000000020
2026/09/19 12:16:05.555, 0, 80, 118.42, 100, 14343, 1126, 715, P0, 0x0000000000000000
2026/09/19 12:16:05.567, 1, 78, 57.71, 0, 13828, 1328, 715, P0, 0x0000000000000000
2026/09/19 12:16:06.571, 0, 79, 109.70, 100, 14343, 1025, 715, P0, 0x0000000000000020
2026/09/19 12:16:06.575, 1, 79, 57.30, 87, 13828, 1290, 715, P0, 0x0000000000000000
2026/09/19 12:16:07.591, 0, 79, 111.86, 27, 14343, 1025, 715, P0, 0x0000000000000020
2026/09/19 12:16:07.594, 1, 79, 146.57, 100, 13828, 1240, 715, P0, 0x0000000000000020
2026/09/19 12:16:08.603, 0, 79, 113.00, 100, 14343, 1063, 715, P0, 0x0000000000000000
2026/09/19 12:16:08.607, 1, 77, 56.56, 0, 13828, 1328, 715, P0, 0x0000000000000000
2026/09/19 12:16:09.617, 0, 79, 117.81, 100, 14343, 1101, 715, P0, 0x0000000000000020
2026/09/19 12:16:09.624, 1, 78, 54.39, 41, 13828, 1290, 715, P0, 0x0000000000000000
2026/09/19 12:16:10.633, 0, 79, 120.33, 100, 14343, 1088, 715, P0, 0x0000000000000020
2026/09/19 12:16:10.636, 1, 79, 116.84, 100, 13828, 1202, 715, P0, 0x0000000000000000
2026/09/19 12:16:11.645, 0, 78, 48.58, 0, 14343, 1189, 715, P0, 0x0000000000000000
2026/09/19 12:16:11.648, 1, 79, 156.96, 75, 13828, 1265, 715, P0, 0x0000000000000000
2026/09/19 12:16:12.661, 0, 79, 125.64, 100, 14343, 1113, 715, P0, 0x0000000000000020
2026/09/19 12:16:12.666, 1, 78, 56.99, 0, 13828, 1328, 715, P0, 0x0000000000000000
2026/09/19 12:16:13.674, 0, 79, 102.31, 100, 14343, 949, 715, P0, 0x0000000000000000
2026/09/19 12:16:13.677, 1, 79, 56.12, 100, 13828, 1215, 715, P0, 0x0000000000000000
2026/09/19 12:16:14.695, 0, 78, 88.86, 0, 14343, 1189, 715, P0, 0x0000000000000000
2026/09/19 12:16:14.697, 1, 78, 141.83, 81, 13828, 1189, 715, P0, 0x0000000000000000
2026/09/19 12:16:15.707, 0, 79, 113.48, 100, 14343, 1050, 715, P0, 0x0000000000000020
2026/09/19 12:16:15.710, 1, 78, 57.04, 0, 13828, 1328, 715, P0, 0x0000000000000000
2026/09/19 12:16:16.719, 0, 79, 113.04, 100, 14343, 1088, 715, P0, 0x0000000000000000
2026/09/19 12:16:16.728, 1, 79, 142.07, 100, 13828, 1316, 715, P0, 0x0000000000000000
2026/09/19 12:16:17.745, 0, 79, 119.49, 23, 14343, 1088, 715, P0, 0x0000000000000020
2026/09/19 12:16:17.748, 1, 79, 175.11, 100, 13828, 1316, 715, P0, 0x0000000000000020
2026/09/19 12:16:18.758, 0, 79, 107.06, 100, 14343, 1050, 715, P0, 0x0000000000000020
2026/09/19 12:16:18.767, 1, 77, 54.16, 0, 13828, 1290, 715, P0, 0x0000000000000000
2026/09/19 12:16:19.786, 0, 80, 116.10, 100, 14343, 1063, 715, P0, 0x0000000000000020
2026/09/19 12:16:19.790, 1, 78, 57.25, 79, 13828, 1316, 715, P0, 0x0000000000000000
2026/09/19 12:16:20.799, 0, 79, 112.74, 80, 14343, 1063, 715, P0, 0x0000000000000020
2026/09/19 12:16:20.809, 1, 79, 160.67, 100, 13828, 1252, 715, P0, 0x0000000000000020
2026/09/19 12:16:21.827, 0, 79, 48.09, 55, 14343, 1303, 715, P0, 0x0000000000000020
2026/09/19 12:16:21.832, 1, 78, 176.82, 12, 13828, 1303, 715, P0, 0x0000000000000020
2026/09/19 12:16:22.843, 0, 79, 122.28, 100, 14343, 1075, 715, P0, 0x0000000000000020
2026/09/19 12:16:22.850, 1, 78, 56.99, 0, 13828, 1316, 715, P0, 0x0000000000000000
2026/09/19 12:16:23.860, 0, 79, 112.41, 100, 14343, 1025, 715, P0, 0x0000000000000020
2026/09/19 12:16:23.871, 1, 79, 122.32, 100, 13828, 1252, 715, P0, 0x0000000000000000
2026/09/19 12:16:24.890, 0, 78, 48.34, 26, 14343, 1189, 715, P0, 0x0000000000000000
2026/09/19 12:16:24.893, 1, 79, 160.71, 43, 13828, 1290, 715, P0, 0x0000000000000000
2026/09/19 12:16:25.905, 0, 79, 102.71, 100, 14343, 1037, 715, P0, 0x0000000000000020
2026/09/19 12:16:25.908, 1, 78, 57.29, 0, 13828, 1328, 715, P0, 0x0000000000000000
2026/09/19 12:16:26.919, 0, 79, 115.57, 100, 14343, 1113, 715, P0, 0x0000000000000000
2026/09/19 12:16:26.932, 1, 80, 142.54, 100, 13828, 1290, 715, P0, 0x0000000000000020
2026/09/19 12:16:27.947, 0, 78, 136.79, 0, 14343, 1139, 715, P0, 0x0000000000000020
2026/09/19 12:16:27.951, 1, 79, 154.60, 86, 13828, 1227, 715, P0, 0x0000000000000020
2026/09/19 12:16:28.959, 0, 79, 109.44, 100, 14343, 1075, 715, P0, 0x0000000000000000
2026/09/19 12:16:28.969, 1, 78, 56.28, 0, 13828, 1316, 715, P0, 0x0000000000000000
2026/09/19 12:16:29.975, 0, 79, 116.26, 100, 14343, 1088, 715, P0, 0x0000000000000000
2026/09/19 12:16:29.978, 1, 79, 130.18, 100, 13828, 1316, 715, P0, 0x0000000000000000
2026/09/19 12:16:30.988, 0, 78, 69.44, 32, 14343, 1189, 715, P0, 0x0000000000000000
2026/09/19 12:16:30.991, 1, 79, 159.37, 100, 13828, 1290, 715, P0, 0x0000000000000020
2026/09/19 12:16:32.003, 0, 80, 125.81, 100, 14343, 1126, 715, P0, 0x0000000000000020
2026/09/19 12:16:32.007, 1, 78, 57.22, 0, 13828, 1328, 715, P0, 0x0000000000000000
2026/09/19 12:16:33.017, 0, 79, 113.04, 100, 14343, 1037, 715, P0, 0x0000000000000020
2026/09/19 12:16:33.017, 1, 80, 136.68, 100, 13828, 1316, 715, P0, 0x0000000000000020
2026/09/19 12:16:34.033, 0, 78, 48.57, 11, 14343, 1189, 715, P0, 0x0000000000000000
2026/09/19 12:16:34.036, 1, 79, 161.78, 60, 13828, 1303, 715, P0, 0x0000000000000000
2026/09/19 12:16:35.042, 0, 79, 124.36, 100, 14343, 1101, 715, P0, 0x0000000000000020
2026/09/19 12:16:35.047, 1, 78, 58.19, 0, 13828, 1328, 715, P0, 0x0000000000000000
2026/09/19 12:16:36.054, 0, 79, 122.27, 100, 14343, 1126, 715, P0, 0x0000000000000020
2026/09/19 12:16:36.057, 1, 79, 136.41, 100, 13828, 1164, 715, P0, 0x0000000000000020
2026/09/19 12:16:37.065, 0, 79, 104.47, 100, 14343, 1012, 715, P0, 0x0000000000000020
2026/09/19 12:16:37.070, 1, 77, 56.57, 0, 13828, 1328, 715, P0, 0x0000000000000000
2026/09/19 12:16:38.080, 0, 79, 110.65, 100, 14343, 1025, 715, P0, 0x0000000000000020
2026/09/19 12:16:38.089, 1, 79, 57.28, 100, 13828, 1328, 715, P0, 0x0000000000000000
2026/09/19 12:16:39.098, 0, 79, 113.85, 40, 14343, 1075, 715, P0, 0x0000000000000020
2026/09/19 12:16:39.102, 1, 79, 158.10, 100, 13828, 1278, 715, P0, 0x0000000000000020
2026/09/19 12:16:40.114, 0, 79, 121.08, 100, 14343, 1113, 715, P0, 0x0000000000000000
2026/09/19 12:16:40.118, 1, 78, 57.72, 0, 13828, 1328, 715, P0, 0x0000000000000000
2026/09/19 12:16:41.128, 0, 79, 111.55, 100, 14343, 1075, 715, P0, 0x0000000000000020
2026/09/19 12:16:41.130, 1, 79, 114.01, 100, 13828, 1189, 715, P0, 0x0000000000000000
2026/09/19 12:16:42.142, 0, 78, 48.38, 22, 14343, 1189, 715, P0, 0x0000000000000000
2026/09/19 12:16:42.145, 1, 79, 132.67, 52, 13828, 1189, 715, P0, 0x0000000000000020
2026/09/19 12:16:43.156, 0, 79, 89.64, 100, 14343, 822, 715, P0, 0x0000000000000000
2026/09/19 12:16:43.160, 1, 78, 56.14, 37, 13828, 1303, 715, P0, 0x0000000000000000
2026/09/19 12:16:44.172, 0, 78, 123.81, 0, 14343, 1101, 715, P0, 0x0000000000000020
2026/09/19 12:16:44.175, 1, 79, 162.18, 86, 13828, 1265, 715, P0, 0x0000000000000000
2026/09/19 12:16:45.187, 0, 79, 110.40, 100, 14343, 1012, 715, P0, 0x0000000000000020
2026/09/19 12:16:45.190, 1, 78, 57.78, 0, 13828, 1328, 715, P0, 0x0000000000000000
2026/09/19 12:16:46.205, 0, 79, 111.69, 100, 14343, 1088, 715, P0, 0x0000000000000000
2026/09/19 12:16:46.212, 1, 80, 137.45, 100, 13828, 1290, 715, P0, 0x0000000000000000
2026/09/19 12:16:47.215, 0, 79, 51.01, 100, 14343, 1189, 715, P0, 0x0000000000000000
2026/09/19 12:16:47.218, 1, 78, 155.53, 8, 13828, 1227, 715, P0, 0x0000000000000020
2026/09/19 12:16:48.228, 0, 79, 108.65, 100, 14343, 1101, 715, P0, 0x0000000000000000
2026/09/19 12:16:48.232, 1, 79, 58.51, 90, 13828, 1316, 715, P0, 0x0000000000000020
2026/09/19 12:16:49.242, 0, 79, 123.89, 100, 14343, 1101, 715, P0, 0x0000000000000020
2026/09/19 12:16:49.250, 1, 79, 148.56, 100, 13828, 1240, 715, P0, 0x0000000000000000
2026/09/19 12:16:50.255, 0, 79, 111.81, 100, 14343, 1050, 715, P0, 0x0000000000000000
2026/09/19 12:16:50.259, 1, 77, 52.22, 0, 13828, 1252, 715, P0, 0x0000000000000000
2026/09/19 12:16:51.272, 0, 79, 114.44, 100, 14343, 1063, 715, P0, 0x0000000000000020
2026/09/19 12:16:51.275, 1, 79, 143.33, 100, 13828, 1316, 715, P0, 0x0000000000000000
2026/09/19 12:16:52.286, 0, 78, 48.34, 14, 14343, 1189, 715, P0, 0x0000000000000000
2026/09/19 12:16:52.289, 1, 79, 157.59, 65, 13828, 1290, 715, P0, 0x0000000000000000
2026/09/19 12:16:53.301, 0, 79, 118.93, 100, 14343, 1101, 715, P0, 0x0000000000000020
2026/09/19 12:16:53.310, 1, 78, 52.94, 12, 13828, 1240, 715, P0, 0x0000000000000000
2026/09/19 12:16:54.328, 0, 79, 124.05, 100, 14343, 1126, 715, P0, 0x0000000000000020
2026/09/19 12:16:54.332, 1, 79, 156.30, 100, 13828, 1227, 715, P0, 0x0000000000000020
2026/09/19 12:16:55.340, 0, 79, 105.66, 100, 14343, 949, 715, P0, 0x0000000000000020
2026/09/19 12:16:55.343, 1, 78, 56.57, 0, 13828, 1328, 715, P0, 0x0000000000000000
2026/09/19 12:16:56.356, 0, 79, 115.51, 100, 14343, 1075, 715, P0, 0x0000000000000020
2026/09/19 12:16:56.359, 1, 79, 136.77, 100, 13828, 1303, 715, P0, 0x0000000000000000
2026/09/19 12:16:57.366, 0, 78, 48.37, 7, 14343, 1189, 715, P0, 0x0000000000000000
2026/09/19 12:16:57.369, 1, 79, 148.45, 75, 13828, 1227, 715, P0, 0x0000000000000000
2026/09/19 12:16:58.379, 0, 80, 117.54, 100, 14343, 1063, 715, P0, 0x0000000000000020
2026/09/19 12:16:58.382, 1, 78, 57.97, 14, 13828, 1328, 715, P0, 0x0000000000000000
2026/09/19 12:16:59.393, 0, 79, 106.43, 100, 14343, 987, 715, P0, 0x0000000000000020
2026/09/19 12:16:59.395, 1, 80, 141.18, 100, 13828, 1227, 715, P0, 0x0000000000000000
2026/09/19 12:17:00.410, 0, 79, 105.42, 100, 14343, 936, 715, P0, 0x0000000000000020
2026/09/19 12:17:00.413, 1, 78, 57.30, 0, 13828, 1328, 715, P0, 0x0000000000000000
2026/09/19 12:17:01.425, 0, 79, 106.35, 100, 14343, 1037, 715, P0, 0x0000000000000000
2026/09/19 12:17:01.432, 1, 79, 113.62, 100, 13828, 1290, 715, P0, 0x0000000000000020
2026/09/19 12:17:02.438, 0, 78, 47.64, 100, 14343, 1189, 715, P0, 0x0000000000000000
2026/09/19 12:17:02.441, 1, 78, 149.14, 64, 13828, 1227, 715, P0, 0x0000000000000000
2026/09/19 12:17:03.451, 0, 79, 107.77, 100, 14343, 1063, 715, P0, 0x0000000000000020
2026/09/19 12:17:03.454, 1, 78, 57.74, 31, 13828, 1328, 715, P0, 0x0000000000000000
2026/09/19 12:17:04.461, 0, 79, 121.01, 85, 14343, 1075, 715, P0, 0x0000000000000020
2026/09/19 12:17:04.473, 1, 79, 163.85, 100, 13828, 1303, 715, P0, 0x0000000000000000
2026/09/19 12:17:05.478, 0, 79, 122.06, 100, 14343, 1101, 715, P0, 0x0000000000000020
2026/09/19 12:17:05.481, 1, 78, 55.79, 0, 13828, 1303, 715, P0, 0x0000000000000000
2026/09/19 12:17:06.491, 0, 79, 123.12, 100, 14343, 1088, 715, P0, 0x0000000000000020
2026/09/19 12:17:06.495, 1, 79, 118.63, 100, 13828, 1189, 715, P0, 0x0000000000000000
2026/09/19 12:17:07.507, 0, 79, 49.03, 75, 14343, 1202, 715, P0, 0x0000000000000000
2026/09/19 12:17:07.511, 1, 78, 162.96, 9, 13828, 1265, 715, P0, 0x0000000000000020
2026/09/19 12:17:08.520, 0, 79, 96.51, 100, 14343, 1063, 715, P0, 0x0000000000000000
2026/09/19 12:17:08.533, 1, 79, 54.89, 91, 13828, 1278, 715, P0, 0x0000000000000000
2026/09/19 12:17:09.551, 0, 79, 120.59, 31, 14343, 1101, 715, P0, 0x0000000000000020
2026/09/19 12:17:09.554, 1, 79, 140.63, 100, 13828, 1189, 715, P0, 0x0000000000000020
2026/09/19 12:17:10.564, 0, 79, 127.96, 100, 14343, 1126, 715, P0, 0x0000000000000020
2026/09/19 12:17:10.571, 1, 78, 57.23, 0, 13828, 1328, 715, P0, 0x0000000000000000
2026/09/19 12:17:11.579, 0, 79, 108.50, 100, 14343, 987, 715, P0, 0x0000000000000020
2026/09/19 12:17:11.582, 1, 79, 110.03, 100, 13828, 1189, 715, P0, 0x0000000000000000
2026/09/19 12:17:12.594, 0, 79, 109.44, 100, 14343, 1037, 715, P0, 0x0000000000000020
2026/09/19 12:17:12.597, 1, 77, 55.84, 0, 13828, 1316, 715, P0, 0x0000000000000000
2026/09/19 12:17:13.608, 0, 79, 116.40, 100, 14343, 1037, 715, P0, 0x0000000000000020
2026/09/19 12:17:13.614, 1, 79, 121.84, 100, 13828, 1290, 715, P0, 0x0000000000000020
2026/09/19 12:17:14.624, 0, 78, 48.38, 23, 14343, 1189, 715, P0, 0x0000000000000000
2026/09/19 12:17:14.628, 1, 79, 147.49, 67, 13828, 1227, 715, P0, 0x0000000000000000
2026/09/19 12:17:15.633, 0, 79, 123.88, 100, 14343, 1088, 715, P0, 0x0000000000000020
2026/09/19 12:17:15.636, 1, 78, 57.69, 60, 13828, 1328, 715, P0, 0x0000000000000000
2026/09/19 12:17:16.647, 0, 79, 108.32, 60, 14343, 999, 715, P0, 0x0000000000000020
2026/09/19 12:17:16.652, 1, 79, 133.49, 100, 13828, 1177, 715, P0, 0x0000000000000020
2026/09/19 12:17:17.661, 0, 79, 112.33, 100, 14343, 1063, 715, P0, 0x0000000000000020
2026/09/19 12:17:17.670, 1, 78, 54.88, 0, 13828, 1290, 715, P0, 0x0000000000000000
2026/09/19 12:17:18.688, 0, 79, 113.59, 100, 14343, 1050, 715, P0, 0x0000000000000020
2026/09/19 12:17:18.692, 1, 79, 136.97, 100, 13828, 1316, 715, P0, 0x0000000000000020
2026/09/19 12:17:19.702, 0, 79, 54.09, 100, 14343, 1189, 715, P0, 0x0000000000000000
2026/09/19 12:17:19.708, 1, 78, 170.46, 0, 13828, 1290, 715, P0, 0x0000000000000020
2026/09/19 12:17:20.720, 0, 79, 117.85, 100, 14343, 1075, 715, P0, 0x0000000000000020
2026/09/19 12:17:20.729, 1, 79, 124.94, 100, 13828, 1265, 715, P0, 0x0000000000000020
2026/09/19 12:17:21.734, 0, 79, 151.16, 0, 14343, 1189, 715, P0, 0x0000000000000020
2026/09/19 12:17:21.737, 1, 79, 152.09, 100, 13828, 1227, 715, P0, 0x0000000000000020
2026/09/19 12:17:22.746, 0, 79, 106.56, 100, 14343, 974, 715, P0, 0x0000000000000000
2026/09/19 12:17:22.751, 1, 78, 58.02, 0, 13828, 1328, 715, P0, 0x0000000000000000
2026/09/19 12:17:23.759, 0, 79, 116.11, 100, 14343, 1075, 715, P0, 0x0000000000000020
2026/09/19 12:17:23.768, 1, 80, 148.21, 100, 13828, 1202, 715, P0, 0x0000000000000020
2026/09/19 12:17:24.786, 0, 79, 110.66, 100, 14343, 1025, 715, P0, 0x0000000000000020
2026/09/19 12:17:24.789, 1, 77, 51.98, 0, 13828, 1252, 715, P0, 0x0000000000000000
2026/09/19 12:17:25.800, 0, 79, 120.73, 100, 14343, 1126, 715, P0, 0x0000000000000020
2026/09/19 12:17:25.808, 1, 79, 115.91, 100, 13828, 1202, 715, P0, 0x0000000000000000
2026/09/19 12:17:26.816, 0, 79, 47.86, 100, 14343, 1189, 715, P0, 0x0000000000000000
2026/09/19 12:17:26.819, 1, 78, 149.62, 0, 13828, 1227, 715, P0, 0x0000000000000020
2026/09/19 12:17:27.830, 0, 80, 115.56, 100, 14343, 1113, 715, P0, 0x0000000000000000
2026/09/19 12:17:27.833, 1, 79, 59.18, 100, 13828, 1328, 715, P0, 0x0000000000000000
2026/09/19 12:17:28.844, 0, 79, 109.07, 0, 14343, 1037, 715, P0, 0x0000000000000000
2026/09/19 12:17:28.850, 1, 80, 163.99, 100, 13828, 1265, 715, P0, 0x0000000000000000
2026/09/19 12:17:29.857, 0, 80, 113.95, 100, 14343, 1037, 715, P0, 0x0000000000000020
2026/09/19 12:17:29.860, 1, 78, 57.97, 10, 13828, 1328, 715, P0, 0x0000000000000000
2026/09/19 12:17:30.870, 0, 79, 122.64, 100, 14343, 1113, 715, P0, 0x0000000000000020
2026/09/19 12:17:30.874, 1, 80, 149.11, 100, 13828, 1202, 715, P0, 0x0000000000000020
2026/09/19 12:17:31.884, 0, 80, 112.03, 100, 14343, 885, 715, P0, 0x0000000000000020
2026/09/19 12:17:31.893, 1, 78, 56.33, 0, 13828, 1316, 715, P0, 0x0000000000000000
2026/09/19 12:17:32.909, 0, 79, 109.27, 100, 14343, 999, 715, P0, 0x0000000000000020
2026/09/19 12:17:32.912, 1, 79, 136.05, 100, 13828, 1316, 715, P0, 0x0000000000000020
2026/09/19 12:17:33.929, 0, 79, 107.29, 100, 14343, 1050, 715, P0, 0x0000000000000020
2026/09/19 12:17:33.932, 1, 77, 56.57, 0, 13828, 1328, 715, P0, 0x0000000000000000
2026/09/19 12:17:34.945, 0, 79, 124.33, 100, 14343, 1075, 715, P0, 0x0000000000000020
2026/09/19 12:17:34.951, 1, 79, 116.38, 100, 13828, 1227, 715, P0, 0x0000000000000020
2026/09/19 12:17:35.959, 0, 78, 48.38, 15, 14343, 1189, 715, P0, 0x0000000000000000
2026/09/19 12:17:35.961, 1, 79, 136.61, 91, 13828, 1189, 715, P0, 0x0000000000000000
2026/09/19 12:17:36.971, 0, 80, 126.31, 100, 14343, 1126, 715, P0, 0x0000000000000000
2026/09/19 12:17:36.974, 1, 78, 56.76, 77, 13828, 1328, 715, P0, 0x0000000000000000
2026/09/19 12:17:37.986, 0, 79, 110.11, 0, 14343, 1012, 715, P0, 0x0000000000000020
2026/09/19 12:17:37.992, 1, 79, 158.84, 100, 13828, 1252, 715, P0, 0x0000000000000020
2026/09/19 12:17:39.000, 0, 79, 110.90, 100, 14343, 987, 715, P0, 0x0000000000000020
2026/09/19 12:17:39.012, 1, 78, 51.99, 9, 13828, 1227, 715, P0, 0x0000000000000000
2026/09/19 12:17:40.031, 0, 79, 117.08, 50, 14343, 1050, 715, P0, 0x0000000000000020
2026/09/19 12:17:40.034, 1, 79, 143.28, 100, 13828, 1202, 715, P0, 0x0000000000000000
2026/09/19 12:17:41.042, 0, 79, 125.64, 100, 14343, 1101, 715, P0, 0x0000000000000020
2026/09/19 12:17:41.050, 1, 78, 57.00, 0, 13828, 1328, 715, P0, 0x0000000000000000
2026/09/19 12:17:42.071, 0, 79, 126.85, 100, 14343, 1101, 715, P0, 0x0000000000000020
2026/09/19 12:17:42.076, 1, 79, 122.93, 100, 13828, 1240, 715, P0, 0x0000000000000000
2026/09/19 12:17:43.087, 0, 79, 106.14, 100, 14343, 1025, 715, P0, 0x0000000000000020
2026/09/19 12:17:43.091, 1, 77, 57.30, 0, 13828, 1328, 715, P0, 0x0000000000000000
2026/09/19 12:17:44.101, 0, 79, 116.64, 100, 14343, 1101, 715, P0, 0x0000000000000020
2026/09/19 12:17:44.107, 1, 79, 137.68, 100, 13828, 1328, 715, P0, 0x0000000000000000
2026/09/19 12:17:45.113, 0, 79, 53.37, 56, 14343, 1303, 715, P0, 0x0000000000000000
2026/09/19 12:17:45.117, 1, 79, 157.31, 55, 13828, 1252, 715, P0, 0x0000000000000020
2026/09/19 12:17:46.127, 0, 80, 117.44, 100, 14343, 1075, 715, P0, 0x0000000000000020
2026/09/19 12:17:46.130, 1, 79, 74.08, 100, 13828, 1227, 715, P0, 0x0000000000000000
2026/09/19 12:17:47.134, 0, 78, 53.64, 0, 14343, 1290, 715, P0, 0x0000000000000000
2026/09/19 12:17:47.136, 1, 79, 148.18, 100, 13828, 1240, 715, P0, 0x0000000000000000
2026/09/19 12:17:48.151, 0, 79, 113.48, 100, 14343, 1063, 715, P0, 0x0000000000000000
2026/09/19 12:17:48.154, 1, 78, 57.28, 32, 13828, 1316, 715, P0, 0x0000000000000000
2026/09/19 12:17:49.165, 0, 79, 111.53, 19, 14343, 1063, 715, P0, 0x0000000000000000
2026/09/19 12:17:49.170, 1, 79, 162.54, 100, 13828, 1265, 715, P0, 0x0000000000000020
2026/09/19 12:17:50.180, 0, 79, 113.46, 100, 14343, 1037, 715, P0, 0x0000000000000020
2026/09/19 12:17:50.188, 1, 78, 57.28, 0, 13828, 1328, 715, P0, 0x0000000000000000
2026/09/19 12:17:51.193, 0, 79, 101.31, 100, 14343, 1063, 715, P0, 0x0000000000000020
2026/09/19 12:17:51.197, 1, 79, 161.27, 100, 13828, 1278, 715, P0, 0x0000000000000020
2026/09/19 12:17:52.220, 0, 79, 107.77, 100, 14343, 1025, 715, P0, 0x0000000000000020
2026/09/19 12:17:52.228, 1, 77, 54.40, 0, 13828, 1278, 715, P0, 0x0000000000000000
2026/09/19 12:17:53.235, 0, 79, 111.89, 100, 14343, 1050, 715, P0, 0x0000000000000020
2026/09/19 12:17:53.239, 1, 79, 140.28, 100, 13828, 1189, 715, P0, 0x0000000000000020
2026/09/19 12:17:54.251, 0, 79, 109.64, 100, 14343, 1050, 715, P0, 0x0000000000000020
2026/09/19 12:17:54.254, 1, 78, 56.81, 0, 13828, 1328, 715, P0, 0x0000000000000000
2026/09/19 12:17:55.265, 0, 79, 115.97, 100, 14343, 1037, 715, P0, 0x0000000000000020
2026/09/19 12:17:55.271, 1, 79, 134.82, 100, 13828, 1252, 715, P0, 0x0000000000000000
2026/09/19 12:17:56.281, 0, 79, 104.69, 100, 14343, 1050, 715, P0, 0x0000000000000000
2026/09/19 12:17:56.289, 1, 77, 56.10, 0, 13828, 1316, 715, P0, 0x0000000000000000
2026/09/19 12:17:57.296, 0, 79, 123.96, 100, 14343, 1126, 715, P0, 0x0000000000000000
2026/09/19 12:17:57.299, 1, 79, 141.41, 100, 13828, 1303, 715, P0, 0x0000000000000000
2026/09/19 12:17:58.309, 0, 79, 50.69, 73, 14343, 1240, 715, P0, 0x0000000000000000
2026/09/19 12:17:58.312, 1, 78, 185.01, 50, 13828, 1328, 715, P0, 0x0000000000000000
2026/09/19 12:17:59.324, 0, 79, 112.20, 100, 14343, 1025, 715, P0, 0x0000000000000020
2026/09/19 12:17:59.330, 1, 79, 114.50, 100, 13828, 1215, 715, P0, 0x0000000000000020
2026/09/19 12:18:00.339, 0, 78, 48.38, 20, 14343, 1189, 715, P0, 0x0000000000000000
2026/09/19 12:18:00.343, 1, 78, 139.92, 100, 13828, 1164, 715, P0, 0x0000000000000020
2026/09/19 12:18:01.354, 0, 79, 107.04, 100, 14343, 1075, 715, P0, 0x0000000000000020
2026/09/19 12:18:01.357, 1, 79, 60.40, 94, 13828, 1316, 715, P0, 0x0000000000000020
2026/09/19 12:18:02.367, 0, 79, 150.91, 0, 14343, 1113, 715, P0, 0x0000000000000020
2026/09/19 12:18:02.370, 1, 79, 154.11, 100, 13828, 1265, 715, P0, 0x0000000000000000
2026/09/19 12:18:03.380, 0, 79, 112.30, 100, 14343, 1063, 715, P0, 0x0000000000000020
2026/09/19 12:18:03.388, 1, 78, 52.47, 28, 13828, 1227, 715, P0, 0x0000000000000000
2026/09/19 12:18:04.393, 0, 78, 119.68, 0, 14343, 1075, 715, P0, 0x0000000000000020
2026/09/19 12:18:04.396, 1, 79, 150.09, 100, 13828, 1227, 715, P0, 0x0000000000000020
2026/09/19 12:18:05.407, 0, 79, 125.32, 100, 14343, 1101, 715, P0, 0x0000000000000020
2026/09/19 12:18:05.410, 1, 78, 58.20, 26, 13828, 1328, 715, P0, 0x0000000000000000
2026/09/19 12:18:06.424, 0, 79, 122.73, 30, 14343, 1101, 715, P0, 0x0000000000000020
2026/09/19 12:18:06.427, 1, 80, 140.82, 100, 13828, 1252, 715, P0, 0x0000000000000020
2026/09/19 12:18:07.436, 0, 79, 109.69, 100, 14343, 999, 715, P0, 0x0000000000000020
2026/09/19 12:18:07.439, 1, 78, 56.81, 0, 13828, 1316, 715, P0, 0x0000000000000000
2026/09/19 12:18:08.450, 0, 79, 113.24, 43, 14343, 1037, 715, P0, 0x0000000000000020
2026/09/19 12:18:08.452, 1, 78, 109.52, 100, 13828, 1101, 715, P0, 0x0000000000000000
2026/09/19 12:18:09.468, 0, 79, 113.72, 100, 14343, 1050, 715, P0, 0x0000000000000000
2026/09/19 12:18:09.471, 1, 78, 50.56, 4, 13828, 1202, 715, P0, 0x0000000000000000
2026/09/19 12:18:10.477, 0, 79, 118.29, 100, 14343, 1075, 715, P0, 0x0000000000000000
2026/09/19 12:18:10.487, 1, 79, 141.64, 100, 13828, 1189, 715, P0, 0x0000000000000000
2026/09/19 12:18:11.492, 0, 79, 119.64, 100, 14343, 1113, 715, P0, 0x0000000000000000
2026/09/19 12:18:11.495, 1, 78, 57.73, 0, 13828, 1328, 715, P0, 0x0000000000000000
2026/09/19 12:18:12.507, 0, 79, 130.29, 100, 14343, 1151, 715, P0, 0x0000000000000000
2026/09/19 12:18:12.509, 1, 80, 147.43, 100, 13828, 1202, 715, P0, 0x0000000000000020
2026/09/19 12:18:13.527, 0, 79, 111.37, 100, 14343, 1037, 715, P0, 0x0000000000000020
2026/09/19 12:18:13.530, 1, 78, 55.36, 0, 13828, 1303, 715, P0, 0x0000000000000000
2026/09/19 12:18:14.537, 0, 79, 115.42, 100, 14343, 1075, 715, P0, 0x0000000000000020
2026/09/19 12:18:14.539, 1, 80, 136.86, 100, 13828, 1177, 715, P0, 0x0000000000000020
2026/09/19 12:18:15.550, 0, 79, 113.95, 100, 14343, 1037, 715, P0, 0x0000000000000020
2026/09/19 12:18:15.553, 1, 77, 56.05, 0, 13828, 1316, 715, P0, 0x0000000000000000
2026/09/19 12:18:16.565, 0, 79, 116.49, 100, 14343, 1063, 715, P0, 0x0000000000000020
2026/09/19 12:18:16.569, 1, 79, 120.45, 100, 13828, 1202, 715, P0, 0x0000000000000000
2026/09/19 12:18:17.579, 0, 79, 102.78, 100, 14343, 911, 715, P0, 0x0000000000000020
2026/09/19 12:18:17.583, 1, 78, 57.30, 0, 13828, 1328, 715, P0, 0x0000000000000000
2026/09/19 12:18:18.594, 0, 79, 107.06, 100, 14343, 987, 715, P0, 0x0000000000000020
2026/09/19 12:18:18.598, 1, 79, 111.00, 100, 13828, 1189, 715, P0, 0x0000000000000000
2026/09/19 12:18:19.610, 0, 79, 108.50, 100, 14343, 987, 715, P0, 0x0000000000000020
2026/09/19 12:18:19.613, 1, 77, 53.92, 0, 13828, 1290, 715, P0, 0x0000000000000000
2026/09/19 12:18:20.623, 0, 79, 110.57, 100, 14343, 1037, 715, P0, 0x0000000000000000
2026/09/19 12:18:20.632, 1, 79, 123.28, 100, 13828, 1252, 715, P0, 0x0000000000000000
2026/09/19 12:18:21.650, 0, 79, 113.22, 100, 14343, 1037, 715, P0, 0x0000000000000020
2026/09/19 12:18:21.653, 1, 77, 56.07, 0, 13828, 1316, 715, P0, 0x0000000000000000
2026/09/19 12:18:22.663, 0, 79, 114.12, 100, 14343, 1050, 715, P0, 0x0000000000000020
2026/09/19 12:18:22.671, 1, 79, 117.12, 100, 13828, 1227, 715, P0, 0x0000000000000000
2026/09/19 12:18:23.690, 0, 79, 109.67, 100, 14343, 1025, 715, P0, 0x0000000000000020
2026/09/19 12:18:23.693, 1, 78, 57.25, 0, 13828, 1328, 715, P0, 0x0000000000000000
2026/09/19 12:18:24.703, 0, 79, 102.45, 100, 14343, 999, 715, P0, 0x0000000000000020
2026/09/19 12:18:24.710, 1, 80, 134.96, 100, 13828, 1290, 715, P0, 0x0000000000000000
2026/09/19 12:18:25.717, 0, 79, 108.50, 100, 14343, 987, 715, P0, 0x0000000000000020
2026/09/19 12:18:25.720, 1, 77, 55.35, 0, 13828, 1303, 715, P0, 0x0000000000000000
2026/09/19 12:18:26.730, 0, 79, 128.36, 100, 14343, 1126, 715, P0, 0x0000000000000020
2026/09/19 12:18:26.733, 1, 78, 104.28, 100, 13828, 961, 715, P0, 0x0000000000000020
2026/09/19 12:18:27.742, 0, 79, 125.59, 100, 14343, 1139, 715, P0, 0x0000000000000000
2026/09/19 12:18:27.748, 1, 77, 52.17, 41, 13828, 1252, 715, P0, 0x0000000000000000
2026/09/19 12:18:28.756, 0, 79, 124.82, 100, 14343, 1139, 715, P0, 0x0000000000000020
2026/09/19 12:18:28.759, 1, 79, 135.85, 100, 13828, 1177, 715, P0, 0x0000000000000000
2026/09/19 12:18:29.771, 0, 79, 116.36, 100, 14343, 1050, 715, P0, 0x0000000000000020
2026/09/19 12:18:29.774, 1, 77, 56.06, 0, 13828, 1316, 715, P0, 0x0000000000000000
2026/09/19 12:18:30.788, 0, 79, 105.51, 100, 14343, 1063, 715, P0, 0x0000000000000000
2026/09/19 12:18:30.791, 1, 79, 129.86, 100, 13828, 1189, 715, P0, 0x0000000000000000
2026/09/19 12:18:31.800, 0, 79, 106.57, 100, 14343, 1050, 715, P0, 0x0000000000000020
2026/09/19 12:18:31.808, 1, 77, 56.81, 0, 13828, 1328, 715, P0, 0x0000000000000000
2026/09/19 12:18:32.814, 0, 79, 120.37, 100, 14343, 1101, 715, P0, 0x0000000000000020
2026/09/19 12:18:32.818, 1, 80, 141.34, 100, 13828, 1189, 715, P0, 0x0000000000000020
2026/09/19 12:18:33.826, 0, 79, 103.50, 100, 14343, 987, 715, P0, 0x0000000000000020
2026/09/19 12:18:33.829, 1, 78, 57.30, 0, 13828, 1328, 715, P0, 0x0000000000000000
2026/09/19 12:18:34.845, 0, 79, 111.66, 100, 14343, 1063, 715, P0, 0x0000000000000020
2026/09/19 12:18:34.851, 1, 80, 139.08, 100, 13828, 1177, 715, P0, 0x0000000000000000
2026/09/19 12:18:35.861, 0, 79, 113.22, 100, 14343, 1075, 715, P0, 0x0000000000000020
2026/09/19 12:18:35.868, 1, 78, 56.77, 0, 13828, 1328, 715, P0, 0x0000000000000000
2026/09/19 12:18:36.873, 0, 79, 125.01, 100, 14343, 1126, 715, P0, 0x0000000000000000
2026/09/19 12:18:36.876, 1, 80, 158.68, 100, 13828, 1240, 715, P0, 0x0000000000000020
2026/09/19 12:18:37.888, 0, 79, 112.29, 100, 14343, 1063, 715, P0, 0x0000000000000020
2026/09/19 12:18:37.891, 1, 78, 52.95, 0, 13828, 1265, 715, P0, 0x0000000000000000
2026/09/19 12:18:38.902, 0, 79, 127.03, 100, 14343, 1113, 715, P0, 0x0000000000000000
2026/09/19 12:18:38.907, 1, 79, 146.49, 100, 13828, 1177, 715, P0, 0x0000000000000020
2026/09/19 12:18:39.929, 0, 80, 125.82, 100, 14343, 1101, 715, P0, 0x0000000000000020
2026/09/19 12:18:39.933, 1, 78, 55.55, 0, 13828, 1303, 715, P0, 0x0000000000000000
2026/09/19 12:18:40.943, 0, 79, 128.51, 100, 14343, 1126, 715, P0, 0x0000000000000020
2026/09/19 12:18:40.946, 1, 80, 152.01, 100, 13828, 1189, 715, P0, 0x0000000000000020
2026/09/19 12:18:41.971, 0, 79, 113.48, 100, 14343, 1050, 715, P0, 0x0000000000000020
2026/09/19 12:18:41.975, 1, 78, 57.03, 0, 13828, 1328, 715, P0, 0x0000000000000000
2026/09/19 12:18:42.988, 0, 79, 114.90, 100, 14343, 1088, 715, P0, 0x0000000000000020
2026/09/19 12:18:42.991, 1, 80, 149.29, 100, 13828, 1215, 715, P0, 0x0000000000000020
2026/09/19 12:18:44.004, 0, 79, 104.23, 100, 14343, 1075, 715, P0, 0x0000000000000000
2026/09/19 12:18:44.007, 1, 78, 52.95, 0, 13828, 1265, 715, P0, 0x0000000000000000
2026/09/19 12:18:45.015, 0, 79, 122.60, 88, 14343, 1088, 715, P0, 0x0000000000000020
2026/09/19 12:18:45.018, 1, 79, 132.20, 100, 13828, 1189, 715, P0, 0x0000000000000000
2026/09/19 12:18:46.029, 0, 79, 103.74, 100, 14343, 873, 715, P0, 0x0000000000000020
2026/09/19 12:18:46.032, 1, 78, 56.58, 0, 13828, 1316, 715, P0, 0x0000000000000000
2026/09/19 12:18:47.042, 0, 79, 105.65, 48, 14343, 949, 715, P0, 0x0000000000000020
2026/09/19 12:18:47.050, 1, 79, 150.53, 100, 13828, 1227, 715, P0, 0x0000000000000000
2026/09/19 12:18:48.070, 0, 79, 106.88, 100, 14343, 1012, 715, P0, 0x0000000000000020
2026/09/19 12:18:48.073, 1, 78, 56.57, 0, 13828, 1316, 715, P0, 0x0000000000000000
2026/09/19 12:18:49.082, 0, 78, 138.47, 24, 14343, 1151, 715, P0, 0x0000000000000020
2026/09/19 12:18:49.088, 1, 79, 151.99, 100, 13828, 1252, 715, P0, 0x0000000000000000
2026/09/19 12:18:50.098, 0, 79, 117.25, 100, 14343, 1101, 715, P0, 0x0000000000000000
2026/09/19 12:18:50.107, 1, 78, 53.18, 100, 13828, 1252, 715, P0, 0x0000000000000000
2026/09/19 12:18:51.125, 0, 78, 48.80, 0, 14343, 1189, 715, P0, 0x0000000000000000
2026/09/19 12:18:51.128, 1, 79, 147.72, 100, 13828, 1215, 715, P0, 0x0000000000000000
2026/09/19 12:18:52.138, 0, 79, 116.11, 100, 14343, 1126, 715, P0, 0x0000000000000000
2026/09/19 12:18:52.148, 1, 79, 55.32, 100, 13828, 1265, 715, P0, 0x0000000000000000
2026/09/19 12:18:53.163, 0, 78, 51.48, 0, 14343, 1252, 715, P0, 0x0000000000000000
2026/09/19 12:18:53.166, 1, 79, 146.29, 77, 13828, 1227, 715, P0, 0x0000000000000000
2026/09/19 12:18:54.178, 0, 79, 109.99, 100, 14343, 999, 715, P0, 0x0000000000000020
2026/09/19 12:18:54.188, 1, 79, 78.17, 98, 13828, 1316, 715, P0, 0x0000000000000020
2026/09/19 12:18:55.192, 0, 78, 54.36, 43, 14343, 1316, 715, P0, 0x0000000000000000
2026/09/19 12:18:55.195, 1, 79, 156.82, 100, 13828, 1240, 715, P0, 0x0000000000000020
2026/09/19 12:18:56.205, 0, 79, 116.85, 100, 14343, 1037, 715, P0, 0x0000000000000020
2026/09/19 12:18:56.208, 1, 80, 143.10, 100, 13828, 1328, 715, P0, 0x0000000000000000
2026/09/19 12:18:57.218, 0, 79, 47.99, 97, 14343, 1189, 715, P0, 0x0000000000000000
2026/09/19 12:18:57.223, 1, 78, 94.16, 50, 13828, 835, 715, P0, 0x0000000000000020
2026/09/19 12:18:58.233, 0, 79, 123.88, 100, 14343, 1113, 715, P0, 0x0000000000000000
2026/09/19 12:18:58.236, 1, 78, 109.27, 100, 13828, 1189, 715, P0, 0x0000000000000000
2026/09/19 12:18:59.249, 0, 79, 104.47, 100, 14343, 1037, 715, P0, 0x0000000000000000
2026/09/19 12:18:59.252, 1, 77, 55.61, 0, 13828, 1316, 715, P0, 0x0000000000000000
2026/09/19 12:19:00.265, 0, 79, 118.91, 100, 14343, 1075, 715, P0, 0x0000000000000020
2026/09/19 12:19:00.268, 1, 79, 115.93, 100, 13828, 1215, 715, P0, 0x0000000000000000
2026/09/19 12:19:01.278, 0, 80, 107.05, 100, 14343, 961, 715, P0, 0x0000000000000020
2026/09/19 12:19:01.287, 1, 77, 57.05, 0, 13828, 1328, 715, P0, 0x0000000000000000
2026/09/19 12:19:02.294, 0, 79, 113.61, 100, 14343, 1050, 715, P0, 0x0000000000000020
2026/09/19 12:19:02.297, 1, 79, 131.32, 100, 13828, 1227, 715, P0, 0x0000000000000000
2026/09/19 12:19:03.307, 0, 79, 108.82, 100, 14343, 1025, 715, P0, 0x0000000000000020
2026/09/19 12:19:03.310, 1, 77, 51.05, 0, 13828, 1215, 715, P0, 0x0000000000000000
2026/09/19 12:19:04.328, 0, 79, 111.40, 100, 14343, 1050, 715, P0, 0x0000000000000020
2026/09/19 12:19:04.331, 1, 79, 146.88, 100, 13828, 1202, 715, P0, 0x0000000000000020
2026/09/19 12:19:05.342, 0, 79, 99.65, 100, 14343, 1025, 715, P0, 0x0000000000000000
2026/09/19 12:19:05.348, 1, 78, 56.82, 0, 13828, 1328, 715, P0, 0x0000000000000000
2026/09/19 12:19:06.357, 0, 79, 113.46, 100, 14343, 1050, 715, P0, 0x0000000000000000
2026/09/19 12:19:06.367, 1, 80, 148.68, 100, 13828, 1240, 715, P0, 0x0000000000000020
2026/09/19 12:19:07.386, 0, 79, 114.68, 100, 14343, 1050, 715, P0, 0x0000000000000020
2026/09/19 12:19:07.389, 1, 78, 53.90, 6, 13828, 1278, 715, P0, 0x0000000000000000
2026/09/19 12:19:08.400, 0, 79, 117.05, 50, 14343, 1075, 715, P0, 0x0000000000000020
2026/09/19 12:19:08.404, 1, 79, 150.57, 100, 13828, 1227, 715, P0, 0x0000000000000020
2026/09/19 12:19:09.416, 0, 79, 122.28, 100, 14343, 1075, 715, P0, 0x0000000000000020
2026/09/19 12:19:09.426, 1, 78, 58.21, 0, 13828, 1328, 715, P0, 0x0000000000000000
2026/09/19 12:19:10.443, 0, 79, 105.74, 0, 14343, 923, 715, P0, 0x0000000000000020
2026/09/19 12:19:10.446, 1, 79, 140.78, 100, 13828, 1189, 715, P0, 0x0000000000000020
2026/09/19 12:19:11.457, 0, 79, 104.22, 100, 14343, 949, 715, P0, 0x0000000000000000
2026/09/19 12:19:11.466, 1, 79, 56.81, 72, 13828, 1328, 715, P0, 0x0000000000000000
2026/09/19 12:19:12.475, 0, 78, 48.09, 100, 14343, 1189, 715, P0, 0x0000000000000000
2026/09/19 12:19:12.481, 1, 79, 162.96, 58, 13828, 1265, 715, P0, 0x0000000000000020
2026/09/19 12:19:13.488, 0, 79, 117.71, 100, 14343, 1088, 715, P0, 0x0000000000000020
2026/09/19 12:19:13.492, 1, 79, 113.77, 100, 13828, 1202, 715, P0, 0x0000000000000000
2026/09/19 12:19:14.503, 0, 79, 76.35, 100, 14343, 1088, 715, P0, 0x0000000000000020
2026/09/19 12:19:14.506, 1, 77, 112.86, 0, 13828, 1227, 715, P0, 0x0000000000000000
2026/09/19 12:19:15.515, 0, 79, 113.93, 100, 14343, 1075, 715, P0, 0x0000000000000020
2026/09/19 12:19:15.522, 1, 79, 120.96, 100, 13828, 1240, 715, P0, 0x0000000000000000
2026/09/19 12:19:16.542, 0, 79, 110.16, 100, 14343, 987, 715, P0, 0x0000000000000020
2026/09/19 12:19:16.546, 1, 77, 57.28, 0, 13828, 1328, 715, P0, 0x0000000000000000
2026/09/19 12:19:17.556, 0, 79, 112.43, 100, 14343, 1037, 715, P0, 0x0000000000000020
2026/09/19 12:19:17.565, 1, 79, 121.69, 100, 13828, 1189, 715, P0, 0x0000000000000000
2026/09/19 12:19:18.584, 0, 79, 113.23, 100, 14343, 1025, 715, P0, 0x0000000000000020
2026/09/19 12:19:18.587, 1, 77, 54.64, 0, 13828, 1290, 715, P0, 0x0000000000000000
2026/09/19 12:19:19.595, 0, 79, 123.12, 100, 14343, 1113, 715, P0, 0x0000000000000020
2026/09/19 12:19:19.598, 1, 80, 151.19, 100, 13828, 1227, 715, P0, 0x0000000000000020
2026/09/19 12:19:20.605, 0, 79, 112.81, 100, 14343, 1075, 715, P0, 0x0000000000000020
2026/09/19 12:19:20.608, 1, 78, 57.05, 0, 13828, 1328, 715, P0, 0x0000000000000000
2026/09/19 12:19:21.618, 0, 79, 107.48, 100, 14343, 1088, 715, P0, 0x0000000000000000
2026/09/19 12:19:21.628, 1, 79, 154.54, 100, 13828, 1252, 715, P0, 0x0000000000000020
2026/09/19 12:19:22.631, 0, 79, 116.11, 100, 14343, 1050, 715, P0, 0x0000000000000020
2026/09/19 12:19:22.634, 1, 78, 56.52, 0, 13828, 1316, 715, P0, 0x0000000000000000
2026/09/19 12:19:23.640, 0, 79, 123.20, 49, 14343, 1101, 715, P0, 0x0000000000000020
2026/09/19 12:19:23.644, 1, 80, 148.32, 100, 13828, 1252, 715, P0, 0x0000000000000000
2026/09/19 12:19:24.656, 0, 79, 113.46, 100, 14343, 1025, 715, P0, 0x0000000000000020
2026/09/19 12:19:24.667, 1, 78, 56.29, 0, 13828, 1303, 715, P0, 0x0000000000000000
2026/09/19 12:19:25.671, 0, 79, 125.99, 0, 14343, 1101, 715, P0, 0x0000000000000020
2026/09/19 12:19:25.674, 1, 79, 153.92, 100, 13828, 1227, 715, P0, 0x0000000000000020
2026/09/19 12:19:26.689, 0, 79, 116.77, 100, 14343, 1088, 715, P0, 0x0000000000000000
2026/09/19 12:19:26.692, 1, 79, 57.01, 80, 13828, 1328, 715, P0, 0x0000000000000000
2026/09/19 12:19:27.706, 0, 78, 52.21, 0, 14343, 1278, 715, P0, 0x0000000000000000
2026/09/19 12:19:27.709, 1, 79, 143.41, 100, 13828, 1252, 715, P0, 0x0000000000000000
2026/09/19 12:19:28.720, 0, 79, 109.83, 100, 14343, 974, 715, P0, 0x0000000000000020
2026/09/19 12:19:28.726, 1, 80, 129.69, 100, 13828, 1290, 715, P0, 0x0000000000000020
2026/09/19 12:19:29.735, 0, 79, 52.70, 100, 14343, 1189, 715, P0, 0x0000000000000000
2026/09/19 12:19:29.742, 1, 77, 149.81, 0, 13828, 1290, 715, P0, 0x0000000000000000
2026/09/19 12:19:30.752, 0, 79, 103.02, 100, 14343, 1063, 715, P0, 0x0000000000000020
2026/09/19 12:19:30.755, 1, 79, 122.42, 100, 13828, 1252, 715, P0, 0x0000000000000000
2026/09/19 12:19:31.768, 0, 79, 118.27, 100, 14343, 1050, 715, P0, 0x0000000000000020
2026/09/19 12:19:31.771, 1, 77, 56.53, 0, 13828, 1328, 715, P0, 0x0000000000000000
2026/09/19 12:19:32.783, 0, 79, 123.61, 100, 14343, 1101, 715, P0, 0x0000000000000020
2026/09/19 12:19:32.786, 1, 80, 117.58, 100, 13828, 1189, 715, P0, 0x0000000000000020
2026/09/19 12:19:33.796, 0, 79, 103.51, 100, 14343, 1012, 715, P0, 0x0000000000000020
2026/09/19 12:19:33.802, 1, 77, 52.96, 0, 13828, 1252, 715, P0, 0x0000000000000000
2026/09/19 12:19:34.810, 0, 79, 95.46, 100, 14343, 1050, 715, P0, 0x0000000000000000
2026/09/19 12:19:34.813, 1, 79, 146.44, 100, 13828, 1202, 715, P0, 0x0000000000000000
2026/09/19 12:19:35.825, 0, 79, 113.71, 100, 14343, 1037, 715, P0, 0x0000000000000020
2026/09/19 12:19:35.828, 1, 78, 53.42, 0, 13828, 1265, 715, P0, 0x0000000000000000
2026/09/19 12:19:36.843, 0, 79, 128.13, 22, 14343, 1113, 715, P0, 0x0000000000000020
2026/09/19 12:19:36.848, 1, 79, 146.71, 100, 13828, 1215, 715, P0, 0x0000000000000020
2026/09/19 12:19:37.856, 0, 79, 131.57, 100, 14343, 1139, 715, P0, 0x0000000000000020
2026/09/19 12:19:37.859, 1, 78, 53.86, 12, 13828, 1252, 715, P0, 0x0000000000000000
2026/09/19 12:19:38.872, 0, 78, 159.16, 0, 14343, 1151, 715, P0, 0x0000000000000020
2026/09/19 12:19:38.881, 1, 79, 151.18, 100, 13828, 1252, 715, P0, 0x0000000000000020
2026/09/19 12:19:39.898, 0, 79, 114.82, 100, 14343, 1050, 715, P0, 0x0000000000000000
2026/09/19 12:19:39.902, 1, 79, 65.68, 100, 13828, 1290, 715, P0, 0x0000000000000000
2026/09/19 12:19:40.912, 0, 78, 50.27, 0, 14343, 1215, 715, P0, 0x0000000000000000
2026/09/19 12:19:40.917, 1, 79, 155.03, 96, 13828, 1227, 715, P0, 0x0000000000000020
2026/09/19 12:19:41.940, 0, 79, 110.82, 100, 14343, 1025, 715, P0, 0x0000000000000020
2026/09/19 12:19:41.944, 1, 79, 121.69, 100, 13828, 1252, 715, P0, 0x0000000000000020
2026/09/19 12:19:42.953, 0, 79, 48.13, 92, 14343, 1189, 715, P0, 0x0000000000000000
2026/09/19 12:19:42.958, 1, 78, 151.01, 0, 13828, 1240, 715, P0, 0x0000000000000020
2026/09/19 12:19:43.969, 0, 79, 113.35, 100, 14343, 1101, 715, P0, 0x0000000000000000
2026/09/19 12:19:43.972, 1, 80, 138.82, 100, 13828, 1316, 715, P0, 0x0000000000000000
2026/09/19 12:19:44.980, 0, 79, 100.61, 100, 14343, 873, 715, P0, 0x0000000000000020
2026/09/19 12:19:44.985, 1, 78, 56.57, 0, 13828, 1328, 715, P0, 0x0000000000000000
2026/09/19 12:19:45.995, 0, 79, 107.81, 100, 14343, 1050, 715, P0, 0x0000000000000020
2026/09/19 12:19:46.000, 1, 80, 146.40, 100, 13828, 1202, 715, P0, 0x0000000000000000
2026/09/19 12:19:47.012, 0, 79, 92.29, 100, 14343, 1037, 715, P0, 0x0000000000000000
2026/09/19 12:19:47.022, 1, 78, 54.90, 0, 13828, 1290, 715, P0, 0x0000000000000000
2026/09/19 12:19:48.028, 0, 79, 117.55, 67, 14343, 1075, 715, P0, 0x0000000000000020
2026/09/19 12:19:48.031, 1, 79, 142.70, 100, 13828, 1227, 715, P0, 0x0000000000000000
2026/09/19 12:19:49.043, 0, 79, 122.28, 100, 14343, 1088, 715, P0, 0x0000000000000020
2026/09/19 12:19:49.045, 1, 78, 56.52, 87, 13828, 1303, 715, P0, 0x0000000000000000
2026/09/19 12:19:50.059, 0, 78, 132.58, 0, 14343, 1139, 715, P0, 0x0000000000000020
2026/09/19 12:19:50.063, 1, 79, 153.03, 100, 13828, 1227, 715, P0, 0x0000000000000020
2026/09/19 12:19:51.073, 0, 79, 103.98, 100, 14343, 1063, 715, P0, 0x0000000000000000
2026/09/19 12:19:51.081, 1, 79, 56.10, 80, 13828, 1290, 715, P0, 0x0000000000000000
2026/09/19 12:19:52.090, 0, 78, 47.61, 39, 14343, 1189, 715, P0, 0x0000000000000000
2026/09/19 12:19:52.098, 1, 78, 154.32, 47, 13828, 1227, 715, P0, 0x0000000000000020
2026/09/19 12:19:53.116, 0, 79, 110.23, 100, 14343, 1088, 715, P0, 0x0000000000000000
2026/09/19 12:19:53.121, 1, 80, 137.95, 100, 13828, 1328, 715, P0, 0x0000000000000000
2026/09/19 12:19:54.127, 0, 79, 114.92, 100, 14343, 1050, 715, P0, 0x0000000000000020
2026/09/19 12:19:54.130, 1, 77, 54.63, 0, 13828, 1290, 715, P0, 0x0000000000000000
2026/09/19 12:19:55.142, 0, 79, 128.60, 100, 14343, 1113, 715, P0, 0x0000000000000020
2026/09/19 12:19:55.145, 1, 80, 147.59, 100, 13828, 1202, 715, P0, 0x0000000000000020
2026/09/19 12:19:56.158, 0, 79, 112.57, 100, 14343, 1063, 715, P0, 0x0000000000000020
2026/09/19 12:19:56.161, 1, 78, 57.50, 0, 13828, 1328, 715, P0, 0x0000000000000000
2026/09/19 12:19:57.175, 0, 79, 123.26, 100, 14343, 1063, 715, P0, 0x0000000000000020
2026/09/19 12:19:57.180, 1, 79, 133.40, 100, 13828, 1189, 715, P0, 0x0000000000000020
2026/09/19 12:19:58.187, 0, 79, 105.91, 100, 14343, 949, 715, P0, 0x0000000000000020
2026/09/19 12:19:58.190, 1, 78, 56.33, 43, 13828, 1328, 715, P0, 0x0000000000000000
2026/09/19 12:19:59.199, 0, 78, 54.13, 0, 14343, 1303, 715, P0, 0x0000000000000000
2026/09/19 12:19:59.203, 1, 79, 149.52, 100, 13828, 1227, 715, P0, 0x0000000000000000
2026/09/19 12:20:00.215, 0, 79, 113.39, 100, 14343, 1037, 715, P0, 0x0000000000000020
2026/09/19 12:20:00.217, 1, 79, 118.09, 100, 13828, 1215, 715, P0, 0x0000000000000000
2026/09/19 12:20:01.226, 0, 79, 48.11, 100, 14343, 1189, 715, P0, 0x0000000000000000
2026/09/19 12:20:01.228, 1, 78, 154.58, 0, 13828, 1252, 715, P0, 0x0000000000000020
2026/09/19 12:20:02.239, 0, 80, 107.70, 100, 14343, 1113, 715, P0, 0x0000000000000000
2026/09/19 12:20:02.242, 1, 79, 121.14, 100, 13828, 1227, 715, P0, 0x0000000000000000
2026/09/19 12:20:03.253, 0, 79, 110.65, 100, 14343, 1012, 715, P0, 0x0000000000000020
2026/09/19 12:20:03.258, 1, 78, 56.08, 0, 13828, 1316, 715, P0, 0x0000000000000000
2026/09/19 12:20:04.269, 0, 79, 115.62, 100, 14343, 1101, 715, P0, 0x0000000000000020
2026/09/19 12:20:04.277, 1, 80, 151.45, 100, 13828, 1227, 715, P0, 0x0000000000000020
2026/09/19 12:20:05.285, 0, 79, 94.40, 100, 14343, 923, 715, P0, 0x0000000000000020
2026/09/19 12:20:05.288, 1, 78, 56.59, 0, 13828, 1316, 715, P0, 0x0000000000000000
2026/09/19 12:20:06.297, 0, 79, 115.42, 96, 14343, 1063, 715, P0, 0x0000000000000020
2026/09/19 12:20:06.301, 1, 79, 138.11, 100, 13828, 1177, 715, P0, 0x0000000000000020
2026/09/19 12:20:07.311, 0, 79, 119.48, 100, 14343, 1088, 715, P0, 0x0000000000000020
2026/09/19 12:20:07.317, 1, 79, 56.53, 66, 13828, 1316, 715, P0, 0x0000000000000020
2026/09/19 12:20:08.326, 0, 78, 50.76, 0, 14343, 1240, 715, P0, 0x0000000000000000
2026/09/19 12:20:08.329, 1, 79, 149.14, 100, 13828, 1215, 715, P0, 0x0000000000000000
2026/09/19 12:20:09.339, 0, 79, 111.04, 100, 14343, 1050, 715, P0, 0x0000000000000020
2026/09/19 12:20:09.342, 1, 79, 134.12, 100, 13828, 1278, 715, P0, 0x0000000000000000
2026/09/19 12:20:10.353, 0, 79, 110.65, 100, 14343, 999, 715, P0, 0x0000000000000020
2026/09/19 12:20:10.358, 1, 77, 55.84, 0, 13828, 1316, 715, P0, 0x0000000000000000
2026/09/19 12:20:11.368, 0, 79, 114.32, 100, 14343, 1075, 715, P0, 0x0000000000000020
2026/09/19 12:20:11.378, 1, 79, 126.76, 100, 13828, 1139, 715, P0, 0x0000000000000000
2026/09/19 12:20:12.397, 0, 79, 119.96, 100, 14343, 1101, 715, P0, 0x0000000000000020
2026/09/19 12:20:12.400, 1, 78, 56.28, 0, 13828, 1316, 715, P0, 0x0000000000000000
2026/09/19 12:20:13.410, 0, 79, 123.46, 87, 14343, 1101, 715, P0, 0x0000000000000020
2026/09/19 12:20:13.416, 1, 80, 143.74, 100, 13828, 1240, 715, P0, 0x0000000000000000
2026/09/19 12:20:14.421, 0, 79, 115.65, 100, 14343, 1050, 715, P0, 0x0000000000000020
2026/09/19 12:20:14.423, 1, 79, 56.81, 79, 13828, 1316, 715, P0, 0x0000000000000000
2026/09/19 12:20:15.438, 0, 78, 48.38, 5, 14343, 1189, 715, P0, 0x0000000000000000
2026/09/19 12:20:15.441, 1, 79, 140.48, 95, 13828, 1227, 715, P0, 0x0000000000000000
2026/09/19 12:20:16.450, 0, 79, 119.26, 100, 14343, 1075, 715, P0, 0x0000000000000020
2026/09/19 12:20:16.456, 1, 79, 133.78, 100, 13828, 1240, 715, P0, 0x0000000000000020
2026/09/19 12:20:17.477, 0, 79, 106.33, 100, 14343, 1101, 715, P0, 0x0000000000000000
2026/09/19 12:20:17.480, 1, 77, 53.42, 0, 13828, 1278, 715, P0, 0x0000000000000000
2026/09/19 12:20:18.490, 0, 79, 121.87, 100, 14343, 1088, 715, P0, 0x0000000000000020
2026/09/19 12:20:18.494, 1, 80, 135.47, 100, 13828, 1189, 715, P0, 0x0000000000000000
2026/09/19 12:20:19.500, 0, 79, 109.22, 100, 14343, 1050, 715, P0, 0x0000000000000000
2026/09/19 12:20:19.503, 1, 78, 57.06, 0, 13828, 1316, 715, P0, 0x0000000000000000
2026/09/19 12:20:20.517, 0, 79, 110.32, 100, 14343, 1025, 715, P0, 0x0000000000000020
2026/09/19 12:20:20.520, 1, 80, 116.93, 100, 13828, 1177, 715, P0, 0x0000000000000000
2026/09/19 12:20:21.532, 0, 79, 111.82, 100, 14343, 1075, 715, P0, 0x0000000000000020
2026/09/19 12:20:21.535, 1, 78, 54.39, 60, 13828, 1303, 715, P0, 0x0000000000000000
2026/09/19 12:20:22.543, 0, 78, 49.10, 0, 14343, 1202, 715, P0, 0x0000000000000000
2026/09/19 12:20:22.551, 1, 78, 136.42, 100, 13828, 1177, 715, P0, 0x0000000000000000
2026/09/19 12:20:23.562, 0, 79, 118.10, 100, 14343, 1101, 715, P0, 0x0000000000000020
2026/09/19 12:20:23.571, 1, 79, 121.12, 100, 13828, 1303, 715, P0, 0x0000000000000000
2026/09/19 12:20:24.590, 0, 79, 119.17, 100, 14343, 1050, 715, P0, 0x0000000000000020
2026/09/19 12:20:24.593, 1, 77, 55.80, 0, 13828, 1316, 715, P0, 0x0000000000000000
2026/09/19 12:20:25.610, 0, 80, 127.43, 100, 14343, 1101, 715, P0, 0x0000000000000020
2026/09/19 12:20:25.615, 1, 80, 141.09, 100, 13828, 1101, 715, P0, 0x0000000000000020
2026/09/19 12:20:26.624, 0, 79, 107.96, 100, 14343, 1075, 715, P0, 0x0000000000000000
2026/09/19 12:20:26.634, 1, 78, 51.74, 0, 13828, 1227, 715, P0, 0x0000000000000000
2026/09/19 12:20:27.639, 0, 79, 117.22, 53, 14343, 1075, 715, P0, 0x0000000000000020
2026/09/19 12:20:27.642, 1, 79, 153.57, 100, 13828, 1215, 715, P0, 0x0000000000000020
2026/09/19 12:20:28.654, 0, 80, 126.79, 100, 14343, 1126, 715, P0, 0x0000000000000020
2026/09/19 12:20:28.657, 1, 79, 52.90, 100, 13828, 1227, 715, P0, 0x0000000000000000
2026/09/19 12:20:29.665, 0, 78, 53.65, 61, 14343, 1290, 715, P0, 0x0000000000000000
2026/09/19 12:20:29.668, 1, 79, 137.75, 56, 13828, 1189, 715, P0, 0x0000000000000000
2026/09/19 12:20:30.679, 0, 79, 117.34, 100, 14343, 1088, 715, P0, 0x0000000000000020
2026/09/19 12:20:30.682, 1, 79, 137.86, 100, 13828, 1303, 715, P0, 0x0000000000000000
2026/09/19 12:20:31.693, 0, 79, 115.39, 100, 14343, 1050, 715, P0, 0x0000000000000020
2026/09/19 12:20:31.696, 1, 78, 56.52, 0, 13828, 1328, 715, P0, 0x0000000000000000
2026/09/19 12:20:32.706, 0, 79, 128.54, 100, 14343, 1151, 715, P0, 0x0000000000000000
2026/09/19 12:20:32.713, 1, 80, 158.81, 100, 13828, 1252, 715, P0, 0x0000000000000020
2026/09/19 12:20:33.720, 0, 79, 110.83, 100, 14343, 999, 715, P0, 0x0000000000000020
2026/09/19 12:20:33.723, 1, 78, 57.01, 0, 13828, 1316, 715, P0, 0x0000000000000000
2026/09/19 12:20:34.735, 0, 79, 112.28, 51, 14343, 1063, 715, P0, 0x0000000000000020
2026/09/19 12:20:34.738, 1, 79, 146.07, 100, 13828, 1202, 715, P0, 0x0000000000000000
2026/09/19 12:20:35.748, 0, 79, 114.11, 100, 14343, 1037, 715, P0, 0x0000000000000020
2026/09/19 12:20:35.752, 1, 79, 123.50, 100, 13828, 1303, 715, P0, 0x0000000000000020
2026/09/19 12:20:36.768, 0, 78, 53.37, 58, 14343, 1290, 715, P0, 0x0000000000000000
2026/09/19 12:20:36.771, 1, 79, 156.10, 60, 13828, 1240, 715, P0, 0x0000000000000020
2026/09/19 12:20:37.781, 0, 79, 122.25, 100, 14343, 1139, 715, P0, 0x0000000000000000
2026/09/19 12:20:37.791, 1, 79, 115.59, 100, 13828, 1215, 715, P0, 0x0000000000000000
2026/09/19 12:20:38.810, 0, 79, 106.32, 100, 14343, 936, 715, P0, 0x0000000000000020
2026/09/19 12:20:38.815, 1, 78, 55.85, 0, 13828, 1316, 715, P0, 0x0000000000000000
2026/09/19 12:20:39.823, 0, 79, 113.25, 100, 14343, 1050, 715, P0, 0x0000000000000000
2026/09/19 12:20:39.831, 1, 79, 150.23, 100, 13828, 1252, 715, P0, 0x0000000000000020
2026/09/19 12:20:40.837, 0, 79, 114.68, 100, 14343, 1050, 715, P0, 0x0000000000000020
2026/09/19 12:20:40.840, 1, 78, 53.67, 38, 13828, 1252, 715, P0, 0x0000000000000000
2026/09/19 12:20:41.852, 0, 78, 52.21, 0, 14343, 1265, 715, P0, 0x0000000000000000
2026/09/19 12:20:41.855, 1, 79, 144.94, 100, 13828, 1202, 715, P0, 0x0000000000000000
2026/09/19 12:20:42.866, 0, 79, 108.89, 100, 14343, 987, 715, P0, 0x0000000000000020
2026/09/19 12:20:42.876, 1, 79, 121.38, 100, 13828, 1240, 715, P0, 0x0000000000000000
2026/09/19 12:20:43.894, 0, 79, 114.92, 100, 14343, 1063, 715, P0, 0x0000000000000000
2026/09/19 12:20:43.897, 1, 77, 55.83, 0, 13828, 1316, 715, P0, 0x0000000000000000
2026/09/19 12:20:44.907, 0, 79, 116.63, 100, 14343, 1063, 715, P0, 0x0000000000000020
2026/09/19 12:20:44.914, 1, 79, 129.36, 100, 13828, 1189, 715, P0, 0x0000000000000020
2026/09/19 12:20:45.918, 0, 79, 105.20, 100, 14343, 1012, 715, P0, 0x0000000000000000
2026/09/19 12:20:45.921, 1, 78, 54.16, 0, 13828, 1278, 715, P0, 0x0000000000000000
2026/09/19 12:20:46.930, 0, 78, 113.93, 75, 14343, 1063, 715, P0, 0x0000000000000020
2026/09/19 12:20:46.934, 1, 79, 156.92, 100, 13828, 1240, 715, P0, 0x0000000000000020
2026/09/19 12:20:47.944, 0, 79, 111.28, 100, 14343, 1037, 715, P0, 0x0000000000000000
2026/09/19 12:20:47.955, 1, 80, 63.55, 87, 13828, 1227, 715, P0, 0x0000000000000000
2026/09/19 12:20:48.974, 0, 79, 52.21, 66, 14343, 1278, 715, P0, 0x0000000000000000
2026/09/19 12:20:48.977, 1, 78, 144.20, 62, 13828, 1202, 715, P0, 0x0000000000000020
2026/09/19 12:20:49.985, 0, 79, 109.30, 100, 14343, 987, 715, P0, 0x0000000000000020
2026/09/19 12:20:49.994, 1, 79, 132.30, 100, 13828, 1303, 715, P0, 0x0000000000000000
2026/09/19 12:20:51.016, 0, 79, 110.35, 100, 14343, 1050, 715, P0, 0x0000000000000020
2026/09/19 12:20:51.019, 1, 78, 56.80, 0, 13828, 1328, 715, P0, 0x0000000000000000
2026/09/19 12:20:52.031, 0, 79, 117.06, 100, 14343, 1063, 715, P0, 0x0000000000000020
2026/09/19 12:20:52.035, 1, 80, 143.90, 100, 13828, 1189, 715, P0, 0x0000000000000020
2026/09/19 12:20:53.047, 0, 79, 121.31, 100, 14343, 1101, 715, P0, 0x0000000000000020
2026/09/19 12:20:53.054, 1, 78, 56.52, 54, 13828, 1316, 715, P0, 0x0000000000000000
2026/09/19 12:20:54.059, 0, 78, 48.11, 33, 14343, 1189, 715, P0, 0x0000000000000000
2026/09/19 12:20:54.063, 1, 79, 146.29, 95, 13828, 1202, 715, P0, 0x0000000000000000
2026/09/19 12:20:55.075, 0, 79, 110.41, 100, 14343, 1075, 715, P0, 0x0000000000000020
2026/09/19 12:20:55.079, 1, 79, 98.65, 100, 13828, 1113, 715, P0, 0x0000000000000020
2026/09/19 12:20:56.088, 0, 80, 112.52, 100, 14343, 1037, 715, P0, 0x0000000000000020
2026/09/19 12:20:56.095, 1, 77, 54.63, 0, 13828, 1290, 715, P0, 0x0000000000000000
2026/09/19 12:20:57.100, 0, 79, 126.12, 100, 14343, 1139, 715, P0, 0x0000000000000000
2026/09/19 12:20:57.103, 1, 79, 137.60, 100, 13828, 1189, 715, P0, 0x0000000000000020
2026/09/19 12:20:58.111, 0, 79, 105.42, 100, 14343, 923, 715, P0, 0x0000000000000020
2026/09/19 12:20:58.115, 1, 78, 56.81, 53, 13828, 1316, 715, P0, 0x0000000000000000
2026/09/19 12:20:59.126, 0, 78, 48.13, 0, 14343, 1189, 715, P0, 0x0000000000000000
2026/09/19 12:20:59.129, 1, 79, 141.59, 95, 13828, 1240, 715, P0, 0x0000000000000000
2026/09/19 12:21:00.137, 0, 79, 116.61, 100, 14343, 1075, 715, P0, 0x0000000000000020
2026/09/19 12:21:00.140, 1, 79, 148.72, 100, 13828, 1290, 715, P0, 0x0000000000000020
2026/09/19 12:21:01.164, 0, 79, 113.22, 100, 14343, 1037, 715, P0, 0x0000000000000020
2026/09/19 12:21:01.173, 1, 77, 56.56, 0, 13828, 1328, 715, P0, 0x0000000000000000
2026/09/19 12:21:02.178, 0, 79, 124.67, 100, 14343, 1126, 715, P0, 0x0000000000000020
2026/09/19 12:21:02.181, 1, 80, 146.49, 100, 13828, 1202, 715, P0, 0x0000000000000020
2026/09/19 12:21:03.193, 0, 79, 110.67, 100, 14343, 1012, 715, P0, 0x0000000000000000
2026/09/19 12:21:03.196, 1, 78, 52.71, 0, 13828, 1252, 715, P0, 0x0000000000000000
2026/09/19 12:21:04.209, 0, 78, 147.01, 0, 14343, 1139, 715, P0, 0x0000000000000020
2026/09/19 12:21:04.213, 1, 79, 144.04, 100, 13828, 1202, 715, P0, 0x0000000000000020
2026/09/19 12:21:05.223, 0, 80, 117.23, 100, 14343, 1063, 715, P0, 0x0000000000000020
2026/09/19 12:21:05.231, 1, 79, 116.89, 100, 13828, 1227, 715, P0, 0x0000000000000000
2026/09/19 12:21:06.237, 0, 79, 95.14, 100, 14343, 999, 715, P0, 0x0000000000000000
2026/09/19 12:21:06.239, 1, 77, 51.79, 0, 13828, 1252, 715, P0, 0x0000000000000000
2026/09/19 12:21:07.252, 0, 79, 113.00, 100, 14343, 1075, 715, P0, 0x0000000000000000
2026/09/19 12:21:07.255, 1, 80, 150.60, 100, 13828, 1202, 715, P0, 0x0000000000000020
2026/09/19 12:21:08.266, 0, 79, 111.56, 100, 14343, 1025, 715, P0, 0x0000000000000020
2026/09/19 12:21:08.272, 1, 78, 55.84, 0, 13828, 1303, 715, P0, 0x0000000000000000
2026/09/19 12:21:09.278, 0, 79, 129.01, 0, 14343, 1126, 715, P0, 0x0000000000000020
2026/09/19 12:21:09.281, 1, 79, 149.95, 100, 13828, 1215, 715, P0, 0x0000000000000020
2026/09/19 12:21:10.289, 0, 79, 110.35, 100, 14343, 999, 715, P0, 0x0000000000000020
2026/09/19 12:21:10.292, 1, 79, 113.13, 100, 13828, 1189, 715, P0, 0x0000000000000000
2026/09/19 12:21:11.302, 0, 79, 48.87, 100, 14343, 1189, 715, P0, 0x0000000000000000
2026/09/19 12:21:11.308, 1, 77, 138.74, 0, 13828, 1202, 715, P0, 0x0000000000000000
2026/09/19 12:21:12.314, 0, 79, 117.58, 100, 14343, 1075, 715, P0, 0x0000000000000020
2026/09/19 12:21:12.317, 1, 79, 136.35, 100, 13828, 1189, 715, P0, 0x0000000000000000
2026/09/19 12:21:13.329, 0, 79, 110.17, 100, 14343, 999, 715, P0, 0x0000000000000020
2026/09/19 12:21:13.333, 1, 78, 57.05, 0, 13828, 1328, 715, P0, 0x0000000000000000
2026/09/19 12:21:14.342, 0, 79, 116.25, 100, 14343, 1075, 715, P0, 0x0000000000000020
2026/09/19 12:21:14.345, 1, 80, 153.36, 100, 13828, 1189, 715, P0, 0x0000000000000020
2026/09/19 12:21:15.358, 0, 79, 104.12, 100, 14343, 1075, 715, P0, 0x0000000000000000
2026/09/19 12:21:15.361, 1, 79, 75.04, 100, 13828, 1290, 715, P0, 0x0000000000000000
2026/09/19 12:21:16.371, 0, 78, 51.95, 63, 14343, 1278, 715, P0, 0x0000000000000000
2026/09/19 12:21:16.374, 1, 78, 158.02, 0, 13828, 1252, 715, P0, 0x0000000000000020
2026/09/19 12:21:17.384, 0, 79, 112.21, 100, 14343, 1012, 715, P0, 0x0000000000000020
2026/09/19 12:21:17.395, 1, 79, 109.31, 100, 13828, 1189, 715, P0, 0x0000000000000000
2026/09/19 12:21:18.412, 0, 79, 110.89, 100, 14343, 1063, 715, P0, 0x0000000000000020
2026/09/19 12:21:18.415, 1, 78, 55.60, 0, 13828, 1303, 715, P0, 0x0000000000000000
2026/09/19 12:21:19.426, 0, 79, 117.06, 87, 14343, 1075, 715, P0, 0x0000000000000020
2026/09/19 12:21:19.431, 1, 79, 149.61, 100, 13828, 1202, 715, P0, 0x0000000000000020
2026/09/19 12:21:20.450, 0, 79, 124.43, 100, 14343, 1113, 715, P0, 0x0000000000000020
2026/09/19 12:21:20.453, 1, 79, 57.24, 92, 13828, 1303, 715, P0, 0x0000000000000000
2026/09/19 12:21:21.465, 0, 78, 51.96, 71, 14343, 1252, 715, P0, 0x0000000000000000
2026/09/19 12:21:21.470, 1, 78, 148.18, 73, 13828, 1215, 715, P0, 0x0000000000000020
2026/09/19 12:21:22.480, 0, 79, 116.87, 100, 14343, 1075, 715, P0, 0x0000000000000000
2026/09/19 12:21:22.484, 1, 79, 137.71, 100, 13828, 1316, 715, P0, 0x0000000000000000
2026/09/19 12:21:23.496, 0, 79, 106.80, 100, 14343, 987, 715, P0, 0x0000000000000020
2026/09/19 12:21:23.499, 1, 78, 55.37, 0, 13828, 1303, 715, P0, 0x0000000000000000
2026/09/19 12:21:24.513, 0, 79, 110.69, 63, 14343, 1012, 715, P0, 0x0000000000000020
2026/09/19 12:21:24.516, 1, 79, 139.58, 100, 13828, 1227, 715, P0, 0x0000000000000000
2026/09/19 12:21:25.526, 0, 79, 104.40, 100, 14343, 1075, 715, P0, 0x0000000000000000
2026/09/19 12:21:25.534, 1, 79, 56.82, 100, 13828, 1290, 715, P0, 0x0000000000000000
2026/09/19 12:21:26.541, 0, 78, 51.23, 47, 14343, 1303, 715, P0, 0x0000000000000000
2026/09/19 12:21:26.544, 1, 78, 156.34, 0, 13828, 1227, 715, P0, 0x0000000000000020
2026/09/19 12:21:27.554, 0, 79, 125.05, 100, 14343, 1075, 715, P0, 0x0000000000000020
2026/09/19 12:21:27.558, 1, 79, 113.52, 100, 13828, 1189, 715, P0, 0x0000000000000000
2026/09/19 12:21:28.572, 0, 79, 108.00, 100, 14343, 1050, 715, P0, 0x0000000000000020
2026/09/19 12:21:28.575, 1, 78, 56.32, 0, 13828, 1316, 715, P0, 0x0000000000000000
2026/09/19 12:21:29.588, 0, 79, 113.69, 100, 14343, 1050, 715, P0, 0x0000000000000020
2026/09/19 12:21:29.593, 1, 80, 156.44, 100, 13828, 1227, 715, P0, 0x0000000000000020
2026/09/19 12:21:30.600, 0, 79, 100.88, 100, 14343, 1050, 715, P0, 0x0000000000000020
2026/09/19 12:21:30.603, 1, 79, 102.74, 100, 13828, 1290, 715, P0, 0x0000000000000000
2026/09/19 12:21:31.616, 0, 78, 47.86, 94, 14343, 1189, 715, P0, 0x0000000000000000
2026/09/19 12:21:31.619, 1, 78, 158.63, 55, 13828, 1252, 715, P0, 0x0000000000000020
2026/09/19 12:21:32.627, 0, 79, 117.46, 100, 14343, 1050, 715, P0, 0x0000000000000020
2026/09/19 12:21:32.634, 1, 79, 118.55, 100, 13828, 1189, 715, P0, 0x0000000000000000
2026/09/19 12:21:33.655, 0, 79, 118.04, 100, 14343, 1088, 715, P0, 0x0000000000000020
2026/09/19 12:21:33.657, 1, 78, 53.66, 0, 13828, 1265, 715, P0, 0x0000000000000000
2026/09/19 12:21:34.668, 0, 79, 123.33, 53, 14343, 1101, 715, P0, 0x0000000000000020
2026/09/19 12:21:34.673, 1, 80, 157.50, 100, 13828, 1227, 715, P0, 0x0000000000000020
2026/09/19 12:21:35.683, 0, 79, 96.87, 100, 14343, 999, 715, P0, 0x0000000000000020
2026/09/19 12:21:35.686, 1, 79, 102.77, 100, 13828, 1126, 715, P0, 0x0000000000000020
2026/09/19 12:21:36.697, 0, 78, 48.15, 100, 14343, 1189, 715, P0, 0x0000000000000000
2026/09/19 12:21:36.700, 1, 78, 129.87, 11, 13828, 1139, 715, P0, 0x0000000000000020
2026/09/19 12:21:37.715, 0, 79, 117.46, 100, 14343, 1075, 715, P0, 0x0000000000000020
2026/09/19 12:21:37.718, 1, 79, 117.56, 100, 13828, 1139, 715, P0, 0x0000000000000020
2026/09/19 12:21:38.726, 0, 79, 100.61, 100, 14343, 1025, 715, P0, 0x0000000000000000
2026/09/19 12:21:38.737, 1, 78, 55.61, 0, 13828, 1303, 715, P0, 0x0000000000000000
2026/09/19 12:21:39.741, 0, 78, 111.78, 62, 14343, 1063, 715, P0, 0x0000000000000020
2026/09/19 12:21:39.743, 1, 79, 157.65, 100, 13828, 1252, 715, P0, 0x0000000000000020
2026/09/19 12:21:40.757, 0, 79, 113.23, 100, 14343, 1037, 715, P0, 0x0000000000000020
2026/09/19 12:21:40.760, 1, 79, 118.81, 100, 13828, 1227, 715, P0, 0x0000000000000000
2026/09/19 12:21:41.774, 0, 79, 116.68, 100, 14343, 1075, 715, P0, 0x0000000000000020
2026/09/19 12:21:41.778, 1, 77, 51.02, 0, 13828, 1227, 715, P0, 0x0000000000000000
2026/09/19 12:21:42.785, 0, 79, 127.41, 100, 14343, 1113, 715, P0, 0x0000000000000020
2026/09/19 12:21:42.788, 1, 80, 150.43, 100, 13828, 1202, 715, P0, 0x0000000000000020
2026/09/19 12:21:43.800, 0, 79, 104.88, 100, 14343, 898, 715, P0, 0x0000000000000020
2026/09/19 12:21:43.803, 1, 78, 56.82, 0, 13828, 1316, 715, P0, 0x0000000000000000
2026/09/19 12:21:44.815, 0, 78, 125.26, 0, 14343, 1189, 715, P0, 0x0000000000000000
2026/09/19 12:21:44.818, 1, 79, 154.16, 100, 13828, 1252, 715, P0, 0x0000000000000000
2026/09/19 12:21:45.828, 0, 79, 114.64, 100, 14343, 1025, 715, P0, 0x0000000000000020
2026/09/19 12:21:45.837, 1, 79, 117.84, 100, 13828, 1189, 715, P0, 0x0000000000000020
2026/09/19 12:21:46.856, 0, 79, 100.13, 100, 14343, 873, 715, P0, 0x0000000000000020
2026/09/19 12:21:46.859, 1, 77, 55.86, 0, 13828, 1316, 715, P0, 0x0000000000000000
2026/09/19 12:21:47.870, 0, 79, 113.74, 100, 14343, 1050, 715, P0, 0x0000000000000000
2026/09/19 12:21:47.874, 1, 79, 141.15, 100, 13828, 1215, 715, P0, 0x0000000000000000
2026/09/19 12:21:48.883, 0, 79, 121.80, 100, 14343, 1101, 715, P0, 0x0000000000000020
2026/09/19 12:21:48.886, 1, 79, 57.97, 31, 13828, 1328, 715, P0, 0x0000000000000000
2026/09/19 12:21:49.895, 0, 78, 53.84, 64, 14343, 1290, 715, P0, 0x0000000000000000
2026/09/19 12:21:49.897, 1, 79, 170.46, 95, 13828, 1290, 715, P0, 0x0000000000000020
2026/09/19 12:21:50.905, 0, 80, 110.11, 100, 14343, 1139, 715, P0, 0x0000000000000000
2026/09/19 12:21:50.916, 1, 79, 116.17, 100, 13828, 1227, 715, P0, 0x0000000000000000
2026/09/19 12:21:51.923, 0, 79, 91.52, 100, 14343, 759, 715, P0, 0x0000000000000020
2026/09/19 12:21:51.926, 1, 78, 53.00, 0, 13828, 1252, 715, P0, 0x0000000000000000
2026/09/19 12:21:52.933, 0, 77, 47.66, 0, 14343, 1189, 715, P0, 0x0000000000000000
2026/09/19 12:21:52.936, 1, 79, 142.80, 100, 13828, 1252, 715, P0, 0x0000000000000000
2026/09/19 12:21:53.947, 0, 79, 114.45, 100, 14343, 1088, 715, P0, 0x0000000000000020
2026/09/19 12:21:53.954, 1, 79, 108.82, 100, 13828, 1164, 715, P0, 0x0000000000000020
2026/09/19 12:21:54.963, 0, 79, 113.47, 100, 14343, 1025, 715, P0, 0x0000000000000020
2026/09/19 12:21:54.966, 1, 77, 55.11, 0, 13828, 1303, 715, P0, 0x0000000000000000
2026/09/19 12:21:55.978, 0, 79, 123.33, 100, 14343, 1088, 715, P0, 0x0000000000000020
2026/09/19 12:21:55.983, 1, 79, 127.02, 100, 13828, 1189, 715, P0, 0x0000000000000000
2026/09/19 12:21:56.993, 0, 80, 120.36, 100, 14343, 1101, 715, P0, 0x0000000000000020
2026/09/19 12:21:56.996, 1, 79, 61.83, 100, 13828, 1303, 715, P0, 0x0000000000000000
2026/09/19 12:21:58.004, 0, 78, 48.58, 32, 14343, 1189, 715, P0, 0x0000000000000000
2026/09/19 12:21:58.007, 1, 79, 161.64, 31, 13828, 1265, 715, P0, 0x0000000000000000
2026/09/19 12:21:59.021, 0, 79, 123.63, 100, 14343, 1101, 715, P0, 0x0000000000000000
2026/09/19 12:21:59.024, 1, 79, 113.52, 100, 13828, 1189, 715, P0, 0x0000000000000000
2026/09/19 12:22:00.037, 0, 79, 108.66, 100, 14343, 1050, 715, P0, 0x0000000000000020
2026/09/19 12:22:00.040, 1, 78, 56.09, 0, 13828, 1316, 715, P0, 0x0000000000000000
2026/09/19 12:22:01.051, 0, 79, 126.24, 50, 14343, 1101, 715, P0, 0x0000000000000020
2026/09/19 12:22:01.057, 1, 79, 138.94, 100, 13828, 1177, 715, P0, 0x0000000000000020
2026/09/19 12:22:02.063, 0, 79, 123.39, 100, 14343, 1088, 715, P0, 0x0000000000000020
2026/09/19 12:22:02.066, 1, 79, 113.76, 100, 13828, 1189, 715, P0, 0x0000000000000000
2026/09/19 12:22:03.083, 0, 79, 51.45, 100, 14343, 1189, 715, P0, 0x0000000000000000
2026/09/19 12:22:03.086, 1, 78, 165.33, 17, 13828, 1265, 715, P0, 0x0000000000000020
2026/09/19 12:22:04.099, 0, 79, 116.84, 100, 14343, 1063, 715, P0, 0x0000000000000020
2026/09/19 12:22:04.102, 1, 79, 142.09, 100, 13828, 1177, 715, P0, 0x0000000000000020
2026/09/19 12:22:05.110, 0, 79, 118.51, 100, 14343, 1075, 715, P0, 0x0000000000000000
2026/09/19 12:22:05.113, 1, 78, 56.55, 0, 13828, 1316, 715, P0, 0x0000000000000000
2026/09/19 12:22:06.121, 0, 78, 105.53, 0, 14343, 1189, 715, P0, 0x0000000000000000
2026/09/19 12:22:06.124, 1, 79, 170.43, 100, 13828, 1303, 715, P0, 0x0000000000000000
2026/09/19 12:22:07.134, 0, 79, 123.09, 100, 14343, 1075, 715, P0, 0x0000000000000020
2026/09/19 12:22:07.138, 1, 79, 122.11, 100, 13828, 1202, 715, P0, 0x0000000000000020
2026/09/19 12:22:08.152, 0, 79, 103.75, 100, 14343, 923, 715, P0, 0x0000000000000020
2026/09/19 12:22:08.155, 1, 77, 52.51, 0, 13828, 1265, 715, P0, 0x0000000000000000
2026/09/19 12:22:09.165, 0, 79, 117.47, 100, 14343, 1063, 715, P0, 0x0000000000000020
2026/09/19 12:22:09.171, 1, 79, 145.57, 100, 13828, 1227, 715, P0, 0x0000000000000020
2026/09/19 12:22:10.183, 0, 79, 119.18, 100, 14343, 1101, 715, P0, 0x0000000000000020
2026/09/19 12:22:10.190, 1, 79, 56.77, 83, 13828, 1316, 715, P0, 0x0000000000000000
2026/09/19 12:22:11.196, 0, 78, 52.91, 44, 14343, 1303, 715, P0, 0x0000000000000000
2026/09/19 12:22:11.199, 1, 79, 155.49, 31, 13828, 1240, 715, P0, 0x0000000000000020
2026/09/19 12:22:12.212, 0, 79, 116.75, 100, 14343, 1050, 715, P0, 0x0000000000000020
2026/09/19 12:22:12.215, 1, 79, 112.58, 100, 13828, 1189, 715, P0, 0x0000000000000000
2026/09/19 12:22:13.227, 0, 79, 122.54, 100, 14343, 1113, 715, P0, 0x0000000000000020
2026/09/19 12:22:13.230, 1, 78, 55.58, 0, 13828, 1303, 715, P0, 0x0000000000000000
2026/09/19 12:22:14.237, 0, 79, 129.36, 37, 14343, 1139, 715, P0, 0x0000000000000020
2026/09/19 12:22:14.240, 1, 79, 140.11, 100, 13828, 1189, 715, P0, 0x0000000000000020
2026/09/19 12:22:15.252, 0, 79, 112.41, 100, 14343, 1025, 715, P0, 0x0000000000000020
2026/09/19 12:22:15.255, 1, 80, 125.93, 100, 13828, 1265, 715, P0, 0x0000000000000000
2026/09/19 12:22:16.268, 0, 79, 101.15, 100, 14343, 1063, 715, P0, 0x0000000000000000
2026/09/19 12:22:16.271, 1, 77, 55.60, 0, 13828, 1316, 715, P0, 0x0000000000000000
2026/09/19 12:22:17.281, 0, 77, 47.42, 0, 14343, 1189, 715, P0, 0x0000000000000000
2026/09/19 12:22:17.286, 1, 79, 136.18, 100, 13828, 1164, 715, P0, 0x0000000000000020
2026/09/19 12:22:18.293, 0, 78, 146.63, 8, 14343, 1189, 715, P0, 0x0000000000000000
2026/09/19 12:22:18.296, 1, 78, 56.68, 60, 13828, 1316, 715, P0, 0x0000000000000000
2026/09/19 12:22:19.306, 0, 79, 111.14, 100, 14343, 999, 715, P0, 0x0000000000000020
2026/09/19 12:22:19.310, 1, 77, 55.35, 0, 13828, 1316, 715, P0, 0x0000000000000000
2026/09/19 12:22:20.319, 0, 79, 60.17, 100, 14343, 1189, 715, P0, 0x0000000000000000
2026/09/19 12:22:20.327, 1, 77, 150.58, 9, 13828, 1316, 715, P0, 0x0000000000000000
2026/09/19 12:22:21.332, 0, 77, 47.21, 0, 14343, 1189, 715, P0, 0x0000000000000000
2026/09/19 12:22:21.335, 1, 80, 120.09, 100, 13828, 1177, 715, P0, 0x0000000000000000
2026/09/19 12:22:22.360, 0, 79, 188.01, 100, 14343, 1328, 715, P0, 0x0000000000000000
2026/09/19 12:22:22.366, 1, 78, 56.11, 0, 13828, 1316, 715, P0, 0x0000000000000000
2026/09/19 12:22:23.372, 0, 79, 111.31, 100, 14343, 1075, 715, P0, 0x0000000000000020
2026/09/19 12:22:23.375, 1, 77, 55.35, 0, 13828, 1316, 715, P0, 0x0000000000000000
2026/09/19 12:22:24.382, 0, 78, 48.07, 28, 14343, 1189, 715, P0, 0x0000000000000000
2026/09/19 12:22:24.386, 1, 78, 178.47, 63, 13828, 1328, 715, P0, 0x0000000000000000
2026/09/19 12:22:25.398, 0, 79, 126.85, 100, 14343, 1088, 715, P0, 0x0000000000000020
2026/09/19 12:22:25.401, 1, 79, 129.14, 100, 13828, 1290, 715, P0, 0x0000000000000000
2026/09/19 12:22:26.411, 0, 79, 127.49, 100, 14343, 1139, 715, P0, 0x0000000000000020
2026/09/19 12:22:26.414, 1, 77, 56.75, 0, 13828, 1328, 715, P0, 0x0000000000000000
2026/09/19 12:22:27.425, 0, 79, 116.94, 100, 14343, 1075, 715, P0, 0x0000000000000020
2026/09/19 12:22:27.430, 1, 80, 168.73, 100, 13828, 1278, 715, P0, 0x0000000000000020
2026/09/19 12:22:28.442, 0, 79, 118.17, 100, 14343, 1063, 715, P0, 0x0000000000000020
2026/09/19 12:22:28.449, 1, 80, 120.23, 100, 13828, 1303, 715, P0, 0x0000000000000000
2026/09/19 12:22:29.456, 0, 79, 49.06, 100, 14343, 1189, 715, P0, 0x0000000000000000
2026/09/19 12:22:29.459, 1, 78, 145.09, 0, 13828, 1215, 715, P0, 0x0000000000000020
2026/09/19 12:22:30.470, 0, 79, 128.39, 100, 14343, 1113, 715, P0, 0x0000000000000020
2026/09/19 12:22:30.473, 1, 79, 140.14, 100, 13828, 1177, 715, P0, 0x0000000000000020
2026/09/19 12:22:31.486, 0, 79, 110.65, 100, 14343, 999, 715, P0, 0x0000000000000020
2026/09/19 12:22:31.489, 1, 78, 57.05, 0, 13828, 1328, 715, P0, 0x0000000000000000
2026/09/19 12:22:32.501, 0, 78, 47.90, 0, 14343, 1189, 715, P0, 0x0000000000000000
2026/09/19 12:22:32.504, 1, 79, 134.27, 100, 13828, 1189, 715, P0, 0x0000000000000000
2026/09/19 12:22:33.517, 0, 77, 46.95, 0, 14343, 1189, 715, P0, 0x0000000000000000
2026/09/19 12:22:33.520, 1, 79, 123.66, 100, 13828, 1290, 715, P0, 0x0000000000000000
2026/09/19 12:22:34.534, 0, 78, 81.89, 44, 14343, 1328, 715, P0, 0x0000000000000000
2026/09/19 12:22:34.537, 1, 79, 128.41, 51, 13828, 1328, 715, P0, 0x0000000000000000
2026/09/19 12:22:35.544, 0, 78, 87.56, 42, 14343, 1328, 715, P0, 0x0000000000000000
2026/09/19 12:22:35.547, 1, 79, 109.50, 51, 13828, 1328, 715, P0, 0x0000000000000000
2026/09/19 12:22:36.554, 0, 78, 115.62, 43, 14343, 1328, 715, P0, 0x0000000000000000
2026/09/19 12:22:36.557, 1, 78, 93.56, 51, 13828, 1328, 715, P0, 0x0000000000000000
2026/09/19 12:22:37.565, 0, 78, 132.05, 42, 14343, 1328, 715, P0, 0x0000000000000000
2026/09/19 12:22:37.568, 1, 79, 88.03, 51, 13828, 1328, 715, P0, 0x0000000000000000
2026/09/19 12:22:38.574, 0, 80, 174.42, 100, 14343, 1316, 715, P0, 0x0000000000000000
2026/09/19 12:22:38.578, 1, 77, 59.26, 0, 13828, 1328, 715, P0, 0x0000000000000000
2026/09/19 12:22:39.591, 0, 79, 108.24, 100, 14343, 987, 715, P0, 0x0000000000000020
2026/09/19 12:22:39.594, 1, 77, 58.97, 0, 13828, 1328, 715, P0, 0x0000000000000000
2026/09/19 12:22:40.607, 0, 78, 48.06, 0, 14343, 1189, 715, P0, 0x0000000000000000
2026/09/19 12:22:40.610, 1, 79, 189.34, 100, 13828, 1328, 715, P0, 0x0000000000000000
2026/09/19 12:22:41.621, 0, 79, 123.45, 100, 14343, 1101, 715, P0, 0x0000000000000020
2026/09/19 12:22:41.626, 1, 79, 120.61, 100, 13828, 1290, 715, P0, 0x0000000000000000
2026/09/19 12:22:42.636, 0, 79, 114.92, 100, 14343, 1050, 715, P0, 0x0000000000000020
2026/09/19 12:22:42.646, 1, 77, 54.39, 0, 13828, 1290, 715, P0, 0x0000000000000000
2026/09/19 12:22:43.653, 0, 79, 123.60, 100, 14343, 1088, 715, P0, 0x0000000000000020
2026/09/19 12:22:43.656, 1, 79, 150.88, 100, 13828, 1240, 715, P0, 0x0000000000000000
2026/09/19 12:22:44.664, 0, 79, 132.39, 100, 14343, 1126, 715, P0, 0x0000000000000020
2026/09/19 12:22:44.667, 1, 79, 56.96, 100, 13828, 1328, 715, P0, 0x0000000000000000
2026/09/19 12:22:45.679, 0, 78, 53.12, 56, 14343, 1290, 715, P0, 0x0000000000000000
2026/09/19 12:22:45.683, 1, 79, 161.99, 41, 13828, 1265, 715, P0, 0x0000000000000000
2026/09/19 12:22:46.692, 0, 79, 123.40, 100, 14343, 1101, 715, P0, 0x0000000000000000
2026/09/19 12:22:46.695, 1, 79, 110.95, 100, 13828, 1189, 715, P0, 0x0000000000000000
2026/09/19 12:22:47.709, 0, 79, 110.40, 100, 14343, 1050, 715, P0, 0x0000000000000020
2026/09/19 12:22:47.712, 1, 78, 56.08, 0, 13828, 1316, 715, P0, 0x0000000000000000
2026/09/19 12:22:48.722, 0, 78, 118.24, 0, 14343, 1101, 715, P0, 0x0000000000000020
2026/09/19 12:22:48.726, 1, 79, 157.02, 100, 13828, 1240, 715, P0, 0x0000000000000020
2026/09/19 12:22:49.739, 0, 79, 117.60, 100, 14343, 1075, 715, P0, 0x0000000000000020
2026/09/19 12:22:49.745, 1, 79, 134.60, 100, 13828, 1290, 715, P0, 0x0000000000000020
2026/09/19 12:22:50.752, 0, 79, 103.26, 100, 14343, 873, 715, P0, 0x0000000000000020
2026/09/19 12:22:50.755, 1, 77, 54.89, 0, 13828, 1303, 715, P0, 0x0000000000000000
2026/09/19 12:22:51.765, 0, 79, 115.19, 100, 14343, 1063, 715, P0, 0x0000000000000020
2026/09/19 12:22:51.767, 1, 80, 138.83, 100, 13828, 1177, 715, P0, 0x0000000000000020
2026/09/19 12:22:52.784, 0, 79, 113.06, 100, 14343, 1063, 715, P0, 0x0000000000000020
2026/09/19 12:22:52.787, 1, 78, 52.94, 18, 13828, 1240, 715, P0, 0x0000000000000000
2026/09/19 12:22:53.796, 0, 78, 48.37, 25, 14343, 1189, 715, P0, 0x0000000000000000
2026/09/19 12:22:53.802, 1, 78, 147.73, 75, 13828, 1215, 715, P0, 0x0000000000000020
2026/09/19 12:22:54.811, 0, 79, 121.67, 100, 14343, 1075, 715, P0, 0x0000000000000020
2026/09/19 12:22:54.814, 1, 79, 131.29, 100, 13828, 1215, 715, P0, 0x0000000000000000
2026/09/19 12:22:55.825, 0, 79, 110.65, 100, 14343, 1063, 715, P0, 0x0000000000000020
2026/09/19 12:22:55.828, 1, 78, 56.57, 0, 13828, 1316, 715, P0, 0x0000000000000000
2026/09/19 12:22:56.836, 0, 78, 155.05, 0, 14343, 1139, 715, P0, 0x0000000000000020
2026/09/19 12:22:56.845, 1, 79, 163.62, 100, 13828, 1290, 715, P0, 0x0000000000000020
2026/09/19 12:22:57.849, 0, 79, 121.10, 100, 14343, 1088, 715, P0, 0x0000000000000020
2026/09/19 12:22:57.851, 1, 79, 133.91, 100, 13828, 1290, 715, P0, 0x0000000000000020
2026/09/19 12:22:58.864, 0, 79, 114.20, 100, 14343, 1050, 715, P0, 0x0000000000000020
2026/09/19 12:22:58.867, 1, 77, 51.26, 0, 13828, 1227, 715, P0, 0x0000000000000000
2026/09/19 12:22:59.877, 0, 79, 123.95, 100, 14343, 1101, 715, P0, 0x0000000000000000
2026/09/19 12:22:59.883, 1, 79, 138.01, 100, 13828, 1189, 715, P0, 0x0000000000000000
2026/09/19 12:23:00.894, 0, 80, 127.73, 100, 14343, 1151, 715, P0, 0x0000000000000020
2026/09/19 12:23:00.902, 1, 79, 56.99, 100, 13828, 1265, 715, P0, 0x0000000000000000
2026/09/19 12:23:01.910, 0, 78, 47.62, 100, 14343, 1189, 715, P0, 0x0000000000000000
2026/09/19 12:23:01.913, 1, 78, 157.19, 0, 13828, 1252, 715, P0, 0x0000000000000020
2026/09/19 12:23:02.926, 0, 79, 117.58, 100, 14343, 1075, 715, P0, 0x0000000000000020
2026/09/19 12:23:02.929, 1, 79, 134.64, 100, 13828, 1189, 715, P0, 0x0000000000000000
2026/09/19 12:23:03.941, 0, 79, 118.03, 100, 14343, 1063, 715, P0, 0x0000000000000020
2026/09/19 12:23:03.944, 1, 78, 56.55, 0, 13828, 1316, 715, P0, 0x0000000000000000
2026/09/19 12:23:04.957, 0, 78, 49.34, 0, 14343, 1227, 715, P0, 0x0000000000000000
2026/09/19 12:23:04.960, 1, 79, 139.52, 100, 13828, 1189, 715, P0, 0x0000000000000000
2026/09/19 12:23:05.975, 0, 79, 124.37, 100, 14343, 1113, 715, P0, 0x0000000000000020
2026/09/19 12:23:05.985, 1, 80, 136.00, 100, 13828, 1328, 715, P0, 0x0000000000000000
2026/09/19 12:23:07.001, 0, 79, 117.32, 100, 14343, 1063, 715, P0, 0x0000000000000020
2026/09/19 12:23:07.005, 1, 77, 52.69, 0, 13828, 1252, 715, P0, 0x0000000000000000
2026/09/19 12:23:08.020, 0, 79, 130.07, 100, 14343, 1113, 715, P0, 0x0000000000000020
2026/09/19 12:23:08.023, 1, 79, 143.64, 100, 13828, 1227, 715, P0, 0x0000000000000000
2026/09/19 12:23:09.034, 0, 79, 106.09, 100, 14343, 1088, 715, P0, 0x0000000000000000
2026/09/19 12:23:09.045, 1, 79, 112.90, 100, 13828, 1265, 715, P0, 0x0000000000000000
2026/09/19 12:23:10.049, 0, 79, 50.74, 100, 14343, 1189, 715, P0, 0x0000000000000000
2026/09/19 12:23:10.052, 1, 78, 164.89, 0, 13828, 1290, 715, P0, 0x0000000000000020
2026/09/19 12:23:11.063, 0, 79, 122.74, 100, 14343, 1101, 715, P0, 0x0000000000000020
2026/09/19 12:23:11.067, 1, 80, 142.54, 100, 13828, 1151, 715, P0, 0x0000000000000020
2026/09/19 12:23:12.080, 0, 79, 111.37, 100, 14343, 1025, 715, P0, 0x0000000000000020
2026/09/19 12:23:12.083, 1, 78, 54.88, 1, 13828, 1278, 715, P0, 0x0000000000000000
2026/09/19 12:23:13.091, 0, 78, 54.18, 0, 14343, 1303, 715, P0, 0x0000000000000000
2026/09/19 12:23:13.097, 1, 79, 131.66, 100, 13828, 1189, 715, P0, 0x0000000000000000
2026/09/19 12:23:14.105, 0, 79, 126.58, 100, 14343, 1139, 715, P0, 0x0000000000000000
2026/09/19 12:23:14.108, 1, 79, 121.32, 100, 13828, 1240, 715, P0, 0x0000000000000000
2026/09/19 12:23:15.121, 0, 79, 111.88, 100, 14343, 1063, 715, P0, 0x0000000000000020
2026/09/19 12:23:15.123, 1, 78, 52.23, 0, 13828, 1252, 715, P0, 0x0000000000000000
2026/09/19 12:23:16.133, 0, 79, 117.76, 28, 14343, 1075, 715, P0, 0x0000000000000020
2026/09/19 12:23:16.140, 1, 79, 152.38, 100, 13828, 1215, 715, P0, 0x0000000000000020
2026/09/19 12:23:17.162, 0, 79, 124.95, 100, 14343, 1075, 715, P0, 0x0000000000000020
2026/09/19 12:23:17.167, 1, 79, 128.66, 100, 13828, 1265, 715, P0, 0x0000000000000000
2026/09/19 12:23:18.174, 0, 79, 104.22, 100, 14343, 923, 715, P0, 0x0000000000000020
2026/09/19 12:23:18.181, 1, 77, 55.84, 0, 13828, 1316, 715, P0, 0x0000000000000000
2026/09/19 12:23:19.192, 0, 79, 100.53, 100, 14343, 1063, 715, P0, 0x0000000000000000
2026/09/19 12:23:19.201, 1, 79, 131.82, 100, 13828, 1139, 715, P0, 0x0000000000000020
2026/09/19 12:23:20.221, 0, 79, 116.60, 100, 14343, 1075, 715, P0, 0x0000000000000020
2026/09/19 12:23:20.224, 1, 79, 56.81, 87, 13828, 1303, 715, P0, 0x0000000000000000
2026/09/19 12:23:21.234, 0, 78, 53.41, 65, 14343, 1290, 715, P0, 0x0000000000000000
2026/09/19 12:23:21.237, 1, 78, 146.99, 47, 13828, 1202, 715, P0, 0x0000000000000020
2026/09/19 12:23:22.247, 0, 79, 122.62, 100, 14343, 1088, 715, P0, 0x0000000000000020
2026/09/19 12:23:22.250, 1, 80, 128.94, 100, 13828, 1189, 715, P0, 0x0000000000000000
2026/09/19 12:23:23.265, 0, 79, 110.19, 100, 14343, 999, 715, P0, 0x0000000000000000
2026/09/19 12:23:23.268, 1, 78, 52.47, 0, 13828, 1240, 715, P0, 0x0000000000000000
2026/09/19 12:23:24.275, 0, 78, 48.14, 0, 14343, 1189, 715, P0, 0x0000000000000000
2026/09/19 12:23:24.278, 1, 79, 138.72, 100, 13828, 1215, 715, P0, 0x0000000000000000
2026/09/19 12:23:25.288, 0, 79, 118.09, 100, 14343, 1113, 715, P0, 0x0000000000000000
2026/09/19 12:23:25.291, 1, 79, 127.00, 100, 13828, 1265, 715, P0, 0x0000000000000000
2026/09/19 12:23:26.303, 0, 79, 90.62, 100, 14343, 923, 715, P0, 0x0000000000000000
2026/09/19 12:23:26.306, 1, 77, 49.39, 0, 13828, 1189, 715, P0, 0x0000000000000000
2026/09/19 12:23:27.316, 0, 78, 53.19, 0, 14343, 1290, 715, P0, 0x0000000000000000
2026/09/19 12:23:27.319, 1, 78, 129.78, 100, 13828, 1189, 715, P0, 0x0000000000000000
2026/09/19 12:23:28.332, 0, 79, 98.85, 100, 14343, 1025, 715, P0, 0x0000000000000000
2026/09/19 12:23:28.341, 1, 79, 142.07, 100, 13828, 1316, 715, P0, 0x0000000000000000
2026/09/19 12:23:29.348, 0, 79, 111.37, 100, 14343, 1050, 715, P0, 0x0000000000000020
2026/09/19 12:23:29.361, 1, 77, 56.80, 0, 13828, 1316, 715, P0, 0x0000000000000000
2026/09/19 12:23:30.367, 0, 78, 119.04, 65, 14343, 1101, 715, P0, 0x0000000000000020
2026/09/19 12:23:30.370, 1, 80, 164.07, 100, 13828, 1265, 715, P0, 0x0000000000000000
2026/09/19 12:23:31.380, 0, 79, 117.23, 100, 14343, 1050, 715, P0, 0x0000000000000020
2026/09/19 12:23:31.383, 1, 79, 111.20, 100, 13828, 1177, 715, P0, 0x0000000000000000
2026/09/19 12:23:32.395, 0, 80, 119.17, 100, 14343, 1063, 715, P0, 0x0000000000000020
2026/09/19 12:23:32.398, 1, 77, 55.82, 0, 13828, 1316, 715, P0, 0x0000000000000000
2026/09/19 12:23:33.406, 0, 79, 132.38, 100, 14343, 1139, 715, P0, 0x0000000000000000
2026/09/19 12:23:33.409, 1, 79, 142.50, 100, 13828, 1227, 715, P0, 0x0000000000000000
2026/09/19 12:23:34.419, 0, 79, 122.00, 100, 14343, 1101, 715, P0, 0x0000000000000020
2026/09/19 12:23:34.421, 1, 79, 67.58, 99, 13828, 1290, 715, P0, 0x0000000000000000
2026/09/19 12:23:35.432, 0, 79, 48.09, 85, 14343, 1189, 715, P0, 0x0000000000000000
2026/09/19 12:23:35.438, 1, 78, 159.00, 33, 13828, 1252, 715, P0, 0x0000000000000020
2026/09/19 12:23:36.445, 0, 79, 114.46, 100, 14343, 1050, 715, P0, 0x0000000000000020
2026/09/19 12:23:36.448, 1, 80, 140.50, 100, 13828, 1177, 715, P0, 0x0000000000000020
2026/09/19 12:23:37.459, 0, 79, 114.43, 100, 14343, 1050, 715, P0, 0x0000000000000020
2026/09/19 12:23:37.463, 1, 78, 56.80, 0, 13828, 1316, 715, P0, 0x0000000000000000
2026/09/19 12:23:38.468, 0, 78, 48.14, 0, 14343, 1189, 715, P0, 0x0000000000000000
2026/09/19 12:23:38.471, 1, 79, 146.06, 100, 13828, 1202, 715, P0, 0x0000000000000000
2026/09/19 12:23:39.483, 0, 79, 113.39, 100, 14343, 1037, 715, P0, 0x0000000000000020
2026/09/19 12:23:39.486, 1, 79, 120.88, 100, 13828, 1240, 715, P0, 0x0000000000000000
2026/09/19 12:23:40.495, 0, 79, 103.48, 100, 14343, 1037, 715, P0, 0x0000000000000020
2026/09/19 12:23:40.498, 1, 78, 56.33, 0, 13828, 1316, 715, P0, 0x0000000000000000
2026/09/19 12:23:41.512, 0, 78, 139.35, 0, 14343, 1189, 715, P0, 0x0000000000000020
2026/09/19 12:23:41.515, 1, 79, 172.13, 100, 13828, 1303, 715, P0, 0x0000000000000020
2026/09/19 12:23:42.525, 0, 80, 130.19, 100, 14343, 1101, 715, P0, 0x0000000000000020
2026/09/19 12:23:42.535, 1, 79, 137.07, 100, 13828, 1328, 715, P0, 0x0000000000000000
2026/09/19 12:23:43.541, 0, 79, 114.19, 100, 14343, 1050, 715, P0, 0x0000000000000020
2026/09/19 12:23:43.545, 1, 77, 56.07, 0, 13828, 1316, 715, P0, 0x0000000000000000
2026/09/19 12:23:44.556, 0, 79, 124.67, 85, 14343, 1101, 715, P0, 0x0000000000000020
2026/09/19 12:23:44.559, 1, 80, 129.80, 100, 13828, 1189, 715, P0, 0x0000000000000020
2026/09/19 12:23:45.570, 0, 79, 109.38, 100, 14343, 987, 715, P0, 0x0000000000000000
2026/09/19 12:23:45.576, 1, 79, 124.02, 100, 13828, 1240, 715, P0, 0x0000000000000000
2026/09/19 12:23:46.583, 0, 79, 90.61, 100, 14343, 1012, 715, P0, 0x0000000000000000
2026/09/19 12:23:46.586, 1, 77, 55.90, 0, 13828, 1316, 715, P0, 0x0000000000000000
2026/09/19 12:23:47.599, 0, 79, 127.20, 100, 14343, 1126, 715, P0, 0x0000000000000020
2026/09/19 12:23:47.601, 1, 80, 149.71, 100, 13828, 1215, 715, P0, 0x0000000000000020
2026/09/19 12:23:48.616, 0, 79, 102.29, 100, 14343, 999, 715, P0, 0x0000000000000020
2026/09/19 12:23:48.618, 1, 79, 56.31, 100, 13828, 1290, 715, P0, 0x0000000000000000
2026/09/19 12:23:49.628, 0, 79, 109.22, 100, 14343, 1025, 715, P0, 0x0000000000000020
2026/09/19 12:23:49.637, 1, 77, 54.39, 0, 13828, 1290, 715, P0, 0x0000000000000000
2026/09/19 12:23:50.656, 0, 79, 113.11, 100, 14343, 1063, 715, P0, 0x0000000000000020
2026/09/19 12:23:50.659, 1, 79, 130.09, 100, 13828, 1139, 715, P0, 0x0000000000000020
2026/09/19 12:23:51.669, 0, 79, 107.55, 100, 14343, 1063, 715, P0, 0x0000000000000000
2026/09/19 12:23:51.677, 1, 78, 50.81, 26, 13828, 1189, 715, P0, 0x0000000000000000
2026/09/19 12:23:52.686, 0, 78, 51.95, 77, 14343, 1265, 715, P0, 0x0000000000000000
2026/09/19 12:23:52.691, 1, 78, 144.20, 53, 13828, 1177, 715, P0, 0x0000000000000020
2026/09/19 12:23:53.713, 0, 79, 117.32, 100, 14343, 1075, 715, P0, 0x0000000000000020
2026/09/19 12:23:53.716, 1, 80, 141.37, 100, 13828, 1189, 715, P0, 0x0000000000000020
2026/09/19 12:23:54.722, 0, 79, 105.13, 100, 14343, 923, 715, P0, 0x0000000000000020
2026/09/19 12:23:54.725, 1, 78, 56.81, 0, 13828, 1316, 715, P0, 0x0000000000000000
2026/09/19 12:23:55.736, 0, 78, 48.10, 10, 14343, 1189, 715, P0, 0x0000000000000000
2026/09/19 12:23:55.739, 1, 79, 157.67, 100, 13828, 1240, 715, P0, 0x0000000000000020
2026/09/19 12:23:56.749, 0, 79, 117.72, 100, 14343, 1075, 715, P0, 0x0000000000000000
2026/09/19 12:23:56.753, 1, 79, 109.52, 100, 13828, 1189, 715, P0, 0x0000000000000000
2026/09/19 12:23:57.760, 0, 80, 104.94, 100, 14343, 1113, 715, P0, 0x0000000000000000
2026/09/19 12:23:57.763, 1, 78, 54.40, 0, 13828, 1278, 715, P0, 0x0000000000000000
2026/09/19 12:23:58.775, 0, 77, 97.08, 11, 14343, 1189, 715, P0, 0x0000000000000000
2026/09/19 12:23:58.778, 1, 79, 151.37, 100, 13828, 1252, 715, P0, 0x0000000000000020
2026/09/19 12:23:59.784, 0, 79, 116.39, 100, 14343, 1101, 715, P0, 0x0000000000000020
2026/09/19 12:23:59.791, 1, 79, 134.60, 100, 13828, 1290, 715, P0, 0x0000000000000020
2026/09/19 12:24:00.797, 0, 79, 121.10, 100, 14343, 1101, 715, P0, 0x0000000000000020
2026/09/19 12:24:00.800, 1, 77, 51.48, 0, 13828, 1227, 715, P0, 0x0000000000000000
2026/09/19 12:24:01.810, 0, 79, 127.65, 97, 14343, 1101, 715, P0, 0x0000000000000020
2026/09/19 12:24:01.813, 1, 79, 149.02, 100, 13828, 1202, 715, P0, 0x0000000000000020
2026/09/19 12:24:02.824, 0, 79, 114.56, 100, 14343, 1037, 715, P0, 0x0000000000000020
2026/09/19 12:24:02.831, 1, 79, 134.60, 100, 13828, 1290, 715, P0, 0x0000000000000020
2026/09/19 12:24:03.840, 0, 79, 114.45, 100, 14343, 1050, 715, P0, 0x0000000000000000
2026/09/19 12:24:03.843, 1, 77, 50.54, 0, 13828, 1215, 715, P0, 0x0000000000000000
2026/09/19 12:24:04.855, 0, 79, 123.23, 100, 14343, 1101, 715, P0, 0x0000000000000000
2026/09/19 12:24:04.858, 1, 79, 142.22, 100, 13828, 1252, 715, P0, 0x0000000000000020
2026/09/19 12:24:05.870, 0, 79, 96.70, 100, 14343, 1050, 715, P0, 0x0000000000000000
2026/09/19 12:24:05.876, 1, 79, 132.68, 100, 13828, 1278, 715, P0, 0x0000000000000020
2026/09/19 12:24:06.885, 0, 79, 117.00, 100, 14343, 1075, 715, P0, 0x0000000000000020
2026/09/19 12:24:06.895, 1, 77, 55.59, 0, 13828, 1316, 715, P0, 0x0000000000000000
2026/09/19 12:24:07.902, 0, 79, 125.38, 100, 14343, 1113, 715, P0, 0x0000000000000020
2026/09/19 12:24:07.906, 1, 80, 138.95, 100, 13828, 1177, 715, P0, 0x0000000000000020
2026/09/19 12:24:08.913, 0, 79, 79.80, 100, 14343, 632, 715, P0, 0x0000000000000000
2026/09/19 12:24:08.919, 1, 78, 56.65, 50, 13828, 1316, 715, P0, 0x0000000000000000
2026/09/19 12:24:09.930, 0, 78, 91.75, 100, 14343, 759, 715, P0, 0x0000000000000020
2026/09/19 12:24:09.936, 1, 77, 56.35, 0, 13828, 1316, 715, P0, 0x0000000000000000
2026/09/19 12:24:10.946, 0, 79, 110.44, 98, 14343, 1025, 715, P0, 0x0000000000000000
2026/09/19 12:24:10.953, 1, 80, 141.62, 100, 13828, 1240, 715, P0, 0x0000000000000000
2026/09/19 12:24:11.959, 0, 79, 110.68, 100, 14343, 1025, 715, P0, 0x0000000000000000
2026/09/19 12:24:11.963, 1, 79, 103.39, 100, 13828, 1139, 715, P0, 0x0000000000000020
2026/09/19 12:24:12.973, 0, 79, 110.67, 100, 14343, 1025, 715, P0, 0x0000000000000000
2026/09/19 12:24:12.976, 1, 77, 49.36, 0, 13828, 1189, 715, P0, 0x0000000000000000
2026/09/19 12:24:13.983, 0, 79, 125.39, 100, 14343, 1075, 715, P0, 0x0000000000000020
2026/09/19 12:24:13.993, 1, 79, 127.18, 100, 13828, 1189, 715, P0, 0x0000000000000000
2026/09/19 12:24:15.000, 0, 79, 118.07, 100, 14343, 1063, 715, P0, 0x0000000000000020
2026/09/19 12:24:15.004, 1, 80, 141.43, 100, 13828, 1328, 715, P0, 0x0000000000000000
2026/09/19 12:24:16.015, 0, 79, 98.98, 100, 14343, 1050, 715, P0, 0x0000000000000000
2026/09/19 12:24:16.018, 1, 77, 56.33, 0, 13828, 1316, 715, P0, 0x0000000000000000
2026/09/19 12:24:17.031, 0, 79, 122.15, 100, 14343, 1101, 715, P0, 0x0000000000000020
2026/09/19 12:24:17.035, 1, 79, 122.02, 100, 13828, 1101, 715, P0, 0x0000000000000020
2026/09/19 12:24:18.043, 0, 79, 118.21, 100, 14343, 1075, 715, P0, 0x0000000000000020
2026/09/19 12:24:18.054, 1, 79, 54.63, 100, 13828, 1252, 715, P0, 0x0000000000000000
2026/09/19 12:24:19.061, 0, 78, 48.11, 95, 14343, 1189, 715, P0, 0x0000000000000000
2026/09/19 12:24:19.064, 1, 78, 148.69, 0, 13828, 1227, 715, P0, 0x0000000000000020
2026/09/19 12:24:20.076, 0, 79, 133.27, 100, 14343, 1139, 715, P0, 0x0000000000000020
2026/09/19 12:24:20.081, 1, 80, 152.94, 100, 13828, 1202, 715, P0, 0x0000000000000020
2026/09/19 12:24:21.087, 0, 79, 110.59, 100, 14343, 1012, 715, P0, 0x0000000000000020
2026/09/19 12:24:21.091, 1, 78, 57.74, 0, 13828, 1328, 715, P0, 0x0000000000000000
2026/09/19 12:24:22.099, 0, 78, 48.34, 38, 14343, 1189, 715, P0, 0x0000000000000000
2026/09/19 12:24:22.103, 1, 79, 162.33, 100, 13828, 1265, 715, P0, 0x0000000000000020
2026/09/19 12:24:23.111, 0, 79, 117.93, 100, 14343, 1075, 715, P0, 0x0000000000000020
2026/09/19 12:24:23.113, 1, 79, 122.28, 100, 13828, 1189, 715, P0, 0x0000000000000000
2026/09/19 12:24:24.125, 0, 80, 117.08, 100, 14343, 1050, 715, P0, 0x0000000000000020
2026/09/19 12:24:24.130, 1, 78, 53.90, 0, 13828, 1265, 715, P0, 0x0000000000000000
2026/09/19 12:24:25.140, 0, 78, 52.19, 0, 14343, 1265, 715, P0, 0x0000000000000000
2026/09/19 12:24:25.143, 1, 79, 153.57, 100, 13828, 1227, 715, P0, 0x0000000000000020
2026/09/19 12:24:26.152, 0, 79, 118.11, 100, 14343, 1075, 715, P0, 0x0000000000000000
2026/09/19 12:24:26.156, 1, 79, 84.33, 100, 13828, 1012, 715, P0, 0x0000000000000000
2026/09/19 12:24:27.165, 0, 79, 103.98, 100, 14343, 898, 715, P0, 0x0000000000000020
2026/09/19 12:24:27.171, 1, 78, 55.61, 0, 13828, 1303, 715, P0, 0x0000000000000000
2026/09/19 12:24:28.177, 0, 78, 51.06, 0, 14343, 1240, 715, P0, 0x0000000000000000
2026/09/19 12:24:28.179, 1, 78, 113.21, 100, 13828, 1139, 715, P0, 0x0000000000000000
2026/09/19 12:24:29.189, 0, 79, 119.54, 100, 14343, 1050, 715, P0, 0x0000000000000020
2026/09/19 12:24:29.192, 1, 79, 120.87, 100, 13828, 1240, 715, P0, 0x0000000000000000
2026/09/19 12:24:30.208, 0, 79, 106.80, 100, 14343, 1063, 715, P0, 0x0000000000000000
2026/09/19 12:24:30.212, 1, 78, 56.33, 0, 13828, 1316, 715, P0, 0x0000000000000000
2026/09/19 12:24:31.220, 0, 78, 53.61, 0, 14343, 1290, 715, P0, 0x0000000000000000
2026/09/19 12:24:31.225, 1, 79, 159.37, 100, 13828, 1278, 715, P0, 0x0000000000000000
2026/09/19 12:24:32.236, 0, 79, 112.94, 100, 14343, 1050, 715, P0, 0x0000000000000020
2026/09/19 12:24:32.239, 1, 80, 139.79, 100, 13828, 1316, 715, P0, 0x0000000000000000
2026/09/19 12:24:33.249, 0, 79, 114.94, 100, 14343, 1050, 715, P0, 0x0000000000000020
2026/09/19 12:24:33.252, 1, 78, 52.94, 0, 13828, 1252, 715, P0, 0x0000000000000000
2026/09/19 12:24:34.263, 0, 78, 128.35, 5, 14343, 1101, 715, P0, 0x0000000000000020
2026/09/19 12:24:34.271, 1, 79, 157.25, 100, 13828, 1215, 715, P0, 0x0000000000000020
2026/09/19 12:24:35.292, 0, 80, 128.77, 100, 14343, 1126, 715, P0, 0x0000000000000020
2026/09/19 12:24:35.296, 1, 79, 133.13, 100, 13828, 1278, 715, P0, 0x0000000000000000
2026/09/19 12:24:36.306, 0, 79, 108.20, 100, 14343, 1063, 715, P0, 0x0000000000000000
2026/09/19 12:24:36.310, 1, 77, 51.29, 0, 13828, 1227, 715, P0, 0x0000000000000000
2026/09/19 12:24:37.320, 0, 78, 119.63, 14, 14343, 1101, 715, P0, 0x0000000000000020
2026/09/19 12:24:37.328, 1, 79, 146.27, 100, 13828, 1202, 715, P0, 0x0000000000000020
2026/09/19 12:24:38.332, 0, 79, 119.85, 100, 14343, 1075, 715, P0, 0x0000000000000020
2026/09/19 12:24:38.335, 1, 79, 110.71, 100, 13828, 1240, 715, P0, 0x0000000000000000
2026/09/19 12:24:39.354, 0, 79, 107.30, 100, 14343, 961, 715, P0, 0x0000000000000020
2026/09/19 12:24:39.357, 1, 77, 52.02, 0, 13828, 1252, 715, P0, 0x0000000000000000
2026/09/19 12:24:40.366, 0, 79, 121.29, 17, 14343, 1088, 715, P0, 0x0000000000000020
2026/09/19 12:24:40.369, 1, 79, 147.21, 100, 13828, 1202, 715, P0, 0x0000000000000000
2026/09/19 12:24:41.378, 0, 80, 105.97, 100, 14343, 949, 715, P0, 0x0000000000000020
2026/09/19 12:24:41.391, 1, 79, 97.46, 100, 13828, 1113, 715, P0, 0x0000000000000000
2026/09/19 12:24:42.409, 0, 79, 107.30, 100, 14343, 974, 715, P0, 0x0000000000000020
2026/09/19 12:24:42.412, 1, 77, 54.16, 0, 13828, 1290, 715, P0, 0x0000000000000000
2026/09/19 12:24:43.426, 0, 79, 121.39, 86, 14343, 1101, 715, P0, 0x0000000000000020
2026/09/19 12:24:43.428, 1, 79, 138.26, 100, 13828, 1164, 715, P0, 0x0000000000000020
2026/09/19 12:24:44.436, 0, 79, 118.70, 100, 14343, 1075, 715, P0, 0x0000000000000020
2026/09/19 12:24:44.448, 1, 79, 138.78, 100, 13828, 1265, 715, P0, 0x0000000000000020
2026/09/19 12:24:45.467, 0, 79, 104.71, 100, 14343, 936, 715, P0, 0x0000000000000020
2026/09/19 12:24:45.470, 1, 77, 55.61, 0, 13828, 1303, 715, P0, 0x0000000000000000
2026/09/19 12:24:46.484, 0, 79, 112.72, 94, 14343, 1037, 715, P0, 0x0000000000000020
2026/09/19 12:24:46.488, 1, 80, 165.53, 100, 13828, 1252, 715, P0, 0x0000000000000020
2026/09/19 12:24:47.500, 0, 79, 111.30, 100, 14343, 1037, 715, P0, 0x0000000000000000
2026/09/19 12:24:47.508, 1, 79, 121.86, 100, 13828, 1252, 715, P0, 0x0000000000000000
2026/09/19 12:24:48.519, 0, 79, 113.96, 100, 14343, 1037, 715, P0, 0x0000000000000020
2026/09/19 12:24:48.525, 1, 77, 53.18, 0, 13828, 1265, 715, P0, 0x0000000000000000
2026/09/19 12:24:49.534, 0, 79, 123.33, 88, 14343, 1101, 715, P0, 0x0000000000000020
2026/09/19 12:24:49.544, 1, 80, 159.16, 100, 13828, 1252, 715, P0, 0x0000000000000020
2026/09/19 12:24:50.560, 0, 80, 110.82, 100, 14343, 923, 715, P0, 0x0000000000000020
2026/09/19 12:24:50.568, 1, 79, 120.97, 100, 13828, 1227, 715, P0, 0x0000000000000020
2026/09/19 12:24:51.586, 0, 79, 108.74, 100, 14343, 987, 715, P0, 0x0000000000000020
2026/09/19 12:24:51.589, 1, 77, 55.84, 0, 13828, 1316, 715, P0, 0x0000000000000000
2026/09/19 12:24:52.601, 0, 79, 118.56, 100, 14343, 1075, 715, P0, 0x0000000000000020
2026/09/19 12:24:52.605, 1, 79, 133.35, 100, 13828, 1202, 715, P0, 0x0000000000000000
2026/09/19 12:24:53.619, 0, 79, 113.36, 100, 14343, 1037, 715, P0, 0x0000000000000020
2026/09/19 12:24:53.625, 1, 79, 128.71, 100, 13828, 1265, 715, P0, 0x0000000000000000
2026/09/19 12:24:54.632, 0, 79, 115.88, 100, 14343, 1025, 715, P0, 0x0000000000000020
2026/09/19 12:24:54.635, 1, 77, 52.94, 0, 13828, 1278, 715, P0, 0x0000000000000000
2026/09/19 12:24:55.641, 0, 79, 118.31, 100, 14343, 1075, 715, P0, 0x0000000000000000
2026/09/19 12:24:55.647, 1, 79, 131.52, 100, 13828, 1189, 715, P0, 0x0000000000000020
2026/09/19 12:24:56.654, 0, 80, 102.48, 100, 14343, 1101, 715, P0, 0x0000000000000000
2026/09/19 12:24:56.666, 1, 79, 120.77, 100, 13828, 1227, 715, P0, 0x0000000000000020
2026/09/19 12:24:57.671, 0, 79, 93.51, 100, 14343, 784, 715, P0, 0x0000000000000020
2026/09/19 12:24:57.674, 1, 77, 49.65, 0, 13828, 1202, 715, P0, 0x0000000000000000
2026/09/19 12:24:58.686, 0, 78, 108.92, 74, 14343, 1012, 715, P0, 0x0000000000000020
2026/09/19 12:24:58.690, 1, 79, 155.98, 100, 13828, 1227, 715, P0, 0x0000000000000020
2026/09/19 12:24:59.702, 0, 79, 111.76, 100, 14343, 1025, 715, P0, 0x0000000000000020
2026/09/19 12:24:59.705, 1, 79, 122.07, 100, 13828, 1227, 715, P0, 0x0000000000000000
2026/09/19 12:25:00.715, 0, 79, 111.37, 100, 14343, 1025, 715, P0, 0x0000000000000020
2026/09/19 12:25:00.724, 1, 77, 55.84, 0, 13828, 1316, 715, P0, 0x0000000000000000
2026/09/19 12:25:01.730, 0, 79, 122.95, 45, 14343, 1088, 715, P0, 0x0000000000000020
2026/09/19 12:25:01.735, 1, 79, 150.22, 100, 13828, 1227, 715, P0, 0x0000000000000020
2026/09/19 12:25:02.754, 0, 80, 122.78, 100, 14343, 1088, 715, P0, 0x0000000000000020
2026/09/19 12:25:02.757, 1, 79, 142.43, 100, 13828, 1278, 715, P0, 0x0000000000000020
2026/09/19 12:25:03.765, 0, 79, 109.46, 100, 14343, 999, 715, P0, 0x0000000000000020
2026/09/19 12:25:03.768, 1, 77, 55.84, 0, 13828, 1316, 715, P0, 0x0000000000000000
2026/09/19 12:25:04.784, 0, 79, 123.42, 18, 14343, 1101, 715, P0, 0x0000000000000020
2026/09/19 12:25:04.786, 1, 79, 156.55, 100, 13828, 1240, 715, P0, 0x0000000000000000
2026/09/19 12:25:05.796, 0, 80, 122.84, 100, 14343, 1088, 715, P0, 0x0000000000000020
2026/09/19 12:25:05.805, 1, 79, 123.65, 100, 13828, 1227, 715, P0, 0x0000000000000020
2026/09/19 12:25:06.814, 0, 79, 109.71, 100, 14343, 999, 715, P0, 0x0000000000000020
2026/09/19 12:25:06.817, 1, 77, 51.98, 0, 13828, 1240, 715, P0, 0x0000000000000000
2026/09/19 12:25:07.831, 0, 79, 124.53, 93, 14343, 1101, 715, P0, 0x0000000000000020
2026/09/19 12:25:07.835, 1, 79, 156.55, 100, 13828, 1227, 715, P0, 0x0000000000000020
2026/09/19 12:25:08.846, 0, 79, 110.06, 100, 14343, 999, 715, P0, 0x0000000000000020
2026/09/19 12:25:08.849, 1, 80, 136.02, 100, 13828, 1290, 715, P0, 0x0000000000000020
2026/09/19 12:25:09.864, 0, 79, 112.58, 100, 14343, 1012, 715, P0, 0x0000000000000020
2026/09/19 12:25:09.867, 1, 77, 50.09, 0, 13828, 1202, 715, P0, 0x0000000000000000
2026/09/19 12:25:10.877, 0, 79, 126.73, 34, 14343, 1126, 715, P0, 0x0000000000000020
2026/09/19 12:25:10.884, 1, 79, 149.74, 100, 13828, 1215, 715, P0, 0x0000000000000020
2026/09/19 12:25:11.892, 0, 80, 128.55, 100, 14343, 1113, 715, P0, 0x0000000000000020
2026/09/19 12:25:11.897, 1, 79, 115.41, 100, 13828, 1189, 715, P0, 0x0000000000000020
2026/09/19 12:25:12.909, 0, 79, 117.10, 100, 14343, 1037, 715, P0, 0x0000000000000020
2026/09/19 12:25:12.912, 1, 77, 49.36, 0, 13828, 1189, 715, P0, 0x0000000000000000
2026/09/19 12:25:13.924, 0, 79, 126.09, 10, 14343, 1139, 715, P0, 0x0000000000000020
2026/09/19 12:25:13.928, 1, 79, 140.38, 100, 13828, 1189, 715, P0, 0x0000000000000020
2026/09/19 12:25:14.938, 0, 79, 116.00, 100, 14343, 1037, 715, P0, 0x0000000000000020
2026/09/19 12:25:14.946, 1, 80, 119.26, 100, 13828, 1328, 715, P0, 0x0000000000000000
2026/09/19 12:25:15.954, 0, 79, 119.49, 100, 14343, 1063, 715, P0, 0x0000000000000020
2026/09/19 12:25:15.966, 1, 77, 52.70, 0, 13828, 1252, 715, P0, 0x0000000000000000
2026/09/19 12:25:16.985, 0, 79, 126.23, 0, 14343, 1126, 715, P0, 0x0000000000000000
2026/09/19 12:25:16.988, 1, 79, 149.98, 100, 13828, 1227, 715, P0, 0x0000000000000020
2026/09/19 12:25:17.999, 0, 80, 117.72, 100, 14343, 1050, 715, P0, 0x0000000000000020
2026/09/19 12:25:18.005, 1, 80, 113.83, 100, 13828, 1290, 715, P0, 0x0000000000000000
2026/09/19 12:25:19.012, 0, 79, 115.63, 100, 14343, 1050, 715, P0, 0x0000000000000020
2026/09/19 12:25:19.015, 1, 78, 56.07, 0, 13828, 1316, 715, P0, 0x0000000000000000
2026/09/19 12:25:20.030, 0, 78, 109.00, 57, 14343, 1050, 715, P0, 0x0000000000000000
2026/09/19 12:25:20.033, 1, 79, 145.92, 100, 13828, 1189, 715, P0, 0x0000000000000020
2026/09/19 12:25:21.042, 0, 79, 113.71, 100, 14343, 1075, 715, P0, 0x0000000000000020
2026/09/19 12:25:21.045, 1, 79, 116.18, 100, 13828, 1215, 715, P0, 0x0000000000000000
2026/09/19 12:25:22.057, 0, 79, 113.47, 100, 14343, 1075, 715, P0, 0x0000000000000020
2026/09/19 12:25:22.062, 1, 78, 55.36, 0, 13828, 1303, 715, P0, 0x0000000000000000
2026/09/19 12:25:23.070, 0, 79, 131.22, 10, 14343, 1126, 715, P0, 0x0000000000000020
2026/09/19 12:25:23.073, 1, 79, 147.40, 100, 13828, 1202, 715, P0, 0x0000000000000020
2026/09/19 12:25:24.081, 0, 79, 111.05, 100, 14343, 1050, 715, P0, 0x0000000000000020
2026/09/19 12:25:24.084, 1, 79, 128.06, 100, 13828, 1265, 715, P0, 0x0000000000000000
2026/09/19 12:25:25.094, 0, 79, 112.34, 100, 14343, 1050, 715, P0, 0x0000000000000020
2026/09/19 12:25:25.103, 1, 78, 53.44, 0, 13828, 1265, 715, P0, 0x0000000000000000
2026/09/19 12:25:26.107, 0, 77, 47.62, 0, 14343, 1189, 715, P0, 0x0000000000000000
2026/09/19 12:25:26.111, 1, 79, 156.47, 100, 13828, 1252, 715, P0, 0x0000000000000000
2026/09/19 12:25:27.122, 0, 79, 106.57, 100, 14343, 1050, 715, P0, 0x0000000000000020
2026/09/19 12:25:27.125, 1, 79, 118.35, 100, 13828, 1215, 715, P0, 0x0000000000000000
2026/09/19 12:25:28.137, 0, 79, 105.67, 100, 14343, 949, 715, P0, 0x0000000000000020
2026/09/19 12:25:28.141, 1, 78, 53.71, 0, 13828, 1278, 715, P0, 0x0000000000000000
2026/09/19 12:25:29.149, 0, 78, 48.09, 0, 14343, 1189, 715, P0, 0x0000000000000000
2026/09/19 12:25:29.156, 1, 79, 163.30, 100, 13828, 1252, 715, P0, 0x0000000000000020
2026/09/19 12:25:30.162, 0, 79, 118.21, 100, 14343, 1075, 715, P0, 0x0000000000000000
2026/09/19 12:25:30.164, 1, 79, 112.34, 100, 13828, 1189, 715, P0, 0x0000000000000000
2026/09/19 12:25:31.177, 0, 80, 118.05, 100, 14343, 1075, 715, P0, 0x0000000000000000
2026/09/19 12:25:31.181, 1, 78, 51.74, 0, 13828, 1227, 715, P0, 0x0000000000000000
2026/09/19 12:25:32.190, 0, 78, 48.38, 38, 14343, 1189, 715, P0, 0x0000000000000000
2026/09/19 12:25:32.195, 1, 79, 148.45, 100, 13828, 1202, 715, P0, 0x0000000000000020
2026/09/19 12:25:33.204, 0, 79, 118.41, 100, 14343, 1063, 715, P0, 0x0000000000000020
2026/09/19 12:25:33.207, 1, 80, 106.89, 100, 13828, 1189, 715, P0, 0x0000000000000000
2026/09/19 12:25:34.222, 0, 79, 107.53, 100, 14343, 974, 715, P0, 0x0000000000000020
2026/09/19 12:25:34.225, 1, 78, 56.82, 0, 13828, 1316, 715, P0, 0x0000000000000000
2026/09/19 12:25:35.236, 0, 78, 48.37, 29, 14343, 1189, 715, P0, 0x0000000000000000
2026/09/19 12:25:35.240, 1, 78, 144.92, 62, 13828, 1202, 715, P0, 0x0000000000000020
2026/09/19 12:25:36.249, 0, 79, 117.47, 100, 14343, 1050, 715, P0, 0x0000000000000020
2026/09/19 12:25:36.260, 1, 80, 147.01, 100, 13828, 1202, 715, P0, 0x0000000000000000
2026/09/19 12:25:37.277, 0, 79, 120.36, 100, 14343, 1075, 715, P0, 0x0000000000000020
2026/09/19 12:25:37.281, 1, 78, 56.28, 54, 13828, 1316, 715, P0, 0x0000000000000000
2026/09/19 12:25:38.295, 0, 79, 50.76, 100, 14343, 1177, 715, P0, 0x0000000000000000
2026/09/19 12:25:38.298, 1, 77, 158.55, 0, 13828, 1278, 715, P0, 0x0000000000000020
2026/09/19 12:25:39.308, 0, 79, 136.22, 100, 14343, 1164, 715, P0, 0x0000000000000020
2026/09/19 12:25:39.311, 1, 79, 140.50, 100, 13828, 1189, 715, P0, 0x0000000000000020
2026/09/19 12:25:40.323, 0, 79, 110.16, 100, 14343, 1101, 715, P0, 0x0000000000000000
2026/09/19 12:25:40.326, 1, 79, 58.75, 100, 13828, 1252, 715, P0, 0x0000000000000000
2026/09/19 12:25:41.337, 0, 79, 95.85, 100, 14343, 873, 715, P0, 0x0000000000000020
2026/09/19 12:25:41.341, 1, 77, 55.65, 0, 13828, 1316, 715, P0, 0x0000000000000000
2026/09/19 12:25:42.349, 0, 79, 117.56, 100, 14343, 1050, 715, P0, 0x0000000000000000
2026/09/19 12:25:42.359, 1, 79, 140.67, 100, 13828, 1189, 715, P0, 0x0000000000000000
2026/09/19 12:25:43.377, 0, 79, 117.21, 100, 14343, 1025, 715, P0, 0x0000000000000020
2026/09/19 12:25:43.382, 1, 79, 126.62, 100, 13828, 1252, 715, P0, 0x0000000000000020
2026/09/19 12:25:44.394, 0, 79, 113.22, 100, 14343, 1050, 715, P0, 0x0000000000000000
2026/09/19 12:25:44.400, 1, 77, 56.32, 0, 13828, 1316, 715, P0, 0x0000000000000000
2026/09/19 12:25:45.417, 0, 79, 120.36, 100, 14343, 1075, 715, P0, 0x0000000000000020
2026/09/19 12:25:45.420, 1, 80, 146.89, 100, 13828, 1240, 715, P0, 0x0000000000000020
2026/09/19 12:25:46.433, 0, 80, 115.54, 100, 14343, 1037, 715, P0, 0x0000000000000020
2026/09/19 12:25:46.437, 1, 79, 121.37, 100, 13828, 1240, 715, P0, 0x0000000000000000
2026/09/19 12:25:47.451, 0, 79, 101.83, 100, 14343, 898, 715, P0, 0x0000000000000020
2026/09/19 12:25:47.459, 1, 77, 52.27, 0, 13828, 1252, 715, P0, 0x0000000000000000
2026/09/19 12:25:48.478, 0, 79, 113.21, 88, 14343, 1050, 715, P0, 0x0000000000000020
2026/09/19 12:25:48.481, 1, 79, 156.21, 100, 13828, 1227, 715, P0, 0x0000000000000020
2026/09/19 12:25:49.494, 0, 79, 114.18, 100, 14343, 1037, 715, P0, 0x0000000000000020
2026/09/19 12:25:49.500, 1, 79, 117.55, 100, 13828, 1227, 715, P0, 0x0000000000000000
2026/09/19 12:25:50.511, 0, 79, 117.08, 100, 14343, 1050, 715, P0, 0x0000000000000020
2026/09/19 12:25:50.519, 1, 77, 55.84, 0, 13828, 1316, 715, P0, 0x0000000000000000
2026/09/19 12:25:51.525, 0, 79, 127.89, 17, 14343, 1126, 715, P0, 0x0000000000000020
2026/09/19 12:25:51.528, 1, 79, 150.91, 100, 13828, 1227, 715, P0, 0x0000000000000020
2026/09/19 12:25:52.539, 0, 80, 132.01, 100, 14343, 1139, 715, P0, 0x0000000000000020
2026/09/19 12:25:52.543, 1, 80, 134.94, 100, 13828, 1290, 715, P0, 0x0000000000000020
2026/09/19 12:25:53.555, 0, 79, 109.95, 100, 14343, 1075, 715, P0, 0x0000000000000020
2026/09/19 12:25:53.558, 1, 77, 49.60, 0, 13828, 1189, 715, P0, 0x0000000000000000
2026/09/19 12:25:54.569, 0, 78, 141.81, 0, 14343, 1101, 715, P0, 0x0000000000000020
2026/09/19 12:25:54.577, 1, 79, 145.74, 100, 13828, 1189, 715, P0, 0x0000000000000020
2026/09/19 12:25:55.585, 0, 79, 109.29, 100, 14343, 1025, 715, P0, 0x0000000000000020
2026/09/19 12:25:55.588, 1, 79, 135.11, 100, 13828, 1290, 715, P0, 0x0000000000000000
2026/09/19 12:25:56.599, 0, 79, 93.92, 100, 14343, 936, 715, P0, 0x0000000000000020
2026/09/19 12:25:56.602, 1, 78, 57.55, 0, 13828, 1328, 715, P0, 0x0000000000000000
2026/09/19 12:25:57.615, 0, 78, 47.89, 0, 14343, 1189, 715, P0, 0x0000000000000000
2026/09/19 12:25:57.618, 1, 80, 153.62, 100, 13828, 1290, 715, P0, 0x0000000000000000
2026/09/19 12:25:58.628, 0, 79, 116.76, 100, 14343, 1063, 715, P0, 0x0000000000000020
2026/09/19 12:25:58.635, 1, 79, 115.93, 100, 13828, 1215, 715, P0, 0x0000000000000000
2026/09/19 12:25:59.641, 0, 79, 117.33, 100, 14343, 1063, 715, P0, 0x0000000000000020
2026/09/19 12:25:59.644, 1, 78, 51.98, 0, 13828, 1227, 715, P0, 0x0000000000000000
2026/09/19 12:26:00.658, 0, 78, 48.13, 0, 14343, 1189, 715, P0, 0x0000000000000000
2026/09/19 12:26:00.662, 1, 79, 145.67, 100, 13828, 1202, 715, P0, 0x0000000000000020
2026/09/19 12:26:01.671, 0, 79, 113.81, 100, 14343, 1050, 715, P0, 0x0000000000000020
2026/09/19 12:26:01.675, 1, 80, 140.43, 100, 13828, 1101, 715, P0, 0x0000000000000020
2026/09/19 12:26:02.687, 0, 79, 114.44, 100, 14343, 1050, 715, P0, 0x0000000000000020
2026/09/19 12:26:02.694, 1, 78, 52.94, 33, 13828, 1240, 715, P0, 0x0000000000000000
2026/09/19 12:26:03.706, 0, 78, 53.17, 63, 14343, 1290, 715, P0, 0x0000000000000000
2026/09/19 12:26:03.711, 1, 78, 148.40, 43, 13828, 1227, 715, P0, 0x0000000000000020
2026/09/19 12:26:04.718, 0, 79, 125.36, 100, 14343, 1101, 715, P0, 0x0000000000000020
2026/09/19 12:26:04.721, 1, 80, 138.25, 100, 13828, 1164, 715, P0, 0x0000000000000000
2026/09/19 12:26:05.734, 0, 79, 119.25, 100, 14343, 1075, 715, P0, 0x0000000000000020
2026/09/19 12:26:05.736, 1, 78, 52.22, 100, 13828, 1215, 715, P0, 0x0000000000000000
2026/09/19 12:26:06.746, 0, 79, 47.90, 100, 14343, 1189, 715, P0, 0x0000000000000000
2026/09/19 12:26:06.750, 1, 78, 148.69, 0, 13828, 1215, 715, P0, 0x0000000000000000
2026/09/19 12:26:07.762, 0, 79, 125.52, 100, 14343, 1126, 715, P0, 0x0000000000000020
2026/09/19 12:26:07.772, 1, 80, 150.46, 100, 13828, 1215, 715, P0, 0x0000000000000020
2026/09/19 12:26:08.790, 0, 79, 114.52, 100, 14343, 1050, 715, P0, 0x0000000000000020
2026/09/19 12:26:08.794, 1, 79, 52.47, 100, 13828, 1202, 715, P0, 0x0000000000000000
2026/09/19 12:26:09.814, 0, 79, 52.93, 93, 14343, 1189, 715, P0, 0x0000000000000000
2026/09/19 12:26:09.817, 1, 77, 163.47, 16, 13828, 1290, 715, P0, 0x0000000000000020
2026/09/19 12:26:10.827, 0, 79, 130.70, 100, 14343, 1139, 715, P0, 0x0000000000000020
2026/09/19 12:26:10.832, 1, 80, 141.31, 100, 13828, 1189, 715, P0, 0x0000000000000020
2026/09/19 12:26:11.842, 0, 79, 98.69, 100, 14343, 999, 715, P0, 0x0000000000000000
2026/09/19 12:26:11.853, 1, 79, 122.69, 100, 13828, 1252, 715, P0, 0x0000000000000020
2026/09/19 12:26:12.871, 0, 79, 108.50, 100, 14343, 987, 715, P0, 0x0000000000000020
2026/09/19 12:26:12.874, 1, 77, 55.60, 0, 13828, 1316, 715, P0, 0x0000000000000000
2026/09/19 12:26:13.887, 0, 79, 118.54, 100, 14343, 1075, 715, P0, 0x0000000000000020
2026/09/19 12:26:13.895, 1, 79, 134.84, 100, 13828, 1215, 715, P0, 0x0000000000000000
2026/09/19 12:26:14.902, 0, 80, 127.01, 100, 14343, 1075, 715, P0, 0x0000000000000020
2026/09/19 12:26:14.908, 1, 79, 101.90, 100, 13828, 1151, 715, P0, 0x0000000000000000
2026/09/19 12:26:15.917, 0, 79, 112.12, 100, 14343, 1025, 715, P0, 0x0000000000000020
2026/09/19 12:26:15.920, 1, 77, 49.36, 0, 13828, 1189, 715, P0, 0x0000000000000000
2026/09/19 12:26:16.932, 0, 79, 122.99, 64, 14343, 1101, 715, P0, 0x0000000000000020
2026/09/19 12:26:16.935, 1, 79, 137.14, 100, 13828, 1151, 715, P0, 0x0000000000000020
2026/09/19 12:26:17.949, 0, 79, 114.57, 100, 14343, 1050, 715, P0, 0x0000000000000020
2026/09/19 12:26:17.953, 1, 79, 119.27, 100, 13828, 1303, 715, P0, 0x0000000000000000
2026/09/19 12:26:18.965, 0, 79, 120.83, 100, 14343, 1075, 715, P0, 0x0000000000000020
2026/09/19 12:26:18.975, 1, 78, 56.03, 0, 13828, 1316, 715, P0, 0x0000000000000000
2026/09/19 12:26:19.993, 0, 79, 119.83, 58, 14343, 1050, 715, P0, 0x0000000000000020
2026/09/19 12:26:19.996, 1, 79, 158.50, 100, 13828, 1252, 715, P0, 0x0000000000000020
2026/09/19 12:26:21.006, 0, 79, 122.56, 100, 14343, 1101, 715, P0, 0x0000000000000020
2026/09/19 12:26:21.015, 1, 79, 129.42, 100, 13828, 1265, 715, P0, 0x0000000000000020
2026/09/19 12:26:22.021, 0, 79, 94.40, 100, 14343, 1075, 715, P0, 0x0000000000000000
2026/09/19 12:26:22.024, 1, 78, 56.34, 0, 13828, 1316, 715, P0, 0x0000000000000000
2026/09/19 12:26:23.034, 0, 78, 53.13, 0, 14343, 1290, 715, P0, 0x0000000000000000
2026/09/19 12:26:23.037, 1, 79, 158.27, 100, 13828, 1303, 715, P0, 0x0000000000000000
2026/09/19 12:26:24.049, 0, 79, 114.10, 100, 14343, 1037, 715, P0, 0x0000000000000020
2026/09/19 12:26:24.054, 1, 79, 126.55, 100, 13828, 1278, 715, P0, 0x0000000000000000
2026/09/19 12:26:25.066, 0, 79, 113.95, 100, 14343, 1037, 715, P0, 0x0000000000000020
2026/09/19 12:26:25.074, 1, 78, 56.56, 0, 13828, 1316, 715, P0, 0x0000000000000000
2026/09/19 12:26:26.080, 0, 78, 53.13, 0, 14343, 1290, 715, P0, 0x0000000000000000
2026/09/19 12:26:26.084, 1, 79, 158.50, 100, 13828, 1252, 715, P0, 0x0000000000000020
2026/09/19 12:26:27.094, 0, 79, 110.83, 100, 14343, 1012, 715, P0, 0x0000000000000020
2026/09/19 12:26:27.098, 1, 79, 108.38, 100, 13828, 1113, 715, P0, 0x0000000000000000
2026/09/19 12:26:28.112, 0, 79, 110.43, 100, 14343, 1012, 715, P0, 0x0000000000000020
2026/09/19 12:26:28.115, 1, 78, 52.95, 22, 13828, 1240, 715, P0, 0x0000000000000000
2026/09/19 12:26:29.127, 0, 78, 47.65, 87, 14343, 1189, 715, P0, 0x0000000000000000
2026/09/19 12:26:29.131, 1, 78, 148.45, 29, 13828, 1227, 715, P0, 0x0000000000000020
2026/09/19 12:26:30.141, 0, 79, 124.88, 100, 14343, 1126, 715, P0, 0x0000000000000000
2026/09/19 12:26:30.144, 1, 80, 142.68, 100, 13828, 1139, 715, P0, 0x0000000000000020
2026/09/19 12:26:31.155, 0, 79, 115.94, 100, 14343, 1075, 715, P0, 0x0000000000000020
2026/09/19 12:26:31.158, 1, 79, 57.53, 100, 13828, 1290, 715, P0, 0x0000000000000000
2026/09/19 12:26:32.171, 0, 79, 106.64, 100, 14343, 1075, 715, P0, 0x0000000000000000
2026/09/19 12:26:32.175, 1, 77, 54.15, 0, 13828, 1290, 715, P0, 0x0000000000000000
2026/09/19 12:26:33.187, 0, 79, 110.45, 100, 14343, 1075, 715, P0, 0x0000000000000000
2026/09/19 12:26:33.194, 1, 80, 144.51, 100, 13828, 1189, 715, P0, 0x0000000000000020
2026/09/19 12:26:34.214, 0, 79, 108.66, 100, 14343, 974, 715, P0, 0x0000000000000000
2026/09/19 12:26:34.217, 1, 79, 122.18, 100, 13828, 1227, 715, P0, 0x0000000000000020
2026/09/19 12:26:35.227, 0, 79, 108.01, 100, 14343, 974, 715, P0, 0x0000000000000020
2026/09/19 12:26:35.234, 1, 77, 55.85, 0, 13828, 1316, 715, P0, 0x0000000000000000
2026/09/19 12:26:36.240, 0, 79, 117.22, 100, 14343, 1075, 715, P0, 0x0000000000000020
2026/09/19 12:26:36.244, 1, 80, 150.73, 100, 13828, 1202, 715, P0, 0x0000000000000020
2026/09/19 12:26:37.254, 0, 80, 111.98, 100, 14343, 987, 715, P0, 0x0000000000000020
2026/09/19 12:26:37.257, 1, 79, 143.03, 100, 13828, 1316, 715, P0, 0x0000000000000020
2026/09/19 12:26:38.267, 0, 79, 113.98, 100, 14343, 1075, 715, P0, 0x0000000000000000
2026/09/19 12:26:38.274, 1, 77, 49.60, 0, 13828, 1189, 715, P0, 0x0000000000000000
2026/09/19 12:26:39.278, 0, 77, 120.67, 0, 14343, 1189, 715, P0, 0x0000000000000000
2026/09/19 12:26:39.281, 1, 79, 139.28, 100, 13828, 1202, 715, P0, 0x0000000000000000
2026/09/19 12:26:40.292, 0, 79, 121.42, 100, 14343, 1164, 715, P0, 0x0000000000000000
2026/09/19 12:26:40.295, 1, 79, 133.36, 100, 13828, 1303, 715, P0, 0x0000000000000000
2026/09/19 12:26:41.303, 0, 79, 107.52, 100, 14343, 1037, 715, P0, 0x0000000000000020
2026/09/19 12:26:41.311, 1, 78, 56.33, 0, 13828, 1316, 715, P0, 0x0000000000000000
2026/09/19 12:26:42.319, 0, 78, 54.09, 0, 14343, 1303, 715, P0, 0x0000000000000000
2026/09/19 12:26:42.322, 1, 79, 156.82, 100, 13828, 1240, 715, P0, 0x0000000000000020
2026/09/19 12:26:43.336, 0, 79, 117.09, 100, 14343, 1063, 715, P0, 0x0000000000000020
2026/09/19 12:26:43.339, 1, 79, 102.87, 100, 13828, 936, 715, P0, 0x0000000000000000
2026/09/19 12:26:44.366, 0, 79, 109.47, 100, 14343, 999, 715, P0, 0x0000000000000020
2026/09/19 12:26:44.372, 1, 78, 52.47, 100, 13828, 1252, 715, P0, 0x0000000000000000
2026/09/19 12:26:45.391, 0, 78, 48.38, 100, 14343, 1189, 715, P0, 0x0000000000000000
2026/09/19 12:26:45.394, 1, 78, 133.79, 21, 13828, 1151, 715, P0, 0x0000000000000020
2026/09/19 12:26:46.403, 0, 79, 124.89, 100, 14343, 1139, 715, P0, 0x0000000000000020
2026/09/19 12:26:46.410, 1, 79, 142.71, 100, 13828, 1189, 715, P0, 0x0000000000000020
2026/09/19 12:26:47.417, 0, 79, 120.52, 100, 14343, 1101, 715, P0, 0x0000000000000020
2026/09/19 12:26:47.420, 1, 79, 64.69, 100, 13828, 1265, 715, P0, 0x0000000000000000
2026/09/19 12:26:48.433, 0, 79, 102.78, 100, 14343, 911, 715, P0, 0x0000000000000020
2026/09/19 12:26:48.437, 1, 77, 55.60, 0, 13828, 1316, 715, P0, 0x0000000000000000
2026/09/19 12:26:49.446, 0, 79, 114.38, 100, 14343, 1050, 715, P0, 0x0000000000000020
2026/09/19 12:26:49.452, 1, 79, 128.44, 100, 13828, 1227, 715, P0, 0x0000000000000020
2026/09/19 12:26:50.460, 0, 79, 116.50, 100, 14343, 1063, 715, P0, 0x0000000000000020
2026/09/19 12:26:50.471, 1, 79, 121.37, 100, 13828, 1252, 715, P0, 0x0000000000000020
2026/09/19 12:26:51.487, 0, 79, 114.91, 100, 14343, 1050, 715, P0, 0x0000000000000020
2026/09/19 12:26:51.490, 1, 77, 55.83, 0, 13828, 1316, 715, P0, 0x0000000000000000
2026/09/19 12:26:52.504, 0, 79, 118.42, 34, 14343, 1088, 715, P0, 0x0000000000000020
2026/09/19 12:26:52.509, 1, 79, 150.09, 100, 13828, 1227, 715, P0, 0x0000000000000000
2026/09/19 12:26:53.515, 0, 79, 120.26, 100, 14343, 1101, 715, P0, 0x0000000000000020
2026/09/19 12:26:53.518, 1, 79, 122.55, 100, 13828, 1240, 715, P0, 0x0000000000000000
2026/09/19 12:26:54.531, 0, 79, 98.03, 100, 14343, 1050, 715, P0, 0x0000000000000000
2026/09/19 12:26:54.534, 1, 78, 52.27, 0, 13828, 1252, 715, P0, 0x0000000000000000
2026/09/19 12:26:55.547, 0, 78, 52.64, 0, 14343, 1278, 715, P0, 0x0000000000000000
2026/09/19 12:26:55.550, 1, 79, 162.47, 100, 13828, 1252, 715, P0, 0x0000000000000020
2026/09/19 12:26:56.562, 0, 79, 112.88, 100, 14343, 1037, 715, P0, 0x0000000000000000
2026/09/19 12:26:56.571, 1, 79, 130.11, 100, 13828, 1189, 715, P0, 0x0000000000000000
2026/09/19 12:26:57.578, 0, 79, 111.37, 100, 14343, 1025, 715, P0, 0x0000000000000020
2026/09/19 12:26:57.581, 1, 78, 56.08, 11, 13828, 1303, 715, P0, 0x0000000000000000
2026/09/19 12:26:58.597, 0, 79, 47.62, 100, 14343, 1189, 715, P0, 0x0000000000000000
2026/09/19 12:26:58.601, 1, 78, 165.36, 0, 13828, 1278, 715, P0, 0x0000000000000020
2026/09/19 12:26:59.608, 0, 79, 120.72, 100, 14343, 1126, 715, P0, 0x0000000000000000
2026/09/19 12:26:59.611, 1, 79, 122.02, 100, 13828, 1101, 715, P0, 0x0000000000000020
2026/09/19 12:27:00.622, 0, 79, 118.65, 100, 14343, 1075, 715, P0, 0x0000000000000020
2026/09/19 12:27:00.630, 1, 79, 121.61, 100, 13828, 1227, 715, P0, 0x0000000000000020
2026/09/19 12:27:01.638, 0, 79, 113.25, 100, 14343, 999, 715, P0, 0x0000000000000020
2026/09/19 12:27:01.651, 1, 77, 51.49, 0, 13828, 1240, 715, P0, 0x0000000000000000
2026/09/19 12:27:02.667, 0, 79, 118.03, 100, 14343, 1063, 715, P0, 0x0000000000000020
2026/09/19 12:27:02.671, 1, 79, 149.78, 100, 13828, 1290, 715, P0, 0x0000000000000000
2026/09/19 12:27:03.686, 0, 79, 117.60, 100, 14343, 1050, 715, P0, 0x0000000000000020
2026/09/19 12:27:03.689, 1, 79, 97.19, 100, 13828, 1113, 715, P0, 0x0000000000000020
2026/09/19 12:27:04.703, 0, 79, 113.81, 100, 14343, 1037, 715, P0, 0x0000000000000020
2026/09/19 12:27:04.708, 1, 77, 49.36, 0, 13828, 1189, 715, P0, 0x0000000000000000
2026/09/19 12:27:05.718, 0, 79, 126.07, 37, 14343, 1113, 715, P0, 0x0000000000000020
2026/09/19 12:27:05.721, 1, 79, 140.14, 100, 13828, 1189, 715, P0, 0x0000000000000020
2026/09/19 12:27:06.733, 0, 79, 109.52, 100, 14343, 1050, 715, P0, 0x0000000000000020
2026/09/19 12:27:06.736, 1, 79, 138.61, 100, 13828, 1328, 715, P0, 0x0000000000000000
2026/09/19 12:27:07.745, 0, 79, 108.49, 100, 14343, 987, 715, P0, 0x0000000000000020
2026/09/19 12:27:07.751, 1, 78, 57.29, 0, 13828, 1328, 715, P0, 0x0000000000000000
2026/09/19 12:27:08.758, 0, 78, 48.12, 0, 14343, 1189, 715, P0, 0x0000000000000000
2026/09/19 12:27:08.762, 1, 79, 149.38, 100, 13828, 1202, 715, P0, 0x0000000000000020
2026/09/19 12:27:09.771, 0, 79, 123.96, 100, 14343, 1088, 715, P0, 0x0000000000000020
2026/09/19 12:27:09.774, 1, 80, 133.34, 100, 13828, 1139, 715, P0, 0x0000000000000020
2026/09/19 12:27:10.788, 0, 79, 107.29, 100, 14343, 961, 715, P0, 0x0000000000000020
2026/09/19 12:27:10.793, 1, 78, 56.58, 48, 13828, 1328, 715, P0, 0x0000000000000000
2026/09/19 12:27:11.804, 0, 79, 52.18, 85, 14343, 1177, 715, P0, 0x0000000000000000
2026/09/19 12:27:11.809, 1, 77, 159.72, 0, 13828, 1328, 715, P0, 0x0000000000000000
2026/09/19 12:27:12.818, 0, 79, 118.17, 100, 14343, 1164, 715, P0, 0x0000000000000000
2026/09/19 12:27:12.821, 1, 80, 148.86, 100, 13828, 1215, 715, P0, 0x0000000000000020
2026/09/19 12:27:13.831, 0, 80, 118.07, 100, 14343, 1075, 715, P0, 0x0000000000000000
2026/09/19 12:27:13.835, 1, 79, 100.31, 100, 13828, 1113, 715, P0, 0x0000000000000020
2026/09/19 12:27:14.847, 0, 79, 105.91, 100, 14343, 949, 715, P0, 0x0000000000000020
2026/09/19 12:27:14.850, 1, 77, 52.99, 0, 13828, 1278, 715, P0, 0x0000000000000000
2026/09/19 12:27:15.859, 0, 79, 116.86, 100, 14343, 1075, 715, P0, 0x0000000000000020
2026/09/19 12:27:15.868, 1, 79, 135.74, 100, 13828, 1151, 715, P0, 0x0000000000000020
2026/09/19 12:27:16.875, 0, 79, 124.21, 100, 14343, 1101, 715, P0, 0x0000000000000020
2026/09/19 12:27:16.878, 1, 79, 135.04, 100, 13828, 1290, 715, P0, 0x0000000000000020
2026/09/19 12:27:17.887, 0, 79, 110.40, 100, 14343, 1025, 715, P0, 0x0000000000000020
2026/09/19 12:27:17.891, 1, 77, 56.56, 0, 13828, 1328, 715, P0, 0x0000000000000000
2026/09/19 12:27:18.903, 0, 78, 52.41, 0, 14343, 1278, 715, P0, 0x0000000000000000
2026/09/19 12:27:18.906, 1, 79, 163.88, 100, 13828, 1316, 715, P0, 0x0000000000000020
2026/09/19 12:27:19.912, 0, 80, 126.64, 100, 14343, 1075, 715, P0, 0x0000000000000020
2026/09/19 12:27:19.927, 1, 79, 118.94, 100, 13828, 1278, 715, P0, 0x0000000000000000
2026/09/19 12:27:20.935, 0, 79, 110.91, 100, 14343, 999, 715, P0, 0x0000000000000020
2026/09/19 12:27:20.938, 1, 78, 54.40, 0, 13828, 1278, 715, P0, 0x0000000000000000
2026/09/19 12:27:21.949, 0, 78, 54.09, 53, 14343, 1303, 715, P0, 0x0000000000000000
2026/09/19 12:27:21.952, 1, 79, 157.31, 93, 13828, 1252, 715, P0, 0x0000000000000020
2026/09/19 12:27:22.963, 0, 79, 131.17, 100, 14343, 1101, 715, P0, 0x0000000000000020
2026/09/19 12:27:22.967, 1, 80, 143.60, 100, 13828, 1177, 715, P0, 0x0000000000000020
2026/09/19 12:27:23.975, 0, 79, 112.10, 100, 14343, 1050, 715, P0, 0x0000000000000020
2026/09/19 12:27:23.978, 1, 79, 58.51, 100, 13828, 1290, 715, P0, 0x0000000000000000
2026/09/19 12:27:24.989, 0, 79, 110.42, 100, 14343, 999, 715, P0, 0x0000000000000020
2026/09/19 12:27:24.992, 1, 77, 54.40, 0, 13828, 1290, 715, P0, 0x0000000000000000
2026/09/19 12:27:26.002, 0, 79, 117.44, 100, 14343, 1063, 715, P0, 0x0000000000000020
2026/09/19 12:27:26.006, 1, 79, 127.54, 100, 13828, 1189, 715, P0, 0x0000000000000000
2026/09/19 12:27:27.016, 0, 79, 115.77, 100, 14343, 1063, 715, P0, 0x0000000000000000
2026/09/19 12:27:27.020, 1, 79, 125.43, 100, 13828, 1265, 715, P0, 0x0000000000000000
2026/09/19 12:27:28.029, 0, 79, 115.39, 100, 14343, 961, 715, P0, 0x0000000000000020
2026/09/19 12:27:28.032, 1, 77, 53.18, 0, 13828, 1265, 715, P0, 0x0000000000000000
2026/09/19 12:27:29.044, 0, 79, 118.65, 40, 14343, 1063, 715, P0, 0x0000000000000000
2026/09/19 12:27:29.052, 1, 79, 157.98, 100, 13828, 1252, 715, P0, 0x0000000000000020
2026/09/19 12:27:30.059, 0, 79, 109.31, 100, 14343, 1113, 715, P0, 0x0000000000000000
2026/09/19 12:27:30.062, 1, 80, 124.49, 100, 13828, 1240, 715, P0, 0x0000000000000000
2026/09/19 12:27:31.074, 0, 79, 122.55, 100, 14343, 1075, 715, P0, 0x0000000000000000
2026/09/19 12:27:31.078, 1, 78, 49.80, 0, 13828, 1189, 715, P0, 0x0000000000000000
2026/09/19 12:27:32.089, 0, 78, 48.14, 0, 14343, 1189, 715, P0, 0x0000000000000000
2026/09/19 12:27:32.093, 1, 79, 146.39, 100, 13828, 1189, 715, P0, 0x0000000000000000
2026/09/19 12:27:33.101, 0, 79, 123.93, 100, 14343, 1101, 715, P0, 0x0000000000000020
2026/09/19 12:27:33.109, 1, 79, 140.88, 100, 13828, 1189, 715, P0, 0x0000000000000000
2026/09/19 12:27:34.114, 0, 79, 113.96, 100, 14343, 1050, 715, P0, 0x0000000000000020
2026/09/19 12:27:34.117, 1, 79, 53.43, 12, 13828, 1240, 715, P0, 0x0000000000000000
2026/09/19 12:27:35.127, 0, 79, 108.75, 100, 14343, 1025, 715, P0, 0x0000000000000020
2026/09/19 12:27:35.132, 1, 77, 51.53, 0, 13828, 1240, 715, P0, 0x0000000000000000
2026/09/19 12:27:36.140, 0, 79, 119.15, 100, 14343, 1037, 715, P0, 0x0000000000000020
2026/09/19 12:27:36.151, 1, 80, 150.83, 100, 13828, 1252, 715, P0, 0x0000000000000000
2026/09/19 12:27:37.170, 0, 79, 114.35, 100, 14343, 1037, 715, P0, 0x0000000000000020
2026/09/19 12:27:37.173, 1, 79, 122.33, 100, 13828, 1252, 715, P0, 0x0000000000000020
2026/09/19 12:27:38.182, 0, 79, 114.43, 100, 14343, 1050, 715, P0, 0x0000000000000020
2026/09/19 12:27:38.188, 1, 77, 55.83, 0, 13828, 1316, 715, P0, 0x0000000000000000
2026/09/19 12:27:39.197, 0, 79, 132.42, 15, 14343, 1139, 715, P0, 0x0000000000000020
2026/09/19 12:27:39.200, 1, 79, 146.61, 100, 13828, 1202, 715, P0, 0x0000000000000000
2026/09/19 12:27:40.211, 0, 79, 120.49, 100, 14343, 1101, 715, P0, 0x0000000000000020
2026/09/19 12:27:40.214, 1, 80, 129.58, 100, 13828, 1290, 715, P0, 0x0000000000000020
2026/09/19 12:27:41.224, 0, 79, 103.44, 100, 14343, 1075, 715, P0, 0x0000000000000000
2026/09/19 12:27:41.229, 1, 78, 56.81, 0, 13828, 1316, 715, P0, 0x0000000000000000
2026/09/19 12:27:42.236, 0, 78, 51.48, 0, 14343, 1252, 715, P0, 0x0000000000000000
2026/09/19 12:27:42.239, 1, 79, 152.64, 100, 13828, 1215, 715, P0, 0x0000000000000000
2026/09/19 12:27:43.246, 0, 79, 115.54, 100, 14343, 1050, 715, P0, 0x0000000000000020
2026/09/19 12:27:43.249, 1, 79, 109.08, 100, 13828, 1177, 715, P0, 0x0000000000000000
2026/09/19 12:27:44.261, 0, 79, 109.92, 100, 14343, 1012, 715, P0, 0x0000000000000000
2026/09/19 12:27:44.268, 1, 78, 56.81, 66, 13828, 1316, 715, P0, 0x0000000000000000
2026/09/19 12:27:45.287, 0, 79, 79.96, 100, 14343, 923, 715, P0, 0x0000000000000000
2026/09/19 12:27:45.290, 1, 77, 102.94, 0, 13828, 1316, 715, P0, 0x0000000000000000
2026/09/19 12:27:46.305, 0, 79, 110.92, 100, 14343, 1025, 715, P0, 0x0000000000000000
2026/09/19 12:27:46.308, 1, 80, 146.63, 100, 13828, 1215, 715, P0, 0x0000000000000000
2026/09/19 12:27:47.317, 0, 79, 112.17, 100, 14343, 1025, 715, P0, 0x0000000000000020
2026/09/19 12:27:47.326, 1, 79, 126.14, 100, 13828, 1252, 715, P0, 0x0000000000000020
2026/09/19 12:27:48.345, 0, 79, 110.90, 100, 14343, 1025, 715, P0, 0x0000000000000020
2026/09/19 12:27:48.348, 1, 77, 52.47, 0, 13828, 1252, 715, P0, 0x0000000000000000
2026/09/19 12:27:49.357, 0, 79, 127.87, 16, 14343, 1113, 715, P0, 0x0000000000000020
2026/09/19 12:27:49.367, 1, 79, 157.46, 100, 13828, 1240, 715, P0, 0x0000000000000020
2026/09/19 12:27:50.384, 0, 80, 127.70, 100, 14343, 1126, 715, P0, 0x0000000000000020
2026/09/19 12:27:50.387, 1, 79, 117.04, 100, 13828, 1227, 715, P0, 0x0000000000000020
2026/09/19 12:27:51.393, 0, 79, 105.12, 100, 14343, 936, 715, P0, 0x0000000000000020
2026/09/19 12:27:51.396, 1, 78, 56.33, 0, 13828, 1316, 715, P0, 0x0000000000000000
2026/09/19 12:27:52.405, 0, 78, 51.72, 68, 14343, 1252, 715, P0, 0x0000000000000000
2026/09/19 12:27:52.408, 1, 79, 148.90, 93, 13828, 1227, 715, P0, 0x0000000000000020
2026/09/19 12:27:53.418, 0, 79, 119.66, 100, 14343, 1101, 715, P0, 0x0000000000000020
2026/09/19 12:27:53.425, 1, 79, 134.52, 100, 13828, 1139, 715, P0, 0x0000000000000020
2026/09/19 12:27:54.430, 0, 79, 126.65, 100, 14343, 1113, 715, P0, 0x0000000000000020
2026/09/19 12:27:54.433, 1, 79, 116.31, 100, 13828, 1290, 715, P0, 0x0000000000000020
2026/09/19 12:27:55.449, 0, 79, 105.19, 100, 14343, 923, 715, P0, 0x0000000000000020
2026/09/19 12:27:55.452, 1, 77, 55.61, 0, 13828, 1316, 715, P0, 0x0000000000000000
2026/09/19 12:27:56.459, 0, 79, 117.56, 100, 14343, 1075, 715, P0, 0x0000000000000000
2026/09/19 12:27:56.466, 1, 80, 141.61, 100, 13828, 1189, 715, P0, 0x0000000000000020
2026/09/19 12:27:57.471, 0, 79, 116.83, 100, 14343, 1063, 715, P0, 0x0000000000000020
2026/09/19 12:27:57.474, 1, 79, 104.80, 100, 13828, 1227, 715, P0, 0x0000000000000020
2026/09/19 12:27:58.486, 0, 79, 121.58, 100, 14343, 1113, 715, P0, 0x0000000000000000
2026/09/19 12:27:58.489, 1, 77, 50.76, 0, 13828, 1215, 715, P0, 0x0000000000000000
2026/09/19 12:27:59.502, 0, 77, 69.42, 0, 14343, 1189, 715, P0, 0x0000000000000000
2026/09/19 12:27:59.505, 1, 79, 146.73, 100, 13828, 1215, 715, P0, 0x0000000000000000
2026/09/19 12:28:00.518, 0, 79, 125.08, 100, 14343, 1101, 715, P0, 0x0000000000000000
2026/09/19 12:28:00.524, 1, 79, 108.79, 100, 13828, 1189, 715, P0, 0x0000000000000000
2026/09/19 12:28:01.528, 0, 79, 108.08, 100, 14343, 974, 715, P0, 0x0000000000000020
2026/09/19 12:28:01.531, 1, 78, 52.02, 35, 13828, 1227, 715, P0, 0x0000000000000000
2026/09/19 12:28:02.543, 0, 78, 51.48, 72, 14343, 1252, 715, P0, 0x0000000000000000
2026/09/19 12:28:02.546, 1, 78, 148.90, 0, 13828, 1215, 715, P0, 0x0000000000000020
2026/09/19 12:28:03.558, 0, 79, 127.07, 100, 14343, 1101, 715, P0, 0x0000000000000020
2026/09/19 12:28:03.564, 1, 80, 132.44, 100, 13828, 1126, 715, P0, 0x0000000000000020
2026/09/19 12:28:04.570, 0, 79, 106.48, 100, 14343, 949, 715, P0, 0x0000000000000020
2026/09/19 12:28:04.573, 1, 79, 135.18, 100, 13828, 1290, 715, P0, 0x0000000000000020
2026/09/19 12:28:05.584, 0, 79, 107.29, 100, 14343, 974, 715, P0, 0x0000000000000000
2026/09/19 12:28:05.587, 1, 77, 55.60, 0, 13828, 1316, 715, P0, 0x0000000000000000
2026/09/19 12:28:06.603, 0, 78, 119.83, 26, 14343, 1075, 715, P0, 0x0000000000000020
2026/09/19 12:28:06.606, 1, 80, 155.49, 100, 13828, 1177, 715, P0, 0x0000000000000020
2026/09/19 12:28:07.620, 0, 79, 120.81, 100, 14343, 1113, 715, P0, 0x0000000000000020
2026/09/19 12:28:07.624, 1, 79, 117.58, 100, 13828, 1227, 715, P0, 0x0000000000000000
2026/09/19 12:28:08.633, 0, 79, 98.98, 100, 14343, 1025, 715, P0, 0x0000000000000000
2026/09/19 12:28:08.643, 1, 78, 56.38, 0, 13828, 1316, 715, P0, 0x0000000000000000
2026/09/19 12:28:09.662, 0, 78, 48.10, 0, 14343, 1189, 715, P0, 0x0000000000000000
2026/09/19 12:28:09.665, 1, 79, 157.35, 100, 13828, 1227, 715, P0, 0x0000000000000020
2026/09/19 12:28:10.680, 0, 79, 128.52, 100, 14343, 1088, 715, P0, 0x0000000000000020
2026/09/19 12:28:10.683, 1, 80, 125.04, 100, 13828, 1113, 715, P0, 0x0000000000000000
2026/09/19 12:28:11.695, 0, 79, 110.19, 100, 14343, 1012, 715, P0, 0x0000000000000020
2026/09/19 12:28:11.703, 1, 78, 51.78, 100, 13828, 1189, 715, P0, 0x0000000000000000
2026/09/19 12:28:12.723, 0, 79, 117.49, 100, 14343, 1101, 715, P0, 0x0000000000000020
2026/09/19 12:28:12.726, 1, 77, 55.59, 0, 13828, 1316, 715, P0, 0x0000000000000000
2026/09/19 12:28:13.734, 0, 79, 122.79, 100, 14343, 1050, 715, P0, 0x0000000000000020
2026/09/19 12:28:13.743, 1, 79, 134.53, 100, 13828, 1189, 715, P0, 0x0000000000000000
2026/09/19 12:28:14.752, 0, 79, 117.22, 100, 14343, 1063, 715, P0, 0x0000000000000020
2026/09/19 12:28:14.761, 1, 79, 120.64, 100, 13828, 1240, 715, P0, 0x0000000000000020
2026/09/19 12:28:15.782, 0, 79, 114.67, 100, 14343, 1050, 715, P0, 0x0000000000000020
2026/09/19 12:28:15.784, 1, 77, 55.83, 0, 13828, 1316, 715, P0, 0x0000000000000000
2026/09/19 12:28:16.797, 0, 78, 137.02, 0, 14343, 1139, 715, P0, 0x0000000000000020
2026/09/19 12:28:16.801, 1, 79, 156.26, 100, 13828, 1252, 715, P0, 0x0000000000000020
2026/09/19 12:28:17.810, 0, 79, 114.96, 100, 14343, 1050, 715, P0, 0x0000000000000020
2026/09/19 12:28:17.821, 1, 79, 136.28, 100, 13828, 1316, 715, P0, 0x0000000000000020
2026/09/19 12:28:18.824, 0, 79, 117.57, 100, 14343, 1063, 715, P0, 0x0000000000000020
2026/09/19 12:28:18.827, 1, 78, 51.98, 0, 13828, 1227, 715, P0, 0x0000000000000000
2026/09/19 12:28:19.839, 0, 79, 82.23, 100, 14343, 620, 715, P0, 0x0000000000000000
2026/09/19 12:28:19.844, 1, 77, 50.88, 0, 13828, 1227, 715, P0, 0x0000000000000000
2026/09/19 12:28:20.855, 0, 78, 101.54, 100, 14343, 936, 715, P0, 0x0000000000000000
2026/09/19 12:28:20.862, 1, 80, 165.45, 100, 13828, 1252, 715, P0, 0x0000000000000020
2026/09/19 12:28:21.869, 0, 79, 106.11, 100, 14343, 1025, 715, P0, 0x0000000000000020
2026/09/19 12:28:21.872, 1, 79, 114.83, 100, 13828, 1202, 715, P0, 0x0000000000000000
2026/09/19 12:28:22.878, 0, 79, 107.13, 100, 14343, 961, 715, P0, 0x0000000000000020
2026/09/19 12:28:22.881, 1, 77, 50.81, 0, 13828, 1215, 715, P0, 0x0000000000000000
2026/09/19 12:28:23.889, 0, 78, 48.36, 0, 14343, 1189, 715, P0, 0x0000000000000000
2026/09/19 12:28:23.895, 1, 78, 149.86, 84, 13828, 1227, 715, P0, 0x0000000000000000
2026/09/19 12:28:24.904, 0, 79, 127.31, 100, 14343, 1113, 715, P0, 0x0000000000000020
2026/09/19 12:28:24.907, 1, 79, 127.18, 100, 13828, 1126, 715, P0, 0x0000000000000020
2026/09/19 12:28:25.918, 0, 79, 114.84, 100, 14343, 1075, 715, P0, 0x0000000000000020
2026/09/19 12:28:25.920, 1, 79, 121.89, 100, 13828, 1290, 715, P0, 0x0000000000000000
2026/09/19 12:28:26.932, 0, 79, 110.40, 100, 14343, 999, 715, P0, 0x0000000000000020
2026/09/19 12:28:26.939, 1, 77, 55.60, 0, 13828, 1316, 715, P0, 0x0000000000000000
2026/09/19 12:28:27.949, 0, 79, 118.55, 100, 14343, 1075, 715, P0, 0x0000000000000020
2026/09/19 12:28:27.957, 1, 80, 125.36, 100, 13828, 1202, 715, P0, 0x0000000000000000
2026/09/19 12:28:28.962, 0, 79, 122.63, 100, 14343, 1088, 715, P0, 0x0000000000000020
2026/09/19 12:28:28.965, 1, 79, 122.27, 100, 13828, 1189, 715, P0, 0x0000000000000020
2026/09/19 12:28:29.977, 0, 79, 96.60, 100, 14343, 898, 715, P0, 0x0000000000000020
2026/09/19 12:28:29.979, 1, 77, 50.11, 0, 13828, 1202, 715, P0, 0x0000000000000000
2026/09/19 12:28:30.989, 0, 77, 48.34, 0, 14343, 1202, 715, P0, 0x0000000000000000
2026/09/19 12:28:30.992, 1, 79, 156.71, 100, 13828, 1227, 715, P0, 0x0000000000000020
2026/09/19 12:28:32.003, 0, 79, 109.74, 100, 14343, 1025, 715, P0, 0x0000000000000020
2026/09/19 12:28:32.006, 1, 79, 137.91, 100, 13828, 1164, 715, P0, 0x0000000000000000
2026/09/19 12:28:33.018, 0, 79, 112.76, 100, 14343, 1063, 715, P0, 0x0000000000000020
2026/09/19 12:28:33.021, 1, 79, 57.29, 52, 13828, 1328, 715, P0, 0x0000000000000000
2026/09/19 12:28:34.034, 0, 79, 111.56, 100, 14343, 1025, 715, P0, 0x0000000000000000
2026/09/19 12:28:34.041, 1, 77, 56.32, 0, 13828, 1328, 715, P0, 0x0000000000000000
2026/09/19 12:28:35.051, 0, 79, 120.79, 100, 14343, 1075, 715, P0, 0x0000000000000020
2026/09/19 12:28:35.061, 1, 79, 119.14, 100, 13828, 1215, 715, P0, 0x0000000000000000
2026/09/19 12:28:36.065, 0, 79, 126.52, 100, 14343, 1101, 715, P0, 0x0000000000000020
2026/09/19 12:28:36.068, 1, 79, 104.29, 100, 13828, 1189, 715, P0, 0x0000000000000000
2026/09/19 12:28:37.081, 0, 79, 113.08, 100, 14343, 1025, 715, P0, 0x0000000000000020
2026/09/19 12:28:37.085, 1, 77, 48.87, 0, 13828, 1189, 715, P0, 0x0000000000000000
2026/09/19 12:28:38.095, 0, 77, 62.05, 0, 14343, 1189, 715, P0, 0x0000000000000000
2026/09/19 12:28:38.100, 1, 79, 142.77, 100, 13828, 1227, 715, P0, 0x0000000000000020
2026/09/19 12:28:39.110, 0, 79, 123.11, 100, 14343, 1088, 715, P0, 0x0000000000000020
2026/09/19 12:28:39.119, 1, 79, 125.82, 100, 13828, 1265, 715, P0, 0x0000000000000000
2026/09/19 12:28:40.124, 0, 79, 110.40, 100, 14343, 999, 715, P0, 0x0000000000000020
2026/09/19 12:28:40.126, 1, 78, 56.81, 0, 13828, 1316, 715, P0, 0x0000000000000000
2026/09/19 12:28:41.138, 0, 78, 53.13, 43, 14343, 1290, 715, P0, 0x0000000000000000
2026/09/19 12:28:41.140, 1, 79, 155.65, 44, 13828, 1240, 715, P0, 0x0000000000000020
2026/09/19 12:28:42.151, 0, 79, 125.31, 100, 14343, 1126, 715, P0, 0x0000000000000020
2026/09/19 12:28:42.158, 1, 79, 136.33, 100, 13828, 1151, 715, P0, 0x0000000000000020
2026/09/19 12:28:43.167, 0, 79, 95.97, 100, 14343, 1063, 715, P0, 0x0000000000000000
2026/09/19 12:28:43.170, 1, 80, 134.72, 100, 13828, 1290, 715, P0, 0x0000000000000020
2026/09/19 12:28:44.183, 0, 79, 111.81, 100, 14343, 1025, 715, P0, 0x0000000000000020
2026/09/19 12:28:44.186, 1, 77, 53.67, 0, 13828, 1290, 715, P0, 0x0000000000000000
2026/09/19 12:28:45.199, 0, 79, 128.85, 87, 14343, 1113, 715, P0, 0x0000000000000020
2026/09/19 12:28:45.202, 1, 80, 147.59, 100, 13828, 1202, 715, P0, 0x0000000000000000
2026/09/19 12:28:46.212, 0, 79, 116.03, 100, 14343, 1050, 715, P0, 0x0000000000000020
2026/09/19 12:28:46.220, 1, 79, 114.98, 100, 13828, 1202, 715, P0, 0x0000000000000020
2026/09/19 12:28:47.226, 0, 79, 127.74, 100, 14343, 1139, 715, P0, 0x0000000000000020
2026/09/19 12:28:47.229, 1, 77, 51.72, 0, 13828, 1227, 715, P0, 0x0000000000000000
2026/09/19 12:28:48.236, 0, 78, 53.41, 0, 14343, 1290, 715, P0, 0x0000000000000000
2026/09/19 12:28:48.240, 1, 79, 147.46, 100, 13828, 1202, 715, P0, 0x0000000000000000
2026/09/19 12:28:49.262, 0, 80, 123.60, 100, 14343, 1075, 715, P0, 0x0000000000000020
2026/09/19 12:28:49.267, 1, 79, 118.75, 100, 13828, 1088, 715, P0, 0x0000000000000000
2026/09/19 12:28:50.282, 0, 79, 112.27, 100, 14343, 1025, 715, P0, 0x0000000000000020
2026/09/19 12:28:50.287, 1, 78, 56.57, 75, 13828, 1316, 715, P0, 0x0000000000000000
2026/09/19 12:28:51.298, 0, 79, 116.36, 100, 14343, 1075, 715, P0, 0x0000000000000020
2026/09/19 12:28:51.301, 1, 77, 55.35, 0, 13828, 1316, 715, P0, 0x0000000000000000
2026/09/19 12:28:52.309, 0, 79, 117.69, 100, 14343, 1075, 715, P0, 0x0000000000000000
2026/09/19 12:28:52.317, 1, 79, 120.45, 100, 13828, 1075, 715, P0, 0x0000000000000020
2026/09/19 12:28:53.334, 0, 80, 119.54, 100, 14343, 1063, 715, P0, 0x0000000000000020
2026/09/19 12:28:53.337, 1, 79, 125.24, 100, 13828, 1202, 715, P0, 0x0000000000000020
2026/09/19 12:28:54.348, 0, 79, 102.54, 100, 14343, 1012, 715, P0, 0x0000000000000000
2026/09/19 12:28:54.356, 1, 77, 52.47, 0, 13828, 1265, 715, P0, 0x0000000000000000
2026/09/19 12:28:55.363, 0, 78, 47.89, 0, 14343, 1189, 715, P0, 0x0000000000000000
2026/09/19 12:28:55.366, 1, 79, 140.40, 100, 13828, 1227, 715, P0, 0x0000000000000000
2026/09/19 12:28:56.377, 0, 79, 118.44, 100, 14343, 1075, 715, P0, 0x0000000000000000
2026/09/19 12:28:56.380, 1, 80, 108.81, 100, 13828, 974, 715, P0, 0x0000000000000020
2026/09/19 12:28:57.389, 0, 79, 105.45, 100, 14343, 936, 715, P0, 0x0000000000000020
2026/09/19 12:28:57.397, 1, 78, 49.37, 100, 13828, 1189, 715, P0, 0x0000000000000000
2026/09/19 12:28:58.406, 0, 79, 89.89, 100, 14343, 999, 715, P0, 0x0000000000000000
2026/09/19 12:28:58.415, 1, 77, 53.49, 0, 13828, 1290, 715, P0, 0x0000000000000000
2026/09/19 12:28:59.433, 0, 79, 117.80, 100, 14343, 1075, 715, P0, 0x0000000000000000
2026/09/19 12:28:59.436, 1, 79, 134.61, 100, 13828, 1189, 715, P0, 0x0000000000000020
2026/09/19 12:29:00.451, 0, 79, 117.30, 100, 14343, 1063, 715, P0, 0x0000000000000020
2026/09/19 12:29:00.454, 1, 79, 148.00, 100, 13828, 1328, 715, P0, 0x0000000000000000
2026/09/19 12:29:01.467, 0, 79, 110.85, 100, 14343, 987, 715, P0, 0x0000000000000020
2026/09/19 12:29:01.476, 1, 77, 51.99, 0, 13828, 1240, 715, P0, 0x0000000000000000
2026/09/19 12:29:02.484, 0, 78, 47.86, 0, 14343, 1189, 715, P0, 0x0000000000000000
2026/09/19 12:29:02.489, 1, 79, 157.11, 100, 13828, 1252, 715, P0, 0x0000000000000020
2026/09/19 12:29:03.495, 0, 79, 114.30, 100, 14343, 1050, 715, P0, 0x0000000000000020
2026/09/19 12:29:03.498, 1, 79, 137.89, 100, 13828, 1164, 715, P0, 0x0000000000000020
2026/09/19 12:29:04.512, 0, 79, 119.65, 100, 14343, 1101, 715, P0, 0x0000000000000020
2026/09/19 12:29:04.516, 1, 79, 57.01, 67, 13828, 1316, 715, P0, 0x0000000000000000
2026/09/19 12:29:05.528, 0, 79, 119.64, 100, 14343, 1126, 715, P0, 0x0000000000000020
2026/09/19 12:29:05.531, 1, 77, 55.58, 0, 13828, 1316, 715, P0, 0x0000000000000000
2026/09/19 12:29:06.542, 0, 79, 133.37, 100, 14343, 1126, 715, P0, 0x0000000000000020
2026/09/19 12:29:06.551, 1, 79, 135.55, 100, 13828, 1189, 715, P0, 0x0000000000000020
2026/09/19 12:29:07.563, 0, 80, 109.63, 100, 14343, 923, 715, P0, 0x0000000000000020
2026/09/19 12:29:07.575, 1, 78, 108.41, 100, 13828, 1126, 715, P0, 0x0000000000000020
2026/09/19 12:29:08.594, 0, 79, 110.43, 100, 14343, 1012, 715, P0, 0x0000000000000020
2026/09/19 12:29:08.598, 1, 77, 49.36, 0, 13828, 1189, 715, P0, 0x0000000000000000
2026/09/19 12:29:09.611, 0, 77, 47.66, 0, 14343, 1189, 715, P0, 0x0000000000000000
2026/09/19 12:29:09.615, 1, 78, 138.98, 100, 13828, 1189, 715, P0, 0x0000000000000000
2026/09/19 12:29:10.622, 0, 79, 117.58, 100, 14343, 1063, 715, P0, 0x0000000000000020
2026/09/19 12:29:10.630, 1, 79, 138.54, 100, 13828, 1189, 715, P0, 0x0000000000000000
2026/09/19 12:29:11.649, 0, 80, 114.91, 100, 14343, 923, 715, P0, 0x0000000000000020
2026/09/19 12:29:11.654, 1, 78, 57.01, 0, 13828, 1316, 715, P0, 0x0000000000000000
2026/09/19 12:29:12.660, 0, 79, 83.12, 100, 14343, 1075, 715, P0, 0x0000000000000000
2026/09/19 12:29:12.670, 1, 77, 55.38, 0, 13828, 1316, 715, P0, 0x0000000000000000
2026/09/19 12:29:13.687, 0, 79, 126.82, 100, 14343, 1075, 715, P0, 0x0000000000000020
2026/09/19 12:29:13.691, 1, 79, 142.01, 100, 13828, 1227, 715, P0, 0x0000000000000000
2026/09/19 12:29:14.703, 0, 79, 123.60, 100, 14343, 1101, 715, P0, 0x0000000000000000
2026/09/19 12:29:14.710, 1, 79, 122.05, 100, 13828, 1227, 715, P0, 0x0000000000000020
2026/09/19 12:29:15.714, 0, 79, 108.55, 100, 14343, 1063, 715, P0, 0x0000000000000000
2026/09/19 12:29:15.717, 1, 77, 55.84, 0, 13828, 1316, 715, P0, 0x0000000000000000
2026/09/19 12:29:16.730, 0, 78, 53.17, 0, 14343, 1290, 715, P0, 0x0000000000000000
2026/09/19 12:29:16.733, 1, 79, 148.68, 100, 13828, 1227, 715, P0, 0x0000000000000000
2026/09/19 12:29:17.745, 0, 79, 125.89, 100, 14343, 1075, 715, P0, 0x0000000000000020
2026/09/19 12:29:17.750, 1, 79, 134.29, 100, 13828, 1189, 715, P0, 0x0000000000000000
2026/09/19 12:29:18.760, 0, 79, 105.36, 100, 14343, 949, 715, P0, 0x0000000000000020
2026/09/19 12:29:18.771, 1, 78, 56.33, 57, 13828, 1316, 715, P0, 0x0000000000000000
2026/09/19 12:29:19.789, 0, 79, 105.19, 100, 14343, 936, 715, P0, 0x0000000000000020
2026/09/19 12:29:19.792, 1, 77, 55.36, 0, 13828, 1316, 715, P0, 0x0000000000000000
2026/09/19 12:29:20.801, 0, 79, 117.34, 100, 14343, 1075, 715, P0, 0x0000000000000000
2026/09/19 12:29:20.812, 1, 79, 136.43, 100, 13828, 1164, 715, P0, 0x0000000000000000
2026/09/19 12:29:21.820, 0, 79, 117.08, 100, 14343, 1063, 715, P0, 0x0000000000000020
2026/09/19 12:29:21.830, 1, 79, 100.95, 100, 13828, 1227, 715, P0, 0x0000000000000000
2026/09/19 12:29:22.837, 0, 80, 126.28, 100, 14343, 1113, 715, P0, 0x0000000000000020
2026/09/19 12:29:22.841, 1, 78, 55.78, 0, 13828, 1316, 715, P0, 0x0000000000000000
2026/09/19 12:29:23.852, 0, 78, 53.41, 0, 14343, 1290, 715, P0, 0x0000000000000000
2026/09/19 12:29:23.855, 1, 79, 138.54, 100, 13828, 1240, 715, P0, 0x0000000000000000
2026/09/19 12:29:24.864, 0, 80, 132.12, 100, 14343, 1113, 715, P0, 0x0000000000000020
2026/09/19 12:29:24.871, 1, 79, 123.59, 100, 13828, 1101, 715, P0, 0x0000000000000000
2026/09/19 12:29:25.877, 0, 79, 105.93, 100, 14343, 999, 715, P0, 0x0000000000000020
2026/09/19 12:29:25.881, 1, 79, 54.90, 66, 13828, 1316, 715, P0, 0x0000000000000020
2026/09/19 12:29:26.890, 0, 79, 106.09, 100, 14343, 949, 715, P0, 0x0000000000000020
2026/09/19 12:29:26.893, 1, 77, 55.60, 0, 13828, 1316, 715, P0, 0x0000000000000000
2026/09/19 12:29:27.905, 0, 79, 122.14, 100, 14343, 1101, 715, P0, 0x0000000000000000
2026/09/19 12:29:27.913, 1, 80, 157.50, 100, 13828, 1189, 715, P0, 0x0000000000000020
2026/09/19 12:29:28.917, 0, 79, 129.48, 100, 14343, 1139, 715, P0, 0x0000000000000020
2026/09/19 12:29:28.920, 1, 79, 126.52, 100, 13828, 1252, 715, P0, 0x0000000000000020
2026/09/19 12:29:29.933, 0, 79, 104.70, 100, 14343, 1113, 715, P0, 0x0000000000000000
2026/09/19 12:29:29.936, 1, 78, 56.83, 0, 13828, 1328, 715, P0, 0x0000000000000000
2026/09/19 12:29:30.946, 0, 78, 49.79, 0, 14343, 1227, 715, P0, 0x0000000000000000
2026/09/19 12:29:30.949, 1, 79, 157.42, 100, 13828, 1227, 715, P0, 0x0000000000000020
2026/09/19 12:29:31.962, 0, 79, 123.59, 100, 14343, 1101, 715, P0, 0x0000000000000020
2026/09/19 12:29:31.970, 1, 79, 121.55, 100, 13828, 1101, 715, P0, 0x0000000000000000
2026/09/19 12:29:32.976, 0, 79, 118.71, 100, 14343, 1101, 715, P0, 0x0000000000000020
2026/09/19 12:29:32.979, 1, 79, 103.75, 100, 13828, 1252, 715, P0, 0x0000000000000000
2026/09/19 12:29:33.990, 0, 79, 118.27, 100, 14343, 1050, 715, P0, 0x0000000000000020
2026/09/19 12:29:33.993, 1, 77, 56.31, 0, 13828, 1316, 715, P0, 0x0000000000000000
2026/09/19 12:29:35.006, 0, 79, 132.49, 100, 14343, 1126, 715, P0, 0x0000000000000020
2026/09/19 12:29:35.009, 1, 79, 131.39, 100, 13828, 1139, 715, P0, 0x0000000000000000
2026/09/19 12:29:36.022, 0, 80, 118.32, 100, 14343, 923, 715, P0, 0x0000000000000020
2026/09/19 12:29:36.032, 1, 79, 125.91, 100, 13828, 1278, 715, P0, 0x0000000000000020
2026/09/19 12:29:37.049, 0, 79, 98.68, 100, 14343, 1063, 715, P0, 0x0000000000000000
2026/09/19 12:29:37.052, 1, 78, 56.81, 0, 13828, 1328, 715, P0, 0x0000000000000000
2026/09/19 12:29:38.061, 0, 78, 48.10, 0, 14343, 1189, 715, P0, 0x0000000000000000
2026/09/19 12:29:38.063, 1, 79, 157.80, 100, 13828, 1252, 715, P0, 0x0000000000000020
2026/09/19 12:29:39.076, 0, 79, 117.11, 100, 14343, 1075, 715, P0, 0x0000000000000020
2026/09/19 12:29:39.080, 1, 79, 135.74, 100, 13828, 1139, 715, P0, 0x0000000000000020
2026/09/19 12:29:40.095, 0, 79, 125.21, 100, 14343, 1113, 715, P0, 0x0000000000000020
2026/09/19 12:29:40.098, 1, 79, 120.63, 100, 13828, 1227, 715, P0, 0x0000000000000020
2026/09/19 12:29:41.103, 0, 79, 102.31, 100, 14343, 885, 715, P0, 0x0000000000000000
2026/09/19 12:29:41.110, 1, 77, 51.06, 0, 13828, 1227, 715, P0, 0x0000000000000000
2026/09/19 12:29:42.118, 0, 79, 113.70, 100, 14343, 1050, 715, P0, 0x0000000000000020
2026/09/19 12:29:42.120, 1, 79, 154.30, 100, 13828, 1215, 715, P0, 0x0000000000000020
2026/09/19 12:29:43.133, 0, 79, 118.70, 100, 14343, 1101, 715, P0, 0x0000000000000020
2026/09/19 12:29:43.136, 1, 79, 108.58, 100, 13828, 1177, 715, P0, 0x0000000000000020
2026/09/19 12:29:44.145, 0, 79, 113.96, 100, 14343, 1050, 715, P0, 0x0000000000000000
2026/09/19 12:29:44.148, 1, 78, 51.76, 0, 13828, 1227, 715, P0, 0x0000000000000000
2026/09/19 12:29:45.162, 0, 78, 48.38, 14, 14343, 1189, 715, P0, 0x0000000000000000
2026/09/19 12:29:45.165, 1, 78, 145.43, 100, 13828, 1189, 715, P0, 0x0000000000000020
2026/09/19 12:29:46.178, 0, 79, 134.75, 100, 14343, 1164, 715, P0, 0x0000000000000020
2026/09/19 12:29:46.187, 1, 79, 141.92, 100, 13828, 1189, 715, P0, 0x0000000000000020
2026/09/19 12:29:47.192, 0, 79, 101.75, 100, 14343, 1037, 715, P0, 0x0000000000000020
2026/09/19 12:29:47.196, 1, 79, 130.01, 100, 13828, 1265, 715, P0, 0x0000000000000020
2026/09/19 12:29:48.204, 0, 79, 99.95, 100, 14343, 873, 715, P0, 0x0000000000000020
2026/09/19 12:29:48.209, 1, 77, 53.24, 0, 13828, 1278, 715, P0, 0x0000000000000000
2026/09/19 12:29:49.219, 0, 78, 133.41, 0, 14343, 1101, 715, P0, 0x0000000000000020
2026/09/19 12:29:49.229, 1, 80, 167.97, 100, 13828, 1265, 715, P0, 0x0000000000000020
2026/09/19 12:29:50.235, 0, 79, 117.98, 100, 14343, 1075, 715, P0, 0x0000000000000000
2026/09/19 12:29:50.238, 1, 79, 109.05, 100, 13828, 1189, 715, P0, 0x0000000000000000
2026/09/19 12:29:51.246, 0, 79, 104.47, 100, 14343, 911, 715, P0, 0x0000000000000020
2026/09/19 12:29:51.249, 1, 78, 56.82, 55, 13828, 1316, 715, P0, 0x0000000000000000
2026/09/19 12:29:52.264, 0, 79, 106.81, 100, 14343, 1025, 715, P0, 0x0000000000000020
2026/09/19 12:29:52.268, 1, 77, 55.60, 0, 13828, 1316, 715, P0, 0x0000000000000000
2026/09/19 12:29:53.275, 0, 79, 117.31, 100, 14343, 1075, 715, P0, 0x0000000000000000
2026/09/19 12:29:53.285, 1, 80, 148.22, 100, 13828, 1227, 715, P0, 0x0000000000000000
2026/09/19 12:29:54.299, 0, 79, 117.60, 100, 14343, 1075, 715, P0, 0x0000000000000000
2026/09/19 12:29:54.309, 1, 79, 141.41, 100, 13828, 1252, 715, P0, 0x0000000000000020
2026/09/19 12:29:55.314, 0, 79, 109.95, 100, 14343, 1050, 715, P0, 0x0000000000000020
2026/09/19 12:29:55.317, 1, 77, 52.71, 0, 13828, 1252, 715, P0, 0x0000000000000000
2026/09/19 12:29:56.325, 0, 78, 51.49, 0, 14343, 1252, 715, P0, 0x0000000000000000
2026/09/19 12:29:56.327, 1, 79, 127.61, 100, 13828, 1252, 715, P0, 0x0000000000000000
2026/09/19 12:29:57.337, 0, 79, 128.50, 100, 14343, 1101, 715, P0, 0x0000000000000020
2026/09/19 12:29:57.344, 1, 80, 128.83, 100, 13828, 1189, 715, P0, 0x0000000000000020
2026/09/19 12:29:58.357, 0, 79, 108.75, 100, 14343, 1037, 715, P0, 0x0000000000000020
2026/09/19 12:29:58.365, 1, 78, 53.93, 95, 13828, 1240, 715, P0, 0x0000000000000000
2026/09/19 12:29:59.370, 0, 79, 110.67, 100, 14343, 999, 715, P0, 0x0000000000000020
2026/09/19 12:29:59.373, 1, 77, 51.77, 0, 13828, 1240, 715, P0, 0x0000000000000000
2026/09/19 12:30:00.387, 0, 79, 122.24, 96, 14343, 1088, 715, P0, 0x0000000000000020
2026/09/19 12:30:00.390, 1, 79, 152.61, 100, 13828, 1215, 715, P0, 0x0000000000000000
2026/09/19 12:30:01.401, 0, 79, 127.11, 100, 14343, 1113, 715, P0, 0x0000000000000020
2026/09/19 12:30:01.405, 1, 79, 130.02, 100, 13828, 1290, 715, P0, 0x0000000000000000
2026/09/19 12:30:02.417, 0, 79, 106.08, 100, 14343, 949, 715, P0, 0x0000000000000020
2026/09/19 12:30:02.425, 1, 78, 57.05, 0, 13828, 1316, 715, P0, 0x0000000000000000
2026/09/19 12:30:03.432, 0, 78, 51.68, 65, 14343, 1252, 715, P0, 0x0000000000000000
2026/09/19 12:30:03.436, 1, 79, 166.78, 80, 13828, 1278, 715, P0, 0x0000000000000000
2026/09/19 12:30:04.459, 0, 79, 118.39, 100, 14343, 1101, 715, P0, 0x0000000000000020
2026/09/19 12:30:04.466, 1, 79, 124.43, 100, 13828, 1101, 715, P0, 0x0000000000000020
2026/09/19 12:30:05.473, 0, 79, 118.42, 100, 14343, 1063, 715, P0, 0x0000000000000020
2026/09/19 12:30:05.476, 1, 79, 123.75, 100, 13828, 1240, 715, P0, 0x0000000000000020
2026/09/19 12:30:06.490, 0, 79, 104.89, 100, 14343, 911, 715, P0, 0x0000000000000000
2026/09/19 12:30:06.493, 1, 77, 55.60, 0, 13828, 1316, 715, P0, 0x0000000000000000
2026/09/19 12:30:07.502, 0, 78, 120.57, 74, 14343, 1075, 715, P0, 0x0000000000000020
2026/09/19 12:30:07.507, 1, 79, 151.66, 100, 13828, 1227, 715, P0, 0x0000000000000020
2026/09/19 12:30:08.519, 0, 79, 90.59, 100, 14343, 1101, 715, P0, 0x0000000000000000
2026/09/19 12:30:08.527, 1, 79, 123.66, 100, 13828, 1240, 715, P0, 0x0000000000000000
2026/09/19 12:30:09.531, 0, 79, 118.28, 100, 14343, 1075, 715, P0, 0x0000000000000000
2026/09/19 12:30:09.534, 1, 78, 54.39, 0, 13828, 1278, 715, P0, 0x0000000000000000
2026/09/19 12:30:10.545, 0, 78, 48.61, 34, 14343, 1189, 715, P0, 0x0000000000000000
2026/09/19 12:30:10.550, 1, 78, 146.29, 100, 13828, 1215, 715, P0, 0x0000000000000020
2026/09/19 12:30:11.564, 0, 80, 132.75, 100, 14343, 1177, 715, P0, 0x0000000000000020
2026/09/19 12:30:11.567, 1, 79, 125.02, 100, 13828, 1126, 715, P0, 0x0000000000000020
2026/09/19 12:30:12.586, 0, 79, 117.85, 100, 14343, 1063, 715, P0, 0x0000000000000020
2026/09/19 12:30:12.589, 1, 79, 129.18, 100, 13828, 1278, 715, P0, 0x0000000000000020
2026/09/19 12:30:13.597, 0, 79, 110.83, 100, 14343, 999, 715, P0, 0x0000000000000020
2026/09/19 12:30:13.604, 1, 77, 53.91, 0, 13828, 1290, 715, P0, 0x0000000000000000
2026/09/19 12:30:14.624, 0, 79, 116.99, 32, 14343, 1063, 715, P0, 0x0000000000000020
2026/09/19 12:30:14.630, 1, 80, 143.76, 100, 13828, 1164, 715, P0, 0x0000000000000020
2026/09/19 12:30:15.636, 0, 79, 127.34, 100, 14343, 1177, 715, P0, 0x0000000000000020
2026/09/19 12:30:15.644, 1, 79, 121.79, 100, 13828, 1240, 715, P0, 0x0000000000000000
2026/09/19 12:30:16.654, 0, 79, 105.13, 100, 14343, 936, 715, P0, 0x0000000000000000
2026/09/19 12:30:16.657, 1, 78, 55.85, 0, 13828, 1303, 715, P0, 0x0000000000000000
2026/09/19 12:30:17.668, 0, 79, 49.79, 74, 14343, 1227, 715, P0, 0x0000000000000000
2026/09/19 12:30:17.672, 1, 78, 145.75, 0, 13828, 1202, 715, P0, 0x0000000000000020
2026/09/19 12:30:18.683, 0, 79, 121.58, 100, 14343, 1050, 715, P0, 0x0000000000000020
2026/09/19 12:30:18.686, 1, 79, 135.72, 100, 13828, 1189, 715, P0, 0x0000000000000000
2026/09/19 12:30:19.696, 0, 79, 117.20, 100, 14343, 1063, 715, P0, 0x0000000000000020
2026/09/19 12:30:19.704, 1, 79, 121.60, 100, 13828, 1227, 715, P0, 0x0000000000000020
2026/09/19 12:30:20.712, 0, 80, 110.37, 100, 14343, 1025, 715, P0, 0x0000000000000020
2026/09/19 12:30:20.715, 1, 77, 53.20, 0, 13828, 1265, 715, P0, 0x0000000000000000
2026/09/19 12:30:21.725, 0, 78, 51.52, 0, 14343, 1252, 715, P0, 0x0000000000000000
2026/09/19 12:30:21.729, 1, 79, 119.12, 100, 13828, 1227, 715, P0, 0x0000000000000000
2026/09/19 12:30:22.740, 0, 79, 122.77, 100, 14343, 1075, 715, P0, 0x0000000000000020
2026/09/19 12:30:22.743, 1, 80, 131.91, 100, 13828, 1139, 715, P0, 0x0000000000000020
2026/09/19 12:30:23.745, 0, 79, 124.39, 100, 14343, 1113, 715, P0, 0x0000000000000020
2026/09/19 12:30:23.749, 1, 79, 54.59, 72, 13828, 1316, 715, P0, 0x0000000000000020
2026/09/19 12:30:24.757, 0, 79, 112.26, 100, 14343, 999, 715, P0, 0x0000000000000020
2026/09/19 12:30:24.766, 1, 77, 56.32, 0, 13828, 1316, 715, P0, 0x0000000000000000
2026/09/19 12:30:25.774, 0, 79, 122.75, 100, 14343, 1088, 715, P0, 0x0000000000000020
2026/09/19 12:30:25.783, 1, 79, 136.65, 100, 13828, 1151, 715, P0, 0x0000000000000020
2026/09/19 12:30:26.802, 0, 79, 110.95, 100, 14343, 1025, 715, P0, 0x0000000000000020
2026/09/19 12:30:26.805, 1, 80, 136.05, 100, 13828, 1290, 715, P0, 0x0000000000000020
2026/09/19 12:30:27.814, 0, 79, 90.31, 100, 14343, 1164, 715, P0, 0x0000000000000000
2026/09/19 12:30:27.822, 1, 78, 54.89, 0, 13828, 1290, 715, P0, 0x0000000000000000
2026/09/19 12:30:28.828, 0, 78, 48.13, 0, 14343, 1189, 715, P0, 0x0000000000000000
2026/09/19 12:30:28.831, 1, 79, 139.69, 100, 13828, 1177, 715, P0, 0x0000000000000020
2026/09/19 12:30:29.845, 0, 80, 130.06, 100, 14343, 1113, 715, P0, 0x0000000000000020
2026/09/19 12:30:29.847, 1, 80, 138.46, 100, 13828, 1151, 715, P0, 0x0000000000000020
2026/09/19 12:30:30.859, 0, 79, 93.96, 100, 14343, 1063, 715, P0, 0x0000000000000000
2026/09/19 12:30:30.864, 1, 79, 118.08, 100, 13828, 1227, 715, P0, 0x0000000000000020
2026/09/19 12:30:31.873, 0, 79, 112.82, 100, 14343, 1025, 715, P0, 0x0000000000000020
2026/09/19 12:30:31.883, 1, 77, 51.04, 0, 13828, 1227, 715, P0, 0x0000000000000000
2026/09/19 12:30:32.902, 0, 79, 127.16, 83, 14343, 1113, 715, P0, 0x0000000000000020
2026/09/19 12:30:32.905, 1, 79, 152.34, 100, 13828, 1215, 715, P0, 0x0000000000000020
2026/09/19 12:30:33.915, 0, 79, 124.96, 100, 14343, 1113, 715, P0, 0x0000000000000020
2026/09/19 12:30:33.923, 1, 79, 128.84, 100, 13828, 1265, 715, P0, 0x0000000000000000
2026/09/19 12:30:34.927, 0, 80, 114.68, 100, 14343, 1050, 715, P0, 0x0000000000000000
2026/09/19 12:30:34.930, 1, 78, 53.19, 10, 13828, 1252, 715, P0, 0x0000000000000000
2026/09/19 12:30:35.938, 0, 79, 47.87, 100, 14343, 1189, 715, P0, 0x0000000000000000
2026/09/19 12:30:35.941, 1, 77, 155.30, 0, 13828, 1252, 715, P0, 0x0000000000000000
2026/09/19 12:30:36.954, 0, 79, 114.96, 100, 14343, 1050, 715, P0, 0x0000000000000020
2026/09/19 12:30:36.962, 1, 79, 141.65, 100, 13828, 1227, 715, P0, 0x0000000000000020
2026/09/19 12:30:37.970, 0, 79, 117.94, 100, 14343, 1050, 715, P0, 0x0000000000000020
2026/09/19 12:30:37.980, 1, 79, 116.39, 100, 13828, 1227, 715, P0, 0x0000000000000000
2026/09/19 12:30:38.986, 0, 79, 102.30, 100, 14343, 1075, 715, P0, 0x0000000000000000
2026/09/19 12:30:38.989, 1, 77, 52.50, 0, 13828, 1252, 715, P0, 0x0000000000000000
2026/09/19 12:30:39.999, 0, 78, 48.09, 0, 14343, 1189, 715, P0, 0x0000000000000000
2026/09/19 12:30:40.001, 1, 79, 163.92, 100, 13828, 1252, 715, P0, 0x0000000000000020
2026/09/19 12:30:41.012, 0, 79, 121.55, 100, 14343, 1075, 715, P0, 0x0000000000000020
2026/09/19 12:30:41.021, 1, 80, 139.44, 100, 13828, 1177, 715, P0, 0x0000000000000020
2026/09/19 12:30:42.025, 0, 79, 108.15, 100, 14343, 1075, 715, P0, 0x0000000000000000
2026/09/19 12:30:42.028, 1, 80, 129.69, 100, 13828, 1265, 715, P0, 0x0000000000000020
2026/09/19 12:30:43.039, 0, 79, 104.95, 100, 14343, 911, 715, P0, 0x0000000000000020
2026/09/19 12:30:43.043, 1, 77, 56.33, 0, 13828, 1316, 715, P0, 0x0000000000000000
2026/09/19 12:30:44.051, 0, 78, 118.65, 83, 14343, 1088, 715, P0, 0x0000000000000020
2026/09/19 12:30:44.058, 1, 80, 157.29, 100, 13828, 1240, 715, P0, 0x0000000000000000
2026/09/19 12:30:45.067, 0, 79, 123.16, 100, 14343, 1075, 715, P0, 0x0000000000000000
2026/09/19 12:30:45.070, 1, 79, 109.27, 100, 13828, 1189, 715, P0, 0x0000000000000000
2026/09/19 12:30:46.079, 0, 79, 106.16, 100, 14343, 949, 715, P0, 0x0000000000000020
2026/09/19 12:30:46.082, 1, 78, 52.26, 30, 13828, 1227, 715, P0, 0x0000000000000000
2026/09/19 12:30:47.092, 0, 79, 111.88, 100, 14343, 1075, 715, P0, 0x0000000000000020
2026/09/19 12:30:47.100, 1, 77, 50.77, 0, 13828, 1227, 715, P0, 0x0000000000000000
2026/09/19 12:30:48.105, 0, 79, 117.05, 100, 14343, 1063, 715, P0, 0x0000000000000020
2026/09/19 12:30:48.108, 1, 80, 154.54, 100, 13828, 1215, 715, P0, 0x0000000000000000
2026/09/19 12:30:49.118, 0, 79, 118.31, 100, 14343, 1075, 715, P0, 0x0000000000000020
2026/09/19 12:30:49.121, 1, 79, 132.20, 100, 13828, 1278, 715, P0, 0x0000000000000000
2026/09/19 12:30:50.132, 0, 79, 107.05, 100, 14343, 949, 715, P0, 0x0000000000000020
2026/09/19 12:30:50.142, 1, 78, 56.33, 0, 13828, 1316, 715, P0, 0x0000000000000000
2026/09/19 12:30:51.150, 0, 78, 48.13, 0, 14343, 1189, 715, P0, 0x0000000000000000
2026/09/19 12:30:51.153, 1, 78, 138.80, 61, 13828, 1189, 715, P0, 0x0000000000000000
2026/09/19 12:30:52.162, 0, 79, 125.69, 100, 14343, 1101, 715, P0, 0x0000000000000020
2026/09/19 12:30:52.165, 1, 79, 140.63, 100, 13828, 1189, 715, P0, 0x0000000000000020
2026/09/19 12:30:53.174, 0, 79, 117.94, 100, 14343, 1063, 715, P0, 0x0000000000000020
2026/09/19 12:30:53.180, 1, 79, 121.61, 100, 13828, 1252, 715, P0, 0x0000000000000020
2026/09/19 12:30:54.190, 0, 79, 108.25, 100, 14343, 987, 715, P0, 0x0000000000000020
2026/09/19 12:30:54.201, 1, 77, 55.84, 0, 13828, 1316, 715, P0, 0x0000000000000000
2026/09/19 12:30:55.217, 0, 78, 53.85, 0, 14343, 1303, 715, P0, 0x0000000000000000
2026/09/19 12:30:55.220, 1, 79, 161.77, 100, 13828, 1290, 715, P0, 0x0000000000000020
2026/09/19 12:30:56.232, 0, 80, 117.58, 100, 14343, 1063, 715, P0, 0x0000000000000020
2026/09/19 12:30:56.241, 1, 79, 126.29, 100, 13828, 1189, 715, P0, 0x0000000000000000
2026/09/19 12:30:57.247, 0, 80, 118.20, 100, 14343, 1075, 715, P0, 0x0000000000000020
2026/09/19 12:30:57.249, 1, 79, 56.76, 56, 13828, 1316, 715, P0, 0x0000000000000000
2026/09/19 12:30:58.262, 0, 79, 104.46, 100, 14343, 936, 715, P0, 0x0000000000000000
2026/09/19 12:30:58.265, 1, 77, 56.09, 0, 13828, 1316, 715, P0, 0x0000000000000000
2026/09/19 12:30:59.278, 0, 79, 117.83, 100, 14343, 1063, 715, P0, 0x0000000000000020
2026/09/19 12:30:59.285, 1, 80, 130.08, 100, 13828, 1126, 715, P0, 0x0000000000000020
2026/09/19 12:31:00.293, 0, 79, 121.71, 100, 14343, 1088, 715, P0, 0x0000000000000020
2026/09/19 12:31:00.305, 1, 79, 114.48, 100, 13828, 1189, 715, P0, 0x0000000000000020
2026/09/19 12:31:01.322, 0, 79, 118.05, 100, 14343, 1075, 715, P0, 0x0000000000000000
2026/09/19 12:31:01.325, 1, 77, 49.81, 0, 13828, 1189, 715, P0, 0x0000000000000000
2026/09/19 12:31:02.336, 0, 78, 48.37, 0, 14343, 1189, 715, P0, 0x0000000000000000
2026/09/19 12:31:02.339, 1, 78, 147.97, 88, 13828, 1202, 715, P0, 0x0000000000000000
2026/09/19 12:31:03.352, 0, 79, 118.71, 100, 14343, 1075, 715, P0, 0x0000000000000020
2026/09/19 12:31:03.355, 1, 79, 136.91, 100, 13828, 1164, 715, P0, 0x0000000000000020
2026/09/19 12:31:04.372, 0, 79, 114.35, 100, 14343, 1050, 715, P0, 0x0000000000000000
2026/09/19 12:31:04.384, 1, 79, 122.08, 100, 13828, 1227, 715, P0, 0x0000000000000020
2026/09/19 12:31:05.401, 0, 79, 113.96, 100, 14343, 1050, 715, P0, 0x0000000000000020
2026/09/19 12:31:05.404, 1, 77, 51.76, 0, 13828, 1240, 715, P0, 0x0000000000000000
2026/09/19 12:31:06.417, 0, 77, 48.79, 0, 14343, 1189, 715, P0, 0x0000000000000000
2026/09/19 12:31:06.420, 1, 79, 157.07, 100, 13828, 1290, 715, P0, 0x0000000000000020
2026/09/19 12:31:07.433, 0, 79, 112.89, 100, 14343, 1025, 715, P0, 0x0000000000000020
2026/09/19 12:31:07.442, 1, 79, 119.03, 100, 13828, 1164, 715, P0, 0x0000000000000020
2026/09/19 12:31:08.447, 0, 79, 115.39, 100, 14343, 1037, 715, P0, 0x0000000000000020
2026/09/19 12:31:08.450, 1, 79, 56.56, 72, 13828, 1316, 715, P0, 0x0000000000000000
2026/09/19 12:31:09.460, 0, 79, 113.71, 100, 14343, 1025, 715, P0, 0x0000000000000020
2026/09/19 12:31:09.463, 1, 77, 55.59, 0, 13828, 1316, 715, P0, 0x0000000000000000
2026/09/19 12:31:10.475, 0, 79, 123.92, 100, 14343, 1101, 715, P0, 0x0000000000000020
2026/09/19 12:31:10.483, 1, 80, 152.61, 100, 13828, 1215, 715, P0, 0x0000000000000000
2026/09/19 12:31:11.487, 0, 79, 112.04, 100, 14343, 1050, 715, P0, 0x0000000000000020
2026/09/19 12:31:11.490, 1, 79, 117.63, 100, 13828, 1227, 715, P0, 0x0000000000000020
2026/09/19 12:31:12.498, 0, 79, 109.71, 100, 14343, 999, 715, P0, 0x0000000000000020
2026/09/19 12:31:12.504, 1, 78, 51.77, 0, 13828, 1227, 715, P0, 0x0000000000000000
2026/09/19 12:31:13.512, 0, 78, 48.10, 39, 14343, 1189, 715, P0, 0x0000000000000000
2026/09/19 12:31:13.517, 1, 78, 153.84, 27, 13828, 1215, 715, P0, 0x0000000000000020
2026/09/19 12:31:14.527, 0, 79, 110.44, 100, 14343, 1075, 715, P0, 0x0000000000000020
2026/09/19 12:31:14.530, 1, 79, 147.60, 100, 13828, 1202, 715, P0, 0x0000000000000020
2026/09/19 12:31:15.558, 0, 79, 111.31, 100, 14343, 1025, 715, P0, 0x0000000000000000
2026/09/19 12:31:15.564, 1, 79, 116.42, 100, 13828, 1227, 715, P0, 0x0000000000000000
2026/09/19 12:31:16.572, 0, 79, 119.41, 100, 14343, 1075, 715, P0, 0x0000000000000020
2026/09/19 12:31:16.575, 1, 78, 55.09, 0, 13828, 1303, 715, P0, 0x0000000000000000
2026/09/19 12:31:17.587, 0, 77, 51.96, 0, 14343, 1265, 715, P0, 0x0000000000000000
2026/09/19 12:31:17.590, 1, 79, 147.46, 100, 13828, 1252, 715, P0, 0x0000000000000000
2026/09/19 12:31:18.603, 0, 80, 129.48, 100, 14343, 1101, 715, P0, 0x0000000000000020
2026/09/19 12:31:18.606, 1, 79, 122.23, 100, 13828, 1101, 715, P0, 0x0000000000000020
2026/09/19 12:31:19.619, 0, 79, 113.00, 100, 14343, 1063, 715, P0, 0x0000000000000020
2026/09/19 12:31:19.624, 1, 79, 109.60, 100, 13828, 1252, 715, P0, 0x0000000000000020
2026/09/19 12:31:20.636, 0, 79, 113.25, 100, 14343, 1037, 715, P0, 0x0000000000000020
2026/09/19 12:31:20.644, 1, 77, 51.74, 0, 13828, 1252, 715, P0, 0x0000000000000000
2026/09/19 12:31:21.662, 0, 79, 128.85, 59, 14343, 1113, 715, P0, 0x0000000000000020
2026/09/19 12:31:21.665, 1, 79, 150.67, 100, 13828, 1215, 715, P0, 0x0000000000000020
2026/09/19 12:31:22.678, 0, 79, 120.64, 100, 14343, 1101, 715, P0, 0x0000000000000020
2026/09/19 12:31:22.682, 1, 79, 96.46, 100, 13828, 1101, 715, P0, 0x0000000000000020
2026/09/19 12:31:23.691, 0, 79, 114.94, 100, 14343, 1050, 715, P0, 0x0000000000000000
2026/09/19 12:31:23.694, 1, 78, 50.06, 4, 13828, 1189, 715, P0, 0x0000000000000000
2026/09/19 12:31:24.706, 0, 79, 50.27, 65, 14343, 1240, 715, P0, 0x0000000000000000
2026/09/19 12:31:24.710, 1, 78, 142.31, 4, 13828, 1189, 715, P0, 0x0000000000000020
2026/09/19 12:31:25.723, 0, 79, 117.56, 100, 14343, 1063, 715, P0, 0x0000000000000020
2026/09/19 12:31:25.727, 1, 79, 139.07, 100, 13828, 1189, 715, P0, 0x0000000000000000
2026/09/19 12:31:26.736, 0, 80, 117.48, 100, 14343, 1075, 715, P0, 0x0000000000000020
2026/09/19 12:31:26.748, 1, 80, 152.82, 100, 13828, 1303, 715, P0, 0x0000000000000020
2026/09/19 12:31:27.765, 0, 79, 111.33, 100, 14343, 1063, 715, P0, 0x0000000000000020
2026/09/19 12:31:27.768, 1, 77, 51.50, 0, 13828, 1227, 715, P0, 0x0000000000000000
2026/09/19 12:31:28.778, 0, 78, 48.09, 0, 14343, 1189, 715, P0, 0x0000000000000000
2026/09/19 12:31:28.781, 1, 79, 164.16, 90, 13828, 1252, 715, P0, 0x0000000000000020
2026/09/19 12:31:29.795, 0, 79, 123.85, 100, 14343, 1126, 715, P0, 0x0000000000000020
2026/09/19 12:31:29.803, 1, 80, 147.45, 100, 13828, 1177, 715, P0, 0x0000000000000020
2026/09/19 12:31:30.821, 0, 79, 112.91, 100, 14343, 1012, 715, P0, 0x0000000000000020
2026/09/19 12:31:30.827, 1, 79, 121.44, 100, 13828, 1240, 715, P0, 0x0000000000000020
2026/09/19 12:31:31.837, 0, 79, 110.90, 100, 14343, 1025, 715, P0, 0x0000000000000020
2026/09/19 12:31:31.844, 1, 77, 52.47, 0, 13828, 1252, 715, P0, 0x0000000000000000
2026/09/19 12:31:32.849, 0, 77, 48.81, 0, 14343, 1189, 715, P0, 0x0000000000000000
2026/09/19 12:31:32.852, 1, 79, 163.43, 100, 13828, 1303, 715, P0, 0x0000000000000000
2026/09/19 12:31:33.864, 0, 80, 129.63, 100, 14343, 1101, 715, P0, 0x0000000000000020
2026/09/19 12:31:33.867, 1, 80, 130.23, 100, 13828, 1240, 715, P0, 0x0000000000000000
2026/09/19 12:31:34.896, 0, 79, 114.43, 100, 14343, 1050, 715, P0, 0x0000000000000020
2026/09/19 12:31:34.903, 1, 78, 56.56, 59, 13828, 1316, 715, P0, 0x0000000000000000
2026/09/19 12:31:35.911, 0, 80, 100.86, 100, 14343, 860, 715, P0, 0x0000000000000020
2026/09/19 12:31:35.914, 1, 77, 55.61, 0, 13828, 1316, 715, P0, 0x0000000000000000
2026/09/19 12:31:36.927, 0, 79, 115.36, 100, 14343, 1025, 715, P0, 0x0000000000000020
2026/09/19 12:31:36.930, 1, 80, 159.45, 100, 13828, 1189, 715, P0, 0x0000000000000020
2026/09/19 12:31:37.944, 0, 79, 120.34, 100, 14343, 1088, 715, P0, 0x0000000000000020
2026/09/19 12:31:37.947, 1, 79, 118.97, 100, 13828, 1227, 715, P0, 0x0000000000000000
2026/09/19 12:31:38.959, 0, 79, 113.71, 100, 14343, 1050, 715, P0, 0x0000000000000000
2026/09/19 12:31:38.964, 1, 78, 56.32, 0, 13828, 1316, 715, P0, 0x0000000000000000
2026/09/19 12:31:39.973, 0, 78, 53.17, 63, 14343, 1290, 715, P0, 0x0000000000000000
2026/09/19 12:31:39.978, 1, 78, 149.13, 14, 13828, 1227, 715, P0, 0x0000000000000020
2026/09/19 12:31:40.988, 0, 79, 111.73, 100, 14343, 1151, 715, P0, 0x0000000000000000
2026/09/19 12:31:40.991, 1, 79, 125.35, 100, 13828, 1113, 715, P0, 0x0000000000000020
2026/09/19 12:31:42.018, 0, 80, 114.35, 100, 14343, 1050, 715, P0, 0x0000000000000000
2026/09/19 12:31:42.023, 1, 79, 120.71, 100, 13828, 1240, 715, P0, 0x0000000000000020
2026/09/19 12:31:43.030, 0, 79, 116.06, 100, 14343, 1088, 715, P0, 0x0000000000000020
2026/09/19 12:31:43.033, 1, 77, 54.14, 0, 13828, 1290, 715, P0, 0x0000000000000000
2026/09/19 12:31:44.043, 0, 78, 47.86, 0, 14343, 1189, 715, P0, 0x0000000000000000
2026/09/19 12:31:44.047, 1, 79, 151.06, 100, 13828, 1227, 715, P0, 0x0000000000000020
2026/09/19 12:31:45.057, 0, 79, 110.95, 100, 14343, 1025, 715, P0, 0x0000000000000020
2026/09/19 12:31:45.062, 1, 80, 131.29, 100, 13828, 1126, 715, P0, 0x0000000000000020
2026/09/19 12:31:46.071, 0, 79, 108.40, 100, 14343, 1037, 715, P0, 0x0000000000000000
2026/09/19 12:31:46.083, 1, 80, 128.10, 100, 13828, 1265, 715, P0, 0x0000000000000020
2026/09/19 12:31:47.102, 0, 79, 111.79, 100, 14343, 1037, 715, P0, 0x0000000000000000
2026/09/19 12:31:47.105, 1, 77, 55.84, 0, 13828, 1316, 715, P0, 0x0000000000000000
2026/09/19 12:31:48.116, 0, 78, 118.15, 19, 14343, 1025, 715, P0, 0x0000000000000020
2026/09/19 12:31:48.125, 1, 80, 166.25, 100, 13828, 1265, 715, P0, 0x0000000000000020
2026/09/19 12:31:49.144, 0, 79, 113.16, 100, 14343, 1037, 715, P0, 0x0000000000000020
2026/09/19 12:31:49.146, 1, 79, 113.78, 100, 13828, 1189, 715, P0, 0x0000000000000000
2026/09/19 12:31:50.157, 0, 79, 114.68, 100, 14343, 1025, 715, P0, 0x0000000000000020
2026/09/19 12:31:50.164, 1, 78, 53.19, 100, 13828, 1240, 715, P0, 0x0000000000000000
2026/09/19 12:31:51.168, 0, 79, 113.25, 100, 14343, 1025, 715, P0, 0x0000000000000020
2026/09/19 12:31:51.171, 1, 77, 51.50, 0, 13828, 1240, 715, P0, 0x0000000000000000
2026/09/19 12:31:52.182, 0, 79, 128.60, 100, 14343, 1101, 715, P0, 0x0000000000000020
2026/09/19 12:31:52.186, 1, 80, 150.46, 100, 13828, 1202, 715, P0, 0x0000000000000020
2026/09/19 12:31:53.197, 0, 79, 118.80, 100, 14343, 1101, 715, P0, 0x0000000000000020
2026/09/19 12:31:53.200, 1, 79, 132.68, 100, 13828, 1278, 715, P0, 0x0000000000000000
2026/09/19 12:31:54.217, 0, 79, 101.09, 100, 14343, 873, 715, P0, 0x0000000000000020
2026/09/19 12:31:54.225, 1, 78, 55.86, 0, 13828, 1303, 715, P0, 0x0000000000000000
2026/09/19 12:31:55.230, 0, 79, 92.77, 100, 14343, 885, 715, P0, 0x0000000000000000
2026/09/19 12:31:55.233, 1, 77, 54.69, 0, 13828, 1303, 715, P0, 0x0000000000000000
2026/09/19 12:31:56.250, 0, 79, 123.95, 100, 14343, 1101, 715, P0, 0x0000000000000000
2026/09/19 12:31:56.252, 1, 80, 138.02, 100, 13828, 1177, 715, P0, 0x0000000000000000
2026/09/19 12:31:57.265, 0, 79, 100.16, 100, 14343, 885, 715, P0, 0x0000000000000000
2026/09/19 12:31:57.268, 1, 79, 123.17, 100, 13828, 1252, 715, P0, 0x0000000000000020
2026/09/19 12:31:58.282, 0, 79, 100.43, 100, 14343, 885, 715, P0, 0x0000000000000020
2026/09/19 12:31:58.285, 1, 78, 54.89, 0, 13828, 1290, 715, P0, 0x0000000000000000
2026/09/19 12:31:59.296, 0, 79, 101.10, 100, 14343, 885, 715, P0, 0x0000000000000020
2026/09/19 12:31:59.304, 1, 77, 53.46, 0, 13828, 1290, 715, P0, 0x0000000000000000
2026/09/19 12:32:00.310, 0, 78, 116.34, 100, 14343, 1063, 715, P0, 0x0000000000000020
2026/09/19 12:32:00.313, 1, 80, 147.73, 100, 13828, 1189, 715, P0, 0x0000000000000020
2026/09/19 12:32:01.326, 0, 79, 132.60, 100, 14343, 1177, 715, P0, 0x0000000000000000
2026/09/19 12:32:01.329, 1, 79, 122.19, 100, 13828, 1252, 715, P0, 0x0000000000000000
2026/09/19 12:32:02.341, 0, 79, 117.31, 100, 14343, 1063, 715, P0, 0x0000000000000020
2026/09/19 12:32:02.344, 1, 78, 56.55, 0, 13828, 1316, 715, P0, 0x0000000000000000
2026/09/19 12:32:03.356, 0, 79, 51.72, 77, 14343, 1265, 715, P0, 0x0000000000000000
2026/09/19 12:32:03.359, 1, 78, 154.79, 11, 13828, 1240, 715, P0, 0x0000000000000020
2026/09/19 12:32:04.368, 0, 79, 132.48, 100, 14343, 1139, 715, P0, 0x0000000000000000
2026/09/19 12:32:04.371, 1, 79, 130.92, 100, 13828, 1189, 715, P0, 0x0000000000000000
2026/09/19 12:32:05.382, 0, 80, 119.05, 100, 14343, 1063, 715, P0, 0x0000000000000020
2026/09/19 12:32:05.385, 1, 79, 130.83, 100, 13828, 1240, 715, P0, 0x0000000000000000
2026/09/19 12:32:06.408, 0, 79, 113.18, 100, 14343, 1075, 715, P0, 0x0000000000000020
2026/09/19 12:32:06.411, 1, 77, 56.32, 0, 13828, 1316, 715, P0, 0x0000000000000000
2026/09/19 12:32:07.419, 0, 78, 48.09, 3, 14343, 1189, 715, P0, 0x0000000000000000
2026/09/19 12:32:07.421, 1, 79, 160.44, 86, 13828, 1240, 715, P0, 0x0000000000000000
2026/09/19 12:32:08.434, 0, 79, 117.56, 100, 14343, 1101, 715, P0, 0x0000000000000020
2026/09/19 12:32:08.439, 1, 79, 139.07, 100, 13828, 1177, 715, P0, 0x0000000000000020
2026/09/19 12:32:09.448, 0, 79, 115.78, 100, 14343, 1050, 715, P0, 0x0000000000000020
2026/09/19 12:32:09.455, 1, 79, 123.29, 100, 13828, 1252, 715, P0, 0x0000000000000020
2026/09/19 12:32:10.477, 0, 79, 107.53, 100, 14343, 949, 715, P0, 0x0000000000000020
2026/09/19 12:32:10.482, 1, 77, 56.08, 0, 13828, 1316, 715, P0, 0x0000000000000000
2026/09/19 12:32:11.490, 0, 78, 51.19, 0, 14343, 1252, 715, P0, 0x0000000000000000
2026/09/19 12:32:11.495, 1, 79, 164.37, 100, 13828, 1252, 715, P0, 0x0000000000000020
2026/09/19 12:32:12.504, 0, 79, 114.79, 100, 14343, 1050, 715, P0, 0x0000000000000020
2026/09/19 12:32:12.507, 1, 80, 130.97, 100, 13828, 1139, 715, P0, 0x0000000000000000
2026/09/19 12:32:13.515, 0, 79, 114.19, 100, 14343, 1050, 715, P0, 0x0000000000000000
2026/09/19 12:32:13.518, 1, 79, 114.02, 100, 13828, 1189, 715, P0, 0x0000000000000020
2026/09/19 12:32:14.528, 0, 79, 117.08, 100, 14343, 1050, 715, P0, 0x0000000000000020
2026/09/19 12:32:14.531, 1, 77, 55.80, 0, 13828, 1316, 715, P0, 0x0000000000000000
2026/09/19 12:32:15.541, 0, 77, 123.42, 0, 14343, 1278, 715, P0, 0x0000000000000000
2026/09/19 12:32:15.544, 1, 79, 154.00, 100, 13828, 1252, 715, P0, 0x0000000000000020
2026/09/19 12:32:16.558, 0, 80, 114.91, 100, 14343, 1050, 715, P0, 0x0000000000000000
2026/09/19 12:32:16.563, 1, 79, 112.31, 100, 13828, 1189, 715, P0, 0x0000000000000000
2026/09/19 12:32:17.572, 0, 79, 107.05, 100, 14343, 974, 715, P0, 0x0000000000000020
2026/09/19 12:32:17.582, 1, 79, 55.62, 100, 13828, 1265, 715, P0, 0x0000000000000000
2026/09/19 12:32:18.587, 0, 79, 102.54, 100, 14343, 898, 715, P0, 0x0000000000000020
2026/09/19 12:32:18.590, 1, 77, 52.99, 0, 13828, 1265, 715, P0, 0x0000000000000000
2026/09/19 12:32:19.598, 0, 77, 47.62, 0, 14343, 1189, 715, P0, 0x0000000000000000
2026/09/19 12:32:19.601, 1, 79, 164.27, 100, 13828, 1290, 715, P0, 0x0000000000000000
2026/09/19 12:32:20.613, 0, 79, 118.18, 100, 14343, 1063, 715, P0, 0x0000000000000020
2026/09/19 12:32:20.619, 1, 79, 115.42, 100, 13828, 1050, 715, P0, 0x0000000000000020
2026/09/19 12:32:21.626, 0, 80, 124.35, 100, 14343, 1113, 715, P0, 0x0000000000000020
2026/09/19 12:32:21.629, 1, 79, 114.01, 100, 13828, 1189, 715, P0, 0x0000000000000020
2026/09/19 12:32:22.639, 0, 79, 106.65, 100, 14343, 961, 715, P0, 0x0000000000000020
2026/09/19 12:32:22.642, 1, 77, 49.12, 0, 13828, 1189, 715, P0, 0x0000000000000000
2026/09/19 12:32:23.654, 0, 78, 115.14, 0, 14343, 1075, 715, P0, 0x0000000000000020
2026/09/19 12:32:23.657, 1, 79, 149.39, 100, 13828, 1215, 715, P0, 0x0000000000000020
2026/09/19 12:32:24.666, 0, 79, 123.64, 100, 14343, 1101, 715, P0, 0x0000000000000000
2026/09/19 12:32:24.669, 1, 79, 110.94, 100, 13828, 1189, 715, P0, 0x0000000000000000
2026/09/19 12:32:25.679, 0, 79, 109.47, 100, 14343, 999, 715, P0, 0x0000000000000020
2026/09/19 12:32:25.682, 1, 78, 52.71, 100, 13828, 1227, 715, P0, 0x0000000000000000
2026/09/19 12:32:26.693, 0, 79, 111.16, 100, 14343, 1025, 715, P0, 0x0000000000000000
2026/09/19 12:32:26.699, 1, 77, 51.04, 0, 13828, 1227, 715, P0, 0x0000000000000000
2026/09/19 12:32:27.704, 0, 79, 123.43, 100, 14343, 1075, 715, P0, 0x0000000000000020
2026/09/19 12:32:27.707, 1, 80, 158.71, 100, 13828, 1227, 715, P0, 0x0000000000000020
2026/09/19 12:32:28.716, 0, 79, 128.55, 100, 14343, 1139, 715, P0, 0x0000000000000020
2026/09/19 12:32:28.719, 1, 79, 122.28, 100, 13828, 1252, 715, P0, 0x0000000000000000
2026/09/19 12:32:29.731, 0, 79, 110.42, 100, 14343, 999, 715, P0, 0x0000000000000020
2026/09/19 12:32:29.737, 1, 78, 53.20, 0, 13828, 1252, 715, P0, 0x0000000000000000
2026/09/19 12:32:30.746, 0, 79, 47.86, 87, 14343, 1189, 715, P0, 0x0000000000000000
2026/09/19 12:32:30.753, 1, 78, 158.07, 18, 13828, 1252, 715, P0, 0x0000000000000000
2026/09/19 12:32:31.760, 0, 79, 126.83, 100, 14343, 1088, 715, P0, 0x0000000000000020
2026/09/19 12:32:31.763, 1, 79, 130.94, 100, 13828, 1164, 715, P0, 0x0000000000000020
2026/09/19 12:32:32.777, 0, 80, 128.07, 100, 14343, 1088, 715, P0, 0x0000000000000020
2026/09/19 12:32:32.780, 1, 79, 122.76, 100, 13828, 1227, 715, P0, 0x0000000000000020
2026/09/19 12:32:33.793, 0, 79, 98.92, 100, 14343, 1126, 715, P0, 0x0000000000000000
2026/09/19 12:32:33.796, 1, 78, 56.33, 0, 13828, 1316, 715, P0, 0x0000000000000000
2026/09/19 12:32:34.805, 0, 78, 48.10, 0, 14343, 1189, 715, P0, 0x0000000000000000
2026/09/19 12:32:34.811, 1, 79, 160.44, 100, 13828, 1227, 715, P0, 0x0000000000000020
2026/09/19 12:32:35.836, 0, 79, 125.18, 100, 14343, 1126, 715, P0, 0x0000000000000000
2026/09/19 12:32:35.839, 1, 80, 130.77, 100, 13828, 1139, 715, P0, 0x0000000000000020
2026/09/19 12:32:36.851, 0, 79, 110.73, 100, 14343, 987, 715, P0, 0x0000000000000020
2026/09/19 12:32:36.855, 1, 80, 132.30, 100, 13828, 1278, 715, P0, 0x0000000000000000
2026/09/19 12:32:37.864, 0, 79, 112.98, 100, 14343, 1012, 715, P0, 0x0000000000000020
2026/09/19 12:32:37.877, 1, 77, 55.84, 0, 13828, 1316, 715, P0, 0x0000000000000000
2026/09/19 12:32:38.894, 0, 78, 47.89, 0, 14343, 1189, 715, P0, 0x0000000000000000
2026/09/19 12:32:38.897, 1, 79, 141.60, 100, 13828, 1215, 715, P0, 0x0000000000000020
2026/09/19 12:32:39.903, 0, 79, 122.65, 100, 14343, 1101, 715, P0, 0x0000000000000020
2026/09/19 12:32:39.906, 1, 79, 115.64, 100, 13828, 1075, 715, P0, 0x0000000000000020
2026/09/19 12:32:40.921, 0, 79, 80.29, 100, 14343, 1037, 715, P0, 0x0000000000000000
2026/09/19 12:32:40.924, 1, 79, 121.03, 100, 13828, 1227, 715, P0, 0x0000000000000020
2026/09/19 12:32:41.936, 0, 79, 109.71, 100, 14343, 1012, 715, P0, 0x0000000000000000
2026/09/19 12:32:41.939, 1, 77, 51.04, 0, 13828, 1227, 715, P0, 0x0000000000000000
2026/09/19 12:32:42.953, 0, 78, 149.33, 0, 14343, 1240, 715, P0, 0x0000000000000020
2026/09/19 12:32:42.959, 1, 79, 164.32, 100, 13828, 1252, 715, P0, 0x0000000000000020
2026/09/19 12:32:43.968, 0, 79, 124.00, 100, 14343, 1101, 715, P0, 0x0000000000000000
2026/09/19 12:32:43.975, 1, 79, 102.35, 100, 13828, 1164, 715, P0, 0x0000000000000000
2026/09/19 12:32:44.999, 0, 79, 114.94, 100, 14343, 1050, 715, P0, 0x0000000000000020
2026/09/19 12:32:45.002, 1, 79, 102.64, 100, 13828, 1189, 715, P0, 0x0000000000000000
2026/09/19 12:32:46.010, 0, 79, 115.87, 100, 14343, 1037, 715, P0, 0x0000000000000020
2026/09/19 12:32:46.014, 1, 77, 55.58, 0, 13828, 1316, 715, P0, 0x0000000000000000
2026/09/19 12:32:47.023, 0, 79, 123.21, 84, 14343, 1101, 715, P0, 0x0000000000000020
2026/09/19 12:32:47.033, 1, 79, 146.73, 100, 13828, 1202, 715, P0, 0x0000000000000000
2026/09/19 12:32:48.037, 0, 79, 95.75, 100, 14343, 1063, 715, P0, 0x0000000000000000
2026/09/19 12:32:48.040, 1, 79, 131.86, 100, 13828, 1278, 715, P0, 0x0000000000000000
2026/09/19 12:32:49.045, 0, 79, 108.00, 100, 14343, 987, 715, P0, 0x0000000000000020
2026/09/19 12:32:49.052, 1, 78, 56.81, 44, 13828, 1316, 715, P0, 0x0000000000000000
2026/09/19 12:32:50.061, 0, 79, 97.78, 100, 14343, 1088, 715, P0, 0x0000000000000000
2026/09/19 12:32:50.073, 1, 77, 55.60, 0, 13828, 1316, 715, P0, 0x0000000000000000
2026/09/19 12:32:51.091, 0, 79, 119.36, 100, 14343, 1075, 715, P0, 0x0000000000000020
2026/09/19 12:32:51.094, 1, 80, 153.57, 100, 13828, 1227, 715, P0, 0x0000000000000020
2026/09/19 12:32:52.103, 0, 80, 126.88, 100, 14343, 1126, 715, P0, 0x0000000000000020
2026/09/19 12:32:52.110, 1, 79, 126.52, 100, 13828, 1265, 715, P0, 0x0000000000000020
2026/09/19 12:32:53.119, 0, 79, 110.42, 100, 14343, 999, 715, P0, 0x0000000000000020
2026/09/19 12:32:53.122, 1, 78, 55.84, 0, 13828, 1303, 715, P0, 0x0000000000000000
2026/09/19 12:32:54.129, 0, 79, 48.09, 80, 14343, 1189, 715, P0, 0x0000000000000000
2026/09/19 12:32:54.131, 1, 78, 163.78, 32, 13828, 1290, 715, P0, 0x0000000000000020
2026/09/19 12:32:55.142, 0, 79, 130.58, 100, 14343, 1101, 715, P0, 0x0000000000000020
2026/09/19 12:32:55.149, 1, 79, 134.19, 100, 13828, 1189, 715, P0, 0x0000000000000020
2026/09/19 12:32:56.157, 0, 79, 110.82, 100, 14343, 1012, 715, P0, 0x0000000000000020
2026/09/19 12:32:56.160, 1, 79, 123.30, 100, 13828, 1252, 715, P0, 0x0000000000000020
2026/09/19 12:32:57.170, 0, 79, 111.37, 100, 14343, 1012, 715, P0, 0x0000000000000020
2026/09/19 12:32:57.172, 1, 78, 56.56, 0, 13828, 1316, 715, P0, 0x0000000000000000
2026/09/19 12:32:58.180, 0, 78, 48.34, 21, 14343, 1189, 715, P0, 0x0000000000000000
2026/09/19 12:32:58.185, 1, 79, 163.07, 92, 13828, 1252, 715, P0, 0x0000000000000020
2026/09/19 12:32:59.194, 0, 79, 121.78, 100, 14343, 1164, 715, P0, 0x0000000000000000
2026/09/19 12:32:59.197, 1, 79, 140.38, 100, 13828, 1164, 715, P0, 0x0000000000000020
2026/09/19 12:33:00.207, 0, 79, 110.51, 100, 14343, 1012, 715, P0, 0x0000000000000000
2026/09/19 12:33:00.210, 1, 79, 119.69, 100, 13828, 1215, 715, P0, 0x0000000000000020
2026/09/19 12:33:01.223, 0, 79, 119.49, 100, 14343, 1088, 715, P0, 0x0000000000000020
2026/09/19 12:33:01.230, 1, 77, 52.22, 0, 13828, 1252, 715, P0, 0x0000000000000000
2026/09/19 12:33:02.238, 0, 78, 48.10, 0, 14343, 1189, 715, P0, 0x0000000000000000
2026/09/19 12:33:02.245, 1, 79, 158.76, 100, 13828, 1240, 715, P0, 0x0000000000000000
2026/09/19 12:33:03.255, 0, 79, 130.79, 100, 14343, 1151, 715, P0, 0x0000000000000020
2026/09/19 12:33:03.258, 1, 80, 139.18, 100, 13828, 1189, 715, P0, 0x0000000000000000
2026/09/19 12:33:04.280, 0, 79, 113.87, 100, 14343, 1037, 715, P0, 0x0000000000000020
2026/09/19 12:33:04.289, 1, 79, 120.73, 100, 13828, 1227, 715, P0, 0x0000000000000000
2026/09/19 12:33:05.293, 0, 79, 94.90, 100, 14343, 835, 715, P0, 0x0000000000000000
2026/09/19 12:33:05.297, 1, 78, 56.11, 0, 13828, 1316, 715, P0, 0x0000000000000000
2026/09/19 12:33:06.312, 0, 78, 50.50, 0, 14343, 1240, 715, P0, 0x0000000000000000
2026/09/19 12:33:06.315, 1, 79, 167.48, 100, 13828, 1265, 715, P0, 0x0000000000000020
2026/09/19 12:33:07.328, 0, 79, 125.18, 100, 14343, 1101, 715, P0, 0x0000000000000020
2026/09/19 12:33:07.332, 1, 80, 130.30, 100, 13828, 1139, 715, P0, 0x0000000000000020
2026/09/19 12:33:08.342, 0, 79, 110.83, 100, 14343, 1025, 715, P0, 0x0000000000000020
2026/09/19 12:33:08.351, 1, 79, 115.23, 100, 13828, 1202, 715, P0, 0x0000000000000020
2026/09/19 12:33:09.360, 0, 79, 119.89, 100, 14343, 1075, 715, P0, 0x0000000000000020
2026/09/19 12:33:09.372, 1, 77, 56.06, 0, 13828, 1316, 715, P0, 0x0000000000000000
2026/09/19 12:33:10.388, 0, 78, 47.86, 0, 14343, 1189, 715, P0, 0x0000000000000000
2026/09/19 12:33:10.392, 1, 79, 157.43, 100, 13828, 1227, 715, P0, 0x0000000000000020
2026/09/19 12:33:11.401, 0, 79, 124.21, 100, 14343, 1139, 715, P0, 0x0000000000000020
2026/09/19 12:33:11.408, 1, 79, 133.55, 100, 13828, 1139, 715, P0, 0x0000000000000020
2026/09/19 12:33:12.415, 0, 80, 118.43, 100, 14343, 1075, 715, P0, 0x0000000000000000
2026/09/19 12:33:12.418, 1, 79, 115.69, 100, 13828, 1215, 715, P0, 0x0000000000000000
2026/09/19 12:33:13.432, 0, 79, 106.57, 100, 14343, 1012, 715, P0, 0x0000000000000020
2026/09/19 12:33:13.435, 1, 77, 55.85, 0, 13828, 1316, 715, P0, 0x0000000000000000
2026/09/19 12:33:14.449, 0, 78, 53.13, 0, 14343, 1290, 715, P0, 0x0000000000000000
2026/09/19 12:33:14.452, 1, 79, 157.57, 100, 13828, 1227, 715, P0, 0x0000000000000020
2026/09/19 12:33:15.462, 0, 79, 118.80, 100, 14343, 1101, 715, P0, 0x0000000000000020
2026/09/19 12:33:15.468, 1, 80, 126.03, 100, 13828, 1075, 715, P0, 0x0000000000000020
2026/09/19 12:33:16.491, 0, 80, 120.50, 100, 14343, 1050, 715, P0, 0x0000000000000020
2026/09/19 12:33:16.494, 1, 79, 118.71, 100, 13828, 1215, 715, P0, 0x0000000000000000
2026/09/19 12:33:17.506, 0, 79, 108.98, 100, 14343, 974, 715, P0, 0x0000000000000020
2026/09/19 12:33:17.511, 1, 77, 55.84, 0, 13828, 1316, 715, P0, 0x0000000000000000
2026/09/19 12:33:18.518, 0, 78, 53.12, 0, 14343, 1290, 715, P0, 0x0000000000000000
2026/09/19 12:33:18.526, 1, 79, 160.88, 100, 13828, 1252, 715, P0, 0x0000000000000020
2026/09/19 12:33:19.536, 0, 79, 121.67, 100, 14343, 1088, 715, P0, 0x0000000000000020
2026/09/19 12:33:19.539, 1, 79, 122.51, 100, 13828, 1101, 715, P0, 0x0000000000000020
2026/09/19 12:33:20.551, 0, 79, 113.61, 100, 14343, 1037, 715, P0, 0x0000000000000000
2026/09/19 12:33:20.554, 1, 79, 122.32, 100, 13828, 1252, 715, P0, 0x0000000000000020
2026/09/19 12:33:21.563, 0, 79, 112.74, 100, 14343, 1037, 715, P0, 0x0000000000000020
2026/09/19 12:33:21.567, 1, 77, 55.59, 0, 13828, 1316, 715, P0, 0x0000000000000000
2026/09/19 12:33:22.577, 0, 78, 47.59, 0, 14343, 1189, 715, P0, 0x0000000000000000
2026/09/19 12:33:22.583, 1, 79, 168.90, 100, 13828, 1316, 715, P0, 0x0000000000000020
2026/09/19 12:33:23.590, 0, 80, 125.19, 100, 14343, 1101, 715, P0, 0x0000000000000020
2026/09/19 12:33:23.593, 1, 79, 125.76, 100, 13828, 1126, 715, P0, 0x0000000000000020
2026/09/19 12:33:24.607, 0, 79, 117.37, 100, 14343, 1075, 715, P0, 0x0000000000000020
2026/09/19 12:33:24.611, 1, 79, 130.11, 100, 13828, 1278, 715, P0, 0x0000000000000020
2026/09/19 12:33:25.628, 0, 79, 100.12, 100, 14343, 873, 715, P0, 0x0000000000000000
2026/09/19 12:33:25.631, 1, 77, 55.61, 0, 13828, 1316, 715, P0, 0x0000000000000000
2026/09/19 12:33:26.642, 0, 78, 53.65, 0, 14343, 1303, 715, P0, 0x0000000000000000
2026/09/19 12:33:26.646, 1, 79, 143.39, 100, 13828, 1227, 715, P0, 0x0000000000000000
2026/09/19 12:33:27.656, 0, 79, 117.34, 100, 14343, 1075, 715, P0, 0x0000000000000000
2026/09/19 12:33:27.659, 1, 79, 136.91, 100, 13828, 1139, 715, P0, 0x0000000000000020
2026/09/19 12:33:28.670, 0, 79, 112.27, 100, 14343, 1189, 715, P0, 0x0000000000000000
2026/09/19 12:33:28.673, 1, 79, 115.93, 100, 13828, 1202, 715, P0, 0x0000000000000000
2026/09/19 12:33:29.686, 0, 80, 118.05, 100, 14343, 1075, 715, P0, 0x0000000000000000
2026/09/19 12:33:29.690, 1, 77, 51.73, 0, 13828, 1240, 715, P0, 0x0000000000000000
2026/09/19 12:33:30.704, 0, 77, 101.01, 6, 14343, 1189, 715, P0, 0x0000000000000000
2026/09/19 12:33:30.707, 1, 79, 160.88, 100, 13828, 1265, 715, P0, 0x0000000000000000
2026/09/19 12:33:31.719, 0, 79, 116.71, 100, 14343, 1050, 715, P0, 0x0000000000000020
2026/09/19 12:33:31.729, 1, 79, 126.33, 100, 13828, 1088, 715, P0, 0x0000000000000020
2026/09/19 12:33:32.735, 0, 79, 123.54, 100, 14343, 1101, 715, P0, 0x0000000000000020
2026/09/19 12:33:32.738, 1, 79, 122.54, 100, 13828, 1227, 715, P0, 0x0000000000000020
2026/09/19 12:33:33.749, 0, 79, 100.61, 100, 14343, 860, 715, P0, 0x0000000000000020
2026/09/19 12:33:33.751, 1, 77, 55.61, 0, 13828, 1316, 715, P0, 0x0000000000000000
2026/09/19 12:33:34.762, 0, 78, 148.89, 0, 14343, 1101, 715, P0, 0x0000000000000020
2026/09/19 12:33:34.769, 1, 80, 163.67, 100, 13828, 1265, 715, P0, 0x0000000000000020
2026/09/19 12:33:35.778, 0, 79, 117.46, 100, 14343, 1063, 715, P0, 0x0000000000000020
2026/09/19 12:33:35.787, 1, 79, 111.65, 100, 13828, 1113, 715, P0, 0x0000000000000020
2026/09/19 12:33:36.804, 0, 79, 106.83, 100, 14343, 1012, 715, P0, 0x0000000000000020
2026/09/19 12:33:36.809, 1, 79, 109.61, 100, 13828, 1252, 715, P0, 0x0000000000000000
2026/09/19 12:33:37.819, 0, 79, 102.78, 100, 14343, 923, 715, P0, 0x0000000000000000
2026/09/19 12:33:37.829, 1, 77, 55.61, 0, 13828, 1316, 715, P0, 0x0000000000000000
2026/09/19 12:33:38.848, 0, 77, 47.65, 0, 14343, 1189, 715, P0, 0x0000000000000000
2026/09/19 12:33:38.851, 1, 79, 149.41, 100, 13828, 1252, 715, P0, 0x0000000000000000
2026/09/19 12:33:39.863, 0, 79, 124.30, 100, 14343, 1101, 715, P0, 0x0000000000000000
2026/09/19 12:33:39.866, 1, 79, 125.29, 100, 13828, 1113, 715, P0, 0x0000000000000020
2026/09/19 12:33:40.878, 0, 79, 113.39, 100, 14343, 1075, 715, P0, 0x0000000000000020
2026/09/19 12:33:40.885, 1, 79, 125.91, 100, 13828, 1252, 715, P0, 0x0000000000000020
2026/09/19 12:33:41.894, 0, 79, 114.26, 100, 14343, 1025, 715, P0, 0x0000000000000020
2026/09/19 12:33:41.897, 1, 77, 52.46, 0, 13828, 1252, 715, P0, 0x0000000000000000
2026/09/19 12:33:42.909, 0, 78, 137.43, 22, 14343, 1189, 715, P0, 0x0000000000000000
2026/09/19 12:33:42.912, 1, 79, 154.59, 100, 13828, 1227, 715, P0, 0x0000000000000020
2026/09/19 12:33:43.920, 0, 80, 123.85, 100, 14343, 1101, 715, P0, 0x0000000000000000
2026/09/19 12:33:43.923, 1, 79, 109.72, 100, 13828, 1113, 715, P0, 0x0000000000000000
2026/09/19 12:33:44.937, 0, 79, 117.90, 100, 14343, 1101, 715, P0, 0x0000000000000020
2026/09/19 12:33:44.944, 1, 79, 111.92, 100, 13828, 1240, 715, P0, 0x0000000000000000
2026/09/19 12:33:45.950, 0, 79, 115.18, 100, 14343, 1050, 715, P0, 0x0000000000000000
2026/09/19 12:33:45.953, 1, 77, 51.74, 0, 13828, 1240, 715, P0, 0x0000000000000000
2026/09/19 12:33:46.966, 0, 79, 133.97, 59, 14343, 1139, 715, P0, 0x0000000000000020
2026/09/19 12:33:46.969, 1, 80, 159.99, 100, 13828, 1252, 715, P0, 0x0000000000000020
2026/09/19 12:33:47.981, 0, 79, 114.35, 100, 14343, 1037, 715, P0, 0x0000000000000020
2026/09/19 12:33:47.984, 1, 79, 119.22, 100, 13828, 1189, 715, P0, 0x0000000000000000
2026/09/19 12:33:48.998, 0, 79, 107.29, 100, 14343, 974, 715, P0, 0x0000000000000020
2026/09/19 12:33:49.005, 1, 79, 57.06, 84, 13828, 1316, 715, P0, 0x0000000000000020
2026/09/19 12:33:50.012, 0, 79, 109.46, 100, 14343, 987, 715, P0, 0x0000000000000020
2026/09/19 12:33:50.014, 1, 77, 55.60, 0, 13828, 1316, 715, P0, 0x0000000000000000
2026/09/19 12:33:51.029, 0, 79, 128.60, 26, 14343, 1126, 715, P0, 0x0000000000000020
2026/09/19 12:33:51.032, 1, 80, 151.15, 100, 13828, 1227, 715, P0, 0x0000000000000020
2026/09/19 12:33:52.040, 0, 80, 116.26, 100, 14343, 1025, 715, P0, 0x0000000000000020
2026/09/19 12:33:52.044, 1, 79, 112.14, 100, 13828, 1189, 715, P0, 0x0000000000000000
2026/09/19 12:33:53.060, 0, 79, 111.81, 100, 14343, 1037, 715, P0, 0x0000000000000000
2026/09/19 12:33:53.065, 1, 79, 55.85, 100, 13828, 1227, 715, P0, 0x0000000000000000
2026/09/19 12:33:54.071, 0, 79, 114.45, 100, 14343, 1025, 715, P0, 0x0000000000000020
2026/09/19 12:33:54.074, 1, 77, 51.02, 0, 13828, 1227, 715, P0, 0x0000000000000000
2026/09/19 12:33:55.084, 0, 79, 128.85, 100, 14343, 1113, 715, P0, 0x0000000000000020
2026/09/19 12:33:55.088, 1, 80, 150.67, 100, 13828, 1215, 715, P0, 0x0000000000000020
2026/09/19 12:33:56.098, 0, 80, 115.10, 100, 14343, 1050, 715, P0, 0x0000000000000000
2026/09/19 12:33:56.102, 1, 79, 108.82, 100, 13828, 1189, 715, P0, 0x0000000000000020
2026/09/19 12:33:57.112, 0, 80, 114.45, 100, 14343, 1050, 715, P0, 0x0000000000000020
2026/09/19 12:33:57.122, 1, 78, 51.50, 100, 13828, 1202, 715, P0, 0x0000000000000000
2026/09/19 12:33:58.130, 0, 79, 100.20, 100, 14343, 873, 715, P0, 0x0000000000000020
2026/09/19 12:33:58.133, 1, 77, 49.61, 0, 13828, 1202, 715, P0, 0x0000000000000000
2026/09/19 12:33:59.143, 0, 78, 113.73, 41, 14343, 1075, 715, P0, 0x0000000000000020
2026/09/19 12:33:59.146, 1, 80, 146.87, 100, 13828, 1202, 715, P0, 0x0000000000000000
2026/09/19 12:34:00.158, 0, 79, 116.23, 100, 14343, 1063, 715, P0, 0x0000000000000000
2026/09/19 12:34:00.163, 1, 79, 133.93, 100, 13828, 1189, 715, P0, 0x0000000000000020
2026/09/19 12:34:01.170, 0, 79, 120.71, 100, 14343, 1101, 715, P0, 0x0000000000000020
2026/09/19 12:34:01.180, 1, 79, 80.69, 100, 13828, 1290, 715, P0, 0x0000000000000000
2026/09/19 12:34:02.200, 0, 79, 106.33, 100, 14343, 949, 715, P0, 0x0000000000000020
2026/09/19 12:34:02.203, 1, 77, 54.17, 0, 13828, 1290, 715, P0, 0x0000000000000000
2026/09/19 12:34:03.213, 0, 78, 130.99, 0, 14343, 1088, 715, P0, 0x0000000000000020
2026/09/19 12:34:03.221, 1, 79, 150.91, 100, 13828, 1227, 715, P0, 0x0000000000000020
2026/09/19 12:34:04.230, 0, 79, 118.77, 100, 14343, 1075, 715, P0, 0x0000000000000000
2026/09/19 12:34:04.239, 1, 79, 107.17, 100, 13828, 1189, 715, P0, 0x0000000000000000
2026/09/19 12:34:05.260, 0, 79, 106.12, 100, 14343, 999, 715, P0, 0x0000000000000020
2026/09/19 12:34:05.264, 1, 79, 105.29, 100, 13828, 1240, 715, P0, 0x0000000000000000
2026/09/19 12:34:06.275, 0, 79, 104.22, 100, 14343, 936, 715, P0, 0x0000000000000020
2026/09/19 12:34:06.281, 1, 77, 55.36, 0, 13828, 1316, 715, P0, 0x0000000000000000
2026/09/19 12:34:07.287, 0, 78, 53.37, 0, 14343, 1303, 715, P0, 0x0000000000000000
2026/09/19 12:34:07.294, 1, 79, 164.64, 100, 13828, 1290, 715, P0, 0x0000000000000000
2026/09/19 12:34:08.302, 0, 79, 124.30, 100, 14343, 1101, 715, P0, 0x0000000000000000
2026/09/19 12:34:08.307, 1, 79, 126.97, 100, 13828, 1139, 715, P0, 0x0000000000000000
2026/09/19 12:34:09.316, 0, 79, 102.74, 100, 14343, 911, 715, P0, 0x0000000000000020
2026/09/19 12:34:09.322, 1, 79, 117.17, 100, 13828, 1215, 715, P0, 0x0000000000000020
2026/09/19 12:34:10.331, 0, 79, 108.96, 100, 14343, 961, 715, P0, 0x0000000000000020
2026/09/19 12:34:10.342, 1, 77, 55.84, 0, 13828, 1316, 715, P0, 0x0000000000000000
2026/09/19 12:34:11.347, 0, 77, 48.08, 0, 14343, 1189, 715, P0, 0x0000000000000000
2026/09/19 12:34:11.350, 1, 79, 161.38, 100, 13828, 1240, 715, P0, 0x0000000000000000
2026/09/19 12:34:12.360, 0, 79, 122.87, 100, 14343, 1126, 715, P0, 0x0000000000000020
2026/09/19 12:34:12.363, 1, 79, 123.87, 100, 13828, 1101, 715, P0, 0x0000000000000020
2026/09/19 12:34:13.373, 0, 80, 127.20, 100, 14343, 1075, 715, P0, 0x0000000000000020
2026/09/19 12:34:13.377, 1, 79, 117.50, 100, 13828, 1227, 715, P0, 0x0000000000000000
2026/09/19 12:34:14.386, 0, 79, 108.99, 100, 14343, 1025, 715, P0, 0x0000000000000020
2026/09/19 12:34:14.389, 1, 77, 53.20, 0, 13828, 1265, 715, P0, 0x0000000000000000
2026/09/19 12:34:15.405, 0, 77, 48.09, 0, 14343, 1189, 715, P0, 0x0000000000000000
2026/09/19 12:34:15.408, 1, 79, 157.43, 100, 13828, 1227, 715, P0, 0x0000000000000020
2026/09/19 12:34:16.419, 0, 79, 126.39, 100, 14343, 1126, 715, P0, 0x0000000000000020
2026/09/19 12:34:16.422, 1, 79, 123.36, 100, 13828, 1101, 715, P0, 0x0000000000000020
2026/09/19 12:34:17.432, 0, 80, 115.30, 100, 14343, 974, 715, P0, 0x0000000000000020
2026/09/19 12:34:17.440, 1, 79, 120.88, 100, 13828, 1240, 715, P0, 0x0000000000000020
2026/09/19 12:34:18.458, 0, 79, 113.25, 100, 14343, 1025, 715, P0, 0x0000000000000020
2026/09/19 12:34:18.461, 1, 77, 51.74, 0, 13828, 1240, 715, P0, 0x0000000000000000
2026/09/19 12:34:19.475, 0, 77, 48.09, 0, 14343, 1189, 715, P0, 0x0000000000000000
2026/09/19 12:34:19.478, 1, 79, 159.24, 100, 13828, 1240, 715, P0, 0x0000000000000000
2026/09/19 12:34:20.491, 0, 79, 123.59, 100, 14343, 1101, 715, P0, 0x0000000000000020
2026/09/19 12:34:20.494, 1, 79, 122.99, 100, 13828, 1101, 715, P0, 0x0000000000000020
2026/09/19 12:34:21.507, 0, 79, 114.59, 100, 14343, 1050, 715, P0, 0x0000000000000000
2026/09/19 12:34:21.515, 1, 79, 122.81, 100, 13828, 1252, 715, P0, 0x0000000000000020
2026/09/19 12:34:22.533, 0, 79, 113.71, 100, 14343, 1037, 715, P0, 0x0000000000000020
2026/09/19 12:34:22.536, 1, 77, 54.63, 0, 13828, 1290, 715, P0, 0x0000000000000000
2026/09/19 12:34:23.546, 0, 78, 47.66, 0, 14343, 1189, 715, P0, 0x0000000000000000
2026/09/19 12:34:23.550, 1, 79, 136.49, 100, 13828, 1252, 715, P0, 0x0000000000000000
2026/09/19 12:34:24.558, 0, 79, 113.38, 100, 14343, 1050, 715, P0, 0x0000000000000020
2026/09/19 12:34:24.561, 1, 80, 121.88, 100, 13828, 1113, 715, P0, 0x0000000000000000
2026/09/19 12:34:25.574, 0, 79, 120.01, 100, 14343, 1050, 715, P0, 0x0000000000000020
2026/09/19 12:34:25.577, 1, 79, 124.95, 100, 13828, 1240, 715, P0, 0x0000000000000000
2026/09/19 12:34:26.589, 0, 79, 101.34, 100, 14343, 885, 715, P0, 0x0000000000000020
2026/09/19 12:34:26.595, 1, 77, 52.50, 0, 13828, 1252, 715, P0, 0x0000000000000000
2026/09/19 12:34:27.604, 0, 78, 47.86, 0, 14343, 1189, 715, P0, 0x0000000000000000
2026/09/19 12:34:27.609, 1, 79, 162.35, 100, 13828, 1252, 715, P0, 0x0000000000000020
2026/09/19 12:34:28.614, 0, 79, 120.46, 100, 14343, 1113, 715, P0, 0x0000000000000000
2026/09/19 12:34:28.616, 1, 79, 128.63, 100, 13828, 1113, 715, P0, 0x0000000000000020
2026/09/19 12:34:29.628, 0, 79, 124.80, 100, 14343, 1063, 715, P0, 0x0000000000000020
2026/09/19 12:34:29.635, 1, 79, 121.34, 100, 13828, 1252, 715, P0, 0x0000000000000020
2026/09/19 12:34:30.643, 0, 79, 105.61, 100, 14343, 999, 715, P0, 0x0000000000000020
2026/09/19 12:34:30.654, 1, 77, 54.65, 0, 13828, 1290, 715, P0, 0x0000000000000000
2026/09/19 12:34:31.672, 0, 78, 48.10, 0, 14343, 1189, 715, P0, 0x0000000000000000
2026/09/19 12:34:31.675, 1, 79, 163.30, 100, 13828, 1252, 715, P0, 0x0000000000000020
2026/09/19 12:34:32.680, 0, 79, 132.64, 100, 14343, 1139, 715, P0, 0x0000000000000020
2026/09/19 12:34:32.683, 1, 79, 108.51, 100, 13828, 1037, 715, P0, 0x0000000000000000
2026/09/19 12:34:33.695, 0, 79, 110.10, 100, 14343, 987, 715, P0, 0x0000000000000020
2026/09/19 12:34:33.698, 1, 78, 117.80, 100, 13828, 1189, 715, P0, 0x0000000000000000
2026/09/19 12:34:34.707, 0, 79, 116.28, 100, 14343, 1075, 715, P0, 0x0000000000000020
2026/09/19 12:34:34.715, 1, 78, 56.06, 0, 13828, 1316, 715, P0, 0x0000000000000000
2026/09/19 12:34:35.725, 0, 78, 48.13, 0, 14343, 1189, 715, P0, 0x0000000000000000
2026/09/19 12:34:35.728, 1, 79, 146.77, 100, 13828, 1202, 715, P0, 0x0000000000000000
2026/09/19 12:34:36.736, 0, 79, 133.06, 100, 14343, 1151, 715, P0, 0x0000000000000020
2026/09/19 12:34:36.738, 1, 80, 151.12, 100, 13828, 1139, 715, P0, 0x0000000000000020
2026/09/19 12:34:37.768, 0, 79, 109.87, 100, 14343, 999, 715, P0, 0x0000000000000020
2026/09/19 12:34:37.772, 1, 79, 113.61, 100, 13828, 1202, 715, P0, 0x0000000000000000
2026/09/19 12:34:38.781, 0, 79, 119.90, 100, 14343, 1113, 715, P0, 0x0000000000000020
2026/09/19 12:34:38.792, 1, 77, 52.21, 0, 13828, 1252, 715, P0, 0x0000000000000000
2026/09/19 12:34:39.812, 0, 78, 48.09, 0, 14343, 1189, 715, P0, 0x0000000000000000
2026/09/19 12:34:39.815, 1, 79, 155.27, 100, 13828, 1227, 715, P0, 0x0000000000000020
2026/09/19 12:34:40.825, 0, 79, 138.55, 100, 14343, 1151, 715, P0, 0x0000000000000020
2026/09/19 12:34:40.832, 1, 79, 107.78, 100, 13828, 1012, 715, P0, 0x0000000000000020
2026/09/19 12:34:41.851, 0, 79, 109.71, 100, 14343, 999, 715, P0, 0x0000000000000000
2026/09/19 12:34:41.854, 1, 79, 106.50, 100, 13828, 1164, 715, P0, 0x0000000000000000
2026/09/19 12:34:42.865, 0, 79, 94.18, 100, 14343, 1050, 715, P0, 0x0000000000000000
2026/09/19 12:34:42.871, 1, 77, 53.97, 0, 13828, 1278, 715, P0, 0x0000000000000000
2026/09/19 12:34:43.891, 0, 78, 53.65, 0, 14343, 1290, 715, P0, 0x0000000000000000
2026/09/19 12:34:43.894, 1, 78, 139.40, 100, 13828, 1189, 715, P0, 0x0000000000000020
2026/09/19 12:34:44.904, 0, 79, 116.08, 100, 14343, 1126, 715, P0, 0x0000000000000000
2026/09/19 12:34:44.910, 1, 79, 155.26, 100, 13828, 1227, 715, P0, 0x0000000000000020
2026/09/19 12:34:45.924, 0, 79, 107.59, 100, 14343, 974, 715, P0, 0x0000000000000020
2026/09/19 12:34:45.929, 1, 79, 144.13, 100, 13828, 1290, 715, P0, 0x0000000000000020
2026/09/19 12:34:46.950, 0, 79, 109.23, 100, 14343, 987, 715, P0, 0x0000000000000020
2026/09/19 12:34:46.953, 1, 78, 53.43, 0, 13828, 1265, 715, P0, 0x0000000000000000
2026/09/19 12:34:47.967, 0, 78, 53.17, 49, 14343, 1303, 715, P0, 0x0000000000000000
2026/09/19 12:34:47.970, 1, 78, 148.90, 21, 13828, 1227, 715, P0, 0x0000000000000020
2026/09/19 12:34:48.983, 0, 79, 124.69, 100, 14343, 1101, 715, P0, 0x0000000000000000
2026/09/19 12:34:48.987, 1, 79, 134.52, 100, 13828, 1189, 715, P0, 0x0000000000000000
2026/09/19 12:34:49.992, 0, 79, 109.37, 100, 14343, 999, 715, P0, 0x0000000000000020
2026/09/19 12:34:49.995, 1, 79, 124.98, 100, 13828, 1240, 715, P0, 0x0000000000000020
2026/09/19 12:34:51.004, 0, 79, 110.67, 100, 14343, 1012, 715, P0, 0x0000000000000000
2026/09/19 12:34:51.010, 1, 78, 56.09, 0, 13828, 1316, 715, P0, 0x0000000000000000
2026/09/19 12:34:52.019, 0, 79, 47.61, 100, 14343, 1189, 715, P0, 0x0000000000000000
2026/09/19 12:34:52.024, 1, 78, 160.68, 58, 13828, 1252, 715, P0, 0x0000000000000020
2026/09/19 12:34:53.036, 0, 79, 128.57, 100, 14343, 1101, 715, P0, 0x0000000000000000
2026/09/19 12:34:53.040, 1, 79, 108.19, 100, 13828, 1202, 715, P0, 0x0000000000000000
2026/09/19 12:34:54.048, 0, 79, 109.38, 100, 14343, 1025, 715, P0, 0x0000000000000020
2026/09/19 12:34:54.051, 1, 79, 121.92, 100, 13828, 1227, 715, P0, 0x0000000000000020
2026/09/19 12:34:55.060, 0, 79, 108.50, 100, 14343, 999, 715, P0, 0x0000000000000000
2026/09/19 12:34:55.070, 1, 78, 51.75, 0, 13828, 1227, 715, P0, 0x0000000000000000
2026/09/19 12:34:56.079, 0, 79, 98.18, 100, 14343, 1050, 715, P0, 0x0000000000000020
2026/09/19 12:34:56.090, 1, 77, 94.95, 0, 13828, 1227, 715, P0, 0x0000000000000000
2026/09/19 12:34:57.097, 0, 79, 118.28, 100, 14343, 1088, 715, P0, 0x0000000000000000
2026/09/19 12:34:57.109, 1, 80, 140.17, 100, 13828, 1177, 715, P0, 0x0000000000000020
2026/09/19 12:34:58.113, 0, 79, 126.90, 100, 14343, 1139, 715, P0, 0x0000000000000020
2026/09/19 12:34:58.116, 1, 79, 117.57, 100, 13828, 1227, 715, P0, 0x0000000000000000
2026/09/19 12:34:59.128, 0, 79, 107.54, 100, 14343, 974, 715, P0, 0x0000000000000020
2026/09/19 12:34:59.131, 1, 78, 52.72, 15, 13828, 1240, 715, P0, 0x0000000000000000
2026/09/19 12:35:00.141, 0, 79, 109.47, 100, 14343, 987, 715, P0, 0x0000000000000000
2026/09/19 12:35:00.147, 1, 77, 51.30, 0, 13828, 1240, 715, P0, 0x0000000000000000
2026/09/19 12:35:01.158, 0, 79, 128.15, 100, 14343, 1113, 715, P0, 0x0000000000000020
2026/09/19 12:35:01.167, 1, 80, 138.46, 100, 13828, 1177, 715, P0, 0x0000000000000000
2026/09/19 12:35:02.184, 0, 79, 100.83, 100, 14343, 974, 715, P0, 0x0000000000000000
2026/09/19 12:35:02.188, 1, 79, 113.66, 100, 13828, 1189, 715, P0, 0x0000000000000000
2026/09/19 12:35:03.197, 0, 79, 108.50, 100, 14343, 987, 715, P0, 0x0000000000000020
2026/09/19 12:35:03.206, 1, 78, 54.64, 100, 13828, 1265, 715, P0, 0x0000000000000000
2026/09/19 12:35:04.214, 0, 79, 109.94, 100, 14343, 999, 715, P0, 0x0000000000000000
2026/09/19 12:35:04.217, 1, 77, 52.71, 0, 13828, 1265, 715, P0, 0x0000000000000000
2026/09/19 12:35:05.228, 0, 78, 125.22, 26, 14343, 1101, 715, P0, 0x0000000000000020
2026/09/19 12:35:05.233, 1, 80, 164.30, 100, 13828, 1278, 715, P0, 0x0000000000000020
2026/09/19 12:35:06.237, 0, 79, 108.93, 100, 14343, 961, 715, P0, 0x0000000000000020
2026/09/19 12:35:06.248, 1, 79, 118.60, 100, 13828, 1189, 715, P0, 0x0000000000000000
2026/09/19 12:35:07.252, 0, 79, 110.45, 100, 14343, 1050, 715, P0, 0x0000000000000020
2026/09/19 12:35:07.256, 1, 79, 100.29, 100, 13828, 1227, 715, P0, 0x0000000000000000
2026/09/19 12:35:08.268, 0, 79, 109.71, 100, 14343, 999, 715, P0, 0x0000000000000000
2026/09/19 12:35:08.271, 1, 77, 51.05, 0, 13828, 1227, 715, P0, 0x0000000000000000
2026/09/19 12:35:09.284, 0, 77, 47.35, 0, 14343, 1189, 715, P0, 0x0000000000000000
2026/09/19 12:35:09.288, 1, 79, 167.29, 100, 13828, 1303, 715, P0, 0x0000000000000020
2026/09/19 12:35:10.300, 0, 80, 114.33, 100, 14343, 1025, 715, P0, 0x0000000000000020
2026/09/19 12:35:10.303, 1, 79, 125.63, 100, 13828, 1126, 715, P0, 0x0000000000000000
2026/09/19 12:35:11.325, 0, 79, 88.35, 100, 14343, 1113, 715, P0, 0x0000000000000000
2026/09/19 12:35:11.328, 1, 79, 129.07, 100, 13828, 1265, 715, P0, 0x0000000000000020
2026/09/19 12:35:12.341, 0, 79, 104.72, 100, 14343, 936, 715, P0, 0x0000000000000020
2026/09/19 12:35:12.345, 1, 77, 52.99, 0, 13828, 1265, 715, P0, 0x0000000000000000
2026/09/19 12:35:13.351, 0, 78, 47.93, 0, 14343, 1189, 715, P0, 0x0000000000000000
2026/09/19 12:35:13.354, 1, 79, 120.52, 100, 13828, 1252, 715, P0, 0x0000000000000000
2026/09/19 12:35:14.365, 0, 79, 116.00, 100, 14343, 1075, 715, P0, 0x0000000000000020
2026/09/19 12:35:14.368, 1, 80, 125.63, 100, 13828, 1113, 715, P0, 0x0000000000000020
2026/09/19 12:35:15.380, 0, 80, 124.47, 100, 14343, 911, 715, P0, 0x0000000000000020
2026/09/19 12:35:15.387, 1, 79, 132.18, 100, 13828, 1265, 715, P0, 0x0000000000000020
2026/09/19 12:35:16.408, 0, 79, 106.40, 100, 14343, 999, 715, P0, 0x0000000000000000
2026/09/19 12:35:16.411, 1, 77, 53.23, 0, 13828, 1265, 715, P0, 0x0000000000000000
2026/09/19 12:35:17.424, 0, 78, 48.09, 0, 14343, 1189, 715, P0, 0x0000000000000000
2026/09/19 12:35:17.427, 1, 79, 170.51, 100, 13828, 1278, 715, P0, 0x0000000000000000
2026/09/19 12:35:18.438, 0, 79, 137.31, 100, 14343, 1139, 715, P0, 0x0000000000000020
2026/09/19 12:35:18.443, 1, 79, 116.09, 100, 13828, 1075, 715, P0, 0x0000000000000020
2026/09/19 12:35:19.465, 0, 80, 111.79, 100, 14343, 1025, 715, P0, 0x0000000000000020
2026/09/19 12:35:19.468, 1, 79, 124.02, 100, 13828, 1202, 715, P0, 0x0000000000000020
2026/09/19 12:35:20.479, 0, 79, 124.85, 100, 14343, 1139, 715, P0, 0x0000000000000020
2026/09/19 12:35:20.484, 1, 77, 54.10, 0, 13828, 1278, 715, P0, 0x0000000000000000
2026/09/19 12:35:21.493, 0, 78, 48.09, 0, 14343, 1189, 715, P0, 0x0000000000000000
2026/09/19 12:35:21.497, 1, 78, 159.48, 94, 13828, 1252, 715, P0, 0x0000000000000020
2026/09/19 12:35:22.507, 0, 79, 118.04, 100, 14343, 1075, 715, P0, 0x0000000000000000
2026/09/19 12:35:22.510, 1, 79, 136.43, 100, 13828, 1202, 715, P0, 0x0000000000000020
2026/09/19 12:35:23.518, 0, 79, 116.99, 100, 14343, 1063, 715, P0, 0x0000000000000020
2026/09/19 12:35:23.522, 1, 79, 117.61, 100, 13828, 1227, 715, P0, 0x0000000000000020
2026/09/19 12:35:24.530, 0, 79, 119.42, 100, 14343, 1050, 715, P0, 0x0000000000000020
2026/09/19 12:35:24.533, 1, 78, 52.46, 0, 13828, 1252, 715, P0, 0x0000000000000000
2026/09/19 12:35:25.543, 0, 79, 47.86, 74, 14343, 1189, 715, P0, 0x0000000000000000
2026/09/19 12:35:25.546, 1, 78, 156.87, 12, 13828, 1252, 715, P0, 0x0000000000000020
2026/09/19 12:35:26.555, 0, 79, 124.34, 100, 14343, 1063, 715, P0, 0x0000000000000020
2026/09/19 12:35:26.561, 1, 80, 111.16, 100, 13828, 1151, 715, P0, 0x0000000000000000
2026/09/19 12:35:27.571, 0, 79, 125.45, 100, 14343, 1126, 715, P0, 0x0000000000000000
2026/09/19 12:35:27.581, 1, 79, 117.98, 100, 13828, 1215, 715, P0, 0x0000000000000000
2026/09/19 12:35:28.585, 0, 79, 105.92, 100, 14343, 949, 715, P0, 0x0000000000000000
2026/09/19 12:35:28.588, 1, 78, 52.26, 12, 13828, 1227, 715, P0, 0x0000000000000000
2026/09/19 12:35:29.597, 0, 79, 104.96, 100, 14343, 936, 715, P0, 0x0000000000000020
2026/09/19 12:35:29.600, 1, 77, 50.82, 0, 13828, 1227, 715, P0, 0x0000000000000000
2026/09/19 12:35:30.610, 0, 79, 123.10, 75, 14343, 1101, 715, P0, 0x0000000000000020
2026/09/19 12:35:30.620, 1, 80, 157.02, 100, 13828, 1202, 715, P0, 0x0000000000000020
2026/09/19 12:35:31.637, 0, 79, 126.74, 100, 14343, 1075, 715, P0, 0x0000000000000020
2026/09/19 12:35:31.641, 1, 79, 112.56, 100, 13828, 1189, 715, P0, 0x0000000000000000
2026/09/19 12:35:32.651, 0, 79, 109.94, 100, 14343, 1025, 715, P0, 0x0000000000000020
2026/09/19 12:35:32.661, 1, 79, 53.44, 54, 13828, 1316, 715, P0, 0x0000000000000020
2026/09/19 12:35:33.680, 0, 79, 110.18, 100, 14343, 999, 715, P0, 0x0000000000000020
2026/09/19 12:35:33.684, 1, 77, 55.60, 0, 13828, 1316, 715, P0, 0x0000000000000000
2026/09/19 12:35:34.696, 0, 79, 127.66, 70, 14343, 1139, 715, P0, 0x0000000000000020
2026/09/19 12:35:34.701, 1, 80, 147.19, 100, 13828, 1139, 715, P0, 0x0000000000000020
2026/09/19 12:35:35.713, 0, 79, 111.92, 100, 14343, 1025, 715, P0, 0x0000000000000020
2026/09/19 12:35:35.719, 1, 79, 127.54, 100, 13828, 1189, 715, P0, 0x0000000000000000
2026/09/19 12:35:36.729, 0, 79, 117.27, 100, 14343, 1075, 715, P0, 0x0000000000000020
2026/09/19 12:35:36.738, 1, 79, 101.49, 100, 13828, 1227, 715, P0, 0x0000000000000000
2026/09/19 12:35:37.746, 0, 79, 113.96, 100, 14343, 1025, 715, P0, 0x0000000000000020
2026/09/19 12:35:37.749, 1, 77, 55.83, 0, 13828, 1316, 715, P0, 0x0000000000000000
2026/09/19 12:35:38.759, 0, 78, 126.60, 0, 14343, 1189, 715, P0, 0x0000000000000000
2026/09/19 12:35:38.763, 1, 79, 164.52, 100, 13828, 1290, 715, P0, 0x0000000000000020
2026/09/19 12:35:39.774, 0, 80, 114.83, 100, 14343, 987, 715, P0, 0x0000000000000020
2026/09/19 12:35:39.779, 1, 79, 116.63, 100, 13828, 1063, 715, P0, 0x0000000000000020
2026/09/19 12:35:40.790, 0, 79, 110.11, 100, 14343, 1101, 715, P0, 0x0000000000000000
2026/09/19 12:35:40.797, 1, 79, 115.70, 100, 13828, 1202, 715, P0, 0x0000000000000000
2026/09/19 12:35:41.817, 0, 79, 112.52, 100, 14343, 1025, 715, P0, 0x0000000000000020
2026/09/19 12:35:41.821, 1, 77, 54.88, 0, 13828, 1303, 715, P0, 0x0000000000000000
2026/09/19 12:35:42.832, 0, 78, 51.28, 0, 14343, 1252, 715, P0, 0x0000000000000000
2026/09/19 12:35:42.835, 1, 79, 140.15, 100, 13828, 1215, 715, P0, 0x0000000000000000
2026/09/19 12:35:43.851, 0, 79, 118.07, 100, 14343, 1075, 715, P0, 0x0000000000000020
2026/09/19 12:35:43.857, 1, 79, 131.98, 100, 13828, 1139, 715, P0, 0x0000000000000020
2026/09/19 12:35:44.867, 0, 79, 102.50, 100, 14343, 898, 715, P0, 0x0000000000000020
2026/09/19 12:35:44.879, 1, 79, 118.83, 100, 13828, 1215, 715, P0, 0x0000000000000020
2026/09/19 12:35:45.895, 0, 79, 108.25, 100, 14343, 999, 715, P0, 0x0000000000000020
2026/09/19 12:35:45.900, 1, 77, 56.08, 0, 13828, 1316, 715, P0, 0x0000000000000000
2026/09/19 12:35:46.913, 0, 78, 48.34, 0, 14343, 1189, 715, P0, 0x0000000000000000
2026/09/19 12:35:46.916, 1, 78, 161.16, 100, 13828, 1252, 715, P0, 0x0000000000000020
2026/09/19 12:35:47.926, 0, 79, 126.12, 100, 14343, 1075, 715, P0, 0x0000000000000020
2026/09/19 12:35:47.935, 1, 79, 124.56, 100, 13828, 1139, 715, P0, 0x0000000000000020
2026/09/19 12:35:48.940, 0, 80, 117.94, 100, 14343, 1075, 715, P0, 0x0000000000000020
2026/09/19 12:35:48.943, 1, 79, 122.07, 100, 13828, 1227, 715, P0, 0x0000000000000000
2026/09/19 12:35:49.958, 0, 79, 103.51, 100, 14343, 911, 715, P0, 0x0000000000000020
2026/09/19 12:35:49.961, 1, 78, 52.51, 0, 13828, 1240, 715, P0, 0x0000000000000000
2026/09/19 12:35:50.973, 0, 79, 88.69, 100, 14343, 987, 715, P0, 0x0000000000000000
2026/09/19 12:35:50.978, 1, 77, 51.56, 0, 13828, 1240, 715, P0, 0x0000000000000000
2026/09/19 12:35:51.987, 0, 79, 121.77, 100, 14343, 1088, 715, P0, 0x0000000000000020
2026/09/19 12:35:51.995, 1, 80, 146.75, 100, 13828, 1202, 715, P0, 0x0000000000000000
2026/09/19 12:35:53.003, 0, 79, 124.84, 100, 14343, 1101, 715, P0, 0x0000000000000000
2026/09/19 12:35:53.006, 1, 79, 108.31, 100, 13828, 1189, 715, P0, 0x0000000000000020
2026/09/19 12:35:54.019, 0, 79, 108.98, 100, 14343, 999, 715, P0, 0x0000000000000020
2026/09/19 12:35:54.022, 1, 79, 56.59, 100, 13828, 1189, 715, P0, 0x0000000000000000
2026/09/19 12:35:55.044, 0, 79, 108.98, 100, 14343, 974, 715, P0, 0x0000000000000020
2026/09/19 12:35:55.055, 1, 77, 55.60, 0, 13828, 1316, 715, P0, 0x0000000000000000
2026/09/19 12:35:56.074, 0, 78, 117.92, 72, 14343, 1101, 715, P0, 0x0000000000000020
2026/09/19 12:35:56.077, 1, 79, 157.13, 100, 13828, 1240, 715, P0, 0x0000000000000020
2026/09/19 12:35:57.086, 0, 79, 130.22, 100, 14343, 1101, 715, P0, 0x0000000000000020
2026/09/19 12:35:57.094, 1, 79, 110.89, 100, 13828, 1189, 715, P0, 0x0000000000000000
2026/09/19 12:35:58.113, 0, 79, 113.36, 100, 14343, 1075, 715, P0, 0x0000000000000020
2026/09/19 12:35:58.116, 1, 80, 136.01, 100, 13828, 1290, 715, P0, 0x0000000000000020
2026/09/19 12:35:59.132, 0, 79, 117.96, 100, 14343, 1037, 715, P0, 0x0000000000000020
2026/09/19 12:35:59.136, 1, 77, 56.51, 0, 13828, 1328, 715, P0, 0x0000000000000000
2026/09/19 12:36:00.148, 0, 78, 118.14, 0, 14343, 1303, 715, P0, 0x0000000000000000
2026/09/19 12:36:00.154, 1, 80, 171.91, 100, 13828, 1316, 715, P0, 0x0000000000000000
2026/09/19 12:36:01.159, 0, 79, 116.00, 100, 14343, 1050, 715, P0, 0x0000000000000020
2026/09/19 12:36:01.163, 1, 79, 125.39, 100, 13828, 1101, 715, P0, 0x0000000000000020
2026/09/19 12:36:02.175, 0, 79, 90.10, 100, 14343, 987, 715, P0, 0x0000000000000000
2026/09/19 12:36:02.180, 1, 79, 122.46, 100, 13828, 1252, 715, P0, 0x0000000000000020
2026/09/19 12:36:03.194, 0, 79, 106.81, 100, 14343, 949, 715, P0, 0x0000000000000020
2026/09/19 12:36:03.201, 1, 77, 55.84, 0, 13828, 1316, 715, P0, 0x0000000000000000
2026/09/19 12:36:04.209, 0, 78, 48.09, 0, 14343, 1189, 715, P0, 0x0000000000000000
2026/09/19 12:36:04.213, 1, 79, 164.64, 100, 13828, 1252, 715, P0, 0x0000000000000020
2026/09/19 12:36:05.224, 0, 79, 123.75, 100, 14343, 1113, 715, P0, 0x0000000000000020
2026/09/19 12:36:05.227, 1, 79, 124.81, 100, 13828, 1113, 715, P0, 0x0000000000000020
2026/09/19 12:36:06.239, 0, 79, 107.95, 100, 14343, 961, 715, P0, 0x0000000000000020
2026/09/19 12:36:06.242, 1, 79, 117.39, 100, 13828, 1227, 715, P0, 0x0000000000000000
2026/09/19 12:36:07.255, 0, 79, 105.34, 100, 14343, 1075, 715, P0, 0x0000000000000000
2026/09/19 12:36:07.257, 1, 78, 55.60, 0, 13828, 1303, 715, P0, 0x0000000000000000
2026/09/19 12:36:08.268, 0, 78, 53.60, 54, 14343, 1290, 715, P0, 0x0000000000000000
2026/09/19 12:36:08.273, 1, 79, 163.19, 59, 13828, 1252, 715, P0, 0x0000000000000020
2026/09/19 12:36:09.287, 0, 79, 130.34, 100, 14343, 1101, 715, P0, 0x0000000000000020
2026/09/19 12:36:09.298, 1, 79, 130.69, 100, 13828, 1164, 715, P0, 0x0000000000000020
2026/09/19 12:36:10.315, 0, 79, 113.71, 100, 14343, 1050, 715, P0, 0x0000000000000000
2026/09/19 12:36:10.318, 1, 79, 114.33, 100, 13828, 1189, 715, P0, 0x0000000000000020
2026/09/19 12:36:11.330, 0, 79, 115.16, 100, 14343, 1050, 715, P0, 0x0000000000000000
2026/09/19 12:36:11.336, 1, 78, 51.26, 0, 13828, 1215, 715, P0, 0x0000000000000000
2026/09/19 12:36:12.343, 0, 79, 47.90, 100, 14343, 1189, 715, P0, 0x0000000000000000
2026/09/19 12:36:12.345, 1, 77, 142.09, 11, 13828, 1215, 715, P0, 0x0000000000000000
2026/09/19 12:36:13.354, 0, 79, 117.55, 100, 14343, 1063, 715, P0, 0x0000000000000020
2026/09/19 12:36:13.357, 1, 80, 147.25, 100, 13828, 1202, 715, P0, 0x0000000000000020
2026/09/19 12:36:14.373, 0, 79, 117.13, 100, 14343, 1164, 715, P0, 0x0000000000000000
2026/09/19 12:36:14.375, 1, 79, 130.28, 100, 13828, 1290, 715, P0, 0x0000000000000020
2026/09/19 12:36:15.385, 0, 80, 117.81, 100, 14343, 1063, 715, P0, 0x0000000000000020
2026/09/19 12:36:15.394, 1, 78, 51.74, 38, 13828, 1215, 715, P0, 0x0000000000000000
2026/09/19 12:36:16.400, 0, 79, 106.82, 100, 14343, 961, 715, P0, 0x0000000000000020
2026/09/19 12:36:16.403, 1, 77, 50.34, 0, 13828, 1215, 715, P0, 0x0000000000000000
2026/09/19 12:36:17.407, 0, 79, 121.51, 54, 14343, 1088, 715, P0, 0x0000000000000020
2026/09/19 12:36:17.413, 1, 80, 157.52, 100, 13828, 1215, 715, P0, 0x0000000000000020
2026/09/19 12:36:18.425, 0, 79, 125.29, 100, 14343, 1063, 715, P0, 0x0000000000000020
2026/09/19 12:36:18.437, 1, 79, 115.19, 100, 13828, 1189, 715, P0, 0x0000000000000000
2026/09/19 12:36:19.454, 0, 79, 107.26, 100, 14343, 1012, 715, P0, 0x0000000000000000
2026/09/19 12:36:19.458, 1, 79, 103.43, 100, 13828, 1227, 715, P0, 0x0000000000000000
2026/09/19 12:36:20.473, 0, 79, 105.12, 100, 14343, 936, 715, P0, 0x0000000000000020
2026/09/19 12:36:20.476, 1, 77, 55.60, 0, 13828, 1316, 715, P0, 0x0000000000000000
2026/09/19 12:36:21.489, 0, 77, 47.70, 0, 14343, 1189, 715, P0, 0x0000000000000000
2026/09/19 12:36:21.492, 1, 79, 127.95, 100, 13828, 1227, 715, P0, 0x0000000000000000
2026/09/19 12:36:22.501, 0, 79, 117.93, 100, 14343, 1075, 715, P0, 0x0000000000000020
2026/09/19 12:36:22.512, 1, 79, 119.72, 100, 13828, 1088, 715, P0, 0x0000000000000000
2026/09/19 12:36:23.531, 0, 79, 115.78, 100, 14343, 1037, 715, P0, 0x0000000000000020
2026/09/19 12:36:23.535, 1, 79, 121.37, 100, 13828, 1227, 715, P0, 0x0000000000000020
2026/09/19 12:36:24.546, 0, 79, 115.40, 100, 14343, 1075, 715, P0, 0x0000000000000020
2026/09/19 12:36:24.553, 1, 77, 53.90, 0, 13828, 1290, 715, P0, 0x0000000000000000
2026/09/19 12:36:25.570, 0, 78, 48.09, 0, 14343, 1189, 715, P0, 0x0000000000000000
2026/09/19 12:36:25.573, 1, 79, 164.64, 100, 13828, 1252, 715, P0, 0x0000000000000020
2026/09/19 12:36:26.584, 0, 79, 129.72, 100, 14343, 1151, 715, P0, 0x0000000000000000
2026/09/19 12:36:26.594, 1, 79, 108.27, 100, 13828, 1012, 715, P0, 0x0000000000000020
2026/09/19 12:36:27.612, 0, 79, 100.26, 100, 14343, 873, 715, P0, 0x0000000000000020
2026/09/19 12:36:27.615, 1, 79, 97.76, 100, 13828, 1189, 715, P0, 0x0000000000000000
2026/09/19 12:36:28.629, 0, 79, 100.14, 100, 14343, 873, 715, P0, 0x0000000000000020
2026/09/19 12:36:28.634, 1, 77, 52.27, 0, 13828, 1240, 715, P0, 0x0000000000000000
2026/09/19 12:36:29.639, 0, 79, 95.86, 100, 14343, 873, 715, P0, 0x0000000000000020
2026/09/19 12:36:29.642, 1, 77, 51.31, 0, 13828, 1240, 715, P0, 0x0000000000000000
2026/09/19 12:36:30.651, 0, 78, 116.97, 59, 14343, 1075, 715, P0, 0x0000000000000020
2026/09/19 12:36:30.654, 1, 79, 158.24, 100, 13828, 1227, 715, P0, 0x0000000000000020
2026/09/19 12:36:31.666, 0, 79, 116.76, 100, 14343, 1075, 715, P0, 0x0000000000000000
2026/09/19 12:36:31.672, 1, 79, 118.09, 100, 13828, 1215, 715, P0, 0x0000000000000000
2026/09/19 12:36:32.681, 0, 79, 121.81, 100, 14343, 1088, 715, P0, 0x0000000000000020
2026/09/19 12:36:32.692, 1, 79, 54.62, 100, 13828, 1252, 715, P0, 0x0000000000000000
2026/09/19 12:36:33.711, 0, 79, 104.22, 100, 14343, 898, 715, P0, 0x0000000000000020
2026/09/19 12:36:33.714, 1, 77, 55.60, 0, 13828, 1316, 715, P0, 0x0000000000000000
2026/09/19 12:36:34.728, 0, 78, 128.96, 16, 14343, 1113, 715, P0, 0x0000000000000020
2026/09/19 12:36:34.732, 1, 80, 159.13, 100, 13828, 1252, 715, P0, 0x0000000000000020
2026/09/19 12:36:35.739, 0, 79, 118.18, 100, 14343, 1075, 715, P0, 0x0000000000000020
2026/09/19 12:36:35.743, 1, 79, 115.66, 100, 13828, 1050, 715, P0, 0x0000000000000020
2026/09/19 12:36:36.768, 0, 79, 96.55, 100, 14343, 1113, 715, P0, 0x0000000000000000
2026/09/19 12:36:36.770, 1, 79, 114.60, 100, 13828, 1189, 715, P0, 0x0000000000000020
2026/09/19 12:36:37.781, 0, 79, 107.77, 100, 14343, 974, 715, P0, 0x0000000000000020
2026/09/19 12:36:37.790, 1, 77, 55.60, 0, 13828, 1316, 715, P0, 0x0000000000000000
2026/09/19 12:36:38.809, 0, 77, 47.89, 0, 14343, 1189, 715, P0, 0x0000000000000000
2026/09/19 12:36:38.815, 1, 79, 152.74, 100, 13828, 1202, 715, P0, 0x0000000000000020
2026/09/19 12:36:39.827, 0, 79, 128.18, 100, 14343, 1139, 715, P0, 0x0000000000000000
2026/09/19 12:36:39.830, 1, 80, 134.90, 100, 13828, 1139, 715, P0, 0x0000000000000020
2026/09/19 12:36:40.841, 0, 79, 110.57, 100, 14343, 999, 715, P0, 0x0000000000000020
2026/09/19 12:36:40.849, 1, 79, 128.25, 100, 13828, 1265, 715, P0, 0x0000000000000000
2026/09/19 12:36:41.856, 0, 79, 100.85, 100, 14343, 1088, 715, P0, 0x0000000000000000
2026/09/19 12:36:41.859, 1, 78, 56.09, 0, 13828, 1316, 715, P0, 0x0000000000000000
2026/09/19 12:36:42.867, 0, 78, 51.91, 0, 14343, 1252, 715, P0, 0x0000000000000000
2026/09/19 12:36:42.869, 1, 79, 173.57, 65, 13828, 1290, 715, P0, 0x0000000000000020
2026/09/19 12:36:43.882, 0, 79, 124.69, 100, 14343, 1101, 715, P0, 0x0000000000000020
2026/09/19 12:36:43.890, 1, 79, 132.85, 100, 13828, 1177, 715, P0, 0x0000000000000020
2026/09/19 12:36:44.909, 0, 79, 110.73, 100, 14343, 1025, 715, P0, 0x0000000000000020
2026/09/19 12:36:44.912, 1, 79, 132.78, 100, 13828, 1278, 715, P0, 0x0000000000000020
2026/09/19 12:36:45.923, 0, 79, 115.87, 100, 14343, 1037, 715, P0, 0x0000000000000020
2026/09/19 12:36:45.930, 1, 78, 55.84, 0, 13828, 1303, 715, P0, 0x0000000000000000
2026/09/19 12:36:46.937, 0, 79, 48.82, 100, 14343, 1189, 715, P0, 0x0000000000000000
2026/09/19 12:36:46.943, 1, 78, 156.37, 30, 13828, 1252, 715, P0, 0x0000000000000020
2026/09/19 12:36:47.951, 0, 79, 136.31, 100, 14343, 1126, 715, P0, 0x0000000000000020
2026/09/19 12:36:47.954, 1, 79, 129.95, 100, 13828, 1139, 715, P0, 0x0000000000000000
2026/09/19 12:36:48.966, 0, 79, 121.18, 100, 14343, 1164, 715, P0, 0x0000000000000000
2026/09/19 12:36:48.970, 1, 79, 128.84, 100, 13828, 1290, 715, P0, 0x0000000000000020
2026/09/19 12:36:49.981, 0, 79, 118.93, 100, 14343, 1037, 715, P0, 0x0000000000000020
2026/09/19 12:36:49.991, 1, 78, 55.83, 19, 13828, 1290, 715, P0, 0x0000000000000000
2026/09/19 12:36:51.010, 0, 79, 114.20, 100, 14343, 1050, 715, P0, 0x0000000000000000
2026/09/19 12:36:51.012, 1, 77, 54.15, 0, 13828, 1290, 715, P0, 0x0000000000000000
2026/09/19 12:36:52.025, 0, 79, 131.26, 59, 14343, 1126, 715, P0, 0x0000000000000020
2026/09/19 12:36:52.028, 1, 80, 142.43, 100, 13828, 1189, 715, P0, 0x0000000000000020
2026/09/19 12:36:53.039, 0, 79, 115.57, 100, 14343, 1050, 715, P0, 0x0000000000000000
2026/09/19 12:36:53.049, 1, 79, 114.57, 100, 13828, 1189, 715, P0, 0x0000000000000000
2026/09/19 12:36:54.056, 0, 79, 120.81, 100, 14343, 1063, 715, P0, 0x0000000000000020
2026/09/19 12:36:54.059, 1, 79, 114.01, 100, 13828, 1189, 715, P0, 0x0000000000000020
2026/09/19 12:36:55.068, 0, 79, 102.54, 100, 14343, 898, 715, P0, 0x0000000000000020
2026/09/19 12:36:55.071, 1, 77, 53.68, 0, 13828, 1278, 715, P0, 0x0000000000000000
2026/09/19 12:36:56.083, 0, 77, 53.65, 0, 14343, 1303, 715, P0, 0x0000000000000000
2026/09/19 12:36:56.087, 1, 79, 144.19, 100, 13828, 1215, 715, P0, 0x0000000000000000
2026/09/19 12:36:57.096, 0, 79, 117.10, 100, 14343, 1075, 715, P0, 0x0000000000000020
2026/09/19 12:36:57.099, 1, 80, 137.39, 100, 13828, 1139, 715, P0, 0x0000000000000020
2026/09/19 12:36:58.110, 0, 79, 107.05, 100, 14343, 949, 715, P0, 0x0000000000000020
2026/09/19 12:36:58.113, 1, 79, 118.59, 100, 13828, 1215, 715, P0, 0x0000000000000000
2026/09/19 12:36:59.125, 0, 79, 112.99, 100, 14343, 1088, 715, P0, 0x0000000000000020
2026/09/19 12:36:59.128, 1, 77, 56.07, 0, 13828, 1316, 715, P0, 0x0000000000000000
2026/09/19 12:37:00.139, 0, 78, 48.09, 10, 14343, 1189, 715, P0, 0x0000000000000000
2026/09/19 12:37:00.143, 1, 79, 163.04, 31, 13828, 1252, 715, P0, 0x0000000000000020
2026/09/19 12:37:01.152, 0, 79, 118.07, 100, 14343, 1063, 715, P0, 0x0000000000000020
2026/09/19 12:37:01.157, 1, 79, 133.90, 100, 13828, 1139, 715, P0, 0x0000000000000020
2026/09/19 12:37:02.164, 0, 79, 124.00, 100, 14343, 1075, 715, P0, 0x0000000000000020
2026/09/19 12:37:02.167, 1, 79, 127.01, 100, 13828, 1252, 715, P0, 0x0000000000000020
2026/09/19 12:37:03.180, 0, 79, 108.50, 100, 14343, 974, 715, P0, 0x0000000000000020
2026/09/19 12:37:03.186, 1, 78, 53.20, 0, 13828, 1252, 715, P0, 0x0000000000000000
2026/09/19 12:37:04.191, 0, 79, 109.63, 100, 14343, 1126, 715, P0, 0x0000000000000000
2026/09/19 12:37:04.194, 1, 77, 52.22, 0, 13828, 1252, 715, P0, 0x0000000000000000
2026/09/19 12:37:05.205, 0, 79, 118.50, 100, 14343, 1075, 715, P0, 0x0000000000000020
2026/09/19 12:37:05.208, 1, 80, 147.73, 100, 13828, 1202, 715, P0, 0x0000000000000020
2026/09/19 12:37:06.213, 0, 80, 110.14, 100, 14343, 961, 715, P0, 0x0000000000000020
2026/09/19 12:37:06.216, 1, 79, 108.66, 100, 13828, 1189, 715, P0, 0x0000000000000020
2026/09/19 12:37:07.225, 0, 79, 110.43, 100, 14343, 1025, 715, P0, 0x0000000000000020
2026/09/19 12:37:07.229, 1, 79, 96.04, 100, 13828, 1189, 715, P0, 0x0000000000000000
2026/09/19 12:37:08.239, 0, 79, 110.92, 100, 14343, 1012, 715, P0, 0x0000000000000020
2026/09/19 12:37:08.245, 1, 77, 49.12, 0, 13828, 1189, 715, P0, 0x0000000000000000
2026/09/19 12:37:09.257, 0, 77, 150.66, 0, 14343, 1240, 715, P0, 0x0000000000000020
2026/09/19 12:37:09.263, 1, 79, 154.44, 100, 13828, 1227, 715, P0, 0x0000000000000020
2026/09/19 12:37:10.278, 0, 80, 113.48, 100, 14343, 961, 715, P0, 0x0000000000000020
2026/09/19 12:37:10.288, 1, 79, 109.04, 100, 13828, 1037, 715, P0, 0x0000000000000000
2026/09/19 12:37:11.303, 0, 79, 109.47, 100, 14343, 987, 715, P0, 0x0000000000000020
2026/09/19 12:37:11.305, 1, 79, 107.94, 100, 13828, 1177, 715, P0, 0x0000000000000020
2026/09/19 12:37:12.312, 0, 79, 110.65, 100, 14343, 999, 715, P0, 0x0000000000000020
2026/09/19 12:37:12.316, 1, 77, 55.84, 0, 13828, 1316, 715, P0, 0x0000000000000000
2026/09/19 12:37:13.339, 0, 78, 49.55, 0, 14343, 1227, 715, P0, 0x0000000000000000
2026/09/19 12:37:13.342, 1, 79, 150.34, 100, 13828, 1202, 715, P0, 0x0000000000000000
2026/09/19 12:37:14.352, 0, 79, 125.52, 100, 14343, 1139, 715, P0, 0x0000000000000020
2026/09/19 12:37:14.355, 1, 80, 150.46, 100, 13828, 1215, 715, P0, 0x0000000000000020
2026/09/19 12:37:15.367, 0, 79, 113.37, 100, 14343, 1025, 715, P0, 0x0000000000000020
2026/09/19 12:37:15.370, 1, 79, 127.88, 100, 13828, 1189, 715, P0, 0x0000000000000020
2026/09/19 12:37:16.380, 0, 79, 113.55, 100, 14343, 1025, 715, P0, 0x0000000000000020
2026/09/19 12:37:16.383, 1, 77, 50.33, 0, 13828, 1202, 715, P0, 0x0000000000000000
2026/09/19 12:37:17.393, 0, 78, 53.17, 52, 14343, 1290, 715, P0, 0x0000000000000000
2026/09/19 12:37:17.397, 1, 78, 147.94, 98, 13828, 1227, 715, P0, 0x0000000000000020
2026/09/19 12:37:18.404, 0, 79, 127.56, 100, 14343, 1139, 715, P0, 0x0000000000000020
2026/09/19 12:37:18.407, 1, 79, 128.83, 100, 13828, 1189, 715, P0, 0x0000000000000000
2026/09/19 12:37:19.420, 0, 79, 118.34, 100, 14343, 1050, 715, P0, 0x0000000000000020
2026/09/19 12:37:19.425, 1, 79, 125.82, 100, 13828, 1240, 715, P0, 0x0000000000000020
2026/09/19 12:37:20.434, 0, 79, 100.85, 100, 14343, 860, 715, P0, 0x0000000000000020
2026/09/19 12:37:20.446, 1, 78, 56.82, 0, 13828, 1316, 715, P0, 0x0000000000000000
2026/09/19 12:37:21.451, 0, 77, 51.72, 0, 14343, 1265, 715, P0, 0x0000000000000000
2026/09/19 12:37:21.454, 1, 79, 139.43, 100, 13828, 1177, 715, P0, 0x0000000000000020
2026/09/19 12:37:22.472, 0, 77, 51.05, 0, 14343, 1265, 715, P0, 0x0000000000000000
2026/09/19 12:37:22.475, 1, 79, 121.01, 100, 13828, 1240, 715, P0, 0x0000000000000000
2026/09/19 12:37:23.483, 0, 79, 195.73, 100, 14343, 1328, 715, P0, 0x0000000000000000
2026/09/19 12:37:23.486, 1, 78, 54.86, 0, 13828, 1290, 715, P0, 0x0000000000000000
2026/09/19 12:37:24.497, 0, 80, 132.74, 100, 14343, 1164, 715, P0, 0x0000000000000020
2026/09/19 12:37:24.507, 1, 77, 56.01, 0, 13828, 1328, 715, P0, 0x0000000000000000
2026/09/19 12:37:25.527, 0, 79, 110.90, 100, 14343, 999, 715, P0, 0x0000000000000020
2026/09/19 12:37:25.530, 1, 76, 55.60, 0, 13828, 1328, 715, P0, 0x0000000000000000
2026/09/19 12:37:26.541, 0, 79, 109.93, 100, 14343, 999, 715, P0, 0x0000000000000020
2026/09/19 12:37:26.549, 1, 76, 55.60, 0, 13828, 1328, 715, P0, 0x0000000000000000
2026/09/19 12:37:27.558, 0, 77, 54.03, 0, 14343, 1316, 715, P0, 0x0000000000000000
2026/09/19 12:37:27.563, 1, 80, 180.71, 100, 13828, 1278, 715, P0, 0x0000000000000020
2026/09/19 12:37:28.581, 0, 77, 53.48, 0, 14343, 1316, 715, P0, 0x0000000000000000
2026/09/19 12:37:28.584, 1, 79, 111.30, 100, 13828, 1189, 715, P0, 0x0000000000000000
2026/09/19 12:37:29.590, 0, 76, 45.75, 0, 14343, 1189, 715, P0, 0x0000000000000000
2026/09/19 12:37:29.593, 1, 79, 102.95, 96, 13828, 1316, 715, P0, 0x0000000000000020
2026/09/19 12:37:30.616, 0, 76, 54.31, 0, 9, 1328, 715, P0, 0x0000000000000000
2026/09/19 12:37:30.622, 1, 77, 55.98, 0, 9, 1328, 715, P0, 0x0000000000000000
2026/09/19 12:37:31.640, 0, 76, 54.06, 0, 9, 1328, 715, P0, 0x0000000000000000
2026/09/19 12:37:31.643, 1, 76, 54.52, 0, 9, 1328, 715, P0, 0x0000000000000000
2026/09/19 12:37:32.662, 0, 76, 54.10, 0, 9, 1328, 715, P0, 0x0000000000000000
2026/09/19 12:37:32.665, 1, 76, 55.00, 0, 9, 1328, 715, P0, 0x0000000000000000
2026/09/19 12:37:33.673, 0, 76, 53.86, 0, 9, 1328, 715, P0, 0x0000000000000000
2026/09/19 12:37:33.676, 1, 76, 54.77, 0, 9, 1328, 715, P0, 0x0000000000000000
2026/09/19 12:37:34.686, 0, 76, 53.62, 0, 9, 1328, 715, P0, 0x0000000000000000
2026/09/19 12:37:34.689, 1, 75, 54.80, 0, 9, 1328, 715, P0, 0x0000000000000000
2026/09/19 12:37:35.705, 0, 75, 53.62, 0, 9, 1328, 715, P0, 0x0000000000000000
2026/09/19 12:37:35.707, 1, 75, 54.56, 0, 9, 1328, 715, P0, 0x0000000000000000
2026/09/19 12:37:36.720, 0, 75, 53.37, 0, 9, 1328, 715, P0, 0x0000000000000000
2026/09/19 12:37:36.723, 1, 75, 54.55, 0, 9, 1328, 715, P0, 0x0000000000000000
