timestamp,index,temperature.gpu,power.draw,utilization.gpu,memory.used,clocks.current.graphics,clocks.current.memory,pstate,clocks_event_reasons.active
2026/09/17 10:08:36.718, 0, 67, 49.49, 0, 14378, 1328, 715, P0, 0x0000000000000000
2026/09/17 10:08:36.721, 1, 67, 50.22, 0, 14903, 1328, 715, P0, 0x0000000000000000
2026/09/17 10:08:37.729, 0, 70, 161.73, 100, 14694, 1328, 715, P0, 0x0000000000000000
2026/09/17 10:08:37.732, 1, 67, 49.92, 0, 14903, 1328, 715, P0, 0x0000000000000000
2026/09/17 10:08:38.740, 0, 71, 167.59, 100, 14694, 1328, 715, P0, 0x0000000000000000
2026/09/17 10:08:38.744, 1, 67, 48.71, 0, 14903, 1328, 715, P0, 0x0000000000000000
2026/09/17 10:08:39.754, 0, 70, 182.55, 100, 14694, 1328, 715, P0, 0x0000000000000000
2026/09/17 10:08:39.757, 1, 70, 160.76, 100, 15219, 1328, 715, P0, 0x0000000000000000
2026/09/17 10:08:40.765, 0, 71, 161.95, 100, 14694, 1328, 715, P0, 0x0000000000000000
2026/09/17 10:08:40.768, 1, 69, 52.33, 32, 15219, 1328, 715, P0, 0x0000000000000000
2026/09/17 10:08:41.777, 0, 70, 161.32, 34, 14694, 1328, 715, P0, 0x0000000000000000
2026/09/17 10:08:41.781, 1, 71, 186.20, 100, 15219, 1328, 715, P0, 0x0000000000000000
2026/09/17 10:08:42.794, 0, 72, 210.62, 100, 14694, 1328, 715, P0, 0x0000000000000000
2026/09/17 10:08:42.796, 1, 72, 193.36, 100, 15219, 1328, 715, P0, 0x0000000000000000
2026/09/17 10:08:43.809, 0, 70, 53.13, 2, 14694, 1328, 715, P0, 0x0000000000000000
2026/09/17 10:08:43.813, 1, 70, 171.51, 31, 15219, 1328, 715, P0, 0x0000000000000000
2026/09/17 10:08:44.824, 0, 72, 187.37, 100, 14694, 1328, 715, P0, 0x0000000000000000
2026/09/17 10:08:44.827, 1, 72, 165.38, 100, 15219, 1328, 715, P0, 0x0000000000000000
2026/09/17 10:08:45.837, 0, 73, 173.20, 100, 14694, 1328, 715, P0, 0x0000000000000000
2026/09/17 10:08:45.840, 1, 70, 52.12, 0, 15219, 1328, 715, P0, 0x0000000000000000
2026/09/17 10:08:46.854, 0, 72, 187.54, 100, 14694, 1328, 715, P0, 0x0000000000000000
2026/09/17 10:08:46.856, 1, 72, 205.27, 100, 15219, 1328, 715, P0, 0x0000000000000000
2026/09/17 10:08:47.870, 0, 73, 191.93, 100, 14694, 1328, 715, P0, 0x0000000000000000
2026/09/17 10:08:47.873, 1, 71, 54.37, 68, 15219, 1328, 715, P0, 0x0000000000000000
2026/09/17 10:08:48.879, 0, 71, 52.68, 0, 14694, 1328, 715, P0, 0x0000000000000000
2026/09/17 10:08:48.883, 1, 72, 158.93, 100, 15219, 1328, 715, P0, 0x0000000000000000
2026/09/17 10:08:49.897, 0, 73, 204.77, 100, 14694, 1328, 715, P0, 0x0000000000000000
2026/09/17 10:08:49.900, 1, 73, 190.14, 100, 15219, 1328, 715, P0, 0x0000000000000000
2026/09/17 10:08:50.911, 0, 73, 55.80, 100, 14694, 1328, 715, P0, 0x0000000000000000
2026/09/17 10:08:50.914, 1, 71, 156.28, 4, 15219, 1328, 715, P0, 0x0000000000000000
2026/09/17 10:08:51.923, 0, 73, 164.18, 100, 14694, 1328, 715, P0, 0x0000000000000000
2026/09/17 10:08:51.926, 1, 72, 191.36, 100, 15219, 1328, 715, P0, 0x0000000000000000
2026/09/17 10:08:52.939, 0, 70, 52.20, 0, 14694, 1328, 715, P0, 0x0000000000000000
2026/09/17 10:08:52.942, 1, 73, 158.49, 100, 15219, 1328, 715, P0, 0x0000000000000000
2026/09/17 10:08:53.952, 0, 73, 192.27, 100, 14694, 1328, 715, P0, 0x0000000000000000
2026/09/17 10:08:53.956, 1, 70, 52.27, 0, 15219, 1328, 715, P0, 0x0000000000000000
2026/09/17 10:08:54.965, 0, 74, 207.23, 100, 14694, 1328, 715, P0, 0x0000000000000000
2026/09/17 10:08:54.968, 1, 69, 51.28, 0, 15219, 1328, 715, P0, 0x0000000000000000
2026/09/17 10:08:55.980, 0, 71, 52.69, 0, 14694, 1328, 715, P0, 0x0000000000000000
2026/09/17 10:08:55.984, 1, 72, 152.97, 100, 15219, 1328, 715, P0, 0x0000000000000000
2026/09/17 10:08:56.994, 0, 70, 51.67, 0, 14694, 1328, 715, P0, 0x0000000000000000
2026/09/17 10:08:56.997, 1, 73, 180.43, 100, 15219, 1328, 715, P0, 0x0000000000000000
2026/09/17 10:08:58.008, 0, 72, 91.63, 49, 14694, 1328, 715, P0, 0x0000000000000000
2026/09/17 10:08:58.011, 1, 72, 171.28, 53, 15219, 1328, 715, P0, 0x0000000000000000
2026/09/17 10:08:59.022, 0, 71, 163.77, 38, 14694, 1328, 715, P0, 0x0000000000000000
2026/09/17 10:08:59.025, 1, 72, 86.93, 55, 15219, 1328, 715, P0, 0x0000000000000000
2026/09/17 10:09:00.033, 0, 72, 101.61, 48, 14694, 1328, 715, P0, 0x0000000000000000
2026/09/17 10:09:00.037, 1, 72, 174.62, 56, 15219, 1328, 715, P0, 0x0000000000000000
2026/09/17 10:09:01.046, 0, 72, 150.65, 49, 14694, 1328, 715, P0, 0x0000000000000000
2026/09/17 10:09:01.049, 1, 72, 97.22, 53, 15219, 1328, 715, P0, 0x0000000000000000
2026/09/17 10:09:02.055, 0, 72, 117.38, 38, 14694, 1328, 715, P0, 0x0000000000000000
2026/09/17 10:09:02.060, 1, 72, 153.04, 43, 15219, 1328, 715, P0, 0x0000000000000000
2026/09/17 10:09:03.067, 0, 72, 116.13, 48, 14694, 1328, 715, P0, 0x0000000000000000
2026/09/17 10:09:03.070, 1, 72, 121.74, 57, 15219, 1328, 715, P0, 0x0000000000000000
2026/09/17 10:09:04.082, 0, 73, 128.26, 49, 14694, 1328, 715, P0, 0x0000000000000000
2026/09/17 10:09:04.085, 1, 72, 145.96, 49, 15219, 1328, 715, P0, 0x0000000000000000
2026/09/17 10:09:05.093, 0, 72, 115.33, 38, 14694, 1328, 715, P0, 0x0000000000000000
2026/09/17 10:09:05.097, 1, 73, 119.08, 50, 15219, 1328, 715, P0, 0x0000000000000000
2026/09/17 10:09:06.104, 0, 72, 56.23, 48, 14694, 1328, 715, P0, 0x0000000000000000
2026/09/17 10:09:06.107, 1, 72, 61.04, 57, 15219, 1328, 715, P0, 0x0000000000000000
2026/09/17 10:09:07.120, 0, 74, 209.27, 100, 14694, 1328, 715, P0, 0x0000000000000000
2026/09/17 10:09:07.123, 1, 70, 53.69, 0, 15219, 1328, 715, P0, 0x0000000000000000
2026/09/17 10:09:08.133, 0, 75, 197.01, 100, 14694, 1328, 715, P0, 0x0000000000000000
2026/09/17 10:09:08.137, 1, 70, 53.50, 0, 15219, 1328, 715, P0, 0x0000000000000000
2026/09/17 10:09:09.143, 0, 74, 191.07, 100, 14694, 1328, 715, P0, 0x0000000000000000
2026/09/17 10:09:09.146, 1, 73, 167.45, 100, 15219, 1328, 715, P0, 0x0000000000000000
2026/09/17 10:09:10.155, 0, 75, 176.87, 100, 14694, 1328, 715, P0, 0x0000000000000000
2026/09/17 10:09:10.158, 1, 72, 56.64, 65, 15219, 1328, 715, P0, 0x0000000000000000
2026/09/17 10:09:11.169, 0, 72, 53.60, 0, 14694, 1328, 715, P0, 0x0000000000000000
2026/09/17 10:09:11.174, 1, 73, 174.50, 100, 15219, 1328, 715, P0, 0x0000000000000000
2026/09/17 10:09:12.184, 0, 75, 206.82, 100, 14694, 1328, 715, P0, 0x0000000000000000
2026/09/17 10:09:12.187, 1, 74, 202.48, 100, 15219, 1328, 715, P0, 0x0000000000000000
2026/09/17 10:09:13.199, 0, 75, 65.55, 100, 14694, 1328, 715, P0, 0x0000000000000000
2026/09/17 10:09:13.202, 1, 72, 202.16, 0, 15219, 1328, 715, P0, 0x0000000000000000
2026/09/17 10:09:14.215, 0, 75, 172.34, 100, 14694, 1328, 715, P0, 0x0000000000000000
2026/09/17 10:09:14.218, 1, 74, 194.61, 100, 15219, 1328, 715, P0, 0x0000000000000000
2026/09/17 10:09:15.234, 0, 76, 170.54, 100, 14694, 1328, 715, P0, 0x0000000000000000
2026/09/17 10:09:15.237, 1, 73, 56.62, 48, 15219, 1328, 715, P0, 0x0000000000000000
2026/09/17 10:09:16.245, 0, 74, 176.58, 32, 14694, 1328, 715, P0, 0x0000000000000000
2026/09/17 10:09:16.248, 1, 74, 165.93, 100, 15219, 1328, 715, P0, 0x0000000000000000
2026/09/17 10:09:17.263, 0, 76, 173.16, 100, 14694, 1328, 715, P0, 0x0000000000000000
2026/09/17 10:09:17.266, 1, 75, 168.83, 100, 15219, 1328, 715, P0, 0x0000000000000000
2026/09/17 10:09:18.279, 0, 75, 56.99, 63, 14694, 1328, 715, P0, 0x0000000000000000
2026/09/17 10:09:18.282, 1, 73, 167.55, 59, 15219, 1328, 715, P0, 0x0000000000000000
2026/09/17 10:09:19.291, 0, 76, 164.85, 100, 14694, 1328, 715, P0, 0x0000000000000000
2026/09/17 10:09:19.294, 1, 75, 219.88, 100, 15219, 1328, 715, P0, 0x0000000000000000
2026/09/17 10:09:20.308, 0, 77, 180.69, 100, 14694, 1328, 715, P0, 0x0000000000000000
2026/09/17 10:09:20.311, 1, 73, 56.90, 0, 15219, 1328, 715, P0, 0x0000000000000000
2026/09/17 10:09:21.325, 0, 75, 173.93, 21, 14694, 1328, 715, P0, 0x0000000000000000
2026/09/17 10:09:21.328, 1, 75, 208.24, 100, 15219, 1328, 715, P0, 0x0000000000000000
2026/09/17 10:09:22.339, 0, 77, 204.23, 100, 14694, 1328, 715, P0, 0x0000000000000000
2026/09/17 10:09:22.342, 1, 75, 187.01, 100, 15219, 1328, 715, P0, 0x0000000000000000
2026/09/17 10:09:23.351, 0, 76, 57.66, 86, 14694, 1328, 715, P0, 0x0000000000000000
2026/09/17 10:09:23.354, 1, 74, 186.14, 35, 15219, 1328, 715, P0, 0x0000000000000000
2026/09/17 10:09:24.359, 0, 77, 170.53, 100, 14694, 1328, 715, P0, 0x0000000000000000
2026/09/17 10:09:24.362, 1, 76, 217.05, 100, 15219, 1328, 715, P0, 0x0000000000000000
2026/09/17 10:09:25.374, 0, 77, 216.67, 100, 14694, 1328, 715, P0, 0x0000000000000000
2026/09/17 10:09:25.377, 1, 74, 57.49, 0, 15219, 1328, 715, P0, 0x0000000000000000
2026/09/17 10:09:26.382, 0, 75, 175.06, 0, 14694, 1328, 715, P0, 0x0000000000000000
2026/09/17 10:09:26.385, 1, 75, 161.67, 100, 15219, 1328, 715, P0, 0x0000000000000000
2026/09/17 10:09:27.396, 0, 77, 206.39, 100, 14694, 1328, 715, P0, 0x0000000000000000
2026/09/17 10:09:27.399, 1, 76, 187.74, 100, 15219, 1328, 715, P0, 0x0000000000000000
2026/09/17 10:09:28.414, 0, 77, 59.63, 100, 14694, 1328, 715, P0, 0x0000000000000000
2026/09/17 10:09:28.420, 1, 74, 159.07, 0, 15219, 1328, 715, P0, 0x0000000000000000
2026/09/17 10:09:29.429, 0, 77, 173.31, 100, 14694, 1328, 715, P0, 0x0000000000000000
2026/09/17 10:09:29.433, 1, 76, 198.08, 100, 15219, 1328, 715, P0, 0x0000000000000000
2026/09/17 10:09:30.443, 0, 78, 188.54, 100, 14694, 1328, 715, P0, 0x0000000000000000
2026/09/17 10:09:30.446, 1, 75, 58.24, 69, 15219, 1328, 715, P0, 0x0000000000000000
2026/09/17 10:09:31.456, 0, 75, 121.35, 0, 14694, 1328, 715, P0, 0x0000000000000000
2026/09/17 10:09:31.460, 1, 76, 193.05, 100, 15219, 1328, 715, P0, 0x0000000000000000
2026/09/17 10:09:32.470, 0, 78, 212.33, 100, 14694, 1328, 715, P0, 0x0000000000000000
2026/09/17 10:09:32.473, 1, 77, 169.05, 100, 15219, 1328, 715, P0, 0x0000000000000000
2026/09/17 10:09:33.486, 0, 79, 208.29, 100, 14694, 1328, 715, P0, 0x0000000000000000
2026/09/17 10:09:33.489, 1, 74, 56.79, 0, 15219, 1328, 715, P0, 0x0000000000000000
2026/09/17 10:09:34.501, 0, 78, 200.76, 100, 14694, 1328, 715, P0, 0x0000000000000000
2026/09/17 10:09:34.504, 1, 77, 165.72, 100, 15219, 1328, 715, P0, 0x0000000000000000
2026/09/17 10:09:35.514, 0, 79, 227.91, 100, 14694, 1328, 715, P0, 0x0000000000000000
2026/09/17 10:09:35.518, 1, 76, 58.21, 68, 15219, 1328, 715, P0, 0x0000000000000000
2026/09/17 10:09:36.530, 0, 76, 57.16, 0, 14694, 1328, 715, P0, 0x0000000000000000
2026/09/17 10:09:36.536, 1, 76, 192.70, 100, 15219, 1328, 715, P0, 0x0000000000000000
2026/09/17 10:09:37.554, 0, 79, 215.76, 100, 14694, 1328, 715, P0, 0x0000000000000000
2026/09/17 10:09:37.557, 1, 77, 165.12, 100, 15219, 1328, 715, P0, 0x0000000000000000
2026/09/17 10:09:38.567, 0, 79, 189.05, 100, 14694, 1316, 715, P0, 0x0000000000000000
2026/09/17 10:09:38.570, 1, 74, 55.67, 0, 15219, 1328, 715, P0, 0x0000000000000000
2026/09/17 10:09:39.579, 0, 78, 170.79, 100, 14694, 1328, 715, P0, 0x0000000000000000
2026/09/17 10:09:39.582, 1, 77, 171.51, 100, 15219, 1328, 715, P0, 0x0000000000000000
2026/09/17 10:09:40.592, 0, 79, 178.63, 100, 14694, 1328, 715, P0, 0x0000000000000000
2026/09/17 10:09:40.596, 1, 77, 158.91, 100, 15219, 1328, 715, P0, 0x0000000000000000
2026/09/17 10:09:41.607, 0, 77, 51.42, 42, 14694, 1252, 715, P0, 0x0000000000000000
2026/09/17 10:09:41.611, 1, 76, 189.88, 78, 15219, 1328, 715, P0, 0x0000000000000000
2026/09/17 10:09:42.622, 0, 79, 192.67, 100, 14694, 1328, 715, P0, 0x0000000000000000
2026/09/17 10:09:42.624, 1, 77, 188.30, 100, 15219, 1328, 715, P0, 0x0000000000000000
2026/09/17 10:09:43.640, 0, 79, 133.03, 100, 14694, 1139, 715, P0, 0x0000000000000000
2026/09/17 10:09:43.647, 1, 76, 56.74, 0, 15219, 1328, 715, P0, 0x0000000000000000
2026/09/17 10:09:44.653, 0, 76, 135.76, 36, 14694, 1189, 715, P0, 0x0000000000000000
2026/09/17 10:09:44.656, 1, 77, 204.30, 100, 15219, 1328, 715, P0, 0x0000000000000000
2026/09/17 10:09:45.666, 0, 79, 216.53, 100, 14694, 1328, 715, P0, 0x0000000000000000
2026/09/17 10:09:45.669, 1, 78, 205.65, 100, 15219, 1328, 715, P0, 0x0000000000000000
2026/09/17 10:09:46.682, 0, 79, 146.09, 100, 14694, 1189, 715, P0, 0x0000000000000000
2026/09/17 10:09:46.686, 1, 75, 56.02, 0, 15219, 1328, 715, P0, 0x0000000000000000
2026/09/17 10:09:47.695, 0, 78, 155.86, 100, 14694, 1303, 715, P0, 0x0000000000000000
2026/09/17 10:09:47.698, 1, 77, 208.17, 100, 15219, 1328, 715, P0, 0x0000000000000000
2026/09/17 10:09:48.705, 0, 79, 185.30, 100, 14694, 1316, 715, P0, 0x0000000000000000
2026/09/17 10:09:48.708, 1, 78, 186.42, 100, 15219, 1328, 715, P0, 0x0000000000000000
2026/09/17 10:09:49.720, 0, 77, 54.58, 0, 14694, 1316, 715, P0, 0x0000000000000000
2026/09/17 10:09:49.723, 1, 77, 157.63, 100, 15219, 1328, 715, P0, 0x0000000000000000
2026/09/17 10:09:50.734, 0, 79, 179.35, 100, 14694, 1328, 715, P0, 0x0000000000000000
2026/09/17 10:09:50.737, 1, 78, 208.95, 100, 15219, 1328, 715, P0, 0x0000000000000000
2026/09/17 10:09:51.747, 0, 79, 174.60, 100, 14694, 1227, 715, P0, 0x0000000000000000
2026/09/17 10:09:51.752, 1, 76, 57.16, 0, 15219, 1328, 715, P0, 0x0000000000000000
2026/09/17 10:09:52.761, 0, 76, 100.19, 0, 14694, 1227, 715, P0, 0x0000000000000000
2026/09/17 10:09:52.765, 1, 77, 173.39, 100, 15219, 1328, 715, P0, 0x0000000000000000
2026/09/17 10:09:53.774, 0, 79, 170.91, 100, 14694, 1303, 715, P0, 0x0000000000000020
2026/09/17 10:09:53.778, 1, 78, 205.44, 100, 15219, 1328, 715, P0, 0x0000000000000000
2026/09/17 10:09:54.789, 0, 80, 164.82, 100, 14694, 1278, 715, P0, 0x0000000000000000
2026/09/17 10:09:54.792, 1, 76, 56.38, 0, 15219, 1328, 715, P0, 0x0000000000000000
2026/09/17 10:09:55.805, 0, 79, 158.35, 100, 14694, 1328, 715, P0, 0x0000000000000000
2026/09/17 10:09:55.808, 1, 78, 187.83, 100, 15219, 1328, 715, P0, 0x0000000000000000
2026/09/17 10:09:56.818, 0, 80, 167.32, 100, 14694, 1303, 715, P0, 0x0000000000000000
2026/09/17 10:09:56.821, 1, 79, 197.60, 100, 15219, 1328, 715, P0, 0x0000000000000000
2026/09/17 10:09:57.833, 0, 78, 50.94, 92, 14694, 1240, 715, P0, 0x0000000000000000
2026/09/17 10:09:57.836, 1, 77, 184.12, 19, 15219, 1328, 715, P0, 0x0000000000000000
2026/09/17 10:09:58.850, 0, 78, 177.07, 100, 14694, 1240, 715, P0, 0x0000000000000000
2026/09/17 10:09:58.853, 1, 78, 161.55, 100, 15219, 1328, 715, P0, 0x0000000000000000
2026/09/17 10:09:59.864, 0, 79, 167.52, 100, 14694, 1240, 715, P0, 0x0000000000000000
2026/09/17 10:09:59.866, 1, 78, 59.03, 98, 15219, 1328, 715, P0, 0x0000000000000000
2026/09/17 10:10:00.878, 0, 77, 54.62, 0, 14694, 1316, 715, P0, 0x0000000000000000
2026/09/17 10:10:00.881, 1, 78, 158.27, 100, 15219, 1328, 715, P0, 0x0000000000000000
2026/09/17 10:10:01.896, 0, 79, 174.87, 100, 14694, 1303, 715, P0, 0x0000000000000020
2026/09/17 10:10:01.898, 1, 79, 202.21, 100, 15219, 1328, 715, P0, 0x0000000000000000
2026/09/17 10:10:02.907, 0, 79, 141.76, 100, 14694, 1151, 715, P0, 0x0000000000000020
2026/09/17 10:10:02.914, 1, 77, 57.44, 0, 15219, 1328, 715, P0, 0x0000000000000000
2026/09/17 10:10:03.924, 0, 78, 148.80, 23, 14694, 1215, 715, P0, 0x0000000000000020
2026/09/17 10:10:03.927, 1, 78, 207.04, 100, 15219, 1328, 715, P0, 0x0000000000000000
2026/09/17 10:10:04.937, 0, 79, 166.39, 100, 14694, 1240, 715, P0, 0x0000000000000000
2026/09/17 10:10:04.940, 1, 79, 160.70, 100, 15219, 1328, 715, P0, 0x0000000000000000
2026/09/17 10:10:05.955, 0, 79, 149.33, 100, 14694, 1164, 715, P0, 0x0000000000000020
2026/09/17 10:10:05.960, 1, 76, 57.21, 0, 15219, 1328, 715, P0, 0x0000000000000000
2026/09/17 10:10:06.968, 0, 79, 151.60, 100, 14694, 1227, 715, P0, 0x0000000000000000
2026/09/17 10:10:06.975, 1, 79, 170.71, 100, 15219, 1328, 715, P0, 0x0000000000000000
2026/09/17 10:10:07.984, 0, 79, 136.88, 100, 14694, 1139, 715, P0, 0x0000000000000020
2026/09/17 10:10:07.987, 1, 79, 144.72, 100, 15219, 1227, 715, P0, 0x0000000000000000
2026/09/17 10:10:08.998, 0, 77, 47.89, 0, 14694, 1189, 715, P0, 0x0000000000000000
2026/09/17 10:10:09.002, 1, 79, 150.13, 100, 15219, 1227, 715, P0, 0x0000000000000000
2026/09/17 10:10:10.012, 0, 77, 196.69, 46, 14694, 1328, 715, P0, 0x0000000000000000
2026/09/17 10:10:10.015, 1, 77, 55.62, 46, 15219, 1316, 715, P0, 0x0000000000000000
2026/09/17 10:10:11.029, 0, 79, 164.60, 100, 14694, 1189, 715, P0, 0x0000000000000000
2026/09/17 10:10:11.036, 1, 76, 54.51, 0, 15219, 1316, 715, P0, 0x0000000000000000
2026/09/17 10:10:12.044, 0, 79, 159.17, 100, 14694, 1189, 715, P0, 0x0000000000000000
2026/09/17 10:10:12.047, 1, 75, 54.06, 0, 15219, 1316, 715, P0, 0x0000000000000000
2026/09/17 10:10:13.056, 0, 76, 47.38, 0, 14694, 1189, 715, P0, 0x0000000000000000
2026/09/17 10:10:13.059, 1, 78, 180.25, 100, 15219, 1328, 715, P0, 0x0000000000000000
2026/09/17 10:10:14.069, 0, 75, 46.66, 0, 14694, 1189, 715, P0, 0x0000000000000000
2026/09/17 10:10:14.071, 1, 79, 174.38, 100, 15219, 1328, 715, P0, 0x0000000000000000
2026/09/17 10:10:15.082, 0, 77, 97.88, 40, 14694, 1328, 715, P0, 0x0000000000000000
2026/09/17 10:10:15.085, 1, 78, 176.76, 57, 15219, 1328, 715, P0, 0x0000000000000000
2026/09/17 10:10:16.092, 0, 78, 119.21, 49, 14694, 1328, 715, P0, 0x0000000000000000
2026/09/17 10:10:16.096, 1, 78, 164.93, 53, 15219, 1328, 715, P0, 0x0000000000000000
2026/09/17 10:10:17.104, 0, 78, 151.99, 53, 14694, 1328, 715, P0, 0x0000000000000000
2026/09/17 10:10:17.107, 1, 78, 140.88, 46, 15219, 1328, 715, P0, 0x0000000000000000
2026/09/17 10:10:18.112, 0, 78, 205.14, 50, 14694, 1328, 715, P0, 0x0000000000000000
2026/09/17 10:10:18.115, 1, 78, 80.87, 44, 15219, 1328, 715, P0, 0x0000000000000000
2026/09/17 10:10:19.125, 0, 78, 196.66, 43, 14694, 1328, 715, P0, 0x0000000000000000
2026/09/17 10:10:19.129, 1, 78, 73.49, 44, 15219, 1328, 715, P0, 0x0000000000000000
2026/09/17 10:10:20.136, 0, 78, 185.55, 50, 14694, 1328, 715, P0, 0x0000000000000000
2026/09/17 10:10:20.139, 1, 78, 81.13, 48, 15219, 1328, 715, P0, 0x0000000000000000
2026/09/17 10:10:21.147, 0, 78, 166.99, 42, 14694, 1328, 715, P0, 0x0000000000000000
2026/09/17 10:10:21.150, 1, 78, 95.91, 57, 15219, 1328, 715, P0, 0x0000000000000000
2026/09/17 10:10:22.158, 0, 78, 136.47, 39, 14694, 1328, 715, P0, 0x0000000000000000
2026/09/17 10:10:22.161, 1, 78, 112.81, 57, 15219, 1328, 715, P0, 0x0000000000000000
2026/09/17 10:10:23.171, 0, 78, 104.20, 45, 14694, 1328, 715, P0, 0x0000000000000000
2026/09/17 10:10:23.173, 1, 78, 137.42, 50, 15219, 1328, 715, P0, 0x0000000000000000
2026/09/17 10:10:24.184, 0, 79, 204.50, 100, 14694, 1328, 715, P0, 0x0000000000000000
2026/09/17 10:10:24.188, 1, 76, 58.49, 0, 15219, 1328, 715, P0, 0x0000000000000000
2026/09/17 10:10:25.204, 0, 79, 146.95, 100, 14694, 1189, 715, P0, 0x0000000000000020
2026/09/17 10:10:25.214, 1, 75, 57.91, 0, 15219, 1328, 715, P0, 0x0000000000000000
2026/09/17 10:10:26.232, 0, 78, 51.24, 100, 14694, 1215, 715, P0, 0x0000000000000000
2026/09/17 10:10:26.234, 1, 76, 164.82, 0, 15219, 1328, 715, P0, 0x0000000000000000
2026/09/17 10:10:27.251, 0, 79, 194.41, 100, 14694, 1328, 715, P0, 0x0000000000000000
2026/09/17 10:10:27.254, 1, 79, 172.53, 100, 15219, 1328, 715, P0, 0x0000000000000000
2026/09/17 10:10:28.265, 0, 79, 128.97, 100, 14694, 1164, 715, P0, 0x0000000000000000
2026/09/17 10:10:28.268, 1, 79, 93.82, 100, 15219, 1328, 715, P0, 0x0000000000000000
2026/09/17 10:10:29.285, 0, 77, 48.59, 40, 14694, 1189, 715, P0, 0x0000000000000000
2026/09/17 10:10:29.288, 1, 78, 166.86, 52, 15219, 1328, 715, P0, 0x0000000000000000
2026/09/17 10:10:30.301, 0, 78, 148.18, 100, 14694, 1189, 715, P0, 0x0000000000000000
2026/09/17 10:10:30.305, 1, 79, 201.70, 100, 15219, 1328, 715, P0, 0x0000000000000000
2026/09/17 10:10:31.319, 0, 79, 169.33, 100, 14694, 1227, 715, P0, 0x0000000000000020
2026/09/17 10:10:31.326, 1, 77, 50.22, 21, 15219, 1189, 715, P0, 0x0000000000000000
2026/09/17 10:10:32.332, 0, 77, 54.32, 0, 14694, 1316, 715, P0, 0x0000000000000000
2026/09/17 10:10:32.335, 1, 78, 183.46, 100, 15219, 1328, 715, P0, 0x0000000000000000
2026/09/17 10:10:33.345, 0, 80, 188.54, 100, 14694, 1316, 715, P0, 0x0000000000000020
2026/09/17 10:10:33.347, 1, 79, 175.82, 100, 15219, 1328, 715, P0, 0x0000000000000000
2026/09/17 10:10:34.360, 0, 79, 145.02, 100, 14694, 1227, 715, P0, 0x0000000000000000
2026/09/17 10:10:34.368, 1, 78, 58.38, 0, 15219, 1328, 715, P0, 0x0000000000000000
2026/09/17 10:10:35.387, 0, 77, 49.49, 0, 14694, 1227, 715, P0, 0x0000000000000000
2026/09/17 10:10:35.390, 1, 79, 208.25, 100, 15219, 1328, 715, P0, 0x0000000000000000
2026/09/17 10:10:36.402, 0, 79, 175.36, 100, 14694, 1265, 715, P0, 0x0000000000000020
2026/09/17 10:10:36.411, 1, 79, 128.97, 100, 15219, 1126, 715, P0, 0x0000000000000020
2026/09/17 10:10:37.417, 0, 79, 139.92, 100, 14694, 1164, 715, P0, 0x0000000000000020
2026/09/17 10:10:37.420, 1, 77, 49.30, 0, 15219, 1189, 715, P0, 0x0000000000000000
2026/09/17 10:10:38.437, 0, 77, 165.60, 0, 14694, 1316, 715, P0, 0x0000000000000000
2026/09/17 10:10:38.440, 1, 78, 163.21, 100, 15219, 1328, 715, P0, 0x0000000000000000
2026/09/17 10:10:39.450, 0, 79, 164.72, 100, 14694, 1278, 715, P0, 0x0000000000000000
2026/09/17 10:10:39.453, 1, 80, 198.06, 100, 15219, 1328, 715, P0, 0x0000000000000000
2026/09/17 10:10:40.463, 0, 79, 135.22, 100, 14694, 1063, 715, P0, 0x0000000000000020
2026/09/17 10:10:40.467, 1, 77, 55.11, 0, 15219, 1303, 715, P0, 0x0000000000000000
2026/09/17 10:10:41.480, 0, 78, 143.66, 0, 14694, 1151, 715, P0, 0x0000000000000000
2026/09/17 10:10:41.483, 1, 79, 181.85, 100, 15219, 1328, 715, P0, 0x0000000000000000
2026/09/17 10:10:42.494, 0, 79, 152.70, 100, 14694, 1164, 715, P0, 0x0000000000000020
2026/09/17 10:10:42.504, 1, 79, 168.24, 100, 15219, 1227, 715, P0, 0x0000000000000000
2026/09/17 10:10:43.521, 0, 79, 132.52, 100, 14694, 1189, 715, P0, 0x0000000000000000
2026/09/17 10:10:43.524, 1, 77, 55.54, 0, 15219, 1316, 715, P0, 0x0000000000000000
2026/09/17 10:10:44.541, 0, 78, 152.35, 0, 14694, 1265, 715, P0, 0x0000000000000000
2026/09/17 10:10:44.544, 1, 79, 189.81, 100, 15219, 1328, 715, P0, 0x0000000000000000
2026/09/17 10:10:45.554, 0, 79, 139.65, 100, 14694, 1177, 715, P0, 0x0000000000000020
2026/09/17 10:10:45.557, 1, 79, 137.72, 100, 15219, 1189, 715, P0, 0x0000000000000020
2026/09/17 10:10:46.578, 0, 79, 178.01, 100, 14694, 1290, 715, P0, 0x0000000000000000
2026/09/17 10:10:46.587, 1, 76, 49.43, 0, 15219, 1202, 715, P0, 0x0000000000000000
2026/09/17 10:10:47.595, 0, 78, 133.34, 100, 14694, 1139, 715, P0, 0x0000000000000020
2026/09/17 10:10:47.598, 1, 79, 179.02, 100, 15219, 1278, 715, P0, 0x0000000000000000
2026/09/17 10:10:48.611, 0, 79, 151.88, 100, 14694, 1202, 715, P0, 0x0000000000000000
2026/09/17 10:10:48.615, 1, 79, 178.38, 100, 15219, 1328, 715, P0, 0x0000000000000000
2026/09/17 10:10:49.628, 0, 79, 148.41, 100, 14694, 1189, 715, P0, 0x0000000000000000
2026/09/17 10:10:49.631, 1, 77, 56.19, 0, 15219, 1328, 715, P0, 0x0000000000000000
2026/09/17 10:10:50.644, 0, 78, 152.81, 90, 14694, 1227, 715, P0, 0x0000000000000000
2026/09/17 10:10:50.650, 1, 79, 192.95, 100, 15219, 1328, 715, P0, 0x0000000000000000
2026/09/17 10:10:51.657, 0, 79, 170.51, 100, 14694, 1215, 715, P0, 0x0000000000000000
2026/09/17 10:10:51.660, 1, 79, 136.46, 100, 15219, 1164, 715, P0, 0x0000000000000020
2026/09/17 10:10:52.672, 0, 79, 123.81, 100, 14694, 949, 715, P0, 0x0000000000000020
2026/09/17 10:10:52.676, 1, 77, 49.08, 0, 15219, 1189, 715, P0, 0x0000000000000000
2026/09/17 10:10:53.690, 0, 77, 149.95, 49, 14694, 1101, 715, P0, 0x0000000000000020
2026/09/17 10:10:53.695, 1, 79, 169.52, 100, 15219, 1328, 715, P0, 0x0000000000000000
2026/09/17 10:10:54.702, 0, 79, 137.27, 100, 14694, 1151, 715, P0, 0x0000000000000020
2026/09/17 10:10:54.705, 1, 79, 138.32, 100, 15219, 1139, 715, P0, 0x0000000000000020
2026/09/17 10:10:55.729, 0, 79, 134.27, 100, 14694, 1189, 715, P0, 0x0000000000000000
2026/09/17 10:10:55.732, 1, 77, 55.54, 0, 15219, 1316, 715, P0, 0x0000000000000000
2026/09/17 10:10:56.743, 0, 78, 149.73, 0, 14694, 1265, 715, P0, 0x0000000000000020
2026/09/17 10:10:56.746, 1, 79, 192.19, 100, 15219, 1328, 715, P0, 0x0000000000000000
2026/09/17 10:10:57.760, 0, 79, 164.30, 100, 14694, 1227, 715, P0, 0x0000000000000020
2026/09/17 10:10:57.763, 1, 79, 182.95, 100, 15219, 1328, 715, P0, 0x0000000000000000
2026/09/17 10:10:58.777, 0, 79, 169.00, 100, 14694, 1164, 715, P0, 0x0000000000000020
2026/09/17 10:10:58.783, 1, 77, 52.62, 0, 15219, 1265, 715, P0, 0x0000000000000000
2026/09/17 10:10:59.803, 0, 78, 148.87, 78, 14694, 1278, 715, P0, 0x0000000000000020
2026/09/17 10:10:59.806, 1, 79, 171.01, 100, 15219, 1303, 715, P0, 0x0000000000000020
2026/09/17 10:11:00.818, 0, 79, 149.08, 100, 14694, 1202, 715, P0, 0x0000000000000000
2026/09/17 10:11:00.824, 1, 79, 140.01, 100, 15219, 1202, 715, P0, 0x0000000000000000
2026/09/17 10:11:01.834, 0, 79, 131.26, 100, 14694, 1177, 715, P0, 0x0000000000000020
2026/09/17 10:11:01.838, 1, 77, 49.32, 0, 15219, 1189, 715, P0, 0x0000000000000000
2026/09/17 10:11:02.846, 0, 77, 150.18, 33, 14694, 1189, 715, P0, 0x0000000000000000
2026/09/17 10:11:02.848, 1, 79, 181.41, 100, 15219, 1328, 715, P0, 0x0000000000000000
2026/09/17 10:11:03.861, 0, 79, 166.65, 100, 14694, 1278, 715, P0, 0x0000000000000020
2026/09/17 10:11:03.868, 1, 79, 128.46, 100, 15219, 1025, 715, P0, 0x0000000000000020
2026/09/17 10:11:04.876, 0, 79, 127.89, 100, 14694, 1151, 715, P0, 0x0000000000000000
2026/09/17 10:11:04.879, 1, 77, 49.32, 0, 15219, 1189, 715, P0, 0x0000000000000000
2026/09/17 10:11:05.893, 0, 77, 165.79, 0, 14694, 1316, 715, P0, 0x0000000000000000
2026/09/17 10:11:05.896, 1, 79, 165.56, 100, 15219, 1328, 715, P0, 0x0000000000000000
2026/09/17 10:11:06.911, 0, 79, 148.42, 100, 14694, 1240, 715, P0, 0x0000000000000000
2026/09/17 10:11:06.914, 1, 80, 144.31, 100, 15219, 1202, 715, P0, 0x0000000000000020
2026/09/17 10:11:07.928, 0, 79, 125.26, 100, 14694, 1075, 715, P0, 0x0000000000000020
2026/09/17 10:11:07.939, 1, 77, 49.58, 0, 15219, 1189, 715, P0, 0x0000000000000000
2026/09/17 10:11:08.943, 0, 77, 48.06, 0, 14694, 1189, 715, P0, 0x0000000000000000
2026/09/17 10:11:08.946, 1, 79, 193.57, 100, 15219, 1328, 715, P0, 0x0000000000000000
2026/09/17 10:11:09.959, 0, 79, 152.95, 100, 14694, 1189, 715, P0, 0x0000000000000000
2026/09/17 10:11:09.962, 1, 79, 128.45, 100, 15219, 1151, 715, P0, 0x0000000000000020
2026/09/17 10:11:10.973, 0, 79, 165.93, 100, 14694, 1227, 715, P0, 0x0000000000000000
2026/09/17 10:11:10.980, 1, 77, 49.97, 0, 15219, 1189, 715, P0, 0x0000000000000000
2026/09/17 10:11:11.985, 0, 77, 53.15, 0, 14694, 1290, 715, P0, 0x0000000000000000
2026/09/17 10:11:11.988, 1, 79, 161.70, 100, 15219, 1265, 715, P0, 0x0000000000000020
2026/09/17 10:11:12.997, 0, 80, 171.75, 100, 14694, 1240, 715, P0, 0x0000000000000000
2026/09/17 10:11:13.004, 1, 79, 153.57, 100, 15219, 1252, 715, P0, 0x0000000000000000
2026/09/17 10:11:14.015, 0, 79, 146.56, 100, 14694, 1177, 715, P0, 0x0000000000000020
2026/09/17 10:11:14.018, 1, 78, 55.07, 1, 15219, 1278, 715, P0, 0x0000000000000000
2026/09/17 10:11:15.029, 0, 77, 53.13, 0, 14694, 1290, 715, P0, 0x0000000000000000
2026/09/17 10:11:15.031, 1, 78, 176.44, 100, 15219, 1316, 715, P0, 0x0000000000000000
2026/09/17 10:11:16.043, 0, 79, 146.35, 100, 14694, 1202, 715, P0, 0x0000000000000020
2026/09/17 10:11:16.053, 1, 79, 146.60, 100, 15219, 1265, 715, P0, 0x0000000000000000
2026/09/17 10:11:17.058, 0, 79, 141.08, 100, 14694, 1151, 715, P0, 0x0000000000000020
2026/09/17 10:11:17.062, 1, 78, 52.88, 83, 15219, 1252, 715, P0, 0x0000000000000000
2026/09/17 10:11:18.072, 0, 78, 54.39, 0, 14694, 1303, 715, P0, 0x0000000000000000
2026/09/17 10:11:18.075, 1, 78, 145.86, 100, 15219, 1252, 715, P0, 0x0000000000000000
2026/09/17 10:11:19.085, 0, 79, 168.47, 100, 14694, 1265, 715, P0, 0x0000000000000000
2026/09/17 10:11:19.089, 1, 79, 160.00, 100, 15219, 1290, 715, P0, 0x0000000000000000
2026/09/17 10:11:20.099, 0, 80, 142.85, 100, 14694, 1227, 715, P0, 0x0000000000000000
2026/09/17 10:11:20.103, 1, 80, 167.96, 100, 15219, 1252, 715, P0, 0x0000000000000000
2026/09/17 10:11:21.117, 0, 78, 54.56, 50, 14694, 1316, 715, P0, 0x0000000000000020
2026/09/17 10:11:21.119, 1, 78, 179.10, 20, 15219, 1316, 715, P0, 0x0000000000000000
2026/09/17 10:11:22.135, 0, 79, 164.40, 100, 14694, 1227, 715, P0, 0x0000000000000020
2026/09/17 10:11:22.142, 1, 80, 162.51, 100, 15219, 1252, 715, P0, 0x0000000000000000
2026/09/17 10:11:23.150, 0, 79, 151.00, 100, 14694, 1151, 715, P0, 0x0000000000000020
2026/09/17 10:11:23.154, 1, 79, 162.81, 100, 15219, 1227, 715, P0, 0x0000000000000000
2026/09/17 10:11:24.165, 0, 79, 142.94, 100, 14694, 1151, 715, P0, 0x0000000000000000
2026/09/17 10:11:24.169, 1, 77, 54.53, 0, 15219, 1303, 715, P0, 0x0000000000000000
2026/09/17 10:11:25.180, 0, 78, 169.04, 100, 14694, 1189, 715, P0, 0x0000000000000000
2026/09/17 10:11:25.187, 1, 79, 180.15, 100, 15219, 1303, 715, P0, 0x0000000000000000
2026/09/17 10:11:26.198, 0, 79, 161.19, 100, 14694, 1189, 715, P0, 0x0000000000000000
2026/09/17 10:11:26.201, 1, 79, 124.04, 100, 15219, 1113, 715, P0, 0x0000000000000020
2026/09/17 10:11:27.209, 0, 79, 147.43, 100, 14694, 1202, 715, P0, 0x0000000000000000
2026/09/17 10:11:27.214, 1, 77, 54.58, 0, 15219, 1303, 715, P0, 0x0000000000000000
2026/09/17 10:11:28.224, 0, 78, 156.60, 25, 14694, 1189, 715, P0, 0x0000000000000000
2026/09/17 10:11:28.227, 1, 80, 215.01, 100, 15219, 1328, 715, P0, 0x0000000000000000
2026/09/17 10:11:29.238, 0, 79, 146.22, 100, 14694, 1177, 715, P0, 0x0000000000000020
2026/09/17 10:11:29.240, 1, 79, 185.26, 100, 15219, 1290, 715, P0, 0x0000000000000000
2026/09/17 10:11:30.251, 0, 80, 133.71, 100, 14694, 1101, 715, P0, 0x0000000000000020
2026/09/17 10:11:30.254, 1, 77, 49.55, 0, 15219, 1189, 715, P0, 0x0000000000000000
2026/09/17 10:11:31.263, 0, 77, 48.06, 0, 14694, 1189, 715, P0, 0x0000000000000000
2026/09/17 10:11:31.266, 1, 79, 191.53, 100, 15219, 1328, 715, P0, 0x0000000000000000
2026/09/17 10:11:32.282, 0, 79, 142.76, 100, 14694, 1202, 715, P0, 0x0000000000000000
2026/09/17 10:11:32.286, 1, 79, 163.98, 100, 15219, 1189, 715, P0, 0x0000000000000000
2026/09/17 10:11:33.297, 0, 79, 143.95, 100, 14694, 1215, 715, P0, 0x0000000000000020
2026/09/17 10:11:33.300, 1, 77, 50.24, 13, 15219, 1189, 715, P0, 0x0000000000000000
2026/09/17 10:11:34.314, 0, 77, 53.09, 0, 14694, 1290, 715, P0, 0x0000000000000000
2026/09/17 10:11:34.317, 1, 78, 182.37, 100, 15219, 1328, 715, P0, 0x0000000000000000
2026/09/17 10:11:35.329, 0, 79, 138.65, 100, 14694, 1202, 715, P0, 0x0000000000000000
2026/09/17 10:11:35.332, 1, 80, 159.43, 100, 15219, 1265, 715, P0, 0x0000000000000020
2026/09/17 10:11:36.341, 0, 79, 112.16, 100, 14694, 822, 715, P0, 0x0000000000000020
2026/09/17 10:11:36.344, 1, 79, 55.89, 100, 15219, 1189, 715, P0, 0x0000000000000000
2026/09/17 10:11:37.360, 0, 78, 48.83, 86, 14694, 1189, 715, P0, 0x0000000000000000
2026/09/17 10:11:37.364, 1, 77, 167.96, 0, 15219, 1316, 715, P0, 0x0000000000000000
2026/09/17 10:11:38.375, 0, 78, 128.07, 100, 14694, 1189, 715, P0, 0x0000000000000000
2026/09/17 10:11:38.378, 1, 79, 142.36, 100, 15219, 1189, 715, P0, 0x0000000000000020
2026/09/17 10:11:39.387, 0, 79, 137.62, 100, 14694, 1202, 715, P0, 0x0000000000000000
2026/09/17 10:11:39.390, 1, 79, 133.65, 100, 15219, 1189, 715, P0, 0x0000000000000000
2026/09/17 10:11:40.401, 0, 79, 146.98, 100, 14694, 1177, 715, P0, 0x0000000000000020
2026/09/17 10:11:40.404, 1, 77, 54.79, 0, 15219, 1303, 715, P0, 0x0000000000000000
2026/09/17 10:11:41.415, 0, 78, 154.73, 70, 14694, 1227, 715, P0, 0x0000000000000000
2026/09/17 10:11:41.418, 1, 79, 173.56, 100, 15219, 1328, 715, P0, 0x0000000000000000
2026/09/17 10:11:42.433, 0, 80, 172.64, 100, 14694, 1227, 715, P0, 0x0000000000000000
2026/09/17 10:11:42.436, 1, 79, 164.61, 100, 15219, 1252, 715, P0, 0x0000000000000020
2026/09/17 10:11:43.446, 0, 79, 115.54, 100, 14694, 1164, 715, P0, 0x0000000000000000
2026/09/17 10:11:43.453, 1, 77, 50.78, 0, 15219, 1215, 715, P0, 0x0000000000000000
2026/09/17 10:11:44.462, 0, 77, 48.34, 0, 14694, 1189, 715, P0, 0x0000000000000000
2026/09/17 10:11:44.466, 1, 79, 169.38, 100, 15219, 1328, 715, P0, 0x0000000000000000
2026/09/17 10:11:45.480, 0, 79, 176.83, 100, 14694, 1227, 715, P0, 0x0000000000000000
2026/09/17 10:11:45.484, 1, 80, 172.00, 100, 15219, 1316, 715, P0, 0x0000000000000020
2026/09/17 10:11:46.492, 0, 79, 129.97, 100, 14694, 1101, 715, P0, 0x0000000000000020
2026/09/17 10:11:46.501, 1, 77, 50.09, 13, 15219, 1189, 715, P0, 0x0000000000000000
2026/09/17 10:11:47.509, 0, 77, 48.36, 6, 14694, 1189, 715, P0, 0x0000000000000000
2026/09/17 10:11:47.512, 1, 78, 161.70, 100, 15219, 1328, 715, P0, 0x0000000000000000
2026/09/17 10:11:48.529, 0, 79, 144.16, 100, 14694, 1202, 715, P0, 0x0000000000000020
2026/09/17 10:11:48.532, 1, 79, 172.35, 100, 15219, 1328, 715, P0, 0x0000000000000000
2026/09/17 10:11:49.540, 0, 79, 175.64, 100, 14694, 1265, 715, P0, 0x0000000000000000
2026/09/17 10:11:49.542, 1, 78, 128.97, 100, 15219, 1126, 715, P0, 0x0000000000000020
2026/09/17 10:11:50.555, 0, 79, 54.16, 74, 14694, 1303, 715, P0, 0x0000000000000000
2026/09/17 10:11:50.558, 1, 77, 135.08, 0, 15219, 1189, 715, P0, 0x0000000000000000
2026/09/17 10:11:51.572, 0, 79, 150.81, 100, 14694, 1265, 715, P0, 0x0000000000000020
2026/09/17 10:11:51.576, 1, 80, 193.88, 100, 15219, 1328, 715, P0, 0x0000000000000000
2026/09/17 10:11:52.582, 0, 80, 129.47, 100, 14694, 1101, 715, P0, 0x0000000000000020
2026/09/17 10:11:52.586, 1, 80, 136.80, 100, 15219, 1202, 715, P0, 0x0000000000000000
2026/09/17 10:11:53.597, 0, 79, 138.74, 100, 14694, 1139, 715, P0, 0x0000000000000020
2026/09/17 10:11:53.608, 1, 77, 54.38, 0, 15219, 1290, 715, P0, 0x0000000000000000
2026/09/17 10:11:54.628, 0, 78, 138.11, 28, 14694, 1189, 715, P0, 0x0000000000000000
2026/09/17 10:11:54.631, 1, 79, 167.05, 100, 15219, 1252, 715, P0, 0x0000000000000020
2026/09/17 10:11:55.643, 0, 79, 153.30, 100, 14694, 1202, 715, P0, 0x0000000000000020
2026/09/17 10:11:55.649, 1, 80, 137.63, 100, 15219, 1290, 715, P0, 0x0000000000000020
2026/09/17 10:11:56.656, 0, 79, 139.95, 100, 14694, 1177, 715, P0, 0x0000000000000000
2026/09/17 10:11:56.659, 1, 77, 50.26, 0, 15219, 1202, 715, P0, 0x0000000000000000
2026/09/17 10:11:57.669, 0, 77, 51.19, 0, 14694, 1252, 715, P0, 0x0000000000000000
2026/09/17 10:11:57.672, 1, 78, 175.51, 100, 15219, 1303, 715, P0, 0x0000000000000020
2026/09/17 10:11:58.685, 0, 79, 154.50, 100, 14694, 1202, 715, P0, 0x0000000000000000
2026/09/17 10:11:58.689, 1, 80, 154.10, 100, 15219, 1290, 715, P0, 0x0000000000000000
2026/09/17 10:11:59.698, 0, 79, 134.74, 100, 14694, 1139, 715, P0, 0x0000000000000020
2026/09/17 10:11:59.702, 1, 78, 77.49, 100, 15219, 1151, 715, P0, 0x0000000000000000
2026/09/17 10:12:00.712, 0, 77, 51.74, 0, 14694, 1278, 715, P0, 0x0000000000000000
2026/09/17 10:12:00.715, 1, 79, 139.84, 100, 15219, 1164, 715, P0, 0x0000000000000000
2026/09/17 10:12:01.724, 0, 77, 152.36, 5, 14694, 1278, 715, P0, 0x0000000000000000
2026/09/17 10:12:01.727, 1, 77, 49.98, 39, 15219, 1189, 715, P0, 0x0000000000000000
2026/09/17 10:12:02.737, 0, 80, 172.06, 100, 14694, 1240, 715, P0, 0x0000000000000020
2026/09/17 10:12:02.740, 1, 76, 47.79, 0, 15219, 1189, 715, P0, 0x0000000000000000
2026/09/17 10:12:03.753, 0, 80, 145.18, 100, 14694, 1177, 715, P0, 0x0000000000000020
2026/09/17 10:12:03.762, 1, 75, 47.36, 0, 15219, 1189, 715, P0, 0x0000000000000000
2026/09/17 10:12:04.781, 0, 77, 51.14, 0, 14694, 1252, 715, P0, 0x0000000000000000
2026/09/17 10:12:04.784, 1, 78, 207.80, 100, 15219, 1328, 715, P0, 0x0000000000000000
2026/09/17 10:12:05.792, 0, 76, 50.01, 0, 14694, 1252, 715, P0, 0x0000000000000000
2026/09/17 10:12:05.795, 1, 79, 163.52, 100, 15219, 1328, 715, P0, 0x0000000000000000
2026/09/17 10:12:06.802, 0, 77, 80.11, 36, 14694, 1252, 715, P0, 0x0000000000000000
2026/09/17 10:12:06.805, 1, 79, 172.28, 92, 15219, 1303, 715, P0, 0x0000000000000000
2026/09/17 10:12:07.817, 0, 78, 157.86, 41, 14694, 1328, 715, P0, 0x0000000000000000
2026/09/17 10:12:07.820, 1, 78, 133.87, 55, 15219, 1328, 715, P0, 0x0000000000000000
2026/09/17 10:12:08.826, 0, 78, 79.36, 47, 14694, 1328, 715, P0, 0x0000000000000000
2026/09/17 10:12:08.832, 1, 78, 190.72, 53, 15219, 1328, 715, P0, 0x0000000000000000
2026/09/17 10:12:09.836, 0, 78, 107.60, 50, 14694, 1328, 715, P0, 0x0000000000000000
2026/09/17 10:12:09.838, 1, 79, 136.32, 46, 15219, 1328, 715, P0, 0x0000000000000000
2026/09/17 10:12:10.850, 0, 79, 201.93, 50, 14694, 1328, 715, P0, 0x0000000000000000
2026/09/17 10:12:10.853, 1, 79, 72.51, 46, 15219, 1328, 715, P0, 0x0000000000000000
2026/09/17 10:12:11.868, 0, 79, 90.11, 43, 14694, 1328, 715, P0, 0x0000000000000000
2026/09/17 10:12:11.871, 1, 78, 188.92, 55, 15219, 1328, 715, P0, 0x0000000000000000
2026/09/17 10:12:12.880, 0, 79, 96.83, 41, 14694, 1328, 715, P0, 0x0000000000000000
2026/09/17 10:12:12.882, 1, 79, 143.32, 55, 15219, 1328, 715, P0, 0x0000000000000000
2026/09/17 10:12:13.895, 0, 78, 204.40, 41, 14694, 1328, 715, P0, 0x0000000000000000
2026/09/17 10:12:13.898, 1, 78, 71.55, 52, 15219, 1328, 715, P0, 0x0000000000000000
2026/09/17 10:12:14.906, 0, 79, 109.19, 48, 14694, 1328, 715, P0, 0x0000000000000000
2026/09/17 10:12:14.909, 1, 78, 176.51, 46, 15219, 1328, 715, P0, 0x0000000000000000
2026/09/17 10:12:15.918, 0, 79, 81.47, 50, 14694, 1328, 715, P0, 0x0000000000000000
2026/09/17 10:12:15.918, 1, 79, 179.13, 46, 15219, 1328, 715, P0, 0x0000000000000000
2026/09/17 10:12:16.930, 0, 79, 176.07, 5, 14694, 1328, 715, P0, 0x0000000000000000
2026/09/17 10:12:16.933, 1, 77, 59.48, 16, 15219, 1328, 715, P0, 0x0000000000000000
2026/09/17 10:12:17.949, 0, 79, 138.90, 100, 14694, 1189, 715, P0, 0x0000000000000000
2026/09/17 10:12:17.955, 1, 76, 58.42, 0, 15219, 1328, 715, P0, 0x0000000000000000
2026/09/17 10:12:18.965, 0, 79, 142.01, 100, 14694, 1177, 715, P0, 0x0000000000000020
2026/09/17 10:12:18.968, 1, 76, 57.90, 0, 15219, 1328, 715, P0, 0x0000000000000000
2026/09/17 10:12:19.981, 0, 77, 48.34, 0, 14694, 1189, 715, P0, 0x0000000000000000
2026/09/17 10:12:19.984, 1, 77, 174.36, 100, 15219, 1328, 715, P0, 0x0000000000000000
2026/09/17 10:12:20.994, 0, 79, 160.76, 100, 14694, 1265, 715, P0, 0x0000000000000000
2026/09/17 10:12:20.996, 1, 79, 180.99, 100, 15219, 1328, 715, P0, 0x0000000000000000
2026/09/17 10:12:22.011, 0, 79, 144.34, 100, 14694, 1189, 715, P0, 0x0000000000000000
2026/09/17 10:12:22.020, 1, 78, 53.14, 100, 15219, 1189, 715, P0, 0x0000000000000000
2026/09/17 10:12:23.026, 0, 78, 54.62, 50, 14694, 1316, 715, P0, 0x0000000000000020
2026/09/17 10:12:23.029, 1, 77, 176.38, 0, 15219, 1316, 715, P0, 0x0000000000000000
2026/09/17 10:12:24.039, 0, 79, 164.95, 100, 14694, 1240, 715, P0, 0x0000000000000000
2026/09/17 10:12:24.044, 1, 79, 189.14, 100, 15219, 1328, 715, P0, 0x0000000000000000
2026/09/17 10:12:25.053, 0, 79, 155.49, 100, 14694, 1240, 715, P0, 0x0000000000000020
2026/09/17 10:12:25.056, 1, 79, 128.60, 100, 15219, 1189, 715, P0, 0x0000000000000000
2026/09/17 10:12:26.066, 0, 79, 136.58, 100, 14694, 1101, 715, P0, 0x0000000000000020
2026/09/17 10:12:26.072, 1, 77, 54.13, 0, 15219, 1290, 715, P0, 0x0000000000000000
2026/09/17 10:12:27.078, 0, 77, 143.82, 13, 14694, 1202, 715, P0, 0x0000000000000000
2026/09/17 10:12:27.080, 1, 79, 178.32, 100, 15219, 1328, 715, P0, 0x0000000000000000
2026/09/17 10:12:28.108, 0, 79, 153.83, 100, 14694, 1215, 715, P0, 0x0000000000000020
2026/09/17 10:12:28.112, 1, 80, 170.28, 100, 15219, 1316, 715, P0, 0x0000000000000020
2026/09/17 10:12:29.124, 0, 79, 129.96, 100, 14694, 1164, 715, P0, 0x0000000000000020
2026/09/17 10:12:29.127, 1, 77, 55.08, 0, 15219, 1290, 715, P0, 0x0000000000000000
2026/09/17 10:12:30.142, 0, 77, 48.57, 0, 14694, 1189, 715, P0, 0x0000000000000000
2026/09/17 10:12:30.145, 1, 78, 170.82, 100, 15219, 1328, 715, P0, 0x0000000000000000
2026/09/17 10:12:31.152, 0, 79, 146.63, 100, 14694, 1202, 715, P0, 0x0000000000000000
2026/09/17 10:12:31.155, 1, 79, 138.10, 100, 15219, 1177, 715, P0, 0x0000000000000020
2026/09/17 10:12:32.162, 0, 79, 128.95, 100, 14694, 1151, 715, P0, 0x0000000000000020
2026/09/17 10:12:32.164, 1, 79, 150.83, 100, 15219, 1189, 715, P0, 0x0000000000000020
2026/09/17 10:12:33.181, 0, 79, 156.20, 100, 14694, 1189, 715, P0, 0x0000000000000020
2026/09/17 10:12:33.184, 1, 76, 48.52, 0, 15219, 1189, 715, P0, 0x0000000000000000
2026/09/17 10:12:34.193, 0, 79, 136.30, 83, 14694, 1202, 715, P0, 0x0000000000000000
2026/09/17 10:12:34.201, 1, 79, 174.82, 100, 15219, 1328, 715, P0, 0x0000000000000000
2026/09/17 10:12:35.206, 0, 80, 177.70, 100, 14694, 1227, 715, P0, 0x0000000000000000
2026/09/17 10:12:35.209, 1, 78, 133.22, 100, 15219, 1164, 715, P0, 0x0000000000000000
2026/09/17 10:12:36.236, 0, 79, 152.94, 100, 14694, 1189, 715, P0, 0x0000000000000000
2026/09/17 10:12:36.239, 1, 77, 49.29, 0, 15219, 1189, 715, P0, 0x0000000000000000
2026/09/17 10:12:37.251, 0, 77, 54.13, 0, 14694, 1316, 715, P0, 0x0000000000000000
2026/09/17 10:12:37.254, 1, 79, 163.14, 100, 15219, 1328, 715, P0, 0x0000000000000000
2026/09/17 10:12:38.267, 0, 80, 160.26, 100, 14694, 1227, 715, P0, 0x0000000000000020
2026/09/17 10:12:38.271, 1, 80, 153.13, 100, 15219, 1290, 715, P0, 0x0000000000000000
2026/09/17 10:12:39.282, 0, 79, 114.09, 100, 14694, 1012, 715, P0, 0x0000000000000000
2026/09/17 10:12:39.282, 1, 78, 49.85, 100, 15219, 1189, 715, P0, 0x0000000000000000
2026/09/17 10:12:40.298, 0, 78, 50.08, 100, 14694, 1189, 715, P0, 0x0000000000000000
2026/09/17 10:12:40.301, 1, 76, 141.98, 30, 15219, 1189, 715, P0, 0x0000000000000000
2026/09/17 10:12:41.311, 0, 79, 192.15, 100, 14694, 1328, 715, P0, 0x0000000000000000
2026/09/17 10:12:41.314, 1, 79, 193.90, 100, 15219, 1328, 715, P0, 0x0000000000000000
2026/09/17 10:12:42.323, 0, 79, 145.39, 100, 14694, 1126, 715, P0, 0x0000000000000000
2026/09/17 10:12:42.326, 1, 79, 142.79, 100, 15219, 1189, 715, P0, 0x0000000000000000
2026/09/17 10:12:43.339, 0, 79, 112.38, 100, 14694, 1088, 715, P0, 0x0000000000000000
2026/09/17 10:12:43.342, 1, 77, 49.36, 0, 15219, 1189, 715, P0, 0x0000000000000000
2026/09/17 10:12:44.354, 0, 77, 48.08, 0, 14694, 1189, 715, P0, 0x0000000000000000
2026/09/17 10:12:44.357, 1, 79, 176.92, 100, 15219, 1328, 715, P0, 0x0000000000000000
2026/09/17 10:12:45.367, 0, 79, 135.35, 100, 14694, 1202, 715, P0, 0x0000000000000000
2026/09/17 10:12:45.374, 1, 80, 155.32, 100, 15219, 1290, 715, P0, 0x0000000000000000
2026/09/17 10:12:46.385, 0, 79, 145.97, 100, 14694, 1139, 715, P0, 0x0000000000000020
2026/09/17 10:12:46.388, 1, 79, 61.55, 100, 15219, 1227, 715, P0, 0x0000000000000000
2026/09/17 10:12:47.395, 0, 78, 51.21, 100, 14694, 1189, 715, P0, 0x0000000000000000
2026/09/17 10:12:47.398, 1, 77, 154.00, 0, 15219, 1227, 715, P0, 0x0000000000000000
2026/09/17 10:12:48.407, 0, 79, 151.43, 100, 14694, 1202, 715, P0, 0x0000000000000000
2026/09/17 10:12:48.410, 1, 79, 149.82, 100, 15219, 1189, 715, P0, 0x0000000000000000
2026/09/17 10:12:49.418, 0, 79, 143.40, 100, 14694, 1202, 715, P0, 0x0000000000000000
2026/09/17 10:12:49.421, 1, 79, 125.51, 100, 15219, 1139, 715, P0, 0x0000000000000000
2026/09/17 10:12:50.434, 0, 79, 139.96, 100, 14694, 1177, 715, P0, 0x0000000000000000
2026/09/17 10:12:50.437, 1, 77, 49.31, 0, 15219, 1189, 715, P0, 0x0000000000000000
2026/09/17 10:12:51.447, 0, 77, 54.09, 0, 14694, 1316, 715, P0, 0x0000000000000000
2026/09/17 10:12:51.450, 1, 79, 161.22, 100, 15219, 1328, 715, P0, 0x0000000000000000
2026/09/17 10:12:52.461, 0, 80, 161.02, 100, 14694, 1227, 715, P0, 0x0000000000000020
2026/09/17 10:12:52.468, 1, 79, 128.78, 100, 15219, 1189, 715, P0, 0x0000000000000000
2026/09/17 10:12:53.472, 0, 79, 141.63, 100, 14694, 1189, 715, P0, 0x0000000000000000
2026/09/17 10:12:53.478, 1, 79, 146.71, 100, 15219, 1164, 715, P0, 0x0000000000000020
2026/09/17 10:12:54.487, 0, 78, 53.12, 65, 14694, 1290, 715, P0, 0x0000000000000000
2026/09/17 10:12:54.490, 1, 77, 182.77, 0, 15219, 1278, 715, P0, 0x0000000000000000
2026/09/17 10:12:55.505, 0, 79, 152.15, 100, 14694, 1265, 715, P0, 0x0000000000000000
2026/09/17 10:12:55.508, 1, 79, 173.08, 100, 15219, 1303, 715, P0, 0x0000000000000000
2026/09/17 10:12:56.521, 0, 79, 143.62, 100, 14694, 1227, 715, P0, 0x0000000000000000
2026/09/17 10:12:56.528, 1, 79, 136.81, 100, 15219, 1126, 715, P0, 0x0000000000000020
2026/09/17 10:12:57.548, 0, 79, 157.82, 100, 14694, 1189, 715, P0, 0x0000000000000000
2026/09/17 10:12:57.552, 1, 77, 49.29, 0, 15219, 1189, 715, P0, 0x0000000000000000
2026/09/17 10:12:58.564, 0, 77, 51.92, 0, 14694, 1278, 715, P0, 0x0000000000000000
2026/09/17 10:12:58.570, 1, 79, 201.04, 100, 15219, 1328, 715, P0, 0x0000000000000000
2026/09/17 10:12:59.578, 0, 79, 151.01, 100, 14694, 1202, 715, P0, 0x0000000000000020
2026/09/17 10:12:59.581, 1, 79, 161.68, 100, 15219, 1227, 715, P0, 0x0000000000000000
2026/09/17 10:13:00.589, 0, 79, 139.64, 100, 14694, 1113, 715, P0, 0x0000000000000020
2026/09/17 10:13:00.599, 1, 79, 55.30, 100, 15219, 1202, 715, P0, 0x0000000000000000
2026/09/17 10:13:01.604, 0, 78, 49.35, 100, 14694, 1189, 715, P0, 0x0000000000000000
2026/09/17 10:13:01.607, 1, 77, 142.86, 10, 15219, 1202, 715, P0, 0x0000000000000000
2026/09/17 10:13:02.622, 0, 79, 159.69, 100, 14694, 1189, 715, P0, 0x0000000000000000
2026/09/17 10:13:02.625, 1, 79, 160.41, 100, 15219, 1303, 715, P0, 0x0000000000000000
2026/09/17 10:13:03.639, 0, 79, 133.32, 100, 14694, 1189, 715, P0, 0x0000000000000000
2026/09/17 10:13:03.642, 1, 79, 140.71, 100, 15219, 1189, 715, P0, 0x0000000000000000
2026/09/17 10:13:04.651, 0, 80, 146.04, 100, 14694, 1151, 715, P0, 0x0000000000000000
2026/09/17 10:13:04.662, 1, 77, 54.32, 0, 15219, 1290, 715, P0, 0x0000000000000000
2026/09/17 10:13:05.667, 0, 77, 52.15, 0, 14694, 1278, 715, P0, 0x0000000000000000
2026/09/17 10:13:05.670, 1, 79, 184.18, 100, 15219, 1328, 715, P0, 0x0000000000000000
2026/09/17 10:13:06.681, 0, 79, 155.19, 100, 14694, 1202, 715, P0, 0x0000000000000020
2026/09/17 10:13:06.689, 1, 79, 140.17, 100, 15219, 1227, 715, P0, 0x0000000000000020
2026/09/17 10:13:07.698, 0, 79, 135.24, 100, 14694, 1164, 715, P0, 0x0000000000000000
2026/09/17 10:13:07.707, 1, 79, 118.61, 100, 15219, 1075, 715, P0, 0x0000000000000020
2026/09/17 10:13:08.724, 0, 79, 130.90, 100, 14694, 1075, 715, P0, 0x0000000000000020
2026/09/17 10:13:08.729, 1, 76, 55.12, 0, 15219, 1316, 715, P0, 0x0000000000000000
2026/09/17 10:13:09.742, 0, 78, 143.88, 100, 14694, 1151, 715, P0, 0x0000000000000020
2026/09/17 10:13:09.748, 1, 80, 176.34, 100, 15219, 1328, 715, P0, 0x0000000000000000
2026/09/17 10:13:10.758, 0, 79, 148.60, 100, 14694, 1202, 715, P0, 0x0000000000000000
2026/09/17 10:13:10.761, 1, 79, 137.06, 100, 15219, 1101, 715, P0, 0x0000000000000020
2026/09/17 10:13:11.775, 0, 79, 160.17, 100, 14694, 1227, 715, P0, 0x0000000000000000
2026/09/17 10:13:11.778, 1, 77, 54.03, 0, 15219, 1278, 715, P0, 0x0000000000000000
2026/09/17 10:13:12.790, 0, 77, 48.54, 0, 14694, 1189, 715, P0, 0x0000000000000000
2026/09/17 10:13:12.794, 1, 78, 176.98, 100, 15219, 1290, 715, P0, 0x0000000000000020
2026/09/17 10:13:13.809, 0, 79, 163.23, 100, 14694, 1240, 715, P0, 0x0000000000000000
2026/09/17 10:13:13.813, 1, 79, 179.03, 100, 15219, 1252, 715, P0, 0x0000000000000020
2026/09/17 10:13:14.822, 0, 79, 139.58, 100, 14694, 1151, 715, P0, 0x0000000000000020
2026/09/17 10:13:14.825, 1, 79, 136.54, 100, 15219, 1189, 715, P0, 0x0000000000000000
2026/09/17 10:13:15.839, 0, 79, 136.20, 100, 14694, 1101, 715, P0, 0x0000000000000020
2026/09/17 10:13:15.842, 1, 77, 50.77, 0, 15219, 1227, 715, P0, 0x0000000000000000
2026/09/17 10:13:16.852, 0, 77, 161.00, 0, 14694, 1189, 715, P0, 0x0000000000000020
2026/09/17 10:13:16.855, 1, 79, 175.53, 100, 15219, 1328, 715, P0, 0x0000000000000000
2026/09/17 10:13:17.866, 0, 79, 156.30, 100, 14694, 1189, 715, P0, 0x0000000000000000
2026/09/17 10:13:17.869, 1, 79, 122.93, 100, 15219, 1088, 715, P0, 0x0000000000000020
2026/09/17 10:13:18.884, 0, 79, 131.31, 100, 14694, 1113, 715, P0, 0x0000000000000020
2026/09/17 10:13:18.888, 1, 79, 62.78, 100, 15219, 1189, 715, P0, 0x0000000000000000
2026/09/17 10:13:19.902, 0, 78, 49.30, 19, 14694, 1189, 715, P0, 0x0000000000000000
2026/09/17 10:13:19.905, 1, 77, 179.58, 11, 15219, 1316, 715, P0, 0x0000000000000000
2026/09/17 10:13:20.914, 0, 79, 171.21, 100, 14694, 1278, 715, P0, 0x0000000000000020
2026/09/17 10:13:20.918, 1, 79, 181.57, 100, 15219, 1316, 715, P0, 0x0000000000000000
2026/09/17 10:13:21.931, 0, 79, 163.43, 100, 14694, 1189, 715, P0, 0x0000000000000020
2026/09/17 10:13:21.935, 1, 79, 154.20, 100, 15219, 1240, 715, P0, 0x0000000000000000
2026/09/17 10:13:22.948, 0, 79, 124.30, 100, 14694, 1151, 715, P0, 0x0000000000000000
2026/09/17 10:13:22.951, 1, 77, 51.97, 0, 15219, 1252, 715, P0, 0x0000000000000000
2026/09/17 10:13:23.963, 0, 77, 48.30, 0, 14694, 1189, 715, P0, 0x0000000000000000
2026/09/17 10:13:23.967, 1, 79, 193.28, 100, 15219, 1328, 715, P0, 0x0000000000000000
2026/09/17 10:13:24.978, 0, 79, 145.81, 100, 14694, 1202, 715, P0, 0x0000000000000000
2026/09/17 10:13:24.984, 1, 79, 101.87, 100, 15219, 911, 715, P0, 0x0000000000000020
2026/09/17 10:13:25.994, 0, 80, 120.68, 100, 14694, 1063, 715, P0, 0x0000000000000020
2026/09/17 10:13:25.997, 1, 78, 162.45, 100, 15219, 1139, 715, P0, 0x0000000000000020
2026/09/17 10:13:27.024, 0, 79, 111.88, 100, 14694, 1025, 715, P0, 0x0000000000000020
2026/09/17 10:13:27.028, 1, 77, 53.22, 0, 15219, 1278, 715, P0, 0x0000000000000000
2026/09/17 10:13:28.036, 0, 78, 143.03, 23, 14694, 1189, 715, P0, 0x0000000000000000
2026/09/17 10:13:28.038, 1, 80, 193.37, 100, 15219, 1328, 715, P0, 0x0000000000000000
2026/09/17 10:13:29.049, 0, 79, 133.99, 100, 14694, 1189, 715, P0, 0x0000000000000000
2026/09/17 10:13:29.053, 1, 79, 141.13, 100, 15219, 1189, 715, P0, 0x0000000000000020
2026/09/17 10:13:30.062, 0, 79, 155.55, 100, 14694, 1177, 715, P0, 0x0000000000000000
2026/09/17 10:13:30.072, 1, 78, 56.25, 60, 15219, 1316, 715, P0, 0x0000000000000000
2026/09/17 10:13:31.078, 0, 78, 54.31, 65, 14694, 1303, 715, P0, 0x0000000000000000
2026/09/17 10:13:31.081, 1, 78, 179.52, 62, 15219, 1328, 715, P0, 0x0000000000000000
2026/09/17 10:13:32.092, 0, 79, 149.75, 100, 14694, 1215, 715, P0, 0x0000000000000000
2026/09/17 10:13:32.095, 1, 79, 161.16, 100, 15219, 1252, 715, P0, 0x0000000000000020
2026/09/17 10:13:33.107, 0, 78, 128.60, 100, 14694, 987, 715, P0, 0x0000000000000020
2026/09/17 10:13:33.114, 1, 79, 140.81, 100, 15219, 1189, 715, P0, 0x0000000000000000
2026/09/17 10:13:34.122, 0, 79, 119.98, 100, 14694, 1075, 715, P0, 0x0000000000000020
2026/09/17 10:13:34.125, 1, 77, 51.28, 0, 15219, 1227, 715, P0, 0x0000000000000000
2026/09/17 10:13:35.132, 0, 77, 54.33, 0, 14694, 1316, 715, P0, 0x0000000000000000
2026/09/17 10:13:35.135, 1, 78, 173.65, 100, 15219, 1328, 715, P0, 0x0000000000000000
2026/09/17 10:13:36.145, 0, 79, 166.77, 100, 14694, 1189, 715, P0, 0x0000000000000000
2026/09/17 10:13:36.151, 1, 79, 137.78, 100, 15219, 1189, 715, P0, 0x0000000000000000
2026/09/17 10:13:37.163, 0, 80, 149.27, 100, 14694, 1189, 715, P0, 0x0000000000000020
2026/09/17 10:13:37.167, 1, 79, 141.52, 100, 15219, 1215, 715, P0, 0x0000000000000000
2026/09/17 10:13:38.175, 0, 79, 149.66, 100, 14694, 1164, 715, P0, 0x0000000000000020
2026/09/17 10:13:38.179, 1, 77, 54.09, 0, 15219, 1290, 715, P0, 0x0000000000000000
2026/09/17 10:13:39.191, 0, 77, 49.96, 0, 14694, 1240, 715, P0, 0x0000000000000000
2026/09/17 10:13:39.193, 1, 78, 181.54, 100, 15219, 1303, 715, P0, 0x0000000000000020
2026/09/17 10:13:40.210, 0, 80, 156.71, 100, 14694, 1227, 715, P0, 0x0000000000000020
2026/09/17 10:13:40.214, 1, 79, 142.41, 100, 15219, 1265, 715, P0, 0x0000000000000000
2026/09/17 10:13:41.227, 0, 78, 115.99, 100, 14694, 1037, 715, P0, 0x0000000000000000
2026/09/17 10:13:41.231, 1, 80, 73.13, 100, 15219, 1189, 715, P0, 0x0000000000000000
2026/09/17 10:13:42.241, 0, 79, 122.01, 100, 14694, 1101, 715, P0, 0x0000000000000000
2026/09/17 10:13:42.244, 1, 76, 48.82, 0, 15219, 1189, 715, P0, 0x0000000000000000
2026/09/17 10:13:43.256, 0, 78, 143.98, 44, 14694, 1189, 715, P0, 0x0000000000000020
2026/09/17 10:13:43.259, 1, 80, 190.94, 100, 15219, 1328, 715, P0, 0x0000000000000000
2026/09/17 10:13:44.275, 0, 79, 164.53, 100, 14694, 1189, 715, P0, 0x0000000000000000
2026/09/17 10:13:44.278, 1, 79, 137.66, 100, 15219, 1164, 715, P0, 0x0000000000000020
2026/09/17 10:13:45.289, 0, 79, 132.35, 100, 14694, 1177, 715, P0, 0x0000000000000020
2026/09/17 10:13:45.292, 1, 78, 56.04, 55, 15219, 1316, 715, P0, 0x0000000000000000
2026/09/17 10:13:46.310, 0, 78, 54.84, 62, 14694, 1316, 715, P0, 0x0000000000000000
2026/09/17 10:13:46.313, 1, 78, 167.74, 61, 15219, 1290, 715, P0, 0x0000000000000020
2026/09/17 10:13:47.326, 0, 79, 147.64, 100, 14694, 1252, 715, P0, 0x0000000000000000
2026/09/17 10:13:47.329, 1, 79, 168.41, 100, 15219, 1265, 715, P0, 0x0000000000000000
2026/09/17 10:13:48.344, 0, 79, 144.81, 100, 14694, 1177, 715, P0, 0x0000000000000020
2026/09/17 10:13:48.353, 1, 79, 141.62, 100, 15219, 1189, 715, P0, 0x0000000000000000
2026/09/17 10:13:49.359, 0, 80, 134.93, 100, 14694, 1177, 715, P0, 0x0000000000000020
2026/09/17 10:13:49.362, 1, 77, 51.24, 0, 15219, 1227, 715, P0, 0x0000000000000000
2026/09/17 10:13:50.371, 0, 77, 48.33, 0, 14694, 1189, 715, P0, 0x0000000000000000
2026/09/17 10:13:50.375, 1, 79, 177.41, 100, 15219, 1303, 715, P0, 0x0000000000000000
2026/09/17 10:13:51.389, 0, 79, 149.80, 100, 14694, 1265, 715, P0, 0x0000000000000020
2026/09/17 10:13:51.393, 1, 79, 167.89, 100, 15219, 1303, 715, P0, 0x0000000000000020
2026/09/17 10:13:52.402, 0, 79, 117.81, 100, 14694, 1113, 715, P0, 0x0000000000000000
2026/09/17 10:13:52.412, 1, 78, 116.01, 100, 15219, 1113, 715, P0, 0x0000000000000000
2026/09/17 10:13:53.428, 0, 79, 138.80, 100, 14694, 1151, 715, P0, 0x0000000000000020
2026/09/17 10:13:53.432, 1, 76, 48.57, 0, 15219, 1189, 715, P0, 0x0000000000000000
2026/09/17 10:13:54.443, 0, 77, 138.03, 0, 14694, 1240, 715, P0, 0x0000000000000000
2026/09/17 10:13:54.447, 1, 79, 167.83, 100, 15219, 1328, 715, P0, 0x0000000000000000
2026/09/17 10:13:55.469, 0, 79, 143.37, 100, 14694, 1202, 715, P0, 0x0000000000000000
2026/09/17 10:13:55.473, 1, 79, 149.30, 100, 15219, 1252, 715, P0, 0x0000000000000000
2026/09/17 10:13:56.484, 0, 79, 126.74, 100, 14694, 1075, 715, P0, 0x0000000000000020
2026/09/17 10:13:56.496, 1, 79, 67.11, 100, 15219, 1227, 715, P0, 0x0000000000000000
2026/09/17 10:13:57.502, 0, 79, 113.60, 100, 14694, 1075, 715, P0, 0x0000000000000000
2026/09/17 10:13:57.505, 1, 76, 55.12, 0, 15219, 1316, 715, P0, 0x0000000000000000
2026/09/17 10:13:58.512, 0, 78, 141.43, 25, 14694, 1189, 715, P0, 0x0000000000000000
2026/09/17 10:13:58.515, 1, 79, 150.92, 100, 15219, 1227, 715, P0, 0x0000000000000020
2026/09/17 10:13:59.527, 0, 80, 132.18, 100, 14694, 1189, 715, P0, 0x0000000000000000
2026/09/17 10:13:59.536, 1, 79, 157.24, 100, 15219, 1240, 715, P0, 0x0000000000000020
2026/09/17 10:14:00.552, 0, 79, 106.41, 100, 14694, 1012, 715, P0, 0x0000000000000020
2026/09/17 10:14:00.559, 1, 78, 50.58, 95, 15219, 1189, 715, P0, 0x0000000000000000
2026/09/17 10:14:01.579, 0, 78, 52.50, 67, 14694, 1290, 715, P0, 0x0000000000000000
2026/09/17 10:14:01.583, 1, 77, 137.81, 0, 15219, 1189, 715, P0, 0x0000000000000000
2026/09/17 10:14:02.596, 0, 78, 135.17, 100, 14694, 1177, 715, P0, 0x0000000000000000
2026/09/17 10:14:02.601, 1, 79, 185.71, 100, 15219, 1328, 715, P0, 0x0000000000000000
2026/09/17 10:14:03.613, 0, 79, 150.13, 100, 14694, 1177, 715, P0, 0x0000000000000020
2026/09/17 10:14:03.618, 1, 79, 133.71, 100, 15219, 1189, 715, P0, 0x0000000000000000
2026/09/17 10:14:04.630, 0, 79, 162.87, 100, 14694, 1177, 715, P0, 0x0000000000000020
2026/09/17 10:14:04.630, 1, 77, 56.25, 0, 15219, 1316, 715, P0, 0x0000000000000000
2026/09/17 10:14:05.643, 0, 77, 54.13, 0, 14694, 1303, 715, P0, 0x0000000000000000
2026/09/17 10:14:05.646, 1, 78, 160.00, 100, 15219, 1328, 715, P0, 0x0000000000000000
2026/09/17 10:14:06.656, 0, 79, 152.99, 100, 14694, 1227, 715, P0, 0x0000000000000000
2026/09/17 10:14:06.659, 1, 79, 141.64, 100, 15219, 1227, 715, P0, 0x0000000000000020
2026/09/17 10:14:07.668, 0, 79, 135.84, 100, 14694, 1189, 715, P0, 0x0000000000000000
2026/09/17 10:14:07.672, 1, 79, 148.39, 100, 15219, 1189, 715, P0, 0x0000000000000020
2026/09/17 10:14:08.686, 0, 79, 124.80, 100, 14694, 1101, 715, P0, 0x0000000000000020
2026/09/17 10:14:08.689, 1, 77, 49.35, 0, 15219, 1189, 715, P0, 0x0000000000000000
2026/09/17 10:14:09.704, 0, 77, 51.24, 0, 14694, 1252, 715, P0, 0x0000000000000000
2026/09/17 10:14:09.707, 1, 78, 154.18, 100, 15219, 1328, 715, P0, 0x0000000000000000
2026/09/17 10:14:10.717, 0, 79, 158.60, 100, 14694, 1202, 715, P0, 0x0000000000000000
2026/09/17 10:14:10.720, 1, 79, 131.73, 100, 15219, 1164, 715, P0, 0x0000000000000000
2026/09/17 10:14:11.733, 0, 79, 133.72, 100, 14694, 1126, 715, P0, 0x0000000000000020
2026/09/17 10:14:11.738, 1, 79, 130.36, 100, 15219, 1151, 715, P0, 0x0000000000000020
2026/09/17 10:14:12.748, 0, 79, 162.99, 100, 14694, 1177, 715, P0, 0x0000000000000020
2026/09/17 10:14:12.757, 1, 77, 49.02, 0, 15219, 1189, 715, P0, 0x0000000000000000
2026/09/17 10:14:13.765, 0, 77, 48.13, 0, 14694, 1189, 715, P0, 0x0000000000000000
2026/09/17 10:14:13.768, 1, 79, 163.63, 100, 15219, 1328, 715, P0, 0x0000000000000000
2026/09/17 10:14:14.784, 0, 79, 167.65, 100, 14694, 1240, 715, P0, 0x0000000000000020
2026/09/17 10:14:14.787, 1, 80, 157.50, 100, 15219, 1265, 715, P0, 0x0000000000000020
2026/09/17 10:14:15.798, 0, 79, 139.46, 100, 14694, 1189, 715, P0, 0x0000000000000000
2026/09/17 10:14:15.803, 1, 79, 137.73, 100, 15219, 1139, 715, P0, 0x0000000000000020
2026/09/17 10:14:16.810, 0, 79, 126.62, 100, 14694, 1088, 715, P0, 0x0000000000000020
2026/09/17 10:14:16.819, 1, 77, 51.48, 0, 15219, 1252, 715, P0, 0x0000000000000000
2026/09/17 10:14:17.839, 0, 77, 134.70, 13, 14694, 1202, 715, P0, 0x0000000000000000
2026/09/17 10:14:17.842, 1, 79, 171.87, 100, 15219, 1328, 715, P0, 0x0000000000000000
2026/09/17 10:14:18.856, 0, 80, 142.06, 100, 14694, 1202, 715, P0, 0x0000000000000020
2026/09/17 10:14:18.859, 1, 79, 167.46, 100, 15219, 1189, 715, P0, 0x0000000000000020
2026/09/17 10:14:19.874, 0, 79, 145.63, 100, 14694, 1189, 715, P0, 0x0000000000000000
2026/09/17 10:14:19.880, 1, 79, 148.86, 100, 15219, 1164, 715, P0, 0x0000000000000020
2026/09/17 10:14:20.891, 0, 79, 117.88, 100, 14694, 1075, 715, P0, 0x0000000000000020
2026/09/17 10:14:20.894, 1, 76, 48.88, 0, 15219, 1189, 715, P0, 0x0000000000000000
2026/09/17 10:14:21.902, 0, 78, 141.74, 48, 14694, 1202, 715, P0, 0x0000000000000020
2026/09/17 10:14:21.905, 1, 80, 175.27, 100, 15219, 1290, 715, P0, 0x0000000000000020
2026/09/17 10:14:22.916, 0, 79, 157.27, 100, 14694, 1139, 715, P0, 0x0000000000000020
2026/09/17 10:14:22.926, 1, 80, 149.51, 100, 15219, 1189, 715, P0, 0x0000000000000020
2026/09/17 10:14:23.951, 0, 80, 142.91, 100, 14694, 1177, 715, P0, 0x0000000000000020
2026/09/17 10:14:23.954, 1, 78, 54.08, 91, 15219, 1265, 715, P0, 0x0000000000000000
2026/09/17 10:14:24.967, 0, 78, 49.04, 100, 14694, 1189, 715, P0, 0x0000000000000000
2026/09/17 10:14:24.971, 1, 77, 171.69, 0, 15219, 1265, 715, P0, 0x0000000000000000
2026/09/17 10:14:25.982, 0, 79, 138.55, 100, 14694, 1202, 715, P0, 0x0000000000000000
2026/09/17 10:14:25.986, 1, 79, 160.47, 100, 15219, 1290, 715, P0, 0x0000000000000000
2026/09/17 10:14:26.999, 0, 79, 162.64, 100, 14694, 1240, 715, P0, 0x0000000000000020
2026/09/17 10:14:27.008, 1, 80, 154.51, 100, 15219, 1139, 715, P0, 0x0000000000000020
2026/09/17 10:14:28.029, 0, 79, 141.07, 100, 14694, 1050, 715, P0, 0x0000000000000020
2026/09/17 10:14:28.032, 1, 78, 51.97, 0, 15219, 1227, 715, P0, 0x0000000000000000
2026/09/17 10:14:29.045, 0, 78, 49.05, 38, 14694, 1189, 715, P0, 0x0000000000000000
2026/09/17 10:14:29.048, 1, 77, 167.99, 84, 15219, 1328, 715, P0, 0x0000000000000000
2026/09/17 10:14:30.056, 0, 78, 132.81, 100, 14694, 1189, 715, P0, 0x0000000000000000
2026/09/17 10:14:30.060, 1, 80, 191.63, 100, 15219, 1328, 715, P0, 0x0000000000000000
2026/09/17 10:14:31.065, 0, 79, 150.70, 100, 14694, 1177, 715, P0, 0x0000000000000020
2026/09/17 10:14:31.070, 1, 79, 131.83, 100, 15219, 1177, 715, P0, 0x0000000000000000
2026/09/17 10:14:32.093, 0, 79, 159.55, 100, 14694, 1189, 715, P0, 0x0000000000000000
2026/09/17 10:14:32.096, 1, 77, 52.58, 0, 15219, 1252, 715, P0, 0x0000000000000000
2026/09/17 10:14:33.106, 0, 78, 48.82, 3, 14694, 1189, 715, P0, 0x0000000000000000
2026/09/17 10:14:33.109, 1, 78, 153.94, 100, 15219, 1252, 715, P0, 0x0000000000000020
2026/09/17 10:14:34.124, 0, 79, 168.00, 100, 14694, 1227, 715, P0, 0x0000000000000020
2026/09/17 10:14:34.130, 1, 79, 170.94, 100, 15219, 1290, 715, P0, 0x0000000000000020
2026/09/17 10:14:35.139, 0, 80, 167.57, 100, 14694, 1202, 715, P0, 0x0000000000000000
2026/09/17 10:14:35.143, 1, 79, 120.78, 100, 15219, 1101, 715, P0, 0x0000000000000000
2026/09/17 10:14:36.154, 0, 79, 132.76, 100, 14694, 1164, 715, P0, 0x0000000000000020
2026/09/17 10:14:36.158, 1, 77, 54.62, 0, 15219, 1290, 715, P0, 0x0000000000000000
2026/09/17 10:14:37.169, 0, 77, 50.72, 0, 14694, 1240, 715, P0, 0x0000000000000000
2026/09/17 10:14:37.173, 1, 78, 177.85, 100, 15219, 1328, 715, P0, 0x0000000000000000
2026/09/17 10:14:38.187, 0, 79, 147.52, 100, 14694, 1202, 715, P0, 0x0000000000000000
2026/09/17 10:14:38.194, 1, 79, 111.50, 100, 15219, 1088, 715, P0, 0x0000000000000000
2026/09/17 10:14:39.220, 0, 79, 141.69, 100, 14694, 1202, 715, P0, 0x0000000000000000
2026/09/17 10:14:39.224, 1, 78, 141.41, 100, 15219, 1151, 715, P0, 0x0000000000000000
2026/09/17 10:14:40.234, 0, 79, 124.69, 100, 14694, 1088, 715, P0, 0x0000000000000020
2026/09/17 10:14:40.240, 1, 77, 54.38, 0, 15219, 1290, 715, P0, 0x0000000000000000
2026/09/17 10:14:41.249, 0, 77, 53.65, 0, 14694, 1303, 715, P0, 0x0000000000000000
2026/09/17 10:14:41.252, 1, 79, 160.63, 100, 15219, 1328, 715, P0, 0x0000000000000000
2026/09/17 10:14:42.263, 0, 79, 142.13, 100, 14694, 1177, 715, P0, 0x0000000000000020
2026/09/17 10:14:42.266, 1, 80, 179.01, 100, 15219, 1303, 715, P0, 0x0000000000000000
2026/09/17 10:14:43.278, 0, 79, 122.06, 100, 14694, 1151, 715, P0, 0x0000000000000000
2026/09/17 10:14:43.280, 1, 79, 126.11, 100, 15219, 1113, 715, P0, 0x0000000000000020
2026/09/17 10:14:44.292, 0, 79, 120.00, 100, 14694, 1075, 715, P0, 0x0000000000000020
2026/09/17 10:14:44.300, 1, 77, 49.36, 0, 15219, 1189, 715, P0, 0x0000000000000000
2026/09/17 10:14:45.311, 0, 77, 48.83, 0, 14694, 1215, 715, P0, 0x0000000000000000
2026/09/17 10:14:45.313, 1, 78, 154.02, 100, 15219, 1328, 715, P0, 0x0000000000000000
2026/09/17 10:14:46.323, 0, 79, 157.13, 100, 14694, 1227, 715, P0, 0x0000000000000020
2026/09/17 10:14:46.326, 1, 79, 146.61, 100, 15219, 1189, 715, P0, 0x0000000000000000
2026/09/17 10:14:47.336, 0, 79, 138.31, 100, 14694, 1189, 715, P0, 0x0000000000000020
2026/09/17 10:14:47.339, 1, 79, 134.04, 100, 15219, 1139, 715, P0, 0x0000000000000020
2026/09/17 10:14:48.350, 0, 79, 118.52, 100, 14694, 1113, 715, P0, 0x0000000000000000
2026/09/17 10:14:48.353, 1, 77, 55.83, 0, 15219, 1316, 715, P0, 0x0000000000000000
2026/09/17 10:14:49.363, 0, 77, 52.21, 0, 14694, 1278, 715, P0, 0x0000000000000000
2026/09/17 10:14:49.367, 1, 78, 150.67, 100, 15219, 1316, 715, P0, 0x0000000000000000
2026/09/17 10:14:50.380, 0, 79, 147.73, 100, 14694, 1202, 715, P0, 0x0000000000000020
2026/09/17 10:14:50.383, 1, 79, 126.05, 100, 15219, 1126, 715, P0, 0x0000000000000020
2026/09/17 10:14:51.399, 0, 79, 161.07, 100, 14694, 1189, 715, P0, 0x0000000000000000
2026/09/17 10:14:51.402, 1, 79, 132.19, 100, 15219, 1139, 715, P0, 0x0000000000000020
2026/09/17 10:14:52.413, 0, 79, 123.82, 100, 14694, 1101, 715, P0, 0x0000000000000020
2026/09/17 10:14:52.416, 1, 77, 53.66, 0, 15219, 1290, 715, P0, 0x0000000000000000
2026/09/17 10:14:53.425, 0, 77, 48.11, 0, 14694, 1189, 715, P0, 0x0000000000000000
2026/09/17 10:14:53.428, 1, 79, 161.02, 100, 15219, 1316, 715, P0, 0x0000000000000000
2026/09/17 10:14:54.439, 0, 79, 143.97, 100, 14694, 1177, 715, P0, 0x0000000000000020
2026/09/17 10:14:54.443, 1, 79, 158.38, 100, 15219, 1278, 715, P0, 0x0000000000000000
2026/09/17 10:14:55.456, 0, 79, 157.17, 100, 14694, 1265, 715, P0, 0x0000000000000000
2026/09/17 10:14:55.459, 1, 79, 116.14, 100, 15219, 1050, 715, P0, 0x0000000000000020
2026/09/17 10:14:56.470, 0, 79, 111.65, 100, 14694, 999, 715, P0, 0x0000000000000020
2026/09/17 10:14:56.479, 1, 77, 49.12, 0, 15219, 1189, 715, P0, 0x0000000000000000
2026/09/17 10:14:57.496, 0, 77, 49.30, 0, 14694, 1227, 715, P0, 0x0000000000000000
2026/09/17 10:14:57.499, 1, 78, 166.73, 100, 15219, 1328, 715, P0, 0x0000000000000000
2026/09/17 10:14:58.511, 0, 79, 139.27, 100, 14694, 1151, 715, P0, 0x0000000000000020
2026/09/17 10:14:58.519, 1, 79, 165.24, 100, 15219, 1278, 715, P0, 0x0000000000000000
2026/09/17 10:14:59.531, 0, 79, 142.26, 100, 14694, 1189, 715, P0, 0x0000000000000000
2026/09/17 10:14:59.538, 1, 79, 138.70, 100, 15219, 1164, 715, P0, 0x0000000000000020
2026/09/17 10:15:00.547, 0, 79, 125.43, 100, 14694, 1101, 715, P0, 0x0000000000000020
2026/09/17 10:15:00.550, 1, 77, 52.44, 0, 15219, 1252, 715, P0, 0x0000000000000000
2026/09/17 10:15:01.565, 0, 77, 48.30, 0, 14694, 1189, 715, P0, 0x0000000000000000
2026/09/17 10:15:01.568, 1, 79, 187.76, 100, 15219, 1328, 715, P0, 0x0000000000000000
2026/09/17 10:15:02.581, 0, 79, 149.01, 100, 14694, 1202, 715, P0, 0x0000000000000020
2026/09/17 10:15:02.584, 1, 79, 164.06, 100, 15219, 1252, 715, P0, 0x0000000000000000
2026/09/17 10:15:03.593, 0, 79, 133.24, 100, 14694, 1177, 715, P0, 0x0000000000000000
2026/09/17 10:15:03.596, 1, 79, 147.45, 100, 15219, 1202, 715, P0, 0x0000000000000020
2026/09/17 10:15:04.607, 0, 79, 134.46, 100, 14694, 1139, 715, P0, 0x0000000000000020
2026/09/17 10:15:04.610, 1, 77, 52.19, 0, 15219, 1252, 715, P0, 0x0000000000000000
2026/09/17 10:15:05.625, 0, 77, 51.39, 0, 14694, 1252, 715, P0, 0x0000000000000000
2026/09/17 10:15:05.628, 1, 79, 194.14, 100, 15219, 1316, 715, P0, 0x0000000000000000
2026/09/17 10:15:06.642, 0, 79, 156.81, 100, 14694, 1215, 715, P0, 0x0000000000000020
2026/09/17 10:15:06.650, 1, 79, 137.49, 100, 15219, 1164, 715, P0, 0x0000000000000000
2026/09/17 10:15:07.655, 0, 79, 130.42, 100, 14694, 1151, 715, P0, 0x0000000000000000
2026/09/17 10:15:07.657, 1, 79, 135.09, 100, 15219, 1202, 715, P0, 0x0000000000000000
2026/09/17 10:15:08.679, 0, 79, 127.57, 100, 14694, 1101, 715, P0, 0x0000000000000020
2026/09/17 10:15:08.682, 1, 77, 56.30, 0, 15219, 1316, 715, P0, 0x0000000000000000
2026/09/17 10:15:09.694, 0, 77, 48.35, 0, 14694, 1189, 715, P0, 0x0000000000000000
2026/09/17 10:15:09.698, 1, 79, 168.85, 100, 15219, 1328, 715, P0, 0x0000000000000000
2026/09/17 10:15:10.708, 0, 79, 155.14, 100, 14694, 1202, 715, P0, 0x0000000000000020
2026/09/17 10:15:10.714, 1, 80, 136.43, 100, 15219, 1227, 715, P0, 0x0000000000000000
2026/09/17 10:15:11.722, 0, 79, 144.79, 100, 14694, 1189, 715, P0, 0x0000000000000000
2026/09/17 10:15:11.726, 1, 79, 153.28, 100, 15219, 1177, 715, P0, 0x0000000000000020
2026/09/17 10:15:12.745, 0, 79, 129.98, 100, 14694, 1139, 715, P0, 0x0000000000000000
2026/09/17 10:15:12.755, 1, 77, 49.83, 0, 15219, 1189, 715, P0, 0x0000000000000000
2026/09/17 10:15:13.771, 0, 77, 48.60, 0, 14694, 1189, 715, P0, 0x0000000000000000
2026/09/17 10:15:13.774, 1, 78, 146.74, 100, 15219, 1316, 715, P0, 0x0000000000000000
2026/09/17 10:15:14.788, 0, 79, 165.39, 100, 14694, 1328, 715, P0, 0x0000000000000000
2026/09/17 10:15:14.791, 1, 80, 179.23, 100, 15219, 1316, 715, P0, 0x0000000000000000
2026/09/17 10:15:15.805, 0, 79, 116.05, 100, 14694, 1113, 715, P0, 0x0000000000000000
2026/09/17 10:15:15.815, 1, 79, 118.87, 100, 15219, 1088, 715, P0, 0x0000000000000000
2026/09/17 10:15:16.820, 0, 79, 129.97, 100, 14694, 1139, 715, P0, 0x0000000000000020
2026/09/17 10:15:16.823, 1, 78, 49.81, 29, 15219, 1189, 715, P0, 0x0000000000000000
2026/09/17 10:15:17.836, 0, 78, 55.03, 47, 14694, 1316, 715, P0, 0x0000000000000000
2026/09/17 10:15:17.839, 1, 78, 184.56, 69, 15219, 1316, 715, P0, 0x0000000000000000
2026/09/17 10:15:18.849, 0, 79, 138.77, 100, 14694, 1189, 715, P0, 0x0000000000000000
2026/09/17 10:15:18.852, 1, 79, 173.78, 100, 15219, 1303, 715, P0, 0x0000000000000000
2026/09/17 10:15:19.863, 0, 80, 140.42, 100, 14694, 1164, 715, P0, 0x0000000000000020
2026/09/17 10:15:19.866, 1, 79, 122.31, 100, 15219, 923, 715, P0, 0x0000000000000020
2026/09/17 10:15:20.879, 0, 79, 119.80, 100, 14694, 1101, 715, P0, 0x0000000000000000
2026/09/17 10:15:20.882, 1, 78, 49.85, 17, 15219, 1189, 715, P0, 0x0000000000000000
2026/09/17 10:15:21.894, 0, 78, 51.49, 69, 14694, 1265, 715, P0, 0x0000000000000000
2026/09/17 10:15:21.897, 1, 77, 152.97, 45, 15219, 1328, 715, P0, 0x0000000000000000
2026/09/17 10:15:22.907, 0, 78, 133.06, 100, 14694, 1139, 715, P0, 0x0000000000000020
2026/09/17 10:15:22.911, 1, 80, 180.96, 100, 15219, 1240, 715, P0, 0x0000000000000020
2026/09/17 10:15:23.920, 0, 79, 162.13, 100, 14694, 1189, 715, P0, 0x0000000000000000
2026/09/17 10:15:23.923, 1, 79, 146.31, 100, 15219, 1164, 715, P0, 0x0000000000000020
2026/09/17 10:15:24.935, 0, 79, 125.78, 100, 14694, 1101, 715, P0, 0x0000000000000020
2026/09/17 10:15:24.942, 1, 79, 67.85, 100, 15219, 1189, 715, P0, 0x0000000000000000
2026/09/17 10:15:25.964, 0, 79, 137.82, 100, 14694, 1139, 715, P0, 0x0000000000000020
2026/09/17 10:15:25.967, 1, 76, 48.59, 0, 15219, 1189, 715, P0, 0x0000000000000000
2026/09/17 10:15:26.977, 0, 78, 157.74, 72, 14694, 1240, 715, P0, 0x0000000000000020
2026/09/17 10:15:26.982, 1, 80, 193.89, 100, 15219, 1328, 715, P0, 0x0000000000000000
2026/09/17 10:15:27.992, 0, 80, 164.39, 100, 14694, 1215, 715, P0, 0x0000000000000000
2026/09/17 10:15:27.997, 1, 79, 121.77, 100, 15219, 1151, 715, P0, 0x0000000000000000
2026/09/17 10:15:29.007, 0, 79, 116.29, 100, 14694, 1101, 715, P0, 0x0000000000000000
2026/09/17 10:15:29.010, 1, 79, 127.56, 100, 15219, 1126, 715, P0, 0x0000000000000020
2026/09/17 10:15:30.026, 0, 79, 115.73, 100, 14694, 1037, 715, P0, 0x0000000000000020
2026/09/17 10:15:30.029, 1, 76, 48.88, 0, 15219, 1189, 715, P0, 0x0000000000000000
2026/09/17 10:15:31.041, 0, 76, 47.38, 0, 14694, 1189, 715, P0, 0x0000000000000000
2026/09/17 10:15:31.045, 1, 79, 170.90, 100, 15219, 1328, 715, P0, 0x0000000000000000
2026/09/17 10:15:32.056, 0, 80, 168.24, 100, 14694, 1265, 715, P0, 0x0000000000000020
2026/09/17 10:15:32.059, 1, 80, 141.99, 100, 15219, 1189, 715, P0, 0x0000000000000020
2026/09/17 10:15:33.073, 0, 79, 121.54, 100, 14694, 1126, 715, P0, 0x0000000000000000
2026/09/17 10:15:33.079, 1, 79, 125.19, 100, 15219, 1151, 715, P0, 0x0000000000000000
2026/09/17 10:15:34.086, 0, 79, 152.27, 100, 14694, 1177, 715, P0, 0x0000000000000020
2026/09/17 10:15:34.100, 1, 77, 53.60, 0, 15219, 1278, 715, P0, 0x0000000000000000
2026/09/17 10:15:35.112, 0, 77, 47.86, 0, 14694, 1189, 715, P0, 0x0000000000000000
2026/09/17 10:15:35.115, 1, 80, 167.12, 100, 15219, 1328, 715, P0, 0x0000000000000000
2026/09/17 10:15:36.129, 0, 79, 167.86, 100, 14694, 1240, 715, P0, 0x0000000000000020
2026/09/17 10:15:36.139, 1, 79, 130.90, 100, 15219, 1113, 715, P0, 0x0000000000000020
2026/09/17 10:15:37.145, 0, 79, 125.39, 100, 14694, 1101, 715, P0, 0x0000000000000020
2026/09/17 10:15:37.148, 1, 79, 141.68, 100, 15219, 1139, 715, P0, 0x0000000000000000
2026/09/17 10:15:38.164, 0, 79, 150.79, 100, 14694, 1189, 715, P0, 0x0000000000000000
2026/09/17 10:15:38.167, 1, 77, 50.94, 0, 15219, 1227, 715, P0, 0x0000000000000000
2026/09/17 10:15:39.177, 0, 77, 48.05, 0, 14694, 1189, 715, P0, 0x0000000000000000
2026/09/17 10:15:39.180, 1, 79, 192.17, 100, 15219, 1328, 715, P0, 0x0000000000000000
2026/09/17 10:15:40.191, 0, 80, 147.70, 100, 14694, 1215, 715, P0, 0x0000000000000000
2026/09/17 10:15:40.198, 1, 79, 130.32, 100, 15219, 1189, 715, P0, 0x0000000000000000
2026/09/17 10:15:41.205, 0, 79, 135.41, 100, 14694, 1075, 715, P0, 0x0000000000000020
2026/09/17 10:15:41.208, 1, 79, 138.36, 100, 15219, 1164, 715, P0, 0x0000000000000020
2026/09/17 10:15:42.219, 0, 79, 120.46, 100, 14694, 1050, 715, P0, 0x0000000000000020
2026/09/17 10:15:42.224, 1, 77, 52.46, 0, 15219, 1265, 715, P0, 0x0000000000000000
2026/09/17 10:15:43.235, 0, 77, 49.74, 0, 14694, 1227, 715, P0, 0x0000000000000000
2026/09/17 10:15:43.238, 1, 79, 185.98, 100, 15219, 1328, 715, P0, 0x0000000000000000
2026/09/17 10:15:44.250, 0, 79, 159.92, 100, 14694, 1189, 715, P0, 0x0000000000000000
2026/09/17 10:15:44.254, 1, 79, 149.82, 100, 15219, 1202, 715, P0, 0x0000000000000000
2026/09/17 10:15:45.261, 0, 79, 142.56, 100, 14694, 1177, 715, P0, 0x0000000000000020
2026/09/17 10:15:45.270, 1, 79, 132.09, 100, 15219, 1189, 715, P0, 0x0000000000000000
2026/09/17 10:15:46.275, 0, 79, 123.07, 100, 14694, 1050, 715, P0, 0x0000000000000020
2026/09/17 10:15:46.278, 1, 78, 54.64, 72, 15219, 1278, 715, P0, 0x0000000000000000
2026/09/17 10:15:47.290, 0, 78, 51.47, 100, 14694, 1189, 715, P0, 0x0000000000000000
2026/09/17 10:15:47.293, 1, 77, 173.45, 0, 15219, 1278, 715, P0, 0x0000000000000000
2026/09/17 10:15:48.303, 0, 78, 141.56, 100, 14694, 1164, 715, P0, 0x0000000000000020
2026/09/17 10:15:48.313, 1, 80, 156.52, 100, 15219, 1303, 715, P0, 0x0000000000000020
2026/09/17 10:15:49.330, 0, 79, 149.63, 100, 14694, 1252, 715, P0, 0x0000000000000000
2026/09/17 10:15:49.335, 1, 79, 142.16, 100, 15219, 1227, 715, P0, 0x0000000000000020
2026/09/17 10:15:50.345, 0, 79, 130.17, 100, 14694, 1075, 715, P0, 0x0000000000000020
2026/09/17 10:15:50.357, 1, 79, 129.66, 100, 15219, 1177, 715, P0, 0x0000000000000000
2026/09/17 10:15:51.372, 0, 79, 115.23, 100, 14694, 1050, 715, P0, 0x0000000000000020
2026/09/17 10:15:51.376, 1, 77, 55.35, 0, 15219, 1316, 715, P0, 0x0000000000000000
2026/09/17 10:15:52.385, 0, 76, 53.09, 0, 14694, 1303, 715, P0, 0x0000000000000000
2026/09/17 10:15:52.392, 1, 79, 195.79, 100, 15219, 1316, 715, P0, 0x0000000000000000
2026/09/17 10:15:53.400, 0, 79, 142.98, 100, 14694, 1240, 715, P0, 0x0000000000000020
2026/09/17 10:15:53.403, 1, 79, 140.39, 100, 15219, 1177, 715, P0, 0x0000000000000020
2026/09/17 10:15:54.419, 0, 79, 131.16, 100, 14694, 1126, 715, P0, 0x0000000000000000
2026/09/17 10:15:54.422, 1, 79, 154.74, 100, 15219, 1215, 715, P0, 0x0000000000000000
2026/09/17 10:15:55.433, 0, 79, 138.60, 100, 14694, 1189, 715, P0, 0x0000000000000000
2026/09/17 10:15:55.440, 1, 77, 49.02, 0, 15219, 1189, 715, P0, 0x0000000000000000
2026/09/17 10:15:56.450, 0, 77, 47.85, 0, 14694, 1189, 715, P0, 0x0000000000000000
2026/09/17 10:15:56.456, 1, 79, 180.30, 100, 15219, 1316, 715, P0, 0x0000000000000020
2026/09/17 10:15:57.462, 0, 80, 172.04, 100, 14694, 1328, 715, P0, 0x0000000000000000
2026/09/17 10:15:57.465, 1, 79, 177.21, 100, 15219, 1252, 715, P0, 0x0000000000000000
2026/09/17 10:15:58.478, 0, 79, 136.61, 100, 14694, 1063, 715, P0, 0x0000000000000020
2026/09/17 10:15:58.484, 1, 79, 139.07, 100, 15219, 1139, 715, P0, 0x0000000000000020
2026/09/17 10:15:59.491, 0, 79, 116.93, 100, 14694, 1050, 715, P0, 0x0000000000000020
2026/09/17 10:15:59.494, 1, 77, 49.36, 0, 15219, 1189, 715, P0, 0x0000000000000000
2026/09/17 10:16:00.505, 0, 77, 48.54, 4, 14694, 1189, 715, P0, 0x0000000000000000
2026/09/17 10:16:00.508, 1, 79, 184.03, 100, 15219, 1316, 715, P0, 0x0000000000000000
2026/09/17 10:16:01.517, 0, 78, 143.53, 100, 14694, 1189, 715, P0, 0x0000000000000000
2026/09/17 10:16:01.520, 1, 80, 186.61, 100, 15219, 1316, 715, P0, 0x0000000000000020
2026/09/17 10:16:02.545, 0, 79, 148.21, 100, 14694, 1189, 715, P0, 0x0000000000000020
2026/09/17 10:16:02.549, 1, 79, 128.11, 100, 15219, 1177, 715, P0, 0x0000000000000000
2026/09/17 10:16:03.564, 0, 79, 151.58, 100, 14694, 1189, 715, P0, 0x0000000000000020
2026/09/17 10:16:03.568, 1, 78, 50.22, 14, 15219, 1189, 715, P0, 0x0000000000000000
2026/09/17 10:16:04.581, 0, 78, 53.17, 58, 14694, 1303, 715, P0, 0x0000000000000000
2026/09/17 10:16:04.587, 1, 77, 150.58, 47, 15219, 1328, 715, P0, 0x0000000000000000
2026/09/17 10:16:05.600, 0, 79, 147.84, 100, 14694, 1202, 715, P0, 0x0000000000000020
2026/09/17 10:16:05.604, 1, 79, 145.24, 100, 15219, 1252, 715, P0, 0x0000000000000000
2026/09/17 10:16:06.614, 0, 79, 137.48, 100, 14694, 1189, 715, P0, 0x0000000000000000
2026/09/17 10:16:06.617, 1, 79, 147.70, 100, 15219, 1202, 715, P0, 0x0000000000000000
2026/09/17 10:16:07.626, 0, 79, 137.75, 100, 14694, 1126, 715, P0, 0x0000000000000020
2026/09/17 10:16:07.633, 1, 79, 149.39, 100, 15219, 1189, 715, P0, 0x0000000000000000
2026/09/17 10:16:08.641, 0, 79, 128.53, 100, 14694, 1113, 715, P0, 0x0000000000000000
2026/09/17 10:16:08.644, 1, 77, 55.34, 0, 15219, 1316, 715, P0, 0x0000000000000000
2026/09/17 10:16:09.655, 0, 77, 133.46, 0, 14694, 1189, 715, P0, 0x0000000000000000
2026/09/17 10:16:09.659, 1, 79, 183.77, 100, 15219, 1328, 715, P0, 0x0000000000000000
2026/09/17 10:16:10.669, 0, 79, 138.80, 100, 14694, 1202, 715, P0, 0x0000000000000000
2026/09/17 10:16:10.673, 1, 79, 120.57, 100, 15219, 1088, 715, P0, 0x0000000000000020
2026/09/17 10:16:11.688, 0, 77, 53.92, 0, 14694, 1316, 715, P0, 0x0000000000000000
2026/09/17 10:16:11.692, 1, 79, 152.55, 100, 15219, 1189, 715, P0, 0x0000000000000020
2026/09/17 10:16:12.701, 0, 76, 53.22, 0, 14694, 1316, 715, P0, 0x0000000000000000
2026/09/17 10:16:12.704, 1, 79, 119.63, 100, 15219, 1101, 715, P0, 0x0000000000000020
2026/09/17 10:16:13.714, 0, 78, 188.90, 51, 14694, 1328, 715, P0, 0x0000000000000000
2026/09/17 10:16:13.717, 1, 78, 49.91, 37, 15219, 1189, 715, P0, 0x0000000000000000
2026/09/17 10:16:14.728, 0, 79, 160.05, 100, 14694, 1240, 715, P0, 0x0000000000000020
2026/09/17 10:16:14.735, 1, 76, 48.34, 13, 15219, 1189, 715, P0, 0x0000000000000000
2026/09/17 10:16:15.743, 0, 79, 143.26, 100, 14694, 1177, 715, P0, 0x0000000000000020
2026/09/17 10:16:15.746, 1, 76, 48.08, 0, 15219, 1189, 715, P0, 0x0000000000000000
2026/09/17 10:16:16.758, 0, 79, 131.91, 100, 14694, 1139, 715, P0, 0x0000000000000020
2026/09/17 10:16:16.760, 1, 75, 47.88, 0, 15219, 1189, 715, P0, 0x0000000000000000
2026/09/17 10:16:17.775, 0, 76, 52.10, 0, 14694, 1290, 715, P0, 0x0000000000000000
2026/09/17 10:16:17.778, 1, 79, 192.25, 100, 15219, 1328, 715, P0, 0x0000000000000000
2026/09/17 10:16:18.791, 0, 76, 51.68, 0, 14694, 1290, 715, P0, 0x0000000000000000
2026/09/17 10:16:18.794, 1, 80, 153.69, 100, 15219, 1303, 715, P0, 0x0000000000000020
2026/09/17 10:16:19.804, 0, 75, 46.72, 0, 14694, 1189, 715, P0, 0x0000000000000000
2026/09/17 10:16:19.812, 1, 78, 128.49, 100, 15219, 1177, 715, P0, 0x0000000000000000
2026/09/17 10:16:20.820, 0, 77, 74.93, 43, 14694, 1328, 715, P0, 0x0000000000000000
2026/09/17 10:16:20.823, 1, 78, 160.54, 53, 15219, 1252, 715, P0, 0x0000000000000000
2026/09/17 10:16:21.834, 0, 78, 72.75, 45, 14694, 1328, 715, P0, 0x0000000000000000
2026/09/17 10:16:21.837, 1, 78, 182.44, 50, 15219, 1328, 715, P0, 0x0000000000000000
2026/09/17 10:16:22.843, 0, 78, 108.46, 46, 14694, 1328, 715, P0, 0x0000000000000000
2026/09/17 10:16:22.847, 1, 79, 139.88, 50, 15219, 1328, 715, P0, 0x0000000000000000
2026/09/17 10:16:23.852, 0, 78, 181.62, 46, 14694, 1328, 715, P0, 0x0000000000000000
2026/09/17 10:16:23.855, 1, 79, 90.43, 50, 15219, 1328, 715, P0, 0x0000000000000000
2026/09/17 10:16:24.862, 0, 78, 216.32, 46, 14694, 1328, 715, P0, 0x0000000000000000
2026/09/17 10:16:24.866, 1, 79, 68.46, 51, 15219, 1328, 715, P0, 0x0000000000000000
2026/09/17 10:16:25.877, 0, 79, 113.24, 46, 14694, 1328, 715, P0, 0x0000000000000000
2026/09/17 10:16:25.880, 1, 79, 179.81, 51, 15219, 1328, 715, P0, 0x0000000000000000
2026/09/17 10:16:26.897, 0, 79, 68.58, 46, 14694, 1328, 715, P0, 0x0000000000000000
2026/09/17 10:16:26.899, 1, 79, 212.59, 51, 15219, 1328, 715, P0, 0x0000000000000000
2026/09/17 10:16:27.909, 0, 78, 164.19, 45, 14694, 1328, 715, P0, 0x0000000000000000
2026/09/17 10:16:27.911, 1, 79, 101.18, 51, 15219, 1328, 715, P0, 0x0000000000000000
2026/09/17 10:16:28.922, 0, 79, 210.94, 46, 14694, 1328, 715, P0, 0x0000000000000000
2026/09/17 10:16:28.924, 1, 79, 70.35, 51, 15219, 1328, 715, P0, 0x0000000000000000
2026/09/17 10:16:29.936, 0, 79, 121.33, 45, 14694, 1328, 715, P0, 0x0000000000000000
2026/09/17 10:16:29.939, 1, 79, 171.14, 51, 15219, 1328, 715, P0, 0x0000000000000000
2026/09/17 10:16:30.948, 0, 78, 60.58, 23, 14694, 1328, 715, P0, 0x0000000000000000
2026/09/17 10:16:30.951, 1, 79, 61.73, 50, 15219, 1328, 715, P0, 0x0000000000000000
2026/09/17 10:16:31.960, 0, 79, 186.53, 100, 14694, 1328, 715, P0, 0x0000000000000000
2026/09/17 10:16:31.963, 1, 77, 58.49, 0, 15219, 1328, 715, P0, 0x0000000000000000
2026/09/17 10:16:32.977, 0, 79, 114.74, 100, 14694, 1050, 715, P0, 0x0000000000000000
2026/09/17 10:16:32.986, 1, 76, 58.24, 0, 15219, 1328, 715, P0, 0x0000000000000000
2026/09/17 10:16:33.993, 0, 78, 119.06, 100, 14694, 1101, 715, P0, 0x0000000000000000
2026/09/17 10:16:33.996, 1, 75, 48.15, 0, 15219, 1189, 715, P0, 0x0000000000000000
2026/09/17 10:16:35.001, 0, 78, 49.84, 91, 14694, 1189, 715, P0, 0x0000000000000000
2026/09/17 10:16:35.004, 1, 75, 127.76, 23, 15219, 1189, 715, P0, 0x0000000000000000
2026/09/17 10:16:36.015, 0, 78, 181.05, 100, 14694, 1316, 715, P0, 0x0000000000000000
2026/09/17 10:16:36.018, 1, 79, 189.05, 100, 15219, 1328, 715, P0, 0x0000000000000000
2026/09/17 10:16:37.033, 0, 80, 190.84, 100, 14694, 1278, 715, P0, 0x0000000000000000
2026/09/17 10:16:37.036, 1, 79, 157.01, 100, 15219, 1328, 715, P0, 0x0000000000000000
2026/09/17 10:16:38.051, 0, 79, 138.21, 100, 14694, 1151, 715, P0, 0x0000000000000000
2026/09/17 10:16:38.054, 1, 79, 130.92, 100, 15219, 1164, 715, P0, 0x0000000000000000
2026/09/17 10:16:39.068, 0, 79, 124.46, 100, 14694, 1088, 715, P0, 0x0000000000000020
2026/09/17 10:16:39.070, 1, 76, 52.93, 0, 15219, 1290, 715, P0, 0x0000000000000000
2026/09/17 10:16:40.084, 0, 77, 52.35, 0, 14694, 1290, 715, P0, 0x0000000000000000
2026/09/17 10:16:40.087, 1, 79, 196.45, 100, 15219, 1328, 715, P0, 0x0000000000000000
2026/09/17 10:16:41.100, 0, 79, 176.86, 100, 14694, 1240, 715, P0, 0x0000000000000000
2026/09/17 10:16:41.103, 1, 79, 125.80, 100, 15219, 1113, 715, P0, 0x0000000000000020
2026/09/17 10:16:42.114, 0, 80, 140.66, 100, 14694, 1164, 715, P0, 0x0000000000000020
2026/09/17 10:16:42.117, 1, 78, 164.02, 100, 15219, 1164, 715, P0, 0x0000000000000020
2026/09/17 10:16:43.130, 0, 79, 134.05, 100, 14694, 1189, 715, P0, 0x0000000000000000
2026/09/17 10:16:43.136, 1, 76, 48.82, 0, 15219, 1189, 715, P0, 0x0000000000000000
2026/09/17 10:16:44.143, 0, 77, 52.16, 0, 14694, 1278, 715, P0, 0x0000000000000000
2026/09/17 10:16:44.146, 1, 78, 164.23, 100, 15219, 1328, 715, P0, 0x0000000000000000
2026/09/17 10:16:45.157, 0, 79, 155.45, 100, 14694, 1215, 715, P0, 0x0000000000000020
2026/09/17 10:16:45.162, 1, 79, 155.12, 100, 15219, 1227, 715, P0, 0x0000000000000020
2026/09/17 10:16:46.171, 0, 79, 132.59, 100, 14694, 1202, 715, P0, 0x0000000000000000
2026/09/17 10:16:46.179, 1, 79, 171.29, 100, 15219, 1316, 715, P0, 0x0000000000000020
2026/09/17 10:16:47.188, 0, 79, 158.71, 100, 14694, 1189, 715, P0, 0x0000000000000000
2026/09/17 10:16:47.191, 1, 77, 53.82, 0, 15219, 1278, 715, P0, 0x0000000000000000
2026/09/17 10:16:48.200, 0, 78, 48.57, 14, 14694, 1189, 715, P0, 0x0000000000000000
2026/09/17 10:16:48.203, 1, 78, 175.27, 91, 15219, 1328, 715, P0, 0x0000000000000000
2026/09/17 10:16:49.216, 0, 79, 182.59, 100, 14694, 1328, 715, P0, 0x0000000000000000
2026/09/17 10:16:49.221, 1, 80, 156.54, 100, 15219, 1303, 715, P0, 0x0000000000000000
2026/09/17 10:16:50.231, 0, 79, 135.77, 100, 14694, 1126, 715, P0, 0x0000000000000020
2026/09/17 10:16:50.234, 1, 79, 154.79, 100, 15219, 1227, 715, P0, 0x0000000000000020
2026/09/17 10:16:51.246, 0, 79, 133.06, 100, 14694, 1113, 715, P0, 0x0000000000000020
2026/09/17 10:16:51.248, 1, 79, 165.62, 100, 15219, 1189, 715, P0, 0x0000000000000000
2026/09/17 10:16:52.259, 0, 79, 133.25, 100, 14694, 1113, 715, P0, 0x0000000000000020
2026/09/17 10:16:52.264, 1, 76, 55.06, 0, 15219, 1316, 715, P0, 0x0000000000000000
2026/09/17 10:16:53.275, 0, 77, 143.46, 0, 14694, 1189, 715, P0, 0x0000000000000000
2026/09/17 10:16:53.282, 1, 79, 204.04, 100, 15219, 1328, 715, P0, 0x0000000000000000
2026/09/17 10:16:54.290, 0, 79, 162.41, 100, 14694, 1240, 715, P0, 0x0000000000000020
2026/09/17 10:16:54.293, 1, 79, 133.60, 100, 15219, 1139, 715, P0, 0x0000000000000020
2026/09/17 10:16:55.300, 0, 79, 125.51, 100, 14694, 1101, 715, P0, 0x0000000000000000
2026/09/17 10:16:55.306, 1, 79, 127.51, 100, 15219, 1189, 715, P0, 0x0000000000000000
2026/09/17 10:16:56.311, 0, 79, 144.89, 100, 14694, 1189, 715, P0, 0x0000000000000000
2026/09/17 10:16:56.315, 1, 77, 53.56, 0, 15219, 1278, 715, P0, 0x0000000000000000
2026/09/17 10:16:57.324, 0, 77, 53.65, 0, 14694, 1303, 715, P0, 0x0000000000000000
2026/09/17 10:16:57.327, 1, 79, 151.12, 100, 15219, 1316, 715, P0, 0x0000000000000000
2026/09/17 10:16:58.339, 0, 79, 157.48, 100, 14694, 1215, 715, P0, 0x0000000000000020
2026/09/17 10:16:58.344, 1, 79, 139.97, 100, 15219, 1202, 715, P0, 0x0000000000000020
2026/09/17 10:16:59.355, 0, 80, 145.84, 100, 14694, 1113, 715, P0, 0x0000000000000020
2026/09/17 10:16:59.358, 1, 79, 140.95, 100, 15219, 1215, 715, P0, 0x0000000000000000
2026/09/17 10:17:00.367, 0, 79, 158.26, 100, 14694, 1164, 715, P0, 0x0000000000000020
2026/09/17 10:17:00.370, 1, 78, 51.92, 17, 15219, 1227, 715, P0, 0x0000000000000000
2026/09/17 10:17:01.383, 0, 78, 49.34, 99, 14694, 1189, 715, P0, 0x0000000000000000
2026/09/17 10:17:01.386, 1, 78, 155.14, 13, 15219, 1227, 715, P0, 0x0000000000000000
2026/09/17 10:17:02.398, 0, 79, 155.68, 100, 14694, 1215, 715, P0, 0x0000000000000000
2026/09/17 10:17:02.405, 1, 80, 172.21, 100, 15219, 1265, 715, P0, 0x0000000000000000
2026/09/17 10:17:03.423, 0, 79, 139.93, 100, 14694, 1215, 715, P0, 0x0000000000000000
2026/09/17 10:17:03.428, 1, 79, 142.77, 100, 15219, 1189, 715, P0, 0x0000000000000000
2026/09/17 10:17:04.443, 0, 79, 140.71, 100, 14694, 1164, 715, P0, 0x0000000000000020
2026/09/17 10:17:04.454, 1, 79, 140.28, 100, 15219, 1164, 715, P0, 0x0000000000000000
2026/09/17 10:17:05.461, 0, 79, 130.92, 100, 14694, 1113, 715, P0, 0x0000000000000020
2026/09/17 10:17:05.463, 1, 77, 54.61, 0, 15219, 1303, 715, P0, 0x0000000000000000
2026/09/17 10:17:06.479, 0, 77, 53.18, 0, 14694, 1303, 715, P0, 0x0000000000000000
2026/09/17 10:17:06.482, 1, 79, 141.17, 100, 15219, 1290, 715, P0, 0x0000000000000000
2026/09/17 10:17:07.492, 0, 79, 151.07, 100, 14694, 1101, 715, P0, 0x0000000000000020
2026/09/17 10:17:07.496, 1, 79, 157.73, 100, 15219, 1227, 715, P0, 0x0000000000000020
2026/09/17 10:17:08.508, 0, 79, 141.33, 100, 14694, 1139, 715, P0, 0x0000000000000020
2026/09/17 10:17:08.516, 1, 79, 119.90, 100, 15219, 1164, 715, P0, 0x0000000000000000
2026/09/17 10:17:09.525, 0, 79, 132.55, 100, 14694, 1113, 715, P0, 0x0000000000000020
2026/09/17 10:17:09.535, 1, 77, 49.54, 0, 15219, 1189, 715, P0, 0x0000000000000000
2026/09/17 10:17:10.541, 0, 77, 54.28, 0, 14694, 1316, 715, P0, 0x0000000000000000
2026/09/17 10:17:10.544, 1, 79, 177.95, 100, 15219, 1328, 715, P0, 0x0000000000000000
2026/09/17 10:17:11.553, 0, 79, 155.92, 100, 14694, 1189, 715, P0, 0x0000000000000000
2026/09/17 10:17:11.556, 1, 80, 144.15, 100, 15219, 1189, 715, P0, 0x0000000000000020
2026/09/17 10:17:12.564, 0, 79, 145.10, 100, 14694, 1177, 715, P0, 0x0000000000000020
2026/09/17 10:17:12.567, 1, 79, 123.33, 100, 15219, 1101, 715, P0, 0x0000000000000000
2026/09/17 10:17:13.580, 0, 79, 124.54, 100, 14694, 1101, 715, P0, 0x0000000000000000
2026/09/17 10:17:13.583, 1, 79, 76.93, 100, 15219, 1189, 715, P0, 0x0000000000000000
2026/09/17 10:17:14.594, 0, 79, 146.53, 100, 14694, 1101, 715, P0, 0x0000000000000020
2026/09/17 10:17:14.599, 1, 76, 53.13, 0, 15219, 1278, 715, P0, 0x0000000000000000
2026/09/17 10:17:15.611, 0, 78, 142.77, 38, 14694, 1227, 715, P0, 0x0000000000000000
2026/09/17 10:17:15.613, 1, 79, 154.28, 100, 15219, 1316, 715, P0, 0x0000000000000000
2026/09/17 10:17:16.625, 0, 79, 156.72, 100, 14694, 1240, 715, P0, 0x0000000000000000
2026/09/17 10:17:16.627, 1, 80, 141.39, 100, 15219, 1189, 715, P0, 0x0000000000000000
2026/09/17 10:17:17.638, 0, 80, 133.47, 100, 14694, 1126, 715, P0, 0x0000000000000020
2026/09/17 10:17:17.644, 1, 79, 137.59, 100, 15219, 1215, 715, P0, 0x0000000000000020
2026/09/17 10:17:18.652, 0, 79, 138.25, 100, 14694, 1113, 715, P0, 0x0000000000000000
2026/09/17 10:17:18.658, 1, 77, 49.78, 0, 15219, 1202, 715, P0, 0x0000000000000000
2026/09/17 10:17:19.670, 0, 77, 53.31, 0, 14694, 1290, 715, P0, 0x0000000000000000
2026/09/17 10:17:19.674, 1, 79, 196.90, 100, 15219, 1328, 715, P0, 0x0000000000000000
2026/09/17 10:17:20.687, 0, 79, 144.93, 100, 14694, 1189, 715, P0, 0x0000000000000000
2026/09/17 10:17:20.691, 1, 79, 147.28, 100, 15219, 1202, 715, P0, 0x0000000000000020
2026/09/17 10:17:21.704, 0, 79, 133.95, 100, 14694, 1139, 715, P0, 0x0000000000000020
2026/09/17 10:17:21.707, 1, 78, 99.04, 100, 15219, 885, 715, P0, 0x0000000000000000
2026/09/17 10:17:22.734, 0, 79, 119.75, 100, 14694, 1088, 715, P0, 0x0000000000000020
2026/09/17 10:17:22.740, 1, 79, 141.08, 100, 15219, 1126, 715, P0, 0x0000000000000000
2026/09/17 10:17:23.751, 0, 79, 136.34, 100, 14694, 1177, 715, P0, 0x0000000000000000
2026/09/17 10:17:23.761, 1, 76, 54.32, 0, 15219, 1303, 715, P0, 0x0000000000000000
2026/09/17 10:17:24.779, 0, 78, 149.89, 0, 14694, 1189, 715, P0, 0x0000000000000000
2026/09/17 10:17:24.782, 1, 79, 156.77, 100, 15219, 1227, 715, P0, 0x0000000000000020
2026/09/17 10:17:25.795, 0, 80, 152.11, 100, 14694, 1202, 715, P0, 0x0000000000000020
2026/09/17 10:17:25.803, 1, 80, 132.99, 100, 15219, 1189, 715, P0, 0x0000000000000020
2026/09/17 10:17:26.809, 0, 79, 118.82, 100, 14694, 1075, 715, P0, 0x0000000000000000
2026/09/17 10:17:26.812, 1, 79, 139.41, 100, 15219, 1189, 715, P0, 0x0000000000000000
2026/09/17 10:17:27.824, 0, 79, 110.51, 100, 14694, 1101, 715, P0, 0x0000000000000000
2026/09/17 10:17:27.827, 1, 77, 49.08, 0, 15219, 1189, 715, P0, 0x0000000000000000
2026/09/17 10:17:28.838, 0, 77, 54.33, 0, 14694, 1316, 715, P0, 0x0000000000000000
2026/09/17 10:17:28.841, 1, 79, 187.01, 100, 15219, 1328, 715, P0, 0x0000000000000000
2026/09/17 10:17:29.854, 0, 79, 146.83, 100, 14694, 1227, 715, P0, 0x0000000000000000
2026/09/17 10:17:29.861, 1, 79, 123.34, 100, 15219, 1088, 715, P0, 0x0000000000000020
2026/09/17 10:17:30.874, 0, 80, 142.07, 100, 14694, 1177, 715, P0, 0x0000000000000020
2026/09/17 10:17:30.878, 1, 79, 119.82, 100, 15219, 1113, 715, P0, 0x0000000000000020
2026/09/17 10:17:31.890, 0, 79, 133.03, 100, 14694, 1101, 715, P0, 0x0000000000000020
2026/09/17 10:17:31.894, 1, 78, 53.17, 100, 15219, 1189, 715, P0, 0x0000000000000000
2026/09/17 10:17:32.904, 0, 79, 122.12, 100, 14694, 1075, 715, P0, 0x0000000000000020
2026/09/17 10:17:32.909, 1, 76, 48.65, 0, 15219, 1189, 715, P0, 0x0000000000000000
2026/09/17 10:17:33.918, 0, 77, 132.79, 0, 14694, 1189, 715, P0, 0x0000000000000000
2026/09/17 10:17:33.926, 1, 79, 167.19, 100, 15219, 1328, 715, P0, 0x0000000000000000
2026/09/17 10:17:34.930, 0, 79, 139.31, 100, 14694, 1215, 715, P0, 0x0000000000000000
2026/09/17 10:17:34.934, 1, 79, 113.63, 100, 15219, 1063, 715, P0, 0x0000000000000000
2026/09/17 10:17:35.948, 0, 80, 130.92, 100, 14694, 1113, 715, P0, 0x0000000000000020
2026/09/17 10:17:35.952, 1, 79, 127.02, 100, 15219, 1126, 715, P0, 0x0000000000000000
2026/09/17 10:17:36.966, 0, 79, 115.71, 100, 14694, 1050, 715, P0, 0x0000000000000000
2026/09/17 10:17:36.972, 1, 77, 54.15, 0, 15219, 1290, 715, P0, 0x0000000000000000
2026/09/17 10:17:37.979, 0, 77, 52.89, 0, 14694, 1290, 715, P0, 0x0000000000000000
2026/09/17 10:17:37.981, 1, 78, 171.00, 100, 15219, 1328, 715, P0, 0x0000000000000000
2026/09/17 10:17:38.991, 0, 79, 133.54, 100, 14694, 1189, 715, P0, 0x0000000000000000
2026/09/17 10:17:38.994, 1, 80, 164.23, 100, 15219, 1265, 715, P0, 0x0000000000000000
2026/09/17 10:17:40.006, 0, 79, 138.07, 100, 14694, 1177, 715, P0, 0x0000000000000020
2026/09/17 10:17:40.011, 1, 79, 136.94, 100, 15219, 1139, 715, P0, 0x0000000000000020
2026/09/17 10:17:41.021, 0, 79, 113.32, 100, 14694, 999, 715, P0, 0x0000000000000020
2026/09/17 10:17:41.024, 1, 79, 93.70, 100, 15219, 1189, 715, P0, 0x0000000000000000
2026/09/17 10:17:42.040, 0, 79, 114.75, 100, 14694, 1025, 715, P0, 0x0000000000000020
2026/09/17 10:17:42.044, 1, 76, 53.22, 0, 15219, 1278, 715, P0, 0x0000000000000000
2026/09/17 10:17:43.054, 0, 76, 48.52, 0, 14694, 1202, 715, P0, 0x0000000000000000
2026/09/17 10:17:43.059, 1, 80, 178.73, 100, 15219, 1328, 715, P0, 0x0000000000000000
2026/09/17 10:17:44.066, 0, 79, 144.02, 100, 14694, 1164, 715, P0, 0x0000000000000020
2026/09/17 10:17:44.072, 1, 79, 119.89, 100, 15219, 1126, 715, P0, 0x0000000000000000
2026/09/17 10:17:45.080, 0, 79, 166.59, 100, 14694, 1202, 715, P0, 0x0000000000000020
2026/09/17 10:17:45.085, 1, 78, 151.75, 100, 15219, 1189, 715, P0, 0x0000000000000020
2026/09/17 10:17:46.098, 0, 79, 129.72, 100, 14694, 1050, 715, P0, 0x0000000000000020
2026/09/17 10:17:46.108, 1, 77, 54.16, 0, 15219, 1278, 715, P0, 0x0000000000000000
2026/09/17 10:17:47.124, 0, 78, 52.88, 47, 14694, 1303, 715, P0, 0x0000000000000000
2026/09/17 10:17:47.127, 1, 77, 176.20, 63, 15219, 1328, 715, P0, 0x0000000000000000
2026/09/17 10:17:48.142, 0, 78, 139.28, 100, 14694, 1164, 715, P0, 0x0000000000000020
2026/09/17 10:17:48.146, 1, 80, 170.23, 100, 15219, 1227, 715, P0, 0x0000000000000000
2026/09/17 10:17:49.155, 0, 79, 127.46, 100, 14694, 1177, 715, P0, 0x0000000000000000
2026/09/17 10:17:49.158, 1, 80, 150.91, 100, 15219, 1278, 715, P0, 0x0000000000000000
2026/09/17 10:17:50.168, 0, 79, 126.43, 100, 14694, 1189, 715, P0, 0x0000000000000000
2026/09/17 10:17:50.175, 1, 79, 138.74, 100, 15219, 1151, 715, P0, 0x0000000000000020
2026/09/17 10:17:51.184, 0, 79, 136.74, 100, 14694, 1189, 715, P0, 0x0000000000000000
2026/09/17 10:17:51.187, 1, 77, 54.09, 0, 15219, 1290, 715, P0, 0x0000000000000000
2026/09/17 10:17:52.195, 0, 77, 48.06, 0, 14694, 1189, 715, P0, 0x0000000000000000
2026/09/17 10:17:52.199, 1, 79, 193.06, 100, 15219, 1328, 715, P0, 0x0000000000000000
2026/09/17 10:17:53.210, 0, 79, 143.41, 100, 14694, 1189, 715, P0, 0x0000000000000000
2026/09/17 10:17:53.216, 1, 80, 137.79, 100, 15219, 1215, 715, P0, 0x0000000000000000
2026/09/17 10:17:54.221, 0, 80, 131.73, 100, 14694, 1189, 715, P0, 0x0000000000000000
2026/09/17 10:17:54.224, 1, 79, 142.42, 100, 15219, 1126, 715, P0, 0x0000000000000020
2026/09/17 10:17:55.237, 0, 79, 151.26, 100, 14694, 1139, 715, P0, 0x0000000000000020
2026/09/17 10:17:55.240, 1, 78, 50.75, 92, 15219, 1202, 715, P0, 0x0000000000000000
2026/09/17 10:17:56.248, 0, 79, 51.25, 100, 14694, 1189, 715, P0, 0x0000000000000000
2026/09/17 10:17:56.252, 1, 77, 150.35, 0, 15219, 1202, 715, P0, 0x0000000000000000
2026/09/17 10:17:57.263, 0, 78, 143.17, 100, 14694, 1202, 715, P0, 0x0000000000000000
2026/09/17 10:17:57.274, 1, 80, 179.15, 100, 15219, 1303, 715, P0, 0x0000000000000020
2026/09/17 10:17:58.279, 0, 79, 147.97, 100, 14694, 1202, 715, P0, 0x0000000000000020
2026/09/17 10:17:58.282, 1, 79, 155.97, 100, 15219, 1189, 715, P0, 0x0000000000000020
2026/09/17 10:17:59.299, 0, 80, 132.58, 100, 14694, 1139, 715, P0, 0x0000000000000000
2026/09/17 10:17:59.304, 1, 79, 173.78, 100, 15219, 1227, 715, P0, 0x0000000000000020
2026/09/17 10:18:00.309, 0, 79, 105.75, 100, 14694, 1025, 715, P0, 0x0000000000000000
2026/09/17 10:18:00.312, 1, 77, 49.13, 0, 15219, 1189, 715, P0, 0x0000000000000000
2026/09/17 10:18:01.325, 0, 77, 48.37, 0, 14694, 1189, 715, P0, 0x0000000000000000
2026/09/17 10:18:01.328, 1, 79, 153.81, 100, 15219, 1328, 715, P0, 0x0000000000000000
2026/09/17 10:18:02.339, 0, 79, 163.80, 100, 14694, 1189, 715, P0, 0x0000000000000000
2026/09/17 10:18:02.341, 1, 79, 125.49, 100, 15219, 1126, 715, P0, 0x0000000000000000
2026/09/17 10:18:03.354, 0, 79, 145.30, 100, 14694, 1202, 715, P0, 0x0000000000000000
2026/09/17 10:18:03.357, 1, 79, 122.23, 100, 15219, 1088, 715, P0, 0x0000000000000020
2026/09/17 10:18:04.371, 0, 79, 128.82, 100, 14694, 1139, 715, P0, 0x0000000000000000
2026/09/17 10:18:04.373, 1, 79, 118.03, 100, 15219, 1075, 715, P0, 0x0000000000000020
2026/09/17 10:18:05.386, 0, 79, 122.39, 100, 14694, 1075, 715, P0, 0x0000000000000020
2026/09/17 10:18:05.389, 1, 76, 48.63, 0, 15219, 1189, 715, P0, 0x0000000000000000
2026/09/17 10:18:06.400, 0, 77, 53.55, 0, 14694, 1316, 715, P0, 0x0000000000000000
2026/09/17 10:18:06.403, 1, 80, 194.77, 100, 15219, 1328, 715, P0, 0x0000000000000000
2026/09/17 10:18:07.416, 0, 79, 145.33, 100, 14694, 1164, 715, P0, 0x0000000000000020
2026/09/17 10:18:07.419, 1, 79, 131.22, 100, 15219, 1151, 715, P0, 0x0000000000000020
2026/09/17 10:18:08.436, 0, 79, 138.54, 100, 14694, 1189, 715, P0, 0x0000000000000000
2026/09/17 10:18:08.439, 1, 79, 152.44, 100, 15219, 1215, 715, P0, 0x0000000000000000
2026/09/17 10:18:09.451, 0, 79, 139.72, 100, 14694, 1189, 715, P0, 0x0000000000000000
2026/09/17 10:18:09.454, 1, 78, 50.27, 9, 15219, 1189, 715, P0, 0x0000000000000000
2026/09/17 10:18:10.468, 0, 78, 49.11, 100, 14694, 1189, 715, P0, 0x0000000000000000
2026/09/17 10:18:10.471, 1, 77, 136.98, 0, 15219, 1189, 715, P0, 0x0000000000000000
2026/09/17 10:18:11.481, 0, 78, 160.40, 29, 14694, 1240, 715, P0, 0x0000000000000000
2026/09/17 10:18:11.484, 1, 79, 130.36, 100, 15219, 1126, 715, P0, 0x0000000000000020
2026/09/17 10:18:12.496, 0, 79, 135.45, 100, 14694, 1139, 715, P0, 0x0000000000000020
2026/09/17 10:18:12.501, 1, 79, 126.05, 100, 15219, 1151, 715, P0, 0x0000000000000000
2026/09/17 10:18:13.510, 0, 80, 109.25, 100, 14694, 1050, 715, P0, 0x0000000000000000
2026/09/17 10:18:13.525, 1, 79, 137.53, 100, 15219, 1164, 715, P0, 0x0000000000000020
2026/09/17 10:18:14.538, 0, 79, 131.77, 100, 14694, 1101, 715, P0, 0x0000000000000000
2026/09/17 10:18:14.542, 1, 77, 55.55, 0, 15219, 1316, 715, P0, 0x0000000000000000
2026/09/17 10:18:15.553, 0, 77, 51.69, 0, 14694, 1265, 715, P0, 0x0000000000000000
2026/09/17 10:18:15.556, 1, 79, 176.41, 100, 15219, 1328, 715, P0, 0x0000000000000000
2026/09/17 10:18:16.565, 0, 79, 152.12, 100, 14694, 1189, 715, P0, 0x0000000000000000
2026/09/17 10:18:16.568, 1, 80, 168.99, 100, 15219, 1278, 715, P0, 0x0000000000000020
2026/09/17 10:18:17.579, 0, 79, 144.20, 100, 14694, 1189, 715, P0, 0x0000000000000000
2026/09/17 10:18:17.583, 1, 79, 126.44, 100, 15219, 1113, 715, P0, 0x0000000000000020
2026/09/17 10:18:18.601, 0, 79, 131.02, 100, 14694, 1126, 715, P0, 0x0000000000000000
2026/09/17 10:18:18.608, 1, 79, 117.77, 100, 15219, 1126, 715, P0, 0x0000000000000000
2026/09/17 10:18:19.617, 0, 79, 125.44, 100, 14694, 1101, 715, P0, 0x0000000000000020
2026/09/17 10:18:19.626, 1, 77, 51.24, 0, 15219, 1252, 715, P0, 0x0000000000000000
2026/09/17 10:18:20.630, 0, 77, 51.20, 0, 14694, 1265, 715, P0, 0x0000000000000000
2026/09/17 10:18:20.633, 1, 80, 179.50, 100, 15219, 1328, 715, P0, 0x0000000000000000
2026/09/17 10:18:21.646, 0, 80, 136.39, 100, 14694, 1202, 715, P0, 0x0000000000000000
2026/09/17 10:18:21.649, 1, 79, 140.50, 100, 15219, 1202, 715, P0, 0x0000000000000000
2026/09/17 10:18:22.659, 0, 79, 102.44, 100, 14694, 1050, 715, P0, 0x0000000000000000
2026/09/17 10:18:22.672, 1, 79, 142.47, 100, 15219, 1189, 715, P0, 0x0000000000000020
2026/09/17 10:18:23.691, 0, 79, 129.69, 100, 14694, 1075, 715, P0, 0x0000000000000020
2026/09/17 10:18:23.695, 1, 78, 55.57, 0, 15219, 1303, 715, P0, 0x0000000000000000
2026/09/17 10:18:24.705, 0, 79, 130.19, 100, 14694, 1151, 715, P0, 0x0000000000000000
2026/09/17 10:18:24.710, 1, 76, 54.28, 0, 15219, 1303, 715, P0, 0x0000000000000000
2026/09/17 10:18:25.720, 0, 77, 156.73, 46, 14694, 1328, 715, P0, 0x0000000000000000
2026/09/17 10:18:25.725, 1, 79, 180.83, 100, 15219, 1328, 715, P0, 0x0000000000000000
2026/09/17 10:18:26.740, 0, 79, 126.00, 100, 14694, 1075, 715, P0, 0x0000000000000020
2026/09/17 10:18:26.751, 1, 79, 117.56, 100, 15219, 1075, 715, P0, 0x0000000000000020
2026/09/17 10:18:27.768, 0, 79, 118.89, 100, 14694, 1075, 715, P0, 0x0000000000000020
2026/09/17 10:18:27.771, 1, 79, 122.60, 100, 15219, 1101, 715, P0, 0x0000000000000000
2026/09/17 10:18:28.782, 0, 79, 119.01, 100, 14694, 1075, 715, P0, 0x0000000000000020
2026/09/17 10:18:28.790, 1, 77, 51.28, 0, 15219, 1227, 715, P0, 0x0000000000000000
2026/09/17 10:18:29.798, 0, 78, 53.79, 0, 14694, 1303, 715, P0, 0x0000000000000000
2026/09/17 10:18:29.801, 1, 79, 188.59, 100, 15219, 1328, 715, P0, 0x0000000000000000
2026/09/17 10:18:30.807, 0, 79, 138.42, 100, 14694, 1189, 715, P0, 0x0000000000000000
2026/09/17 10:18:30.813, 1, 79, 134.27, 100, 15219, 1189, 715, P0, 0x0000000000000000
2026/09/17 10:18:31.825, 0, 79, 158.46, 100, 14694, 1189, 715, P0, 0x0000000000000000
2026/09/17 10:18:31.828, 1, 79, 139.79, 100, 15219, 1189, 715, P0, 0x0000000000000000
2026/09/17 10:18:32.841, 0, 79, 152.07, 100, 14694, 1151, 715, P0, 0x0000000000000020
2026/09/17 10:18:32.845, 1, 79, 135.19, 100, 15219, 1139, 715, P0, 0x0000000000000020
2026/09/17 10:18:33.872, 0, 79, 164.97, 100, 14694, 1139, 715, P0, 0x0000000000000020
2026/09/17 10:18:33.878, 1, 76, 48.78, 0, 15219, 1189, 715, P0, 0x0000000000000000
2026/09/17 10:18:34.885, 0, 77, 47.81, 0, 14694, 1189, 715, P0, 0x0000000000000000
2026/09/17 10:18:34.888, 1, 79, 189.81, 100, 15219, 1328, 715, P0, 0x0000000000000000
2026/09/17 10:18:35.896, 0, 80, 150.46, 100, 14694, 1202, 715, P0, 0x0000000000000020
2026/09/17 10:18:35.900, 1, 80, 129.19, 100, 15219, 1189, 715, P0, 0x0000000000000000
2026/09/17 10:18:36.912, 0, 79, 132.97, 100, 14694, 1101, 715, P0, 0x0000000000000020
2026/09/17 10:18:36.915, 1, 79, 144.66, 100, 15219, 1189, 715, P0, 0x0000000000000000
2026/09/17 10:18:37.925, 0, 79, 122.87, 100, 14694, 1101, 715, P0, 0x0000000000000020
2026/09/17 10:18:37.928, 1, 78, 50.53, 100, 15219, 1189, 715, P0, 0x0000000000000000
2026/09/17 10:18:38.939, 0, 80, 138.52, 100, 14694, 1164, 715, P0, 0x0000000000000020
2026/09/17 10:18:38.942, 1, 76, 48.84, 0, 15219, 1189, 715, P0, 0x0000000000000000
2026/09/17 10:18:39.951, 0, 77, 182.61, 10, 14694, 1316, 715, P0, 0x0000000000000000
2026/09/17 10:18:39.956, 1, 79, 167.12, 100, 15219, 1328, 715, P0, 0x0000000000000000
2026/09/17 10:18:40.967, 0, 79, 119.56, 100, 14694, 1063, 715, P0, 0x0000000000000020
2026/09/17 10:18:40.970, 1, 79, 138.16, 100, 15219, 1164, 715, P0, 0x0000000000000020
2026/09/17 10:18:41.983, 0, 79, 115.97, 100, 14694, 1113, 715, P0, 0x0000000000000000
2026/09/17 10:18:41.986, 1, 79, 138.64, 100, 15219, 1164, 715, P0, 0x0000000000000020
2026/09/17 10:18:42.997, 0, 79, 115.93, 100, 14694, 1088, 715, P0, 0x0000000000000000
2026/09/17 10:18:43.006, 1, 77, 55.35, 0, 15219, 1303, 715, P0, 0x0000000000000000
2026/09/17 10:18:44.011, 0, 78, 49.12, 100, 14694, 1189, 715, P0, 0x0000000000000000
2026/09/17 10:18:44.014, 1, 77, 131.55, 16, 15219, 1189, 715, P0, 0x0000000000000000
2026/09/17 10:18:45.025, 0, 77, 145.09, 24, 14694, 1177, 715, P0, 0x0000000000000020
2026/09/17 10:18:45.028, 1, 78, 149.27, 100, 15219, 1227, 715, P0, 0x0000000000000000
2026/09/17 10:18:46.040, 0, 79, 152.48, 100, 14694, 1202, 715, P0, 0x0000000000000000
2026/09/17 10:18:46.043, 1, 80, 152.53, 100, 15219, 1227, 715, P0, 0x0000000000000020
2026/09/17 10:18:47.059, 0, 79, 140.13, 100, 14694, 1164, 715, P0, 0x0000000000000020
2026/09/17 10:18:47.065, 1, 79, 126.03, 100, 15219, 1151, 715, P0, 0x0000000000000000
2026/09/17 10:18:48.076, 0, 79, 124.68, 100, 14694, 1101, 715, P0, 0x0000000000000020
2026/09/17 10:18:48.079, 1, 77, 56.06, 0, 15219, 1316, 715, P0, 0x0000000000000000
2026/09/17 10:18:49.089, 0, 77, 48.81, 0, 14694, 1189, 715, P0, 0x0000000000000000
2026/09/17 10:18:49.091, 1, 79, 180.98, 100, 15219, 1328, 715, P0, 0x0000000000000000
2026/09/17 10:18:50.102, 0, 80, 199.01, 100, 14694, 1328, 715, P0, 0x0000000000000000
2026/09/17 10:18:50.107, 1, 79, 159.77, 100, 15219, 1126, 715, P0, 0x0000000000000020
2026/09/17 10:18:51.131, 0, 79, 132.98, 100, 14694, 1189, 715, P0, 0x0000000000000000
2026/09/17 10:18:51.136, 1, 79, 159.17, 100, 15219, 1164, 715, P0, 0x0000000000000020
2026/09/17 10:18:52.146, 0, 78, 132.07, 100, 14694, 873, 715, P0, 0x0000000000000020
2026/09/17 10:18:52.156, 1, 79, 149.02, 100, 15219, 1189, 715, P0, 0x0000000000000000
2026/09/17 10:18:53.162, 0, 79, 123.85, 100, 14694, 1113, 715, P0, 0x0000000000000000
2026/09/17 10:18:53.165, 1, 77, 52.90, 0, 15219, 1278, 715, P0, 0x0000000000000000
2026/09/17 10:18:54.179, 0, 77, 54.08, 0, 14694, 1316, 715, P0, 0x0000000000000000
2026/09/17 10:18:54.182, 1, 79, 177.35, 100, 15219, 1328, 715, P0, 0x0000000000000000
2026/09/17 10:18:55.196, 0, 80, 179.44, 100, 14694, 1328, 715, P0, 0x0000000000000000
2026/09/17 10:18:55.199, 1, 79, 169.86, 100, 15219, 1290, 715, P0, 0x0000000000000020
2026/09/17 10:18:56.210, 0, 79, 133.29, 100, 14694, 1139, 715, P0, 0x0000000000000020
2026/09/17 10:18:56.215, 1, 79, 140.61, 100, 15219, 1189, 715, P0, 0x0000000000000000
2026/09/17 10:18:57.223, 0, 79, 131.75, 100, 14694, 1101, 715, P0, 0x0000000000000020
2026/09/17 10:18:57.234, 1, 79, 136.88, 100, 15219, 1189, 715, P0, 0x0000000000000000
2026/09/17 10:18:58.250, 0, 79, 128.69, 100, 14694, 1101, 715, P0, 0x0000000000000020
2026/09/17 10:18:58.254, 1, 77, 54.58, 0, 15219, 1303, 715, P0, 0x0000000000000000
2026/09/17 10:18:59.263, 0, 77, 53.07, 0, 14694, 1303, 715, P0, 0x0000000000000000
2026/09/17 10:18:59.266, 1, 80, 194.53, 100, 15219, 1328, 715, P0, 0x0000000000000000
2026/09/17 10:19:00.282, 0, 79, 149.64, 100, 14694, 1202, 715, P0, 0x0000000000000020
2026/09/17 10:19:00.285, 1, 79, 119.33, 100, 15219, 1088, 715, P0, 0x0000000000000020
2026/09/17 10:19:01.295, 0, 80, 141.96, 100, 14694, 1164, 715, P0, 0x0000000000000020
2026/09/17 10:19:01.299, 1, 79, 111.62, 100, 15219, 1126, 715, P0, 0x0000000000000000
2026/09/17 10:19:02.306, 0, 79, 119.87, 100, 14694, 1101, 715, P0, 0x0000000000000000
2026/09/17 10:19:02.309, 1, 79, 121.65, 100, 15219, 1151, 715, P0, 0x0000000000000000
2026/09/17 10:19:03.319, 0, 79, 109.75, 100, 14694, 1113, 715, P0, 0x0000000000000000
2026/09/17 10:19:03.323, 1, 77, 54.43, 0, 15219, 1303, 715, P0, 0x0000000000000000
2026/09/17 10:19:04.332, 0, 77, 53.42, 0, 14694, 1316, 715, P0, 0x0000000000000000
2026/09/17 10:19:04.337, 1, 79, 140.85, 100, 15219, 1252, 715, P0, 0x0000000000000000
2026/09/17 10:19:05.350, 0, 79, 151.38, 100, 14694, 1151, 715, P0, 0x0000000000000000
2026/09/17 10:19:05.353, 1, 79, 135.46, 100, 15219, 1050, 715, P0, 0x0000000000000020
2026/09/17 10:19:06.360, 0, 79, 131.38, 100, 14694, 1139, 715, P0, 0x0000000000000020
2026/09/17 10:19:06.363, 1, 79, 138.62, 100, 15219, 1126, 715, P0, 0x0000000000000020
2026/09/17 10:19:07.371, 0, 79, 133.94, 100, 14694, 1164, 715, P0, 0x0000000000000000
2026/09/17 10:19:07.375, 1, 78, 54.58, 70, 15219, 1278, 715, P0, 0x0000000000000000
2026/09/17 10:19:08.388, 0, 79, 55.55, 94, 14694, 1189, 715, P0, 0x0000000000000000
2026/09/17 10:19:08.391, 1, 76, 168.00, 19, 15219, 1278, 715, P0, 0x0000000000000000
2026/09/17 10:19:09.403, 0, 78, 153.78, 50, 14694, 1202, 715, P0, 0x0000000000000020
2026/09/17 10:19:09.406, 1, 79, 133.54, 100, 15219, 1139, 715, P0, 0x0000000000000020
2026/09/17 10:19:10.419, 0, 79, 130.92, 100, 14694, 1151, 715, P0, 0x0000000000000000
2026/09/17 10:19:10.426, 1, 79, 127.20, 100, 15219, 1126, 715, P0, 0x0000000000000020
2026/09/17 10:19:11.435, 0, 79, 135.02, 100, 14694, 1151, 715, P0, 0x0000000000000000
2026/09/17 10:19:11.438, 1, 79, 126.72, 100, 15219, 1126, 715, P0, 0x0000000000000020
2026/09/17 10:19:12.451, 0, 79, 136.16, 100, 14694, 1139, 715, P0, 0x0000000000000020
2026/09/17 10:19:12.454, 1, 77, 49.79, 0, 15219, 1189, 715, P0, 0x0000000000000000
2026/09/17 10:19:13.464, 0, 78, 54.32, 44, 14694, 1316, 715, P0, 0x0000000000000000
2026/09/17 10:19:13.467, 1, 78, 176.68, 69, 15219, 1316, 715, P0, 0x0000000000000000
2026/09/17 10:19:14.481, 0, 78, 146.99, 100, 14694, 1189, 715, P0, 0x0000000000000000
2026/09/17 10:19:14.484, 1, 80, 195.45, 100, 15219, 1328, 715, P0, 0x0000000000000000
2026/09/17 10:19:15.493, 0, 80, 149.70, 100, 14694, 1202, 715, P0, 0x0000000000000020
2026/09/17 10:19:15.496, 1, 79, 141.98, 100, 15219, 1139, 715, P0, 0x0000000000000020
2026/09/17 10:19:16.512, 0, 79, 134.52, 100, 14694, 1139, 715, P0, 0x0000000000000000
2026/09/17 10:19:16.515, 1, 79, 161.28, 100, 15219, 1139, 715, P0, 0x0000000000000020
2026/09/17 10:19:17.528, 0, 79, 124.05, 100, 14694, 1139, 715, P0, 0x0000000000000000
2026/09/17 10:19:17.533, 1, 77, 49.34, 0, 15219, 1189, 715, P0, 0x0000000000000000
2026/09/17 10:19:18.540, 0, 77, 54.61, 0, 14694, 1316, 715, P0, 0x0000000000000000
2026/09/17 10:19:18.543, 1, 79, 156.99, 100, 15219, 1328, 715, P0, 0x0000000000000000
2026/09/17 10:19:19.554, 0, 79, 141.49, 100, 14694, 1240, 715, P0, 0x0000000000000000
2026/09/17 10:19:19.557, 1, 79, 109.73, 100, 15219, 974, 715, P0, 0x0000000000000000
2026/09/17 10:19:20.572, 0, 79, 142.35, 100, 14694, 1101, 715, P0, 0x0000000000000020
2026/09/17 10:19:20.581, 1, 78, 118.54, 100, 15219, 1113, 715, P0, 0x0000000000000000
2026/09/17 10:19:21.589, 0, 79, 142.05, 100, 14694, 1113, 715, P0, 0x0000000000000020
2026/09/17 10:19:21.601, 1, 79, 146.86, 100, 15219, 1177, 715, P0, 0x0000000000000000
2026/09/17 10:19:22.616, 0, 79, 143.70, 100, 14694, 1113, 715, P0, 0x0000000000000020
2026/09/17 10:19:22.620, 1, 77, 50.99, 0, 15219, 1227, 715, P0, 0x0000000000000000
2026/09/17 10:19:23.630, 0, 77, 48.02, 0, 14694, 1189, 715, P0, 0x0000000000000000
2026/09/17 10:19:23.635, 1, 79, 203.44, 100, 15219, 1328, 715, P0, 0x0000000000000000
2026/09/17 10:19:24.645, 0, 79, 149.21, 100, 14694, 1189, 715, P0, 0x0000000000000000
2026/09/17 10:19:24.648, 1, 79, 150.26, 100, 15219, 1227, 715, P0, 0x0000000000000000
2026/09/17 10:19:25.661, 0, 79, 156.10, 100, 14694, 1202, 715, P0, 0x0000000000000000
2026/09/17 10:19:25.665, 1, 79, 108.66, 100, 15219, 999, 715, P0, 0x0000000000000020
2026/09/17 10:19:26.677, 0, 79, 143.58, 100, 14694, 1075, 715, P0, 0x0000000000000020
2026/09/17 10:19:26.683, 1, 79, 117.79, 100, 15219, 1075, 715, P0, 0x0000000000000020
2026/09/17 10:19:27.689, 0, 79, 118.57, 100, 14694, 1101, 715, P0, 0x0000000000000000
2026/09/17 10:19:27.692, 1, 77, 51.74, 0, 15219, 1265, 715, P0, 0x0000000000000000
2026/09/17 10:19:28.707, 0, 77, 48.07, 0, 14694, 1189, 715, P0, 0x0000000000000000
2026/09/17 10:19:28.710, 1, 79, 180.00, 100, 15219, 1328, 715, P0, 0x0000000000000000
2026/09/17 10:19:29.722, 0, 79, 187.00, 100, 14694, 1328, 715, P0, 0x0000000000000000
2026/09/17 10:19:29.725, 1, 80, 144.71, 100, 15219, 1189, 715, P0, 0x0000000000000020
2026/09/17 10:19:30.740, 0, 79, 120.22, 100, 14694, 1063, 715, P0, 0x0000000000000020
2026/09/17 10:19:30.744, 1, 79, 135.33, 100, 15219, 1139, 715, P0, 0x0000000000000020
2026/09/17 10:19:31.758, 0, 79, 126.21, 100, 14694, 1075, 715, P0, 0x0000000000000020
2026/09/17 10:19:31.765, 1, 79, 124.65, 100, 15219, 1126, 715, P0, 0x0000000000000020
2026/09/17 10:19:32.773, 0, 79, 125.50, 100, 14694, 1075, 715, P0, 0x0000000000000020
2026/09/17 10:19:32.784, 1, 76, 48.86, 0, 15219, 1189, 715, P0, 0x0000000000000000
2026/09/17 10:19:33.803, 0, 77, 47.81, 0, 14694, 1189, 715, P0, 0x0000000000000000
2026/09/17 10:19:33.806, 1, 79, 193.03, 100, 15219, 1328, 715, P0, 0x0000000000000000
2026/09/17 10:19:34.816, 0, 79, 149.25, 100, 14694, 1189, 715, P0, 0x0000000000000020
2026/09/17 10:19:34.823, 1, 79, 132.04, 100, 15219, 1151, 715, P0, 0x0000000000000020
2026/09/17 10:19:35.841, 0, 79, 133.66, 100, 14694, 1126, 715, P0, 0x0000000000000020
2026/09/17 10:19:35.847, 1, 79, 142.05, 100, 15219, 1202, 715, P0, 0x0000000000000020
2026/09/17 10:19:36.856, 0, 79, 124.69, 100, 14694, 1101, 715, P0, 0x0000000000000000
2026/09/17 10:19:36.859, 1, 79, 53.18, 100, 15219, 1202, 715, P0, 0x0000000000000000
2026/09/17 10:19:37.870, 0, 79, 119.99, 100, 14694, 1075, 715, P0, 0x0000000000000020
2026/09/17 10:19:37.873, 1, 76, 49.36, 0, 15219, 1202, 715, P0, 0x0000000000000000
2026/09/17 10:19:38.888, 0, 77, 52.63, 0, 14694, 1290, 715, P0, 0x0000000000000000
2026/09/17 10:19:38.891, 1, 80, 179.52, 100, 15219, 1328, 715, P0, 0x0000000000000000
2026/09/17 10:19:39.905, 0, 80, 150.12, 100, 14694, 1202, 715, P0, 0x0000000000000020
2026/09/17 10:19:39.908, 1, 79, 145.97, 100, 15219, 1227, 715, P0, 0x0000000000000000
2026/09/17 10:19:40.920, 0, 80, 130.11, 100, 14694, 1113, 715, P0, 0x0000000000000020
2026/09/17 10:19:40.928, 1, 78, 111.45, 100, 15219, 1050, 715, P0, 0x0000000000000000
2026/09/17 10:19:41.938, 0, 79, 118.19, 100, 14694, 1088, 715, P0, 0x0000000000000000
2026/09/17 10:19:41.949, 1, 79, 116.30, 100, 15219, 1025, 715, P0, 0x0000000000000020
2026/09/17 10:19:42.964, 0, 79, 116.91, 100, 14694, 1113, 715, P0, 0x0000000000000000
2026/09/17 10:19:42.968, 1, 76, 51.76, 0, 15219, 1265, 715, P0, 0x0000000000000000
2026/09/17 10:19:43.976, 0, 77, 52.88, 0, 14694, 1303, 715, P0, 0x0000000000000000
2026/09/17 10:19:43.979, 1, 79, 165.52, 100, 15219, 1278, 715, P0, 0x0000000000000000
2026/09/17 10:19:44.994, 0, 79, 141.33, 100, 14694, 1151, 715, P0, 0x0000000000000020
2026/09/17 10:19:44.996, 1, 79, 139.32, 100, 15219, 1189, 715, P0, 0x0000000000000000
2026/09/17 10:19:46.011, 0, 80, 141.59, 100, 14694, 1189, 715, P0, 0x0000000000000000
2026/09/17 10:19:46.014, 1, 79, 125.78, 100, 15219, 1126, 715, P0, 0x0000000000000020
2026/09/17 10:19:47.033, 0, 79, 128.80, 100, 14694, 1088, 715, P0, 0x0000000000000000
2026/09/17 10:19:47.036, 1, 78, 55.82, 0, 15219, 1303, 715, P0, 0x0000000000000000
2026/09/17 10:19:48.047, 0, 79, 107.84, 100, 14694, 1063, 715, P0, 0x0000000000000000
2026/09/17 10:19:48.052, 1, 76, 54.18, 0, 15219, 1303, 715, P0, 0x0000000000000000
2026/09/17 10:19:49.058, 0, 76, 47.85, 0, 14694, 1189, 715, P0, 0x0000000000000000
2026/09/17 10:19:49.062, 1, 79, 178.92, 100, 15219, 1303, 715, P0, 0x0000000000000000
2026/09/17 10:19:50.073, 0, 80, 165.60, 100, 14694, 1278, 715, P0, 0x0000000000000000
2026/09/17 10:19:50.076, 1, 79, 115.86, 100, 15219, 1063, 715, P0, 0x0000000000000000
2026/09/17 10:19:51.092, 0, 79, 128.39, 100, 14694, 1151, 715, P0, 0x0000000000000000
2026/09/17 10:19:51.096, 1, 79, 122.14, 100, 15219, 1101, 715, P0, 0x0000000000000020
2026/09/17 10:19:52.106, 0, 79, 123.56, 100, 14694, 1151, 715, P0, 0x0000000000000000
2026/09/17 10:19:52.112, 1, 78, 49.81, 100, 15219, 1189, 715, P0, 0x0000000000000000
2026/09/17 10:19:53.124, 0, 79, 144.07, 100, 14694, 1101, 715, P0, 0x0000000000000020
2026/09/17 10:19:53.133, 1, 76, 48.59, 0, 15219, 1189, 715, P0, 0x0000000000000000
2026/09/17 10:19:54.139, 0, 77, 47.62, 0, 14694, 1189, 715, P0, 0x0000000000000000
2026/09/17 10:19:54.142, 1, 79, 166.18, 100, 15219, 1303, 715, P0, 0x0000000000000000
2026/09/17 10:19:55.160, 0, 79, 147.45, 100, 14694, 1189, 715, P0, 0x0000000000000000
2026/09/17 10:19:55.162, 1, 79, 157.33, 100, 15219, 1252, 715, P0, 0x0000000000000020
2026/09/17 10:19:56.172, 0, 79, 172.18, 100, 14694, 1177, 715, P0, 0x0000000000000020
2026/09/17 10:19:56.178, 1, 79, 123.80, 100, 15219, 1088, 715, P0, 0x0000000000000020
2026/09/17 10:19:57.189, 0, 79, 129.24, 100, 14694, 1139, 715, P0, 0x0000000000000000
2026/09/17 10:19:57.201, 1, 78, 51.69, 41, 15219, 1227, 715, P0, 0x0000000000000000
2026/09/17 10:19:58.218, 0, 79, 137.37, 100, 14694, 1088, 715, P0, 0x0000000000000020
2026/09/17 10:19:58.221, 1, 76, 50.23, 0, 15219, 1227, 715, P0, 0x0000000000000000
2026/09/17 10:19:59.231, 0, 77, 53.67, 0, 14694, 1316, 715, P0, 0x0000000000000000
2026/09/17 10:19:59.235, 1, 79, 154.65, 100, 15219, 1189, 715, P0, 0x0000000000000000
2026/09/17 10:20:00.249, 0, 79, 140.41, 100, 14694, 1189, 715, P0, 0x0000000000000000
2026/09/17 10:20:00.254, 1, 79, 131.87, 100, 15219, 1189, 715, P0, 0x0000000000000000
2026/09/17 10:20:01.262, 0, 79, 134.59, 100, 14694, 1189, 715, P0, 0x0000000000000000
2026/09/17 10:20:01.264, 1, 79, 166.89, 100, 15219, 1215, 715, P0, 0x0000000000000000
2026/09/17 10:20:02.278, 0, 79, 129.24, 100, 14694, 1189, 715, P0, 0x0000000000000000
2026/09/17 10:20:02.282, 1, 78, 50.52, 2, 15219, 1189, 715, P0, 0x0000000000000000
2026/09/17 10:20:03.294, 0, 80, 123.98, 100, 14694, 1151, 715, P0, 0x0000000000000000
2026/09/17 10:20:03.300, 1, 76, 48.63, 0, 15219, 1189, 715, P0, 0x0000000000000000
2026/09/17 10:20:04.308, 0, 77, 51.63, 0, 14694, 1278, 715, P0, 0x0000000000000000
2026/09/17 10:20:04.311, 1, 79, 187.63, 100, 15219, 1290, 715, P0, 0x0000000000000020
2026/09/17 10:20:05.336, 0, 80, 139.45, 100, 14694, 1189, 715, P0, 0x0000000000000020
2026/09/17 10:20:05.341, 1, 79, 139.00, 100, 15219, 1189, 715, P0, 0x0000000000000000
2026/09/17 10:20:06.354, 0, 79, 140.13, 100, 14694, 1126, 715, P0, 0x0000000000000020
2026/09/17 10:20:06.359, 1, 79, 137.89, 100, 15219, 1177, 715, P0, 0x0000000000000020
2026/09/17 10:20:07.371, 0, 79, 156.11, 100, 14694, 1139, 715, P0, 0x0000000000000020
2026/09/17 10:20:07.380, 1, 78, 49.97, 31, 15219, 1189, 715, P0, 0x0000000000000000
2026/09/17 10:20:08.385, 0, 79, 127.81, 100, 14694, 1126, 715, P0, 0x0000000000000000
2026/09/17 10:20:08.388, 1, 76, 48.61, 0, 15219, 1189, 715, P0, 0x0000000000000000
2026/09/17 10:20:09.400, 0, 77, 48.02, 0, 14694, 1189, 715, P0, 0x0000000000000000
2026/09/17 10:20:09.403, 1, 79, 192.82, 100, 15219, 1316, 715, P0, 0x0000000000000000
2026/09/17 10:20:10.415, 0, 80, 195.72, 100, 14694, 1139, 715, P0, 0x0000000000000020
2026/09/17 10:20:10.425, 1, 79, 131.94, 100, 15219, 1189, 715, P0, 0x0000000000000020
2026/09/17 10:20:11.444, 0, 79, 119.92, 100, 14694, 1139, 715, P0, 0x0000000000000000
2026/09/17 10:20:11.447, 1, 80, 151.31, 100, 15219, 1202, 715, P0, 0x0000000000000020
2026/09/17 10:20:12.459, 0, 79, 132.89, 100, 14694, 1151, 715, P0, 0x0000000000000000
2026/09/17 10:20:12.465, 1, 78, 56.01, 0, 15219, 1303, 715, P0, 0x0000000000000000
2026/09/17 10:20:13.473, 0, 79, 130.65, 100, 14694, 1126, 715, P0, 0x0000000000000000
2026/09/17 10:20:13.476, 1, 76, 54.31, 0, 15219, 1303, 715, P0, 0x0000000000000000
2026/09/17 10:20:14.487, 0, 77, 48.86, 0, 14694, 1227, 715, P0, 0x0000000000000000
2026/09/17 10:20:14.490, 1, 79, 150.82, 100, 15219, 1316, 715, P0, 0x0000000000000000
2026/09/17 10:20:15.499, 0, 79, 157.86, 100, 14694, 1177, 715, P0, 0x0000000000000020
2026/09/17 10:20:15.505, 1, 79, 122.96, 100, 15219, 999, 715, P0, 0x0000000000000020
2026/09/17 10:20:16.515, 0, 79, 127.69, 100, 14694, 1101, 715, P0, 0x0000000000000000
2026/09/17 10:20:16.518, 1, 79, 117.92, 100, 15219, 1101, 715, P0, 0x0000000000000000
2026/09/17 10:20:17.527, 0, 79, 109.95, 100, 14694, 1063, 715, P0, 0x0000000000000000
2026/09/17 10:20:17.530, 1, 78, 56.84, 100, 15219, 1189, 715, P0, 0x0000000000000000
2026/09/17 10:20:18.541, 0, 79, 117.89, 100, 14694, 1063, 715, P0, 0x0000000000000020
2026/09/17 10:20:18.548, 1, 76, 48.63, 0, 15219, 1189, 715, P0, 0x0000000000000000
2026/09/17 10:20:19.555, 0, 77, 52.94, 0, 14694, 1303, 715, P0, 0x0000000000000000
2026/09/17 10:20:19.558, 1, 80, 163.58, 100, 15219, 1278, 715, P0, 0x0000000000000000
2026/09/17 10:20:20.569, 0, 79, 155.03, 100, 14694, 1189, 715, P0, 0x0000000000000020
2026/09/17 10:20:20.573, 1, 79, 117.89, 100, 15219, 1126, 715, P0, 0x0000000000000000
2026/09/17 10:20:21.598, 0, 79, 134.53, 100, 14694, 1139, 715, P0, 0x0000000000000000
2026/09/17 10:20:21.606, 1, 78, 137.10, 100, 15219, 1139, 715, P0, 0x0000000000000000
2026/09/17 10:20:22.612, 0, 79, 118.98, 100, 14694, 1063, 715, P0, 0x0000000000000020
2026/09/17 10:20:22.615, 1, 79, 114.06, 100, 15219, 1113, 715, P0, 0x0000000000000000
2026/09/17 10:20:23.639, 0, 79, 119.28, 100, 14694, 1075, 715, P0, 0x0000000000000000
2026/09/17 10:20:23.648, 1, 76, 48.63, 0, 15219, 1189, 715, P0, 0x0000000000000000
2026/09/17 10:20:24.653, 0, 77, 47.61, 0, 14694, 1189, 715, P0, 0x0000000000000000
2026/09/17 10:20:24.662, 1, 79, 163.07, 100, 15219, 1290, 715, P0, 0x0000000000000020
2026/09/17 10:20:25.667, 0, 79, 143.54, 100, 14694, 1177, 715, P0, 0x0000000000000020
2026/09/17 10:20:25.670, 1, 79, 139.23, 100, 15219, 1240, 715, P0, 0x0000000000000020
2026/09/17 10:20:26.682, 0, 80, 147.08, 100, 14694, 1164, 715, P0, 0x0000000000000020
2026/09/17 10:20:26.687, 1, 79, 173.59, 100, 15219, 1252, 715, P0, 0x0000000000000020
2026/09/17 10:20:27.703, 0, 79, 114.51, 100, 14694, 1050, 715, P0, 0x0000000000000020
2026/09/17 10:20:27.708, 1, 79, 53.44, 91, 15219, 1240, 715, P0, 0x0000000000000000
2026/09/17 10:20:28.719, 0, 79, 119.74, 100, 14694, 1037, 715, P0, 0x0000000000000020
2026/09/17 10:20:28.730, 1, 76, 51.28, 0, 15219, 1240, 715, P0, 0x0000000000000000
2026/09/17 10:20:29.734, 0, 77, 52.38, 0, 14694, 1290, 715, P0, 0x0000000000000000
2026/09/17 10:20:29.737, 1, 79, 192.76, 100, 15219, 1328, 715, P0, 0x0000000000000000
2026/09/17 10:20:30.748, 0, 79, 148.46, 100, 14694, 1202, 715, P0, 0x0000000000000000
2026/09/17 10:20:30.751, 1, 80, 141.44, 100, 15219, 1164, 715, P0, 0x0000000000000020
2026/09/17 10:20:31.766, 0, 79, 138.10, 100, 14694, 1139, 715, P0, 0x0000000000000020
2026/09/17 10:20:31.768, 1, 79, 126.71, 100, 15219, 1113, 715, P0, 0x0000000000000020
2026/09/17 10:20:32.779, 0, 79, 143.59, 100, 14694, 1177, 715, P0, 0x0000000000000000
2026/09/17 10:20:32.786, 1, 79, 126.48, 100, 15219, 1113, 715, P0, 0x0000000000000020
2026/09/17 10:20:33.792, 0, 79, 137.93, 100, 14694, 1126, 715, P0, 0x0000000000000000
2026/09/17 10:20:33.795, 1, 77, 54.54, 0, 15219, 1303, 715, P0, 0x0000000000000000
2026/09/17 10:20:34.807, 0, 77, 53.56, 0, 14694, 1316, 715, P0, 0x0000000000000000
2026/09/17 10:20:34.810, 1, 79, 193.33, 100, 15219, 1328, 715, P0, 0x0000000000000000
2026/09/17 10:20:35.825, 0, 79, 155.85, 100, 14694, 1189, 715, P0, 0x0000000000000000
2026/09/17 10:20:35.828, 1, 80, 160.46, 100, 15219, 1240, 715, P0, 0x0000000000000020
2026/09/17 10:20:36.840, 0, 79, 144.44, 100, 14694, 1164, 715, P0, 0x0000000000000020
2026/09/17 10:20:36.846, 1, 79, 122.26, 100, 15219, 1075, 715, P0, 0x0000000000000020
2026/09/17 10:20:37.853, 0, 79, 135.66, 100, 14694, 1189, 715, P0, 0x0000000000000000
2026/09/17 10:20:37.856, 1, 79, 134.30, 100, 15219, 1151, 715, P0, 0x0000000000000000
2026/09/17 10:20:38.871, 0, 79, 144.19, 100, 14694, 1164, 715, P0, 0x0000000000000020
2026/09/17 10:20:38.874, 1, 77, 49.07, 0, 15219, 1189, 715, P0, 0x0000000000000000
2026/09/17 10:20:39.886, 0, 77, 48.34, 0, 14694, 1189, 715, P0, 0x0000000000000000
2026/09/17 10:20:39.888, 1, 79, 170.10, 100, 15219, 1328, 715, P0, 0x0000000000000000
2026/09/17 10:20:40.903, 0, 80, 187.34, 100, 14694, 1328, 715, P0, 0x0000000000000000
2026/09/17 10:20:40.905, 1, 79, 167.13, 100, 15219, 1227, 715, P0, 0x0000000000000000
2026/09/17 10:20:41.923, 0, 79, 166.51, 100, 14694, 1189, 715, P0, 0x0000000000000000
2026/09/17 10:20:41.928, 1, 79, 150.70, 100, 15219, 1126, 715, P0, 0x0000000000000020
2026/09/17 10:20:42.949, 0, 79, 151.06, 100, 14694, 1151, 715, P0, 0x0000000000000020
2026/09/17 10:20:42.955, 1, 79, 142.97, 100, 15219, 1139, 715, P0, 0x0000000000000020
2026/09/17 10:20:43.963, 0, 79, 96.82, 100, 14694, 1088, 715, P0, 0x0000000000000000
2026/09/17 10:20:43.966, 1, 77, 55.61, 0, 15219, 1316, 715, P0, 0x0000000000000000
2026/09/17 10:20:44.978, 0, 77, 54.37, 0, 14694, 1316, 715, P0, 0x0000000000000000
2026/09/17 10:20:44.981, 1, 79, 154.63, 100, 15219, 1290, 715, P0, 0x0000000000000000
2026/09/17 10:20:45.993, 0, 79, 146.38, 100, 14694, 1189, 715, P0, 0x0000000000000020
2026/09/17 10:20:45.996, 1, 80, 155.05, 100, 15219, 1227, 715, P0, 0x0000000000000000
2026/09/17 10:20:47.009, 0, 80, 146.28, 100, 14694, 1177, 715, P0, 0x0000000000000020
2026/09/17 10:20:47.014, 1, 79, 145.35, 100, 15219, 1139, 715, P0, 0x0000000000000020
2026/09/17 10:20:48.023, 0, 79, 119.15, 100, 14694, 1063, 715, P0, 0x0000000000000020
2026/09/17 10:20:48.035, 1, 79, 148.29, 100, 15219, 1139, 715, P0, 0x0000000000000020
2026/09/17 10:20:49.053, 0, 79, 117.80, 100, 14694, 1063, 715, P0, 0x0000000000000020
2026/09/17 10:20:49.056, 1, 77, 55.11, 0, 15219, 1303, 715, P0, 0x0000000000000000
2026/09/17 10:20:50.069, 0, 78, 49.05, 7, 14694, 1189, 715, P0, 0x0000000000000000
2026/09/17 10:20:50.072, 1, 78, 162.11, 100, 15219, 1252, 715, P0, 0x0000000000000020
2026/09/17 10:20:51.083, 0, 78, 171.45, 96, 14694, 1316, 715, P0, 0x0000000000000000
2026/09/17 10:20:51.088, 1, 79, 164.40, 100, 15219, 1252, 715, P0, 0x0000000000000020
2026/09/17 10:20:52.100, 0, 79, 140.86, 100, 14694, 1177, 715, P0, 0x0000000000000000
2026/09/17 10:20:52.103, 1, 79, 133.04, 100, 15219, 1139, 715, P0, 0x0000000000000020
2026/09/17 10:20:53.113, 0, 79, 143.85, 100, 14694, 1189, 715, P0, 0x0000000000000000
2026/09/17 10:20:53.116, 1, 79, 133.55, 100, 15219, 1139, 715, P0, 0x0000000000000020
2026/09/17 10:20:54.132, 0, 79, 155.24, 100, 14694, 1177, 715, P0, 0x0000000000000020
2026/09/17 10:20:54.135, 1, 77, 49.74, 0, 15219, 1189, 715, P0, 0x0000000000000000
2026/09/17 10:20:55.143, 0, 79, 50.09, 100, 14694, 1189, 715, P0, 0x0000000000000000
2026/09/17 10:20:55.149, 1, 77, 131.79, 2, 15219, 1189, 715, P0, 0x0000000000000000
2026/09/17 10:20:56.157, 0, 77, 142.81, 0, 14694, 1189, 715, P0, 0x0000000000000000
2026/09/17 10:20:56.160, 1, 80, 172.02, 100, 15219, 1316, 715, P0, 0x0000000000000020
2026/09/17 10:20:57.174, 0, 79, 169.27, 100, 14694, 1189, 715, P0, 0x0000000000000000
2026/09/17 10:20:57.177, 1, 78, 115.59, 100, 15219, 1050, 715, P0, 0x0000000000000000
2026/09/17 10:20:58.188, 0, 79, 129.77, 100, 14694, 1164, 715, P0, 0x0000000000000000
2026/09/17 10:20:58.198, 1, 79, 137.96, 100, 15219, 1189, 715, P0, 0x0000000000000000
2026/09/17 10:20:59.205, 0, 79, 136.44, 100, 14694, 1177, 715, P0, 0x0000000000000000
2026/09/17 10:20:59.208, 1, 78, 50.27, 100, 15219, 1189, 715, P0, 0x0000000000000000
2026/09/17 10:21:00.221, 0, 79, 132.11, 100, 14694, 1113, 715, P0, 0x0000000000000000
2026/09/17 10:21:00.223, 1, 76, 48.34, 0, 15219, 1189, 715, P0, 0x0000000000000000
2026/09/17 10:21:01.236, 0, 77, 53.60, 0, 14694, 1316, 715, P0, 0x0000000000000000
2026/09/17 10:21:01.239, 1, 79, 184.41, 100, 15219, 1126, 715, P0, 0x0000000000000020
2026/09/17 10:21:02.255, 0, 80, 142.48, 100, 14694, 1189, 715, P0, 0x0000000000000000
2026/09/17 10:21:02.258, 1, 79, 124.87, 100, 15219, 1075, 715, P0, 0x0000000000000020
2026/09/17 10:21:03.268, 0, 79, 127.69, 100, 14694, 1101, 715, P0, 0x0000000000000020
2026/09/17 10:21:03.276, 1, 79, 102.83, 100, 15219, 1113, 715, P0, 0x0000000000000000
2026/09/17 10:21:04.282, 0, 80, 132.84, 100, 14694, 1113, 715, P0, 0x0000000000000020
2026/09/17 10:21:04.285, 1, 79, 121.77, 100, 15219, 1113, 715, P0, 0x0000000000000020
2026/09/17 10:21:05.299, 0, 79, 118.78, 100, 14694, 1075, 715, P0, 0x0000000000000000
2026/09/17 10:21:05.302, 1, 76, 50.55, 0, 15219, 1227, 715, P0, 0x0000000000000000
2026/09/17 10:21:06.311, 0, 77, 47.81, 0, 14694, 1189, 715, P0, 0x0000000000000000
2026/09/17 10:21:06.314, 1, 80, 194.22, 100, 15219, 1328, 715, P0, 0x0000000000000000
2026/09/17 10:21:07.323, 0, 79, 148.36, 100, 14694, 1177, 715, P0, 0x0000000000000020
2026/09/17 10:21:07.327, 1, 80, 166.04, 100, 15219, 1240, 715, P0, 0x0000000000000020
2026/09/17 10:21:08.341, 0, 80, 139.64, 100, 14694, 1139, 715, P0, 0x0000000000000020
2026/09/17 10:21:08.344, 1, 79, 136.15, 100, 15219, 1139, 715, P0, 0x0000000000000020
2026/09/17 10:21:09.358, 0, 79, 124.29, 100, 14694, 1139, 715, P0, 0x0000000000000000
2026/09/17 10:21:09.362, 1, 79, 135.96, 100, 15219, 1139, 715, P0, 0x0000000000000020
2026/09/17 10:21:10.372, 0, 79, 129.26, 100, 14694, 1139, 715, P0, 0x0000000000000020
2026/09/17 10:21:10.380, 1, 77, 48.88, 0, 15219, 1189, 715, P0, 0x0000000000000000
2026/09/17 10:21:11.388, 0, 77, 54.32, 0, 14694, 1316, 715, P0, 0x0000000000000000
2026/09/17 10:21:11.391, 1, 79, 173.66, 100, 15219, 1328, 715, P0, 0x0000000000000000
2026/09/17 10:21:12.402, 0, 79, 171.65, 100, 14694, 1189, 715, P0, 0x0000000000000000
2026/09/17 10:21:12.405, 1, 79, 139.36, 100, 15219, 1189, 715, P0, 0x0000000000000020
2026/09/17 10:21:13.414, 0, 79, 139.52, 100, 14694, 1189, 715, P0, 0x0000000000000000
2026/09/17 10:21:13.417, 1, 79, 146.96, 100, 15219, 1126, 715, P0, 0x0000000000000020
2026/09/17 10:21:14.426, 0, 79, 103.91, 100, 14694, 1037, 715, P0, 0x0000000000000000
2026/09/17 10:21:14.429, 1, 79, 134.12, 100, 15219, 1189, 715, P0, 0x0000000000000000
2026/09/17 10:21:15.442, 0, 79, 114.52, 100, 14694, 999, 715, P0, 0x0000000000000020
2026/09/17 10:21:15.449, 1, 77, 53.43, 0, 15219, 1278, 715, P0, 0x0000000000000000
2026/09/17 10:21:16.456, 0, 77, 48.78, 85, 14694, 1189, 715, P0, 0x0000000000000000
2026/09/17 10:21:16.462, 1, 78, 183.73, 42, 15219, 1328, 715, P0, 0x0000000000000000
2026/09/17 10:21:17.474, 0, 78, 148.55, 100, 14694, 1252, 715, P0, 0x0000000000000020
2026/09/17 10:21:17.476, 1, 80, 158.73, 100, 15219, 1240, 715, P0, 0x0000000000000020
2026/09/17 10:21:18.492, 0, 79, 146.34, 100, 14694, 1189, 715, P0, 0x0000000000000000
2026/09/17 10:21:18.494, 1, 79, 127.14, 100, 15219, 1126, 715, P0, 0x0000000000000020
2026/09/17 10:21:19.507, 0, 79, 140.14, 100, 14694, 1202, 715, P0, 0x0000000000000020
2026/09/17 10:21:19.510, 1, 79, 127.21, 100, 15219, 1126, 715, P0, 0x0000000000000020
2026/09/17 10:21:20.521, 0, 79, 139.85, 100, 14694, 1139, 715, P0, 0x0000000000000020
2026/09/17 10:21:20.527, 1, 78, 55.06, 0, 15219, 1290, 715, P0, 0x0000000000000000
2026/09/17 10:21:21.538, 0, 79, 125.23, 100, 14694, 1113, 715, P0, 0x0000000000000020
2026/09/17 10:21:21.547, 1, 76, 53.67, 0, 15219, 1290, 715, P0, 0x0000000000000000
2026/09/17 10:21:22.566, 0, 76, 49.80, 0, 14694, 1240, 715, P0, 0x0000000000000000
2026/09/17 10:21:22.569, 1, 79, 150.44, 100, 15219, 1328, 715, P0, 0x0000000000000000
2026/09/17 10:21:23.583, 0, 79, 136.37, 100, 14694, 1189, 715, P0, 0x0000000000000000
2026/09/17 10:21:23.588, 1, 79, 123.21, 100, 15219, 1113, 715, P0, 0x0000000000000020
2026/09/17 10:21:24.597, 0, 80, 137.99, 100, 14694, 1126, 715, P0, 0x0000000000000020
2026/09/17 10:21:24.600, 1, 79, 137.12, 100, 15219, 1126, 715, P0, 0x0000000000000020
2026/09/17 10:21:25.616, 0, 79, 114.90, 100, 14694, 1050, 715, P0, 0x0000000000000000
2026/09/17 10:21:25.619, 1, 79, 117.66, 100, 15219, 1075, 715, P0, 0x0000000000000000
2026/09/17 10:21:26.640, 0, 79, 114.53, 100, 14694, 1037, 715, P0, 0x0000000000000020
2026/09/17 10:21:26.643, 1, 76, 48.63, 0, 15219, 1189, 715, P0, 0x0000000000000000
2026/09/17 10:21:27.653, 0, 77, 49.01, 0, 14694, 1227, 715, P0, 0x0000000000000000
2026/09/17 10:21:27.657, 1, 79, 193.74, 100, 15219, 1328, 715, P0, 0x0000000000000000
2026/09/17 10:21:28.666, 0, 80, 147.37, 100, 14694, 1075, 715, P0, 0x0000000000000020
2026/09/17 10:21:28.677, 1, 79, 126.96, 100, 15219, 1126, 715, P0, 0x0000000000000020
2026/09/17 10:21:29.695, 0, 79, 153.81, 100, 14694, 1215, 715, P0, 0x0000000000000020
2026/09/17 10:21:29.698, 1, 79, 132.92, 100, 15219, 1139, 715, P0, 0x0000000000000020
2026/09/17 10:21:30.707, 0, 79, 126.66, 100, 14694, 1139, 715, P0, 0x0000000000000000
2026/09/17 10:21:30.715, 1, 79, 132.46, 100, 15219, 1139, 715, P0, 0x0000000000000020
2026/09/17 10:21:31.721, 0, 79, 153.61, 100, 14694, 1177, 715, P0, 0x0000000000000020
2026/09/17 10:21:31.725, 1, 77, 54.59, 0, 15219, 1303, 715, P0, 0x0000000000000000
2026/09/17 10:21:32.752, 0, 77, 53.76, 0, 14694, 1303, 715, P0, 0x0000000000000000
2026/09/17 10:21:32.755, 1, 79, 194.60, 100, 15219, 1328, 715, P0, 0x0000000000000000
2026/09/17 10:21:33.767, 0, 79, 119.25, 100, 14694, 1202, 715, P0, 0x0000000000000000
2026/09/17 10:21:33.772, 1, 79, 152.23, 100, 15219, 1202, 715, P0, 0x0000000000000000
2026/09/17 10:21:34.779, 0, 79, 136.07, 100, 14694, 1139, 715, P0, 0x0000000000000000
2026/09/17 10:21:34.782, 1, 79, 143.54, 100, 15219, 1227, 715, P0, 0x0000000000000000
2026/09/17 10:21:35.792, 0, 79, 138.25, 100, 14694, 1113, 715, P0, 0x0000000000000020
2026/09/17 10:21:35.803, 1, 79, 135.98, 100, 15219, 1189, 715, P0, 0x0000000000000000
2026/09/17 10:21:36.808, 0, 79, 119.03, 100, 14694, 1063, 715, P0, 0x0000000000000020
2026/09/17 10:21:36.811, 1, 77, 50.77, 0, 15219, 1215, 715, P0, 0x0000000000000000
2026/09/17 10:21:37.823, 0, 78, 52.15, 71, 14694, 1265, 715, P0, 0x0000000000000000
2026/09/17 10:21:37.826, 1, 77, 176.68, 57, 15219, 1328, 715, P0, 0x0000000000000000
2026/09/17 10:21:38.838, 0, 78, 160.06, 33, 14694, 1265, 715, P0, 0x0000000000000000
2026/09/17 10:21:38.842, 1, 80, 169.60, 100, 15219, 1278, 715, P0, 0x0000000000000020
2026/09/17 10:21:39.856, 0, 80, 147.62, 100, 14694, 1202, 715, P0, 0x0000000000000000
2026/09/17 10:21:39.859, 1, 79, 124.52, 100, 15219, 1101, 715, P0, 0x0000000000000020
2026/09/17 10:21:40.867, 0, 79, 125.02, 100, 14694, 1063, 715, P0, 0x0000000000000020
2026/09/17 10:21:40.870, 1, 79, 125.89, 100, 15219, 1113, 715, P0, 0x0000000000000020
2026/09/17 10:21:41.885, 0, 79, 122.11, 100, 14694, 1075, 715, P0, 0x0000000000000020
2026/09/17 10:21:41.889, 1, 78, 54.65, 73, 15219, 1278, 715, P0, 0x0000000000000000
2026/09/17 10:21:42.899, 0, 79, 111.87, 100, 14694, 1037, 715, P0, 0x0000000000000000
2026/09/17 10:21:42.909, 1, 76, 53.21, 0, 15219, 1278, 715, P0, 0x0000000000000000
2026/09/17 10:21:43.913, 0, 77, 47.60, 0, 14694, 1189, 715, P0, 0x0000000000000000
2026/09/17 10:21:43.917, 1, 80, 166.17, 100, 15219, 1265, 715, P0, 0x0000000000000000
2026/09/17 10:21:44.926, 0, 79, 131.85, 100, 14694, 1126, 715, P0, 0x0000000000000000
2026/09/17 10:21:44.932, 1, 80, 135.44, 100, 15219, 1177, 715, P0, 0x0000000000000000
2026/09/17 10:21:45.945, 0, 79, 134.73, 100, 14694, 1113, 715, P0, 0x0000000000000020
2026/09/17 10:21:45.951, 1, 79, 128.37, 100, 15219, 1126, 715, P0, 0x0000000000000020
2026/09/17 10:21:46.961, 0, 79, 145.94, 100, 14694, 1189, 715, P0, 0x0000000000000020
2026/09/17 10:21:46.968, 1, 79, 131.83, 100, 15219, 1126, 715, P0, 0x0000000000000020
2026/09/17 10:21:47.974, 0, 79, 128.02, 100, 14694, 1177, 715, P0, 0x0000000000000000
2026/09/17 10:21:47.977, 1, 77, 49.08, 0, 15219, 1189, 715, P0, 0x0000000000000000
2026/09/17 10:21:48.986, 0, 77, 48.30, 0, 14694, 1189, 715, P0, 0x0000000000000000
2026/09/17 10:21:48.988, 1, 79, 174.99, 100, 15219, 1328, 715, P0, 0x0000000000000000
2026/09/17 10:21:50.006, 0, 79, 140.15, 100, 14694, 1202, 715, P0, 0x0000000000000000
2026/09/17 10:21:50.009, 1, 79, 134.25, 100, 15219, 1189, 715, P0, 0x0000000000000000
2026/09/17 10:21:51.020, 0, 80, 138.05, 100, 14694, 1139, 715, P0, 0x0000000000000020
2026/09/17 10:21:51.022, 1, 79, 153.41, 100, 15219, 1177, 715, P0, 0x0000000000000020
2026/09/17 10:21:52.030, 0, 79, 115.76, 100, 14694, 1050, 715, P0, 0x0000000000000000
2026/09/17 10:21:52.033, 1, 79, 141.45, 100, 15219, 1202, 715, P0, 0x0000000000000000
2026/09/17 10:21:53.044, 0, 79, 115.00, 100, 14694, 1037, 715, P0, 0x0000000000000020
2026/09/17 10:21:53.052, 1, 77, 52.71, 0, 15219, 1265, 715, P0, 0x0000000000000000
2026/09/17 10:21:54.063, 0, 78, 48.82, 97, 14694, 1189, 715, P0, 0x0000000000000000
2026/09/17 10:21:54.068, 1, 77, 161.05, 39, 15219, 1265, 715, P0, 0x0000000000000000
2026/09/17 10:21:55.080, 0, 77, 145.00, 0, 14694, 1189, 715, P0, 0x0000000000000000
2026/09/17 10:21:55.087, 1, 79, 146.95, 100, 15219, 1202, 715, P0, 0x0000000000000020
2026/09/17 10:21:56.092, 0, 80, 149.55, 100, 14694, 1037, 715, P0, 0x0000000000000020
2026/09/17 10:21:56.094, 1, 79, 155.37, 100, 15219, 1227, 715, P0, 0x0000000000000020
2026/09/17 10:21:57.106, 0, 79, 146.07, 100, 14694, 1075, 715, P0, 0x0000000000000020
2026/09/17 10:21:57.115, 1, 79, 137.23, 100, 15219, 1189, 715, P0, 0x0000000000000000
2026/09/17 10:21:58.125, 0, 79, 113.78, 100, 14694, 1025, 715, P0, 0x0000000000000020
2026/09/17 10:21:58.135, 1, 78, 54.88, 85, 15219, 1278, 715, P0, 0x0000000000000000
2026/09/17 10:21:59.145, 0, 79, 115.95, 100, 14694, 1063, 715, P0, 0x0000000000000000
2026/09/17 10:21:59.154, 1, 76, 52.70, 0, 15219, 1278, 715, P0, 0x0000000000000000
2026/09/17 10:22:00.173, 0, 77, 48.29, 0, 14694, 1215, 715, P0, 0x0000000000000000
2026/09/17 10:22:00.176, 1, 80, 194.46, 100, 15219, 1328, 715, P0, 0x0000000000000000
2026/09/17 10:22:01.184, 0, 79, 131.02, 100, 14694, 1113, 715, P0, 0x0000000000000020
2026/09/17 10:22:01.192, 1, 79, 117.29, 100, 15219, 1075, 715, P0, 0x0000000000000020
2026/09/17 10:22:02.197, 0, 79, 141.03, 100, 14694, 1189, 715, P0, 0x0000000000000000
2026/09/17 10:22:02.201, 1, 79, 134.65, 100, 15219, 1126, 715, P0, 0x0000000000000020
2026/09/17 10:22:03.215, 0, 79, 128.15, 100, 14694, 1189, 715, P0, 0x0000000000000000
2026/09/17 10:22:03.218, 1, 79, 160.31, 100, 15219, 1126, 715, P0, 0x0000000000000020
2026/09/17 10:22:04.228, 0, 79, 142.26, 100, 14694, 1139, 715, P0, 0x0000000000000000
2026/09/17 10:22:04.237, 1, 77, 55.54, 0, 15219, 1316, 715, P0, 0x0000000000000000
2026/09/17 10:22:05.243, 0, 77, 48.14, 0, 14694, 1189, 715, P0, 0x0000000000000000
2026/09/17 10:22:05.246, 1, 78, 162.42, 100, 15219, 1265, 715, P0, 0x0000000000000000
2026/09/17 10:22:06.262, 0, 80, 195.68, 100, 14694, 1328, 715, P0, 0x0000000000000000
2026/09/17 10:22:06.264, 1, 79, 147.28, 100, 15219, 1227, 715, P0, 0x0000000000000000
2026/09/17 10:22:07.276, 0, 79, 131.40, 100, 14694, 1101, 715, P0, 0x0000000000000020
2026/09/17 10:22:07.279, 1, 79, 114.46, 100, 15219, 1177, 715, P0, 0x0000000000000000
2026/09/17 10:22:08.290, 0, 79, 125.23, 100, 14694, 1101, 715, P0, 0x0000000000000020
2026/09/17 10:22:08.297, 1, 79, 136.43, 100, 15219, 1139, 715, P0, 0x0000000000000020
2026/09/17 10:22:09.308, 0, 79, 136.08, 100, 14694, 1164, 715, P0, 0x0000000000000000
2026/09/17 10:22:09.310, 1, 77, 49.78, 0, 15219, 1189, 715, P0, 0x0000000000000000
2026/09/17 10:22:10.326, 0, 79, 51.74, 83, 14694, 1189, 715, P0, 0x0000000000000000
2026/09/17 10:22:10.329, 1, 77, 151.30, 0, 15219, 1189, 715, P0, 0x0000000000000000
2026/09/17 10:22:11.339, 0, 77, 154.50, 14, 14694, 1189, 715, P0, 0x0000000000000000
2026/09/17 10:22:11.342, 1, 80, 132.77, 100, 15219, 1164, 715, P0, 0x0000000000000000
2026/09/17 10:22:12.352, 0, 79, 164.92, 100, 14694, 1189, 715, P0, 0x0000000000000000
2026/09/17 10:22:12.355, 1, 79, 125.97, 100, 15219, 1139, 715, P0, 0x0000000000000000
2026/09/17 10:22:13.363, 0, 80, 123.98, 100, 14694, 1088, 715, P0, 0x0000000000000020
2026/09/17 10:22:13.368, 1, 79, 133.90, 100, 15219, 1139, 715, P0, 0x0000000000000020
2026/09/17 10:22:14.379, 0, 79, 119.12, 100, 14694, 1050, 715, P0, 0x0000000000000020
2026/09/17 10:22:14.383, 1, 79, 120.92, 100, 15219, 1113, 715, P0, 0x0000000000000020
2026/09/17 10:22:15.396, 0, 79, 120.21, 100, 14694, 1050, 715, P0, 0x0000000000000020
2026/09/17 10:22:15.405, 1, 77, 53.90, 0, 15219, 1290, 715, P0, 0x0000000000000000
2026/09/17 10:22:16.411, 0, 77, 52.62, 0, 14694, 1290, 715, P0, 0x0000000000000000
2026/09/17 10:22:16.414, 1, 79, 189.93, 100, 15219, 1328, 715, P0, 0x0000000000000000
2026/09/17 10:22:17.425, 0, 79, 179.81, 100, 14694, 1240, 715, P0, 0x0000000000000000
2026/09/17 10:22:17.428, 1, 79, 156.34, 100, 15219, 1202, 715, P0, 0x0000000000000020
2026/09/17 10:22:18.438, 0, 79, 146.52, 100, 14694, 1164, 715, P0, 0x0000000000000020
2026/09/17 10:22:18.444, 1, 79, 122.75, 100, 15219, 987, 715, P0, 0x0000000000000020
2026/09/17 10:22:19.453, 0, 79, 101.28, 100, 14694, 1063, 715, P0, 0x0000000000000000
2026/09/17 10:22:19.459, 1, 78, 123.21, 100, 15219, 1075, 715, P0, 0x0000000000000020
2026/09/17 10:22:20.468, 0, 79, 118.77, 100, 14694, 1037, 715, P0, 0x0000000000000020
2026/09/17 10:22:20.471, 1, 77, 54.38, 0, 15219, 1290, 715, P0, 0x0000000000000000
2026/09/17 10:22:21.478, 0, 78, 52.15, 62, 14694, 1278, 715, P0, 0x0000000000000000
2026/09/17 10:22:21.481, 1, 78, 179.19, 74, 15219, 1328, 715, P0, 0x0000000000000000
2026/09/17 10:22:22.489, 0, 78, 150.47, 28, 14694, 1189, 715, P0, 0x0000000000000020
2026/09/17 10:22:22.492, 1, 80, 170.00, 100, 15219, 1278, 715, P0, 0x0000000000000020
2026/09/17 10:22:23.500, 0, 79, 135.45, 100, 14694, 1189, 715, P0, 0x0000000000000000
2026/09/17 10:22:23.503, 1, 79, 132.63, 100, 15219, 1139, 715, P0, 0x0000000000000020
2026/09/17 10:22:24.515, 0, 79, 149.21, 100, 14694, 1113, 715, P0, 0x0000000000000020
2026/09/17 10:22:24.525, 1, 79, 141.26, 100, 15219, 1189, 715, P0, 0x0000000000000020
2026/09/17 10:22:25.529, 0, 79, 120.45, 100, 14694, 1113, 715, P0, 0x0000000000000000
2026/09/17 10:22:25.532, 1, 78, 54.39, 69, 15219, 1290, 715, P0, 0x0000000000000000
2026/09/17 10:22:26.543, 0, 79, 133.98, 100, 14694, 1101, 715, P0, 0x0000000000000020
2026/09/17 10:22:26.546, 1, 76, 53.16, 0, 15219, 1290, 715, P0, 0x0000000000000000
2026/09/17 10:22:27.557, 0, 77, 47.85, 0, 14694, 1189, 715, P0, 0x0000000000000000
2026/09/17 10:22:27.560, 1, 80, 169.66, 100, 15219, 1278, 715, P0, 0x0000000000000000
2026/09/17 10:22:28.573, 0, 80, 179.11, 100, 14694, 1303, 715, P0, 0x0000000000000020
2026/09/17 10:22:28.576, 1, 79, 127.61, 100, 15219, 1139, 715, P0, 0x0000000000000000
2026/09/17 10:22:29.589, 0, 79, 122.49, 100, 14694, 1063, 715, P0, 0x0000000000000020
2026/09/17 10:22:29.592, 1, 79, 116.69, 100, 15219, 1063, 715, P0, 0x0000000000000020
2026/09/17 10:22:30.604, 0, 79, 141.82, 100, 14694, 1101, 715, P0, 0x0000000000000020
2026/09/17 10:22:30.607, 1, 79, 128.63, 100, 15219, 1063, 715, P0, 0x0000000000000020
2026/09/17 10:22:31.621, 0, 79, 128.98, 100, 14694, 1139, 715, P0, 0x0000000000000000
2026/09/17 10:22:31.627, 1, 77, 49.08, 0, 15219, 1189, 715, P0, 0x0000000000000000
2026/09/17 10:22:32.638, 0, 78, 54.31, 0, 14694, 1316, 715, P0, 0x0000000000000000
2026/09/17 10:22:32.642, 1, 79, 181.79, 100, 15219, 1328, 715, P0, 0x0000000000000000
2026/09/17 10:22:33.653, 0, 79, 147.10, 100, 14694, 1189, 715, P0, 0x0000000000000020
2026/09/17 10:22:33.656, 1, 80, 139.85, 100, 15219, 1177, 715, P0, 0x0000000000000000
2026/09/17 10:22:34.668, 0, 79, 150.09, 100, 14694, 1202, 715, P0, 0x0000000000000020
2026/09/17 10:22:34.671, 1, 79, 144.51, 100, 15219, 1164, 715, P0, 0x0000000000000020
2026/09/17 10:22:35.682, 0, 79, 137.82, 100, 14694, 1189, 715, P0, 0x0000000000000000
2026/09/17 10:22:35.688, 1, 79, 141.30, 100, 15219, 1177, 715, P0, 0x0000000000000020
2026/09/17 10:22:36.694, 0, 79, 122.66, 100, 14694, 1139, 715, P0, 0x0000000000000000
2026/09/17 10:22:36.697, 1, 78, 55.11, 0, 15219, 1290, 715, P0, 0x0000000000000000
2026/09/17 10:22:37.710, 0, 79, 109.53, 100, 14694, 1063, 715, P0, 0x0000000000000000
2026/09/17 10:22:37.713, 1, 76, 53.70, 0, 15219, 1290, 715, P0, 0x0000000000000000
2026/09/17 10:22:38.723, 0, 77, 52.39, 0, 14694, 1290, 715, P0, 0x0000000000000000
2026/09/17 10:22:38.726, 1, 80, 171.77, 100, 15219, 1290, 715, P0, 0x0000000000000020
2026/09/17 10:22:39.735, 0, 79, 148.73, 100, 14694, 1189, 715, P0, 0x0000000000000020
2026/09/17 10:22:39.738, 1, 80, 143.79, 100, 15219, 1202, 715, P0, 0x0000000000000020
2026/09/17 10:22:40.748, 0, 79, 132.07, 100, 14694, 1101, 715, P0, 0x0000000000000020
2026/09/17 10:22:40.755, 1, 79, 135.71, 100, 15219, 1139, 715, P0, 0x0000000000000020
2026/09/17 10:22:41.763, 0, 79, 144.17, 100, 14694, 1139, 715, P0, 0x0000000000000000
2026/09/17 10:22:41.766, 1, 79, 132.95, 100, 15219, 1139, 715, P0, 0x0000000000000020
2026/09/17 10:22:42.781, 0, 79, 131.62, 100, 14694, 1126, 715, P0, 0x0000000000000000
2026/09/17 10:22:42.784, 1, 77, 51.49, 0, 15219, 1252, 715, P0, 0x0000000000000000
2026/09/17 10:22:43.793, 0, 77, 48.52, 0, 14694, 1189, 715, P0, 0x0000000000000000
2026/09/17 10:22:43.796, 1, 79, 189.57, 100, 15219, 1328, 715, P0, 0x0000000000000000
2026/09/17 10:22:44.811, 0, 79, 188.54, 100, 14694, 1328, 715, P0, 0x0000000000000000
2026/09/17 10:22:44.814, 1, 80, 170.39, 100, 15219, 1265, 715, P0, 0x0000000000000020
2026/09/17 10:22:45.825, 0, 79, 131.65, 100, 14694, 1113, 715, P0, 0x0000000000000020
2026/09/17 10:22:45.832, 1, 79, 122.97, 100, 15219, 1088, 715, P0, 0x0000000000000020
2026/09/17 10:22:46.855, 0, 79, 144.04, 100, 14694, 1189, 715, P0, 0x0000000000000000
2026/09/17 10:22:46.858, 1, 79, 122.93, 100, 15219, 1101, 715, P0, 0x0000000000000020
2026/09/17 10:22:47.871, 0, 79, 160.97, 100, 14694, 1164, 715, P0, 0x0000000000000020
2026/09/17 10:22:47.873, 1, 78, 51.91, 0, 15219, 1227, 715, P0, 0x0000000000000000
2026/09/17 10:22:48.885, 0, 79, 121.39, 100, 14694, 1151, 715, P0, 0x0000000000000000
2026/09/17 10:22:48.893, 1, 76, 50.29, 0, 15219, 1227, 715, P0, 0x0000000000000000
2026/09/17 10:22:49.912, 0, 76, 47.62, 0, 14694, 1189, 715, P0, 0x0000000000000000
2026/09/17 10:22:49.916, 1, 80, 166.40, 100, 15219, 1316, 715, P0, 0x0000000000000020
2026/09/17 10:22:50.929, 0, 80, 149.84, 100, 14694, 1189, 715, P0, 0x0000000000000000
2026/09/17 10:22:50.933, 1, 79, 145.92, 100, 15219, 1151, 715, P0, 0x0000000000000020
2026/09/17 10:22:51.958, 0, 79, 119.61, 100, 14694, 1063, 715, P0, 0x0000000000000020
2026/09/17 10:22:51.961, 1, 79, 121.88, 100, 15219, 1126, 715, P0, 0x0000000000000020
2026/09/17 10:22:52.979, 0, 79, 127.11, 100, 14694, 1113, 715, P0, 0x0000000000000000
2026/09/17 10:22:52.982, 1, 79, 128.63, 100, 15219, 1126, 715, P0, 0x0000000000000020
2026/09/17 10:22:53.994, 0, 79, 128.75, 100, 14694, 1101, 715, P0, 0x0000000000000020
2026/09/17 10:22:53.997, 1, 77, 54.63, 0, 15219, 1303, 715, P0, 0x0000000000000000
2026/09/17 10:22:55.011, 0, 77, 53.13, 0, 14694, 1290, 715, P0, 0x0000000000000000
2026/09/17 10:22:55.014, 1, 79, 157.98, 100, 15219, 1290, 715, P0, 0x0000000000000000
2026/09/17 10:22:56.024, 0, 79, 156.00, 100, 14694, 1215, 715, P0, 0x0000000000000000
2026/09/17 10:22:56.027, 1, 79, 114.13, 100, 15219, 1088, 715, P0, 0x0000000000000000
2026/09/17 10:22:57.037, 0, 80, 141.60, 100, 14694, 1164, 715, P0, 0x0000000000000020
2026/09/17 10:22:57.040, 1, 79, 118.40, 100, 15219, 1075, 715, P0, 0x0000000000000020
2026/09/17 10:22:58.053, 0, 79, 134.49, 100, 14694, 1113, 715, P0, 0x0000000000000020
2026/09/17 10:22:58.063, 1, 79, 124.37, 100, 15219, 1113, 715, P0, 0x0000000000000000
2026/09/17 10:22:59.072, 0, 79, 109.20, 100, 14694, 911, 715, P0, 0x0000000000000000
2026/09/17 10:22:59.082, 1, 78, 50.34, 14, 15219, 1189, 715, P0, 0x0000000000000000
2026/09/17 10:23:00.087, 0, 79, 110.02, 100, 14694, 987, 715, P0, 0x0000000000000020
2026/09/17 10:23:00.090, 1, 76, 48.64, 0, 15219, 1189, 715, P0, 0x0000000000000000
2026/09/17 10:23:01.102, 0, 76, 48.28, 0, 14694, 1202, 715, P0, 0x0000000000000000
2026/09/17 10:23:01.105, 1, 80, 195.14, 100, 15219, 1328, 715, P0, 0x0000000000000000
2026/09/17 10:23:02.111, 0, 80, 161.60, 100, 14694, 1240, 715, P0, 0x0000000000000020
2026/09/17 10:23:02.114, 1, 79, 121.83, 100, 15219, 1101, 715, P0, 0x0000000000000000
2026/09/17 10:23:03.126, 0, 79, 129.05, 100, 14694, 1075, 715, P0, 0x0000000000000020
2026/09/17 10:23:03.129, 1, 79, 135.29, 100, 15219, 1151, 715, P0, 0x0000000000000020
2026/09/17 10:23:04.140, 0, 79, 144.81, 100, 14694, 1139, 715, P0, 0x0000000000000020
2026/09/17 10:23:04.146, 1, 79, 134.95, 100, 15219, 1126, 715, P0, 0x0000000000000020
2026/09/17 10:23:05.155, 0, 79, 125.21, 100, 14694, 1063, 715, P0, 0x0000000000000020
2026/09/17 10:23:05.166, 1, 77, 49.11, 0, 15219, 1189, 715, P0, 0x0000000000000000
2026/09/17 10:23:06.171, 0, 78, 53.83, 0, 14694, 1303, 715, P0, 0x0000000000000000
2026/09/17 10:23:06.174, 1, 78, 178.32, 86, 15219, 1316, 715, P0, 0x0000000000000000
2026/09/17 10:23:07.184, 0, 78, 148.72, 100, 14694, 1240, 715, P0, 0x0000000000000000
2026/09/17 10:23:07.187, 1, 80, 170.42, 100, 15219, 1252, 715, P0, 0x0000000000000020
2026/09/17 10:23:08.197, 0, 79, 143.94, 100, 14694, 1189, 715, P0, 0x0000000000000000
2026/09/17 10:23:08.205, 1, 79, 126.82, 100, 15219, 1113, 715, P0, 0x0000000000000020
2026/09/17 10:23:09.214, 0, 79, 158.18, 100, 14694, 1177, 715, P0, 0x0000000000000020
2026/09/17 10:23:09.217, 1, 79, 155.91, 100, 15219, 1189, 715, P0, 0x0000000000000000
2026/09/17 10:23:10.228, 0, 79, 119.52, 100, 14694, 1075, 715, P0, 0x0000000000000000
2026/09/17 10:23:10.231, 1, 78, 50.81, 100, 15219, 1189, 715, P0, 0x0000000000000000
2026/09/17 10:23:11.240, 0, 79, 118.04, 100, 14694, 1063, 715, P0, 0x0000000000000020
2026/09/17 10:23:11.248, 1, 77, 54.38, 0, 15219, 1303, 715, P0, 0x0000000000000000
2026/09/17 10:23:12.253, 0, 77, 47.80, 0, 14694, 1189, 715, P0, 0x0000000000000000
2026/09/17 10:23:12.257, 1, 80, 193.51, 100, 15219, 1328, 715, P0, 0x0000000000000000
2026/09/17 10:23:13.266, 0, 79, 162.55, 100, 14694, 1202, 715, P0, 0x0000000000000020
2026/09/17 10:23:13.270, 1, 80, 153.43, 100, 15219, 1227, 715, P0, 0x0000000000000020
2026/09/17 10:23:14.279, 0, 79, 142.31, 100, 14694, 1189, 715, P0, 0x0000000000000000
2026/09/17 10:23:14.282, 1, 79, 145.15, 100, 15219, 1189, 715, P0, 0x0000000000000020
2026/09/17 10:23:15.291, 0, 80, 129.72, 100, 14694, 1126, 715, P0, 0x0000000000000020
2026/09/17 10:23:15.294, 1, 79, 144.72, 100, 15219, 1227, 715, P0, 0x0000000000000000
2026/09/17 10:23:16.302, 0, 79, 118.77, 100, 14694, 1063, 715, P0, 0x0000000000000020
2026/09/17 10:23:16.305, 1, 77, 52.00, 0, 15219, 1252, 715, P0, 0x0000000000000000
2026/09/17 10:23:17.311, 0, 78, 49.60, 84, 14694, 1215, 715, P0, 0x0000000000000000
2026/09/17 10:23:17.313, 1, 77, 162.45, 59, 15219, 1328, 715, P0, 0x0000000000000000
2026/09/17 10:23:18.323, 0, 77, 143.03, 0, 14694, 1215, 715, P0, 0x0000000000000000
2026/09/17 10:23:18.326, 1, 79, 175.87, 100, 15219, 1316, 715, P0, 0x0000000000000000
2026/09/17 10:23:19.337, 0, 79, 162.86, 100, 14694, 1177, 715, P0, 0x0000000000000020
2026/09/17 10:23:19.340, 1, 79, 144.44, 100, 15219, 1189, 715, P0, 0x0000000000000000
2026/09/17 10:23:20.350, 0, 79, 123.57, 100, 14694, 1088, 715, P0, 0x0000000000000020
2026/09/17 10:23:20.356, 1, 79, 128.75, 100, 15219, 1164, 715, P0, 0x0000000000000000
2026/09/17 10:23:21.382, 0, 79, 132.13, 100, 14694, 1101, 715, P0, 0x0000000000000020
2026/09/17 10:23:21.386, 1, 79, 142.96, 100, 15219, 1189, 715, P0, 0x0000000000000000
2026/09/17 10:23:22.399, 0, 80, 136.60, 100, 14694, 1113, 715, P0, 0x0000000000000020
2026/09/17 10:23:22.401, 1, 77, 53.85, 0, 15219, 1290, 715, P0, 0x0000000000000000
2026/09/17 10:23:23.413, 0, 77, 48.06, 0, 14694, 1189, 715, P0, 0x0000000000000000
2026/09/17 10:23:23.416, 1, 79, 181.31, 100, 15219, 1328, 715, P0, 0x0000000000000000
2026/09/17 10:23:24.424, 0, 79, 181.33, 100, 14694, 1303, 715, P0, 0x0000000000000000
2026/09/17 10:23:24.428, 1, 79, 160.03, 100, 15219, 1227, 715, P0, 0x0000000000000000
2026/09/17 10:23:25.439, 0, 79, 107.20, 100, 14694, 1088, 715, P0, 0x0000000000000000
2026/09/17 10:23:25.443, 1, 79, 148.58, 100, 15219, 1215, 715, P0, 0x0000000000000000
2026/09/17 10:23:26.454, 0, 79, 118.42, 100, 14694, 1063, 715, P0, 0x0000000000000020
2026/09/17 10:23:26.461, 1, 79, 130.33, 100, 15219, 1177, 715, P0, 0x0000000000000020
2026/09/17 10:23:27.470, 0, 79, 135.14, 100, 14694, 1151, 715, P0, 0x0000000000000000
2026/09/17 10:23:27.473, 1, 77, 49.78, 0, 15219, 1189, 715, P0, 0x0000000000000000
2026/09/17 10:23:28.483, 0, 79, 150.57, 100, 14694, 1164, 715, P0, 0x0000000000000000
2026/09/17 10:23:28.486, 1, 76, 48.57, 0, 15219, 1189, 715, P0, 0x0000000000000000
2026/09/17 10:23:29.503, 0, 76, 52.88, 0, 14694, 1303, 715, P0, 0x0000000000000000
2026/09/17 10:23:29.513, 1, 79, 186.66, 100, 15219, 1328, 715, P0, 0x0000000000000000
2026/09/17 10:23:30.523, 0, 80, 150.21, 100, 14694, 1189, 715, P0, 0x0000000000000000
2026/09/17 10:23:30.526, 1, 79, 142.84, 100, 15219, 1177, 715, P0, 0x0000000000000000
2026/09/17 10:23:31.535, 0, 78, 123.42, 100, 14694, 961, 715, P0, 0x0000000000000020
2026/09/17 10:23:31.547, 1, 79, 122.64, 100, 15219, 1088, 715, P0, 0x0000000000000020
2026/09/17 10:23:32.564, 0, 79, 122.95, 100, 14694, 1113, 715, P0, 0x0000000000000020
2026/09/17 10:23:32.567, 1, 79, 118.10, 100, 15219, 1075, 715, P0, 0x0000000000000020
2026/09/17 10:23:33.577, 0, 79, 119.03, 100, 14694, 1063, 715, P0, 0x0000000000000020
2026/09/17 10:23:33.584, 1, 77, 49.11, 0, 15219, 1189, 715, P0, 0x0000000000000000
2026/09/17 10:23:34.592, 0, 77, 52.15, 79, 14694, 1265, 715, P0, 0x0000000000000000
2026/09/17 10:23:34.596, 1, 78, 176.92, 71, 15219, 1316, 715, P0, 0x0000000000000000
2026/09/17 10:23:35.608, 0, 78, 158.35, 87, 14694, 1328, 715, P0, 0x0000000000000000
2026/09/17 10:23:35.616, 1, 80, 180.23, 100, 15219, 1316, 715, P0, 0x0000000000000020
2026/09/17 10:23:36.621, 0, 79, 164.93, 100, 14694, 1227, 715, P0, 0x0000000000000020
2026/09/17 10:23:36.631, 1, 79, 138.18, 100, 15219, 1189, 715, P0, 0x0000000000000000
2026/09/17 10:23:37.648, 0, 79, 130.88, 100, 14694, 1139, 715, P0, 0x0000000000000020
2026/09/17 10:23:37.653, 1, 79, 151.30, 100, 15219, 1189, 715, P0, 0x0000000000000000
2026/09/17 10:23:38.662, 0, 79, 126.62, 100, 14694, 1088, 715, P0, 0x0000000000000020
2026/09/17 10:23:38.673, 1, 79, 86.03, 100, 15219, 1189, 715, P0, 0x0000000000000000
2026/09/17 10:23:39.676, 0, 79, 125.40, 100, 14694, 1088, 715, P0, 0x0000000000000020
2026/09/17 10:23:39.679, 1, 77, 54.61, 0, 15219, 1303, 715, P0, 0x0000000000000000
2026/09/17 10:23:40.689, 0, 77, 53.79, 0, 14694, 1316, 715, P0, 0x0000000000000000
2026/09/17 10:23:40.692, 1, 79, 188.84, 100, 15219, 1328, 715, P0, 0x0000000000000000
2026/09/17 10:23:41.705, 0, 80, 174.73, 100, 14694, 1316, 715, P0, 0x0000000000000000
2026/09/17 10:23:41.710, 1, 79, 130.63, 100, 15219, 1177, 715, P0, 0x0000000000000000
2026/09/17 10:23:42.721, 0, 79, 103.42, 100, 14694, 1126, 715, P0, 0x0000000000000000
2026/09/17 10:23:42.726, 1, 79, 134.95, 100, 15219, 1189, 715, P0, 0x0000000000000000
2026/09/17 10:23:43.737, 0, 79, 131.54, 100, 14694, 1101, 715, P0, 0x0000000000000020
2026/09/17 10:23:43.740, 1, 79, 141.64, 100, 15219, 1189, 715, P0, 0x0000000000000000
2026/09/17 10:23:44.753, 0, 79, 130.37, 100, 14694, 1113, 715, P0, 0x0000000000000020
2026/09/17 10:23:44.757, 1, 77, 55.34, 0, 15219, 1303, 715, P0, 0x0000000000000000
2026/09/17 10:23:45.764, 0, 79, 51.70, 100, 14694, 1189, 715, P0, 0x0000000000000000
2026/09/17 10:23:45.767, 1, 77, 171.63, 5, 15219, 1303, 715, P0, 0x0000000000000000
2026/09/17 10:23:46.780, 0, 77, 50.52, 0, 14694, 1252, 715, P0, 0x0000000000000000
2026/09/17 10:23:46.786, 1, 79, 146.36, 100, 15219, 1126, 715, P0, 0x0000000000000020
2026/09/17 10:23:47.795, 0, 80, 138.82, 100, 14694, 1164, 715, P0, 0x0000000000000020
2026/09/17 10:23:47.798, 1, 79, 143.07, 100, 15219, 1139, 715, P0, 0x0000000000000020
2026/09/17 10:23:48.810, 0, 79, 131.88, 100, 14694, 1101, 715, P0, 0x0000000000000020
2026/09/17 10:23:48.813, 1, 79, 127.91, 100, 15219, 1126, 715, P0, 0x0000000000000000
2026/09/17 10:23:49.825, 0, 79, 141.10, 100, 14694, 1126, 715, P0, 0x0000000000000020
2026/09/17 10:23:49.835, 1, 79, 126.44, 100, 15219, 1113, 715, P0, 0x0000000000000020
2026/09/17 10:23:50.839, 0, 79, 122.69, 100, 14694, 1088, 715, P0, 0x0000000000000020
2026/09/17 10:23:50.842, 1, 77, 48.85, 0, 15219, 1189, 715, P0, 0x0000000000000000
2026/09/17 10:23:51.853, 0, 77, 51.71, 0, 14694, 1265, 715, P0, 0x0000000000000000
2026/09/17 10:23:51.856, 1, 79, 167.48, 100, 15219, 1328, 715, P0, 0x0000000000000000
2026/09/17 10:23:52.869, 0, 79, 142.13, 100, 14694, 1177, 715, P0, 0x0000000000000020
2026/09/17 10:23:52.874, 1, 80, 146.43, 100, 15219, 1202, 715, P0, 0x0000000000000020
2026/09/17 10:23:53.884, 0, 79, 119.11, 100, 14694, 1050, 715, P0, 0x0000000000000020
2026/09/17 10:23:53.896, 1, 79, 132.48, 100, 15219, 1139, 715, P0, 0x0000000000000000
2026/09/17 10:23:54.900, 0, 79, 128.83, 100, 14694, 1075, 715, P0, 0x0000000000000020
2026/09/17 10:23:54.903, 1, 79, 128.55, 100, 15219, 1126, 715, P0, 0x0000000000000020
2026/09/17 10:23:55.929, 0, 79, 116.86, 100, 14694, 1050, 715, P0, 0x0000000000000020
2026/09/17 10:23:55.934, 1, 78, 50.56, 0, 15219, 1189, 715, P0, 0x0000000000000000
2026/09/17 10:23:56.944, 0, 79, 115.74, 100, 14694, 1050, 715, P0, 0x0000000000000020
2026/09/17 10:23:56.955, 1, 76, 48.87, 0, 15219, 1189, 715, P0, 0x0000000000000000
2026/09/17 10:23:57.959, 0, 77, 47.62, 0, 14694, 1189, 715, P0, 0x0000000000000000
2026/09/17 10:23:57.962, 1, 79, 157.28, 100, 15219, 1328, 715, P0, 0x0000000000000000
2026/09/17 10:23:58.973, 0, 80, 192.10, 100, 14694, 1177, 715, P0, 0x0000000000000020
2026/09/17 10:23:58.976, 1, 79, 152.52, 100, 15219, 1189, 715, P0, 0x0000000000000000
2026/09/17 10:23:59.991, 0, 79, 102.71, 100, 14694, 885, 715, P0, 0x0000000000000020
2026/09/17 10:23:59.997, 1, 79, 133.81, 100, 15219, 1177, 715, P0, 0x0000000000000020
2026/09/17 10:24:01.006, 0, 79, 127.90, 100, 14694, 1088, 715, P0, 0x0000000000000020
2026/09/17 10:24:01.017, 1, 79, 125.35, 100, 15219, 1189, 715, P0, 0x0000000000000000
2026/09/17 10:24:02.035, 0, 79, 161.45, 100, 14694, 1113, 715, P0, 0x0000000000000020
2026/09/17 10:24:02.038, 1, 77, 49.77, 0, 15219, 1189, 715, P0, 0x0000000000000000
2026/09/17 10:24:03.051, 0, 79, 117.82, 100, 14694, 1075, 715, P0, 0x0000000000000000
2026/09/17 10:24:03.057, 1, 76, 48.63, 0, 15219, 1189, 715, P0, 0x0000000000000000
2026/09/17 10:24:04.069, 0, 77, 47.57, 0, 14694, 1189, 715, P0, 0x0000000000000000
2026/09/17 10:24:04.072, 1, 80, 195.62, 100, 15219, 1328, 715, P0, 0x0000000000000000
2026/09/17 10:24:05.082, 0, 80, 201.42, 100, 14694, 1328, 715, P0, 0x0000000000000000
2026/09/17 10:24:05.085, 1, 79, 127.95, 100, 15219, 1126, 715, P0, 0x0000000000000020
2026/09/17 10:24:06.095, 0, 79, 115.55, 100, 14694, 1037, 715, P0, 0x0000000000000000
2026/09/17 10:24:06.101, 1, 79, 129.87, 100, 15219, 1177, 715, P0, 0x0000000000000000
2026/09/17 10:24:07.111, 0, 79, 111.56, 100, 14694, 1037, 715, P0, 0x0000000000000020
2026/09/17 10:24:07.118, 1, 79, 125.99, 100, 15219, 1164, 715, P0, 0x0000000000000000
2026/09/17 10:24:08.132, 0, 79, 115.00, 100, 14694, 1050, 715, P0, 0x0000000000000020
2026/09/17 10:24:08.137, 1, 77, 52.01, 0, 15219, 1240, 715, P0, 0x0000000000000000
2026/09/17 10:24:09.146, 0, 78, 50.30, 100, 14694, 1189, 715, P0, 0x0000000000000000
2026/09/17 10:24:09.153, 1, 77, 144.06, 27, 15219, 1240, 715, P0, 0x0000000000000000
2026/09/17 10:24:10.164, 0, 76, 47.58, 0, 14694, 1189, 715, P0, 0x0000000000000000
2026/09/17 10:24:10.167, 1, 79, 189.16, 100, 15219, 1328, 715, P0, 0x0000000000000000
2026/09/17 10:24:11.181, 0, 80, 153.28, 100, 14694, 1240, 715, P0, 0x0000000000000000
2026/09/17 10:24:11.185, 1, 79, 127.86, 100, 15219, 1126, 715, P0, 0x0000000000000020
2026/09/17 10:24:12.196, 0, 79, 116.27, 100, 14694, 1063, 715, P0, 0x0000000000000000
2026/09/17 10:24:12.200, 1, 79, 121.40, 100, 15219, 1075, 715, P0, 0x0000000000000020
2026/09/17 10:24:13.213, 0, 79, 133.41, 100, 14694, 1101, 715, P0, 0x0000000000000020
2026/09/17 10:24:13.219, 1, 79, 118.77, 100, 15219, 1075, 715, P0, 0x0000000000000020
2026/09/17 10:24:14.230, 0, 79, 143.53, 100, 14694, 1075, 715, P0, 0x0000000000000020
2026/09/17 10:24:14.240, 1, 77, 49.07, 0, 15219, 1189, 715, P0, 0x0000000000000000
2026/09/17 10:24:15.247, 0, 77, 48.29, 0, 14694, 1189, 715, P0, 0x0000000000000000
2026/09/17 10:24:15.252, 1, 79, 189.57, 100, 15219, 1328, 715, P0, 0x0000000000000000
2026/09/17 10:24:16.262, 0, 79, 192.18, 100, 14694, 1328, 715, P0, 0x0000000000000000
2026/09/17 10:24:16.266, 1, 80, 153.60, 100, 15219, 1227, 715, P0, 0x0000000000000000
2026/09/17 10:24:17.274, 0, 79, 110.32, 100, 14694, 974, 715, P0, 0x0000000000000020
2026/09/17 10:24:17.279, 1, 79, 126.62, 100, 15219, 1126, 715, P0, 0x0000000000000020
2026/09/17 10:24:18.289, 0, 78, 132.40, 100, 14694, 1063, 715, P0, 0x0000000000000020
2026/09/17 10:24:18.296, 1, 79, 150.65, 100, 15219, 1189, 715, P0, 0x0000000000000000
2026/09/17 10:24:19.306, 0, 79, 114.77, 100, 14694, 1050, 715, P0, 0x0000000000000020
2026/09/17 10:24:19.316, 1, 79, 52.02, 100, 15219, 1189, 715, P0, 0x0000000000000000
2026/09/17 10:24:20.321, 0, 78, 134.19, 100, 14694, 1113, 715, P0, 0x0000000000000000
2026/09/17 10:24:20.323, 1, 77, 55.29, 0, 15219, 1316, 715, P0, 0x0000000000000000
2026/09/17 10:24:21.340, 0, 77, 53.32, 0, 14694, 1303, 715, P0, 0x0000000000000000
2026/09/17 10:24:21.340, 1, 79, 201.99, 100, 15219, 1328, 715, P0, 0x0000000000000000
2026/09/17 10:24:22.356, 0, 80, 197.37, 100, 14694, 1328, 715, P0, 0x0000000000000000
2026/09/17 10:24:22.365, 1, 79, 164.89, 100, 15219, 1227, 715, P0, 0x0000000000000000
2026/09/17 10:24:23.385, 0, 79, 134.42, 100, 14694, 1126, 715, P0, 0x0000000000000020
2026/09/17 10:24:23.395, 1, 79, 133.07, 100, 15219, 1139, 715, P0, 0x0000000000000000
2026/09/17 10:24:24.400, 0, 79, 142.67, 100, 14694, 1189, 715, P0, 0x0000000000000000
2026/09/17 10:24:24.403, 1, 79, 132.79, 100, 15219, 1139, 715, P0, 0x0000000000000020
2026/09/17 10:24:25.413, 0, 79, 130.69, 100, 14694, 1189, 715, P0, 0x0000000000000000
2026/09/17 10:24:25.416, 1, 78, 50.29, 22, 15219, 1189, 715, P0, 0x0000000000000000
2026/09/17 10:24:26.426, 0, 79, 125.68, 100, 14694, 1088, 715, P0, 0x0000000000000020
2026/09/17 10:24:26.436, 1, 76, 48.59, 0, 15219, 1189, 715, P0, 0x0000000000000000
2026/09/17 10:24:27.440, 0, 76, 47.79, 0, 14694, 1189, 715, P0, 0x0000000000000000
2026/09/17 10:24:27.443, 1, 80, 194.43, 100, 15219, 1328, 715, P0, 0x0000000000000000
2026/09/17 10:24:28.456, 0, 79, 174.04, 100, 14694, 1278, 715, P0, 0x0000000000000020
2026/09/17 10:24:28.459, 1, 79, 123.18, 100, 15219, 1101, 715, P0, 0x0000000000000020
2026/09/17 10:24:29.469, 0, 79, 135.02, 100, 14694, 1164, 715, P0, 0x0000000000000000
2026/09/17 10:24:29.477, 1, 79, 130.41, 100, 15219, 1164, 715, P0, 0x0000000000000000
2026/09/17 10:24:30.485, 0, 79, 120.67, 100, 14694, 1101, 715, P0, 0x0000000000000000
2026/09/17 10:24:30.488, 1, 79, 146.59, 100, 15219, 1126, 715, P0, 0x0000000000000020
2026/09/17 10:24:31.501, 0, 79, 104.06, 100, 14694, 911, 715, P0, 0x0000000000000020
2026/09/17 10:24:31.503, 1, 77, 49.61, 0, 15219, 1189, 715, P0, 0x0000000000000000
2026/09/17 10:24:32.519, 0, 78, 115.95, 100, 14694, 1050, 715, P0, 0x0000000000000000
2026/09/17 10:24:32.522, 1, 76, 48.64, 0, 15219, 1189, 715, P0, 0x0000000000000000
2026/09/17 10:24:33.535, 0, 77, 51.68, 0, 14694, 1278, 715, P0, 0x0000000000000000
2026/09/17 10:24:33.539, 1, 80, 186.66, 100, 15219, 1290, 715, P0, 0x0000000000000000
2026/09/17 10:24:34.548, 0, 79, 143.02, 100, 14694, 1177, 715, P0, 0x0000000000000020
2026/09/17 10:24:34.554, 1, 80, 149.06, 100, 15219, 1189, 715, P0, 0x0000000000000020
2026/09/17 10:24:35.564, 0, 79, 144.76, 100, 14694, 1189, 715, P0, 0x0000000000000000
2026/09/17 10:24:35.567, 1, 80, 147.64, 100, 15219, 1189, 715, P0, 0x0000000000000020
2026/09/17 10:24:36.578, 0, 78, 92.18, 100, 14694, 860, 715, P0, 0x0000000000000000
2026/09/17 10:24:36.581, 1, 79, 137.59, 100, 15219, 1139, 715, P0, 0x0000000000000020
2026/09/17 10:24:37.594, 0, 79, 118.54, 100, 14694, 1063, 715, P0, 0x0000000000000020
2026/09/17 10:24:37.597, 1, 77, 49.36, 0, 15219, 1189, 715, P0, 0x0000000000000000
2026/09/17 10:24:38.612, 0, 79, 79.24, 100, 14694, 1177, 715, P0, 0x0000000000000000
2026/09/17 10:24:38.616, 1, 76, 93.07, 0, 15219, 1189, 715, P0, 0x0000000000000000
2026/09/17 10:24:39.625, 0, 76, 50.28, 0, 14694, 1252, 715, P0, 0x0000000000000000
2026/09/17 10:24:39.628, 1, 80, 175.72, 100, 15219, 1265, 715, P0, 0x0000000000000000
2026/09/17 10:24:40.641, 0, 80, 161.46, 100, 14694, 1240, 715, P0, 0x0000000000000020
2026/09/17 10:24:40.644, 1, 80, 133.37, 100, 15219, 1164, 715, P0, 0x0000000000000020
2026/09/17 10:24:41.656, 0, 79, 115.73, 100, 14694, 1037, 715, P0, 0x0000000000000020
2026/09/17 10:24:41.659, 1, 80, 141.49, 100, 15219, 1164, 715, P0, 0x0000000000000020
2026/09/17 10:24:42.669, 0, 79, 127.14, 100, 14694, 1075, 715, P0, 0x0000000000000020
2026/09/17 10:24:42.680, 1, 79, 141.50, 100, 15219, 1177, 715, P0, 0x0000000000000020
2026/09/17 10:24:43.699, 0, 79, 118.85, 100, 14694, 1063, 715, P0, 0x0000000000000020
2026/09/17 10:24:43.702, 1, 77, 49.11, 0, 15219, 1189, 715, P0, 0x0000000000000000
2026/09/17 10:24:44.717, 0, 78, 48.62, 26, 14694, 1189, 715, P0, 0x0000000000000000
2026/09/17 10:24:44.720, 1, 77, 144.24, 38, 15219, 1189, 715, P0, 0x0000000000000000
2026/09/17 10:24:45.734, 0, 77, 152.44, 13, 14694, 1189, 715, P0, 0x0000000000000000
2026/09/17 10:24:45.736, 1, 79, 159.59, 100, 15219, 1252, 715, P0, 0x0000000000000000
2026/09/17 10:24:46.750, 0, 79, 147.71, 100, 14694, 1189, 715, P0, 0x0000000000000000
2026/09/17 10:24:46.753, 1, 79, 148.85, 100, 15219, 1215, 715, P0, 0x0000000000000000
2026/09/17 10:24:47.765, 0, 79, 139.00, 100, 14694, 1139, 715, P0, 0x0000000000000000
2026/09/17 10:24:47.768, 1, 80, 132.10, 100, 15219, 1189, 715, P0, 0x0000000000000000
2026/09/17 10:24:48.785, 0, 80, 133.43, 100, 14694, 1126, 715, P0, 0x0000000000000020
2026/09/17 10:24:48.788, 1, 79, 135.21, 100, 15219, 1139, 715, P0, 0x0000000000000000
2026/09/17 10:24:49.799, 0, 79, 129.49, 100, 14694, 1164, 715, P0, 0x0000000000000000
2026/09/17 10:24:49.807, 1, 77, 51.97, 0, 15219, 1252, 715, P0, 0x0000000000000000
2026/09/17 10:24:50.814, 0, 77, 48.11, 0, 14694, 1189, 715, P0, 0x0000000000000000
2026/09/17 10:24:50.818, 1, 79, 154.90, 100, 15219, 1316, 715, P0, 0x0000000000000020
2026/09/17 10:24:51.828, 0, 80, 196.27, 100, 14694, 1328, 715, P0, 0x0000000000000000
2026/09/17 10:24:51.831, 1, 80, 135.25, 100, 15219, 1189, 715, P0, 0x0000000000000000
2026/09/17 10:24:52.844, 0, 79, 106.08, 100, 14694, 936, 715, P0, 0x0000000000000020
2026/09/17 10:24:52.850, 1, 79, 125.03, 100, 15219, 1101, 715, P0, 0x0000000000000020
2026/09/17 10:24:53.858, 0, 78, 117.19, 100, 14694, 1075, 715, P0, 0x0000000000000000
2026/09/17 10:24:53.861, 1, 79, 128.78, 100, 15219, 1151, 715, P0, 0x0000000000000000
2026/09/17 10:24:54.875, 0, 79, 114.90, 100, 14694, 1037, 715, P0, 0x0000000000000020
2026/09/17 10:24:54.878, 1, 79, 65.22, 100, 15219, 1189, 715, P0, 0x0000000000000000
2026/09/17 10:24:55.888, 0, 79, 145.39, 100, 14694, 1075, 715, P0, 0x0000000000000020
2026/09/17 10:24:55.891, 1, 77, 48.85, 0, 15219, 1189, 715, P0, 0x0000000000000000
2026/09/17 10:24:56.903, 0, 77, 47.87, 0, 14694, 1189, 715, P0, 0x0000000000000000
2026/09/17 10:24:56.906, 1, 79, 163.76, 100, 15219, 1328, 715, P0, 0x0000000000000000
2026/09/17 10:24:57.918, 0, 79, 190.02, 100, 14694, 1328, 715, P0, 0x0000000000000000
2026/09/17 10:24:57.924, 1, 80, 117.38, 100, 15219, 1189, 715, P0, 0x0000000000000000
2026/09/17 10:24:58.932, 0, 80, 135.13, 100, 14694, 1139, 715, P0, 0x0000000000000020
2026/09/17 10:24:58.935, 1, 79, 133.07, 100, 15219, 1126, 715, P0, 0x0000000000000020
2026/09/17 10:24:59.948, 0, 79, 128.58, 100, 14694, 1139, 715, P0, 0x0000000000000000
2026/09/17 10:24:59.953, 1, 79, 130.53, 100, 15219, 1126, 715, P0, 0x0000000000000020
2026/09/17 10:25:00.964, 0, 79, 109.78, 100, 14694, 1088, 715, P0, 0x0000000000000000
2026/09/17 10:25:00.973, 1, 78, 49.85, 100, 15219, 1189, 715, P0, 0x0000000000000000
2026/09/17 10:25:01.976, 0, 79, 117.89, 100, 14694, 1063, 715, P0, 0x0000000000000020
2026/09/17 10:25:01.980, 1, 76, 48.87, 0, 15219, 1189, 715, P0, 0x0000000000000000
2026/09/17 10:25:02.989, 0, 77, 52.68, 0, 14694, 1290, 715, P0, 0x0000000000000000
2026/09/17 10:25:02.992, 1, 79, 158.62, 100, 15219, 1328, 715, P0, 0x0000000000000000
2026/09/17 10:25:04.005, 0, 79, 164.12, 100, 14694, 1290, 715, P0, 0x0000000000000000
2026/09/17 10:25:04.008, 1, 79, 160.09, 100, 15219, 1278, 715, P0, 0x0000000000000020
2026/09/17 10:25:05.022, 0, 79, 115.12, 100, 14694, 1012, 715, P0, 0x0000000000000020
2026/09/17 10:25:05.025, 1, 79, 108.45, 100, 15219, 1164, 715, P0, 0x0000000000000000
2026/09/17 10:25:06.038, 0, 79, 118.38, 100, 14694, 1050, 715, P0, 0x0000000000000020
2026/09/17 10:25:06.042, 1, 79, 132.98, 100, 15219, 1126, 715, P0, 0x0000000000000020
2026/09/17 10:25:07.050, 0, 79, 129.73, 100, 14694, 1101, 715, P0, 0x0000000000000020
2026/09/17 10:25:07.057, 1, 78, 51.50, 0, 15219, 1215, 715, P0, 0x0000000000000000
2026/09/17 10:25:08.063, 0, 79, 118.54, 100, 14694, 1063, 715, P0, 0x0000000000000020
2026/09/17 10:25:08.066, 1, 76, 49.84, 0, 15219, 1215, 715, P0, 0x0000000000000000
2026/09/17 10:25:09.074, 0, 77, 48.30, 0, 14694, 1215, 715, P0, 0x0000000000000000
2026/09/17 10:25:09.077, 1, 79, 192.79, 100, 15219, 1328, 715, P0, 0x0000000000000000
2026/09/17 10:25:10.092, 0, 80, 163.00, 100, 14694, 1303, 715, P0, 0x0000000000000000
2026/09/17 10:25:10.097, 1, 79, 133.69, 100, 15219, 1189, 715, P0, 0x0000000000000000
2026/09/17 10:25:11.108, 0, 79, 111.18, 100, 14694, 1088, 715, P0, 0x0000000000000000
2026/09/17 10:25:11.117, 1, 79, 150.07, 100, 15219, 1177, 715, P0, 0x0000000000000000
2026/09/17 10:25:12.124, 0, 79, 119.83, 100, 14694, 1075, 715, P0, 0x0000000000000020
2026/09/17 10:25:12.128, 1, 79, 132.48, 100, 15219, 1126, 715, P0, 0x0000000000000020
2026/09/17 10:25:13.156, 0, 79, 121.71, 100, 14694, 1126, 715, P0, 0x0000000000000000
2026/09/17 10:25:13.158, 1, 78, 50.29, 20, 15219, 1189, 715, P0, 0x0000000000000000
2026/09/17 10:25:14.172, 0, 79, 117.65, 100, 14694, 1075, 715, P0, 0x0000000000000000
2026/09/17 10:25:14.176, 1, 76, 48.63, 0, 15219, 1189, 715, P0, 0x0000000000000000
2026/09/17 10:25:15.189, 0, 77, 50.46, 0, 14694, 1252, 715, P0, 0x0000000000000000
2026/09/17 10:25:15.196, 1, 80, 190.02, 100, 15219, 1278, 715, P0, 0x0000000000000020
2026/09/17 10:25:16.204, 0, 79, 161.15, 100, 14694, 1265, 715, P0, 0x0000000000000000
2026/09/17 10:25:16.207, 1, 80, 147.64, 100, 15219, 1139, 715, P0, 0x0000000000000020
2026/09/17 10:25:17.230, 0, 79, 155.15, 100, 14694, 1164, 715, P0, 0x0000000000000020
2026/09/17 10:25:17.239, 1, 79, 143.14, 100, 15219, 1189, 715, P0, 0x0000000000000000
2026/09/17 10:25:18.256, 0, 80, 134.62, 100, 14694, 1139, 715, P0, 0x0000000000000000
2026/09/17 10:25:18.260, 1, 79, 156.15, 100, 15219, 1189, 715, P0, 0x0000000000000000
2026/09/17 10:25:19.268, 0, 79, 125.64, 100, 14694, 1101, 715, P0, 0x0000000000000020
2026/09/17 10:25:19.271, 1, 77, 55.33, 0, 15219, 1303, 715, P0, 0x0000000000000000
2026/09/17 10:25:20.284, 0, 79, 56.78, 84, 14694, 1240, 715, P0, 0x0000000000000020
2026/09/17 10:25:20.289, 1, 77, 172.83, 0, 15219, 1303, 715, P0, 0x0000000000000000
2026/09/17 10:25:21.298, 0, 77, 49.80, 0, 14694, 1240, 715, P0, 0x0000000000000000
2026/09/17 10:25:21.301, 1, 79, 154.40, 100, 15219, 1265, 715, P0, 0x0000000000000000
2026/09/17 10:25:22.315, 0, 80, 161.43, 100, 14694, 1177, 715, P0, 0x0000000000000020
2026/09/17 10:25:22.326, 1, 80, 141.63, 100, 15219, 1189, 715, P0, 0x0000000000000000
2026/09/17 10:25:23.345, 0, 79, 130.28, 100, 14694, 1101, 715, P0, 0x0000000000000020
2026/09/17 10:25:23.348, 1, 79, 124.93, 100, 15219, 1101, 715, P0, 0x0000000000000020
2026/09/17 10:25:24.357, 0, 79, 108.52, 100, 14694, 1075, 715, P0, 0x0000000000000000
2026/09/17 10:25:24.366, 1, 79, 148.65, 100, 15219, 1139, 715, P0, 0x0000000000000020
2026/09/17 10:25:25.383, 0, 79, 115.01, 100, 14694, 1050, 715, P0, 0x0000000000000020
2026/09/17 10:25:25.387, 1, 77, 49.36, 0, 15219, 1189, 715, P0, 0x0000000000000000
2026/09/17 10:25:26.403, 0, 78, 72.29, 100, 14694, 1189, 715, P0, 0x0000000000000000
2026/09/17 10:25:26.407, 1, 76, 106.22, 0, 15219, 1189, 715, P0, 0x0000000000000000
2026/09/17 10:25:27.414, 0, 76, 52.45, 0, 14694, 1303, 715, P0, 0x0000000000000000
2026/09/17 10:25:27.424, 1, 80, 157.87, 100, 15219, 1316, 715, P0, 0x0000000000000000
2026/09/17 10:25:28.441, 0, 79, 118.88, 100, 14694, 1075, 715, P0, 0x0000000000000000
2026/09/17 10:25:28.446, 1, 79, 127.31, 100, 15219, 1126, 715, P0, 0x0000000000000000
2026/09/17 10:25:29.452, 0, 79, 147.04, 100, 14694, 1139, 715, P0, 0x0000000000000000
2026/09/17 10:25:29.455, 1, 79, 125.04, 100, 15219, 1101, 715, P0, 0x0000000000000020
2026/09/17 10:25:30.468, 0, 79, 109.60, 100, 14694, 1075, 715, P0, 0x0000000000000000
2026/09/17 10:25:30.471, 1, 79, 150.47, 100, 15219, 1189, 715, P0, 0x0000000000000000
2026/09/17 10:25:31.482, 0, 79, 119.28, 100, 14694, 1075, 715, P0, 0x0000000000000020
2026/09/17 10:25:31.486, 1, 77, 49.36, 0, 15219, 1189, 715, P0, 0x0000000000000000
2026/09/17 10:25:32.496, 0, 79, 72.53, 100, 14694, 1189, 715, P0, 0x0000000000000000
2026/09/17 10:25:32.504, 1, 76, 113.15, 0, 15219, 1189, 715, P0, 0x0000000000000000
2026/09/17 10:25:33.512, 0, 76, 47.42, 0, 14694, 1189, 715, P0, 0x0000000000000000
2026/09/17 10:25:33.515, 1, 80, 152.50, 100, 15219, 1290, 715, P0, 0x0000000000000000
2026/09/17 10:25:34.527, 0, 80, 190.02, 100, 14694, 1303, 715, P0, 0x0000000000000020
2026/09/17 10:25:34.530, 1, 79, 133.22, 100, 15219, 1139, 715, P0, 0x0000000000000020
2026/09/17 10:25:35.540, 0, 80, 135.35, 100, 14694, 1126, 715, P0, 0x0000000000000020
2026/09/17 10:25:35.547, 1, 79, 133.06, 100, 15219, 1139, 715, P0, 0x0000000000000020
2026/09/17 10:25:36.554, 0, 79, 137.99, 100, 14694, 1164, 715, P0, 0x0000000000000000
2026/09/17 10:25:36.557, 1, 79, 130.69, 100, 15219, 1189, 715, P0, 0x0000000000000000
2026/09/17 10:25:37.568, 0, 79, 119.28, 100, 14694, 1075, 715, P0, 0x0000000000000000
2026/09/17 10:25:37.571, 1, 77, 49.36, 0, 15219, 1189, 715, P0, 0x0000000000000000
2026/09/17 10:25:38.584, 0, 78, 49.81, 83, 14694, 1227, 715, P0, 0x0000000000000000
2026/09/17 10:25:38.587, 1, 77, 150.91, 0, 15219, 1189, 715, P0, 0x0000000000000000
2026/09/17 10:25:39.604, 0, 76, 49.31, 0, 14694, 1227, 715, P0, 0x0000000000000000
2026/09/17 10:25:39.607, 1, 80, 155.36, 100, 15219, 1227, 715, P0, 0x0000000000000020
2026/09/17 10:25:40.620, 0, 79, 119.62, 100, 14694, 1037, 715, P0, 0x0000000000000020
2026/09/17 10:25:40.631, 1, 79, 115.96, 100, 15219, 1139, 715, P0, 0x0000000000000000
2026/09/17 10:25:41.638, 0, 79, 124.37, 100, 14694, 1088, 715, P0, 0x0000000000000020
2026/09/17 10:25:41.640, 1, 79, 124.42, 100, 15219, 1101, 715, P0, 0x0000000000000020
2026/09/17 10:25:42.650, 0, 79, 138.51, 100, 14694, 1101, 715, P0, 0x0000000000000000
2026/09/17 10:25:42.655, 1, 79, 153.32, 100, 15219, 1126, 715, P0, 0x0000000000000020
2026/09/17 10:25:43.664, 0, 79, 116.13, 100, 14694, 1050, 715, P0, 0x0000000000000020
2026/09/17 10:25:43.669, 1, 77, 53.67, 0, 15219, 1278, 715, P0, 0x0000000000000000
2026/09/17 10:25:44.679, 0, 78, 55.30, 100, 14694, 1189, 715, P0, 0x0000000000000000
2026/09/17 10:25:44.686, 1, 76, 165.41, 0, 15219, 1278, 715, P0, 0x0000000000000000
2026/09/17 10:25:45.692, 0, 76, 50.72, 0, 14694, 1265, 715, P0, 0x0000000000000000
2026/09/17 10:25:45.695, 1, 80, 183.00, 100, 15219, 1316, 715, P0, 0x0000000000000000
2026/09/17 10:25:46.703, 0, 80, 145.29, 100, 14694, 1151, 715, P0, 0x0000000000000020
2026/09/17 10:25:46.707, 1, 79, 131.84, 100, 15219, 1139, 715, P0, 0x0000000000000000
2026/09/17 10:25:47.718, 0, 79, 131.61, 100, 14694, 1101, 715, P0, 0x0000000000000020
2026/09/17 10:25:47.729, 1, 79, 132.20, 100, 15219, 1139, 715, P0, 0x0000000000000020
2026/09/17 10:25:48.747, 0, 79, 154.91, 100, 14694, 1164, 715, P0, 0x0000000000000020
2026/09/17 10:25:48.750, 1, 79, 135.25, 100, 15219, 1177, 715, P0, 0x0000000000000000
2026/09/17 10:25:49.765, 0, 80, 133.49, 100, 14694, 1101, 715, P0, 0x0000000000000020
2026/09/17 10:25:49.768, 1, 77, 55.77, 0, 15219, 1316, 715, P0, 0x0000000000000000
2026/09/17 10:25:50.779, 0, 78, 54.31, 44, 14694, 1316, 715, P0, 0x0000000000000020
2026/09/17 10:25:50.782, 1, 78, 186.68, 27, 15219, 1316, 715, P0, 0x0000000000000000
2026/09/17 10:25:51.793, 0, 77, 176.12, 0, 14694, 1265, 715, P0, 0x0000000000000020
2026/09/17 10:25:51.796, 1, 79, 158.05, 100, 15219, 1215, 715, P0, 0x0000000000000000
2026/09/17 10:25:52.813, 0, 80, 158.51, 100, 14694, 1202, 715, P0, 0x0000000000000020
2026/09/17 10:25:52.816, 1, 79, 136.18, 100, 15219, 1164, 715, P0, 0x0000000000000000
2026/09/17 10:25:53.830, 0, 79, 125.28, 100, 14694, 1101, 715, P0, 0x0000000000000020
2026/09/17 10:25:53.833, 1, 79, 122.99, 100, 15219, 1088, 715, P0, 0x0000000000000020
2026/09/17 10:25:54.845, 0, 79, 150.68, 100, 14694, 1139, 715, P0, 0x0000000000000020
2026/09/17 10:25:54.855, 1, 79, 129.51, 100, 15219, 1126, 715, P0, 0x0000000000000020
2026/09/17 10:25:55.862, 0, 79, 126.40, 100, 14694, 1101, 715, P0, 0x0000000000000000
2026/09/17 10:25:55.865, 1, 77, 49.34, 0, 15219, 1189, 715, P0, 0x0000000000000000
2026/09/17 10:25:56.874, 0, 78, 54.80, 48, 14694, 1316, 715, P0, 0x0000000000000000
2026/09/17 10:25:56.877, 1, 78, 173.81, 100, 15219, 1316, 715, P0, 0x0000000000000000
2026/09/17 10:25:57.887, 0, 78, 163.70, 0, 14694, 1227, 715, P0, 0x0000000000000020
2026/09/17 10:25:57.893, 1, 80, 174.83, 100, 15219, 1303, 715, P0, 0x0000000000000000
2026/09/17 10:25:58.904, 0, 79, 153.10, 100, 14694, 1215, 715, P0, 0x0000000000000020
2026/09/17 10:25:58.915, 1, 79, 136.20, 100, 15219, 1189, 715, P0, 0x0000000000000000
2026/09/17 10:25:59.919, 0, 79, 112.23, 100, 14694, 1025, 715, P0, 0x0000000000000020
2026/09/17 10:25:59.922, 1, 79, 129.48, 100, 15219, 1126, 715, P0, 0x0000000000000020
2026/09/17 10:26:00.933, 0, 79, 138.54, 100, 14694, 1139, 715, P0, 0x0000000000000020
2026/09/17 10:26:00.936, 1, 79, 128.31, 100, 15219, 1126, 715, P0, 0x0000000000000020
2026/09/17 10:26:01.948, 0, 79, 119.03, 100, 14694, 1075, 715, P0, 0x0000000000000000
2026/09/17 10:26:01.955, 1, 77, 49.11, 0, 15219, 1189, 715, P0, 0x0000000000000000
2026/09/17 10:26:02.966, 0, 78, 51.49, 75, 14694, 1265, 715, P0, 0x0000000000000000
2026/09/17 10:26:02.972, 1, 77, 150.48, 0, 15219, 1189, 715, P0, 0x0000000000000000
2026/09/17 10:26:03.983, 0, 76, 51.04, 0, 14694, 1265, 715, P0, 0x0000000000000000
2026/09/17 10:26:03.986, 1, 79, 146.68, 100, 15219, 1227, 715, P0, 0x0000000000000000
2026/09/17 10:26:04.995, 0, 80, 150.90, 100, 14694, 1202, 715, P0, 0x0000000000000000
2026/09/17 10:26:04.999, 1, 80, 137.70, 100, 15219, 1189, 715, P0, 0x0000000000000020
2026/09/17 10:26:06.011, 0, 80, 130.76, 100, 14694, 1113, 715, P0, 0x0000000000000020
2026/09/17 10:26:06.014, 1, 79, 126.31, 100, 15219, 1113, 715, P0, 0x0000000000000020
2026/09/17 10:26:07.027, 0, 79, 142.46, 100, 14694, 1101, 715, P0, 0x0000000000000020
2026/09/17 10:26:07.036, 1, 79, 156.52, 100, 15219, 1189, 715, P0, 0x0000000000000000
2026/09/17 10:26:08.045, 0, 79, 119.97, 100, 14694, 1075, 715, P0, 0x0000000000000000
2026/09/17 10:26:08.055, 1, 77, 55.10, 0, 15219, 1303, 715, P0, 0x0000000000000000
2026/09/17 10:26:09.059, 0, 78, 48.82, 100, 14694, 1189, 715, P0, 0x0000000000000000
2026/09/17 10:26:09.062, 1, 77, 159.41, 63, 15219, 1328, 715, P0, 0x0000000000000000
2026/09/17 10:26:10.073, 0, 76, 47.66, 0, 14694, 1189, 715, P0, 0x0000000000000000
2026/09/17 10:26:10.076, 1, 79, 141.91, 100, 15219, 1265, 715, P0, 0x0000000000000000
2026/09/17 10:26:11.088, 0, 79, 133.80, 100, 14694, 1126, 715, P0, 0x0000000000000020
2026/09/17 10:26:11.094, 1, 79, 123.20, 100, 15219, 1126, 715, P0, 0x0000000000000020
2026/09/17 10:26:12.105, 0, 79, 134.63, 100, 14694, 1113, 715, P0, 0x0000000000000020
2026/09/17 10:26:12.116, 1, 79, 132.35, 100, 15219, 1139, 715, P0, 0x0000000000000020
2026/09/17 10:26:13.120, 0, 79, 121.81, 100, 14694, 1139, 715, P0, 0x0000000000000020
2026/09/17 10:26:13.124, 1, 79, 157.42, 100, 15219, 1189, 715, P0, 0x0000000000000000
2026/09/17 10:26:14.134, 0, 79, 119.01, 100, 14694, 1075, 715, P0, 0x0000000000000000
2026/09/17 10:26:14.138, 1, 77, 52.00, 0, 15219, 1240, 715, P0, 0x0000000000000000
2026/09/17 10:26:15.149, 0, 78, 50.81, 83, 14694, 1227, 715, P0, 0x0000000000000000
2026/09/17 10:26:15.152, 1, 77, 137.21, 0, 15219, 1240, 715, P0, 0x0000000000000000
2026/09/17 10:26:16.164, 0, 76, 48.77, 0, 14694, 1227, 715, P0, 0x0000000000000000
2026/09/17 10:26:16.167, 1, 80, 192.41, 100, 15219, 1316, 715, P0, 0x0000000000000000
2026/09/17 10:26:17.179, 0, 80, 157.55, 100, 14694, 1215, 715, P0, 0x0000000000000020
2026/09/17 10:26:17.183, 1, 79, 120.20, 100, 15219, 1063, 715, P0, 0x0000000000000020
2026/09/17 10:26:18.197, 0, 79, 127.68, 100, 14694, 1101, 715, P0, 0x0000000000000020
2026/09/17 10:26:18.202, 1, 79, 127.52, 100, 15219, 1113, 715, P0, 0x0000000000000000
2026/09/17 10:26:19.214, 0, 79, 103.48, 100, 14694, 1113, 715, P0, 0x0000000000000000
2026/09/17 10:26:19.220, 1, 79, 92.65, 100, 15219, 1113, 715, P0, 0x0000000000000000
2026/09/17 10:26:20.227, 0, 79, 117.59, 100, 14694, 1063, 715, P0, 0x0000000000000020
2026/09/17 10:26:20.236, 1, 77, 51.26, 0, 15219, 1227, 715, P0, 0x0000000000000000
2026/09/17 10:26:21.240, 0, 79, 120.43, 100, 14694, 1101, 715, P0, 0x0000000000000020
2026/09/17 10:26:21.243, 1, 76, 50.34, 0, 15219, 1227, 715, P0, 0x0000000000000000
2026/09/17 10:26:22.257, 0, 77, 52.12, 0, 14694, 1290, 715, P0, 0x0000000000000000
2026/09/17 10:26:22.261, 1, 79, 175.33, 100, 15219, 1265, 715, P0, 0x0000000000000000
2026/09/17 10:26:23.269, 0, 79, 149.45, 100, 14694, 1202, 715, P0, 0x0000000000000020
2026/09/17 10:26:23.274, 1, 79, 147.30, 100, 15219, 1189, 715, P0, 0x0000000000000000
2026/09/17 10:26:24.282, 0, 78, 110.28, 100, 14694, 1037, 715, P0, 0x0000000000000000
2026/09/17 10:26:24.284, 1, 80, 141.89, 100, 15219, 1177, 715, P0, 0x0000000000000020
2026/09/17 10:26:25.299, 0, 79, 118.65, 100, 14694, 1075, 715, P0, 0x0000000000000020
2026/09/17 10:26:25.305, 1, 79, 135.02, 100, 15219, 1164, 715, P0, 0x0000000000000000
2026/09/17 10:26:26.317, 0, 79, 139.71, 100, 14694, 1075, 715, P0, 0x0000000000000020
2026/09/17 10:26:26.320, 1, 77, 49.56, 0, 15219, 1189, 715, P0, 0x0000000000000000
2026/09/17 10:26:27.329, 0, 79, 125.68, 100, 14694, 1101, 715, P0, 0x0000000000000000
2026/09/17 10:26:27.336, 1, 76, 48.62, 0, 15219, 1189, 715, P0, 0x0000000000000000
2026/09/17 10:26:28.344, 0, 77, 47.62, 0, 14694, 1189, 715, P0, 0x0000000000000000
2026/09/17 10:26:28.348, 1, 80, 170.62, 100, 15219, 1278, 715, P0, 0x0000000000000000
2026/09/17 10:26:29.358, 0, 79, 164.97, 100, 14694, 1303, 715, P0, 0x0000000000000000
2026/09/17 10:26:29.361, 1, 79, 146.02, 100, 15219, 1189, 715, P0, 0x0000000000000020
2026/09/17 10:26:30.382, 0, 79, 107.09, 100, 14694, 1088, 715, P0, 0x0000000000000000
2026/09/17 10:26:30.385, 1, 79, 152.87, 100, 15219, 1189, 715, P0, 0x0000000000000020
2026/09/17 10:26:31.400, 0, 79, 118.37, 100, 14694, 1063, 715, P0, 0x0000000000000020
2026/09/17 10:26:31.404, 1, 79, 139.33, 100, 15219, 1139, 715, P0, 0x0000000000000020
2026/09/17 10:26:32.415, 0, 79, 125.72, 100, 14694, 1101, 715, P0, 0x0000000000000020
2026/09/17 10:26:32.421, 1, 78, 50.33, 6, 15219, 1189, 715, P0, 0x0000000000000000
2026/09/17 10:26:33.431, 0, 79, 119.99, 100, 14694, 1075, 715, P0, 0x0000000000000000
2026/09/17 10:26:33.438, 1, 76, 48.63, 0, 15219, 1189, 715, P0, 0x0000000000000000
2026/09/17 10:26:34.447, 0, 77, 47.81, 0, 14694, 1189, 715, P0, 0x0000000000000000
2026/09/17 10:26:34.450, 1, 79, 193.03, 100, 15219, 1328, 715, P0, 0x0000000000000000
2026/09/17 10:26:35.462, 0, 80, 210.35, 100, 14694, 1328, 715, P0, 0x0000000000000000
2026/09/17 10:26:35.465, 1, 78, 121.86, 100, 15219, 1088, 715, P0, 0x0000000000000020
2026/09/17 10:26:36.481, 0, 79, 134.52, 100, 14694, 1101, 715, P0, 0x0000000000000020
2026/09/17 10:26:36.484, 1, 79, 120.81, 100, 15219, 1075, 715, P0, 0x0000000000000020
2026/09/17 10:26:37.495, 0, 79, 142.92, 100, 14694, 1164, 715, P0, 0x0000000000000020
2026/09/17 10:26:37.499, 1, 79, 130.67, 100, 15219, 1139, 715, P0, 0x0000000000000020
2026/09/17 10:26:38.508, 0, 80, 137.27, 100, 14694, 1177, 715, P0, 0x0000000000000020
2026/09/17 10:26:38.520, 1, 79, 141.19, 100, 15219, 1164, 715, P0, 0x0000000000000000
2026/09/17 10:26:39.524, 0, 80, 126.40, 100, 14694, 1025, 715, P0, 0x0000000000000020
2026/09/17 10:26:39.528, 1, 76, 48.84, 0, 15219, 1189, 715, P0, 0x0000000000000000
2026/09/17 10:26:40.538, 0, 77, 48.10, 0, 14694, 1189, 715, P0, 0x0000000000000000
2026/09/17 10:26:40.541, 1, 79, 165.34, 100, 15219, 1328, 715, P0, 0x0000000000000000
2026/09/17 10:26:41.550, 0, 80, 184.65, 100, 14694, 1328, 715, P0, 0x0000000000000000
2026/09/17 10:26:41.553, 1, 79, 143.53, 100, 15219, 1227, 715, P0, 0x0000000000000000
2026/09/17 10:26:42.562, 0, 79, 118.91, 100, 14694, 1075, 715, P0, 0x0000000000000000
2026/09/17 10:26:42.564, 1, 79, 113.58, 100, 15219, 1050, 715, P0, 0x0000000000000020
2026/09/17 10:26:43.575, 0, 79, 128.59, 100, 14694, 1139, 715, P0, 0x0000000000000000
2026/09/17 10:26:43.583, 1, 78, 124.59, 100, 15219, 1113, 715, P0, 0x0000000000000020
2026/09/17 10:26:44.602, 0, 79, 118.08, 100, 14694, 1063, 715, P0, 0x0000000000000020
2026/09/17 10:26:44.605, 1, 79, 137.26, 100, 15219, 1151, 715, P0, 0x0000000000000020
2026/09/17 10:26:45.612, 0, 79, 136.81, 100, 14694, 1139, 715, P0, 0x0000000000000000
2026/09/17 10:26:45.615, 1, 76, 54.32, 0, 15219, 1303, 715, P0, 0x0000000000000000
2026/09/17 10:26:46.624, 0, 77, 53.59, 0, 14694, 1303, 715, P0, 0x0000000000000000
2026/09/17 10:26:46.628, 1, 79, 185.45, 100, 15219, 1328, 715, P0, 0x0000000000000000
2026/09/17 10:26:47.636, 0, 79, 156.22, 100, 14694, 1227, 715, P0, 0x0000000000000020
2026/09/17 10:26:47.642, 1, 79, 117.40, 100, 15219, 1075, 715, P0, 0x0000000000000000
2026/09/17 10:26:48.653, 0, 79, 155.96, 100, 14694, 1189, 715, P0, 0x0000000000000000
2026/09/17 10:26:48.656, 1, 78, 124.42, 100, 15219, 1164, 715, P0, 0x0000000000000000
2026/09/17 10:26:49.666, 0, 79, 117.30, 100, 14694, 1113, 715, P0, 0x0000000000000000
2026/09/17 10:26:49.670, 1, 79, 113.82, 100, 15219, 1113, 715, P0, 0x0000000000000000
2026/09/17 10:26:50.679, 0, 79, 111.53, 100, 14694, 1012, 715, P0, 0x0000000000000020
2026/09/17 10:26:50.687, 1, 79, 124.23, 100, 15219, 1101, 715, P0, 0x0000000000000020
2026/09/17 10:26:51.692, 0, 78, 124.65, 100, 14694, 1088, 715, P0, 0x0000000000000000
2026/09/17 10:26:51.694, 1, 77, 55.32, 0, 15219, 1316, 715, P0, 0x0000000000000000
2026/09/17 10:26:52.704, 0, 77, 48.76, 34, 14694, 1189, 715, P0, 0x0000000000000000
2026/09/17 10:26:52.707, 1, 78, 186.95, 52, 15219, 1328, 715, P0, 0x0000000000000000
2026/09/17 10:26:53.712, 0, 77, 158.92, 0, 14694, 1189, 715, P0, 0x0000000000000000
2026/09/17 10:26:53.715, 1, 79, 145.43, 100, 15219, 1189, 715, P0, 0x0000000000000020
2026/09/17 10:26:54.726, 0, 80, 152.28, 100, 14694, 1177, 715, P0, 0x0000000000000020
2026/09/17 10:26:54.730, 1, 79, 154.52, 100, 15219, 1252, 715, P0, 0x0000000000000020
2026/09/17 10:26:55.740, 0, 79, 111.65, 100, 14694, 1025, 715, P0, 0x0000000000000020
2026/09/17 10:26:55.746, 1, 80, 144.73, 100, 15219, 1177, 715, P0, 0x0000000000000020
2026/09/17 10:26:56.758, 0, 79, 135.37, 100, 14694, 1101, 715, P0, 0x0000000000000020
2026/09/17 10:26:56.764, 1, 79, 126.49, 100, 15219, 1113, 715, P0, 0x0000000000000020
2026/09/17 10:26:57.770, 0, 79, 114.77, 100, 14694, 1037, 715, P0, 0x0000000000000020
2026/09/17 10:26:57.773, 1, 77, 49.12, 0, 15219, 1189, 715, P0, 0x0000000000000000
2026/09/17 10:26:58.784, 0, 79, 87.47, 100, 14694, 1113, 715, P0, 0x0000000000000000
2026/09/17 10:26:58.787, 1, 76, 90.69, 0, 15219, 1189, 715, P0, 0x0000000000000000
2026/09/17 10:26:59.802, 0, 76, 47.37, 0, 14694, 1189, 715, P0, 0x0000000000000000
2026/09/17 10:26:59.805, 1, 79, 172.46, 100, 15219, 1303, 715, P0, 0x0000000000000000
2026/09/17 10:27:00.812, 0, 79, 143.51, 100, 14694, 1177, 715, P0, 0x0000000000000020
2026/09/17 10:27:00.815, 1, 79, 141.92, 100, 15219, 1189, 715, P0, 0x0000000000000000
2026/09/17 10:27:01.826, 0, 79, 147.85, 100, 14694, 1177, 715, P0, 0x0000000000000000
2026/09/17 10:27:01.829, 1, 79, 139.78, 100, 15219, 1189, 715, P0, 0x0000000000000000
2026/09/17 10:27:02.836, 0, 79, 124.71, 100, 14694, 1075, 715, P0, 0x0000000000000020
2026/09/17 10:27:02.839, 1, 79, 125.87, 100, 15219, 1164, 715, P0, 0x0000000000000000
2026/09/17 10:27:03.865, 0, 79, 133.27, 100, 14694, 1101, 715, P0, 0x0000000000000020
2026/09/17 10:27:03.871, 1, 77, 49.79, 0, 15219, 1189, 715, P0, 0x0000000000000000
2026/09/17 10:27:04.881, 0, 79, 128.01, 100, 14694, 1189, 715, P0, 0x0000000000000000
2026/09/17 10:27:04.889, 1, 76, 48.35, 0, 15219, 1189, 715, P0, 0x0000000000000000
2026/09/17 10:27:05.895, 0, 76, 47.84, 0, 14694, 1189, 715, P0, 0x0000000000000000
2026/09/17 10:27:05.899, 1, 80, 173.14, 100, 15219, 1278, 715, P0, 0x0000000000000000
2026/09/17 10:27:06.908, 0, 80, 166.70, 100, 14694, 1265, 715, P0, 0x0000000000000000
2026/09/17 10:27:06.910, 1, 80, 147.47, 100, 15219, 1202, 715, P0, 0x0000000000000000
2026/09/17 10:27:07.924, 0, 79, 112.91, 100, 14694, 1113, 715, P0, 0x0000000000000000
2026/09/17 10:27:07.930, 1, 79, 144.04, 100, 15219, 1227, 715, P0, 0x0000000000000020
2026/09/17 10:27:08.939, 0, 79, 119.25, 100, 14694, 1075, 715, P0, 0x0000000000000020
2026/09/17 10:27:08.942, 1, 79, 138.37, 100, 15219, 1139, 715, P0, 0x0000000000000020
2026/09/17 10:27:09.952, 0, 79, 127.30, 100, 14694, 1151, 715, P0, 0x0000000000000000
2026/09/17 10:27:09.955, 1, 78, 51.97, 0, 15219, 1227, 715, P0, 0x0000000000000000
2026/09/17 10:27:10.967, 0, 79, 127.34, 100, 14694, 1063, 715, P0, 0x0000000000000020
2026/09/17 10:27:10.972, 1, 76, 50.27, 0, 15219, 1227, 715, P0, 0x0000000000000000
2026/09/17 10:27:11.981, 0, 77, 48.06, 0, 14694, 1189, 715, P0, 0x0000000000000000
2026/09/17 10:27:11.986, 1, 79, 181.52, 100, 15219, 1328, 715, P0, 0x0000000000000000
2026/09/17 10:27:12.996, 0, 80, 147.57, 100, 14694, 1303, 715, P0, 0x0000000000000000
2026/09/17 10:27:12.999, 1, 79, 167.20, 100, 15219, 1189, 715, P0, 0x0000000000000000
2026/09/17 10:27:14.011, 0, 80, 126.34, 100, 14694, 1101, 715, P0, 0x0000000000000020
2026/09/17 10:27:14.015, 1, 80, 141.58, 100, 15219, 1189, 715, P0, 0x0000000000000000
2026/09/17 10:27:15.027, 0, 79, 135.11, 100, 14694, 1189, 715, P0, 0x0000000000000000
2026/09/17 10:27:15.034, 1, 79, 127.29, 100, 15219, 1088, 715, P0, 0x0000000000000020
2026/09/17 10:27:16.053, 0, 79, 125.80, 100, 14694, 1113, 715, P0, 0x0000000000000000
2026/09/17 10:27:16.056, 1, 79, 64.46, 100, 15219, 1189, 715, P0, 0x0000000000000000
2026/09/17 10:27:17.067, 0, 79, 125.40, 100, 14694, 1101, 715, P0, 0x0000000000000020
2026/09/17 10:27:17.071, 1, 77, 55.33, 0, 15219, 1316, 715, P0, 0x0000000000000000
2026/09/17 10:27:18.080, 0, 77, 48.28, 0, 14694, 1189, 715, P0, 0x0000000000000000
2026/09/17 10:27:18.083, 1, 80, 180.46, 100, 15219, 1328, 715, P0, 0x0000000000000000
2026/09/17 10:27:19.093, 0, 80, 192.47, 100, 14694, 1328, 715, P0, 0x0000000000000000
2026/09/17 10:27:19.096, 1, 79, 112.86, 100, 15219, 1189, 715, P0, 0x0000000000000000
2026/09/17 10:27:20.109, 0, 80, 121.89, 100, 14694, 1075, 715, P0, 0x0000000000000020
2026/09/17 10:27:20.114, 1, 79, 132.93, 100, 15219, 1139, 715, P0, 0x0000000000000020
2026/09/17 10:27:21.121, 0, 79, 120.81, 100, 14694, 1063, 715, P0, 0x0000000000000000
2026/09/17 10:27:21.124, 1, 79, 150.60, 100, 15219, 1189, 715, P0, 0x0000000000000000
2026/09/17 10:27:22.135, 0, 79, 111.63, 100, 14694, 1025, 715, P0, 0x0000000000000020
2026/09/17 10:27:22.138, 1, 79, 109.83, 100, 15219, 1088, 715, P0, 0x0000000000000000
2026/09/17 10:27:23.148, 0, 79, 111.66, 100, 14694, 1139, 715, P0, 0x0000000000000000
2026/09/17 10:27:23.156, 1, 77, 49.12, 0, 15219, 1189, 715, P0, 0x0000000000000000
2026/09/17 10:27:24.163, 0, 77, 54.31, 45, 14694, 1316, 715, P0, 0x0000000000000000
2026/09/17 10:27:24.166, 1, 78, 182.03, 100, 15219, 1328, 715, P0, 0x0000000000000000
2026/09/17 10:27:25.177, 0, 77, 183.11, 55, 14694, 1328, 715, P0, 0x0000000000000000
2026/09/17 10:27:25.181, 1, 80, 174.82, 100, 15219, 1303, 715, P0, 0x0000000000000020
2026/09/17 10:27:26.190, 0, 79, 120.99, 100, 14694, 1101, 715, P0, 0x0000000000000020
2026/09/17 10:27:26.199, 1, 79, 130.65, 100, 15219, 1189, 715, P0, 0x0000000000000000
2026/09/17 10:27:27.205, 0, 79, 126.44, 100, 14694, 1101, 715, P0, 0x0000000000000020
2026/09/17 10:27:27.207, 1, 79, 133.17, 100, 15219, 1139, 715, P0, 0x0000000000000000
2026/09/17 10:27:28.218, 0, 79, 135.56, 100, 14694, 1189, 715, P0, 0x0000000000000000
2026/09/17 10:27:28.221, 1, 79, 146.83, 100, 15219, 1139, 715, P0, 0x0000000000000020
2026/09/17 10:27:29.233, 0, 80, 133.27, 100, 14694, 1088, 715, P0, 0x0000000000000020
2026/09/17 10:27:29.240, 1, 77, 49.30, 0, 15219, 1189, 715, P0, 0x0000000000000000
2026/09/17 10:27:30.245, 0, 79, 116.43, 100, 14694, 999, 715, P0, 0x0000000000000020
2026/09/17 10:27:30.248, 1, 76, 48.41, 0, 15219, 1189, 715, P0, 0x0000000000000000
2026/09/17 10:27:31.261, 0, 76, 47.63, 0, 14694, 1189, 715, P0, 0x0000000000000000
2026/09/17 10:27:31.264, 1, 80, 156.26, 100, 15219, 1278, 715, P0, 0x0000000000000000
2026/09/17 10:27:32.278, 0, 80, 168.27, 100, 14694, 1265, 715, P0, 0x0000000000000020
2026/09/17 10:27:32.281, 1, 79, 131.46, 100, 15219, 1126, 715, P0, 0x0000000000000020
2026/09/17 10:27:33.292, 0, 79, 137.37, 100, 14694, 987, 715, P0, 0x0000000000000020
2026/09/17 10:27:33.303, 1, 79, 135.48, 100, 15219, 1189, 715, P0, 0x0000000000000000
2026/09/17 10:27:34.310, 0, 79, 113.67, 100, 14694, 1037, 715, P0, 0x0000000000000020
2026/09/17 10:27:34.320, 1, 79, 124.03, 100, 15219, 1126, 715, P0, 0x0000000000000020
2026/09/17 10:27:35.329, 0, 79, 141.79, 100, 14694, 1113, 715, P0, 0x0000000000000000
2026/09/17 10:27:35.332, 1, 78, 50.47, 0, 15219, 1202, 715, P0, 0x0000000000000000
2026/09/17 10:27:36.344, 0, 79, 115.01, 100, 14694, 1050, 715, P0, 0x0000000000000000
2026/09/17 10:27:36.346, 1, 76, 49.11, 0, 15219, 1202, 715, P0, 0x0000000000000000
2026/09/17 10:27:37.364, 0, 76, 47.57, 0, 14694, 1189, 715, P0, 0x0000000000000000
2026/09/17 10:27:37.367, 1, 79, 193.08, 100, 15219, 1328, 715, P0, 0x0000000000000000
2026/09/17 10:27:38.378, 0, 80, 187.64, 100, 14694, 1328, 715, P0, 0x0000000000000000
2026/09/17 10:27:38.381, 1, 79, 128.65, 100, 15219, 1164, 715, P0, 0x0000000000000000
2026/09/17 10:27:39.392, 0, 79, 110.32, 100, 14694, 961, 715, P0, 0x0000000000000020
2026/09/17 10:27:39.402, 1, 79, 133.47, 100, 15219, 1126, 715, P0, 0x0000000000000020
2026/09/17 10:27:40.406, 0, 78, 112.97, 100, 14694, 1063, 715, P0, 0x0000000000000000
2026/09/17 10:27:40.411, 1, 79, 131.31, 100, 15219, 1189, 715, P0, 0x0000000000000000
2026/09/17 10:27:41.424, 0, 79, 113.67, 100, 14694, 1037, 715, P0, 0x0000000000000020
2026/09/17 10:27:41.427, 1, 79, 128.28, 100, 15219, 1126, 715, P0, 0x0000000000000000
2026/09/17 10:27:42.438, 0, 79, 125.96, 100, 14694, 1164, 715, P0, 0x0000000000000000
2026/09/17 10:27:42.443, 1, 77, 51.51, 0, 15219, 1252, 715, P0, 0x0000000000000000
2026/09/17 10:27:43.451, 0, 77, 52.87, 0, 14694, 1290, 715, P0, 0x0000000000000000
2026/09/17 10:27:43.454, 1, 79, 179.91, 100, 15219, 1328, 715, P0, 0x0000000000000000
2026/09/17 10:27:44.467, 0, 78, 169.96, 50, 14694, 1328, 715, P0, 0x0000000000000000
2026/09/17 10:27:44.471, 1, 80, 154.24, 100, 15219, 1202, 715, P0, 0x0000000000000020
2026/09/17 10:27:45.482, 0, 80, 137.88, 100, 14694, 1215, 715, P0, 0x0000000000000000
2026/09/17 10:27:45.485, 1, 79, 127.91, 100, 15219, 1151, 715, P0, 0x0000000000000000
2026/09/17 10:27:46.495, 0, 79, 119.61, 100, 14694, 1075, 715, P0, 0x0000000000000000
2026/09/17 10:27:46.498, 1, 79, 123.72, 100, 15219, 1101, 715, P0, 0x0000000000000000
2026/09/17 10:27:47.515, 0, 79, 143.52, 100, 14694, 1139, 715, P0, 0x0000000000000020
2026/09/17 10:27:47.519, 1, 79, 125.29, 100, 15219, 1139, 715, P0, 0x0000000000000000
2026/09/17 10:27:48.528, 0, 79, 119.25, 100, 14694, 1075, 715, P0, 0x0000000000000000
2026/09/17 10:27:48.531, 1, 77, 53.18, 0, 15219, 1278, 715, P0, 0x0000000000000000
2026/09/17 10:27:49.541, 0, 78, 57.97, 100, 14694, 1189, 715, P0, 0x0000000000000000
2026/09/17 10:27:49.545, 1, 76, 167.07, 0, 15219, 1278, 715, P0, 0x0000000000000000
2026/09/17 10:27:50.560, 0, 76, 52.91, 0, 14694, 1303, 715, P0, 0x0000000000000000
2026/09/17 10:27:50.564, 1, 80, 170.41, 100, 15219, 1290, 715, P0, 0x0000000000000000
2026/09/17 10:27:51.580, 0, 80, 142.91, 100, 14694, 1189, 715, P0, 0x0000000000000000
2026/09/17 10:27:51.588, 1, 79, 131.84, 100, 15219, 1126, 715, P0, 0x0000000000000020
2026/09/17 10:27:52.597, 0, 79, 117.22, 100, 14694, 1101, 715, P0, 0x0000000000000020
2026/09/17 10:27:52.599, 1, 79, 131.61, 100, 15219, 1189, 715, P0, 0x0000000000000000
2026/09/17 10:27:53.612, 0, 79, 119.60, 100, 14694, 1037, 715, P0, 0x0000000000000020
2026/09/17 10:27:53.615, 1, 79, 127.79, 100, 15219, 1113, 715, P0, 0x0000000000000020
2026/09/17 10:27:54.625, 0, 79, 122.73, 100, 14694, 1151, 715, P0, 0x0000000000000000
2026/09/17 10:27:54.630, 1, 78, 55.80, 0, 15219, 1303, 715, P0, 0x0000000000000000
2026/09/17 10:27:55.641, 0, 79, 117.80, 100, 14694, 1063, 715, P0, 0x0000000000000020
2026/09/17 10:27:55.649, 1, 76, 54.38, 0, 15219, 1303, 715, P0, 0x0000000000000000
2026/09/17 10:27:56.654, 0, 77, 47.57, 0, 14694, 1189, 715, P0, 0x0000000000000000
2026/09/17 10:27:56.657, 1, 79, 189.48, 100, 15219, 1328, 715, P0, 0x0000000000000000
2026/09/17 10:27:57.668, 0, 79, 153.26, 100, 14694, 1328, 715, P0, 0x0000000000000000
2026/09/17 10:27:57.670, 1, 79, 154.90, 100, 15219, 1189, 715, P0, 0x0000000000000000
2026/09/17 10:27:58.679, 0, 76, 55.82, 0, 14694, 1328, 715, P0, 0x0000000000000000
2026/09/17 10:27:58.682, 1, 79, 137.12, 100, 15219, 1139, 715, P0, 0x0000000000000020
2026/09/17 10:27:59.694, 0, 76, 55.16, 0, 14694, 1328, 715, P0, 0x0000000000000000
2026/09/17 10:27:59.700, 1, 79, 135.21, 100, 15219, 1189, 715, P0, 0x0000000000000000
2026/09/17 10:28:00.712, 0, 75, 46.73, 0, 14694, 1189, 715, P0, 0x0000000000000000
2026/09/17 10:28:00.715, 1, 79, 115.86, 100, 15219, 1177, 715, P0, 0x0000000000000000
2026/09/17 10:28:01.729, 0, 77, 176.18, 70, 14694, 1316, 715, P0, 0x0000000000000000
2026/09/17 10:28:01.732, 1, 78, 49.92, 22, 15219, 1189, 715, P0, 0x0000000000000000
2026/09/17 10:28:02.747, 0, 79, 193.38, 100, 14694, 1316, 715, P0, 0x0000000000000000
2026/09/17 10:28:02.750, 1, 76, 48.47, 0, 15219, 1189, 715, P0, 0x0000000000000000
2026/09/17 10:28:03.757, 0, 80, 139.26, 100, 14694, 1202, 715, P0, 0x0000000000000000
2026/09/17 10:28:03.760, 1, 76, 48.09, 0, 15219, 1189, 715, P0, 0x0000000000000000
2026/09/17 10:28:04.773, 0, 79, 133.99, 100, 14694, 1139, 715, P0, 0x0000000000000020
2026/09/17 10:28:04.777, 1, 75, 47.86, 0, 15219, 1189, 715, P0, 0x0000000000000000
2026/09/17 10:28:05.792, 0, 79, 140.93, 100, 14694, 1189, 715, P0, 0x0000000000000000
2026/09/17 10:28:05.795, 1, 75, 47.38, 0, 15219, 1189, 715, P0, 0x0000000000000000
2026/09/17 10:28:06.805, 0, 77, 53.59, 0, 14694, 1303, 715, P0, 0x0000000000000000
2026/09/17 10:28:06.810, 1, 77, 184.80, 100, 15219, 1328, 715, P0, 0x0000000000000000
2026/09/17 10:28:07.819, 0, 76, 52.35, 0, 14694, 1303, 715, P0, 0x0000000000000000
2026/09/17 10:28:07.822, 1, 79, 194.41, 100, 15219, 1328, 715, P0, 0x0000000000000000
2026/09/17 10:28:08.834, 0, 75, 52.19, 0, 14694, 1303, 715, P0, 0x0000000000000000
2026/09/17 10:28:08.837, 1, 79, 150.88, 100, 15219, 1303, 715, P0, 0x0000000000000000
2026/09/17 10:28:09.847, 0, 75, 51.92, 0, 14694, 1303, 715, P0, 0x0000000000000000
2026/09/17 10:28:09.850, 1, 79, 155.73, 100, 15219, 1227, 715, P0, 0x0000000000000000
2026/09/17 10:28:10.860, 0, 75, 51.72, 0, 14694, 1303, 715, P0, 0x0000000000000000
2026/09/17 10:28:10.863, 1, 79, 149.41, 100, 15219, 1202, 715, P0, 0x0000000000000000
2026/09/17 10:28:11.872, 0, 77, 161.77, 37, 14694, 1328, 715, P0, 0x0000000000000000
2026/09/17 10:28:11.875, 1, 78, 124.59, 61, 15219, 1303, 715, P0, 0x0000000000000000
2026/09/17 10:28:12.885, 0, 77, 66.90, 51, 14694, 1328, 715, P0, 0x0000000000000000
2026/09/17 10:28:12.888, 1, 78, 202.44, 52, 15219, 1290, 715, P0, 0x0000000000000020
2026/09/17 10:28:13.899, 0, 78, 214.29, 54, 14694, 1328, 715, P0, 0x0000000000000000
2026/09/17 10:28:13.903, 1, 79, 66.75, 43, 15219, 1303, 715, P0, 0x0000000000000000
2026/09/17 10:28:14.909, 0, 78, 92.93, 38, 14694, 1328, 715, P0, 0x0000000000000000
2026/09/17 10:28:14.912, 1, 78, 185.84, 56, 15219, 1328, 715, P0, 0x0000000000000000
2026/09/17 10:28:15.918, 0, 78, 150.08, 47, 14694, 1328, 715, P0, 0x0000000000000000
2026/09/17 10:28:15.921, 1, 79, 115.66, 54, 15219, 1328, 715, P0, 0x0000000000000000
2026/09/17 10:28:16.929, 0, 78, 192.38, 50, 14694, 1328, 715, P0, 0x0000000000000000
2026/09/17 10:28:16.933, 1, 78, 58.76, 50, 15219, 1126, 715, P0, 0x0000000000000000
2026/09/17 10:28:17.940, 0, 78, 163.80, 41, 14694, 1328, 715, P0, 0x0000000000000000
2026/09/17 10:28:17.943, 1, 78, 77.64, 59, 15219, 1139, 715, P0, 0x0000000000000020
2026/09/17 10:28:18.951, 0, 78, 205.19, 40, 14694, 1328, 715, P0, 0x0000000000000000
2026/09/17 10:28:18.956, 1, 78, 66.57, 60, 15219, 1252, 715, P0, 0x0000000000000000
2026/09/17 10:28:19.961, 0, 79, 156.25, 53, 14694, 1328, 715, P0, 0x0000000000000000
2026/09/17 10:28:19.964, 1, 78, 145.34, 45, 15219, 1316, 715, P0, 0x0000000000000000
2026/09/17 10:28:20.972, 0, 79, 63.81, 49, 14694, 1328, 715, P0, 0x0000000000000000
2026/09/17 10:28:20.977, 1, 79, 177.22, 45, 15219, 1328, 715, P0, 0x0000000000000000
2026/09/17 10:28:21.981, 0, 79, 217.04, 38, 14694, 1316, 715, P0, 0x0000000000000020
2026/09/17 10:28:21.985, 1, 79, 77.97, 59, 15219, 1328, 715, P0, 0x0000000000000000
2026/09/17 10:28:22.994, 0, 79, 70.98, 54, 14694, 1316, 715, P0, 0x0000000000000020
2026/09/17 10:28:22.997, 1, 79, 212.38, 47, 15219, 1328, 715, P0, 0x0000000000000000
2026/09/17 10:28:24.005, 0, 77, 58.17, 21, 14694, 1328, 715, P0, 0x0000000000000000
2026/09/17 10:28:24.008, 1, 78, 60.56, 29, 15219, 1328, 715, P0, 0x0000000000000000
2026/09/17 10:28:25.016, 0, 78, 118.75, 100, 14694, 1088, 715, P0, 0x0000000000000000
2026/09/17 10:28:25.026, 1, 76, 58.44, 0, 15219, 1328, 715, P0, 0x0000000000000000
2026/09/17 10:28:26.045, 0, 79, 140.80, 100, 14694, 1151, 715, P0, 0x0000000000000020
2026/09/17 10:28:26.048, 1, 76, 58.13, 27, 15219, 1328, 715, P0, 0x0000000000000000
2026/09/17 10:28:27.058, 0, 79, 127.81, 100, 14694, 1189, 715, P0, 0x0000000000000000
2026/09/17 10:28:27.063, 1, 75, 47.87, 0, 15219, 1189, 715, P0, 0x0000000000000000
2026/09/17 10:28:28.077, 0, 79, 142.53, 100, 14694, 1139, 715, P0, 0x0000000000000020
2026/09/17 10:28:28.080, 1, 75, 47.84, 0, 15219, 1189, 715, P0, 0x0000000000000000
2026/09/17 10:28:29.091, 0, 79, 139.70, 100, 14694, 1202, 715, P0, 0x0000000000000000
2026/09/17 10:28:29.094, 1, 75, 47.37, 0, 15219, 1189, 715, P0, 0x0000000000000000
2026/09/17 10:28:30.106, 0, 77, 54.07, 0, 14694, 1316, 715, P0, 0x0000000000000000
2026/09/17 10:28:30.109, 1, 78, 173.81, 100, 15219, 1328, 715, P0, 0x0000000000000000
2026/09/17 10:28:31.117, 0, 79, 193.79, 100, 14694, 1328, 715, P0, 0x0000000000000000
2026/09/17 10:28:31.120, 1, 79, 195.12, 100, 15219, 1328, 715, P0, 0x0000000000000000
2026/09/17 10:28:32.133, 0, 79, 134.21, 100, 14694, 1177, 715, P0, 0x0000000000000000
2026/09/17 10:28:32.139, 1, 79, 165.10, 100, 15219, 1265, 715, P0, 0x0000000000000000
2026/09/17 10:28:33.143, 0, 79, 132.02, 100, 14694, 1113, 715, P0, 0x0000000000000020
2026/09/17 10:28:33.146, 1, 79, 135.47, 100, 15219, 1202, 715, P0, 0x0000000000000000
2026/09/17 10:28:34.159, 0, 79, 131.53, 100, 14694, 1113, 715, P0, 0x0000000000000020
2026/09/17 10:28:34.162, 1, 79, 139.49, 100, 15219, 1227, 715, P0, 0x0000000000000000
2026/09/17 10:28:35.174, 0, 79, 119.01, 100, 14694, 1075, 715, P0, 0x0000000000000000
2026/09/17 10:28:35.178, 1, 76, 52.93, 0, 15219, 1278, 715, P0, 0x0000000000000000
2026/09/17 10:28:36.182, 0, 78, 52.92, 61, 14694, 1290, 715, P0, 0x0000000000000000
2026/09/17 10:28:36.185, 1, 77, 167.98, 34, 15219, 1278, 715, P0, 0x0000000000000000
2026/09/17 10:28:37.200, 0, 76, 52.35, 0, 14694, 1290, 715, P0, 0x0000000000000000
2026/09/17 10:28:37.203, 1, 79, 196.78, 100, 15219, 1328, 715, P0, 0x0000000000000000
2026/09/17 10:28:38.218, 0, 80, 149.15, 100, 14694, 1177, 715, P0, 0x0000000000000020
2026/09/17 10:28:38.221, 1, 80, 124.30, 100, 15219, 1189, 715, P0, 0x0000000000000000
2026/09/17 10:28:39.234, 0, 79, 140.40, 100, 14694, 1177, 715, P0, 0x0000000000000020
2026/09/17 10:28:39.243, 1, 79, 151.11, 100, 15219, 1202, 715, P0, 0x0000000000000020
2026/09/17 10:28:40.249, 0, 79, 108.76, 100, 14694, 1075, 715, P0, 0x0000000000000000
2026/09/17 10:28:40.254, 1, 79, 148.09, 100, 15219, 1139, 715, P0, 0x0000000000000020
2026/09/17 10:28:41.281, 0, 79, 120.45, 100, 14694, 1075, 715, P0, 0x0000000000000020
2026/09/17 10:28:41.284, 1, 77, 54.15, 0, 15219, 1290, 715, P0, 0x0000000000000000
2026/09/17 10:28:42.293, 0, 79, 100.67, 100, 14694, 1101, 715, P0, 0x0000000000000000
2026/09/17 10:28:42.296, 1, 76, 53.27, 0, 15219, 1290, 715, P0, 0x0000000000000000
2026/09/17 10:28:43.308, 0, 77, 51.70, 0, 14694, 1278, 715, P0, 0x0000000000000000
2026/09/17 10:28:43.312, 1, 80, 171.54, 100, 15219, 1278, 715, P0, 0x0000000000000000
2026/09/17 10:28:44.326, 0, 79, 145.46, 100, 14694, 1151, 715, P0, 0x0000000000000000
2026/09/17 10:28:44.329, 1, 78, 107.92, 100, 15219, 987, 715, P0, 0x0000000000000020
2026/09/17 10:28:45.356, 0, 79, 131.66, 100, 14694, 1101, 715, P0, 0x0000000000000020
2026/09/17 10:28:45.363, 1, 78, 123.18, 100, 15219, 1164, 715, P0, 0x0000000000000000
2026/09/17 10:28:46.373, 0, 79, 128.48, 100, 14694, 1101, 715, P0, 0x0000000000000020
2026/09/17 10:28:46.376, 1, 79, 140.39, 100, 15219, 1177, 715, P0, 0x0000000000000020
2026/09/17 10:28:47.387, 0, 79, 107.36, 100, 14694, 1139, 715, P0, 0x0000000000000000
2026/09/17 10:28:47.390, 1, 78, 52.50, 90, 15219, 1240, 715, P0, 0x0000000000000000
2026/09/17 10:28:48.400, 0, 79, 124.69, 100, 14694, 1101, 715, P0, 0x0000000000000020
2026/09/17 10:28:48.405, 1, 76, 50.76, 0, 15219, 1240, 715, P0, 0x0000000000000000
2026/09/17 10:28:49.416, 0, 77, 47.74, 0, 14694, 1189, 715, P0, 0x0000000000000000
2026/09/17 10:28:49.419, 1, 79, 205.12, 100, 15219, 1328, 715, P0, 0x0000000000000000
2026/09/17 10:28:50.434, 0, 80, 175.28, 100, 14694, 1278, 715, P0, 0x0000000000000020
2026/09/17 10:28:50.437, 1, 79, 129.76, 100, 15219, 1189, 715, P0, 0x0000000000000000
2026/09/17 10:28:51.452, 0, 79, 142.63, 100, 14694, 1164, 715, P0, 0x0000000000000020
2026/09/17 10:28:51.455, 1, 79, 141.06, 100, 15219, 1189, 715, P0, 0x0000000000000000
2026/09/17 10:28:52.466, 0, 79, 122.84, 100, 14694, 1164, 715, P0, 0x0000000000000000
2026/09/17 10:28:52.473, 1, 79, 142.66, 100, 15219, 1240, 715, P0, 0x0000000000000000
2026/09/17 10:28:53.486, 0, 79, 115.66, 100, 14694, 1050, 715, P0, 0x0000000000000020
2026/09/17 10:28:53.491, 1, 79, 136.70, 100, 15219, 1189, 715, P0, 0x0000000000000000
2026/09/17 10:28:54.500, 0, 79, 99.72, 100, 14694, 1088, 715, P0, 0x0000000000000000
2026/09/17 10:28:54.504, 1, 77, 55.11, 0, 15219, 1316, 715, P0, 0x0000000000000000
2026/09/17 10:28:55.514, 0, 78, 49.77, 0, 14694, 1227, 715, P0, 0x0000000000000000
2026/09/17 10:28:55.517, 1, 78, 179.68, 100, 15219, 1328, 715, P0, 0x0000000000000000
2026/09/17 10:28:56.529, 0, 77, 163.79, 10, 14694, 1227, 715, P0, 0x0000000000000000
2026/09/17 10:28:56.532, 1, 80, 181.10, 100, 15219, 1328, 715, P0, 0x0000000000000000
2026/09/17 10:28:57.543, 0, 79, 121.55, 100, 14694, 1063, 715, P0, 0x0000000000000020
2026/09/17 10:28:57.546, 1, 79, 107.89, 100, 15219, 1037, 715, P0, 0x0000000000000020
2026/09/17 10:28:58.562, 0, 79, 134.65, 100, 14694, 1139, 715, P0, 0x0000000000000000
2026/09/17 10:28:58.568, 1, 79, 123.90, 100, 15219, 1075, 715, P0, 0x0000000000000020
2026/09/17 10:28:59.580, 0, 79, 117.78, 100, 14694, 1063, 715, P0, 0x0000000000000020
2026/09/17 10:28:59.585, 1, 79, 100.80, 100, 15219, 1126, 715, P0, 0x0000000000000000
2026/09/17 10:29:00.593, 0, 79, 130.90, 100, 14694, 1139, 715, P0, 0x0000000000000000
2026/09/17 10:29:00.596, 1, 77, 53.12, 0, 15219, 1278, 715, P0, 0x0000000000000000
2026/09/17 10:29:01.610, 0, 79, 120.70, 100, 14694, 1063, 715, P0, 0x0000000000000020
2026/09/17 10:29:01.615, 1, 76, 52.21, 0, 15219, 1278, 715, P0, 0x0000000000000000
2026/09/17 10:29:02.622, 0, 76, 47.57, 0, 14694, 1189, 715, P0, 0x0000000000000000
2026/09/17 10:29:02.625, 1, 79, 192.79, 100, 15219, 1328, 715, P0, 0x0000000000000000
2026/09/17 10:29:03.636, 0, 79, 180.78, 100, 14694, 1328, 715, P0, 0x0000000000000000
2026/09/17 10:29:03.639, 1, 79, 131.79, 100, 15219, 1189, 715, P0, 0x0000000000000000
2026/09/17 10:29:04.656, 0, 79, 109.73, 100, 14694, 987, 715, P0, 0x0000000000000020
2026/09/17 10:29:04.659, 1, 79, 147.84, 100, 15219, 1189, 715, P0, 0x0000000000000020
2026/09/17 10:29:05.676, 0, 79, 139.33, 100, 14694, 1101, 715, P0, 0x0000000000000020
2026/09/17 10:29:05.679, 1, 79, 143.88, 100, 15219, 1189, 715, P0, 0x0000000000000020
2026/09/17 10:29:06.690, 0, 79, 118.29, 100, 14694, 1075, 715, P0, 0x0000000000000000
2026/09/17 10:29:06.699, 1, 79, 55.35, 87, 15219, 1215, 715, P0, 0x0000000000000020
2026/09/17 10:29:07.706, 0, 79, 133.95, 100, 14694, 1164, 715, P0, 0x0000000000000000
2026/09/17 10:29:07.709, 1, 76, 50.03, 0, 15219, 1215, 715, P0, 0x0000000000000000
2026/09/17 10:29:08.722, 0, 77, 48.53, 0, 14694, 1189, 715, P0, 0x0000000000000000
2026/09/17 10:29:08.725, 1, 78, 186.95, 100, 15219, 1328, 715, P0, 0x0000000000000000
2026/09/17 10:29:09.735, 0, 77, 188.88, 49, 14694, 1328, 715, P0, 0x0000000000000000
2026/09/17 10:29:09.738, 1, 79, 163.07, 100, 15219, 1252, 715, P0, 0x0000000000000020
2026/09/17 10:29:10.749, 0, 80, 147.14, 100, 14694, 1240, 715, P0, 0x0000000000000000
2026/09/17 10:29:10.755, 1, 78, 105.83, 100, 15219, 1088, 715, P0, 0x0000000000000000
2026/09/17 10:29:11.765, 0, 79, 112.49, 100, 14694, 1025, 715, P0, 0x0000000000000020
2026/09/17 10:29:11.768, 1, 79, 126.84, 100, 15219, 1126, 715, P0, 0x0000000000000020
2026/09/17 10:29:12.781, 0, 79, 109.13, 100, 14694, 1050, 715, P0, 0x0000000000000000
2026/09/17 10:29:12.784, 1, 79, 130.69, 100, 15219, 1189, 715, P0, 0x0000000000000000
2026/09/17 10:29:13.797, 0, 79, 122.39, 100, 14694, 1075, 715, P0, 0x0000000000000020
2026/09/17 10:29:13.800, 1, 77, 49.59, 0, 15219, 1189, 715, P0, 0x0000000000000000
2026/09/17 10:29:14.808, 0, 79, 115.50, 100, 14694, 1050, 715, P0, 0x0000000000000000
2026/09/17 10:29:14.818, 1, 76, 48.39, 0, 15219, 1189, 715, P0, 0x0000000000000000
2026/09/17 10:29:15.835, 0, 77, 51.18, 0, 14694, 1265, 715, P0, 0x0000000000000000
2026/09/17 10:29:15.838, 1, 80, 193.71, 100, 15219, 1328, 715, P0, 0x0000000000000000
2026/09/17 10:29:16.849, 0, 80, 206.54, 100, 14694, 1290, 715, P0, 0x0000000000000020
2026/09/17 10:29:16.856, 1, 79, 137.04, 100, 15219, 1189, 715, P0, 0x0000000000000000
2026/09/17 10:29:17.864, 0, 79, 119.49, 100, 14694, 1050, 715, P0, 0x0000000000000020
2026/09/17 10:29:17.866, 1, 79, 140.03, 100, 15219, 1164, 715, P0, 0x0000000000000000
2026/09/17 10:29:18.877, 0, 79, 122.64, 100, 14694, 1126, 715, P0, 0x0000000000000000
2026/09/17 10:29:18.881, 1, 79, 139.94, 100, 15219, 1177, 715, P0, 0x0000000000000020
2026/09/17 10:29:19.890, 0, 79, 119.01, 100, 14694, 1075, 715, P0, 0x0000000000000020
2026/09/17 10:29:19.900, 1, 79, 54.64, 80, 15219, 1278, 715, P0, 0x0000000000000020
2026/09/17 10:29:20.906, 0, 79, 124.50, 100, 14694, 1126, 715, P0, 0x0000000000000020
2026/09/17 10:29:20.909, 1, 77, 53.18, 0, 15219, 1278, 715, P0, 0x0000000000000000
2026/09/17 10:29:21.919, 0, 77, 54.30, 0, 14694, 1316, 715, P0, 0x0000000000000000
2026/09/17 10:29:21.922, 1, 78, 187.40, 100, 15219, 1328, 715, P0, 0x0000000000000000
2026/09/17 10:29:22.934, 0, 77, 165.74, 33, 14694, 1316, 715, P0, 0x0000000000000000
2026/09/17 10:29:22.937, 1, 79, 136.84, 100, 15219, 1189, 715, P0, 0x0000000000000000
2026/09/17 10:29:23.949, 0, 80, 141.50, 100, 14694, 1139, 715, P0, 0x0000000000000020
2026/09/17 10:29:23.958, 1, 79, 126.90, 100, 15219, 1177, 715, P0, 0x0000000000000000
2026/09/17 10:29:24.962, 0, 79, 135.85, 100, 14694, 1139, 715, P0, 0x0000000000000020
2026/09/17 10:29:24.966, 1, 79, 131.21, 100, 15219, 1139, 715, P0, 0x0000000000000020
2026/09/17 10:29:25.980, 0, 79, 119.94, 100, 14694, 1101, 715, P0, 0x0000000000000000
2026/09/17 10:29:25.983, 1, 79, 153.20, 100, 15219, 1189, 715, P0, 0x0000000000000020
2026/09/17 10:29:26.997, 0, 79, 125.68, 100, 14694, 1101, 715, P0, 0x0000000000000020
2026/09/17 10:29:27.000, 1, 77, 50.76, 0, 15219, 1215, 715, P0, 0x0000000000000000
2026/09/17 10:29:28.015, 0, 79, 109.35, 100, 14694, 1139, 715, P0, 0x0000000000000000
2026/09/17 10:29:28.018, 1, 76, 49.61, 0, 15219, 1215, 715, P0, 0x0000000000000000
2026/09/17 10:29:29.026, 0, 76, 47.84, 0, 14694, 1189, 715, P0, 0x0000000000000000
2026/09/17 10:29:29.032, 1, 80, 171.32, 100, 15219, 1290, 715, P0, 0x0000000000000000
2026/09/17 10:29:30.042, 0, 79, 143.87, 100, 14694, 1227, 715, P0, 0x0000000000000000
2026/09/17 10:29:30.045, 1, 79, 153.71, 100, 15219, 1177, 715, P0, 0x0000000000000000
2026/09/17 10:29:31.059, 0, 80, 134.76, 100, 14694, 1139, 715, P0, 0x0000000000000000
2026/09/17 10:29:31.064, 1, 79, 123.92, 100, 15219, 1113, 715, P0, 0x0000000000000000
2026/09/17 10:29:32.072, 0, 79, 135.10, 100, 14694, 987, 715, P0, 0x0000000000000020
2026/09/17 10:29:32.080, 1, 79, 132.73, 100, 15219, 1126, 715, P0, 0x0000000000000020
2026/09/17 10:29:33.092, 0, 79, 115.61, 100, 14694, 1012, 715, P0, 0x0000000000000020
2026/09/17 10:29:33.098, 1, 79, 113.33, 100, 15219, 1113, 715, P0, 0x0000000000000000
2026/09/17 10:29:34.107, 0, 79, 136.12, 100, 14694, 1113, 715, P0, 0x0000000000000020
2026/09/17 10:29:34.119, 1, 76, 48.81, 0, 15219, 1189, 715, P0, 0x0000000000000000
2026/09/17 10:29:35.136, 0, 77, 48.06, 0, 14694, 1189, 715, P0, 0x0000000000000000
2026/09/17 10:29:35.139, 1, 78, 181.12, 100, 15219, 1328, 715, P0, 0x0000000000000000
2026/09/17 10:29:36.148, 0, 77, 185.40, 75, 14694, 1316, 715, P0, 0x0000000000000000
2026/09/17 10:29:36.153, 1, 80, 152.15, 100, 15219, 1227, 715, P0, 0x0000000000000020
2026/09/17 10:29:37.162, 0, 80, 157.25, 100, 14694, 1215, 715, P0, 0x0000000000000000
2026/09/17 10:29:37.165, 1, 79, 140.10, 100, 15219, 1189, 715, P0, 0x0000000000000000
2026/09/17 10:29:38.177, 0, 79, 111.92, 100, 14694, 1012, 715, P0, 0x0000000000000020
2026/09/17 10:29:38.181, 1, 79, 138.38, 100, 15219, 1151, 715, P0, 0x0000000000000020
2026/09/17 10:29:39.193, 0, 79, 119.29, 100, 14694, 1050, 715, P0, 0x0000000000000020
2026/09/17 10:29:39.198, 1, 79, 139.08, 100, 15219, 1189, 715, P0, 0x0000000000000000
2026/09/17 10:29:40.208, 0, 79, 127.82, 100, 14694, 1088, 715, P0, 0x0000000000000020
2026/09/17 10:29:40.218, 1, 77, 49.31, 0, 15219, 1189, 715, P0, 0x0000000000000000
2026/09/17 10:29:41.237, 0, 79, 116.62, 100, 14694, 1050, 715, P0, 0x0000000000000020
2026/09/17 10:29:41.240, 1, 76, 48.63, 0, 15219, 1189, 715, P0, 0x0000000000000000
2026/09/17 10:29:42.255, 0, 76, 48.28, 0, 14694, 1202, 715, P0, 0x0000000000000000
2026/09/17 10:29:42.258, 1, 80, 194.22, 100, 15219, 1328, 715, P0, 0x0000000000000000
2026/09/17 10:29:43.264, 0, 80, 160.90, 100, 14694, 1290, 715, P0, 0x0000000000000000
2026/09/17 10:29:43.268, 1, 79, 154.07, 100, 15219, 1215, 715, P0, 0x0000000000000000
2026/09/17 10:29:44.279, 0, 80, 132.36, 100, 14694, 1101, 715, P0, 0x0000000000000020
2026/09/17 10:29:44.282, 1, 79, 126.06, 100, 15219, 1101, 715, P0, 0x0000000000000020
2026/09/17 10:29:45.293, 0, 79, 154.54, 100, 14694, 1113, 715, P0, 0x0000000000000020
2026/09/17 10:29:45.299, 1, 79, 122.10, 100, 15219, 1151, 715, P0, 0x0000000000000000
2026/09/17 10:29:46.308, 0, 79, 126.70, 100, 14694, 1113, 715, P0, 0x0000000000000000
2026/09/17 10:29:46.319, 1, 79, 127.20, 100, 15219, 1101, 715, P0, 0x0000000000000020
2026/09/17 10:29:47.337, 0, 79, 140.86, 100, 14694, 1139, 715, P0, 0x0000000000000020
2026/09/17 10:29:47.340, 1, 77, 53.87, 0, 15219, 1290, 715, P0, 0x0000000000000000
2026/09/17 10:29:48.352, 0, 77, 52.14, 0, 14694, 1278, 715, P0, 0x0000000000000000
2026/09/17 10:29:48.355, 1, 79, 191.12, 100, 15219, 1328, 715, P0, 0x0000000000000000
2026/09/17 10:29:49.366, 0, 78, 184.18, 96, 14694, 1328, 715, P0, 0x0000000000000000
2026/09/17 10:29:49.369, 1, 79, 147.08, 100, 15219, 1189, 715, P0, 0x0000000000000020
2026/09/17 10:29:50.382, 0, 80, 172.41, 100, 14694, 1265, 715, P0, 0x0000000000000000
2026/09/17 10:29:50.386, 1, 79, 153.30, 100, 15219, 1177, 715, P0, 0x0000000000000020
2026/09/17 10:29:51.398, 0, 79, 120.09, 100, 14694, 1075, 715, P0, 0x0000000000000020
2026/09/17 10:29:51.403, 1, 79, 123.48, 100, 15219, 1101, 715, P0, 0x0000000000000000
2026/09/17 10:29:52.415, 0, 79, 128.25, 100, 14694, 1151, 715, P0, 0x0000000000000000
2026/09/17 10:29:52.419, 1, 79, 158.29, 100, 15219, 1189, 715, P0, 0x0000000000000000
2026/09/17 10:29:53.431, 0, 79, 119.98, 100, 14694, 1075, 715, P0, 0x0000000000000020
2026/09/17 10:29:53.440, 1, 77, 51.97, 0, 15219, 1252, 715, P0, 0x0000000000000000
2026/09/17 10:29:54.453, 0, 79, 127.37, 100, 14694, 1164, 715, P0, 0x0000000000000000
2026/09/17 10:29:54.459, 1, 76, 50.73, 0, 15219, 1252, 715, P0, 0x0000000000000000
2026/09/17 10:29:55.470, 0, 77, 47.61, 0, 14694, 1189, 715, P0, 0x0000000000000000
2026/09/17 10:29:55.475, 1, 80, 177.90, 100, 15219, 1290, 715, P0, 0x0000000000000000
2026/09/17 10:29:56.485, 0, 79, 167.27, 100, 14694, 1240, 715, P0, 0x0000000000000000
2026/09/17 10:29:56.488, 1, 79, 140.82, 100, 15219, 1189, 715, P0, 0x0000000000000020
2026/09/17 10:29:57.502, 0, 79, 120.82, 100, 14694, 1050, 715, P0, 0x0000000000000020
2026/09/17 10:29:57.505, 1, 79, 115.72, 100, 15219, 1139, 715, P0, 0x0000000000000000
2026/09/17 10:29:58.518, 0, 79, 126.22, 100, 14694, 1101, 715, P0, 0x0000000000000020
2026/09/17 10:29:58.522, 1, 79, 123.99, 100, 15219, 1101, 715, P0, 0x0000000000000020
2026/09/17 10:29:59.535, 0, 79, 119.28, 100, 14694, 1075, 715, P0, 0x0000000000000000
2026/09/17 10:29:59.540, 1, 79, 133.74, 100, 15219, 1139, 715, P0, 0x0000000000000020
2026/09/17 10:30:00.550, 0, 79, 117.62, 100, 14694, 1139, 715, P0, 0x0000000000000000
2026/09/17 10:30:00.561, 1, 76, 48.63, 0, 15219, 1189, 715, P0, 0x0000000000000000
2026/09/17 10:30:01.566, 0, 77, 48.53, 0, 14694, 1189, 715, P0, 0x0000000000000000
2026/09/17 10:30:01.569, 1, 79, 180.03, 100, 15219, 1328, 715, P0, 0x0000000000000000
2026/09/17 10:30:02.585, 0, 77, 165.87, 32, 14694, 1189, 715, P0, 0x0000000000000000
2026/09/17 10:30:02.588, 1, 79, 146.32, 100, 15219, 1189, 715, P0, 0x0000000000000020
2026/09/17 10:30:03.597, 0, 79, 133.80, 100, 14694, 1126, 715, P0, 0x0000000000000020
2026/09/17 10:30:03.600, 1, 80, 126.17, 100, 15219, 1189, 715, P0, 0x0000000000000000
2026/09/17 10:30:04.613, 0, 79, 140.73, 100, 14694, 1139, 715, P0, 0x0000000000000020
2026/09/17 10:30:04.624, 1, 79, 141.77, 100, 15219, 1177, 715, P0, 0x0000000000000000
2026/09/17 10:30:05.629, 0, 79, 116.01, 100, 14694, 1050, 715, P0, 0x0000000000000020
2026/09/17 10:30:05.632, 1, 79, 136.00, 100, 15219, 1177, 715, P0, 0x0000000000000000
2026/09/17 10:30:06.647, 0, 79, 123.53, 100, 14694, 1101, 715, P0, 0x0000000000000000
2026/09/17 10:30:06.650, 1, 77, 50.05, 0, 15219, 1202, 715, P0, 0x0000000000000000
2026/09/17 10:30:07.662, 0, 79, 117.35, 100, 14694, 1050, 715, P0, 0x0000000000000020
2026/09/17 10:30:07.665, 1, 76, 49.11, 0, 15219, 1202, 715, P0, 0x0000000000000000
2026/09/17 10:30:08.681, 0, 76, 47.81, 0, 14694, 1189, 715, P0, 0x0000000000000000
2026/09/17 10:30:08.684, 1, 79, 193.51, 100, 15219, 1328, 715, P0, 0x0000000000000000
2026/09/17 10:30:09.697, 0, 80, 212.24, 100, 14694, 1290, 715, P0, 0x0000000000000020
2026/09/17 10:30:09.703, 1, 79, 144.77, 100, 15219, 1189, 715, P0, 0x0000000000000000
2026/09/17 10:30:10.708, 0, 79, 120.95, 100, 14694, 1075, 715, P0, 0x0000000000000020
2026/09/17 10:30:10.712, 1, 79, 135.74, 100, 15219, 1139, 715, P0, 0x0000000000000020
2026/09/17 10:30:11.724, 0, 79, 92.33, 100, 14694, 1139, 715, P0, 0x0000000000000000
2026/09/17 10:30:11.727, 1, 79, 161.83, 100, 15219, 1189, 715, P0, 0x0000000000000020
2026/09/17 10:30:12.737, 0, 79, 119.84, 100, 14694, 1075, 715, P0, 0x0000000000000020
2026/09/17 10:30:12.745, 1, 79, 127.53, 100, 15219, 1126, 715, P0, 0x0000000000000020
2026/09/17 10:30:13.751, 0, 79, 115.24, 100, 14694, 1088, 715, P0, 0x0000000000000000
2026/09/17 10:30:13.754, 1, 77, 49.36, 0, 15219, 1202, 715, P0, 0x0000000000000000
2026/09/17 10:30:14.763, 0, 78, 48.82, 4, 14694, 1189, 715, P0, 0x0000000000000000
2026/09/17 10:30:14.767, 1, 78, 165.23, 100, 15219, 1328, 715, P0, 0x0000000000000000
2026/09/17 10:30:15.777, 0, 76, 47.15, 0, 14694, 1189, 715, P0, 0x0000000000000000
2026/09/17 10:30:15.780, 1, 80, 143.50, 100, 15219, 1227, 715, P0, 0x0000000000000000
2026/09/17 10:30:16.793, 0, 79, 114.27, 100, 14694, 1037, 715, P0, 0x0000000000000020
2026/09/17 10:30:16.796, 1, 80, 144.97, 100, 15219, 1177, 715, P0, 0x0000000000000020
2026/09/17 10:30:17.811, 0, 79, 119.34, 100, 14694, 1075, 715, P0, 0x0000000000000020
2026/09/17 10:30:17.816, 1, 79, 133.96, 100, 15219, 1088, 715, P0, 0x0000000000000020
2026/09/17 10:30:18.825, 0, 79, 113.67, 100, 14694, 1037, 715, P0, 0x0000000000000020
2026/09/17 10:30:18.828, 1, 79, 127.32, 100, 15219, 1101, 715, P0, 0x0000000000000020
2026/09/17 10:30:19.838, 0, 79, 108.58, 100, 14694, 1063, 715, P0, 0x0000000000000000
2026/09/17 10:30:19.846, 1, 78, 50.09, 22, 15219, 1189, 715, P0, 0x0000000000000000
2026/09/17 10:30:20.855, 0, 79, 123.35, 100, 14694, 1101, 715, P0, 0x0000000000000000
2026/09/17 10:30:20.864, 1, 76, 48.38, 0, 15219, 1189, 715, P0, 0x0000000000000000
2026/09/17 10:30:21.873, 0, 77, 48.31, 0, 14694, 1189, 715, P0, 0x0000000000000000
2026/09/17 10:30:21.876, 1, 79, 177.41, 100, 15219, 1328, 715, P0, 0x0000000000000000
2026/09/17 10:30:22.883, 0, 78, 184.79, 56, 14694, 1316, 715, P0, 0x0000000000000000
2026/09/17 10:30:22.887, 1, 80, 165.30, 100, 15219, 1265, 715, P0, 0x0000000000000000
2026/09/17 10:30:23.900, 0, 80, 175.06, 100, 14694, 1227, 715, P0, 0x0000000000000000
2026/09/17 10:30:23.904, 1, 79, 154.82, 100, 15219, 1202, 715, P0, 0x0000000000000000
2026/09/17 10:30:24.919, 0, 79, 112.38, 100, 14694, 1012, 715, P0, 0x0000000000000020
2026/09/17 10:30:24.929, 1, 80, 142.20, 100, 15219, 1177, 715, P0, 0x0000000000000020
2026/09/17 10:30:25.935, 0, 79, 104.39, 100, 14694, 1037, 715, P0, 0x0000000000000000
2026/09/17 10:30:25.940, 1, 79, 131.44, 100, 15219, 1151, 715, P0, 0x0000000000000000
2026/09/17 10:30:26.949, 0, 79, 127.58, 100, 14694, 1101, 715, P0, 0x0000000000000020
2026/09/17 10:30:26.952, 1, 77, 53.90, 0, 15219, 1278, 715, P0, 0x0000000000000000
2026/09/17 10:30:27.964, 0, 79, 122.54, 100, 14694, 1050, 715, P0, 0x0000000000000020
2026/09/17 10:30:27.970, 1, 76, 52.93, 0, 15219, 1278, 715, P0, 0x0000000000000000
2026/09/17 10:30:28.984, 0, 77, 52.35, 0, 14694, 1290, 715, P0, 0x0000000000000000
2026/09/17 10:30:28.987, 1, 80, 193.95, 100, 15219, 1328, 715, P0, 0x0000000000000000
2026/09/17 10:30:30.000, 0, 80, 167.64, 100, 14694, 1303, 715, P0, 0x0000000000000000
2026/09/17 10:30:30.003, 1, 79, 139.77, 100, 15219, 1050, 715, P0, 0x0000000000000020
2026/09/17 10:30:31.027, 0, 79, 126.00, 100, 14694, 1101, 715, P0, 0x0000000000000020
2026/09/17 10:30:31.030, 1, 79, 117.79, 100, 15219, 1075, 715, P0, 0x0000000000000020
2026/09/17 10:30:32.043, 0, 79, 154.40, 100, 14694, 1164, 715, P0, 0x0000000000000020
2026/09/17 10:30:32.046, 1, 79, 112.93, 100, 15219, 1189, 715, P0, 0x0000000000000000
2026/09/17 10:30:33.058, 0, 79, 124.79, 100, 14694, 1088, 715, P0, 0x0000000000000020
2026/09/17 10:30:33.066, 1, 79, 123.22, 100, 15219, 1101, 715, P0, 0x0000000000000020
2026/09/17 10:30:34.085, 0, 79, 136.40, 100, 14694, 1189, 715, P0, 0x0000000000000000
2026/09/17 10:30:34.088, 1, 77, 54.75, 0, 15219, 1303, 715, P0, 0x0000000000000000
2026/09/17 10:30:35.102, 0, 78, 48.80, 39, 14694, 1189, 715, P0, 0x0000000000000000
2026/09/17 10:30:35.105, 1, 78, 178.83, 93, 15219, 1328, 715, P0, 0x0000000000000000
2026/09/17 10:30:36.117, 0, 76, 92.13, 0, 14694, 1189, 715, P0, 0x0000000000000000
2026/09/17 10:30:36.122, 1, 79, 152.31, 100, 15219, 1265, 715, P0, 0x0000000000000000
2026/09/17 10:30:37.132, 0, 80, 144.56, 100, 14694, 1177, 715, P0, 0x0000000000000020
2026/09/17 10:30:37.135, 1, 79, 137.95, 100, 15219, 1139, 715, P0, 0x0000000000000020
2026/09/17 10:30:38.158, 0, 79, 139.88, 100, 14694, 1113, 715, P0, 0x0000000000000020
2026/09/17 10:30:38.161, 1, 79, 140.17, 100, 15219, 1189, 715, P0, 0x0000000000000020
2026/09/17 10:30:39.170, 0, 79, 118.40, 100, 14694, 1075, 715, P0, 0x0000000000000000
2026/09/17 10:30:39.173, 1, 79, 126.34, 100, 15219, 1139, 715, P0, 0x0000000000000020
2026/09/17 10:30:40.185, 0, 79, 142.98, 100, 14694, 1101, 715, P0, 0x0000000000000020
2026/09/17 10:30:40.194, 1, 78, 50.04, 27, 15219, 1189, 715, P0, 0x0000000000000000
2026/09/17 10:30:41.198, 0, 79, 118.54, 100, 14694, 1075, 715, P0, 0x0000000000000000
2026/09/17 10:30:41.201, 1, 76, 48.63, 0, 15219, 1189, 715, P0, 0x0000000000000000
2026/09/17 10:30:42.216, 0, 77, 52.91, 0, 14694, 1290, 715, P0, 0x0000000000000000
2026/09/17 10:30:42.218, 1, 79, 173.93, 100, 15219, 1328, 715, P0, 0x0000000000000000
2026/09/17 10:30:43.237, 0, 80, 196.54, 100, 14694, 1328, 715, P0, 0x0000000000000000
2026/09/17 10:30:43.237, 1, 79, 137.15, 100, 15219, 1151, 715, P0, 0x0000000000000020
2026/09/17 10:30:44.252, 0, 79, 115.02, 100, 14694, 1025, 715, P0, 0x0000000000000000
2026/09/17 10:30:44.255, 1, 79, 141.07, 100, 15219, 1189, 715, P0, 0x0000000000000000
2026/09/17 10:30:45.266, 0, 79, 113.90, 100, 14694, 1037, 715, P0, 0x0000000000000000
2026/09/17 10:30:45.272, 1, 79, 129.94, 100, 15219, 1139, 715, P0, 0x0000000000000020
2026/09/17 10:30:46.284, 0, 79, 120.04, 100, 14694, 1113, 715, P0, 0x0000000000000000
2026/09/17 10:30:46.293, 1, 79, 133.00, 100, 15219, 1139, 715, P0, 0x0000000000000020
2026/09/17 10:30:47.300, 0, 79, 115.95, 100, 14694, 1050, 715, P0, 0x0000000000000020
2026/09/17 10:30:47.303, 1, 77, 54.39, 0, 15219, 1290, 715, P0, 0x0000000000000000
2026/09/17 10:30:48.316, 0, 79, 115.24, 100, 14694, 1050, 715, P0, 0x0000000000000020
2026/09/17 10:30:48.319, 1, 76, 53.67, 0, 15219, 1290, 715, P0, 0x0000000000000000
2026/09/17 10:30:49.328, 0, 76, 47.57, 0, 14694, 1189, 715, P0, 0x0000000000000000
2026/09/17 10:30:49.331, 1, 80, 193.98, 100, 15219, 1328, 715, P0, 0x0000000000000000
2026/09/17 10:30:50.342, 0, 80, 160.37, 100, 14694, 1316, 715, P0, 0x0000000000000020
2026/09/17 10:30:50.354, 1, 79, 155.82, 100, 15219, 1126, 715, P0, 0x0000000000000020
2026/09/17 10:30:51.371, 0, 79, 139.47, 100, 14694, 1139, 715, P0, 0x0000000000000020
2026/09/17 10:30:51.374, 1, 79, 116.79, 100, 15219, 1063, 715, P0, 0x0000000000000020
2026/09/17 10:30:52.392, 0, 79, 124.55, 100, 14694, 1151, 715, P0, 0x0000000000000000
2026/09/17 10:30:52.396, 1, 78, 131.52, 100, 15219, 1075, 715, P0, 0x0000000000000020
2026/09/17 10:30:53.410, 0, 79, 126.21, 100, 14694, 1075, 715, P0, 0x0000000000000020
2026/09/17 10:30:53.414, 1, 79, 128.63, 100, 15219, 1126, 715, P0, 0x0000000000000020
2026/09/17 10:30:54.427, 0, 79, 126.20, 100, 14694, 1164, 715, P0, 0x0000000000000000
2026/09/17 10:30:54.435, 1, 77, 49.08, 0, 15219, 1189, 715, P0, 0x0000000000000000
2026/09/17 10:30:55.443, 0, 78, 49.75, 0, 14694, 1227, 715, P0, 0x0000000000000000
2026/09/17 10:30:55.445, 1, 78, 178.02, 100, 15219, 1328, 715, P0, 0x0000000000000000
2026/09/17 10:30:56.458, 0, 76, 132.75, 0, 14694, 1227, 715, P0, 0x0000000000000000
2026/09/17 10:30:56.461, 1, 79, 148.16, 100, 15219, 1252, 715, P0, 0x0000000000000000
2026/09/17 10:30:57.471, 0, 79, 127.66, 100, 14694, 1088, 715, P0, 0x0000000000000020
2026/09/17 10:30:57.474, 1, 79, 126.80, 100, 15219, 1126, 715, P0, 0x0000000000000000
2026/09/17 10:30:58.491, 0, 79, 149.60, 100, 14694, 1139, 715, P0, 0x0000000000000020
2026/09/17 10:30:58.499, 1, 79, 135.87, 100, 15219, 1177, 715, P0, 0x0000000000000000
2026/09/17 10:30:59.519, 0, 79, 126.46, 100, 14694, 1088, 715, P0, 0x0000000000000020
2026/09/17 10:30:59.522, 1, 79, 128.24, 100, 15219, 1126, 715, P0, 0x0000000000000000
2026/09/17 10:31:00.533, 0, 79, 169.24, 100, 14694, 1164, 715, P0, 0x0000000000000020
2026/09/17 10:31:00.539, 1, 78, 50.20, 36, 15219, 1189, 715, P0, 0x0000000000000000
2026/09/17 10:31:01.545, 0, 80, 134.95, 100, 14694, 1101, 715, P0, 0x0000000000000020
2026/09/17 10:31:01.548, 1, 76, 48.58, 0, 15219, 1189, 715, P0, 0x0000000000000000
2026/09/17 10:31:02.560, 0, 77, 47.78, 0, 14694, 1189, 715, P0, 0x0000000000000000
2026/09/17 10:31:02.563, 1, 79, 195.00, 100, 15219, 1328, 715, P0, 0x0000000000000000
2026/09/17 10:31:03.575, 0, 80, 197.49, 100, 14694, 1328, 715, P0, 0x0000000000000000
2026/09/17 10:31:03.578, 1, 80, 130.55, 100, 15219, 1189, 715, P0, 0x0000000000000000
2026/09/17 10:31:04.589, 0, 79, 138.77, 100, 14694, 1151, 715, P0, 0x0000000000000000
2026/09/17 10:31:04.592, 1, 79, 122.49, 100, 15219, 1088, 715, P0, 0x0000000000000020
2026/09/17 10:31:05.614, 0, 80, 131.91, 100, 14694, 1101, 715, P0, 0x0000000000000020
2026/09/17 10:31:05.621, 1, 79, 111.87, 100, 15219, 1139, 715, P0, 0x0000000000000000
2026/09/17 10:31:06.628, 0, 79, 132.12, 100, 14694, 1113, 715, P0, 0x0000000000000020
2026/09/17 10:31:06.631, 1, 79, 122.76, 100, 15219, 1088, 715, P0, 0x0000000000000020
2026/09/17 10:31:07.654, 0, 79, 125.89, 100, 14694, 1101, 715, P0, 0x0000000000000020
2026/09/17 10:31:07.662, 1, 77, 55.55, 0, 15219, 1316, 715, P0, 0x0000000000000000
2026/09/17 10:31:08.666, 0, 78, 49.30, 100, 14694, 1189, 715, P0, 0x0000000000000000
2026/09/17 10:31:08.669, 1, 77, 168.66, 22, 15219, 1316, 715, P0, 0x0000000000000000
2026/09/17 10:31:09.686, 0, 76, 47.63, 0, 14694, 1189, 715, P0, 0x0000000000000000
2026/09/17 10:31:09.689, 1, 80, 160.79, 100, 15219, 1303, 715, P0, 0x0000000000000000
2026/09/17 10:31:10.700, 0, 80, 139.91, 100, 14694, 1139, 715, P0, 0x0000000000000020
2026/09/17 10:31:10.703, 1, 79, 126.68, 100, 15219, 1126, 715, P0, 0x0000000000000020
2026/09/17 10:31:11.714, 0, 79, 113.10, 100, 14694, 1025, 715, P0, 0x0000000000000020
2026/09/17 10:31:11.724, 1, 79, 144.80, 100, 15219, 1177, 715, P0, 0x0000000000000000
2026/09/17 10:31:12.731, 0, 79, 135.34, 100, 14694, 1139, 715, P0, 0x0000000000000020
2026/09/17 10:31:12.740, 1, 79, 127.08, 100, 15219, 1126, 715, P0, 0x0000000000000020
2026/09/17 10:31:13.746, 0, 79, 118.89, 100, 14694, 1075, 715, P0, 0x0000000000000000
2026/09/17 10:31:13.749, 1, 79, 126.12, 100, 15219, 1113, 715, P0, 0x0000000000000020
2026/09/17 10:31:14.760, 0, 79, 152.36, 100, 14694, 1139, 715, P0, 0x0000000000000020
2026/09/17 10:31:14.763, 1, 77, 53.84, 0, 15219, 1290, 715, P0, 0x0000000000000000
2026/09/17 10:31:15.776, 0, 78, 53.79, 0, 14694, 1303, 715, P0, 0x0000000000000000
2026/09/17 10:31:15.779, 1, 79, 186.92, 85, 15219, 1328, 715, P0, 0x0000000000000000
2026/09/17 10:31:16.791, 0, 77, 147.85, 6, 14694, 1303, 715, P0, 0x0000000000000000
2026/09/17 10:31:16.794, 1, 80, 160.59, 100, 15219, 1290, 715, P0, 0x0000000000000000
2026/09/17 10:31:17.805, 0, 80, 153.86, 100, 14694, 1202, 715, P0, 0x0000000000000020
2026/09/17 10:31:17.808, 1, 79, 113.65, 100, 15219, 1050, 715, P0, 0x0000000000000020
2026/09/17 10:31:18.820, 0, 79, 156.82, 100, 14694, 1189, 715, P0, 0x0000000000000000
2026/09/17 10:31:18.829, 1, 78, 143.48, 100, 15219, 1164, 715, P0, 0x0000000000000000
2026/09/17 10:31:19.836, 0, 79, 120.81, 100, 14694, 1050, 715, P0, 0x0000000000000020
2026/09/17 10:31:19.839, 1, 79, 123.96, 100, 15219, 1075, 715, P0, 0x0000000000000020
2026/09/17 10:31:20.852, 0, 79, 127.09, 100, 14694, 1151, 715, P0, 0x0000000000000000
2026/09/17 10:31:20.855, 1, 78, 54.62, 92, 15219, 1189, 715, P0, 0x0000000000000000
2026/09/17 10:31:21.867, 0, 79, 116.46, 100, 14694, 1050, 715, P0, 0x0000000000000020
2026/09/17 10:31:21.872, 1, 76, 48.63, 0, 15219, 1189, 715, P0, 0x0000000000000000
2026/09/17 10:31:22.882, 0, 77, 47.83, 0, 14694, 1189, 715, P0, 0x0000000000000000
2026/09/17 10:31:22.887, 1, 79, 169.82, 100, 15219, 1328, 715, P0, 0x0000000000000000
2026/09/17 10:31:23.897, 0, 79, 185.94, 100, 14694, 1316, 715, P0, 0x0000000000000000
2026/09/17 10:31:23.900, 1, 79, 141.13, 100, 15219, 1177, 715, P0, 0x0000000000000000
2026/09/17 10:31:24.913, 0, 79, 133.61, 100, 14694, 1189, 715, P0, 0x0000000000000000
2026/09/17 10:31:24.916, 1, 79, 131.67, 100, 15219, 1164, 715, P0, 0x0000000000000000
2026/09/17 10:31:25.925, 0, 79, 124.06, 100, 14694, 1101, 715, P0, 0x0000000000000000
2026/09/17 10:31:25.932, 1, 79, 127.76, 100, 15219, 1113, 715, P0, 0x0000000000000020
2026/09/17 10:31:26.940, 0, 79, 111.55, 100, 14694, 1139, 715, P0, 0x0000000000000000
2026/09/17 10:31:26.943, 1, 79, 127.85, 100, 15219, 1139, 715, P0, 0x0000000000000020
2026/09/17 10:31:27.952, 0, 79, 124.06, 100, 14694, 1101, 715, P0, 0x0000000000000020
2026/09/17 10:31:27.955, 1, 77, 49.58, 0, 15219, 1189, 715, P0, 0x0000000000000000
2026/09/17 10:31:28.970, 0, 80, 124.07, 100, 14694, 1101, 715, P0, 0x0000000000000000
2026/09/17 10:31:28.973, 1, 76, 48.38, 0, 15219, 1189, 715, P0, 0x0000000000000000
2026/09/17 10:31:29.984, 0, 77, 47.57, 0, 14694, 1189, 715, P0, 0x0000000000000000
2026/09/17 10:31:29.987, 1, 80, 193.03, 100, 15219, 1328, 715, P0, 0x0000000000000000
2026/09/17 10:31:30.998, 0, 80, 188.70, 100, 14694, 1328, 715, P0, 0x0000000000000000
2026/09/17 10:31:31.001, 1, 78, 100.05, 100, 15219, 1088, 715, P0, 0x0000000000000000
2026/09/17 10:31:32.011, 0, 79, 118.65, 100, 14694, 1075, 715, P0, 0x0000000000000020
2026/09/17 10:31:32.014, 1, 79, 121.64, 100, 15219, 1088, 715, P0, 0x0000000000000020
2026/09/17 10:31:33.022, 0, 79, 119.37, 100, 14694, 1075, 715, P0, 0x0000000000000020
2026/09/17 10:31:33.022, 1, 79, 119.24, 100, 15219, 1088, 715, P0, 0x0000000000000020
2026/09/17 10:31:34.034, 0, 79, 119.81, 100, 14694, 1113, 715, P0, 0x0000000000000000
2026/09/17 10:31:34.037, 1, 79, 127.47, 100, 15219, 1101, 715, P0, 0x0000000000000020
2026/09/17 10:31:35.049, 0, 79, 127.33, 100, 14694, 1075, 715, P0, 0x0000000000000020
2026/09/17 10:31:35.052, 1, 77, 54.85, 0, 15219, 1303, 715, P0, 0x0000000000000000
2026/09/17 10:31:36.068, 0, 79, 52.85, 100, 14694, 1189, 715, P0, 0x0000000000000000
2026/09/17 10:31:36.071, 1, 76, 185.34, 14, 15219, 1303, 715, P0, 0x0000000000000000
2026/09/17 10:31:37.082, 0, 76, 47.60, 0, 14694, 1189, 715, P0, 0x0000000000000000
2026/09/17 10:31:37.087, 1, 80, 173.69, 100, 15219, 1303, 715, P0, 0x0000000000000020
2026/09/17 10:31:38.096, 0, 79, 140.10, 100, 14694, 1215, 715, P0, 0x0000000000000020
2026/09/17 10:31:38.099, 1, 79, 142.93, 100, 15219, 1189, 715, P0, 0x0000000000000020
2026/09/17 10:31:39.111, 0, 79, 114.07, 100, 14694, 1037, 715, P0, 0x0000000000000000
2026/09/17 10:31:39.118, 1, 79, 142.32, 100, 15219, 1189, 715, P0, 0x0000000000000000
2026/09/17 10:31:40.127, 0, 79, 129.92, 100, 14694, 1101, 715, P0, 0x0000000000000020
2026/09/17 10:31:40.133, 1, 79, 132.83, 100, 15219, 1139, 715, P0, 0x0000000000000020
2026/09/17 10:31:41.142, 0, 79, 115.04, 100, 14694, 1050, 715, P0, 0x0000000000000000
2026/09/17 10:31:41.145, 1, 79, 152.03, 100, 15219, 1189, 715, P0, 0x0000000000000000
2026/09/17 10:31:42.158, 0, 79, 108.50, 100, 14694, 1075, 715, P0, 0x0000000000000000
2026/09/17 10:31:42.162, 1, 77, 54.42, 0, 15219, 1303, 715, P0, 0x0000000000000000
2026/09/17 10:31:43.172, 0, 78, 49.04, 96, 14694, 1189, 715, P0, 0x0000000000000000
2026/09/17 10:31:43.175, 1, 78, 177.40, 44, 15219, 1328, 715, P0, 0x0000000000000000
2026/09/17 10:31:44.186, 0, 76, 47.41, 0, 14694, 1189, 715, P0, 0x0000000000000000
2026/09/17 10:31:44.189, 1, 80, 167.20, 100, 15219, 1227, 715, P0, 0x0000000000000000
2026/09/17 10:31:45.197, 0, 79, 108.38, 100, 14694, 974, 715, P0, 0x0000000000000000
2026/09/17 10:31:45.200, 1, 79, 141.74, 100, 15219, 1189, 715, P0, 0x0000000000000000
2026/09/17 10:31:46.211, 0, 79, 112.65, 100, 14694, 1012, 715, P0, 0x0000000000000020
2026/09/17 10:31:46.216, 1, 79, 130.92, 100, 15219, 1189, 715, P0, 0x0000000000000000
2026/09/17 10:31:47.229, 0, 79, 151.16, 100, 14694, 1164, 715, P0, 0x0000000000000000
2026/09/17 10:31:47.234, 1, 79, 132.44, 100, 15219, 1126, 715, P0, 0x0000000000000020
2026/09/17 10:31:48.248, 0, 79, 119.28, 100, 14694, 1075, 715, P0, 0x0000000000000000
2026/09/17 10:31:48.255, 1, 78, 50.32, 100, 15219, 1189, 715, P0, 0x0000000000000000
2026/09/17 10:31:49.275, 0, 79, 126.19, 100, 14694, 1113, 715, P0, 0x0000000000000020
2026/09/17 10:31:49.278, 1, 77, 55.11, 0, 15219, 1316, 715, P0, 0x0000000000000000
2026/09/17 10:31:50.290, 0, 77, 51.87, 0, 14694, 1265, 715, P0, 0x0000000000000000
2026/09/17 10:31:50.293, 1, 79, 187.40, 100, 15219, 1328, 715, P0, 0x0000000000000000
2026/09/17 10:31:51.306, 0, 76, 183.31, 0, 14694, 1265, 715, P0, 0x0000000000000000
2026/09/17 10:31:51.309, 1, 79, 170.34, 100, 15219, 1265, 715, P0, 0x0000000000000000
2026/09/17 10:31:52.319, 0, 80, 141.21, 100, 14694, 1164, 715, P0, 0x0000000000000000
2026/09/17 10:31:52.323, 1, 80, 142.42, 100, 15219, 1189, 715, P0, 0x0000000000000000
2026/09/17 10:31:53.329, 0, 79, 130.88, 100, 14694, 1151, 715, P0, 0x0000000000000000
2026/09/17 10:31:53.333, 1, 79, 132.48, 100, 15219, 1151, 715, P0, 0x0000000000000000
2026/09/17 10:31:54.348, 0, 79, 127.18, 100, 14694, 1063, 715, P0, 0x0000000000000020
2026/09/17 10:31:54.354, 1, 79, 125.14, 100, 15219, 1101, 715, P0, 0x0000000000000020
2026/09/17 10:31:55.363, 0, 79, 148.84, 100, 14694, 1113, 715, P0, 0x0000000000000020
2026/09/17 10:31:55.374, 1, 78, 56.01, 43, 15219, 1316, 715, P0, 0x0000000000000000
2026/09/17 10:31:56.379, 0, 79, 121.15, 100, 14694, 1075, 715, P0, 0x0000000000000020
2026/09/17 10:31:56.381, 1, 77, 55.10, 0, 15219, 1316, 715, P0, 0x0000000000000000
2026/09/17 10:31:57.391, 0, 77, 48.12, 0, 14694, 1189, 715, P0, 0x0000000000000000
2026/09/17 10:31:57.394, 1, 79, 157.15, 100, 15219, 1328, 715, P0, 0x0000000000000000
2026/09/17 10:31:58.406, 0, 78, 173.35, 100, 14694, 1316, 715, P0, 0x0000000000000000
2026/09/17 10:31:58.409, 1, 79, 110.18, 100, 15219, 1025, 715, P0, 0x0000000000000020
2026/09/17 10:31:59.420, 0, 80, 149.02, 100, 14694, 1240, 715, P0, 0x0000000000000020
2026/09/17 10:31:59.423, 1, 78, 112.26, 100, 15219, 1113, 715, P0, 0x0000000000000000
2026/09/17 10:32:00.438, 0, 79, 110.79, 100, 14694, 999, 715, P0, 0x0000000000000020
2026/09/17 10:32:00.441, 1, 79, 128.28, 100, 15219, 1126, 715, P0, 0x0000000000000020
2026/09/17 10:32:01.454, 0, 79, 111.53, 100, 14694, 999, 715, P0, 0x0000000000000020
2026/09/17 10:32:01.457, 1, 79, 124.05, 100, 15219, 1126, 715, P0, 0x0000000000000020
2026/09/17 10:32:02.470, 0, 79, 119.47, 100, 14694, 1088, 715, P0, 0x0000000000000000
2026/09/17 10:32:02.474, 1, 78, 55.13, 42, 15219, 1290, 715, P0, 0x0000000000000000
2026/09/17 10:32:03.487, 0, 79, 115.47, 100, 14694, 1050, 715, P0, 0x0000000000000000
2026/09/17 10:32:03.495, 1, 76, 53.67, 0, 15219, 1290, 715, P0, 0x0000000000000000
2026/09/17 10:32:04.502, 0, 77, 47.62, 0, 14694, 1189, 715, P0, 0x0000000000000000
2026/09/17 10:32:04.505, 1, 79, 172.22, 100, 15219, 1328, 715, P0, 0x0000000000000000
2026/09/17 10:32:05.515, 0, 79, 185.84, 100, 14694, 1316, 715, P0, 0x0000000000000000
2026/09/17 10:32:05.518, 1, 79, 133.46, 100, 15219, 1139, 715, P0, 0x0000000000000020
2026/09/17 10:32:06.536, 0, 80, 157.66, 100, 14694, 1278, 715, P0, 0x0000000000000000
2026/09/17 10:32:06.539, 1, 79, 165.41, 100, 15219, 1202, 715, P0, 0x0000000000000000
2026/09/17 10:32:07.551, 0, 79, 120.21, 100, 14694, 1050, 715, P0, 0x0000000000000020
2026/09/17 10:32:07.555, 1, 79, 139.31, 100, 15219, 1164, 715, P0, 0x0000000000000020
2026/09/17 10:32:08.566, 0, 79, 101.38, 100, 14694, 1177, 715, P0, 0x0000000000000000
2026/09/17 10:32:08.574, 1, 79, 128.15, 100, 15219, 1189, 715, P0, 0x0000000000000000
2026/09/17 10:32:09.593, 0, 79, 119.49, 100, 14694, 1075, 715, P0, 0x0000000000000020
2026/09/17 10:32:09.596, 1, 77, 54.87, 0, 15219, 1290, 715, P0, 0x0000000000000000
2026/09/17 10:32:10.607, 0, 79, 119.01, 100, 14694, 1063, 715, P0, 0x0000000000000020
2026/09/17 10:32:10.612, 1, 76, 53.66, 0, 15219, 1290, 715, P0, 0x0000000000000000
2026/09/17 10:32:11.621, 0, 77, 53.55, 0, 14694, 1316, 715, P0, 0x0000000000000000
2026/09/17 10:32:11.624, 1, 80, 192.99, 100, 15219, 1328, 715, P0, 0x0000000000000000
2026/09/17 10:32:12.636, 0, 80, 179.29, 100, 14694, 1290, 715, P0, 0x0000000000000000
2026/09/17 10:32:12.639, 1, 79, 105.21, 100, 15219, 1025, 715, P0, 0x0000000000000000
2026/09/17 10:32:13.655, 0, 79, 134.63, 100, 14694, 1177, 715, P0, 0x0000000000000000
2026/09/17 10:32:13.659, 1, 79, 136.20, 100, 15219, 1164, 715, P0, 0x0000000000000000
2026/09/17 10:32:14.668, 0, 79, 118.65, 100, 14694, 1075, 715, P0, 0x0000000000000000
2026/09/17 10:32:14.674, 1, 79, 123.73, 100, 15219, 1075, 715, P0, 0x0000000000000020
2026/09/17 10:32:15.682, 0, 79, 122.75, 100, 14694, 1101, 715, P0, 0x0000000000000020
2026/09/17 10:32:15.684, 1, 79, 153.82, 100, 15219, 1189, 715, P0, 0x0000000000000000
2026/09/17 10:32:16.693, 0, 79, 120.21, 100, 14694, 1075, 715, P0, 0x0000000000000020
2026/09/17 10:32:16.697, 1, 77, 55.10, 0, 15219, 1303, 715, P0, 0x0000000000000000
2026/09/17 10:32:17.704, 0, 79, 115.47, 100, 14694, 1088, 715, P0, 0x0000000000000000
2026/09/17 10:32:17.707, 1, 76, 54.14, 0, 15219, 1303, 715, P0, 0x0000000000000000
2026/09/17 10:32:18.720, 0, 76, 47.60, 0, 14694, 1189, 715, P0, 0x0000000000000000
2026/09/17 10:32:18.723, 1, 80, 180.41, 100, 15219, 1290, 715, P0, 0x0000000000000020
2026/09/17 10:32:19.733, 0, 80, 193.08, 100, 14694, 1303, 715, P0, 0x0000000000000020
2026/09/17 10:32:19.736, 1, 79, 135.09, 100, 15219, 1252, 715, P0, 0x0000000000000000
2026/09/17 10:32:20.746, 0, 80, 132.86, 100, 14694, 1101, 715, P0, 0x0000000000000020
2026/09/17 10:32:20.749, 1, 79, 114.19, 100, 15219, 1050, 715, P0, 0x0000000000000020
2026/09/17 10:32:21.773, 0, 79, 116.42, 100, 14694, 1189, 715, P0, 0x0000000000000000
2026/09/17 10:32:21.780, 1, 78, 140.59, 100, 15219, 1113, 715, P0, 0x0000000000000020
2026/09/17 10:32:22.791, 0, 79, 124.80, 100, 14694, 1088, 715, P0, 0x0000000000000020
2026/09/17 10:32:22.796, 1, 79, 117.56, 100, 15219, 1063, 715, P0, 0x0000000000000020
2026/09/17 10:32:23.807, 0, 79, 126.64, 100, 14694, 1101, 715, P0, 0x0000000000000000
2026/09/17 10:32:23.810, 1, 77, 49.10, 0, 15219, 1189, 715, P0, 0x0000000000000000
2026/09/17 10:32:24.819, 0, 78, 49.59, 41, 14694, 1227, 715, P0, 0x0000000000000000
2026/09/17 10:32:24.822, 1, 77, 137.93, 7, 15219, 1189, 715, P0, 0x0000000000000000
2026/09/17 10:32:25.834, 0, 76, 48.82, 0, 14694, 1227, 715, P0, 0x0000000000000000
2026/09/17 10:32:25.838, 1, 79, 159.35, 100, 15219, 1290, 715, P0, 0x0000000000000000
2026/09/17 10:32:26.847, 0, 80, 146.26, 100, 14694, 1164, 715, P0, 0x0000000000000020
2026/09/17 10:32:26.850, 1, 79, 126.90, 100, 15219, 1126, 715, P0, 0x0000000000000020
2026/09/17 10:32:27.861, 0, 79, 125.02, 100, 14694, 1101, 715, P0, 0x0000000000000000
2026/09/17 10:32:27.865, 1, 79, 125.85, 100, 15219, 1126, 715, P0, 0x0000000000000000
2026/09/17 10:32:28.877, 0, 79, 137.58, 100, 14694, 1189, 715, P0, 0x0000000000000000
2026/09/17 10:32:28.885, 1, 79, 133.79, 100, 15219, 1139, 715, P0, 0x0000000000000020
2026/09/17 10:32:29.891, 0, 79, 125.98, 100, 14694, 1088, 715, P0, 0x0000000000000020
2026/09/17 10:32:29.895, 1, 79, 128.64, 100, 15219, 1126, 715, P0, 0x0000000000000000
2026/09/17 10:32:30.905, 0, 79, 148.94, 100, 14694, 1189, 715, P0, 0x0000000000000000
2026/09/17 10:32:30.908, 1, 77, 52.12, 0, 15219, 1265, 715, P0, 0x0000000000000000
2026/09/17 10:32:31.918, 0, 78, 49.98, 0, 14694, 1227, 715, P0, 0x0000000000000000
2026/09/17 10:32:31.921, 1, 78, 185.99, 100, 15219, 1328, 715, P0, 0x0000000000000000
2026/09/17 10:32:32.936, 0, 76, 97.22, 0, 14694, 1227, 715, P0, 0x0000000000000000
2026/09/17 10:32:32.945, 1, 79, 130.19, 100, 15219, 1164, 715, P0, 0x0000000000000000
2026/09/17 10:32:33.949, 0, 80, 134.42, 100, 14694, 1139, 715, P0, 0x0000000000000000
2026/09/17 10:32:33.952, 1, 79, 131.87, 100, 15219, 1126, 715, P0, 0x0000000000000000
2026/09/17 10:32:34.966, 0, 79, 131.40, 100, 14694, 1126, 715, P0, 0x0000000000000020
2026/09/17 10:32:34.969, 1, 79, 125.86, 100, 15219, 1177, 715, P0, 0x0000000000000000
2026/09/17 10:32:35.980, 0, 79, 116.48, 100, 14694, 1050, 715, P0, 0x0000000000000020
2026/09/17 10:32:35.986, 1, 79, 127.55, 100, 15219, 1113, 715, P0, 0x0000000000000020
2026/09/17 10:32:36.992, 0, 79, 118.93, 100, 14694, 1063, 715, P0, 0x0000000000000020
2026/09/17 10:32:36.995, 1, 79, 59.69, 100, 15219, 1189, 715, P0, 0x0000000000000000
2026/09/17 10:32:38.011, 0, 79, 126.61, 100, 14694, 1113, 715, P0, 0x0000000000000020
2026/09/17 10:32:38.014, 1, 76, 48.85, 0, 15219, 1189, 715, P0, 0x0000000000000000
2026/09/17 10:32:39.030, 0, 77, 48.29, 0, 14694, 1189, 715, P0, 0x0000000000000000
2026/09/17 10:32:39.033, 1, 79, 183.01, 100, 15219, 1328, 715, P0, 0x0000000000000000
2026/09/17 10:32:40.041, 0, 77, 138.41, 36, 14694, 1189, 715, P0, 0x0000000000000000
2026/09/17 10:32:40.045, 1, 79, 134.13, 100, 15219, 1227, 715, P0, 0x0000000000000000
2026/09/17 10:32:41.055, 0, 79, 115.40, 100, 14694, 1050, 715, P0, 0x0000000000000000
2026/09/17 10:32:41.058, 1, 80, 152.27, 100, 15219, 1202, 715, P0, 0x0000000000000020
2026/09/17 10:32:42.071, 0, 79, 127.86, 100, 14694, 1075, 715, P0, 0x0000000000000020
2026/09/17 10:32:42.074, 1, 79, 141.19, 100, 15219, 1189, 715, P0, 0x0000000000000000
2026/09/17 10:32:43.085, 0, 79, 115.27, 100, 14694, 1037, 715, P0, 0x0000000000000020
2026/09/17 10:32:43.089, 1, 79, 134.39, 100, 15219, 1126, 715, P0, 0x0000000000000020
2026/09/17 10:32:44.099, 0, 79, 114.75, 100, 14694, 1050, 715, P0, 0x0000000000000020
2026/09/17 10:32:44.106, 1, 78, 53.67, 85, 15219, 1265, 715, P0, 0x0000000000000000
2026/09/17 10:32:45.113, 0, 79, 116.65, 100, 14694, 1101, 715, P0, 0x0000000000000000
2026/09/17 10:32:45.116, 1, 77, 51.98, 0, 15219, 1265, 715, P0, 0x0000000000000000
2026/09/17 10:32:46.125, 0, 77, 49.49, 0, 14694, 1215, 715, P0, 0x0000000000000000
2026/09/17 10:32:46.129, 1, 79, 187.90, 100, 15219, 1328, 715, P0, 0x0000000000000000
2026/09/17 10:32:47.142, 0, 76, 48.39, 0, 14694, 1215, 715, P0, 0x0000000000000000
2026/09/17 10:32:47.147, 1, 79, 135.55, 100, 15219, 1202, 715, P0, 0x0000000000000000
2026/09/17 10:32:48.159, 0, 80, 188.18, 100, 14694, 1303, 715, P0, 0x0000000000000020
2026/09/17 10:32:48.162, 1, 80, 148.88, 100, 15219, 1189, 715, P0, 0x0000000000000020
2026/09/17 10:32:49.174, 0, 79, 118.53, 100, 14694, 1075, 715, P0, 0x0000000000000020
2026/09/17 10:32:49.177, 1, 79, 135.37, 100, 15219, 1101, 715, P0, 0x0000000000000020
2026/09/17 10:32:50.187, 0, 79, 115.03, 100, 14694, 1063, 715, P0, 0x0000000000000000
2026/09/17 10:32:50.195, 1, 79, 132.97, 100, 15219, 1139, 715, P0, 0x0000000000000000
2026/09/17 10:32:51.199, 0, 79, 120.94, 100, 14694, 1050, 715, P0, 0x0000000000000020
2026/09/17 10:32:51.201, 1, 79, 50.32, 96, 15219, 1189, 715, P0, 0x0000000000000000
2026/09/17 10:32:52.214, 0, 79, 127.39, 100, 14694, 1139, 715, P0, 0x0000000000000000
2026/09/17 10:32:52.217, 1, 77, 48.86, 0, 15219, 1189, 715, P0, 0x0000000000000000
2026/09/17 10:32:53.234, 0, 77, 49.27, 0, 14694, 1215, 715, P0, 0x0000000000000000
2026/09/17 10:32:53.237, 1, 79, 180.65, 100, 15219, 1328, 715, P0, 0x0000000000000000
2026/09/17 10:32:54.248, 0, 77, 140.78, 44, 14694, 1328, 715, P0, 0x0000000000000000
2026/09/17 10:32:54.250, 1, 79, 134.81, 100, 15219, 1215, 715, P0, 0x0000000000000000
2026/09/17 10:32:55.261, 0, 80, 149.99, 100, 14694, 1202, 715, P0, 0x0000000000000020
2026/09/17 10:32:55.264, 1, 79, 128.24, 100, 15219, 1126, 715, P0, 0x0000000000000020
2026/09/17 10:32:56.275, 0, 79, 137.99, 100, 14694, 1164, 715, P0, 0x0000000000000000
2026/09/17 10:32:56.281, 1, 79, 153.14, 100, 15219, 1189, 715, P0, 0x0000000000000000
2026/09/17 10:32:57.291, 0, 79, 127.33, 100, 14694, 1050, 715, P0, 0x0000000000000020
2026/09/17 10:32:57.302, 1, 79, 129.59, 100, 15219, 1126, 715, P0, 0x0000000000000020
2026/09/17 10:32:58.307, 0, 79, 112.84, 100, 14694, 1088, 715, P0, 0x0000000000000000
2026/09/17 10:32:58.310, 1, 78, 50.09, 100, 15219, 1189, 715, P0, 0x0000000000000000
2026/09/17 10:32:59.324, 0, 79, 129.28, 100, 14694, 1139, 715, P0, 0x0000000000000000
2026/09/17 10:32:59.327, 1, 76, 48.59, 0, 15219, 1189, 715, P0, 0x0000000000000000
2026/09/17 10:33:00.340, 0, 77, 49.26, 0, 14694, 1215, 715, P0, 0x0000000000000000
2026/09/17 10:33:00.344, 1, 79, 192.07, 100, 15219, 1328, 715, P0, 0x0000000000000000
2026/09/17 10:33:01.360, 0, 78, 188.15, 44, 14694, 1328, 715, P0, 0x0000000000000000
2026/09/17 10:33:01.364, 1, 80, 152.54, 100, 15219, 1227, 715, P0, 0x0000000000000020
2026/09/17 10:33:02.377, 0, 80, 135.50, 100, 14694, 1139, 715, P0, 0x0000000000000020
2026/09/17 10:33:02.380, 1, 79, 113.46, 100, 15219, 1050, 715, P0, 0x0000000000000000
2026/09/17 10:33:03.392, 0, 78, 102.01, 100, 14694, 1050, 715, P0, 0x0000000000000000
2026/09/17 10:33:03.394, 1, 79, 132.05, 100, 15219, 1139, 715, P0, 0x0000000000000000
2026/09/17 10:33:04.405, 0, 78, 127.46, 100, 14694, 1113, 715, P0, 0x0000000000000000
2026/09/17 10:33:04.410, 1, 79, 117.55, 100, 15219, 1075, 715, P0, 0x0000000000000000
2026/09/17 10:33:05.420, 0, 79, 115.08, 100, 14694, 1050, 715, P0, 0x0000000000000020
2026/09/17 10:33:05.423, 1, 79, 120.06, 100, 15219, 1139, 715, P0, 0x0000000000000000
2026/09/17 10:33:06.434, 0, 79, 136.36, 100, 14694, 1189, 715, P0, 0x0000000000000000
2026/09/17 10:33:06.437, 1, 76, 48.59, 0, 15219, 1189, 715, P0, 0x0000000000000000
2026/09/17 10:33:07.454, 0, 78, 53.83, 56, 14694, 1303, 715, P0, 0x0000000000000000
2026/09/17 10:33:07.457, 1, 78, 177.76, 90, 15219, 1316, 715, P0, 0x0000000000000000
2026/09/17 10:33:08.472, 0, 76, 52.69, 0, 14694, 1303, 715, P0, 0x0000000000000000
2026/09/17 10:33:08.475, 1, 80, 152.01, 100, 15219, 1316, 715, P0, 0x0000000000000000
2026/09/17 10:33:09.485, 0, 80, 161.68, 100, 14694, 1202, 715, P0, 0x0000000000000020
2026/09/17 10:33:09.492, 1, 79, 138.30, 100, 15219, 1151, 715, P0, 0x0000000000000020
2026/09/17 10:33:10.500, 0, 79, 133.45, 100, 14694, 1139, 715, P0, 0x0000000000000000
2026/09/17 10:33:10.503, 1, 79, 147.55, 100, 15219, 1189, 715, P0, 0x0000000000000020
2026/09/17 10:33:11.518, 0, 79, 121.40, 100, 14694, 1075, 715, P0, 0x0000000000000020
2026/09/17 10:33:11.521, 1, 79, 139.79, 100, 15219, 1151, 715, P0, 0x0000000000000020
2026/09/17 10:33:12.531, 0, 79, 120.12, 100, 14694, 1063, 715, P0, 0x0000000000000020
2026/09/17 10:33:12.533, 1, 79, 65.45, 100, 15219, 1189, 715, P0, 0x0000000000000000
2026/09/17 10:33:13.545, 0, 79, 120.67, 100, 14694, 1139, 715, P0, 0x0000000000000000
2026/09/17 10:33:13.553, 1, 77, 53.18, 0, 15219, 1278, 715, P0, 0x0000000000000000
2026/09/17 10:33:14.558, 0, 78, 51.87, 0, 14694, 1265, 715, P0, 0x0000000000000000
2026/09/17 10:33:14.561, 1, 79, 190.50, 100, 15219, 1328, 715, P0, 0x0000000000000000
2026/09/17 10:33:15.573, 0, 76, 51.25, 0, 14694, 1265, 715, P0, 0x0000000000000000
2026/09/17 10:33:15.576, 1, 79, 135.77, 100, 15219, 1139, 715, P0, 0x0000000000000020
2026/09/17 10:33:16.587, 0, 79, 132.96, 100, 14694, 1101, 715, P0, 0x0000000000000020
2026/09/17 10:33:16.591, 1, 79, 138.30, 100, 15219, 1151, 715, P0, 0x0000000000000020
2026/09/17 10:33:17.599, 0, 79, 143.52, 100, 14694, 1189, 715, P0, 0x0000000000000000
2026/09/17 10:33:17.602, 1, 79, 137.00, 100, 15219, 1189, 715, P0, 0x0000000000000000
2026/09/17 10:33:18.621, 0, 79, 131.12, 100, 14694, 1113, 715, P0, 0x0000000000000020
2026/09/17 10:33:18.624, 1, 79, 136.64, 100, 15219, 1139, 715, P0, 0x0000000000000020
2026/09/17 10:33:19.647, 0, 79, 134.22, 100, 14694, 1101, 715, P0, 0x0000000000000020
2026/09/17 10:33:19.653, 1, 79, 52.21, 100, 15219, 1189, 715, P0, 0x0000000000000000
2026/09/17 10:33:20.662, 0, 79, 129.26, 100, 14694, 1164, 715, P0, 0x0000000000000020
2026/09/17 10:33:20.666, 1, 77, 48.84, 0, 15219, 1189, 715, P0, 0x0000000000000000
2026/09/17 10:33:21.677, 0, 77, 53.11, 0, 14694, 1290, 715, P0, 0x0000000000000000
2026/09/17 10:33:21.681, 1, 79, 181.34, 100, 15219, 1328, 715, P0, 0x0000000000000000
2026/09/17 10:33:22.691, 0, 77, 205.23, 53, 14694, 1328, 715, P0, 0x0000000000000000
2026/09/17 10:33:22.693, 1, 80, 156.59, 100, 15219, 1227, 715, P0, 0x0000000000000020
2026/09/17 10:33:23.707, 0, 80, 141.49, 100, 14694, 1164, 715, P0, 0x0000000000000020
2026/09/17 10:33:23.711, 1, 79, 132.56, 100, 15219, 1126, 715, P0, 0x0000000000000020
2026/09/17 10:33:24.722, 0, 79, 151.40, 100, 14694, 1189, 715, P0, 0x0000000000000000
2026/09/17 10:33:24.725, 1, 79, 150.62, 100, 15219, 1126, 715, P0, 0x0000000000000020
2026/09/17 10:33:25.740, 0, 79, 115.51, 100, 14694, 1050, 715, P0, 0x0000000000000000
2026/09/17 10:33:25.743, 1, 79, 133.46, 100, 15219, 1126, 715, P0, 0x0000000000000020
2026/09/17 10:33:26.758, 0, 79, 108.33, 100, 14694, 1063, 715, P0, 0x0000000000000000
2026/09/17 10:33:26.761, 1, 78, 49.85, 100, 15219, 1189, 715, P0, 0x0000000000000000
2026/09/17 10:33:27.775, 0, 79, 146.81, 100, 14694, 1126, 715, P0, 0x0000000000000000
2026/09/17 10:33:27.778, 1, 76, 50.48, 0, 15219, 1227, 715, P0, 0x0000000000000000
2026/09/17 10:33:28.788, 0, 77, 51.90, 0, 14694, 1252, 715, P0, 0x0000000000000000
2026/09/17 10:33:28.792, 1, 79, 191.12, 100, 15219, 1328, 715, P0, 0x0000000000000000
2026/09/17 10:33:29.801, 0, 77, 152.70, 0, 14694, 1252, 715, P0, 0x0000000000000000
2026/09/17 10:33:29.804, 1, 80, 154.58, 100, 15219, 1290, 715, P0, 0x0000000000000020
2026/09/17 10:33:30.812, 0, 79, 121.20, 100, 14694, 1063, 715, P0, 0x0000000000000020
2026/09/17 10:33:30.819, 1, 79, 132.72, 100, 15219, 1139, 715, P0, 0x0000000000000000
2026/09/17 10:33:31.827, 0, 79, 126.81, 100, 14694, 1151, 715, P0, 0x0000000000000020
2026/09/17 10:33:31.830, 1, 79, 146.52, 100, 15219, 1139, 715, P0, 0x0000000000000020
2026/09/17 10:33:32.845, 0, 79, 124.28, 100, 14694, 1088, 715, P0, 0x0000000000000020
2026/09/17 10:33:32.848, 1, 79, 133.66, 100, 15219, 1126, 715, P0, 0x0000000000000020
2026/09/17 10:33:33.861, 0, 79, 123.99, 100, 14694, 1088, 715, P0, 0x0000000000000020
2026/09/17 10:33:33.864, 1, 79, 52.22, 100, 15219, 1189, 715, P0, 0x0000000000000000
2026/09/17 10:33:34.876, 0, 79, 133.88, 100, 14694, 1177, 715, P0, 0x0000000000000000
2026/09/17 10:33:34.881, 1, 76, 48.56, 0, 15219, 1189, 715, P0, 0x0000000000000000
2026/09/17 10:33:35.892, 0, 77, 48.57, 0, 14694, 1189, 715, P0, 0x0000000000000000
2026/09/17 10:33:35.897, 1, 79, 182.33, 100, 15219, 1328, 715, P0, 0x0000000000000000
2026/09/17 10:33:36.907, 0, 77, 140.15, 28, 14694, 1189, 715, P0, 0x0000000000000000
2026/09/17 10:33:36.910, 1, 79, 160.46, 100, 15219, 1227, 715, P0, 0x0000000000000020
2026/09/17 10:33:37.918, 0, 79, 137.51, 100, 14694, 1113, 715, P0, 0x0000000000000020
2026/09/17 10:33:37.922, 1, 79, 131.40, 100, 15219, 1126, 715, P0, 0x0000000000000020
2026/09/17 10:33:38.936, 0, 79, 135.31, 100, 14694, 1189, 715, P0, 0x0000000000000000
2026/09/17 10:33:38.941, 1, 79, 149.59, 100, 15219, 1139, 715, P0, 0x0000000000000020
2026/09/17 10:33:39.951, 0, 80, 133.91, 100, 14694, 1126, 715, P0, 0x0000000000000020
2026/09/17 10:33:39.954, 1, 79, 132.83, 100, 15219, 1126, 715, P0, 0x0000000000000020
2026/09/17 10:33:40.966, 0, 79, 117.81, 100, 14694, 1050, 715, P0, 0x0000000000000020
2026/09/17 10:33:40.969, 1, 79, 55.37, 100, 15219, 1189, 715, P0, 0x0000000000000000
2026/09/17 10:33:41.978, 0, 79, 126.67, 100, 14694, 1101, 715, P0, 0x0000000000000020
2026/09/17 10:33:41.983, 1, 77, 53.19, 0, 15219, 1278, 715, P0, 0x0000000000000000
2026/09/17 10:33:42.991, 0, 77, 54.03, 0, 14694, 1303, 715, P0, 0x0000000000000000
2026/09/17 10:33:42.994, 1, 79, 190.85, 100, 15219, 1328, 715, P0, 0x0000000000000000
2026/09/17 10:33:44.010, 0, 77, 97.24, 0, 14694, 1303, 715, P0, 0x0000000000000000
2026/09/17 10:33:44.013, 1, 79, 111.30, 100, 15219, 1037, 715, P0, 0x0000000000000000
2026/09/17 10:33:45.023, 0, 80, 150.61, 100, 14694, 1202, 715, P0, 0x0000000000000020
2026/09/17 10:33:45.027, 1, 79, 115.98, 100, 15219, 1063, 715, P0, 0x0000000000000020
2026/09/17 10:33:46.039, 0, 79, 106.82, 100, 14694, 1075, 715, P0, 0x0000000000000000
2026/09/17 10:33:46.044, 1, 79, 114.56, 100, 15219, 1075, 715, P0, 0x0000000000000020
2026/09/17 10:33:47.054, 0, 79, 131.61, 100, 14694, 1075, 715, P0, 0x0000000000000020
2026/09/17 10:33:47.064, 1, 79, 137.92, 100, 15219, 1189, 715, P0, 0x0000000000000000
2026/09/17 10:33:48.069, 0, 79, 117.20, 100, 14694, 1037, 715, P0, 0x0000000000000020
2026/09/17 10:33:48.072, 1, 79, 125.63, 100, 15219, 1101, 715, P0, 0x0000000000000020
2026/09/17 10:33:49.083, 0, 79, 108.57, 100, 14694, 1075, 715, P0, 0x0000000000000000
2026/09/17 10:33:49.086, 1, 77, 54.64, 0, 15219, 1303, 715, P0, 0x0000000000000000
2026/09/17 10:33:50.094, 0, 78, 48.83, 24, 14694, 1189, 715, P0, 0x0000000000000000
2026/09/17 10:33:50.098, 1, 77, 169.20, 21, 15219, 1303, 715, P0, 0x0000000000000000
2026/09/17 10:33:51.107, 0, 76, 47.41, 0, 14694, 1189, 715, P0, 0x0000000000000000
2026/09/17 10:33:51.111, 1, 80, 147.34, 100, 15219, 1252, 715, P0, 0x0000000000000000
2026/09/17 10:33:52.121, 0, 80, 175.24, 100, 14694, 1303, 715, P0, 0x0000000000000000
2026/09/17 10:33:52.123, 1, 79, 124.35, 100, 15219, 1101, 715, P0, 0x0000000000000020
2026/09/17 10:33:53.130, 0, 79, 108.48, 100, 14694, 961, 715, P0, 0x0000000000000000
2026/09/17 10:33:53.136, 1, 79, 124.55, 100, 15219, 1113, 715, P0, 0x0000000000000000
2026/09/17 10:33:54.148, 0, 78, 87.99, 100, 14694, 1050, 715, P0, 0x0000000000000000
2026/09/17 10:33:54.154, 1, 79, 136.89, 100, 15219, 1189, 715, P0, 0x0000000000000000
2026/09/17 10:33:55.163, 0, 79, 119.78, 100, 14694, 1126, 715, P0, 0x0000000000000000
2026/09/17 10:33:55.167, 1, 79, 124.68, 100, 15219, 1101, 715, P0, 0x0000000000000020
2026/09/17 10:33:56.191, 0, 79, 119.25, 100, 14694, 1050, 715, P0, 0x0000000000000020
2026/09/17 10:33:56.194, 1, 77, 55.34, 0, 15219, 1316, 715, P0, 0x0000000000000000
2026/09/17 10:33:57.212, 0, 78, 143.18, 100, 14694, 1113, 715, P0, 0x0000000000000020
2026/09/17 10:33:57.225, 1, 76, 54.80, 0, 15219, 1316, 715, P0, 0x0000000000000000
2026/09/17 10:33:58.240, 0, 76, 47.33, 0, 14694, 1189, 715, P0, 0x0000000000000000
2026/09/17 10:33:58.243, 1, 80, 194.46, 100, 15219, 1328, 715, P0, 0x0000000000000000
2026/09/17 10:33:59.254, 0, 79, 185.04, 100, 14694, 1278, 715, P0, 0x0000000000000020
2026/09/17 10:33:59.263, 1, 79, 130.84, 100, 15219, 1215, 715, P0, 0x0000000000000000
2026/09/17 10:34:00.272, 0, 80, 133.54, 100, 14694, 1139, 715, P0, 0x0000000000000020
2026/09/17 10:34:00.275, 1, 79, 126.93, 100, 15219, 1126, 715, P0, 0x0000000000000000
2026/09/17 10:34:01.285, 0, 79, 121.30, 100, 14694, 1050, 715, P0, 0x0000000000000020
2026/09/17 10:34:01.288, 1, 79, 102.18, 100, 15219, 1164, 715, P0, 0x0000000000000000
2026/09/17 10:34:02.299, 0, 79, 116.55, 100, 14694, 1101, 715, P0, 0x0000000000000000
2026/09/17 10:34:02.306, 1, 79, 124.22, 100, 15219, 1101, 715, P0, 0x0000000000000020
2026/09/17 10:34:03.314, 0, 79, 119.28, 100, 14694, 1063, 715, P0, 0x0000000000000020
2026/09/17 10:34:03.317, 1, 77, 49.36, 0, 15219, 1189, 715, P0, 0x0000000000000000
2026/09/17 10:34:04.326, 0, 79, 117.43, 100, 14694, 1075, 715, P0, 0x0000000000000000
2026/09/17 10:34:04.329, 1, 76, 48.39, 0, 15219, 1189, 715, P0, 0x0000000000000000
2026/09/17 10:34:05.340, 0, 76, 47.81, 0, 14694, 1189, 715, P0, 0x0000000000000000
2026/09/17 10:34:05.343, 1, 80, 193.51, 100, 15219, 1328, 715, P0, 0x0000000000000000
2026/09/17 10:34:06.359, 0, 80, 200.84, 100, 14694, 1328, 715, P0, 0x0000000000000000
2026/09/17 10:34:06.365, 1, 79, 121.81, 100, 15219, 1164, 715, P0, 0x0000000000000000
2026/09/17 10:34:07.375, 0, 80, 143.87, 100, 14694, 1177, 715, P0, 0x0000000000000020
2026/09/17 10:34:07.378, 1, 79, 127.38, 100, 15219, 1101, 715, P0, 0x0000000000000020
2026/09/17 10:34:08.390, 0, 79, 113.43, 100, 14694, 1025, 715, P0, 0x0000000000000020
2026/09/17 10:34:08.393, 1, 79, 127.32, 100, 15219, 1113, 715, P0, 0x0000000000000020
2026/09/17 10:34:09.404, 0, 79, 133.58, 100, 14694, 1101, 715, P0, 0x0000000000000020
2026/09/17 10:34:09.408, 1, 79, 120.45, 100, 15219, 1139, 715, P0, 0x0000000000000000
2026/09/17 10:34:10.417, 0, 79, 119.49, 100, 14694, 1050, 715, P0, 0x0000000000000020
2026/09/17 10:34:10.428, 1, 77, 55.11, 0, 15219, 1303, 715, P0, 0x0000000000000000
2026/09/17 10:34:11.445, 0, 79, 123.08, 100, 14694, 1050, 715, P0, 0x0000000000000020
2026/09/17 10:34:11.449, 1, 76, 54.37, 0, 15219, 1303, 715, P0, 0x0000000000000000
2026/09/17 10:34:12.461, 0, 77, 53.12, 0, 14694, 1303, 715, P0, 0x0000000000000000
2026/09/17 10:34:12.464, 1, 79, 177.35, 100, 15219, 1328, 715, P0, 0x0000000000000000
2026/09/17 10:34:13.476, 0, 79, 163.71, 100, 14694, 1215, 715, P0, 0x0000000000000020
2026/09/17 10:34:13.485, 1, 80, 143.45, 100, 15219, 1189, 715, P0, 0x0000000000000020
2026/09/17 10:34:14.491, 0, 79, 171.56, 100, 14694, 1189, 715, P0, 0x0000000000000000
2026/09/17 10:34:14.494, 1, 79, 157.26, 100, 15219, 1151, 715, P0, 0x0000000000000000
2026/09/17 10:34:15.502, 0, 79, 125.51, 100, 14694, 1101, 715, P0, 0x0000000000000020
2026/09/17 10:34:15.508, 1, 79, 123.46, 100, 15219, 1113, 715, P0, 0x0000000000000000
2026/09/17 10:34:16.515, 0, 79, 132.39, 100, 14694, 1101, 715, P0, 0x0000000000000020
2026/09/17 10:34:16.526, 1, 79, 115.61, 100, 15219, 1139, 715, P0, 0x0000000000000000
2026/09/17 10:34:17.531, 0, 79, 157.27, 100, 14694, 1177, 715, P0, 0x0000000000000020
2026/09/17 10:34:17.534, 1, 77, 49.75, 27, 15219, 1189, 715, P0, 0x0000000000000000
2026/09/17 10:34:18.546, 0, 79, 114.77, 100, 14694, 1050, 715, P0, 0x0000000000000000
2026/09/17 10:34:18.550, 1, 76, 48.39, 0, 15219, 1189, 715, P0, 0x0000000000000000
2026/09/17 10:34:19.560, 0, 77, 52.15, 0, 14694, 1278, 715, P0, 0x0000000000000000
2026/09/17 10:34:19.563, 1, 79, 186.68, 100, 15219, 1328, 715, P0, 0x0000000000000000
2026/09/17 10:34:20.575, 0, 79, 195.31, 100, 14694, 1328, 715, P0, 0x0000000000000000
2026/09/17 10:34:20.578, 1, 79, 116.67, 100, 15219, 1075, 715, P0, 0x0000000000000000
2026/09/17 10:34:21.592, 0, 79, 111.38, 100, 14694, 1088, 715, P0, 0x0000000000000000
2026/09/17 10:34:21.595, 1, 79, 113.59, 100, 15219, 1113, 715, P0, 0x0000000000000000
2026/09/17 10:34:22.608, 0, 79, 122.61, 100, 14694, 1101, 715, P0, 0x0000000000000020
2026/09/17 10:34:22.613, 1, 79, 131.31, 100, 15219, 1126, 715, P0, 0x0000000000000020
2026/09/17 10:34:23.625, 0, 79, 118.65, 100, 14694, 1063, 715, P0, 0x0000000000000020
2026/09/17 10:34:23.628, 1, 79, 123.00, 100, 15219, 1088, 715, P0, 0x0000000000000020
2026/09/17 10:34:24.641, 0, 79, 106.16, 100, 14694, 1113, 715, P0, 0x0000000000000000
2026/09/17 10:34:24.649, 1, 78, 53.97, 67, 15219, 1290, 715, P0, 0x0000000000000000
2026/09/17 10:34:25.654, 0, 79, 132.60, 100, 14694, 1139, 715, P0, 0x0000000000000000
2026/09/17 10:34:25.657, 1, 76, 53.63, 0, 15219, 1290, 715, P0, 0x0000000000000000
2026/09/17 10:34:26.667, 0, 77, 54.03, 0, 14694, 1316, 715, P0, 0x0000000000000000
2026/09/17 10:34:26.670, 1, 79, 189.65, 100, 15219, 1328, 715, P0, 0x0000000000000000
2026/09/17 10:34:27.683, 0, 77, 161.19, 0, 14694, 1316, 715, P0, 0x0000000000000000
2026/09/17 10:34:27.687, 1, 79, 145.43, 100, 15219, 1265, 715, P0, 0x0000000000000000
2026/09/17 10:34:28.699, 0, 80, 154.52, 100, 14694, 1189, 715, P0, 0x0000000000000020
2026/09/17 10:34:28.706, 1, 79, 127.05, 100, 15219, 1126, 715, P0, 0x0000000000000020
2026/09/17 10:34:29.713, 0, 79, 136.62, 100, 14694, 1177, 715, P0, 0x0000000000000000
2026/09/17 10:34:29.716, 1, 79, 140.85, 100, 15219, 1126, 715, P0, 0x0000000000000020
2026/09/17 10:34:30.726, 0, 79, 124.28, 100, 14694, 1088, 715, P0, 0x0000000000000020
2026/09/17 10:34:30.729, 1, 79, 132.71, 100, 15219, 1126, 715, P0, 0x0000000000000020
2026/09/17 10:34:31.741, 0, 79, 128.04, 100, 14694, 1075, 715, P0, 0x0000000000000020
2026/09/17 10:34:31.748, 1, 79, 129.59, 100, 15219, 1189, 715, P0, 0x0000000000000000
2026/09/17 10:34:32.754, 0, 79, 151.96, 100, 14694, 1177, 715, P0, 0x0000000000000000
2026/09/17 10:34:32.757, 1, 77, 53.55, 0, 15219, 1290, 715, P0, 0x0000000000000000
2026/09/17 10:34:33.769, 0, 78, 53.35, 0, 14694, 1290, 715, P0, 0x0000000000000000
2026/09/17 10:34:33.772, 1, 79, 188.83, 100, 15219, 1328, 715, P0, 0x0000000000000000
2026/09/17 10:34:34.779, 0, 76, 52.17, 0, 14694, 1290, 715, P0, 0x0000000000000000
2026/09/17 10:34:34.784, 1, 79, 172.48, 100, 15219, 1252, 715, P0, 0x0000000000000020
2026/09/17 10:34:35.803, 0, 80, 159.71, 100, 14694, 1227, 715, P0, 0x0000000000000020
2026/09/17 10:34:35.806, 1, 79, 116.68, 100, 15219, 1063, 715, P0, 0x0000000000000020
2026/09/17 10:34:36.819, 0, 79, 104.01, 100, 14694, 1037, 715, P0, 0x0000000000000000
2026/09/17 10:34:36.829, 1, 79, 111.77, 100, 15219, 1113, 715, P0, 0x0000000000000020
2026/09/17 10:34:37.835, 0, 79, 115.62, 100, 14694, 1025, 715, P0, 0x0000000000000000
2026/09/17 10:34:37.838, 1, 79, 119.80, 100, 15219, 1101, 715, P0, 0x0000000000000000
2026/09/17 10:34:38.849, 0, 79, 112.03, 100, 14694, 1012, 715, P0, 0x0000000000000020
2026/09/17 10:34:38.854, 1, 79, 117.67, 100, 15219, 1063, 715, P0, 0x0000000000000020
2026/09/17 10:34:39.862, 0, 79, 112.84, 100, 14694, 1012, 715, P0, 0x0000000000000020
2026/09/17 10:34:39.868, 1, 76, 50.57, 0, 15219, 1227, 715, P0, 0x0000000000000000
2026/09/17 10:34:40.879, 0, 79, 132.59, 100, 14694, 987, 715, P0, 0x0000000000000020
2026/09/17 10:34:40.890, 1, 76, 50.05, 0, 15219, 1227, 715, P0, 0x0000000000000000
2026/09/17 10:34:41.896, 0, 76, 47.37, 0, 14694, 1189, 715, P0, 0x0000000000000000
2026/09/17 10:34:41.899, 1, 80, 172.75, 100, 15219, 1278, 715, P0, 0x0000000000000020
2026/09/17 10:34:42.910, 0, 79, 153.28, 100, 14694, 1240, 715, P0, 0x0000000000000000
2026/09/17 10:34:42.913, 1, 79, 160.44, 100, 15219, 1202, 715, P0, 0x0000000000000000
2026/09/17 10:34:43.927, 0, 79, 117.66, 100, 14694, 1037, 715, P0, 0x0000000000000020
2026/09/17 10:34:43.933, 1, 79, 136.47, 100, 15219, 1139, 715, P0, 0x0000000000000020
2026/09/17 10:34:44.939, 0, 79, 121.08, 100, 14694, 1050, 715, P0, 0x0000000000000020
2026/09/17 10:34:44.942, 1, 79, 149.00, 100, 15219, 1189, 715, P0, 0x0000000000000020
2026/09/17 10:34:45.954, 0, 79, 130.74, 100, 14694, 1139, 715, P0, 0x0000000000000000
2026/09/17 10:34:45.957, 1, 79, 132.83, 100, 15219, 1139, 715, P0, 0x0000000000000020
2026/09/17 10:34:46.967, 0, 79, 119.52, 100, 14694, 1075, 715, P0, 0x0000000000000020
2026/09/17 10:34:46.973, 1, 77, 49.35, 0, 15219, 1189, 715, P0, 0x0000000000000000
2026/09/17 10:34:47.982, 0, 79, 117.17, 100, 14694, 1063, 715, P0, 0x0000000000000000
2026/09/17 10:34:47.986, 1, 76, 48.39, 0, 15219, 1189, 715, P0, 0x0000000000000000
2026/09/17 10:34:48.994, 0, 77, 52.35, 0, 14694, 1290, 715, P0, 0x0000000000000000
2026/09/17 10:34:48.997, 1, 79, 185.34, 100, 15219, 1328, 715, P0, 0x0000000000000000
2026/09/17 10:34:50.007, 0, 80, 200.42, 100, 14694, 1328, 715, P0, 0x0000000000000000
2026/09/17 10:34:50.010, 1, 80, 160.49, 100, 15219, 1227, 715, P0, 0x0000000000000000
2026/09/17 10:34:51.027, 0, 79, 163.93, 100, 14694, 1139, 715, P0, 0x0000000000000020
2026/09/17 10:34:51.034, 1, 79, 140.65, 100, 15219, 1189, 715, P0, 0x0000000000000020
2026/09/17 10:34:52.043, 0, 80, 134.65, 100, 14694, 1139, 715, P0, 0x0000000000000000
2026/09/17 10:34:52.050, 1, 79, 129.32, 100, 15219, 1126, 715, P0, 0x0000000000000020
2026/09/17 10:34:53.058, 0, 79, 110.24, 100, 14694, 1050, 715, P0, 0x0000000000000020
2026/09/17 10:34:53.062, 1, 79, 145.00, 100, 15219, 1202, 715, P0, 0x0000000000000000
2026/09/17 10:34:54.074, 0, 79, 135.86, 100, 14694, 1177, 715, P0, 0x0000000000000000
2026/09/17 10:34:54.077, 1, 77, 52.15, 0, 15219, 1240, 715, P0, 0x0000000000000000
2026/09/17 10:34:55.088, 0, 79, 118.53, 100, 14694, 1075, 715, P0, 0x0000000000000000
2026/09/17 10:34:55.094, 1, 76, 51.04, 0, 15219, 1240, 715, P0, 0x0000000000000000
2026/09/17 10:34:56.102, 0, 77, 48.10, 0, 14694, 1189, 715, P0, 0x0000000000000000
2026/09/17 10:34:56.107, 1, 79, 159.92, 100, 15219, 1328, 715, P0, 0x0000000000000000
2026/09/17 10:34:57.116, 0, 78, 187.85, 59, 14694, 1316, 715, P0, 0x0000000000000000
2026/09/17 10:34:57.119, 1, 80, 141.45, 100, 15219, 1177, 715, P0, 0x0000000000000020
2026/09/17 10:34:58.134, 0, 79, 126.97, 100, 14694, 1075, 715, P0, 0x0000000000000020
2026/09/17 10:34:58.137, 1, 79, 163.72, 100, 15219, 1189, 715, P0, 0x0000000000000000
2026/09/17 10:34:59.147, 0, 79, 125.94, 100, 14694, 1151, 715, P0, 0x0000000000000000
2026/09/17 10:34:59.154, 1, 79, 140.91, 100, 15219, 1177, 715, P0, 0x0000000000000020
2026/09/17 10:35:00.166, 0, 79, 127.68, 100, 14694, 1075, 715, P0, 0x0000000000000020
2026/09/17 10:35:00.173, 1, 79, 117.31, 100, 15219, 1050, 715, P0, 0x0000000000000020
2026/09/17 10:35:01.179, 0, 79, 114.52, 100, 14694, 1088, 715, P0, 0x0000000000000000
2026/09/17 10:35:01.181, 1, 78, 49.36, 100, 15219, 1189, 715, P0, 0x0000000000000000
2026/09/17 10:35:02.196, 0, 79, 126.92, 100, 14694, 1139, 715, P0, 0x0000000000000020
2026/09/17 10:35:02.199, 1, 76, 48.40, 0, 15219, 1189, 715, P0, 0x0000000000000000
2026/09/17 10:35:03.209, 0, 77, 48.30, 0, 14694, 1189, 715, P0, 0x0000000000000000
2026/09/17 10:35:03.211, 1, 79, 189.57, 100, 15219, 1328, 715, P0, 0x0000000000000000
2026/09/17 10:35:04.218, 0, 76, 157.16, 0, 14694, 1189, 715, P0, 0x0000000000000000
2026/09/17 10:35:04.221, 1, 80, 177.71, 100, 15219, 1290, 715, P0, 0x0000000000000020
2026/09/17 10:35:05.230, 0, 79, 120.46, 100, 14694, 1063, 715, P0, 0x0000000000000020
2026/09/17 10:35:05.233, 1, 79, 134.39, 100, 15219, 1139, 715, P0, 0x0000000000000020
2026/09/17 10:35:06.239, 0, 79, 120.73, 100, 14694, 1075, 715, P0, 0x0000000000000000
2026/09/17 10:35:06.243, 1, 79, 131.61, 100, 15219, 1189, 715, P0, 0x0000000000000020
2026/09/17 10:35:07.255, 0, 79, 141.46, 100, 14694, 1139, 715, P0, 0x0000000000000000
2026/09/17 10:35:07.258, 1, 79, 135.21, 100, 15219, 1139, 715, P0, 0x0000000000000020
2026/09/17 10:35:08.273, 0, 79, 126.45, 100, 14694, 1050, 715, P0, 0x0000000000000020
2026/09/17 10:35:08.276, 1, 79, 127.75, 100, 15219, 1189, 715, P0, 0x0000000000000000
2026/09/17 10:35:09.290, 0, 79, 112.36, 100, 14694, 1075, 715, P0, 0x0000000000000000
2026/09/17 10:35:09.295, 1, 77, 48.88, 0, 15219, 1189, 715, P0, 0x0000000000000000
2026/09/17 10:35:10.302, 0, 78, 48.79, 100, 14694, 1189, 715, P0, 0x0000000000000000
2026/09/17 10:35:10.305, 1, 77, 188.97, 43, 15219, 1316, 715, P0, 0x0000000000000000
2026/09/17 10:35:11.316, 0, 76, 47.61, 0, 14694, 1189, 715, P0, 0x0000000000000000
2026/09/17 10:35:11.319, 1, 80, 179.34, 100, 15219, 1303, 715, P0, 0x0000000000000020
2026/09/17 10:35:12.329, 0, 80, 152.53, 100, 14694, 1278, 715, P0, 0x0000000000000000
2026/09/17 10:35:12.333, 1, 79, 149.46, 100, 15219, 1126, 715, P0, 0x0000000000000020
2026/09/17 10:35:13.358, 0, 79, 120.33, 100, 14694, 1050, 715, P0, 0x0000000000000020
2026/09/17 10:35:13.362, 1, 79, 122.52, 100, 15219, 1075, 715, P0, 0x0000000000000020
2026/09/17 10:35:14.377, 0, 79, 119.18, 100, 14694, 1037, 715, P0, 0x0000000000000020
2026/09/17 10:35:14.380, 1, 79, 122.83, 100, 15219, 1177, 715, P0, 0x0000000000000000
2026/09/17 10:35:15.391, 0, 79, 140.39, 100, 14694, 1151, 715, P0, 0x0000000000000000
2026/09/17 10:35:15.395, 1, 79, 123.81, 100, 15219, 1101, 715, P0, 0x0000000000000020
2026/09/17 10:35:16.403, 0, 79, 115.65, 100, 14694, 1050, 715, P0, 0x0000000000000020
2026/09/17 10:35:16.406, 1, 77, 55.11, 0, 15219, 1303, 715, P0, 0x0000000000000000
2026/09/17 10:35:17.419, 0, 79, 119.00, 100, 14694, 1037, 715, P0, 0x0000000000000020
2026/09/17 10:35:17.422, 1, 76, 54.15, 0, 15219, 1303, 715, P0, 0x0000000000000000
2026/09/17 10:35:18.434, 0, 77, 47.81, 0, 14694, 1189, 715, P0, 0x0000000000000000
2026/09/17 10:35:18.438, 1, 79, 176.92, 100, 15219, 1328, 715, P0, 0x0000000000000000
2026/09/17 10:35:19.451, 0, 79, 190.46, 100, 14694, 1328, 715, P0, 0x0000000000000000
2026/09/17 10:35:19.453, 1, 80, 137.40, 100, 15219, 1151, 715, P0, 0x0000000000000000
2026/09/17 10:35:20.467, 0, 79, 141.58, 100, 14694, 1189, 715, P0, 0x0000000000000000
2026/09/17 10:35:20.470, 1, 79, 132.12, 100, 15219, 1189, 715, P0, 0x0000000000000000
2026/09/17 10:35:21.480, 0, 79, 133.33, 100, 14694, 1126, 715, P0, 0x0000000000000020
2026/09/17 10:35:21.483, 1, 79, 116.82, 100, 15219, 1063, 715, P0, 0x0000000000000020
2026/09/17 10:35:22.495, 0, 79, 134.79, 100, 14694, 1139, 715, P0, 0x0000000000000000
2026/09/17 10:35:22.499, 1, 79, 107.79, 100, 15219, 1101, 715, P0, 0x0000000000000000
2026/09/17 10:35:23.511, 0, 79, 118.57, 100, 14694, 1113, 715, P0, 0x0000000000000000
2026/09/17 10:35:23.519, 1, 78, 50.06, 15, 15219, 1189, 715, P0, 0x0000000000000000
2026/09/17 10:35:24.526, 0, 79, 119.26, 100, 14694, 1075, 715, P0, 0x0000000000000020
2026/09/17 10:35:24.529, 1, 76, 48.63, 0, 15219, 1189, 715, P0, 0x0000000000000000
2026/09/17 10:35:25.542, 0, 77, 48.06, 0, 14694, 1189, 715, P0, 0x0000000000000000
2026/09/17 10:35:25.544, 1, 79, 194.22, 100, 15219, 1328, 715, P0, 0x0000000000000000
2026/09/17 10:35:26.553, 0, 77, 144.77, 95, 14694, 1316, 715, P0, 0x0000000000000000
2026/09/17 10:35:26.558, 1, 80, 161.01, 100, 15219, 1240, 715, P0, 0x0000000000000020
2026/09/17 10:35:27.584, 0, 79, 126.02, 100, 14694, 1101, 715, P0, 0x0000000000000000
2026/09/17 10:35:27.586, 1, 79, 116.12, 100, 15219, 1050, 715, P0, 0x0000000000000020
2026/09/17 10:35:28.600, 0, 79, 162.53, 100, 14694, 1189, 715, P0, 0x0000000000000000
2026/09/17 10:35:28.603, 1, 78, 148.22, 100, 15219, 1177, 715, P0, 0x0000000000000020
2026/09/17 10:35:29.615, 0, 79, 124.30, 100, 14694, 1101, 715, P0, 0x0000000000000020
2026/09/17 10:35:29.618, 1, 79, 128.64, 100, 15219, 1101, 715, P0, 0x0000000000000020
2026/09/17 10:35:30.629, 0, 79, 126.26, 100, 14694, 1101, 715, P0, 0x0000000000000000
2026/09/17 10:35:30.638, 1, 79, 114.92, 100, 15219, 1101, 715, P0, 0x0000000000000020
2026/09/17 10:35:31.643, 0, 79, 133.33, 100, 14694, 1177, 715, P0, 0x0000000000000000
2026/09/17 10:35:31.647, 1, 76, 48.84, 0, 15219, 1189, 715, P0, 0x0000000000000000
2026/09/17 10:35:32.659, 0, 77, 48.77, 0, 14694, 1189, 715, P0, 0x0000000000000000
2026/09/17 10:35:32.662, 1, 78, 186.23, 76, 15219, 1316, 715, P0, 0x0000000000000000
2026/09/17 10:35:33.671, 0, 76, 47.65, 0, 14694, 1189, 715, P0, 0x0000000000000000
2026/09/17 10:35:33.675, 1, 79, 149.24, 100, 15219, 1227, 715, P0, 0x0000000000000000
2026/09/17 10:35:34.686, 0, 79, 131.36, 100, 14694, 1113, 715, P0, 0x0000000000000020
2026/09/17 10:35:34.690, 1, 79, 138.96, 100, 15219, 1151, 715, P0, 0x0000000000000020
2026/09/17 10:35:35.701, 0, 79, 134.65, 100, 14694, 1113, 715, P0, 0x0000000000000020
2026/09/17 10:35:35.707, 1, 79, 127.18, 100, 15219, 1164, 715, P0, 0x0000000000000000
2026/09/17 10:35:36.716, 0, 79, 129.43, 100, 14694, 1189, 715, P0, 0x0000000000000000
2026/09/17 10:35:36.723, 1, 79, 150.22, 100, 15219, 1177, 715, P0, 0x0000000000000020
2026/09/17 10:35:37.745, 0, 79, 126.83, 100, 14694, 1113, 715, P0, 0x0000000000000000
2026/09/17 10:35:37.747, 1, 79, 140.16, 100, 15219, 1139, 715, P0, 0x0000000000000020
2026/09/17 10:35:38.760, 0, 79, 115.24, 100, 14694, 1037, 715, P0, 0x0000000000000020
2026/09/17 10:35:38.765, 1, 77, 51.53, 0, 15219, 1252, 715, P0, 0x0000000000000000
2026/09/17 10:35:39.772, 0, 79, 119.05, 100, 14694, 1075, 715, P0, 0x0000000000000020
2026/09/17 10:35:39.775, 1, 76, 51.08, 0, 15219, 1252, 715, P0, 0x0000000000000000
2026/09/17 10:35:40.782, 0, 76, 47.60, 0, 14694, 1189, 715, P0, 0x0000000000000000
2026/09/17 10:35:40.785, 1, 80, 171.32, 100, 15219, 1290, 715, P0, 0x0000000000000000
2026/09/17 10:35:41.799, 0, 80, 174.45, 100, 14694, 1316, 715, P0, 0x0000000000000000
2026/09/17 10:35:41.802, 1, 79, 129.70, 100, 15219, 1189, 715, P0, 0x0000000000000000
2026/09/17 10:35:42.815, 0, 79, 125.97, 100, 14694, 1101, 715, P0, 0x0000000000000020
2026/09/17 10:35:42.823, 1, 79, 128.00, 100, 15219, 1126, 715, P0, 0x0000000000000020
2026/09/17 10:35:43.845, 0, 79, 125.99, 100, 14694, 1101, 715, P0, 0x0000000000000000
2026/09/17 10:35:43.849, 1, 79, 122.50, 100, 15219, 1139, 715, P0, 0x0000000000000000
2026/09/17 10:35:44.860, 0, 79, 168.12, 100, 14694, 1113, 715, P0, 0x0000000000000020
2026/09/17 10:35:44.866, 1, 79, 137.89, 100, 15219, 1177, 715, P0, 0x0000000000000020
2026/09/17 10:35:45.877, 0, 79, 125.68, 100, 14694, 1101, 715, P0, 0x0000000000000020
2026/09/17 10:35:45.886, 1, 77, 50.76, 0, 15219, 1215, 715, P0, 0x0000000000000000
2026/09/17 10:35:46.895, 0, 79, 125.92, 100, 14694, 1101, 715, P0, 0x0000000000000000
2026/09/17 10:35:46.898, 1, 76, 49.80, 0, 15219, 1215, 715, P0, 0x0000000000000000
2026/09/17 10:35:47.906, 0, 77, 47.86, 0, 14694, 1189, 715, P0, 0x0000000000000000
2026/09/17 10:35:47.909, 1, 79, 164.60, 100, 15219, 1328, 715, P0, 0x0000000000000000
2026/09/17 10:35:48.922, 0, 80, 197.47, 100, 14694, 1328, 715, P0, 0x0000000000000000
2026/09/17 10:35:48.926, 1, 79, 109.36, 100, 15219, 987, 715, P0, 0x0000000000000020
2026/09/17 10:35:49.943, 0, 80, 131.65, 100, 14694, 1177, 715, P0, 0x0000000000000000
2026/09/17 10:35:49.951, 1, 79, 131.54, 100, 15219, 1189, 715, P0, 0x0000000000000000
2026/09/17 10:35:50.957, 0, 79, 110.55, 100, 14694, 974, 715, P0, 0x0000000000000020
2026/09/17 10:35:50.960, 1, 79, 133.70, 100, 15219, 1139, 715, P0, 0x0000000000000020
2026/09/17 10:35:51.974, 0, 79, 108.64, 100, 14694, 974, 715, P0, 0x0000000000000020
2026/09/17 10:35:51.978, 1, 79, 127.34, 100, 15219, 1113, 715, P0, 0x0000000000000020
2026/09/17 10:35:52.992, 0, 79, 113.81, 100, 14694, 1037, 715, P0, 0x0000000000000020
2026/09/17 10:35:52.994, 1, 79, 50.33, 100, 15219, 1189, 715, P0, 0x0000000000000000
2026/09/17 10:35:54.007, 0, 79, 118.11, 100, 14694, 1075, 715, P0, 0x0000000000000020
2026/09/17 10:35:54.010, 1, 76, 48.16, 0, 15219, 1189, 715, P0, 0x0000000000000000
2026/09/17 10:35:55.020, 0, 77, 49.02, 0, 14694, 1202, 715, P0, 0x0000000000000000
2026/09/17 10:35:55.025, 1, 78, 181.58, 75, 15219, 1316, 715, P0, 0x0000000000000000
2026/09/17 10:35:56.034, 0, 76, 47.86, 0, 14694, 1202, 715, P0, 0x0000000000000000
2026/09/17 10:35:56.038, 1, 80, 165.30, 100, 15219, 1252, 715, P0, 0x0000000000000020
2026/09/17 10:35:57.051, 0, 80, 176.65, 100, 14694, 1265, 715, P0, 0x0000000000000020
2026/09/17 10:35:57.054, 1, 79, 141.72, 100, 15219, 1189, 715, P0, 0x0000000000000020
2026/09/17 10:35:58.067, 0, 79, 118.63, 100, 14694, 1063, 715, P0, 0x0000000000000020
2026/09/17 10:35:58.072, 1, 79, 133.20, 100, 15219, 1126, 715, P0, 0x0000000000000020
2026/09/17 10:35:59.090, 0, 79, 146.45, 100, 14694, 1164, 715, P0, 0x0000000000000020
2026/09/17 10:35:59.094, 1, 79, 155.30, 100, 15219, 1189, 715, P0, 0x0000000000000000
2026/09/17 10:36:00.108, 0, 79, 119.57, 100, 14694, 1075, 715, P0, 0x0000000000000020
2026/09/17 10:36:00.111, 1, 79, 133.67, 100, 15219, 1113, 715, P0, 0x0000000000000020
2026/09/17 10:36:01.124, 0, 79, 119.74, 100, 14694, 1075, 715, P0, 0x0000000000000020
2026/09/17 10:36:01.131, 1, 77, 51.49, 0, 15219, 1252, 715, P0, 0x0000000000000000
2026/09/17 10:36:02.139, 0, 79, 124.75, 100, 14694, 1101, 715, P0, 0x0000000000000020
2026/09/17 10:36:02.142, 1, 76, 51.02, 0, 15219, 1252, 715, P0, 0x0000000000000000
2026/09/17 10:36:03.152, 0, 77, 47.79, 0, 14694, 1189, 715, P0, 0x0000000000000000
2026/09/17 10:36:03.156, 1, 80, 194.66, 100, 15219, 1328, 715, P0, 0x0000000000000000
2026/09/17 10:36:04.168, 0, 80, 184.27, 100, 14694, 1328, 715, P0, 0x0000000000000000
2026/09/17 10:36:04.170, 1, 79, 152.02, 100, 15219, 1189, 715, P0, 0x0000000000000020
2026/09/17 10:36:05.179, 0, 79, 115.51, 100, 14694, 1037, 715, P0, 0x0000000000000020
2026/09/17 10:36:05.182, 1, 79, 132.25, 100, 15219, 1139, 715, P0, 0x0000000000000020
2026/09/17 10:36:06.194, 0, 79, 112.64, 100, 14694, 1012, 715, P0, 0x0000000000000020
2026/09/17 10:36:06.196, 1, 79, 139.82, 100, 15219, 1139, 715, P0, 0x0000000000000020
2026/09/17 10:36:07.207, 0, 79, 113.13, 100, 14694, 1012, 715, P0, 0x0000000000000020
2026/09/17 10:36:07.213, 1, 79, 131.16, 100, 15219, 1189, 715, P0, 0x0000000000000000
2026/09/17 10:36:08.219, 0, 79, 132.12, 100, 14694, 1075, 715, P0, 0x0000000000000020
2026/09/17 10:36:08.223, 1, 77, 49.81, 0, 15219, 1189, 715, P0, 0x0000000000000000
2026/09/17 10:36:09.237, 0, 79, 114.77, 100, 14694, 1037, 715, P0, 0x0000000000000020
2026/09/17 10:36:09.240, 1, 76, 48.63, 0, 15219, 1189, 715, P0, 0x0000000000000000
2026/09/17 10:36:10.248, 0, 77, 49.26, 0, 14694, 1227, 715, P0, 0x0000000000000000
2026/09/17 10:36:10.251, 1, 79, 184.21, 100, 15219, 1328, 715, P0, 0x0000000000000000
2026/09/17 10:36:11.264, 0, 77, 148.23, 1, 14694, 1227, 715, P0, 0x0000000000000000
2026/09/17 10:36:11.268, 1, 79, 155.95, 100, 15219, 1252, 715, P0, 0x0000000000000020
2026/09/17 10:36:12.280, 0, 80, 134.16, 100, 14694, 1139, 715, P0, 0x0000000000000000
2026/09/17 10:36:12.283, 1, 79, 137.84, 100, 15219, 1139, 715, P0, 0x0000000000000020
2026/09/17 10:36:13.294, 0, 79, 109.51, 100, 14694, 1050, 715, P0, 0x0000000000000000
2026/09/17 10:36:13.300, 1, 79, 153.25, 100, 15219, 1177, 715, P0, 0x0000000000000020
2026/09/17 10:36:14.325, 0, 79, 122.19, 100, 14694, 1113, 715, P0, 0x0000000000000000
2026/09/17 10:36:14.328, 1, 79, 133.43, 100, 15219, 1139, 715, P0, 0x0000000000000020
2026/09/17 10:36:15.339, 0, 79, 117.20, 100, 14694, 1063, 715, P0, 0x0000000000000020
2026/09/17 10:36:15.342, 1, 79, 128.27, 100, 15219, 1126, 715, P0, 0x0000000000000020
2026/09/17 10:36:16.359, 0, 79, 119.25, 100, 14694, 1075, 715, P0, 0x0000000000000000
2026/09/17 10:36:16.362, 1, 77, 53.42, 0, 15219, 1290, 715, P0, 0x0000000000000000
2026/09/17 10:36:17.372, 0, 79, 125.23, 100, 14694, 1101, 715, P0, 0x0000000000000020
2026/09/17 10:36:17.379, 1, 76, 52.99, 0, 15219, 1290, 715, P0, 0x0000000000000000
2026/09/17 10:36:18.386, 0, 76, 47.62, 0, 14694, 1189, 715, P0, 0x0000000000000000
2026/09/17 10:36:18.390, 1, 80, 160.54, 100, 15219, 1252, 715, P0, 0x0000000000000020
2026/09/17 10:36:19.405, 0, 80, 165.42, 100, 14694, 1316, 715, P0, 0x0000000000000020
2026/09/17 10:36:19.410, 1, 79, 136.37, 100, 15219, 1189, 715, P0, 0x0000000000000000
2026/09/17 10:36:20.419, 0, 79, 117.19, 100, 14694, 1050, 715, P0, 0x0000000000000020
2026/09/17 10:36:20.422, 1, 79, 132.26, 100, 15219, 1139, 715, P0, 0x0000000000000020
2026/09/17 10:36:21.430, 0, 79, 125.25, 100, 14694, 1063, 715, P0, 0x0000000000000020
2026/09/17 10:36:21.441, 1, 79, 135.01, 100, 15219, 1139, 715, P0, 0x0000000000000000
2026/09/17 10:36:22.450, 0, 79, 115.55, 100, 14694, 1088, 715, P0, 0x0000000000000000
2026/09/17 10:36:22.460, 1, 79, 131.36, 100, 15219, 1189, 715, P0, 0x0000000000000000
2026/09/17 10:36:23.478, 0, 79, 146.16, 100, 14694, 1101, 715, P0, 0x0000000000000020
2026/09/17 10:36:23.481, 1, 77, 49.79, 0, 15219, 1189, 715, P0, 0x0000000000000000
2026/09/17 10:36:24.492, 0, 79, 119.75, 100, 14694, 1063, 715, P0, 0x0000000000000020
2026/09/17 10:36:24.499, 1, 76, 48.39, 0, 15219, 1189, 715, P0, 0x0000000000000000
2026/09/17 10:36:25.507, 0, 77, 47.90, 0, 14694, 1189, 715, P0, 0x0000000000000000
2026/09/17 10:36:25.510, 1, 79, 154.54, 100, 15219, 1328, 715, P0, 0x0000000000000000
2026/09/17 10:36:26.525, 0, 78, 177.73, 56, 14694, 1316, 715, P0, 0x0000000000000000
2026/09/17 10:36:26.528, 1, 80, 159.01, 100, 15219, 1177, 715, P0, 0x0000000000000020
2026/09/17 10:36:27.539, 0, 80, 152.86, 100, 14694, 1177, 715, P0, 0x0000000000000020
2026/09/17 10:36:27.541, 1, 79, 126.17, 100, 15219, 1101, 715, P0, 0x0000000000000020
2026/09/17 10:36:28.554, 0, 79, 127.50, 100, 14694, 1113, 715, P0, 0x0000000000000000
2026/09/17 10:36:28.559, 1, 79, 123.48, 100, 15219, 1151, 715, P0, 0x0000000000000000
2026/09/17 10:36:29.566, 0, 79, 114.15, 100, 14694, 1037, 715, P0, 0x0000000000000020
2026/09/17 10:36:29.569, 1, 79, 126.84, 100, 15219, 1113, 715, P0, 0x0000000000000000
2026/09/17 10:36:30.580, 0, 79, 119.86, 100, 14694, 1063, 715, P0, 0x0000000000000020
2026/09/17 10:36:30.583, 1, 79, 114.76, 100, 15219, 1088, 715, P0, 0x0000000000000020
2026/09/17 10:36:31.596, 0, 79, 143.65, 100, 14694, 1164, 715, P0, 0x0000000000000020
2026/09/17 10:36:31.599, 1, 77, 53.36, 0, 15219, 1278, 715, P0, 0x0000000000000000
2026/09/17 10:36:32.614, 0, 78, 49.04, 16, 14694, 1189, 715, P0, 0x0000000000000000
2026/09/17 10:36:32.617, 1, 78, 176.92, 55, 15219, 1328, 715, P0, 0x0000000000000000
2026/09/17 10:36:33.632, 0, 76, 47.39, 0, 14694, 1189, 715, P0, 0x0000000000000000
2026/09/17 10:36:33.635, 1, 80, 161.88, 100, 15219, 1290, 715, P0, 0x0000000000000000
2026/09/17 10:36:34.644, 0, 79, 150.12, 100, 14694, 1278, 715, P0, 0x0000000000000000
2026/09/17 10:36:34.647, 1, 79, 136.05, 100, 15219, 1189, 715, P0, 0x0000000000000000
2026/09/17 10:36:35.659, 0, 79, 131.43, 100, 14694, 1101, 715, P0, 0x0000000000000020
2026/09/17 10:36:35.662, 1, 79, 119.70, 100, 15219, 1075, 715, P0, 0x0000000000000020
2026/09/17 10:36:36.671, 0, 79, 122.95, 100, 14694, 1139, 715, P0, 0x0000000000000000
2026/09/17 10:36:36.680, 1, 79, 120.18, 100, 15219, 1151, 715, P0, 0x0000000000000000
2026/09/17 10:36:37.685, 0, 79, 136.16, 100, 14694, 1113, 715, P0, 0x0000000000000020
2026/09/17 10:36:37.688, 1, 79, 133.84, 100, 15219, 1164, 715, P0, 0x0000000000000000
2026/09/17 10:36:38.696, 0, 80, 133.27, 100, 14694, 1113, 715, P0, 0x0000000000000020
2026/09/17 10:36:38.700, 1, 77, 49.54, 0, 15219, 1189, 715, P0, 0x0000000000000000
2026/09/17 10:36:39.712, 0, 79, 111.41, 100, 14694, 1012, 715, P0, 0x0000000000000000
2026/09/17 10:36:39.723, 1, 76, 48.63, 0, 15219, 1189, 715, P0, 0x0000000000000000
2026/09/17 10:36:40.742, 0, 76, 47.80, 0, 14694, 1189, 715, P0, 0x0000000000000000
2026/09/17 10:36:40.745, 1, 79, 191.49, 100, 15219, 1328, 715, P0, 0x0000000000000000
2026/09/17 10:36:41.755, 0, 80, 196.33, 100, 14694, 1328, 715, P0, 0x0000000000000000
2026/09/17 10:36:41.760, 1, 79, 122.79, 100, 15219, 1101, 715, P0, 0x0000000000000000
2026/09/17 10:36:42.769, 0, 80, 128.85, 100, 14694, 1139, 715, P0, 0x0000000000000000
2026/09/17 10:36:42.772, 1, 79, 136.39, 100, 15219, 1189, 715, P0, 0x0000000000000000
2026/09/17 10:36:43.798, 0, 79, 125.91, 100, 14694, 1101, 715, P0, 0x0000000000000020
2026/09/17 10:36:43.801, 1, 79, 126.26, 100, 15219, 1113, 715, P0, 0x0000000000000020
2026/09/17 10:36:44.814, 0, 79, 132.11, 100, 14694, 1101, 715, P0, 0x0000000000000000
2026/09/17 10:36:44.823, 1, 79, 128.61, 100, 15219, 1101, 715, P0, 0x0000000000000020
2026/09/17 10:36:45.831, 0, 79, 127.84, 100, 14694, 1164, 715, P0, 0x0000000000000000
2026/09/17 10:36:45.841, 1, 78, 55.54, 62, 15219, 1303, 715, P0, 0x0000000000000000
2026/09/17 10:36:46.860, 0, 79, 125.89, 100, 14694, 1101, 715, P0, 0x0000000000000020
2026/09/17 10:36:46.863, 1, 77, 54.37, 0, 15219, 1303, 715, P0, 0x0000000000000000
2026/09/17 10:36:47.872, 0, 77, 48.06, 0, 14694, 1189, 715, P0, 0x0000000000000000
2026/09/17 10:36:47.876, 1, 80, 181.83, 100, 15219, 1328, 715, P0, 0x0000000000000000
2026/09/17 10:36:48.889, 0, 77, 152.42, 19, 14694, 1189, 715, P0, 0x0000000000000000
2026/09/17 10:36:48.892, 1, 79, 150.04, 100, 15219, 1189, 715, P0, 0x0000000000000020
2026/09/17 10:36:49.918, 0, 79, 118.76, 100, 14694, 1063, 715, P0, 0x0000000000000020
2026/09/17 10:36:49.921, 1, 79, 141.87, 100, 15219, 1189, 715, P0, 0x0000000000000000
2026/09/17 10:36:50.930, 0, 79, 109.74, 100, 14694, 1088, 715, P0, 0x0000000000000000
2026/09/17 10:36:50.943, 1, 79, 158.01, 100, 15219, 1139, 715, P0, 0x0000000000000020
2026/09/17 10:36:51.954, 0, 79, 116.95, 100, 14694, 1139, 715, P0, 0x0000000000000000
2026/09/17 10:36:51.960, 1, 79, 131.93, 100, 15219, 1126, 715, P0, 0x0000000000000020
2026/09/17 10:36:52.971, 0, 79, 125.51, 100, 14694, 1075, 715, P0, 0x0000000000000020
2026/09/17 10:36:52.979, 1, 79, 121.55, 100, 15219, 1126, 715, P0, 0x0000000000000000
2026/09/17 10:36:53.991, 0, 79, 119.01, 100, 14694, 1063, 715, P0, 0x0000000000000020
2026/09/17 10:36:54.000, 1, 77, 51.52, 0, 15219, 1252, 715, P0, 0x0000000000000000
2026/09/17 10:36:55.006, 0, 79, 129.48, 100, 14694, 1088, 715, P0, 0x0000000000000020
2026/09/17 10:36:55.009, 1, 76, 50.78, 0, 15219, 1252, 715, P0, 0x0000000000000000
2026/09/17 10:36:56.023, 0, 76, 47.57, 0, 14694, 1189, 715, P0, 0x0000000000000000
2026/09/17 10:36:56.026, 1, 80, 185.40, 100, 15219, 1278, 715, P0, 0x0000000000000020
2026/09/17 10:36:57.038, 0, 80, 155.05, 100, 14694, 1328, 715, P0, 0x0000000000000000
2026/09/17 10:36:57.043, 1, 79, 125.45, 100, 15219, 1139, 715, P0, 0x0000000000000000
2026/09/17 10:36:58.052, 0, 79, 112.49, 100, 14694, 1025, 715, P0, 0x0000000000000020
2026/09/17 10:36:58.055, 1, 79, 123.81, 100, 15219, 1101, 715, P0, 0x0000000000000020
2026/09/17 10:36:59.067, 0, 79, 113.43, 100, 14694, 1025, 715, P0, 0x0000000000000000
2026/09/17 10:36:59.070, 1, 79, 128.99, 100, 15219, 1101, 715, P0, 0x0000000000000020
2026/09/17 10:37:00.082, 0, 79, 112.51, 100, 14694, 1025, 715, P0, 0x0000000000000000
2026/09/17 10:37:00.086, 1, 79, 128.99, 100, 15219, 1189, 715, P0, 0x0000000000000000
2026/09/17 10:37:01.096, 0, 79, 117.87, 100, 14694, 1063, 715, P0, 0x0000000000000000
2026/09/17 10:37:01.105, 1, 78, 49.85, 16, 15219, 1189, 715, P0, 0x0000000000000000
2026/09/17 10:37:02.115, 0, 79, 112.12, 100, 14694, 1025, 715, P0, 0x0000000000000020
2026/09/17 10:37:02.124, 1, 76, 48.63, 0, 15219, 1189, 715, P0, 0x0000000000000000
2026/09/17 10:37:03.143, 0, 77, 47.81, 0, 14694, 1189, 715, P0, 0x0000000000000000
2026/09/17 10:37:03.146, 1, 79, 188.38, 100, 15219, 1328, 715, P0, 0x0000000000000000
2026/09/17 10:37:04.154, 0, 76, 167.15, 0, 14694, 1189, 715, P0, 0x0000000000000000
2026/09/17 10:37:04.158, 1, 80, 170.88, 100, 15219, 1290, 715, P0, 0x0000000000000020
2026/09/17 10:37:05.169, 0, 80, 148.79, 100, 14694, 1189, 715, P0, 0x0000000000000020
2026/09/17 10:37:05.173, 1, 79, 128.24, 100, 15219, 1101, 715, P0, 0x0000000000000000
2026/09/17 10:37:06.184, 0, 79, 125.52, 100, 14694, 1151, 715, P0, 0x0000000000000000
2026/09/17 10:37:06.188, 1, 79, 111.40, 100, 15219, 1139, 715, P0, 0x0000000000000000
2026/09/17 10:37:07.196, 0, 79, 160.13, 100, 14694, 1177, 715, P0, 0x0000000000000000
2026/09/17 10:37:07.199, 1, 79, 135.37, 100, 15219, 1151, 715, P0, 0x0000000000000020
2026/09/17 10:37:08.209, 0, 79, 123.35, 100, 14694, 1063, 715, P0, 0x0000000000000020
2026/09/17 10:37:08.212, 1, 79, 123.96, 100, 15219, 1075, 715, P0, 0x0000000000000020
2026/09/17 10:37:09.223, 0, 79, 126.40, 100, 14694, 1075, 715, P0, 0x0000000000000000
2026/09/17 10:37:09.226, 1, 77, 48.84, 0, 15219, 1189, 715, P0, 0x0000000000000000
2026/09/17 10:37:10.240, 0, 79, 102.16, 100, 14694, 1113, 715, P0, 0x0000000000000000
2026/09/17 10:37:10.247, 1, 76, 85.44, 0, 15219, 1189, 715, P0, 0x0000000000000000
2026/09/17 10:37:11.253, 0, 76, 47.62, 0, 14694, 1189, 715, P0, 0x0000000000000000
2026/09/17 10:37:11.256, 1, 80, 170.86, 100, 15219, 1290, 715, P0, 0x0000000000000000
2026/09/17 10:37:12.272, 0, 80, 165.63, 100, 14694, 1303, 715, P0, 0x0000000000000000
2026/09/17 10:37:12.275, 1, 79, 159.55, 100, 15219, 1189, 715, P0, 0x0000000000000000
2026/09/17 10:37:13.286, 0, 79, 133.37, 100, 14694, 1126, 715, P0, 0x0000000000000020
2026/09/17 10:37:13.290, 1, 79, 140.78, 100, 15219, 1177, 715, P0, 0x0000000000000000
2026/09/17 10:37:14.300, 0, 79, 125.51, 100, 14694, 1101, 715, P0, 0x0000000000000000
2026/09/17 10:37:14.305, 1, 79, 123.95, 100, 15219, 1075, 715, P0, 0x0000000000000020
2026/09/17 10:37:15.317, 0, 79, 117.46, 100, 14694, 1113, 715, P0, 0x0000000000000000
2026/09/17 10:37:15.327, 1, 79, 127.60, 100, 15219, 1151, 715, P0, 0x0000000000000000
2026/09/17 10:37:16.346, 0, 79, 154.62, 100, 14694, 1164, 715, P0, 0x0000000000000020
2026/09/17 10:37:16.349, 1, 77, 49.78, 5, 15219, 1189, 715, P0, 0x0000000000000000
2026/09/17 10:37:17.363, 0, 79, 124.71, 100, 14694, 1101, 715, P0, 0x0000000000000000
2026/09/17 10:37:17.366, 1, 76, 48.38, 0, 15219, 1189, 715, P0, 0x0000000000000000
2026/09/17 10:37:18.378, 0, 77, 50.98, 0, 14694, 1252, 715, P0, 0x0000000000000000
2026/09/17 10:37:18.384, 1, 79, 169.88, 100, 15219, 1328, 715, P0, 0x0000000000000000
2026/09/17 10:37:19.393, 0, 78, 187.80, 12, 14694, 1252, 715, P0, 0x0000000000000000
2026/09/17 10:37:19.395, 1, 79, 142.70, 100, 15219, 1189, 715, P0, 0x0000000000000020
2026/09/17 10:37:20.407, 0, 79, 118.74, 100, 14694, 1063, 715, P0, 0x0000000000000020
2026/09/17 10:37:20.410, 1, 79, 117.58, 100, 15219, 1075, 715, P0, 0x0000000000000000
2026/09/17 10:37:21.422, 0, 79, 119.90, 100, 14694, 1177, 715, P0, 0x0000000000000000
2026/09/17 10:37:21.430, 1, 79, 139.74, 100, 15219, 1075, 715, P0, 0x0000000000000020
2026/09/17 10:37:22.435, 0, 79, 125.83, 100, 14694, 1113, 715, P0, 0x0000000000000020
2026/09/17 10:37:22.438, 1, 79, 117.57, 100, 15219, 1075, 715, P0, 0x0000000000000020
2026/09/17 10:37:23.449, 0, 79, 120.34, 100, 14694, 1063, 715, P0, 0x0000000000000020
2026/09/17 10:37:23.452, 1, 79, 118.30, 100, 15219, 1063, 715, P0, 0x0000000000000020
2026/09/17 10:37:24.463, 0, 79, 127.58, 100, 14694, 1075, 715, P0, 0x0000000000000000
2026/09/17 10:37:24.468, 1, 77, 49.07, 0, 15219, 1189, 715, P0, 0x0000000000000000
2026/09/17 10:37:25.476, 0, 79, 65.06, 100, 14694, 1164, 715, P0, 0x0000000000000000
2026/09/17 10:37:25.480, 1, 76, 126.54, 0, 15219, 1189, 715, P0, 0x0000000000000000
2026/09/17 10:37:26.490, 0, 76, 47.57, 0, 14694, 1189, 715, P0, 0x0000000000000000
2026/09/17 10:37:26.493, 1, 80, 194.22, 100, 15219, 1328, 715, P0, 0x0000000000000000
2026/09/17 10:37:27.503, 0, 80, 189.05, 100, 14694, 1303, 715, P0, 0x0000000000000000
2026/09/17 10:37:27.507, 1, 79, 141.01, 100, 15219, 1101, 715, P0, 0x0000000000000020
2026/09/17 10:37:28.517, 0, 79, 135.07, 100, 14694, 1139, 715, P0, 0x0000000000000020
2026/09/17 10:37:28.520, 1, 78, 130.81, 100, 15219, 1139, 715, P0, 0x0000000000000000
2026/09/17 10:37:29.532, 0, 79, 124.55, 100, 14694, 1101, 715, P0, 0x0000000000000000
2026/09/17 10:37:29.535, 1, 79, 124.18, 100, 15219, 1101, 715, P0, 0x0000000000000020
2026/09/17 10:37:30.546, 0, 79, 118.90, 100, 14694, 1139, 715, P0, 0x0000000000000000
2026/09/17 10:37:30.552, 1, 79, 118.04, 100, 15219, 1139, 715, P0, 0x0000000000000000
2026/09/17 10:37:31.564, 0, 79, 123.32, 100, 14694, 923, 715, P0, 0x0000000000000020
2026/09/17 10:37:31.574, 1, 78, 50.06, 0, 15219, 1189, 715, P0, 0x0000000000000000
2026/09/17 10:37:32.578, 0, 79, 112.84, 100, 14694, 1037, 715, P0, 0x0000000000000000
2026/09/17 10:37:32.581, 1, 76, 48.63, 0, 15219, 1189, 715, P0, 0x0000000000000000
2026/09/17 10:37:33.589, 0, 77, 48.06, 0, 14694, 1189, 715, P0, 0x0000000000000000
2026/09/17 10:37:33.592, 1, 79, 188.86, 100, 15219, 1328, 715, P0, 0x0000000000000000
2026/09/17 10:37:34.604, 0, 77, 144.60, 0, 14694, 1189, 715, P0, 0x0000000000000000
2026/09/17 10:37:34.607, 1, 79, 127.35, 100, 15219, 1113, 715, P0, 0x0000000000000020
2026/09/17 10:37:35.618, 0, 79, 132.13, 100, 14694, 1101, 715, P0, 0x0000000000000020
2026/09/17 10:37:35.620, 1, 79, 123.68, 100, 15219, 1075, 715, P0, 0x0000000000000020
2026/09/17 10:37:36.645, 0, 79, 120.32, 100, 14694, 1113, 715, P0, 0x0000000000000000
2026/09/17 10:37:36.652, 1, 79, 121.14, 100, 15219, 1164, 715, P0, 0x0000000000000000
2026/09/17 10:37:37.659, 0, 79, 146.16, 100, 14694, 1189, 715, P0, 0x0000000000000000
2026/09/17 10:37:37.661, 1, 79, 145.25, 100, 15219, 1189, 715, P0, 0x0000000000000000
2026/09/17 10:37:38.688, 0, 79, 120.22, 100, 14694, 1050, 715, P0, 0x0000000000000020
2026/09/17 10:37:38.692, 1, 79, 135.10, 100, 15219, 1126, 715, P0, 0x0000000000000020
2026/09/17 10:37:39.703, 0, 79, 121.18, 100, 14694, 1050, 715, P0, 0x0000000000000020
2026/09/17 10:37:39.711, 1, 77, 49.11, 0, 15219, 1189, 715, P0, 0x0000000000000000
2026/09/17 10:37:40.731, 0, 79, 133.09, 100, 14694, 1151, 715, P0, 0x0000000000000000
2026/09/17 10:37:40.734, 1, 76, 48.34, 0, 15219, 1189, 715, P0, 0x0000000000000000
2026/09/17 10:37:41.745, 0, 77, 51.15, 0, 14694, 1265, 715, P0, 0x0000000000000000
2026/09/17 10:37:41.748, 1, 80, 194.43, 100, 15219, 1328, 715, P0, 0x0000000000000000
2026/09/17 10:37:42.763, 0, 80, 178.90, 100, 14694, 1303, 715, P0, 0x0000000000000020
2026/09/17 10:37:42.770, 1, 79, 115.36, 100, 15219, 1215, 715, P0, 0x0000000000000000
2026/09/17 10:37:43.779, 0, 79, 126.08, 100, 14694, 1139, 715, P0, 0x0000000000000020
2026/09/17 10:37:43.782, 1, 79, 139.18, 100, 15219, 1164, 715, P0, 0x0000000000000020
2026/09/17 10:37:44.797, 0, 80, 131.75, 100, 14694, 1113, 715, P0, 0x0000000000000000
2026/09/17 10:37:44.800, 1, 80, 140.61, 100, 15219, 1151, 715, P0, 0x0000000000000020
2026/09/17 10:37:45.813, 0, 79, 109.41, 100, 14694, 1050, 715, P0, 0x0000000000000000
2026/09/17 10:37:45.816, 1, 79, 154.18, 100, 15219, 1227, 715, P0, 0x0000000000000020
2026/09/17 10:37:46.827, 0, 79, 158.11, 100, 14694, 1075, 715, P0, 0x0000000000000020
2026/09/17 10:37:46.834, 1, 78, 49.99, 0, 15219, 1189, 715, P0, 0x0000000000000000
2026/09/17 10:37:47.840, 0, 79, 118.30, 100, 14694, 1063, 715, P0, 0x0000000000000020
2026/09/17 10:37:47.843, 1, 76, 48.63, 0, 15219, 1189, 715, P0, 0x0000000000000000
2026/09/17 10:37:48.853, 0, 77, 54.04, 0, 14694, 1316, 715, P0, 0x0000000000000000
2026/09/17 10:37:48.856, 1, 79, 181.79, 100, 15219, 1328, 715, P0, 0x0000000000000000
2026/09/17 10:37:49.865, 0, 77, 183.00, 8, 14694, 1316, 715, P0, 0x0000000000000000
2026/09/17 10:37:49.869, 1, 79, 174.40, 100, 15219, 1252, 715, P0, 0x0000000000000020
2026/09/17 10:37:50.881, 0, 79, 114.57, 100, 14694, 1012, 715, P0, 0x0000000000000020
2026/09/17 10:37:50.883, 1, 79, 129.47, 100, 15219, 1113, 715, P0, 0x0000000000000020
2026/09/17 10:37:51.893, 0, 79, 112.97, 100, 14694, 1025, 715, P0, 0x0000000000000000
2026/09/17 10:37:51.897, 1, 79, 120.93, 100, 15219, 1113, 715, P0, 0x0000000000000020
2026/09/17 10:37:52.907, 0, 79, 106.49, 100, 14694, 1075, 715, P0, 0x0000000000000000
2026/09/17 10:37:52.916, 1, 79, 155.87, 100, 15219, 1189, 715, P0, 0x0000000000000000
2026/09/17 10:37:53.921, 0, 79, 119.59, 100, 14694, 1025, 715, P0, 0x0000000000000020
2026/09/17 10:37:53.923, 1, 79, 125.20, 100, 15219, 1088, 715, P0, 0x0000000000000020
2026/09/17 10:37:54.933, 0, 79, 112.37, 100, 14694, 1025, 715, P0, 0x0000000000000020
2026/09/17 10:37:54.935, 1, 77, 49.12, 0, 15219, 1189, 715, P0, 0x0000000000000000
2026/09/17 10:37:55.946, 0, 79, 112.60, 100, 14694, 1037, 715, P0, 0x0000000000000000
2026/09/17 10:37:55.956, 1, 76, 48.15, 0, 15219, 1189, 715, P0, 0x0000000000000000
2026/09/17 10:37:56.965, 0, 77, 48.34, 0, 14694, 1202, 715, P0, 0x0000000000000000
2026/09/17 10:37:56.970, 1, 79, 170.18, 100, 15219, 1328, 715, P0, 0x0000000000000000
2026/09/17 10:37:57.982, 0, 78, 186.48, 57, 14694, 1328, 715, P0, 0x0000000000000000
2026/09/17 10:37:57.985, 1, 80, 158.88, 100, 15219, 1227, 715, P0, 0x0000000000000020
2026/09/17 10:37:58.997, 0, 80, 149.25, 100, 14694, 1189, 715, P0, 0x0000000000000020
2026/09/17 10:37:58.999, 1, 79, 134.11, 100, 15219, 1189, 715, P0, 0x0000000000000000
2026/09/17 10:38:00.011, 0, 79, 132.97, 100, 14694, 1113, 715, P0, 0x0000000000000000
2026/09/17 10:38:00.016, 1, 79, 139.18, 100, 15219, 1227, 715, P0, 0x0000000000000000
2026/09/17 10:38:01.027, 0, 79, 120.44, 100, 14694, 1050, 715, P0, 0x0000000000000020
2026/09/17 10:38:01.036, 1, 79, 142.80, 100, 15219, 1189, 715, P0, 0x0000000000000000
2026/09/17 10:38:02.044, 0, 79, 124.22, 100, 14694, 1063, 715, P0, 0x0000000000000020
2026/09/17 10:38:02.056, 1, 79, 139.55, 100, 15219, 1139, 715, P0, 0x0000000000000020
2026/09/17 10:38:03.071, 0, 79, 113.32, 100, 14694, 1063, 715, P0, 0x0000000000000000
2026/09/17 10:38:03.076, 1, 77, 53.91, 0, 15219, 1290, 715, P0, 0x0000000000000000
2026/09/17 10:38:04.087, 0, 79, 53.86, 100, 14694, 1189, 715, P0, 0x0000000000000000
2026/09/17 10:38:04.091, 1, 76, 186.33, 0, 15219, 1290, 715, P0, 0x0000000000000000
2026/09/17 10:38:05.096, 0, 76, 47.40, 0, 14694, 1189, 715, P0, 0x0000000000000000
2026/09/17 10:38:05.100, 1, 79, 159.59, 100, 15219, 1227, 715, P0, 0x0000000000000020
2026/09/17 10:38:06.108, 0, 80, 159.20, 100, 14694, 1278, 715, P0, 0x0000000000000000
2026/09/17 10:38:06.111, 1, 80, 134.65, 100, 15219, 1189, 715, P0, 0x0000000000000000
2026/09/17 10:38:07.119, 0, 79, 144.13, 100, 14694, 1177, 715, P0, 0x0000000000000020
2026/09/17 10:38:07.123, 1, 79, 128.73, 100, 15219, 1126, 715, P0, 0x0000000000000020
2026/09/17 10:38:08.137, 0, 79, 118.39, 100, 14694, 1063, 715, P0, 0x0000000000000020
2026/09/17 10:38:08.141, 1, 79, 133.91, 100, 15219, 1139, 715, P0, 0x0000000000000000
2026/09/17 10:38:09.150, 0, 79, 121.55, 100, 14694, 1075, 715, P0, 0x0000000000000000
2026/09/17 10:38:09.158, 1, 79, 154.61, 100, 15219, 1126, 715, P0, 0x0000000000000020
2026/09/17 10:38:10.183, 0, 79, 125.48, 100, 14694, 1101, 715, P0, 0x0000000000000020
2026/09/17 10:38:10.186, 1, 78, 50.09, 10, 15219, 1189, 715, P0, 0x0000000000000000
2026/09/17 10:38:11.195, 0, 79, 119.75, 100, 14694, 1075, 715, P0, 0x0000000000000020
2026/09/17 10:38:11.198, 1, 76, 48.39, 0, 15219, 1189, 715, P0, 0x0000000000000000
2026/09/17 10:38:12.211, 0, 77, 48.28, 0, 14694, 1189, 715, P0, 0x0000000000000000
2026/09/17 10:38:12.214, 1, 79, 192.31, 100, 15219, 1328, 715, P0, 0x0000000000000000
2026/09/17 10:38:13.226, 0, 77, 146.87, 0, 14694, 1189, 715, P0, 0x0000000000000000
2026/09/17 10:38:13.229, 1, 80, 143.40, 100, 15219, 1290, 715, P0, 0x0000000000000000
2026/09/17 10:38:14.242, 0, 80, 146.02, 100, 14694, 1177, 715, P0, 0x0000000000000020
2026/09/17 10:38:14.246, 1, 79, 129.22, 100, 15219, 1113, 715, P0, 0x0000000000000020
2026/09/17 10:38:15.256, 0, 78, 98.70, 100, 14694, 847, 715, P0, 0x0000000000000000
2026/09/17 10:38:15.264, 1, 79, 120.73, 100, 15219, 1151, 715, P0, 0x0000000000000000
2026/09/17 10:38:16.284, 0, 79, 114.82, 100, 14694, 1037, 715, P0, 0x0000000000000020
2026/09/17 10:38:16.289, 1, 79, 132.93, 100, 15219, 1164, 715, P0, 0x0000000000000000
2026/09/17 10:38:17.300, 0, 79, 138.49, 100, 14694, 1139, 715, P0, 0x0000000000000000
2026/09/17 10:38:17.303, 1, 79, 127.68, 100, 15219, 1101, 715, P0, 0x0000000000000020
2026/09/17 10:38:18.315, 0, 79, 118.76, 100, 14694, 1075, 715, P0, 0x0000000000000020
2026/09/17 10:38:18.319, 1, 77, 55.35, 0, 15219, 1316, 715, P0, 0x0000000000000000
2026/09/17 10:38:19.330, 0, 79, 125.64, 100, 14694, 1075, 715, P0, 0x0000000000000000
2026/09/17 10:38:19.340, 1, 76, 54.85, 0, 15219, 1316, 715, P0, 0x0000000000000000
2026/09/17 10:38:20.343, 0, 77, 53.80, 0, 14694, 1316, 715, P0, 0x0000000000000000
2026/09/17 10:38:20.346, 1, 79, 196.92, 100, 15219, 1328, 715, P0, 0x0000000000000000
2026/09/17 10:38:21.355, 0, 79, 187.53, 93, 14694, 1328, 715, P0, 0x0000000000000000
2026/09/17 10:38:21.358, 1, 79, 126.62, 100, 15219, 1126, 715, P0, 0x0000000000000000
2026/09/17 10:38:22.375, 0, 80, 145.09, 100, 14694, 1177, 715, P0, 0x0000000000000000
2026/09/17 10:38:22.378, 1, 79, 128.74, 100, 15219, 1126, 715, P0, 0x0000000000000000
2026/09/17 10:38:23.387, 0, 80, 142.26, 100, 14694, 1139, 715, P0, 0x0000000000000020
2026/09/17 10:38:23.390, 1, 79, 150.51, 100, 15219, 1164, 715, P0, 0x0000000000000020
2026/09/17 10:38:24.416, 0, 79, 125.74, 100, 14694, 1101, 715, P0, 0x0000000000000020
2026/09/17 10:38:24.419, 1, 79, 127.46, 100, 15219, 1126, 715, P0, 0x0000000000000000
2026/09/17 10:38:25.430, 0, 79, 111.52, 100, 14694, 987, 715, P0, 0x0000000000000020
2026/09/17 10:38:25.442, 1, 79, 129.00, 100, 15219, 1126, 715, P0, 0x0000000000000000
2026/09/17 10:38:26.459, 0, 79, 105.45, 100, 14694, 1025, 715, P0, 0x0000000000000000
2026/09/17 10:38:26.462, 1, 77, 48.89, 0, 15219, 1189, 715, P0, 0x0000000000000000
2026/09/17 10:38:27.478, 0, 79, 84.38, 100, 14694, 1037, 715, P0, 0x0000000000000000
2026/09/17 10:38:27.482, 1, 76, 87.38, 0, 15219, 1189, 715, P0, 0x0000000000000000
2026/09/17 10:38:28.488, 0, 76, 47.37, 0, 14694, 1189, 715, P0, 0x0000000000000000
2026/09/17 10:38:28.491, 1, 80, 177.19, 100, 15219, 1303, 715, P0, 0x0000000000000000
2026/09/17 10:38:29.506, 0, 80, 177.86, 100, 14694, 1278, 715, P0, 0x0000000000000020
2026/09/17 10:38:29.509, 1, 79, 107.79, 100, 15219, 1075, 715, P0, 0x0000000000000000
2026/09/17 10:38:30.520, 0, 79, 127.91, 100, 14694, 1139, 715, P0, 0x0000000000000020
2026/09/17 10:38:30.524, 1, 79, 128.66, 100, 15219, 1177, 715, P0, 0x0000000000000000
2026/09/17 10:38:31.535, 0, 79, 124.27, 100, 14694, 1101, 715, P0, 0x0000000000000000
2026/09/17 10:38:31.542, 1, 79, 136.21, 100, 15219, 1139, 715, P0, 0x0000000000000020
2026/09/17 10:38:32.549, 0, 79, 124.77, 100, 14694, 1101, 715, P0, 0x0000000000000000
2026/09/17 10:38:32.552, 1, 79, 133.66, 100, 15219, 1139, 715, P0, 0x0000000000000000
2026/09/17 10:38:33.565, 0, 79, 136.34, 100, 14694, 1189, 715, P0, 0x0000000000000020
2026/09/17 10:38:33.568, 1, 78, 52.45, 100, 15219, 1227, 715, P0, 0x0000000000000000
2026/09/17 10:38:34.582, 0, 79, 137.49, 100, 14694, 1113, 715, P0, 0x0000000000000020
2026/09/17 10:38:34.585, 1, 76, 50.51, 0, 15219, 1227, 715, P0, 0x0000000000000000
2026/09/17 10:38:35.596, 0, 77, 48.30, 0, 14694, 1189, 715, P0, 0x0000000000000000
2026/09/17 10:38:35.599, 1, 79, 193.74, 100, 15219, 1328, 715, P0, 0x0000000000000000
2026/09/17 10:38:36.615, 0, 76, 47.58, 0, 14694, 1189, 715, P0, 0x0000000000000000
2026/09/17 10:38:36.619, 1, 79, 176.65, 100, 15219, 1290, 715, P0, 0x0000000000000020
2026/09/17 10:38:37.627, 0, 79, 119.76, 100, 14694, 1075, 715, P0, 0x0000000000000020
2026/09/17 10:38:37.630, 1, 79, 130.34, 100, 15219, 1126, 715, P0, 0x0000000000000020
2026/09/17 10:38:38.642, 0, 79, 125.24, 100, 14694, 1088, 715, P0, 0x0000000000000020
2026/09/17 10:38:38.645, 1, 79, 133.90, 100, 15219, 1126, 715, P0, 0x0000000000000020
2026/09/17 10:38:39.656, 0, 79, 116.81, 100, 14694, 1151, 715, P0, 0x0000000000000000
2026/09/17 10:38:39.664, 1, 79, 149.80, 100, 15219, 1139, 715, P0, 0x0000000000000020
2026/09/17 10:38:40.676, 0, 79, 149.57, 100, 14694, 1126, 715, P0, 0x0000000000000020
2026/09/17 10:38:40.684, 1, 79, 132.62, 100, 15219, 1126, 715, P0, 0x0000000000000020
2026/09/17 10:38:41.689, 0, 79, 125.18, 100, 14694, 1101, 715, P0, 0x0000000000000000
2026/09/17 10:38:41.692, 1, 77, 54.37, 0, 15219, 1290, 715, P0, 0x0000000000000000
2026/09/17 10:38:42.708, 0, 79, 105.91, 100, 14694, 936, 715, P0, 0x0000000000000020
2026/09/17 10:38:42.711, 1, 76, 53.46, 0, 15219, 1290, 715, P0, 0x0000000000000000
2026/09/17 10:38:43.725, 0, 77, 47.58, 0, 14694, 1189, 715, P0, 0x0000000000000000
2026/09/17 10:38:43.728, 1, 79, 170.59, 100, 15219, 1328, 715, P0, 0x0000000000000000
2026/09/17 10:38:44.739, 0, 78, 182.34, 100, 14694, 1316, 715, P0, 0x0000000000000000
2026/09/17 10:38:44.741, 1, 80, 157.34, 100, 15219, 1227, 715, P0, 0x0000000000000020
2026/09/17 10:38:45.752, 0, 80, 149.24, 100, 14694, 1177, 715, P0, 0x0000000000000020
2026/09/17 10:38:45.754, 1, 80, 139.13, 100, 15219, 1164, 715, P0, 0x0000000000000020
2026/09/17 10:38:46.767, 0, 78, 124.53, 100, 14694, 1075, 715, P0, 0x0000000000000020
2026/09/17 10:38:46.772, 1, 79, 137.58, 100, 15219, 1189, 715, P0, 0x0000000000000000
2026/09/17 10:38:47.787, 0, 79, 135.21, 100, 14694, 1063, 715, P0, 0x0000000000000020
2026/09/17 10:38:47.790, 1, 79, 123.96, 100, 15219, 1101, 715, P0, 0x0000000000000020
2026/09/17 10:38:48.797, 0, 79, 114.09, 100, 14694, 1037, 715, P0, 0x0000000000000020
2026/09/17 10:38:48.805, 1, 79, 127.55, 100, 15219, 1101, 715, P0, 0x0000000000000020
2026/09/17 10:38:49.825, 0, 79, 115.00, 100, 14694, 1037, 715, P0, 0x0000000000000020
2026/09/17 10:38:49.828, 1, 77, 51.50, 0, 15219, 1240, 715, P0, 0x0000000000000000
2026/09/17 10:38:50.838, 0, 79, 106.89, 100, 14694, 1050, 715, P0, 0x0000000000000000
2026/09/17 10:38:50.847, 1, 76, 50.81, 0, 15219, 1240, 715, P0, 0x0000000000000000
2026/09/17 10:38:51.852, 0, 76, 48.28, 0, 14694, 1215, 715, P0, 0x0000000000000000
2026/09/17 10:38:51.852, 1, 79, 191.36, 100, 15219, 1328, 715, P0, 0x0000000000000000
2026/09/17 10:38:52.855, 0, 80, 199.45, 100, 14694, 1328, 715, P0, 0x0000000000000000
2026/09/17 10:38:52.859, 1, 80, 142.75, 100, 15219, 1177, 715, P0, 0x0000000000000020
2026/09/17 10:38:53.873, 0, 79, 144.79, 100, 14694, 1177, 715, P0, 0x0000000000000000
2026/09/17 10:38:53.876, 1, 79, 152.37, 100, 15219, 1189, 715, P0, 0x0000000000000000
2026/09/17 10:38:54.888, 0, 79, 134.23, 100, 14694, 1164, 715, P0, 0x0000000000000000
2026/09/17 10:38:54.892, 1, 79, 123.43, 100, 15219, 1101, 715, P0, 0x0000000000000020
2026/09/17 10:38:55.906, 0, 79, 131.63, 100, 14694, 1101, 715, P0, 0x0000000000000020
2026/09/17 10:38:55.908, 1, 79, 130.29, 100, 15219, 1113, 715, P0, 0x0000000000000020
2026/09/17 10:38:56.925, 0, 80, 128.26, 100, 14694, 1101, 715, P0, 0x0000000000000020
2026/09/17 10:38:56.928, 1, 79, 140.38, 100, 15219, 1164, 715, P0, 0x0000000000000020
2026/09/17 10:38:57.945, 0, 79, 141.98, 100, 14694, 1063, 715, P0, 0x0000000000000020
2026/09/17 10:38:57.948, 1, 77, 54.58, 0, 15219, 1303, 715, P0, 0x0000000000000000
2026/09/17 10:38:58.960, 0, 77, 48.57, 16, 14694, 1189, 715, P0, 0x0000000000000000
2026/09/17 10:38:58.963, 1, 78, 179.22, 77, 15219, 1328, 715, P0, 0x0000000000000000
2026/09/17 10:38:59.975, 0, 76, 47.42, 0, 14694, 1189, 715, P0, 0x0000000000000000
2026/09/17 10:38:59.982, 1, 80, 141.44, 100, 15219, 1227, 715, P0, 0x0000000000000000
2026/09/17 10:39:00.989, 0, 80, 198.82, 100, 14694, 1328, 715, P0, 0x0000000000000000
2026/09/17 10:39:00.992, 1, 79, 123.92, 100, 15219, 1189, 715, P0, 0x0000000000000000
2026/09/17 10:39:02.005, 0, 79, 118.61, 100, 14694, 1063, 715, P0, 0x0000000000000020
2026/09/17 10:39:02.008, 1, 79, 136.07, 100, 15219, 1139, 715, P0, 0x0000000000000020
2026/09/17 10:39:03.018, 0, 79, 117.20, 100, 14694, 1063, 715, P0, 0x0000000000000020
2026/09/17 10:39:03.025, 1, 79, 127.53, 100, 15219, 1177, 715, P0, 0x0000000000000000
2026/09/17 10:39:04.032, 0, 79, 113.36, 100, 14694, 1101, 715, P0, 0x0000000000000000
2026/09/17 10:39:04.035, 1, 79, 132.58, 100, 15219, 1189, 715, P0, 0x0000000000000000
2026/09/17 10:39:05.047, 0, 79, 128.75, 100, 14694, 1101, 715, P0, 0x0000000000000020
2026/09/17 10:39:05.049, 1, 78, 56.28, 0, 15219, 1316, 715, P0, 0x0000000000000000
2026/09/17 10:39:06.060, 0, 79, 117.80, 100, 14694, 1063, 715, P0, 0x0000000000000020
2026/09/17 10:39:06.064, 1, 76, 55.11, 0, 15219, 1316, 715, P0, 0x0000000000000000
2026/09/17 10:39:07.076, 0, 77, 48.28, 0, 14694, 1189, 715, P0, 0x0000000000000000
2026/09/17 10:39:07.080, 1, 79, 193.47, 100, 15219, 1328, 715, P0, 0x0000000000000000
2026/09/17 10:39:08.092, 0, 76, 47.21, 0, 14694, 1189, 715, P0, 0x0000000000000000
2026/09/17 10:39:08.097, 1, 79, 131.55, 100, 15219, 1177, 715, P0, 0x0000000000000000
2026/09/17 10:39:09.106, 0, 79, 125.97, 100, 14694, 1101, 715, P0, 0x0000000000000020
2026/09/17 10:39:09.109, 1, 79, 127.28, 100, 15219, 1126, 715, P0, 0x0000000000000020
2026/09/17 10:39:10.134, 0, 79, 125.49, 100, 14694, 1101, 715, P0, 0x0000000000000020
2026/09/17 10:39:10.143, 1, 79, 132.86, 100, 15219, 1126, 715, P0, 0x0000000000000020
2026/09/17 10:39:11.149, 0, 79, 121.55, 100, 14694, 1139, 715, P0, 0x0000000000000000
2026/09/17 10:39:11.152, 1, 79, 162.12, 100, 15219, 1189, 715, P0, 0x0000000000000000
2026/09/17 10:39:12.166, 0, 79, 169.22, 100, 14694, 1189, 715, P0, 0x0000000000000000
2026/09/17 10:39:12.169, 1, 79, 128.72, 100, 15219, 1126, 715, P0, 0x0000000000000020
2026/09/17 10:39:13.177, 0, 79, 130.61, 100, 14694, 1113, 715, P0, 0x0000000000000000
2026/09/17 10:39:13.183, 1, 77, 56.02, 0, 15219, 1316, 715, P0, 0x0000000000000000
2026/09/17 10:39:14.194, 0, 79, 125.64, 100, 14694, 1101, 715, P0, 0x0000000000000020
2026/09/17 10:39:14.197, 1, 76, 54.85, 0, 15219, 1316, 715, P0, 0x0000000000000000
2026/09/17 10:39:15.207, 0, 77, 47.91, 0, 14694, 1189, 715, P0, 0x0000000000000000
2026/09/17 10:39:15.210, 1, 79, 146.60, 100, 15219, 1252, 715, P0, 0x0000000000000000
2026/09/17 10:39:16.221, 0, 79, 188.12, 100, 14694, 1316, 715, P0, 0x0000000000000000
2026/09/17 10:39:16.224, 1, 79, 131.78, 100, 15219, 1139, 715, P0, 0x0000000000000000
2026/09/17 10:39:17.237, 0, 79, 126.12, 100, 14694, 1101, 715, P0, 0x0000000000000000
2026/09/17 10:39:17.240, 1, 79, 133.81, 100, 15219, 1139, 715, P0, 0x0000000000000000
2026/09/17 10:39:18.252, 0, 79, 134.51, 100, 14694, 1189, 715, P0, 0x0000000000000000
2026/09/17 10:39:18.256, 1, 79, 130.07, 100, 15219, 1164, 715, P0, 0x0000000000000020
2026/09/17 10:39:19.265, 0, 79, 133.04, 100, 14694, 1101, 715, P0, 0x0000000000000020
2026/09/17 10:39:19.272, 1, 79, 133.31, 100, 15219, 1139, 715, P0, 0x0000000000000000
2026/09/17 10:39:20.280, 0, 79, 132.25, 100, 14694, 1075, 715, P0, 0x0000000000000020
2026/09/17 10:39:20.292, 1, 79, 136.66, 100, 15219, 1139, 715, P0, 0x0000000000000000
2026/09/17 10:39:21.310, 0, 79, 125.19, 100, 14694, 1101, 715, P0, 0x0000000000000000
2026/09/17 10:39:21.313, 1, 77, 49.56, 0, 15219, 1202, 715, P0, 0x0000000000000000
2026/09/17 10:39:22.324, 0, 79, 60.46, 100, 14694, 1189, 715, P0, 0x0000000000000000
2026/09/17 10:39:22.329, 1, 76, 129.99, 0, 15219, 1202, 715, P0, 0x0000000000000000
2026/09/17 10:39:23.338, 0, 76, 47.37, 0, 14694, 1189, 715, P0, 0x0000000000000000
2026/09/17 10:39:23.341, 1, 80, 171.10, 100, 15219, 1290, 715, P0, 0x0000000000000020
2026/09/17 10:39:24.351, 0, 80, 169.17, 100, 14694, 1265, 715, P0, 0x0000000000000000
2026/09/17 10:39:24.355, 1, 79, 109.31, 100, 15219, 1075, 715, P0, 0x0000000000000000
2026/09/17 10:39:25.364, 0, 79, 107.86, 100, 14694, 974, 715, P0, 0x0000000000000000
2026/09/17 10:39:25.372, 1, 79, 150.56, 100, 15219, 1126, 715, P0, 0x0000000000000020
2026/09/17 10:39:26.380, 0, 79, 119.12, 100, 14694, 1025, 715, P0, 0x0000000000000020
2026/09/17 10:39:26.392, 1, 79, 123.49, 100, 15219, 1101, 715, P0, 0x0000000000000000
2026/09/17 10:39:27.398, 0, 79, 112.02, 100, 14694, 1025, 715, P0, 0x0000000000000020
2026/09/17 10:39:27.401, 1, 79, 123.81, 100, 15219, 1088, 715, P0, 0x0000000000000020
2026/09/17 10:39:28.415, 0, 79, 115.52, 100, 14694, 1037, 715, P0, 0x0000000000000000
2026/09/17 10:39:28.418, 1, 79, 137.74, 100, 15219, 1126, 715, P0, 0x0000000000000020
2026/09/17 10:39:29.434, 0, 78, 105.68, 100, 14694, 1075, 715, P0, 0x0000000000000000
2026/09/17 10:39:29.437, 1, 77, 50.57, 0, 15219, 1227, 715, P0, 0x0000000000000000
2026/09/17 10:39:30.450, 0, 78, 49.83, 100, 14694, 1189, 715, P0, 0x0000000000000000
2026/09/17 10:39:30.453, 1, 76, 138.15, 0, 15219, 1227, 715, P0, 0x0000000000000000
2026/09/17 10:39:31.465, 0, 77, 52.88, 0, 14694, 1303, 715, P0, 0x0000000000000000
2026/09/17 10:39:31.468, 1, 80, 176.20, 100, 15219, 1290, 715, P0, 0x0000000000000020
2026/09/17 10:39:32.479, 0, 80, 148.96, 100, 14694, 1252, 715, P0, 0x0000000000000000
2026/09/17 10:39:32.490, 1, 79, 110.56, 100, 15219, 1101, 715, P0, 0x0000000000000000
2026/09/17 10:39:33.511, 0, 79, 117.45, 100, 14694, 1088, 715, P0, 0x0000000000000000
2026/09/17 10:39:33.517, 1, 78, 136.58, 100, 15219, 1177, 715, P0, 0x0000000000000000
2026/09/17 10:39:34.525, 0, 79, 114.81, 100, 14694, 1050, 715, P0, 0x0000000000000000
2026/09/17 10:39:34.536, 1, 79, 126.36, 100, 15219, 1126, 715, P0, 0x0000000000000000
2026/09/17 10:39:35.541, 0, 79, 116.00, 100, 14694, 1037, 715, P0, 0x0000000000000020
2026/09/17 10:39:35.544, 1, 79, 128.75, 100, 15219, 1113, 715, P0, 0x0000000000000020
2026/09/17 10:39:36.555, 0, 79, 118.77, 100, 14694, 1050, 715, P0, 0x0000000000000000
2026/09/17 10:39:36.558, 1, 78, 53.20, 100, 15219, 1189, 715, P0, 0x0000000000000000
2026/09/17 10:39:37.572, 0, 79, 126.20, 100, 14694, 1177, 715, P0, 0x0000000000000000
2026/09/17 10:39:37.575, 1, 76, 48.59, 0, 15219, 1189, 715, P0, 0x0000000000000000
2026/09/17 10:39:38.586, 0, 78, 52.94, 63, 14694, 1290, 715, P0, 0x0000000000000000
2026/09/17 10:39:38.590, 1, 77, 143.77, 34, 15219, 1189, 715, P0, 0x0000000000000000
2026/09/17 10:39:39.600, 0, 76, 52.15, 0, 14694, 1290, 715, P0, 0x0000000000000000
2026/09/17 10:39:39.602, 1, 80, 174.08, 100, 15219, 1290, 715, P0, 0x0000000000000000
2026/09/17 10:39:40.619, 0, 80, 166.63, 100, 14694, 1303, 715, P0, 0x0000000000000000
2026/09/17 10:39:40.621, 1, 79, 135.05, 100, 15219, 1189, 715, P0, 0x0000000000000000
2026/09/17 10:39:41.632, 0, 79, 139.64, 100, 14694, 1113, 715, P0, 0x0000000000000020
2026/09/17 10:39:41.642, 1, 79, 133.06, 100, 15219, 1139, 715, P0, 0x0000000000000020
2026/09/17 10:39:42.650, 0, 79, 131.51, 100, 14694, 1113, 715, P0, 0x0000000000000020
2026/09/17 10:39:42.650, 1, 79, 139.42, 100, 15219, 1139, 715, P0, 0x0000000000000020
2026/09/17 10:39:43.665, 0, 79, 132.50, 100, 14694, 1113, 715, P0, 0x0000000000000020
2026/09/17 10:39:43.668, 1, 79, 137.62, 100, 15219, 1164, 715, P0, 0x0000000000000020
2026/09/17 10:39:44.678, 0, 79, 165.65, 100, 14694, 1139, 715, P0, 0x0000000000000020
2026/09/17 10:39:44.682, 1, 78, 49.74, 0, 15219, 1189, 715, P0, 0x0000000000000000
2026/09/17 10:39:45.694, 0, 79, 116.46, 100, 14694, 1050, 715, P0, 0x0000000000000020
2026/09/17 10:39:45.701, 1, 76, 48.63, 0, 15219, 1189, 715, P0, 0x0000000000000000
2026/09/17 10:39:46.720, 0, 77, 54.27, 0, 14694, 1316, 715, P0, 0x0000000000000000
2026/09/17 10:39:46.723, 1, 79, 193.95, 100, 15219, 1328, 715, P0, 0x0000000000000000
2026/09/17 10:39:47.728, 0, 77, 53.66, 0, 14694, 1316, 715, P0, 0x0000000000000000
2026/09/17 10:39:47.731, 1, 79, 140.70, 100, 15219, 1189, 715, P0, 0x0000000000000020
2026/09/17 10:39:48.746, 0, 80, 146.71, 100, 14694, 1189, 715, P0, 0x0000000000000000
2026/09/17 10:39:48.749, 1, 79, 134.37, 100, 15219, 1139, 715, P0, 0x0000000000000020
2026/09/17 10:39:49.762, 0, 79, 119.75, 100, 14694, 1075, 715, P0, 0x0000000000000000
2026/09/17 10:39:49.765, 1, 79, 133.67, 100, 15219, 1126, 715, P0, 0x0000000000000020
2026/09/17 10:39:50.779, 0, 79, 110.76, 100, 14694, 1088, 715, P0, 0x0000000000000000
2026/09/17 10:39:50.784, 1, 79, 131.62, 100, 15219, 1189, 715, P0, 0x0000000000000000
2026/09/17 10:39:51.793, 0, 79, 138.34, 100, 14694, 1101, 715, P0, 0x0000000000000020
2026/09/17 10:39:51.805, 1, 79, 133.03, 100, 15219, 1139, 715, P0, 0x0000000000000020
2026/09/17 10:39:52.809, 0, 79, 119.26, 100, 14694, 1075, 715, P0, 0x0000000000000020
2026/09/17 10:39:52.812, 1, 77, 49.36, 0, 15219, 1189, 715, P0, 0x0000000000000000
2026/09/17 10:39:53.824, 0, 79, 124.47, 100, 14694, 1063, 715, P0, 0x0000000000000020
2026/09/17 10:39:53.826, 1, 76, 48.62, 0, 15219, 1189, 715, P0, 0x0000000000000000
2026/09/17 10:39:54.837, 0, 77, 47.90, 0, 14694, 1189, 715, P0, 0x0000000000000000
2026/09/17 10:39:54.840, 1, 79, 135.37, 100, 15219, 1328, 715, P0, 0x0000000000000000
2026/09/17 10:39:55.855, 0, 77, 141.99, 15, 14694, 1189, 715, P0, 0x0000000000000000
2026/09/17 10:39:55.858, 1, 80, 143.38, 100, 15219, 1189, 715, P0, 0x0000000000000020
2026/09/17 10:39:56.873, 0, 80, 151.17, 100, 14694, 1189, 715, P0, 0x0000000000000020
2026/09/17 10:39:56.875, 1, 79, 133.49, 100, 15219, 1126, 715, P0, 0x0000000000000020
2026/09/17 10:39:57.885, 0, 79, 116.35, 100, 14694, 1088, 715, P0, 0x0000000000000000
2026/09/17 10:39:57.890, 1, 79, 154.94, 100, 15219, 1189, 715, P0, 0x0000000000000000
2026/09/17 10:39:58.904, 0, 79, 150.41, 100, 14694, 1075, 715, P0, 0x0000000000000020
2026/09/17 10:39:58.910, 1, 79, 138.95, 100, 15219, 1151, 715, P0, 0x0000000000000020
2026/09/17 10:39:59.915, 0, 79, 118.86, 100, 14694, 1063, 715, P0, 0x0000000000000020
2026/09/17 10:39:59.917, 1, 79, 134.63, 100, 15219, 1113, 715, P0, 0x0000000000000020
2026/09/17 10:40:00.930, 0, 79, 119.74, 100, 14694, 1075, 715, P0, 0x0000000000000000
2026/09/17 10:40:00.933, 1, 77, 51.04, 0, 15219, 1227, 715, P0, 0x0000000000000000
2026/09/17 10:40:01.944, 0, 79, 119.98, 100, 14694, 1063, 715, P0, 0x0000000000000020
2026/09/17 10:40:01.949, 1, 76, 50.31, 0, 15219, 1227, 715, P0, 0x0000000000000000
2026/09/17 10:40:02.955, 0, 77, 53.75, 0, 14694, 1316, 715, P0, 0x0000000000000000
2026/09/17 10:40:02.958, 1, 79, 195.18, 100, 15219, 1328, 715, P0, 0x0000000000000000
2026/09/17 10:40:03.966, 0, 80, 197.30, 100, 14694, 1328, 715, P0, 0x0000000000000000
2026/09/17 10:40:03.969, 1, 79, 116.67, 100, 15219, 1063, 715, P0, 0x0000000000000000
2026/09/17 10:40:04.982, 0, 80, 128.16, 100, 14694, 1139, 715, P0, 0x0000000000000000
2026/09/17 10:40:04.990, 1, 79, 116.59, 100, 15219, 1063, 715, P0, 0x0000000000000020
2026/09/17 10:40:05.997, 0, 79, 131.10, 100, 14694, 1088, 715, P0, 0x0000000000000020
2026/09/17 10:40:06.000, 1, 79, 159.09, 100, 15219, 1113, 715, P0, 0x0000000000000020
2026/09/17 10:40:07.025, 0, 79, 123.68, 100, 14694, 1050, 715, P0, 0x0000000000000020
2026/09/17 10:40:07.033, 1, 79, 116.19, 100, 15219, 1050, 715, P0, 0x0000000000000020
2026/09/17 10:40:08.039, 0, 79, 114.89, 100, 14694, 1050, 715, P0, 0x0000000000000000
2026/09/17 10:40:08.042, 1, 79, 118.07, 100, 15219, 1075, 715, P0, 0x0000000000000000
2026/09/17 10:40:09.056, 0, 79, 115.25, 100, 14694, 1050, 715, P0, 0x0000000000000000
2026/09/17 10:40:09.060, 1, 77, 49.11, 0, 15219, 1189, 715, P0, 0x0000000000000000
2026/09/17 10:40:10.069, 0, 79, 115.49, 100, 14694, 1101, 715, P0, 0x0000000000000000
2026/09/17 10:40:10.072, 1, 76, 48.39, 0, 15219, 1189, 715, P0, 0x0000000000000000
2026/09/17 10:40:11.082, 0, 77, 52.35, 0, 14694, 1290, 715, P0, 0x0000000000000000
2026/09/17 10:40:11.086, 1, 79, 192.28, 100, 15219, 1328, 715, P0, 0x0000000000000000
2026/09/17 10:40:12.096, 0, 80, 199.21, 100, 14694, 1328, 715, P0, 0x0000000000000000
2026/09/17 10:40:12.099, 1, 80, 141.56, 100, 15219, 1177, 715, P0, 0x0000000000000020
2026/09/17 10:40:13.110, 0, 79, 109.99, 100, 14694, 1088, 715, P0, 0x0000000000000000
2026/09/17 10:40:13.117, 1, 79, 170.59, 100, 15219, 1290, 715, P0, 0x0000000000000020
2026/09/17 10:40:14.137, 0, 79, 139.52, 100, 14694, 1101, 715, P0, 0x0000000000000020
2026/09/17 10:40:14.140, 1, 79, 123.72, 100, 15219, 1101, 715, P0, 0x0000000000000020
2026/09/17 10:40:15.150, 0, 79, 116.25, 100, 14694, 1050, 715, P0, 0x0000000000000020
2026/09/17 10:40:15.156, 1, 79, 123.56, 100, 15219, 1088, 715, P0, 0x0000000000000020
2026/09/17 10:40:16.182, 0, 79, 120.12, 100, 14694, 1063, 715, P0, 0x0000000000000020
2026/09/17 10:40:16.184, 1, 79, 115.24, 100, 15219, 1139, 715, P0, 0x0000000000000000
2026/09/17 10:40:17.197, 0, 79, 124.94, 100, 14694, 1063, 715, P0, 0x0000000000000020
2026/09/17 10:40:17.200, 1, 77, 52.21, 0, 15219, 1265, 715, P0, 0x0000000000000000
2026/09/17 10:40:18.211, 0, 79, 130.58, 100, 14694, 1177, 715, P0, 0x0000000000000000
2026/09/17 10:40:18.216, 1, 76, 51.22, 0, 15219, 1265, 715, P0, 0x0000000000000000
2026/09/17 10:40:19.224, 0, 77, 51.67, 0, 14694, 1278, 715, P0, 0x0000000000000000
2026/09/17 10:40:19.227, 1, 80, 171.54, 100, 15219, 1290, 715, P0, 0x0000000000000020
2026/09/17 10:40:20.235, 0, 80, 180.20, 100, 14694, 1303, 715, P0, 0x0000000000000020
2026/09/17 10:40:20.240, 1, 79, 126.90, 100, 15219, 1126, 715, P0, 0x0000000000000000
2026/09/17 10:40:21.245, 0, 79, 131.31, 100, 14694, 1177, 715, P0, 0x0000000000000000
2026/09/17 10:40:21.248, 1, 79, 148.65, 100, 15219, 1189, 715, P0, 0x0000000000000020
2026/09/17 10:40:22.256, 0, 79, 119.83, 100, 14694, 1126, 715, P0, 0x0000000000000000
2026/09/17 10:40:22.263, 1, 79, 126.25, 100, 15219, 1113, 715, P0, 0x0000000000000020
2026/09/17 10:40:23.272, 0, 79, 118.40, 100, 14694, 1063, 715, P0, 0x0000000000000020
2026/09/17 10:40:23.275, 1, 79, 125.87, 100, 15219, 1101, 715, P0, 0x0000000000000020
2026/09/17 10:40:24.289, 0, 79, 118.66, 100, 14694, 1063, 715, P0, 0x0000000000000020
2026/09/17 10:40:24.291, 1, 79, 116.37, 100, 15219, 1139, 715, P0, 0x0000000000000000
2026/09/17 10:40:25.318, 0, 79, 109.95, 100, 14694, 1088, 715, P0, 0x0000000000000000
2026/09/17 10:40:25.324, 1, 76, 48.88, 0, 15219, 1189, 715, P0, 0x0000000000000000
2026/09/17 10:40:26.331, 0, 79, 70.11, 91, 14694, 1113, 715, P0, 0x0000000000000000
2026/09/17 10:40:26.335, 1, 76, 105.68, 4, 15219, 1189, 715, P0, 0x0000000000000000
2026/09/17 10:40:27.346, 0, 76, 47.57, 0, 14694, 1189, 715, P0, 0x0000000000000000
2026/09/17 10:40:27.349, 1, 80, 193.98, 100, 15219, 1328, 715, P0, 0x0000000000000000
2026/09/17 10:40:28.363, 0, 80, 190.99, 100, 14694, 1290, 715, P0, 0x0000000000000020
2026/09/17 10:40:28.365, 1, 79, 124.01, 100, 15219, 1101, 715, P0, 0x0000000000000000
2026/09/17 10:40:29.378, 0, 79, 129.43, 100, 14694, 1177, 715, P0, 0x0000000000000000
2026/09/17 10:40:29.385, 1, 79, 164.25, 100, 15219, 1189, 715, P0, 0x0000000000000000
2026/09/17 10:40:30.392, 0, 79, 125.03, 100, 14694, 1088, 715, P0, 0x0000000000000020
2026/09/17 10:40:30.395, 1, 79, 123.46, 100, 15219, 1101, 715, P0, 0x0000000000000020
2026/09/17 10:40:31.405, 0, 79, 129.49, 100, 14694, 1101, 715, P0, 0x0000000000000000
2026/09/17 10:40:31.408, 1, 79, 124.62, 100, 15219, 1113, 715, P0, 0x0000000000000000
2026/09/17 10:40:32.419, 0, 79, 126.24, 100, 14694, 1088, 715, P0, 0x0000000000000020
2026/09/17 10:40:32.426, 1, 79, 115.46, 100, 15219, 1126, 715, P0, 0x0000000000000000
2026/09/17 10:40:33.433, 0, 79, 131.65, 100, 14694, 1101, 715, P0, 0x0000000000000020
2026/09/17 10:40:33.435, 1, 76, 49.08, 0, 15219, 1202, 715, P0, 0x0000000000000000
2026/09/17 10:40:34.449, 0, 78, 48.78, 36, 14694, 1189, 715, P0, 0x0000000000000000
2026/09/17 10:40:34.452, 1, 78, 178.35, 60, 15219, 1328, 715, P0, 0x0000000000000000
2026/09/17 10:40:35.464, 0, 76, 47.64, 0, 14694, 1189, 715, P0, 0x0000000000000000
2026/09/17 10:40:35.468, 1, 80, 158.65, 100, 15219, 1227, 715, P0, 0x0000000000000000
2026/09/17 10:40:36.480, 0, 80, 197.97, 100, 14694, 1316, 715, P0, 0x0000000000000000
2026/09/17 10:40:36.483, 1, 79, 128.49, 100, 15219, 1189, 715, P0, 0x0000000000000000
2026/09/17 10:40:37.493, 0, 79, 120.71, 100, 14694, 1037, 715, P0, 0x0000000000000020
2026/09/17 10:40:37.496, 1, 79, 126.76, 100, 15219, 1126, 715, P0, 0x0000000000000020
2026/09/17 10:40:38.501, 0, 79, 115.30, 100, 14694, 1050, 715, P0, 0x0000000000000020
2026/09/17 10:40:38.506, 1, 79, 127.79, 100, 15219, 1126, 715, P0, 0x0000000000000000
2026/09/17 10:40:39.517, 0, 79, 115.29, 100, 14694, 1050, 715, P0, 0x0000000000000020
2026/09/17 10:40:39.526, 1, 79, 124.90, 100, 15219, 1164, 715, P0, 0x0000000000000000
2026/09/17 10:40:40.547, 0, 79, 116.14, 100, 14694, 1037, 715, P0, 0x0000000000000020
2026/09/17 10:40:40.550, 1, 78, 50.30, 11, 15219, 1189, 715, P0, 0x0000000000000000
2026/09/17 10:40:41.559, 0, 79, 120.42, 100, 14694, 1139, 715, P0, 0x0000000000000000
2026/09/17 10:40:41.568, 1, 76, 48.86, 0, 15219, 1189, 715, P0, 0x0000000000000000
2026/09/17 10:40:42.585, 0, 78, 53.90, 48, 14694, 1316, 715, P0, 0x0000000000000020
2026/09/17 10:40:42.588, 1, 77, 143.51, 52, 15219, 1316, 715, P0, 0x0000000000000000
2026/09/17 10:40:43.600, 0, 77, 53.36, 0, 14694, 1316, 715, P0, 0x0000000000000000
2026/09/17 10:40:43.603, 1, 80, 171.69, 100, 15219, 1290, 715, P0, 0x0000000000000000
2026/09/17 10:40:44.612, 0, 80, 130.66, 100, 14694, 1265, 715, P0, 0x0000000000000000
2026/09/17 10:40:44.615, 1, 79, 171.93, 100, 15219, 1240, 715, P0, 0x0000000000000020
2026/09/17 10:40:45.626, 0, 79, 134.37, 100, 14694, 1177, 715, P0, 0x0000000000000000
2026/09/17 10:40:45.630, 1, 79, 133.05, 100, 15219, 1139, 715, P0, 0x0000000000000020
2026/09/17 10:40:46.641, 0, 79, 133.70, 100, 14694, 1101, 715, P0, 0x0000000000000020
2026/09/17 10:40:46.649, 1, 79, 129.56, 100, 15219, 1126, 715, P0, 0x0000000000000020
2026/09/17 10:40:47.657, 0, 79, 128.40, 100, 14694, 1101, 715, P0, 0x0000000000000000
2026/09/17 10:40:47.660, 1, 79, 119.17, 100, 15219, 1189, 715, P0, 0x0000000000000000
2026/09/17 10:40:48.671, 0, 79, 148.20, 100, 14694, 1126, 715, P0, 0x0000000000000020
2026/09/17 10:40:48.673, 1, 78, 56.26, 50, 15219, 1316, 715, P0, 0x0000000000000000
2026/09/17 10:40:49.689, 0, 79, 118.79, 100, 14694, 898, 715, P0, 0x0000000000000020
2026/09/17 10:40:49.696, 1, 77, 55.11, 0, 15219, 1316, 715, P0, 0x0000000000000000
2026/09/17 10:40:50.701, 0, 78, 48.30, 74, 14694, 1189, 715, P0, 0x0000000000000000
2026/09/17 10:40:50.704, 1, 78, 186.95, 24, 15219, 1316, 715, P0, 0x0000000000000000
2026/09/17 10:40:51.718, 0, 76, 47.61, 0, 14694, 1189, 715, P0, 0x0000000000000000
2026/09/17 10:40:51.721, 1, 80, 178.62, 100, 15219, 1290, 715, P0, 0x0000000000000020
2026/09/17 10:40:52.733, 0, 80, 170.17, 100, 14694, 1177, 715, P0, 0x0000000000000020
2026/09/17 10:40:52.737, 1, 78, 100.62, 100, 15219, 1088, 715, P0, 0x0000000000000020
2026/09/17 10:40:53.748, 0, 79, 131.86, 100, 14694, 1139, 715, P0, 0x0000000000000020
2026/09/17 10:40:53.752, 1, 78, 124.57, 100, 15219, 1151, 715, P0, 0x0000000000000000
2026/09/17 10:40:54.775, 0, 79, 119.60, 100, 14694, 1075, 715, P0, 0x0000000000000000
2026/09/17 10:40:54.779, 1, 79, 127.07, 100, 15219, 1126, 715, P0, 0x0000000000000000
2026/09/17 10:40:55.790, 0, 79, 119.36, 100, 14694, 1075, 715, P0, 0x0000000000000000
2026/09/17 10:40:55.793, 1, 79, 127.29, 100, 15219, 1113, 715, P0, 0x0000000000000020
2026/09/17 10:40:56.807, 0, 79, 108.62, 100, 14694, 1088, 715, P0, 0x0000000000000000
2026/09/17 10:40:56.817, 1, 79, 131.39, 100, 15219, 1139, 715, P0, 0x0000000000000020
2026/09/17 10:40:57.835, 0, 79, 152.70, 100, 14694, 1101, 715, P0, 0x0000000000000020
2026/09/17 10:40:57.838, 1, 76, 48.58, 0, 15219, 1189, 715, P0, 0x0000000000000000
2026/09/17 10:40:58.852, 0, 78, 48.78, 15, 14694, 1189, 715, P0, 0x0000000000000000
2026/09/17 10:40:58.855, 1, 78, 177.40, 82, 15219, 1316, 715, P0, 0x0000000000000000
2026/09/17 10:40:59.865, 0, 76, 47.37, 0, 14694, 1189, 715, P0, 0x0000000000000000
2026/09/17 10:40:59.870, 1, 80, 173.00, 100, 15219, 1290, 715, P0, 0x0000000000000000
2026/09/17 10:41:00.878, 0, 80, 185.04, 100, 14694, 1316, 715, P0, 0x0000000000000000
2026/09/17 10:41:00.881, 1, 79, 151.73, 100, 15219, 1189, 715, P0, 0x0000000000000000
2026/09/17 10:41:01.891, 0, 79, 118.39, 100, 14694, 1075, 715, P0, 0x0000000000000020
2026/09/17 10:41:01.898, 1, 79, 132.48, 100, 15219, 1139, 715, P0, 0x0000000000000020
2026/09/17 10:41:02.906, 0, 79, 123.82, 100, 14694, 1075, 715, P0, 0x0000000000000000
2026/09/17 10:41:02.910, 1, 79, 129.37, 100, 15219, 1126, 715, P0, 0x0000000000000020
2026/09/17 10:41:03.921, 0, 79, 126.38, 100, 14694, 1075, 715, P0, 0x0000000000000000
2026/09/17 10:41:03.924, 1, 79, 149.00, 100, 15219, 1189, 715, P0, 0x0000000000000000
2026/09/17 10:41:04.933, 0, 79, 83.95, 100, 14694, 1177, 715, P0, 0x0000000000000000
2026/09/17 10:41:04.938, 1, 78, 55.41, 70, 15219, 1290, 715, P0, 0x0000000000000000
2026/09/17 10:41:05.946, 0, 79, 128.11, 100, 14694, 1101, 715, P0, 0x0000000000000020
2026/09/17 10:41:05.950, 1, 77, 53.67, 0, 15219, 1290, 715, P0, 0x0000000000000000
2026/09/17 10:41:06.960, 0, 78, 54.08, 63, 14694, 1303, 715, P0, 0x0000000000000000
2026/09/17 10:41:06.963, 1, 78, 174.20, 40, 15219, 1290, 715, P0, 0x0000000000000000
2026/09/17 10:41:07.979, 0, 76, 52.69, 0, 14694, 1303, 715, P0, 0x0000000000000000
2026/09/17 10:41:07.982, 1, 80, 142.79, 100, 15219, 1177, 715, P0, 0x0000000000000020
2026/09/17 10:41:08.994, 0, 80, 158.89, 100, 14694, 1303, 715, P0, 0x0000000000000000
2026/09/17 10:41:08.997, 1, 79, 161.79, 100, 15219, 1240, 715, P0, 0x0000000000000000
2026/09/17 10:41:10.013, 0, 79, 133.54, 100, 14694, 1113, 715, P0, 0x0000000000000020
2026/09/17 10:41:10.023, 1, 79, 124.63, 100, 15219, 1101, 715, P0, 0x0000000000000020
2026/09/17 10:41:11.044, 0, 79, 134.04, 100, 14694, 1101, 715, P0, 0x0000000000000020
2026/09/17 10:41:11.047, 1, 79, 124.63, 100, 15219, 1101, 715, P0, 0x0000000000000020
2026/09/17 10:41:12.063, 0, 79, 131.29, 100, 14694, 1113, 715, P0, 0x0000000000000000
2026/09/17 10:41:12.065, 1, 79, 107.32, 100, 15219, 1189, 715, P0, 0x0000000000000000
2026/09/17 10:41:13.088, 0, 78, 87.73, 100, 14694, 1063, 715, P0, 0x0000000000000000
2026/09/17 10:41:13.091, 1, 78, 55.88, 55, 15219, 1316, 715, P0, 0x0000000000000000
2026/09/17 10:41:14.103, 0, 79, 110.23, 100, 14694, 1050, 715, P0, 0x0000000000000000
2026/09/17 10:41:14.107, 1, 77, 54.89, 0, 15219, 1316, 715, P0, 0x0000000000000000
2026/09/17 10:41:15.124, 0, 77, 49.02, 81, 14694, 1202, 715, P0, 0x0000000000000000
2026/09/17 10:41:15.127, 1, 78, 186.95, 22, 15219, 1316, 715, P0, 0x0000000000000000
2026/09/17 10:41:16.139, 0, 76, 47.85, 0, 14694, 1202, 715, P0, 0x0000000000000000
2026/09/17 10:41:16.142, 1, 80, 164.74, 100, 15219, 1252, 715, P0, 0x0000000000000020
2026/09/17 10:41:17.153, 0, 80, 172.20, 100, 14694, 1252, 715, P0, 0x0000000000000020
2026/09/17 10:41:17.162, 1, 79, 123.05, 100, 15219, 1126, 715, P0, 0x0000000000000000
2026/09/17 10:41:18.168, 0, 79, 135.36, 100, 14694, 1151, 715, P0, 0x0000000000000000
2026/09/17 10:41:18.171, 1, 79, 137.28, 100, 15219, 1139, 715, P0, 0x0000000000000020
2026/09/17 10:41:19.185, 0, 79, 133.80, 100, 14694, 1101, 715, P0, 0x0000000000000020
2026/09/17 10:41:19.188, 1, 79, 122.72, 100, 15219, 1088, 715, P0, 0x0000000000000020
2026/09/17 10:41:20.201, 0, 79, 135.00, 100, 14694, 1101, 715, P0, 0x0000000000000000
2026/09/17 10:41:20.204, 1, 79, 124.15, 100, 15219, 1101, 715, P0, 0x0000000000000000
2026/09/17 10:41:21.214, 0, 79, 149.01, 100, 14694, 1113, 715, P0, 0x0000000000000020
2026/09/17 10:41:21.226, 1, 79, 82.19, 100, 15219, 1189, 715, P0, 0x0000000000000000
2026/09/17 10:41:22.241, 0, 79, 126.44, 100, 14694, 1151, 715, P0, 0x0000000000000000
2026/09/17 10:41:22.246, 1, 76, 48.59, 0, 15219, 1189, 715, P0, 0x0000000000000000
2026/09/17 10:41:23.255, 0, 77, 54.79, 0, 14694, 1316, 715, P0, 0x0000000000000000
2026/09/17 10:41:23.261, 1, 79, 180.59, 100, 15219, 1328, 715, P0, 0x0000000000000000
2026/09/17 10:41:24.268, 0, 77, 53.41, 0, 14694, 1316, 715, P0, 0x0000000000000000
2026/09/17 10:41:24.272, 1, 80, 145.64, 100, 15219, 1252, 715, P0, 0x0000000000000000
2026/09/17 10:41:25.283, 0, 80, 154.33, 100, 14694, 1265, 715, P0, 0x0000000000000000
2026/09/17 10:41:25.286, 1, 79, 156.04, 100, 15219, 1189, 715, P0, 0x0000000000000000
2026/09/17 10:41:26.297, 0, 79, 114.80, 100, 14694, 1050, 715, P0, 0x0000000000000000
2026/09/17 10:41:26.307, 1, 79, 132.50, 100, 15219, 1126, 715, P0, 0x0000000000000020
2026/09/17 10:41:27.312, 0, 79, 117.66, 100, 14694, 1037, 715, P0, 0x0000000000000020
2026/09/17 10:41:27.315, 1, 79, 131.54, 100, 15219, 1126, 715, P0, 0x0000000000000000
2026/09/17 10:41:28.329, 0, 79, 114.23, 100, 14694, 1037, 715, P0, 0x0000000000000020
2026/09/17 10:41:28.331, 1, 79, 138.69, 100, 15219, 1151, 715, P0, 0x0000000000000020
2026/09/17 10:41:29.345, 0, 79, 98.20, 100, 14694, 1113, 715, P0, 0x0000000000000000
2026/09/17 10:41:29.348, 1, 78, 55.87, 62, 15219, 1303, 715, P0, 0x0000000000000000
2026/09/17 10:41:30.357, 0, 79, 140.90, 100, 14694, 1075, 715, P0, 0x0000000000000020
2026/09/17 10:41:30.367, 1, 76, 54.34, 0, 15219, 1303, 715, P0, 0x0000000000000000
2026/09/17 10:41:31.386, 0, 78, 49.03, 0, 14694, 1202, 715, P0, 0x0000000000000000
2026/09/17 10:41:31.391, 1, 78, 178.35, 100, 15219, 1328, 715, P0, 0x0000000000000000
2026/09/17 10:41:32.403, 0, 76, 47.85, 0, 14694, 1202, 715, P0, 0x0000000000000000
2026/09/17 10:41:32.406, 1, 80, 178.52, 100, 15219, 1303, 715, P0, 0x0000000000000000
2026/09/17 10:41:33.416, 0, 80, 175.40, 100, 14694, 1328, 715, P0, 0x0000000000000000
2026/09/17 10:41:33.422, 1, 78, 93.79, 100, 15219, 1088, 715, P0, 0x0000000000000000
2026/09/17 10:41:34.429, 0, 79, 128.28, 100, 14694, 1126, 715, P0, 0x0000000000000000
2026/09/17 10:41:34.432, 1, 79, 131.09, 100, 15219, 1189, 715, P0, 0x0000000000000000
2026/09/17 10:41:35.446, 0, 79, 126.23, 100, 14694, 1075, 715, P0, 0x0000000000000020
2026/09/17 10:41:35.449, 1, 79, 122.99, 100, 15219, 1101, 715, P0, 0x0000000000000000
2026/09/17 10:41:36.460, 0, 79, 119.61, 100, 14694, 1075, 715, P0, 0x0000000000000000
2026/09/17 10:41:36.465, 1, 79, 123.98, 100, 15219, 1101, 715, P0, 0x0000000000000000
2026/09/17 10:41:37.475, 0, 79, 120.59, 100, 14694, 1075, 715, P0, 0x0000000000000000
2026/09/17 10:41:37.477, 1, 79, 114.76, 100, 15219, 1126, 715, P0, 0x0000000000000000
2026/09/17 10:41:38.486, 0, 79, 157.72, 100, 14694, 1113, 715, P0, 0x0000000000000020
2026/09/17 10:41:38.489, 1, 76, 48.33, 0, 15219, 1189, 715, P0, 0x0000000000000000
2026/09/17 10:41:39.499, 0, 78, 53.18, 67, 14694, 1303, 715, P0, 0x0000000000000000
2026/09/17 10:41:39.502, 1, 77, 143.51, 39, 15219, 1189, 715, P0, 0x0000000000000000
2026/09/17 10:41:40.517, 0, 76, 52.88, 0, 14694, 1303, 715, P0, 0x0000000000000000
2026/09/17 10:41:40.521, 1, 80, 170.34, 100, 15219, 1278, 715, P0, 0x0000000000000000
2026/09/17 10:41:41.536, 0, 80, 131.23, 100, 14694, 1303, 715, P0, 0x0000000000000000
2026/09/17 10:41:41.541, 1, 79, 134.96, 100, 15219, 1189, 715, P0, 0x0000000000000000
2026/09/17 10:41:42.549, 0, 79, 120.04, 100, 14694, 1075, 715, P0, 0x0000000000000020
2026/09/17 10:41:42.552, 1, 79, 137.20, 100, 15219, 1139, 715, P0, 0x0000000000000020
2026/09/17 10:41:43.580, 0, 79, 115.04, 100, 14694, 1037, 715, P0, 0x0000000000000020
2026/09/17 10:41:43.585, 1, 79, 130.11, 100, 15219, 1139, 715, P0, 0x0000000000000000
2026/09/17 10:41:44.594, 0, 79, 119.57, 100, 14694, 1075, 715, P0, 0x0000000000000000
2026/09/17 10:41:44.597, 1, 79, 133.67, 100, 15219, 1126, 715, P0, 0x0000000000000020
2026/09/17 10:41:45.607, 0, 79, 120.93, 100, 14694, 1075, 715, P0, 0x0000000000000000
2026/09/17 10:41:45.610, 1, 78, 53.67, 60, 15219, 1303, 715, P0, 0x0000000000000000
2026/09/17 10:41:46.625, 0, 79, 113.54, 100, 14694, 1113, 715, P0, 0x0000000000000000
2026/09/17 10:41:46.627, 1, 77, 54.39, 0, 15219, 1303, 715, P0, 0x0000000000000000
2026/09/17 10:41:47.640, 0, 79, 56.09, 100, 14694, 1189, 715, P0, 0x0000000000000000
2026/09/17 10:41:47.644, 1, 76, 161.93, 0, 15219, 1303, 715, P0, 0x0000000000000000
2026/09/17 10:41:48.654, 0, 76, 47.69, 0, 14694, 1189, 715, P0, 0x0000000000000000
2026/09/17 10:41:48.657, 1, 79, 135.07, 100, 15219, 1139, 715, P0, 0x0000000000000020
2026/09/17 10:41:49.667, 0, 80, 190.83, 100, 14694, 1303, 715, P0, 0x0000000000000020
2026/09/17 10:41:49.671, 1, 79, 138.37, 100, 15219, 1164, 715, P0, 0x0000000000000000
2026/09/17 10:41:50.683, 0, 79, 148.80, 100, 14694, 1189, 715, P0, 0x0000000000000000
2026/09/17 10:41:50.688, 1, 79, 160.27, 100, 15219, 1189, 715, P0, 0x0000000000000020
2026/09/17 10:41:51.697, 0, 79, 139.87, 100, 14694, 1177, 715, P0, 0x0000000000000020
2026/09/17 10:41:51.705, 1, 79, 138.26, 100, 15219, 1164, 715, P0, 0x0000000000000020
2026/09/17 10:41:52.710, 0, 79, 133.18, 100, 14694, 1126, 715, P0, 0x0000000000000020
2026/09/17 10:41:52.713, 1, 79, 139.18, 100, 15219, 1164, 715, P0, 0x0000000000000000
2026/09/17 10:41:53.723, 0, 79, 116.00, 100, 14694, 1050, 715, P0, 0x0000000000000000
2026/09/17 10:41:53.727, 1, 79, 129.45, 100, 15219, 1189, 715, P0, 0x0000000000000000
2026/09/17 10:41:54.743, 0, 79, 119.52, 100, 14694, 1063, 715, P0, 0x0000000000000020
2026/09/17 10:41:54.747, 1, 77, 48.87, 0, 15219, 1189, 715, P0, 0x0000000000000000
2026/09/17 10:41:55.756, 0, 79, 128.37, 100, 14694, 1126, 715, P0, 0x0000000000000000
2026/09/17 10:41:55.759, 1, 76, 47.90, 0, 15219, 1189, 715, P0, 0x0000000000000000
2026/09/17 10:41:56.777, 0, 76, 47.57, 0, 14694, 1189, 715, P0, 0x0000000000000000
2026/09/17 10:41:56.782, 1, 80, 194.94, 100, 15219, 1328, 715, P0, 0x0000000000000000
2026/09/17 10:41:57.790, 0, 80, 197.97, 100, 14694, 1328, 715, P0, 0x0000000000000000
2026/09/17 10:41:57.793, 1, 79, 131.29, 100, 15219, 1126, 715, P0, 0x0000000000000020
2026/09/17 10:41:58.805, 0, 79, 91.22, 100, 14694, 1113, 715, P0, 0x0000000000000000
2026/09/17 10:41:58.810, 1, 79, 159.60, 100, 15219, 1215, 715, P0, 0x0000000000000020
2026/09/17 10:41:59.820, 0, 79, 138.68, 100, 14694, 1075, 715, P0, 0x0000000000000020
2026/09/17 10:41:59.831, 1, 79, 131.04, 100, 15219, 1126, 715, P0, 0x0000000000000020
2026/09/17 10:42:00.834, 0, 79, 117.66, 100, 14694, 1050, 715, P0, 0x0000000000000020
2026/09/17 10:42:00.837, 1, 79, 133.67, 100, 15219, 1139, 715, P0, 0x0000000000000000
2026/09/17 10:42:01.852, 0, 79, 119.57, 100, 14694, 1063, 715, P0, 0x0000000000000020
2026/09/17 10:42:01.855, 1, 79, 133.90, 100, 15219, 1139, 715, P0, 0x0000000000000000
2026/09/17 10:42:02.863, 0, 79, 118.78, 100, 14694, 1063, 715, P0, 0x0000000000000020
2026/09/17 10:42:02.868, 1, 77, 49.11, 0, 15219, 1189, 715, P0, 0x0000000000000000
2026/09/17 10:42:03.876, 0, 79, 115.25, 100, 14694, 1063, 715, P0, 0x0000000000000020
2026/09/17 10:42:03.879, 1, 76, 48.15, 0, 15219, 1189, 715, P0, 0x0000000000000000
2026/09/17 10:42:04.888, 0, 77, 53.36, 0, 14694, 1303, 715, P0, 0x0000000000000000
2026/09/17 10:42:04.891, 1, 79, 167.79, 100, 15219, 1328, 715, P0, 0x0000000000000000
2026/09/17 10:42:05.905, 0, 79, 196.55, 100, 14694, 1328, 715, P0, 0x0000000000000000
2026/09/17 10:42:05.908, 1, 79, 127.31, 100, 15219, 1126, 715, P0, 0x0000000000000000
2026/09/17 10:42:06.921, 0, 79, 107.28, 100, 14694, 949, 715, P0, 0x0000000000000020
2026/09/17 10:42:06.928, 1, 79, 126.64, 100, 15219, 1113, 715, P0, 0x0000000000000020
2026/09/17 10:42:07.934, 0, 79, 120.44, 100, 14694, 1050, 715, P0, 0x0000000000000020
2026/09/17 10:42:07.937, 1, 79, 145.03, 100, 15219, 1139, 715, P0, 0x0000000000000020
2026/09/17 10:42:08.944, 0, 79, 123.65, 100, 14694, 1139, 715, P0, 0x0000000000000000
2026/09/17 10:42:08.949, 1, 79, 128.45, 100, 15219, 1101, 715, P0, 0x0000000000000020
2026/09/17 10:42:09.960, 0, 79, 142.78, 100, 14694, 1101, 715, P0, 0x0000000000000020
2026/09/17 10:42:09.970, 1, 79, 128.66, 100, 15219, 1113, 715, P0, 0x0000000000000020
2026/09/17 10:42:10.987, 0, 79, 119.74, 100, 14694, 1075, 715, P0, 0x0000000000000020
2026/09/17 10:42:10.992, 1, 77, 49.80, 0, 15219, 1202, 715, P0, 0x0000000000000000
2026/09/17 10:42:11.999, 0, 79, 118.54, 100, 14694, 1075, 715, P0, 0x0000000000000000
2026/09/17 10:42:12.008, 1, 76, 48.86, 0, 15219, 1202, 715, P0, 0x0000000000000000
2026/09/17 10:42:13.028, 0, 77, 47.82, 0, 14694, 1189, 715, P0, 0x0000000000000000
2026/09/17 10:42:13.031, 1, 79, 180.70, 100, 15219, 1328, 715, P0, 0x0000000000000000
2026/09/17 10:42:14.038, 0, 77, 157.09, 62, 14694, 1316, 715, P0, 0x0000000000000000
2026/09/17 10:42:14.044, 1, 80, 158.06, 100, 15219, 1227, 715, P0, 0x0000000000000020
2026/09/17 10:42:15.053, 0, 80, 155.88, 100, 14694, 1177, 715, P0, 0x0000000000000020
2026/09/17 10:42:15.056, 1, 79, 123.30, 100, 15219, 1088, 715, P0, 0x0000000000000020
2026/09/17 10:42:16.068, 0, 79, 133.07, 100, 14694, 1101, 715, P0, 0x0000000000000000
2026/09/17 10:42:16.071, 1, 79, 129.33, 100, 15219, 1113, 715, P0, 0x0000000000000020
2026/09/17 10:42:17.081, 0, 79, 125.77, 100, 14694, 1164, 715, P0, 0x0000000000000000
2026/09/17 10:42:17.089, 1, 79, 151.26, 100, 15219, 1088, 715, P0, 0x0000000000000020
2026/09/17 10:42:18.112, 0, 79, 136.21, 100, 14694, 1177, 715, P0, 0x0000000000000000
2026/09/17 10:42:18.115, 1, 79, 124.62, 100, 15219, 1101, 715, P0, 0x0000000000000020
2026/09/17 10:42:19.127, 0, 80, 132.30, 100, 14694, 1088, 715, P0, 0x0000000000000020
2026/09/17 10:42:19.132, 1, 77, 51.96, 0, 15219, 1240, 715, P0, 0x0000000000000000
2026/09/17 10:42:20.145, 0, 79, 125.18, 100, 14694, 1101, 715, P0, 0x0000000000000000
2026/09/17 10:42:20.151, 1, 76, 50.76, 0, 15219, 1240, 715, P0, 0x0000000000000000
2026/09/17 10:42:21.163, 0, 77, 50.24, 0, 14694, 1240, 715, P0, 0x0000000000000000
2026/09/17 10:42:21.166, 1, 79, 174.60, 100, 15219, 1328, 715, P0, 0x0000000000000000
2026/09/17 10:42:22.175, 0, 78, 183.72, 14, 14694, 1240, 715, P0, 0x0000000000000000
2026/09/17 10:42:22.178, 1, 80, 159.22, 100, 15219, 1252, 715, P0, 0x0000000000000020
2026/09/17 10:42:23.188, 0, 79, 123.59, 100, 14694, 1088, 715, P0, 0x0000000000000020
2026/09/17 10:42:23.191, 1, 79, 127.28, 100, 15219, 1113, 715, P0, 0x0000000000000020
2026/09/17 10:42:24.203, 0, 79, 125.76, 100, 14694, 1101, 715, P0, 0x0000000000000000
2026/09/17 10:42:24.208, 1, 79, 120.88, 100, 15219, 1151, 715, P0, 0x0000000000000000
2026/09/17 10:42:25.222, 0, 79, 133.31, 100, 14694, 1177, 715, P0, 0x0000000000000000
2026/09/17 10:42:25.229, 1, 79, 125.99, 100, 15219, 1177, 715, P0, 0x0000000000000000
2026/09/17 10:42:26.240, 0, 79, 153.87, 100, 14694, 1164, 715, P0, 0x0000000000000020
2026/09/17 10:42:26.248, 1, 79, 128.76, 100, 15219, 1126, 715, P0, 0x0000000000000020
2026/09/17 10:42:27.255, 0, 79, 125.19, 100, 14694, 1088, 715, P0, 0x0000000000000020
2026/09/17 10:42:27.258, 1, 77, 49.34, 0, 15219, 1189, 715, P0, 0x0000000000000000
2026/09/17 10:42:28.266, 0, 80, 126.40, 100, 14694, 1088, 715, P0, 0x0000000000000020
2026/09/17 10:42:28.270, 1, 76, 48.38, 0, 15219, 1189, 715, P0, 0x0000000000000000
2026/09/17 10:42:29.276, 0, 77, 51.91, 0, 14694, 1278, 715, P0, 0x0000000000000000
2026/09/17 10:42:29.280, 1, 80, 175.01, 100, 15219, 1328, 715, P0, 0x0000000000000000
2026/09/17 10:42:30.289, 0, 77, 193.63, 21, 14694, 1278, 715, P0, 0x0000000000000000
2026/09/17 10:42:30.292, 1, 79, 135.63, 100, 15219, 1139, 715, P0, 0x0000000000000020
2026/09/17 10:42:31.308, 0, 80, 119.57, 100, 14694, 1075, 715, P0, 0x0000000000000020
2026/09/17 10:42:31.311, 1, 79, 132.72, 100, 15219, 1126, 715, P0, 0x0000000000000020
2026/09/17 10:42:32.321, 0, 79, 125.25, 100, 14694, 1101, 715, P0, 0x0000000000000000
2026/09/17 10:42:32.327, 1, 79, 135.01, 100, 15219, 1126, 715, P0, 0x0000000000000020
2026/09/17 10:42:33.338, 0, 79, 121.81, 100, 14694, 1113, 715, P0, 0x0000000000000000
2026/09/17 10:42:33.348, 1, 79, 146.45, 100, 15219, 1189, 715, P0, 0x0000000000000000
2026/09/17 10:42:34.353, 0, 79, 110.05, 100, 14694, 1050, 715, P0, 0x0000000000000000
2026/09/17 10:42:34.356, 1, 79, 138.64, 100, 15219, 1164, 715, P0, 0x0000000000000020
2026/09/17 10:42:35.369, 0, 79, 111.93, 100, 14694, 1050, 715, P0, 0x0000000000000000
2026/09/17 10:42:35.371, 1, 77, 49.61, 0, 15219, 1189, 715, P0, 0x0000000000000000
2026/09/17 10:42:36.380, 0, 79, 110.68, 100, 14694, 999, 715, P0, 0x0000000000000020
2026/09/17 10:42:36.389, 1, 76, 48.63, 0, 15219, 1189, 715, P0, 0x0000000000000000
2026/09/17 10:42:37.394, 0, 77, 51.18, 0, 14694, 1252, 715, P0, 0x0000000000000000
2026/09/17 10:42:37.397, 1, 79, 190.88, 100, 15219, 1328, 715, P0, 0x0000000000000000
2026/09/17 10:42:38.409, 0, 76, 49.99, 0, 14694, 1252, 715, P0, 0x0000000000000000
2026/09/17 10:42:38.412, 1, 80, 166.16, 100, 15219, 1227, 715, P0, 0x0000000000000000
2026/09/17 10:42:39.424, 0, 79, 159.40, 100, 14694, 1164, 715, P0, 0x0000000000000020
2026/09/17 10:42:39.431, 1, 79, 146.51, 100, 15219, 1139, 715, P0, 0x0000000000000020
2026/09/17 10:42:40.439, 0, 79, 111.79, 100, 14694, 1025, 715, P0, 0x0000000000000020
2026/09/17 10:42:40.449, 1, 79, 117.67, 100, 15219, 1075, 715, P0, 0x0000000000000020
2026/09/17 10:42:41.458, 0, 79, 120.32, 100, 14694, 1050, 715, P0, 0x0000000000000020
2026/09/17 10:42:41.461, 1, 79, 127.29, 100, 15219, 1113, 715, P0, 0x0000000000000020
2026/09/17 10:42:42.471, 0, 79, 118.17, 100, 14694, 1063, 715, P0, 0x0000000000000020
2026/09/17 10:42:42.474, 1, 79, 121.88, 100, 15219, 1101, 715, P0, 0x0000000000000020
2026/09/17 10:42:43.485, 0, 79, 121.41, 100, 14694, 1050, 715, P0, 0x0000000000000020
2026/09/17 10:42:43.489, 1, 78, 54.15, 70, 15219, 1290, 715, P0, 0x0000000000000000
2026/09/17 10:42:44.500, 0, 79, 148.14, 100, 14694, 1101, 715, P0, 0x0000000000000020
2026/09/17 10:42:44.509, 1, 77, 53.61, 0, 15219, 1290, 715, P0, 0x0000000000000000
2026/09/17 10:42:45.526, 0, 78, 49.11, 100, 14694, 1189, 715, P0, 0x0000000000000000
2026/09/17 10:42:45.530, 1, 77, 154.88, 4, 15219, 1290, 715, P0, 0x0000000000000000
2026/09/17 10:42:46.538, 0, 76, 47.61, 0, 14694, 1189, 715, P0, 0x0000000000000000
2026/09/17 10:42:46.543, 1, 80, 177.67, 100, 15219, 1290, 715, P0, 0x0000000000000020
2026/09/17 10:42:47.554, 0, 80, 201.59, 100, 14694, 1328, 715, P0, 0x0000000000000000
2026/09/17 10:42:47.557, 1, 79, 114.50, 100, 15219, 1126, 715, P0, 0x0000000000000000
2026/09/17 10:42:48.574, 0, 79, 140.05, 100, 14694, 1164, 715, P0, 0x0000000000000000
2026/09/17 10:42:48.577, 1, 79, 143.81, 100, 15219, 1164, 715, P0, 0x0000000000000000
2026/09/17 10:42:49.588, 0, 79, 123.59, 100, 14694, 1075, 715, P0, 0x0000000000000020
2026/09/17 10:42:49.591, 1, 79, 123.72, 100, 15219, 1101, 715, P0, 0x0000000000000020
2026/09/17 10:42:50.603, 0, 79, 120.80, 100, 14694, 1063, 715, P0, 0x0000000000000020
2026/09/17 10:42:50.609, 1, 79, 124.92, 100, 15219, 1101, 715, P0, 0x0000000000000020
2026/09/17 10:42:51.616, 0, 79, 123.59, 100, 14694, 1075, 715, P0, 0x0000000000000000
2026/09/17 10:42:51.619, 1, 79, 127.05, 100, 15219, 1101, 715, P0, 0x0000000000000020
2026/09/17 10:42:52.630, 0, 79, 119.74, 100, 14694, 1063, 715, P0, 0x0000000000000020
2026/09/17 10:42:52.633, 1, 77, 51.49, 0, 15219, 1240, 715, P0, 0x0000000000000000
2026/09/17 10:42:53.644, 0, 79, 133.32, 100, 14694, 1139, 715, P0, 0x0000000000000020
2026/09/17 10:42:53.650, 1, 76, 50.53, 0, 15219, 1240, 715, P0, 0x0000000000000000
2026/09/17 10:42:54.661, 0, 77, 52.98, 0, 14694, 1303, 715, P0, 0x0000000000000000
2026/09/17 10:42:54.665, 1, 79, 124.83, 100, 15219, 1113, 715, P0, 0x0000000000000020
2026/09/17 10:42:55.676, 0, 79, 199.24, 100, 14694, 1328, 715, P0, 0x0000000000000000
2026/09/17 10:42:55.678, 1, 79, 132.23, 100, 15219, 1139, 715, P0, 0x0000000000000000
2026/09/17 10:42:56.695, 0, 79, 112.25, 100, 14694, 1012, 715, P0, 0x0000000000000020
2026/09/17 10:42:56.699, 1, 79, 129.72, 100, 15219, 1139, 715, P0, 0x0000000000000000
2026/09/17 10:42:57.708, 0, 79, 110.11, 100, 14694, 1012, 715, P0, 0x0000000000000020
2026/09/17 10:42:57.711, 1, 79, 126.95, 100, 15219, 1189, 715, P0, 0x0000000000000000
2026/09/17 10:42:58.725, 0, 79, 118.45, 100, 14694, 1139, 715, P0, 0x0000000000000000
2026/09/17 10:42:58.729, 1, 79, 126.76, 100, 15219, 1126, 715, P0, 0x0000000000000020
2026/09/17 10:42:59.738, 0, 79, 124.99, 100, 14694, 1113, 715, P0, 0x0000000000000000
2026/09/17 10:42:59.750, 1, 79, 130.92, 100, 15219, 1126, 715, P0, 0x0000000000000020
2026/09/17 10:43:00.769, 0, 79, 115.95, 100, 14694, 1050, 715, P0, 0x0000000000000020
2026/09/17 10:43:00.772, 1, 77, 55.59, 0, 15219, 1316, 715, P0, 0x0000000000000000
2026/09/17 10:43:01.787, 0, 79, 119.73, 100, 14694, 1037, 715, P0, 0x0000000000000020
2026/09/17 10:43:01.791, 1, 76, 54.62, 0, 15219, 1316, 715, P0, 0x0000000000000000
2026/09/17 10:43:02.801, 0, 77, 48.53, 0, 14694, 1202, 715, P0, 0x0000000000000000
2026/09/17 10:43:02.804, 1, 79, 194.90, 100, 15219, 1328, 715, P0, 0x0000000000000000
2026/09/17 10:43:03.818, 0, 76, 58.01, 5, 14694, 1202, 715, P0, 0x0000000000000000
2026/09/17 10:43:03.824, 1, 79, 132.17, 100, 15219, 1164, 715, P0, 0x0000000000000020
2026/09/17 10:43:04.830, 0, 80, 152.61, 100, 14694, 1202, 715, P0, 0x0000000000000020
2026/09/17 10:43:04.833, 1, 79, 127.29, 100, 15219, 1126, 715, P0, 0x0000000000000020
2026/09/17 10:43:05.845, 0, 79, 117.92, 100, 14694, 1050, 715, P0, 0x0000000000000020
2026/09/17 10:43:05.851, 1, 79, 127.07, 100, 15219, 1113, 715, P0, 0x0000000000000020
2026/09/17 10:43:06.872, 0, 79, 119.36, 100, 14694, 1075, 715, P0, 0x0000000000000000
2026/09/17 10:43:06.875, 1, 79, 122.60, 100, 15219, 1126, 715, P0, 0x0000000000000000
2026/09/17 10:43:07.882, 0, 79, 107.94, 100, 14694, 1088, 715, P0, 0x0000000000000000
2026/09/17 10:43:07.892, 1, 79, 138.55, 100, 15219, 1189, 715, P0, 0x0000000000000000
2026/09/17 10:43:08.897, 0, 79, 122.10, 100, 14694, 1113, 715, P0, 0x0000000000000020
2026/09/17 10:43:08.900, 1, 78, 55.58, 0, 15219, 1303, 715, P0, 0x0000000000000000
2026/09/17 10:43:09.911, 0, 79, 132.06, 100, 14694, 1139, 715, P0, 0x0000000000000020
2026/09/17 10:43:09.913, 1, 77, 54.32, 0, 15219, 1303, 715, P0, 0x0000000000000000
2026/09/17 10:43:10.922, 0, 77, 51.90, 0, 14694, 1265, 715, P0, 0x0000000000000000
2026/09/17 10:43:10.926, 1, 79, 189.30, 100, 15219, 1328, 715, P0, 0x0000000000000000
2026/09/17 10:43:11.934, 0, 76, 50.76, 0, 14694, 1265, 715, P0, 0x0000000000000000
2026/09/17 10:43:11.938, 1, 79, 145.91, 100, 15219, 1189, 715, P0, 0x0000000000000000
2026/09/17 10:43:12.946, 0, 80, 206.29, 100, 14694, 1316, 715, P0, 0x0000000000000000
2026/09/17 10:43:12.952, 1, 79, 157.60, 100, 15219, 1189, 715, P0, 0x0000000000000000
2026/09/17 10:43:13.966, 0, 79, 137.89, 100, 14694, 1113, 715, P0, 0x0000000000000020
2026/09/17 10:43:13.977, 1, 79, 131.85, 100, 15219, 1139, 715, P0, 0x0000000000000020
2026/09/17 10:43:14.999, 0, 79, 125.26, 100, 14694, 1088, 715, P0, 0x0000000000000020
2026/09/17 10:43:15.002, 1, 79, 128.16, 100, 15219, 1126, 715, P0, 0x0000000000000020
2026/09/17 10:43:16.012, 0, 79, 125.02, 100, 14694, 1101, 715, P0, 0x0000000000000000
2026/09/17 10:43:16.015, 1, 79, 126.32, 100, 15219, 1126, 715, P0, 0x0000000000000020
2026/09/17 10:43:17.025, 0, 79, 117.41, 100, 14694, 1088, 715, P0, 0x0000000000000020
2026/09/17 10:43:17.028, 1, 78, 51.05, 100, 15219, 1189, 715, P0, 0x0000000000000000
2026/09/17 10:43:18.038, 0, 79, 133.55, 100, 14694, 1139, 715, P0, 0x0000000000000020
2026/09/17 10:43:18.042, 1, 76, 48.61, 0, 15219, 1189, 715, P0, 0x0000000000000000
2026/09/17 10:43:19.047, 0, 78, 49.11, 16, 14694, 1189, 715, P0, 0x0000000000000000
2026/09/17 10:43:19.050, 1, 77, 143.29, 9, 15219, 1189, 715, P0, 0x0000000000000000
2026/09/17 10:43:20.059, 0, 76, 47.37, 0, 14694, 1189, 715, P0, 0x0000000000000000
2026/09/17 10:43:20.063, 1, 80, 172.66, 100, 15219, 1290, 715, P0, 0x0000000000000000
2026/09/17 10:43:21.073, 0, 80, 168.21, 100, 14694, 1303, 715, P0, 0x0000000000000000
2026/09/17 10:43:21.076, 1, 79, 126.48, 100, 15219, 1164, 715, P0, 0x0000000000000000
2026/09/17 10:43:22.090, 0, 79, 124.29, 100, 14694, 1101, 715, P0, 0x0000000000000020
2026/09/17 10:43:22.097, 1, 79, 149.27, 100, 15219, 1151, 715, P0, 0x0000000000000000
2026/09/17 10:43:23.102, 0, 79, 136.64, 100, 14694, 1126, 715, P0, 0x0000000000000000
2026/09/17 10:43:23.105, 1, 79, 127.66, 100, 15219, 1113, 715, P0, 0x0000000000000020
2026/09/17 10:43:24.117, 0, 79, 119.60, 100, 14694, 1063, 715, P0, 0x0000000000000020
2026/09/17 10:43:24.120, 1, 79, 124.68, 100, 15219, 1101, 715, P0, 0x0000000000000020
2026/09/17 10:43:25.136, 0, 79, 119.60, 100, 14694, 1075, 715, P0, 0x0000000000000000
2026/09/17 10:43:25.140, 1, 79, 127.54, 100, 15219, 1101, 715, P0, 0x0000000000000020
2026/09/17 10:43:26.151, 0, 79, 119.03, 100, 14694, 1075, 715, P0, 0x0000000000000000
2026/09/17 10:43:26.157, 1, 77, 48.86, 0, 15219, 1189, 715, P0, 0x0000000000000000
2026/09/17 10:43:27.166, 0, 79, 114.29, 100, 14694, 1088, 715, P0, 0x0000000000000000
2026/09/17 10:43:27.169, 1, 76, 48.15, 0, 15219, 1189, 715, P0, 0x0000000000000000
2026/09/17 10:43:28.180, 0, 77, 52.41, 0, 14694, 1290, 715, P0, 0x0000000000000000
2026/09/17 10:43:28.184, 1, 79, 182.13, 100, 15219, 1328, 715, P0, 0x0000000000000000
2026/09/17 10:43:29.196, 0, 79, 196.14, 100, 14694, 1328, 715, P0, 0x0000000000000000
2026/09/17 10:43:29.199, 1, 80, 142.51, 100, 15219, 1189, 715, P0, 0x0000000000000000
2026/09/17 10:43:30.210, 0, 79, 130.92, 100, 14694, 1113, 715, P0, 0x0000000000000000
2026/09/17 10:43:30.218, 1, 79, 124.15, 100, 15219, 1101, 715, P0, 0x0000000000000020
2026/09/17 10:43:31.228, 0, 79, 126.36, 100, 14694, 1164, 715, P0, 0x0000000000000000
2026/09/17 10:43:31.238, 1, 79, 138.65, 100, 15219, 1189, 715, P0, 0x0000000000000000
2026/09/17 10:43:32.256, 0, 79, 131.04, 100, 14694, 1189, 715, P0, 0x0000000000000000
2026/09/17 10:43:32.259, 1, 79, 139.44, 100, 15219, 1177, 715, P0, 0x0000000000000020
2026/09/17 10:43:33.273, 0, 79, 125.98, 100, 14694, 1101, 715, P0, 0x0000000000000020
2026/09/17 10:43:33.276, 1, 79, 127.28, 100, 15219, 1101, 715, P0, 0x0000000000000020
2026/09/17 10:43:34.289, 0, 79, 121.09, 100, 14694, 1050, 715, P0, 0x0000000000000020
2026/09/17 10:43:34.297, 1, 77, 56.31, 0, 15219, 1316, 715, P0, 0x0000000000000000
2026/09/17 10:43:35.313, 0, 79, 116.36, 100, 14694, 1037, 715, P0, 0x0000000000000020
2026/09/17 10:43:35.318, 1, 76, 55.59, 0, 15219, 1316, 715, P0, 0x0000000000000000
2026/09/17 10:43:36.329, 0, 77, 53.86, 0, 14694, 1316, 715, P0, 0x0000000000000000
2026/09/17 10:43:36.332, 1, 80, 163.62, 100, 15219, 1328, 715, P0, 0x0000000000000000
2026/09/17 10:43:37.343, 0, 78, 185.00, 18, 14694, 1316, 715, P0, 0x0000000000000000
2026/09/17 10:43:37.346, 1, 79, 127.29, 100, 15219, 1113, 715, P0, 0x0000000000000020
2026/09/17 10:43:38.357, 0, 79, 125.26, 100, 14694, 1101, 715, P0, 0x0000000000000000
2026/09/17 10:43:38.360, 1, 79, 126.08, 100, 15219, 1113, 715, P0, 0x0000000000000020
2026/09/17 10:43:39.370, 0, 79, 126.39, 100, 14694, 1101, 715, P0, 0x0000000000000000
2026/09/17 10:43:39.379, 1, 79, 127.94, 100, 15219, 1126, 715, P0, 0x0000000000000000
2026/09/17 10:43:40.387, 0, 79, 126.50, 100, 14694, 1101, 715, P0, 0x0000000000000000
2026/09/17 10:43:40.390, 1, 79, 143.78, 100, 15219, 1189, 715, P0, 0x0000000000000000
2026/09/17 10:43:41.404, 0, 79, 134.13, 100, 14694, 1164, 715, P0, 0x0000000000000000
2026/09/17 10:43:41.407, 1, 79, 153.47, 100, 15219, 1189, 715, P0, 0x0000000000000000
2026/09/17 10:43:42.417, 0, 79, 126.60, 100, 14694, 1151, 715, P0, 0x0000000000000000
2026/09/17 10:43:42.422, 1, 78, 55.32, 0, 15219, 1303, 715, P0, 0x0000000000000000
2026/09/17 10:43:43.433, 0, 80, 125.40, 100, 14694, 1101, 715, P0, 0x0000000000000020
2026/09/17 10:43:43.440, 1, 76, 54.37, 0, 15219, 1303, 715, P0, 0x0000000000000000
2026/09/17 10:43:44.449, 0, 78, 54.27, 0, 14694, 1316, 715, P0, 0x0000000000000000
2026/09/17 10:43:44.452, 1, 79, 194.89, 100, 15219, 1328, 715, P0, 0x0000000000000000
2026/09/17 10:43:45.463, 0, 76, 53.47, 0, 14694, 1316, 715, P0, 0x0000000000000000
2026/09/17 10:43:45.467, 1, 79, 129.12, 100, 15219, 1151, 715, P0, 0x0000000000000000
2026/09/17 10:43:46.477, 0, 80, 177.13, 100, 14694, 1278, 715, P0, 0x0000000000000000
2026/09/17 10:43:46.481, 1, 78, 142.60, 100, 15219, 1126, 715, P0, 0x0000000000000020
2026/09/17 10:43:47.490, 0, 79, 116.51, 100, 14694, 1050, 715, P0, 0x0000000000000020
2026/09/17 10:43:47.494, 1, 79, 122.36, 100, 15219, 1088, 715, P0, 0x0000000000000020
2026/09/17 10:43:48.509, 0, 79, 116.49, 100, 14694, 1050, 715, P0, 0x0000000000000000
2026/09/17 10:43:48.513, 1, 79, 126.60, 100, 15219, 1088, 715, P0, 0x0000000000000020
2026/09/17 10:43:49.526, 0, 79, 119.12, 100, 14694, 1037, 715, P0, 0x0000000000000020
2026/09/17 10:43:49.528, 1, 79, 126.35, 100, 15219, 1088, 715, P0, 0x0000000000000020
2026/09/17 10:43:50.539, 0, 79, 113.86, 100, 14694, 1050, 715, P0, 0x0000000000000020
2026/09/17 10:43:50.545, 1, 79, 133.26, 100, 15219, 1189, 715, P0, 0x0000000000000000
2026/09/17 10:43:51.556, 0, 79, 119.97, 100, 14694, 1139, 715, P0, 0x0000000000000000
2026/09/17 10:43:51.566, 1, 76, 48.88, 0, 15219, 1189, 715, P0, 0x0000000000000000
2026/09/17 10:43:52.571, 0, 79, 49.40, 100, 14694, 1189, 715, P0, 0x0000000000000000
2026/09/17 10:43:52.574, 1, 76, 132.97, 8, 15219, 1189, 715, P0, 0x0000000000000000
2026/09/17 10:43:53.586, 0, 76, 47.57, 0, 14694, 1189, 715, P0, 0x0000000000000000
2026/09/17 10:43:53.588, 1, 80, 193.98, 100, 15219, 1328, 715, P0, 0x0000000000000000
2026/09/17 10:43:54.599, 0, 79, 197.05, 100, 14694, 1328, 715, P0, 0x0000000000000000
2026/09/17 10:43:54.602, 1, 79, 132.28, 100, 15219, 1126, 715, P0, 0x0000000000000020
2026/09/17 10:43:55.617, 0, 76, 56.03, 0, 14694, 1328, 715, P0, 0x0000000000000000
2026/09/17 10:43:55.622, 1, 79, 139.73, 100, 15219, 1126, 715, P0, 0x0000000000000020
2026/09/17 10:43:56.631, 0, 76, 55.38, 0, 14694, 1328, 715, P0, 0x0000000000000000
2026/09/17 10:43:56.634, 1, 79, 133.13, 100, 15219, 1139, 715, P0, 0x0000000000000020
2026/09/17 10:43:57.644, 0, 75, 46.97, 0, 14694, 1189, 715, P0, 0x0000000000000000
2026/09/17 10:43:57.647, 1, 79, 133.41, 100, 15219, 1139, 715, P0, 0x0000000000000000
2026/09/17 10:43:58.659, 0, 75, 46.72, 0, 14694, 1189, 715, P0, 0x0000000000000000
2026/09/17 10:43:58.662, 1, 79, 133.41, 100, 15219, 1126, 715, P0, 0x0000000000000020
2026/09/17 10:43:59.673, 0, 75, 155.08, 20, 14694, 1189, 715, P0, 0x0000000000000000
2026/09/17 10:43:59.676, 1, 78, 49.26, 100, 15219, 1189, 715, P0, 0x0000000000000000
2026/09/17 10:44:00.686, 0, 80, 203.76, 100, 14694, 1328, 715, P0, 0x0000000000000000
2026/09/17 10:44:00.689, 1, 76, 48.18, 0, 15219, 1189, 715, P0, 0x0000000000000000
2026/09/17 10:44:01.704, 0, 80, 156.63, 100, 14694, 1215, 715, P0, 0x0000000000000020
2026/09/17 10:44:01.707, 1, 76, 49.97, 0, 15219, 1227, 715, P0, 0x0000000000000000
2026/09/17 10:44:02.716, 0, 79, 142.74, 100, 14694, 1202, 715, P0, 0x0000000000000000
2026/09/17 10:44:02.722, 1, 75, 49.55, 0, 15219, 1227, 715, P0, 0x0000000000000000
2026/09/17 10:44:03.732, 0, 79, 145.75, 100, 14694, 1189, 715, P0, 0x0000000000000000
2026/09/17 10:44:03.735, 1, 75, 49.29, 0, 15219, 1227, 715, P0, 0x0000000000000000
2026/09/17 10:44:04.744, 0, 79, 131.36, 100, 14694, 1113, 715, P0, 0x0000000000000020
2026/09/17 10:44:04.747, 1, 75, 47.64, 0, 15219, 1189, 715, P0, 0x0000000000000000
2026/09/17 10:44:05.760, 0, 79, 130.95, 100, 14694, 1113, 715, P0, 0x0000000000000020
2026/09/17 10:44:05.767, 1, 74, 47.40, 0, 15219, 1189, 715, P0, 0x0000000000000000
2026/09/17 10:44:06.774, 0, 77, 53.35, 0, 14694, 1303, 715, P0, 0x0000000000000000
2026/09/17 10:44:06.777, 1, 78, 192.22, 100, 15219, 1328, 715, P0, 0x0000000000000000
2026/09/17 10:44:07.787, 0, 76, 52.59, 0, 14694, 1303, 715, P0, 0x0000000000000000
2026/09/17 10:44:07.789, 1, 79, 193.93, 100, 15219, 1328, 715, P0, 0x0000000000000000
2026/09/17 10:44:08.800, 0, 75, 52.19, 0, 14694, 1303, 715, P0, 0x0000000000000000
2026/09/17 10:44:08.804, 1, 79, 159.72, 100, 15219, 1252, 715, P0, 0x0000000000000020
2026/09/17 10:44:09.817, 0, 75, 51.93, 0, 14694, 1303, 715, P0, 0x0000000000000000
2026/09/17 10:44:09.823, 1, 79, 162.41, 100, 15219, 1278, 715, P0, 0x0000000000000000
2026/09/17 10:44:10.831, 0, 75, 51.71, 0, 14694, 1303, 715, P0, 0x0000000000000000
2026/09/17 10:44:10.834, 1, 79, 160.43, 100, 15219, 1252, 715, P0, 0x0000000000000020
2026/09/17 10:44:11.843, 0, 74, 51.72, 0, 14694, 1303, 715, P0, 0x0000000000000000
2026/09/17 10:44:11.846, 1, 79, 143.27, 100, 15219, 1189, 715, P0, 0x0000000000000000
2026/09/17 10:44:12.857, 0, 77, 185.13, 36, 14694, 1328, 715, P0, 0x0000000000000000
2026/09/17 10:44:12.860, 1, 78, 102.85, 46, 15219, 1227, 715, P0, 0x0000000000000000
2026/09/17 10:44:13.871, 0, 77, 235.50, 54, 14694, 1328, 715, P0, 0x0000000000000000
2026/09/17 10:44:13.874, 1, 78, 56.23, 39, 15219, 1252, 715, P0, 0x0000000000000000
2026/09/17 10:44:14.881, 0, 78, 231.12, 51, 14694, 1328, 715, P0, 0x0000000000000000
2026/09/17 10:44:14.885, 1, 78, 58.12, 43, 15219, 1303, 715, P0, 0x0000000000000000
2026/09/17 10:44:15.892, 0, 78, 214.36, 50, 14694, 1328, 715, P0, 0x0000000000000000
2026/09/17 10:44:15.895, 1, 78, 107.88, 42, 15219, 1328, 715, P0, 0x0000000000000000
2026/09/17 10:44:16.905, 0, 79, 118.37, 51, 14694, 1328, 715, P0, 0x0000000000000000
2026/09/17 10:44:16.908, 1, 78, 189.13, 40, 15219, 1328, 715, P0, 0x0000000000000000
2026/09/17 10:44:17.919, 0, 78, 82.48, 51, 14694, 1328, 715, P0, 0x0000000000000000
2026/09/17 10:44:17.922, 1, 79, 191.80, 40, 15219, 1303, 715, P0, 0x0000000000000000
2026/09/17 10:44:18.932, 0, 79, 70.94, 51, 14694, 1328, 715, P0, 0x0000000000000000
2026/09/17 10:44:18.935, 1, 79, 211.43, 39, 15219, 1328, 715, P0, 0x0000000000000000
2026/09/17 10:44:19.944, 0, 79, 64.79, 52, 14694, 1328, 715, P0, 0x0000000000000000
2026/09/17 10:44:19.947, 1, 79, 203.61, 65, 15219, 1328, 715, P0, 0x0000000000000000
2026/09/17 10:44:20.971, 0, 78, 183.44, 52, 14694, 1328, 715, P0, 0x0000000000000000
2026/09/17 10:44:20.974, 1, 79, 86.52, 66, 15219, 1328, 715, P0, 0x0000000000000000
2026/09/17 10:44:21.980, 0, 79, 62.56, 38, 14694, 1328, 715, P0, 0x0000000000000000
2026/09/17 10:44:21.983, 1, 78, 131.83, 60, 15219, 759, 715, P0, 0x0000000000000020
2026/09/17 10:44:22.990, 0, 79, 231.48, 56, 14694, 1328, 715, P0, 0x0000000000000000
2026/09/17 10:44:22.994, 1, 78, 51.46, 55, 15219, 1202, 715, P0, 0x0000000000000000
2026/09/17 10:44:24.004, 0, 79, 192.09, 41, 14694, 1328, 715, P0, 0x0000000000000000
2026/09/17 10:44:24.007, 1, 78, 71.63, 60, 15219, 1202, 715, P0, 0x0000000000000000
2026/09/17 10:44:25.014, 0, 79, 138.35, 31, 14694, 1328, 715, P0, 0x0000000000000000
2026/09/17 10:44:25.018, 1, 79, 110.02, 47, 15219, 1290, 715, P0, 0x0000000000000020
2026/09/17 10:44:26.030, 0, 79, 187.92, 34, 14694, 1328, 715, P0, 0x0000000000000000
2026/09/17 10:44:26.033, 1, 79, 85.91, 45, 15219, 1328, 715, P0, 0x0000000000000000
2026/09/17 10:44:27.038, 0, 77, 62.01, 30, 9, 1328, 715, P0, 0x0000000000000000
2026/09/17 10:44:27.042, 1, 78, 59.80, 95, 9, 1328, 715, P0, 0x0000000000000000
2026/09/17 10:44:28.051, 0, 76, 53.61, 0, 9, 1328, 715, P0, 0x0000000000000000
2026/09/17 10:44:28.054, 1, 76, 55.27, 0, 9, 1328, 715, P0, 0x0000000000000000
2026/09/17 10:44:29.064, 0, 76, 53.86, 0, 9, 1328, 715, P0, 0x0000000000000000
2026/09/17 10:44:29.067, 1, 76, 54.79, 0, 9, 1328, 715, P0, 0x0000000000000000
2026/09/17 10:44:30.075, 0, 75, 53.62, 0, 9, 1328, 715, P0, 0x0000000000000000
2026/09/17 10:44:30.078, 1, 75, 54.55, 0, 9, 1328, 715, P0, 0x0000000000000000
2026/09/17 10:44:31.089, 0, 75, 53.62, 0, 9, 1328, 715, P0, 0x0000000000000000
2026/09/17 10:44:31.092, 1, 75, 54.55, 0, 9, 1328, 715, P0, 0x0000000000000000
2026/09/17 10:44:32.099, 0, 75, 53.37, 0, 9, 1328, 715, P0, 0x0000000000000000
2026/09/17 10:44:32.102, 1, 75, 54.07, 0, 9, 1328, 715, P0, 0x0000000000000000
2026/09/17 10:44:33.112, 0, 74, 53.37, 0, 9, 1328, 715, P0, 0x0000000000000000
2026/09/17 10:44:33.115, 1, 75, 53.83, 0, 9, 1328, 715, P0, 0x0000000000000000
