timestamp,index,temperature.gpu,power.draw,utilization.gpu,memory.used,clocks.current.graphics,clocks.current.memory,pstate,clocks_event_reasons.active
2026/09/19 11:03:23.646, 0, 74, 53.58, 0, 10757, 1328, 715, P0, 0x0000000000000000
2026/09/19 11:03:23.649, 1, 74, 54.28, 0, 11462, 1328, 715, P0, 0x0000000000000000
2026/09/19 11:03:24.657, 0, 78, 202.58, 100, 10877, 1328, 715, P0, 0x0000000000000000
2026/09/19 11:03:24.661, 1, 77, 184.16, 100, 11582, 1328, 715, P0, 0x0000000000000000
2026/09/19 11:03:25.666, 0, 79, 182.10, 100, 10877, 1328, 715, P0, 0x0000000000000000
2026/09/19 11:03:25.668, 1, 78, 186.20, 100, 11582, 1328, 715, P0, 0x0000000000000000
2026/09/19 11:03:26.679, 0, 79, 172.95, 99, 10877, 1278, 715, P0, 0x0000000000000020
2026/09/19 11:03:26.682, 1, 79, 188.64, 100, 11582, 1328, 715, P0, 0x0000000000000000
2026/09/19 11:03:27.691, 0, 79, 161.95, 100, 10877, 1265, 715, P0, 0x0000000000000000
2026/09/19 11:03:27.696, 1, 79, 179.95, 62, 11582, 1328, 715, P0, 0x0000000000000000
2026/09/19 11:03:28.704, 0, 79, 129.45, 100, 10877, 1227, 715, P0, 0x0000000000000000
2026/09/19 11:03:28.707, 1, 79, 165.74, 100, 11582, 1290, 715, P0, 0x0000000000000000
2026/09/19 11:03:29.722, 0, 79, 137.22, 99, 10877, 1215, 715, P0, 0x0000000000000000
2026/09/19 11:03:29.725, 1, 79, 173.76, 87, 11582, 1303, 715, P0, 0x0000000000000000
2026/09/19 11:03:30.734, 0, 79, 154.77, 100, 10877, 1227, 715, P0, 0x0000000000000020
2026/09/19 11:03:30.738, 1, 79, 130.95, 100, 11582, 1252, 715, P0, 0x0000000000000000
2026/09/19 11:03:31.753, 0, 79, 132.12, 99, 10877, 1189, 715, P0, 0x0000000000000000
2026/09/19 11:03:31.756, 1, 79, 153.83, 100, 11582, 1240, 715, P0, 0x0000000000000000
2026/09/19 11:03:32.766, 0, 79, 139.04, 100, 10877, 1177, 715, P0, 0x0000000000000020
2026/09/19 11:03:32.770, 1, 79, 128.26, 100, 11582, 1240, 715, P0, 0x0000000000000000
2026/09/19 11:03:33.781, 0, 79, 119.61, 99, 10877, 1189, 715, P0, 0x0000000000000000
2026/09/19 11:03:33.785, 1, 79, 152.93, 73, 11582, 1240, 715, P0, 0x0000000000000020
2026/09/19 11:03:34.793, 0, 79, 109.97, 100, 10877, 1126, 715, P0, 0x0000000000000000
2026/09/19 11:03:34.796, 1, 79, 139.49, 100, 11582, 1189, 715, P0, 0x0000000000000000
2026/09/19 11:03:35.808, 0, 79, 124.39, 99, 10877, 1113, 715, P0, 0x0000000000000020
2026/09/19 11:03:35.810, 1, 78, 148.07, 100, 11582, 1252, 715, P0, 0x0000000000000000
2026/09/19 11:03:36.825, 0, 79, 112.76, 100, 10877, 1177, 715, P0, 0x0000000000000000
2026/09/19 11:03:36.828, 1, 79, 139.25, 84, 11582, 1189, 715, P0, 0x0000000000000020
2026/09/19 11:03:37.841, 0, 79, 124.64, 100, 10877, 1113, 715, P0, 0x0000000000000020
2026/09/19 11:03:37.849, 1, 79, 145.35, 100, 11582, 1202, 715, P0, 0x0000000000000020
2026/09/19 11:03:38.857, 0, 79, 122.04, 100, 10877, 1113, 715, P0, 0x0000000000000000
2026/09/19 11:03:38.860, 1, 79, 132.59, 100, 11582, 1189, 715, P0, 0x0000000000000020
2026/09/19 11:03:39.873, 0, 79, 125.79, 99, 10877, 1101, 715, P0, 0x0000000000000020
2026/09/19 11:03:39.876, 1, 79, 131.48, 100, 11582, 1139, 715, P0, 0x0000000000000020
2026/09/19 11:03:40.885, 0, 79, 121.63, 100, 10877, 1088, 715, P0, 0x0000000000000020
2026/09/19 11:03:40.889, 1, 79, 108.77, 100, 11582, 1164, 715, P0, 0x0000000000000000
2026/09/19 11:03:41.898, 0, 79, 111.90, 100, 10877, 1177, 715, P0, 0x0000000000000000
2026/09/19 11:03:41.908, 1, 79, 120.60, 100, 11582, 1126, 715, P0, 0x0000000000000000
2026/09/19 11:03:42.917, 0, 79, 107.06, 100, 10877, 961, 715, P0, 0x0000000000000020
2026/09/19 11:03:42.920, 1, 79, 115.99, 100, 11582, 1189, 715, P0, 0x0000000000000000
2026/09/19 11:03:43.930, 0, 79, 108.09, 100, 10877, 1025, 715, P0, 0x0000000000000000
2026/09/19 11:03:43.933, 1, 79, 52.02, 85, 11582, 1215, 715, P0, 0x0000000000000000
2026/09/19 11:03:44.942, 0, 79, 107.95, 100, 10877, 999, 715, P0, 0x0000000000000020
2026/09/19 11:03:44.952, 1, 79, 115.49, 65, 11582, 1189, 715, P0, 0x0000000000000000
2026/09/19 11:03:45.957, 0, 79, 107.37, 99, 10877, 999, 715, P0, 0x0000000000000020
2026/09/19 11:03:45.960, 1, 79, 132.95, 78, 11582, 1139, 715, P0, 0x0000000000000020
2026/09/19 11:03:46.971, 0, 79, 95.08, 99, 10877, 1063, 715, P0, 0x0000000000000000
2026/09/19 11:03:46.973, 1, 79, 122.65, 100, 11582, 1126, 715, P0, 0x0000000000000020
2026/09/19 11:03:47.981, 0, 79, 103.83, 100, 10877, 1139, 715, P0, 0x0000000000000000
2026/09/19 11:03:47.990, 1, 79, 123.26, 100, 11582, 1113, 715, P0, 0x0000000000000020
2026/09/19 11:03:48.995, 0, 79, 111.81, 100, 10877, 987, 715, P0, 0x0000000000000020
2026/09/19 11:03:49.000, 1, 79, 112.63, 100, 11582, 1189, 715, P0, 0x0000000000000000
2026/09/19 11:03:50.013, 0, 79, 107.46, 100, 10877, 1012, 715, P0, 0x0000000000000020
2026/09/19 11:03:50.016, 1, 79, 108.61, 100, 11582, 1189, 715, P0, 0x0000000000000000
2026/09/19 11:03:51.026, 0, 79, 108.65, 100, 10877, 987, 715, P0, 0x0000000000000020
2026/09/19 11:03:51.032, 1, 80, 124.47, 100, 11582, 1126, 715, P0, 0x0000000000000020
2026/09/19 11:03:52.040, 0, 79, 97.52, 100, 10877, 1037, 715, P0, 0x0000000000000000
2026/09/19 11:03:52.043, 1, 79, 112.97, 100, 11582, 987, 715, P0, 0x0000000000000020
2026/09/19 11:03:53.057, 0, 79, 96.79, 100, 10877, 1075, 715, P0, 0x0000000000000000
2026/09/19 11:03:53.061, 1, 79, 112.43, 100, 11582, 1025, 715, P0, 0x0000000000000020
2026/09/19 11:03:54.087, 0, 79, 100.54, 100, 10877, 1088, 715, P0, 0x0000000000000020
2026/09/19 11:03:54.090, 1, 79, 122.60, 100, 11582, 1075, 715, P0, 0x0000000000000020
2026/09/19 11:03:55.100, 0, 79, 102.32, 100, 10877, 1101, 715, P0, 0x0000000000000020
2026/09/19 11:03:55.104, 1, 79, 103.42, 100, 11582, 1113, 715, P0, 0x0000000000000020
2026/09/19 11:03:56.114, 0, 79, 102.08, 100, 10877, 1101, 715, P0, 0x0000000000000020
2026/09/19 11:03:56.117, 1, 79, 102.94, 100, 11582, 1113, 715, P0, 0x0000000000000020
2026/09/19 11:03:57.130, 0, 79, 102.11, 100, 10877, 1101, 715, P0, 0x0000000000000020
2026/09/19 11:03:57.133, 1, 79, 95.08, 100, 11582, 1063, 715, P0, 0x0000000000000000
2026/09/19 11:03:58.144, 0, 79, 101.79, 100, 10877, 1101, 715, P0, 0x0000000000000000
2026/09/19 11:03:58.153, 1, 79, 103.87, 100, 11582, 987, 715, P0, 0x0000000000000000
2026/09/19 11:03:59.158, 0, 79, 96.33, 100, 10877, 1075, 715, P0, 0x0000000000000000
2026/09/19 11:03:59.161, 1, 79, 107.24, 100, 11582, 1012, 715, P0, 0x0000000000000020
2026/09/19 11:04:00.187, 0, 79, 107.56, 100, 10877, 1025, 715, P0, 0x0000000000000000
2026/09/19 11:04:00.191, 1, 79, 104.04, 100, 11582, 1012, 715, P0, 0x0000000000000020
2026/09/19 11:04:01.204, 0, 79, 112.17, 100, 10877, 1063, 715, P0, 0x0000000000000000
2026/09/19 11:04:01.214, 1, 79, 125.08, 100, 11582, 1075, 715, P0, 0x0000000000000020
2026/09/19 11:04:02.218, 0, 79, 113.72, 100, 10877, 1050, 715, P0, 0x0000000000000020
2026/09/19 11:04:02.220, 1, 79, 100.75, 100, 11582, 1113, 715, P0, 0x0000000000000000
2026/09/19 11:04:03.246, 0, 79, 108.97, 100, 10877, 1139, 715, P0, 0x0000000000000000
2026/09/19 11:04:03.252, 1, 79, 110.28, 100, 11582, 987, 715, P0, 0x0000000000000020
2026/09/19 11:04:04.260, 0, 79, 97.82, 100, 10877, 1075, 715, P0, 0x0000000000000000
2026/09/19 11:04:04.263, 1, 79, 103.43, 100, 11582, 1113, 715, P0, 0x0000000000000020
2026/09/19 11:04:05.286, 0, 79, 111.66, 41, 10877, 1050, 715, P0, 0x0000000000000020
2026/09/19 11:04:05.292, 1, 79, 95.55, 100, 11582, 1037, 715, P0, 0x0000000000000000
2026/09/19 11:04:06.302, 0, 78, 107.95, 69, 10877, 1278, 715, P0, 0x0000000000000000
2026/09/19 11:04:06.307, 1, 79, 104.19, 100, 11582, 987, 715, P0, 0x0000000000000020
2026/09/19 11:04:07.316, 0, 79, 112.42, 100, 10877, 1050, 715, P0, 0x0000000000000020
2026/09/19 11:04:07.319, 1, 79, 104.46, 100, 11582, 1126, 715, P0, 0x0000000000000000
2026/09/19 11:04:08.333, 0, 80, 115.42, 100, 10877, 1050, 715, P0, 0x0000000000000020
2026/09/19 11:04:08.336, 1, 79, 95.96, 100, 11582, 1088, 715, P0, 0x0000000000000000
2026/09/19 11:04:09.347, 0, 79, 112.03, 100, 10877, 1177, 715, P0, 0x0000000000000000
2026/09/19 11:04:09.353, 1, 79, 106.70, 100, 11582, 1025, 715, P0, 0x0000000000000020
2026/09/19 11:04:10.363, 0, 80, 113.72, 100, 10877, 1075, 715, P0, 0x0000000000000020
2026/09/19 11:04:10.373, 1, 79, 100.75, 100, 11582, 1101, 715, P0, 0x0000000000000020
2026/09/19 11:04:11.378, 0, 79, 102.32, 100, 10877, 1101, 715, P0, 0x0000000000000020
2026/09/19 11:04:11.381, 1, 79, 106.08, 100, 11582, 987, 715, P0, 0x0000000000000020
2026/09/19 11:04:12.392, 0, 79, 109.73, 40, 10877, 1025, 715, P0, 0x0000000000000020
2026/09/19 11:04:12.395, 1, 79, 99.82, 100, 11582, 1101, 715, P0, 0x0000000000000000
2026/09/19 11:04:13.407, 0, 78, 47.71, 100, 10877, 1189, 715, P0, 0x0000000000000000
2026/09/19 11:04:13.412, 1, 79, 106.82, 100, 11582, 987, 715, P0, 0x0000000000000020
2026/09/19 11:04:14.419, 0, 79, 110.14, 100, 10877, 987, 715, P0, 0x0000000000000020
2026/09/19 11:04:14.422, 1, 79, 104.12, 100, 11582, 1113, 715, P0, 0x0000000000000020
2026/09/19 11:04:15.431, 0, 79, 97.52, 100, 10877, 1088, 715, P0, 0x0000000000000000
2026/09/19 11:04:15.436, 1, 79, 105.30, 100, 11582, 1012, 715, P0, 0x0000000000000000
2026/09/19 11:04:16.442, 0, 79, 109.31, 100, 10877, 961, 715, P0, 0x0000000000000000
2026/09/19 11:04:16.443, 1, 79, 103.90, 100, 11582, 1113, 715, P0, 0x0000000000000020
2026/09/19 11:04:17.445, 0, 79, 96.62, 100, 10877, 1088, 715, P0, 0x0000000000000000
2026/09/19 11:04:17.454, 1, 79, 103.92, 100, 11582, 1126, 715, P0, 0x0000000000000000
2026/09/19 11:04:18.460, 0, 79, 121.16, 35, 10877, 1037, 715, P0, 0x0000000000000020
2026/09/19 11:04:18.462, 1, 79, 105.26, 100, 11582, 1012, 715, P0, 0x0000000000000020
2026/09/19 11:04:19.489, 0, 79, 106.84, 100, 10877, 987, 715, P0, 0x0000000000000000
2026/09/19 11:04:19.497, 1, 79, 101.02, 100, 11582, 1113, 715, P0, 0x0000000000000000
2026/09/19 11:04:20.504, 0, 79, 101.84, 100, 10877, 1088, 715, P0, 0x0000000000000020
2026/09/19 11:04:20.515, 1, 79, 103.12, 100, 11582, 987, 715, P0, 0x0000000000000000
2026/09/19 11:04:21.532, 0, 79, 110.84, 100, 10877, 1037, 715, P0, 0x0000000000000020
2026/09/19 11:04:21.535, 1, 79, 103.59, 100, 11582, 1113, 715, P0, 0x0000000000000020
2026/09/19 11:04:22.549, 0, 79, 100.89, 96, 10877, 1113, 715, P0, 0x0000000000000000
2026/09/19 11:04:22.555, 1, 79, 101.02, 100, 11582, 1101, 715, P0, 0x0000000000000020
2026/09/19 11:04:23.565, 0, 78, 50.37, 74, 10877, 1215, 715, P0, 0x0000000000000000
2026/09/19 11:04:23.573, 1, 79, 106.57, 100, 11582, 1012, 715, P0, 0x0000000000000000
2026/09/19 11:04:24.587, 0, 79, 107.08, 100, 10877, 936, 715, P0, 0x0000000000000020
2026/09/19 11:04:24.598, 1, 79, 102.94, 100, 11582, 1113, 715, P0, 0x0000000000000020
2026/09/19 11:04:25.604, 0, 79, 105.07, 100, 10877, 936, 715, P0, 0x0000000000000020
2026/09/19 11:04:25.608, 1, 79, 115.77, 100, 11582, 1025, 715, P0, 0x0000000000000020
2026/09/19 11:04:26.636, 0, 79, 97.52, 100, 10877, 1075, 715, P0, 0x0000000000000020
2026/09/19 11:04:26.641, 1, 79, 110.33, 100, 11582, 999, 715, P0, 0x0000000000000020
2026/09/19 11:04:27.649, 0, 79, 109.02, 38, 10877, 936, 715, P0, 0x0000000000000000
2026/09/19 11:04:27.659, 1, 79, 105.29, 100, 11582, 1012, 715, P0, 0x0000000000000000
2026/09/19 11:04:28.678, 0, 79, 103.61, 100, 10877, 898, 715, P0, 0x0000000000000020
2026/09/19 11:04:28.681, 1, 79, 102.70, 100, 11582, 1113, 715, P0, 0x0000000000000020
2026/09/19 11:04:29.692, 0, 79, 94.65, 100, 10877, 1063, 715, P0, 0x0000000000000000
2026/09/19 11:04:29.699, 1, 79, 105.64, 100, 11582, 974, 715, P0, 0x0000000000000000
2026/09/19 11:04:30.708, 0, 79, 107.95, 100, 10877, 1088, 715, P0, 0x0000000000000020
2026/09/19 11:04:30.718, 1, 79, 106.42, 100, 11582, 974, 715, P0, 0x0000000000000020
2026/09/19 11:04:31.724, 0, 79, 115.81, 0, 10877, 1050, 715, P0, 0x0000000000000020
2026/09/19 11:04:31.727, 1, 79, 106.71, 100, 11582, 1012, 715, P0, 0x0000000000000020
2026/09/19 11:04:32.737, 0, 79, 107.80, 100, 10877, 1025, 715, P0, 0x0000000000000000
2026/09/19 11:04:32.741, 1, 79, 102.69, 100, 11582, 1113, 715, P0, 0x0000000000000020
2026/09/19 11:04:33.751, 0, 79, 104.06, 100, 10877, 1088, 715, P0, 0x0000000000000000
2026/09/19 11:04:33.759, 1, 79, 95.78, 100, 11582, 1177, 715, P0, 0x0000000000000000
2026/09/19 11:04:34.765, 0, 79, 113.95, 100, 10877, 1164, 715, P0, 0x0000000000000020
2026/09/19 11:04:34.768, 1, 79, 103.39, 100, 11582, 1101, 715, P0, 0x0000000000000020
2026/09/19 11:04:35.777, 0, 78, 51.82, 66, 10877, 1252, 715, P0, 0x0000000000000000
2026/09/19 11:04:35.782, 1, 79, 106.32, 100, 11582, 1025, 715, P0, 0x0000000000000000
2026/09/19 11:04:36.792, 0, 79, 83.25, 100, 10877, 1139, 715, P0, 0x0000000000000000
2026/09/19 11:04:36.800, 1, 79, 98.69, 100, 11582, 1088, 715, P0, 0x0000000000000000
2026/09/19 11:04:37.807, 0, 79, 105.14, 100, 10877, 974, 715, P0, 0x0000000000000020
2026/09/19 11:04:37.810, 1, 79, 103.90, 100, 11582, 1126, 715, P0, 0x0000000000000020
2026/09/19 11:04:38.820, 0, 79, 96.62, 55, 10877, 1075, 715, P0, 0x0000000000000000
2026/09/19 11:04:38.824, 1, 79, 106.07, 100, 11582, 1139, 715, P0, 0x0000000000000000
2026/09/19 11:04:39.833, 0, 79, 48.88, 67, 10877, 1252, 715, P0, 0x0000000000000000
2026/09/19 11:04:39.841, 1, 79, 129.95, 100, 11582, 1088, 715, P0, 0x0000000000000020
2026/09/19 11:04:40.861, 0, 79, 107.04, 100, 10877, 1113, 715, P0, 0x0000000000000020
2026/09/19 11:04:40.864, 1, 79, 110.55, 100, 11582, 1050, 715, P0, 0x0000000000000020
2026/09/19 11:04:41.877, 0, 79, 131.33, 100, 10877, 1075, 715, P0, 0x0000000000000020
2026/09/19 11:04:41.882, 1, 79, 103.00, 100, 11582, 1126, 715, P0, 0x0000000000000000
2026/09/19 11:04:42.893, 0, 79, 111.17, 56, 10877, 1050, 715, P0, 0x0000000000000020
2026/09/19 11:04:42.903, 1, 79, 97.18, 100, 11582, 1101, 715, P0, 0x0000000000000000
2026/09/19 11:04:43.922, 0, 79, 115.40, 100, 10877, 1063, 715, P0, 0x0000000000000020
2026/09/19 11:04:43.925, 1, 79, 105.49, 100, 11582, 1126, 715, P0, 0x0000000000000020
2026/09/19 11:04:44.933, 0, 79, 106.34, 100, 10877, 1151, 715, P0, 0x0000000000000000
2026/09/19 11:04:44.943, 1, 79, 116.63, 100, 11582, 1177, 715, P0, 0x0000000000000000
2026/09/19 11:04:45.955, 0, 79, 108.48, 100, 10877, 1126, 715, P0, 0x0000000000000020
2026/09/19 11:04:45.962, 1, 79, 108.38, 100, 11582, 1126, 715, P0, 0x0000000000000020
2026/09/19 11:04:46.969, 0, 79, 47.71, 99, 10877, 1189, 715, P0, 0x0000000000000000
2026/09/19 11:04:46.972, 1, 79, 112.70, 100, 11582, 1037, 715, P0, 0x0000000000000020
2026/09/19 11:04:47.981, 0, 79, 106.80, 100, 10877, 1113, 715, P0, 0x0000000000000020
2026/09/19 11:04:47.984, 1, 79, 111.27, 100, 11582, 1050, 715, P0, 0x0000000000000020
2026/09/19 11:04:48.997, 0, 79, 93.80, 100, 10877, 1113, 715, P0, 0x0000000000000020
2026/09/19 11:04:49.005, 1, 79, 95.43, 100, 11582, 1088, 715, P0, 0x0000000000000000
2026/09/19 11:04:50.012, 0, 78, 125.80, 31, 10877, 1075, 715, P0, 0x0000000000000020
2026/09/19 11:04:50.015, 1, 79, 110.93, 100, 11582, 1050, 715, P0, 0x0000000000000020
2026/09/19 11:04:51.026, 0, 79, 82.29, 100, 10877, 1113, 715, P0, 0x0000000000000020
2026/09/19 11:04:51.028, 1, 79, 98.55, 100, 11582, 1101, 715, P0, 0x0000000000000000
2026/09/19 11:04:52.039, 0, 79, 111.08, 100, 10877, 1037, 715, P0, 0x0000000000000000
2026/09/19 11:04:52.046, 1, 79, 103.83, 100, 11582, 1126, 715, P0, 0x0000000000000020
2026/09/19 11:04:53.051, 0, 79, 116.13, 81, 10877, 1088, 715, P0, 0x0000000000000000
2026/09/19 11:04:53.054, 1, 79, 95.96, 100, 11582, 1101, 715, P0, 0x0000000000000000
2026/09/19 11:04:54.079, 0, 79, 101.37, 100, 10877, 923, 715, P0, 0x0000000000000020
2026/09/19 11:04:54.086, 1, 79, 104.14, 100, 11582, 1126, 715, P0, 0x0000000000000020
2026/09/19 11:04:55.092, 0, 79, 107.55, 100, 10877, 1025, 715, P0, 0x0000000000000020
2026/09/19 11:04:55.096, 1, 79, 108.06, 100, 11582, 1126, 715, P0, 0x0000000000000020
2026/09/19 11:04:56.108, 0, 79, 109.47, 85, 10877, 1025, 715, P0, 0x0000000000000020
2026/09/19 11:04:56.111, 1, 79, 104.60, 100, 11582, 1126, 715, P0, 0x0000000000000020
2026/09/19 11:04:57.123, 0, 79, 110.60, 100, 10877, 1012, 715, P0, 0x0000000000000000
2026/09/19 11:04:57.127, 1, 79, 107.59, 100, 11582, 1126, 715, P0, 0x0000000000000020
2026/09/19 11:04:58.138, 0, 79, 115.32, 100, 10877, 1063, 715, P0, 0x0000000000000020
2026/09/19 11:04:58.145, 1, 79, 108.78, 100, 11582, 1126, 715, P0, 0x0000000000000020
2026/09/19 11:04:59.151, 0, 79, 100.88, 88, 10877, 1101, 715, P0, 0x0000000000000000
2026/09/19 11:04:59.154, 1, 79, 104.14, 100, 11582, 1126, 715, P0, 0x0000000000000020
2026/09/19 11:05:00.182, 0, 79, 81.55, 100, 10877, 974, 715, P0, 0x0000000000000000
2026/09/19 11:05:00.187, 1, 79, 108.13, 100, 11582, 1126, 715, P0, 0x0000000000000020
2026/09/19 11:05:01.198, 0, 79, 109.40, 100, 10877, 987, 715, P0, 0x0000000000000020
2026/09/19 11:05:01.206, 1, 79, 108.38, 100, 11582, 1126, 715, P0, 0x0000000000000020
2026/09/19 11:05:02.213, 0, 79, 98.01, 54, 10877, 1050, 715, P0, 0x0000000000000000
2026/09/19 11:05:02.216, 1, 79, 104.16, 100, 11582, 1126, 715, P0, 0x0000000000000020
2026/09/19 11:05:03.239, 0, 79, 109.63, 100, 10877, 1037, 715, P0, 0x0000000000000000
2026/09/19 11:05:03.246, 1, 79, 107.65, 100, 11582, 1126, 715, P0, 0x0000000000000020
2026/09/19 11:05:04.256, 0, 79, 111.49, 100, 10877, 1050, 715, P0, 0x0000000000000000
2026/09/19 11:05:04.266, 1, 79, 108.38, 100, 11582, 1126, 715, P0, 0x0000000000000020
2026/09/19 11:05:05.272, 0, 79, 113.08, 79, 10877, 1063, 715, P0, 0x0000000000000020
2026/09/19 11:05:05.275, 1, 79, 100.04, 100, 11582, 1126, 715, P0, 0x0000000000000000
2026/09/19 11:05:06.289, 0, 79, 129.27, 100, 10877, 1101, 715, P0, 0x0000000000000020
2026/09/19 11:05:06.292, 1, 79, 103.77, 100, 11582, 1126, 715, P0, 0x0000000000000000
2026/09/19 11:05:07.307, 0, 79, 122.99, 100, 10877, 1088, 715, P0, 0x0000000000000020
2026/09/19 11:05:07.310, 1, 79, 104.26, 100, 11582, 1126, 715, P0, 0x0000000000000020
2026/09/19 11:05:08.323, 0, 79, 134.40, 0, 10877, 1101, 715, P0, 0x0000000000000020
2026/09/19 11:05:08.326, 1, 79, 110.76, 100, 11582, 1075, 715, P0, 0x0000000000000000
2026/09/19 11:05:09.342, 0, 79, 113.93, 100, 10877, 1139, 715, P0, 0x0000000000000020
2026/09/19 11:05:09.345, 1, 79, 111.37, 100, 11582, 1050, 715, P0, 0x0000000000000020
2026/09/19 11:05:10.354, 0, 79, 110.30, 100, 10877, 1126, 715, P0, 0x0000000000000020
2026/09/19 11:05:10.364, 1, 79, 130.93, 100, 11582, 1050, 715, P0, 0x0000000000000020
2026/09/19 11:05:11.379, 0, 78, 48.92, 74, 10877, 1189, 715, P0, 0x0000000000000000
2026/09/19 11:05:11.384, 1, 79, 121.09, 100, 11582, 1025, 715, P0, 0x0000000000000020
2026/09/19 11:05:12.396, 0, 80, 106.44, 100, 10877, 1075, 715, P0, 0x0000000000000020
2026/09/19 11:05:12.405, 1, 79, 133.84, 100, 11582, 1101, 715, P0, 0x0000000000000020
2026/09/19 11:05:13.422, 0, 79, 108.24, 94, 10877, 1126, 715, P0, 0x0000000000000020
2026/09/19 11:05:13.425, 1, 79, 108.38, 100, 11582, 1139, 715, P0, 0x0000000000000000
2026/09/19 11:05:14.436, 0, 79, 112.52, 100, 10877, 1050, 715, P0, 0x0000000000000020
2026/09/19 11:05:14.443, 1, 79, 108.54, 100, 11582, 1139, 715, P0, 0x0000000000000000
2026/09/19 11:05:15.449, 0, 79, 115.86, 100, 10877, 1063, 715, P0, 0x0000000000000020
2026/09/19 11:05:15.452, 1, 79, 106.68, 100, 11582, 1126, 715, P0, 0x0000000000000020
2026/09/19 11:05:16.461, 0, 79, 117.54, 47, 10877, 1088, 715, P0, 0x0000000000000000
2026/09/19 11:05:16.466, 1, 79, 111.51, 100, 11582, 1050, 715, P0, 0x0000000000000020
2026/09/19 11:05:17.476, 0, 79, 116.98, 100, 10877, 1177, 715, P0, 0x0000000000000020
2026/09/19 11:05:17.485, 1, 79, 113.11, 100, 11582, 1050, 715, P0, 0x0000000000000020
2026/09/19 11:05:18.491, 0, 79, 102.09, 100, 10877, 1088, 715, P0, 0x0000000000000020
2026/09/19 11:05:18.494, 1, 79, 109.54, 100, 11582, 1189, 715, P0, 0x0000000000000000
2026/09/19 11:05:19.501, 0, 79, 49.17, 100, 10877, 1189, 715, P0, 0x0000000000000000
2026/09/19 11:05:19.504, 1, 79, 108.17, 100, 11582, 1126, 715, P0, 0x0000000000000020
2026/09/19 11:05:20.515, 0, 79, 111.00, 100, 10877, 1037, 715, P0, 0x0000000000000020
2026/09/19 11:05:20.523, 1, 79, 108.56, 100, 11582, 1126, 715, P0, 0x0000000000000020
2026/09/19 11:05:21.530, 0, 79, 114.62, 59, 10877, 1063, 715, P0, 0x0000000000000020
2026/09/19 11:05:21.533, 1, 79, 102.39, 100, 11582, 1113, 715, P0, 0x0000000000000000
2026/09/19 11:05:22.542, 0, 79, 100.47, 100, 10877, 1126, 715, P0, 0x0000000000000020
2026/09/19 11:05:22.547, 1, 79, 97.81, 100, 11582, 1075, 715, P0, 0x0000000000000000
2026/09/19 11:05:23.557, 0, 79, 116.85, 100, 10877, 1177, 715, P0, 0x0000000000000020
2026/09/19 11:05:23.566, 1, 79, 124.11, 100, 11582, 1063, 715, P0, 0x0000000000000020
2026/09/19 11:05:24.573, 0, 78, 53.72, 63, 10877, 1290, 715, P0, 0x0000000000000000
2026/09/19 11:05:24.576, 1, 79, 100.32, 100, 11582, 1126, 715, P0, 0x0000000000000020
2026/09/19 11:05:25.592, 0, 80, 112.74, 100, 10877, 1151, 715, P0, 0x0000000000000000
2026/09/19 11:05:25.595, 1, 79, 110.45, 100, 11582, 1139, 715, P0, 0x0000000000000000
2026/09/19 11:05:26.603, 0, 79, 113.97, 8, 10877, 1063, 715, P0, 0x0000000000000020
2026/09/19 11:05:26.607, 1, 79, 101.23, 100, 11582, 1113, 715, P0, 0x0000000000000000
2026/09/19 11:05:27.616, 0, 79, 115.55, 100, 10877, 1139, 715, P0, 0x0000000000000020
2026/09/19 11:05:27.623, 1, 79, 111.67, 100, 11582, 1050, 715, P0, 0x0000000000000020
2026/09/19 11:05:28.630, 0, 79, 117.78, 100, 10877, 1189, 715, P0, 0x0000000000000000
2026/09/19 11:05:28.633, 1, 79, 105.00, 100, 11582, 1126, 715, P0, 0x0000000000000020
2026/09/19 11:05:29.643, 0, 79, 48.19, 49, 10877, 1303, 715, P0, 0x0000000000000020
2026/09/19 11:05:29.648, 1, 79, 110.81, 100, 11582, 1139, 715, P0, 0x0000000000000000
2026/09/19 11:05:30.660, 0, 80, 127.91, 100, 10877, 1126, 715, P0, 0x0000000000000020
2026/09/19 11:05:30.663, 1, 79, 108.26, 100, 11582, 1126, 715, P0, 0x0000000000000020
2026/09/19 11:05:31.677, 0, 79, 123.37, 15, 10877, 1050, 715, P0, 0x0000000000000020
2026/09/19 11:05:31.686, 1, 79, 110.93, 100, 11582, 1050, 715, P0, 0x0000000000000020
2026/09/19 11:05:32.690, 0, 79, 106.75, 100, 10877, 1113, 715, P0, 0x0000000000000020
2026/09/19 11:05:32.694, 1, 79, 108.88, 100, 11582, 1025, 715, P0, 0x0000000000000020
2026/09/19 11:05:33.707, 0, 79, 109.45, 100, 10877, 1139, 715, P0, 0x0000000000000020
2026/09/19 11:05:33.711, 1, 79, 108.38, 100, 11582, 1126, 715, P0, 0x0000000000000020
2026/09/19 11:05:34.721, 0, 79, 113.00, 100, 10877, 1063, 715, P0, 0x0000000000000020
2026/09/19 11:05:34.727, 1, 79, 105.03, 100, 11582, 1139, 715, P0, 0x0000000000000000
2026/09/19 11:05:35.740, 0, 79, 92.29, 100, 10877, 1189, 715, P0, 0x0000000000000000
2026/09/19 11:05:35.743, 1, 79, 94.35, 100, 11582, 1075, 715, P0, 0x0000000000000000
2026/09/19 11:05:36.754, 0, 78, 53.32, 51, 10877, 1303, 715, P0, 0x0000000000000000
2026/09/19 11:05:36.757, 1, 79, 76.69, 100, 11582, 1126, 715, P0, 0x0000000000000020
2026/09/19 11:05:37.770, 0, 79, 112.12, 100, 10877, 1075, 715, P0, 0x0000000000000000
2026/09/19 11:05:37.773, 1, 79, 107.68, 100, 11582, 1126, 715, P0, 0x0000000000000020
2026/09/19 11:05:38.783, 0, 79, 121.71, 0, 10877, 1101, 715, P0, 0x0000000000000020
2026/09/19 11:05:38.786, 1, 79, 111.17, 100, 11582, 1050, 715, P0, 0x0000000000000020
2026/09/19 11:05:39.797, 0, 80, 116.99, 100, 10877, 1177, 715, P0, 0x0000000000000020
2026/09/19 11:05:39.803, 1, 79, 108.98, 100, 11582, 1050, 715, P0, 0x0000000000000000
2026/09/19 11:05:40.824, 0, 79, 108.90, 100, 10877, 1126, 715, P0, 0x0000000000000020
2026/09/19 11:05:40.827, 1, 79, 108.30, 100, 11582, 1126, 715, P0, 0x0000000000000020
2026/09/19 11:05:41.843, 0, 79, 114.92, 100, 10877, 1025, 715, P0, 0x0000000000000020
2026/09/19 11:05:41.846, 1, 79, 105.01, 100, 11582, 1126, 715, P0, 0x0000000000000020
2026/09/19 11:05:42.855, 0, 79, 111.56, 100, 10877, 1151, 715, P0, 0x0000000000000000
2026/09/19 11:05:42.858, 1, 79, 101.97, 100, 11582, 847, 715, P0, 0x0000000000000020
2026/09/19 11:05:43.870, 0, 78, 48.24, 26, 10877, 1189, 715, P0, 0x0000000000000000
2026/09/19 11:05:43.873, 1, 79, 91.99, 100, 11582, 1025, 715, P0, 0x0000000000000020
2026/09/19 11:05:44.883, 0, 79, 141.42, 100, 10877, 1202, 715, P0, 0x0000000000000020
2026/09/19 11:05:44.887, 1, 79, 102.50, 100, 11582, 1113, 715, P0, 0x0000000000000000
2026/09/19 11:05:45.896, 0, 78, 48.48, 0, 10877, 1189, 715, P0, 0x0000000000000000
2026/09/19 11:05:45.902, 1, 79, 91.51, 100, 11582, 1037, 715, P0, 0x0000000000000000
2026/09/19 11:05:46.927, 0, 80, 103.62, 100, 10877, 1227, 715, P0, 0x0000000000000000
2026/09/19 11:05:46.930, 1, 79, 78.46, 100, 11582, 1025, 715, P0, 0x0000000000000000
2026/09/19 11:05:47.942, 0, 78, 53.53, 46, 10877, 1303, 715, P0, 0x0000000000000000
2026/09/19 11:05:47.945, 1, 79, 91.50, 100, 11582, 1025, 715, P0, 0x0000000000000020
2026/09/19 11:05:48.955, 0, 80, 128.57, 100, 10877, 1227, 715, P0, 0x0000000000000020
2026/09/19 11:05:48.957, 1, 79, 70.41, 100, 11582, 1126, 715, P0, 0x0000000000000000
2026/09/19 11:05:49.970, 0, 79, 47.96, 99, 10877, 1189, 715, P0, 0x0000000000000000
2026/09/19 11:05:49.973, 1, 79, 103.42, 100, 11582, 1113, 715, P0, 0x0000000000000020
2026/09/19 11:05:50.982, 0, 79, 144.17, 100, 10877, 1101, 715, P0, 0x0000000000000020
2026/09/19 11:05:50.992, 1, 79, 89.48, 100, 11582, 999, 715, P0, 0x0000000000000000
2026/09/19 11:05:51.997, 0, 78, 51.83, 42, 10877, 1252, 715, P0, 0x0000000000000000
2026/09/19 11:05:52.000, 1, 79, 103.41, 100, 11582, 1101, 715, P0, 0x0000000000000020
2026/09/19 11:05:53.009, 0, 79, 119.63, 100, 10877, 1101, 715, P0, 0x0000000000000020
2026/09/19 11:05:53.014, 1, 79, 103.32, 100, 11582, 1113, 715, P0, 0x0000000000000020
2026/09/19 11:05:54.024, 0, 78, 48.25, 13, 10877, 1189, 715, P0, 0x0000000000000000
2026/09/19 11:05:54.029, 1, 79, 74.28, 100, 11582, 1164, 715, P0, 0x0000000000000000
2026/09/19 11:05:55.037, 0, 79, 114.62, 100, 10877, 1063, 715, P0, 0x0000000000000020
2026/09/19 11:05:55.040, 1, 79, 105.31, 100, 11582, 1101, 715, P0, 0x0000000000000020
2026/09/19 11:05:56.050, 0, 78, 48.19, 0, 10877, 1189, 715, P0, 0x0000000000000000
2026/09/19 11:05:56.055, 1, 79, 104.65, 100, 11582, 961, 715, P0, 0x0000000000000020
2026/09/19 11:05:57.064, 0, 80, 99.68, 100, 10877, 1075, 715, P0, 0x0000000000000020
2026/09/19 11:05:57.072, 1, 79, 105.33, 100, 11582, 1101, 715, P0, 0x0000000000000020
2026/09/19 11:05:58.081, 0, 78, 52.75, 0, 10877, 1278, 715, P0, 0x0000000000000000
2026/09/19 11:05:58.084, 1, 79, 106.49, 100, 11582, 1012, 715, P0, 0x0000000000000000
2026/09/19 11:05:59.101, 0, 79, 116.11, 100, 10877, 1177, 715, P0, 0x0000000000000020
2026/09/19 11:05:59.104, 1, 79, 100.99, 100, 11582, 1101, 715, P0, 0x0000000000000020
2026/09/19 11:06:00.113, 0, 78, 135.80, 8, 10877, 1164, 715, P0, 0x0000000000000020
2026/09/19 11:06:00.118, 1, 79, 107.04, 100, 11582, 999, 715, P0, 0x0000000000000020
2026/09/19 11:06:01.128, 0, 78, 71.05, 100, 10877, 594, 715, P0, 0x0000000000000000
2026/09/19 11:06:01.138, 1, 79, 105.00, 100, 11582, 1101, 715, P0, 0x0000000000000000
2026/09/19 11:06:02.155, 0, 79, 93.80, 68, 10877, 797, 715, P0, 0x0000000000000000
2026/09/19 11:06:02.158, 1, 79, 107.51, 100, 11582, 1012, 715, P0, 0x0000000000000020
2026/09/19 11:06:03.172, 0, 79, 92.20, 100, 10877, 1025, 715, P0, 0x0000000000000000
2026/09/19 11:06:03.178, 1, 79, 125.68, 100, 11582, 1189, 715, P0, 0x0000000000000020
2026/09/19 11:06:04.189, 0, 78, 103.08, 35, 10877, 974, 715, P0, 0x0000000000000000
2026/09/19 11:06:04.196, 1, 79, 96.29, 100, 11582, 1088, 715, P0, 0x0000000000000000
2026/09/19 11:06:05.214, 0, 79, 103.52, 100, 10877, 1101, 715, P0, 0x0000000000000020
2026/09/19 11:06:05.217, 1, 79, 105.76, 100, 11582, 974, 715, P0, 0x0000000000000020
2026/09/19 11:06:06.232, 0, 77, 47.71, 0, 10877, 1189, 715, P0, 0x0000000000000000
2026/09/19 11:06:06.235, 1, 79, 100.36, 100, 11582, 1101, 715, P0, 0x0000000000000020
2026/09/19 11:06:07.240, 0, 76, 46.99, 0, 10877, 1189, 715, P0, 0x0000000000000000
2026/09/19 11:06:07.246, 1, 79, 104.58, 100, 11582, 987, 715, P0, 0x0000000000000000
2026/09/19 11:06:08.264, 0, 76, 46.74, 0, 10877, 1189, 715, P0, 0x0000000000000000
2026/09/19 11:06:08.267, 1, 79, 102.94, 100, 11582, 1113, 715, P0, 0x0000000000000000
2026/09/19 11:06:09.275, 0, 79, 136.03, 100, 10877, 1328, 715, P0, 0x0000000000000000
2026/09/19 11:06:09.278, 1, 77, 51.72, 0, 11582, 1240, 715, P0, 0x0000000000000000
2026/09/19 11:06:10.287, 0, 78, 52.69, 0, 10877, 1278, 715, P0, 0x0000000000000000
2026/09/19 11:06:10.290, 1, 78, 137.03, 77, 11582, 1278, 715, P0, 0x0000000000000000
2026/09/19 11:06:11.301, 0, 77, 51.74, 0, 10877, 1278, 715, P0, 0x0000000000000000
2026/09/19 11:06:11.306, 1, 80, 121.95, 100, 11582, 1126, 715, P0, 0x0000000000000020
2026/09/19 11:06:12.313, 0, 79, 158.90, 100, 10877, 1328, 715, P0, 0x0000000000000000
2026/09/19 11:06:12.316, 1, 78, 54.26, 0, 11582, 1278, 715, P0, 0x0000000000000000
2026/09/19 11:06:13.332, 0, 79, 113.10, 99, 10877, 1050, 715, P0, 0x0000000000000020
2026/09/19 11:06:13.335, 1, 78, 139.31, 0, 11582, 1278, 715, P0, 0x0000000000000000
2026/09/19 11:06:14.344, 0, 79, 109.21, 100, 10877, 1139, 715, P0, 0x0000000000000000
2026/09/19 11:06:14.353, 1, 80, 148.29, 100, 11582, 1227, 715, P0, 0x0000000000000020
2026/09/19 11:06:15.362, 0, 79, 109.61, 100, 10877, 1126, 715, P0, 0x0000000000000020
2026/09/19 11:06:15.371, 1, 79, 112.63, 100, 11582, 1164, 715, P0, 0x0000000000000000
2026/09/19 11:06:16.376, 0, 79, 111.79, 100, 10877, 1037, 715, P0, 0x0000000000000020
2026/09/19 11:06:16.379, 1, 79, 112.88, 100, 11582, 1075, 715, P0, 0x0000000000000020
2026/09/19 11:06:17.389, 0, 79, 102.96, 100, 10877, 1075, 715, P0, 0x0000000000000000
2026/09/19 11:06:17.394, 1, 79, 113.13, 100, 11582, 1164, 715, P0, 0x0000000000000000
2026/09/19 11:06:18.404, 0, 78, 53.47, 0, 10877, 1290, 715, P0, 0x0000000000000000
2026/09/19 11:06:18.409, 1, 79, 115.29, 100, 11582, 1075, 715, P0, 0x0000000000000020
2026/09/19 11:06:19.428, 0, 77, 52.50, 0, 10877, 1290, 715, P0, 0x0000000000000000
2026/09/19 11:06:19.431, 1, 79, 122.65, 100, 11582, 1189, 715, P0, 0x0000000000000000
2026/09/19 11:06:20.435, 0, 76, 52.03, 0, 10877, 1290, 715, P0, 0x0000000000000000
2026/09/19 11:06:20.438, 1, 79, 106.95, 100, 11582, 1164, 715, P0, 0x0000000000000000
2026/09/19 11:06:21.461, 0, 77, 90.89, 41, 10877, 1252, 715, P0, 0x0000000000000000
2026/09/19 11:06:21.466, 1, 79, 104.43, 55, 11582, 1252, 715, P0, 0x0000000000000000
2026/09/19 11:06:22.471, 0, 77, 77.91, 41, 10877, 1328, 715, P0, 0x0000000000000000
2026/09/19 11:06:22.474, 1, 79, 109.36, 55, 11582, 1303, 715, P0, 0x0000000000000000
2026/09/19 11:06:23.481, 0, 78, 91.91, 36, 10877, 1328, 715, P0, 0x0000000000000000
2026/09/19 11:06:23.484, 1, 79, 99.86, 57, 11582, 1265, 715, P0, 0x0000000000000000
2026/09/19 11:06:24.493, 0, 80, 149.52, 100, 10877, 1290, 715, P0, 0x0000000000000000
2026/09/19 11:06:24.496, 1, 78, 54.75, 0, 11582, 1290, 715, P0, 0x0000000000000000
2026/09/19 11:06:25.506, 0, 80, 141.69, 100, 10877, 1189, 715, P0, 0x0000000000000020
2026/09/19 11:06:25.509, 1, 77, 54.31, 0, 11582, 1290, 715, P0, 0x0000000000000000
2026/09/19 11:06:26.517, 0, 79, 116.14, 100, 10877, 1050, 715, P0, 0x0000000000000020
2026/09/19 11:06:26.523, 1, 79, 104.77, 100, 11582, 1126, 715, P0, 0x0000000000000000
2026/09/19 11:06:27.527, 0, 79, 112.65, 100, 10877, 1164, 715, P0, 0x0000000000000020
2026/09/19 11:06:27.530, 1, 79, 122.78, 100, 11582, 1037, 715, P0, 0x0000000000000020
2026/09/19 11:06:28.546, 0, 79, 113.94, 100, 10877, 1164, 715, P0, 0x0000000000000000
2026/09/19 11:06:28.549, 1, 79, 107.89, 100, 11582, 1139, 715, P0, 0x0000000000000000
2026/09/19 11:06:29.559, 0, 79, 117.59, 100, 10877, 1189, 715, P0, 0x0000000000000000
2026/09/19 11:06:29.562, 1, 79, 130.09, 100, 11582, 1101, 715, P0, 0x0000000000000020
2026/09/19 11:06:30.572, 0, 79, 48.43, 100, 10877, 1189, 715, P0, 0x0000000000000000
2026/09/19 11:06:30.578, 1, 79, 108.17, 100, 11582, 1126, 715, P0, 0x0000000000000020
2026/09/19 11:06:31.588, 0, 79, 129.44, 100, 10877, 1215, 715, P0, 0x0000000000000000
2026/09/19 11:06:31.591, 1, 79, 131.73, 100, 11582, 1075, 715, P0, 0x0000000000000020
2026/09/19 11:06:32.606, 0, 79, 47.95, 100, 10877, 1189, 715, P0, 0x0000000000000000
2026/09/19 11:06:32.610, 1, 79, 108.17, 100, 11582, 1126, 715, P0, 0x0000000000000020
2026/09/19 11:06:33.620, 0, 79, 126.50, 100, 10877, 1202, 715, P0, 0x0000000000000020
2026/09/19 11:06:33.623, 1, 79, 109.40, 100, 11582, 1189, 715, P0, 0x0000000000000000
2026/09/19 11:06:34.630, 0, 79, 50.37, 100, 10877, 1189, 715, P0, 0x0000000000000000
2026/09/19 11:06:34.633, 1, 79, 108.17, 100, 11582, 1139, 715, P0, 0x0000000000000000
2026/09/19 11:06:35.654, 0, 79, 134.79, 100, 10877, 1240, 715, P0, 0x0000000000000020
2026/09/19 11:06:35.660, 1, 79, 96.62, 100, 11582, 1139, 715, P0, 0x0000000000000000
2026/09/19 11:06:36.670, 0, 79, 51.58, 100, 10877, 1189, 715, P0, 0x0000000000000000
2026/09/19 11:06:36.673, 1, 79, 107.93, 100, 11582, 1139, 715, P0, 0x0000000000000000
2026/09/19 11:06:37.682, 0, 79, 130.72, 100, 10877, 1215, 715, P0, 0x0000000000000000
2026/09/19 11:06:37.685, 1, 79, 107.77, 100, 11582, 1126, 715, P0, 0x0000000000000020
2026/09/19 11:06:38.695, 0, 79, 127.26, 99, 10877, 1101, 715, P0, 0x0000000000000020
2026/09/19 11:06:38.699, 1, 79, 104.35, 100, 11582, 1126, 715, P0, 0x0000000000000020
2026/09/19 11:06:39.710, 0, 79, 127.68, 100, 10877, 1215, 715, P0, 0x0000000000000020
2026/09/19 11:06:39.714, 1, 79, 108.51, 100, 11582, 1126, 715, P0, 0x0000000000000020
2026/09/19 11:06:40.726, 0, 79, 121.56, 100, 10877, 1088, 715, P0, 0x0000000000000020
2026/09/19 11:06:40.729, 1, 79, 103.78, 100, 11582, 1126, 715, P0, 0x0000000000000000
2026/09/19 11:06:41.739, 0, 79, 122.25, 100, 10877, 1202, 715, P0, 0x0000000000000000
2026/09/19 11:06:41.743, 1, 79, 108.28, 100, 11582, 1126, 715, P0, 0x0000000000000020
2026/09/19 11:06:42.755, 0, 79, 136.08, 100, 10877, 1063, 715, P0, 0x0000000000000020
2026/09/19 11:06:42.767, 1, 79, 95.17, 100, 11582, 1075, 715, P0, 0x0000000000000000
2026/09/19 11:06:43.787, 0, 79, 116.27, 100, 10877, 1189, 715, P0, 0x0000000000000000
2026/09/19 11:06:43.789, 1, 79, 108.29, 100, 11582, 1126, 715, P0, 0x0000000000000020
2026/09/19 11:06:44.800, 0, 78, 51.30, 71, 10877, 1265, 715, P0, 0x0000000000000000
2026/09/19 11:06:44.805, 1, 79, 110.81, 100, 11582, 1050, 715, P0, 0x0000000000000020
2026/09/19 11:06:45.814, 0, 77, 51.30, 0, 10877, 1265, 715, P0, 0x0000000000000000
2026/09/19 11:06:45.817, 1, 79, 107.67, 100, 11582, 1139, 715, P0, 0x0000000000000000
2026/09/19 11:06:46.825, 0, 77, 51.07, 0, 10877, 1265, 715, P0, 0x0000000000000000
2026/09/19 11:06:46.828, 1, 79, 101.24, 100, 11582, 1113, 715, P0, 0x0000000000000000
2026/09/19 11:06:47.836, 0, 76, 50.96, 0, 10877, 1265, 715, P0, 0x0000000000000000
2026/09/19 11:06:47.842, 1, 79, 50.43, 85, 11582, 1189, 715, P0, 0x0000000000000000
2026/09/19 11:06:48.847, 0, 80, 149.05, 100, 10877, 1265, 715, P0, 0x0000000000000020
2026/09/19 11:06:48.849, 1, 77, 49.26, 0, 11582, 1189, 715, P0, 0x0000000000000000
2026/09/19 11:06:49.872, 0, 77, 53.12, 0, 10877, 1290, 715, P0, 0x0000000000000000
2026/09/19 11:06:49.877, 1, 79, 163.30, 100, 11582, 1252, 715, P0, 0x0000000000000020
2026/09/19 11:06:50.896, 0, 77, 52.26, 0, 10877, 1290, 715, P0, 0x0000000000000000
2026/09/19 11:06:50.899, 1, 79, 116.00, 100, 11582, 1177, 715, P0, 0x0000000000000020
2026/09/19 11:06:51.907, 0, 80, 156.27, 100, 10877, 1290, 715, P0, 0x0000000000000020
2026/09/19 11:06:51.910, 1, 78, 54.50, 0, 11582, 1290, 715, P0, 0x0000000000000000
2026/09/19 11:06:52.919, 0, 79, 129.19, 99, 10877, 1126, 715, P0, 0x0000000000000000
2026/09/19 11:06:52.922, 1, 78, 136.33, 25, 11582, 1278, 715, P0, 0x0000000000000000
2026/09/19 11:06:53.938, 0, 79, 122.12, 100, 10877, 1202, 715, P0, 0x0000000000000020
2026/09/19 11:06:53.941, 1, 80, 130.29, 100, 11582, 1252, 715, P0, 0x0000000000000000
2026/09/19 11:06:54.957, 0, 79, 124.58, 100, 10877, 1189, 715, P0, 0x0000000000000020
2026/09/19 11:06:54.960, 1, 79, 104.03, 100, 11582, 1113, 715, P0, 0x0000000000000020
2026/09/19 11:06:55.971, 0, 79, 113.26, 100, 10877, 1063, 715, P0, 0x0000000000000000
2026/09/19 11:06:55.974, 1, 79, 104.29, 100, 11582, 1126, 715, P0, 0x0000000000000000
2026/09/19 11:06:56.988, 0, 79, 85.84, 100, 10877, 1189, 715, P0, 0x0000000000000000
2026/09/19 11:06:56.991, 1, 79, 108.39, 100, 11582, 999, 715, P0, 0x0000000000000000
2026/09/19 11:06:58.003, 0, 79, 48.44, 100, 10877, 1189, 715, P0, 0x0000000000000000
2026/09/19 11:06:58.006, 1, 79, 104.15, 100, 11582, 1126, 715, P0, 0x0000000000000000
2026/09/19 11:06:59.011, 0, 77, 47.46, 0, 10877, 1189, 715, P0, 0x0000000000000000
2026/09/19 11:06:59.014, 1, 79, 103.89, 100, 11582, 1126, 715, P0, 0x0000000000000000
2026/09/19 11:07:00.024, 0, 76, 46.99, 0, 10877, 1189, 715, P0, 0x0000000000000000
2026/09/19 11:07:00.027, 1, 79, 97.70, 100, 11582, 1088, 715, P0, 0x0000000000000000
2026/09/19 11:07:01.035, 0, 76, 46.98, 0, 10877, 1189, 715, P0, 0x0000000000000000
2026/09/19 11:07:01.038, 1, 79, 104.37, 100, 11582, 1126, 715, P0, 0x0000000000000000
2026/09/19 11:07:02.046, 0, 77, 89.70, 40, 10877, 1227, 715, P0, 0x0000000000000000
2026/09/19 11:07:02.050, 1, 79, 111.36, 52, 11582, 1265, 715, P0, 0x0000000000000000
2026/09/19 11:07:03.058, 0, 77, 108.50, 39, 10877, 1290, 715, P0, 0x0000000000000000
2026/09/19 11:07:03.062, 1, 79, 92.84, 55, 11582, 1303, 715, P0, 0x0000000000000020
2026/09/19 11:07:04.080, 0, 78, 91.22, 38, 10877, 1328, 715, P0, 0x0000000000000000
2026/09/19 11:07:04.083, 1, 79, 136.64, 56, 11582, 1316, 715, P0, 0x0000000000000020
2026/09/19 11:07:05.091, 0, 79, 144.49, 100, 10877, 1303, 715, P0, 0x0000000000000000
2026/09/19 11:07:05.094, 1, 78, 54.76, 0, 11582, 1290, 715, P0, 0x0000000000000000
2026/09/19 11:07:06.101, 0, 79, 121.55, 100, 10877, 1189, 715, P0, 0x0000000000000000
2026/09/19 11:07:06.106, 1, 77, 53.85, 0, 11582, 1290, 715, P0, 0x0000000000000000
2026/09/19 11:07:07.114, 0, 79, 127.89, 100, 10877, 1139, 715, P0, 0x0000000000000020
2026/09/19 11:07:07.117, 1, 80, 148.07, 100, 11582, 1316, 715, P0, 0x0000000000000000
2026/09/19 11:07:08.132, 0, 79, 112.37, 100, 10877, 1151, 715, P0, 0x0000000000000000
2026/09/19 11:07:08.134, 1, 80, 135.02, 100, 11582, 1252, 715, P0, 0x0000000000000020
2026/09/19 11:07:09.146, 0, 79, 120.07, 100, 10877, 1189, 715, P0, 0x0000000000000020
2026/09/19 11:07:09.150, 1, 79, 116.82, 100, 11582, 1189, 715, P0, 0x0000000000000020
2026/09/19 11:07:10.160, 0, 79, 126.46, 100, 10877, 1189, 715, P0, 0x0000000000000020
2026/09/19 11:07:10.163, 1, 79, 117.05, 100, 11582, 1177, 715, P0, 0x0000000000000020
2026/09/19 11:07:11.173, 0, 79, 128.57, 100, 10877, 1075, 715, P0, 0x0000000000000020
2026/09/19 11:07:11.177, 1, 79, 115.62, 100, 11582, 1189, 715, P0, 0x0000000000000000
2026/09/19 11:07:12.188, 0, 79, 123.58, 100, 10877, 1189, 715, P0, 0x0000000000000020
2026/09/19 11:07:12.191, 1, 79, 116.34, 100, 11582, 1189, 715, P0, 0x0000000000000000
2026/09/19 11:07:13.201, 0, 79, 117.11, 100, 10877, 1177, 715, P0, 0x0000000000000020
2026/09/19 11:07:13.210, 1, 79, 113.67, 100, 11582, 1126, 715, P0, 0x0000000000000000
2026/09/19 11:07:14.215, 0, 79, 127.21, 100, 10877, 1215, 715, P0, 0x0000000000000000
2026/09/19 11:07:14.218, 1, 79, 107.55, 100, 11582, 1113, 715, P0, 0x0000000000000020
2026/09/19 11:07:15.226, 0, 80, 128.65, 100, 10877, 1227, 715, P0, 0x0000000000000020
2026/09/19 11:07:15.231, 1, 79, 123.26, 100, 11582, 1075, 715, P0, 0x0000000000000020
2026/09/19 11:07:16.238, 0, 78, 133.16, 0, 10877, 1139, 715, P0, 0x0000000000000020
2026/09/19 11:07:16.241, 1, 79, 105.35, 100, 11582, 999, 715, P0, 0x0000000000000020
2026/09/19 11:07:17.268, 0, 80, 118.04, 100, 10877, 1189, 715, P0, 0x0000000000000000
2026/09/19 11:07:17.271, 1, 79, 101.22, 100, 11582, 1101, 715, P0, 0x0000000000000020
2026/09/19 11:07:18.286, 0, 78, 48.17, 0, 10877, 1189, 715, P0, 0x0000000000000000
2026/09/19 11:07:18.290, 1, 79, 123.39, 100, 11582, 1139, 715, P0, 0x0000000000000020
2026/09/19 11:07:19.302, 0, 79, 86.33, 100, 10877, 696, 715, P0, 0x0000000000000000
2026/09/19 11:07:19.316, 1, 79, 103.95, 100, 11582, 1113, 715, P0, 0x0000000000000020
2026/09/19 11:07:20.329, 0, 79, 102.75, 100, 10877, 961, 715, P0, 0x0000000000000000
2026/09/19 11:07:20.334, 1, 79, 102.22, 100, 11582, 1113, 715, P0, 0x0000000000000000
2026/09/19 11:07:21.341, 0, 79, 114.19, 100, 10877, 1164, 715, P0, 0x0000000000000020
2026/09/19 11:07:21.349, 1, 79, 93.90, 100, 11582, 1113, 715, P0, 0x0000000000000020
2026/09/19 11:07:22.357, 0, 79, 113.97, 100, 10877, 1025, 715, P0, 0x0000000000000020
2026/09/19 11:07:22.361, 1, 79, 102.44, 100, 11582, 1113, 715, P0, 0x0000000000000020
2026/09/19 11:07:23.384, 0, 79, 130.07, 100, 10877, 1240, 715, P0, 0x0000000000000020
2026/09/19 11:07:23.389, 1, 79, 107.07, 100, 11582, 1113, 715, P0, 0x0000000000000020
2026/09/19 11:07:24.398, 0, 79, 114.67, 100, 10877, 1164, 715, P0, 0x0000000000000020
2026/09/19 11:07:24.401, 1, 79, 109.13, 100, 11582, 987, 715, P0, 0x0000000000000020
2026/09/19 11:07:25.414, 0, 78, 127.22, 24, 10877, 1139, 715, P0, 0x0000000000000020
2026/09/19 11:07:25.417, 1, 79, 102.86, 100, 11582, 1025, 715, P0, 0x0000000000000020
2026/09/19 11:07:26.430, 0, 80, 128.42, 100, 10877, 1227, 715, P0, 0x0000000000000000
2026/09/19 11:07:26.433, 1, 79, 103.29, 100, 11582, 1113, 715, P0, 0x0000000000000020
2026/09/19 11:07:27.448, 0, 77, 49.70, 0, 10877, 1227, 715, P0, 0x0000000000000000
2026/09/19 11:07:27.451, 1, 79, 76.69, 100, 11582, 1126, 715, P0, 0x0000000000000020
2026/09/19 11:07:28.463, 0, 80, 137.83, 100, 10877, 1189, 715, P0, 0x0000000000000020
2026/09/19 11:07:28.466, 1, 79, 99.39, 100, 11582, 1113, 715, P0, 0x0000000000000000
2026/09/19 11:07:29.488, 0, 78, 53.76, 64, 10877, 1290, 715, P0, 0x0000000000000000
2026/09/19 11:07:29.492, 1, 79, 103.65, 100, 11582, 1113, 715, P0, 0x0000000000000020
2026/09/19 11:07:30.500, 0, 79, 132.39, 100, 10877, 1227, 715, P0, 0x0000000000000020
2026/09/19 11:07:30.503, 1, 79, 104.48, 100, 11582, 1126, 715, P0, 0x0000000000000000
2026/09/19 11:07:31.513, 0, 79, 129.13, 100, 10877, 1088, 715, P0, 0x0000000000000020
2026/09/19 11:07:31.519, 1, 79, 106.43, 100, 11582, 1025, 715, P0, 0x0000000000000000
2026/09/19 11:07:32.526, 0, 79, 116.34, 63, 10877, 1189, 715, P0, 0x0000000000000020
2026/09/19 11:07:32.537, 1, 79, 103.80, 100, 11582, 1126, 715, P0, 0x0000000000000000
2026/09/19 11:07:33.546, 0, 79, 109.46, 100, 10877, 1126, 715, P0, 0x0000000000000020
2026/09/19 11:07:33.549, 1, 79, 103.88, 100, 11582, 1113, 715, P0, 0x0000000000000020
2026/09/19 11:07:34.563, 0, 77, 52.31, 0, 10877, 1278, 715, P0, 0x0000000000000000
2026/09/19 11:07:34.567, 1, 79, 105.12, 100, 11582, 999, 715, P0, 0x0000000000000020
2026/09/19 11:07:35.573, 0, 79, 120.82, 100, 10877, 1075, 715, P0, 0x0000000000000020
2026/09/19 11:07:35.576, 1, 79, 104.28, 100, 11582, 1126, 715, P0, 0x0000000000000000
2026/09/19 11:07:36.590, 0, 78, 51.82, 0, 10877, 1252, 715, P0, 0x0000000000000000
2026/09/19 11:07:36.593, 1, 79, 103.18, 100, 11582, 1113, 715, P0, 0x0000000000000020
2026/09/19 11:07:37.606, 0, 80, 131.92, 100, 10877, 1215, 715, P0, 0x0000000000000020
2026/09/19 11:07:37.608, 1, 79, 107.53, 100, 11582, 1126, 715, P0, 0x0000000000000000
2026/09/19 11:07:38.623, 0, 79, 107.81, 100, 10877, 1037, 715, P0, 0x0000000000000000
2026/09/19 11:07:38.631, 1, 79, 99.57, 100, 11582, 1101, 715, P0, 0x0000000000000000
2026/09/19 11:07:39.649, 0, 79, 116.29, 100, 10877, 1189, 715, P0, 0x0000000000000020
2026/09/19 11:07:39.652, 1, 79, 101.42, 100, 11582, 1101, 715, P0, 0x0000000000000020
2026/09/19 11:07:40.667, 0, 79, 117.17, 100, 10877, 1177, 715, P0, 0x0000000000000020
2026/09/19 11:07:40.670, 1, 79, 80.74, 100, 11582, 1126, 715, P0, 0x0000000000000020
2026/09/19 11:07:41.680, 0, 77, 47.71, 0, 10877, 1189, 715, P0, 0x0000000000000000
2026/09/19 11:07:41.683, 1, 79, 104.40, 100, 11582, 974, 715, P0, 0x0000000000000000
2026/09/19 11:07:42.707, 0, 80, 115.39, 100, 10877, 1151, 715, P0, 0x0000000000000000
2026/09/19 11:07:42.711, 1, 79, 105.25, 100, 11582, 1113, 715, P0, 0x0000000000000020
2026/09/19 11:07:43.722, 0, 78, 48.44, 19, 10877, 1189, 715, P0, 0x0000000000000000
2026/09/19 11:07:43.725, 1, 79, 103.42, 100, 11582, 1126, 715, P0, 0x0000000000000000
2026/09/19 11:07:44.748, 0, 80, 133.83, 100, 10877, 1202, 715, P0, 0x0000000000000020
2026/09/19 11:07:44.752, 1, 79, 104.19, 100, 11582, 1126, 715, P0, 0x0000000000000000
2026/09/19 11:07:45.764, 0, 79, 132.31, 100, 10877, 1075, 715, P0, 0x0000000000000020
2026/09/19 11:07:45.767, 1, 79, 94.49, 100, 11582, 1063, 715, P0, 0x0000000000000000
2026/09/19 11:07:46.777, 0, 78, 107.07, 100, 10877, 1164, 715, P0, 0x0000000000000000
2026/09/19 11:07:46.785, 1, 79, 104.77, 100, 11582, 1113, 715, P0, 0x0000000000000020
2026/09/19 11:07:47.796, 0, 80, 118.92, 100, 10877, 1177, 715, P0, 0x0000000000000020
2026/09/19 11:07:47.805, 1, 79, 103.80, 100, 11582, 1113, 715, P0, 0x0000000000000020
2026/09/19 11:07:48.828, 0, 77, 52.99, 0, 10877, 1290, 715, P0, 0x0000000000000000
2026/09/19 11:07:48.831, 1, 79, 116.02, 100, 11582, 987, 715, P0, 0x0000000000000020
2026/09/19 11:07:49.843, 0, 79, 121.32, 100, 10877, 1101, 715, P0, 0x0000000000000020
2026/09/19 11:07:49.850, 1, 79, 102.12, 100, 11582, 1113, 715, P0, 0x0000000000000020
2026/09/19 11:07:50.858, 0, 78, 51.58, 65, 10877, 1265, 715, P0, 0x0000000000000000
2026/09/19 11:07:50.861, 1, 79, 103.89, 100, 11582, 1113, 715, P0, 0x0000000000000020
2026/09/19 11:07:51.875, 0, 79, 131.21, 100, 10877, 1227, 715, P0, 0x0000000000000000
2026/09/19 11:07:51.878, 1, 79, 103.53, 100, 11582, 1113, 715, P0, 0x0000000000000020
2026/09/19 11:07:52.888, 0, 79, 102.56, 100, 10877, 1101, 715, P0, 0x0000000000000000
2026/09/19 11:07:52.894, 1, 79, 110.67, 100, 11582, 1050, 715, P0, 0x0000000000000000
2026/09/19 11:07:53.903, 0, 78, 115.33, 0, 10877, 1088, 715, P0, 0x0000000000000000
2026/09/19 11:07:53.913, 1, 79, 101.22, 100, 11582, 1113, 715, P0, 0x0000000000000000
2026/09/19 11:07:54.932, 0, 79, 116.98, 100, 10877, 1189, 715, P0, 0x0000000000000020
2026/09/19 11:07:54.936, 1, 79, 109.25, 100, 11582, 1126, 715, P0, 0x0000000000000020
2026/09/19 11:07:55.955, 0, 78, 48.19, 0, 10877, 1189, 715, P0, 0x0000000000000000
2026/09/19 11:07:55.958, 1, 79, 108.71, 100, 11582, 1139, 715, P0, 0x0000000000000000
2026/09/19 11:07:56.970, 0, 79, 115.32, 100, 10877, 1139, 715, P0, 0x0000000000000020
2026/09/19 11:07:56.972, 1, 79, 101.04, 100, 11582, 1075, 715, P0, 0x0000000000000000
2026/09/19 11:07:57.984, 0, 79, 114.60, 100, 10877, 1063, 715, P0, 0x0000000000000020
2026/09/19 11:07:57.989, 1, 79, 107.82, 100, 11582, 1139, 715, P0, 0x0000000000000000
2026/09/19 11:07:58.999, 0, 79, 126.97, 100, 10877, 1215, 715, P0, 0x0000000000000000
2026/09/19 11:07:59.007, 1, 79, 104.74, 100, 11582, 1126, 715, P0, 0x0000000000000020
2026/09/19 11:08:00.015, 0, 79, 103.08, 100, 10877, 1101, 715, P0, 0x0000000000000020
2026/09/19 11:08:00.019, 1, 79, 129.11, 100, 11582, 1113, 715, P0, 0x0000000000000020
2026/09/19 11:08:01.030, 0, 78, 153.29, 0, 10877, 1164, 715, P0, 0x0000000000000020
2026/09/19 11:08:01.033, 1, 79, 110.97, 100, 11582, 1050, 715, P0, 0x0000000000000020
2026/09/19 11:08:02.045, 0, 79, 110.09, 100, 10877, 1164, 715, P0, 0x0000000000000000
2026/09/19 11:08:02.048, 1, 79, 109.74, 100, 11582, 1139, 715, P0, 0x0000000000000000
2026/09/19 11:08:03.068, 0, 78, 48.44, 7, 10877, 1189, 715, P0, 0x0000000000000000
2026/09/19 11:08:03.071, 1, 79, 104.39, 100, 11582, 1126, 715, P0, 0x0000000000000020
2026/09/19 11:08:04.084, 0, 79, 126.73, 100, 10877, 1202, 715, P0, 0x0000000000000020
2026/09/19 11:08:04.088, 1, 79, 108.27, 100, 11582, 1126, 715, P0, 0x0000000000000020
2026/09/19 11:08:05.102, 0, 79, 130.69, 100, 10877, 1025, 715, P0, 0x0000000000000020
2026/09/19 11:08:05.112, 1, 79, 100.92, 100, 11582, 1113, 715, P0, 0x0000000000000000
2026/09/19 11:08:06.131, 0, 79, 112.98, 76, 10877, 1177, 715, P0, 0x0000000000000000
2026/09/19 11:08:06.134, 1, 79, 108.53, 100, 11582, 1139, 715, P0, 0x0000000000000000
2026/09/19 11:08:07.146, 0, 79, 117.47, 100, 10877, 1189, 715, P0, 0x0000000000000000
2026/09/19 11:08:07.150, 1, 79, 107.56, 100, 11582, 1139, 715, P0, 0x0000000000000000
2026/09/19 11:08:08.162, 0, 77, 48.14, 0, 10877, 1189, 715, P0, 0x0000000000000000
2026/09/19 11:08:08.166, 1, 79, 129.30, 100, 11582, 1189, 715, P0, 0x0000000000000000
2026/09/19 11:08:09.173, 0, 79, 122.02, 100, 10877, 1101, 715, P0, 0x0000000000000020
2026/09/19 11:08:09.176, 1, 79, 104.04, 100, 11582, 1126, 715, P0, 0x0000000000000020
2026/09/19 11:08:10.189, 0, 79, 48.19, 91, 10877, 1189, 715, P0, 0x0000000000000000
2026/09/19 11:08:10.192, 1, 79, 108.17, 100, 11582, 1139, 715, P0, 0x0000000000000000
2026/09/19 11:08:11.206, 0, 79, 122.02, 100, 10877, 1202, 715, P0, 0x0000000000000020
2026/09/19 11:08:11.209, 1, 79, 104.26, 100, 11582, 1139, 715, P0, 0x0000000000000000
2026/09/19 11:08:12.233, 0, 80, 125.26, 100, 10877, 1189, 715, P0, 0x0000000000000020
2026/09/19 11:08:12.239, 1, 79, 113.71, 100, 11582, 987, 715, P0, 0x0000000000000020
2026/09/19 11:08:13.246, 0, 78, 168.59, 0, 10877, 936, 715, P0, 0x0000000000000020
2026/09/19 11:08:13.254, 1, 79, 110.15, 100, 11582, 1063, 715, P0, 0x0000000000000000
2026/09/19 11:08:14.261, 0, 79, 111.25, 100, 10877, 987, 715, P0, 0x0000000000000000
2026/09/19 11:08:14.273, 1, 79, 108.14, 100, 11582, 1139, 715, P0, 0x0000000000000000
2026/09/19 11:08:15.289, 0, 79, 107.73, 100, 10877, 1012, 715, P0, 0x0000000000000020
2026/09/19 11:08:15.293, 1, 79, 107.37, 100, 11582, 1139, 715, P0, 0x0000000000000000
2026/09/19 11:08:16.301, 0, 79, 116.98, 100, 10877, 1177, 715, P0, 0x0000000000000020
2026/09/19 11:08:16.309, 1, 79, 108.29, 100, 11582, 1126, 715, P0, 0x0000000000000020
2026/09/19 11:08:17.330, 0, 79, 117.47, 100, 10877, 1189, 715, P0, 0x0000000000000000
2026/09/19 11:08:17.333, 1, 79, 111.90, 100, 11582, 1050, 715, P0, 0x0000000000000020
2026/09/19 11:08:18.343, 0, 79, 136.45, 91, 10877, 1177, 715, P0, 0x0000000000000020
2026/09/19 11:08:18.348, 1, 79, 102.76, 100, 11582, 1126, 715, P0, 0x0000000000000000
2026/09/19 11:08:19.371, 0, 79, 114.19, 100, 10877, 1164, 715, P0, 0x0000000000000020
2026/09/19 11:08:19.373, 1, 79, 104.53, 100, 11582, 1126, 715, P0, 0x0000000000000020
2026/09/19 11:08:20.383, 0, 78, 48.19, 0, 10877, 1189, 715, P0, 0x0000000000000000
2026/09/19 11:08:20.387, 1, 79, 108.23, 100, 11582, 1139, 715, P0, 0x0000000000000000
2026/09/19 11:08:21.395, 0, 79, 135.50, 100, 10877, 1240, 715, P0, 0x0000000000000020
2026/09/19 11:08:21.398, 1, 79, 108.24, 100, 11582, 1126, 715, P0, 0x0000000000000020
2026/09/19 11:08:22.411, 0, 79, 65.49, 100, 10877, 1189, 715, P0, 0x0000000000000000
2026/09/19 11:08:22.414, 1, 79, 104.70, 100, 11582, 1063, 715, P0, 0x0000000000000000
2026/09/19 11:08:23.425, 0, 78, 106.60, 92, 10877, 1088, 715, P0, 0x0000000000000000
2026/09/19 11:08:23.432, 1, 79, 104.38, 100, 11582, 1126, 715, P0, 0x0000000000000020
2026/09/19 11:08:24.443, 0, 79, 117.00, 100, 10877, 1189, 715, P0, 0x0000000000000000
2026/09/19 11:08:24.450, 1, 79, 103.80, 100, 11582, 1126, 715, P0, 0x0000000000000020
2026/09/19 11:08:25.473, 0, 78, 54.19, 0, 10877, 1303, 715, P0, 0x0000000000000000
2026/09/19 11:08:25.476, 1, 79, 108.39, 100, 11582, 1139, 715, P0, 0x0000000000000000
2026/09/19 11:08:26.487, 0, 80, 128.43, 100, 10877, 1227, 715, P0, 0x0000000000000020
2026/09/19 11:08:26.490, 1, 79, 104.91, 100, 11582, 1189, 715, P0, 0x0000000000000000
2026/09/19 11:08:27.503, 0, 79, 111.34, 100, 10877, 1037, 715, P0, 0x0000000000000000
2026/09/19 11:08:27.513, 1, 79, 100.29, 100, 11582, 1113, 715, P0, 0x0000000000000000
2026/09/19 11:08:28.531, 0, 79, 116.99, 64, 10877, 1189, 715, P0, 0x0000000000000000
2026/09/19 11:08:28.534, 1, 79, 107.63, 100, 11582, 1139, 715, P0, 0x0000000000000000
2026/09/19 11:08:29.545, 0, 80, 116.75, 100, 10877, 1177, 715, P0, 0x0000000000000020
2026/09/19 11:08:29.553, 1, 79, 107.63, 100, 11582, 1139, 715, P0, 0x0000000000000000
2026/09/19 11:08:30.574, 0, 78, 49.64, 0, 10877, 1215, 715, P0, 0x0000000000000000
2026/09/19 11:08:30.577, 1, 79, 110.32, 100, 11582, 1139, 715, P0, 0x0000000000000000
2026/09/19 11:08:31.592, 0, 79, 117.64, 100, 10877, 1189, 715, P0, 0x0000000000000000
2026/09/19 11:08:31.596, 1, 79, 132.99, 100, 11582, 1088, 715, P0, 0x0000000000000020
2026/09/19 11:08:32.606, 0, 79, 130.85, 100, 10877, 1075, 715, P0, 0x0000000000000020
2026/09/19 11:08:32.615, 1, 79, 103.55, 100, 11582, 1126, 715, P0, 0x0000000000000000
2026/09/19 11:08:33.632, 0, 79, 117.22, 100, 10877, 1189, 715, P0, 0x0000000000000000
2026/09/19 11:08:33.636, 1, 79, 108.53, 100, 11582, 1139, 715, P0, 0x0000000000000000
2026/09/19 11:08:34.646, 0, 80, 122.01, 100, 10877, 1202, 715, P0, 0x0000000000000020
2026/09/19 11:08:34.653, 1, 79, 108.28, 100, 11582, 1126, 715, P0, 0x0000000000000020
2026/09/19 11:08:35.661, 0, 78, 48.19, 0, 10877, 1189, 715, P0, 0x0000000000000000
2026/09/19 11:08:35.665, 1, 79, 108.47, 100, 11582, 1139, 715, P0, 0x0000000000000020
2026/09/19 11:08:36.678, 0, 80, 127.13, 100, 10877, 1202, 715, P0, 0x0000000000000020
2026/09/19 11:08:36.681, 1, 79, 86.67, 100, 11582, 1189, 715, P0, 0x0000000000000000
2026/09/19 11:08:37.694, 0, 79, 123.42, 100, 10877, 1037, 715, P0, 0x0000000000000020
2026/09/19 11:08:37.700, 1, 79, 98.10, 100, 11582, 1088, 715, P0, 0x0000000000000000
2026/09/19 11:08:38.709, 0, 79, 116.53, 52, 10877, 1139, 715, P0, 0x0000000000000000
2026/09/19 11:08:38.712, 1, 79, 104.53, 100, 11582, 1126, 715, P0, 0x0000000000000020
2026/09/19 11:08:39.737, 0, 79, 118.66, 100, 10877, 1189, 715, P0, 0x0000000000000000
2026/09/19 11:08:39.742, 1, 79, 107.80, 100, 11582, 1139, 715, P0, 0x0000000000000000
2026/09/19 11:08:40.753, 0, 78, 47.95, 0, 10877, 1189, 715, P0, 0x0000000000000000
2026/09/19 11:08:40.756, 1, 79, 108.90, 100, 11582, 1139, 715, P0, 0x0000000000000000
2026/09/19 11:08:41.767, 0, 79, 117.06, 100, 10877, 1177, 715, P0, 0x0000000000000020
2026/09/19 11:08:41.770, 1, 79, 104.52, 100, 11582, 1126, 715, P0, 0x0000000000000020
2026/09/19 11:08:42.779, 0, 79, 72.47, 100, 10877, 1189, 715, P0, 0x0000000000000000
2026/09/19 11:08:42.783, 1, 79, 109.69, 100, 11582, 1050, 715, P0, 0x0000000000000020
2026/09/19 11:08:43.792, 0, 79, 135.50, 56, 10877, 1189, 715, P0, 0x0000000000000000
2026/09/19 11:08:43.801, 1, 79, 100.86, 100, 11582, 1113, 715, P0, 0x0000000000000000
2026/09/19 11:08:44.808, 0, 79, 97.26, 100, 10877, 1075, 715, P0, 0x0000000000000000
2026/09/19 11:08:44.811, 1, 79, 110.57, 100, 11582, 1139, 715, P0, 0x0000000000000000
2026/09/19 11:08:45.826, 0, 78, 48.44, 26, 10877, 1189, 715, P0, 0x0000000000000000
2026/09/19 11:08:45.829, 1, 79, 108.47, 100, 11582, 1126, 715, P0, 0x0000000000000020
2026/09/19 11:08:46.842, 0, 79, 118.65, 100, 10877, 1189, 715, P0, 0x0000000000000020
2026/09/19 11:08:46.845, 1, 79, 108.83, 100, 11582, 1126, 715, P0, 0x0000000000000020
2026/09/19 11:08:47.855, 0, 80, 104.64, 100, 10877, 1101, 715, P0, 0x0000000000000020
2026/09/19 11:08:47.861, 1, 79, 114.35, 100, 11582, 1037, 715, P0, 0x0000000000000020
2026/09/19 11:08:48.869, 0, 78, 110.87, 0, 10877, 1290, 715, P0, 0x0000000000000000
2026/09/19 11:08:48.872, 1, 79, 111.24, 100, 11582, 1063, 715, P0, 0x0000000000000020
2026/09/19 11:08:49.883, 0, 80, 128.15, 100, 10877, 1126, 715, P0, 0x0000000000000020
2026/09/19 11:08:49.886, 1, 79, 108.75, 100, 11582, 1139, 715, P0, 0x0000000000000020
2026/09/19 11:08:50.897, 0, 78, 47.94, 100, 10877, 1189, 715, P0, 0x0000000000000000
2026/09/19 11:08:50.900, 1, 79, 110.32, 100, 11582, 1139, 715, P0, 0x0000000000000000
2026/09/19 11:08:51.909, 0, 79, 122.89, 100, 10877, 1202, 715, P0, 0x0000000000000020
2026/09/19 11:08:51.912, 1, 79, 110.90, 100, 11582, 1139, 715, P0, 0x0000000000000020
2026/09/19 11:08:52.933, 0, 80, 124.56, 100, 10877, 1189, 715, P0, 0x0000000000000020
2026/09/19 11:08:52.936, 1, 79, 110.58, 100, 11582, 1139, 715, P0, 0x0000000000000000
2026/09/19 11:08:53.941, 0, 78, 48.49, 0, 10877, 1202, 715, P0, 0x0000000000000000
2026/09/19 11:08:53.944, 1, 79, 70.93, 100, 11582, 1189, 715, P0, 0x0000000000000000
2026/09/19 11:08:54.956, 0, 79, 122.14, 100, 10877, 1227, 715, P0, 0x0000000000000000
2026/09/19 11:08:54.961, 1, 79, 107.96, 100, 11582, 835, 715, P0, 0x0000000000000020
2026/09/19 11:08:55.974, 0, 79, 108.79, 100, 10877, 1025, 715, P0, 0x0000000000000020
2026/09/19 11:08:55.977, 1, 79, 93.66, 100, 11582, 822, 715, P0, 0x0000000000000000
2026/09/19 11:08:56.988, 0, 77, 52.80, 0, 10877, 1290, 715, P0, 0x0000000000000000
2026/09/19 11:08:56.991, 1, 79, 93.13, 100, 11582, 835, 715, P0, 0x0000000000000020
2026/09/19 11:08:58.013, 0, 80, 137.13, 100, 10877, 1177, 715, P0, 0x0000000000000020
2026/09/19 11:08:58.016, 1, 79, 87.81, 100, 11582, 999, 715, P0, 0x0000000000000000
2026/09/19 11:08:59.029, 0, 79, 47.72, 78, 10877, 1189, 715, P0, 0x0000000000000000
2026/09/19 11:08:59.032, 1, 79, 95.55, 100, 11582, 1088, 715, P0, 0x0000000000000000
2026/09/19 11:09:00.045, 0, 78, 133.56, 82, 10877, 1139, 715, P0, 0x0000000000000020
2026/09/19 11:09:00.048, 1, 79, 99.72, 100, 11582, 1101, 715, P0, 0x0000000000000000
2026/09/19 11:09:01.058, 0, 79, 127.46, 100, 10877, 1215, 715, P0, 0x0000000000000000
2026/09/19 11:09:01.067, 1, 79, 100.91, 100, 11582, 1101, 715, P0, 0x0000000000000000
2026/09/19 11:09:02.072, 0, 78, 48.20, 0, 10877, 1189, 715, P0, 0x0000000000000000
2026/09/19 11:09:02.075, 1, 79, 101.32, 100, 11582, 1101, 715, P0, 0x0000000000000020
2026/09/19 11:09:03.086, 0, 79, 121.32, 100, 10877, 1202, 715, P0, 0x0000000000000000
2026/09/19 11:09:03.089, 1, 79, 101.46, 100, 11582, 1101, 715, P0, 0x0000000000000020
2026/09/19 11:09:04.103, 0, 80, 124.84, 100, 10877, 1189, 715, P0, 0x0000000000000020
2026/09/19 11:09:04.106, 1, 79, 100.67, 100, 11582, 1101, 715, P0, 0x0000000000000000
2026/09/19 11:09:05.118, 0, 78, 53.27, 0, 10877, 1290, 715, P0, 0x0000000000000000
2026/09/19 11:09:05.121, 1, 79, 104.13, 100, 11582, 1101, 715, P0, 0x0000000000000020
2026/09/19 11:09:06.130, 0, 80, 127.70, 100, 10877, 1215, 715, P0, 0x0000000000000000
2026/09/19 11:09:06.133, 1, 79, 104.01, 100, 11582, 1101, 715, P0, 0x0000000000000020
2026/09/19 11:09:07.143, 0, 79, 72.21, 100, 10877, 1189, 715, P0, 0x0000000000000000
2026/09/19 11:09:07.148, 1, 79, 104.64, 100, 11582, 949, 715, P0, 0x0000000000000020
2026/09/19 11:09:08.153, 0, 77, 47.96, 0, 10877, 1189, 715, P0, 0x0000000000000000
2026/09/19 11:09:08.156, 1, 79, 102.51, 100, 11582, 999, 715, P0, 0x0000000000000000
2026/09/19 11:09:09.170, 0, 80, 126.03, 100, 10877, 1113, 715, P0, 0x0000000000000020
2026/09/19 11:09:09.173, 1, 79, 102.09, 100, 11582, 1113, 715, P0, 0x0000000000000000
2026/09/19 11:09:10.188, 0, 79, 66.70, 100, 10877, 1012, 715, P0, 0x0000000000000000
2026/09/19 11:09:10.191, 1, 79, 103.41, 100, 11582, 1113, 715, P0, 0x0000000000000020
2026/09/19 11:09:11.204, 0, 79, 116.10, 100, 10877, 1189, 715, P0, 0x0000000000000000
2026/09/19 11:09:11.207, 1, 79, 102.62, 100, 11582, 1101, 715, P0, 0x0000000000000020
2026/09/19 11:09:12.223, 0, 79, 109.46, 100, 10877, 1139, 715, P0, 0x0000000000000000
2026/09/19 11:09:12.226, 1, 79, 104.31, 100, 11582, 1113, 715, P0, 0x0000000000000020
2026/09/19 11:09:13.237, 0, 78, 50.85, 0, 10877, 1240, 715, P0, 0x0000000000000000
2026/09/19 11:09:13.240, 1, 79, 101.06, 100, 11582, 1101, 715, P0, 0x0000000000000020
2026/09/19 11:09:14.252, 0, 79, 132.89, 100, 10877, 1227, 715, P0, 0x0000000000000020
2026/09/19 11:09:14.255, 1, 79, 100.40, 100, 11582, 1101, 715, P0, 0x0000000000000020
2026/09/19 11:09:15.281, 0, 79, 108.73, 100, 10877, 1101, 715, P0, 0x0000000000000020
2026/09/19 11:09:15.284, 1, 79, 103.40, 100, 11582, 1113, 715, P0, 0x0000000000000000
2026/09/19 11:09:16.293, 0, 77, 47.95, 0, 10877, 1189, 715, P0, 0x0000000000000000
2026/09/19 11:09:16.295, 1, 79, 102.22, 100, 11582, 1101, 715, P0, 0x0000000000000020
2026/09/19 11:09:17.311, 0, 79, 130.74, 100, 10877, 1227, 715, P0, 0x0000000000000000
2026/09/19 11:09:17.314, 1, 79, 102.32, 100, 11582, 1113, 715, P0, 0x0000000000000000
2026/09/19 11:09:18.326, 0, 79, 85.56, 100, 10877, 1189, 715, P0, 0x0000000000000000
2026/09/19 11:09:18.333, 1, 79, 102.64, 100, 11582, 987, 715, P0, 0x0000000000000000
2026/09/19 11:09:19.339, 0, 77, 48.19, 0, 10877, 1202, 715, P0, 0x0000000000000000
2026/09/19 11:09:19.342, 1, 79, 105.35, 100, 11582, 999, 715, P0, 0x0000000000000000
2026/09/19 11:09:20.351, 0, 79, 117.82, 100, 10877, 1088, 715, P0, 0x0000000000000000
2026/09/19 11:09:20.358, 1, 79, 99.30, 100, 11582, 1101, 715, P0, 0x0000000000000000
2026/09/19 11:09:21.381, 0, 79, 56.87, 86, 10877, 1215, 715, P0, 0x0000000000000020
2026/09/19 11:09:21.387, 1, 79, 100.77, 100, 11582, 1101, 715, P0, 0x0000000000000020
2026/09/19 11:09:22.399, 0, 79, 127.64, 100, 10877, 1202, 715, P0, 0x0000000000000000
2026/09/19 11:09:22.402, 1, 79, 100.91, 100, 11582, 1113, 715, P0, 0x0000000000000000
2026/09/19 11:09:23.411, 0, 79, 86.58, 100, 10877, 974, 715, P0, 0x0000000000000000
2026/09/19 11:09:23.419, 1, 79, 103.47, 100, 11582, 1113, 715, P0, 0x0000000000000020
2026/09/19 11:09:24.439, 0, 78, 46.29, 100, 10877, 1177, 715, P0, 0x0000000000000000
2026/09/19 11:09:24.442, 1, 79, 103.67, 100, 11582, 1113, 715, P0, 0x0000000000000020
2026/09/19 11:09:25.456, 0, 78, 116.76, 100, 10877, 1189, 715, P0, 0x0000000000000000
2026/09/19 11:09:25.459, 1, 79, 101.18, 100, 11582, 1113, 715, P0, 0x0000000000000000
2026/09/19 11:09:26.482, 0, 79, 117.96, 100, 10877, 1164, 715, P0, 0x0000000000000020
2026/09/19 11:09:26.485, 1, 79, 101.16, 100, 11582, 1101, 715, P0, 0x0000000000000000
2026/09/19 11:09:27.494, 0, 78, 47.95, 0, 10877, 1189, 715, P0, 0x0000000000000000
2026/09/19 11:09:27.497, 1, 79, 105.09, 100, 11582, 1101, 715, P0, 0x0000000000000020
2026/09/19 11:09:28.510, 0, 79, 139.25, 100, 10877, 1265, 715, P0, 0x0000000000000000
2026/09/19 11:09:28.513, 1, 79, 103.20, 100, 11582, 1088, 715, P0, 0x0000000000000020
2026/09/19 11:09:29.527, 0, 79, 109.57, 100, 10877, 1139, 715, P0, 0x0000000000000000
2026/09/19 11:09:29.535, 1, 79, 73.13, 100, 11582, 1101, 715, P0, 0x0000000000000000
2026/09/19 11:09:30.542, 0, 77, 47.74, 0, 10877, 1189, 715, P0, 0x0000000000000000
2026/09/19 11:09:30.547, 1, 79, 86.05, 100, 11582, 1101, 715, P0, 0x0000000000000020
2026/09/19 11:09:31.556, 0, 79, 135.53, 100, 10877, 1240, 715, P0, 0x0000000000000020
2026/09/19 11:09:31.559, 1, 79, 100.64, 100, 11582, 1088, 715, P0, 0x0000000000000020
2026/09/19 11:09:32.584, 0, 79, 135.74, 100, 10877, 1139, 715, P0, 0x0000000000000020
2026/09/19 11:09:32.594, 1, 79, 103.95, 100, 11582, 961, 715, P0, 0x0000000000000020
2026/09/19 11:09:33.614, 0, 77, 47.50, 0, 10877, 1189, 715, P0, 0x0000000000000000
2026/09/19 11:09:33.617, 1, 79, 106.32, 100, 11582, 999, 715, P0, 0x0000000000000020
2026/09/19 11:09:34.627, 0, 80, 148.13, 100, 10877, 1202, 715, P0, 0x0000000000000000
2026/09/19 11:09:34.633, 1, 79, 100.96, 100, 11582, 1113, 715, P0, 0x0000000000000000
2026/09/19 11:09:35.640, 0, 79, 64.09, 100, 10877, 1063, 715, P0, 0x0000000000000020
2026/09/19 11:09:35.643, 1, 79, 103.65, 100, 11582, 1126, 715, P0, 0x0000000000000020
2026/09/19 11:09:36.653, 0, 79, 120.12, 96, 10877, 1189, 715, P0, 0x0000000000000000
2026/09/19 11:09:36.656, 1, 79, 104.04, 100, 11582, 1113, 715, P0, 0x0000000000000020
2026/09/19 11:09:37.668, 0, 79, 117.70, 100, 10877, 1189, 715, P0, 0x0000000000000020
2026/09/19 11:09:37.674, 1, 79, 104.28, 100, 11582, 1126, 715, P0, 0x0000000000000020
2026/09/19 11:09:38.680, 0, 78, 48.44, 26, 10877, 1189, 715, P0, 0x0000000000000000
2026/09/19 11:09:38.683, 1, 79, 107.99, 100, 11582, 1126, 715, P0, 0x0000000000000020
2026/09/19 11:09:39.694, 0, 79, 130.00, 100, 10877, 1240, 715, P0, 0x0000000000000000
2026/09/19 11:09:39.697, 1, 79, 108.25, 100, 11582, 1126, 715, P0, 0x0000000000000020
2026/09/19 11:09:40.705, 0, 80, 104.89, 100, 10877, 1101, 715, P0, 0x0000000000000020
2026/09/19 11:09:40.714, 1, 79, 108.38, 100, 11582, 1126, 715, P0, 0x0000000000000020
2026/09/19 11:09:41.719, 0, 78, 47.95, 0, 10877, 1189, 715, P0, 0x0000000000000000
2026/09/19 11:09:41.722, 1, 79, 108.71, 100, 11582, 1139, 715, P0, 0x0000000000000000
2026/09/19 11:09:42.728, 0, 79, 131.42, 100, 10877, 1227, 715, P0, 0x0000000000000020
2026/09/19 11:09:42.733, 1, 79, 108.25, 100, 11582, 1126, 715, P0, 0x0000000000000020
2026/09/19 11:09:43.737, 0, 79, 110.06, 100, 10877, 1139, 715, P0, 0x0000000000000000
2026/09/19 11:09:43.740, 1, 79, 72.89, 100, 11582, 1189, 715, P0, 0x0000000000000000
2026/09/19 11:09:44.752, 0, 77, 48.03, 0, 10877, 1189, 715, P0, 0x0000000000000000
2026/09/19 11:09:44.755, 1, 79, 71.63, 100, 11582, 1189, 715, P0, 0x0000000000000000
2026/09/19 11:09:45.765, 0, 80, 136.24, 100, 10877, 1240, 715, P0, 0x0000000000000020
2026/09/19 11:09:45.768, 1, 79, 106.32, 100, 11582, 1189, 715, P0, 0x0000000000000000
2026/09/19 11:09:46.786, 0, 79, 68.38, 100, 10877, 1189, 715, P0, 0x0000000000000000
2026/09/19 11:09:46.789, 1, 79, 109.22, 100, 11582, 1050, 715, P0, 0x0000000000000000
2026/09/19 11:09:47.800, 0, 78, 136.42, 26, 10877, 1177, 715, P0, 0x0000000000000020
2026/09/19 11:09:47.803, 1, 79, 110.99, 100, 11582, 1050, 715, P0, 0x0000000000000020
2026/09/19 11:09:48.818, 0, 79, 99.69, 100, 10877, 873, 715, P0, 0x0000000000000020
2026/09/19 11:09:48.822, 1, 79, 103.92, 100, 11582, 1139, 715, P0, 0x0000000000000000
2026/09/19 11:09:49.844, 0, 79, 101.56, 100, 10877, 860, 715, P0, 0x0000000000000020
2026/09/19 11:09:49.847, 1, 79, 104.46, 100, 11582, 1126, 715, P0, 0x0000000000000020
2026/09/19 11:09:50.852, 0, 78, 105.86, 100, 10877, 1139, 715, P0, 0x0000000000000000
2026/09/19 11:09:50.861, 1, 79, 104.12, 100, 11582, 1126, 715, P0, 0x0000000000000020
2026/09/19 11:09:51.882, 0, 79, 116.98, 100, 10877, 1189, 715, P0, 0x0000000000000000
2026/09/19 11:09:51.886, 1, 79, 107.87, 100, 11582, 1126, 715, P0, 0x0000000000000020
2026/09/19 11:09:52.894, 0, 78, 49.64, 41, 10877, 1227, 715, P0, 0x0000000000000000
2026/09/19 11:09:52.897, 1, 79, 107.99, 100, 11582, 1126, 715, P0, 0x0000000000000000
2026/09/19 11:09:53.907, 0, 79, 138.43, 100, 10877, 1278, 715, P0, 0x0000000000000020
2026/09/19 11:09:53.910, 1, 79, 108.15, 100, 11582, 1126, 715, P0, 0x0000000000000020
2026/09/19 11:09:54.921, 0, 79, 118.36, 100, 10877, 1177, 715, P0, 0x0000000000000020
2026/09/19 11:09:54.924, 1, 79, 104.69, 100, 11582, 1126, 715, P0, 0x0000000000000000
2026/09/19 11:09:55.933, 0, 78, 48.19, 0, 10877, 1189, 715, P0, 0x0000000000000000
2026/09/19 11:09:55.937, 1, 79, 108.17, 100, 11582, 1126, 715, P0, 0x0000000000000020
2026/09/19 11:09:56.948, 0, 79, 143.71, 100, 10877, 1278, 715, P0, 0x0000000000000020
2026/09/19 11:09:56.951, 1, 79, 103.92, 100, 11582, 1126, 715, P0, 0x0000000000000000
2026/09/19 11:09:57.960, 0, 80, 114.88, 100, 10877, 1151, 715, P0, 0x0000000000000020
2026/09/19 11:09:57.964, 1, 79, 108.61, 100, 11582, 1126, 715, P0, 0x0000000000000020
2026/09/19 11:09:58.972, 0, 78, 53.24, 0, 10877, 1290, 715, P0, 0x0000000000000000
2026/09/19 11:09:58.976, 1, 79, 108.64, 100, 11582, 1126, 715, P0, 0x0000000000000020
2026/09/19 11:09:59.986, 0, 80, 136.61, 100, 10877, 1240, 715, P0, 0x0000000000000020
2026/09/19 11:09:59.989, 1, 79, 108.42, 100, 11582, 1126, 715, P0, 0x0000000000000020
2026/09/19 11:10:01.001, 0, 79, 103.91, 100, 10877, 1075, 715, P0, 0x0000000000000020
2026/09/19 11:10:01.004, 1, 79, 121.43, 100, 11582, 1050, 715, P0, 0x0000000000000020
2026/09/19 11:10:02.016, 0, 77, 47.67, 0, 10877, 1189, 715, P0, 0x0000000000000000
2026/09/19 11:10:02.019, 1, 79, 115.49, 100, 11582, 999, 715, P0, 0x0000000000000020
2026/09/19 11:10:03.048, 0, 79, 86.77, 100, 10877, 1177, 715, P0, 0x0000000000000020
2026/09/19 11:10:03.052, 1, 79, 118.05, 100, 11582, 1037, 715, P0, 0x0000000000000020
2026/09/19 11:10:04.066, 0, 79, 117.45, 100, 10877, 1189, 715, P0, 0x0000000000000000
2026/09/19 11:10:04.072, 1, 79, 111.14, 100, 11582, 1063, 715, P0, 0x0000000000000000
2026/09/19 11:10:05.079, 0, 78, 154.96, 0, 10877, 1189, 715, P0, 0x0000000000000020
2026/09/19 11:10:05.084, 1, 79, 111.58, 100, 11582, 1037, 715, P0, 0x0000000000000020
2026/09/19 11:10:06.091, 0, 79, 115.88, 100, 10877, 1075, 715, P0, 0x0000000000000020
2026/09/19 11:10:06.094, 1, 79, 103.87, 100, 11582, 1126, 715, P0, 0x0000000000000020
2026/09/19 11:10:07.107, 0, 79, 106.90, 100, 10877, 974, 715, P0, 0x0000000000000000
2026/09/19 11:10:07.110, 1, 79, 103.90, 100, 11582, 1126, 715, P0, 0x0000000000000020
2026/09/19 11:10:08.119, 0, 78, 132.61, 42, 10877, 1126, 715, P0, 0x0000000000000020
2026/09/19 11:10:08.122, 1, 79, 103.00, 100, 11582, 1126, 715, P0, 0x0000000000000000
2026/09/19 11:10:09.146, 0, 80, 107.36, 100, 10877, 1063, 715, P0, 0x0000000000000020
2026/09/19 11:10:09.149, 1, 79, 108.14, 100, 11582, 1139, 715, P0, 0x0000000000000000
2026/09/19 11:10:10.160, 0, 79, 48.19, 100, 10877, 1189, 715, P0, 0x0000000000000000
2026/09/19 11:10:10.163, 1, 79, 108.90, 100, 11582, 1126, 715, P0, 0x0000000000000020
2026/09/19 11:10:11.174, 0, 79, 123.38, 90, 10877, 1189, 715, P0, 0x0000000000000000
2026/09/19 11:10:11.179, 1, 79, 107.56, 100, 11582, 1126, 715, P0, 0x0000000000000020
2026/09/19 11:10:12.203, 0, 79, 117.06, 100, 10877, 1177, 715, P0, 0x0000000000000020
2026/09/19 11:10:12.205, 1, 79, 104.27, 100, 11582, 1126, 715, P0, 0x0000000000000020
2026/09/19 11:10:13.216, 0, 78, 49.15, 0, 10877, 1189, 715, P0, 0x0000000000000000
2026/09/19 11:10:13.219, 1, 79, 108.40, 100, 11582, 1126, 715, P0, 0x0000000000000020
2026/09/19 11:10:14.228, 0, 79, 129.27, 100, 10877, 1240, 715, P0, 0x0000000000000000
2026/09/19 11:10:14.231, 1, 79, 107.06, 100, 11582, 1126, 715, P0, 0x0000000000000020
2026/09/19 11:10:15.243, 0, 79, 123.85, 100, 10877, 1189, 715, P0, 0x0000000000000020
2026/09/19 11:10:15.246, 1, 79, 108.51, 100, 11582, 1126, 715, P0, 0x0000000000000020
2026/09/19 11:10:16.259, 0, 78, 48.19, 0, 10877, 1189, 715, P0, 0x0000000000000000
2026/09/19 11:10:16.262, 1, 79, 104.87, 100, 11582, 1139, 715, P0, 0x0000000000000000
2026/09/19 11:10:17.284, 0, 80, 144.39, 100, 10877, 1303, 715, P0, 0x0000000000000020
2026/09/19 11:10:17.287, 1, 79, 108.87, 100, 11582, 1126, 715, P0, 0x0000000000000020
2026/09/19 11:10:18.297, 0, 79, 117.22, 100, 10877, 1189, 715, P0, 0x0000000000000000
2026/09/19 11:10:18.301, 1, 79, 108.29, 100, 11582, 1126, 715, P0, 0x0000000000000020
2026/09/19 11:10:19.312, 0, 78, 53.47, 0, 10877, 1290, 715, P0, 0x0000000000000000
2026/09/19 11:10:19.318, 1, 79, 108.15, 100, 11582, 1126, 715, P0, 0x0000000000000020
2026/09/19 11:10:20.327, 0, 79, 125.29, 100, 10877, 1189, 715, P0, 0x0000000000000020
2026/09/19 11:10:20.330, 1, 79, 108.27, 100, 11582, 1126, 715, P0, 0x0000000000000020
2026/09/19 11:10:21.343, 0, 79, 97.03, 100, 10877, 1063, 715, P0, 0x0000000000000020
2026/09/19 11:10:21.346, 1, 79, 107.70, 100, 11582, 1126, 715, P0, 0x0000000000000020
2026/09/19 11:10:22.360, 0, 78, 53.72, 0, 10877, 1303, 715, P0, 0x0000000000000000
2026/09/19 11:10:22.363, 1, 79, 110.31, 100, 11582, 1126, 715, P0, 0x0000000000000020
2026/09/19 11:10:23.372, 0, 79, 120.10, 100, 10877, 1189, 715, P0, 0x0000000000000020
2026/09/19 11:10:23.379, 1, 79, 104.27, 100, 11582, 1126, 715, P0, 0x0000000000000020
2026/09/19 11:10:24.401, 0, 79, 112.99, 100, 10877, 1139, 715, P0, 0x0000000000000020
2026/09/19 11:10:24.404, 1, 79, 104.05, 100, 11582, 1126, 715, P0, 0x0000000000000020
2026/09/19 11:10:25.416, 0, 77, 47.95, 0, 10877, 1189, 715, P0, 0x0000000000000000
2026/09/19 11:10:25.420, 1, 79, 108.41, 100, 11582, 1126, 715, P0, 0x0000000000000020
2026/09/19 11:10:26.432, 0, 80, 136.22, 100, 10877, 1240, 715, P0, 0x0000000000000020
2026/09/19 11:10:26.435, 1, 79, 104.65, 100, 11582, 1126, 715, P0, 0x0000000000000020
2026/09/19 11:10:27.447, 0, 80, 124.33, 100, 10877, 1189, 715, P0, 0x0000000000000020
2026/09/19 11:10:27.451, 1, 79, 107.55, 100, 11582, 1139, 715, P0, 0x0000000000000000
2026/09/19 11:10:28.464, 0, 77, 47.95, 0, 10877, 1189, 715, P0, 0x0000000000000000
2026/09/19 11:10:28.467, 1, 79, 108.23, 100, 11582, 1126, 715, P0, 0x0000000000000020
2026/09/19 11:10:29.475, 0, 79, 128.17, 100, 10877, 1227, 715, P0, 0x0000000000000000
2026/09/19 11:10:29.484, 1, 79, 104.43, 100, 11582, 1126, 715, P0, 0x0000000000000000
2026/09/19 11:10:30.505, 0, 80, 119.24, 100, 10877, 1189, 715, P0, 0x0000000000000000
2026/09/19 11:10:30.508, 1, 79, 88.84, 100, 11582, 1126, 715, P0, 0x0000000000000020
2026/09/19 11:10:31.518, 0, 77, 47.71, 0, 10877, 1189, 715, P0, 0x0000000000000000
2026/09/19 11:10:31.523, 1, 79, 104.15, 100, 11582, 1126, 715, P0, 0x0000000000000020
2026/09/19 11:10:32.534, 0, 79, 128.65, 100, 10877, 1227, 715, P0, 0x0000000000000020
2026/09/19 11:10:32.537, 1, 79, 104.72, 100, 11582, 1126, 715, P0, 0x0000000000000020
2026/09/19 11:10:33.548, 0, 80, 104.61, 100, 10877, 1101, 715, P0, 0x0000000000000020
2026/09/19 11:10:33.552, 1, 79, 72.18, 100, 11582, 1189, 715, P0, 0x0000000000000000
2026/09/19 11:10:34.563, 0, 77, 47.94, 0, 10877, 1189, 715, P0, 0x0000000000000000
2026/09/19 11:10:34.567, 1, 79, 108.47, 100, 11582, 1126, 715, P0, 0x0000000000000020
2026/09/19 11:10:35.578, 0, 80, 135.65, 100, 10877, 1240, 715, P0, 0x0000000000000020
2026/09/19 11:10:35.581, 1, 79, 108.72, 100, 11582, 1126, 715, P0, 0x0000000000000020
2026/09/19 11:10:36.591, 0, 80, 117.82, 100, 10877, 1189, 715, P0, 0x0000000000000000
2026/09/19 11:10:36.595, 1, 79, 98.58, 100, 11582, 1189, 715, P0, 0x0000000000000000
2026/09/19 11:10:37.607, 0, 77, 48.19, 0, 10877, 1202, 715, P0, 0x0000000000000000
2026/09/19 11:10:37.610, 1, 79, 108.47, 100, 11582, 1126, 715, P0, 0x0000000000000020
2026/09/19 11:10:38.618, 0, 79, 127.44, 100, 10877, 1227, 715, P0, 0x0000000000000020
2026/09/19 11:10:38.627, 1, 79, 108.75, 100, 11582, 1126, 715, P0, 0x0000000000000020
2026/09/19 11:10:39.631, 0, 79, 114.52, 100, 10877, 1113, 715, P0, 0x0000000000000020
2026/09/19 11:10:39.634, 1, 79, 102.86, 100, 11582, 1189, 715, P0, 0x0000000000000000
2026/09/19 11:10:40.642, 0, 77, 47.71, 0, 10877, 1189, 715, P0, 0x0000000000000000
2026/09/19 11:10:40.648, 1, 79, 108.47, 100, 11582, 1126, 715, P0, 0x0000000000000020
2026/09/19 11:10:41.656, 0, 80, 128.39, 100, 10877, 1227, 715, P0, 0x0000000000000020
2026/09/19 11:10:41.659, 1, 79, 108.49, 100, 11582, 1126, 715, P0, 0x0000000000000020
2026/09/19 11:10:42.683, 0, 79, 115.75, 100, 10877, 1139, 715, P0, 0x0000000000000020
2026/09/19 11:10:42.691, 1, 79, 126.98, 100, 11582, 1139, 715, P0, 0x0000000000000020
2026/09/19 11:10:43.697, 0, 77, 47.74, 0, 10877, 1189, 715, P0, 0x0000000000000000
2026/09/19 11:10:43.700, 1, 79, 83.64, 100, 11582, 1151, 715, P0, 0x0000000000000000
2026/09/19 11:10:44.709, 0, 80, 128.80, 100, 10877, 1227, 715, P0, 0x0000000000000020
2026/09/19 11:10:44.712, 1, 79, 108.73, 100, 11582, 1126, 715, P0, 0x0000000000000000
2026/09/19 11:10:45.720, 0, 79, 114.66, 100, 10877, 1164, 715, P0, 0x0000000000000020
2026/09/19 11:10:45.725, 1, 79, 117.32, 100, 11582, 1189, 715, P0, 0x0000000000000000
2026/09/19 11:10:46.737, 0, 77, 51.33, 0, 10877, 1252, 715, P0, 0x0000000000000000
2026/09/19 11:10:46.741, 1, 79, 98.18, 100, 11582, 1126, 715, P0, 0x0000000000000020
2026/09/19 11:10:47.754, 0, 80, 135.75, 100, 10877, 1240, 715, P0, 0x0000000000000020
2026/09/19 11:10:47.757, 1, 79, 105.38, 100, 11582, 1113, 715, P0, 0x0000000000000020
2026/09/19 11:10:48.765, 0, 79, 109.36, 100, 10877, 1126, 715, P0, 0x0000000000000020
2026/09/19 11:10:48.772, 1, 79, 72.16, 100, 11582, 1189, 715, P0, 0x0000000000000000
2026/09/19 11:10:49.782, 0, 77, 47.47, 0, 10877, 1189, 715, P0, 0x0000000000000000
2026/09/19 11:10:49.785, 1, 79, 108.47, 100, 11582, 1126, 715, P0, 0x0000000000000020
2026/09/19 11:10:50.795, 0, 80, 133.82, 100, 10877, 1227, 715, P0, 0x0000000000000020
2026/09/19 11:10:50.798, 1, 79, 108.24, 100, 11582, 1126, 715, P0, 0x0000000000000000
2026/09/19 11:10:51.809, 0, 79, 107.76, 100, 10877, 1113, 715, P0, 0x0000000000000020
2026/09/19 11:10:51.819, 1, 79, 108.62, 100, 11582, 1126, 715, P0, 0x0000000000000020
2026/09/19 11:10:52.838, 0, 78, 53.95, 0, 10877, 1303, 715, P0, 0x0000000000000000
2026/09/19 11:10:52.841, 1, 79, 108.39, 100, 11582, 1126, 715, P0, 0x0000000000000020
2026/09/19 11:10:53.851, 0, 79, 127.37, 100, 10877, 1202, 715, P0, 0x0000000000000020
2026/09/19 11:10:53.856, 1, 79, 104.43, 100, 11582, 1126, 715, P0, 0x0000000000000000
2026/09/19 11:10:54.864, 0, 79, 99.67, 100, 10877, 1075, 715, P0, 0x0000000000000020
2026/09/19 11:10:54.867, 1, 79, 108.40, 100, 11582, 1126, 715, P0, 0x0000000000000000
2026/09/19 11:10:55.878, 0, 77, 52.54, 0, 10877, 1278, 715, P0, 0x0000000000000000
2026/09/19 11:10:55.881, 1, 79, 107.97, 100, 11582, 1126, 715, P0, 0x0000000000000000
2026/09/19 11:10:56.889, 0, 79, 126.73, 100, 10877, 1202, 715, P0, 0x0000000000000020
2026/09/19 11:10:56.892, 1, 79, 104.50, 100, 11582, 1113, 715, P0, 0x0000000000000020
2026/09/19 11:10:57.904, 0, 80, 128.17, 100, 10877, 1202, 715, P0, 0x0000000000000020
2026/09/19 11:10:57.907, 1, 79, 104.72, 100, 11582, 1126, 715, P0, 0x0000000000000000
2026/09/19 11:10:58.920, 0, 78, 51.82, 0, 10877, 1265, 715, P0, 0x0000000000000000
2026/09/19 11:10:58.923, 1, 79, 104.37, 100, 11582, 1126, 715, P0, 0x0000000000000000
2026/09/19 11:10:59.935, 0, 79, 135.74, 100, 10877, 1252, 715, P0, 0x0000000000000000
2026/09/19 11:10:59.939, 1, 79, 105.13, 100, 11582, 1113, 715, P0, 0x0000000000000020
2026/09/19 11:11:00.949, 0, 80, 114.67, 100, 10877, 1113, 715, P0, 0x0000000000000020
2026/09/19 11:11:00.952, 1, 79, 104.06, 100, 11582, 1113, 715, P0, 0x0000000000000020
2026/09/19 11:11:01.960, 0, 78, 47.95, 0, 10877, 1189, 715, P0, 0x0000000000000000
2026/09/19 11:11:01.963, 1, 79, 108.47, 100, 11582, 1126, 715, P0, 0x0000000000000020
2026/09/19 11:11:02.971, 0, 79, 137.82, 100, 10877, 1252, 715, P0, 0x0000000000000000
2026/09/19 11:11:02.978, 1, 79, 104.42, 100, 11582, 1126, 715, P0, 0x0000000000000000
2026/09/19 11:11:03.983, 0, 80, 121.29, 100, 10877, 1177, 715, P0, 0x0000000000000020
2026/09/19 11:11:03.986, 1, 79, 108.33, 100, 11582, 1126, 715, P0, 0x0000000000000020
2026/09/19 11:11:04.996, 0, 78, 48.19, 10, 10877, 1189, 715, P0, 0x0000000000000000
2026/09/19 11:11:04.999, 1, 79, 108.65, 100, 11582, 1139, 715, P0, 0x0000000000000000
2026/09/19 11:11:06.012, 0, 79, 132.16, 100, 10877, 1227, 715, P0, 0x0000000000000000
2026/09/19 11:11:06.017, 1, 79, 104.43, 100, 11582, 1113, 715, P0, 0x0000000000000020
2026/09/19 11:11:07.024, 0, 79, 117.22, 100, 10877, 1189, 715, P0, 0x0000000000000000
2026/09/19 11:11:07.027, 1, 79, 108.77, 100, 11582, 1126, 715, P0, 0x0000000000000020
2026/09/19 11:11:08.045, 0, 78, 51.82, 0, 10877, 1252, 715, P0, 0x0000000000000000
2026/09/19 11:11:08.048, 1, 79, 103.65, 100, 11582, 1113, 715, P0, 0x0000000000000020
2026/09/19 11:11:09.062, 0, 79, 122.24, 100, 10877, 1215, 715, P0, 0x0000000000000000
2026/09/19 11:11:09.065, 1, 79, 109.00, 100, 11582, 1101, 715, P0, 0x0000000000000020
2026/09/19 11:11:10.074, 0, 79, 125.29, 100, 10877, 1215, 715, P0, 0x0000000000000000
2026/09/19 11:11:10.080, 1, 79, 108.03, 100, 11582, 1126, 715, P0, 0x0000000000000020
2026/09/19 11:11:11.089, 0, 79, 53.24, 58, 10877, 1303, 715, P0, 0x0000000000000000
2026/09/19 11:11:11.091, 1, 79, 105.75, 100, 11582, 1126, 715, P0, 0x0000000000000020
2026/09/19 11:11:12.102, 0, 79, 118.92, 100, 10877, 1189, 715, P0, 0x0000000000000000
2026/09/19 11:11:12.106, 1, 79, 103.78, 100, 11582, 1126, 715, P0, 0x0000000000000000
2026/09/19 11:11:13.121, 0, 79, 108.75, 100, 10877, 1113, 715, P0, 0x0000000000000000
2026/09/19 11:11:13.127, 1, 79, 104.32, 100, 11582, 1126, 715, P0, 0x0000000000000000
2026/09/19 11:11:14.135, 0, 79, 108.04, 100, 10877, 1025, 715, P0, 0x0000000000000020
2026/09/19 11:11:14.138, 1, 79, 104.39, 100, 11582, 1126, 715, P0, 0x0000000000000020
2026/09/19 11:11:15.148, 0, 78, 136.71, 32, 10877, 1164, 715, P0, 0x0000000000000020
2026/09/19 11:11:15.153, 1, 79, 95.40, 100, 11582, 1063, 715, P0, 0x0000000000000000
2026/09/19 11:11:16.160, 0, 79, 125.76, 100, 10877, 1126, 715, P0, 0x0000000000000020
2026/09/19 11:11:16.171, 1, 79, 103.71, 100, 11582, 1126, 715, P0, 0x0000000000000020
2026/09/19 11:11:17.188, 0, 79, 108.78, 100, 10877, 987, 715, P0, 0x0000000000000000
2026/09/19 11:11:17.195, 1, 79, 97.96, 100, 11582, 1050, 715, P0, 0x0000000000000000
2026/09/19 11:11:18.203, 0, 77, 94.46, 0, 10877, 1189, 715, P0, 0x0000000000000000
2026/09/19 11:11:18.206, 1, 79, 107.18, 100, 11582, 1050, 715, P0, 0x0000000000000020
2026/09/19 11:11:19.218, 0, 79, 129.71, 100, 10877, 1189, 715, P0, 0x0000000000000000
2026/09/19 11:11:19.221, 1, 79, 112.00, 100, 11582, 1012, 715, P0, 0x0000000000000020
2026/09/19 11:11:20.238, 0, 79, 102.02, 100, 10877, 1101, 715, P0, 0x0000000000000000
2026/09/19 11:11:20.241, 1, 79, 107.96, 100, 11582, 1037, 715, P0, 0x0000000000000000
2026/09/19 11:11:21.263, 0, 77, 47.46, 0, 10877, 1189, 715, P0, 0x0000000000000000
2026/09/19 11:11:21.269, 1, 79, 120.59, 100, 11582, 1050, 715, P0, 0x0000000000000020
2026/09/19 11:11:22.276, 0, 80, 133.11, 100, 10877, 1227, 715, P0, 0x0000000000000020
2026/09/19 11:11:22.279, 1, 79, 103.93, 100, 11582, 1113, 715, P0, 0x0000000000000020
2026/09/19 11:11:23.292, 0, 79, 104.14, 100, 10877, 1075, 715, P0, 0x0000000000000020
2026/09/19 11:11:23.295, 1, 79, 70.97, 100, 11582, 1189, 715, P0, 0x0000000000000000
2026/09/19 11:11:24.306, 0, 77, 53.02, 0, 10877, 1290, 715, P0, 0x0000000000000000
2026/09/19 11:11:24.309, 1, 79, 108.88, 100, 11582, 1126, 715, P0, 0x0000000000000020
2026/09/19 11:11:25.318, 0, 79, 126.97, 100, 10877, 1215, 715, P0, 0x0000000000000000
2026/09/19 11:11:25.321, 1, 79, 108.75, 100, 11582, 1126, 715, P0, 0x0000000000000000
2026/09/19 11:11:26.330, 0, 79, 109.93, 100, 10877, 1139, 715, P0, 0x0000000000000000
2026/09/19 11:11:26.334, 1, 79, 108.38, 100, 11582, 1126, 715, P0, 0x0000000000000020
2026/09/19 11:11:27.348, 0, 78, 53.76, 0, 10877, 1303, 715, P0, 0x0000000000000000
2026/09/19 11:11:27.351, 1, 79, 105.08, 100, 11582, 1113, 715, P0, 0x0000000000000020
2026/09/19 11:11:28.362, 0, 79, 135.74, 100, 10877, 1240, 715, P0, 0x0000000000000020
2026/09/19 11:11:28.367, 1, 79, 104.23, 100, 11582, 1126, 715, P0, 0x0000000000000000
2026/09/19 11:11:29.379, 0, 79, 109.21, 100, 10877, 1126, 715, P0, 0x0000000000000020
2026/09/19 11:11:29.382, 1, 79, 108.14, 100, 11582, 1126, 715, P0, 0x0000000000000020
2026/09/19 11:11:30.394, 0, 78, 48.19, 0, 10877, 1189, 715, P0, 0x0000000000000000
2026/09/19 11:11:30.397, 1, 79, 108.64, 100, 11582, 1126, 715, P0, 0x0000000000000020
2026/09/19 11:11:31.422, 0, 79, 141.16, 100, 10877, 1265, 715, P0, 0x0000000000000000
2026/09/19 11:11:31.427, 1, 79, 103.92, 100, 11582, 1126, 715, P0, 0x0000000000000000
2026/09/19 11:11:32.438, 0, 79, 123.64, 100, 10877, 1189, 715, P0, 0x0000000000000020
2026/09/19 11:11:32.441, 1, 79, 104.01, 100, 11582, 1126, 715, P0, 0x0000000000000000
2026/09/19 11:11:33.453, 0, 78, 48.44, 96, 10877, 1189, 715, P0, 0x0000000000000000
2026/09/19 11:11:33.456, 1, 79, 108.71, 100, 11582, 1126, 715, P0, 0x0000000000000020
2026/09/19 11:11:34.466, 0, 79, 117.30, 100, 10877, 1215, 715, P0, 0x0000000000000000
2026/09/19 11:11:34.473, 1, 79, 104.28, 100, 11582, 1126, 715, P0, 0x0000000000000000
2026/09/19 11:11:35.479, 0, 79, 126.21, 100, 10877, 1101, 715, P0, 0x0000000000000020
2026/09/19 11:11:35.482, 1, 79, 107.40, 100, 11582, 1126, 715, P0, 0x0000000000000020
2026/09/19 11:11:36.492, 0, 79, 111.39, 100, 10877, 1050, 715, P0, 0x0000000000000020
2026/09/19 11:11:36.495, 1, 79, 103.59, 100, 11582, 1113, 715, P0, 0x0000000000000020
2026/09/19 11:11:37.504, 0, 77, 153.99, 15, 10877, 1227, 715, P0, 0x0000000000000020
2026/09/19 11:11:37.508, 1, 79, 106.47, 100, 11582, 1050, 715, P0, 0x0000000000000020
2026/09/19 11:11:38.522, 0, 79, 150.54, 100, 10877, 1189, 715, P0, 0x0000000000000020
2026/09/19 11:11:38.525, 1, 79, 107.72, 100, 11582, 974, 715, P0, 0x0000000000000020
2026/09/19 11:11:39.536, 0, 79, 108.48, 100, 10877, 1126, 715, P0, 0x0000000000000020
2026/09/19 11:11:39.539, 1, 79, 108.85, 100, 11582, 1050, 715, P0, 0x0000000000000000
2026/09/19 11:11:40.565, 0, 77, 51.05, 0, 10877, 1252, 715, P0, 0x0000000000000000
2026/09/19 11:11:40.568, 1, 79, 124.11, 100, 11582, 1189, 715, P0, 0x0000000000000000
2026/09/19 11:11:41.575, 0, 80, 135.99, 100, 10877, 1240, 715, P0, 0x0000000000000020
2026/09/19 11:11:41.578, 1, 79, 104.41, 100, 11582, 1126, 715, P0, 0x0000000000000000
2026/09/19 11:11:42.601, 0, 79, 111.81, 100, 10877, 1126, 715, P0, 0x0000000000000020
2026/09/19 11:11:42.605, 1, 79, 104.29, 100, 11582, 1126, 715, P0, 0x0000000000000000
2026/09/19 11:11:43.615, 0, 77, 47.71, 0, 10877, 1189, 715, P0, 0x0000000000000000
2026/09/19 11:11:43.618, 1, 79, 105.11, 100, 11582, 1113, 715, P0, 0x0000000000000020
2026/09/19 11:11:44.640, 0, 80, 135.89, 100, 10877, 1252, 715, P0, 0x0000000000000000
2026/09/19 11:11:44.643, 1, 79, 108.18, 100, 11582, 1126, 715, P0, 0x0000000000000020
2026/09/19 11:11:45.652, 0, 79, 103.46, 100, 10877, 1113, 715, P0, 0x0000000000000000
2026/09/19 11:11:45.659, 1, 79, 104.32, 100, 11582, 1126, 715, P0, 0x0000000000000020
2026/09/19 11:11:46.678, 0, 78, 50.37, 0, 10877, 1240, 715, P0, 0x0000000000000000
2026/09/19 11:11:46.681, 1, 79, 109.12, 100, 11582, 1126, 715, P0, 0x0000000000000020
2026/09/19 11:11:47.694, 0, 79, 133.58, 100, 10877, 1252, 715, P0, 0x0000000000000000
2026/09/19 11:11:47.697, 1, 79, 104.89, 100, 11582, 1113, 715, P0, 0x0000000000000020
2026/09/19 11:11:48.708, 0, 79, 117.78, 100, 10877, 1189, 715, P0, 0x0000000000000000
2026/09/19 11:11:48.716, 1, 79, 104.02, 100, 11582, 1113, 715, P0, 0x0000000000000020
2026/09/19 11:11:49.738, 0, 78, 48.68, 26, 10877, 1189, 715, P0, 0x0000000000000000
2026/09/19 11:11:49.741, 1, 79, 108.41, 100, 11582, 1126, 715, P0, 0x0000000000000000
2026/09/19 11:11:50.750, 0, 79, 121.78, 100, 10877, 1202, 715, P0, 0x0000000000000000
2026/09/19 11:11:50.755, 1, 79, 104.26, 100, 11582, 1126, 715, P0, 0x0000000000000000
2026/09/19 11:11:51.766, 0, 79, 73.42, 100, 10877, 493, 715, P0, 0x0000000000000020
2026/09/19 11:11:51.769, 1, 79, 107.88, 100, 11582, 1139, 715, P0, 0x0000000000000000
2026/09/19 11:11:52.783, 0, 78, 92.05, 100, 10877, 1012, 715, P0, 0x0000000000000020
2026/09/19 11:11:52.789, 1, 79, 100.87, 100, 11582, 1113, 715, P0, 0x0000000000000000
2026/09/19 11:11:53.797, 0, 77, 111.05, 0, 10877, 1189, 715, P0, 0x0000000000000000
2026/09/19 11:11:53.800, 1, 79, 105.42, 100, 11582, 1063, 715, P0, 0x0000000000000000
2026/09/19 11:11:54.824, 0, 79, 117.85, 100, 10877, 1101, 715, P0, 0x0000000000000020
2026/09/19 11:11:54.830, 1, 79, 128.64, 100, 11582, 1088, 715, P0, 0x0000000000000020
2026/09/19 11:11:55.839, 0, 78, 50.85, 68, 10877, 1240, 715, P0, 0x0000000000000000
2026/09/19 11:11:55.842, 1, 79, 112.20, 100, 11582, 1012, 715, P0, 0x0000000000000020
2026/09/19 11:11:56.855, 0, 77, 49.88, 0, 10877, 1240, 715, P0, 0x0000000000000000
2026/09/19 11:11:56.858, 1, 79, 107.74, 100, 11582, 1126, 715, P0, 0x0000000000000020
2026/09/19 11:11:57.872, 0, 76, 49.63, 0, 10877, 1240, 715, P0, 0x0000000000000000
2026/09/19 11:11:57.875, 1, 79, 108.40, 100, 11582, 1126, 715, P0, 0x0000000000000020
2026/09/19 11:11:58.882, 0, 76, 46.70, 0, 10877, 1189, 715, P0, 0x0000000000000000
2026/09/19 11:11:58.885, 1, 79, 116.27, 100, 11582, 987, 715, P0, 0x0000000000000020
2026/09/19 11:11:59.896, 0, 76, 46.74, 0, 10877, 1189, 715, P0, 0x0000000000000000
2026/09/19 11:11:59.899, 1, 79, 108.90, 100, 11582, 1037, 715, P0, 0x0000000000000020
2026/09/19 11:12:00.922, 0, 77, 177.86, 68, 10877, 1316, 715, P0, 0x0000000000000000
2026/09/19 11:12:00.925, 1, 78, 56.37, 28, 11582, 1303, 715, P0, 0x0000000000000000
2026/09/19 11:12:01.931, 0, 80, 189.91, 100, 10877, 1328, 715, P0, 0x0000000000000000
2026/09/19 11:12:01.934, 1, 78, 55.15, 0, 11582, 1303, 715, P0, 0x0000000000000000
2026/09/19 11:12:02.946, 0, 79, 123.57, 100, 10877, 1101, 715, P0, 0x0000000000000020
2026/09/19 11:12:02.949, 1, 77, 66.84, 0, 11582, 1303, 715, P0, 0x0000000000000000
2026/09/19 11:12:03.957, 0, 76, 46.70, 0, 10877, 1189, 715, P0, 0x0000000000000000
2026/09/19 11:12:03.961, 1, 80, 121.25, 100, 11582, 1126, 715, P0, 0x0000000000000000
2026/09/19 11:12:04.970, 0, 76, 46.74, 0, 10877, 1189, 715, P0, 0x0000000000000000
2026/09/19 11:12:04.973, 1, 79, 108.43, 100, 11582, 1025, 715, P0, 0x0000000000000020
2026/09/19 11:12:05.982, 0, 76, 46.49, 0, 10877, 1189, 715, P0, 0x0000000000000000
2026/09/19 11:12:05.985, 1, 79, 108.41, 100, 11582, 1126, 715, P0, 0x0000000000000020
2026/09/19 11:12:06.997, 0, 79, 165.51, 100, 10877, 1328, 715, P0, 0x0000000000000000
2026/09/19 11:12:07.000, 1, 77, 49.21, 0, 11582, 1189, 715, P0, 0x0000000000000000
2026/09/19 11:12:08.009, 0, 79, 139.10, 100, 10877, 1265, 715, P0, 0x0000000000000000
2026/09/19 11:12:08.015, 1, 77, 49.03, 0, 11582, 1189, 715, P0, 0x0000000000000000
2026/09/19 11:12:09.022, 0, 79, 140.76, 100, 10877, 1265, 715, P0, 0x0000000000000000
2026/09/19 11:12:09.025, 1, 79, 150.79, 100, 11582, 1265, 715, P0, 0x0000000000000020
2026/09/19 11:12:10.035, 0, 80, 141.25, 100, 10877, 1265, 715, P0, 0x0000000000000020
2026/09/19 11:12:10.039, 1, 80, 127.51, 100, 11582, 1139, 715, P0, 0x0000000000000020
2026/09/19 11:12:11.051, 0, 79, 117.71, 100, 10877, 1189, 715, P0, 0x0000000000000000
2026/09/19 11:12:11.059, 1, 79, 108.05, 100, 11582, 1126, 715, P0, 0x0000000000000020
2026/09/19 11:12:12.081, 0, 79, 117.22, 100, 10877, 1177, 715, P0, 0x0000000000000020
2026/09/19 11:12:12.085, 1, 79, 108.29, 100, 11582, 1126, 715, P0, 0x0000000000000020
2026/09/19 11:12:13.096, 0, 78, 50.61, 58, 10877, 1290, 715, P0, 0x0000000000000000
2026/09/19 11:12:13.099, 1, 79, 108.70, 100, 11582, 1126, 715, P0, 0x0000000000000020
2026/09/19 11:12:14.113, 0, 79, 134.46, 100, 10877, 1265, 715, P0, 0x0000000000000000
2026/09/19 11:12:14.120, 1, 79, 108.24, 100, 11582, 1126, 715, P0, 0x0000000000000020
2026/09/19 11:12:15.144, 0, 79, 128.17, 100, 10877, 1227, 715, P0, 0x0000000000000000
2026/09/19 11:12:15.147, 1, 79, 104.25, 100, 11582, 1126, 715, P0, 0x0000000000000020
2026/09/19 11:12:16.160, 0, 78, 53.24, 51, 10877, 1303, 715, P0, 0x0000000000000000
2026/09/19 11:12:16.163, 1, 79, 108.39, 100, 11582, 1139, 715, P0, 0x0000000000000000
2026/09/19 11:12:17.177, 0, 77, 52.99, 0, 10877, 1303, 715, P0, 0x0000000000000000
2026/09/19 11:12:17.182, 1, 79, 102.92, 100, 11582, 1126, 715, P0, 0x0000000000000000
2026/09/19 11:12:18.199, 0, 77, 52.76, 0, 10877, 1303, 715, P0, 0x0000000000000000
2026/09/19 11:12:18.202, 1, 79, 101.96, 100, 11582, 1139, 715, P0, 0x0000000000000000
2026/09/19 11:12:19.228, 0, 76, 52.51, 0, 10877, 1303, 715, P0, 0x0000000000000000
2026/09/19 11:12:19.233, 1, 79, 111.46, 100, 11582, 1063, 715, P0, 0x0000000000000000
2026/09/19 11:12:20.246, 0, 76, 52.22, 0, 10877, 1303, 715, P0, 0x0000000000000000
2026/09/19 11:12:20.252, 1, 79, 134.10, 100, 11582, 1113, 715, P0, 0x0000000000000020
2026/09/19 11:12:21.260, 0, 76, 52.26, 0, 10877, 1303, 715, P0, 0x0000000000000000
2026/09/19 11:12:21.264, 1, 79, 108.40, 100, 11582, 1126, 715, P0, 0x0000000000000020
2026/09/19 11:12:22.272, 0, 77, 115.19, 38, 10877, 1303, 715, P0, 0x0000000000000000
2026/09/19 11:12:22.275, 1, 79, 102.17, 59, 11582, 1290, 715, P0, 0x0000000000000020
2026/09/19 11:12:23.282, 0, 77, 127.80, 35, 10877, 1328, 715, P0, 0x0000000000000000
2026/09/19 11:12:23.285, 1, 79, 88.58, 59, 11582, 1189, 715, P0, 0x0000000000000000
2026/09/19 11:12:24.291, 0, 78, 106.31, 36, 10877, 1328, 715, P0, 0x0000000000000000
2026/09/19 11:12:24.294, 1, 79, 122.19, 58, 11582, 1290, 715, P0, 0x0000000000000000
2026/09/19 11:12:25.301, 0, 78, 91.13, 35, 10877, 1328, 715, P0, 0x0000000000000000
2026/09/19 11:12:25.305, 1, 79, 111.28, 59, 11582, 1189, 715, P0, 0x0000000000000000
2026/09/19 11:12:26.314, 0, 80, 158.92, 100, 10877, 1328, 715, P0, 0x0000000000000000
2026/09/19 11:12:26.317, 1, 77, 49.25, 0, 11582, 1189, 715, P0, 0x0000000000000000
2026/09/19 11:12:27.327, 0, 79, 131.75, 100, 10877, 1240, 715, P0, 0x0000000000000020
2026/09/19 11:12:27.330, 1, 77, 48.82, 0, 11582, 1189, 715, P0, 0x0000000000000000
2026/09/19 11:12:28.339, 0, 79, 131.60, 100, 10877, 1240, 715, P0, 0x0000000000000020
2026/09/19 11:12:28.342, 1, 79, 157.38, 100, 11582, 1328, 715, P0, 0x0000000000000000
2026/09/19 11:12:29.353, 0, 79, 133.09, 100, 10877, 1227, 715, P0, 0x0000000000000020
2026/09/19 11:12:29.358, 1, 79, 110.34, 100, 11582, 1151, 715, P0, 0x0000000000000000
2026/09/19 11:12:30.370, 0, 79, 127.83, 100, 10877, 1227, 715, P0, 0x0000000000000000
2026/09/19 11:12:30.373, 1, 79, 112.73, 100, 11582, 1164, 715, P0, 0x0000000000000000
2026/09/19 11:12:31.385, 0, 79, 114.39, 100, 10877, 1177, 715, P0, 0x0000000000000000
2026/09/19 11:12:31.388, 1, 79, 113.08, 100, 11582, 1164, 715, P0, 0x0000000000000000
2026/09/19 11:12:32.399, 0, 79, 87.99, 100, 10877, 1113, 715, P0, 0x0000000000000000
2026/09/19 11:12:32.406, 1, 79, 112.86, 100, 11582, 1151, 715, P0, 0x0000000000000020
2026/09/19 11:12:33.417, 0, 79, 138.51, 100, 10877, 1278, 715, P0, 0x0000000000000000
2026/09/19 11:12:33.419, 1, 79, 112.47, 100, 11582, 1164, 715, P0, 0x0000000000000000
2026/09/19 11:12:34.427, 0, 79, 113.21, 100, 10877, 1164, 715, P0, 0x0000000000000000
2026/09/19 11:12:34.430, 1, 79, 112.61, 100, 11582, 1151, 715, P0, 0x0000000000000020
2026/09/19 11:12:35.439, 0, 79, 91.05, 100, 10877, 1075, 715, P0, 0x0000000000000020
2026/09/19 11:12:35.441, 1, 79, 112.77, 100, 11582, 1164, 715, P0, 0x0000000000000020
2026/09/19 11:12:36.453, 0, 78, 140.29, 10, 10877, 1177, 715, P0, 0x0000000000000020
2026/09/19 11:12:36.460, 1, 79, 105.67, 100, 11582, 1139, 715, P0, 0x0000000000000000
2026/09/19 11:12:37.470, 0, 79, 132.49, 100, 10877, 1139, 715, P0, 0x0000000000000020
2026/09/19 11:12:37.473, 1, 79, 103.47, 100, 11582, 1139, 715, P0, 0x0000000000000000
2026/09/19 11:12:38.482, 0, 79, 76.52, 100, 10877, 1189, 715, P0, 0x0000000000000000
2026/09/19 11:12:38.486, 1, 79, 112.11, 100, 11582, 1075, 715, P0, 0x0000000000000020
2026/09/19 11:12:39.494, 0, 77, 47.27, 0, 10877, 1189, 715, P0, 0x0000000000000000
2026/09/19 11:12:39.497, 1, 79, 99.63, 100, 11582, 1189, 715, P0, 0x0000000000000000
2026/09/19 11:12:40.511, 0, 80, 147.15, 100, 10877, 1278, 715, P0, 0x0000000000000020
2026/09/19 11:12:40.514, 1, 79, 112.92, 100, 11582, 1164, 715, P0, 0x0000000000000000
2026/09/19 11:12:41.525, 0, 78, 96.54, 100, 10877, 1063, 715, P0, 0x0000000000000020
2026/09/19 11:12:41.532, 1, 79, 113.13, 100, 11582, 1164, 715, P0, 0x0000000000000000
2026/09/19 11:12:42.540, 0, 77, 47.71, 0, 10877, 1189, 715, P0, 0x0000000000000000
2026/09/19 11:12:42.543, 1, 79, 113.45, 100, 11582, 1164, 715, P0, 0x0000000000000000
2026/09/19 11:12:43.555, 0, 79, 132.62, 100, 10877, 1227, 715, P0, 0x0000000000000020
2026/09/19 11:12:43.560, 1, 79, 113.19, 100, 11582, 1164, 715, P0, 0x0000000000000000
2026/09/19 11:12:44.571, 0, 79, 131.41, 100, 10877, 1240, 715, P0, 0x0000000000000020
2026/09/19 11:12:44.574, 1, 79, 115.11, 100, 11582, 1164, 715, P0, 0x0000000000000000
2026/09/19 11:12:45.585, 0, 78, 48.92, 0, 10877, 1202, 715, P0, 0x0000000000000000
2026/09/19 11:12:45.589, 1, 79, 97.94, 100, 11582, 1063, 715, P0, 0x0000000000000020
2026/09/19 11:12:46.596, 0, 78, 136.41, 43, 10877, 1189, 715, P0, 0x0000000000000020
2026/09/19 11:12:46.601, 1, 79, 93.98, 100, 11582, 911, 715, P0, 0x0000000000000000
2026/09/19 11:12:47.615, 0, 79, 132.89, 100, 10877, 1139, 715, P0, 0x0000000000000020
2026/09/19 11:12:47.618, 1, 78, 108.43, 100, 11582, 1189, 715, P0, 0x0000000000000000
2026/09/19 11:12:48.632, 0, 79, 78.48, 100, 10877, 1189, 715, P0, 0x0000000000000000
2026/09/19 11:12:48.636, 1, 79, 95.44, 100, 11582, 1075, 715, P0, 0x0000000000000000
2026/09/19 11:12:49.644, 0, 77, 52.07, 0, 10877, 1278, 715, P0, 0x0000000000000000
2026/09/19 11:12:49.651, 1, 78, 95.28, 100, 11582, 1075, 715, P0, 0x0000000000000000
2026/09/19 11:12:50.671, 0, 79, 153.19, 100, 10877, 1316, 715, P0, 0x0000000000000000
2026/09/19 11:12:50.673, 1, 79, 95.33, 100, 11582, 1075, 715, P0, 0x0000000000000000
2026/09/19 11:12:51.683, 0, 79, 114.91, 100, 10877, 1164, 715, P0, 0x0000000000000020
2026/09/19 11:12:51.686, 1, 79, 100.75, 100, 11582, 1101, 715, P0, 0x0000000000000020
2026/09/19 11:12:52.702, 0, 78, 48.47, 85, 10877, 1189, 715, P0, 0x0000000000000000
2026/09/19 11:12:52.705, 1, 79, 99.87, 100, 11582, 1101, 715, P0, 0x0000000000000000
2026/09/19 11:12:53.716, 0, 77, 47.23, 0, 10877, 1189, 715, P0, 0x0000000000000000
2026/09/19 11:12:53.720, 1, 79, 103.91, 100, 11582, 999, 715, P0, 0x0000000000000000
2026/09/19 11:12:54.729, 0, 79, 128.42, 100, 10877, 1227, 715, P0, 0x0000000000000000
2026/09/19 11:12:54.734, 1, 79, 100.65, 100, 11582, 1088, 715, P0, 0x0000000000000020
2026/09/19 11:12:55.745, 0, 79, 115.15, 100, 10877, 1177, 715, P0, 0x0000000000000000
2026/09/19 11:12:55.755, 1, 79, 103.82, 100, 11582, 1088, 715, P0, 0x0000000000000020
2026/09/19 11:12:56.774, 0, 77, 47.47, 0, 10877, 1189, 715, P0, 0x0000000000000000
2026/09/19 11:12:56.777, 1, 79, 108.23, 100, 11582, 1126, 715, P0, 0x0000000000000020
2026/09/19 11:12:57.789, 0, 79, 150.52, 100, 10877, 1316, 715, P0, 0x0000000000000020
2026/09/19 11:12:57.792, 1, 79, 108.14, 100, 11582, 1126, 715, P0, 0x0000000000000020
2026/09/19 11:12:58.802, 0, 78, 86.80, 100, 10877, 936, 715, P0, 0x0000000000000000
2026/09/19 11:12:58.805, 1, 79, 107.78, 100, 11582, 1126, 715, P0, 0x0000000000000020
2026/09/19 11:12:59.817, 0, 78, 109.46, 100, 10877, 1025, 715, P0, 0x0000000000000000
2026/09/19 11:12:59.820, 1, 79, 108.38, 100, 11582, 1126, 715, P0, 0x0000000000000020
2026/09/19 11:13:00.832, 0, 78, 127.40, 39, 10877, 1139, 715, P0, 0x0000000000000000
2026/09/19 11:13:00.834, 1, 79, 96.40, 100, 11582, 1088, 715, P0, 0x0000000000000000
2026/09/19 11:13:01.847, 0, 79, 146.23, 100, 10877, 1189, 715, P0, 0x0000000000000020
2026/09/19 11:13:01.854, 1, 79, 99.46, 100, 11582, 1025, 715, P0, 0x0000000000000000
2026/09/19 11:13:02.878, 0, 79, 115.37, 100, 10877, 1151, 715, P0, 0x0000000000000020
2026/09/19 11:13:02.882, 1, 79, 113.54, 100, 11582, 1025, 715, P0, 0x0000000000000020
2026/09/19 11:13:03.893, 0, 77, 47.70, 0, 10877, 1189, 715, P0, 0x0000000000000000
2026/09/19 11:13:03.895, 1, 79, 108.15, 100, 11582, 1126, 715, P0, 0x0000000000000020
2026/09/19 11:13:04.913, 0, 80, 149.80, 100, 10877, 1290, 715, P0, 0x0000000000000020
2026/09/19 11:13:04.920, 1, 79, 107.42, 100, 11582, 1113, 715, P0, 0x0000000000000020
2026/09/19 11:13:05.931, 0, 80, 130.96, 100, 10877, 1215, 715, P0, 0x0000000000000000
2026/09/19 11:13:05.934, 1, 79, 108.25, 100, 11582, 1126, 715, P0, 0x0000000000000000
2026/09/19 11:13:06.948, 0, 78, 47.95, 0, 10877, 1189, 715, P0, 0x0000000000000000
2026/09/19 11:13:06.952, 1, 79, 108.17, 100, 11582, 1126, 715, P0, 0x0000000000000020
2026/09/19 11:13:07.961, 0, 79, 130.24, 100, 10877, 1252, 715, P0, 0x0000000000000000
2026/09/19 11:13:07.965, 1, 79, 107.77, 100, 11582, 1126, 715, P0, 0x0000000000000020
2026/09/19 11:13:08.979, 0, 79, 132.34, 100, 10877, 1151, 715, P0, 0x0000000000000020
2026/09/19 11:13:08.982, 1, 79, 104.00, 100, 11582, 1126, 715, P0, 0x0000000000000020
2026/09/19 11:13:09.991, 0, 79, 124.09, 100, 10877, 1088, 715, P0, 0x0000000000000020
2026/09/19 11:13:10.000, 1, 79, 110.94, 100, 11582, 1025, 715, P0, 0x0000000000000020
2026/09/19 11:13:11.020, 0, 77, 48.63, 0, 10877, 1215, 715, P0, 0x0000000000000000
2026/09/19 11:13:11.023, 1, 79, 126.74, 100, 11582, 1189, 715, P0, 0x0000000000000000
2026/09/19 11:13:12.032, 0, 80, 119.85, 100, 10877, 1164, 715, P0, 0x0000000000000020
2026/09/19 11:13:12.037, 1, 79, 108.28, 100, 11582, 1126, 715, P0, 0x0000000000000020
2026/09/19 11:13:13.050, 0, 79, 116.27, 100, 10877, 1177, 715, P0, 0x0000000000000020
2026/09/19 11:13:13.054, 1, 79, 108.53, 100, 11582, 1126, 715, P0, 0x0000000000000000
2026/09/19 11:13:14.065, 0, 78, 47.95, 0, 10877, 1189, 715, P0, 0x0000000000000000
2026/09/19 11:13:14.071, 1, 79, 108.41, 100, 11582, 1126, 715, P0, 0x0000000000000020
2026/09/19 11:13:15.079, 0, 79, 137.57, 100, 10877, 1252, 715, P0, 0x0000000000000000
2026/09/19 11:13:15.082, 1, 79, 108.22, 100, 11582, 1126, 715, P0, 0x0000000000000000
2026/09/19 11:13:16.095, 0, 79, 117.47, 100, 10877, 1189, 715, P0, 0x0000000000000020
2026/09/19 11:13:16.098, 1, 79, 108.35, 100, 11582, 1126, 715, P0, 0x0000000000000000
2026/09/19 11:13:17.110, 0, 79, 112.04, 100, 10877, 1063, 715, P0, 0x0000000000000000
2026/09/19 11:13:17.120, 1, 79, 103.33, 100, 11582, 1126, 715, P0, 0x0000000000000000
2026/09/19 11:13:18.134, 0, 77, 47.23, 0, 10877, 1189, 715, P0, 0x0000000000000000
2026/09/19 11:13:18.139, 1, 79, 110.81, 100, 11582, 1050, 715, P0, 0x0000000000000000
2026/09/19 11:13:19.145, 0, 80, 127.21, 100, 10877, 1202, 715, P0, 0x0000000000000020
2026/09/19 11:13:19.148, 1, 79, 108.27, 100, 11582, 1126, 715, P0, 0x0000000000000020
2026/09/19 11:13:20.160, 0, 79, 110.34, 100, 10877, 1151, 715, P0, 0x0000000000000000
2026/09/19 11:13:20.163, 1, 79, 108.61, 100, 11582, 1126, 715, P0, 0x0000000000000000
2026/09/19 11:13:21.173, 0, 77, 47.71, 0, 10877, 1189, 715, P0, 0x0000000000000000
2026/09/19 11:13:21.176, 1, 79, 108.23, 100, 11582, 1126, 715, P0, 0x0000000000000020
2026/09/19 11:13:22.189, 0, 79, 138.54, 100, 10877, 1278, 715, P0, 0x0000000000000000
2026/09/19 11:13:22.192, 1, 79, 103.92, 100, 11582, 1126, 715, P0, 0x0000000000000000
2026/09/19 11:13:23.206, 0, 79, 128.41, 100, 10877, 1227, 715, P0, 0x0000000000000020
2026/09/19 11:13:23.209, 1, 79, 104.19, 100, 11582, 1126, 715, P0, 0x0000000000000000
2026/09/19 11:13:24.220, 0, 79, 49.17, 100, 10877, 1189, 715, P0, 0x0000000000000000
2026/09/19 11:13:24.224, 1, 79, 104.39, 100, 11582, 1126, 715, P0, 0x0000000000000020
2026/09/19 11:13:25.237, 0, 77, 123.79, 0, 10877, 1189, 715, P0, 0x0000000000000000
2026/09/19 11:13:25.240, 1, 79, 106.35, 100, 11582, 1050, 715, P0, 0x0000000000000000
2026/09/19 11:13:26.252, 0, 79, 116.98, 100, 10877, 1177, 715, P0, 0x0000000000000020
2026/09/19 11:13:26.255, 1, 79, 105.96, 100, 11582, 1126, 715, P0, 0x0000000000000020
2026/09/19 11:13:27.263, 0, 79, 119.62, 100, 10877, 1189, 715, P0, 0x0000000000000000
2026/09/19 11:13:27.266, 1, 79, 108.52, 100, 11582, 1126, 715, P0, 0x0000000000000000
2026/09/19 11:13:28.283, 0, 77, 47.71, 0, 10877, 1189, 715, P0, 0x0000000000000000
2026/09/19 11:13:28.286, 1, 79, 108.47, 100, 11582, 1126, 715, P0, 0x0000000000000020
2026/09/19 11:13:29.296, 0, 80, 154.26, 100, 10877, 1316, 715, P0, 0x0000000000000000
2026/09/19 11:13:29.301, 1, 79, 105.49, 100, 11582, 1126, 715, P0, 0x0000000000000000
2026/09/19 11:13:30.314, 0, 79, 102.50, 100, 10877, 1101, 715, P0, 0x0000000000000000
2026/09/19 11:13:30.317, 1, 79, 108.14, 100, 11582, 1126, 715, P0, 0x0000000000000020
2026/09/19 11:13:31.329, 0, 79, 108.22, 100, 10877, 999, 715, P0, 0x0000000000000020
2026/09/19 11:13:31.332, 1, 79, 104.01, 100, 11582, 1126, 715, P0, 0x0000000000000000
2026/09/19 11:13:32.340, 0, 77, 119.78, 0, 10877, 1189, 715, P0, 0x0000000000000000
2026/09/19 11:13:32.343, 1, 79, 110.60, 100, 11582, 1063, 715, P0, 0x0000000000000000
2026/09/19 11:13:33.356, 0, 80, 117.72, 100, 10877, 1177, 715, P0, 0x0000000000000020
2026/09/19 11:13:33.360, 1, 79, 102.19, 100, 11582, 1126, 715, P0, 0x0000000000000000
2026/09/19 11:13:34.377, 0, 79, 126.49, 100, 10877, 1189, 715, P0, 0x0000000000000020
2026/09/19 11:13:34.380, 1, 79, 108.51, 100, 11582, 1126, 715, P0, 0x0000000000000000
2026/09/19 11:13:35.390, 0, 78, 52.54, 0, 10877, 1278, 715, P0, 0x0000000000000000
2026/09/19 11:13:35.393, 1, 79, 108.64, 100, 11582, 1126, 715, P0, 0x0000000000000000
2026/09/19 11:13:36.401, 0, 80, 136.86, 100, 10877, 1252, 715, P0, 0x0000000000000020
2026/09/19 11:13:36.407, 1, 79, 104.17, 100, 11582, 1126, 715, P0, 0x0000000000000000
2026/09/19 11:13:37.421, 0, 79, 117.71, 100, 10877, 1189, 715, P0, 0x0000000000000000
2026/09/19 11:13:37.429, 1, 79, 108.35, 100, 11582, 1126, 715, P0, 0x0000000000000020
2026/09/19 11:13:38.454, 0, 79, 49.17, 100, 10877, 1189, 715, P0, 0x0000000000000000
2026/09/19 11:13:38.457, 1, 79, 104.39, 100, 11582, 1126, 715, P0, 0x0000000000000020
2026/09/19 11:13:39.464, 0, 77, 77.89, 0, 10877, 1189, 715, P0, 0x0000000000000000
2026/09/19 11:13:39.467, 1, 79, 106.70, 100, 11582, 1050, 715, P0, 0x0000000000000000
2026/09/19 11:13:40.480, 0, 79, 117.45, 100, 10877, 1189, 715, P0, 0x0000000000000000
2026/09/19 11:13:40.483, 1, 79, 108.53, 100, 11582, 1126, 715, P0, 0x0000000000000020
2026/09/19 11:13:41.491, 0, 79, 117.24, 100, 10877, 1189, 715, P0, 0x0000000000000000
2026/09/19 11:13:41.494, 1, 79, 104.04, 100, 11582, 1126, 715, P0, 0x0000000000000000
2026/09/19 11:13:42.510, 0, 78, 53.24, 0, 10877, 1290, 715, P0, 0x0000000000000000
2026/09/19 11:13:42.513, 1, 79, 108.40, 100, 11582, 1126, 715, P0, 0x0000000000000020
2026/09/19 11:13:43.521, 0, 79, 149.35, 100, 10877, 1303, 715, P0, 0x0000000000000000
2026/09/19 11:13:43.524, 1, 79, 105.74, 100, 11582, 1113, 715, P0, 0x0000000000000020
2026/09/19 11:13:44.534, 0, 79, 109.38, 100, 10877, 1139, 715, P0, 0x0000000000000000
2026/09/19 11:13:44.537, 1, 79, 108.38, 100, 11582, 1126, 715, P0, 0x0000000000000020
2026/09/19 11:13:45.550, 0, 79, 112.28, 100, 10877, 1063, 715, P0, 0x0000000000000000
2026/09/19 11:13:45.558, 1, 79, 103.83, 100, 11582, 1126, 715, P0, 0x0000000000000020
2026/09/19 11:13:46.575, 0, 77, 47.23, 0, 10877, 1189, 715, P0, 0x0000000000000000
2026/09/19 11:13:46.579, 1, 79, 109.40, 100, 11582, 1037, 715, P0, 0x0000000000000000
2026/09/19 11:13:47.590, 0, 80, 133.82, 100, 10877, 1227, 715, P0, 0x0000000000000020
2026/09/19 11:13:47.594, 1, 79, 104.89, 100, 11582, 1113, 715, P0, 0x0000000000000020
2026/09/19 11:13:48.604, 0, 79, 116.98, 100, 10877, 1177, 715, P0, 0x0000000000000020
2026/09/19 11:13:48.608, 1, 79, 108.53, 100, 11582, 1126, 715, P0, 0x0000000000000020
2026/09/19 11:13:49.619, 0, 78, 51.81, 0, 10877, 1265, 715, P0, 0x0000000000000000
2026/09/19 11:13:49.622, 1, 79, 108.64, 100, 11582, 1126, 715, P0, 0x0000000000000020
2026/09/19 11:13:50.633, 0, 79, 130.01, 100, 10877, 1240, 715, P0, 0x0000000000000000
2026/09/19 11:13:50.638, 1, 79, 105.15, 100, 11582, 1113, 715, P0, 0x0000000000000020
2026/09/19 11:13:51.645, 0, 79, 112.02, 100, 10877, 1164, 715, P0, 0x0000000000000000
2026/09/19 11:13:51.648, 1, 79, 108.61, 100, 11582, 1126, 715, P0, 0x0000000000000020
2026/09/19 11:13:52.663, 0, 80, 121.47, 100, 10877, 1101, 715, P0, 0x0000000000000020
2026/09/19 11:13:52.666, 1, 79, 111.17, 100, 11582, 1050, 715, P0, 0x0000000000000020
2026/09/19 11:13:53.678, 0, 77, 47.31, 0, 10877, 1189, 715, P0, 0x0000000000000000
2026/09/19 11:13:53.682, 1, 79, 69.97, 100, 11582, 1189, 715, P0, 0x0000000000000000
2026/09/19 11:13:54.691, 0, 80, 117.95, 100, 10877, 1189, 715, P0, 0x0000000000000020
2026/09/19 11:13:54.694, 1, 79, 109.01, 100, 11582, 1126, 715, P0, 0x0000000000000020
2026/09/19 11:13:55.706, 0, 79, 100.15, 100, 10877, 1088, 715, P0, 0x0000000000000000
2026/09/19 11:13:55.709, 1, 79, 108.40, 100, 11582, 1126, 715, P0, 0x0000000000000020
2026/09/19 11:13:56.718, 0, 78, 48.19, 0, 10877, 1189, 715, P0, 0x0000000000000000
2026/09/19 11:13:56.720, 1, 79, 104.15, 100, 11582, 1126, 715, P0, 0x0000000000000000
2026/09/19 11:13:57.730, 0, 78, 117.00, 81, 10877, 1189, 715, P0, 0x0000000000000000
2026/09/19 11:13:57.733, 1, 79, 104.27, 100, 11582, 1126, 715, P0, 0x0000000000000020
2026/09/19 11:13:58.742, 0, 79, 125.43, 100, 10877, 1101, 715, P0, 0x0000000000000000
2026/09/19 11:13:58.745, 1, 79, 100.02, 100, 11582, 1113, 715, P0, 0x0000000000000000
2026/09/19 11:13:59.757, 0, 79, 109.85, 100, 10877, 1139, 715, P0, 0x0000000000000000
2026/09/19 11:13:59.761, 1, 79, 114.08, 100, 11582, 1050, 715, P0, 0x0000000000000020
2026/09/19 11:14:00.771, 0, 77, 53.02, 0, 10877, 1290, 715, P0, 0x0000000000000000
2026/09/19 11:14:00.774, 1, 79, 108.88, 100, 11582, 1126, 715, P0, 0x0000000000000020
2026/09/19 11:14:01.783, 0, 79, 135.74, 100, 10877, 1240, 715, P0, 0x0000000000000020
2026/09/19 11:14:01.786, 1, 79, 104.41, 100, 11582, 1126, 715, P0, 0x0000000000000000
2026/09/19 11:14:02.800, 0, 79, 123.86, 100, 10877, 1189, 715, P0, 0x0000000000000020
2026/09/19 11:14:02.803, 1, 79, 104.26, 100, 11582, 1126, 715, P0, 0x0000000000000000
2026/09/19 11:14:03.818, 0, 79, 52.30, 47, 10877, 1303, 715, P0, 0x0000000000000000
2026/09/19 11:14:03.821, 1, 79, 108.64, 100, 11582, 1139, 715, P0, 0x0000000000000000
2026/09/19 11:14:04.835, 0, 78, 131.84, 28, 10877, 1113, 715, P0, 0x0000000000000020
2026/09/19 11:14:04.842, 1, 79, 111.31, 100, 11582, 1063, 715, P0, 0x0000000000000000
2026/09/19 11:14:05.851, 0, 79, 117.92, 100, 10877, 1189, 715, P0, 0x0000000000000020
2026/09/19 11:14:05.858, 1, 79, 73.79, 100, 11582, 1189, 715, P0, 0x0000000000000000
2026/09/19 11:14:06.869, 0, 79, 109.38, 100, 10877, 1139, 715, P0, 0x0000000000000000
2026/09/19 11:14:06.873, 1, 79, 108.38, 100, 11582, 1126, 715, P0, 0x0000000000000020
2026/09/19 11:14:07.884, 0, 77, 47.71, 0, 10877, 1189, 715, P0, 0x0000000000000000
2026/09/19 11:14:07.887, 1, 79, 107.50, 100, 11582, 1126, 715, P0, 0x0000000000000020
2026/09/19 11:14:08.910, 0, 79, 139.00, 100, 10877, 1278, 715, P0, 0x0000000000000020
2026/09/19 11:14:08.913, 1, 79, 108.22, 100, 11582, 1126, 715, P0, 0x0000000000000020
2026/09/19 11:14:09.921, 0, 80, 117.47, 100, 10877, 1189, 715, P0, 0x0000000000000000
2026/09/19 11:14:09.924, 1, 79, 108.59, 100, 11582, 1126, 715, P0, 0x0000000000000020
2026/09/19 11:14:10.939, 0, 79, 109.01, 100, 10877, 1037, 715, P0, 0x0000000000000000
2026/09/19 11:14:10.943, 1, 79, 99.81, 100, 11582, 1088, 715, P0, 0x0000000000000000
2026/09/19 11:14:11.955, 0, 77, 47.45, 0, 10877, 1189, 715, P0, 0x0000000000000000
2026/09/19 11:14:11.959, 1, 79, 125.95, 100, 11582, 1151, 715, P0, 0x0000000000000020
2026/09/19 11:14:12.969, 0, 79, 121.29, 100, 10877, 1189, 715, P0, 0x0000000000000000
2026/09/19 11:14:12.972, 1, 79, 107.56, 100, 11582, 1126, 715, P0, 0x0000000000000020
2026/09/19 11:14:13.986, 0, 79, 109.93, 100, 10877, 1139, 715, P0, 0x0000000000000000
2026/09/19 11:14:13.989, 1, 79, 104.58, 100, 11582, 1126, 715, P0, 0x0000000000000000
2026/09/19 11:14:14.999, 0, 78, 48.19, 0, 10877, 1189, 715, P0, 0x0000000000000000
2026/09/19 11:14:15.002, 1, 79, 108.47, 100, 11582, 1126, 715, P0, 0x0000000000000000
2026/09/19 11:14:16.013, 0, 79, 125.77, 100, 10877, 1240, 715, P0, 0x0000000000000000
2026/09/19 11:14:16.020, 1, 79, 104.43, 100, 11582, 1126, 715, P0, 0x0000000000000000
2026/09/19 11:14:17.024, 0, 79, 116.86, 100, 10877, 1075, 715, P0, 0x0000000000000020
2026/09/19 11:14:17.027, 1, 79, 96.20, 100, 11582, 1101, 715, P0, 0x0000000000000000
2026/09/19 11:14:18.041, 0, 79, 116.70, 100, 10877, 1177, 715, P0, 0x0000000000000000
2026/09/19 11:14:18.044, 1, 79, 129.34, 100, 11582, 1101, 715, P0, 0x0000000000000020
2026/09/19 11:14:19.069, 0, 77, 47.47, 0, 10877, 1189, 715, P0, 0x0000000000000000
2026/09/19 11:14:19.072, 1, 79, 103.91, 100, 11582, 1113, 715, P0, 0x0000000000000020
2026/09/19 11:14:20.082, 0, 80, 146.08, 100, 10877, 1290, 715, P0, 0x0000000000000000
2026/09/19 11:14:20.085, 1, 79, 103.91, 100, 11582, 1113, 715, P0, 0x0000000000000020
2026/09/19 11:14:21.097, 0, 79, 122.98, 100, 10877, 1202, 715, P0, 0x0000000000000000
2026/09/19 11:14:21.103, 1, 79, 104.26, 100, 11582, 1126, 715, P0, 0x0000000000000000
2026/09/19 11:14:22.113, 0, 79, 47.96, 100, 10877, 1189, 715, P0, 0x0000000000000000
2026/09/19 11:14:22.116, 1, 79, 104.63, 100, 11582, 1126, 715, P0, 0x0000000000000020
2026/09/19 11:14:23.124, 0, 77, 47.23, 0, 10877, 1189, 715, P0, 0x0000000000000000
2026/09/19 11:14:23.127, 1, 79, 106.57, 100, 11582, 1025, 715, P0, 0x0000000000000020
2026/09/19 11:14:24.135, 0, 79, 116.51, 100, 10877, 1151, 715, P0, 0x0000000000000020
2026/09/19 11:14:24.138, 1, 79, 108.53, 100, 11582, 1126, 715, P0, 0x0000000000000020
2026/09/19 11:14:25.163, 0, 79, 113.94, 100, 10877, 1164, 715, P0, 0x0000000000000020
2026/09/19 11:14:25.166, 1, 79, 108.61, 100, 11582, 1126, 715, P0, 0x0000000000000020
2026/09/19 11:14:26.176, 0, 78, 53.48, 0, 10877, 1290, 715, P0, 0x0000000000000000
2026/09/19 11:14:26.182, 1, 79, 108.88, 100, 11582, 1126, 715, P0, 0x0000000000000020
2026/09/19 11:14:27.191, 0, 79, 129.37, 87, 10877, 1215, 715, P0, 0x0000000000000000
2026/09/19 11:14:27.194, 1, 79, 104.48, 100, 11582, 1126, 715, P0, 0x0000000000000000
2026/09/19 11:14:28.199, 0, 79, 124.95, 100, 10877, 1113, 715, P0, 0x0000000000000000
2026/09/19 11:14:28.209, 1, 79, 103.50, 100, 11582, 1113, 715, P0, 0x0000000000000020
2026/09/19 11:14:29.215, 0, 79, 115.91, 100, 10877, 1139, 715, P0, 0x0000000000000020
2026/09/19 11:14:29.217, 1, 79, 130.58, 100, 11582, 1101, 715, P0, 0x0000000000000020
2026/09/19 11:14:30.228, 0, 77, 53.00, 0, 10877, 1290, 715, P0, 0x0000000000000000
2026/09/19 11:14:30.231, 1, 79, 104.85, 100, 11582, 1126, 715, P0, 0x0000000000000000
2026/09/19 11:14:31.249, 0, 80, 144.42, 100, 10877, 1278, 715, P0, 0x0000000000000020
2026/09/19 11:14:31.252, 1, 79, 104.87, 100, 11582, 1113, 715, P0, 0x0000000000000020
2026/09/19 11:14:32.260, 0, 79, 118.17, 100, 10877, 1189, 715, P0, 0x0000000000000000
2026/09/19 11:14:32.267, 1, 79, 108.04, 100, 11582, 1126, 715, P0, 0x0000000000000020
2026/09/19 11:14:33.273, 0, 79, 49.65, 100, 10877, 1189, 715, P0, 0x0000000000000000
2026/09/19 11:14:33.276, 1, 79, 104.15, 100, 11582, 1126, 715, P0, 0x0000000000000020
2026/09/19 11:14:34.290, 0, 77, 47.46, 0, 10877, 1189, 715, P0, 0x0000000000000000
2026/09/19 11:14:34.293, 1, 79, 112.99, 100, 11582, 987, 715, P0, 0x0000000000000020
2026/09/19 11:14:35.303, 0, 80, 132.63, 100, 10877, 1227, 715, P0, 0x0000000000000020
2026/09/19 11:14:35.308, 1, 79, 104.90, 100, 11582, 1113, 715, P0, 0x0000000000000020
2026/09/19 11:14:36.315, 0, 79, 117.30, 100, 10877, 1177, 715, P0, 0x0000000000000020
2026/09/19 11:14:36.318, 1, 79, 104.04, 100, 11582, 1126, 715, P0, 0x0000000000000000
2026/09/19 11:14:37.327, 0, 78, 54.20, 0, 10877, 1303, 715, P0, 0x0000000000000000
2026/09/19 11:14:37.330, 1, 79, 104.13, 100, 11582, 1126, 715, P0, 0x0000000000000000
2026/09/19 11:14:38.343, 0, 79, 139.10, 59, 10877, 1215, 715, P0, 0x0000000000000000
2026/09/19 11:14:38.346, 1, 79, 103.70, 100, 11582, 1113, 715, P0, 0x0000000000000020
2026/09/19 11:14:39.355, 0, 79, 105.77, 100, 10877, 911, 715, P0, 0x0000000000000020
2026/09/19 11:14:39.358, 1, 79, 118.97, 100, 11582, 1075, 715, P0, 0x0000000000000020
2026/09/19 11:14:40.364, 0, 79, 102.32, 100, 10877, 1101, 715, P0, 0x0000000000000000
2026/09/19 11:14:40.368, 1, 79, 104.61, 100, 11582, 1126, 715, P0, 0x0000000000000000
2026/09/19 11:14:41.378, 0, 77, 53.24, 0, 10877, 1290, 715, P0, 0x0000000000000000
2026/09/19 11:14:41.382, 1, 79, 104.12, 100, 11582, 1126, 715, P0, 0x0000000000000000
2026/09/19 11:14:42.396, 0, 79, 135.04, 100, 10877, 1240, 715, P0, 0x0000000000000020
2026/09/19 11:14:42.404, 1, 79, 104.41, 100, 11582, 1126, 715, P0, 0x0000000000000000
2026/09/19 11:14:43.411, 0, 79, 114.64, 100, 10877, 1177, 715, P0, 0x0000000000000000
2026/09/19 11:14:43.414, 1, 79, 108.53, 100, 11582, 1126, 715, P0, 0x0000000000000020
2026/09/19 11:14:44.424, 0, 79, 136.46, 100, 10877, 1126, 715, P0, 0x0000000000000020
2026/09/19 11:14:44.428, 1, 79, 106.36, 100, 11582, 1025, 715, P0, 0x0000000000000020
2026/09/19 11:14:45.437, 0, 77, 48.68, 0, 10877, 1215, 715, P0, 0x0000000000000000
2026/09/19 11:14:45.440, 1, 79, 104.61, 100, 11582, 1126, 715, P0, 0x0000000000000020
2026/09/19 11:14:46.452, 0, 80, 137.82, 100, 10877, 1252, 715, P0, 0x0000000000000020
2026/09/19 11:14:46.454, 1, 79, 103.94, 100, 11582, 1113, 715, P0, 0x0000000000000020
2026/09/19 11:14:47.465, 0, 78, 78.00, 100, 10877, 759, 715, P0, 0x0000000000000000
2026/09/19 11:14:47.469, 1, 79, 108.77, 100, 11582, 1126, 715, P0, 0x0000000000000020
2026/09/19 11:14:48.477, 0, 79, 103.03, 100, 10877, 1088, 715, P0, 0x0000000000000020
2026/09/19 11:14:48.484, 1, 79, 107.43, 100, 11582, 1126, 715, P0, 0x0000000000000000
2026/09/19 11:14:49.490, 0, 77, 74.11, 0, 10877, 1189, 715, P0, 0x0000000000000000
2026/09/19 11:14:49.493, 1, 79, 110.60, 100, 11582, 1037, 715, P0, 0x0000000000000020
2026/09/19 11:14:50.504, 0, 80, 135.66, 100, 10877, 1240, 715, P0, 0x0000000000000020
2026/09/19 11:14:50.507, 1, 79, 104.40, 100, 11582, 1126, 715, P0, 0x0000000000000000
2026/09/19 11:14:51.520, 0, 79, 125.05, 100, 10877, 1189, 715, P0, 0x0000000000000020
2026/09/19 11:14:51.523, 1, 79, 107.79, 100, 11582, 1126, 715, P0, 0x0000000000000000
2026/09/19 11:14:52.533, 0, 78, 47.95, 0, 10877, 1189, 715, P0, 0x0000000000000000
2026/09/19 11:14:52.536, 1, 79, 108.90, 100, 11582, 1126, 715, P0, 0x0000000000000020
2026/09/19 11:14:53.549, 0, 79, 122.01, 100, 10877, 1202, 715, P0, 0x0000000000000000
2026/09/19 11:14:53.551, 1, 79, 106.42, 100, 11582, 1126, 715, P0, 0x0000000000000020
2026/09/19 11:14:54.559, 0, 79, 116.88, 100, 10877, 1063, 715, P0, 0x0000000000000000
2026/09/19 11:14:54.570, 1, 79, 95.29, 100, 11582, 1088, 715, P0, 0x0000000000000000
2026/09/19 11:14:55.577, 0, 79, 119.85, 100, 10877, 1164, 715, P0, 0x0000000000000020
2026/09/19 11:14:55.588, 1, 79, 69.73, 100, 11582, 1189, 715, P0, 0x0000000000000000
2026/09/19 11:14:56.605, 0, 77, 48.19, 0, 10877, 1202, 715, P0, 0x0000000000000000
2026/09/19 11:14:56.608, 1, 79, 108.71, 100, 11582, 1126, 715, P0, 0x0000000000000000
2026/09/19 11:14:57.619, 0, 80, 155.69, 100, 10877, 1316, 715, P0, 0x0000000000000020
2026/09/19 11:14:57.622, 1, 79, 103.83, 100, 11582, 1126, 715, P0, 0x0000000000000000
2026/09/19 11:14:58.632, 0, 79, 117.69, 100, 10877, 1189, 715, P0, 0x0000000000000020
2026/09/19 11:14:58.636, 1, 79, 108.76, 100, 11582, 1113, 715, P0, 0x0000000000000020
2026/09/19 11:14:59.662, 0, 79, 111.01, 100, 10877, 1037, 715, P0, 0x0000000000000020
2026/09/19 11:14:59.665, 1, 79, 106.48, 100, 11582, 1050, 715, P0, 0x0000000000000020
2026/09/19 11:15:00.675, 0, 77, 52.79, 0, 10877, 1290, 715, P0, 0x0000000000000000
2026/09/19 11:15:00.678, 1, 79, 104.61, 100, 11582, 1113, 715, P0, 0x0000000000000020
2026/09/19 11:15:01.689, 0, 80, 145.14, 100, 10877, 1278, 715, P0, 0x0000000000000020
2026/09/19 11:15:01.694, 1, 79, 104.38, 100, 11582, 1126, 715, P0, 0x0000000000000000
2026/09/19 11:15:02.705, 0, 80, 124.57, 100, 10877, 1189, 715, P0, 0x0000000000000020
2026/09/19 11:15:02.708, 1, 79, 108.99, 100, 11582, 1126, 715, P0, 0x0000000000000000
2026/09/19 11:15:03.722, 0, 78, 53.48, 61, 10877, 1290, 715, P0, 0x0000000000000000
2026/09/19 11:15:03.725, 1, 79, 107.67, 100, 11582, 1126, 715, P0, 0x0000000000000020
2026/09/19 11:15:04.734, 0, 77, 95.40, 0, 10877, 1290, 715, P0, 0x0000000000000000
2026/09/19 11:15:04.737, 1, 79, 110.74, 100, 11582, 1050, 715, P0, 0x0000000000000020
2026/09/19 11:15:05.762, 0, 79, 110.36, 100, 10877, 1139, 715, P0, 0x0000000000000000
2026/09/19 11:15:05.765, 1, 79, 104.53, 100, 11582, 1126, 715, P0, 0x0000000000000000
2026/09/19 11:15:06.779, 0, 79, 113.95, 100, 10877, 1151, 715, P0, 0x0000000000000020
2026/09/19 11:15:06.782, 1, 79, 105.24, 100, 11582, 949, 715, P0, 0x0000000000000020
2026/09/19 11:15:07.804, 0, 78, 52.08, 0, 10877, 1265, 715, P0, 0x0000000000000000
2026/09/19 11:15:07.807, 1, 79, 89.09, 100, 11582, 974, 715, P0, 0x0000000000000000
2026/09/19 11:15:08.819, 0, 77, 51.35, 0, 10877, 1265, 715, P0, 0x0000000000000000
2026/09/19 11:15:08.822, 1, 79, 90.06, 100, 11582, 759, 715, P0, 0x0000000000000020
2026/09/19 11:15:09.837, 0, 80, 118.54, 100, 10877, 1189, 715, P0, 0x0000000000000020
2026/09/19 11:15:09.840, 1, 79, 88.37, 100, 11582, 974, 715, P0, 0x0000000000000000
2026/09/19 11:15:10.852, 0, 79, 109.25, 100, 10877, 1126, 715, P0, 0x0000000000000020
2026/09/19 11:15:10.855, 1, 79, 93.38, 100, 11582, 1037, 715, P0, 0x0000000000000020
2026/09/19 11:15:11.865, 0, 78, 53.52, 0, 10877, 1290, 715, P0, 0x0000000000000000
2026/09/19 11:15:11.872, 1, 79, 90.05, 100, 11582, 999, 715, P0, 0x0000000000000000
2026/09/19 11:15:12.879, 0, 77, 52.55, 0, 10877, 1290, 715, P0, 0x0000000000000000
2026/09/19 11:15:12.882, 1, 79, 96.50, 100, 11582, 1075, 715, P0, 0x0000000000000000
2026/09/19 11:15:13.892, 0, 80, 131.78, 100, 10877, 1202, 715, P0, 0x0000000000000020
2026/09/19 11:15:13.900, 1, 79, 96.41, 100, 11582, 1075, 715, P0, 0x0000000000000000
2026/09/19 11:15:14.909, 0, 79, 109.94, 100, 10877, 1126, 715, P0, 0x0000000000000020
2026/09/19 11:15:14.912, 1, 79, 96.26, 100, 11582, 1063, 715, P0, 0x0000000000000020
2026/09/19 11:15:15.925, 0, 78, 48.48, 100, 10877, 1189, 715, P0, 0x0000000000000000
2026/09/19 11:15:15.929, 1, 79, 99.41, 100, 11582, 923, 715, P0, 0x0000000000000020
2026/09/19 11:15:16.941, 0, 77, 47.23, 0, 10877, 1189, 715, P0, 0x0000000000000000
2026/09/19 11:15:16.945, 1, 79, 104.39, 100, 11582, 1113, 715, P0, 0x0000000000000020
2026/09/19 11:15:17.953, 0, 80, 144.29, 100, 10877, 1278, 715, P0, 0x0000000000000020
2026/09/19 11:15:17.956, 1, 79, 101.10, 100, 11582, 1101, 715, P0, 0x0000000000000020
2026/09/19 11:15:18.970, 0, 79, 116.32, 100, 10877, 1177, 715, P0, 0x0000000000000000
2026/09/19 11:15:18.974, 1, 79, 108.04, 100, 11582, 1139, 715, P0, 0x0000000000000000
2026/09/19 11:15:19.983, 0, 79, 47.96, 100, 10877, 1189, 715, P0, 0x0000000000000000
2026/09/19 11:15:19.988, 1, 79, 105.58, 100, 11582, 1139, 715, P0, 0x0000000000000000
2026/09/19 11:15:20.997, 0, 77, 47.22, 0, 10877, 1189, 715, P0, 0x0000000000000000
2026/09/19 11:15:20.999, 1, 79, 110.34, 100, 11582, 999, 715, P0, 0x0000000000000020
2026/09/19 11:15:22.024, 0, 80, 136.13, 100, 10877, 1240, 715, P0, 0x0000000000000000
2026/09/19 11:15:22.027, 1, 79, 108.90, 100, 11582, 1126, 715, P0, 0x0000000000000020
2026/09/19 11:15:23.037, 0, 80, 125.29, 100, 10877, 1189, 715, P0, 0x0000000000000020
2026/09/19 11:15:23.043, 1, 79, 108.26, 100, 11582, 1126, 715, P0, 0x0000000000000020
2026/09/19 11:15:24.054, 0, 78, 48.44, 0, 10877, 1189, 715, P0, 0x0000000000000000
2026/09/19 11:15:24.057, 1, 79, 104.39, 100, 11582, 1126, 715, P0, 0x0000000000000020
2026/09/19 11:15:25.078, 0, 78, 147.15, 60, 10877, 1189, 715, P0, 0x0000000000000020
2026/09/19 11:15:25.082, 1, 79, 97.81, 100, 11582, 1075, 715, P0, 0x0000000000000000
2026/09/19 11:15:26.093, 0, 80, 129.27, 100, 10877, 1227, 715, P0, 0x0000000000000020
2026/09/19 11:15:26.095, 1, 79, 108.25, 100, 11582, 1126, 715, P0, 0x0000000000000020
2026/09/19 11:15:27.106, 0, 79, 110.82, 100, 10877, 1139, 715, P0, 0x0000000000000020
2026/09/19 11:15:27.108, 1, 79, 108.61, 100, 11582, 1126, 715, P0, 0x0000000000000020
2026/09/19 11:15:28.121, 0, 78, 52.51, 0, 10877, 1278, 715, P0, 0x0000000000000000
2026/09/19 11:15:28.124, 1, 79, 110.80, 100, 11582, 1139, 715, P0, 0x0000000000000000
2026/09/19 11:15:29.133, 0, 79, 130.23, 100, 10877, 1240, 715, P0, 0x0000000000000000
2026/09/19 11:15:29.136, 1, 79, 108.25, 100, 11582, 1139, 715, P0, 0x0000000000000000
2026/09/19 11:15:30.148, 0, 79, 119.27, 100, 10877, 1075, 715, P0, 0x0000000000000020
2026/09/19 11:15:30.151, 1, 79, 95.53, 100, 11582, 1063, 715, P0, 0x0000000000000000
2026/09/19 11:15:31.162, 0, 79, 102.79, 100, 10877, 1088, 715, P0, 0x0000000000000020
2026/09/19 11:15:31.167, 1, 79, 105.33, 100, 11582, 1126, 715, P0, 0x0000000000000020
2026/09/19 11:15:32.177, 0, 77, 47.47, 0, 10877, 1189, 715, P0, 0x0000000000000000
2026/09/19 11:15:32.183, 1, 79, 108.23, 100, 11582, 1126, 715, P0, 0x0000000000000020
2026/09/19 11:15:33.192, 0, 79, 137.34, 100, 10877, 1252, 715, P0, 0x0000000000000000
2026/09/19 11:15:33.195, 1, 79, 104.17, 100, 11582, 1126, 715, P0, 0x0000000000000020
2026/09/19 11:15:34.208, 0, 80, 113.94, 100, 10877, 1151, 715, P0, 0x0000000000000000
2026/09/19 11:15:34.211, 1, 79, 107.64, 100, 11582, 1126, 715, P0, 0x0000000000000020
2026/09/19 11:15:35.223, 0, 79, 95.40, 100, 10877, 1151, 715, P0, 0x0000000000000000
2026/09/19 11:15:35.226, 1, 79, 107.07, 100, 11582, 1025, 715, P0, 0x0000000000000020
2026/09/19 11:15:36.237, 0, 77, 47.47, 0, 10877, 1189, 715, P0, 0x0000000000000000
2026/09/19 11:15:36.241, 1, 79, 108.40, 100, 11582, 1126, 715, P0, 0x0000000000000020
2026/09/19 11:15:37.248, 0, 79, 143.94, 100, 10877, 1278, 715, P0, 0x0000000000000020
2026/09/19 11:15:37.252, 1, 79, 108.15, 100, 11582, 1126, 715, P0, 0x0000000000000020
2026/09/19 11:15:38.269, 0, 79, 123.85, 100, 10877, 1189, 715, P0, 0x0000000000000020
2026/09/19 11:15:38.272, 1, 79, 108.26, 100, 11582, 1126, 715, P0, 0x0000000000000020
2026/09/19 11:15:39.284, 0, 79, 109.91, 100, 10877, 1037, 715, P0, 0x0000000000000000
2026/09/19 11:15:39.288, 1, 79, 99.10, 100, 11582, 1075, 715, P0, 0x0000000000000000
2026/09/19 11:15:40.295, 0, 77, 52.51, 0, 10877, 1290, 715, P0, 0x0000000000000000
2026/09/19 11:15:40.300, 1, 79, 108.64, 100, 11582, 1126, 715, P0, 0x0000000000000020
2026/09/19 11:15:41.306, 0, 80, 146.55, 100, 10877, 1278, 715, P0, 0x0000000000000020
2026/09/19 11:15:41.309, 1, 79, 108.40, 100, 11582, 1126, 715, P0, 0x0000000000000020
2026/09/19 11:15:42.320, 0, 79, 109.86, 100, 10877, 1139, 715, P0, 0x0000000000000020
2026/09/19 11:15:42.327, 1, 79, 108.36, 100, 11582, 1126, 715, P0, 0x0000000000000020
2026/09/19 11:15:43.336, 0, 79, 53.00, 100, 10877, 1189, 715, P0, 0x0000000000000000
2026/09/19 11:15:43.339, 1, 79, 107.45, 100, 11582, 1139, 715, P0, 0x0000000000000000
2026/09/19 11:15:44.349, 0, 77, 47.22, 0, 10877, 1189, 715, P0, 0x0000000000000000
2026/09/19 11:15:44.352, 1, 79, 113.63, 100, 11582, 1025, 715, P0, 0x0000000000000020
2026/09/19 11:15:45.377, 0, 80, 133.34, 100, 10877, 1227, 715, P0, 0x0000000000000000
2026/09/19 11:15:45.383, 1, 79, 108.24, 100, 11582, 1126, 715, P0, 0x0000000000000020
2026/09/19 11:15:46.389, 0, 79, 120.33, 100, 10877, 1189, 715, P0, 0x0000000000000000
2026/09/19 11:15:46.392, 1, 79, 108.52, 100, 11582, 1126, 715, P0, 0x0000000000000020
2026/09/19 11:15:47.416, 0, 78, 52.51, 63, 10877, 1278, 715, P0, 0x0000000000000000
2026/09/19 11:15:47.421, 1, 79, 104.84, 100, 11582, 1126, 715, P0, 0x0000000000000020
2026/09/19 11:15:48.427, 0, 78, 151.15, 0, 10877, 1177, 715, P0, 0x0000000000000020
2026/09/19 11:15:48.430, 1, 79, 105.61, 100, 11582, 1050, 715, P0, 0x0000000000000020
2026/09/19 11:15:49.442, 0, 80, 136.13, 100, 10877, 1240, 715, P0, 0x0000000000000020
2026/09/19 11:15:49.445, 1, 79, 108.48, 100, 11582, 1126, 715, P0, 0x0000000000000020
2026/09/19 11:15:50.456, 0, 79, 109.13, 100, 10877, 1126, 715, P0, 0x0000000000000020
2026/09/19 11:15:50.465, 1, 79, 108.86, 100, 11582, 1126, 715, P0, 0x0000000000000020
2026/09/19 11:15:51.477, 0, 78, 47.95, 0, 10877, 1189, 715, P0, 0x0000000000000000
2026/09/19 11:15:51.481, 1, 79, 108.47, 100, 11582, 1139, 715, P0, 0x0000000000000000
2026/09/19 11:15:52.490, 0, 78, 140.16, 100, 10877, 1189, 715, P0, 0x0000000000000020
2026/09/19 11:15:52.494, 1, 79, 103.94, 100, 11582, 1126, 715, P0, 0x0000000000000020
2026/09/19 11:15:53.508, 0, 79, 86.47, 100, 10877, 1189, 715, P0, 0x0000000000000000
2026/09/19 11:15:53.511, 1, 79, 69.83, 100, 11582, 1189, 715, P0, 0x0000000000000000
2026/09/19 11:15:54.519, 0, 80, 117.71, 100, 10877, 1177, 715, P0, 0x0000000000000020
2026/09/19 11:15:54.524, 1, 79, 108.76, 100, 11582, 1126, 715, P0, 0x0000000000000020
2026/09/19 11:15:55.534, 0, 77, 47.96, 0, 10877, 1189, 715, P0, 0x0000000000000000
2026/09/19 11:15:55.537, 1, 79, 104.87, 100, 11582, 1126, 715, P0, 0x0000000000000020
2026/09/19 11:15:56.548, 0, 79, 138.43, 100, 10877, 1278, 715, P0, 0x0000000000000000
2026/09/19 11:15:56.551, 1, 79, 108.41, 100, 11582, 1126, 715, P0, 0x0000000000000020
2026/09/19 11:15:57.563, 0, 79, 115.66, 100, 10877, 1088, 715, P0, 0x0000000000000000
2026/09/19 11:15:57.567, 1, 79, 96.91, 100, 11582, 1075, 715, P0, 0x0000000000000000
2026/09/19 11:15:58.574, 0, 80, 117.95, 100, 10877, 1189, 715, P0, 0x0000000000000020
2026/09/19 11:15:58.577, 1, 79, 108.83, 100, 11582, 1126, 715, P0, 0x0000000000000020
2026/09/19 11:15:59.588, 0, 77, 47.74, 0, 10877, 1189, 715, P0, 0x0000000000000000
2026/09/19 11:15:59.591, 1, 79, 104.63, 100, 11582, 1139, 715, P0, 0x0000000000000000
2026/09/19 11:16:00.602, 0, 79, 137.58, 100, 10877, 1265, 715, P0, 0x0000000000000000
2026/09/19 11:16:00.606, 1, 79, 104.40, 100, 11582, 1126, 715, P0, 0x0000000000000020
2026/09/19 11:16:01.617, 0, 79, 123.93, 100, 10877, 1101, 715, P0, 0x0000000000000020
2026/09/19 11:16:01.626, 1, 79, 104.48, 100, 11582, 1126, 715, P0, 0x0000000000000020
2026/09/19 11:16:02.631, 0, 79, 124.34, 100, 10877, 1189, 715, P0, 0x0000000000000020
2026/09/19 11:16:02.634, 1, 79, 114.65, 100, 11582, 1189, 715, P0, 0x0000000000000000
2026/09/19 11:16:03.648, 0, 77, 51.57, 0, 10877, 1265, 715, P0, 0x0000000000000000
2026/09/19 11:16:03.651, 1, 79, 108.94, 100, 11582, 1126, 715, P0, 0x0000000000000020
2026/09/19 11:16:04.662, 0, 79, 150.78, 100, 10877, 1303, 715, P0, 0x0000000000000020
2026/09/19 11:16:04.665, 1, 79, 104.31, 100, 11582, 1126, 715, P0, 0x0000000000000000
2026/09/19 11:16:05.675, 0, 79, 116.03, 100, 10877, 1189, 715, P0, 0x0000000000000000
2026/09/19 11:16:05.684, 1, 79, 108.11, 100, 11582, 1126, 715, P0, 0x0000000000000020
2026/09/19 11:16:06.704, 0, 79, 72.24, 100, 10877, 1189, 715, P0, 0x0000000000000000
2026/09/19 11:16:06.707, 1, 79, 106.19, 100, 11582, 1037, 715, P0, 0x0000000000000000
2026/09/19 11:16:07.735, 0, 77, 53.47, 0, 10877, 1303, 715, P0, 0x0000000000000000
2026/09/19 11:16:07.739, 1, 79, 109.35, 100, 11582, 1139, 715, P0, 0x0000000000000000
2026/09/19 11:16:08.751, 0, 79, 136.61, 100, 10877, 1265, 715, P0, 0x0000000000000020
2026/09/19 11:16:08.754, 1, 79, 108.72, 100, 11582, 1126, 715, P0, 0x0000000000000020
2026/09/19 11:16:09.765, 0, 79, 116.32, 100, 10877, 1177, 715, P0, 0x0000000000000020
2026/09/19 11:16:09.768, 1, 79, 108.59, 100, 11582, 1126, 715, P0, 0x0000000000000020
2026/09/19 11:16:10.779, 0, 79, 130.09, 100, 10877, 1088, 715, P0, 0x0000000000000020
2026/09/19 11:16:10.786, 1, 79, 109.52, 100, 11582, 1025, 715, P0, 0x0000000000000020
2026/09/19 11:16:11.806, 0, 77, 49.16, 0, 10877, 1227, 715, P0, 0x0000000000000000
2026/09/19 11:16:11.809, 1, 79, 108.90, 100, 11582, 1126, 715, P0, 0x0000000000000020
2026/09/19 11:16:12.818, 0, 80, 144.90, 100, 10877, 1290, 715, P0, 0x0000000000000000
2026/09/19 11:16:12.823, 1, 79, 108.87, 100, 11582, 1126, 715, P0, 0x0000000000000020
2026/09/19 11:16:13.832, 0, 79, 117.45, 100, 10877, 1189, 715, P0, 0x0000000000000000
2026/09/19 11:16:13.835, 1, 79, 108.29, 100, 11582, 1126, 715, P0, 0x0000000000000020
2026/09/19 11:16:14.847, 0, 79, 116.31, 100, 10877, 1088, 715, P0, 0x0000000000000000
2026/09/19 11:16:14.849, 1, 79, 97.15, 100, 11582, 1088, 715, P0, 0x0000000000000000
2026/09/19 11:16:15.856, 0, 77, 47.22, 0, 10877, 1189, 715, P0, 0x0000000000000000
2026/09/19 11:16:15.860, 1, 79, 108.90, 100, 11582, 1126, 715, P0, 0x0000000000000020
2026/09/19 11:16:16.870, 0, 80, 144.66, 100, 10877, 1303, 715, P0, 0x0000000000000020
2026/09/19 11:16:16.881, 1, 79, 108.41, 100, 11582, 1126, 715, P0, 0x0000000000000020
2026/09/19 11:16:17.895, 0, 79, 117.57, 100, 10877, 1177, 715, P0, 0x0000000000000020
2026/09/19 11:16:17.898, 1, 79, 91.44, 100, 11582, 1025, 715, P0, 0x0000000000000000
2026/09/19 11:16:18.909, 0, 79, 103.54, 100, 10877, 999, 715, P0, 0x0000000000000020
2026/09/19 11:16:18.912, 1, 79, 97.36, 100, 11582, 835, 715, P0, 0x0000000000000000
2026/09/19 11:16:19.919, 0, 77, 47.50, 0, 10877, 1189, 715, P0, 0x0000000000000000
2026/09/19 11:16:19.923, 1, 79, 94.16, 100, 11582, 1037, 715, P0, 0x0000000000000020
2026/09/19 11:16:20.934, 0, 79, 144.77, 100, 10877, 1303, 715, P0, 0x0000000000000020
2026/09/19 11:16:20.937, 1, 79, 96.07, 100, 11582, 1075, 715, P0, 0x0000000000000000
2026/09/19 11:16:21.949, 0, 79, 111.09, 100, 10877, 1164, 715, P0, 0x0000000000000000
2026/09/19 11:16:21.952, 1, 79, 94.04, 100, 11582, 1063, 715, P0, 0x0000000000000020
2026/09/19 11:16:22.966, 0, 79, 90.42, 100, 10877, 1202, 715, P0, 0x0000000000000000
2026/09/19 11:16:22.969, 1, 79, 95.89, 100, 11582, 1075, 715, P0, 0x0000000000000000
2026/09/19 11:16:23.982, 0, 77, 50.16, 0, 10877, 1240, 715, P0, 0x0000000000000000
2026/09/19 11:16:23.985, 1, 79, 96.74, 100, 11582, 1075, 715, P0, 0x0000000000000000
2026/09/19 11:16:25.009, 0, 79, 137.58, 100, 10877, 1265, 715, P0, 0x0000000000000000
2026/09/19 11:16:25.014, 1, 79, 103.92, 100, 11582, 1088, 715, P0, 0x0000000000000020
2026/09/19 11:16:26.023, 0, 79, 129.10, 100, 10877, 1101, 715, P0, 0x0000000000000020
2026/09/19 11:16:26.034, 1, 79, 144.37, 100, 11582, 1101, 715, P0, 0x0000000000000020
2026/09/19 11:16:27.054, 0, 79, 124.17, 100, 10877, 1189, 715, P0, 0x0000000000000020
2026/09/19 11:16:27.057, 1, 79, 103.79, 100, 11582, 1101, 715, P0, 0x0000000000000020
2026/09/19 11:16:28.069, 0, 77, 53.52, 0, 10877, 1303, 715, P0, 0x0000000000000000
2026/09/19 11:16:28.072, 1, 79, 101.55, 100, 11582, 1101, 715, P0, 0x0000000000000020
2026/09/19 11:16:29.079, 0, 79, 139.73, 100, 10877, 1278, 715, P0, 0x0000000000000000
2026/09/19 11:16:29.089, 1, 79, 102.79, 100, 11582, 1113, 715, P0, 0x0000000000000020
2026/09/19 11:16:30.095, 0, 79, 71.53, 100, 10877, 1265, 715, P0, 0x0000000000000000
2026/09/19 11:16:30.098, 1, 79, 85.58, 100, 11582, 1101, 715, P0, 0x0000000000000020
2026/09/19 11:16:31.112, 0, 79, 115.39, 100, 10877, 1177, 715, P0, 0x0000000000000000
2026/09/19 11:16:31.117, 1, 79, 100.99, 100, 11582, 1101, 715, P0, 0x0000000000000020
2026/09/19 11:16:32.127, 0, 77, 47.95, 0, 10877, 1189, 715, P0, 0x0000000000000000
2026/09/19 11:16:32.135, 1, 79, 103.42, 100, 11582, 1101, 715, P0, 0x0000000000000020
2026/09/19 11:16:33.141, 0, 78, 145.25, 57, 10877, 1202, 715, P0, 0x0000000000000000
2026/09/19 11:16:33.144, 1, 79, 95.11, 100, 11582, 1063, 715, P0, 0x0000000000000000
2026/09/19 11:16:34.155, 0, 80, 127.94, 100, 10877, 1215, 715, P0, 0x0000000000000000
2026/09/19 11:16:34.158, 1, 79, 104.01, 100, 11582, 1101, 715, P0, 0x0000000000000020
2026/09/19 11:16:35.165, 0, 79, 114.19, 100, 10877, 1164, 715, P0, 0x0000000000000020
2026/09/19 11:16:35.169, 1, 79, 103.56, 100, 11582, 1126, 715, P0, 0x0000000000000000
2026/09/19 11:16:36.179, 0, 78, 48.22, 0, 10877, 1189, 715, P0, 0x0000000000000000
2026/09/19 11:16:36.182, 1, 79, 103.18, 100, 11582, 1101, 715, P0, 0x0000000000000020
2026/09/19 11:16:37.190, 0, 77, 108.50, 0, 10877, 1189, 715, P0, 0x0000000000000000
2026/09/19 11:16:37.194, 1, 79, 106.85, 100, 11582, 1012, 715, P0, 0x0000000000000020
2026/09/19 11:16:38.202, 0, 80, 133.35, 100, 10877, 1227, 715, P0, 0x0000000000000000
2026/09/19 11:16:38.205, 1, 79, 103.95, 100, 11582, 1101, 715, P0, 0x0000000000000020
2026/09/19 11:16:39.214, 0, 79, 117.72, 100, 10877, 1189, 715, P0, 0x0000000000000000
2026/09/19 11:16:39.217, 1, 79, 103.56, 100, 11582, 1113, 715, P0, 0x0000000000000020
2026/09/19 11:16:40.234, 0, 78, 48.19, 9, 10877, 1189, 715, P0, 0x0000000000000000
2026/09/19 11:16:40.237, 1, 79, 108.23, 100, 11582, 1126, 715, P0, 0x0000000000000020
2026/09/19 11:16:41.247, 0, 77, 47.25, 0, 10877, 1189, 715, P0, 0x0000000000000000
2026/09/19 11:16:41.254, 1, 79, 112.50, 100, 11582, 1037, 715, P0, 0x0000000000000020
2026/09/19 11:16:42.262, 0, 80, 136.14, 100, 10877, 1240, 715, P0, 0x0000000000000020
2026/09/19 11:16:42.265, 1, 79, 108.72, 100, 11582, 1126, 715, P0, 0x0000000000000020
2026/09/19 11:16:43.290, 0, 79, 109.38, 100, 10877, 1126, 715, P0, 0x0000000000000020
2026/09/19 11:16:43.296, 1, 79, 108.38, 100, 11582, 1126, 715, P0, 0x0000000000000020
2026/09/19 11:16:44.301, 0, 78, 48.44, 0, 10877, 1189, 715, P0, 0x0000000000000000
2026/09/19 11:16:44.304, 1, 79, 109.86, 100, 11582, 1139, 715, P0, 0x0000000000000000
2026/09/19 11:16:45.309, 0, 77, 47.23, 0, 10877, 1189, 715, P0, 0x0000000000000000
2026/09/19 11:16:45.315, 1, 79, 106.80, 100, 11582, 1037, 715, P0, 0x0000000000000000
2026/09/19 11:16:46.322, 0, 79, 131.20, 100, 10877, 1240, 715, P0, 0x0000000000000020
2026/09/19 11:16:46.324, 1, 79, 108.73, 100, 11582, 1126, 715, P0, 0x0000000000000020
2026/09/19 11:16:47.336, 0, 79, 124.81, 100, 10877, 1189, 715, P0, 0x0000000000000020
2026/09/19 11:16:47.339, 1, 79, 104.74, 100, 11582, 1126, 715, P0, 0x0000000000000020
2026/09/19 11:16:48.351, 0, 78, 48.44, 18, 10877, 1189, 715, P0, 0x0000000000000000
2026/09/19 11:16:48.354, 1, 79, 108.23, 100, 11582, 1126, 715, P0, 0x0000000000000020
2026/09/19 11:16:49.365, 0, 77, 47.23, 0, 10877, 1189, 715, P0, 0x0000000000000000
2026/09/19 11:16:49.371, 1, 79, 108.97, 100, 11582, 1037, 715, P0, 0x0000000000000000
2026/09/19 11:16:50.383, 0, 80, 132.16, 100, 10877, 1240, 715, P0, 0x0000000000000000
2026/09/19 11:16:50.386, 1, 79, 108.73, 100, 11582, 1126, 715, P0, 0x0000000000000020
2026/09/19 11:16:51.397, 0, 80, 125.30, 100, 10877, 1189, 715, P0, 0x0000000000000020
2026/09/19 11:16:51.400, 1, 79, 104.50, 100, 11582, 1126, 715, P0, 0x0000000000000000
2026/09/19 11:16:52.408, 0, 78, 53.27, 61, 10877, 1290, 715, P0, 0x0000000000000000
2026/09/19 11:16:52.413, 1, 79, 108.15, 100, 11582, 1139, 715, P0, 0x0000000000000000
2026/09/19 11:16:53.419, 0, 77, 52.97, 0, 10877, 1290, 715, P0, 0x0000000000000000
2026/09/19 11:16:53.422, 1, 79, 130.65, 100, 11582, 1075, 715, P0, 0x0000000000000020
2026/09/19 11:16:54.432, 0, 79, 132.86, 100, 10877, 1177, 715, P0, 0x0000000000000020
2026/09/19 11:16:54.437, 1, 79, 108.73, 100, 11582, 1126, 715, P0, 0x0000000000000020
2026/09/19 11:16:55.448, 0, 79, 119.38, 100, 10877, 1164, 715, P0, 0x0000000000000020
2026/09/19 11:16:55.451, 1, 79, 108.53, 100, 11582, 1126, 715, P0, 0x0000000000000020
2026/09/19 11:16:56.459, 0, 79, 48.20, 100, 10877, 1189, 715, P0, 0x0000000000000000
2026/09/19 11:16:56.462, 1, 79, 104.39, 100, 11582, 1126, 715, P0, 0x0000000000000020
2026/09/19 11:16:57.471, 0, 77, 47.04, 0, 10877, 1189, 715, P0, 0x0000000000000000
2026/09/19 11:16:57.474, 1, 79, 86.43, 100, 11582, 1189, 715, P0, 0x0000000000000000
2026/09/19 11:16:58.482, 0, 80, 153.77, 100, 10877, 1303, 715, P0, 0x0000000000000020
2026/09/19 11:16:58.485, 1, 79, 108.12, 100, 11582, 1126, 715, P0, 0x0000000000000020
2026/09/19 11:16:59.509, 0, 80, 124.09, 100, 10877, 1189, 715, P0, 0x0000000000000020
2026/09/19 11:16:59.513, 1, 79, 107.79, 100, 11582, 1126, 715, P0, 0x0000000000000020
2026/09/19 11:17:00.523, 0, 79, 50.37, 83, 10877, 1189, 715, P0, 0x0000000000000000
2026/09/19 11:17:00.527, 1, 79, 104.15, 100, 11582, 1126, 715, P0, 0x0000000000000020
2026/09/19 11:17:01.548, 0, 77, 47.55, 0, 10877, 1189, 715, P0, 0x0000000000000000
2026/09/19 11:17:01.555, 1, 79, 72.15, 100, 11582, 1189, 715, P0, 0x0000000000000000
2026/09/19 11:17:02.560, 0, 79, 142.26, 100, 10877, 1265, 715, P0, 0x0000000000000020
2026/09/19 11:17:02.564, 1, 79, 108.15, 100, 11582, 1126, 715, P0, 0x0000000000000020
2026/09/19 11:17:03.575, 0, 79, 114.41, 100, 10877, 1177, 715, P0, 0x0000000000000000
2026/09/19 11:17:03.579, 1, 79, 108.35, 100, 11582, 1126, 715, P0, 0x0000000000000020
2026/09/19 11:17:04.589, 0, 79, 119.40, 100, 10877, 1075, 715, P0, 0x0000000000000020
2026/09/19 11:17:04.598, 1, 79, 101.89, 100, 11582, 1113, 715, P0, 0x0000000000000000
2026/09/19 11:17:05.605, 0, 77, 53.23, 0, 10877, 1303, 715, P0, 0x0000000000000000
2026/09/19 11:17:05.608, 1, 79, 108.87, 100, 11582, 1126, 715, P0, 0x0000000000000020
2026/09/19 11:17:06.618, 0, 80, 145.59, 100, 10877, 1290, 715, P0, 0x0000000000000020
2026/09/19 11:17:06.621, 1, 79, 109.11, 100, 11582, 1126, 715, P0, 0x0000000000000020
2026/09/19 11:17:07.628, 0, 79, 114.88, 100, 10877, 1164, 715, P0, 0x0000000000000020
2026/09/19 11:17:07.631, 1, 79, 108.11, 100, 11582, 1126, 715, P0, 0x0000000000000020
2026/09/19 11:17:08.647, 0, 79, 112.98, 100, 10877, 1063, 715, P0, 0x0000000000000000
2026/09/19 11:17:08.650, 1, 79, 110.95, 100, 11582, 1050, 715, P0, 0x0000000000000020
2026/09/19 11:17:09.657, 0, 77, 47.70, 0, 10877, 1189, 715, P0, 0x0000000000000000
2026/09/19 11:17:09.660, 1, 79, 108.41, 100, 11582, 1126, 715, P0, 0x0000000000000020
2026/09/19 11:17:10.670, 0, 80, 144.87, 100, 10877, 1303, 715, P0, 0x0000000000000000
2026/09/19 11:17:10.676, 1, 79, 107.91, 100, 11582, 1126, 715, P0, 0x0000000000000020
2026/09/19 11:17:11.682, 0, 79, 109.45, 100, 10877, 1139, 715, P0, 0x0000000000000020
2026/09/19 11:17:11.685, 1, 79, 108.38, 100, 11582, 1126, 715, P0, 0x0000000000000020
2026/09/19 11:17:12.696, 0, 79, 82.31, 100, 10877, 1189, 715, P0, 0x0000000000000000
2026/09/19 11:17:12.699, 1, 79, 113.04, 100, 11582, 1037, 715, P0, 0x0000000000000000
2026/09/19 11:17:13.712, 0, 77, 47.47, 0, 10877, 1189, 715, P0, 0x0000000000000000
2026/09/19 11:17:13.715, 1, 79, 108.90, 100, 11582, 1126, 715, P0, 0x0000000000000020
2026/09/19 11:17:14.724, 0, 79, 148.87, 100, 10877, 1303, 715, P0, 0x0000000000000020
2026/09/19 11:17:14.727, 1, 79, 107.91, 100, 11582, 1126, 715, P0, 0x0000000000000020
2026/09/19 11:17:15.738, 0, 79, 110.91, 100, 10877, 1101, 715, P0, 0x0000000000000020
2026/09/19 11:17:15.741, 1, 79, 106.22, 100, 11582, 1126, 715, P0, 0x0000000000000020
2026/09/19 11:17:16.749, 0, 79, 116.99, 100, 10877, 1177, 715, P0, 0x0000000000000020
2026/09/19 11:17:16.753, 1, 78, 116.12, 100, 11582, 1189, 715, P0, 0x0000000000000000
2026/09/19 11:17:17.765, 0, 77, 47.47, 0, 10877, 1189, 715, P0, 0x0000000000000000
2026/09/19 11:17:17.768, 1, 79, 108.23, 100, 11582, 1126, 715, P0, 0x0000000000000020
2026/09/19 11:17:18.787, 0, 79, 153.62, 100, 10877, 1328, 715, P0, 0x0000000000000000
2026/09/19 11:17:18.790, 1, 79, 108.37, 100, 11582, 1113, 715, P0, 0x0000000000000020
2026/09/19 11:17:19.800, 0, 79, 129.36, 100, 10877, 1139, 715, P0, 0x0000000000000000
2026/09/19 11:17:19.803, 1, 79, 103.53, 100, 11582, 1113, 715, P0, 0x0000000000000020
2026/09/19 11:17:20.816, 0, 79, 117.69, 100, 10877, 1189, 715, P0, 0x0000000000000000
2026/09/19 11:17:20.823, 1, 79, 108.53, 100, 11582, 1126, 715, P0, 0x0000000000000020
2026/09/19 11:17:21.841, 0, 77, 53.48, 0, 10877, 1303, 715, P0, 0x0000000000000000
2026/09/19 11:17:21.845, 1, 79, 108.63, 100, 11582, 1126, 715, P0, 0x0000000000000020
2026/09/19 11:17:22.867, 0, 79, 148.23, 100, 10877, 1290, 715, P0, 0x0000000000000000
2026/09/19 11:17:22.870, 1, 79, 108.14, 100, 11582, 1126, 715, P0, 0x0000000000000020
2026/09/19 11:17:23.879, 0, 79, 115.54, 100, 10877, 1075, 715, P0, 0x0000000000000020
2026/09/19 11:17:23.884, 1, 79, 107.17, 100, 11582, 961, 715, P0, 0x0000000000000020
2026/09/19 11:17:24.895, 0, 79, 109.86, 100, 10877, 1139, 715, P0, 0x0000000000000000
2026/09/19 11:17:24.901, 1, 79, 108.61, 100, 11582, 1126, 715, P0, 0x0000000000000020
2026/09/19 11:17:25.911, 0, 77, 47.71, 0, 10877, 1189, 715, P0, 0x0000000000000000
2026/09/19 11:17:25.914, 1, 79, 108.47, 100, 11582, 1126, 715, P0, 0x0000000000000020
2026/09/19 11:17:26.921, 0, 78, 127.46, 100, 10877, 1227, 715, P0, 0x0000000000000020
2026/09/19 11:17:26.926, 1, 79, 104.01, 100, 11582, 1126, 715, P0, 0x0000000000000020
2026/09/19 11:17:27.936, 0, 79, 109.97, 100, 10877, 1139, 715, P0, 0x0000000000000000
2026/09/19 11:17:27.939, 1, 79, 83.62, 100, 11582, 1126, 715, P0, 0x0000000000000020
2026/09/19 11:17:28.957, 0, 79, 115.55, 100, 10877, 1139, 715, P0, 0x0000000000000020
2026/09/19 11:17:28.965, 1, 79, 108.77, 100, 11582, 1126, 715, P0, 0x0000000000000000
2026/09/19 11:17:29.987, 0, 77, 47.95, 0, 10877, 1189, 715, P0, 0x0000000000000000
2026/09/19 11:17:29.990, 1, 79, 108.23, 100, 11582, 1126, 715, P0, 0x0000000000000020
2026/09/19 11:17:31.000, 0, 78, 144.43, 37, 10877, 1189, 715, P0, 0x0000000000000000
2026/09/19 11:17:31.004, 1, 79, 96.54, 100, 11582, 1088, 715, P0, 0x0000000000000000
2026/09/19 11:17:32.029, 0, 80, 133.82, 100, 10877, 1227, 715, P0, 0x0000000000000020
2026/09/19 11:17:32.032, 1, 79, 108.96, 100, 11582, 1126, 715, P0, 0x0000000000000020
2026/09/19 11:17:33.046, 0, 79, 117.72, 100, 10877, 1189, 715, P0, 0x0000000000000000
2026/09/19 11:17:33.049, 1, 79, 103.80, 100, 11582, 1126, 715, P0, 0x0000000000000020
2026/09/19 11:17:34.071, 0, 78, 48.43, 0, 10877, 1189, 715, P0, 0x0000000000000000
2026/09/19 11:17:34.073, 1, 79, 109.14, 100, 11582, 1126, 715, P0, 0x0000000000000020
2026/09/19 11:17:35.085, 0, 77, 47.46, 0, 10877, 1189, 715, P0, 0x0000000000000000
2026/09/19 11:17:35.087, 1, 79, 108.90, 100, 11582, 1050, 715, P0, 0x0000000000000020
2026/09/19 11:17:36.098, 0, 80, 128.17, 100, 10877, 1227, 715, P0, 0x0000000000000020
2026/09/19 11:17:36.100, 1, 79, 108.75, 100, 11582, 1126, 715, P0, 0x0000000000000000
2026/09/19 11:17:37.112, 0, 79, 119.39, 100, 10877, 1164, 715, P0, 0x0000000000000020
2026/09/19 11:17:37.115, 1, 79, 103.80, 100, 11582, 1113, 715, P0, 0x0000000000000020
2026/09/19 11:17:38.127, 0, 78, 47.71, 28, 10877, 1189, 715, P0, 0x0000000000000000
2026/09/19 11:17:38.131, 1, 79, 104.15, 100, 11582, 1126, 715, P0, 0x0000000000000020
2026/09/19 11:17:39.140, 0, 77, 47.31, 0, 10877, 1189, 715, P0, 0x0000000000000000
2026/09/19 11:17:39.143, 1, 79, 70.93, 100, 11582, 1189, 715, P0, 0x0000000000000000
2026/09/19 11:17:40.152, 0, 80, 136.70, 100, 10877, 1265, 715, P0, 0x0000000000000020
2026/09/19 11:17:40.155, 1, 79, 108.48, 100, 11582, 1126, 715, P0, 0x0000000000000020
2026/09/19 11:17:41.166, 0, 80, 111.81, 100, 10877, 1139, 715, P0, 0x0000000000000020
2026/09/19 11:17:41.170, 1, 79, 104.12, 100, 11582, 1126, 715, P0, 0x0000000000000000
2026/09/19 11:17:42.181, 0, 79, 118.84, 100, 10877, 1088, 715, P0, 0x0000000000000020
2026/09/19 11:17:42.187, 1, 79, 107.10, 100, 11582, 1050, 715, P0, 0x0000000000000000
2026/09/19 11:17:43.196, 0, 77, 53.24, 0, 10877, 1303, 715, P0, 0x0000000000000000
2026/09/19 11:17:43.199, 1, 79, 108.40, 100, 11582, 1126, 715, P0, 0x0000000000000020
2026/09/19 11:17:44.213, 0, 80, 153.63, 100, 10877, 1303, 715, P0, 0x0000000000000020
2026/09/19 11:17:44.216, 1, 79, 108.84, 100, 11582, 1126, 715, P0, 0x0000000000000000
2026/09/19 11:17:45.232, 0, 79, 117.22, 100, 10877, 1189, 715, P0, 0x0000000000000020
2026/09/19 11:17:45.235, 1, 79, 108.29, 100, 11582, 1126, 715, P0, 0x0000000000000020
2026/09/19 11:17:46.242, 0, 79, 74.31, 100, 10877, 1189, 715, P0, 0x0000000000000000
2026/09/19 11:17:46.246, 1, 79, 108.61, 100, 11582, 1012, 715, P0, 0x0000000000000020
2026/09/19 11:17:47.270, 0, 77, 52.30, 0, 10877, 1278, 715, P0, 0x0000000000000000
2026/09/19 11:17:47.273, 1, 79, 108.64, 100, 11582, 1126, 715, P0, 0x0000000000000020
2026/09/19 11:17:48.283, 0, 79, 157.82, 100, 10877, 1328, 715, P0, 0x0000000000000000
2026/09/19 11:17:48.286, 1, 79, 107.88, 100, 11582, 1126, 715, P0, 0x0000000000000020
2026/09/19 11:17:49.300, 0, 79, 114.62, 100, 10877, 1063, 715, P0, 0x0000000000000020
2026/09/19 11:17:49.303, 1, 79, 104.05, 100, 11582, 1126, 715, P0, 0x0000000000000020
2026/09/19 11:17:50.316, 0, 79, 114.42, 100, 10877, 1139, 715, P0, 0x0000000000000020
2026/09/19 11:17:50.319, 1, 79, 108.35, 100, 11582, 1126, 715, P0, 0x0000000000000020
2026/09/19 11:17:51.329, 0, 77, 47.94, 0, 10877, 1189, 715, P0, 0x0000000000000000
2026/09/19 11:17:51.332, 1, 79, 108.71, 100, 11582, 1126, 715, P0, 0x0000000000000020
2026/09/19 11:17:52.344, 0, 79, 130.48, 100, 10877, 1290, 715, P0, 0x0000000000000000
2026/09/19 11:17:52.350, 1, 79, 108.00, 100, 11582, 1126, 715, P0, 0x0000000000000020
2026/09/19 11:17:53.356, 0, 79, 142.73, 100, 10877, 1303, 715, P0, 0x0000000000000000
2026/09/19 11:17:53.359, 1, 79, 120.89, 100, 11582, 1189, 715, P0, 0x0000000000000000
2026/09/19 11:17:54.372, 0, 79, 115.78, 100, 10877, 1139, 715, P0, 0x0000000000000020
2026/09/19 11:17:54.376, 1, 79, 108.77, 100, 11582, 1126, 715, P0, 0x0000000000000020
2026/09/19 11:17:55.386, 0, 78, 51.57, 0, 10877, 1252, 715, P0, 0x0000000000000000
2026/09/19 11:17:55.392, 1, 79, 108.64, 100, 11582, 1126, 715, P0, 0x0000000000000020
2026/09/19 11:17:56.398, 0, 78, 139.21, 58, 10877, 1189, 715, P0, 0x0000000000000020
2026/09/19 11:17:56.401, 1, 79, 96.14, 100, 11582, 1101, 715, P0, 0x0000000000000000
2026/09/19 11:17:57.427, 0, 79, 117.47, 100, 10877, 1189, 715, P0, 0x0000000000000000
2026/09/19 11:17:57.435, 1, 79, 108.53, 100, 11582, 1126, 715, P0, 0x0000000000000020
2026/09/19 11:17:58.451, 0, 79, 118.42, 100, 10877, 1189, 715, P0, 0x0000000000000000
2026/09/19 11:17:58.454, 1, 79, 108.53, 100, 11582, 1126, 715, P0, 0x0000000000000020
2026/09/19 11:17:59.462, 0, 78, 48.44, 3, 10877, 1189, 715, P0, 0x0000000000000000
2026/09/19 11:17:59.466, 1, 79, 106.07, 100, 11582, 1126, 715, P0, 0x0000000000000020
2026/09/19 11:18:00.475, 0, 77, 47.22, 0, 10877, 1189, 715, P0, 0x0000000000000000
2026/09/19 11:18:00.478, 1, 79, 109.86, 100, 11582, 1037, 715, P0, 0x0000000000000000
2026/09/19 11:18:01.491, 0, 79, 122.89, 100, 10877, 1202, 715, P0, 0x0000000000000000
2026/09/19 11:18:01.495, 1, 79, 108.76, 100, 11582, 1126, 715, P0, 0x0000000000000020
2026/09/19 11:18:02.507, 0, 79, 117.23, 100, 10877, 1139, 715, P0, 0x0000000000000020
2026/09/19 11:18:02.517, 1, 79, 108.35, 100, 11582, 1126, 715, P0, 0x0000000000000020
2026/09/19 11:18:03.525, 0, 79, 65.29, 100, 10877, 1189, 715, P0, 0x0000000000000000
2026/09/19 11:18:03.535, 1, 79, 104.12, 100, 11582, 1126, 715, P0, 0x0000000000000020
2026/09/19 11:18:04.554, 0, 77, 47.94, 0, 10877, 1202, 715, P0, 0x0000000000000000
2026/09/19 11:18:04.557, 1, 79, 108.88, 100, 11582, 1126, 715, P0, 0x0000000000000020
2026/09/19 11:18:05.565, 0, 80, 136.61, 100, 10877, 1265, 715, P0, 0x0000000000000020
2026/09/19 11:18:05.568, 1, 79, 109.18, 100, 11582, 1126, 715, P0, 0x0000000000000020
2026/09/19 11:18:06.581, 0, 79, 122.73, 100, 10877, 1202, 715, P0, 0x0000000000000000
2026/09/19 11:18:06.584, 1, 79, 108.76, 100, 11582, 1126, 715, P0, 0x0000000000000020
2026/09/19 11:18:07.592, 0, 79, 128.79, 100, 10877, 1240, 715, P0, 0x0000000000000000
2026/09/19 11:18:07.595, 1, 79, 108.44, 100, 11582, 1037, 715, P0, 0x0000000000000000
2026/09/19 11:18:08.605, 0, 77, 47.47, 0, 10877, 1189, 715, P0, 0x0000000000000000
2026/09/19 11:18:08.611, 1, 79, 108.71, 100, 11582, 1126, 715, P0, 0x0000000000000020
2026/09/19 11:18:09.620, 0, 79, 150.76, 100, 10877, 1316, 715, P0, 0x0000000000000000
2026/09/19 11:18:09.623, 1, 79, 108.38, 100, 11582, 1126, 715, P0, 0x0000000000000020
2026/09/19 11:18:10.633, 0, 79, 119.19, 100, 10877, 1037, 715, P0, 0x0000000000000020
2026/09/19 11:18:10.641, 1, 79, 104.05, 100, 11582, 1126, 715, P0, 0x0000000000000020
2026/09/19 11:18:11.650, 0, 79, 115.31, 100, 10877, 1139, 715, P0, 0x0000000000000000
2026/09/19 11:18:11.658, 1, 79, 108.77, 100, 11582, 1126, 715, P0, 0x0000000000000020
2026/09/19 11:18:12.679, 0, 77, 47.94, 0, 10877, 1189, 715, P0, 0x0000000000000000
2026/09/19 11:18:12.683, 1, 79, 108.47, 100, 11582, 1126, 715, P0, 0x0000000000000020
2026/09/19 11:18:13.696, 0, 78, 125.29, 100, 10877, 1202, 715, P0, 0x0000000000000000
2026/09/19 11:18:13.700, 1, 79, 107.79, 100, 11582, 1126, 715, P0, 0x0000000000000020
2026/09/19 11:18:14.708, 0, 79, 81.70, 100, 10877, 1202, 715, P0, 0x0000000000000000
2026/09/19 11:18:14.711, 1, 79, 71.53, 100, 11582, 1189, 715, P0, 0x0000000000000000
2026/09/19 11:18:15.720, 0, 79, 109.21, 100, 10877, 1139, 715, P0, 0x0000000000000000
2026/09/19 11:18:15.723, 1, 79, 108.86, 100, 11582, 1126, 715, P0, 0x0000000000000020
2026/09/19 11:18:16.732, 0, 78, 48.19, 2, 10877, 1189, 715, P0, 0x0000000000000000
2026/09/19 11:18:16.736, 1, 79, 108.71, 100, 11582, 1126, 715, P0, 0x0000000000000020
2026/09/19 11:18:17.746, 0, 77, 104.75, 0, 10877, 1189, 715, P0, 0x0000000000000000
2026/09/19 11:18:17.749, 1, 79, 110.93, 100, 11582, 1050, 715, P0, 0x0000000000000000
2026/09/19 11:18:18.762, 0, 80, 133.34, 100, 10877, 1240, 715, P0, 0x0000000000000020
2026/09/19 11:18:18.767, 1, 79, 108.73, 100, 11582, 1126, 715, P0, 0x0000000000000000
2026/09/19 11:18:19.775, 0, 79, 116.99, 100, 10877, 1189, 715, P0, 0x0000000000000000
2026/09/19 11:18:19.778, 1, 79, 108.53, 100, 11582, 1126, 715, P0, 0x0000000000000020
2026/09/19 11:18:20.790, 0, 78, 52.54, 62, 10877, 1290, 715, P0, 0x0000000000000000
2026/09/19 11:18:20.793, 1, 79, 104.37, 100, 11582, 1126, 715, P0, 0x0000000000000020
2026/09/19 11:18:21.802, 0, 77, 52.75, 0, 10877, 1290, 715, P0, 0x0000000000000000
2026/09/19 11:18:21.804, 1, 79, 108.88, 100, 11582, 1126, 715, P0, 0x0000000000000020
2026/09/19 11:18:22.816, 0, 80, 143.94, 100, 10877, 1278, 715, P0, 0x0000000000000020
2026/09/19 11:18:22.825, 1, 79, 107.19, 100, 11582, 1101, 715, P0, 0x0000000000000020
2026/09/19 11:18:23.830, 0, 79, 117.47, 100, 10877, 1189, 715, P0, 0x0000000000000000
2026/09/19 11:18:23.833, 1, 79, 108.77, 100, 11582, 1126, 715, P0, 0x0000000000000020
2026/09/19 11:18:24.847, 0, 79, 132.05, 100, 10877, 1164, 715, P0, 0x0000000000000020
2026/09/19 11:18:24.849, 1, 79, 110.57, 100, 11582, 1037, 715, P0, 0x0000000000000020
2026/09/19 11:18:25.861, 0, 77, 47.47, 0, 10877, 1189, 715, P0, 0x0000000000000000
2026/09/19 11:18:25.864, 1, 79, 108.95, 100, 11582, 1126, 715, P0, 0x0000000000000020
2026/09/19 11:18:26.874, 0, 80, 160.83, 100, 10877, 1328, 715, P0, 0x0000000000000000
2026/09/19 11:18:26.879, 1, 79, 108.34, 100, 11582, 1126, 715, P0, 0x0000000000000020
2026/09/19 11:18:27.890, 0, 79, 121.01, 100, 10877, 1101, 715, P0, 0x0000000000000020
2026/09/19 11:18:27.893, 1, 79, 104.04, 100, 11582, 1126, 715, P0, 0x0000000000000020
2026/09/19 11:18:28.919, 0, 79, 122.18, 100, 10877, 1164, 715, P0, 0x0000000000000020
2026/09/19 11:18:28.924, 1, 79, 108.52, 100, 11582, 1126, 715, P0, 0x0000000000000020
2026/09/19 11:18:29.931, 0, 77, 47.71, 0, 10877, 1189, 715, P0, 0x0000000000000000
2026/09/19 11:18:29.932, 1, 79, 109.12, 100, 11582, 1126, 715, P0, 0x0000000000000020
2026/09/19 11:18:30.945, 0, 78, 132.65, 58, 10877, 1240, 715, P0, 0x0000000000000000
2026/09/19 11:18:30.947, 1, 79, 104.24, 100, 11582, 1126, 715, P0, 0x0000000000000000
2026/09/19 11:18:31.959, 0, 79, 112.32, 100, 10877, 1139, 715, P0, 0x0000000000000020
2026/09/19 11:18:31.963, 1, 79, 108.86, 100, 11582, 1126, 715, P0, 0x0000000000000000
2026/09/19 11:18:32.974, 0, 79, 109.45, 100, 10877, 1139, 715, P0, 0x0000000000000020
2026/09/19 11:18:32.982, 1, 79, 108.38, 100, 11582, 1126, 715, P0, 0x0000000000000020
2026/09/19 11:18:33.986, 0, 78, 51.57, 0, 10877, 1252, 715, P0, 0x0000000000000000
2026/09/19 11:18:33.989, 1, 79, 108.41, 100, 11582, 1126, 715, P0, 0x0000000000000020
2026/09/19 11:18:35.001, 0, 77, 50.85, 0, 10877, 1252, 715, P0, 0x0000000000000000
2026/09/19 11:18:35.004, 1, 79, 112.43, 100, 11582, 1050, 715, P0, 0x0000000000000020
2026/09/19 11:18:36.016, 0, 79, 122.66, 100, 10877, 1202, 715, P0, 0x0000000000000020
2026/09/19 11:18:36.019, 1, 79, 108.76, 100, 11582, 1126, 715, P0, 0x0000000000000020
2026/09/19 11:18:37.034, 0, 79, 127.21, 100, 10877, 1202, 715, P0, 0x0000000000000020
2026/09/19 11:18:37.037, 1, 79, 108.27, 100, 11582, 1126, 715, P0, 0x0000000000000020
2026/09/19 11:18:38.047, 0, 79, 99.04, 100, 10877, 1075, 715, P0, 0x0000000000000000
2026/09/19 11:18:38.052, 1, 79, 102.91, 100, 11582, 1126, 715, P0, 0x0000000000000000
2026/09/19 11:18:39.076, 0, 77, 47.22, 0, 10877, 1189, 715, P0, 0x0000000000000000
2026/09/19 11:18:39.079, 1, 79, 108.41, 100, 11582, 1126, 715, P0, 0x0000000000000020
2026/09/19 11:18:40.089, 0, 80, 156.88, 100, 10877, 1316, 715, P0, 0x0000000000000020
2026/09/19 11:18:40.092, 1, 79, 108.59, 100, 11582, 1126, 715, P0, 0x0000000000000020
2026/09/19 11:18:41.100, 0, 79, 112.98, 100, 10877, 1151, 715, P0, 0x0000000000000020
2026/09/19 11:18:41.104, 1, 79, 108.06, 100, 11582, 1126, 715, P0, 0x0000000000000020
2026/09/19 11:18:42.113, 0, 79, 109.58, 100, 10877, 1139, 715, P0, 0x0000000000000020
2026/09/19 11:18:42.119, 1, 79, 126.04, 100, 11582, 1126, 715, P0, 0x0000000000000020
2026/09/19 11:18:43.127, 0, 77, 51.57, 0, 10877, 1265, 715, P0, 0x0000000000000000
2026/09/19 11:18:43.130, 1, 79, 108.64, 100, 11582, 1126, 715, P0, 0x0000000000000020
2026/09/19 11:18:44.153, 0, 79, 149.32, 100, 10877, 1290, 715, P0, 0x0000000000000000
2026/09/19 11:18:44.157, 1, 79, 108.39, 100, 11582, 1126, 715, P0, 0x0000000000000020
2026/09/19 11:18:45.167, 0, 79, 128.69, 100, 10877, 1101, 715, P0, 0x0000000000000020
2026/09/19 11:18:45.173, 1, 79, 121.20, 100, 11582, 1037, 715, P0, 0x0000000000000020
2026/09/19 11:18:46.197, 0, 80, 124.57, 100, 10877, 1189, 715, P0, 0x0000000000000020
2026/09/19 11:18:46.200, 1, 79, 108.75, 100, 11582, 1126, 715, P0, 0x0000000000000000
2026/09/19 11:18:47.210, 0, 77, 53.72, 0, 10877, 1303, 715, P0, 0x0000000000000000
2026/09/19 11:18:47.213, 1, 79, 108.39, 100, 11582, 1126, 715, P0, 0x0000000000000020
2026/09/19 11:18:48.227, 0, 78, 149.89, 30, 10877, 1189, 715, P0, 0x0000000000000020
2026/09/19 11:18:48.230, 1, 79, 112.82, 100, 11582, 1050, 715, P0, 0x0000000000000020
2026/09/19 11:18:49.243, 0, 79, 127.19, 100, 10877, 1202, 715, P0, 0x0000000000000020
2026/09/19 11:18:49.246, 1, 79, 109.21, 100, 11582, 1126, 715, P0, 0x0000000000000020
2026/09/19 11:18:50.257, 0, 79, 115.61, 100, 10877, 1139, 715, P0, 0x0000000000000020
2026/09/19 11:18:50.260, 1, 79, 108.53, 100, 11582, 1126, 715, P0, 0x0000000000000020
2026/09/19 11:18:51.269, 0, 78, 48.19, 100, 10877, 1189, 715, P0, 0x0000000000000000
2026/09/19 11:18:51.275, 1, 79, 105.11, 100, 11582, 1139, 715, P0, 0x0000000000000000
2026/09/19 11:18:52.284, 0, 77, 47.22, 0, 10877, 1189, 715, P0, 0x0000000000000000
2026/09/19 11:18:52.287, 1, 79, 108.90, 100, 11582, 1126, 715, P0, 0x0000000000000020
2026/09/19 11:18:53.296, 0, 79, 136.63, 100, 10877, 1265, 715, P0, 0x0000000000000020
2026/09/19 11:18:53.299, 1, 79, 108.96, 100, 11582, 1126, 715, P0, 0x0000000000000020
2026/09/19 11:18:54.306, 0, 79, 121.95, 100, 10877, 1164, 715, P0, 0x0000000000000020
2026/09/19 11:18:54.317, 1, 79, 109.24, 100, 11582, 1126, 715, P0, 0x0000000000000020
2026/09/19 11:18:55.335, 0, 79, 70.55, 100, 10877, 1189, 715, P0, 0x0000000000000000
2026/09/19 11:18:55.338, 1, 79, 105.68, 100, 11582, 987, 715, P0, 0x0000000000000000
2026/09/19 11:18:56.351, 0, 77, 47.46, 0, 10877, 1189, 715, P0, 0x0000000000000000
2026/09/19 11:18:56.354, 1, 79, 108.71, 100, 11582, 1126, 715, P0, 0x0000000000000020
2026/09/19 11:18:57.368, 0, 79, 155.68, 100, 10877, 1316, 715, P0, 0x0000000000000000
2026/09/19 11:18:57.373, 1, 79, 109.31, 100, 11582, 1126, 715, P0, 0x0000000000000020
2026/09/19 11:18:58.382, 0, 79, 117.51, 100, 10877, 1075, 715, P0, 0x0000000000000020
2026/09/19 11:18:58.384, 1, 79, 97.90, 100, 11582, 1050, 715, P0, 0x0000000000000000
2026/09/19 11:18:59.412, 0, 79, 115.32, 100, 10877, 1164, 715, P0, 0x0000000000000020
2026/09/19 11:18:59.415, 1, 79, 108.59, 100, 11582, 1126, 715, P0, 0x0000000000000020
2026/09/19 11:19:00.424, 0, 77, 47.71, 0, 10877, 1189, 715, P0, 0x0000000000000000
2026/09/19 11:19:00.427, 1, 79, 110.08, 100, 11582, 1139, 715, P0, 0x0000000000000000
2026/09/19 11:19:01.435, 0, 78, 159.89, 44, 10877, 1252, 715, P0, 0x0000000000000000
2026/09/19 11:19:01.439, 1, 79, 109.42, 100, 11582, 1050, 715, P0, 0x0000000000000020
2026/09/19 11:19:02.446, 0, 80, 122.01, 100, 10877, 1189, 715, P0, 0x0000000000000020
2026/09/19 11:19:02.449, 1, 79, 108.52, 100, 11582, 1126, 715, P0, 0x0000000000000020
2026/09/19 11:19:03.462, 0, 79, 109.69, 100, 10877, 1126, 715, P0, 0x0000000000000020
2026/09/19 11:19:03.466, 1, 79, 108.86, 100, 11582, 1126, 715, P0, 0x0000000000000020
2026/09/19 11:19:04.477, 0, 78, 47.95, 100, 10877, 1189, 715, P0, 0x0000000000000000
2026/09/19 11:19:04.480, 1, 79, 106.48, 100, 11582, 1139, 715, P0, 0x0000000000000000
2026/09/19 11:19:05.487, 0, 77, 46.99, 0, 10877, 1189, 715, P0, 0x0000000000000000
2026/09/19 11:19:05.490, 1, 79, 108.71, 100, 11582, 1126, 715, P0, 0x0000000000000020
2026/09/19 11:19:06.500, 0, 80, 152.66, 100, 10877, 1316, 715, P0, 0x0000000000000020
2026/09/19 11:19:06.503, 1, 79, 108.85, 100, 11582, 1126, 715, P0, 0x0000000000000000
2026/09/19 11:19:07.515, 0, 79, 122.73, 100, 10877, 1202, 715, P0, 0x0000000000000000
2026/09/19 11:19:07.518, 1, 79, 108.51, 100, 11582, 1126, 715, P0, 0x0000000000000020
2026/09/19 11:19:08.526, 0, 79, 116.70, 100, 10877, 1139, 715, P0, 0x0000000000000000
2026/09/19 11:19:08.532, 1, 79, 126.91, 100, 11582, 1126, 715, P0, 0x0000000000000020
2026/09/19 11:19:09.540, 0, 77, 47.47, 0, 10877, 1189, 715, P0, 0x0000000000000000
2026/09/19 11:19:09.543, 1, 79, 108.65, 100, 11582, 1126, 715, P0, 0x0000000000000020
2026/09/19 11:19:10.553, 0, 79, 140.67, 100, 10877, 1265, 715, P0, 0x0000000000000000
2026/09/19 11:19:10.556, 1, 79, 110.79, 100, 11582, 1139, 715, P0, 0x0000000000000000
2026/09/19 11:19:11.568, 0, 79, 130.95, 100, 10877, 1189, 715, P0, 0x0000000000000000
2026/09/19 11:19:11.571, 1, 79, 113.90, 100, 11582, 1189, 715, P0, 0x0000000000000000
2026/09/19 11:19:12.584, 0, 79, 108.65, 100, 10877, 1126, 715, P0, 0x0000000000000020
2026/09/19 11:19:12.586, 1, 79, 108.78, 100, 11582, 1126, 715, P0, 0x0000000000000020
2026/09/19 11:19:13.597, 0, 77, 47.95, 0, 10877, 1189, 715, P0, 0x0000000000000000
2026/09/19 11:19:13.600, 1, 79, 108.65, 100, 11582, 1126, 715, P0, 0x0000000000000020
2026/09/19 11:19:14.610, 0, 77, 47.22, 0, 10877, 1189, 715, P0, 0x0000000000000000
2026/09/19 11:19:14.614, 1, 79, 110.34, 100, 11582, 1037, 715, P0, 0x0000000000000020
2026/09/19 11:19:15.625, 0, 80, 138.28, 100, 10877, 1265, 715, P0, 0x0000000000000020
2026/09/19 11:19:15.628, 1, 79, 108.70, 100, 11582, 1126, 715, P0, 0x0000000000000020
2026/09/19 11:19:16.638, 0, 79, 124.33, 100, 10877, 1189, 715, P0, 0x0000000000000020
2026/09/19 11:19:16.640, 1, 79, 108.51, 100, 11582, 1126, 715, P0, 0x0000000000000020
2026/09/19 11:19:17.649, 0, 79, 111.58, 100, 10877, 1050, 715, P0, 0x0000000000000000
2026/09/19 11:19:17.661, 1, 79, 100.04, 100, 11582, 1113, 715, P0, 0x0000000000000000
2026/09/19 11:19:18.679, 0, 77, 53.26, 0, 10877, 1303, 715, P0, 0x0000000000000000
2026/09/19 11:19:18.682, 1, 79, 109.12, 100, 11582, 1126, 715, P0, 0x0000000000000020
2026/09/19 11:19:19.695, 0, 79, 150.52, 100, 10877, 1316, 715, P0, 0x0000000000000020
2026/09/19 11:19:19.698, 1, 79, 108.62, 100, 11582, 1126, 715, P0, 0x0000000000000020
2026/09/19 11:19:20.708, 0, 79, 111.39, 100, 10877, 1126, 715, P0, 0x0000000000000000
2026/09/19 11:19:20.711, 1, 79, 104.36, 100, 11582, 1126, 715, P0, 0x0000000000000020
2026/09/19 11:19:21.725, 0, 79, 125.76, 100, 10877, 1189, 715, P0, 0x0000000000000020
2026/09/19 11:19:21.728, 1, 79, 110.67, 100, 11582, 1139, 715, P0, 0x0000000000000000
2026/09/19 11:19:22.743, 0, 77, 47.49, 0, 10877, 1189, 715, P0, 0x0000000000000000
2026/09/19 11:19:22.746, 1, 79, 109.19, 100, 11582, 1126, 715, P0, 0x0000000000000020
2026/09/19 11:19:23.756, 0, 78, 128.65, 63, 10877, 1202, 715, P0, 0x0000000000000000
2026/09/19 11:19:23.760, 1, 79, 104.25, 100, 11582, 1139, 715, P0, 0x0000000000000000
2026/09/19 11:19:24.776, 0, 80, 130.72, 100, 10877, 1202, 715, P0, 0x0000000000000020
2026/09/19 11:19:24.785, 1, 79, 108.73, 100, 11582, 1126, 715, P0, 0x0000000000000020
2026/09/19 11:19:25.790, 0, 79, 112.75, 100, 10877, 1139, 715, P0, 0x0000000000000000
2026/09/19 11:19:25.793, 1, 79, 106.20, 100, 11582, 1139, 715, P0, 0x0000000000000000
2026/09/19 11:19:26.805, 0, 78, 52.54, 74, 10877, 1265, 715, P0, 0x0000000000000000
2026/09/19 11:19:26.807, 1, 79, 108.40, 100, 11582, 1126, 715, P0, 0x0000000000000020
2026/09/19 11:19:27.819, 0, 77, 51.39, 0, 10877, 1265, 715, P0, 0x0000000000000000
2026/09/19 11:19:27.825, 1, 79, 70.65, 100, 11582, 1227, 715, P0, 0x0000000000000000
2026/09/19 11:19:28.834, 0, 80, 143.22, 100, 10877, 1290, 715, P0, 0x0000000000000020
2026/09/19 11:19:28.837, 1, 79, 109.11, 100, 11582, 1126, 715, P0, 0x0000000000000020
2026/09/19 11:19:29.852, 0, 79, 112.98, 100, 10877, 1139, 715, P0, 0x0000000000000020
2026/09/19 11:19:29.855, 1, 79, 108.61, 100, 11582, 1126, 715, P0, 0x0000000000000020
2026/09/19 11:19:30.869, 0, 79, 102.56, 100, 10877, 1126, 715, P0, 0x0000000000000020
2026/09/19 11:19:30.874, 1, 79, 106.89, 100, 11582, 1025, 715, P0, 0x0000000000000000
2026/09/19 11:19:31.879, 0, 77, 47.46, 0, 10877, 1189, 715, P0, 0x0000000000000000
2026/09/19 11:19:31.882, 1, 79, 108.47, 100, 11582, 1126, 715, P0, 0x0000000000000020
2026/09/19 11:19:32.887, 0, 79, 149.90, 100, 10877, 1316, 715, P0, 0x0000000000000020
2026/09/19 11:19:32.891, 1, 79, 104.37, 100, 11582, 1126, 715, P0, 0x0000000000000020
2026/09/19 11:19:33.900, 0, 79, 124.80, 100, 10877, 1189, 715, P0, 0x0000000000000000
2026/09/19 11:19:33.904, 1, 79, 118.89, 100, 11582, 1189, 715, P0, 0x0000000000000000
2026/09/19 11:19:34.917, 0, 79, 118.18, 100, 10877, 1151, 715, P0, 0x0000000000000020
2026/09/19 11:19:34.924, 1, 79, 109.01, 100, 11582, 1139, 715, P0, 0x0000000000000000
2026/09/19 11:19:35.934, 0, 78, 53.51, 0, 10877, 1290, 715, P0, 0x0000000000000000
2026/09/19 11:19:35.939, 1, 79, 104.36, 100, 11582, 1126, 715, P0, 0x0000000000000020
2026/09/19 11:19:36.947, 0, 77, 52.54, 0, 10877, 1290, 715, P0, 0x0000000000000000
2026/09/19 11:19:36.950, 1, 79, 112.93, 100, 11582, 1050, 715, P0, 0x0000000000000000
2026/09/19 11:19:37.966, 0, 79, 128.17, 100, 10877, 1215, 715, P0, 0x0000000000000000
2026/09/19 11:19:37.969, 1, 79, 108.27, 100, 11582, 1139, 715, P0, 0x0000000000000000
2026/09/19 11:19:38.981, 0, 79, 109.85, 100, 10877, 1126, 715, P0, 0x0000000000000020
2026/09/19 11:19:38.984, 1, 79, 108.36, 100, 11582, 1126, 715, P0, 0x0000000000000020
2026/09/19 11:19:39.995, 0, 79, 113.39, 100, 10877, 1063, 715, P0, 0x0000000000000000
2026/09/19 11:19:40.005, 1, 79, 113.36, 100, 11582, 1050, 715, P0, 0x0000000000000020
2026/09/19 11:19:41.023, 0, 77, 53.23, 0, 10877, 1303, 715, P0, 0x0000000000000000
2026/09/19 11:19:41.026, 1, 79, 109.59, 100, 11582, 1126, 715, P0, 0x0000000000000020
2026/09/19 11:19:42.040, 0, 79, 150.28, 100, 10877, 1303, 715, P0, 0x0000000000000020
2026/09/19 11:19:42.043, 1, 79, 108.86, 100, 11582, 1126, 715, P0, 0x0000000000000020
2026/09/19 11:19:43.056, 0, 79, 118.20, 100, 10877, 1088, 715, P0, 0x0000000000000000
2026/09/19 11:19:43.060, 1, 79, 103.08, 100, 11582, 1126, 715, P0, 0x0000000000000000
2026/09/19 11:19:44.084, 0, 79, 118.66, 100, 10877, 1177, 715, P0, 0x0000000000000020
2026/09/19 11:19:44.087, 1, 79, 108.53, 100, 11582, 1126, 715, P0, 0x0000000000000020
2026/09/19 11:19:45.098, 0, 77, 47.94, 0, 10877, 1189, 715, P0, 0x0000000000000000
2026/09/19 11:19:45.103, 1, 79, 108.47, 100, 11582, 1126, 715, P0, 0x0000000000000020
2026/09/19 11:19:46.111, 0, 78, 144.66, 6, 10877, 1189, 715, P0, 0x0000000000000000
2026/09/19 11:19:46.115, 1, 79, 113.95, 100, 11582, 1050, 715, P0, 0x0000000000000020
2026/09/19 11:19:47.128, 0, 80, 117.47, 100, 10877, 1177, 715, P0, 0x0000000000000020
2026/09/19 11:19:47.131, 1, 79, 109.00, 100, 11582, 1126, 715, P0, 0x0000000000000020
2026/09/19 11:19:48.139, 0, 79, 118.41, 100, 10877, 1177, 715, P0, 0x0000000000000020
2026/09/19 11:19:48.145, 1, 79, 108.76, 100, 11582, 1126, 715, P0, 0x0000000000000020
2026/09/19 11:19:49.152, 0, 79, 52.79, 100, 10877, 1189, 715, P0, 0x0000000000000000
2026/09/19 11:19:49.155, 1, 79, 104.15, 100, 11582, 1126, 715, P0, 0x0000000000000020
2026/09/19 11:19:50.181, 0, 77, 53.23, 0, 10877, 1303, 715, P0, 0x0000000000000000
2026/09/19 11:19:50.184, 1, 79, 109.12, 100, 11582, 1126, 715, P0, 0x0000000000000020
2026/09/19 11:19:51.197, 0, 80, 138.04, 100, 10877, 1265, 715, P0, 0x0000000000000020
2026/09/19 11:19:51.201, 1, 79, 108.48, 100, 11582, 1126, 715, P0, 0x0000000000000020
2026/09/19 11:19:52.210, 0, 79, 116.57, 100, 10877, 1189, 715, P0, 0x0000000000000000
2026/09/19 11:19:52.213, 1, 79, 106.67, 100, 11582, 1139, 715, P0, 0x0000000000000000
2026/09/19 11:19:53.218, 0, 79, 110.17, 100, 10877, 1126, 715, P0, 0x0000000000000020
2026/09/19 11:19:53.224, 1, 79, 108.85, 100, 11582, 1126, 715, P0, 0x0000000000000020
2026/09/19 11:19:54.228, 0, 77, 53.72, 0, 10877, 1303, 715, P0, 0x0000000000000000
2026/09/19 11:19:54.231, 1, 79, 110.55, 100, 11582, 1139, 715, P0, 0x0000000000000000
2026/09/19 11:19:55.241, 0, 78, 149.81, 82, 10877, 1227, 715, P0, 0x0000000000000020
2026/09/19 11:19:55.247, 1, 79, 103.36, 100, 11582, 1126, 715, P0, 0x0000000000000000
2026/09/19 11:19:56.258, 0, 79, 116.98, 100, 10877, 1177, 715, P0, 0x0000000000000020
2026/09/19 11:19:56.265, 1, 80, 110.68, 100, 11582, 1126, 715, P0, 0x0000000000000020
2026/09/19 11:19:57.272, 0, 79, 117.96, 100, 10877, 1177, 715, P0, 0x0000000000000020
2026/09/19 11:19:57.274, 1, 79, 105.24, 100, 11582, 1126, 715, P0, 0x0000000000000020
2026/09/19 11:19:58.289, 0, 79, 48.68, 94, 10877, 1189, 715, P0, 0x0000000000000000
2026/09/19 11:19:58.292, 1, 79, 104.87, 100, 11582, 1126, 715, P0, 0x0000000000000020
2026/09/19 11:19:59.301, 0, 77, 47.22, 0, 10877, 1189, 715, P0, 0x0000000000000000
2026/09/19 11:19:59.304, 1, 79, 108.95, 100, 11582, 1126, 715, P0, 0x0000000000000020
2026/09/19 11:20:00.313, 0, 80, 160.93, 100, 10877, 1328, 715, P0, 0x0000000000000000
2026/09/19 11:20:00.316, 1, 79, 108.59, 100, 11582, 1126, 715, P0, 0x0000000000000020
2026/09/19 11:20:01.329, 0, 79, 114.66, 100, 10877, 1177, 715, P0, 0x0000000000000000
2026/09/19 11:20:01.332, 1, 79, 108.35, 100, 11582, 1139, 715, P0, 0x0000000000000000
2026/09/19 11:20:02.338, 0, 79, 109.61, 100, 10877, 1126, 715, P0, 0x0000000000000020
2026/09/19 11:20:02.344, 1, 80, 109.10, 100, 11582, 1126, 715, P0, 0x0000000000000020
2026/09/19 11:20:03.354, 0, 77, 47.94, 0, 10877, 1189, 715, P0, 0x0000000000000000
2026/09/19 11:20:03.357, 1, 79, 109.67, 100, 11582, 1126, 715, P0, 0x0000000000000020
2026/09/19 11:20:04.368, 0, 78, 147.62, 39, 10877, 1189, 715, P0, 0x0000000000000000
2026/09/19 11:20:04.371, 1, 79, 104.37, 100, 11582, 1126, 715, P0, 0x0000000000000020
2026/09/19 11:20:05.384, 0, 79, 117.69, 100, 10877, 1177, 715, P0, 0x0000000000000020
2026/09/19 11:20:05.388, 1, 79, 109.00, 100, 11582, 1126, 715, P0, 0x0000000000000020
2026/09/19 11:20:06.401, 0, 79, 109.21, 100, 10877, 1126, 715, P0, 0x0000000000000020
2026/09/19 11:20:06.406, 1, 79, 109.56, 100, 11582, 1126, 715, P0, 0x0000000000000020
2026/09/19 11:20:07.416, 0, 78, 47.96, 100, 10877, 1189, 715, P0, 0x0000000000000000
2026/09/19 11:20:07.423, 1, 79, 104.39, 100, 11582, 1126, 715, P0, 0x0000000000000020
2026/09/19 11:20:08.428, 0, 77, 52.78, 0, 10877, 1290, 715, P0, 0x0000000000000000
2026/09/19 11:20:08.431, 1, 79, 108.87, 100, 11582, 1126, 715, P0, 0x0000000000000020
2026/09/19 11:20:09.445, 0, 80, 146.79, 100, 10877, 1278, 715, P0, 0x0000000000000020
2026/09/19 11:20:09.448, 1, 79, 108.38, 100, 11582, 1126, 715, P0, 0x0000000000000020
2026/09/19 11:20:10.461, 0, 79, 113.22, 100, 10877, 1177, 715, P0, 0x0000000000000000
2026/09/19 11:20:10.465, 1, 79, 107.88, 100, 11582, 1139, 715, P0, 0x0000000000000000
2026/09/19 11:20:11.475, 0, 79, 114.18, 100, 10877, 1139, 715, P0, 0x0000000000000000
2026/09/19 11:20:11.482, 1, 79, 108.84, 100, 11582, 1126, 715, P0, 0x0000000000000020
2026/09/19 11:20:12.490, 0, 77, 51.09, 0, 10877, 1252, 715, P0, 0x0000000000000000
2026/09/19 11:20:12.493, 1, 79, 111.29, 100, 11582, 1139, 715, P0, 0x0000000000000000
2026/09/19 11:20:13.501, 0, 78, 145.50, 68, 10877, 1202, 715, P0, 0x0000000000000020
2026/09/19 11:20:13.504, 1, 79, 103.65, 100, 11582, 1126, 715, P0, 0x0000000000000020
2026/09/19 11:20:14.514, 0, 80, 128.63, 100, 10877, 1164, 715, P0, 0x0000000000000020
2026/09/19 11:20:14.523, 1, 79, 108.51, 100, 11582, 1126, 715, P0, 0x0000000000000020
2026/09/19 11:20:15.528, 0, 79, 113.22, 100, 10877, 1151, 715, P0, 0x0000000000000020
2026/09/19 11:20:15.531, 1, 79, 109.09, 100, 11582, 1126, 715, P0, 0x0000000000000020
2026/09/19 11:20:16.543, 0, 79, 50.37, 100, 10877, 1189, 715, P0, 0x0000000000000000
2026/09/19 11:20:16.546, 1, 79, 104.39, 100, 11582, 1126, 715, P0, 0x0000000000000020
2026/09/19 11:20:17.554, 0, 77, 47.22, 0, 10877, 1189, 715, P0, 0x0000000000000000
2026/09/19 11:20:17.556, 1, 79, 108.41, 100, 11582, 1126, 715, P0, 0x0000000000000020
2026/09/19 11:20:18.568, 0, 79, 151.00, 100, 10877, 1316, 715, P0, 0x0000000000000000
2026/09/19 11:20:18.571, 1, 79, 108.62, 100, 11582, 1126, 715, P0, 0x0000000000000020
2026/09/19 11:20:19.580, 0, 79, 108.95, 100, 10877, 1037, 715, P0, 0x0000000000000020
2026/09/19 11:20:19.583, 1, 79, 104.39, 100, 11582, 1126, 715, P0, 0x0000000000000020
2026/09/19 11:20:20.594, 0, 79, 115.13, 100, 10877, 1139, 715, P0, 0x0000000000000000
2026/09/19 11:20:20.599, 1, 79, 109.07, 100, 11582, 1126, 715, P0, 0x0000000000000020
2026/09/19 11:20:21.604, 0, 77, 48.19, 0, 10877, 1202, 715, P0, 0x0000000000000000
2026/09/19 11:20:21.607, 1, 79, 108.71, 100, 11582, 1126, 715, P0, 0x0000000000000020
2026/09/19 11:20:22.618, 0, 77, 95.87, 0, 10877, 1202, 715, P0, 0x0000000000000000
2026/09/19 11:20:22.624, 1, 79, 95.78, 100, 11582, 847, 715, P0, 0x0000000000000000
2026/09/19 11:20:23.633, 0, 79, 122.54, 100, 10877, 1202, 715, P0, 0x0000000000000000
2026/09/19 11:20:23.636, 1, 79, 92.17, 100, 11582, 1025, 715, P0, 0x0000000000000020
2026/09/19 11:20:24.651, 0, 80, 133.62, 100, 10877, 1227, 715, P0, 0x0000000000000020
2026/09/19 11:20:24.653, 1, 79, 96.64, 100, 11582, 1075, 715, P0, 0x0000000000000000
2026/09/19 11:20:25.676, 0, 79, 119.80, 100, 10877, 1101, 715, P0, 0x0000000000000000
2026/09/19 11:20:25.679, 1, 79, 68.29, 100, 11582, 1189, 715, P0, 0x0000000000000000
2026/09/19 11:20:26.695, 0, 77, 47.26, 0, 10877, 1189, 715, P0, 0x0000000000000000
2026/09/19 11:20:26.697, 1, 79, 100.13, 100, 11582, 1075, 715, P0, 0x0000000000000000
2026/09/19 11:20:27.705, 0, 78, 176.97, 63, 10877, 1316, 715, P0, 0x0000000000000000
2026/09/19 11:20:27.708, 1, 79, 91.45, 100, 11582, 1025, 715, P0, 0x0000000000000000
2026/09/19 11:20:28.715, 0, 79, 128.19, 100, 10877, 1227, 715, P0, 0x0000000000000020
2026/09/19 11:20:28.719, 1, 79, 96.41, 100, 11582, 1075, 715, P0, 0x0000000000000000
2026/09/19 11:20:29.733, 0, 79, 122.02, 100, 10877, 1177, 715, P0, 0x0000000000000020
2026/09/19 11:20:29.736, 1, 79, 103.56, 100, 11582, 1101, 715, P0, 0x0000000000000020
2026/09/19 11:20:30.751, 0, 79, 48.68, 100, 10877, 1189, 715, P0, 0x0000000000000000
2026/09/19 11:20:30.754, 1, 79, 110.17, 100, 11582, 1012, 715, P0, 0x0000000000000020
2026/09/19 11:20:31.766, 0, 77, 47.46, 0, 10877, 1189, 715, P0, 0x0000000000000000
2026/09/19 11:20:31.770, 1, 79, 104.39, 100, 11582, 1101, 715, P0, 0x0000000000000020
2026/09/19 11:20:32.781, 0, 79, 154.36, 100, 10877, 1328, 715, P0, 0x0000000000000000
2026/09/19 11:20:32.784, 1, 79, 104.31, 100, 11582, 1126, 715, P0, 0x0000000000000020
2026/09/19 11:20:33.794, 0, 79, 129.46, 100, 10877, 1101, 715, P0, 0x0000000000000020
2026/09/19 11:20:33.800, 1, 79, 124.31, 100, 11582, 1151, 715, P0, 0x0000000000000020
2026/09/19 11:20:34.806, 0, 80, 124.57, 100, 10877, 1189, 715, P0, 0x0000000000000020
2026/09/19 11:20:34.812, 1, 79, 108.99, 100, 11582, 1126, 715, P0, 0x0000000000000020
2026/09/19 11:20:35.835, 0, 78, 53.27, 0, 10877, 1290, 715, P0, 0x0000000000000000
2026/09/19 11:20:35.840, 1, 79, 104.85, 100, 11582, 1139, 715, P0, 0x0000000000000000
2026/09/19 11:20:36.846, 0, 77, 52.46, 0, 10877, 1290, 715, P0, 0x0000000000000000
2026/09/19 11:20:36.849, 1, 79, 123.16, 100, 11582, 1037, 715, P0, 0x0000000000000020
2026/09/19 11:20:37.876, 0, 80, 142.02, 100, 10877, 1240, 715, P0, 0x0000000000000020
2026/09/19 11:20:37.878, 1, 79, 108.41, 100, 11582, 1126, 715, P0, 0x0000000000000020
2026/09/19 11:20:38.892, 0, 79, 124.58, 100, 10877, 1189, 715, P0, 0x0000000000000020
2026/09/19 11:20:38.895, 1, 79, 104.25, 100, 11582, 1126, 715, P0, 0x0000000000000020
2026/09/19 11:20:39.906, 0, 79, 122.48, 100, 10877, 1252, 715, P0, 0x0000000000000000
2026/09/19 11:20:39.909, 1, 79, 112.68, 100, 11582, 999, 715, P0, 0x0000000000000020
2026/09/19 11:20:40.917, 0, 77, 47.47, 0, 10877, 1189, 715, P0, 0x0000000000000000
2026/09/19 11:20:40.921, 1, 79, 109.38, 100, 11582, 1139, 715, P0, 0x0000000000000020
2026/09/19 11:20:41.932, 0, 79, 149.80, 100, 10877, 1316, 715, P0, 0x0000000000000000
2026/09/19 11:20:41.935, 1, 79, 108.14, 100, 11582, 1139, 715, P0, 0x0000000000000000
2026/09/19 11:20:42.949, 0, 79, 117.22, 100, 10877, 1177, 715, P0, 0x0000000000000020
2026/09/19 11:20:42.957, 1, 79, 108.59, 100, 11582, 1126, 715, P0, 0x0000000000000020
2026/09/19 11:20:43.963, 0, 79, 116.75, 100, 10877, 1164, 715, P0, 0x0000000000000020
2026/09/19 11:20:43.966, 1, 79, 108.59, 100, 11582, 1126, 715, P0, 0x0000000000000020
2026/09/19 11:20:44.975, 0, 78, 48.44, 34, 10877, 1189, 715, P0, 0x0000000000000000
2026/09/19 11:20:44.978, 1, 79, 110.10, 100, 11582, 1139, 715, P0, 0x0000000000000000
2026/09/19 11:20:45.990, 0, 77, 47.22, 0, 10877, 1189, 715, P0, 0x0000000000000000
2026/09/19 11:20:45.995, 1, 79, 108.65, 100, 11582, 1139, 715, P0, 0x0000000000000000
2026/09/19 11:20:47.004, 0, 80, 144.39, 100, 10877, 1278, 715, P0, 0x0000000000000000
2026/09/19 11:20:47.007, 1, 79, 108.62, 100, 11582, 1126, 715, P0, 0x0000000000000020
2026/09/19 11:20:48.020, 0, 79, 117.22, 100, 10877, 1189, 715, P0, 0x0000000000000020
2026/09/19 11:20:48.023, 1, 79, 108.29, 100, 11582, 1126, 715, P0, 0x0000000000000020
2026/09/19 11:20:49.032, 0, 79, 124.80, 100, 10877, 1189, 715, P0, 0x0000000000000020
2026/09/19 11:20:49.038, 1, 79, 109.22, 100, 11582, 1126, 715, P0, 0x0000000000000020
2026/09/19 11:20:50.047, 0, 77, 48.91, 0, 10877, 1215, 715, P0, 0x0000000000000000
2026/09/19 11:20:50.050, 1, 79, 108.64, 100, 11582, 1126, 715, P0, 0x0000000000000020
2026/09/19 11:20:51.061, 0, 78, 152.82, 16, 10877, 1215, 715, P0, 0x0000000000000000
2026/09/19 11:20:51.064, 1, 79, 103.89, 100, 11582, 1126, 715, P0, 0x0000000000000020
2026/09/19 11:20:52.076, 0, 79, 114.66, 100, 10877, 1177, 715, P0, 0x0000000000000000
2026/09/19 11:20:52.083, 1, 79, 109.07, 100, 11582, 1126, 715, P0, 0x0000000000000020
2026/09/19 11:20:53.101, 0, 79, 116.98, 100, 10877, 1177, 715, P0, 0x0000000000000020
2026/09/19 11:20:53.104, 1, 79, 109.01, 100, 11582, 1126, 715, P0, 0x0000000000000020
2026/09/19 11:20:54.115, 0, 79, 49.41, 95, 10877, 1189, 715, P0, 0x0000000000000000
2026/09/19 11:20:54.120, 1, 79, 103.90, 100, 11582, 1126, 715, P0, 0x0000000000000020
2026/09/19 11:20:55.129, 0, 77, 47.23, 0, 10877, 1189, 715, P0, 0x0000000000000000
2026/09/19 11:20:55.132, 1, 79, 104.63, 100, 11582, 1126, 715, P0, 0x0000000000000020
2026/09/19 11:20:56.157, 0, 79, 160.44, 100, 10877, 1328, 715, P0, 0x0000000000000000
2026/09/19 11:20:56.160, 1, 79, 107.88, 100, 11582, 1126, 715, P0, 0x0000000000000020
2026/09/19 11:20:57.172, 0, 79, 122.30, 100, 10877, 1101, 715, P0, 0x0000000000000020
2026/09/19 11:20:57.175, 1, 79, 102.60, 100, 11582, 1126, 715, P0, 0x0000000000000000
2026/09/19 11:20:58.185, 0, 79, 117.47, 100, 10877, 1177, 715, P0, 0x0000000000000020
2026/09/19 11:20:58.188, 1, 79, 108.77, 100, 11582, 1126, 715, P0, 0x0000000000000020
2026/09/19 11:20:59.197, 0, 77, 47.71, 0, 10877, 1189, 715, P0, 0x0000000000000000
2026/09/19 11:20:59.201, 1, 79, 110.34, 100, 11582, 1139, 715, P0, 0x0000000000000000
2026/09/19 11:21:00.211, 0, 77, 46.98, 0, 10877, 1189, 715, P0, 0x0000000000000000
2026/09/19 11:21:00.214, 1, 79, 109.94, 100, 11582, 1050, 715, P0, 0x0000000000000000
2026/09/19 11:21:01.238, 0, 80, 128.57, 100, 10877, 1215, 715, P0, 0x0000000000000020
2026/09/19 11:21:01.243, 1, 79, 108.75, 100, 11582, 1126, 715, P0, 0x0000000000000020
2026/09/19 11:21:02.251, 0, 79, 116.51, 100, 10877, 1177, 715, P0, 0x0000000000000020
2026/09/19 11:21:02.254, 1, 79, 108.04, 100, 11582, 1126, 715, P0, 0x0000000000000020
2026/09/19 11:21:03.261, 0, 79, 72.20, 100, 10877, 1189, 715, P0, 0x0000000000000000
2026/09/19 11:21:03.265, 1, 79, 107.89, 100, 11582, 1037, 715, P0, 0x0000000000000000
2026/09/19 11:21:04.277, 0, 77, 47.47, 0, 10877, 1189, 715, P0, 0x0000000000000000
2026/09/19 11:21:04.281, 1, 79, 108.47, 100, 11582, 1126, 715, P0, 0x0000000000000020
2026/09/19 11:21:05.286, 0, 79, 154.48, 100, 10877, 1328, 715, P0, 0x0000000000000000
2026/09/19 11:21:05.289, 1, 79, 108.37, 100, 11582, 1126, 715, P0, 0x0000000000000020
2026/09/19 11:21:06.302, 0, 80, 103.92, 100, 10877, 1189, 715, P0, 0x0000000000000020
2026/09/19 11:21:06.306, 1, 79, 108.40, 100, 11582, 1126, 715, P0, 0x0000000000000020
2026/09/19 11:21:07.315, 0, 79, 108.48, 100, 10877, 1088, 715, P0, 0x0000000000000020
2026/09/19 11:21:07.326, 1, 79, 108.86, 100, 11582, 1126, 715, P0, 0x0000000000000020
2026/09/19 11:21:08.345, 0, 78, 51.81, 63, 10877, 1278, 715, P0, 0x0000000000000000
2026/09/19 11:21:08.348, 1, 79, 108.15, 100, 11582, 1139, 715, P0, 0x0000000000000000
2026/09/19 11:21:09.358, 0, 77, 52.06, 0, 10877, 1278, 715, P0, 0x0000000000000000
2026/09/19 11:21:09.361, 1, 79, 104.61, 100, 11582, 1126, 715, P0, 0x0000000000000020
2026/09/19 11:21:10.369, 0, 79, 146.34, 100, 10877, 1278, 715, P0, 0x0000000000000020
2026/09/19 11:21:10.372, 1, 79, 108.15, 100, 11582, 1126, 715, P0, 0x0000000000000020
2026/09/19 11:21:11.395, 0, 79, 111.07, 100, 10877, 1151, 715, P0, 0x0000000000000000
2026/09/19 11:21:11.398, 1, 79, 108.12, 100, 11582, 1126, 715, P0, 0x0000000000000020
2026/09/19 11:21:12.411, 0, 79, 115.13, 100, 10877, 1164, 715, P0, 0x0000000000000020
2026/09/19 11:21:12.414, 1, 79, 108.59, 100, 11582, 1126, 715, P0, 0x0000000000000020
2026/09/19 11:21:13.426, 0, 77, 47.47, 0, 10877, 1189, 715, P0, 0x0000000000000000
2026/09/19 11:21:13.429, 1, 79, 104.39, 100, 11582, 1126, 715, P0, 0x0000000000000020
2026/09/19 11:21:14.439, 0, 78, 145.71, 0, 10877, 1189, 715, P0, 0x0000000000000000
2026/09/19 11:21:14.444, 1, 79, 99.37, 100, 11582, 1088, 715, P0, 0x0000000000000000
2026/09/19 11:21:15.456, 0, 80, 125.77, 100, 10877, 1202, 715, P0, 0x0000000000000000
2026/09/19 11:21:15.459, 1, 79, 108.75, 100, 11582, 1126, 715, P0, 0x0000000000000020
2026/09/19 11:21:16.469, 0, 79, 127.19, 100, 10877, 1202, 715, P0, 0x0000000000000020
2026/09/19 11:21:16.472, 1, 79, 108.51, 100, 11582, 1126, 715, P0, 0x0000000000000020
2026/09/19 11:21:17.482, 0, 79, 114.92, 100, 10877, 1063, 715, P0, 0x0000000000000020
2026/09/19 11:21:17.492, 1, 79, 101.72, 100, 11582, 1075, 715, P0, 0x0000000000000000
2026/09/19 11:21:18.509, 0, 77, 47.47, 0, 10877, 1189, 715, P0, 0x0000000000000000
2026/09/19 11:21:18.512, 1, 79, 111.06, 100, 11582, 1126, 715, P0, 0x0000000000000020
2026/09/19 11:21:19.539, 0, 79, 159.96, 100, 10877, 1328, 715, P0, 0x0000000000000000
2026/09/19 11:21:19.542, 1, 79, 108.59, 100, 11582, 1126, 715, P0, 0x0000000000000020
2026/09/19 11:21:20.554, 0, 79, 130.68, 100, 10877, 1088, 715, P0, 0x0000000000000020
2026/09/19 11:21:20.557, 1, 79, 117.71, 100, 11582, 949, 715, P0, 0x0000000000000020
2026/09/19 11:21:21.571, 0, 79, 126.25, 100, 10877, 1189, 715, P0, 0x0000000000000000
2026/09/19 11:21:21.574, 1, 79, 108.75, 100, 11582, 1126, 715, P0, 0x0000000000000020
2026/09/19 11:21:22.586, 0, 77, 47.98, 0, 10877, 1189, 715, P0, 0x0000000000000000
2026/09/19 11:21:22.590, 1, 79, 104.87, 100, 11582, 1126, 715, P0, 0x0000000000000020
2026/09/19 11:21:23.600, 0, 77, 47.31, 0, 10877, 1189, 715, P0, 0x0000000000000000
2026/09/19 11:21:23.604, 1, 79, 85.77, 100, 11582, 1189, 715, P0, 0x0000000000000000
2026/09/19 11:21:24.613, 0, 80, 145.14, 100, 10877, 1290, 715, P0, 0x0000000000000000
2026/09/19 11:21:24.617, 1, 79, 108.65, 100, 11582, 1126, 715, P0, 0x0000000000000020
2026/09/19 11:21:25.628, 0, 79, 117.47, 100, 10877, 1189, 715, P0, 0x0000000000000000
2026/09/19 11:21:25.633, 1, 79, 108.29, 100, 11582, 1126, 715, P0, 0x0000000000000020
2026/09/19 11:21:26.643, 0, 79, 118.50, 100, 10877, 1189, 715, P0, 0x0000000000000000
2026/09/19 11:21:26.646, 1, 79, 100.26, 100, 11582, 1126, 715, P0, 0x0000000000000020
2026/09/19 11:21:27.653, 0, 77, 51.57, 0, 10877, 1265, 715, P0, 0x0000000000000000
2026/09/19 11:21:27.656, 1, 79, 109.60, 100, 11582, 1126, 715, P0, 0x0000000000000020
2026/09/19 11:21:28.667, 0, 79, 152.58, 25, 10877, 1240, 715, P0, 0x0000000000000000
2026/09/19 11:21:28.671, 1, 79, 103.82, 100, 11582, 1126, 715, P0, 0x0000000000000020
2026/09/19 11:21:29.695, 0, 80, 116.57, 100, 10877, 1139, 715, P0, 0x0000000000000020
2026/09/19 11:21:29.698, 1, 79, 109.07, 100, 11582, 1126, 715, P0, 0x0000000000000020
2026/09/19 11:21:30.709, 0, 79, 114.41, 100, 10877, 1164, 715, P0, 0x0000000000000000
2026/09/19 11:21:30.713, 1, 79, 108.35, 100, 11582, 1126, 715, P0, 0x0000000000000020
2026/09/19 11:21:31.725, 0, 79, 114.21, 100, 10877, 1075, 715, P0, 0x0000000000000020
2026/09/19 11:21:31.737, 1, 79, 101.18, 100, 11582, 1113, 715, P0, 0x0000000000000000
2026/09/19 11:21:32.754, 0, 77, 47.22, 0, 10877, 1189, 715, P0, 0x0000000000000000
2026/09/19 11:21:32.757, 1, 79, 105.59, 100, 11582, 1126, 715, P0, 0x0000000000000020
2026/09/19 11:21:33.768, 0, 79, 153.62, 100, 10877, 1328, 715, P0, 0x0000000000000000
2026/09/19 11:21:33.773, 1, 79, 108.37, 100, 11582, 1126, 715, P0, 0x0000000000000020
2026/09/19 11:21:34.782, 0, 79, 115.15, 100, 10877, 1050, 715, P0, 0x0000000000000020
2026/09/19 11:21:34.785, 1, 79, 110.54, 100, 11582, 987, 715, P0, 0x0000000000000020
2026/09/19 11:21:35.797, 0, 79, 116.08, 100, 10877, 1139, 715, P0, 0x0000000000000020
2026/09/19 11:21:35.800, 1, 79, 108.83, 100, 11582, 1126, 715, P0, 0x0000000000000020
2026/09/19 11:21:36.810, 0, 78, 48.23, 0, 10877, 1189, 715, P0, 0x0000000000000000
2026/09/19 11:21:36.813, 1, 79, 91.99, 100, 11582, 1025, 715, P0, 0x0000000000000020
2026/09/19 11:21:37.821, 0, 77, 47.26, 0, 10877, 1189, 715, P0, 0x0000000000000000
2026/09/19 11:21:37.824, 1, 79, 92.00, 100, 11582, 1012, 715, P0, 0x0000000000000020
2026/09/19 11:21:38.837, 0, 80, 160.99, 100, 10877, 1328, 715, P0, 0x0000000000000000
2026/09/19 11:21:38.840, 1, 79, 96.03, 100, 11582, 1063, 715, P0, 0x0000000000000020
2026/09/19 11:21:39.851, 0, 79, 128.07, 100, 10877, 1139, 715, P0, 0x0000000000000000
2026/09/19 11:21:39.857, 1, 78, 120.07, 100, 11582, 1139, 715, P0, 0x0000000000000020
2026/09/19 11:21:40.867, 0, 79, 117.80, 100, 10877, 1177, 715, P0, 0x0000000000000020
2026/09/19 11:21:40.874, 1, 79, 100.99, 100, 11582, 1101, 715, P0, 0x0000000000000000
2026/09/19 11:21:41.881, 0, 77, 47.71, 0, 10877, 1189, 715, P0, 0x0000000000000000
2026/09/19 11:21:41.884, 1, 79, 108.17, 100, 11582, 1126, 715, P0, 0x0000000000000020
2026/09/19 11:21:42.895, 0, 77, 47.01, 0, 10877, 1189, 715, P0, 0x0000000000000000
2026/09/19 11:21:42.897, 1, 79, 104.39, 100, 11582, 1126, 715, P0, 0x0000000000000000
2026/09/19 11:21:43.910, 0, 80, 163.21, 100, 10877, 1328, 715, P0, 0x0000000000000000
2026/09/19 11:21:43.914, 1, 79, 107.39, 100, 11582, 1126, 715, P0, 0x0000000000000000
2026/09/19 11:21:44.923, 0, 79, 113.24, 100, 10877, 1101, 715, P0, 0x0000000000000020
2026/09/19 11:21:44.926, 1, 79, 103.88, 100, 11582, 1126, 715, P0, 0x0000000000000020
2026/09/19 11:21:45.938, 0, 79, 117.95, 100, 10877, 1189, 715, P0, 0x0000000000000000
2026/09/19 11:21:45.941, 1, 79, 108.29, 100, 11582, 1126, 715, P0, 0x0000000000000020
2026/09/19 11:21:46.955, 0, 77, 47.94, 0, 10877, 1189, 715, P0, 0x0000000000000000
2026/09/19 11:21:46.958, 1, 79, 108.23, 100, 11582, 1126, 715, P0, 0x0000000000000020
2026/09/19 11:21:47.970, 0, 76, 47.01, 0, 10877, 1189, 715, P0, 0x0000000000000000
2026/09/19 11:21:47.973, 1, 79, 108.48, 100, 11582, 1037, 715, P0, 0x0000000000000020
2026/09/19 11:21:48.985, 0, 80, 128.63, 100, 10877, 1215, 715, P0, 0x0000000000000020
2026/09/19 11:21:48.989, 1, 79, 108.75, 100, 11582, 1126, 715, P0, 0x0000000000000020
2026/09/19 11:21:50.000, 0, 79, 119.37, 100, 10877, 1189, 715, P0, 0x0000000000000000
2026/09/19 11:21:50.004, 1, 79, 108.52, 100, 11582, 1126, 715, P0, 0x0000000000000020
2026/09/19 11:21:51.012, 0, 79, 118.06, 100, 10877, 1177, 715, P0, 0x0000000000000020
2026/09/19 11:21:51.016, 1, 79, 102.84, 100, 11582, 1189, 715, P0, 0x0000000000000000
2026/09/19 11:21:52.025, 0, 77, 47.47, 0, 10877, 1189, 715, P0, 0x0000000000000000
2026/09/19 11:21:52.028, 1, 79, 108.47, 100, 11582, 1126, 715, P0, 0x0000000000000020
2026/09/19 11:21:53.040, 0, 78, 138.29, 64, 10877, 1240, 715, P0, 0x0000000000000000
2026/09/19 11:21:53.044, 1, 79, 103.92, 100, 11582, 1126, 715, P0, 0x0000000000000020
2026/09/19 11:21:54.053, 0, 79, 126.49, 100, 10877, 1202, 715, P0, 0x0000000000000020
2026/09/19 11:21:54.057, 1, 79, 108.27, 100, 11582, 1126, 715, P0, 0x0000000000000000
2026/09/19 11:21:55.066, 0, 80, 127.45, 100, 10877, 1202, 715, P0, 0x0000000000000020
2026/09/19 11:21:55.069, 1, 79, 107.55, 100, 11582, 1126, 715, P0, 0x0000000000000020
2026/09/19 11:21:56.080, 0, 79, 115.82, 100, 10877, 1063, 715, P0, 0x0000000000000020
2026/09/19 11:21:56.083, 1, 79, 111.04, 100, 11582, 1063, 715, P0, 0x0000000000000000
2026/09/19 11:21:57.094, 0, 77, 47.46, 0, 10877, 1189, 715, P0, 0x0000000000000000
2026/09/19 11:21:57.100, 1, 79, 107.50, 100, 11582, 1113, 715, P0, 0x0000000000000020
2026/09/19 11:21:58.110, 0, 79, 155.45, 100, 10877, 1316, 715, P0, 0x0000000000000000
2026/09/19 11:21:58.113, 1, 79, 103.58, 100, 11582, 1126, 715, P0, 0x0000000000000000
2026/09/19 11:21:59.123, 0, 79, 72.99, 100, 10877, 1303, 715, P0, 0x0000000000000020
2026/09/19 11:21:59.126, 1, 79, 81.14, 100, 11582, 1126, 715, P0, 0x0000000000000000
2026/09/19 11:22:00.135, 0, 80, 128.18, 100, 10877, 1202, 715, P0, 0x0000000000000020
2026/09/19 11:22:00.138, 1, 79, 104.68, 100, 11582, 1126, 715, P0, 0x0000000000000000
2026/09/19 11:22:01.146, 0, 78, 52.54, 0, 10877, 1265, 715, P0, 0x0000000000000000
2026/09/19 11:22:01.149, 1, 79, 104.37, 100, 11582, 1126, 715, P0, 0x0000000000000000
2026/09/19 11:22:02.161, 0, 77, 51.33, 0, 10877, 1265, 715, P0, 0x0000000000000000
2026/09/19 11:22:02.163, 1, 79, 108.46, 100, 11582, 1126, 715, P0, 0x0000000000000020
2026/09/19 11:22:03.172, 0, 80, 160.70, 100, 10877, 1328, 715, P0, 0x0000000000000000
2026/09/19 11:22:03.175, 1, 79, 104.06, 100, 11582, 1126, 715, P0, 0x0000000000000000
2026/09/19 11:22:04.184, 0, 79, 119.09, 100, 10877, 1101, 715, P0, 0x0000000000000020
2026/09/19 11:22:04.187, 1, 79, 102.86, 100, 11582, 1113, 715, P0, 0x0000000000000020
2026/09/19 11:22:05.208, 0, 79, 118.19, 100, 10877, 1189, 715, P0, 0x0000000000000000
2026/09/19 11:22:05.216, 1, 79, 109.01, 100, 11582, 1126, 715, P0, 0x0000000000000000
2026/09/19 11:22:06.234, 0, 77, 47.71, 0, 10877, 1189, 715, P0, 0x0000000000000000
2026/09/19 11:22:06.237, 1, 79, 108.65, 100, 11582, 1126, 715, P0, 0x0000000000000020
2026/09/19 11:22:07.249, 0, 77, 46.95, 0, 10877, 1189, 715, P0, 0x0000000000000000
2026/09/19 11:22:07.252, 1, 79, 122.88, 100, 11582, 1050, 715, P0, 0x0000000000000020
2026/09/19 11:22:08.263, 0, 80, 145.39, 100, 10877, 1290, 715, P0, 0x0000000000000000
2026/09/19 11:22:08.267, 1, 79, 104.15, 100, 11582, 1126, 715, P0, 0x0000000000000000
2026/09/19 11:22:09.277, 0, 79, 123.86, 100, 10877, 1189, 715, P0, 0x0000000000000020
2026/09/19 11:22:09.280, 1, 79, 105.94, 100, 11582, 1113, 715, P0, 0x0000000000000020
2026/09/19 11:22:10.287, 0, 79, 125.06, 100, 10877, 1189, 715, P0, 0x0000000000000020
2026/09/19 11:22:10.295, 1, 79, 104.25, 100, 11582, 1126, 715, P0, 0x0000000000000000
2026/09/19 11:22:11.303, 0, 77, 47.74, 0, 10877, 1189, 715, P0, 0x0000000000000000
2026/09/19 11:22:11.306, 1, 79, 103.90, 100, 11582, 1126, 715, P0, 0x0000000000000000
2026/09/19 11:22:12.320, 0, 78, 150.93, 53, 10877, 1252, 715, P0, 0x0000000000000020
2026/09/19 11:22:12.324, 1, 79, 107.51, 100, 11582, 1050, 715, P0, 0x0000000000000020
2026/09/19 11:22:13.332, 0, 80, 130.49, 100, 10877, 1227, 715, P0, 0x0000000000000020
2026/09/19 11:22:13.335, 1, 79, 104.01, 100, 11582, 1113, 715, P0, 0x0000000000000020
2026/09/19 11:22:14.346, 0, 79, 117.72, 100, 10877, 1189, 715, P0, 0x0000000000000000
2026/09/19 11:22:14.349, 1, 79, 104.28, 100, 11582, 1126, 715, P0, 0x0000000000000000
2026/09/19 11:22:15.358, 0, 79, 156.86, 100, 10877, 1151, 715, P0, 0x0000000000000020
2026/09/19 11:22:15.362, 1, 79, 110.18, 100, 11582, 1050, 715, P0, 0x0000000000000000
2026/09/19 11:22:16.375, 0, 77, 47.26, 0, 10877, 1189, 715, P0, 0x0000000000000000
2026/09/19 11:22:16.379, 1, 79, 104.15, 100, 11582, 1126, 715, P0, 0x0000000000000000
2026/09/19 11:22:17.384, 0, 79, 143.47, 100, 10877, 1303, 715, P0, 0x0000000000000000
2026/09/19 11:22:17.387, 1, 79, 104.14, 100, 11582, 1126, 715, P0, 0x0000000000000000
2026/09/19 11:22:18.396, 0, 79, 114.90, 100, 10877, 1164, 715, P0, 0x0000000000000020
2026/09/19 11:22:18.402, 1, 79, 108.35, 100, 11582, 1126, 715, P0, 0x0000000000000000
2026/09/19 11:22:19.409, 0, 79, 117.48, 100, 10877, 1189, 715, P0, 0x0000000000000000
2026/09/19 11:22:19.412, 1, 79, 104.28, 100, 11582, 1126, 715, P0, 0x0000000000000000
2026/09/19 11:22:20.425, 0, 79, 75.59, 100, 10877, 1101, 715, P0, 0x0000000000000000
2026/09/19 11:22:20.428, 1, 79, 96.49, 100, 11582, 1101, 715, P0, 0x0000000000000000
2026/09/19 11:22:21.457, 0, 77, 49.16, 0, 10877, 1227, 715, P0, 0x0000000000000000
2026/09/19 11:22:21.460, 1, 79, 108.71, 100, 11582, 1126, 715, P0, 0x0000000000000020
2026/09/19 11:22:22.469, 0, 79, 156.17, 100, 10877, 1328, 715, P0, 0x0000000000000000
2026/09/19 11:22:22.472, 1, 79, 104.36, 100, 11582, 1126, 715, P0, 0x0000000000000000
2026/09/19 11:22:23.481, 0, 78, 68.71, 100, 10877, 1189, 715, P0, 0x0000000000000000
2026/09/19 11:22:23.487, 1, 79, 72.27, 100, 11582, 1215, 715, P0, 0x0000000000000000
2026/09/19 11:22:24.498, 0, 79, 118.42, 100, 10877, 1189, 715, P0, 0x0000000000000000
2026/09/19 11:22:24.505, 1, 79, 104.28, 100, 11582, 1126, 715, P0, 0x0000000000000000
2026/09/19 11:22:25.513, 0, 78, 53.72, 65, 10877, 1290, 715, P0, 0x0000000000000000
2026/09/19 11:22:25.516, 1, 79, 108.15, 100, 11582, 1139, 715, P0, 0x0000000000000000
2026/09/19 11:22:26.525, 0, 77, 52.51, 0, 10877, 1290, 715, P0, 0x0000000000000000
2026/09/19 11:22:26.529, 1, 79, 108.64, 100, 11582, 1126, 715, P0, 0x0000000000000020
2026/09/19 11:22:27.541, 0, 79, 143.45, 100, 10877, 1290, 715, P0, 0x0000000000000020
2026/09/19 11:22:27.545, 1, 79, 104.15, 100, 11582, 1113, 715, P0, 0x0000000000000020
2026/09/19 11:22:28.560, 0, 79, 127.61, 100, 10877, 1101, 715, P0, 0x0000000000000020
2026/09/19 11:22:28.566, 1, 79, 99.06, 100, 11582, 1113, 715, P0, 0x0000000000000000
2026/09/19 11:22:29.578, 0, 79, 109.45, 100, 10877, 1126, 715, P0, 0x0000000000000020
2026/09/19 11:22:29.585, 1, 79, 104.53, 100, 11582, 1126, 715, P0, 0x0000000000000020
2026/09/19 11:22:30.603, 0, 78, 47.95, 0, 10877, 1189, 715, P0, 0x0000000000000000
2026/09/19 11:22:30.606, 1, 79, 113.21, 100, 11582, 1164, 715, P0, 0x0000000000000000
2026/09/19 11:22:31.617, 0, 77, 47.07, 0, 10877, 1189, 715, P0, 0x0000000000000000
2026/09/19 11:22:31.621, 1, 79, 70.90, 100, 11582, 1189, 715, P0, 0x0000000000000000
2026/09/19 11:22:32.631, 0, 80, 141.28, 100, 10877, 1278, 715, P0, 0x0000000000000000
2026/09/19 11:22:32.634, 1, 79, 113.19, 100, 11582, 1139, 715, P0, 0x0000000000000020
2026/09/19 11:22:33.643, 0, 79, 116.74, 100, 10877, 1177, 715, P0, 0x0000000000000020
2026/09/19 11:22:33.646, 1, 79, 112.36, 100, 11582, 1151, 715, P0, 0x0000000000000020
2026/09/19 11:22:34.657, 0, 79, 115.05, 100, 10877, 1177, 715, P0, 0x0000000000000000
2026/09/19 11:22:34.664, 1, 79, 113.07, 100, 11582, 1139, 715, P0, 0x0000000000000020
2026/09/19 11:22:35.673, 0, 77, 47.70, 0, 10877, 1189, 715, P0, 0x0000000000000000
2026/09/19 11:22:35.679, 1, 79, 112.73, 100, 11582, 1151, 715, P0, 0x0000000000000020
2026/09/19 11:22:36.687, 0, 77, 142.18, 0, 10877, 1189, 715, P0, 0x0000000000000000
2026/09/19 11:22:36.691, 1, 79, 112.87, 100, 11582, 1075, 715, P0, 0x0000000000000020
2026/09/19 11:22:37.701, 0, 80, 129.98, 100, 10877, 1227, 715, P0, 0x0000000000000020
2026/09/19 11:22:37.704, 1, 79, 112.97, 100, 11582, 1139, 715, P0, 0x0000000000000020
2026/09/19 11:22:38.718, 0, 79, 117.45, 100, 10877, 1189, 715, P0, 0x0000000000000000
2026/09/19 11:22:38.724, 1, 79, 112.60, 100, 11582, 1151, 715, P0, 0x0000000000000020
2026/09/19 11:22:39.736, 0, 79, 70.06, 100, 10877, 1278, 715, P0, 0x0000000000000000
2026/09/19 11:22:39.742, 1, 79, 114.60, 100, 11582, 1063, 715, P0, 0x0000000000000020
2026/09/19 11:22:40.768, 0, 77, 47.22, 0, 10877, 1189, 715, P0, 0x0000000000000000
2026/09/19 11:22:40.771, 1, 79, 113.21, 100, 11582, 1164, 715, P0, 0x0000000000000000
2026/09/19 11:22:41.779, 0, 79, 153.04, 100, 10877, 1328, 715, P0, 0x0000000000000000
2026/09/19 11:22:41.783, 1, 79, 116.60, 100, 11582, 1139, 715, P0, 0x0000000000000020
2026/09/19 11:22:42.797, 0, 79, 124.54, 100, 10877, 1189, 715, P0, 0x0000000000000020
2026/09/19 11:22:42.803, 1, 79, 115.60, 100, 11582, 1151, 715, P0, 0x0000000000000020
2026/09/19 11:22:43.812, 0, 79, 121.04, 100, 10877, 1189, 715, P0, 0x0000000000000020
2026/09/19 11:22:43.815, 1, 79, 109.95, 100, 11582, 1139, 715, P0, 0x0000000000000020
2026/09/19 11:22:44.826, 0, 79, 48.91, 100, 10877, 1189, 715, P0, 0x0000000000000000
2026/09/19 11:22:44.831, 1, 79, 112.01, 100, 11582, 1177, 715, P0, 0x0000000000000000
2026/09/19 11:22:45.843, 0, 77, 47.22, 0, 10877, 1189, 715, P0, 0x0000000000000000
2026/09/19 11:22:45.846, 1, 79, 113.68, 100, 11582, 1151, 715, P0, 0x0000000000000020
2026/09/19 11:22:46.854, 0, 79, 153.86, 100, 10877, 1303, 715, P0, 0x0000000000000020
2026/09/19 11:22:46.857, 1, 79, 108.37, 100, 11582, 1139, 715, P0, 0x0000000000000020
2026/09/19 11:22:47.869, 0, 79, 144.76, 100, 10877, 1189, 715, P0, 0x0000000000000020
2026/09/19 11:22:47.873, 1, 79, 126.64, 100, 11582, 1151, 715, P0, 0x0000000000000020
2026/09/19 11:22:48.884, 0, 79, 109.85, 100, 10877, 1139, 715, P0, 0x0000000000000000
2026/09/19 11:22:48.889, 1, 79, 115.49, 100, 11582, 1139, 715, P0, 0x0000000000000020
2026/09/19 11:22:49.899, 0, 78, 48.43, 31, 10877, 1189, 715, P0, 0x0000000000000000
2026/09/19 11:22:49.902, 1, 79, 110.08, 100, 11582, 1139, 715, P0, 0x0000000000000020
2026/09/19 11:22:50.912, 0, 77, 47.21, 0, 10877, 1189, 715, P0, 0x0000000000000000
2026/09/19 11:22:50.916, 1, 80, 112.73, 100, 11582, 1139, 715, P0, 0x0000000000000020
2026/09/19 11:22:51.928, 0, 80, 163.66, 100, 10877, 1328, 715, P0, 0x0000000000000000
2026/09/19 11:22:51.931, 1, 79, 110.68, 100, 11582, 1139, 715, P0, 0x0000000000000020
2026/09/19 11:22:52.942, 0, 79, 124.43, 100, 10877, 1101, 715, P0, 0x0000000000000020
2026/09/19 11:22:52.946, 1, 79, 93.82, 100, 11582, 1050, 715, P0, 0x0000000000000020
2026/09/19 11:22:53.956, 0, 79, 119.01, 100, 10877, 1189, 715, P0, 0x0000000000000000
2026/09/19 11:22:53.964, 1, 79, 95.23, 100, 11582, 1050, 715, P0, 0x0000000000000020
2026/09/19 11:22:54.987, 0, 78, 53.28, 0, 10877, 1290, 715, P0, 0x0000000000000000
2026/09/19 11:22:54.990, 1, 79, 95.59, 100, 11582, 1063, 715, P0, 0x0000000000000020
2026/09/19 11:22:55.998, 0, 77, 52.55, 0, 10877, 1290, 715, P0, 0x0000000000000000
2026/09/19 11:22:56.002, 1, 79, 95.29, 100, 11582, 1075, 715, P0, 0x0000000000000000
2026/09/19 11:22:57.025, 0, 80, 160.97, 100, 10877, 1328, 715, P0, 0x0000000000000000
2026/09/19 11:22:57.029, 1, 79, 95.07, 100, 11582, 1063, 715, P0, 0x0000000000000020
2026/09/19 11:22:58.039, 0, 79, 120.13, 100, 10877, 1088, 715, P0, 0x0000000000000020
2026/09/19 11:22:58.042, 1, 79, 66.87, 100, 11582, 1189, 715, P0, 0x0000000000000000
2026/09/19 11:22:59.055, 0, 79, 117.07, 100, 10877, 1177, 715, P0, 0x0000000000000020
2026/09/19 11:22:59.058, 1, 79, 100.50, 100, 11582, 1088, 715, P0, 0x0000000000000020
2026/09/19 11:23:00.069, 0, 78, 47.96, 0, 10877, 1189, 715, P0, 0x0000000000000000
2026/09/19 11:23:00.073, 1, 79, 99.87, 100, 11582, 1101, 715, P0, 0x0000000000000000
2026/09/19 11:23:01.085, 0, 77, 47.23, 0, 10877, 1189, 715, P0, 0x0000000000000000
2026/09/19 11:23:01.088, 1, 79, 103.19, 100, 11582, 1088, 715, P0, 0x0000000000000020
2026/09/19 11:23:02.099, 0, 79, 157.13, 100, 10877, 1328, 715, P0, 0x0000000000000000
2026/09/19 11:23:02.102, 1, 79, 100.78, 100, 11582, 1101, 715, P0, 0x0000000000000000
2026/09/19 11:23:03.115, 0, 79, 70.32, 100, 10877, 1189, 715, P0, 0x0000000000000000
2026/09/19 11:23:03.118, 1, 79, 98.81, 100, 11582, 1088, 715, P0, 0x0000000000000000
2026/09/19 11:23:04.132, 0, 79, 114.44, 100, 10877, 1139, 715, P0, 0x0000000000000000
2026/09/19 11:23:04.135, 1, 79, 100.52, 100, 11582, 1088, 715, P0, 0x0000000000000020
2026/09/19 11:23:05.147, 0, 78, 47.75, 100, 10877, 1189, 715, P0, 0x0000000000000000
2026/09/19 11:23:05.152, 1, 79, 92.00, 100, 11582, 1037, 715, P0, 0x0000000000000000
2026/09/19 11:23:06.162, 0, 77, 47.25, 0, 10877, 1189, 715, P0, 0x0000000000000000
2026/09/19 11:23:06.167, 1, 79, 101.08, 100, 11582, 1101, 715, P0, 0x0000000000000000
2026/09/19 11:23:07.177, 0, 79, 153.42, 100, 10877, 1328, 715, P0, 0x0000000000000000
2026/09/19 11:23:07.180, 1, 79, 103.64, 100, 11582, 1113, 715, P0, 0x0000000000000020
2026/09/19 11:23:08.195, 0, 80, 133.84, 100, 10877, 1227, 715, P0, 0x0000000000000020
2026/09/19 11:23:08.198, 1, 79, 104.17, 100, 11582, 1126, 715, P0, 0x0000000000000000
2026/09/19 11:23:09.207, 0, 79, 117.72, 100, 10877, 1189, 715, P0, 0x0000000000000000
2026/09/19 11:23:09.212, 1, 79, 104.28, 100, 11582, 1126, 715, P0, 0x0000000000000000
2026/09/19 11:23:10.224, 0, 78, 53.52, 57, 10877, 1303, 715, P0, 0x0000000000000000
2026/09/19 11:23:10.232, 1, 79, 100.11, 100, 11582, 1113, 715, P0, 0x0000000000000000
2026/09/19 11:23:11.239, 0, 77, 53.27, 0, 10877, 1303, 715, P0, 0x0000000000000000
2026/09/19 11:23:11.242, 1, 79, 104.36, 100, 11582, 1126, 715, P0, 0x0000000000000000
2026/09/19 11:23:12.252, 0, 79, 153.42, 100, 10877, 1328, 715, P0, 0x0000000000000000
2026/09/19 11:23:12.255, 1, 79, 102.93, 100, 11582, 1113, 715, P0, 0x0000000000000000
2026/09/19 11:23:13.268, 0, 79, 92.09, 100, 10877, 1189, 715, P0, 0x0000000000000000
2026/09/19 11:23:13.273, 1, 79, 104.96, 100, 11582, 1113, 715, P0, 0x0000000000000020
2026/09/19 11:23:14.286, 0, 79, 117.96, 100, 10877, 1177, 715, P0, 0x0000000000000020
2026/09/19 11:23:14.295, 1, 79, 103.80, 100, 11582, 1113, 715, P0, 0x0000000000000020
2026/09/19 11:23:15.301, 0, 78, 48.44, 97, 10877, 1189, 715, P0, 0x0000000000000000
2026/09/19 11:23:15.304, 1, 79, 103.96, 100, 11582, 1126, 715, P0, 0x0000000000000020
2026/09/19 11:23:16.316, 0, 77, 47.26, 0, 10877, 1189, 715, P0, 0x0000000000000000
2026/09/19 11:23:16.319, 1, 79, 104.40, 100, 11582, 1126, 715, P0, 0x0000000000000000
2026/09/19 11:23:17.331, 0, 79, 158.30, 100, 10877, 1328, 715, P0, 0x0000000000000000
2026/09/19 11:23:17.333, 1, 79, 108.35, 100, 11582, 1126, 715, P0, 0x0000000000000000
2026/09/19 11:23:18.345, 0, 79, 139.65, 100, 10877, 1227, 715, P0, 0x0000000000000020
2026/09/19 11:23:18.355, 1, 79, 71.81, 100, 11582, 1189, 715, P0, 0x0000000000000000
2026/09/19 11:23:19.370, 0, 79, 116.99, 100, 10877, 1177, 715, P0, 0x0000000000000020
2026/09/19 11:23:19.375, 1, 79, 108.11, 100, 11582, 1126, 715, P0, 0x0000000000000020
2026/09/19 11:23:20.384, 0, 78, 52.54, 0, 10877, 1278, 715, P0, 0x0000000000000000
2026/09/19 11:23:20.387, 1, 79, 107.74, 100, 11582, 1126, 715, P0, 0x0000000000000020
2026/09/19 11:23:21.397, 0, 77, 51.82, 0, 10877, 1278, 715, P0, 0x0000000000000000
2026/09/19 11:23:21.400, 1, 79, 103.90, 100, 11582, 1126, 715, P0, 0x0000000000000000
2026/09/19 11:23:22.413, 0, 80, 159.51, 100, 10877, 1328, 715, P0, 0x0000000000000000
2026/09/19 11:23:22.416, 1, 79, 104.06, 100, 11582, 1126, 715, P0, 0x0000000000000000
2026/09/19 11:23:23.427, 0, 79, 123.48, 100, 10877, 1101, 715, P0, 0x0000000000000020
2026/09/19 11:23:23.433, 1, 78, 132.74, 100, 11582, 1126, 715, P0, 0x0000000000000020
2026/09/19 11:23:24.451, 0, 79, 127.68, 100, 10877, 1202, 715, P0, 0x0000000000000020
2026/09/19 11:23:24.454, 1, 79, 112.02, 100, 11582, 1139, 715, P0, 0x0000000000000020
2026/09/19 11:23:25.467, 0, 78, 52.30, 0, 10877, 1265, 715, P0, 0x0000000000000000
2026/09/19 11:23:25.470, 1, 79, 108.40, 100, 11582, 1139, 715, P0, 0x0000000000000020
2026/09/19 11:23:26.479, 0, 77, 51.09, 0, 10877, 1265, 715, P0, 0x0000000000000000
2026/09/19 11:23:26.482, 1, 79, 112.95, 100, 11582, 1139, 715, P0, 0x0000000000000020
2026/09/19 11:23:27.494, 0, 80, 139.71, 100, 10877, 1278, 715, P0, 0x0000000000000000
2026/09/19 11:23:27.497, 1, 79, 112.23, 100, 11582, 1151, 715, P0, 0x0000000000000020
2026/09/19 11:23:28.508, 0, 79, 119.63, 100, 10877, 1075, 715, P0, 0x0000000000000020
2026/09/19 11:23:28.513, 1, 79, 108.04, 100, 11582, 1151, 715, P0, 0x0000000000000000
2026/09/19 11:23:29.518, 0, 79, 115.61, 100, 10877, 1139, 715, P0, 0x0000000000000020
2026/09/19 11:23:29.522, 1, 79, 113.08, 100, 11582, 1139, 715, P0, 0x0000000000000020
2026/09/19 11:23:30.531, 0, 78, 47.95, 0, 10877, 1189, 715, P0, 0x0000000000000000
2026/09/19 11:23:30.535, 1, 79, 112.49, 100, 11582, 1151, 715, P0, 0x0000000000000020
2026/09/19 11:23:31.545, 0, 77, 47.07, 0, 10877, 1189, 715, P0, 0x0000000000000000
2026/09/19 11:23:31.553, 1, 79, 71.90, 100, 11582, 1189, 715, P0, 0x0000000000000000
2026/09/19 11:23:32.559, 0, 80, 141.07, 100, 10877, 1240, 715, P0, 0x0000000000000020
2026/09/19 11:23:32.562, 1, 79, 113.19, 100, 11582, 1139, 715, P0, 0x0000000000000020
2026/09/19 11:23:33.573, 0, 79, 109.45, 100, 10877, 1164, 715, P0, 0x0000000000000000
2026/09/19 11:23:33.580, 1, 79, 108.36, 100, 11582, 1139, 715, P0, 0x0000000000000020
2026/09/19 11:23:34.585, 0, 79, 117.69, 100, 10877, 1177, 715, P0, 0x0000000000000020
2026/09/19 11:23:34.589, 1, 79, 112.84, 100, 11582, 1139, 715, P0, 0x0000000000000020
2026/09/19 11:23:35.599, 0, 77, 47.70, 0, 10877, 1189, 715, P0, 0x0000000000000000
2026/09/19 11:23:35.602, 1, 79, 114.64, 100, 11582, 1164, 715, P0, 0x0000000000000020
2026/09/19 11:23:36.611, 0, 76, 47.22, 0, 10877, 1189, 715, P0, 0x0000000000000000
2026/09/19 11:23:36.615, 1, 79, 115.63, 100, 11582, 1075, 715, P0, 0x0000000000000020
2026/09/19 11:23:37.624, 0, 80, 145.63, 100, 10877, 1303, 715, P0, 0x0000000000000000
2026/09/19 11:23:37.627, 1, 79, 101.05, 100, 11582, 1075, 715, P0, 0x0000000000000000
2026/09/19 11:23:38.639, 0, 79, 117.56, 100, 10877, 1189, 715, P0, 0x0000000000000000
2026/09/19 11:23:38.642, 1, 79, 99.06, 100, 11582, 1075, 715, P0, 0x0000000000000020
2026/09/19 11:23:39.651, 0, 79, 122.28, 100, 10877, 1189, 715, P0, 0x0000000000000000
2026/09/19 11:23:39.654, 1, 79, 100.50, 100, 11582, 1075, 715, P0, 0x0000000000000020
2026/09/19 11:23:40.665, 0, 77, 47.98, 0, 10877, 1189, 715, P0, 0x0000000000000000
2026/09/19 11:23:40.668, 1, 79, 100.36, 100, 11582, 1075, 715, P0, 0x0000000000000020
2026/09/19 11:23:41.679, 0, 77, 47.31, 0, 10877, 1189, 715, P0, 0x0000000000000000
2026/09/19 11:23:41.682, 1, 79, 70.22, 100, 11582, 1177, 715, P0, 0x0000000000000000
2026/09/19 11:23:42.694, 0, 80, 165.87, 100, 10877, 1328, 715, P0, 0x0000000000000000
2026/09/19 11:23:42.697, 1, 79, 95.98, 100, 11582, 1075, 715, P0, 0x0000000000000020
2026/09/19 11:23:43.707, 0, 79, 115.89, 100, 10877, 1177, 715, P0, 0x0000000000000000
2026/09/19 11:23:43.710, 1, 78, 91.92, 100, 11582, 1050, 715, P0, 0x0000000000000000
2026/09/19 11:23:44.720, 0, 79, 109.70, 100, 10877, 1126, 715, P0, 0x0000000000000020
2026/09/19 11:23:44.723, 1, 79, 100.29, 100, 11582, 1075, 715, P0, 0x0000000000000020
2026/09/19 11:23:45.735, 0, 78, 47.71, 0, 10877, 1189, 715, P0, 0x0000000000000000
2026/09/19 11:23:45.739, 1, 79, 105.11, 100, 11582, 1113, 715, P0, 0x0000000000000020
2026/09/19 11:23:46.755, 0, 76, 46.99, 0, 10877, 1189, 715, P0, 0x0000000000000000
2026/09/19 11:23:46.757, 1, 79, 104.87, 100, 11582, 1126, 715, P0, 0x0000000000000000
2026/09/19 11:23:47.767, 0, 80, 162.25, 100, 10877, 1328, 715, P0, 0x0000000000000000
2026/09/19 11:23:47.769, 1, 79, 108.34, 100, 11582, 1139, 715, P0, 0x0000000000000000
2026/09/19 11:23:48.781, 0, 79, 120.37, 100, 10877, 1113, 715, P0, 0x0000000000000000
2026/09/19 11:23:48.789, 1, 79, 97.64, 100, 11582, 1025, 715, P0, 0x0000000000000000
2026/09/19 11:23:49.798, 0, 79, 125.06, 100, 10877, 1189, 715, P0, 0x0000000000000020
2026/09/19 11:23:49.803, 1, 79, 107.55, 100, 11582, 1139, 715, P0, 0x0000000000000020
2026/09/19 11:23:50.813, 0, 78, 48.43, 0, 10877, 1189, 715, P0, 0x0000000000000000
2026/09/19 11:23:50.815, 1, 79, 110.08, 100, 11582, 1139, 715, P0, 0x0000000000000020
2026/09/19 11:23:51.821, 0, 77, 47.22, 0, 10877, 1189, 715, P0, 0x0000000000000000
2026/09/19 11:23:51.825, 1, 79, 108.17, 100, 11582, 1139, 715, P0, 0x0000000000000020
2026/09/19 11:23:52.845, 0, 80, 143.46, 100, 10877, 1278, 715, P0, 0x0000000000000020
2026/09/19 11:23:52.847, 1, 79, 110.07, 100, 11582, 1139, 715, P0, 0x0000000000000000
2026/09/19 11:23:53.860, 0, 79, 121.33, 100, 10877, 1101, 715, P0, 0x0000000000000000
2026/09/19 11:23:53.868, 1, 79, 100.22, 100, 11582, 1113, 715, P0, 0x0000000000000000
2026/09/19 11:23:54.876, 0, 79, 116.75, 100, 10877, 1177, 715, P0, 0x0000000000000020
2026/09/19 11:23:54.884, 1, 79, 106.43, 100, 11582, 1126, 715, P0, 0x0000000000000020
2026/09/19 11:23:55.889, 0, 78, 53.50, 0, 10877, 1290, 715, P0, 0x0000000000000000
2026/09/19 11:23:55.892, 1, 79, 111.27, 100, 11582, 1139, 715, P0, 0x0000000000000020
2026/09/19 11:23:56.900, 0, 77, 52.54, 0, 10877, 1290, 715, P0, 0x0000000000000000
2026/09/19 11:23:56.904, 1, 79, 112.47, 100, 11582, 1139, 715, P0, 0x0000000000000020
2026/09/19 11:23:57.912, 0, 80, 161.06, 100, 10877, 1328, 715, P0, 0x0000000000000000
2026/09/19 11:23:57.915, 1, 79, 110.44, 100, 11582, 1139, 715, P0, 0x0000000000000000
2026/09/19 11:23:58.922, 0, 79, 114.92, 100, 10877, 1075, 715, P0, 0x0000000000000000
2026/09/19 11:23:58.929, 1, 79, 103.16, 100, 11582, 1126, 715, P0, 0x0000000000000000
2026/09/19 11:23:59.934, 0, 79, 118.41, 100, 10877, 1151, 715, P0, 0x0000000000000020
2026/09/19 11:23:59.937, 1, 79, 107.57, 100, 11582, 1126, 715, P0, 0x0000000000000020
2026/09/19 11:24:00.948, 0, 78, 47.95, 1, 10877, 1189, 715, P0, 0x0000000000000000
2026/09/19 11:24:00.951, 1, 79, 112.49, 100, 11582, 1139, 715, P0, 0x0000000000000020
2026/09/19 11:24:01.963, 0, 77, 47.23, 0, 10877, 1189, 715, P0, 0x0000000000000000
2026/09/19 11:24:01.966, 1, 79, 108.23, 100, 11582, 1126, 715, P0, 0x0000000000000020
2026/09/19 11:24:02.978, 0, 80, 150.03, 100, 10877, 1303, 715, P0, 0x0000000000000020
2026/09/19 11:24:02.982, 1, 79, 112.85, 100, 11582, 1151, 715, P0, 0x0000000000000020
2026/09/19 11:24:03.990, 0, 79, 110.09, 100, 10877, 1050, 715, P0, 0x0000000000000000
2026/09/19 11:24:03.993, 1, 79, 115.01, 100, 11582, 1177, 715, P0, 0x0000000000000020
2026/09/19 11:24:05.006, 0, 79, 109.13, 100, 10877, 1139, 715, P0, 0x0000000000000000
2026/09/19 11:24:05.009, 1, 79, 113.59, 100, 11582, 1164, 715, P0, 0x0000000000000020
2026/09/19 11:24:06.019, 0, 78, 54.67, 0, 10877, 1316, 715, P0, 0x0000000000000000
2026/09/19 11:24:06.022, 1, 79, 116.24, 100, 11582, 1177, 715, P0, 0x0000000000000020
2026/09/19 11:24:07.035, 0, 77, 53.82, 0, 10877, 1316, 715, P0, 0x0000000000000000
2026/09/19 11:24:07.039, 1, 79, 68.99, 100, 11582, 1189, 715, P0, 0x0000000000000000
2026/09/19 11:24:08.060, 0, 80, 154.68, 100, 10877, 1303, 715, P0, 0x0000000000000020
2026/09/19 11:24:08.064, 1, 79, 114.51, 100, 11582, 1164, 715, P0, 0x0000000000000020
2026/09/19 11:24:09.081, 0, 79, 112.54, 100, 10877, 1164, 715, P0, 0x0000000000000000
2026/09/19 11:24:09.084, 1, 79, 93.37, 100, 11582, 1050, 715, P0, 0x0000000000000020
2026/09/19 11:24:10.094, 0, 79, 118.29, 100, 10877, 1177, 715, P0, 0x0000000000000020
2026/09/19 11:24:10.101, 1, 79, 95.95, 100, 11582, 1050, 715, P0, 0x0000000000000000
2026/09/19 11:24:11.124, 0, 78, 49.64, 0, 10877, 1215, 715, P0, 0x0000000000000000
2026/09/19 11:24:11.127, 1, 79, 100.82, 100, 11582, 1101, 715, P0, 0x0000000000000000
2026/09/19 11:24:12.136, 0, 77, 48.46, 0, 10877, 1215, 715, P0, 0x0000000000000000
2026/09/19 11:24:12.140, 1, 79, 100.60, 100, 11582, 1075, 715, P0, 0x0000000000000020
2026/09/19 11:24:13.164, 0, 80, 161.19, 100, 10877, 1328, 715, P0, 0x0000000000000000
2026/09/19 11:24:13.167, 1, 79, 99.81, 100, 11582, 1088, 715, P0, 0x0000000000000020
2026/09/19 11:24:14.178, 0, 79, 120.26, 100, 10877, 1113, 715, P0, 0x0000000000000000
2026/09/19 11:24:14.184, 1, 78, 68.28, 100, 11582, 1189, 715, P0, 0x0000000000000000
2026/09/19 11:24:15.190, 0, 79, 125.30, 100, 10877, 1189, 715, P0, 0x0000000000000020
2026/09/19 11:24:15.193, 1, 79, 103.78, 100, 11582, 1126, 715, P0, 0x0000000000000000
2026/09/19 11:24:16.204, 0, 78, 51.58, 0, 10877, 1252, 715, P0, 0x0000000000000000
2026/09/19 11:24:16.208, 1, 79, 103.41, 100, 11582, 1126, 715, P0, 0x0000000000000000
2026/09/19 11:24:17.221, 0, 77, 50.61, 0, 10877, 1252, 715, P0, 0x0000000000000000
2026/09/19 11:24:17.224, 1, 79, 105.09, 100, 11582, 1126, 715, P0, 0x0000000000000000
2026/09/19 11:24:18.233, 0, 79, 158.55, 100, 10877, 1328, 715, P0, 0x0000000000000000
2026/09/19 11:24:18.236, 1, 79, 103.40, 100, 11582, 1113, 715, P0, 0x0000000000000020
2026/09/19 11:24:19.248, 0, 79, 95.70, 100, 10877, 1189, 715, P0, 0x0000000000000000
2026/09/19 11:24:19.251, 1, 79, 104.41, 100, 11582, 1126, 715, P0, 0x0000000000000000
2026/09/19 11:24:20.259, 0, 79, 117.72, 100, 10877, 1189, 715, P0, 0x0000000000000000
2026/09/19 11:24:20.264, 1, 79, 103.32, 100, 11582, 1101, 715, P0, 0x0000000000000020
2026/09/19 11:24:21.279, 0, 78, 47.98, 94, 10877, 1189, 715, P0, 0x0000000000000000
2026/09/19 11:24:21.281, 1, 79, 104.15, 100, 11582, 1126, 715, P0, 0x0000000000000020
2026/09/19 11:24:22.294, 0, 77, 47.22, 0, 10877, 1189, 715, P0, 0x0000000000000000
2026/09/19 11:24:22.300, 1, 79, 111.05, 100, 11582, 1139, 715, P0, 0x0000000000000020
2026/09/19 11:24:23.322, 0, 79, 153.38, 100, 10877, 1328, 715, P0, 0x0000000000000000
2026/09/19 11:24:23.325, 1, 79, 111.64, 100, 11582, 1139, 715, P0, 0x0000000000000020
2026/09/19 11:24:24.338, 0, 79, 125.04, 100, 10877, 1189, 715, P0, 0x0000000000000020
2026/09/19 11:24:24.343, 1, 79, 112.57, 100, 11582, 1139, 715, P0, 0x0000000000000020
2026/09/19 11:24:25.351, 0, 79, 125.04, 100, 10877, 1189, 715, P0, 0x0000000000000020
2026/09/19 11:24:25.354, 1, 79, 113.05, 100, 11582, 1139, 715, P0, 0x0000000000000020
2026/09/19 11:24:26.367, 0, 79, 48.44, 100, 10877, 1189, 715, P0, 0x0000000000000000
2026/09/19 11:24:26.370, 1, 79, 102.23, 100, 11582, 1126, 715, P0, 0x0000000000000000
2026/09/19 11:24:27.382, 0, 77, 53.23, 0, 10877, 1303, 715, P0, 0x0000000000000000
2026/09/19 11:24:27.385, 1, 79, 109.59, 100, 11582, 1139, 715, P0, 0x0000000000000020
2026/09/19 11:24:28.396, 0, 79, 152.66, 100, 10877, 1303, 715, P0, 0x0000000000000000
2026/09/19 11:24:28.402, 1, 79, 112.20, 100, 11582, 1139, 715, P0, 0x0000000000000020
2026/09/19 11:24:29.412, 0, 79, 124.57, 100, 10877, 1189, 715, P0, 0x0000000000000020
2026/09/19 11:24:29.415, 1, 79, 108.52, 100, 11582, 1139, 715, P0, 0x0000000000000020
2026/09/19 11:24:30.426, 0, 79, 124.08, 100, 10877, 1177, 715, P0, 0x0000000000000020
2026/09/19 11:24:30.429, 1, 79, 112.81, 100, 11582, 1139, 715, P0, 0x0000000000000020
2026/09/19 11:24:31.442, 0, 79, 112.05, 100, 10877, 1063, 715, P0, 0x0000000000000000
2026/09/19 11:24:31.450, 1, 79, 99.57, 100, 11582, 1101, 715, P0, 0x0000000000000000
2026/09/19 11:24:32.456, 0, 77, 47.22, 0, 10877, 1189, 715, P0, 0x0000000000000000
2026/09/19 11:24:32.458, 1, 79, 112.73, 100, 11582, 1139, 715, P0, 0x0000000000000020
2026/09/19 11:24:33.467, 0, 79, 153.15, 100, 10877, 1328, 715, P0, 0x0000000000000000
2026/09/19 11:24:33.470, 1, 79, 108.12, 100, 11582, 1139, 715, P0, 0x0000000000000020
2026/09/19 11:24:34.482, 0, 79, 118.66, 100, 10877, 1177, 715, P0, 0x0000000000000020
2026/09/19 11:24:34.485, 1, 79, 108.09, 100, 11582, 1139, 715, P0, 0x0000000000000000
2026/09/19 11:24:35.496, 0, 79, 117.69, 100, 10877, 1189, 715, P0, 0x0000000000000000
2026/09/19 11:24:35.504, 1, 79, 110.68, 100, 11582, 1139, 715, P0, 0x0000000000000020
2026/09/19 11:24:36.522, 0, 79, 115.97, 100, 10877, 1088, 715, P0, 0x0000000000000000
2026/09/19 11:24:36.528, 1, 79, 112.55, 100, 11582, 1075, 715, P0, 0x0000000000000020
2026/09/19 11:24:37.536, 0, 77, 50.36, 0, 10877, 1240, 715, P0, 0x0000000000000000
2026/09/19 11:24:37.542, 1, 79, 116.49, 100, 11582, 1189, 715, P0, 0x0000000000000000
2026/09/19 11:24:38.549, 0, 79, 153.28, 100, 10877, 1316, 715, P0, 0x0000000000000000
2026/09/19 11:24:38.552, 1, 79, 114.76, 100, 11582, 1177, 715, P0, 0x0000000000000000
2026/09/19 11:24:39.564, 0, 80, 116.24, 100, 10877, 1164, 715, P0, 0x0000000000000020
2026/09/19 11:24:39.568, 1, 79, 116.12, 100, 11582, 1177, 715, P0, 0x0000000000000020
2026/09/19 11:24:40.576, 0, 79, 117.45, 100, 10877, 1177, 715, P0, 0x0000000000000020
2026/09/19 11:24:40.579, 1, 79, 113.80, 100, 11582, 1164, 715, P0, 0x0000000000000020
2026/09/19 11:24:41.593, 0, 79, 117.95, 100, 10877, 1088, 715, P0, 0x0000000000000000
2026/09/19 11:24:41.595, 1, 79, 107.87, 100, 11582, 1164, 715, P0, 0x0000000000000000
2026/09/19 11:24:42.623, 0, 77, 47.46, 0, 10877, 1189, 715, P0, 0x0000000000000000
2026/09/19 11:24:42.627, 1, 79, 116.51, 100, 11582, 1177, 715, P0, 0x0000000000000020
2026/09/19 11:24:43.636, 0, 79, 153.75, 100, 10877, 1328, 715, P0, 0x0000000000000000
2026/09/19 11:24:43.642, 1, 79, 113.79, 100, 11582, 1164, 715, P0, 0x0000000000000020
2026/09/19 11:24:44.649, 0, 80, 128.90, 100, 10877, 1227, 715, P0, 0x0000000000000020
2026/09/19 11:24:44.652, 1, 79, 98.51, 100, 11582, 1075, 715, P0, 0x0000000000000020
2026/09/19 11:24:45.663, 0, 79, 113.96, 100, 10877, 1164, 715, P0, 0x0000000000000000
2026/09/19 11:24:45.667, 1, 79, 100.28, 100, 11582, 1075, 715, P0, 0x0000000000000020
2026/09/19 11:24:46.677, 0, 79, 76.61, 100, 10877, 1075, 715, P0, 0x0000000000000000
2026/09/19 11:24:46.680, 1, 79, 101.74, 100, 11582, 949, 715, P0, 0x0000000000000000
2026/09/19 11:24:47.709, 0, 77, 47.49, 0, 10877, 1189, 715, P0, 0x0000000000000000
2026/09/19 11:24:47.712, 1, 79, 100.36, 100, 11582, 1075, 715, P0, 0x0000000000000020
2026/09/19 11:24:48.720, 0, 78, 149.44, 40, 10877, 1227, 715, P0, 0x0000000000000000
2026/09/19 11:24:48.728, 1, 79, 99.83, 100, 11582, 1101, 715, P0, 0x0000000000000000
2026/09/19 11:24:49.733, 0, 80, 128.18, 100, 10877, 1227, 715, P0, 0x0000000000000000
2026/09/19 11:24:49.736, 1, 79, 104.01, 100, 11582, 1126, 715, P0, 0x0000000000000000
2026/09/19 11:24:50.746, 0, 79, 113.94, 100, 10877, 1164, 715, P0, 0x0000000000000000
2026/09/19 11:24:50.750, 1, 79, 105.25, 100, 11582, 1126, 715, P0, 0x0000000000000020
2026/09/19 11:24:51.759, 0, 79, 113.54, 100, 10877, 1151, 715, P0, 0x0000000000000020
2026/09/19 11:24:51.762, 1, 79, 93.37, 100, 11582, 1164, 715, P0, 0x0000000000000000
2026/09/19 11:24:52.774, 0, 77, 51.58, 0, 10877, 1265, 715, P0, 0x0000000000000000
2026/09/19 11:24:52.777, 1, 79, 104.37, 100, 11582, 1126, 715, P0, 0x0000000000000020
2026/09/19 11:24:53.793, 0, 77, 114.76, 0, 10877, 1265, 715, P0, 0x0000000000000000
2026/09/19 11:24:53.796, 1, 79, 111.79, 100, 11582, 1063, 715, P0, 0x0000000000000020
2026/09/19 11:24:54.804, 0, 79, 128.39, 100, 10877, 1227, 715, P0, 0x0000000000000000
2026/09/19 11:24:54.808, 1, 79, 110.63, 100, 11582, 1139, 715, P0, 0x0000000000000000
2026/09/19 11:24:55.821, 0, 79, 117.47, 100, 10877, 1189, 715, P0, 0x0000000000000000
2026/09/19 11:24:55.824, 1, 79, 110.45, 100, 11582, 1139, 715, P0, 0x0000000000000020
2026/09/19 11:24:56.837, 0, 79, 117.93, 100, 10877, 1189, 715, P0, 0x0000000000000000
2026/09/19 11:24:56.840, 1, 79, 111.64, 100, 11582, 1139, 715, P0, 0x0000000000000000
2026/09/19 11:24:57.851, 0, 77, 53.47, 0, 10877, 1303, 715, P0, 0x0000000000000000
2026/09/19 11:24:57.854, 1, 79, 112.70, 100, 11582, 1139, 715, P0, 0x0000000000000020
2026/09/19 11:24:58.864, 0, 77, 52.99, 0, 10877, 1303, 715, P0, 0x0000000000000000
2026/09/19 11:24:58.872, 1, 79, 107.45, 100, 11582, 1037, 715, P0, 0x0000000000000000
2026/09/19 11:24:59.878, 0, 80, 128.63, 100, 10877, 1227, 715, P0, 0x0000000000000020
2026/09/19 11:24:59.881, 1, 79, 108.27, 100, 11582, 1139, 715, P0, 0x0000000000000000
2026/09/19 11:25:00.889, 0, 79, 116.98, 100, 10877, 1177, 715, P0, 0x0000000000000020
2026/09/19 11:25:00.896, 1, 79, 110.20, 100, 11582, 1139, 715, P0, 0x0000000000000020
2026/09/19 11:25:01.904, 0, 79, 117.47, 100, 10877, 1177, 715, P0, 0x0000000000000020
2026/09/19 11:25:01.908, 1, 79, 108.59, 100, 11582, 1139, 715, P0, 0x0000000000000000
2026/09/19 11:25:02.931, 0, 77, 53.71, 0, 10877, 1303, 715, P0, 0x0000000000000000
2026/09/19 11:25:02.934, 1, 79, 112.71, 100, 11582, 1139, 715, P0, 0x0000000000000020
2026/09/19 11:25:03.942, 0, 77, 52.98, 0, 10877, 1303, 715, P0, 0x0000000000000000
2026/09/19 11:25:03.945, 1, 79, 127.38, 100, 11582, 1290, 715, P0, 0x0000000000000000
2026/09/19 11:25:04.954, 0, 80, 138.29, 100, 10877, 1265, 715, P0, 0x0000000000000020
2026/09/19 11:25:04.957, 1, 79, 104.88, 100, 11582, 1126, 715, P0, 0x0000000000000020
2026/09/19 11:25:05.970, 0, 79, 107.06, 100, 10877, 1139, 715, P0, 0x0000000000000000
2026/09/19 11:25:05.976, 1, 79, 108.14, 100, 11582, 1139, 715, P0, 0x0000000000000000
2026/09/19 11:25:06.998, 0, 79, 115.14, 100, 10877, 1164, 715, P0, 0x0000000000000020
2026/09/19 11:25:07.001, 1, 79, 109.07, 100, 11582, 1139, 715, P0, 0x0000000000000000
2026/09/19 11:25:08.011, 0, 77, 53.47, 0, 10877, 1290, 715, P0, 0x0000000000000000
2026/09/19 11:25:08.014, 1, 79, 112.96, 100, 11582, 1139, 715, P0, 0x0000000000000020
2026/09/19 11:25:09.037, 0, 77, 52.30, 0, 10877, 1290, 715, P0, 0x0000000000000000
2026/09/19 11:25:09.039, 1, 79, 107.25, 100, 11582, 1126, 715, P0, 0x0000000000000020
2026/09/19 11:25:10.048, 0, 80, 144.63, 100, 10877, 1278, 715, P0, 0x0000000000000020
2026/09/19 11:25:10.050, 1, 79, 107.75, 100, 11582, 1126, 715, P0, 0x0000000000000020
2026/09/19 11:25:11.063, 0, 79, 118.83, 100, 10877, 1101, 715, P0, 0x0000000000000020
2026/09/19 11:25:11.072, 1, 79, 103.81, 100, 11582, 1126, 715, P0, 0x0000000000000020
2026/09/19 11:25:12.090, 0, 79, 117.45, 100, 10877, 1177, 715, P0, 0x0000000000000020
2026/09/19 11:25:12.093, 1, 79, 111.40, 100, 11582, 1139, 715, P0, 0x0000000000000020
2026/09/19 11:25:13.107, 0, 78, 53.47, 0, 10877, 1290, 715, P0, 0x0000000000000000
2026/09/19 11:25:13.110, 1, 79, 111.51, 100, 11582, 1139, 715, P0, 0x0000000000000020
2026/09/19 11:25:14.121, 0, 77, 52.51, 0, 10877, 1290, 715, P0, 0x0000000000000000
2026/09/19 11:25:14.127, 1, 79, 110.80, 100, 11582, 1139, 715, P0, 0x0000000000000020
2026/09/19 11:25:15.138, 0, 80, 160.93, 100, 10877, 1328, 715, P0, 0x0000000000000000
2026/09/19 11:25:15.141, 1, 79, 108.35, 100, 11582, 1139, 715, P0, 0x0000000000000000
2026/09/19 11:25:16.152, 0, 79, 130.11, 100, 10877, 1101, 715, P0, 0x0000000000000020
2026/09/19 11:25:16.155, 1, 79, 150.34, 100, 11582, 1075, 715, P0, 0x0000000000000020
2026/09/19 11:25:17.181, 0, 79, 117.69, 100, 10877, 1189, 715, P0, 0x0000000000000020
2026/09/19 11:25:17.189, 1, 79, 110.92, 100, 11582, 1139, 715, P0, 0x0000000000000000
2026/09/19 11:25:18.196, 0, 78, 51.81, 74, 10877, 1252, 715, P0, 0x0000000000000000
2026/09/19 11:25:18.200, 1, 79, 108.40, 100, 11582, 1139, 715, P0, 0x0000000000000020
2026/09/19 11:25:19.210, 0, 77, 50.61, 0, 10877, 1252, 715, P0, 0x0000000000000000
2026/09/19 11:25:19.213, 1, 79, 106.30, 100, 11582, 1126, 715, P0, 0x0000000000000020
2026/09/19 11:25:20.224, 0, 79, 158.79, 100, 10877, 1328, 715, P0, 0x0000000000000000
2026/09/19 11:25:20.228, 1, 79, 104.59, 100, 11582, 1126, 715, P0, 0x0000000000000020
2026/09/19 11:25:21.242, 0, 79, 83.00, 100, 10877, 1189, 715, P0, 0x0000000000000000
2026/09/19 11:25:21.249, 1, 79, 104.73, 100, 11582, 1126, 715, P0, 0x0000000000000020
2026/09/19 11:25:22.253, 0, 79, 120.34, 100, 10877, 1189, 715, P0, 0x0000000000000000
2026/09/19 11:25:22.256, 1, 79, 107.56, 100, 11582, 1139, 715, P0, 0x0000000000000000
2026/09/19 11:25:23.265, 0, 79, 51.83, 96, 10877, 1189, 715, P0, 0x0000000000000000
2026/09/19 11:25:23.268, 1, 79, 103.90, 100, 11582, 1126, 715, P0, 0x0000000000000000
2026/09/19 11:25:24.276, 0, 77, 47.22, 0, 10877, 1189, 715, P0, 0x0000000000000000
2026/09/19 11:25:24.279, 1, 79, 112.97, 100, 11582, 1139, 715, P0, 0x0000000000000020
2026/09/19 11:25:25.288, 0, 79, 153.38, 100, 10877, 1328, 715, P0, 0x0000000000000000
2026/09/19 11:25:25.292, 1, 79, 110.28, 100, 11582, 1139, 715, P0, 0x0000000000000000
2026/09/19 11:25:26.302, 0, 80, 134.06, 100, 10877, 1227, 715, P0, 0x0000000000000020
2026/09/19 11:25:26.305, 1, 79, 111.29, 100, 11582, 1139, 715, P0, 0x0000000000000000
2026/09/19 11:25:27.320, 0, 79, 116.27, 100, 10877, 1177, 715, P0, 0x0000000000000020
2026/09/19 11:25:27.323, 1, 79, 111.41, 100, 11582, 1139, 715, P0, 0x0000000000000000
2026/09/19 11:25:28.335, 0, 79, 117.71, 100, 10877, 1063, 715, P0, 0x0000000000000020
2026/09/19 11:25:28.340, 1, 79, 111.18, 100, 11582, 1063, 715, P0, 0x0000000000000000
2026/09/19 11:25:29.350, 0, 77, 47.26, 0, 10877, 1189, 715, P0, 0x0000000000000000
2026/09/19 11:25:29.353, 1, 79, 104.15, 100, 11582, 1126, 715, P0, 0x0000000000000020
2026/09/19 11:25:30.364, 0, 78, 161.75, 63, 10877, 1316, 715, P0, 0x0000000000000000
2026/09/19 11:25:30.368, 1, 79, 104.30, 100, 11582, 1126, 715, P0, 0x0000000000000020
2026/09/19 11:25:31.376, 0, 79, 117.93, 100, 10877, 1177, 715, P0, 0x0000000000000020
2026/09/19 11:25:31.379, 1, 79, 109.49, 100, 11582, 1139, 715, P0, 0x0000000000000000
2026/09/19 11:25:32.390, 0, 79, 117.79, 100, 10877, 1189, 715, P0, 0x0000000000000000
2026/09/19 11:25:32.393, 1, 79, 104.28, 100, 11582, 1139, 715, P0, 0x0000000000000000
2026/09/19 11:25:33.401, 0, 80, 118.58, 100, 10877, 1189, 715, P0, 0x0000000000000020
2026/09/19 11:25:33.405, 1, 79, 73.31, 100, 11582, 1189, 715, P0, 0x0000000000000000
2026/09/19 11:25:34.418, 0, 77, 54.23, 0, 10877, 1316, 715, P0, 0x0000000000000000
2026/09/19 11:25:34.421, 1, 79, 105.57, 100, 11582, 1126, 715, P0, 0x0000000000000020
2026/09/19 11:25:35.434, 0, 77, 160.70, 28, 10877, 1316, 715, P0, 0x0000000000000000
2026/09/19 11:25:35.440, 1, 79, 107.31, 100, 11582, 1050, 715, P0, 0x0000000000000020
2026/09/19 11:25:36.447, 0, 80, 136.35, 100, 10877, 1240, 715, P0, 0x0000000000000020
2026/09/19 11:25:36.451, 1, 79, 112.25, 100, 11582, 1126, 715, P0, 0x0000000000000020
2026/09/19 11:25:37.471, 0, 79, 124.80, 100, 10877, 1189, 715, P0, 0x0000000000000020
2026/09/19 11:25:37.474, 1, 79, 110.58, 100, 11582, 1139, 715, P0, 0x0000000000000000
2026/09/19 11:25:38.487, 0, 80, 125.05, 100, 10877, 1189, 715, P0, 0x0000000000000020
2026/09/19 11:25:38.490, 1, 79, 110.66, 100, 11582, 1139, 715, P0, 0x0000000000000000
2026/09/19 11:25:39.499, 0, 77, 47.71, 0, 10877, 1189, 715, P0, 0x0000000000000000
2026/09/19 11:25:39.502, 1, 79, 108.47, 100, 11582, 1139, 715, P0, 0x0000000000000020
2026/09/19 11:25:40.513, 0, 77, 47.03, 0, 10877, 1189, 715, P0, 0x0000000000000000
2026/09/19 11:25:40.516, 1, 79, 100.06, 100, 11582, 1189, 715, P0, 0x0000000000000000
2026/09/19 11:25:41.524, 0, 80, 144.68, 100, 10877, 1290, 715, P0, 0x0000000000000000
2026/09/19 11:25:41.529, 1, 79, 104.86, 100, 11582, 1126, 715, P0, 0x0000000000000020
2026/09/19 11:25:42.541, 0, 79, 119.40, 100, 10877, 1088, 715, P0, 0x0000000000000020
2026/09/19 11:25:42.544, 1, 79, 105.46, 100, 11582, 1139, 715, P0, 0x0000000000000000
2026/09/19 11:25:43.556, 0, 79, 114.43, 100, 10877, 1164, 715, P0, 0x0000000000000020
2026/09/19 11:25:43.561, 1, 79, 105.74, 100, 11582, 1139, 715, P0, 0x0000000000000000
2026/09/19 11:25:44.568, 0, 78, 49.16, 0, 10877, 1202, 715, P0, 0x0000000000000000
2026/09/19 11:25:44.571, 1, 79, 107.26, 100, 11582, 1126, 715, P0, 0x0000000000000020
2026/09/19 11:25:45.585, 0, 77, 48.19, 0, 10877, 1202, 715, P0, 0x0000000000000000
2026/09/19 11:25:45.588, 1, 79, 111.29, 100, 11582, 1139, 715, P0, 0x0000000000000020
2026/09/19 11:25:46.598, 0, 80, 163.21, 100, 10877, 1328, 715, P0, 0x0000000000000000
2026/09/19 11:25:46.601, 1, 79, 108.52, 100, 11582, 1139, 715, P0, 0x0000000000000000
2026/09/19 11:25:47.614, 0, 79, 135.74, 100, 10877, 1139, 715, P0, 0x0000000000000020
2026/09/19 11:25:47.618, 1, 79, 68.96, 100, 11582, 1189, 715, P0, 0x0000000000000000
2026/09/19 11:25:48.625, 0, 79, 119.13, 100, 10877, 1177, 715, P0, 0x0000000000000020
2026/09/19 11:25:48.630, 1, 79, 110.68, 100, 11582, 1139, 715, P0, 0x0000000000000000
2026/09/19 11:25:49.654, 0, 78, 48.19, 32, 10877, 1189, 715, P0, 0x0000000000000000
2026/09/19 11:25:49.660, 1, 79, 105.11, 100, 11582, 1139, 715, P0, 0x0000000000000000
2026/09/19 11:25:50.667, 0, 77, 47.22, 0, 10877, 1189, 715, P0, 0x0000000000000000
2026/09/19 11:25:50.670, 1, 79, 108.90, 100, 11582, 1139, 715, P0, 0x0000000000000000
2026/09/19 11:25:51.679, 0, 79, 153.38, 100, 10877, 1328, 715, P0, 0x0000000000000000
2026/09/19 11:25:51.682, 1, 79, 108.84, 100, 11582, 1126, 715, P0, 0x0000000000000020
2026/09/19 11:25:52.693, 0, 79, 116.27, 100, 10877, 1164, 715, P0, 0x0000000000000020
2026/09/19 11:25:52.696, 1, 79, 109.49, 100, 11582, 1126, 715, P0, 0x0000000000000020
2026/09/19 11:25:53.708, 0, 79, 117.47, 100, 10877, 1189, 715, P0, 0x0000000000000000
2026/09/19 11:25:53.711, 1, 79, 108.53, 100, 11582, 1126, 715, P0, 0x0000000000000020
2026/09/19 11:25:54.721, 0, 79, 120.11, 100, 10877, 1101, 715, P0, 0x0000000000000000
2026/09/19 11:25:54.724, 1, 79, 111.12, 100, 11582, 1063, 715, P0, 0x0000000000000000
2026/09/19 11:25:55.735, 0, 77, 47.22, 0, 10877, 1189, 715, P0, 0x0000000000000000
2026/09/19 11:25:55.738, 1, 79, 111.06, 100, 11582, 1139, 715, P0, 0x0000000000000020
2026/09/19 11:25:56.746, 0, 78, 152.69, 88, 10877, 1316, 715, P0, 0x0000000000000000
2026/09/19 11:25:56.749, 1, 79, 104.13, 100, 11582, 1126, 715, P0, 0x0000000000000020
2026/09/19 11:25:57.762, 0, 79, 121.06, 100, 10877, 1164, 715, P0, 0x0000000000000020
2026/09/19 11:25:57.764, 1, 79, 104.75, 100, 11582, 1126, 715, P0, 0x0000000000000020
2026/09/19 11:25:58.783, 0, 79, 118.19, 100, 10877, 1189, 715, P0, 0x0000000000000020
2026/09/19 11:25:58.792, 1, 79, 108.11, 100, 11582, 1139, 715, P0, 0x0000000000000000
2026/09/19 11:25:59.811, 0, 79, 110.56, 100, 10877, 1139, 715, P0, 0x0000000000000000
2026/09/19 11:25:59.814, 1, 79, 70.23, 100, 11582, 1189, 715, P0, 0x0000000000000000
2026/09/19 11:26:00.827, 0, 77, 51.09, 0, 10877, 1252, 715, P0, 0x0000000000000000
2026/09/19 11:26:00.830, 1, 79, 108.64, 100, 11582, 1126, 715, P0, 0x0000000000000020
2026/09/19 11:26:01.838, 0, 76, 51.06, 0, 10877, 1252, 715, P0, 0x0000000000000000
2026/09/19 11:26:01.841, 1, 79, 112.26, 100, 11582, 1050, 715, P0, 0x0000000000000020
2026/09/19 11:26:02.847, 0, 80, 135.41, 100, 10877, 1240, 715, P0, 0x0000000000000020
2026/09/19 11:26:02.851, 1, 79, 108.18, 100, 11582, 1126, 715, P0, 0x0000000000000020
2026/09/19 11:26:03.865, 0, 79, 124.57, 100, 10877, 1215, 715, P0, 0x0000000000000000
2026/09/19 11:26:03.869, 1, 79, 108.26, 100, 11582, 1126, 715, P0, 0x0000000000000020
2026/09/19 11:26:04.878, 0, 79, 113.46, 100, 10877, 1139, 715, P0, 0x0000000000000000
2026/09/19 11:26:04.881, 1, 79, 108.85, 100, 11582, 1126, 715, P0, 0x0000000000000020
2026/09/19 11:26:05.893, 0, 78, 53.02, 0, 10877, 1290, 715, P0, 0x0000000000000000
2026/09/19 11:26:05.896, 1, 79, 108.40, 100, 11582, 1139, 715, P0, 0x0000000000000000
2026/09/19 11:26:06.906, 0, 77, 52.51, 0, 10877, 1290, 715, P0, 0x0000000000000000
2026/09/19 11:26:06.909, 1, 79, 102.44, 100, 11582, 1126, 715, P0, 0x0000000000000020
2026/09/19 11:26:07.934, 0, 80, 144.87, 100, 10877, 1290, 715, P0, 0x0000000000000000
2026/09/19 11:26:07.937, 1, 79, 108.40, 100, 11582, 1126, 715, P0, 0x0000000000000020
2026/09/19 11:26:08.947, 0, 79, 118.28, 100, 10877, 1088, 715, P0, 0x0000000000000020
2026/09/19 11:26:08.952, 1, 79, 99.06, 100, 11582, 1113, 715, P0, 0x0000000000000000
2026/09/19 11:26:09.976, 0, 79, 117.95, 100, 10877, 1164, 715, P0, 0x0000000000000000
2026/09/19 11:26:09.979, 1, 79, 107.81, 100, 11582, 1139, 715, P0, 0x0000000000000000
2026/09/19 11:26:10.993, 0, 78, 53.72, 63, 10877, 1290, 715, P0, 0x0000000000000000
2026/09/19 11:26:10.996, 1, 79, 108.64, 100, 11582, 1139, 715, P0, 0x0000000000000020
2026/09/19 11:26:12.014, 0, 77, 52.51, 0, 10877, 1290, 715, P0, 0x0000000000000000
2026/09/19 11:26:12.016, 1, 79, 108.63, 100, 11582, 1139, 715, P0, 0x0000000000000020
2026/09/19 11:26:13.032, 0, 79, 158.76, 100, 10877, 1328, 715, P0, 0x0000000000000000
2026/09/19 11:26:13.036, 1, 79, 107.63, 100, 11582, 1139, 715, P0, 0x0000000000000000
2026/09/19 11:26:14.046, 0, 79, 117.71, 100, 10877, 1177, 715, P0, 0x0000000000000020
2026/09/19 11:26:14.049, 1, 79, 110.69, 100, 11582, 1139, 715, P0, 0x0000000000000000
2026/09/19 11:26:15.060, 0, 79, 117.71, 100, 10877, 1189, 715, P0, 0x0000000000000000
2026/09/19 11:26:15.068, 1, 79, 108.29, 100, 11582, 1139, 715, P0, 0x0000000000000000
2026/09/19 11:26:16.075, 0, 79, 119.31, 100, 10877, 1088, 715, P0, 0x0000000000000020
2026/09/19 11:26:16.078, 1, 79, 111.65, 100, 11582, 1063, 715, P0, 0x0000000000000020
2026/09/19 11:26:17.089, 0, 77, 47.22, 0, 10877, 1189, 715, P0, 0x0000000000000000
2026/09/19 11:26:17.093, 1, 79, 108.71, 100, 11582, 1139, 715, P0, 0x0000000000000000
2026/09/19 11:26:18.104, 0, 78, 149.35, 100, 10877, 1316, 715, P0, 0x0000000000000000
2026/09/19 11:26:18.107, 1, 79, 107.90, 100, 11582, 1139, 715, P0, 0x0000000000000000
2026/09/19 11:26:19.132, 0, 79, 128.63, 100, 10877, 1227, 715, P0, 0x0000000000000000
2026/09/19 11:26:19.135, 1, 79, 108.75, 100, 11582, 1126, 715, P0, 0x0000000000000020
2026/09/19 11:26:20.151, 0, 79, 117.93, 100, 10877, 1189, 715, P0, 0x0000000000000000
2026/09/19 11:26:20.154, 1, 79, 108.83, 100, 11582, 1139, 715, P0, 0x0000000000000000
2026/09/19 11:26:21.164, 0, 79, 118.40, 100, 10877, 1177, 715, P0, 0x0000000000000020
2026/09/19 11:26:21.170, 1, 79, 72.58, 100, 11582, 1215, 715, P0, 0x0000000000000000
2026/09/19 11:26:22.177, 0, 77, 47.47, 0, 10877, 1189, 715, P0, 0x0000000000000000
2026/09/19 11:26:22.180, 1, 79, 112.73, 100, 11582, 1139, 715, P0, 0x0000000000000020
2026/09/19 11:26:23.191, 0, 76, 47.44, 0, 10877, 1189, 715, P0, 0x0000000000000000
2026/09/19 11:26:23.196, 1, 79, 113.46, 100, 11582, 1063, 715, P0, 0x0000000000000020
2026/09/19 11:26:24.203, 0, 80, 135.01, 100, 10877, 1215, 715, P0, 0x0000000000000020
2026/09/19 11:26:24.210, 1, 79, 112.73, 100, 11582, 1126, 715, P0, 0x0000000000000020
2026/09/19 11:26:25.229, 0, 79, 117.47, 100, 10877, 1189, 715, P0, 0x0000000000000000
2026/09/19 11:26:25.232, 1, 79, 110.44, 100, 11582, 1139, 715, P0, 0x0000000000000000
2026/09/19 11:26:26.242, 0, 79, 117.69, 100, 10877, 1177, 715, P0, 0x0000000000000020
2026/09/19 11:26:26.247, 1, 79, 110.92, 100, 11582, 1139, 715, P0, 0x0000000000000000
2026/09/19 11:26:27.259, 0, 77, 47.71, 0, 10877, 1189, 715, P0, 0x0000000000000000
2026/09/19 11:26:27.263, 1, 79, 104.63, 100, 11582, 1139, 715, P0, 0x0000000000000000
2026/09/19 11:26:28.287, 0, 76, 47.25, 0, 10877, 1189, 715, P0, 0x0000000000000000
2026/09/19 11:26:28.291, 1, 79, 97.04, 100, 11582, 1126, 715, P0, 0x0000000000000020
2026/09/19 11:26:29.301, 0, 80, 145.14, 100, 10877, 1278, 715, P0, 0x0000000000000020
2026/09/19 11:26:29.307, 1, 79, 105.11, 100, 11582, 1126, 715, P0, 0x0000000000000020
2026/09/19 11:26:30.317, 0, 79, 119.66, 100, 10877, 1088, 715, P0, 0x0000000000000020
2026/09/19 11:26:30.321, 1, 79, 97.15, 100, 11582, 1075, 715, P0, 0x0000000000000000
2026/09/19 11:26:31.333, 0, 79, 124.33, 100, 10877, 1189, 715, P0, 0x0000000000000000
2026/09/19 11:26:31.336, 1, 79, 112.33, 100, 11582, 1139, 715, P0, 0x0000000000000000
2026/09/19 11:26:32.344, 0, 78, 48.44, 39, 10877, 1189, 715, P0, 0x0000000000000000
2026/09/19 11:26:32.348, 1, 79, 108.47, 100, 11582, 1139, 715, P0, 0x0000000000000020
2026/09/19 11:26:33.356, 0, 77, 47.22, 0, 10877, 1189, 715, P0, 0x0000000000000000
2026/09/19 11:26:33.359, 1, 79, 113.21, 100, 11582, 1139, 715, P0, 0x0000000000000020
2026/09/19 11:26:34.364, 0, 79, 153.39, 100, 10877, 1328, 715, P0, 0x0000000000000000
2026/09/19 11:26:34.368, 1, 79, 106.46, 100, 11582, 1126, 715, P0, 0x0000000000000020
2026/09/19 11:26:35.378, 0, 79, 117.95, 100, 10877, 1189, 715, P0, 0x0000000000000000
2026/09/19 11:26:35.381, 1, 79, 105.22, 100, 11582, 1126, 715, P0, 0x0000000000000020
2026/09/19 11:26:36.393, 0, 79, 117.21, 100, 10877, 1177, 715, P0, 0x0000000000000020
2026/09/19 11:26:36.396, 1, 79, 109.49, 100, 11582, 1126, 715, P0, 0x0000000000000020
2026/09/19 11:26:37.406, 0, 79, 125.28, 100, 10877, 1075, 715, P0, 0x0000000000000020
2026/09/19 11:26:37.411, 1, 79, 113.19, 100, 11582, 1063, 715, P0, 0x0000000000000020
2026/09/19 11:26:38.429, 0, 77, 52.51, 0, 10877, 1290, 715, P0, 0x0000000000000000
2026/09/19 11:26:38.432, 1, 79, 113.18, 100, 11582, 1139, 715, P0, 0x0000000000000000
2026/09/19 11:26:39.440, 0, 78, 175.86, 5, 10877, 1290, 715, P0, 0x0000000000000000
2026/09/19 11:26:39.443, 1, 79, 103.93, 100, 11582, 1126, 715, P0, 0x0000000000000020
2026/09/19 11:26:40.456, 0, 79, 117.71, 100, 10877, 1189, 715, P0, 0x0000000000000020
2026/09/19 11:26:40.460, 1, 79, 106.91, 100, 11582, 1139, 715, P0, 0x0000000000000000
2026/09/19 11:26:41.466, 0, 79, 126.01, 100, 10877, 1189, 715, P0, 0x0000000000000020
2026/09/19 11:26:41.469, 1, 79, 106.42, 100, 11582, 1126, 715, P0, 0x0000000000000020
2026/09/19 11:26:42.481, 0, 79, 110.42, 100, 10877, 1126, 715, P0, 0x0000000000000020
2026/09/19 11:26:42.486, 1, 79, 105.01, 100, 11582, 1126, 715, P0, 0x0000000000000020
2026/09/19 11:26:43.497, 0, 77, 47.70, 0, 10877, 1189, 715, P0, 0x0000000000000000
2026/09/19 11:26:43.500, 1, 79, 112.49, 100, 11582, 1139, 715, P0, 0x0000000000000020
2026/09/19 11:26:44.511, 0, 76, 47.02, 0, 10877, 1189, 715, P0, 0x0000000000000000
2026/09/19 11:26:44.514, 1, 79, 102.70, 100, 11582, 1189, 715, P0, 0x0000000000000000
2026/09/19 11:26:45.526, 0, 80, 144.90, 100, 10877, 1290, 715, P0, 0x0000000000000000
2026/09/19 11:26:45.529, 1, 79, 104.63, 100, 11582, 1126, 715, P0, 0x0000000000000020
2026/09/19 11:26:46.541, 0, 79, 121.32, 100, 10877, 1075, 715, P0, 0x0000000000000020
2026/09/19 11:26:46.552, 1, 79, 104.04, 100, 11582, 1126, 715, P0, 0x0000000000000020
2026/09/19 11:26:47.572, 0, 79, 118.92, 100, 10877, 1164, 715, P0, 0x0000000000000020
2026/09/19 11:26:47.575, 1, 79, 104.76, 100, 11582, 1126, 715, P0, 0x0000000000000020
2026/09/19 11:26:48.584, 0, 78, 48.43, 7, 10877, 1189, 715, P0, 0x0000000000000000
2026/09/19 11:26:48.587, 1, 79, 110.56, 100, 11582, 1139, 715, P0, 0x0000000000000000
2026/09/19 11:26:49.600, 0, 77, 47.25, 0, 10877, 1189, 715, P0, 0x0000000000000000
2026/09/19 11:26:49.605, 1, 79, 105.35, 100, 11582, 1126, 715, P0, 0x0000000000000020
2026/09/19 11:26:50.621, 0, 80, 162.03, 100, 10877, 1328, 715, P0, 0x0000000000000000
2026/09/19 11:26:50.625, 1, 79, 105.00, 100, 11582, 1139, 715, P0, 0x0000000000000000
2026/09/19 11:26:51.635, 0, 79, 117.69, 100, 10877, 1189, 715, P0, 0x0000000000000000
2026/09/19 11:26:51.638, 1, 79, 112.12, 100, 11582, 1139, 715, P0, 0x0000000000000000
2026/09/19 11:26:52.652, 0, 79, 121.06, 100, 10877, 1177, 715, P0, 0x0000000000000020
2026/09/19 11:26:52.655, 1, 79, 105.24, 100, 11582, 1126, 715, P0, 0x0000000000000020
2026/09/19 11:26:53.668, 0, 79, 120.87, 100, 10877, 1101, 715, P0, 0x0000000000000020
2026/09/19 11:26:53.671, 1, 79, 114.63, 100, 11582, 1063, 715, P0, 0x0000000000000020
2026/09/19 11:26:54.681, 0, 77, 47.26, 0, 10877, 1189, 715, P0, 0x0000000000000000
2026/09/19 11:26:54.684, 1, 79, 104.87, 100, 11582, 1126, 715, P0, 0x0000000000000020
2026/09/19 11:26:55.695, 0, 78, 179.00, 81, 10877, 1316, 715, P0, 0x0000000000000000
2026/09/19 11:26:55.698, 1, 79, 89.26, 100, 11582, 987, 715, P0, 0x0000000000000000
2026/09/19 11:26:56.707, 0, 80, 136.74, 100, 10877, 1265, 715, P0, 0x0000000000000020
2026/09/19 11:26:56.710, 1, 79, 93.76, 100, 11582, 1050, 715, P0, 0x0000000000000000
2026/09/19 11:26:57.722, 0, 79, 126.03, 100, 10877, 1177, 715, P0, 0x0000000000000020
2026/09/19 11:26:57.729, 1, 79, 99.53, 100, 11582, 1075, 715, P0, 0x0000000000000020
2026/09/19 11:26:58.748, 0, 79, 118.52, 100, 10877, 1189, 715, P0, 0x0000000000000020
2026/09/19 11:26:58.751, 1, 79, 100.50, 100, 11582, 1075, 715, P0, 0x0000000000000000
2026/09/19 11:26:59.762, 0, 77, 47.50, 0, 10877, 1189, 715, P0, 0x0000000000000000
2026/09/19 11:26:59.765, 1, 79, 100.36, 100, 11582, 1101, 715, P0, 0x0000000000000000
2026/09/19 11:27:00.778, 0, 77, 47.02, 0, 10877, 1189, 715, P0, 0x0000000000000000
2026/09/19 11:27:00.781, 1, 79, 96.27, 100, 11582, 1075, 715, P0, 0x0000000000000020
2026/09/19 11:27:01.792, 0, 79, 155.80, 100, 10877, 1328, 715, P0, 0x0000000000000000
2026/09/19 11:27:01.795, 1, 79, 96.05, 100, 11582, 1063, 715, P0, 0x0000000000000020
2026/09/19 11:27:02.808, 0, 79, 117.55, 100, 10877, 1177, 715, P0, 0x0000000000000020
2026/09/19 11:27:02.812, 1, 79, 101.47, 100, 11582, 1075, 715, P0, 0x0000000000000020
2026/09/19 11:27:03.820, 0, 79, 117.07, 100, 10877, 1177, 715, P0, 0x0000000000000020
2026/09/19 11:27:03.826, 1, 79, 101.22, 100, 11582, 1101, 715, P0, 0x0000000000000020
2026/09/19 11:27:04.834, 0, 79, 132.76, 100, 10877, 1126, 715, P0, 0x0000000000000020
2026/09/19 11:27:04.837, 1, 79, 68.99, 100, 11582, 1189, 715, P0, 0x0000000000000000
2026/09/19 11:27:05.849, 0, 77, 51.34, 0, 10877, 1265, 715, P0, 0x0000000000000000
2026/09/19 11:27:05.852, 1, 79, 104.37, 100, 11582, 1126, 715, P0, 0x0000000000000000
2026/09/19 11:27:06.864, 0, 76, 51.10, 0, 10877, 1265, 715, P0, 0x0000000000000000
2026/09/19 11:27:06.868, 1, 79, 106.81, 100, 11582, 1012, 715, P0, 0x0000000000000020
2026/09/19 11:27:07.877, 0, 80, 145.38, 100, 10877, 1303, 715, P0, 0x0000000000000020
2026/09/19 11:27:07.880, 1, 79, 104.61, 100, 11582, 1113, 715, P0, 0x0000000000000020
2026/09/19 11:27:08.894, 0, 79, 116.58, 100, 10877, 1177, 715, P0, 0x0000000000000020
2026/09/19 11:27:08.898, 1, 79, 103.33, 100, 11582, 1126, 715, P0, 0x0000000000000000
2026/09/19 11:27:09.907, 0, 79, 124.34, 100, 10877, 1177, 715, P0, 0x0000000000000020
2026/09/19 11:27:09.911, 1, 79, 104.50, 100, 11582, 1126, 715, P0, 0x0000000000000000
2026/09/19 11:27:10.919, 0, 77, 47.96, 0, 10877, 1189, 715, P0, 0x0000000000000000
2026/09/19 11:27:10.922, 1, 79, 103.90, 100, 11582, 1113, 715, P0, 0x0000000000000020
2026/09/19 11:27:11.934, 0, 76, 47.02, 0, 10877, 1189, 715, P0, 0x0000000000000000
2026/09/19 11:27:11.937, 1, 79, 104.39, 100, 11582, 1113, 715, P0, 0x0000000000000020
2026/09/19 11:27:12.949, 0, 79, 160.94, 100, 10877, 1328, 715, P0, 0x0000000000000000
2026/09/19 11:27:12.953, 1, 79, 104.29, 100, 11582, 1126, 715, P0, 0x0000000000000000
2026/09/19 11:27:13.966, 0, 79, 118.68, 100, 10877, 1189, 715, P0, 0x0000000000000000
2026/09/19 11:27:13.969, 1, 79, 103.56, 100, 11582, 1113, 715, P0, 0x0000000000000020
2026/09/19 11:27:14.979, 0, 79, 117.47, 100, 10877, 1189, 715, P0, 0x0000000000000000
2026/09/19 11:27:14.986, 1, 79, 110.45, 100, 11582, 1139, 715, P0, 0x0000000000000020
2026/09/19 11:27:15.992, 0, 79, 122.04, 100, 10877, 1088, 715, P0, 0x0000000000000020
2026/09/19 11:27:15.994, 1, 79, 114.01, 100, 11582, 1063, 715, P0, 0x0000000000000020
2026/09/19 11:27:17.004, 0, 77, 47.22, 0, 10877, 1189, 715, P0, 0x0000000000000000
2026/09/19 11:27:17.007, 1, 79, 110.58, 100, 11582, 1139, 715, P0, 0x0000000000000020
2026/09/19 11:27:18.019, 0, 77, 147.38, 6, 10877, 1189, 715, P0, 0x0000000000000000
2026/09/19 11:27:18.025, 1, 79, 101.54, 100, 11582, 1113, 715, P0, 0x0000000000000000
2026/09/19 11:27:19.033, 0, 80, 133.10, 100, 10877, 1227, 715, P0, 0x0000000000000000
2026/09/19 11:27:19.037, 1, 79, 108.72, 100, 11582, 1139, 715, P0, 0x0000000000000000
2026/09/19 11:27:20.059, 0, 79, 124.08, 100, 10877, 1189, 715, P0, 0x0000000000000020
2026/09/19 11:27:20.064, 1, 79, 112.09, 100, 11582, 1139, 715, P0, 0x0000000000000020
2026/09/19 11:27:21.071, 0, 79, 124.57, 100, 10877, 1189, 715, P0, 0x0000000000000020
2026/09/19 11:27:21.074, 1, 79, 108.52, 100, 11582, 1139, 715, P0, 0x0000000000000020
2026/09/19 11:27:22.087, 0, 77, 47.46, 0, 10877, 1189, 715, P0, 0x0000000000000000
2026/09/19 11:27:22.090, 1, 79, 112.73, 100, 11582, 1139, 715, P0, 0x0000000000000020
2026/09/19 11:27:23.094, 0, 76, 47.01, 0, 10877, 1189, 715, P0, 0x0000000000000000
2026/09/19 11:27:23.100, 1, 79, 95.11, 100, 11582, 1151, 715, P0, 0x0000000000000000
2026/09/19 11:27:24.108, 0, 80, 144.65, 100, 10877, 1303, 715, P0, 0x0000000000000020
2026/09/19 11:27:24.111, 1, 79, 110.07, 100, 11582, 1139, 715, P0, 0x0000000000000000
2026/09/19 11:27:25.118, 0, 79, 119.54, 100, 10877, 1088, 715, P0, 0x0000000000000020
2026/09/19 11:27:25.129, 1, 79, 114.65, 100, 11582, 1050, 715, P0, 0x0000000000000020
2026/09/19 11:27:26.138, 0, 79, 123.61, 100, 10877, 1189, 715, P0, 0x0000000000000000
2026/09/19 11:27:26.146, 1, 79, 110.90, 100, 11582, 1139, 715, P0, 0x0000000000000020
2026/09/19 11:27:27.152, 0, 78, 53.02, 60, 10877, 1290, 715, P0, 0x0000000000000000
2026/09/19 11:27:27.155, 1, 79, 106.78, 100, 11582, 1139, 715, P0, 0x0000000000000000
2026/09/19 11:27:28.168, 0, 77, 52.50, 0, 10877, 1290, 715, P0, 0x0000000000000000
2026/09/19 11:27:28.171, 1, 79, 113.13, 100, 11582, 1139, 715, P0, 0x0000000000000020
2026/09/19 11:27:29.182, 0, 79, 150.75, 100, 10877, 1316, 715, P0, 0x0000000000000000
2026/09/19 11:27:29.185, 1, 79, 110.52, 100, 11582, 1139, 715, P0, 0x0000000000000000
2026/09/19 11:27:30.199, 0, 79, 116.34, 100, 10877, 1164, 715, P0, 0x0000000000000020
2026/09/19 11:27:30.205, 1, 79, 105.96, 100, 11582, 1126, 715, P0, 0x0000000000000020
2026/09/19 11:27:31.212, 0, 79, 124.16, 100, 10877, 1189, 715, P0, 0x0000000000000000
2026/09/19 11:27:31.215, 1, 79, 107.32, 100, 11582, 1126, 715, P0, 0x0000000000000020
2026/09/19 11:27:32.223, 0, 80, 115.77, 100, 10877, 1189, 715, P0, 0x0000000000000020
2026/09/19 11:27:32.226, 1, 79, 71.18, 100, 11582, 1202, 715, P0, 0x0000000000000000
2026/09/19 11:27:33.237, 0, 77, 47.47, 0, 10877, 1189, 715, P0, 0x0000000000000000
2026/09/19 11:27:33.241, 1, 79, 104.87, 100, 11582, 1139, 715, P0, 0x0000000000000000
2026/09/19 11:27:34.253, 0, 76, 46.98, 0, 10877, 1189, 715, P0, 0x0000000000000000
2026/09/19 11:27:34.256, 1, 79, 113.71, 100, 11582, 1063, 715, P0, 0x0000000000000020
2026/09/19 11:27:35.265, 0, 80, 132.86, 100, 10877, 1227, 715, P0, 0x0000000000000020
2026/09/19 11:27:35.268, 1, 79, 108.49, 100, 11582, 1139, 715, P0, 0x0000000000000020
2026/09/19 11:27:36.280, 0, 79, 112.98, 100, 10877, 1177, 715, P0, 0x0000000000000000
2026/09/19 11:27:36.285, 1, 79, 108.12, 100, 11582, 1139, 715, P0, 0x0000000000000000
2026/09/19 11:27:37.297, 0, 79, 117.22, 100, 10877, 1189, 715, P0, 0x0000000000000000
2026/09/19 11:27:37.304, 1, 79, 108.53, 100, 11582, 1139, 715, P0, 0x0000000000000020
2026/09/19 11:27:38.308, 0, 77, 48.19, 0, 10877, 1189, 715, P0, 0x0000000000000000
2026/09/19 11:27:38.311, 1, 79, 111.29, 100, 11582, 1139, 715, P0, 0x0000000000000000
2026/09/19 11:27:39.322, 0, 76, 47.01, 0, 10877, 1189, 715, P0, 0x0000000000000000
2026/09/19 11:27:39.325, 1, 79, 108.71, 100, 11582, 1139, 715, P0, 0x0000000000000000
2026/09/19 11:27:40.334, 0, 79, 160.44, 100, 10877, 1328, 715, P0, 0x0000000000000000
2026/09/19 11:27:40.339, 1, 79, 107.39, 100, 11582, 1139, 715, P0, 0x0000000000000000
2026/09/19 11:27:41.348, 0, 79, 118.41, 100, 10877, 1177, 715, P0, 0x0000000000000020
2026/09/19 11:27:41.352, 1, 79, 112.84, 100, 11582, 1139, 715, P0, 0x0000000000000020
2026/09/19 11:27:42.362, 0, 79, 124.80, 100, 10877, 1189, 715, P0, 0x0000000000000020
2026/09/19 11:27:42.365, 1, 79, 112.57, 100, 11582, 1139, 715, P0, 0x0000000000000020
2026/09/19 11:27:43.373, 0, 79, 119.63, 100, 10877, 1101, 715, P0, 0x0000000000000020
2026/09/19 11:27:43.382, 1, 79, 112.78, 100, 11582, 1063, 715, P0, 0x0000000000000020
2026/09/19 11:27:44.402, 0, 77, 48.43, 0, 10877, 1215, 715, P0, 0x0000000000000000
2026/09/19 11:27:44.405, 1, 79, 112.95, 100, 11582, 1139, 715, P0, 0x0000000000000020
2026/09/19 11:27:45.416, 0, 78, 153.90, 38, 10877, 1215, 715, P0, 0x0000000000000000
2026/09/19 11:27:45.419, 1, 79, 104.36, 100, 11582, 1126, 715, P0, 0x0000000000000020
2026/09/19 11:27:46.430, 0, 79, 135.66, 100, 10877, 1240, 715, P0, 0x0000000000000020
2026/09/19 11:27:46.433, 1, 79, 104.42, 100, 11582, 1126, 715, P0, 0x0000000000000020
2026/09/19 11:27:47.444, 0, 79, 124.32, 100, 10877, 1189, 715, P0, 0x0000000000000020
2026/09/19 11:27:47.448, 1, 79, 112.81, 100, 11582, 1139, 715, P0, 0x0000000000000020
2026/09/19 11:27:48.459, 0, 79, 108.96, 100, 10877, 1126, 715, P0, 0x0000000000000020
2026/09/19 11:27:48.462, 1, 79, 110.76, 100, 11582, 1139, 715, P0, 0x0000000000000000
2026/09/19 11:27:49.473, 0, 77, 47.70, 0, 10877, 1189, 715, P0, 0x0000000000000000
2026/09/19 11:27:49.479, 1, 79, 112.97, 100, 11582, 1139, 715, P0, 0x0000000000000020
2026/09/19 11:27:50.488, 0, 77, 47.01, 0, 10877, 1189, 715, P0, 0x0000000000000000
2026/09/19 11:27:50.491, 1, 79, 105.58, 100, 11582, 1139, 715, P0, 0x0000000000000000
2026/09/19 11:27:51.498, 0, 80, 142.81, 100, 10877, 1290, 715, P0, 0x0000000000000000
2026/09/19 11:27:51.500, 1, 79, 106.05, 100, 11582, 1126, 715, P0, 0x0000000000000020
2026/09/19 11:27:52.510, 0, 79, 130.99, 100, 10877, 1126, 715, P0, 0x0000000000000020
2026/09/19 11:27:52.513, 1, 79, 124.55, 100, 11582, 1075, 715, P0, 0x0000000000000020
2026/09/19 11:27:53.526, 0, 80, 127.93, 100, 10877, 1202, 715, P0, 0x0000000000000020
2026/09/19 11:27:53.528, 1, 79, 107.79, 100, 11582, 1139, 715, P0, 0x0000000000000020
2026/09/19 11:27:54.541, 0, 78, 54.44, 47, 10877, 1316, 715, P0, 0x0000000000000020
2026/09/19 11:27:54.547, 1, 79, 108.39, 100, 11582, 1151, 715, P0, 0x0000000000000000
2026/09/19 11:27:55.555, 0, 77, 53.71, 0, 10877, 1316, 715, P0, 0x0000000000000000
2026/09/19 11:27:55.558, 1, 80, 112.94, 100, 11582, 1139, 715, P0, 0x0000000000000020
2026/09/19 11:27:56.580, 0, 79, 150.52, 100, 10877, 1316, 715, P0, 0x0000000000000000
2026/09/19 11:27:56.584, 1, 79, 110.52, 100, 11582, 1139, 715, P0, 0x0000000000000000
2026/09/19 11:27:57.594, 0, 79, 112.97, 100, 10877, 1139, 715, P0, 0x0000000000000000
2026/09/19 11:27:57.600, 1, 79, 113.56, 100, 11582, 1139, 715, P0, 0x0000000000000000
2026/09/19 11:27:58.612, 0, 79, 117.95, 100, 10877, 1164, 715, P0, 0x0000000000000020
2026/09/19 11:27:58.619, 1, 79, 108.11, 100, 11582, 1139, 715, P0, 0x0000000000000020
2026/09/19 11:27:59.639, 0, 79, 119.85, 100, 10877, 1164, 715, P0, 0x0000000000000020
2026/09/19 11:27:59.644, 1, 79, 71.18, 100, 11582, 1189, 715, P0, 0x0000000000000000
2026/09/19 11:28:00.649, 0, 77, 47.46, 0, 10877, 1189, 715, P0, 0x0000000000000000
2026/09/19 11:28:00.656, 1, 79, 112.49, 100, 11582, 1139, 715, P0, 0x0000000000000020
2026/09/19 11:28:01.678, 0, 76, 46.99, 0, 10877, 1189, 715, P0, 0x0000000000000000
2026/09/19 11:28:01.683, 1, 79, 109.15, 100, 11582, 1037, 715, P0, 0x0000000000000000
2026/09/19 11:28:02.696, 0, 80, 136.70, 100, 10877, 1240, 715, P0, 0x0000000000000020
2026/09/19 11:28:02.698, 1, 79, 104.90, 100, 11582, 1126, 715, P0, 0x0000000000000020
2026/09/19 11:28:03.709, 0, 79, 109.37, 100, 10877, 1151, 715, P0, 0x0000000000000000
2026/09/19 11:28:03.718, 1, 79, 109.26, 100, 11582, 1139, 715, P0, 0x0000000000000020
2026/09/19 11:28:04.724, 0, 79, 117.69, 100, 10877, 1177, 715, P0, 0x0000000000000020
2026/09/19 11:28:04.727, 1, 79, 111.40, 100, 11582, 1139, 715, P0, 0x0000000000000020
2026/09/19 11:28:05.739, 0, 78, 53.51, 0, 10877, 1290, 715, P0, 0x0000000000000000
2026/09/19 11:28:05.742, 1, 79, 108.64, 100, 11582, 1139, 715, P0, 0x0000000000000020
2026/09/19 11:28:06.754, 0, 77, 52.54, 0, 10877, 1290, 715, P0, 0x0000000000000000
2026/09/19 11:28:06.757, 1, 80, 104.85, 100, 11582, 1126, 715, P0, 0x0000000000000020
2026/09/19 11:28:07.766, 0, 79, 153.86, 100, 10877, 1328, 715, P0, 0x0000000000000000
2026/09/19 11:28:07.769, 1, 79, 108.12, 100, 11582, 1126, 715, P0, 0x0000000000000020
2026/09/19 11:28:08.781, 0, 79, 118.41, 100, 10877, 1189, 715, P0, 0x0000000000000000
2026/09/19 11:28:08.784, 1, 79, 111.64, 100, 11582, 1139, 715, P0, 0x0000000000000020
2026/09/19 11:28:09.797, 0, 79, 117.23, 100, 10877, 1189, 715, P0, 0x0000000000000000
2026/09/19 11:28:09.800, 1, 79, 110.68, 100, 11582, 1139, 715, P0, 0x0000000000000020
2026/09/19 11:28:10.812, 0, 79, 129.48, 100, 10877, 1189, 715, P0, 0x0000000000000000
2026/09/19 11:28:10.815, 1, 79, 112.01, 100, 11582, 1050, 715, P0, 0x0000000000000020
2026/09/19 11:28:11.830, 0, 77, 52.06, 0, 10877, 1278, 715, P0, 0x0000000000000000
2026/09/19 11:28:11.833, 1, 79, 104.85, 100, 11582, 1126, 715, P0, 0x0000000000000020
2026/09/19 11:28:12.847, 0, 77, 164.51, 0, 10877, 1278, 715, P0, 0x0000000000000000
2026/09/19 11:28:12.854, 1, 79, 115.88, 100, 11582, 1088, 715, P0, 0x0000000000000020
2026/09/19 11:28:13.864, 0, 80, 130.96, 100, 10877, 1227, 715, P0, 0x0000000000000000
2026/09/19 11:28:13.867, 1, 79, 108.49, 100, 11582, 1139, 715, P0, 0x0000000000000020
2026/09/19 11:28:14.877, 0, 79, 116.99, 100, 10877, 1177, 715, P0, 0x0000000000000020
2026/09/19 11:28:14.880, 1, 79, 110.20, 100, 11582, 1139, 715, P0, 0x0000000000000020
2026/09/19 11:28:15.895, 0, 79, 118.66, 100, 10877, 1189, 715, P0, 0x0000000000000000
2026/09/19 11:28:15.899, 1, 79, 108.76, 100, 11582, 1139, 715, P0, 0x0000000000000020
2026/09/19 11:28:16.907, 0, 78, 47.95, 0, 10877, 1189, 715, P0, 0x0000000000000000
2026/09/19 11:28:16.910, 1, 79, 110.81, 100, 11582, 1139, 715, P0, 0x0000000000000020
2026/09/19 11:28:17.919, 0, 77, 46.98, 0, 10877, 1189, 715, P0, 0x0000000000000000
2026/09/19 11:28:17.924, 1, 80, 109.86, 100, 11582, 1050, 715, P0, 0x0000000000000020
2026/09/19 11:28:18.932, 0, 79, 159.29, 100, 10877, 1328, 715, P0, 0x0000000000000000
2026/09/19 11:28:18.936, 1, 79, 94.36, 100, 11582, 1050, 715, P0, 0x0000000000000000
2026/09/19 11:28:19.948, 0, 80, 128.43, 100, 10877, 1227, 715, P0, 0x0000000000000000
2026/09/19 11:28:19.951, 1, 79, 95.21, 100, 11582, 1063, 715, P0, 0x0000000000000000
2026/09/19 11:28:20.960, 0, 79, 124.19, 100, 10877, 1189, 715, P0, 0x0000000000000000
2026/09/19 11:28:20.963, 1, 79, 94.97, 100, 11582, 1063, 715, P0, 0x0000000000000020
2026/09/19 11:28:21.972, 0, 79, 128.43, 100, 10877, 1088, 715, P0, 0x0000000000000020
2026/09/19 11:28:21.983, 1, 79, 95.19, 100, 11582, 1063, 715, P0, 0x0000000000000020
2026/09/19 11:28:22.998, 0, 77, 47.50, 0, 10877, 1189, 715, P0, 0x0000000000000000
2026/09/19 11:28:23.002, 1, 79, 95.84, 100, 11582, 1063, 715, P0, 0x0000000000000020
2026/09/19 11:28:24.015, 0, 76, 47.26, 0, 10877, 1189, 715, P0, 0x0000000000000000
2026/09/19 11:28:24.018, 1, 79, 96.32, 100, 11582, 1075, 715, P0, 0x0000000000000000
2026/09/19 11:28:25.027, 0, 79, 160.96, 100, 10877, 1328, 715, P0, 0x0000000000000000
2026/09/19 11:28:25.030, 1, 79, 99.81, 100, 11582, 1088, 715, P0, 0x0000000000000020
2026/09/19 11:28:26.041, 0, 79, 81.32, 100, 10877, 1215, 715, P0, 0x0000000000000000
2026/09/19 11:28:26.044, 1, 79, 100.47, 100, 11582, 1088, 715, P0, 0x0000000000000020
2026/09/19 11:28:27.056, 0, 79, 114.44, 100, 10877, 1164, 715, P0, 0x0000000000000000
2026/09/19 11:28:27.059, 1, 79, 100.75, 100, 11582, 1101, 715, P0, 0x0000000000000000
2026/09/19 11:28:28.072, 0, 79, 113.01, 100, 10877, 1063, 715, P0, 0x0000000000000020
2026/09/19 11:28:28.080, 1, 78, 112.06, 100, 11582, 1189, 715, P0, 0x0000000000000000
2026/09/19 11:28:29.086, 0, 77, 47.26, 0, 10877, 1189, 715, P0, 0x0000000000000000
2026/09/19 11:28:29.089, 1, 79, 100.60, 100, 11582, 1088, 715, P0, 0x0000000000000020
2026/09/19 11:28:30.096, 0, 76, 46.98, 0, 10877, 1189, 715, P0, 0x0000000000000000
2026/09/19 11:28:30.101, 1, 79, 119.66, 100, 11582, 1012, 715, P0, 0x0000000000000020
2026/09/19 11:28:31.109, 0, 80, 163.95, 100, 10877, 1328, 715, P0, 0x0000000000000000
2026/09/19 11:28:31.114, 1, 79, 102.85, 100, 11582, 1101, 715, P0, 0x0000000000000000
2026/09/19 11:28:32.122, 0, 79, 130.47, 100, 10877, 1139, 715, P0, 0x0000000000000020
2026/09/19 11:28:32.125, 1, 79, 122.50, 100, 11582, 1063, 715, P0, 0x0000000000000020
2026/09/19 11:28:33.137, 0, 79, 115.63, 100, 10877, 1139, 715, P0, 0x0000000000000020
2026/09/19 11:28:33.140, 1, 79, 103.57, 100, 11582, 1101, 715, P0, 0x0000000000000000
2026/09/19 11:28:34.151, 0, 78, 48.19, 11, 10877, 1189, 715, P0, 0x0000000000000000
2026/09/19 11:28:34.157, 1, 79, 110.59, 100, 11582, 1037, 715, P0, 0x0000000000000020
2026/09/19 11:28:35.175, 0, 76, 47.25, 0, 10877, 1189, 715, P0, 0x0000000000000000
2026/09/19 11:28:35.179, 1, 79, 105.35, 100, 11582, 1126, 715, P0, 0x0000000000000000
2026/09/19 11:28:36.185, 0, 78, 177.29, 62, 10877, 1316, 715, P0, 0x0000000000000000
2026/09/19 11:28:36.189, 1, 79, 103.22, 100, 11582, 1113, 715, P0, 0x0000000000000020
2026/09/19 11:28:37.199, 0, 80, 129.29, 100, 10877, 1227, 715, P0, 0x0000000000000000
2026/09/19 11:28:37.201, 1, 79, 106.35, 100, 11582, 1113, 715, P0, 0x0000000000000020
2026/09/19 11:28:38.211, 0, 79, 117.47, 100, 10877, 1189, 715, P0, 0x0000000000000000
2026/09/19 11:28:38.215, 1, 79, 109.49, 100, 11582, 1139, 715, P0, 0x0000000000000020
2026/09/19 11:28:39.225, 0, 79, 118.42, 100, 10877, 1177, 715, P0, 0x0000000000000020
2026/09/19 11:28:39.228, 1, 79, 112.58, 100, 11582, 1139, 715, P0, 0x0000000000000020
2026/09/19 11:28:40.237, 0, 77, 47.71, 0, 10877, 1189, 715, P0, 0x0000000000000000
2026/09/19 11:28:40.240, 1, 79, 112.73, 100, 11582, 1151, 715, P0, 0x0000000000000020
2026/09/19 11:28:41.252, 0, 76, 46.98, 0, 10877, 1189, 715, P0, 0x0000000000000000
2026/09/19 11:28:41.257, 1, 79, 112.73, 100, 11582, 1139, 715, P0, 0x0000000000000020
2026/09/19 11:28:42.266, 0, 80, 161.03, 100, 10877, 1328, 715, P0, 0x0000000000000000
2026/09/19 11:28:42.269, 1, 79, 115.85, 100, 11582, 1189, 715, P0, 0x0000000000000000
2026/09/19 11:28:43.279, 0, 79, 70.16, 100, 10877, 1189, 715, P0, 0x0000000000000000
2026/09/19 11:28:43.282, 1, 79, 70.62, 100, 11582, 1189, 715, P0, 0x0000000000000000
2026/09/19 11:28:44.289, 0, 79, 117.44, 100, 10877, 1189, 715, P0, 0x0000000000000000
2026/09/19 11:28:44.292, 1, 79, 116.36, 100, 11582, 1189, 715, P0, 0x0000000000000000
2026/09/19 11:28:45.307, 0, 79, 119.15, 100, 10877, 1101, 715, P0, 0x0000000000000000
2026/09/19 11:28:45.310, 1, 79, 106.67, 100, 11582, 1164, 715, P0, 0x0000000000000000
2026/09/19 11:28:46.333, 0, 77, 47.22, 0, 10877, 1189, 715, P0, 0x0000000000000000
2026/09/19 11:28:46.336, 1, 80, 116.51, 100, 11582, 1189, 715, P0, 0x0000000000000000
2026/09/19 11:28:47.349, 0, 79, 152.89, 100, 10877, 1328, 715, P0, 0x0000000000000000
2026/09/19 11:28:47.351, 1, 79, 115.94, 100, 11582, 1177, 715, P0, 0x0000000000000020
2026/09/19 11:28:48.359, 0, 80, 131.65, 100, 10877, 1189, 715, P0, 0x0000000000000020
2026/09/19 11:28:48.364, 1, 79, 117.03, 100, 11582, 1177, 715, P0, 0x0000000000000020
2026/09/19 11:28:49.374, 0, 79, 122.40, 100, 10877, 1164, 715, P0, 0x0000000000000020
2026/09/19 11:28:49.384, 1, 79, 113.78, 100, 11582, 1164, 715, P0, 0x0000000000000020
2026/09/19 11:28:50.401, 0, 79, 119.97, 100, 10877, 1164, 715, P0, 0x0000000000000020
2026/09/19 11:28:50.404, 1, 79, 86.69, 100, 11582, 1088, 715, P0, 0x0000000000000020
2026/09/19 11:28:51.421, 0, 77, 47.51, 0, 10877, 1189, 715, P0, 0x0000000000000000
2026/09/19 11:28:51.424, 1, 79, 96.52, 100, 11582, 1075, 715, P0, 0x0000000000000020
2026/09/19 11:28:52.433, 0, 76, 46.83, 0, 10877, 1189, 715, P0, 0x0000000000000000
2026/09/19 11:28:52.439, 1, 79, 73.84, 100, 11582, 1164, 715, P0, 0x0000000000000000
2026/09/19 11:28:53.448, 0, 80, 165.82, 100, 10877, 1328, 715, P0, 0x0000000000000000
2026/09/19 11:28:53.451, 1, 79, 108.05, 100, 11582, 1126, 715, P0, 0x0000000000000000
2026/09/19 11:28:54.462, 0, 79, 128.28, 100, 10877, 1126, 715, P0, 0x0000000000000020
2026/09/19 11:28:54.465, 1, 79, 119.13, 100, 11582, 1189, 715, P0, 0x0000000000000000
2026/09/19 11:28:55.482, 0, 79, 114.91, 100, 10877, 1164, 715, P0, 0x0000000000000000
2026/09/19 11:28:55.485, 1, 79, 104.77, 100, 11582, 1126, 715, P0, 0x0000000000000000
2026/09/19 11:28:56.495, 0, 78, 47.74, 100, 10877, 1189, 715, P0, 0x0000000000000000
2026/09/19 11:28:56.498, 1, 79, 97.47, 100, 11582, 1063, 715, P0, 0x0000000000000000
2026/09/19 11:28:57.508, 0, 77, 47.23, 0, 10877, 1189, 715, P0, 0x0000000000000000
2026/09/19 11:28:57.511, 1, 79, 108.23, 100, 11582, 1126, 715, P0, 0x0000000000000000
2026/09/19 11:28:58.522, 0, 78, 153.72, 100, 10877, 1316, 715, P0, 0x0000000000000000
2026/09/19 11:28:58.525, 1, 79, 103.53, 100, 11582, 1113, 715, P0, 0x0000000000000020
2026/09/19 11:28:59.549, 0, 80, 136.72, 100, 10877, 1265, 715, P0, 0x0000000000000020
2026/09/19 11:28:59.551, 1, 79, 103.94, 100, 11582, 1126, 715, P0, 0x0000000000000000
2026/09/19 11:29:00.563, 0, 79, 118.44, 100, 10877, 1177, 715, P0, 0x0000000000000020
2026/09/19 11:29:00.568, 1, 79, 103.80, 100, 11582, 1113, 715, P0, 0x0000000000000020
2026/09/19 11:29:01.577, 0, 79, 124.58, 100, 10877, 1189, 715, P0, 0x0000000000000020
2026/09/19 11:29:01.580, 1, 79, 108.75, 100, 11582, 1126, 715, P0, 0x0000000000000000
2026/09/19 11:29:02.597, 0, 77, 53.76, 0, 10877, 1303, 715, P0, 0x0000000000000000
2026/09/19 11:29:02.600, 1, 79, 104.37, 100, 11582, 1126, 715, P0, 0x0000000000000000
2026/09/19 11:29:03.611, 0, 77, 53.03, 0, 10877, 1303, 715, P0, 0x0000000000000000
2026/09/19 11:29:03.614, 1, 79, 105.33, 100, 11582, 1126, 715, P0, 0x0000000000000000
2026/09/19 11:29:04.620, 0, 80, 163.67, 100, 10877, 1328, 715, P0, 0x0000000000000000
2026/09/19 11:29:04.623, 1, 79, 108.28, 100, 11582, 1126, 715, P0, 0x0000000000000000
2026/09/19 11:29:05.632, 0, 79, 131.18, 100, 10877, 1215, 715, P0, 0x0000000000000020
2026/09/19 11:29:05.636, 1, 79, 108.49, 100, 11582, 1126, 715, P0, 0x0000000000000000
2026/09/19 11:29:06.645, 0, 79, 130.56, 100, 10877, 1215, 715, P0, 0x0000000000000020
2026/09/19 11:29:06.653, 1, 79, 104.24, 100, 11582, 1126, 715, P0, 0x0000000000000000
2026/09/19 11:29:07.661, 0, 79, 122.99, 100, 10877, 1088, 715, P0, 0x0000000000000020
2026/09/19 11:29:07.664, 1, 79, 142.54, 100, 11582, 1113, 715, P0, 0x0000000000000020
2026/09/19 11:29:08.691, 0, 77, 47.23, 0, 10877, 1189, 715, P0, 0x0000000000000000
2026/09/19 11:29:08.696, 1, 79, 106.80, 100, 11582, 1113, 715, P0, 0x0000000000000020
2026/09/19 11:29:09.703, 0, 76, 47.01, 0, 10877, 1189, 715, P0, 0x0000000000000000
2026/09/19 11:29:09.708, 1, 79, 104.40, 100, 11582, 1012, 715, P0, 0x0000000000000000
2026/09/19 11:29:10.720, 0, 80, 140.21, 100, 10877, 1278, 715, P0, 0x0000000000000020
2026/09/19 11:29:10.734, 1, 79, 104.40, 100, 11582, 1126, 715, P0, 0x0000000000000000
2026/09/19 11:29:11.739, 0, 79, 124.14, 100, 10877, 1126, 715, P0, 0x0000000000000020
2026/09/19 11:29:11.742, 1, 79, 103.56, 100, 11582, 1126, 715, P0, 0x0000000000000000
2026/09/19 11:29:12.754, 0, 79, 109.69, 100, 10877, 1101, 715, P0, 0x0000000000000020
2026/09/19 11:29:12.758, 1, 79, 104.36, 100, 11582, 1113, 715, P0, 0x0000000000000020
2026/09/19 11:29:13.770, 0, 78, 48.44, 11, 10877, 1189, 715, P0, 0x0000000000000000
2026/09/19 11:29:13.773, 1, 79, 103.90, 100, 11582, 1126, 715, P0, 0x0000000000000020
2026/09/19 11:29:14.783, 0, 77, 47.22, 0, 10877, 1189, 715, P0, 0x0000000000000000
2026/09/19 11:29:14.789, 1, 79, 108.17, 100, 11582, 1126, 715, P0, 0x0000000000000000
2026/09/19 11:29:15.808, 0, 79, 157.13, 100, 10877, 1328, 715, P0, 0x0000000000000000
2026/09/19 11:29:15.811, 1, 79, 104.29, 100, 11582, 1126, 715, P0, 0x0000000000000000
2026/09/19 11:29:16.825, 0, 79, 132.86, 100, 10877, 1227, 715, P0, 0x0000000000000020
2026/09/19 11:29:16.832, 1, 79, 108.50, 100, 11582, 1126, 715, P0, 0x0000000000000000
2026/09/19 11:29:17.839, 0, 80, 133.82, 100, 10877, 1227, 715, P0, 0x0000000000000020
2026/09/19 11:29:17.842, 1, 79, 108.66, 100, 11582, 1139, 715, P0, 0x0000000000000020
2026/09/19 11:29:18.853, 0, 79, 123.12, 100, 10877, 1164, 715, P0, 0x0000000000000020
2026/09/19 11:29:18.858, 1, 79, 113.06, 100, 11582, 1139, 715, P0, 0x0000000000000020
2026/09/19 11:29:19.870, 0, 77, 47.71, 0, 10877, 1189, 715, P0, 0x0000000000000000
2026/09/19 11:29:19.873, 1, 79, 112.49, 100, 11582, 1139, 715, P0, 0x0000000000000020
2026/09/19 11:29:20.883, 0, 76, 46.98, 0, 10877, 1189, 715, P0, 0x0000000000000000
2026/09/19 11:29:20.886, 1, 79, 112.73, 100, 11582, 1139, 715, P0, 0x0000000000000020
2026/09/19 11:29:21.895, 0, 80, 165.71, 100, 10877, 1328, 715, P0, 0x0000000000000000
2026/09/19 11:29:21.899, 1, 79, 110.42, 100, 11582, 1139, 715, P0, 0x0000000000000020
2026/09/19 11:29:22.910, 0, 78, 102.92, 100, 10877, 1189, 715, P0, 0x0000000000000000
2026/09/19 11:29:22.915, 1, 79, 71.14, 100, 11582, 1189, 715, P0, 0x0000000000000000
2026/09/19 11:29:23.924, 0, 79, 124.56, 100, 10877, 1189, 715, P0, 0x0000000000000020
2026/09/19 11:29:23.927, 1, 79, 112.57, 100, 11582, 1151, 715, P0, 0x0000000000000020
2026/09/19 11:29:24.942, 0, 79, 129.98, 100, 10877, 1139, 715, P0, 0x0000000000000020
2026/09/19 11:29:24.945, 1, 79, 111.86, 100, 11582, 1050, 715, P0, 0x0000000000000020
2026/09/19 11:29:25.955, 0, 77, 47.46, 0, 10877, 1189, 715, P0, 0x0000000000000000
2026/09/19 11:29:25.958, 1, 79, 112.73, 100, 11582, 1139, 715, P0, 0x0000000000000020
2026/09/19 11:29:26.969, 0, 78, 174.91, 75, 10877, 1316, 715, P0, 0x0000000000000000
2026/09/19 11:29:26.973, 1, 79, 105.20, 100, 11582, 1139, 715, P0, 0x0000000000000000
2026/09/19 11:29:27.981, 0, 80, 128.62, 100, 10877, 1215, 715, P0, 0x0000000000000020
2026/09/19 11:29:27.984, 1, 79, 112.49, 100, 11582, 1139, 715, P0, 0x0000000000000020
2026/09/19 11:29:28.996, 0, 79, 128.39, 100, 10877, 1227, 715, P0, 0x0000000000000020
2026/09/19 11:29:28.998, 1, 79, 108.25, 100, 11582, 1139, 715, P0, 0x0000000000000020
2026/09/19 11:29:30.012, 0, 79, 115.30, 100, 10877, 1151, 715, P0, 0x0000000000000020
2026/09/19 11:29:30.014, 1, 79, 113.32, 100, 11582, 1139, 715, P0, 0x0000000000000020
2026/09/19 11:29:31.029, 0, 77, 47.71, 0, 10877, 1189, 715, P0, 0x0000000000000000
2026/09/19 11:29:31.032, 1, 79, 112.97, 100, 11582, 1151, 715, P0, 0x0000000000000020
2026/09/19 11:29:32.044, 0, 76, 47.22, 0, 10877, 1189, 715, P0, 0x0000000000000000
2026/09/19 11:29:32.047, 1, 79, 112.97, 100, 11582, 1139, 715, P0, 0x0000000000000020
2026/09/19 11:29:33.053, 0, 79, 161.06, 100, 10877, 1328, 715, P0, 0x0000000000000000
2026/09/19 11:29:33.056, 1, 79, 111.39, 100, 11582, 1139, 715, P0, 0x0000000000000020
2026/09/19 11:29:34.073, 0, 79, 120.32, 100, 10877, 1189, 715, P0, 0x0000000000000000
2026/09/19 11:29:34.076, 1, 79, 114.02, 100, 11582, 1139, 715, P0, 0x0000000000000020
2026/09/19 11:29:35.089, 0, 79, 117.45, 100, 10877, 1189, 715, P0, 0x0000000000000000
2026/09/19 11:29:35.092, 1, 79, 112.83, 100, 11582, 1139, 715, P0, 0x0000000000000020
2026/09/19 11:29:36.103, 0, 79, 69.27, 100, 10877, 1189, 715, P0, 0x0000000000000000
2026/09/19 11:29:36.106, 1, 79, 128.54, 100, 11582, 1063, 715, P0, 0x0000000000000020
2026/09/19 11:29:37.112, 0, 77, 47.46, 0, 10877, 1189, 715, P0, 0x0000000000000000
2026/09/19 11:29:37.115, 1, 79, 112.97, 100, 11582, 1139, 715, P0, 0x0000000000000020
2026/09/19 11:29:38.126, 0, 76, 46.98, 0, 10877, 1189, 715, P0, 0x0000000000000000
2026/09/19 11:29:38.131, 1, 79, 112.27, 100, 11582, 1063, 715, P0, 0x0000000000000000
2026/09/19 11:29:39.142, 0, 80, 152.20, 100, 10877, 1252, 715, P0, 0x0000000000000020
2026/09/19 11:29:39.147, 1, 79, 109.10, 100, 11582, 1139, 715, P0, 0x0000000000000020
2026/09/19 11:29:40.160, 0, 79, 116.74, 100, 10877, 1189, 715, P0, 0x0000000000000000
2026/09/19 11:29:40.169, 1, 79, 112.36, 100, 11582, 1151, 715, P0, 0x0000000000000020
2026/09/19 11:29:41.189, 0, 79, 116.24, 100, 10877, 1139, 715, P0, 0x0000000000000020
2026/09/19 11:29:41.192, 1, 79, 113.48, 100, 11582, 1139, 715, P0, 0x0000000000000020
2026/09/19 11:29:42.203, 0, 78, 50.12, 0, 10877, 1215, 715, P0, 0x0000000000000000
2026/09/19 11:29:42.207, 1, 79, 113.21, 100, 11582, 1164, 715, P0, 0x0000000000000000
2026/09/19 11:29:43.223, 0, 77, 48.67, 0, 10877, 1215, 715, P0, 0x0000000000000000
2026/09/19 11:29:43.231, 1, 79, 113.69, 100, 11582, 1151, 715, P0, 0x0000000000000020
2026/09/19 11:29:44.235, 0, 79, 159.71, 100, 10877, 1328, 715, P0, 0x0000000000000000
2026/09/19 11:29:44.238, 1, 79, 112.59, 100, 11582, 1151, 715, P0, 0x0000000000000020
2026/09/19 11:29:45.250, 0, 79, 117.69, 100, 10877, 1177, 715, P0, 0x0000000000000020
2026/09/19 11:29:45.255, 1, 79, 110.68, 100, 11582, 1139, 715, P0, 0x0000000000000020
2026/09/19 11:29:46.263, 0, 79, 115.62, 100, 10877, 1177, 715, P0, 0x0000000000000000
2026/09/19 11:29:46.268, 1, 79, 109.01, 100, 11582, 1151, 715, P0, 0x0000000000000000
2026/09/19 11:29:47.277, 0, 79, 116.74, 100, 10877, 1177, 715, P0, 0x0000000000000020
2026/09/19 11:29:47.280, 1, 79, 113.07, 100, 11582, 1139, 715, P0, 0x0000000000000020
2026/09/19 11:29:48.303, 0, 77, 47.46, 0, 10877, 1189, 715, P0, 0x0000000000000000
2026/09/19 11:29:48.306, 1, 79, 113.21, 100, 11582, 1139, 715, P0, 0x0000000000000020
2026/09/19 11:29:49.312, 0, 76, 47.03, 0, 10877, 1189, 715, P0, 0x0000000000000000
2026/09/19 11:29:49.316, 1, 79, 94.16, 100, 11582, 1037, 715, P0, 0x0000000000000020
2026/09/19 11:29:50.326, 0, 79, 143.37, 100, 10877, 1278, 715, P0, 0x0000000000000000
2026/09/19 11:29:50.331, 1, 79, 94.87, 100, 11582, 1050, 715, P0, 0x0000000000000000
2026/09/19 11:29:51.340, 0, 79, 81.10, 100, 10877, 1227, 715, P0, 0x0000000000000000
2026/09/19 11:29:51.343, 1, 79, 93.86, 100, 11582, 1050, 715, P0, 0x0000000000000020
2026/09/19 11:29:52.360, 0, 79, 114.52, 100, 10877, 1151, 715, P0, 0x0000000000000020
2026/09/19 11:29:52.364, 1, 79, 96.91, 100, 11582, 1050, 715, P0, 0x0000000000000020
2026/09/19 11:29:53.374, 0, 79, 119.42, 100, 10877, 1101, 715, P0, 0x0000000000000020
2026/09/19 11:29:53.377, 1, 79, 94.56, 100, 11582, 1050, 715, P0, 0x0000000000000020
2026/09/19 11:29:54.390, 0, 77, 47.26, 0, 10877, 1189, 715, P0, 0x0000000000000000
2026/09/19 11:29:54.393, 1, 79, 96.80, 100, 11582, 1075, 715, P0, 0x0000000000000020
2026/09/19 11:29:55.400, 0, 76, 47.02, 0, 10877, 1189, 715, P0, 0x0000000000000000
2026/09/19 11:29:55.403, 1, 79, 100.61, 100, 11582, 1075, 715, P0, 0x0000000000000020
2026/09/19 11:29:56.414, 0, 80, 162.74, 100, 10877, 1328, 715, P0, 0x0000000000000000
2026/09/19 11:29:56.417, 1, 79, 103.56, 100, 11582, 1126, 715, P0, 0x0000000000000000
2026/09/19 11:29:57.431, 0, 79, 91.85, 100, 10877, 1189, 715, P0, 0x0000000000000000
2026/09/19 11:29:57.434, 1, 79, 105.19, 100, 11582, 1126, 715, P0, 0x0000000000000000
2026/09/19 11:29:58.444, 0, 79, 117.22, 100, 10877, 1189, 715, P0, 0x0000000000000000
2026/09/19 11:29:58.452, 1, 79, 105.71, 100, 11582, 1113, 715, P0, 0x0000000000000020
2026/09/19 11:29:59.459, 0, 79, 136.56, 100, 10877, 1113, 715, P0, 0x0000000000000020
2026/09/19 11:29:59.462, 1, 79, 126.93, 100, 11582, 949, 715, P0, 0x0000000000000020
2026/09/19 11:30:00.470, 0, 77, 47.97, 0, 10877, 1189, 715, P0, 0x0000000000000000
2026/09/19 11:30:00.473, 1, 79, 103.66, 100, 11582, 1113, 715, P0, 0x0000000000000020
2026/09/19 11:30:01.481, 0, 76, 47.46, 0, 10877, 1189, 715, P0, 0x0000000000000000
2026/09/19 11:30:01.486, 1, 79, 106.32, 100, 11582, 961, 715, P0, 0x0000000000000020
2026/09/19 11:30:02.497, 0, 80, 140.67, 100, 10877, 1240, 715, P0, 0x0000000000000020
2026/09/19 11:30:02.499, 1, 79, 103.94, 100, 11582, 1126, 715, P0, 0x0000000000000000
2026/09/19 11:30:03.512, 0, 78, 71.31, 100, 10877, 480, 715, P0, 0x0000000000000020
2026/09/19 11:30:03.525, 1, 79, 93.10, 100, 11582, 1063, 715, P0, 0x0000000000000000
2026/09/19 11:30:04.544, 0, 78, 93.26, 100, 10877, 1050, 715, P0, 0x0000000000000000
2026/09/19 11:30:04.547, 1, 79, 103.67, 100, 11582, 1126, 715, P0, 0x0000000000000000
2026/09/19 11:30:05.560, 0, 79, 118.28, 100, 10877, 1189, 715, P0, 0x0000000000000000
2026/09/19 11:30:05.564, 1, 79, 99.78, 100, 11582, 1113, 715, P0, 0x0000000000000000
2026/09/19 11:30:06.572, 0, 77, 47.23, 0, 10877, 1189, 715, P0, 0x0000000000000000
2026/09/19 11:30:06.575, 1, 79, 103.73, 100, 11582, 1113, 715, P0, 0x0000000000000020
2026/09/19 11:30:07.586, 0, 78, 163.60, 100, 10877, 1316, 715, P0, 0x0000000000000000
2026/09/19 11:30:07.593, 1, 79, 103.07, 100, 11582, 1126, 715, P0, 0x0000000000000000
2026/09/19 11:30:08.601, 0, 80, 138.29, 100, 10877, 1240, 715, P0, 0x0000000000000020
2026/09/19 11:30:08.604, 1, 79, 103.94, 100, 11582, 1126, 715, P0, 0x0000000000000000
2026/09/19 11:30:09.619, 0, 79, 122.97, 100, 10877, 1189, 715, P0, 0x0000000000000020
2026/09/19 11:30:09.622, 1, 79, 107.80, 100, 11582, 1113, 715, P0, 0x0000000000000020
2026/09/19 11:30:10.633, 0, 79, 117.72, 100, 10877, 1189, 715, P0, 0x0000000000000020
2026/09/19 11:30:10.639, 1, 79, 104.04, 100, 11582, 1126, 715, P0, 0x0000000000000000
2026/09/19 11:30:11.659, 0, 77, 47.71, 0, 10877, 1189, 715, P0, 0x0000000000000000
2026/09/19 11:30:11.662, 1, 79, 104.63, 100, 11582, 1113, 715, P0, 0x0000000000000020
2026/09/19 11:30:12.672, 0, 76, 47.01, 0, 10877, 1189, 715, P0, 0x0000000000000000
2026/09/19 11:30:12.676, 1, 79, 104.40, 100, 11582, 1126, 715, P0, 0x0000000000000000
2026/09/19 11:30:13.700, 0, 79, 152.93, 100, 10877, 1328, 715, P0, 0x0000000000000000
2026/09/19 11:30:13.704, 1, 79, 103.89, 100, 11582, 1113, 715, P0, 0x0000000000000020
2026/09/19 11:30:14.717, 0, 80, 131.68, 100, 10877, 1227, 715, P0, 0x0000000000000000
2026/09/19 11:30:14.721, 1, 79, 108.25, 100, 11582, 1126, 715, P0, 0x0000000000000000
2026/09/19 11:30:15.732, 0, 80, 133.37, 100, 10877, 1227, 715, P0, 0x0000000000000020
2026/09/19 11:30:15.736, 1, 79, 103.77, 100, 11582, 1126, 715, P0, 0x0000000000000000
2026/09/19 11:30:16.745, 0, 79, 117.30, 100, 10877, 1177, 715, P0, 0x0000000000000020
2026/09/19 11:30:16.747, 1, 79, 104.05, 100, 11582, 1126, 715, P0, 0x0000000000000000
2026/09/19 11:30:17.758, 0, 77, 48.91, 0, 10877, 1215, 715, P0, 0x0000000000000000
2026/09/19 11:30:17.764, 1, 79, 108.47, 100, 11582, 1126, 715, P0, 0x0000000000000020
2026/09/19 11:30:18.779, 0, 76, 48.18, 0, 10877, 1215, 715, P0, 0x0000000000000000
2026/09/19 11:30:18.782, 1, 79, 109.18, 100, 11582, 1113, 715, P0, 0x0000000000000020
2026/09/19 11:30:19.804, 0, 80, 163.46, 100, 10877, 1328, 715, P0, 0x0000000000000000
2026/09/19 11:30:19.810, 1, 79, 103.80, 100, 11582, 1126, 715, P0, 0x0000000000000000
2026/09/19 11:30:20.814, 0, 79, 76.54, 100, 10877, 1227, 715, P0, 0x0000000000000000
2026/09/19 11:30:20.817, 1, 79, 104.03, 100, 11582, 1126, 715, P0, 0x0000000000000000
2026/09/19 11:30:21.841, 0, 79, 117.71, 100, 10877, 1189, 715, P0, 0x0000000000000020
2026/09/19 11:30:21.845, 1, 79, 107.87, 100, 11582, 1126, 715, P0, 0x0000000000000000
2026/09/19 11:30:22.854, 0, 79, 122.91, 100, 10877, 1101, 715, P0, 0x0000000000000020
2026/09/19 11:30:22.857, 1, 79, 109.97, 100, 11582, 1037, 715, P0, 0x0000000000000020
2026/09/19 11:30:23.871, 0, 77, 48.44, 0, 10877, 1215, 715, P0, 0x0000000000000000
2026/09/19 11:30:23.875, 1, 79, 108.65, 100, 11582, 1126, 715, P0, 0x0000000000000020
2026/09/19 11:30:24.886, 0, 76, 48.19, 0, 10877, 1215, 715, P0, 0x0000000000000000
2026/09/19 11:30:24.889, 1, 79, 110.34, 100, 11582, 1037, 715, P0, 0x0000000000000020
2026/09/19 11:30:25.898, 0, 79, 128.34, 100, 10877, 1227, 715, P0, 0x0000000000000020
2026/09/19 11:30:25.901, 1, 79, 104.43, 100, 11582, 1126, 715, P0, 0x0000000000000000
2026/09/19 11:30:26.914, 0, 79, 116.14, 100, 10877, 1075, 715, P0, 0x0000000000000020
2026/09/19 11:30:26.917, 1, 79, 99.06, 100, 11582, 1126, 715, P0, 0x0000000000000000
2026/09/19 11:30:27.940, 0, 79, 117.06, 100, 10877, 1177, 715, P0, 0x0000000000000020
2026/09/19 11:30:27.943, 1, 79, 104.27, 100, 11582, 1126, 715, P0, 0x0000000000000000
2026/09/19 11:30:28.953, 0, 78, 48.19, 89, 10877, 1189, 715, P0, 0x0000000000000000
2026/09/19 11:30:28.956, 1, 79, 103.67, 100, 11582, 1126, 715, P0, 0x0000000000000020
2026/09/19 11:30:29.972, 0, 77, 47.22, 0, 10877, 1189, 715, P0, 0x0000000000000000
2026/09/19 11:30:29.975, 1, 79, 108.47, 100, 11582, 1126, 715, P0, 0x0000000000000000
2026/09/19 11:30:30.985, 0, 78, 145.24, 31, 10877, 1189, 715, P0, 0x0000000000000000
2026/09/19 11:30:30.989, 1, 79, 112.23, 100, 11582, 1151, 715, P0, 0x0000000000000020
2026/09/19 11:30:32.003, 0, 79, 133.10, 100, 10877, 1227, 715, P0, 0x0000000000000020
2026/09/19 11:30:32.006, 1, 79, 110.57, 100, 11582, 1139, 715, P0, 0x0000000000000020
2026/09/19 11:30:33.015, 0, 79, 123.37, 100, 10877, 1202, 715, P0, 0x0000000000000020
2026/09/19 11:30:33.019, 1, 79, 109.71, 100, 11582, 1139, 715, P0, 0x0000000000000020
2026/09/19 11:30:34.027, 0, 79, 118.89, 100, 10877, 1189, 715, P0, 0x0000000000000000
2026/09/19 11:30:34.030, 1, 79, 112.60, 100, 11582, 1139, 715, P0, 0x0000000000000020
2026/09/19 11:30:35.043, 0, 78, 51.78, 0, 10877, 1265, 715, P0, 0x0000000000000000
2026/09/19 11:30:35.046, 1, 79, 108.40, 100, 11582, 1139, 715, P0, 0x0000000000000020
2026/09/19 11:30:36.058, 0, 77, 51.09, 0, 10877, 1265, 715, P0, 0x0000000000000000
2026/09/19 11:30:36.061, 1, 79, 112.71, 100, 11582, 1139, 715, P0, 0x0000000000000020
2026/09/19 11:30:37.071, 0, 79, 162.94, 100, 10877, 1328, 715, P0, 0x0000000000000000
2026/09/19 11:30:37.076, 1, 79, 112.81, 100, 11582, 1139, 715, P0, 0x0000000000000020
2026/09/19 11:30:38.086, 0, 79, 127.66, 100, 10877, 1202, 715, P0, 0x0000000000000020
2026/09/19 11:30:38.089, 1, 79, 113.22, 100, 11582, 1139, 715, P0, 0x0000000000000020
2026/09/19 11:30:39.099, 0, 79, 126.72, 100, 10877, 1202, 715, P0, 0x0000000000000020
2026/09/19 11:30:39.102, 1, 79, 110.65, 100, 11582, 1139, 715, P0, 0x0000000000000020
2026/09/19 11:30:40.112, 0, 79, 112.58, 100, 10877, 1139, 715, P0, 0x0000000000000000
2026/09/19 11:30:40.120, 1, 79, 89.33, 100, 11582, 1139, 715, P0, 0x0000000000000020
2026/09/19 11:30:41.129, 0, 77, 53.02, 0, 10877, 1290, 715, P0, 0x0000000000000000
2026/09/19 11:30:41.132, 1, 79, 112.23, 100, 11582, 1139, 715, P0, 0x0000000000000020
2026/09/19 11:30:42.139, 0, 77, 52.36, 0, 10877, 1290, 715, P0, 0x0000000000000000
2026/09/19 11:30:42.142, 1, 79, 70.65, 100, 11582, 1189, 715, P0, 0x0000000000000000
2026/09/19 11:30:43.152, 0, 80, 148.60, 100, 10877, 1290, 715, P0, 0x0000000000000000
2026/09/19 11:30:43.155, 1, 79, 110.76, 100, 11582, 1139, 715, P0, 0x0000000000000020
2026/09/19 11:30:44.166, 0, 79, 141.31, 100, 10877, 1189, 715, P0, 0x0000000000000020
2026/09/19 11:30:44.169, 1, 79, 69.47, 100, 11582, 1189, 715, P0, 0x0000000000000000
2026/09/19 11:30:45.182, 0, 79, 117.93, 100, 10877, 1189, 715, P0, 0x0000000000000000
2026/09/19 11:30:45.185, 1, 79, 113.32, 100, 11582, 1151, 715, P0, 0x0000000000000000
2026/09/19 11:30:46.199, 0, 79, 122.18, 100, 10877, 1101, 715, P0, 0x0000000000000020
2026/09/19 11:30:46.204, 1, 79, 113.74, 100, 11582, 1075, 715, P0, 0x0000000000000000
2026/09/19 11:30:47.212, 0, 77, 47.22, 0, 10877, 1189, 715, P0, 0x0000000000000000
2026/09/19 11:30:47.215, 1, 79, 111.53, 100, 11582, 1151, 715, P0, 0x0000000000000020
2026/09/19 11:30:48.227, 0, 77, 141.29, 40, 10877, 1189, 715, P0, 0x0000000000000000
2026/09/19 11:30:48.230, 1, 79, 111.05, 100, 11582, 1075, 715, P0, 0x0000000000000020
2026/09/19 11:30:49.243, 0, 79, 128.14, 100, 10877, 1215, 715, P0, 0x0000000000000000
2026/09/19 11:30:49.247, 1, 79, 112.26, 100, 11582, 1139, 715, P0, 0x0000000000000000
2026/09/19 11:30:50.254, 0, 79, 115.86, 100, 10877, 1177, 715, P0, 0x0000000000000000
2026/09/19 11:30:50.257, 1, 79, 108.11, 100, 11582, 1139, 715, P0, 0x0000000000000000
2026/09/19 11:30:51.270, 0, 79, 124.80, 100, 10877, 1189, 715, P0, 0x0000000000000020
2026/09/19 11:30:51.273, 1, 79, 112.74, 100, 11582, 1139, 715, P0, 0x0000000000000020
2026/09/19 11:30:52.283, 0, 78, 48.43, 0, 10877, 1189, 715, P0, 0x0000000000000000
2026/09/19 11:30:52.287, 1, 79, 110.14, 100, 11582, 1139, 715, P0, 0x0000000000000020
2026/09/19 11:30:53.294, 0, 77, 47.22, 0, 10877, 1189, 715, P0, 0x0000000000000000
2026/09/19 11:30:53.300, 1, 79, 112.97, 100, 11582, 1151, 715, P0, 0x0000000000000020
2026/09/19 11:30:54.312, 0, 79, 157.34, 100, 10877, 1328, 715, P0, 0x0000000000000000
2026/09/19 11:30:54.315, 1, 79, 109.97, 100, 11582, 1139, 715, P0, 0x0000000000000020
2026/09/19 11:30:55.325, 0, 79, 127.93, 100, 10877, 1215, 715, P0, 0x0000000000000000
2026/09/19 11:30:55.328, 1, 79, 104.74, 100, 11582, 1126, 715, P0, 0x0000000000000020
2026/09/19 11:30:56.339, 0, 79, 113.69, 100, 10877, 1151, 715, P0, 0x0000000000000020
2026/09/19 11:30:56.346, 1, 79, 112.84, 100, 11582, 1139, 715, P0, 0x0000000000000020
2026/09/19 11:30:57.356, 0, 79, 118.40, 100, 10877, 1151, 715, P0, 0x0000000000000020
2026/09/19 11:30:57.367, 1, 79, 112.60, 100, 11582, 1139, 715, P0, 0x0000000000000020
2026/09/19 11:30:58.383, 0, 77, 47.94, 0, 10877, 1189, 715, P0, 0x0000000000000000
2026/09/19 11:30:58.386, 1, 79, 112.73, 100, 11582, 1139, 715, P0, 0x0000000000000020
2026/09/19 11:30:59.394, 0, 76, 47.46, 0, 10877, 1189, 715, P0, 0x0000000000000000
2026/09/19 11:30:59.400, 1, 79, 112.97, 100, 11582, 1139, 715, P0, 0x0000000000000020
2026/09/19 11:31:00.406, 0, 79, 162.94, 100, 10877, 1328, 715, P0, 0x0000000000000000
2026/09/19 11:31:00.409, 1, 79, 112.33, 100, 11582, 1139, 715, P0, 0x0000000000000020
2026/09/19 11:31:01.424, 0, 79, 109.85, 100, 10877, 1139, 715, P0, 0x0000000000000020
2026/09/19 11:31:01.428, 1, 79, 113.09, 100, 11582, 1139, 715, P0, 0x0000000000000020
2026/09/19 11:31:02.439, 0, 79, 115.35, 100, 10877, 1139, 715, P0, 0x0000000000000020
2026/09/19 11:31:02.443, 1, 79, 112.60, 100, 11582, 1139, 715, P0, 0x0000000000000020
2026/09/19 11:31:03.455, 0, 79, 115.76, 100, 10877, 1139, 715, P0, 0x0000000000000020
2026/09/19 11:31:03.463, 1, 79, 74.75, 100, 11582, 1240, 715, P0, 0x0000000000000000
2026/09/19 11:31:04.469, 0, 77, 47.94, 0, 10877, 1189, 715, P0, 0x0000000000000000
2026/09/19 11:31:04.472, 1, 79, 113.21, 100, 11582, 1139, 715, P0, 0x0000000000000020
2026/09/19 11:31:05.485, 0, 76, 47.41, 0, 10877, 1189, 715, P0, 0x0000000000000000
2026/09/19 11:31:05.488, 1, 79, 148.03, 100, 11582, 1252, 715, P0, 0x0000000000000020
2026/09/19 11:31:06.501, 0, 80, 144.65, 100, 10877, 1303, 715, P0, 0x0000000000000000
2026/09/19 11:31:06.504, 1, 79, 112.92, 100, 11582, 1139, 715, P0, 0x0000000000000020
2026/09/19 11:31:07.514, 0, 79, 114.57, 100, 10877, 1025, 715, P0, 0x0000000000000020
2026/09/19 11:31:07.517, 1, 79, 122.29, 100, 11582, 1025, 715, P0, 0x0000000000000020
2026/09/19 11:31:08.528, 0, 79, 115.54, 100, 10877, 1139, 715, P0, 0x0000000000000020
2026/09/19 11:31:08.531, 1, 79, 113.32, 100, 11582, 1151, 715, P0, 0x0000000000000000
2026/09/19 11:31:09.546, 0, 79, 116.52, 100, 10877, 1088, 715, P0, 0x0000000000000000
2026/09/19 11:31:09.549, 1, 79, 104.78, 100, 11582, 1063, 715, P0, 0x0000000000000020
2026/09/19 11:31:10.560, 0, 77, 47.22, 0, 10877, 1189, 715, P0, 0x0000000000000000
2026/09/19 11:31:10.563, 1, 79, 111.06, 100, 11582, 1139, 715, P0, 0x0000000000000020
2026/09/19 11:31:11.573, 0, 77, 143.98, 0, 10877, 1189, 715, P0, 0x0000000000000000
2026/09/19 11:31:11.576, 1, 79, 98.71, 100, 11582, 936, 715, P0, 0x0000000000000000
2026/09/19 11:31:12.601, 0, 80, 129.15, 100, 10877, 1227, 715, P0, 0x0000000000000020
2026/09/19 11:31:12.604, 1, 79, 96.87, 100, 11582, 1050, 715, P0, 0x0000000000000020
2026/09/19 11:31:13.614, 0, 79, 115.44, 100, 10877, 1177, 715, P0, 0x0000000000000000
2026/09/19 11:31:13.617, 1, 79, 86.95, 100, 11582, 936, 715, P0, 0x0000000000000000
2026/09/19 11:31:14.634, 0, 79, 116.61, 100, 10877, 1177, 715, P0, 0x0000000000000020
2026/09/19 11:31:14.637, 1, 79, 93.85, 100, 11582, 1050, 715, P0, 0x0000000000000020
2026/09/19 11:31:15.652, 0, 78, 51.59, 0, 10877, 1252, 715, P0, 0x0000000000000000
2026/09/19 11:31:15.656, 1, 79, 97.95, 100, 11582, 898, 715, P0, 0x0000000000000000
2026/09/19 11:31:16.667, 0, 77, 50.62, 0, 10877, 1252, 715, P0, 0x0000000000000000
2026/09/19 11:31:16.670, 1, 79, 95.77, 100, 11582, 1063, 715, P0, 0x0000000000000020
2026/09/19 11:31:17.682, 0, 76, 50.17, 0, 10877, 1252, 715, P0, 0x0000000000000000
2026/09/19 11:31:17.685, 1, 78, 93.13, 100, 11582, 1189, 715, P0, 0x0000000000000000
2026/09/19 11:31:18.693, 0, 80, 149.91, 100, 10877, 1278, 715, P0, 0x0000000000000020
2026/09/19 11:31:18.696, 1, 79, 100.86, 100, 11582, 1088, 715, P0, 0x0000000000000020
2026/09/19 11:31:19.703, 0, 79, 143.02, 100, 10877, 1139, 715, P0, 0x0000000000000020
2026/09/19 11:31:19.707, 1, 79, 89.91, 100, 11582, 1101, 715, P0, 0x0000000000000000
2026/09/19 11:31:20.716, 0, 79, 117.72, 100, 10877, 1189, 715, P0, 0x0000000000000000
2026/09/19 11:31:20.723, 1, 79, 105.46, 100, 11582, 1126, 715, P0, 0x0000000000000000
2026/09/19 11:31:21.731, 0, 79, 119.85, 100, 10877, 1101, 715, P0, 0x0000000000000020
2026/09/19 11:31:21.734, 1, 79, 104.49, 100, 11582, 974, 715, P0, 0x0000000000000000
2026/09/19 11:31:22.745, 0, 77, 47.22, 0, 10877, 1189, 715, P0, 0x0000000000000000
2026/09/19 11:31:22.748, 1, 79, 108.47, 100, 11582, 1126, 715, P0, 0x0000000000000020
2026/09/19 11:31:23.759, 0, 76, 46.50, 0, 10877, 1189, 715, P0, 0x0000000000000000
2026/09/19 11:31:23.762, 1, 79, 108.90, 100, 11582, 1012, 715, P0, 0x0000000000000020
2026/09/19 11:31:24.774, 0, 80, 149.35, 100, 10877, 1303, 715, P0, 0x0000000000000000
2026/09/19 11:31:24.779, 1, 79, 104.08, 100, 11582, 1126, 715, P0, 0x0000000000000000
2026/09/19 11:31:25.787, 0, 79, 129.98, 100, 10877, 1126, 715, P0, 0x0000000000000020
2026/09/19 11:31:25.789, 1, 79, 121.28, 100, 11582, 1037, 715, P0, 0x0000000000000020
2026/09/19 11:31:26.817, 0, 79, 127.46, 100, 10877, 1202, 715, P0, 0x0000000000000020
2026/09/19 11:31:26.824, 1, 79, 103.78, 100, 11582, 1113, 715, P0, 0x0000000000000020
2026/09/19 11:31:27.829, 0, 78, 47.71, 100, 10877, 1189, 715, P0, 0x0000000000000000
2026/09/19 11:31:27.832, 1, 79, 109.62, 100, 11582, 1050, 715, P0, 0x0000000000000020
2026/09/19 11:31:28.841, 0, 77, 47.26, 0, 10877, 1189, 715, P0, 0x0000000000000000
2026/09/19 11:31:28.844, 1, 79, 104.39, 100, 11582, 1126, 715, P0, 0x0000000000000000
2026/09/19 11:31:29.856, 0, 76, 87.78, 7, 10877, 1189, 715, P0, 0x0000000000000000
2026/09/19 11:31:29.861, 1, 79, 110.09, 100, 11582, 1037, 715, P0, 0x0000000000000020
2026/09/19 11:31:30.871, 0, 80, 151.00, 100, 10877, 1316, 715, P0, 0x0000000000000020
2026/09/19 11:31:30.873, 1, 79, 108.86, 100, 11582, 1113, 715, P0, 0x0000000000000020
2026/09/19 11:31:31.887, 0, 79, 112.28, 100, 10877, 1113, 715, P0, 0x0000000000000000
2026/09/19 11:31:31.890, 1, 78, 102.92, 100, 11582, 1126, 715, P0, 0x0000000000000000
2026/09/19 11:31:32.919, 0, 79, 125.06, 100, 10877, 1189, 715, P0, 0x0000000000000020
2026/09/19 11:31:32.924, 1, 79, 104.74, 100, 11582, 1126, 715, P0, 0x0000000000000000
2026/09/19 11:31:33.930, 0, 78, 53.27, 43, 10877, 1290, 715, P0, 0x0000000000000000
2026/09/19 11:31:33.934, 1, 79, 102.92, 100, 11582, 1113, 715, P0, 0x0000000000000020
2026/09/19 11:31:34.941, 0, 77, 52.54, 0, 10877, 1290, 715, P0, 0x0000000000000000
2026/09/19 11:31:34.946, 1, 79, 104.61, 100, 11582, 1126, 715, P0, 0x0000000000000000
2026/09/19 11:31:35.952, 0, 78, 172.54, 28, 10877, 1290, 715, P0, 0x0000000000000000
2026/09/19 11:31:35.958, 1, 79, 99.71, 100, 11582, 1101, 715, P0, 0x0000000000000000
2026/09/19 11:31:36.967, 0, 80, 140.94, 100, 10877, 1265, 715, P0, 0x0000000000000000
2026/09/19 11:31:36.970, 1, 79, 104.16, 100, 11582, 1126, 715, P0, 0x0000000000000000
2026/09/19 11:31:37.979, 0, 79, 117.30, 100, 10877, 1177, 715, P0, 0x0000000000000020
2026/09/19 11:31:37.987, 1, 79, 103.80, 100, 11582, 1126, 715, P0, 0x0000000000000000
2026/09/19 11:31:38.994, 0, 79, 117.55, 100, 10877, 1189, 715, P0, 0x0000000000000000
2026/09/19 11:31:38.997, 1, 79, 103.80, 100, 11582, 1113, 715, P0, 0x0000000000000020
2026/09/19 11:31:40.007, 0, 78, 48.19, 33, 10877, 1189, 715, P0, 0x0000000000000000
2026/09/19 11:31:40.010, 1, 79, 103.90, 100, 11582, 1126, 715, P0, 0x0000000000000000
2026/09/19 11:31:41.021, 0, 76, 46.99, 0, 10877, 1189, 715, P0, 0x0000000000000000
2026/09/19 11:31:41.025, 1, 79, 104.39, 100, 11582, 1126, 715, P0, 0x0000000000000000
2026/09/19 11:31:42.030, 0, 78, 136.86, 23, 10877, 1189, 715, P0, 0x0000000000000000
2026/09/19 11:31:42.033, 1, 79, 103.93, 100, 11582, 1139, 715, P0, 0x0000000000000000
2026/09/19 11:31:43.044, 0, 80, 141.40, 100, 10877, 1265, 715, P0, 0x0000000000000020
2026/09/19 11:31:43.047, 1, 79, 104.65, 100, 11582, 1126, 715, P0, 0x0000000000000020
2026/09/19 11:31:44.071, 0, 79, 101.57, 100, 10877, 1101, 715, P0, 0x0000000000000000
2026/09/19 11:31:44.074, 1, 79, 114.08, 100, 11582, 1164, 715, P0, 0x0000000000000020
2026/09/19 11:31:45.085, 0, 78, 47.45, 39, 10877, 1189, 715, P0, 0x0000000000000000
2026/09/19 11:31:45.089, 1, 79, 120.82, 100, 11582, 1177, 715, P0, 0x0000000000000020
2026/09/19 11:31:46.112, 0, 76, 47.46, 0, 10877, 1189, 715, P0, 0x0000000000000000
2026/09/19 11:31:46.115, 1, 79, 115.55, 100, 11582, 1177, 715, P0, 0x0000000000000020
2026/09/19 11:31:47.126, 0, 76, 47.21, 0, 10877, 1189, 715, P0, 0x0000000000000000
2026/09/19 11:31:47.129, 1, 79, 117.23, 100, 11582, 1177, 715, P0, 0x0000000000000020
2026/09/19 11:31:48.140, 0, 75, 47.21, 0, 10877, 1189, 715, P0, 0x0000000000000000
2026/09/19 11:31:48.144, 1, 79, 116.03, 100, 11582, 1189, 715, P0, 0x0000000000000000
2026/09/19 11:31:49.163, 0, 75, 46.97, 0, 10877, 1189, 715, P0, 0x0000000000000000
2026/09/19 11:31:49.166, 1, 79, 117.21, 100, 11582, 1177, 715, P0, 0x0000000000000020
2026/09/19 11:31:50.177, 0, 75, 46.77, 0, 10877, 1189, 715, P0, 0x0000000000000000
2026/09/19 11:31:50.183, 1, 79, 96.02, 100, 11582, 1063, 715, P0, 0x0000000000000020
2026/09/19 11:31:51.201, 0, 75, 46.78, 0, 10877, 1189, 715, P0, 0x0000000000000000
2026/09/19 11:31:51.205, 1, 79, 94.16, 100, 11582, 1063, 715, P0, 0x0000000000000000
2026/09/19 11:31:52.211, 0, 75, 46.74, 0, 10877, 1189, 715, P0, 0x0000000000000000
2026/09/19 11:31:52.216, 1, 79, 102.03, 100, 11582, 1088, 715, P0, 0x0000000000000020
2026/09/19 11:31:53.221, 0, 74, 46.50, 0, 10877, 1189, 715, P0, 0x0000000000000000
2026/09/19 11:31:53.224, 1, 79, 97.94, 100, 11582, 1088, 715, P0, 0x0000000000000000
2026/09/19 11:31:54.234, 0, 74, 46.34, 0, 10877, 1189, 715, P0, 0x0000000000000000
2026/09/19 11:31:54.241, 1, 79, 62.02, 97, 11582, 1088, 715, P0, 0x0000000000000000
2026/09/19 11:31:55.258, 0, 78, 164.03, 100, 10877, 1328, 715, P0, 0x0000000000000000
2026/09/19 11:31:55.261, 1, 77, 55.66, 0, 11582, 1316, 715, P0, 0x0000000000000000
2026/09/19 11:31:56.280, 0, 79, 198.89, 100, 10877, 1328, 715, P0, 0x0000000000000000
2026/09/19 11:31:56.283, 1, 77, 55.10, 0, 11582, 1316, 715, P0, 0x0000000000000000
2026/09/19 11:31:57.302, 0, 79, 156.87, 100, 10877, 1316, 715, P0, 0x0000000000000020
2026/09/19 11:31:57.305, 1, 76, 47.79, 0, 11582, 1189, 715, P0, 0x0000000000000000
2026/09/19 11:31:58.312, 0, 77, 48.59, 1, 10877, 1189, 715, P0, 0x0000000000000000
2026/09/19 11:31:58.315, 1, 78, 144.13, 90, 11582, 1316, 715, P0, 0x0000000000000000
2026/09/19 11:31:59.321, 0, 76, 47.13, 0, 10877, 1189, 715, P0, 0x0000000000000000
2026/09/19 11:31:59.325, 1, 80, 146.29, 100, 11582, 1265, 715, P0, 0x0000000000000020
2026/09/19 11:32:00.336, 0, 75, 46.93, 0, 10877, 1189, 715, P0, 0x0000000000000000
2026/09/19 11:32:00.339, 1, 79, 124.58, 100, 11582, 1215, 715, P0, 0x0000000000000020
2026/09/19 11:32:01.344, 0, 75, 46.45, 0, 10877, 1189, 715, P0, 0x0000000000000000
2026/09/19 11:32:01.347, 1, 79, 127.87, 100, 11582, 1215, 715, P0, 0x0000000000000000
2026/09/19 11:32:02.355, 0, 74, 46.48, 0, 10877, 1189, 715, P0, 0x0000000000000000
2026/09/19 11:32:02.358, 1, 79, 123.87, 100, 11582, 1215, 715, P0, 0x0000000000000000
2026/09/19 11:32:03.368, 0, 74, 46.25, 0, 10877, 1189, 715, P0, 0x0000000000000000
2026/09/19 11:32:03.371, 1, 79, 112.25, 100, 11582, 1151, 715, P0, 0x0000000000000020
2026/09/19 11:32:04.393, 0, 74, 53.09, 73, 9, 1328, 715, P0, 0x0000000000000000
2026/09/19 11:32:04.396, 1, 77, 56.21, 65, 9, 1328, 715, P0, 0x0000000000000000
2026/09/19 11:32:05.401, 0, 74, 52.85, 0, 9, 1328, 715, P0, 0x0000000000000000
2026/09/19 11:32:05.404, 1, 77, 55.49, 0, 9, 1328, 715, P0, 0x0000000000000000
2026/09/19 11:32:06.413, 0, 74, 52.89, 0, 9, 1328, 715, P0, 0x0000000000000000
2026/09/19 11:32:06.416, 1, 77, 55.27, 0, 9, 1328, 715, P0, 0x0000000000000000
2026/09/19 11:32:07.424, 0, 73, 36.70, 0, 9, 405, 715, P0, 0x0000000000000001
2026/09/19 11:32:07.427, 1, 76, 55.07, 0, 9, 1328, 715, P0, 0x0000000000000000
2026/09/19 11:32:08.441, 0, 73, 36.46, 0, 9, 405, 715, P0, 0x0000000000000001
2026/09/19 11:32:08.444, 1, 76, 54.82, 0, 9, 1328, 715, P0, 0x0000000000000000
2026/09/19 11:32:09.455, 0, 73, 36.46, 0, 9, 405, 715, P0, 0x0000000000000001
2026/09/19 11:32:09.458, 1, 76, 54.83, 0, 9, 1328, 715, P0, 0x0000000000000000
2026/09/19 11:32:10.468, 0, 73, 36.46, 0, 9, 405, 715, P0, 0x0000000000000001
2026/09/19 11:32:10.473, 1, 76, 54.58, 0, 9, 1328, 715, P0, 0x0000000000000000
