timestamp,index,temperature.gpu,power.draw,utilization.gpu,memory.used,clocks.current.graphics,clocks.current.memory,pstate,clocks_event_reasons.active
2026/09/19 21:25:04.047, 0, 75, 46.62, 0, 7767, 1189, 715, P0, 0x0000000000000000
2026/09/19 21:25:04.052, 1, 46, 39.58, 0, 8309, 1328, 715, P0, 0x0000000000000000
2026/09/19 21:25:05.070, 0, 79, 223.43, 100, 7965, 1328, 715, P0, 0x0000000000000000
2026/09/19 21:25:05.074, 1, 49, 161.26, 100, 8507, 1328, 715, P0, 0x0000000000000000
2026/09/19 21:25:06.081, 0, 79, 163.45, 100, 7965, 1177, 715, P0, 0x0000000000000020
2026/09/19 21:25:06.084, 1, 50, 172.14, 88, 8507, 1328, 715, P0, 0x0000000000000000
2026/09/19 21:25:07.098, 0, 79, 160.27, 100, 7965, 1177, 715, P0, 0x0000000000000020
2026/09/19 21:25:07.101, 1, 50, 167.20, 100, 8507, 1328, 715, P0, 0x0000000000000000
2026/09/19 21:25:08.113, 0, 79, 137.14, 100, 7965, 1139, 715, P0, 0x0000000000000000
2026/09/19 21:25:08.119, 1, 51, 42.77, 48, 8507, 1328, 715, P0, 0x0000000000000000
2026/09/19 21:25:09.128, 0, 79, 148.32, 100, 7965, 1101, 715, P0, 0x0000000000000020
2026/09/19 21:25:09.140, 1, 52, 179.12, 100, 8507, 1328, 715, P0, 0x0000000000000000
2026/09/19 21:25:10.154, 0, 79, 141.43, 100, 7965, 1126, 715, P0, 0x0000000000000000
2026/09/19 21:25:10.160, 1, 53, 182.62, 100, 8507, 1328, 715, P0, 0x0000000000000000
2026/09/19 21:25:11.172, 0, 79, 121.44, 98, 7965, 961, 715, P0, 0x0000000000000020
2026/09/19 21:25:11.180, 1, 53, 176.30, 74, 8507, 1328, 715, P0, 0x0000000000000000
2026/09/19 21:25:12.198, 0, 79, 119.05, 100, 7965, 961, 715, P0, 0x0000000000000000
2026/09/19 21:25:12.203, 1, 52, 43.04, 83, 8507, 1328, 715, P0, 0x0000000000000000
2026/09/19 21:25:13.217, 0, 79, 108.52, 100, 7965, 974, 715, P0, 0x0000000000000000
2026/09/19 21:25:13.222, 1, 54, 181.95, 100, 8507, 1328, 715, P0, 0x0000000000000000
2026/09/19 21:25:14.232, 0, 79, 123.31, 100, 7965, 1012, 715, P0, 0x0000000000000000
2026/09/19 21:25:14.242, 1, 52, 43.06, 54, 8507, 1328, 715, P0, 0x0000000000000000
2026/09/19 21:25:15.261, 0, 79, 122.45, 100, 7965, 999, 715, P0, 0x0000000000000020
2026/09/19 21:25:15.264, 1, 54, 157.04, 100, 8507, 1328, 715, P0, 0x0000000000000000
2026/09/19 21:25:16.278, 0, 79, 125.70, 100, 7965, 923, 715, P0, 0x0000000000000020
2026/09/19 21:25:16.284, 1, 53, 66.76, 68, 8507, 1328, 715, P0, 0x0000000000000000
2026/09/19 21:25:17.293, 0, 79, 120.77, 100, 7965, 936, 715, P0, 0x0000000000000020
2026/09/19 21:25:17.305, 1, 55, 157.99, 100, 8507, 1328, 715, P0, 0x0000000000000000
2026/09/19 21:25:18.311, 0, 79, 118.33, 100, 7965, 1025, 715, P0, 0x0000000000000000
2026/09/19 21:25:18.314, 1, 54, 43.52, 5, 8507, 1328, 715, P0, 0x0000000000000000
2026/09/19 21:25:19.328, 0, 79, 123.85, 100, 7965, 911, 715, P0, 0x0000000000000020
2026/09/19 21:25:19.331, 1, 55, 178.51, 100, 8507, 1328, 715, P0, 0x0000000000000000
2026/09/19 21:25:20.343, 0, 79, 124.27, 100, 7965, 923, 715, P0, 0x0000000000000020
2026/09/19 21:25:20.346, 1, 55, 44.49, 67, 8507, 1328, 715, P0, 0x0000000000000000
2026/09/19 21:25:21.357, 0, 79, 117.26, 98, 7965, 1025, 715, P0, 0x0000000000000000
2026/09/19 21:25:21.365, 1, 55, 182.62, 75, 8507, 1328, 715, P0, 0x0000000000000000
2026/09/19 21:25:22.386, 0, 79, 108.34, 100, 7965, 923, 715, P0, 0x0000000000000000
2026/09/19 21:25:22.390, 1, 56, 175.52, 100, 8507, 1328, 715, P0, 0x0000000000000000
2026/09/19 21:25:23.400, 0, 79, 118.36, 100, 7965, 987, 715, P0, 0x0000000000000000
2026/09/19 21:25:23.407, 1, 55, 163.40, 14, 8507, 1328, 715, P0, 0x0000000000000000
2026/09/19 21:25:24.417, 0, 79, 101.95, 100, 7965, 987, 715, P0, 0x0000000000000000
2026/09/19 21:25:24.427, 1, 57, 173.73, 100, 8507, 1328, 715, P0, 0x0000000000000000
2026/09/19 21:25:25.448, 0, 79, 120.65, 100, 7965, 949, 715, P0, 0x0000000000000020
2026/09/19 21:25:25.451, 1, 56, 45.95, 100, 8507, 1328, 715, P0, 0x0000000000000000
2026/09/19 21:25:26.463, 0, 79, 98.70, 100, 7965, 632, 715, P0, 0x0000000000000000
2026/09/19 21:25:26.472, 1, 57, 178.05, 4, 8507, 1328, 715, P0, 0x0000000000000000
2026/09/19 21:25:27.477, 0, 79, 97.51, 100, 7965, 632, 715, P0, 0x0000000000000000
2026/09/19 21:25:27.493, 1, 57, 168.93, 0, 8507, 1328, 715, P0, 0x0000000000000000
2026/09/19 21:25:28.510, 0, 79, 93.25, 98, 7965, 607, 715, P0, 0x0000000000000000
2026/09/19 21:25:28.514, 1, 57, 177.86, 0, 8507, 1328, 715, P0, 0x0000000000000000
2026/09/19 21:25:29.526, 0, 79, 104.23, 99, 7965, 658, 715, P0, 0x0000000000000000
2026/09/19 21:25:29.533, 1, 56, 148.58, 58, 8507, 1328, 715, P0, 0x0000000000000000
2026/09/19 21:25:30.552, 0, 79, 97.34, 99, 7965, 670, 715, P0, 0x0000000000000020
2026/09/19 21:25:30.555, 1, 56, 158.67, 32, 8507, 1328, 715, P0, 0x0000000000000000
2026/09/19 21:25:31.568, 0, 79, 109.19, 99, 7965, 696, 715, P0, 0x0000000000000020
2026/09/19 21:25:31.573, 1, 57, 156.71, 28, 8507, 1328, 715, P0, 0x0000000000000000
2026/09/19 21:25:32.584, 0, 79, 103.95, 99, 7965, 683, 715, P0, 0x0000000000000020
2026/09/19 21:25:32.593, 1, 57, 188.40, 50, 8507, 1328, 715, P0, 0x0000000000000000
2026/09/19 21:25:33.598, 0, 79, 85.35, 98, 7965, 734, 715, P0, 0x0000000000000000
2026/09/19 21:25:33.601, 1, 58, 188.03, 66, 8507, 1328, 715, P0, 0x0000000000000000
2026/09/19 21:25:34.614, 0, 79, 88.66, 99, 7965, 835, 715, P0, 0x0000000000000000
2026/09/19 21:25:34.617, 1, 58, 182.21, 80, 8507, 1328, 715, P0, 0x0000000000000000
2026/09/19 21:25:35.628, 0, 79, 118.78, 98, 7965, 772, 715, P0, 0x0000000000000020
2026/09/19 21:25:35.635, 1, 58, 157.32, 91, 8507, 1328, 715, P0, 0x0000000000000000
2026/09/19 21:25:36.642, 0, 79, 111.42, 99, 7965, 746, 715, P0, 0x0000000000000020
2026/09/19 21:25:36.655, 1, 59, 172.06, 100, 8507, 1328, 715, P0, 0x0000000000000000
2026/09/19 21:25:37.674, 0, 79, 107.24, 100, 7965, 734, 715, P0, 0x0000000000000000
2026/09/19 21:25:37.677, 1, 59, 174.09, 100, 8507, 1328, 715, P0, 0x0000000000000000
2026/09/19 21:25:38.686, 0, 79, 99.30, 100, 7965, 822, 715, P0, 0x0000000000000000
2026/09/19 21:25:38.696, 1, 59, 195.04, 100, 8507, 1328, 715, P0, 0x0000000000000000
2026/09/19 21:25:39.705, 0, 79, 120.23, 100, 7965, 873, 715, P0, 0x0000000000000020
2026/09/19 21:25:39.716, 1, 60, 181.86, 100, 8507, 1328, 715, P0, 0x0000000000000000
2026/09/19 21:25:40.720, 0, 79, 112.95, 100, 7965, 746, 715, P0, 0x0000000000000020
2026/09/19 21:25:40.723, 1, 60, 162.36, 100, 8507, 1328, 715, P0, 0x0000000000000000
2026/09/19 21:25:41.746, 0, 79, 93.44, 100, 7965, 936, 715, P0, 0x0000000000000000
2026/09/19 21:25:41.756, 1, 60, 52.98, 96, 8507, 1328, 715, P0, 0x0000000000000000
2026/09/19 21:25:42.775, 0, 79, 124.11, 100, 7965, 797, 715, P0, 0x0000000000000020
2026/09/19 21:25:42.779, 1, 59, 46.44, 61, 8507, 1328, 715, P0, 0x0000000000000000
2026/09/19 21:25:43.787, 0, 79, 110.63, 100, 7965, 810, 715, P0, 0x0000000000000000
2026/09/19 21:25:43.799, 1, 59, 46.22, 32, 8507, 1328, 715, P0, 0x0000000000000000
2026/09/19 21:25:44.805, 0, 79, 93.28, 100, 7965, 772, 715, P0, 0x0000000000000020
2026/09/19 21:25:44.808, 1, 59, 46.03, 14, 8507, 1328, 715, P0, 0x0000000000000000
2026/09/19 21:25:45.816, 0, 79, 94.22, 100, 7965, 936, 715, P0, 0x0000000000000000
2026/09/19 21:25:45.820, 1, 59, 46.00, 6, 8507, 1328, 715, P0, 0x0000000000000000
2026/09/19 21:25:46.833, 0, 79, 122.74, 100, 7965, 911, 715, P0, 0x0000000000000020
2026/09/19 21:25:46.840, 1, 59, 46.21, 6, 8507, 1328, 715, P0, 0x0000000000000000
2026/09/19 21:25:47.848, 0, 79, 104.87, 100, 7965, 835, 715, P0, 0x0000000000000000
2026/09/19 21:25:47.862, 1, 59, 148.41, 6, 8507, 1328, 715, P0, 0x0000000000000000
2026/09/19 21:25:48.877, 0, 79, 114.02, 100, 7965, 772, 715, P0, 0x0000000000000020
2026/09/19 21:25:48.883, 1, 60, 181.92, 6, 8507, 1328, 715, P0, 0x0000000000000000
2026/09/19 21:25:49.891, 0, 79, 108.24, 100, 7965, 746, 715, P0, 0x0000000000000020
2026/09/19 21:25:49.902, 1, 61, 158.06, 6, 8507, 1328, 715, P0, 0x0000000000000000
2026/09/19 21:25:50.920, 0, 79, 114.16, 98, 7965, 784, 715, P0, 0x0000000000000000
2026/09/19 21:25:50.925, 1, 61, 157.18, 71, 8507, 1328, 715, P0, 0x0000000000000000
2026/09/19 21:25:51.933, 0, 79, 106.45, 98, 7965, 759, 715, P0, 0x0000000000000020
2026/09/19 21:25:51.945, 1, 61, 166.54, 70, 8507, 1328, 715, P0, 0x0000000000000000
2026/09/19 21:25:52.964, 0, 79, 90.86, 98, 7965, 822, 715, P0, 0x0000000000000000
2026/09/19 21:25:52.967, 1, 62, 178.40, 69, 8507, 1328, 715, P0, 0x0000000000000000
2026/09/19 21:25:53.978, 0, 79, 90.58, 98, 7965, 873, 715, P0, 0x0000000000000000
2026/09/19 21:25:53.984, 1, 62, 185.38, 68, 8507, 1328, 715, P0, 0x0000000000000000
2026/09/19 21:25:54.990, 0, 79, 89.92, 98, 7965, 797, 715, P0, 0x0000000000000000
2026/09/19 21:25:54.993, 1, 62, 173.58, 60, 8507, 1328, 715, P0, 0x0000000000000000
2026/09/19 21:25:56.006, 0, 79, 90.58, 98, 7965, 822, 715, P0, 0x0000000000000000
2026/09/19 21:25:56.010, 1, 62, 173.64, 48, 8507, 1328, 715, P0, 0x0000000000000000
2026/09/19 21:25:57.020, 0, 79, 90.38, 99, 7965, 784, 715, P0, 0x0000000000000000
2026/09/19 21:25:57.028, 1, 62, 180.90, 40, 8507, 1328, 715, P0, 0x0000000000000000
2026/09/19 21:25:58.038, 0, 79, 95.90, 99, 7965, 835, 715, P0, 0x0000000000000000
2026/09/19 21:25:58.048, 1, 62, 168.77, 21, 8507, 1328, 715, P0, 0x0000000000000000
2026/09/19 21:25:59.052, 0, 79, 111.05, 99, 7965, 784, 715, P0, 0x0000000000000000
2026/09/19 21:25:59.055, 1, 63, 158.27, 3, 8507, 1328, 715, P0, 0x0000000000000000
2026/09/19 21:26:00.071, 0, 79, 114.39, 100, 7965, 772, 715, P0, 0x0000000000000020
2026/09/19 21:26:00.074, 1, 62, 161.38, 2, 8507, 1328, 715, P0, 0x0000000000000000
2026/09/19 21:26:01.087, 0, 79, 112.40, 100, 7965, 772, 715, P0, 0x0000000000000020
2026/09/19 21:26:01.092, 1, 62, 189.97, 7, 8507, 1328, 715, P0, 0x0000000000000000
2026/09/19 21:26:02.100, 0, 79, 108.26, 100, 7965, 797, 715, P0, 0x0000000000000020
2026/09/19 21:26:02.112, 1, 62, 135.35, 8, 8507, 1328, 715, P0, 0x0000000000000000
2026/09/19 21:26:03.118, 0, 79, 124.17, 100, 7965, 923, 715, P0, 0x0000000000000020
2026/09/19 21:26:03.131, 1, 62, 47.39, 1, 8507, 1328, 715, P0, 0x0000000000000000
2026/09/19 21:26:04.149, 0, 79, 98.75, 100, 7965, 987, 715, P0, 0x0000000000000000
2026/09/19 21:26:04.152, 1, 62, 47.68, 8, 8507, 1328, 715, P0, 0x0000000000000000
2026/09/19 21:26:05.169, 0, 79, 95.62, 100, 7965, 949, 715, P0, 0x0000000000000000
2026/09/19 21:26:05.172, 1, 63, 48.17, 8, 8507, 1328, 715, P0, 0x0000000000000000
2026/09/19 21:26:06.184, 0, 79, 103.79, 100, 7965, 784, 715, P0, 0x0000000000000000
2026/09/19 21:26:06.194, 1, 63, 48.41, 19, 8507, 1328, 715, P0, 0x0000000000000000
2026/09/19 21:26:07.200, 0, 79, 114.53, 100, 7965, 810, 715, P0, 0x0000000000000020
2026/09/19 21:26:07.203, 1, 64, 48.85, 65, 8507, 1328, 715, P0, 0x0000000000000000
2026/09/19 21:26:08.213, 0, 79, 102.79, 100, 7965, 999, 715, P0, 0x0000000000000000
2026/09/19 21:26:08.217, 1, 64, 51.03, 100, 8507, 1328, 715, P0, 0x0000000000000000
2026/09/19 21:26:09.225, 0, 79, 94.25, 100, 7965, 936, 715, P0, 0x0000000000000000
2026/09/19 21:26:09.235, 1, 65, 170.38, 100, 8507, 1328, 715, P0, 0x0000000000000000
2026/09/19 21:26:10.254, 0, 79, 113.68, 100, 7965, 797, 715, P0, 0x0000000000000000
2026/09/19 21:26:10.258, 1, 65, 163.68, 100, 8507, 1328, 715, P0, 0x0000000000000000
2026/09/19 21:26:11.268, 0, 79, 122.80, 100, 7965, 873, 715, P0, 0x0000000000000020
2026/09/19 21:26:11.277, 1, 65, 187.85, 100, 8507, 1328, 715, P0, 0x0000000000000000
2026/09/19 21:26:12.283, 0, 79, 98.73, 100, 7965, 974, 715, P0, 0x0000000000000000
2026/09/19 21:26:12.286, 1, 66, 161.88, 100, 8507, 1328, 715, P0, 0x0000000000000000
2026/09/19 21:26:13.298, 0, 79, 96.98, 100, 7965, 772, 715, P0, 0x0000000000000020
2026/09/19 21:26:13.301, 1, 66, 195.26, 100, 8507, 1328, 715, P0, 0x0000000000000000
2026/09/19 21:26:14.315, 0, 79, 114.46, 98, 7965, 772, 715, P0, 0x0000000000000020
2026/09/19 21:26:14.320, 1, 66, 161.35, 96, 8507, 1328, 715, P0, 0x0000000000000000
2026/09/19 21:26:15.332, 0, 79, 97.37, 100, 7965, 974, 715, P0, 0x0000000000000000
2026/09/19 21:26:15.338, 1, 65, 195.94, 100, 8507, 1328, 715, P0, 0x0000000000000000
2026/09/19 21:26:16.348, 0, 79, 114.39, 98, 7965, 784, 715, P0, 0x0000000000000020
2026/09/19 21:26:16.362, 1, 65, 160.42, 57, 8507, 1328, 715, P0, 0x0000000000000000
2026/09/19 21:26:17.377, 0, 79, 104.32, 100, 7965, 860, 715, P0, 0x0000000000000000
2026/09/19 21:26:17.381, 1, 64, 149.43, 0, 8507, 1328, 715, P0, 0x0000000000000000
2026/09/19 21:26:18.393, 0, 79, 93.74, 100, 7965, 949, 715, P0, 0x0000000000000000
2026/09/19 21:26:18.401, 1, 65, 49.14, 9, 8507, 1328, 715, P0, 0x0000000000000000
2026/09/19 21:26:19.407, 0, 79, 118.01, 100, 7965, 835, 715, P0, 0x0000000000000020
2026/09/19 21:26:19.411, 1, 66, 50.06, 63, 8507, 1328, 715, P0, 0x0000000000000000
2026/09/19 21:26:20.423, 0, 79, 97.45, 100, 7965, 961, 715, P0, 0x0000000000000000
2026/09/19 21:26:20.426, 1, 67, 182.61, 100, 8507, 1328, 715, P0, 0x0000000000000000
2026/09/19 21:26:21.440, 0, 79, 114.96, 100, 7965, 784, 715, P0, 0x0000000000000020
2026/09/19 21:26:21.445, 1, 67, 203.10, 100, 8507, 1328, 715, P0, 0x0000000000000000
2026/09/19 21:26:22.449, 0, 79, 96.57, 100, 7965, 949, 715, P0, 0x0000000000000000
2026/09/19 21:26:22.453, 1, 67, 163.55, 100, 8507, 1328, 715, P0, 0x0000000000000000
2026/09/19 21:26:23.468, 0, 79, 114.45, 100, 7965, 810, 715, P0, 0x0000000000000020
2026/09/19 21:26:23.471, 1, 67, 150.13, 100, 8507, 1328, 715, P0, 0x0000000000000000
2026/09/19 21:26:24.483, 0, 79, 94.32, 98, 7965, 936, 715, P0, 0x0000000000000000
2026/09/19 21:26:24.486, 1, 67, 185.53, 46, 8507, 1328, 715, P0, 0x0000000000000000
2026/09/19 21:26:25.496, 0, 79, 116.45, 100, 7965, 810, 715, P0, 0x0000000000000020
2026/09/19 21:26:25.506, 1, 66, 180.03, 10, 8507, 1328, 715, P0, 0x0000000000000000
2026/09/19 21:26:26.513, 0, 79, 98.03, 100, 7965, 974, 715, P0, 0x0000000000000000
2026/09/19 21:26:26.525, 1, 66, 49.84, 10, 8507, 1328, 715, P0, 0x0000000000000000
2026/09/19 21:26:27.542, 0, 79, 113.74, 100, 7965, 873, 715, P0, 0x0000000000000000
2026/09/19 21:26:27.547, 1, 67, 49.58, 32, 8507, 1328, 715, P0, 0x0000000000000000
2026/09/19 21:26:28.557, 0, 79, 92.31, 100, 7965, 911, 715, P0, 0x0000000000000000
2026/09/19 21:26:28.567, 1, 68, 159.35, 100, 8507, 1328, 715, P0, 0x0000000000000000
2026/09/19 21:26:29.586, 0, 79, 123.02, 100, 7965, 885, 715, P0, 0x0000000000000020
2026/09/19 21:26:29.589, 1, 68, 190.54, 100, 8507, 1328, 715, P0, 0x0000000000000000
2026/09/19 21:26:30.602, 0, 79, 96.26, 100, 7965, 810, 715, P0, 0x0000000000000000
2026/09/19 21:26:30.609, 1, 68, 196.48, 100, 8507, 1328, 715, P0, 0x0000000000000000
2026/09/19 21:26:31.614, 0, 79, 98.62, 100, 7965, 961, 715, P0, 0x0000000000000000
2026/09/19 21:26:31.618, 1, 68, 201.76, 93, 8507, 1328, 715, P0, 0x0000000000000000
2026/09/19 21:26:32.632, 0, 79, 120.74, 100, 7965, 847, 715, P0, 0x0000000000000020
2026/09/19 21:26:32.635, 1, 67, 189.40, 0, 8507, 1328, 715, P0, 0x0000000000000000
2026/09/19 21:26:33.645, 0, 79, 92.53, 100, 7965, 923, 715, P0, 0x0000000000000000
2026/09/19 21:26:33.650, 1, 67, 50.83, 18, 8507, 1328, 715, P0, 0x0000000000000000
2026/09/19 21:26:34.658, 0, 79, 99.22, 100, 7965, 974, 715, P0, 0x0000000000000000
2026/09/19 21:26:34.672, 1, 68, 52.99, 100, 8507, 1328, 715, P0, 0x0000000000000000
2026/09/19 21:26:35.686, 0, 79, 112.61, 100, 7965, 784, 715, P0, 0x0000000000000020
2026/09/19 21:26:35.694, 1, 69, 190.68, 100, 8507, 1328, 715, P0, 0x0000000000000000
2026/09/19 21:26:36.700, 0, 79, 89.06, 100, 7965, 847, 715, P0, 0x0000000000000000
2026/09/19 21:26:36.713, 1, 69, 189.23, 100, 8507, 1328, 715, P0, 0x0000000000000000
2026/09/19 21:26:37.731, 0, 79, 98.87, 98, 7965, 961, 715, P0, 0x0000000000000020
2026/09/19 21:26:37.733, 1, 69, 191.23, 100, 8507, 1328, 715, P0, 0x0000000000000000
2026/09/19 21:26:38.748, 0, 79, 113.39, 99, 7965, 772, 715, P0, 0x0000000000000020
2026/09/19 21:26:38.755, 1, 68, 192.84, 13, 8507, 1328, 715, P0, 0x0000000000000000
2026/09/19 21:26:39.764, 0, 79, 90.85, 100, 7965, 898, 715, P0, 0x0000000000000000
2026/09/19 21:26:39.774, 1, 68, 51.29, 11, 8507, 1328, 715, P0, 0x0000000000000000
2026/09/19 21:26:40.791, 0, 79, 99.51, 100, 7965, 974, 715, P0, 0x0000000000000020
2026/09/19 21:26:40.795, 1, 70, 86.74, 100, 8507, 1328, 715, P0, 0x0000000000000000
2026/09/19 21:26:41.807, 0, 79, 126.21, 100, 7965, 923, 715, P0, 0x0000000000000020
2026/09/19 21:26:41.815, 1, 70, 184.56, 100, 8507, 1328, 715, P0, 0x0000000000000000
2026/09/19 21:26:42.820, 0, 79, 111.43, 100, 7965, 797, 715, P0, 0x0000000000000020
2026/09/19 21:26:42.823, 1, 70, 170.92, 100, 8507, 1328, 715, P0, 0x0000000000000000
2026/09/19 21:26:43.835, 0, 79, 92.07, 98, 7965, 885, 715, P0, 0x0000000000000000
2026/09/19 21:26:43.838, 1, 70, 163.80, 37, 8507, 1328, 715, P0, 0x0000000000000000
2026/09/19 21:26:44.850, 0, 79, 100.13, 100, 7965, 987, 715, P0, 0x0000000000000020
2026/09/19 21:26:44.854, 1, 68, 51.52, 12, 8507, 1328, 715, P0, 0x0000000000000000
2026/09/19 21:26:45.863, 0, 79, 123.46, 100, 7965, 923, 715, P0, 0x0000000000000020
2026/09/19 21:26:45.877, 1, 70, 52.92, 100, 8507, 1328, 715, P0, 0x0000000000000000
2026/09/19 21:26:46.894, 0, 79, 109.74, 100, 7965, 797, 715, P0, 0x0000000000000020
2026/09/19 21:26:46.897, 1, 71, 197.70, 100, 8507, 1328, 715, P0, 0x0000000000000000
2026/09/19 21:26:47.908, 0, 79, 89.60, 100, 7965, 822, 715, P0, 0x0000000000000000
2026/09/19 21:26:47.919, 1, 71, 204.28, 100, 8507, 1328, 715, P0, 0x0000000000000000
2026/09/19 21:26:48.925, 0, 79, 95.34, 99, 7965, 949, 715, P0, 0x0000000000000000
2026/09/19 21:26:48.938, 1, 70, 188.15, 100, 8507, 1328, 715, P0, 0x0000000000000000
2026/09/19 21:26:49.954, 0, 79, 100.61, 100, 7965, 1012, 715, P0, 0x0000000000000000
2026/09/19 21:26:49.957, 1, 69, 51.76, 0, 8507, 1328, 715, P0, 0x0000000000000000
2026/09/19 21:26:50.972, 0, 79, 123.45, 100, 7965, 911, 715, P0, 0x0000000000000020
2026/09/19 21:26:50.979, 1, 70, 53.13, 68, 8507, 1328, 715, P0, 0x0000000000000000
2026/09/19 21:26:51.984, 0, 79, 115.63, 100, 7965, 835, 715, P0, 0x0000000000000020
2026/09/19 21:26:51.987, 1, 72, 193.77, 100, 8507, 1328, 715, P0, 0x0000000000000000
2026/09/19 21:26:53.002, 0, 79, 112.07, 100, 7965, 772, 715, P0, 0x0000000000000020
2026/09/19 21:26:53.005, 1, 71, 153.63, 100, 8507, 1328, 715, P0, 0x0000000000000000
2026/09/19 21:26:54.016, 0, 79, 109.74, 99, 7965, 759, 715, P0, 0x0000000000000020
2026/09/19 21:26:54.023, 1, 71, 164.74, 27, 8507, 1328, 715, P0, 0x0000000000000000
2026/09/19 21:26:55.028, 0, 79, 93.20, 100, 7965, 923, 715, P0, 0x0000000000000000
2026/09/19 21:26:55.042, 1, 70, 52.51, 14, 8507, 1328, 715, P0, 0x0000000000000000
2026/09/19 21:26:56.059, 0, 79, 95.36, 100, 7965, 936, 715, P0, 0x0000000000000000
2026/09/19 21:26:56.063, 1, 72, 167.02, 100, 8507, 1328, 715, P0, 0x0000000000000000
2026/09/19 21:26:57.075, 0, 79, 96.80, 100, 7965, 961, 715, P0, 0x0000000000000000
2026/09/19 21:26:57.083, 1, 72, 168.69, 100, 8507, 1328, 715, P0, 0x0000000000000000
2026/09/19 21:26:58.102, 0, 79, 98.09, 99, 7965, 974, 715, P0, 0x0000000000000000
2026/09/19 21:26:58.105, 1, 71, 205.76, 58, 8507, 1328, 715, P0, 0x0000000000000000
2026/09/19 21:26:59.118, 0, 79, 97.98, 100, 7965, 1037, 715, P0, 0x0000000000000000
2026/09/19 21:26:59.123, 1, 70, 52.46, 0, 8507, 1328, 715, P0, 0x0000000000000000
2026/09/19 21:27:00.145, 0, 79, 123.93, 100, 7965, 999, 715, P0, 0x0000000000000020
2026/09/19 21:27:00.148, 1, 72, 54.62, 70, 8507, 1328, 715, P0, 0x0000000000000000
2026/09/19 21:27:01.161, 0, 79, 120.34, 100, 7965, 860, 715, P0, 0x0000000000000020
2026/09/19 21:27:01.167, 1, 73, 193.85, 100, 8507, 1328, 715, P0, 0x0000000000000000
2026/09/19 21:27:02.175, 0, 79, 117.89, 100, 7965, 911, 715, P0, 0x0000000000000020
2026/09/19 21:27:02.186, 1, 72, 166.42, 100, 8507, 1328, 715, P0, 0x0000000000000000
2026/09/19 21:27:03.205, 0, 79, 111.48, 100, 7965, 898, 715, P0, 0x0000000000000000
2026/09/19 21:27:03.208, 1, 71, 182.29, 0, 8507, 1328, 715, P0, 0x0000000000000000
2026/09/19 21:27:04.214, 0, 79, 113.43, 100, 7965, 847, 715, P0, 0x0000000000000020
2026/09/19 21:27:04.225, 1, 72, 54.37, 77, 8507, 1328, 715, P0, 0x0000000000000000
2026/09/19 21:27:05.242, 0, 79, 117.78, 100, 7965, 822, 715, P0, 0x0000000000000020
2026/09/19 21:27:05.248, 1, 73, 196.44, 100, 8507, 1328, 715, P0, 0x0000000000000000
2026/09/19 21:27:06.253, 0, 79, 103.91, 100, 7965, 759, 715, P0, 0x0000000000000020
2026/09/19 21:27:06.266, 1, 73, 167.68, 100, 8507, 1328, 715, P0, 0x0000000000000000
2026/09/19 21:27:07.282, 0, 79, 110.46, 100, 7965, 797, 715, P0, 0x0000000000000000
2026/09/19 21:27:07.288, 1, 72, 170.71, 0, 8507, 1328, 715, P0, 0x0000000000000000
2026/09/19 21:27:08.297, 0, 79, 109.71, 100, 7965, 784, 715, P0, 0x0000000000000000
2026/09/19 21:27:08.308, 1, 72, 54.40, 13, 8507, 1328, 715, P0, 0x0000000000000000
2026/09/19 21:27:09.323, 0, 79, 111.86, 100, 7965, 746, 715, P0, 0x0000000000000020
2026/09/19 21:27:09.331, 1, 74, 203.25, 100, 8507, 1328, 715, P0, 0x0000000000000000
2026/09/19 21:27:10.341, 0, 79, 109.59, 100, 7965, 797, 715, P0, 0x0000000000000020
2026/09/19 21:27:10.348, 1, 73, 167.93, 100, 8507, 1328, 715, P0, 0x0000000000000000
2026/09/19 21:27:11.354, 0, 79, 118.83, 100, 7965, 847, 715, P0, 0x0000000000000020
2026/09/19 21:27:11.357, 1, 72, 175.14, 14, 8507, 1328, 715, P0, 0x0000000000000000
2026/09/19 21:27:12.367, 0, 79, 114.87, 100, 7965, 822, 715, P0, 0x0000000000000020
2026/09/19 21:27:12.371, 1, 73, 55.11, 48, 8507, 1328, 715, P0, 0x0000000000000000
2026/09/19 21:27:13.382, 0, 79, 116.48, 100, 7965, 873, 715, P0, 0x0000000000000020
2026/09/19 21:27:13.391, 1, 74, 194.10, 100, 8507, 1328, 715, P0, 0x0000000000000000
2026/09/19 21:27:14.399, 0, 79, 121.71, 100, 7965, 873, 715, P0, 0x0000000000000020
2026/09/19 21:27:14.412, 1, 74, 168.25, 100, 8507, 1328, 715, P0, 0x0000000000000000
2026/09/19 21:27:15.431, 0, 79, 115.12, 100, 7965, 898, 715, P0, 0x0000000000000020
2026/09/19 21:27:15.434, 1, 72, 53.62, 1, 8507, 1328, 715, P0, 0x0000000000000000
2026/09/19 21:27:16.443, 0, 79, 94.89, 100, 7965, 1025, 715, P0, 0x0000000000000000
2026/09/19 21:27:16.450, 1, 74, 57.29, 100, 8507, 1328, 715, P0, 0x0000000000000000
2026/09/19 21:27:17.463, 0, 79, 100.58, 100, 7965, 987, 715, P0, 0x0000000000000020
2026/09/19 21:27:17.471, 1, 75, 169.38, 100, 8507, 1328, 715, P0, 0x0000000000000000
2026/09/19 21:27:18.477, 0, 79, 99.23, 98, 7965, 974, 715, P0, 0x0000000000000000
2026/09/19 21:27:18.480, 1, 74, 191.18, 68, 8507, 1328, 715, P0, 0x0000000000000000
2026/09/19 21:27:19.493, 0, 79, 99.46, 100, 7965, 974, 715, P0, 0x0000000000000000
2026/09/19 21:27:19.496, 1, 73, 54.67, 17, 8507, 1328, 715, P0, 0x0000000000000000
2026/09/19 21:27:20.508, 0, 79, 93.92, 100, 7965, 949, 715, P0, 0x0000000000000000
2026/09/19 21:27:20.513, 1, 75, 170.36, 100, 8507, 1328, 715, P0, 0x0000000000000000
2026/09/19 21:27:21.522, 0, 79, 90.80, 100, 7965, 860, 715, P0, 0x0000000000000000
2026/09/19 21:27:21.534, 1, 75, 191.90, 100, 8507, 1328, 715, P0, 0x0000000000000000
2026/09/19 21:27:22.549, 0, 79, 118.60, 100, 7965, 822, 715, P0, 0x0000000000000020
2026/09/19 21:27:22.553, 1, 74, 168.14, 49, 8507, 1328, 715, P0, 0x0000000000000000
2026/09/19 21:27:23.561, 0, 79, 113.28, 100, 7965, 822, 715, P0, 0x0000000000000020
2026/09/19 21:27:23.564, 1, 74, 56.05, 33, 8507, 1328, 715, P0, 0x0000000000000000
2026/09/19 21:27:24.579, 0, 79, 117.78, 100, 7965, 923, 715, P0, 0x0000000000000020
2026/09/19 21:27:24.582, 1, 75, 186.64, 100, 8507, 1328, 715, P0, 0x0000000000000000
2026/09/19 21:27:25.589, 0, 79, 100.25, 100, 7965, 974, 715, P0, 0x0000000000000020
2026/09/19 21:27:25.593, 1, 75, 184.04, 100, 8507, 1328, 715, P0, 0x0000000000000000
2026/09/19 21:27:26.604, 0, 79, 101.33, 100, 7965, 999, 715, P0, 0x0000000000000000
2026/09/19 21:27:26.613, 1, 74, 55.12, 15, 8507, 1328, 715, P0, 0x0000000000000000
2026/09/19 21:27:27.619, 0, 79, 98.42, 100, 7965, 974, 715, P0, 0x0000000000000000
2026/09/19 21:27:27.623, 1, 76, 171.05, 100, 8507, 1328, 715, P0, 0x0000000000000000
2026/09/19 21:27:28.637, 0, 79, 90.79, 100, 7965, 847, 715, P0, 0x0000000000000000
2026/09/19 21:27:28.640, 1, 76, 198.96, 100, 8507, 1328, 715, P0, 0x0000000000000000
2026/09/19 21:27:29.649, 0, 79, 111.97, 99, 7965, 797, 715, P0, 0x0000000000000020
2026/09/19 21:27:29.659, 1, 75, 168.77, 0, 8507, 1328, 715, P0, 0x0000000000000000
2026/09/19 21:27:30.666, 0, 79, 118.48, 100, 7965, 835, 715, P0, 0x0000000000000020
2026/09/19 21:27:30.678, 1, 75, 56.77, 100, 8507, 1328, 715, P0, 0x0000000000000000
2026/09/19 21:27:31.694, 0, 79, 107.88, 100, 7965, 1037, 715, P0, 0x0000000000000000
2026/09/19 21:27:31.696, 1, 76, 171.34, 100, 8507, 1328, 715, P0, 0x0000000000000000
2026/09/19 21:27:32.710, 0, 79, 98.79, 98, 7965, 974, 715, P0, 0x0000000000000000
2026/09/19 21:27:32.717, 1, 76, 192.18, 100, 8507, 1328, 715, P0, 0x0000000000000000
2026/09/19 21:27:33.722, 0, 79, 95.60, 100, 7965, 936, 715, P0, 0x0000000000000000
2026/09/19 21:27:33.726, 1, 75, 56.09, 15, 8507, 1328, 715, P0, 0x0000000000000000
2026/09/19 21:27:34.737, 0, 79, 110.66, 100, 7965, 784, 715, P0, 0x0000000000000000
2026/09/19 21:27:34.740, 1, 77, 208.59, 100, 8507, 1328, 715, P0, 0x0000000000000000
2026/09/19 21:27:35.752, 0, 79, 123.69, 100, 7965, 898, 715, P0, 0x0000000000000020
2026/09/19 21:27:35.761, 1, 76, 171.13, 100, 8507, 1328, 715, P0, 0x0000000000000000
2026/09/19 21:27:36.771, 0, 79, 100.36, 100, 7965, 987, 715, P0, 0x0000000000000020
2026/09/19 21:27:36.778, 1, 75, 55.85, 5, 8507, 1328, 715, P0, 0x0000000000000000
2026/09/19 21:27:37.784, 0, 79, 93.92, 100, 7965, 911, 715, P0, 0x0000000000000000
2026/09/19 21:27:37.787, 1, 77, 172.48, 100, 8507, 1328, 715, P0, 0x0000000000000000
2026/09/19 21:27:38.800, 0, 79, 117.01, 100, 7965, 797, 715, P0, 0x0000000000000020
2026/09/19 21:27:38.803, 1, 77, 171.27, 100, 8507, 1328, 715, P0, 0x0000000000000000
2026/09/19 21:27:39.817, 0, 79, 121.11, 100, 7965, 898, 715, P0, 0x0000000000000020
2026/09/19 21:27:39.822, 1, 75, 55.78, 0, 8507, 1328, 715, P0, 0x0000000000000000
2026/09/19 21:27:40.834, 0, 79, 99.62, 100, 7965, 974, 715, P0, 0x0000000000000020
2026/09/19 21:27:40.839, 1, 77, 163.28, 100, 8507, 1328, 715, P0, 0x0000000000000000
2026/09/19 21:27:41.847, 0, 79, 90.96, 100, 7965, 860, 715, P0, 0x0000000000000000
2026/09/19 21:27:41.850, 1, 77, 193.49, 100, 8507, 1328, 715, P0, 0x0000000000000000
2026/09/19 21:27:42.864, 0, 79, 111.27, 99, 7965, 797, 715, P0, 0x0000000000000000
2026/09/19 21:27:42.867, 1, 76, 175.81, 0, 8507, 1328, 715, P0, 0x0000000000000000
2026/09/19 21:27:43.879, 0, 79, 108.18, 100, 7965, 1037, 715, P0, 0x0000000000000000
2026/09/19 21:27:43.882, 1, 77, 60.37, 100, 8507, 1328, 715, P0, 0x0000000000000000
2026/09/19 21:27:44.893, 0, 79, 98.82, 100, 7965, 974, 715, P0, 0x0000000000000000
2026/09/19 21:27:44.902, 1, 78, 177.26, 100, 8507, 1328, 715, P0, 0x0000000000000000
2026/09/19 21:27:45.917, 0, 79, 94.41, 99, 7965, 797, 715, P0, 0x0000000000000000
2026/09/19 21:27:45.923, 1, 77, 173.46, 85, 8507, 1328, 715, P0, 0x0000000000000000
2026/09/19 21:27:46.931, 0, 79, 115.58, 100, 7965, 873, 715, P0, 0x0000000000000020
2026/09/19 21:27:46.941, 1, 77, 58.69, 38, 8507, 1328, 715, P0, 0x0000000000000000
2026/09/19 21:27:47.957, 0, 79, 100.09, 100, 7965, 974, 715, P0, 0x0000000000000020
2026/09/19 21:27:47.960, 1, 78, 175.46, 100, 8507, 1328, 715, P0, 0x0000000000000000
2026/09/19 21:27:48.975, 0, 79, 93.91, 99, 7965, 936, 715, P0, 0x0000000000000000
2026/09/19 21:27:48.983, 1, 77, 173.82, 90, 8507, 1328, 715, P0, 0x0000000000000000
2026/09/19 21:27:50.002, 0, 79, 113.67, 100, 7965, 822, 715, P0, 0x0000000000000000
2026/09/19 21:27:50.005, 1, 77, 57.50, 37, 8507, 1328, 715, P0, 0x0000000000000000
2026/09/19 21:27:51.015, 0, 79, 94.88, 100, 7965, 987, 715, P0, 0x0000000000000000
2026/09/19 21:27:51.022, 1, 78, 175.97, 100, 8507, 1328, 715, P0, 0x0000000000000000
2026/09/19 21:27:52.031, 0, 79, 96.55, 99, 7965, 949, 715, P0, 0x0000000000000000
2026/09/19 21:27:52.034, 1, 78, 174.03, 69, 8507, 1328, 715, P0, 0x0000000000000000
2026/09/19 21:27:53.050, 0, 79, 113.43, 100, 7965, 810, 715, P0, 0x0000000000000000
2026/09/19 21:27:53.054, 1, 77, 58.95, 64, 8507, 1328, 715, P0, 0x0000000000000000
2026/09/19 21:27:54.067, 0, 79, 96.56, 100, 7965, 987, 715, P0, 0x0000000000000000
2026/09/19 21:27:54.070, 1, 79, 176.42, 100, 8507, 1328, 715, P0, 0x0000000000000000
2026/09/19 21:27:55.081, 0, 79, 95.35, 98, 7965, 949, 715, P0, 0x0000000000000000
2026/09/19 21:27:55.085, 1, 78, 174.75, 41, 8507, 1328, 715, P0, 0x0000000000000000
2026/09/19 21:27:56.096, 0, 79, 111.80, 100, 7965, 759, 715, P0, 0x0000000000000020
2026/09/19 21:27:56.107, 1, 77, 59.67, 98, 8507, 1328, 715, P0, 0x0000000000000000
2026/09/19 21:27:57.126, 0, 79, 100.33, 100, 7965, 974, 715, P0, 0x0000000000000020
2026/09/19 21:27:57.129, 1, 79, 176.64, 100, 8507, 1328, 715, P0, 0x0000000000000000
2026/09/19 21:27:58.139, 0, 79, 88.47, 99, 7965, 860, 715, P0, 0x0000000000000000
2026/09/19 21:27:58.146, 1, 78, 174.65, 88, 8507, 1328, 715, P0, 0x0000000000000000
2026/09/19 21:27:59.156, 0, 79, 119.35, 100, 7965, 847, 715, P0, 0x0000000000000020
2026/09/19 21:27:59.169, 1, 78, 59.91, 54, 8507, 1328, 715, P0, 0x0000000000000000
2026/09/19 21:28:00.187, 0, 79, 99.45, 100, 7965, 961, 715, P0, 0x0000000000000020
2026/09/19 21:28:00.189, 1, 79, 165.19, 100, 8507, 1316, 715, P0, 0x0000000000000000
2026/09/19 21:28:01.200, 0, 79, 107.96, 98, 7965, 784, 715, P0, 0x0000000000000000
2026/09/19 21:28:01.210, 1, 78, 174.75, 17, 8507, 1328, 715, P0, 0x0000000000000000
2026/09/19 21:28:02.215, 0, 79, 101.01, 100, 7965, 987, 715, P0, 0x0000000000000000
2026/09/19 21:28:02.218, 1, 79, 66.65, 100, 8507, 1328, 715, P0, 0x0000000000000000
2026/09/19 21:28:03.231, 0, 79, 90.48, 100, 7965, 860, 715, P0, 0x0000000000000000
2026/09/19 21:28:03.234, 1, 79, 194.68, 100, 8507, 1328, 715, P0, 0x0000000000000000
2026/09/19 21:28:04.247, 0, 79, 111.95, 100, 7965, 885, 715, P0, 0x0000000000000020
2026/09/19 21:28:04.250, 1, 77, 98.13, 0, 8507, 1290, 715, P0, 0x0000000000000000
2026/09/19 21:28:05.260, 0, 79, 98.83, 100, 7965, 974, 715, P0, 0x0000000000000000
2026/09/19 21:28:05.268, 1, 79, 140.79, 100, 8507, 1227, 715, P0, 0x0000000000000000
2026/09/19 21:28:06.276, 0, 79, 117.74, 100, 7965, 873, 715, P0, 0x0000000000000020
2026/09/19 21:28:06.279, 1, 79, 151.32, 100, 8507, 1265, 715, P0, 0x0000000000000000
2026/09/19 21:28:07.288, 0, 79, 100.61, 100, 7965, 987, 715, P0, 0x0000000000000020
2026/09/19 21:28:07.291, 1, 77, 54.65, 18, 8507, 1290, 715, P0, 0x0000000000000000
2026/09/19 21:28:08.304, 0, 79, 98.92, 100, 7965, 759, 715, P0, 0x0000000000000020
2026/09/19 21:28:08.311, 1, 79, 178.28, 100, 8507, 1252, 715, P0, 0x0000000000000020
2026/09/19 21:28:09.320, 0, 79, 100.97, 100, 7965, 987, 715, P0, 0x0000000000000000
2026/09/19 21:28:09.329, 1, 79, 190.99, 100, 8507, 1316, 715, P0, 0x0000000000000020
2026/09/19 21:28:10.336, 0, 79, 92.31, 100, 7965, 885, 715, P0, 0x0000000000000000
2026/09/19 21:28:10.339, 1, 78, 52.04, 18, 8507, 1227, 715, P0, 0x0000000000000000
2026/09/19 21:28:11.350, 0, 79, 106.22, 100, 7965, 1025, 715, P0, 0x0000000000000000
2026/09/19 21:28:11.353, 1, 79, 139.49, 100, 8507, 1240, 715, P0, 0x0000000000000000
2026/09/19 21:28:12.364, 0, 79, 91.42, 98, 7965, 911, 715, P0, 0x0000000000000000
2026/09/19 21:28:12.371, 1, 78, 155.67, 94, 8507, 1303, 715, P0, 0x0000000000000000
2026/09/19 21:28:13.377, 0, 79, 118.49, 100, 7965, 949, 715, P0, 0x0000000000000020
2026/09/19 21:28:13.380, 1, 79, 57.26, 96, 8507, 1265, 715, P0, 0x0000000000000000
2026/09/19 21:28:14.394, 0, 79, 98.18, 100, 7965, 961, 715, P0, 0x0000000000000000
2026/09/19 21:28:14.397, 1, 79, 186.96, 100, 8507, 1265, 715, P0, 0x0000000000000000
2026/09/19 21:28:15.403, 0, 79, 107.57, 99, 7965, 898, 715, P0, 0x0000000000000000
2026/09/19 21:28:15.412, 1, 77, 158.36, 0, 8507, 1290, 715, P0, 0x0000000000000000
2026/09/19 21:28:16.418, 0, 79, 99.80, 100, 7965, 974, 715, P0, 0x0000000000000020
2026/09/19 21:28:16.421, 1, 79, 137.29, 100, 8507, 1227, 715, P0, 0x0000000000000000
2026/09/19 21:28:17.431, 0, 79, 120.07, 100, 7965, 873, 715, P0, 0x0000000000000020
2026/09/19 21:28:17.434, 1, 79, 144.96, 100, 8507, 1252, 715, P0, 0x0000000000000000
2026/09/19 21:28:18.443, 0, 79, 100.39, 100, 7965, 999, 715, P0, 0x0000000000000000
2026/09/19 21:28:18.452, 1, 78, 52.75, 18, 8507, 1252, 715, P0, 0x0000000000000000
2026/09/19 21:28:19.458, 0, 79, 117.42, 100, 7965, 847, 715, P0, 0x0000000000000020
2026/09/19 21:28:19.461, 1, 80, 152.40, 100, 8507, 1278, 715, P0, 0x0000000000000000
2026/09/19 21:28:20.475, 0, 79, 97.78, 100, 7965, 961, 715, P0, 0x0000000000000000
2026/09/19 21:28:20.478, 1, 79, 155.88, 77, 8507, 1303, 715, P0, 0x0000000000000000
2026/09/19 21:28:21.493, 0, 79, 120.49, 100, 7965, 847, 715, P0, 0x0000000000000020
2026/09/19 21:28:21.497, 1, 79, 50.54, 100, 8507, 1189, 715, P0, 0x0000000000000000
2026/09/19 21:28:22.506, 0, 79, 99.39, 100, 7965, 974, 715, P0, 0x0000000000000020
2026/09/19 21:28:22.516, 1, 79, 162.90, 100, 8507, 1139, 715, P0, 0x0000000000000020
2026/09/19 21:28:23.534, 0, 79, 116.78, 100, 7965, 835, 715, P0, 0x0000000000000020
2026/09/19 21:28:23.537, 1, 78, 169.03, 0, 8507, 1290, 715, P0, 0x0000000000000020
2026/09/19 21:28:24.551, 0, 79, 98.53, 100, 7965, 987, 715, P0, 0x0000000000000000
2026/09/19 21:28:24.557, 1, 80, 142.85, 100, 8507, 1278, 715, P0, 0x0000000000000020
2026/09/19 21:28:25.564, 0, 79, 121.13, 100, 7965, 936, 715, P0, 0x0000000000000020
2026/09/19 21:28:25.576, 1, 79, 139.63, 100, 8507, 1252, 715, P0, 0x0000000000000000
2026/09/19 21:28:26.594, 0, 79, 100.61, 100, 7965, 987, 715, P0, 0x0000000000000020
2026/09/19 21:28:26.597, 1, 78, 54.89, 19, 8507, 1278, 715, P0, 0x0000000000000000
2026/09/19 21:28:27.609, 0, 79, 123.08, 100, 7965, 911, 715, P0, 0x0000000000000020
2026/09/19 21:28:27.617, 1, 80, 161.96, 100, 8507, 1316, 715, P0, 0x0000000000000020
2026/09/19 21:28:28.622, 0, 79, 95.53, 100, 7965, 936, 715, P0, 0x0000000000000000
2026/09/19 21:28:28.626, 1, 79, 133.24, 86, 8507, 1202, 715, P0, 0x0000000000000000
2026/09/19 21:28:29.637, 0, 79, 125.45, 100, 7965, 1025, 715, P0, 0x0000000000000020
2026/09/19 21:28:29.640, 1, 79, 135.73, 100, 8507, 1202, 715, P0, 0x0000000000000000
2026/09/19 21:28:30.655, 0, 79, 91.71, 100, 7965, 898, 715, P0, 0x0000000000000000
2026/09/19 21:28:30.658, 1, 79, 126.23, 100, 8507, 1240, 715, P0, 0x0000000000000000
2026/09/19 21:28:31.668, 0, 79, 90.61, 100, 7965, 1025, 715, P0, 0x0000000000000000
2026/09/19 21:28:31.676, 1, 78, 56.83, 0, 8507, 1316, 715, P0, 0x0000000000000000
2026/09/19 21:28:32.692, 0, 79, 91.47, 100, 7965, 873, 715, P0, 0x0000000000000000
2026/09/19 21:28:32.697, 1, 79, 136.22, 100, 8507, 1101, 715, P0, 0x0000000000000020
2026/09/19 21:28:33.705, 0, 79, 101.83, 100, 7965, 999, 715, P0, 0x0000000000000020
2026/09/19 21:28:33.715, 1, 79, 143.29, 100, 8507, 1139, 715, P0, 0x0000000000000020
2026/09/19 21:28:34.733, 0, 79, 100.64, 100, 7965, 784, 715, P0, 0x0000000000000020
2026/09/19 21:28:34.739, 1, 79, 51.56, 100, 8507, 1189, 715, P0, 0x0000000000000000
2026/09/19 21:28:35.749, 0, 79, 100.21, 100, 7965, 987, 715, P0, 0x0000000000000000
2026/09/19 21:28:35.758, 1, 79, 152.85, 100, 8507, 1164, 715, P0, 0x0000000000000000
2026/09/19 21:28:36.769, 0, 79, 112.37, 100, 7965, 746, 715, P0, 0x0000000000000020
2026/09/19 21:28:36.780, 1, 79, 168.38, 28, 8507, 1215, 715, P0, 0x0000000000000020
2026/09/19 21:28:37.795, 0, 79, 99.12, 100, 7965, 974, 715, P0, 0x0000000000000020
2026/09/19 21:28:37.799, 1, 80, 121.20, 100, 8507, 1139, 715, P0, 0x0000000000000020
2026/09/19 21:28:38.807, 0, 79, 93.16, 100, 7965, 1025, 715, P0, 0x0000000000000000
2026/09/19 21:28:38.817, 1, 79, 131.09, 100, 8507, 1151, 715, P0, 0x0000000000000020
2026/09/19 21:28:39.837, 0, 79, 96.33, 100, 7965, 949, 715, P0, 0x0000000000000000
2026/09/19 21:28:39.840, 1, 78, 55.65, 80, 8507, 1303, 715, P0, 0x0000000000000000
2026/09/19 21:28:40.855, 0, 79, 101.05, 100, 7965, 987, 715, P0, 0x0000000000000020
2026/09/19 21:28:40.858, 1, 79, 117.64, 100, 8507, 1101, 715, P0, 0x0000000000000000
2026/09/19 21:28:41.868, 0, 79, 117.80, 99, 7965, 797, 715, P0, 0x0000000000000020
2026/09/19 21:28:41.882, 1, 78, 133.60, 0, 8507, 1164, 715, P0, 0x0000000000000020
2026/09/19 21:28:42.896, 0, 79, 100.07, 100, 7965, 974, 715, P0, 0x0000000000000020
2026/09/19 21:28:42.899, 1, 79, 129.01, 100, 8507, 1189, 715, P0, 0x0000000000000000
2026/09/19 21:28:43.907, 0, 79, 123.80, 100, 7965, 999, 715, P0, 0x0000000000000020
2026/09/19 21:28:43.920, 1, 79, 120.36, 100, 8507, 1113, 715, P0, 0x0000000000000020
2026/09/19 21:28:44.933, 0, 79, 92.98, 100, 7965, 936, 715, P0, 0x0000000000000000
2026/09/19 21:28:44.940, 1, 78, 49.89, 100, 8507, 1189, 715, P0, 0x0000000000000000
2026/09/19 21:28:45.949, 0, 79, 101.04, 100, 7965, 974, 715, P0, 0x0000000000000020
2026/09/19 21:28:45.960, 1, 79, 123.77, 100, 8507, 1164, 715, P0, 0x0000000000000000
2026/09/19 21:28:46.966, 0, 79, 112.10, 100, 7965, 822, 715, P0, 0x0000000000000000
2026/09/19 21:28:46.970, 1, 79, 138.95, 43, 8507, 1189, 715, P0, 0x0000000000000000
2026/09/19 21:28:47.985, 0, 79, 99.33, 100, 7965, 974, 715, P0, 0x0000000000000020
2026/09/19 21:28:47.988, 1, 79, 131.65, 100, 8507, 1189, 715, P0, 0x0000000000000000
2026/09/19 21:28:49.002, 0, 79, 99.27, 100, 7965, 987, 715, P0, 0x0000000000000020
2026/09/19 21:28:49.005, 1, 79, 142.74, 100, 8507, 1227, 715, P0, 0x0000000000000000
2026/09/19 21:28:50.017, 0, 79, 91.11, 100, 7965, 810, 715, P0, 0x0000000000000000
2026/09/19 21:28:50.023, 1, 79, 52.07, 93, 8507, 1215, 715, P0, 0x0000000000000000
2026/09/19 21:28:51.041, 0, 79, 99.74, 100, 7965, 974, 715, P0, 0x0000000000000020
2026/09/19 21:28:51.045, 1, 79, 143.39, 100, 8507, 1113, 715, P0, 0x0000000000000020
2026/09/19 21:28:52.058, 0, 79, 110.94, 100, 7965, 847, 715, P0, 0x0000000000000020
2026/09/19 21:28:52.063, 1, 78, 96.71, 0, 8507, 1189, 715, P0, 0x0000000000000000
2026/09/19 21:28:53.074, 0, 79, 90.44, 100, 7965, 898, 715, P0, 0x0000000000000000
2026/09/19 21:28:53.084, 1, 80, 147.88, 100, 8507, 1139, 715, P0, 0x0000000000000020
2026/09/19 21:28:54.102, 0, 79, 100.69, 100, 7965, 974, 715, P0, 0x0000000000000020
2026/09/19 21:28:54.106, 1, 79, 155.78, 100, 8507, 1202, 715, P0, 0x0000000000000020
2026/09/19 21:28:55.117, 0, 79, 127.54, 100, 7965, 860, 715, P0, 0x0000000000000020
2026/09/19 21:28:55.123, 1, 79, 120.88, 100, 8507, 1126, 715, P0, 0x0000000000000000
2026/09/19 21:28:56.133, 0, 79, 92.26, 100, 7965, 898, 715, P0, 0x0000000000000000
2026/09/19 21:28:56.144, 1, 79, 120.97, 100, 8507, 1139, 715, P0, 0x0000000000000020
2026/09/19 21:28:57.163, 0, 79, 102.06, 100, 7965, 999, 715, P0, 0x0000000000000000
2026/09/19 21:28:57.166, 1, 78, 56.09, 55, 8507, 1303, 715, P0, 0x0000000000000000
2026/09/19 21:28:58.177, 0, 79, 121.95, 100, 7965, 847, 715, P0, 0x0000000000000020
2026/09/19 21:28:58.184, 1, 79, 130.96, 100, 8507, 1189, 715, P0, 0x0000000000000020
2026/09/19 21:28:59.192, 0, 79, 89.40, 99, 7965, 860, 715, P0, 0x0000000000000000
2026/09/19 21:28:59.204, 1, 78, 112.98, 89, 8507, 1113, 715, P0, 0x0000000000000020
2026/09/19 21:29:00.224, 0, 79, 100.65, 100, 7965, 987, 715, P0, 0x0000000000000020
2026/09/19 21:29:00.228, 1, 79, 105.61, 100, 8507, 1025, 715, P0, 0x0000000000000000
2026/09/19 21:29:01.242, 0, 79, 124.06, 100, 7965, 923, 715, P0, 0x0000000000000020
2026/09/19 21:29:01.248, 1, 79, 115.45, 100, 8507, 1139, 715, P0, 0x0000000000000000
2026/09/19 21:29:02.272, 0, 79, 92.31, 100, 7965, 911, 715, P0, 0x0000000000000000
2026/09/19 21:29:02.285, 1, 79, 50.11, 100, 8507, 1189, 715, P0, 0x0000000000000000
2026/09/19 21:29:03.300, 0, 79, 100.01, 100, 7965, 974, 715, P0, 0x0000000000000020
2026/09/19 21:29:03.303, 1, 79, 141.34, 100, 8507, 1139, 715, P0, 0x0000000000000000
2026/09/19 21:29:04.317, 0, 79, 122.01, 100, 7965, 1025, 715, P0, 0x0000000000000020
2026/09/19 21:29:04.323, 1, 78, 55.55, 0, 8507, 1303, 715, P0, 0x0000000000000000
2026/09/19 21:29:05.335, 0, 79, 108.84, 100, 7965, 772, 715, P0, 0x0000000000000020
2026/09/19 21:29:05.346, 1, 79, 129.41, 100, 8507, 1177, 715, P0, 0x0000000000000020
2026/09/19 21:29:06.351, 0, 79, 96.94, 98, 7965, 949, 715, P0, 0x0000000000000000
2026/09/19 21:29:06.355, 1, 79, 131.41, 37, 8507, 1189, 715, P0, 0x0000000000000000
2026/09/19 21:29:07.359, 0, 79, 100.31, 100, 7965, 974, 715, P0, 0x0000000000000020
2026/09/19 21:29:07.364, 1, 79, 129.49, 100, 8507, 1189, 715, P0, 0x0000000000000020
2026/09/19 21:29:08.372, 0, 79, 124.29, 100, 7965, 1063, 715, P0, 0x0000000000000000
2026/09/19 21:29:08.376, 1, 79, 119.68, 100, 8507, 1113, 715, P0, 0x0000000000000000
2026/09/19 21:29:09.385, 0, 79, 94.61, 100, 7965, 847, 715, P0, 0x0000000000000000
2026/09/19 21:29:09.392, 1, 79, 53.25, 80, 8507, 1227, 715, P0, 0x0000000000000000
2026/09/19 21:29:10.405, 0, 79, 98.52, 100, 7965, 961, 715, P0, 0x0000000000000000
2026/09/19 21:29:10.408, 1, 79, 156.11, 100, 8507, 1126, 715, P0, 0x0000000000000020
2026/09/19 21:29:11.432, 0, 79, 101.10, 100, 7965, 974, 715, P0, 0x0000000000000020
2026/09/19 21:29:11.436, 1, 78, 56.34, 0, 8507, 1316, 715, P0, 0x0000000000000000
2026/09/19 21:29:12.448, 0, 79, 116.03, 100, 7965, 860, 715, P0, 0x0000000000000020
2026/09/19 21:29:12.451, 1, 79, 129.14, 100, 8507, 1177, 715, P0, 0x0000000000000020
2026/09/19 21:29:13.462, 0, 79, 89.61, 98, 7965, 797, 715, P0, 0x0000000000000000
2026/09/19 21:29:13.470, 1, 79, 129.29, 53, 8507, 1189, 715, P0, 0x0000000000000000
2026/09/19 21:29:14.486, 0, 79, 100.31, 100, 7965, 974, 715, P0, 0x0000000000000020
2026/09/19 21:29:14.490, 1, 80, 127.81, 100, 8507, 1189, 715, P0, 0x0000000000000000
2026/09/19 21:29:15.505, 0, 79, 100.94, 100, 7965, 974, 715, P0, 0x0000000000000020
2026/09/19 21:29:15.508, 1, 79, 147.61, 100, 8507, 1126, 715, P0, 0x0000000000000020
2026/09/19 21:29:16.519, 0, 79, 112.47, 100, 7965, 797, 715, P0, 0x0000000000000020
2026/09/19 21:29:16.532, 1, 79, 93.45, 100, 8507, 1101, 715, P0, 0x0000000000000020
2026/09/19 21:29:17.549, 0, 79, 91.06, 100, 7965, 873, 715, P0, 0x0000000000000000
2026/09/19 21:29:17.552, 1, 79, 124.57, 100, 8507, 1151, 715, P0, 0x0000000000000020
2026/09/19 21:29:18.564, 0, 79, 100.39, 100, 7965, 974, 715, P0, 0x0000000000000020
2026/09/19 21:29:18.567, 1, 78, 52.24, 84, 8507, 1227, 715, P0, 0x0000000000000000
2026/09/19 21:29:19.576, 0, 79, 99.59, 100, 7965, 961, 715, P0, 0x0000000000000020
2026/09/19 21:29:19.580, 1, 79, 125.44, 100, 8507, 1177, 715, P0, 0x0000000000000000
2026/09/19 21:29:20.591, 0, 79, 122.49, 100, 7965, 923, 715, P0, 0x0000000000000020
2026/09/19 21:29:20.594, 1, 78, 55.80, 0, 8507, 1303, 715, P0, 0x0000000000000000
2026/09/19 21:29:21.606, 0, 79, 109.62, 100, 7965, 759, 715, P0, 0x0000000000000020
2026/09/19 21:29:21.610, 1, 79, 127.11, 100, 8507, 1151, 715, P0, 0x0000000000000020
2026/09/19 21:29:22.619, 0, 79, 91.46, 100, 7965, 898, 715, P0, 0x0000000000000000
2026/09/19 21:29:22.631, 1, 79, 133.01, 98, 8507, 1202, 715, P0, 0x0000000000000000
2026/09/19 21:29:23.648, 0, 79, 100.89, 100, 7965, 987, 715, P0, 0x0000000000000020
2026/09/19 21:29:23.651, 1, 79, 107.92, 100, 8507, 1088, 715, P0, 0x0000000000000000
2026/09/19 21:29:24.657, 0, 79, 101.42, 100, 7965, 987, 715, P0, 0x0000000000000000
2026/09/19 21:29:24.661, 1, 79, 140.79, 100, 8507, 1101, 715, P0, 0x0000000000000020
2026/09/19 21:29:25.677, 0, 79, 116.27, 100, 7965, 822, 715, P0, 0x0000000000000020
2026/09/19 21:29:25.680, 1, 79, 119.98, 100, 8507, 1164, 715, P0, 0x0000000000000020
2026/09/19 21:29:26.692, 0, 79, 97.24, 100, 7965, 759, 715, P0, 0x0000000000000020
2026/09/19 21:29:26.695, 1, 79, 137.32, 100, 8507, 1215, 715, P0, 0x0000000000000000
2026/09/19 21:29:27.706, 0, 79, 100.37, 100, 7965, 987, 715, P0, 0x0000000000000000
2026/09/19 21:29:27.712, 1, 78, 55.61, 69, 8507, 1303, 715, P0, 0x0000000000000000
2026/09/19 21:29:28.720, 0, 79, 100.31, 100, 7965, 987, 715, P0, 0x0000000000000000
2026/09/19 21:29:28.723, 1, 79, 138.96, 100, 8507, 1126, 715, P0, 0x0000000000000000
2026/09/19 21:29:29.748, 0, 79, 118.00, 100, 7965, 1025, 715, P0, 0x0000000000000020
2026/09/19 21:29:29.751, 1, 78, 55.07, 0, 8507, 1290, 715, P0, 0x0000000000000000
2026/09/19 21:29:30.764, 0, 79, 111.72, 100, 7965, 772, 715, P0, 0x0000000000000020
2026/09/19 21:29:30.776, 1, 79, 125.42, 100, 8507, 1151, 715, P0, 0x0000000000000020
2026/09/19 21:29:31.781, 0, 79, 95.57, 100, 7965, 810, 715, P0, 0x0000000000000000
2026/09/19 21:29:31.795, 1, 79, 128.09, 0, 8507, 1189, 715, P0, 0x0000000000000000
2026/09/19 21:29:32.810, 0, 79, 98.45, 100, 7965, 974, 715, P0, 0x0000000000000000
2026/09/19 21:29:32.815, 1, 79, 129.72, 100, 8507, 1037, 715, P0, 0x0000000000000020
2026/09/19 21:29:33.827, 0, 79, 100.28, 100, 7965, 974, 715, P0, 0x0000000000000020
2026/09/19 21:29:33.832, 1, 79, 126.39, 100, 8507, 1177, 715, P0, 0x0000000000000020
2026/09/19 21:29:34.854, 0, 79, 101.03, 100, 7965, 987, 715, P0, 0x0000000000000000
2026/09/19 21:29:34.857, 1, 79, 130.20, 100, 8507, 1189, 715, P0, 0x0000000000000000
2026/09/19 21:29:35.869, 0, 79, 122.83, 100, 7965, 1037, 715, P0, 0x0000000000000000
2026/09/19 21:29:35.876, 1, 79, 129.29, 100, 8507, 1189, 715, P0, 0x0000000000000000
2026/09/19 21:29:36.884, 0, 79, 110.77, 100, 7965, 772, 715, P0, 0x0000000000000000
2026/09/19 21:29:36.897, 1, 79, 100.85, 100, 8507, 1101, 715, P0, 0x0000000000000020
2026/09/19 21:29:37.914, 0, 79, 91.77, 100, 7965, 885, 715, P0, 0x0000000000000000
2026/09/19 21:29:37.918, 1, 79, 126.01, 100, 8507, 1151, 715, P0, 0x0000000000000020
2026/09/19 21:29:38.929, 0, 79, 100.14, 100, 7965, 987, 715, P0, 0x0000000000000020
2026/09/19 21:29:38.935, 1, 78, 51.31, 81, 8507, 1227, 715, P0, 0x0000000000000000
2026/09/19 21:29:39.944, 0, 79, 100.47, 100, 7965, 987, 715, P0, 0x0000000000000000
2026/09/19 21:29:39.956, 1, 79, 143.26, 100, 8507, 1113, 715, P0, 0x0000000000000020
2026/09/19 21:29:40.961, 0, 79, 101.34, 100, 7965, 987, 715, P0, 0x0000000000000020
2026/09/19 21:29:40.964, 1, 78, 54.68, 0, 8507, 1290, 715, P0, 0x0000000000000000
2026/09/19 21:29:41.976, 0, 79, 117.39, 100, 7965, 1025, 715, P0, 0x0000000000000000
2026/09/19 21:29:41.979, 1, 79, 124.90, 100, 8507, 1164, 715, P0, 0x0000000000000020
2026/09/19 21:29:42.996, 0, 79, 113.56, 100, 7965, 797, 715, P0, 0x0000000000000020
2026/09/19 21:29:42.998, 1, 78, 140.15, 0, 8507, 1139, 715, P0, 0x0000000000000020
2026/09/19 21:29:44.008, 0, 79, 94.38, 100, 7965, 810, 715, P0, 0x0000000000000000
2026/09/19 21:29:44.018, 1, 79, 133.25, 100, 8507, 1151, 715, P0, 0x0000000000000000
2026/09/19 21:29:45.036, 0, 79, 92.92, 100, 7965, 923, 715, P0, 0x0000000000000000
2026/09/19 21:29:45.039, 1, 79, 124.97, 100, 8507, 1151, 715, P0, 0x0000000000000020
2026/09/19 21:29:46.052, 0, 79, 100.55, 100, 7965, 974, 715, P0, 0x0000000000000020
2026/09/19 21:29:46.057, 1, 79, 127.40, 100, 8507, 1050, 715, P0, 0x0000000000000020
2026/09/19 21:29:47.066, 0, 79, 100.75, 100, 7965, 987, 715, P0, 0x0000000000000000
2026/09/19 21:29:47.078, 1, 79, 150.44, 100, 8507, 1189, 715, P0, 0x0000000000000000
2026/09/19 21:29:48.083, 0, 79, 100.39, 100, 7965, 974, 715, P0, 0x0000000000000020
2026/09/19 21:29:48.086, 1, 79, 116.74, 100, 8507, 1126, 715, P0, 0x0000000000000020
2026/09/19 21:29:49.099, 0, 79, 88.61, 100, 7965, 999, 715, P0, 0x0000000000000000
2026/09/19 21:29:49.103, 1, 79, 122.54, 100, 8507, 1113, 715, P0, 0x0000000000000000
2026/09/19 21:29:50.131, 0, 79, 105.65, 100, 7965, 772, 715, P0, 0x0000000000000020
2026/09/19 21:29:50.140, 1, 79, 121.05, 100, 8507, 1177, 715, P0, 0x0000000000000000
2026/09/19 21:29:51.147, 0, 79, 107.89, 100, 7965, 759, 715, P0, 0x0000000000000020
2026/09/19 21:29:51.160, 1, 79, 129.87, 100, 8507, 1189, 715, P0, 0x0000000000000020
2026/09/19 21:29:52.176, 0, 79, 94.91, 100, 7965, 949, 715, P0, 0x0000000000000000
2026/09/19 21:29:52.181, 1, 79, 49.86, 100, 8507, 1189, 715, P0, 0x0000000000000000
2026/09/19 21:29:53.196, 0, 79, 98.16, 100, 7965, 974, 715, P0, 0x0000000000000000
2026/09/19 21:29:53.200, 1, 79, 117.44, 100, 8507, 1177, 715, P0, 0x0000000000000020
2026/09/19 21:29:54.211, 0, 79, 100.86, 100, 7965, 987, 715, P0, 0x0000000000000020
2026/09/19 21:29:54.219, 1, 78, 55.13, 0, 8507, 1278, 715, P0, 0x0000000000000000
2026/09/19 21:29:55.224, 0, 79, 101.45, 100, 7965, 987, 715, P0, 0x0000000000000000
2026/09/19 21:29:55.227, 1, 79, 137.36, 100, 8507, 1050, 715, P0, 0x0000000000000020
2026/09/19 21:29:56.242, 0, 79, 102.79, 100, 7965, 999, 715, P0, 0x0000000000000020
2026/09/19 21:29:56.245, 1, 78, 56.10, 0, 8507, 1303, 715, P0, 0x0000000000000000
2026/09/19 21:29:57.258, 0, 79, 89.88, 100, 7965, 1012, 715, P0, 0x0000000000000000
2026/09/19 21:29:57.261, 1, 79, 113.24, 100, 8507, 1113, 715, P0, 0x0000000000000000
2026/09/19 21:29:58.276, 0, 79, 113.18, 100, 7965, 911, 715, P0, 0x0000000000000000
2026/09/19 21:29:58.282, 1, 78, 142.25, 0, 8507, 1189, 715, P0, 0x0000000000000000
2026/09/19 21:29:59.304, 0, 79, 107.17, 100, 7965, 784, 715, P0, 0x0000000000000020
2026/09/19 21:29:59.306, 1, 79, 126.59, 100, 8507, 1164, 715, P0, 0x0000000000000020
2026/09/19 21:30:00.323, 0, 79, 93.46, 99, 7965, 822, 715, P0, 0x0000000000000000
2026/09/19 21:30:00.326, 1, 79, 125.53, 34, 8507, 1177, 715, P0, 0x0000000000000000
2026/09/19 21:30:01.340, 0, 79, 97.08, 100, 7965, 961, 715, P0, 0x0000000000000000
2026/09/19 21:30:01.343, 1, 79, 152.76, 100, 8507, 1164, 715, P0, 0x0000000000000020
2026/09/19 21:30:02.354, 0, 79, 98.15, 98, 7965, 974, 715, P0, 0x0000000000000000
2026/09/19 21:30:02.361, 1, 79, 121.44, 83, 8507, 1139, 715, P0, 0x0000000000000020
2026/09/19 21:30:03.371, 0, 79, 101.04, 100, 7965, 987, 715, P0, 0x0000000000000020
2026/09/19 21:30:03.380, 1, 79, 124.83, 100, 8507, 1063, 715, P0, 0x0000000000000020
2026/09/19 21:30:04.397, 0, 79, 101.45, 100, 7965, 987, 715, P0, 0x0000000000000020
2026/09/19 21:30:04.400, 1, 79, 137.64, 100, 8507, 1189, 715, P0, 0x0000000000000000
2026/09/19 21:30:05.418, 0, 79, 101.97, 100, 7965, 987, 715, P0, 0x0000000000000020
2026/09/19 21:30:05.423, 1, 79, 128.77, 100, 8507, 1164, 715, P0, 0x0000000000000020
2026/09/19 21:30:06.432, 0, 79, 93.85, 100, 7965, 999, 715, P0, 0x0000000000000020
2026/09/19 21:30:06.443, 1, 79, 140.28, 100, 8507, 1126, 715, P0, 0x0000000000000020
2026/09/19 21:30:07.448, 0, 79, 122.37, 100, 7965, 936, 715, P0, 0x0000000000000020
2026/09/19 21:30:07.451, 1, 79, 120.59, 100, 8507, 1126, 715, P0, 0x0000000000000020
2026/09/19 21:30:08.459, 0, 79, 119.10, 100, 7965, 835, 715, P0, 0x0000000000000020
2026/09/19 21:30:08.464, 1, 79, 117.09, 100, 8507, 1139, 715, P0, 0x0000000000000000
2026/09/19 21:30:09.470, 0, 79, 109.82, 100, 7965, 797, 715, P0, 0x0000000000000020
2026/09/19 21:30:09.485, 1, 80, 111.51, 100, 8507, 1151, 715, P0, 0x0000000000000020
2026/09/19 21:30:10.498, 0, 79, 91.00, 100, 7965, 797, 715, P0, 0x0000000000000000
2026/09/19 21:30:10.504, 1, 79, 135.91, 100, 8507, 1202, 715, P0, 0x0000000000000020
2026/09/19 21:30:11.512, 0, 79, 94.43, 100, 7965, 949, 715, P0, 0x0000000000000000
2026/09/19 21:30:11.523, 1, 79, 50.59, 100, 8507, 1189, 715, P0, 0x0000000000000000
2026/09/19 21:30:12.540, 0, 79, 97.97, 100, 7965, 961, 715, P0, 0x0000000000000000
2026/09/19 21:30:12.544, 1, 79, 122.64, 100, 8507, 1139, 715, P0, 0x0000000000000020
2026/09/19 21:30:13.554, 0, 79, 100.39, 100, 7965, 987, 715, P0, 0x0000000000000020
2026/09/19 21:30:13.563, 1, 79, 50.34, 96, 8507, 1189, 715, P0, 0x0000000000000000
2026/09/19 21:30:14.568, 0, 79, 99.74, 100, 7965, 974, 715, P0, 0x0000000000000020
2026/09/19 21:30:14.570, 1, 80, 144.98, 100, 8507, 1164, 715, P0, 0x0000000000000020
2026/09/19 21:30:15.583, 0, 79, 101.60, 100, 7965, 987, 715, P0, 0x0000000000000020
2026/09/19 21:30:15.586, 1, 78, 49.37, 100, 8507, 1189, 715, P0, 0x0000000000000000
2026/09/19 21:30:16.598, 0, 79, 100.66, 100, 7965, 987, 715, P0, 0x0000000000000020
2026/09/19 21:30:16.603, 1, 79, 98.45, 100, 8507, 1101, 715, P0, 0x0000000000000000
2026/09/19 21:30:17.613, 0, 79, 102.07, 100, 7965, 987, 715, P0, 0x0000000000000020
2026/09/19 21:30:17.625, 1, 78, 50.10, 19, 8507, 1189, 715, P0, 0x0000000000000000
2026/09/19 21:30:18.630, 0, 79, 101.69, 100, 7965, 987, 715, P0, 0x0000000000000020
2026/09/19 21:30:18.633, 1, 79, 134.04, 100, 8507, 1025, 715, P0, 0x0000000000000020
2026/09/19 21:30:19.646, 0, 79, 102.54, 100, 7965, 999, 715, P0, 0x0000000000000020
2026/09/19 21:30:19.650, 1, 78, 52.97, 0, 8507, 1252, 715, P0, 0x0000000000000000
2026/09/19 21:30:20.664, 0, 79, 101.30, 100, 7965, 999, 715, P0, 0x0000000000000000
2026/09/19 21:30:20.667, 1, 79, 114.82, 100, 8507, 1063, 715, P0, 0x0000000000000020
2026/09/19 21:30:21.678, 0, 79, 93.44, 100, 7965, 1012, 715, P0, 0x0000000000000000
2026/09/19 21:30:21.686, 1, 78, 56.14, 0, 8507, 1303, 715, P0, 0x0000000000000000
2026/09/19 21:30:22.705, 0, 79, 89.08, 100, 7965, 1012, 715, P0, 0x0000000000000000
2026/09/19 21:30:22.708, 1, 79, 126.67, 100, 8507, 1177, 715, P0, 0x0000000000000000
2026/09/19 21:30:23.715, 0, 78, 126.42, 100, 7965, 911, 715, P0, 0x0000000000000020
2026/09/19 21:30:23.727, 1, 78, 50.04, 0, 8507, 1189, 715, P0, 0x0000000000000000
2026/09/19 21:30:24.733, 0, 79, 121.23, 100, 7965, 1050, 715, P0, 0x0000000000000000
2026/09/19 21:30:24.736, 1, 79, 130.24, 100, 8507, 1189, 715, P0, 0x0000000000000020
2026/09/19 21:30:25.752, 0, 79, 111.48, 100, 7965, 835, 715, P0, 0x0000000000000020
2026/09/19 21:30:25.755, 1, 78, 98.16, 0, 8507, 1189, 715, P0, 0x0000000000000000
2026/09/19 21:30:26.768, 0, 79, 118.48, 100, 7965, 873, 715, P0, 0x0000000000000020
2026/09/19 21:30:26.771, 1, 79, 106.40, 100, 8507, 1063, 715, P0, 0x0000000000000020
2026/09/19 21:30:27.783, 0, 79, 111.14, 100, 7965, 885, 715, P0, 0x0000000000000000
2026/09/19 21:30:27.789, 1, 78, 152.28, 0, 8507, 1240, 715, P0, 0x0000000000000000
2026/09/19 21:30:28.800, 0, 79, 115.17, 100, 7965, 810, 715, P0, 0x0000000000000020
2026/09/19 21:30:28.809, 1, 79, 113.99, 100, 8507, 1113, 715, P0, 0x0000000000000020
2026/09/19 21:30:29.814, 0, 79, 119.68, 100, 7965, 860, 715, P0, 0x0000000000000020
2026/09/19 21:30:29.817, 1, 79, 168.49, 0, 8507, 1139, 715, P0, 0x0000000000000020
2026/09/19 21:30:30.839, 0, 79, 117.89, 100, 7965, 797, 715, P0, 0x0000000000000020
2026/09/19 21:30:30.850, 1, 79, 126.77, 100, 8507, 1164, 715, P0, 0x0000000000000020
2026/09/19 21:30:31.864, 0, 79, 112.46, 99, 7965, 810, 715, P0, 0x0000000000000000
2026/09/19 21:30:31.870, 1, 78, 70.26, 22, 8507, 405, 715, P0, 0x0000000000000020
2026/09/19 21:30:32.879, 0, 79, 111.24, 100, 7965, 810, 715, P0, 0x0000000000000020
2026/09/19 21:30:32.891, 1, 78, 81.25, 100, 8507, 746, 715, P0, 0x0000000000000000
2026/09/19 21:30:33.908, 0, 79, 112.54, 99, 7965, 772, 715, P0, 0x0000000000000020
2026/09/19 21:30:33.911, 1, 78, 110.25, 100, 8507, 1088, 715, P0, 0x0000000000000000
2026/09/19 21:30:34.920, 0, 79, 109.20, 100, 7965, 784, 715, P0, 0x0000000000000000
2026/09/19 21:30:34.932, 1, 79, 109.14, 100, 8507, 1088, 715, P0, 0x0000000000000000
2026/09/19 21:30:35.951, 0, 79, 110.54, 100, 7965, 759, 715, P0, 0x0000000000000020
2026/09/19 21:30:35.954, 1, 79, 121.60, 100, 8507, 1101, 715, P0, 0x0000000000000020
2026/09/19 21:30:36.969, 0, 79, 108.61, 100, 7965, 772, 715, P0, 0x0000000000000020
2026/09/19 21:30:36.972, 1, 79, 131.57, 100, 8507, 1050, 715, P0, 0x0000000000000020
2026/09/19 21:30:37.983, 0, 79, 111.60, 100, 7965, 734, 715, P0, 0x0000000000000020
2026/09/19 21:30:37.992, 1, 79, 103.61, 50, 8507, 1012, 715, P0, 0x0000000000000000
2026/09/19 21:30:38.998, 0, 79, 109.17, 100, 7965, 784, 715, P0, 0x0000000000000000
2026/09/19 21:30:39.013, 1, 79, 115.30, 100, 8507, 1126, 715, P0, 0x0000000000000000
2026/09/19 21:30:40.027, 0, 79, 117.06, 98, 7965, 810, 715, P0, 0x0000000000000000
2026/09/19 21:30:40.033, 1, 79, 108.42, 50, 8507, 1063, 715, P0, 0x0000000000000000
2026/09/19 21:30:41.047, 0, 79, 108.44, 100, 7965, 797, 715, P0, 0x0000000000000000
2026/09/19 21:30:41.053, 1, 79, 125.68, 100, 8507, 1164, 715, P0, 0x0000000000000020
2026/09/19 21:30:42.062, 0, 79, 122.14, 99, 7965, 835, 715, P0, 0x0000000000000020
2026/09/19 21:30:42.074, 1, 79, 125.43, 28, 8507, 1139, 715, P0, 0x0000000000000020
2026/09/19 21:30:43.092, 0, 79, 108.07, 100, 7965, 759, 715, P0, 0x0000000000000020
2026/09/19 21:30:43.096, 1, 79, 107.68, 100, 8507, 1063, 715, P0, 0x0000000000000020
2026/09/19 21:30:44.108, 0, 79, 116.70, 100, 7965, 873, 715, P0, 0x0000000000000020
2026/09/19 21:30:44.113, 1, 78, 130.58, 0, 8507, 961, 715, P0, 0x0000000000000020
2026/09/19 21:30:45.121, 0, 79, 105.64, 100, 7965, 873, 715, P0, 0x0000000000000020
2026/09/19 21:30:45.134, 1, 79, 116.02, 100, 8507, 1139, 715, P0, 0x0000000000000000
2026/09/19 21:30:46.151, 0, 79, 94.61, 99, 7965, 911, 715, P0, 0x0000000000000000
2026/09/19 21:30:46.154, 1, 79, 123.36, 28, 8507, 1164, 715, P0, 0x0000000000000000
2026/09/19 21:30:47.161, 0, 79, 100.54, 100, 7965, 1012, 715, P0, 0x0000000000000000
2026/09/19 21:30:47.173, 1, 80, 128.53, 100, 8507, 1151, 715, P0, 0x0000000000000020
2026/09/19 21:30:48.192, 0, 79, 102.08, 98, 7965, 1012, 715, P0, 0x0000000000000000
2026/09/19 21:30:48.195, 1, 79, 110.57, 50, 8507, 1088, 715, P0, 0x0000000000000020
2026/09/19 21:30:49.203, 0, 79, 103.46, 100, 7965, 1025, 715, P0, 0x0000000000000020
2026/09/19 21:30:49.211, 1, 79, 111.28, 100, 8507, 1075, 715, P0, 0x0000000000000020
2026/09/19 21:30:50.217, 0, 79, 104.89, 98, 7965, 1037, 715, P0, 0x0000000000000020
2026/09/19 21:30:50.220, 1, 79, 111.69, 69, 8507, 1101, 715, P0, 0x0000000000000000
2026/09/19 21:30:51.230, 0, 79, 105.62, 100, 7965, 1037, 715, P0, 0x0000000000000020
2026/09/19 21:30:51.233, 1, 79, 110.55, 100, 8507, 1075, 715, P0, 0x0000000000000020
2026/09/19 21:30:52.244, 0, 79, 105.36, 100, 7965, 1037, 715, P0, 0x0000000000000020
2026/09/19 21:30:52.253, 1, 79, 119.28, 100, 8507, 1113, 715, P0, 0x0000000000000020
2026/09/19 21:30:53.260, 0, 79, 104.09, 100, 7965, 1025, 715, P0, 0x0000000000000020
2026/09/19 21:30:53.263, 1, 79, 129.49, 100, 8507, 1050, 715, P0, 0x0000000000000020
2026/09/19 21:30:54.274, 0, 79, 107.79, 100, 7965, 1037, 715, P0, 0x0000000000000020
2026/09/19 21:30:54.277, 1, 79, 101.98, 100, 8507, 1113, 715, P0, 0x0000000000000000
2026/09/19 21:30:55.288, 0, 79, 103.14, 100, 7965, 1037, 715, P0, 0x0000000000000000
2026/09/19 21:30:55.294, 1, 79, 123.75, 100, 8507, 987, 715, P0, 0x0000000000000020
2026/09/19 21:30:56.299, 0, 79, 103.12, 100, 7965, 1037, 715, P0, 0x0000000000000000
2026/09/19 21:30:56.302, 1, 79, 139.88, 100, 8507, 1101, 715, P0, 0x0000000000000020
2026/09/19 21:30:57.329, 0, 79, 98.05, 100, 7965, 1075, 715, P0, 0x0000000000000000
2026/09/19 21:30:57.333, 1, 79, 114.07, 100, 8507, 1126, 715, P0, 0x0000000000000000
2026/09/19 21:30:58.346, 0, 79, 98.16, 100, 7965, 1088, 715, P0, 0x0000000000000000
2026/09/19 21:30:58.355, 1, 79, 137.03, 100, 8507, 1101, 715, P0, 0x0000000000000020
2026/09/19 21:30:59.364, 0, 79, 126.67, 100, 7965, 885, 715, P0, 0x0000000000000020
2026/09/19 21:30:59.376, 1, 79, 126.98, 100, 8507, 1164, 715, P0, 0x0000000000000020
2026/09/19 21:31:00.381, 0, 79, 128.83, 100, 7965, 1012, 715, P0, 0x0000000000000020
2026/09/19 21:31:00.384, 1, 79, 119.40, 100, 8507, 1164, 715, P0, 0x0000000000000000
2026/09/19 21:31:01.399, 0, 79, 122.01, 100, 7965, 885, 715, P0, 0x0000000000000020
2026/09/19 21:31:01.402, 1, 79, 108.81, 100, 8507, 1075, 715, P0, 0x0000000000000020
2026/09/19 21:31:02.414, 0, 79, 120.17, 100, 7965, 860, 715, P0, 0x0000000000000000
2026/09/19 21:31:02.417, 1, 79, 102.21, 100, 8507, 1037, 715, P0, 0x0000000000000000
2026/09/19 21:31:03.428, 0, 79, 115.52, 100, 7965, 822, 715, P0, 0x0000000000000020
2026/09/19 21:31:03.439, 1, 79, 112.58, 100, 8507, 1101, 715, P0, 0x0000000000000020
2026/09/19 21:31:04.443, 0, 79, 118.16, 100, 7965, 885, 715, P0, 0x0000000000000000
2026/09/19 21:31:04.446, 1, 79, 105.92, 100, 8507, 1088, 715, P0, 0x0000000000000000
2026/09/19 21:31:05.469, 0, 79, 94.45, 100, 7965, 923, 715, P0, 0x0000000000000000
2026/09/19 21:31:05.476, 1, 79, 113.45, 100, 8507, 1101, 715, P0, 0x0000000000000020
2026/09/19 21:31:06.484, 0, 79, 95.82, 100, 7965, 936, 715, P0, 0x0000000000000000
2026/09/19 21:31:06.496, 1, 79, 115.07, 100, 8507, 1126, 715, P0, 0x0000000000000020
2026/09/19 21:31:07.500, 0, 79, 97.98, 100, 7965, 974, 715, P0, 0x0000000000000000
2026/09/19 21:31:07.504, 1, 79, 120.26, 100, 8507, 1126, 715, P0, 0x0000000000000000
2026/09/19 21:31:08.521, 0, 79, 97.25, 100, 7965, 961, 715, P0, 0x0000000000000000
2026/09/19 21:31:08.524, 1, 79, 121.45, 100, 8507, 1139, 715, P0, 0x0000000000000020
2026/09/19 21:31:09.539, 0, 79, 99.83, 100, 7965, 999, 715, P0, 0x0000000000000000
2026/09/19 21:31:09.542, 1, 80, 124.06, 100, 8507, 1139, 715, P0, 0x0000000000000020
2026/09/19 21:31:10.555, 0, 79, 98.38, 100, 7965, 987, 715, P0, 0x0000000000000000
2026/09/19 21:31:10.558, 1, 80, 128.77, 100, 8507, 1189, 715, P0, 0x0000000000000000
2026/09/19 21:31:11.574, 0, 79, 99.92, 100, 7965, 1012, 715, P0, 0x0000000000000000
2026/09/19 21:31:11.578, 1, 80, 112.95, 100, 8507, 1101, 715, P0, 0x0000000000000020
2026/09/19 21:31:12.589, 0, 79, 97.27, 100, 7965, 987, 715, P0, 0x0000000000000000
2026/09/19 21:31:12.598, 1, 79, 114.10, 100, 8507, 1126, 715, P0, 0x0000000000000000
2026/09/19 21:31:13.617, 0, 79, 101.77, 100, 7965, 1025, 715, P0, 0x0000000000000000
2026/09/19 21:31:13.620, 1, 79, 114.57, 100, 8507, 1113, 715, P0, 0x0000000000000000
2026/09/19 21:31:14.631, 0, 79, 93.48, 100, 7965, 936, 715, P0, 0x0000000000000000
2026/09/19 21:31:14.637, 1, 79, 114.89, 100, 8507, 1126, 715, P0, 0x0000000000000000
2026/09/19 21:31:15.642, 0, 79, 92.28, 100, 7965, 860, 715, P0, 0x0000000000000000
2026/09/19 21:31:15.646, 1, 79, 116.27, 100, 8507, 1113, 715, P0, 0x0000000000000020
2026/09/19 21:31:16.658, 0, 79, 119.36, 100, 7965, 873, 715, P0, 0x0000000000000020
2026/09/19 21:31:16.661, 1, 79, 114.02, 100, 8507, 1126, 715, P0, 0x0000000000000020
2026/09/19 21:31:17.672, 0, 79, 115.85, 100, 7965, 810, 715, P0, 0x0000000000000020
2026/09/19 21:31:17.680, 1, 79, 104.08, 100, 8507, 1037, 715, P0, 0x0000000000000020
2026/09/19 21:31:18.685, 0, 79, 124.41, 100, 7965, 885, 715, P0, 0x0000000000000020
2026/09/19 21:31:18.689, 1, 79, 105.06, 100, 8507, 923, 715, P0, 0x0000000000000020
2026/09/19 21:31:19.700, 0, 79, 122.31, 100, 7965, 961, 715, P0, 0x0000000000000020
2026/09/19 21:31:19.703, 1, 79, 102.14, 100, 8507, 1050, 715, P0, 0x0000000000000000
2026/09/19 21:31:20.715, 0, 79, 101.05, 100, 7965, 1012, 715, P0, 0x0000000000000020
2026/09/19 21:31:20.720, 1, 79, 121.68, 100, 8507, 1025, 715, P0, 0x0000000000000000
2026/09/19 21:31:21.730, 0, 79, 102.28, 100, 7965, 1012, 715, P0, 0x0000000000000020
2026/09/19 21:31:21.740, 1, 79, 103.19, 100, 8507, 1063, 715, P0, 0x0000000000000000
2026/09/19 21:31:22.759, 0, 79, 102.97, 100, 7965, 1025, 715, P0, 0x0000000000000000
2026/09/19 21:31:22.762, 1, 79, 134.14, 100, 8507, 1177, 715, P0, 0x0000000000000000
2026/09/19 21:31:23.775, 0, 79, 102.48, 100, 7965, 1012, 715, P0, 0x0000000000000000
2026/09/19 21:31:23.782, 1, 79, 124.30, 100, 8507, 1050, 715, P0, 0x0000000000000000
2026/09/19 21:31:24.790, 0, 79, 103.47, 100, 7965, 1025, 715, P0, 0x0000000000000000
2026/09/19 21:31:24.800, 1, 79, 110.56, 100, 8507, 1075, 715, P0, 0x0000000000000000
2026/09/19 21:31:25.811, 0, 79, 103.23, 100, 7965, 1025, 715, P0, 0x0000000000000000
2026/09/19 21:31:25.819, 1, 79, 105.83, 100, 8507, 1063, 715, P0, 0x0000000000000020
2026/09/19 21:31:26.825, 0, 79, 102.07, 98, 7965, 1012, 715, P0, 0x0000000000000020
2026/09/19 21:31:26.828, 1, 79, 114.32, 79, 8507, 1126, 715, P0, 0x0000000000000000
2026/09/19 21:31:27.845, 0, 79, 102.25, 100, 7965, 1012, 715, P0, 0x0000000000000020
2026/09/19 21:31:27.848, 1, 79, 114.10, 100, 8507, 1113, 715, P0, 0x0000000000000000
2026/09/19 21:31:28.856, 0, 79, 95.35, 99, 7965, 961, 715, P0, 0x0000000000000000
2026/09/19 21:31:28.860, 1, 79, 113.44, 100, 8507, 1126, 715, P0, 0x0000000000000020
2026/09/19 21:31:29.876, 0, 79, 92.93, 100, 7965, 923, 715, P0, 0x0000000000000000
2026/09/19 21:31:29.883, 1, 79, 120.02, 100, 8507, 1126, 715, P0, 0x0000000000000020
2026/09/19 21:31:30.891, 0, 79, 111.38, 99, 7965, 810, 715, P0, 0x0000000000000000
2026/09/19 21:31:30.902, 1, 79, 98.16, 39, 8507, 1012, 715, P0, 0x0000000000000000
2026/09/19 21:31:31.919, 0, 79, 116.50, 100, 7965, 835, 715, P0, 0x0000000000000000
2026/09/19 21:31:31.925, 1, 79, 105.27, 100, 8507, 1063, 715, P0, 0x0000000000000000
2026/09/19 21:31:32.936, 0, 79, 109.78, 100, 7965, 936, 715, P0, 0x0000000000000000
2026/09/19 21:31:32.941, 1, 78, 117.20, 5, 8507, 1189, 715, P0, 0x0000000000000000
2026/09/19 21:31:33.951, 0, 79, 81.09, 100, 7965, 1050, 715, P0, 0x0000000000000000
2026/09/19 21:31:33.962, 1, 79, 103.20, 100, 8507, 1063, 715, P0, 0x0000000000000000
2026/09/19 21:31:34.968, 0, 79, 103.27, 100, 7965, 1012, 715, P0, 0x0000000000000020
2026/09/19 21:31:34.970, 1, 78, 52.27, 41, 8507, 1252, 715, P0, 0x0000000000000000
2026/09/19 21:31:35.985, 0, 79, 104.09, 100, 7965, 1025, 715, P0, 0x0000000000000000
2026/09/19 21:31:35.988, 1, 79, 132.74, 100, 8507, 1075, 715, P0, 0x0000000000000020
2026/09/19 21:31:37.002, 0, 79, 102.55, 100, 7965, 1025, 715, P0, 0x0000000000000000
2026/09/19 21:31:37.005, 1, 78, 49.61, 100, 8507, 1189, 715, P0, 0x0000000000000000
2026/09/19 21:31:38.021, 0, 79, 102.57, 100, 7965, 1012, 715, P0, 0x0000000000000020
2026/09/19 21:31:38.024, 1, 79, 107.68, 100, 8507, 1075, 715, P0, 0x0000000000000000
2026/09/19 21:31:39.039, 0, 79, 101.77, 100, 7965, 1012, 715, P0, 0x0000000000000020
2026/09/19 21:31:39.041, 1, 79, 111.69, 100, 8507, 1075, 715, P0, 0x0000000000000000
2026/09/19 21:31:40.050, 0, 79, 95.41, 100, 7965, 961, 715, P0, 0x0000000000000000
2026/09/19 21:31:40.062, 1, 79, 106.57, 100, 8507, 1075, 715, P0, 0x0000000000000020
2026/09/19 21:31:41.081, 0, 79, 93.02, 100, 7965, 847, 715, P0, 0x0000000000000000
2026/09/19 21:31:41.084, 1, 79, 107.54, 100, 8507, 1075, 715, P0, 0x0000000000000000
2026/09/19 21:31:42.095, 0, 79, 120.86, 100, 7965, 847, 715, P0, 0x0000000000000020
2026/09/19 21:31:42.105, 1, 79, 113.59, 100, 8507, 1126, 715, P0, 0x0000000000000000
2026/09/19 21:31:43.115, 0, 79, 130.03, 100, 7965, 961, 715, P0, 0x0000000000000020
2026/09/19 21:31:43.126, 1, 79, 117.22, 100, 8507, 1139, 715, P0, 0x0000000000000000
2026/09/19 21:31:44.142, 0, 79, 103.12, 100, 7965, 1012, 715, P0, 0x0000000000000000
2026/09/19 21:31:44.147, 1, 79, 137.75, 100, 8507, 1113, 715, P0, 0x0000000000000000
2026/09/19 21:31:45.158, 0, 79, 102.25, 100, 7965, 1012, 715, P0, 0x0000000000000020
2026/09/19 21:31:45.164, 1, 79, 114.81, 100, 8507, 1139, 715, P0, 0x0000000000000000
2026/09/19 21:31:46.175, 0, 79, 102.01, 100, 7965, 1025, 715, P0, 0x0000000000000000
2026/09/19 21:31:46.182, 1, 79, 115.52, 100, 8507, 1126, 715, P0, 0x0000000000000000
2026/09/19 21:31:47.191, 0, 79, 101.77, 100, 7965, 1012, 715, P0, 0x0000000000000020
2026/09/19 21:31:47.194, 1, 79, 114.33, 100, 8507, 1101, 715, P0, 0x0000000000000020
2026/09/19 21:31:48.206, 0, 79, 99.18, 99, 7965, 987, 715, P0, 0x0000000000000000
2026/09/19 21:31:48.210, 1, 79, 116.02, 47, 8507, 1139, 715, P0, 0x0000000000000000
2026/09/19 21:31:49.221, 0, 79, 94.14, 100, 7965, 911, 715, P0, 0x0000000000000000
2026/09/19 21:31:49.226, 1, 80, 121.23, 100, 8507, 1139, 715, P0, 0x0000000000000000
2026/09/19 21:31:50.234, 0, 79, 116.48, 99, 7965, 822, 715, P0, 0x0000000000000020
2026/09/19 21:31:50.244, 1, 79, 115.64, 0, 8507, 936, 715, P0, 0x0000000000000020
2026/09/19 21:31:51.265, 0, 79, 126.31, 100, 7965, 961, 715, P0, 0x0000000000000020
2026/09/19 21:31:51.270, 1, 79, 107.10, 100, 8507, 1088, 715, P0, 0x0000000000000000
2026/09/19 21:31:52.279, 0, 79, 98.04, 100, 7965, 1012, 715, P0, 0x0000000000000020
2026/09/19 21:31:52.283, 1, 78, 50.35, 0, 8507, 1189, 715, P0, 0x0000000000000000
2026/09/19 21:31:53.291, 0, 79, 104.55, 100, 7965, 1025, 715, P0, 0x0000000000000000
2026/09/19 21:31:53.294, 1, 79, 145.32, 100, 8507, 1126, 715, P0, 0x0000000000000020
2026/09/19 21:31:54.308, 0, 79, 102.54, 100, 7965, 1025, 715, P0, 0x0000000000000000
2026/09/19 21:31:54.311, 1, 79, 52.76, 75, 8507, 1240, 715, P0, 0x0000000000000000
2026/09/19 21:31:55.323, 0, 79, 101.13, 100, 7965, 1012, 715, P0, 0x0000000000000000
2026/09/19 21:31:55.326, 1, 79, 106.07, 100, 8507, 1075, 715, P0, 0x0000000000000000
2026/09/19 21:31:56.336, 0, 79, 91.81, 100, 7965, 759, 715, P0, 0x0000000000000000
2026/09/19 21:31:56.347, 1, 79, 111.79, 100, 8507, 1075, 715, P0, 0x0000000000000000
2026/09/19 21:31:57.352, 0, 79, 97.51, 100, 7965, 911, 715, P0, 0x0000000000000020
2026/09/19 21:31:57.355, 1, 79, 125.26, 100, 8507, 1037, 715, P0, 0x0000000000000000
2026/09/19 21:31:58.367, 0, 79, 98.74, 100, 7965, 936, 715, P0, 0x0000000000000020
2026/09/19 21:31:58.372, 1, 79, 102.98, 100, 8507, 1050, 715, P0, 0x0000000000000000
2026/09/19 21:31:59.386, 0, 79, 91.73, 98, 7965, 885, 715, P0, 0x0000000000000000
2026/09/19 21:31:59.390, 1, 79, 125.77, 63, 8507, 1164, 715, P0, 0x0000000000000020
2026/09/19 21:32:00.402, 0, 79, 115.41, 100, 7965, 759, 715, P0, 0x0000000000000020
2026/09/19 21:32:00.409, 1, 79, 121.90, 100, 8507, 1139, 715, P0, 0x0000000000000020
2026/09/19 21:32:01.414, 0, 79, 97.24, 100, 7965, 936, 715, P0, 0x0000000000000000
2026/09/19 21:32:01.427, 1, 78, 57.06, 0, 8507, 1316, 715, P0, 0x0000000000000000
2026/09/19 21:32:02.446, 0, 79, 96.37, 100, 7965, 923, 715, P0, 0x0000000000000020
2026/09/19 21:32:02.450, 1, 79, 158.26, 100, 8507, 1189, 715, P0, 0x0000000000000020
2026/09/19 21:32:03.459, 0, 79, 102.76, 100, 7965, 708, 715, P0, 0x0000000000000020
2026/09/19 21:32:03.471, 1, 79, 51.08, 99, 8507, 1252, 715, P0, 0x0000000000000000
2026/09/19 21:32:04.485, 0, 79, 97.69, 100, 7965, 936, 715, P0, 0x0000000000000000
2026/09/19 21:32:04.487, 1, 79, 127.43, 100, 8507, 1050, 715, P0, 0x0000000000000000
2026/09/19 21:32:05.501, 0, 79, 99.19, 100, 7965, 936, 715, P0, 0x0000000000000020
2026/09/19 21:32:05.508, 1, 79, 113.86, 100, 8507, 1126, 715, P0, 0x0000000000000000
2026/09/19 21:32:06.516, 0, 79, 88.83, 98, 7965, 847, 715, P0, 0x0000000000000000
2026/09/19 21:32:06.529, 1, 79, 133.27, 78, 8507, 1202, 715, P0, 0x0000000000000000
2026/09/19 21:32:07.548, 0, 79, 119.13, 100, 7965, 873, 715, P0, 0x0000000000000020
2026/09/19 21:32:07.551, 1, 79, 109.02, 100, 8507, 1075, 715, P0, 0x0000000000000020
2026/09/19 21:32:08.561, 0, 79, 98.26, 100, 7965, 949, 715, P0, 0x0000000000000000
2026/09/19 21:32:08.568, 1, 78, 57.06, 0, 8507, 1316, 715, P0, 0x0000000000000000
2026/09/19 21:32:09.576, 0, 79, 94.14, 100, 7965, 911, 715, P0, 0x0000000000000000
2026/09/19 21:32:09.589, 1, 79, 116.99, 100, 8507, 1126, 715, P0, 0x0000000000000020
2026/09/19 21:32:10.602, 0, 79, 114.82, 100, 7965, 784, 715, P0, 0x0000000000000020
2026/09/19 21:32:10.611, 1, 79, 114.76, 100, 8507, 1189, 715, P0, 0x0000000000000000
2026/09/19 21:32:11.619, 0, 79, 98.60, 100, 7965, 936, 715, P0, 0x0000000000000020
2026/09/19 21:32:11.628, 1, 79, 143.65, 100, 8507, 1126, 715, P0, 0x0000000000000020
2026/09/19 21:32:12.634, 0, 79, 96.81, 100, 7965, 936, 715, P0, 0x0000000000000000
2026/09/19 21:32:12.639, 1, 79, 103.96, 100, 8507, 772, 715, P0, 0x0000000000000000
2026/09/19 21:32:13.646, 0, 79, 106.89, 98, 7965, 746, 715, P0, 0x0000000000000000
2026/09/19 21:32:13.654, 1, 78, 96.54, 0, 8507, 999, 715, P0, 0x0000000000000000
2026/09/19 21:32:14.661, 0, 79, 97.59, 100, 7965, 936, 715, P0, 0x0000000000000000
2026/09/19 21:32:14.669, 1, 79, 105.36, 100, 8507, 1088, 715, P0, 0x0000000000000000
2026/09/19 21:32:15.679, 0, 79, 98.69, 100, 7965, 949, 715, P0, 0x0000000000000000
2026/09/19 21:32:15.688, 1, 78, 50.34, 2, 8507, 1189, 715, P0, 0x0000000000000000
2026/09/19 21:32:16.707, 0, 79, 87.45, 100, 7965, 759, 715, P0, 0x0000000000000000
2026/09/19 21:32:16.712, 1, 79, 129.79, 100, 8507, 1177, 715, P0, 0x0000000000000020
2026/09/19 21:32:17.721, 0, 79, 77.04, 100, 7965, 1012, 715, P0, 0x0000000000000000
2026/09/19 21:32:17.729, 1, 79, 106.74, 100, 8507, 1050, 715, P0, 0x0000000000000020
2026/09/19 21:32:18.740, 0, 79, 98.94, 100, 7965, 936, 715, P0, 0x0000000000000020
2026/09/19 21:32:18.748, 1, 79, 121.70, 100, 8507, 1139, 715, P0, 0x0000000000000020
2026/09/19 21:32:19.770, 0, 79, 93.26, 100, 7965, 911, 715, P0, 0x0000000000000000
2026/09/19 21:32:19.776, 1, 79, 122.34, 100, 8507, 1177, 715, P0, 0x0000000000000000
2026/09/19 21:32:20.785, 0, 79, 103.24, 100, 7965, 734, 715, P0, 0x0000000000000020
2026/09/19 21:32:20.793, 1, 78, 142.35, 0, 8507, 1316, 715, P0, 0x0000000000000000
2026/09/19 21:32:21.798, 0, 79, 98.21, 100, 7965, 936, 715, P0, 0x0000000000000020
2026/09/19 21:32:21.811, 1, 79, 124.08, 100, 8507, 1025, 715, P0, 0x0000000000000020
2026/09/19 21:32:22.826, 0, 79, 97.08, 100, 7965, 936, 715, P0, 0x0000000000000000
2026/09/19 21:32:22.832, 1, 79, 49.86, 100, 8507, 1189, 715, P0, 0x0000000000000000
2026/09/19 21:32:23.844, 0, 79, 109.42, 100, 7965, 797, 715, P0, 0x0000000000000020
2026/09/19 21:32:23.854, 1, 79, 111.43, 100, 8507, 1113, 715, P0, 0x0000000000000000
2026/09/19 21:32:24.860, 0, 79, 124.06, 100, 7965, 949, 715, P0, 0x0000000000000020
2026/09/19 21:32:24.872, 1, 79, 114.37, 100, 8507, 1113, 715, P0, 0x0000000000000020
2026/09/19 21:32:25.889, 0, 79, 104.29, 100, 7965, 1012, 715, P0, 0x0000000000000020
2026/09/19 21:32:25.894, 1, 79, 142.54, 100, 8507, 1126, 715, P0, 0x0000000000000020
2026/09/19 21:32:26.905, 0, 79, 102.41, 100, 7965, 1025, 715, P0, 0x0000000000000000
2026/09/19 21:32:26.911, 1, 79, 127.11, 100, 8507, 1075, 715, P0, 0x0000000000000020
2026/09/19 21:32:27.920, 0, 79, 100.28, 99, 7965, 999, 715, P0, 0x0000000000000000
2026/09/19 21:32:27.933, 1, 79, 135.79, 100, 8507, 1202, 715, P0, 0x0000000000000020
2026/09/19 21:32:28.952, 0, 79, 103.24, 100, 7965, 810, 715, P0, 0x0000000000000000
2026/09/19 21:32:28.955, 1, 80, 120.98, 100, 8507, 1139, 715, P0, 0x0000000000000020
2026/09/19 21:32:29.964, 0, 79, 123.20, 100, 7965, 987, 715, P0, 0x0000000000000020
2026/09/19 21:32:29.972, 1, 78, 57.24, 0, 8507, 1316, 715, P0, 0x0000000000000000
2026/09/19 21:32:30.979, 0, 79, 104.56, 100, 7965, 1025, 715, P0, 0x0000000000000000
2026/09/19 21:32:30.982, 1, 79, 131.89, 100, 8507, 1025, 715, P0, 0x0000000000000020
2026/09/19 21:32:31.996, 0, 79, 103.52, 100, 7965, 1012, 715, P0, 0x0000000000000020
2026/09/19 21:32:32.000, 1, 79, 50.59, 100, 8507, 1189, 715, P0, 0x0000000000000000
2026/09/19 21:32:33.013, 0, 79, 96.04, 100, 7965, 949, 715, P0, 0x0000000000000000
2026/09/19 21:32:33.018, 1, 79, 125.68, 100, 8507, 1151, 715, P0, 0x0000000000000020
2026/09/19 21:32:34.030, 0, 79, 116.38, 100, 7965, 835, 715, P0, 0x0000000000000020
2026/09/19 21:32:34.035, 1, 79, 88.35, 100, 8507, 810, 715, P0, 0x0000000000000000
2026/09/19 21:32:35.058, 0, 79, 103.39, 100, 7965, 1012, 715, P0, 0x0000000000000020
2026/09/19 21:32:35.062, 1, 78, 97.46, 100, 8507, 1088, 715, P0, 0x0000000000000000
2026/09/19 21:32:36.071, 0, 79, 103.30, 100, 7965, 1025, 715, P0, 0x0000000000000000
2026/09/19 21:32:36.074, 1, 79, 103.45, 100, 8507, 1025, 715, P0, 0x0000000000000020
2026/09/19 21:32:37.086, 0, 79, 101.37, 100, 7965, 999, 715, P0, 0x0000000000000020
2026/09/19 21:32:37.091, 1, 79, 106.74, 100, 8507, 1075, 715, P0, 0x0000000000000020
2026/09/19 21:32:38.101, 0, 79, 94.94, 100, 7965, 923, 715, P0, 0x0000000000000000
2026/09/19 21:32:38.114, 1, 79, 106.57, 100, 8507, 1075, 715, P0, 0x0000000000000000
2026/09/19 21:32:39.130, 0, 79, 114.78, 100, 7965, 898, 715, P0, 0x0000000000000000
2026/09/19 21:32:39.134, 1, 78, 146.05, 0, 8507, 1164, 715, P0, 0x0000000000000020
2026/09/19 21:32:40.145, 0, 79, 102.43, 100, 7965, 1025, 715, P0, 0x0000000000000000
2026/09/19 21:32:40.154, 1, 79, 124.28, 100, 8507, 1037, 715, P0, 0x0000000000000000
2026/09/19 21:32:41.164, 0, 79, 103.28, 100, 7965, 1025, 715, P0, 0x0000000000000000
2026/09/19 21:32:41.171, 1, 79, 49.86, 96, 8507, 1189, 715, P0, 0x0000000000000000
2026/09/19 21:32:42.181, 0, 79, 97.97, 100, 7965, 987, 715, P0, 0x0000000000000000
2026/09/19 21:32:42.194, 1, 79, 120.96, 100, 8507, 1139, 715, P0, 0x0000000000000020
2026/09/19 21:32:43.210, 0, 79, 117.20, 100, 7965, 847, 715, P0, 0x0000000000000020
2026/09/19 21:32:43.214, 1, 79, 112.57, 100, 8507, 1075, 715, P0, 0x0000000000000020
2026/09/19 21:32:44.223, 0, 79, 100.31, 100, 7965, 1012, 715, P0, 0x0000000000000020
2026/09/19 21:32:44.232, 1, 79, 130.71, 100, 8507, 1025, 715, P0, 0x0000000000000020
2026/09/19 21:32:45.244, 0, 79, 104.10, 100, 7965, 1025, 715, P0, 0x0000000000000000
2026/09/19 21:32:45.252, 1, 79, 123.36, 100, 8507, 999, 715, P0, 0x0000000000000020
2026/09/19 21:32:46.274, 0, 79, 101.99, 100, 7965, 1012, 715, P0, 0x0000000000000020
2026/09/19 21:32:46.303, 1, 79, 120.96, 100, 8507, 1139, 715, P0, 0x0000000000000000
2026/09/19 21:32:47.318, 0, 79, 93.89, 100, 7965, 911, 715, P0, 0x0000000000000000
2026/09/19 21:32:47.321, 1, 79, 121.21, 100, 8507, 1139, 715, P0, 0x0000000000000000
2026/09/19 21:32:48.332, 0, 79, 110.27, 100, 7965, 873, 715, P0, 0x0000000000000020
2026/09/19 21:32:48.337, 1, 78, 114.95, 0, 8507, 1189, 715, P0, 0x0000000000000000
2026/09/19 21:32:49.348, 0, 79, 102.04, 100, 7965, 1012, 715, P0, 0x0000000000000000
2026/09/19 21:32:49.355, 1, 79, 104.44, 100, 8507, 746, 715, P0, 0x0000000000000020
2026/09/19 21:32:50.377, 0, 79, 103.79, 100, 7965, 1025, 715, P0, 0x0000000000000000
2026/09/19 21:32:50.381, 1, 79, 99.37, 100, 8507, 961, 715, P0, 0x0000000000000020
2026/09/19 21:32:51.396, 0, 79, 96.40, 100, 7965, 961, 715, P0, 0x0000000000000000
2026/09/19 21:32:51.399, 1, 79, 95.40, 100, 8507, 949, 715, P0, 0x0000000000000000
2026/09/19 21:32:52.416, 0, 79, 112.71, 100, 7965, 822, 715, P0, 0x0000000000000020
2026/09/19 21:32:52.419, 1, 79, 106.20, 100, 8507, 772, 715, P0, 0x0000000000000020
2026/09/19 21:32:53.432, 0, 79, 104.27, 100, 7965, 1012, 715, P0, 0x0000000000000020
2026/09/19 21:32:53.435, 1, 79, 101.52, 100, 8507, 1025, 715, P0, 0x0000000000000020
2026/09/19 21:32:54.446, 0, 79, 103.54, 100, 7965, 1025, 715, P0, 0x0000000000000000
2026/09/19 21:32:54.455, 1, 79, 102.72, 100, 8507, 1025, 715, P0, 0x0000000000000020
2026/09/19 21:32:55.477, 0, 79, 95.67, 99, 7965, 961, 715, P0, 0x0000000000000000
2026/09/19 21:32:55.480, 1, 78, 99.90, 100, 8507, 1037, 715, P0, 0x0000000000000000
2026/09/19 21:32:56.493, 0, 79, 119.16, 100, 7965, 873, 715, P0, 0x0000000000000020
2026/09/19 21:32:56.496, 1, 79, 99.33, 100, 8507, 1025, 715, P0, 0x0000000000000000
2026/09/19 21:32:57.521, 0, 79, 102.25, 100, 7965, 1012, 715, P0, 0x0000000000000020
2026/09/19 21:32:57.524, 1, 78, 52.47, 73, 8507, 1252, 715, P0, 0x0000000000000000
2026/09/19 21:32:58.531, 0, 79, 102.66, 100, 7965, 1012, 715, P0, 0x0000000000000020
2026/09/19 21:32:58.536, 1, 79, 115.92, 100, 8507, 1101, 715, P0, 0x0000000000000020
2026/09/19 21:32:59.560, 0, 79, 96.54, 100, 7965, 961, 715, P0, 0x0000000000000000
2026/09/19 21:32:59.563, 1, 79, 112.67, 100, 8507, 1088, 715, P0, 0x0000000000000020
2026/09/19 21:33:00.574, 0, 79, 126.94, 100, 7965, 949, 715, P0, 0x0000000000000020
2026/09/19 21:33:00.578, 1, 79, 111.82, 100, 8507, 1126, 715, P0, 0x0000000000000000
2026/09/19 21:33:01.588, 0, 79, 102.25, 100, 7965, 1012, 715, P0, 0x0000000000000020
2026/09/19 21:33:01.595, 1, 79, 114.56, 100, 8507, 1126, 715, P0, 0x0000000000000000
2026/09/19 21:33:02.603, 0, 79, 101.42, 98, 7965, 987, 715, P0, 0x0000000000000020
2026/09/19 21:33:02.607, 1, 79, 135.16, 91, 8507, 1189, 715, P0, 0x0000000000000020
2026/09/19 21:33:03.615, 0, 79, 114.62, 100, 7965, 835, 715, P0, 0x0000000000000020
2026/09/19 21:33:03.618, 1, 79, 120.26, 100, 8507, 1126, 715, P0, 0x0000000000000000
2026/09/19 21:33:04.631, 0, 79, 88.50, 100, 7965, 1050, 715, P0, 0x0000000000000000
2026/09/19 21:33:04.636, 1, 78, 50.11, 0, 8507, 1189, 715, P0, 0x0000000000000000
2026/09/19 21:33:05.648, 0, 79, 102.22, 100, 7965, 1012, 715, P0, 0x0000000000000020
2026/09/19 21:33:05.656, 1, 79, 137.50, 100, 8507, 1177, 715, P0, 0x0000000000000020
2026/09/19 21:33:06.667, 0, 79, 101.61, 100, 7965, 1012, 715, P0, 0x0000000000000000
2026/09/19 21:33:06.677, 1, 79, 104.39, 100, 8507, 1075, 715, P0, 0x0000000000000000
2026/09/19 21:33:07.700, 0, 79, 114.39, 100, 7965, 860, 715, P0, 0x0000000000000000
2026/09/19 21:33:07.704, 1, 79, 113.36, 100, 8507, 1126, 715, P0, 0x0000000000000000
2026/09/19 21:33:08.713, 0, 79, 103.22, 100, 7965, 1012, 715, P0, 0x0000000000000020
2026/09/19 21:33:08.716, 1, 79, 114.57, 100, 8507, 1126, 715, P0, 0x0000000000000000
2026/09/19 21:33:09.729, 0, 79, 102.46, 100, 7965, 1012, 715, P0, 0x0000000000000000
2026/09/19 21:33:09.738, 1, 79, 125.89, 100, 8507, 1151, 715, P0, 0x0000000000000020
2026/09/19 21:33:10.759, 0, 79, 95.57, 100, 7965, 936, 715, P0, 0x0000000000000000
2026/09/19 21:33:10.762, 1, 79, 124.08, 100, 8507, 1139, 715, P0, 0x0000000000000020
2026/09/19 21:33:11.772, 0, 79, 124.25, 100, 7965, 987, 715, P0, 0x0000000000000020
2026/09/19 21:33:11.778, 1, 78, 51.26, 0, 8507, 1215, 715, P0, 0x0000000000000000
2026/09/19 21:33:12.786, 0, 79, 103.72, 100, 7965, 1025, 715, P0, 0x0000000000000000
2026/09/19 21:33:12.789, 1, 79, 106.48, 100, 8507, 1063, 715, P0, 0x0000000000000000
2026/09/19 21:33:13.802, 0, 79, 101.85, 100, 7965, 1012, 715, P0, 0x0000000000000020
2026/09/19 21:33:13.805, 1, 79, 107.22, 100, 8507, 1050, 715, P0, 0x0000000000000020
2026/09/19 21:33:14.818, 0, 79, 121.61, 100, 7965, 822, 715, P0, 0x0000000000000020
2026/09/19 21:33:14.822, 1, 79, 106.00, 100, 8507, 1075, 715, P0, 0x0000000000000000
2026/09/19 21:33:15.838, 0, 79, 103.05, 100, 7965, 1012, 715, P0, 0x0000000000000020
2026/09/19 21:33:15.842, 1, 79, 103.45, 100, 8507, 1012, 715, P0, 0x0000000000000000
2026/09/19 21:33:16.865, 0, 79, 102.25, 100, 7965, 999, 715, P0, 0x0000000000000020
2026/09/19 21:33:16.868, 1, 79, 115.52, 100, 8507, 1113, 715, P0, 0x0000000000000020
2026/09/19 21:33:17.879, 0, 79, 94.43, 100, 7965, 936, 715, P0, 0x0000000000000000
2026/09/19 21:33:17.881, 1, 79, 120.32, 100, 8507, 1126, 715, P0, 0x0000000000000000
2026/09/19 21:33:18.892, 0, 79, 126.13, 100, 7965, 961, 715, P0, 0x0000000000000020
2026/09/19 21:33:18.901, 1, 78, 50.28, 0, 8507, 1189, 715, P0, 0x0000000000000000
2026/09/19 21:33:19.908, 0, 79, 103.09, 100, 7965, 1012, 715, P0, 0x0000000000000020
2026/09/19 21:33:19.919, 1, 79, 147.76, 100, 8507, 1126, 715, P0, 0x0000000000000020
2026/09/19 21:33:20.924, 0, 79, 102.11, 100, 7965, 999, 715, P0, 0x0000000000000000
2026/09/19 21:33:20.928, 1, 79, 97.49, 100, 8507, 1101, 715, P0, 0x0000000000000000
2026/09/19 21:33:21.937, 0, 79, 128.00, 100, 7965, 911, 715, P0, 0x0000000000000020
2026/09/19 21:33:21.942, 1, 79, 104.69, 100, 8507, 1063, 715, P0, 0x0000000000000000
2026/09/19 21:33:22.955, 0, 79, 102.44, 100, 7965, 999, 715, P0, 0x0000000000000020
2026/09/19 21:33:22.959, 1, 79, 119.99, 100, 8507, 987, 715, P0, 0x0000000000000020
2026/09/19 21:33:23.969, 0, 79, 101.28, 99, 7965, 999, 715, P0, 0x0000000000000020
2026/09/19 21:33:23.980, 1, 79, 118.80, 100, 8507, 1139, 715, P0, 0x0000000000000020
2026/09/19 21:33:24.986, 0, 79, 111.31, 100, 7965, 822, 715, P0, 0x0000000000000020
2026/09/19 21:33:24.989, 1, 79, 120.63, 100, 8507, 1139, 715, P0, 0x0000000000000000
2026/09/19 21:33:26.002, 0, 79, 103.28, 100, 7965, 1012, 715, P0, 0x0000000000000020
2026/09/19 21:33:26.005, 1, 78, 50.34, 19, 8507, 1189, 715, P0, 0x0000000000000000
2026/09/19 21:33:27.012, 0, 79, 101.61, 100, 7965, 1025, 715, P0, 0x0000000000000000
2026/09/19 21:33:27.020, 1, 79, 107.70, 100, 8507, 1050, 715, P0, 0x0000000000000000
2026/09/19 21:33:28.031, 0, 79, 91.15, 100, 7965, 847, 715, P0, 0x0000000000000000
2026/09/19 21:33:28.042, 1, 79, 106.34, 100, 8507, 1050, 715, P0, 0x0000000000000000
2026/09/19 21:33:29.046, 0, 79, 102.72, 100, 7965, 1012, 715, P0, 0x0000000000000020
2026/09/19 21:33:29.049, 1, 79, 130.67, 100, 8507, 1037, 715, P0, 0x0000000000000020
2026/09/19 21:33:30.073, 0, 79, 103.71, 100, 7965, 1012, 715, P0, 0x0000000000000020
2026/09/19 21:33:30.081, 1, 79, 108.88, 100, 8507, 1063, 715, P0, 0x0000000000000020
2026/09/19 21:33:31.087, 0, 79, 91.32, 98, 7965, 847, 715, P0, 0x0000000000000000
2026/09/19 21:33:31.090, 1, 79, 110.35, 82, 8507, 1113, 715, P0, 0x0000000000000000
2026/09/19 21:33:32.098, 0, 79, 90.38, 100, 7965, 1037, 715, P0, 0x0000000000000000
2026/09/19 21:33:32.101, 1, 79, 103.93, 100, 8507, 1050, 715, P0, 0x0000000000000000
2026/09/19 21:33:33.112, 0, 79, 102.24, 100, 7965, 1012, 715, P0, 0x0000000000000020
2026/09/19 21:33:33.123, 1, 79, 54.64, 74, 8507, 1278, 715, P0, 0x0000000000000000
2026/09/19 21:33:34.142, 0, 79, 96.29, 100, 7965, 961, 715, P0, 0x0000000000000000
2026/09/19 21:33:34.145, 1, 79, 122.16, 100, 8507, 1139, 715, P0, 0x0000000000000000
2026/09/19 21:33:35.165, 0, 79, 124.28, 100, 7965, 949, 715, P0, 0x0000000000000020
2026/09/19 21:33:35.168, 1, 79, 121.49, 100, 8507, 1139, 715, P0, 0x0000000000000000
2026/09/19 21:33:36.179, 0, 79, 103.47, 100, 7965, 1025, 715, P0, 0x0000000000000000
2026/09/19 21:33:36.182, 1, 79, 106.48, 100, 8507, 1050, 715, P0, 0x0000000000000020
2026/09/19 21:33:37.191, 0, 79, 100.40, 100, 7965, 999, 715, P0, 0x0000000000000000
2026/09/19 21:33:37.203, 1, 79, 106.50, 100, 8507, 1050, 715, P0, 0x0000000000000020
2026/09/19 21:33:38.218, 0, 79, 112.34, 100, 7965, 835, 715, P0, 0x0000000000000020
2026/09/19 21:33:38.225, 1, 78, 136.29, 65, 8507, 1278, 715, P0, 0x0000000000000000
2026/09/19 21:33:39.243, 0, 79, 103.24, 100, 7965, 999, 715, P0, 0x0000000000000020
2026/09/19 21:33:39.246, 1, 79, 99.83, 100, 8507, 1113, 715, P0, 0x0000000000000000
2026/09/19 21:33:40.269, 0, 79, 101.29, 100, 7965, 1012, 715, P0, 0x0000000000000020
2026/09/19 21:33:40.272, 1, 79, 112.65, 100, 8507, 1075, 715, P0, 0x0000000000000020
2026/09/19 21:33:41.282, 0, 79, 127.36, 100, 7965, 873, 715, P0, 0x0000000000000020
2026/09/19 21:33:41.285, 1, 79, 105.99, 100, 8507, 1088, 715, P0, 0x0000000000000000
2026/09/19 21:33:42.307, 0, 79, 102.98, 100, 7965, 1012, 715, P0, 0x0000000000000020
2026/09/19 21:33:42.310, 1, 79, 120.77, 100, 8507, 961, 715, P0, 0x0000000000000020
2026/09/19 21:33:43.321, 0, 79, 101.98, 100, 7965, 1012, 715, P0, 0x0000000000000000
2026/09/19 21:33:43.324, 1, 79, 122.32, 100, 8507, 1139, 715, P0, 0x0000000000000020
2026/09/19 21:33:44.333, 0, 79, 121.66, 100, 7965, 873, 715, P0, 0x0000000000000020
2026/09/19 21:33:44.345, 1, 79, 119.17, 100, 8507, 1139, 715, P0, 0x0000000000000000
2026/09/19 21:33:45.362, 0, 79, 102.98, 100, 7965, 999, 715, P0, 0x0000000000000020
2026/09/19 21:33:45.364, 1, 78, 50.58, 33, 8507, 1189, 715, P0, 0x0000000000000000
2026/09/19 21:33:46.374, 0, 79, 101.18, 100, 7965, 999, 715, P0, 0x0000000000000020
2026/09/19 21:33:46.382, 1, 80, 131.08, 100, 8507, 1177, 715, P0, 0x0000000000000020
2026/09/19 21:33:47.386, 0, 79, 119.28, 100, 7965, 885, 715, P0, 0x0000000000000020
2026/09/19 21:33:47.389, 1, 79, 99.75, 100, 8507, 999, 715, P0, 0x0000000000000000
2026/09/19 21:33:48.413, 0, 79, 102.27, 100, 7965, 987, 715, P0, 0x0000000000000020
2026/09/19 21:33:48.422, 1, 79, 107.20, 100, 8507, 1050, 715, P0, 0x0000000000000020
2026/09/19 21:33:49.439, 0, 79, 101.07, 100, 7965, 999, 715, P0, 0x0000000000000020
2026/09/19 21:33:49.442, 1, 79, 106.02, 100, 8507, 1050, 715, P0, 0x0000000000000000
2026/09/19 21:33:50.453, 0, 79, 113.11, 100, 7965, 936, 715, P0, 0x0000000000000000
2026/09/19 21:33:50.463, 1, 78, 157.57, 14, 8507, 1240, 715, P0, 0x0000000000000000
2026/09/19 21:33:51.481, 0, 79, 103.22, 100, 7965, 1025, 715, P0, 0x0000000000000000
2026/09/19 21:33:51.484, 1, 79, 110.32, 100, 8507, 1075, 715, P0, 0x0000000000000000
2026/09/19 21:33:52.494, 0, 79, 101.53, 100, 7965, 1012, 715, P0, 0x0000000000000000
2026/09/19 21:33:52.503, 1, 79, 113.37, 100, 8507, 1075, 715, P0, 0x0000000000000000
2026/09/19 21:33:53.521, 0, 79, 123.91, 100, 7965, 923, 715, P0, 0x0000000000000020
2026/09/19 21:33:53.524, 1, 79, 110.42, 100, 8507, 1037, 715, P0, 0x0000000000000000
2026/09/19 21:33:54.533, 0, 79, 101.52, 100, 7965, 999, 715, P0, 0x0000000000000000
2026/09/19 21:33:54.544, 1, 79, 127.82, 100, 8507, 974, 715, P0, 0x0000000000000020
2026/09/19 21:33:55.559, 0, 79, 91.96, 99, 7965, 936, 715, P0, 0x0000000000000000
2026/09/19 21:33:55.564, 1, 79, 126.65, 62, 8507, 1177, 715, P0, 0x0000000000000020
2026/09/19 21:33:56.572, 0, 79, 88.73, 100, 7965, 1063, 715, P0, 0x0000000000000000
2026/09/19 21:33:56.584, 1, 79, 112.28, 100, 8507, 1113, 715, P0, 0x0000000000000000
2026/09/19 21:33:57.588, 0, 79, 101.77, 100, 7965, 1025, 715, P0, 0x0000000000000000
2026/09/19 21:33:57.591, 1, 79, 84.14, 100, 8507, 949, 715, P0, 0x0000000000000020
2026/09/19 21:33:58.604, 0, 79, 95.68, 100, 7965, 873, 715, P0, 0x0000000000000000
2026/09/19 21:33:58.607, 1, 79, 100.87, 100, 8507, 1037, 715, P0, 0x0000000000000000
2026/09/19 21:33:59.621, 0, 79, 102.51, 100, 7965, 999, 715, P0, 0x0000000000000020
2026/09/19 21:33:59.624, 1, 79, 119.35, 100, 8507, 847, 715, P0, 0x0000000000000020
2026/09/19 21:34:00.635, 0, 79, 102.26, 100, 7965, 1025, 715, P0, 0x0000000000000000
2026/09/19 21:34:00.644, 1, 79, 110.08, 98, 8507, 1075, 715, P0, 0x0000000000000020
2026/09/19 21:34:01.650, 0, 79, 112.56, 100, 7965, 822, 715, P0, 0x0000000000000020
2026/09/19 21:34:01.652, 1, 79, 108.16, 100, 8507, 1063, 715, P0, 0x0000000000000020
2026/09/19 21:34:02.665, 0, 79, 103.52, 100, 7965, 1025, 715, P0, 0x0000000000000000
2026/09/19 21:34:02.676, 1, 78, 50.82, 45, 8507, 1303, 715, P0, 0x0000000000000000
2026/09/19 21:34:03.694, 0, 79, 101.77, 100, 7965, 999, 715, P0, 0x0000000000000020
2026/09/19 21:34:03.703, 1, 79, 112.89, 100, 8507, 1101, 715, P0, 0x0000000000000020
2026/09/19 21:34:04.710, 0, 79, 119.58, 100, 7965, 873, 715, P0, 0x0000000000000020
2026/09/19 21:34:04.713, 1, 79, 115.67, 100, 8507, 1101, 715, P0, 0x0000000000000020
2026/09/19 21:34:05.728, 0, 79, 104.17, 100, 7965, 1012, 715, P0, 0x0000000000000020
2026/09/19 21:34:05.731, 1, 79, 116.96, 100, 8507, 1126, 715, P0, 0x0000000000000020
2026/09/19 21:34:06.744, 0, 79, 97.97, 100, 7965, 974, 715, P0, 0x0000000000000000
2026/09/19 21:34:06.748, 1, 79, 121.20, 100, 8507, 1126, 715, P0, 0x0000000000000020
2026/09/19 21:34:07.754, 0, 79, 98.45, 100, 7965, 1088, 715, P0, 0x0000000000000000
2026/09/19 21:34:07.763, 1, 78, 57.25, 0, 8507, 1316, 715, P0, 0x0000000000000000
2026/09/19 21:34:08.769, 0, 79, 102.72, 100, 7965, 999, 715, P0, 0x0000000000000020
2026/09/19 21:34:08.772, 1, 79, 124.96, 100, 8507, 1139, 715, P0, 0x0000000000000020
2026/09/19 21:34:09.781, 0, 79, 118.86, 100, 7965, 847, 715, P0, 0x0000000000000000
2026/09/19 21:34:09.786, 1, 80, 125.19, 100, 8507, 1139, 715, P0, 0x0000000000000020
2026/09/19 21:34:10.795, 0, 79, 102.60, 100, 7965, 999, 715, P0, 0x0000000000000020
2026/09/19 21:34:10.802, 1, 79, 152.12, 100, 8507, 1189, 715, P0, 0x0000000000000000
2026/09/19 21:34:11.810, 0, 79, 102.09, 100, 7965, 999, 715, P0, 0x0000000000000000
2026/09/19 21:34:11.813, 1, 79, 108.64, 100, 8507, 1075, 715, P0, 0x0000000000000020
2026/09/19 21:34:12.826, 0, 79, 131.86, 100, 7965, 961, 715, P0, 0x0000000000000020
2026/09/19 21:34:12.829, 1, 78, 51.94, 0, 8507, 1227, 715, P0, 0x0000000000000000
2026/09/19 21:34:13.841, 0, 79, 101.83, 100, 7965, 1012, 715, P0, 0x0000000000000020
2026/09/19 21:34:13.844, 1, 79, 116.72, 100, 8507, 1126, 715, P0, 0x0000000000000000
2026/09/19 21:34:14.855, 0, 79, 91.80, 100, 7965, 860, 715, P0, 0x0000000000000000
2026/09/19 21:34:14.866, 1, 79, 116.51, 100, 8507, 1113, 715, P0, 0x0000000000000020
2026/09/19 21:34:15.885, 0, 79, 102.86, 100, 7965, 999, 715, P0, 0x0000000000000020
2026/09/19 21:34:15.888, 1, 79, 144.84, 100, 8507, 1177, 715, P0, 0x0000000000000020
2026/09/19 21:34:16.896, 0, 79, 102.46, 100, 7965, 1012, 715, P0, 0x0000000000000020
2026/09/19 21:34:16.906, 1, 79, 124.72, 100, 8507, 1126, 715, P0, 0x0000000000000020
2026/09/19 21:34:17.915, 0, 79, 111.92, 100, 7965, 860, 715, P0, 0x0000000000000000
2026/09/19 21:34:17.928, 1, 79, 154.22, 0, 8507, 1189, 715, P0, 0x0000000000000000
2026/09/19 21:34:18.944, 0, 79, 102.57, 100, 7965, 1012, 715, P0, 0x0000000000000020
2026/09/19 21:34:18.946, 1, 79, 101.52, 100, 8507, 1126, 715, P0, 0x0000000000000000
2026/09/19 21:34:19.959, 0, 79, 99.61, 100, 7965, 999, 715, P0, 0x0000000000000000
2026/09/19 21:34:19.967, 1, 79, 114.33, 100, 8507, 1101, 715, P0, 0x0000000000000020
2026/09/19 21:34:20.974, 0, 79, 101.03, 100, 7965, 1025, 715, P0, 0x0000000000000000
2026/09/19 21:34:20.986, 1, 79, 129.73, 100, 8507, 1063, 715, P0, 0x0000000000000000
2026/09/19 21:34:22.003, 0, 79, 103.29, 100, 7965, 1012, 715, P0, 0x0000000000000020
2026/09/19 21:34:22.007, 1, 79, 104.63, 100, 8507, 1126, 715, P0, 0x0000000000000020
2026/09/19 21:34:23.016, 0, 79, 120.60, 100, 7965, 835, 715, P0, 0x0000000000000020
2026/09/19 21:34:23.028, 1, 79, 99.60, 0, 8507, 885, 715, P0, 0x0000000000000000
2026/09/19 21:34:24.044, 0, 79, 102.59, 100, 7965, 1012, 715, P0, 0x0000000000000020
2026/09/19 21:34:24.047, 1, 79, 96.29, 100, 8507, 1063, 715, P0, 0x0000000000000020
2026/09/19 21:34:25.057, 0, 79, 102.56, 100, 7965, 1012, 715, P0, 0x0000000000000020
2026/09/19 21:34:25.067, 1, 79, 111.04, 100, 8507, 1050, 715, P0, 0x0000000000000020
2026/09/19 21:34:26.075, 0, 79, 87.23, 100, 7965, 1050, 715, P0, 0x0000000000000000
2026/09/19 21:34:26.086, 1, 79, 124.10, 100, 8507, 1012, 715, P0, 0x0000000000000000
2026/09/19 21:34:27.090, 0, 79, 102.56, 100, 7965, 999, 715, P0, 0x0000000000000020
2026/09/19 21:34:27.094, 1, 79, 102.00, 100, 8507, 1113, 715, P0, 0x0000000000000000
2026/09/19 21:34:28.120, 0, 79, 78.89, 100, 7965, 847, 715, P0, 0x0000000000000000
2026/09/19 21:34:28.128, 1, 78, 53.30, 0, 8507, 1265, 715, P0, 0x0000000000000000
2026/09/19 21:34:29.135, 0, 79, 93.43, 100, 7965, 607, 715, P0, 0x0000000000000020
2026/09/19 21:34:29.150, 1, 79, 125.31, 100, 8507, 1139, 715, P0, 0x0000000000000020
2026/09/19 21:34:30.167, 0, 79, 88.74, 100, 7965, 797, 715, P0, 0x0000000000000000
2026/09/19 21:34:30.170, 1, 79, 106.60, 100, 8507, 1050, 715, P0, 0x0000000000000020
2026/09/19 21:34:31.182, 0, 79, 85.37, 100, 7965, 1025, 715, P0, 0x0000000000000000
2026/09/19 21:34:31.185, 1, 78, 48.94, 0, 8507, 1189, 715, P0, 0x0000000000000000
2026/09/19 21:34:32.198, 0, 79, 99.58, 100, 7965, 961, 715, P0, 0x0000000000000020
2026/09/19 21:34:32.208, 1, 79, 129.73, 100, 8507, 1164, 715, P0, 0x0000000000000020
2026/09/19 21:34:33.215, 0, 79, 126.23, 100, 7965, 961, 715, P0, 0x0000000000000020
2026/09/19 21:34:33.227, 1, 79, 112.37, 100, 8507, 1075, 715, P0, 0x0000000000000020
2026/09/19 21:34:34.242, 0, 79, 98.45, 100, 7965, 949, 715, P0, 0x0000000000000000
2026/09/19 21:34:34.245, 1, 79, 123.36, 100, 8507, 1139, 715, P0, 0x0000000000000020
2026/09/19 21:34:35.259, 0, 79, 123.58, 100, 7965, 923, 715, P0, 0x0000000000000020
2026/09/19 21:34:35.267, 1, 79, 121.09, 100, 8507, 1139, 715, P0, 0x0000000000000000
2026/09/19 21:34:36.277, 0, 79, 100.62, 100, 7965, 961, 715, P0, 0x0000000000000020
2026/09/19 21:34:36.286, 1, 78, 50.58, 0, 8507, 1189, 715, P0, 0x0000000000000000
2026/09/19 21:34:37.291, 0, 79, 126.31, 100, 7965, 923, 715, P0, 0x0000000000000020
2026/09/19 21:34:37.295, 1, 79, 135.50, 100, 8507, 1215, 715, P0, 0x0000000000000020
2026/09/19 21:34:38.308, 0, 79, 99.69, 100, 7965, 961, 715, P0, 0x0000000000000020
2026/09/19 21:34:38.311, 1, 79, 107.96, 100, 8507, 1037, 715, P0, 0x0000000000000000
2026/09/19 21:34:39.320, 0, 79, 117.60, 100, 7965, 797, 715, P0, 0x0000000000000020
2026/09/19 21:34:39.330, 1, 78, 157.67, 0, 8507, 1139, 715, P0, 0x0000000000000020
2026/09/19 21:34:40.349, 0, 79, 99.52, 100, 7965, 961, 715, P0, 0x0000000000000020
2026/09/19 21:34:40.352, 1, 79, 142.21, 100, 8507, 1126, 715, P0, 0x0000000000000020
2026/09/19 21:34:41.365, 0, 79, 110.91, 100, 7965, 772, 715, P0, 0x0000000000000020
2026/09/19 21:34:41.371, 1, 79, 95.57, 100, 8507, 898, 715, P0, 0x0000000000000020
2026/09/19 21:34:42.379, 0, 79, 98.72, 100, 7965, 961, 715, P0, 0x0000000000000020
2026/09/19 21:34:42.388, 1, 79, 107.70, 100, 8507, 1075, 715, P0, 0x0000000000000020
2026/09/19 21:34:43.403, 0, 79, 108.48, 100, 7965, 746, 715, P0, 0x0000000000000020
2026/09/19 21:34:43.412, 1, 79, 108.64, 100, 8507, 1075, 715, P0, 0x0000000000000020
2026/09/19 21:34:44.415, 0, 79, 99.73, 100, 7965, 961, 715, P0, 0x0000000000000020
2026/09/19 21:34:44.418, 1, 78, 49.62, 99, 8507, 1189, 715, P0, 0x0000000000000000
2026/09/19 21:34:45.432, 0, 79, 108.44, 100, 7965, 772, 715, P0, 0x0000000000000020
2026/09/19 21:34:45.436, 1, 79, 118.56, 100, 8507, 1139, 715, P0, 0x0000000000000000
2026/09/19 21:34:46.446, 0, 79, 99.92, 100, 7965, 961, 715, P0, 0x0000000000000000
2026/09/19 21:34:46.450, 1, 79, 110.08, 100, 8507, 1101, 715, P0, 0x0000000000000000
2026/09/19 21:34:47.461, 0, 79, 111.26, 99, 7965, 772, 715, P0, 0x0000000000000020
2026/09/19 21:34:47.469, 1, 78, 118.58, 62, 8507, 1151, 715, P0, 0x0000000000000000
2026/09/19 21:34:48.475, 0, 79, 100.00, 100, 7965, 961, 715, P0, 0x0000000000000000
2026/09/19 21:34:48.479, 1, 80, 137.67, 100, 8507, 1126, 715, P0, 0x0000000000000020
2026/09/19 21:34:49.488, 0, 79, 110.57, 100, 7965, 784, 715, P0, 0x0000000000000020
2026/09/19 21:34:49.491, 1, 79, 113.30, 100, 8507, 1075, 715, P0, 0x0000000000000020
2026/09/19 21:34:50.503, 0, 79, 98.87, 100, 7965, 949, 715, P0, 0x0000000000000020
2026/09/19 21:34:50.508, 1, 79, 122.16, 100, 8507, 1126, 715, P0, 0x0000000000000020
2026/09/19 21:34:51.518, 0, 79, 106.98, 100, 7965, 759, 715, P0, 0x0000000000000020
2026/09/19 21:34:51.529, 1, 79, 125.45, 100, 8507, 1139, 715, P0, 0x0000000000000000
2026/09/19 21:34:52.534, 0, 79, 100.15, 100, 7965, 961, 715, P0, 0x0000000000000020
2026/09/19 21:34:52.537, 1, 78, 52.99, 0, 8507, 1252, 715, P0, 0x0000000000000000
2026/09/19 21:34:53.547, 0, 79, 112.50, 100, 7965, 772, 715, P0, 0x0000000000000020
2026/09/19 21:34:53.550, 1, 80, 130.39, 100, 8507, 1189, 715, P0, 0x0000000000000020
2026/09/19 21:34:54.564, 0, 79, 99.38, 100, 7965, 961, 715, P0, 0x0000000000000020
2026/09/19 21:34:54.569, 1, 79, 103.93, 100, 8507, 999, 715, P0, 0x0000000000000000
2026/09/19 21:34:55.578, 0, 79, 111.63, 100, 7965, 797, 715, P0, 0x0000000000000020
2026/09/19 21:34:55.591, 1, 78, 138.73, 0, 8507, 1075, 715, P0, 0x0000000000000020
2026/09/19 21:34:56.610, 0, 79, 100.55, 100, 7965, 961, 715, P0, 0x0000000000000020
2026/09/19 21:34:56.613, 1, 79, 135.45, 100, 8507, 1050, 715, P0, 0x0000000000000020
2026/09/19 21:34:57.620, 0, 79, 110.38, 100, 7965, 772, 715, P0, 0x0000000000000020
2026/09/19 21:34:57.631, 1, 79, 112.40, 100, 8507, 1075, 715, P0, 0x0000000000000020
2026/09/19 21:34:58.637, 0, 79, 99.83, 100, 7965, 961, 715, P0, 0x0000000000000020
2026/09/19 21:34:58.651, 1, 79, 123.58, 100, 8507, 1126, 715, P0, 0x0000000000000020
2026/09/19 21:34:59.667, 0, 79, 116.23, 100, 7965, 772, 715, P0, 0x0000000000000020
2026/09/19 21:34:59.672, 1, 80, 122.56, 100, 8507, 1139, 715, P0, 0x0000000000000020
2026/09/19 21:35:00.680, 0, 79, 100.87, 100, 7965, 974, 715, P0, 0x0000000000000020
2026/09/19 21:35:00.689, 1, 78, 50.58, 10, 8507, 1189, 715, P0, 0x0000000000000000
2026/09/19 21:35:01.695, 0, 79, 113.04, 100, 7965, 784, 715, P0, 0x0000000000000020
2026/09/19 21:35:01.698, 1, 79, 114.33, 100, 8507, 1113, 715, P0, 0x0000000000000020
2026/09/19 21:35:02.707, 0, 79, 100.56, 100, 7965, 974, 715, P0, 0x0000000000000000
2026/09/19 21:35:02.711, 1, 79, 126.29, 100, 8507, 1025, 715, P0, 0x0000000000000020
2026/09/19 21:35:03.721, 0, 79, 108.17, 100, 7965, 746, 715, P0, 0x0000000000000020
2026/09/19 21:35:03.734, 1, 79, 108.91, 17, 8507, 822, 715, P0, 0x0000000000000020
2026/09/19 21:35:04.754, 0, 79, 100.16, 100, 7965, 974, 715, P0, 0x0000000000000000
2026/09/19 21:35:04.757, 1, 79, 111.53, 100, 8507, 1075, 715, P0, 0x0000000000000000
2026/09/19 21:35:05.768, 0, 79, 115.44, 100, 7965, 746, 715, P0, 0x0000000000000020
2026/09/19 21:35:05.774, 1, 79, 107.68, 100, 8507, 1075, 715, P0, 0x0000000000000000
2026/09/19 21:35:06.783, 0, 79, 105.13, 100, 7965, 1025, 715, P0, 0x0000000000000020
2026/09/19 21:35:06.790, 1, 79, 115.04, 100, 8507, 1126, 715, P0, 0x0000000000000020
2026/09/19 21:35:07.799, 0, 79, 98.22, 100, 7965, 873, 715, P0, 0x0000000000000000
2026/09/19 21:35:07.814, 1, 79, 120.51, 100, 8507, 1139, 715, P0, 0x0000000000000000
2026/09/19 21:35:08.829, 0, 79, 104.00, 100, 7965, 1025, 715, P0, 0x0000000000000020
2026/09/19 21:35:08.832, 1, 78, 50.58, 83, 8507, 1189, 715, P0, 0x0000000000000000
2026/09/19 21:35:09.841, 0, 79, 101.61, 100, 7965, 1037, 715, P0, 0x0000000000000000
2026/09/19 21:35:09.852, 1, 79, 106.98, 100, 8507, 1075, 715, P0, 0x0000000000000000
2026/09/19 21:35:10.857, 0, 79, 90.83, 100, 7965, 1063, 715, P0, 0x0000000000000000
2026/09/19 21:35:10.860, 1, 79, 110.05, 100, 8507, 987, 715, P0, 0x0000000000000020
2026/09/19 21:35:11.884, 0, 79, 105.85, 100, 7965, 1037, 715, P0, 0x0000000000000020
2026/09/19 21:35:11.890, 1, 79, 111.92, 100, 8507, 1075, 715, P0, 0x0000000000000020
2026/09/19 21:35:12.897, 0, 79, 124.34, 100, 7965, 873, 715, P0, 0x0000000000000020
2026/09/19 21:35:12.900, 1, 79, 104.06, 100, 8507, 1063, 715, P0, 0x0000000000000000
2026/09/19 21:35:13.922, 0, 79, 104.82, 100, 7965, 1037, 715, P0, 0x0000000000000000
2026/09/19 21:35:13.932, 1, 79, 134.18, 100, 8507, 1151, 715, P0, 0x0000000000000000
2026/09/19 21:35:14.938, 0, 79, 96.06, 100, 7965, 936, 715, P0, 0x0000000000000000
2026/09/19 21:35:14.941, 1, 79, 116.26, 100, 8507, 1126, 715, P0, 0x0000000000000000
2026/09/19 21:35:15.966, 0, 79, 107.32, 100, 7965, 1025, 715, P0, 0x0000000000000020
2026/09/19 21:35:15.971, 1, 79, 104.88, 100, 8507, 1025, 715, P0, 0x0000000000000000
2026/09/19 21:35:16.979, 0, 79, 102.24, 98, 7965, 1025, 715, P0, 0x0000000000000000
2026/09/19 21:35:16.982, 1, 79, 120.48, 100, 8507, 1139, 715, P0, 0x0000000000000000
2026/09/19 21:35:17.990, 0, 79, 89.93, 100, 7965, 1063, 715, P0, 0x0000000000000000
2026/09/19 21:35:17.993, 1, 79, 112.28, 100, 8507, 1113, 715, P0, 0x0000000000000000
2026/09/19 21:35:19.007, 0, 79, 105.75, 100, 7965, 1037, 715, P0, 0x0000000000000000
2026/09/19 21:35:19.012, 1, 79, 83.12, 100, 8507, 1037, 715, P0, 0x0000000000000000
2026/09/19 21:35:20.017, 0, 79, 120.42, 100, 7965, 898, 715, P0, 0x0000000000000020
2026/09/19 21:35:20.020, 1, 79, 99.77, 100, 8507, 987, 715, P0, 0x0000000000000000
2026/09/19 21:35:21.048, 0, 79, 106.35, 100, 7965, 1012, 715, P0, 0x0000000000000020
2026/09/19 21:35:21.052, 1, 79, 108.87, 100, 8507, 1063, 715, P0, 0x0000000000000020
2026/09/19 21:35:22.064, 0, 79, 93.75, 98, 7965, 873, 715, P0, 0x0000000000000000
2026/09/19 21:35:22.073, 1, 79, 106.10, 87, 8507, 1101, 715, P0, 0x0000000000000000
2026/09/19 21:35:23.078, 0, 79, 103.62, 100, 7965, 1025, 715, P0, 0x0000000000000020
2026/09/19 21:35:23.080, 1, 79, 140.79, 100, 8507, 1050, 715, P0, 0x0000000000000020
2026/09/19 21:35:24.094, 0, 79, 102.01, 100, 7965, 1012, 715, P0, 0x0000000000000020
2026/09/19 21:35:24.097, 1, 79, 116.25, 100, 8507, 1101, 715, P0, 0x0000000000000020
2026/09/19 21:35:25.107, 0, 79, 107.84, 100, 7965, 999, 715, P0, 0x0000000000000020
2026/09/19 21:35:25.115, 1, 79, 137.52, 100, 8507, 1063, 715, P0, 0x0000000000000020
2026/09/19 21:35:26.119, 0, 79, 102.50, 100, 7965, 1025, 715, P0, 0x0000000000000020
2026/09/19 21:35:26.123, 1, 79, 117.69, 100, 8507, 1126, 715, P0, 0x0000000000000000
2026/09/19 21:35:27.135, 0, 79, 129.21, 100, 7965, 961, 715, P0, 0x0000000000000020
2026/09/19 21:35:27.139, 1, 78, 53.42, 0, 8507, 1265, 715, P0, 0x0000000000000000
2026/09/19 21:35:28.147, 0, 79, 105.16, 100, 7965, 1037, 715, P0, 0x0000000000000000
2026/09/19 21:35:28.153, 1, 79, 106.49, 100, 8507, 1063, 715, P0, 0x0000000000000000
2026/09/19 21:35:29.166, 0, 79, 115.62, 100, 7965, 860, 715, P0, 0x0000000000000020
2026/09/19 21:35:29.175, 1, 79, 104.25, 100, 8507, 1050, 715, P0, 0x0000000000000000
2026/09/19 21:35:30.194, 0, 79, 104.42, 100, 7965, 1025, 715, P0, 0x0000000000000020
2026/09/19 21:35:30.197, 1, 79, 111.52, 100, 8507, 1075, 715, P0, 0x0000000000000020
2026/09/19 21:35:31.210, 0, 79, 92.53, 100, 7965, 873, 715, P0, 0x0000000000000000
2026/09/19 21:35:31.215, 1, 79, 112.50, 100, 8507, 1101, 715, P0, 0x0000000000000000
2026/09/19 21:35:32.224, 0, 79, 104.00, 100, 7965, 1012, 715, P0, 0x0000000000000020
2026/09/19 21:35:32.233, 1, 79, 49.86, 100, 8507, 1189, 715, P0, 0x0000000000000000
2026/09/19 21:35:33.238, 0, 79, 98.71, 100, 7965, 987, 715, P0, 0x0000000000000000
2026/09/19 21:35:33.241, 1, 79, 112.01, 100, 8507, 1101, 715, P0, 0x0000000000000020
2026/09/19 21:35:34.254, 0, 79, 104.17, 100, 7965, 1012, 715, P0, 0x0000000000000020
2026/09/19 21:35:34.257, 1, 79, 122.62, 100, 8507, 999, 715, P0, 0x0000000000000000
2026/09/19 21:35:35.265, 0, 79, 102.01, 100, 7965, 1012, 715, P0, 0x0000000000000020
2026/09/19 21:35:35.272, 1, 79, 116.00, 50, 8507, 1126, 715, P0, 0x0000000000000020
2026/09/19 21:35:36.279, 0, 79, 104.13, 100, 7965, 1025, 715, P0, 0x0000000000000000
2026/09/19 21:35:36.282, 1, 79, 114.29, 100, 8507, 1050, 715, P0, 0x0000000000000000
2026/09/19 21:35:37.294, 0, 79, 103.70, 100, 7965, 1025, 715, P0, 0x0000000000000020
2026/09/19 21:35:37.297, 1, 79, 116.00, 100, 8507, 1113, 715, P0, 0x0000000000000020
2026/09/19 21:35:38.309, 0, 79, 89.09, 100, 7965, 1063, 715, P0, 0x0000000000000000
2026/09/19 21:35:38.315, 1, 79, 130.46, 100, 8507, 1063, 715, P0, 0x0000000000000000
2026/09/19 21:35:39.321, 0, 79, 104.40, 100, 7965, 1025, 715, P0, 0x0000000000000020
2026/09/19 21:35:39.330, 1, 80, 121.91, 100, 8507, 1126, 715, P0, 0x0000000000000020
2026/09/19 21:35:40.341, 0, 79, 114.67, 100, 7965, 873, 715, P0, 0x0000000000000000
2026/09/19 21:35:40.355, 1, 79, 145.57, 0, 8507, 1075, 715, P0, 0x0000000000000020
2026/09/19 21:35:41.370, 0, 79, 105.64, 100, 7965, 1025, 715, P0, 0x0000000000000020
2026/09/19 21:35:41.374, 1, 79, 105.36, 100, 8507, 1037, 715, P0, 0x0000000000000020
2026/09/19 21:35:42.393, 0, 79, 110.65, 100, 7965, 797, 715, P0, 0x0000000000000020
2026/09/19 21:35:42.396, 1, 79, 100.31, 100, 8507, 1025, 715, P0, 0x0000000000000000
2026/09/19 21:35:43.407, 0, 79, 104.20, 100, 7965, 1025, 715, P0, 0x0000000000000020
2026/09/19 21:35:43.413, 1, 79, 108.41, 100, 8507, 1075, 715, P0, 0x0000000000000000
2026/09/19 21:35:44.423, 0, 79, 92.29, 100, 7965, 860, 715, P0, 0x0000000000000000
2026/09/19 21:35:44.434, 1, 79, 107.06, 100, 8507, 1063, 715, P0, 0x0000000000000020
2026/09/19 21:35:45.438, 0, 79, 102.67, 100, 7965, 1025, 715, P0, 0x0000000000000020
2026/09/19 21:35:45.441, 1, 79, 78.44, 100, 8507, 1075, 715, P0, 0x0000000000000020
2026/09/19 21:35:46.458, 0, 79, 95.82, 100, 7965, 949, 715, P0, 0x0000000000000000
2026/09/19 21:35:46.461, 1, 79, 114.82, 100, 8507, 1113, 715, P0, 0x0000000000000020
2026/09/19 21:35:47.470, 0, 79, 103.88, 100, 7965, 1025, 715, P0, 0x0000000000000020
2026/09/19 21:35:47.476, 1, 79, 121.67, 100, 8507, 936, 715, P0, 0x0000000000000020
2026/09/19 21:35:48.481, 0, 79, 98.95, 98, 7965, 987, 715, P0, 0x0000000000000000
2026/09/19 21:35:48.484, 1, 79, 113.86, 100, 8507, 1126, 715, P0, 0x0000000000000020
2026/09/19 21:35:49.511, 0, 79, 104.41, 100, 7965, 1025, 715, P0, 0x0000000000000000
2026/09/19 21:35:49.516, 1, 79, 125.98, 100, 8507, 1025, 715, P0, 0x0000000000000020
2026/09/19 21:35:50.525, 0, 79, 102.83, 100, 7965, 1025, 715, P0, 0x0000000000000020
2026/09/19 21:35:50.532, 1, 79, 100.09, 100, 8507, 961, 715, P0, 0x0000000000000020
2026/09/19 21:35:51.540, 0, 79, 105.73, 100, 7965, 1025, 715, P0, 0x0000000000000020
2026/09/19 21:35:51.542, 1, 79, 90.10, 100, 8507, 1050, 715, P0, 0x0000000000000000
2026/09/19 21:35:52.554, 0, 79, 103.30, 100, 7965, 1025, 715, P0, 0x0000000000000020
2026/09/19 21:35:52.557, 1, 79, 102.72, 100, 8507, 1025, 715, P0, 0x0000000000000020
2026/09/19 21:35:53.567, 0, 79, 90.61, 100, 7965, 1063, 715, P0, 0x0000000000000000
2026/09/19 21:35:53.573, 1, 79, 53.27, 100, 8507, 1177, 715, P0, 0x0000000000000000
2026/09/19 21:35:54.581, 0, 79, 103.79, 100, 7965, 1025, 715, P0, 0x0000000000000020
2026/09/19 21:35:54.584, 1, 79, 103.43, 100, 8507, 1025, 715, P0, 0x0000000000000020
2026/09/19 21:35:55.595, 0, 79, 92.25, 100, 7965, 1075, 715, P0, 0x0000000000000000
2026/09/19 21:35:55.600, 1, 79, 120.27, 100, 8507, 835, 715, P0, 0x0000000000000020
2026/09/19 21:35:56.605, 0, 79, 103.30, 99, 7965, 1025, 715, P0, 0x0000000000000000
2026/09/19 21:35:56.615, 1, 79, 102.96, 100, 8507, 1025, 715, P0, 0x0000000000000020
2026/09/19 21:35:57.623, 0, 79, 104.14, 100, 7965, 1113, 715, P0, 0x0000000000000000
2026/09/19 21:35:57.632, 1, 79, 112.83, 100, 8507, 822, 715, P0, 0x0000000000000000
2026/09/19 21:35:58.650, 0, 79, 105.88, 100, 7965, 1025, 715, P0, 0x0000000000000020
2026/09/19 21:35:58.653, 1, 79, 104.57, 100, 8507, 1025, 715, P0, 0x0000000000000020
2026/09/19 21:35:59.667, 0, 79, 129.72, 100, 7965, 1012, 715, P0, 0x0000000000000020
2026/09/19 21:35:59.674, 1, 79, 119.64, 100, 8507, 847, 715, P0, 0x0000000000000020
2026/09/19 21:36:00.697, 0, 79, 91.58, 100, 7965, 797, 715, P0, 0x0000000000000020
2026/09/19 21:36:00.700, 1, 79, 105.39, 100, 8507, 1037, 715, P0, 0x0000000000000020
2026/09/19 21:36:01.712, 0, 79, 89.41, 100, 7965, 797, 715, P0, 0x0000000000000020
2026/09/19 21:36:01.716, 1, 78, 50.14, 24, 8507, 1189, 715, P0, 0x0000000000000000
2026/09/19 21:36:02.728, 0, 79, 82.23, 100, 7965, 797, 715, P0, 0x0000000000000020
2026/09/19 21:36:02.735, 1, 79, 115.89, 100, 8507, 1126, 715, P0, 0x0000000000000020
2026/09/19 21:36:03.743, 0, 79, 96.50, 100, 7965, 594, 715, P0, 0x0000000000000000
2026/09/19 21:36:03.757, 1, 79, 130.32, 100, 8507, 1050, 715, P0, 0x0000000000000020
2026/09/19 21:36:04.772, 0, 79, 92.96, 100, 7965, 873, 715, P0, 0x0000000000000020
2026/09/19 21:36:04.775, 1, 78, 56.83, 41, 8507, 1328, 715, P0, 0x0000000000000000
2026/09/19 21:36:05.782, 0, 79, 93.05, 100, 7965, 873, 715, P0, 0x0000000000000020
2026/09/19 21:36:05.793, 1, 79, 162.69, 100, 8507, 1227, 715, P0, 0x0000000000000020
2026/09/19 21:36:06.814, 0, 78, 117.41, 100, 7965, 923, 715, P0, 0x0000000000000020
2026/09/19 21:36:06.817, 1, 80, 126.76, 100, 8507, 1151, 715, P0, 0x0000000000000020
2026/09/19 21:36:07.826, 0, 79, 92.48, 100, 7965, 885, 715, P0, 0x0000000000000000
2026/09/19 21:36:07.835, 1, 78, 56.59, 63, 8507, 1316, 715, P0, 0x0000000000000000
2026/09/19 21:36:08.854, 0, 79, 94.60, 100, 7965, 885, 715, P0, 0x0000000000000000
2026/09/19 21:36:08.858, 1, 79, 130.23, 100, 8507, 1177, 715, P0, 0x0000000000000020
2026/09/19 21:36:09.874, 0, 79, 88.02, 100, 7965, 885, 715, P0, 0x0000000000000000
2026/09/19 21:36:09.877, 1, 79, 108.28, 100, 8507, 1075, 715, P0, 0x0000000000000020
2026/09/19 21:36:10.886, 0, 79, 93.27, 100, 7965, 923, 715, P0, 0x0000000000000000
2026/09/19 21:36:10.896, 1, 78, 50.83, 41, 8507, 1252, 715, P0, 0x0000000000000000
2026/09/19 21:36:11.913, 0, 79, 99.09, 100, 7965, 961, 715, P0, 0x0000000000000020
2026/09/19 21:36:11.916, 1, 79, 135.88, 100, 8507, 1189, 715, P0, 0x0000000000000020
2026/09/19 21:36:12.928, 0, 79, 107.26, 100, 7965, 734, 715, P0, 0x0000000000000020
2026/09/19 21:36:12.938, 1, 79, 115.75, 100, 8507, 1113, 715, P0, 0x0000000000000020
2026/09/19 21:36:13.944, 0, 79, 99.67, 100, 7965, 961, 715, P0, 0x0000000000000020
2026/09/19 21:36:13.954, 1, 78, 50.58, 21, 8507, 1189, 715, P0, 0x0000000000000000
2026/09/19 21:36:14.959, 0, 79, 99.57, 100, 7965, 961, 715, P0, 0x0000000000000020
2026/09/19 21:36:14.962, 1, 79, 140.24, 100, 8507, 1113, 715, P0, 0x0000000000000000
2026/09/19 21:36:15.977, 0, 79, 95.60, 100, 7965, 936, 715, P0, 0x0000000000000000
2026/09/19 21:36:15.980, 1, 79, 113.45, 100, 8507, 1101, 715, P0, 0x0000000000000000
2026/09/19 21:36:16.991, 0, 79, 100.20, 100, 7965, 961, 715, P0, 0x0000000000000020
2026/09/19 21:36:16.994, 1, 78, 51.55, 0, 8507, 1215, 715, P0, 0x0000000000000000
2026/09/19 21:36:17.999, 0, 79, 113.16, 100, 7965, 797, 715, P0, 0x0000000000000000
2026/09/19 21:36:18.002, 1, 79, 127.57, 100, 8507, 1177, 715, P0, 0x0000000000000020
2026/09/19 21:36:19.016, 0, 79, 98.71, 100, 7965, 949, 715, P0, 0x0000000000000020
2026/09/19 21:36:19.020, 1, 79, 125.91, 100, 8507, 936, 715, P0, 0x0000000000000020
2026/09/19 21:36:20.028, 0, 79, 98.04, 100, 7965, 961, 715, P0, 0x0000000000000020
2026/09/19 21:36:20.034, 1, 78, 49.89, 0, 8507, 1189, 715, P0, 0x0000000000000000
2026/09/19 21:36:21.044, 0, 78, 91.71, 100, 7965, 898, 715, P0, 0x0000000000000000
2026/09/19 21:36:21.055, 1, 79, 125.05, 100, 8507, 1151, 715, P0, 0x0000000000000020
2026/09/19 21:36:22.074, 0, 79, 99.23, 100, 7965, 961, 715, P0, 0x0000000000000000
2026/09/19 21:36:22.079, 1, 79, 100.38, 100, 8507, 1025, 715, P0, 0x0000000000000000
2026/09/19 21:36:23.087, 0, 79, 110.73, 99, 7965, 759, 715, P0, 0x0000000000000020
2026/09/19 21:36:23.098, 1, 78, 142.12, 30, 8507, 1050, 715, P0, 0x0000000000000020
2026/09/19 21:36:24.119, 0, 79, 104.40, 100, 7965, 1025, 715, P0, 0x0000000000000020
2026/09/19 21:36:24.122, 1, 79, 121.43, 100, 8507, 1139, 715, P0, 0x0000000000000000
2026/09/19 21:36:25.134, 0, 79, 125.48, 100, 7965, 999, 715, P0, 0x0000000000000020
2026/09/19 21:36:25.137, 1, 79, 121.41, 100, 8507, 1139, 715, P0, 0x0000000000000000
2026/09/19 21:36:26.150, 0, 79, 102.46, 100, 7965, 1025, 715, P0, 0x0000000000000020
2026/09/19 21:36:26.153, 1, 79, 128.77, 100, 8507, 1164, 715, P0, 0x0000000000000020
2026/09/19 21:36:27.163, 0, 79, 89.37, 100, 7965, 1063, 715, P0, 0x0000000000000000
2026/09/19 21:36:27.173, 1, 79, 125.29, 100, 8507, 1151, 715, P0, 0x0000000000000020
2026/09/19 21:36:28.197, 0, 79, 103.78, 100, 7965, 1025, 715, P0, 0x0000000000000020
2026/09/19 21:36:28.201, 1, 79, 100.61, 100, 8507, 1088, 715, P0, 0x0000000000000000
2026/09/19 21:36:29.212, 0, 79, 103.38, 100, 7965, 1025, 715, P0, 0x0000000000000000
2026/09/19 21:36:29.216, 1, 79, 135.87, 100, 8507, 1050, 715, P0, 0x0000000000000020
2026/09/19 21:36:30.233, 0, 79, 101.77, 100, 7965, 1025, 715, P0, 0x0000000000000020
2026/09/19 21:36:30.236, 1, 79, 116.73, 100, 8507, 1126, 715, P0, 0x0000000000000000
2026/09/19 21:36:31.248, 0, 79, 106.08, 100, 7965, 1037, 715, P0, 0x0000000000000000
2026/09/19 21:36:31.253, 1, 78, 56.81, 55, 8507, 1316, 715, P0, 0x0000000000000000
2026/09/19 21:36:32.265, 0, 79, 101.77, 100, 7965, 1012, 715, P0, 0x0000000000000020
2026/09/19 21:36:32.274, 1, 79, 116.00, 100, 8507, 1126, 715, P0, 0x0000000000000000
2026/09/19 21:36:33.293, 0, 79, 103.72, 100, 7965, 1025, 715, P0, 0x0000000000000000
2026/09/19 21:36:33.297, 1, 79, 104.64, 100, 8507, 1063, 715, P0, 0x0000000000000000
2026/09/19 21:36:34.319, 0, 79, 100.32, 99, 7965, 999, 715, P0, 0x0000000000000000
2026/09/19 21:36:34.323, 1, 79, 119.06, 100, 8507, 1139, 715, P0, 0x0000000000000000
2026/09/19 21:36:35.334, 0, 79, 102.66, 100, 7965, 1012, 715, P0, 0x0000000000000020
2026/09/19 21:36:35.337, 1, 79, 129.49, 100, 8507, 1025, 715, P0, 0x0000000000000020
2026/09/19 21:36:36.353, 0, 79, 99.76, 100, 7965, 999, 715, P0, 0x0000000000000000
2026/09/19 21:36:36.357, 1, 79, 101.29, 100, 8507, 999, 715, P0, 0x0000000000000000
2026/09/19 21:36:37.368, 0, 79, 102.75, 100, 7965, 1012, 715, P0, 0x0000000000000020
2026/09/19 21:36:37.375, 1, 79, 106.50, 100, 8507, 1050, 715, P0, 0x0000000000000000
2026/09/19 21:36:38.397, 0, 79, 98.97, 100, 7965, 987, 715, P0, 0x0000000000000000
2026/09/19 21:36:38.400, 1, 79, 103.68, 100, 8507, 1037, 715, P0, 0x0000000000000020
2026/09/19 21:36:39.430, 0, 79, 103.79, 100, 7965, 1025, 715, P0, 0x0000000000000020
2026/09/19 21:36:39.434, 1, 79, 91.78, 100, 8507, 1088, 715, P0, 0x0000000000000000
2026/09/19 21:36:40.457, 0, 79, 94.93, 100, 7965, 923, 715, P0, 0x0000000000000000
2026/09/19 21:36:40.461, 1, 79, 105.85, 100, 8507, 1075, 715, P0, 0x0000000000000020
2026/09/19 21:36:41.469, 0, 79, 103.07, 100, 7965, 1012, 715, P0, 0x0000000000000020
2026/09/19 21:36:41.475, 1, 79, 95.32, 100, 8507, 1101, 715, P0, 0x0000000000000000
2026/09/19 21:36:42.501, 0, 79, 118.74, 99, 7965, 810, 715, P0, 0x0000000000000020
2026/09/19 21:36:42.506, 1, 79, 106.47, 56, 8507, 1088, 715, P0, 0x0000000000000000
2026/09/19 21:36:43.510, 0, 79, 103.45, 100, 7965, 1012, 715, P0, 0x0000000000000020
2026/09/19 21:36:43.516, 1, 79, 118.39, 100, 8507, 1113, 715, P0, 0x0000000000000020
2026/09/19 21:36:44.526, 0, 79, 113.18, 100, 7965, 860, 715, P0, 0x0000000000000020
2026/09/19 21:36:44.536, 1, 79, 116.41, 100, 8507, 1113, 715, P0, 0x0000000000000020
2026/09/19 21:36:45.554, 0, 79, 103.70, 100, 7965, 1025, 715, P0, 0x0000000000000020
2026/09/19 21:36:45.557, 1, 79, 113.84, 100, 8507, 1126, 715, P0, 0x0000000000000020
2026/09/19 21:36:46.568, 0, 79, 128.83, 100, 7965, 911, 715, P0, 0x0000000000000020
2026/09/19 21:36:46.577, 1, 79, 115.16, 100, 8507, 1126, 715, P0, 0x0000000000000020
2026/09/19 21:36:47.597, 0, 79, 103.93, 100, 7965, 1025, 715, P0, 0x0000000000000020
2026/09/19 21:36:47.600, 1, 80, 101.33, 100, 8507, 1164, 715, P0, 0x0000000000000020
2026/09/19 21:36:48.616, 0, 79, 89.56, 100, 7965, 1050, 715, P0, 0x0000000000000000
2026/09/19 21:36:48.619, 1, 80, 125.09, 100, 8507, 1088, 715, P0, 0x0000000000000020
2026/09/19 21:36:49.630, 0, 79, 102.75, 100, 7965, 1025, 715, P0, 0x0000000000000000
2026/09/19 21:36:49.637, 1, 79, 107.44, 100, 8507, 1075, 715, P0, 0x0000000000000000
2026/09/19 21:36:50.657, 0, 79, 101.02, 100, 7965, 1025, 715, P0, 0x0000000000000020
2026/09/19 21:36:50.660, 1, 78, 55.58, 59, 8507, 1290, 715, P0, 0x0000000000000000
2026/09/19 21:36:51.664, 0, 79, 101.46, 100, 7965, 1012, 715, P0, 0x0000000000000000
2026/09/19 21:36:51.666, 1, 79, 115.68, 100, 8507, 1101, 715, P0, 0x0000000000000020
2026/09/19 21:36:52.676, 0, 79, 103.80, 100, 7965, 1012, 715, P0, 0x0000000000000020
2026/09/19 21:36:52.679, 1, 79, 126.29, 100, 8507, 1012, 715, P0, 0x0000000000000000
2026/09/19 21:36:53.699, 0, 79, 92.89, 98, 7965, 911, 715, P0, 0x0000000000000000
2026/09/19 21:36:53.705, 1, 79, 110.74, 92, 8507, 1113, 715, P0, 0x0000000000000000
2026/09/19 21:36:54.721, 0, 79, 102.75, 100, 7965, 1012, 715, P0, 0x0000000000000020
2026/09/19 21:36:54.726, 1, 79, 100.55, 100, 8507, 1113, 715, P0, 0x0000000000000000
2026/09/19 21:36:55.734, 0, 79, 102.27, 100, 7965, 797, 715, P0, 0x0000000000000000
2026/09/19 21:36:55.740, 1, 79, 116.03, 100, 8507, 1101, 715, P0, 0x0000000000000020
2026/09/19 21:36:56.745, 0, 79, 103.86, 100, 7965, 1025, 715, P0, 0x0000000000000000
2026/09/19 21:36:56.757, 1, 79, 120.40, 100, 8507, 1126, 715, P0, 0x0000000000000020
2026/09/19 21:36:57.770, 0, 79, 121.03, 100, 7965, 847, 715, P0, 0x0000000000000020
2026/09/19 21:36:57.781, 1, 79, 115.91, 100, 8507, 1126, 715, P0, 0x0000000000000020
2026/09/19 21:36:58.798, 0, 79, 106.12, 100, 7965, 1037, 715, P0, 0x0000000000000000
2026/09/19 21:36:58.801, 1, 79, 104.57, 100, 8507, 1037, 715, P0, 0x0000000000000020
2026/09/19 21:36:59.811, 0, 79, 90.55, 100, 7965, 1063, 715, P0, 0x0000000000000000
2026/09/19 21:36:59.818, 1, 79, 125.37, 100, 8507, 974, 715, P0, 0x0000000000000000
2026/09/19 21:37:00.840, 0, 79, 102.00, 100, 7965, 1025, 715, P0, 0x0000000000000020
2026/09/19 21:37:00.843, 1, 79, 116.25, 100, 8507, 1101, 715, P0, 0x0000000000000020
2026/09/19 21:37:01.851, 0, 79, 103.03, 100, 7965, 1012, 715, P0, 0x0000000000000020
2026/09/19 21:37:01.857, 1, 79, 51.99, 87, 8507, 1215, 715, P0, 0x0000000000000000
2026/09/19 21:37:02.875, 0, 79, 102.48, 100, 7965, 1012, 715, P0, 0x0000000000000020
2026/09/19 21:37:02.878, 1, 79, 121.91, 100, 8507, 1126, 715, P0, 0x0000000000000020
2026/09/19 21:37:03.898, 0, 79, 102.26, 100, 7965, 1012, 715, P0, 0x0000000000000020
2026/09/19 21:37:03.901, 1, 80, 116.31, 100, 8507, 1025, 715, P0, 0x0000000000000000
2026/09/19 21:37:04.909, 0, 79, 93.00, 98, 7965, 923, 715, P0, 0x0000000000000000
2026/09/19 21:37:04.920, 1, 79, 112.66, 75, 8507, 1113, 715, P0, 0x0000000000000020
2026/09/19 21:37:05.934, 0, 79, 102.74, 100, 7965, 1012, 715, P0, 0x0000000000000020
2026/09/19 21:37:05.938, 1, 79, 106.72, 100, 8507, 1126, 715, P0, 0x0000000000000020
2026/09/19 21:37:06.960, 0, 79, 117.25, 100, 7965, 835, 715, P0, 0x0000000000000020
2026/09/19 21:37:06.965, 1, 79, 97.66, 100, 8507, 949, 715, P0, 0x0000000000000000
2026/09/19 21:37:07.982, 0, 79, 103.05, 100, 7965, 1012, 715, P0, 0x0000000000000020
2026/09/19 21:37:07.985, 1, 79, 105.12, 100, 8507, 1037, 715, P0, 0x0000000000000020
2026/09/19 21:37:08.991, 0, 79, 126.96, 100, 7965, 961, 715, P0, 0x0000000000000020
2026/09/19 21:37:09.000, 1, 79, 110.66, 100, 8507, 873, 715, P0, 0x0000000000000000
2026/09/19 21:37:10.015, 0, 79, 105.22, 100, 7965, 1037, 715, P0, 0x0000000000000000
2026/09/19 21:37:10.018, 1, 79, 105.53, 100, 8507, 1037, 715, P0, 0x0000000000000020
2026/09/19 21:37:11.028, 0, 79, 105.79, 100, 7965, 1025, 715, P0, 0x0000000000000020
2026/09/19 21:37:11.036, 1, 79, 129.79, 100, 8507, 1012, 715, P0, 0x0000000000000020
2026/09/19 21:37:12.060, 0, 79, 102.51, 100, 7965, 1012, 715, P0, 0x0000000000000020
2026/09/19 21:37:12.063, 1, 79, 106.98, 100, 8507, 1037, 715, P0, 0x0000000000000020
2026/09/19 21:37:13.068, 0, 79, 104.76, 100, 7965, 1025, 715, P0, 0x0000000000000020
2026/09/19 21:37:13.075, 1, 79, 83.65, 100, 8507, 1113, 715, P0, 0x0000000000000000
2026/09/19 21:37:14.090, 0, 79, 95.17, 100, 7965, 961, 715, P0, 0x0000000000000000
2026/09/19 21:37:14.098, 1, 79, 107.53, 100, 8507, 1075, 715, P0, 0x0000000000000000
2026/09/19 21:37:15.111, 0, 79, 104.19, 100, 7965, 1012, 715, P0, 0x0000000000000020
2026/09/19 21:37:15.118, 1, 79, 103.42, 100, 8507, 1075, 715, P0, 0x0000000000000000
2026/09/19 21:37:16.135, 0, 79, 117.07, 100, 7965, 847, 715, P0, 0x0000000000000020
2026/09/19 21:37:16.140, 1, 79, 97.68, 17, 8507, 949, 715, P0, 0x0000000000000000
2026/09/19 21:37:17.161, 0, 79, 103.94, 100, 7965, 1025, 715, P0, 0x0000000000000020
2026/09/19 21:37:17.163, 1, 79, 112.47, 100, 8507, 1075, 715, P0, 0x0000000000000000
2026/09/19 21:37:18.169, 0, 79, 128.00, 100, 7965, 987, 715, P0, 0x0000000000000020
2026/09/19 21:37:18.178, 1, 79, 102.60, 100, 8507, 1050, 715, P0, 0x0000000000000000
2026/09/19 21:37:19.191, 0, 79, 103.72, 98, 7965, 1025, 715, P0, 0x0000000000000020
2026/09/19 21:37:19.195, 1, 79, 105.82, 100, 8507, 1075, 715, P0, 0x0000000000000000
2026/09/19 21:37:20.213, 0, 79, 103.60, 100, 7965, 1012, 715, P0, 0x0000000000000020
2026/09/19 21:37:20.216, 1, 79, 138.62, 100, 8507, 1063, 715, P0, 0x0000000000000020
2026/09/19 21:37:21.222, 0, 79, 100.89, 100, 7965, 999, 715, P0, 0x0000000000000000
2026/09/19 21:37:21.225, 1, 79, 108.64, 100, 8507, 1075, 715, P0, 0x0000000000000000
2026/09/19 21:37:22.242, 0, 79, 103.70, 100, 7965, 1025, 715, P0, 0x0000000000000000
2026/09/19 21:37:22.245, 1, 79, 111.21, 100, 8507, 1075, 715, P0, 0x0000000000000000
2026/09/19 21:37:23.261, 0, 79, 117.54, 100, 7965, 822, 715, P0, 0x0000000000000020
2026/09/19 21:37:23.264, 1, 79, 107.61, 100, 8507, 1063, 715, P0, 0x0000000000000020
2026/09/19 21:37:24.285, 0, 79, 104.91, 100, 7965, 1025, 715, P0, 0x0000000000000020
2026/09/19 21:37:24.288, 1, 79, 109.61, 100, 8507, 1075, 715, P0, 0x0000000000000000
2026/09/19 21:37:25.297, 0, 79, 122.91, 100, 7965, 1113, 715, P0, 0x0000000000000000
2026/09/19 21:37:25.300, 1, 79, 119.67, 100, 8507, 987, 715, P0, 0x0000000000000000
2026/09/19 21:37:26.323, 0, 79, 102.08, 100, 7965, 1025, 715, P0, 0x0000000000000020
2026/09/19 21:37:26.326, 1, 79, 111.04, 100, 8507, 1075, 715, P0, 0x0000000000000000
2026/09/19 21:37:27.344, 0, 79, 105.37, 100, 7965, 1025, 715, P0, 0x0000000000000020
2026/09/19 21:37:27.347, 1, 79, 54.65, 66, 8507, 1290, 715, P0, 0x0000000000000000
2026/09/19 21:37:28.358, 0, 79, 99.92, 100, 7965, 999, 715, P0, 0x0000000000000000
2026/09/19 21:37:28.360, 1, 79, 107.22, 100, 8507, 1075, 715, P0, 0x0000000000000020
2026/09/19 21:37:29.382, 0, 79, 103.79, 100, 7965, 1025, 715, P0, 0x0000000000000000
2026/09/19 21:37:29.388, 1, 79, 94.84, 100, 8507, 1139, 715, P0, 0x0000000000000000
2026/09/19 21:37:30.402, 0, 79, 116.82, 100, 7965, 860, 715, P0, 0x0000000000000020
2026/09/19 21:37:30.408, 1, 79, 101.46, 0, 8507, 987, 715, P0, 0x0000000000000000
2026/09/19 21:37:31.423, 0, 79, 103.69, 100, 7965, 1025, 715, P0, 0x0000000000000000
2026/09/19 21:37:31.424, 1, 79, 114.48, 100, 8507, 1113, 715, P0, 0x0000000000000020
2026/09/19 21:37:32.443, 0, 79, 132.82, 100, 7965, 1113, 715, P0, 0x0000000000000000
2026/09/19 21:37:32.447, 1, 79, 112.44, 100, 8507, 1101, 715, P0, 0x0000000000000020
2026/09/19 21:37:33.461, 0, 79, 101.27, 100, 7965, 1012, 715, P0, 0x0000000000000020
2026/09/19 21:37:33.464, 1, 79, 119.04, 69, 8507, 1139, 715, P0, 0x0000000000000000
2026/09/19 21:37:34.476, 0, 79, 104.33, 100, 7965, 1025, 715, P0, 0x0000000000000000
2026/09/19 21:37:34.479, 1, 80, 128.99, 100, 8507, 1050, 715, P0, 0x0000000000000020
2026/09/19 21:37:35.495, 0, 79, 96.38, 100, 7965, 949, 715, P0, 0x0000000000000000
2026/09/19 21:37:35.498, 1, 79, 104.64, 100, 8507, 1037, 715, P0, 0x0000000000000020
2026/09/19 21:37:36.515, 0, 80, 105.07, 100, 7965, 1012, 715, P0, 0x0000000000000020
2026/09/19 21:37:36.518, 1, 79, 111.20, 100, 8507, 1075, 715, P0, 0x0000000000000000
2026/09/19 21:37:37.531, 0, 79, 126.95, 100, 7965, 898, 715, P0, 0x0000000000000020
2026/09/19 21:37:37.543, 1, 79, 101.18, 100, 8507, 1037, 715, P0, 0x0000000000000000
2026/09/19 21:37:38.571, 0, 79, 103.40, 100, 7965, 1025, 715, P0, 0x0000000000000000
2026/09/19 21:37:38.575, 1, 79, 108.81, 100, 8507, 1063, 715, P0, 0x0000000000000020
2026/09/19 21:37:39.590, 0, 79, 104.35, 100, 7965, 1025, 715, P0, 0x0000000000000020
2026/09/19 21:37:39.595, 1, 79, 127.55, 100, 8507, 1139, 715, P0, 0x0000000000000000
2026/09/19 21:37:40.600, 0, 79, 100.10, 100, 7965, 999, 715, P0, 0x0000000000000000
2026/09/19 21:37:40.604, 1, 79, 108.35, 100, 8507, 1075, 715, P0, 0x0000000000000000
2026/09/19 21:37:41.619, 0, 79, 103.31, 100, 7965, 1012, 715, P0, 0x0000000000000020
2026/09/19 21:37:41.623, 1, 79, 137.57, 100, 8507, 1088, 715, P0, 0x0000000000000020
2026/09/19 21:37:42.645, 0, 79, 121.72, 100, 7965, 734, 715, P0, 0x0000000000000020
2026/09/19 21:37:42.664, 1, 79, 99.77, 100, 8507, 1050, 715, P0, 0x0000000000000000
2026/09/19 21:37:43.681, 0, 79, 89.89, 100, 7965, 835, 715, P0, 0x0000000000000000
2026/09/19 21:37:43.690, 1, 79, 108.43, 100, 8507, 1075, 715, P0, 0x0000000000000000
2026/09/19 21:37:44.701, 0, 79, 92.73, 100, 7965, 860, 715, P0, 0x0000000000000000
2026/09/19 21:37:44.705, 1, 78, 50.35, 20, 8507, 1189, 715, P0, 0x0000000000000000
2026/09/19 21:37:45.711, 0, 79, 92.71, 100, 7965, 847, 715, P0, 0x0000000000000000
2026/09/19 21:37:45.716, 1, 79, 104.88, 100, 8507, 1189, 715, P0, 0x0000000000000000
2026/09/19 21:37:46.722, 0, 79, 92.96, 100, 7965, 847, 715, P0, 0x0000000000000000
2026/09/19 21:37:46.727, 1, 79, 107.47, 100, 8507, 1063, 715, P0, 0x0000000000000020
2026/09/19 21:37:47.741, 0, 79, 120.34, 100, 7965, 835, 715, P0, 0x0000000000000020
2026/09/19 21:37:47.746, 1, 79, 52.93, 100, 8507, 1189, 715, P0, 0x0000000000000000
2026/09/19 21:37:48.765, 0, 79, 82.65, 99, 7965, 696, 715, P0, 0x0000000000000000
2026/09/19 21:37:48.780, 1, 79, 127.64, 42, 8507, 1189, 715, P0, 0x0000000000000000
2026/09/19 21:37:49.789, 0, 79, 91.29, 100, 7965, 847, 715, P0, 0x0000000000000000
2026/09/19 21:37:49.796, 1, 79, 114.07, 100, 8507, 1177, 715, P0, 0x0000000000000000
2026/09/19 21:37:50.813, 0, 79, 91.50, 100, 7965, 847, 715, P0, 0x0000000000000020
2026/09/19 21:37:50.816, 1, 79, 120.34, 100, 8507, 1126, 715, P0, 0x0000000000000020
2026/09/19 21:37:51.832, 0, 79, 98.26, 100, 7965, 936, 715, P0, 0x0000000000000020
2026/09/19 21:37:51.836, 1, 78, 57.30, 0, 8507, 1328, 715, P0, 0x0000000000000000
2026/09/19 21:37:52.856, 0, 79, 109.30, 100, 7965, 734, 715, P0, 0x0000000000000020
2026/09/19 21:37:52.860, 1, 80, 137.20, 100, 8507, 1252, 715, P0, 0x0000000000000020
2026/09/19 21:37:53.881, 0, 79, 97.44, 100, 7965, 936, 715, P0, 0x0000000000000020
2026/09/19 21:37:53.885, 1, 79, 120.95, 100, 8507, 911, 715, P0, 0x0000000000000020
2026/09/19 21:37:54.902, 0, 79, 98.22, 100, 7965, 949, 715, P0, 0x0000000000000000
2026/09/19 21:37:54.906, 1, 78, 50.10, 0, 8507, 1189, 715, P0, 0x0000000000000000
2026/09/19 21:37:55.920, 0, 79, 97.02, 100, 7965, 923, 715, P0, 0x0000000000000020
2026/09/19 21:37:55.924, 1, 79, 118.43, 100, 8507, 1151, 715, P0, 0x0000000000000000
2026/09/19 21:37:56.940, 0, 79, 90.09, 100, 7965, 873, 715, P0, 0x0000000000000000
2026/09/19 21:37:56.942, 1, 80, 125.21, 100, 8507, 1164, 715, P0, 0x0000000000000000
2026/09/19 21:37:57.961, 0, 79, 97.98, 100, 7965, 936, 715, P0, 0x0000000000000020
2026/09/19 21:37:57.964, 1, 78, 52.75, 0, 8507, 1240, 715, P0, 0x0000000000000000
2026/09/19 21:37:58.985, 0, 79, 99.27, 100, 7965, 949, 715, P0, 0x0000000000000000
2026/09/19 21:37:58.997, 1, 79, 142.12, 100, 8507, 1151, 715, P0, 0x0000000000000000
2026/09/19 21:38:00.005, 0, 79, 109.98, 100, 7965, 746, 715, P0, 0x0000000000000020
2026/09/19 21:38:00.017, 1, 79, 121.60, 100, 8507, 1126, 715, P0, 0x0000000000000020
2026/09/19 21:38:01.027, 0, 79, 102.97, 100, 7965, 1012, 715, P0, 0x0000000000000020
2026/09/19 21:38:01.036, 1, 78, 49.83, 100, 8507, 1189, 715, P0, 0x0000000000000000
2026/09/19 21:38:02.048, 0, 79, 103.22, 100, 7965, 999, 715, P0, 0x0000000000000020
2026/09/19 21:38:02.058, 1, 79, 105.76, 100, 8507, 1164, 715, P0, 0x0000000000000000
2026/09/19 21:38:03.070, 0, 79, 96.30, 100, 7965, 847, 715, P0, 0x0000000000000000
2026/09/19 21:38:03.079, 1, 79, 121.94, 100, 8507, 1139, 715, P0, 0x0000000000000000
2026/09/19 21:38:04.093, 0, 79, 103.69, 100, 7965, 1012, 715, P0, 0x0000000000000020
2026/09/19 21:38:04.096, 1, 79, 53.46, 83, 8507, 1252, 715, P0, 0x0000000000000000
2026/09/19 21:38:05.101, 0, 79, 103.12, 100, 7965, 987, 715, P0, 0x0000000000000020
2026/09/19 21:38:05.106, 1, 79, 141.51, 100, 8507, 1088, 715, P0, 0x0000000000000020
2026/09/19 21:38:06.111, 0, 79, 97.27, 100, 7965, 974, 715, P0, 0x0000000000000000
2026/09/19 21:38:06.116, 1, 79, 112.97, 100, 8507, 1075, 715, P0, 0x0000000000000020
2026/09/19 21:38:07.130, 0, 79, 102.79, 100, 7965, 1012, 715, P0, 0x0000000000000020
2026/09/19 21:38:07.134, 1, 79, 53.93, 72, 8507, 1265, 715, P0, 0x0000000000000000
2026/09/19 21:38:08.149, 0, 79, 113.18, 100, 7965, 1063, 715, P0, 0x0000000000000000
2026/09/19 21:38:08.157, 1, 79, 107.36, 100, 8507, 1063, 715, P0, 0x0000000000000000
2026/09/19 21:38:09.169, 0, 79, 101.28, 100, 7965, 1012, 715, P0, 0x0000000000000020
2026/09/19 21:38:09.175, 1, 79, 117.14, 100, 8507, 1126, 715, P0, 0x0000000000000000
2026/09/19 21:38:10.189, 0, 79, 102.96, 100, 7965, 1025, 715, P0, 0x0000000000000000
2026/09/19 21:38:10.195, 1, 79, 53.93, 59, 8507, 1265, 715, P0, 0x0000000000000000
2026/09/19 21:38:11.208, 0, 79, 109.69, 100, 7965, 772, 715, P0, 0x0000000000000020
2026/09/19 21:38:11.218, 1, 79, 96.48, 100, 8507, 999, 715, P0, 0x0000000000000000
2026/09/19 21:38:12.224, 0, 79, 102.68, 100, 7965, 1012, 715, P0, 0x0000000000000020
2026/09/19 21:38:12.235, 1, 79, 105.46, 100, 8507, 1037, 715, P0, 0x0000000000000020
2026/09/19 21:38:13.250, 0, 79, 102.31, 100, 7965, 1012, 715, P0, 0x0000000000000020
2026/09/19 21:38:13.254, 1, 79, 49.85, 100, 8507, 1189, 715, P0, 0x0000000000000000
2026/09/19 21:38:14.263, 0, 79, 91.34, 100, 7965, 885, 715, P0, 0x0000000000000000
2026/09/19 21:38:14.276, 1, 79, 102.73, 100, 8507, 1037, 715, P0, 0x0000000000000020
2026/09/19 21:38:15.290, 0, 79, 102.57, 100, 7965, 1012, 715, P0, 0x0000000000000020
2026/09/19 21:38:15.295, 1, 79, 105.12, 100, 8507, 1037, 715, P0, 0x0000000000000020
2026/09/19 21:38:16.301, 0, 79, 89.16, 100, 7965, 1025, 715, P0, 0x0000000000000000
2026/09/19 21:38:16.306, 1, 78, 55.39, 48, 8507, 1303, 715, P0, 0x0000000000000000
2026/09/19 21:38:17.327, 0, 79, 98.96, 100, 7965, 987, 715, P0, 0x0000000000000000
2026/09/19 21:38:17.336, 1, 79, 107.44, 100, 8507, 1075, 715, P0, 0x0000000000000000
2026/09/19 21:38:18.357, 0, 79, 103.24, 100, 7965, 1012, 715, P0, 0x0000000000000020
2026/09/19 21:38:18.361, 1, 79, 96.71, 100, 8507, 1101, 715, P0, 0x0000000000000000
2026/09/19 21:38:19.374, 0, 79, 110.08, 100, 7965, 885, 715, P0, 0x0000000000000020
2026/09/19 21:38:19.378, 1, 78, 128.38, 0, 8507, 1189, 715, P0, 0x0000000000000000
2026/09/19 21:38:20.386, 0, 79, 100.80, 100, 7965, 1012, 715, P0, 0x0000000000000000
2026/09/19 21:38:20.396, 1, 79, 115.94, 100, 8507, 1126, 715, P0, 0x0000000000000020
2026/09/19 21:38:21.414, 0, 79, 102.75, 100, 7965, 987, 715, P0, 0x0000000000000020
2026/09/19 21:38:21.420, 1, 79, 108.17, 100, 8507, 1088, 715, P0, 0x0000000000000000
2026/09/19 21:38:22.438, 0, 79, 114.53, 99, 7965, 885, 715, P0, 0x0000000000000020
2026/09/19 21:38:22.441, 1, 78, 129.15, 0, 8507, 936, 715, P0, 0x0000000000000020
2026/09/19 21:38:23.447, 0, 79, 101.28, 100, 7965, 1012, 715, P0, 0x0000000000000000
2026/09/19 21:38:23.453, 1, 79, 114.74, 100, 8507, 1113, 715, P0, 0x0000000000000020
2026/09/19 21:38:24.462, 0, 79, 103.00, 100, 7965, 1012, 715, P0, 0x0000000000000020
2026/09/19 21:38:24.473, 1, 79, 102.72, 100, 8507, 1050, 715, P0, 0x0000000000000000
2026/09/19 21:38:25.491, 0, 79, 111.34, 99, 7965, 797, 715, P0, 0x0000000000000020
2026/09/19 21:38:25.498, 1, 79, 107.43, 40, 8507, 1101, 715, P0, 0x0000000000000000
2026/09/19 21:38:26.517, 0, 79, 102.49, 100, 7965, 999, 715, P0, 0x0000000000000020
2026/09/19 21:38:26.519, 1, 79, 120.00, 100, 8507, 1126, 715, P0, 0x0000000000000020
2026/09/19 21:38:27.526, 0, 79, 102.73, 100, 7965, 1012, 715, P0, 0x0000000000000000
2026/09/19 21:38:27.535, 1, 79, 116.25, 100, 8507, 1126, 715, P0, 0x0000000000000020
2026/09/19 21:38:28.551, 0, 79, 94.36, 100, 7965, 860, 715, P0, 0x0000000000000000
2026/09/19 21:38:28.557, 1, 79, 126.72, 33, 8507, 1189, 715, P0, 0x0000000000000000
2026/09/19 21:38:29.562, 0, 79, 101.84, 100, 7965, 1012, 715, P0, 0x0000000000000020
2026/09/19 21:38:29.573, 1, 79, 109.61, 100, 8507, 1075, 715, P0, 0x0000000000000000
2026/09/19 21:38:30.586, 0, 79, 92.78, 100, 7965, 1025, 715, P0, 0x0000000000000000
2026/09/19 21:38:30.594, 1, 79, 108.26, 100, 8507, 1075, 715, P0, 0x0000000000000020
2026/09/19 21:38:31.607, 0, 79, 97.02, 100, 7965, 974, 715, P0, 0x0000000000000000
2026/09/19 21:38:31.614, 1, 79, 114.57, 39, 8507, 1126, 715, P0, 0x0000000000000020
2026/09/19 21:38:32.634, 0, 79, 102.01, 100, 7965, 1012, 715, P0, 0x0000000000000020
2026/09/19 21:38:32.637, 1, 79, 114.56, 100, 8507, 1126, 715, P0, 0x0000000000000000
2026/09/19 21:38:33.644, 0, 79, 115.07, 100, 7965, 1050, 715, P0, 0x0000000000000020
2026/09/19 21:38:33.654, 1, 79, 116.60, 100, 8507, 1126, 715, P0, 0x0000000000000000
2026/09/19 21:38:34.667, 0, 79, 99.90, 99, 7965, 999, 715, P0, 0x0000000000000000
2026/09/19 21:38:34.674, 1, 79, 118.88, 100, 8507, 1139, 715, P0, 0x0000000000000020
2026/09/19 21:38:35.683, 0, 79, 103.05, 100, 7965, 1012, 715, P0, 0x0000000000000020
2026/09/19 21:38:35.694, 1, 79, 102.95, 100, 8507, 1189, 715, P0, 0x0000000000000000
2026/09/19 21:38:36.713, 0, 79, 127.93, 100, 7965, 885, 715, P0, 0x0000000000000020
2026/09/19 21:38:36.716, 1, 79, 99.32, 100, 8507, 974, 715, P0, 0x0000000000000020
2026/09/19 21:38:37.723, 0, 79, 101.13, 98, 7965, 999, 715, P0, 0x0000000000000020
2026/09/19 21:38:37.732, 1, 79, 107.20, 100, 8507, 1075, 715, P0, 0x0000000000000000
2026/09/19 21:38:38.747, 0, 79, 102.81, 100, 7965, 1012, 715, P0, 0x0000000000000020
2026/09/19 21:38:38.751, 1, 79, 108.17, 100, 8507, 1075, 715, P0, 0x0000000000000000
2026/09/19 21:38:39.773, 0, 79, 117.76, 100, 7965, 860, 715, P0, 0x0000000000000000
2026/09/19 21:38:39.777, 1, 79, 108.10, 100, 8507, 1063, 715, P0, 0x0000000000000020
2026/09/19 21:38:40.781, 0, 79, 101.04, 100, 7965, 1012, 715, P0, 0x0000000000000020
2026/09/19 21:38:40.783, 1, 79, 115.76, 100, 8507, 1113, 715, P0, 0x0000000000000020
2026/09/19 21:38:41.790, 0, 79, 104.39, 100, 7965, 987, 715, P0, 0x0000000000000020
2026/09/19 21:38:41.796, 1, 79, 134.49, 100, 8507, 1164, 715, P0, 0x0000000000000000
2026/09/19 21:38:42.816, 0, 79, 114.39, 100, 7965, 822, 715, P0, 0x0000000000000020
2026/09/19 21:38:42.819, 1, 79, 113.61, 100, 8507, 1101, 715, P0, 0x0000000000000020
2026/09/19 21:38:43.829, 0, 79, 102.22, 100, 7965, 1012, 715, P0, 0x0000000000000000
2026/09/19 21:38:43.835, 1, 79, 126.85, 100, 8507, 1151, 715, P0, 0x0000000000000020
2026/09/19 21:38:44.852, 0, 79, 102.44, 100, 7965, 987, 715, P0, 0x0000000000000020
2026/09/19 21:38:44.855, 1, 79, 115.75, 100, 8507, 898, 715, P0, 0x0000000000000020
2026/09/19 21:38:45.875, 0, 79, 106.79, 100, 7965, 810, 715, P0, 0x0000000000000000
2026/09/19 21:38:45.878, 1, 79, 107.19, 100, 8507, 1037, 715, P0, 0x0000000000000020
2026/09/19 21:38:46.883, 0, 79, 102.73, 100, 7965, 1012, 715, P0, 0x0000000000000020
2026/09/19 21:38:46.893, 1, 79, 115.29, 100, 8507, 1126, 715, P0, 0x0000000000000000
2026/09/19 21:38:47.901, 0, 79, 102.62, 100, 7965, 1012, 715, P0, 0x0000000000000020
2026/09/19 21:38:47.904, 1, 79, 145.77, 100, 8507, 1101, 715, P0, 0x0000000000000020
2026/09/19 21:38:48.911, 0, 79, 111.28, 100, 7965, 797, 715, P0, 0x0000000000000020
2026/09/19 21:38:48.917, 1, 79, 112.64, 100, 8507, 1088, 715, P0, 0x0000000000000020
2026/09/19 21:38:49.921, 0, 79, 101.99, 100, 7965, 999, 715, P0, 0x0000000000000000
2026/09/19 21:38:49.932, 1, 79, 126.61, 100, 8507, 1151, 715, P0, 0x0000000000000020
2026/09/19 21:38:50.948, 0, 79, 102.33, 100, 7965, 999, 715, P0, 0x0000000000000020
2026/09/19 21:38:50.953, 1, 79, 114.14, 100, 8507, 885, 715, P0, 0x0000000000000020
2026/09/19 21:38:51.961, 0, 79, 113.68, 100, 7965, 860, 715, P0, 0x0000000000000000
2026/09/19 21:38:51.976, 1, 79, 105.94, 100, 8507, 1050, 715, P0, 0x0000000000000000
2026/09/19 21:38:52.986, 0, 79, 102.08, 100, 7965, 999, 715, P0, 0x0000000000000020
2026/09/19 21:38:52.992, 1, 79, 109.85, 100, 8507, 1075, 715, P0, 0x0000000000000000
2026/09/19 21:38:54.013, 0, 79, 102.61, 100, 7965, 999, 715, P0, 0x0000000000000000
2026/09/19 21:38:54.018, 1, 79, 102.73, 100, 8507, 1139, 715, P0, 0x0000000000000000
2026/09/19 21:38:55.027, 0, 79, 118.19, 100, 7965, 810, 715, P0, 0x0000000000000020
2026/09/19 21:38:55.034, 1, 79, 108.10, 100, 8507, 1075, 715, P0, 0x0000000000000000
2026/09/19 21:38:56.053, 0, 79, 101.53, 100, 7965, 999, 715, P0, 0x0000000000000020
2026/09/19 21:38:56.057, 1, 79, 116.00, 100, 8507, 1113, 715, P0, 0x0000000000000020
2026/09/19 21:38:57.064, 0, 79, 101.92, 100, 7965, 999, 715, P0, 0x0000000000000000
2026/09/19 21:38:57.071, 1, 79, 137.45, 100, 8507, 1101, 715, P0, 0x0000000000000020
2026/09/19 21:38:58.089, 0, 79, 117.04, 100, 7965, 810, 715, P0, 0x0000000000000020
2026/09/19 21:38:58.096, 1, 79, 115.92, 100, 8507, 1101, 715, P0, 0x0000000000000020
2026/09/19 21:38:59.116, 0, 79, 102.01, 100, 7965, 999, 715, P0, 0x0000000000000020
2026/09/19 21:38:59.119, 1, 79, 120.24, 100, 8507, 1139, 715, P0, 0x0000000000000000
2026/09/19 21:39:00.129, 0, 79, 102.69, 100, 7965, 999, 715, P0, 0x0000000000000020
2026/09/19 21:39:00.133, 1, 79, 144.73, 100, 8507, 1126, 715, P0, 0x0000000000000020
2026/09/19 21:39:01.151, 0, 79, 117.19, 100, 7965, 797, 715, P0, 0x0000000000000020
2026/09/19 21:39:01.156, 1, 79, 103.60, 100, 8507, 1037, 715, P0, 0x0000000000000020
2026/09/19 21:39:02.163, 0, 79, 100.57, 98, 7965, 1012, 715, P0, 0x0000000000000000
2026/09/19 21:39:02.173, 1, 79, 114.57, 99, 8507, 1101, 715, P0, 0x0000000000000020
2026/09/19 21:39:03.194, 0, 79, 103.22, 100, 7965, 1025, 715, P0, 0x0000000000000000
2026/09/19 21:39:03.197, 1, 79, 115.77, 100, 8507, 1101, 715, P0, 0x0000000000000020
2026/09/19 21:39:04.210, 0, 79, 124.06, 100, 7965, 961, 715, P0, 0x0000000000000020
2026/09/19 21:39:04.214, 1, 79, 115.90, 100, 8507, 1113, 715, P0, 0x0000000000000000
2026/09/19 21:39:05.222, 0, 79, 100.80, 100, 7965, 987, 715, P0, 0x0000000000000000
2026/09/19 21:39:05.234, 1, 79, 119.30, 57, 8507, 1139, 715, P0, 0x0000000000000000
2026/09/19 21:39:06.255, 0, 79, 102.99, 100, 7965, 1012, 715, P0, 0x0000000000000000
2026/09/19 21:39:06.261, 1, 79, 105.04, 100, 8507, 1139, 715, P0, 0x0000000000000000
2026/09/19 21:39:07.271, 0, 79, 125.71, 100, 7965, 1050, 715, P0, 0x0000000000000020
2026/09/19 21:39:07.274, 1, 79, 121.32, 100, 8507, 1126, 715, P0, 0x0000000000000020
2026/09/19 21:39:08.286, 0, 79, 98.95, 98, 7965, 987, 715, P0, 0x0000000000000000
2026/09/19 21:39:08.295, 1, 79, 113.86, 100, 8507, 1113, 715, P0, 0x0000000000000020
2026/09/19 21:39:09.316, 0, 79, 102.50, 100, 7965, 999, 715, P0, 0x0000000000000020
2026/09/19 21:39:09.319, 1, 79, 113.13, 100, 8507, 1101, 715, P0, 0x0000000000000020
2026/09/19 21:39:10.329, 0, 79, 87.53, 100, 7965, 1050, 715, P0, 0x0000000000000000
2026/09/19 21:39:10.332, 1, 79, 113.72, 100, 8507, 1101, 715, P0, 0x0000000000000020
2026/09/19 21:39:11.344, 0, 79, 91.97, 99, 7965, 923, 715, P0, 0x0000000000000000
2026/09/19 21:39:11.355, 1, 79, 124.57, 58, 8507, 1164, 715, P0, 0x0000000000000020
2026/09/19 21:39:12.361, 0, 79, 107.56, 100, 7965, 1025, 715, P0, 0x0000000000000020
2026/09/19 21:39:12.364, 1, 79, 108.15, 100, 8507, 1063, 715, P0, 0x0000000000000020
2026/09/19 21:39:13.372, 0, 79, 95.19, 100, 7965, 1063, 715, P0, 0x0000000000000000
2026/09/19 21:39:13.376, 1, 79, 101.60, 100, 8507, 1037, 715, P0, 0x0000000000000000
2026/09/19 21:39:14.399, 0, 79, 102.01, 100, 7965, 1025, 715, P0, 0x0000000000000000
2026/09/19 21:39:14.402, 1, 79, 112.65, 51, 8507, 1101, 715, P0, 0x0000000000000020
2026/09/19 21:39:15.412, 0, 79, 108.19, 100, 7965, 1050, 715, P0, 0x0000000000000000
2026/09/19 21:39:15.414, 1, 79, 113.11, 100, 8507, 1088, 715, P0, 0x0000000000000020
2026/09/19 21:39:16.431, 0, 79, 134.38, 100, 7965, 961, 715, P0, 0x0000000000000020
2026/09/19 21:39:16.434, 1, 79, 106.12, 100, 8507, 1075, 715, P0, 0x0000000000000000
2026/09/19 21:39:17.458, 0, 79, 105.84, 100, 7965, 1037, 715, P0, 0x0000000000000020
2026/09/19 21:39:17.461, 1, 79, 118.56, 100, 8507, 1126, 715, P0, 0x0000000000000020
2026/09/19 21:39:18.470, 0, 79, 107.56, 100, 7965, 1050, 715, P0, 0x0000000000000000
2026/09/19 21:39:18.473, 1, 79, 101.50, 100, 8507, 1151, 715, P0, 0x0000000000000000
2026/09/19 21:39:19.486, 0, 79, 116.00, 100, 7965, 860, 715, P0, 0x0000000000000020
2026/09/19 21:39:19.495, 1, 80, 116.87, 100, 8507, 1126, 715, P0, 0x0000000000000000
2026/09/19 21:39:20.513, 0, 79, 108.90, 100, 7965, 1037, 715, P0, 0x0000000000000020
2026/09/19 21:39:20.517, 1, 79, 115.51, 100, 8507, 1113, 715, P0, 0x0000000000000020
2026/09/19 21:39:21.529, 0, 79, 107.85, 100, 7965, 1037, 715, P0, 0x0000000000000020
2026/09/19 21:39:21.532, 1, 79, 128.49, 100, 8507, 999, 715, P0, 0x0000000000000020
2026/09/19 21:39:22.554, 0, 79, 100.56, 100, 7965, 1012, 715, P0, 0x0000000000000000
2026/09/19 21:39:22.557, 1, 80, 120.72, 100, 8507, 1126, 715, P0, 0x0000000000000000
2026/09/19 21:39:23.572, 0, 79, 109.04, 100, 7965, 1025, 715, P0, 0x0000000000000020
2026/09/19 21:39:23.575, 1, 79, 87.94, 100, 8507, 772, 715, P0, 0x0000000000000020
2026/09/19 21:39:24.590, 0, 79, 100.93, 100, 7965, 1037, 715, P0, 0x0000000000000020
2026/09/19 21:39:24.594, 1, 78, 92.23, 100, 8507, 860, 715, P0, 0x0000000000000000
2026/09/19 21:39:25.620, 0, 79, 105.00, 100, 7965, 1037, 715, P0, 0x0000000000000020
2026/09/19 21:39:25.623, 1, 79, 96.78, 100, 8507, 923, 715, P0, 0x0000000000000020
2026/09/19 21:39:26.635, 0, 79, 92.72, 100, 7965, 847, 715, P0, 0x0000000000000020
2026/09/19 21:39:26.637, 1, 78, 121.28, 100, 8507, 860, 715, P0, 0x0000000000000020
2026/09/19 21:39:27.649, 0, 79, 92.79, 100, 7965, 835, 715, P0, 0x0000000000000020
2026/09/19 21:39:27.654, 1, 79, 101.78, 100, 8507, 1025, 715, P0, 0x0000000000000020
2026/09/19 21:39:28.677, 0, 79, 92.55, 100, 7965, 847, 715, P0, 0x0000000000000020
2026/09/19 21:39:28.681, 1, 79, 101.84, 100, 8507, 1012, 715, P0, 0x0000000000000020
2026/09/19 21:39:29.687, 0, 79, 92.97, 100, 7965, 847, 715, P0, 0x0000000000000020
2026/09/19 21:39:29.694, 1, 78, 54.71, 100, 8507, 1189, 715, P0, 0x0000000000000000
2026/09/19 21:39:30.716, 0, 79, 80.60, 100, 7965, 898, 715, P0, 0x0000000000000000
2026/09/19 21:39:30.719, 1, 79, 110.62, 100, 8507, 1101, 715, P0, 0x0000000000000000
2026/09/19 21:39:31.728, 0, 79, 104.28, 100, 7965, 797, 715, P0, 0x0000000000000000
2026/09/19 21:39:31.735, 1, 79, 113.40, 100, 8507, 1101, 715, P0, 0x0000000000000000
2026/09/19 21:39:32.757, 0, 79, 103.04, 100, 7965, 1012, 715, P0, 0x0000000000000020
2026/09/19 21:39:32.760, 1, 79, 49.61, 96, 8507, 1189, 715, P0, 0x0000000000000000
2026/09/19 21:39:33.767, 0, 79, 101.75, 100, 7965, 999, 715, P0, 0x0000000000000020
2026/09/19 21:39:33.773, 1, 79, 126.85, 100, 8507, 1164, 715, P0, 0x0000000000000020
2026/09/19 21:39:34.797, 0, 79, 121.75, 100, 7965, 898, 715, P0, 0x0000000000000020
2026/09/19 21:39:34.800, 1, 79, 107.36, 100, 8507, 1075, 715, P0, 0x0000000000000020
2026/09/19 21:39:35.812, 0, 79, 101.12, 100, 7965, 1012, 715, P0, 0x0000000000000020
2026/09/19 21:39:35.815, 1, 79, 112.65, 100, 8507, 1075, 715, P0, 0x0000000000000020
2026/09/19 21:39:36.827, 0, 79, 103.45, 100, 7965, 1012, 715, P0, 0x0000000000000000
2026/09/19 21:39:36.834, 1, 79, 116.73, 100, 8507, 1126, 715, P0, 0x0000000000000020
2026/09/19 21:39:37.856, 0, 79, 95.64, 100, 7965, 1012, 715, P0, 0x0000000000000020
2026/09/19 21:39:37.858, 1, 79, 114.89, 100, 8507, 1126, 715, P0, 0x0000000000000020
2026/09/19 21:39:38.872, 0, 79, 93.50, 100, 7965, 936, 715, P0, 0x0000000000000000
2026/09/19 21:39:38.875, 1, 79, 107.29, 100, 8507, 1063, 715, P0, 0x0000000000000000
2026/09/19 21:39:39.886, 0, 79, 102.74, 100, 7965, 999, 715, P0, 0x0000000000000020
2026/09/19 21:39:39.893, 1, 79, 114.81, 100, 8507, 1113, 715, P0, 0x0000000000000020
2026/09/19 21:39:40.903, 0, 79, 103.14, 100, 7965, 999, 715, P0, 0x0000000000000020
2026/09/19 21:39:40.915, 1, 79, 131.79, 100, 8507, 1012, 715, P0, 0x0000000000000020
2026/09/19 21:39:41.932, 0, 79, 113.19, 100, 7965, 784, 715, P0, 0x0000000000000020
2026/09/19 21:39:41.936, 1, 79, 113.05, 100, 8507, 1113, 715, P0, 0x0000000000000000
2026/09/19 21:39:42.949, 0, 79, 102.48, 98, 7965, 1012, 715, P0, 0x0000000000000020
2026/09/19 21:39:42.952, 1, 79, 120.96, 100, 8507, 1139, 715, P0, 0x0000000000000020
2026/09/19 21:39:43.960, 0, 79, 102.57, 100, 7965, 1012, 715, P0, 0x0000000000000000
2026/09/19 21:39:43.965, 1, 79, 104.14, 100, 8507, 1177, 715, P0, 0x0000000000000000
2026/09/19 21:39:44.976, 0, 79, 83.44, 100, 7965, 1075, 715, P0, 0x0000000000000000
2026/09/19 21:39:44.979, 1, 79, 107.94, 100, 8507, 1063, 715, P0, 0x0000000000000020
2026/09/19 21:39:45.987, 0, 79, 96.54, 99, 7965, 974, 715, P0, 0x0000000000000000
2026/09/19 21:39:45.995, 1, 79, 114.57, 39, 8507, 1126, 715, P0, 0x0000000000000020
2026/09/19 21:39:47.002, 0, 79, 100.57, 100, 7965, 999, 715, P0, 0x0000000000000000
2026/09/19 21:39:47.014, 1, 79, 117.20, 100, 8507, 1126, 715, P0, 0x0000000000000000
2026/09/19 21:39:48.032, 0, 79, 102.32, 100, 7965, 999, 715, P0, 0x0000000000000000
2026/09/19 21:39:48.035, 1, 79, 114.57, 100, 8507, 1113, 715, P0, 0x0000000000000000
2026/09/19 21:39:49.048, 0, 79, 117.44, 99, 7965, 810, 715, P0, 0x0000000000000020
2026/09/19 21:39:49.055, 1, 79, 117.85, 43, 8507, 1101, 715, P0, 0x0000000000000020
2026/09/19 21:39:50.061, 0, 79, 101.52, 100, 7965, 1012, 715, P0, 0x0000000000000020
2026/09/19 21:39:50.064, 1, 79, 119.04, 100, 8507, 1126, 715, P0, 0x0000000000000020
2026/09/19 21:39:51.074, 0, 79, 102.75, 100, 7965, 999, 715, P0, 0x0000000000000020
2026/09/19 21:39:51.076, 1, 79, 114.31, 100, 8507, 911, 715, P0, 0x0000000000000020
2026/09/19 21:39:52.104, 0, 79, 128.74, 100, 7965, 1025, 715, P0, 0x0000000000000020
2026/09/19 21:39:52.114, 1, 78, 50.04, 0, 8507, 1189, 715, P0, 0x0000000000000000
2026/09/19 21:39:53.119, 0, 79, 93.90, 100, 7965, 923, 715, P0, 0x0000000000000000
2026/09/19 21:39:53.122, 1, 79, 116.03, 100, 8507, 1126, 715, P0, 0x0000000000000000
2026/09/19 21:39:54.132, 0, 79, 100.81, 100, 7965, 1012, 715, P0, 0x0000000000000000
2026/09/19 21:39:54.135, 1, 80, 117.14, 100, 8507, 1113, 715, P0, 0x0000000000000020
2026/09/19 21:39:55.148, 0, 79, 102.54, 100, 7965, 1012, 715, P0, 0x0000000000000020
2026/09/19 21:39:55.153, 1, 78, 52.27, 41, 8507, 1252, 715, P0, 0x0000000000000000
2026/09/19 21:39:56.162, 0, 79, 116.42, 100, 7965, 860, 715, P0, 0x0000000000000020
2026/09/19 21:39:56.167, 1, 79, 92.44, 100, 8507, 923, 715, P0, 0x0000000000000000
2026/09/19 21:39:57.173, 0, 79, 101.13, 100, 7965, 1012, 715, P0, 0x0000000000000020
2026/09/19 21:39:57.176, 1, 79, 106.74, 100, 8507, 1050, 715, P0, 0x0000000000000000
2026/09/19 21:39:58.201, 0, 79, 104.27, 100, 7965, 1012, 715, P0, 0x0000000000000020
2026/09/19 21:39:58.205, 1, 79, 104.15, 100, 8507, 1025, 715, P0, 0x0000000000000020
2026/09/19 21:39:59.217, 0, 79, 90.35, 100, 7965, 1037, 715, P0, 0x0000000000000000
2026/09/19 21:39:59.221, 1, 79, 123.38, 100, 8507, 961, 715, P0, 0x0000000000000000
2026/09/19 21:40:00.244, 0, 79, 98.96, 100, 7965, 974, 715, P0, 0x0000000000000000
2026/09/19 21:40:00.255, 1, 79, 110.32, 100, 8507, 1075, 715, P0, 0x0000000000000000
2026/09/19 21:40:01.274, 0, 79, 101.36, 100, 7965, 1012, 715, P0, 0x0000000000000020
2026/09/19 21:40:01.276, 1, 79, 112.01, 100, 8507, 1075, 715, P0, 0x0000000000000000
2026/09/19 21:40:02.300, 0, 79, 103.34, 100, 7965, 999, 715, P0, 0x0000000000000020
2026/09/19 21:40:02.303, 1, 79, 142.91, 100, 8507, 1088, 715, P0, 0x0000000000000020
2026/09/19 21:40:03.317, 0, 79, 108.14, 100, 7965, 822, 715, P0, 0x0000000000000000
2026/09/19 21:40:03.320, 1, 79, 117.94, 100, 8507, 1113, 715, P0, 0x0000000000000020
2026/09/19 21:40:04.328, 0, 79, 102.25, 100, 7965, 999, 715, P0, 0x0000000000000020
2026/09/19 21:40:04.335, 1, 79, 116.97, 100, 8507, 1101, 715, P0, 0x0000000000000020
2026/09/19 21:40:05.344, 0, 79, 102.71, 100, 7965, 999, 715, P0, 0x0000000000000020
2026/09/19 21:40:05.353, 1, 79, 125.68, 100, 8507, 1139, 715, P0, 0x0000000000000020
2026/09/19 21:40:06.359, 0, 79, 94.96, 100, 7965, 1075, 715, P0, 0x0000000000000000
2026/09/19 21:40:06.362, 1, 79, 93.63, 100, 8507, 898, 715, P0, 0x0000000000000000
2026/09/19 21:40:07.376, 0, 79, 100.42, 100, 7965, 987, 715, P0, 0x0000000000000000
2026/09/19 21:40:07.379, 1, 79, 97.26, 100, 8507, 936, 715, P0, 0x0000000000000020
2026/09/19 21:40:08.404, 0, 79, 102.75, 100, 7965, 999, 715, P0, 0x0000000000000020
2026/09/19 21:40:08.413, 1, 79, 107.20, 100, 8507, 1063, 715, P0, 0x0000000000000020
2026/09/19 21:40:09.420, 0, 79, 102.75, 100, 7965, 999, 715, P0, 0x0000000000000020
2026/09/19 21:40:09.423, 1, 79, 121.47, 100, 8507, 1113, 715, P0, 0x0000000000000000
2026/09/19 21:40:10.432, 0, 79, 113.52, 100, 7965, 847, 715, P0, 0x0000000000000000
2026/09/19 21:40:10.437, 1, 79, 105.51, 100, 8507, 1063, 715, P0, 0x0000000000000000
2026/09/19 21:40:11.461, 0, 79, 101.78, 100, 7965, 999, 715, P0, 0x0000000000000020
2026/09/19 21:40:11.465, 1, 79, 112.41, 100, 8507, 1101, 715, P0, 0x0000000000000000
2026/09/19 21:40:12.472, 0, 79, 102.98, 100, 7965, 1012, 715, P0, 0x0000000000000020
2026/09/19 21:40:12.476, 1, 79, 112.17, 100, 8507, 1101, 715, P0, 0x0000000000000020
2026/09/19 21:40:13.486, 0, 79, 103.23, 100, 7965, 999, 715, P0, 0x0000000000000020
2026/09/19 21:40:13.496, 1, 79, 106.96, 100, 8507, 1075, 715, P0, 0x0000000000000000
2026/09/19 21:40:14.502, 0, 79, 112.50, 99, 7965, 797, 715, P0, 0x0000000000000020
2026/09/19 21:40:14.505, 1, 79, 105.28, 41, 8507, 1101, 715, P0, 0x0000000000000000
2026/09/19 21:40:15.514, 0, 79, 102.01, 100, 7965, 999, 715, P0, 0x0000000000000020
2026/09/19 21:40:15.517, 1, 79, 116.97, 100, 8507, 1126, 715, P0, 0x0000000000000000
2026/09/19 21:40:16.530, 0, 79, 102.42, 100, 7965, 1012, 715, P0, 0x0000000000000020
2026/09/19 21:40:16.535, 1, 79, 130.69, 100, 8507, 1050, 715, P0, 0x0000000000000020
2026/09/19 21:40:17.543, 0, 79, 131.30, 100, 7965, 1113, 715, P0, 0x0000000000000000
2026/09/19 21:40:17.546, 1, 78, 50.03, 0, 8507, 1189, 715, P0, 0x0000000000000000
2026/09/19 21:40:18.556, 0, 79, 95.56, 100, 7965, 936, 715, P0, 0x0000000000000000
2026/09/19 21:40:18.559, 1, 79, 126.16, 100, 8507, 1164, 715, P0, 0x0000000000000020
2026/09/19 21:40:19.570, 0, 79, 100.16, 100, 7965, 999, 715, P0, 0x0000000000000000
2026/09/19 21:40:19.576, 1, 79, 108.66, 100, 8507, 1063, 715, P0, 0x0000000000000020
2026/09/19 21:40:20.583, 0, 79, 104.71, 100, 7965, 1012, 715, P0, 0x0000000000000020
2026/09/19 21:40:20.586, 1, 78, 55.12, 65, 8507, 1290, 715, P0, 0x0000000000000000
2026/09/19 21:40:21.601, 0, 79, 120.87, 100, 7965, 999, 715, P0, 0x0000000000000020
2026/09/19 21:40:21.604, 1, 79, 103.34, 100, 8507, 1075, 715, P0, 0x0000000000000000
2026/09/19 21:40:22.615, 0, 79, 100.09, 100, 7965, 987, 715, P0, 0x0000000000000000
2026/09/19 21:40:22.618, 1, 79, 114.33, 100, 8507, 1101, 715, P0, 0x0000000000000020
2026/09/19 21:40:23.629, 0, 79, 102.46, 100, 7965, 1012, 715, P0, 0x0000000000000000
2026/09/19 21:40:23.637, 1, 79, 104.87, 100, 8507, 1139, 715, P0, 0x0000000000000020
2026/09/19 21:40:24.644, 0, 79, 102.57, 100, 7965, 999, 715, P0, 0x0000000000000020
2026/09/19 21:40:24.657, 1, 79, 102.94, 100, 8507, 1139, 715, P0, 0x0000000000000000
2026/09/19 21:40:25.676, 0, 79, 120.54, 100, 7965, 822, 715, P0, 0x0000000000000020
2026/09/19 21:40:25.678, 1, 80, 120.87, 100, 8507, 1126, 715, P0, 0x0000000000000020
2026/09/19 21:40:26.689, 0, 79, 102.60, 100, 7965, 999, 715, P0, 0x0000000000000020
2026/09/19 21:40:26.695, 1, 79, 101.53, 100, 8507, 987, 715, P0, 0x0000000000000000
2026/09/19 21:40:27.703, 0, 79, 104.66, 100, 7965, 1012, 715, P0, 0x0000000000000020
2026/09/19 21:40:27.706, 1, 79, 112.00, 100, 8507, 1075, 715, P0, 0x0000000000000020
2026/09/19 21:40:28.720, 0, 79, 102.98, 100, 7965, 999, 715, P0, 0x0000000000000020
2026/09/19 21:40:28.723, 1, 79, 119.27, 100, 8507, 961, 715, P0, 0x0000000000000000
2026/09/19 21:40:29.736, 0, 79, 111.54, 100, 7965, 835, 715, P0, 0x0000000000000000
2026/09/19 21:40:29.739, 1, 79, 108.66, 100, 8507, 1075, 715, P0, 0x0000000000000000
2026/09/19 21:40:30.749, 0, 79, 101.34, 99, 7965, 1012, 715, P0, 0x0000000000000020
2026/09/19 21:40:30.753, 1, 79, 115.54, 100, 8507, 1126, 715, P0, 0x0000000000000000
2026/09/19 21:40:31.759, 0, 79, 102.25, 100, 7965, 1012, 715, P0, 0x0000000000000020
2026/09/19 21:40:31.763, 1, 79, 116.73, 100, 8507, 1113, 715, P0, 0x0000000000000020
2026/09/19 21:40:32.772, 0, 79, 103.22, 100, 7965, 1025, 715, P0, 0x0000000000000000
2026/09/19 21:40:32.776, 1, 79, 115.52, 100, 8507, 1113, 715, P0, 0x0000000000000020
2026/09/19 21:40:33.786, 0, 79, 108.32, 98, 7965, 797, 715, P0, 0x0000000000000020
2026/09/19 21:40:33.798, 1, 78, 95.82, 3, 8507, 999, 715, P0, 0x0000000000000000
2026/09/19 21:40:34.812, 0, 79, 102.33, 100, 7965, 1025, 715, P0, 0x0000000000000000
2026/09/19 21:40:34.816, 1, 79, 105.54, 100, 8507, 1063, 715, P0, 0x0000000000000000
2026/09/19 21:40:35.824, 0, 79, 101.61, 100, 7965, 1012, 715, P0, 0x0000000000000020
2026/09/19 21:40:35.834, 1, 79, 105.60, 100, 8507, 1037, 715, P0, 0x0000000000000020
2026/09/19 21:40:36.840, 0, 79, 86.81, 100, 7965, 1050, 715, P0, 0x0000000000000000
2026/09/19 21:40:36.843, 1, 78, 50.16, 91, 8507, 1189, 715, P0, 0x0000000000000000
2026/09/19 21:40:37.855, 0, 79, 92.75, 100, 7965, 898, 715, P0, 0x0000000000000000
2026/09/19 21:40:37.858, 1, 79, 114.18, 100, 8507, 1126, 715, P0, 0x0000000000000000
2026/09/19 21:40:38.871, 0, 79, 102.25, 100, 7965, 999, 715, P0, 0x0000000000000020
2026/09/19 21:40:38.874, 1, 79, 118.64, 100, 8507, 1113, 715, P0, 0x0000000000000020
2026/09/19 21:40:39.886, 0, 79, 102.79, 100, 7965, 1025, 715, P0, 0x0000000000000000
2026/09/19 21:40:39.894, 1, 79, 50.58, 25, 8507, 1189, 715, P0, 0x0000000000000000
2026/09/19 21:40:40.902, 0, 79, 88.45, 100, 7965, 1037, 715, P0, 0x0000000000000000
2026/09/19 21:40:40.905, 1, 79, 111.82, 100, 8507, 1088, 715, P0, 0x0000000000000000
2026/09/19 21:40:41.928, 0, 79, 97.36, 100, 7965, 974, 715, P0, 0x0000000000000000
2026/09/19 21:40:41.936, 1, 79, 99.37, 100, 8507, 974, 715, P0, 0x0000000000000000
2026/09/19 21:40:42.941, 0, 79, 102.59, 100, 7965, 1012, 715, P0, 0x0000000000000000
2026/09/19 21:40:42.944, 1, 79, 100.08, 100, 8507, 987, 715, P0, 0x0000000000000000
2026/09/19 21:40:43.971, 0, 79, 103.06, 100, 7965, 999, 715, P0, 0x0000000000000020
2026/09/19 21:40:43.974, 1, 79, 105.60, 100, 8507, 1037, 715, P0, 0x0000000000000020
2026/09/19 21:40:44.986, 0, 79, 122.71, 100, 7965, 1025, 715, P0, 0x0000000000000020
2026/09/19 21:40:44.997, 1, 79, 113.01, 100, 8507, 835, 715, P0, 0x0000000000000020
2026/09/19 21:40:46.001, 0, 79, 97.34, 100, 7965, 949, 715, P0, 0x0000000000000000
2026/09/19 21:40:46.004, 1, 79, 105.85, 100, 8507, 1025, 715, P0, 0x0000000000000020
2026/09/19 21:40:47.031, 0, 79, 102.32, 100, 7965, 999, 715, P0, 0x0000000000000020
2026/09/19 21:40:47.035, 1, 79, 109.12, 100, 8507, 1063, 715, P0, 0x0000000000000020
2026/09/19 21:40:48.046, 0, 79, 102.26, 100, 7965, 999, 715, P0, 0x0000000000000020
2026/09/19 21:40:48.053, 1, 79, 111.76, 100, 8507, 1075, 715, P0, 0x0000000000000000
2026/09/19 21:40:49.060, 0, 79, 92.48, 100, 7965, 1075, 715, P0, 0x0000000000000000
2026/09/19 21:40:49.063, 1, 79, 107.11, 100, 8507, 1063, 715, P0, 0x0000000000000020
2026/09/19 21:40:50.074, 0, 79, 91.81, 99, 7965, 885, 715, P0, 0x0000000000000000
2026/09/19 21:40:50.077, 1, 79, 111.55, 89, 8507, 1113, 715, P0, 0x0000000000000000
2026/09/19 21:40:51.092, 0, 79, 102.98, 100, 7965, 999, 715, P0, 0x0000000000000020
2026/09/19 21:40:51.096, 1, 79, 116.73, 100, 8507, 1101, 715, P0, 0x0000000000000020
2026/09/19 21:40:52.106, 0, 79, 103.63, 100, 7965, 1012, 715, P0, 0x0000000000000000
2026/09/19 21:40:52.114, 1, 79, 127.17, 100, 8507, 999, 715, P0, 0x0000000000000020
2026/09/19 21:40:53.121, 0, 79, 94.61, 100, 7965, 1075, 715, P0, 0x0000000000000000
2026/09/19 21:40:53.124, 1, 78, 55.85, 0, 8507, 1303, 715, P0, 0x0000000000000000
2026/09/19 21:40:54.136, 0, 79, 90.35, 100, 7965, 835, 715, P0, 0x0000000000000000
2026/09/19 21:40:54.139, 1, 79, 121.30, 100, 8507, 1139, 715, P0, 0x0000000000000020
2026/09/19 21:40:55.151, 0, 79, 101.37, 100, 7965, 1012, 715, P0, 0x0000000000000020
2026/09/19 21:40:55.154, 1, 79, 106.26, 100, 8507, 1050, 715, P0, 0x0000000000000000
2026/09/19 21:40:56.169, 0, 79, 103.28, 100, 7965, 1025, 715, P0, 0x0000000000000000
2026/09/19 21:40:56.173, 1, 78, 49.61, 100, 8507, 1189, 715, P0, 0x0000000000000000
2026/09/19 21:40:57.182, 0, 79, 102.65, 100, 7965, 999, 715, P0, 0x0000000000000020
2026/09/19 21:40:57.193, 1, 79, 132.35, 100, 8507, 1050, 715, P0, 0x0000000000000020
2026/09/19 21:40:58.209, 0, 79, 93.00, 100, 7965, 873, 715, P0, 0x0000000000000000
2026/09/19 21:40:58.216, 1, 79, 116.51, 100, 8507, 1126, 715, P0, 0x0000000000000000
2026/09/19 21:40:59.235, 0, 79, 103.21, 100, 7965, 999, 715, P0, 0x0000000000000020
2026/09/19 21:40:59.239, 1, 79, 117.93, 100, 8507, 1101, 715, P0, 0x0000000000000020
2026/09/19 21:41:00.252, 0, 79, 103.19, 100, 7965, 999, 715, P0, 0x0000000000000020
2026/09/19 21:41:00.255, 1, 79, 125.89, 100, 8507, 1151, 715, P0, 0x0000000000000020
2026/09/19 21:41:01.263, 0, 79, 104.92, 100, 7965, 1012, 715, P0, 0x0000000000000020
2026/09/19 21:41:01.273, 1, 79, 103.66, 100, 8507, 1037, 715, P0, 0x0000000000000020
2026/09/19 21:41:02.293, 0, 79, 91.81, 100, 7965, 873, 715, P0, 0x0000000000000000
2026/09/19 21:41:02.296, 1, 79, 107.54, 100, 8507, 1025, 715, P0, 0x0000000000000020
2026/09/19 21:41:03.305, 0, 79, 102.01, 100, 7965, 999, 715, P0, 0x0000000000000020
2026/09/19 21:41:03.316, 1, 79, 119.06, 100, 8507, 1101, 715, P0, 0x0000000000000020
2026/09/19 21:41:04.324, 0, 79, 103.46, 100, 7965, 1012, 715, P0, 0x0000000000000020
2026/09/19 21:41:04.334, 1, 79, 114.57, 100, 8507, 1101, 715, P0, 0x0000000000000020
2026/09/19 21:41:05.341, 0, 79, 104.66, 100, 7965, 987, 715, P0, 0x0000000000000020
2026/09/19 21:41:05.342, 1, 79, 114.81, 100, 8507, 1113, 715, P0, 0x0000000000000020
2026/09/19 21:41:06.352, 0, 79, 114.50, 100, 7965, 835, 715, P0, 0x0000000000000020
2026/09/19 21:41:06.358, 1, 79, 151.78, 0, 8507, 1101, 715, P0, 0x0000000000000020
2026/09/19 21:41:07.378, 0, 79, 102.09, 100, 7965, 999, 715, P0, 0x0000000000000020
2026/09/19 21:41:07.381, 1, 79, 107.94, 100, 8507, 1063, 715, P0, 0x0000000000000000
2026/09/19 21:41:08.390, 0, 79, 102.57, 100, 7965, 1012, 715, P0, 0x0000000000000020
2026/09/19 21:41:08.393, 1, 79, 102.96, 100, 8507, 1075, 715, P0, 0x0000000000000020
2026/09/19 21:41:09.406, 0, 79, 103.50, 100, 7965, 999, 715, P0, 0x0000000000000020
2026/09/19 21:41:09.415, 1, 78, 56.10, 51, 8507, 1303, 715, P0, 0x0000000000000000
2026/09/19 21:41:10.420, 0, 79, 132.88, 100, 7965, 1088, 715, P0, 0x0000000000000000
2026/09/19 21:41:10.423, 1, 79, 104.95, 100, 8507, 1063, 715, P0, 0x0000000000000000
2026/09/19 21:41:11.432, 0, 79, 98.23, 100, 7965, 974, 715, P0, 0x0000000000000000
2026/09/19 21:41:11.435, 1, 79, 114.82, 100, 8507, 1101, 715, P0, 0x0000000000000020
2026/09/19 21:41:12.445, 0, 79, 102.09, 100, 7965, 999, 715, P0, 0x0000000000000020
2026/09/19 21:41:12.453, 1, 79, 100.79, 100, 8507, 1151, 715, P0, 0x0000000000000000
2026/09/19 21:41:13.462, 0, 79, 102.22, 100, 7965, 987, 715, P0, 0x0000000000000020
2026/09/19 21:41:13.465, 1, 79, 129.43, 100, 8507, 1164, 715, P0, 0x0000000000000020
2026/09/19 21:41:14.474, 0, 79, 102.89, 100, 7965, 987, 715, P0, 0x0000000000000020
2026/09/19 21:41:14.480, 1, 80, 129.01, 100, 8507, 1164, 715, P0, 0x0000000000000020
2026/09/19 21:41:15.488, 0, 79, 99.62, 100, 7965, 797, 715, P0, 0x0000000000000020
2026/09/19 21:41:15.497, 1, 79, 113.39, 100, 8507, 1101, 715, P0, 0x0000000000000000
2026/09/19 21:41:16.502, 0, 79, 101.99, 100, 7965, 1012, 715, P0, 0x0000000000000020
2026/09/19 21:41:16.513, 1, 79, 120.00, 100, 8507, 1126, 715, P0, 0x0000000000000020
2026/09/19 21:41:17.530, 0, 79, 102.01, 100, 7965, 999, 715, P0, 0x0000000000000020
2026/09/19 21:41:17.534, 1, 79, 115.76, 100, 8507, 1113, 715, P0, 0x0000000000000020
2026/09/19 21:41:18.548, 0, 79, 102.10, 100, 7965, 1012, 715, P0, 0x0000000000000020
2026/09/19 21:41:18.553, 1, 79, 103.68, 100, 8507, 1050, 715, P0, 0x0000000000000000
2026/09/19 21:41:19.563, 0, 79, 119.69, 99, 7965, 810, 715, P0, 0x0000000000000020
2026/09/19 21:41:19.580, 1, 78, 151.05, 0, 8507, 1101, 715, P0, 0x0000000000000020
2026/09/19 21:41:20.591, 0, 79, 99.90, 100, 7965, 987, 715, P0, 0x0000000000000020
2026/09/19 21:41:20.595, 1, 79, 115.06, 100, 8507, 1113, 715, P0, 0x0000000000000020
2026/09/19 21:41:21.606, 0, 79, 101.53, 100, 7965, 999, 715, P0, 0x0000000000000000
2026/09/19 21:41:21.616, 1, 79, 114.82, 100, 8507, 1101, 715, P0, 0x0000000000000020
2026/09/19 21:41:22.636, 0, 79, 103.28, 100, 7965, 999, 715, P0, 0x0000000000000020
2026/09/19 21:41:22.640, 1, 78, 49.37, 100, 8507, 1189, 715, P0, 0x0000000000000000
2026/09/19 21:41:23.651, 0, 79, 88.43, 100, 7965, 1075, 715, P0, 0x0000000000000000
2026/09/19 21:41:23.656, 1, 79, 124.17, 100, 8507, 885, 715, P0, 0x0000000000000020
2026/09/19 21:41:24.666, 0, 79, 93.26, 100, 7965, 936, 715, P0, 0x0000000000000000
2026/09/19 21:41:24.676, 1, 79, 106.09, 100, 8507, 1050, 715, P0, 0x0000000000000020
2026/09/19 21:41:25.694, 0, 79, 102.33, 100, 7965, 999, 715, P0, 0x0000000000000020
2026/09/19 21:41:25.697, 1, 79, 106.74, 100, 8507, 1050, 715, P0, 0x0000000000000020
2026/09/19 21:41:26.710, 0, 79, 102.02, 100, 7965, 987, 715, P0, 0x0000000000000020
2026/09/19 21:41:26.715, 1, 79, 111.95, 100, 8507, 1075, 715, P0, 0x0000000000000020
2026/09/19 21:41:27.722, 0, 79, 102.68, 100, 7965, 1025, 715, P0, 0x0000000000000000
2026/09/19 21:41:27.725, 1, 79, 123.82, 100, 8507, 936, 715, P0, 0x0000000000000020
2026/09/19 21:41:28.737, 0, 79, 111.27, 100, 7965, 822, 715, P0, 0x0000000000000020
2026/09/19 21:41:28.740, 1, 79, 112.16, 100, 8507, 1075, 715, P0, 0x0000000000000020
2026/09/19 21:41:29.748, 0, 79, 100.14, 98, 7965, 999, 715, P0, 0x0000000000000000
2026/09/19 21:41:29.756, 1, 79, 115.54, 100, 8507, 1126, 715, P0, 0x0000000000000020
2026/09/19 21:41:30.777, 0, 79, 102.73, 100, 7965, 999, 715, P0, 0x0000000000000020
2026/09/19 21:41:30.780, 1, 79, 117.37, 100, 8507, 1126, 715, P0, 0x0000000000000000
2026/09/19 21:41:31.793, 0, 79, 103.72, 100, 7965, 987, 715, P0, 0x0000000000000020
2026/09/19 21:41:31.797, 1, 79, 107.89, 100, 8507, 1050, 715, P0, 0x0000000000000000
2026/09/19 21:41:32.810, 0, 79, 132.89, 100, 7965, 949, 715, P0, 0x0000000000000020
2026/09/19 21:41:32.817, 1, 78, 56.01, 0, 8507, 1303, 715, P0, 0x0000000000000000
2026/09/19 21:41:33.826, 0, 79, 95.41, 100, 7965, 961, 715, P0, 0x0000000000000000
2026/09/19 21:41:33.835, 1, 79, 107.46, 100, 8507, 1075, 715, P0, 0x0000000000000000
2026/09/19 21:41:34.854, 0, 79, 103.05, 100, 7965, 999, 715, P0, 0x0000000000000020
2026/09/19 21:41:34.857, 1, 79, 108.89, 100, 8507, 1063, 715, P0, 0x0000000000000020
2026/09/19 21:41:35.869, 0, 79, 102.61, 100, 7965, 1025, 715, P0, 0x0000000000000000
2026/09/19 21:41:35.874, 1, 79, 110.34, 100, 8507, 1164, 715, P0, 0x0000000000000000
2026/09/19 21:41:36.897, 0, 79, 101.92, 100, 7965, 999, 715, P0, 0x0000000000000020
2026/09/19 21:41:36.900, 1, 79, 136.60, 100, 8507, 1025, 715, P0, 0x0000000000000020
2026/09/19 21:41:37.915, 0, 79, 116.62, 100, 7965, 797, 715, P0, 0x0000000000000020
2026/09/19 21:41:37.918, 1, 79, 115.46, 100, 8507, 1113, 715, P0, 0x0000000000000020
2026/09/19 21:41:38.926, 0, 79, 102.58, 100, 7965, 1012, 715, P0, 0x0000000000000020
2026/09/19 21:41:38.934, 1, 79, 101.76, 100, 8507, 987, 715, P0, 0x0000000000000000
2026/09/19 21:41:39.945, 0, 79, 103.46, 100, 7965, 1025, 715, P0, 0x0000000000000000
2026/09/19 21:41:39.953, 1, 79, 113.13, 100, 8507, 1113, 715, P0, 0x0000000000000000
2026/09/19 21:41:40.957, 0, 79, 103.50, 100, 7965, 999, 715, P0, 0x0000000000000020
2026/09/19 21:41:40.963, 1, 79, 123.95, 100, 8507, 1189, 715, P0, 0x0000000000000000
2026/09/19 21:41:41.969, 0, 79, 88.91, 100, 7965, 1075, 715, P0, 0x0000000000000000
2026/09/19 21:41:41.974, 1, 79, 115.99, 100, 8507, 1113, 715, P0, 0x0000000000000020
2026/09/19 21:41:42.986, 0, 79, 93.26, 98, 7965, 835, 715, P0, 0x0000000000000000
2026/09/19 21:41:42.996, 1, 79, 112.50, 23, 8507, 1126, 715, P0, 0x0000000000000000
2026/09/19 21:41:44.017, 0, 79, 101.04, 100, 7965, 999, 715, P0, 0x0000000000000020
2026/09/19 21:41:44.019, 1, 79, 120.72, 100, 8507, 1126, 715, P0, 0x0000000000000020
2026/09/19 21:41:45.037, 0, 79, 102.54, 100, 7965, 1012, 715, P0, 0x0000000000000020
2026/09/19 21:41:45.040, 1, 79, 113.86, 100, 8507, 1126, 715, P0, 0x0000000000000000
2026/09/19 21:41:46.050, 0, 79, 104.00, 100, 7965, 1025, 715, P0, 0x0000000000000000
2026/09/19 21:41:46.053, 1, 78, 51.06, 79, 8507, 1202, 715, P0, 0x0000000000000000
2026/09/19 21:41:47.066, 0, 79, 128.39, 100, 7965, 987, 715, P0, 0x0000000000000020
2026/09/19 21:41:47.076, 1, 79, 105.67, 100, 8507, 1101, 715, P0, 0x0000000000000000
2026/09/19 21:41:48.092, 0, 79, 97.03, 100, 7965, 974, 715, P0, 0x0000000000000000
2026/09/19 21:41:48.097, 1, 79, 113.87, 100, 8507, 1101, 715, P0, 0x0000000000000020
2026/09/19 21:41:49.108, 0, 79, 102.98, 100, 7965, 1012, 715, P0, 0x0000000000000020
2026/09/19 21:41:49.115, 1, 79, 112.65, 100, 8507, 1101, 715, P0, 0x0000000000000020
2026/09/19 21:41:50.123, 0, 79, 103.44, 100, 7965, 999, 715, P0, 0x0000000000000020
2026/09/19 21:41:50.136, 1, 79, 121.92, 100, 8507, 1126, 715, P0, 0x0000000000000020
2026/09/19 21:41:51.141, 0, 79, 102.75, 100, 7965, 999, 715, P0, 0x0000000000000020
2026/09/19 21:41:51.147, 1, 79, 115.98, 100, 8507, 1063, 715, P0, 0x0000000000000000
2026/09/19 21:41:52.152, 0, 79, 121.53, 100, 7965, 898, 715, P0, 0x0000000000000020
2026/09/19 21:41:52.156, 1, 79, 105.03, 100, 8507, 1037, 715, P0, 0x0000000000000020
2026/09/19 21:41:53.167, 0, 79, 97.27, 100, 7965, 974, 715, P0, 0x0000000000000000
2026/09/19 21:41:53.177, 1, 79, 113.86, 77, 8507, 1113, 715, P0, 0x0000000000000020
2026/09/19 21:41:54.183, 0, 79, 102.50, 100, 7965, 999, 715, P0, 0x0000000000000020
2026/09/19 21:41:54.194, 1, 79, 113.61, 100, 8507, 1101, 715, P0, 0x0000000000000020
2026/09/19 21:41:55.198, 0, 79, 102.64, 100, 7965, 1012, 715, P0, 0x0000000000000000
2026/09/19 21:41:55.201, 1, 79, 134.90, 100, 8507, 961, 715, P0, 0x0000000000000020
2026/09/19 21:41:56.227, 0, 79, 102.79, 100, 7965, 999, 715, P0, 0x0000000000000020
2026/09/19 21:41:56.234, 1, 78, 50.34, 6, 8507, 1189, 715, P0, 0x0000000000000000
2026/09/19 21:41:57.247, 0, 79, 113.19, 100, 7965, 810, 715, P0, 0x0000000000000020
2026/09/19 21:41:57.258, 1, 79, 113.77, 100, 8507, 1126, 715, P0, 0x0000000000000020
2026/09/19 21:41:58.265, 0, 79, 101.53, 100, 7965, 999, 715, P0, 0x0000000000000020
2026/09/19 21:41:58.274, 1, 80, 120.24, 100, 8507, 1126, 715, P0, 0x0000000000000020
2026/09/19 21:41:59.279, 0, 79, 103.07, 100, 7965, 1012, 715, P0, 0x0000000000000020
2026/09/19 21:41:59.282, 1, 79, 91.07, 100, 8507, 999, 715, P0, 0x0000000000000000
2026/09/19 21:42:00.306, 0, 79, 103.24, 100, 7965, 999, 715, P0, 0x0000000000000020
2026/09/19 21:42:00.315, 1, 79, 108.65, 100, 8507, 1075, 715, P0, 0x0000000000000000
2026/09/19 21:42:01.333, 0, 79, 90.61, 100, 7965, 1025, 715, P0, 0x0000000000000000
2026/09/19 21:42:01.336, 1, 79, 121.79, 100, 8507, 911, 715, P0, 0x0000000000000000
2026/09/19 21:42:02.350, 0, 79, 97.96, 100, 7965, 835, 715, P0, 0x0000000000000000
2026/09/19 21:42:02.357, 1, 79, 107.95, 100, 8507, 1075, 715, P0, 0x0000000000000000
2026/09/19 21:42:03.375, 0, 79, 102.32, 100, 7965, 999, 715, P0, 0x0000000000000020
2026/09/19 21:42:03.378, 1, 79, 114.57, 100, 8507, 1126, 715, P0, 0x0000000000000000
2026/09/19 21:42:04.391, 0, 79, 101.59, 100, 7965, 999, 715, P0, 0x0000000000000020
2026/09/19 21:42:04.394, 1, 79, 113.13, 100, 8507, 1101, 715, P0, 0x0000000000000020
2026/09/19 21:42:05.404, 0, 79, 102.68, 100, 7965, 1012, 715, P0, 0x0000000000000020
2026/09/19 21:42:05.416, 1, 79, 122.87, 100, 8507, 999, 715, P0, 0x0000000000000000
2026/09/19 21:42:06.433, 0, 78, 119.75, 100, 7965, 1101, 715, P0, 0x0000000000000000
2026/09/19 21:42:06.436, 1, 78, 52.18, 0, 8507, 1227, 715, P0, 0x0000000000000000
2026/09/19 21:42:07.447, 0, 79, 92.45, 100, 7965, 847, 715, P0, 0x0000000000000000
2026/09/19 21:42:07.456, 1, 80, 126.25, 100, 8507, 1151, 715, P0, 0x0000000000000020
2026/09/19 21:42:08.471, 0, 79, 101.85, 100, 7965, 1012, 715, P0, 0x0000000000000000
2026/09/19 21:42:08.475, 1, 79, 105.60, 100, 8507, 1050, 715, P0, 0x0000000000000020
2026/09/19 21:42:09.489, 0, 79, 102.60, 100, 7965, 999, 715, P0, 0x0000000000000020
2026/09/19 21:42:09.493, 1, 79, 92.51, 100, 8507, 1050, 715, P0, 0x0000000000000000
2026/09/19 21:42:10.506, 0, 79, 103.21, 100, 7965, 1012, 715, P0, 0x0000000000000020
2026/09/19 21:42:10.514, 1, 79, 116.25, 100, 8507, 1113, 715, P0, 0x0000000000000020
2026/09/19 21:42:11.522, 0, 79, 89.40, 100, 7965, 1037, 715, P0, 0x0000000000000000
2026/09/19 21:42:11.524, 1, 79, 112.04, 100, 8507, 1113, 715, P0, 0x0000000000000000
2026/09/19 21:42:12.539, 0, 79, 93.67, 100, 7965, 822, 715, P0, 0x0000000000000000
2026/09/19 21:42:12.542, 1, 79, 114.43, 100, 8507, 1113, 715, P0, 0x0000000000000000
2026/09/19 21:42:13.572, 0, 79, 101.27, 100, 7965, 974, 715, P0, 0x0000000000000020
2026/09/19 21:42:13.575, 1, 79, 126.61, 100, 8507, 1164, 715, P0, 0x0000000000000020
2026/09/19 21:42:14.589, 0, 79, 102.26, 100, 7965, 999, 715, P0, 0x0000000000000000
2026/09/19 21:42:14.596, 1, 79, 112.65, 100, 8507, 1063, 715, P0, 0x0000000000000020
2026/09/19 21:42:15.602, 0, 79, 102.51, 100, 7965, 999, 715, P0, 0x0000000000000020
2026/09/19 21:42:15.605, 1, 79, 117.91, 100, 8507, 911, 715, P0, 0x0000000000000000
2026/09/19 21:42:16.630, 0, 79, 77.92, 100, 7965, 1113, 715, P0, 0x0000000000000000
2026/09/19 21:42:16.634, 1, 78, 50.16, 0, 8507, 1189, 715, P0, 0x0000000000000000
2026/09/19 21:42:17.647, 0, 79, 100.14, 100, 7965, 1101, 715, P0, 0x0000000000000000
2026/09/19 21:42:17.655, 1, 79, 114.56, 100, 8507, 1113, 715, P0, 0x0000000000000020
2026/09/19 21:42:18.659, 0, 79, 96.78, 100, 7965, 1075, 715, P0, 0x0000000000000000
2026/09/19 21:42:18.662, 1, 79, 116.48, 100, 8507, 1113, 715, P0, 0x0000000000000020
2026/09/19 21:42:19.672, 0, 77, 48.20, 0, 7965, 1189, 715, P0, 0x0000000000000000
2026/09/19 21:42:19.674, 1, 79, 96.21, 100, 8507, 1164, 715, P0, 0x0000000000000000
2026/09/19 21:42:20.685, 0, 77, 47.63, 0, 7965, 1189, 715, P0, 0x0000000000000000
2026/09/19 21:42:20.689, 1, 79, 133.99, 100, 8507, 1075, 715, P0, 0x0000000000000020
2026/09/19 21:42:21.696, 0, 76, 47.56, 0, 7965, 1189, 715, P0, 0x0000000000000000
2026/09/19 21:42:21.699, 1, 79, 54.30, 89, 8507, 1215, 715, P0, 0x0000000000000000
2026/09/19 21:42:22.711, 0, 80, 140.97, 100, 7965, 1227, 715, P0, 0x0000000000000020
2026/09/19 21:42:22.714, 1, 78, 57.17, 0, 8507, 1328, 715, P0, 0x0000000000000000
2026/09/19 21:42:23.733, 0, 79, 116.99, 100, 7965, 1101, 715, P0, 0x0000000000000000
2026/09/19 21:42:23.737, 1, 77, 56.51, 0, 8507, 1328, 715, P0, 0x0000000000000000
2026/09/19 21:42:24.746, 0, 79, 85.35, 100, 7965, 1177, 715, P0, 0x0000000000000000
2026/09/19 21:42:24.750, 1, 77, 47.69, 0, 8507, 1189, 715, P0, 0x0000000000000000
2026/09/19 21:42:25.758, 0, 77, 48.09, 0, 7965, 1189, 715, P0, 0x0000000000000000
2026/09/19 21:42:25.760, 1, 80, 158.52, 100, 8507, 1303, 715, P0, 0x0000000000000020
2026/09/19 21:42:26.769, 0, 76, 47.70, 0, 7965, 1189, 715, P0, 0x0000000000000000
2026/09/19 21:42:26.772, 1, 79, 109.14, 100, 8507, 1075, 715, P0, 0x0000000000000000
2026/09/19 21:42:27.781, 0, 76, 47.56, 0, 7965, 1189, 715, P0, 0x0000000000000000
2026/09/19 21:42:27.786, 1, 79, 50.45, 85, 8507, 1202, 715, P0, 0x0000000000000000
2026/09/19 21:42:28.798, 0, 80, 128.19, 100, 7965, 1164, 715, P0, 0x0000000000000020
2026/09/19 21:42:28.801, 1, 77, 56.74, 0, 8507, 1328, 715, P0, 0x0000000000000000
2026/09/19 21:42:29.814, 0, 79, 115.15, 100, 7965, 1101, 715, P0, 0x0000000000000000
2026/09/19 21:42:29.818, 1, 77, 56.54, 0, 8507, 1328, 715, P0, 0x0000000000000000
2026/09/19 21:42:30.822, 0, 79, 152.32, 100, 7965, 1113, 715, P0, 0x0000000000000020
2026/09/19 21:42:30.833, 1, 77, 56.19, 0, 8507, 1328, 715, P0, 0x0000000000000000
2026/09/19 21:42:31.849, 0, 79, 112.50, 100, 7965, 1101, 715, P0, 0x0000000000000020
2026/09/19 21:42:31.852, 1, 80, 154.79, 100, 8507, 1265, 715, P0, 0x0000000000000000
2026/09/19 21:42:32.866, 0, 79, 114.94, 100, 7965, 1101, 715, P0, 0x0000000000000020
2026/09/19 21:42:32.873, 1, 79, 100.52, 100, 8507, 1151, 715, P0, 0x0000000000000000
2026/09/19 21:42:33.882, 0, 79, 104.22, 100, 7965, 1126, 715, P0, 0x0000000000000000
2026/09/19 21:42:33.891, 1, 78, 53.44, 0, 8507, 1265, 715, P0, 0x0000000000000000
2026/09/19 21:42:34.909, 0, 79, 112.40, 100, 7965, 1101, 715, P0, 0x0000000000000000
2026/09/19 21:42:34.913, 1, 79, 124.69, 100, 8507, 1164, 715, P0, 0x0000000000000020
2026/09/19 21:42:35.922, 0, 79, 115.76, 100, 7965, 1088, 715, P0, 0x0000000000000020
2026/09/19 21:42:35.931, 1, 79, 126.58, 100, 8507, 1151, 715, P0, 0x0000000000000020
2026/09/19 21:42:36.937, 0, 80, 119.98, 100, 7965, 1101, 715, P0, 0x0000000000000000
2026/09/19 21:42:36.940, 1, 79, 50.29, 85, 8507, 1189, 715, P0, 0x0000000000000000
2026/09/19 21:42:37.952, 0, 79, 128.24, 100, 7965, 974, 715, P0, 0x0000000000000020
2026/09/19 21:42:37.957, 1, 79, 104.81, 100, 8507, 1012, 715, P0, 0x0000000000000000
2026/09/19 21:42:38.968, 0, 79, 101.29, 100, 7965, 1012, 715, P0, 0x0000000000000000
2026/09/19 21:42:38.973, 1, 79, 112.65, 100, 8507, 1088, 715, P0, 0x0000000000000020
2026/09/19 21:42:39.979, 0, 79, 103.94, 100, 7965, 1025, 715, P0, 0x0000000000000020
2026/09/19 21:42:39.982, 1, 79, 112.89, 100, 8507, 1088, 715, P0, 0x0000000000000020
2026/09/19 21:42:40.987, 0, 77, 48.38, 0, 7965, 1189, 715, P0, 0x0000000000000000
2026/09/19 21:42:40.990, 1, 79, 124.12, 100, 8507, 1139, 715, P0, 0x0000000000000020
2026/09/19 21:42:42.000, 0, 77, 47.90, 0, 7965, 1189, 715, P0, 0x0000000000000000
2026/09/19 21:42:42.005, 1, 79, 126.50, 100, 8507, 1101, 715, P0, 0x0000000000000000
2026/09/19 21:42:43.030, 0, 76, 47.66, 0, 7965, 1189, 715, P0, 0x0000000000000000
2026/09/19 21:42:43.033, 1, 79, 124.59, 100, 8507, 1139, 715, P0, 0x0000000000000020
2026/09/19 21:42:44.041, 0, 78, 191.74, 40, 7965, 1328, 715, P0, 0x0000000000000000
2026/09/19 21:42:44.044, 1, 79, 81.93, 53, 8507, 1177, 715, P0, 0x0000000000000000
2026/09/19 21:42:45.050, 0, 79, 133.06, 43, 7965, 1328, 715, P0, 0x0000000000000000
2026/09/19 21:42:45.053, 1, 79, 78.59, 47, 8507, 1189, 715, P0, 0x0000000000000000
2026/09/19 21:42:46.077, 0, 79, 167.34, 43, 7965, 1328, 715, P0, 0x0000000000000000
2026/09/19 21:42:46.085, 1, 79, 69.24, 58, 8507, 1177, 715, P0, 0x0000000000000000
2026/09/19 21:42:47.089, 0, 80, 83.32, 39, 7965, 1328, 715, P0, 0x0000000000000000
2026/09/19 21:42:47.098, 1, 79, 93.45, 57, 8507, 1240, 715, P0, 0x0000000000000020
2026/09/19 21:42:48.118, 0, 79, 97.37, 47, 7965, 1328, 715, P0, 0x0000000000000000
2026/09/19 21:42:48.122, 1, 79, 109.00, 50, 8507, 1189, 715, P0, 0x0000000000000020
2026/09/19 21:42:49.130, 0, 79, 99.24, 38, 7965, 1278, 715, P0, 0x0000000000000020
2026/09/19 21:42:49.133, 1, 79, 147.02, 53, 8507, 1240, 715, P0, 0x0000000000000000
2026/09/19 21:42:50.143, 0, 78, 56.00, 95, 9, 1328, 715, P0, 0x0000000000000000
2026/09/19 21:42:50.147, 1, 78, 57.18, 23, 9, 1328, 715, P0, 0x0000000000000000
2026/09/19 21:42:51.166, 0, 77, 53.82, 0, 9, 1328, 715, P0, 0x0000000000000000
2026/09/19 21:42:51.169, 1, 77, 55.72, 0, 9, 1328, 715, P0, 0x0000000000000000
2026/09/19 21:42:52.178, 0, 77, 54.58, 0, 9, 1328, 715, P0, 0x0000000000000000
2026/09/19 21:42:52.183, 1, 77, 56.21, 0, 9, 1328, 715, P0, 0x0000000000000000
2026/09/19 21:42:53.192, 0, 76, 37.91, 0, 9, 405, 715, P0, 0x0000000000000001
2026/09/19 21:42:53.195, 1, 76, 56.03, 0, 9, 1328, 715, P0, 0x0000000000000000
2026/09/19 21:42:54.204, 0, 76, 37.91, 0, 9, 405, 715, P0, 0x0000000000000001
2026/09/19 21:42:54.207, 1, 76, 55.79, 0, 9, 1328, 715, P0, 0x0000000000000000
2026/09/19 21:42:55.218, 0, 75, 37.67, 0, 9, 405, 715, P0, 0x0000000000000001
2026/09/19 21:42:55.221, 1, 76, 55.55, 0, 9, 1328, 715, P0, 0x0000000000000000
