timestamp,index,temperature.gpu,power.draw,utilization.gpu,memory.used,clocks.current.graphics,clocks.current.memory,pstate,clocks_event_reasons.active
2026/09/17 06:59:56.821, 0, 72, 44.92, 0, 6825, 1189, 715, P0, 0x0000000000000000
2026/09/17 06:59:56.825, 1, 73, 53.35, 0, 7101, 1328, 715, P0, 0x0000000000000000
2026/09/17 06:59:57.833, 0, 76, 194.41, 94, 6999, 1328, 715, P0, 0x0000000000000000
2026/09/17 06:59:57.838, 1, 73, 184.56, 19, 7275, 1328, 715, P0, 0x0000000000000000
2026/09/17 06:59:58.846, 0, 77, 194.83, 100, 6999, 1328, 715, P0, 0x0000000000000000
2026/09/17 06:59:58.850, 1, 76, 166.04, 100, 7275, 1328, 715, P0, 0x0000000000000000
2026/09/17 06:59:59.863, 0, 77, 181.67, 100, 6999, 1328, 715, P0, 0x0000000000000000
2026/09/17 06:59:59.866, 1, 77, 166.07, 100, 7275, 1328, 715, P0, 0x0000000000000000
2026/09/17 07:00:00.878, 0, 78, 189.75, 100, 6999, 1328, 715, P0, 0x0000000000000000
2026/09/17 07:00:00.883, 1, 76, 58.34, 100, 7275, 1328, 715, P0, 0x0000000000000000
2026/09/17 07:00:01.889, 0, 78, 163.35, 98, 6999, 1328, 715, P0, 0x0000000000000000
2026/09/17 07:00:01.892, 1, 77, 183.34, 66, 7275, 1328, 715, P0, 0x0000000000000000
2026/09/17 07:00:02.903, 0, 75, 55.51, 0, 6999, 1328, 715, P0, 0x0000000000000000
2026/09/17 07:00:02.906, 1, 76, 59.36, 99, 7275, 1328, 715, P0, 0x0000000000000000
2026/09/17 07:00:03.914, 0, 76, 56.70, 74, 6999, 1328, 715, P0, 0x0000000000000000
2026/09/17 07:00:03.917, 1, 75, 165.40, 36, 7275, 1328, 715, P0, 0x0000000000000000
2026/09/17 07:00:04.929, 0, 75, 89.34, 39, 6999, 1328, 715, P0, 0x0000000000000000
2026/09/17 07:00:04.932, 1, 76, 148.45, 48, 7275, 1328, 715, P0, 0x0000000000000000
2026/09/17 07:00:05.939, 0, 76, 89.10, 41, 6999, 1328, 715, P0, 0x0000000000000000
2026/09/17 07:00:05.942, 1, 76, 148.31, 46, 7275, 1328, 715, P0, 0x0000000000000000
2026/09/17 07:00:06.951, 0, 76, 87.42, 46, 6999, 1328, 715, P0, 0x0000000000000000
2026/09/17 07:00:06.954, 1, 76, 141.95, 51, 7275, 1328, 715, P0, 0x0000000000000000
2026/09/17 07:00:07.960, 0, 76, 95.61, 49, 6999, 1328, 715, P0, 0x0000000000000000
2026/09/17 07:00:07.962, 1, 76, 140.97, 53, 7275, 1328, 715, P0, 0x0000000000000000
2026/09/17 07:00:08.973, 0, 76, 86.68, 44, 6999, 1328, 715, P0, 0x0000000000000000
2026/09/17 07:00:08.978, 1, 76, 144.06, 49, 7275, 1328, 715, P0, 0x0000000000000000
2026/09/17 07:00:09.997, 0, 77, 190.35, 100, 6999, 1328, 715, P0, 0x0000000000000000
2026/09/17 07:00:10.000, 1, 74, 56.84, 0, 7275, 1328, 715, P0, 0x0000000000000000
2026/09/17 07:00:11.012, 0, 79, 203.11, 100, 6999, 1328, 715, P0, 0x0000000000000000
2026/09/17 07:00:11.016, 1, 77, 172.26, 100, 7275, 1328, 715, P0, 0x0000000000000000
2026/09/17 07:00:12.026, 0, 79, 146.44, 100, 6999, 1328, 715, P0, 0x0000000000000000
2026/09/17 07:00:12.029, 1, 77, 106.87, 100, 7275, 1328, 715, P0, 0x0000000000000000
2026/09/17 07:00:13.041, 0, 78, 181.23, 100, 6999, 1278, 715, P0, 0x0000000000000020
2026/09/17 07:00:13.044, 1, 77, 189.40, 47, 7275, 1328, 715, P0, 0x0000000000000000
2026/09/17 07:00:14.058, 0, 79, 133.96, 99, 6999, 1278, 715, P0, 0x0000000000000000
2026/09/17 07:00:14.060, 1, 78, 153.88, 76, 7275, 1328, 715, P0, 0x0000000000000000
2026/09/17 07:00:15.076, 0, 79, 174.74, 100, 6999, 1303, 715, P0, 0x0000000000000000
2026/09/17 07:00:15.081, 1, 78, 174.38, 100, 7275, 1328, 715, P0, 0x0000000000000000
2026/09/17 07:00:16.093, 0, 79, 173.13, 100, 6999, 1290, 715, P0, 0x0000000000000000
2026/09/17 07:00:16.096, 1, 78, 135.10, 100, 7275, 1328, 715, P0, 0x0000000000000000
2026/09/17 07:00:17.107, 0, 79, 172.08, 100, 6999, 1303, 715, P0, 0x0000000000000000
2026/09/17 07:00:17.109, 1, 79, 174.75, 100, 7275, 1328, 715, P0, 0x0000000000000000
2026/09/17 07:00:18.121, 0, 79, 165.83, 100, 6999, 1265, 715, P0, 0x0000000000000020
2026/09/17 07:00:18.124, 1, 79, 190.33, 100, 7275, 1328, 715, P0, 0x0000000000000000
2026/09/17 07:00:19.136, 0, 79, 169.54, 100, 6999, 1265, 715, P0, 0x0000000000000000
2026/09/17 07:00:19.140, 1, 79, 199.86, 100, 7275, 1328, 715, P0, 0x0000000000000000
2026/09/17 07:00:20.153, 0, 79, 163.37, 100, 6999, 1265, 715, P0, 0x0000000000000020
2026/09/17 07:00:20.156, 1, 79, 178.37, 100, 7275, 1328, 715, P0, 0x0000000000000000
2026/09/17 07:00:21.168, 0, 79, 156.71, 100, 6999, 1240, 715, P0, 0x0000000000000000
2026/09/17 07:00:21.172, 1, 79, 179.26, 100, 7275, 1328, 715, P0, 0x0000000000000000
2026/09/17 07:00:22.179, 0, 79, 151.16, 100, 6999, 1252, 715, P0, 0x0000000000000000
2026/09/17 07:00:22.182, 1, 79, 181.00, 100, 7275, 1328, 715, P0, 0x0000000000000000
2026/09/17 07:00:23.186, 0, 79, 158.56, 100, 6999, 1265, 715, P0, 0x0000000000000000
2026/09/17 07:00:23.192, 1, 79, 181.71, 100, 7275, 1328, 715, P0, 0x0000000000000000
2026/09/17 07:00:24.198, 0, 79, 96.10, 100, 6999, 1290, 715, P0, 0x0000000000000020
2026/09/17 07:00:24.203, 1, 79, 174.97, 100, 7275, 1328, 715, P0, 0x0000000000000000
2026/09/17 07:00:25.213, 0, 79, 137.12, 100, 6999, 1164, 715, P0, 0x0000000000000000
2026/09/17 07:00:25.216, 1, 79, 121.59, 100, 7275, 1316, 715, P0, 0x0000000000000000
2026/09/17 07:00:26.232, 0, 79, 157.91, 100, 6999, 1227, 715, P0, 0x0000000000000020
2026/09/17 07:00:26.240, 1, 79, 167.27, 100, 7275, 1316, 715, P0, 0x0000000000000020
2026/09/17 07:00:27.260, 0, 79, 98.00, 97, 6999, 1189, 715, P0, 0x0000000000000000
2026/09/17 07:00:27.263, 1, 79, 118.69, 96, 7275, 1328, 715, P0, 0x0000000000000000
2026/09/17 07:00:28.276, 0, 79, 136.75, 97, 6999, 1139, 715, P0, 0x0000000000000020
2026/09/17 07:00:28.281, 1, 79, 188.01, 14, 7275, 1328, 715, P0, 0x0000000000000000
2026/09/17 07:00:29.289, 0, 79, 103.76, 100, 6999, 1227, 715, P0, 0x0000000000000000
2026/09/17 07:00:29.292, 1, 78, 57.07, 89, 7275, 1328, 715, P0, 0x0000000000000000
2026/09/17 07:00:30.303, 0, 79, 131.15, 100, 6999, 1189, 715, P0, 0x0000000000000000
2026/09/17 07:00:30.306, 1, 79, 126.51, 100, 7275, 1328, 715, P0, 0x0000000000000000
2026/09/17 07:00:31.320, 0, 78, 95.62, 100, 6999, 1189, 715, P0, 0x0000000000000000
2026/09/17 07:00:31.322, 1, 80, 186.73, 100, 7275, 1328, 715, P0, 0x0000000000000000
2026/09/17 07:00:32.337, 0, 79, 132.98, 100, 6999, 1164, 715, P0, 0x0000000000000020
2026/09/17 07:00:32.340, 1, 79, 169.50, 100, 7275, 1290, 715, P0, 0x0000000000000000
2026/09/17 07:00:33.350, 0, 79, 115.40, 100, 6999, 1252, 715, P0, 0x0000000000000000
2026/09/17 07:00:33.353, 1, 79, 119.07, 100, 7275, 1303, 715, P0, 0x0000000000000000
2026/09/17 07:00:34.362, 0, 77, 53.17, 0, 6999, 1303, 715, P0, 0x0000000000000000
2026/09/17 07:00:34.366, 1, 79, 143.22, 100, 7275, 1328, 715, P0, 0x0000000000000000
2026/09/17 07:00:35.376, 0, 79, 163.73, 100, 6999, 1328, 715, P0, 0x0000000000000000
2026/09/17 07:00:35.379, 1, 77, 57.41, 0, 7275, 1328, 715, P0, 0x0000000000000000
2026/09/17 07:00:36.386, 0, 77, 53.09, 0, 6999, 1303, 715, P0, 0x0000000000000000
2026/09/17 07:00:36.389, 1, 79, 170.17, 100, 7275, 1328, 715, P0, 0x0000000000000000
2026/09/17 07:00:37.399, 0, 77, 81.45, 41, 6999, 1328, 715, P0, 0x0000000000000000
2026/09/17 07:00:37.402, 1, 78, 150.15, 52, 7275, 1328, 715, P0, 0x0000000000000000
2026/09/17 07:00:38.410, 0, 78, 87.15, 45, 6999, 1328, 715, P0, 0x0000000000000000
2026/09/17 07:00:38.413, 1, 78, 151.07, 51, 7275, 1328, 715, P0, 0x0000000000000000
2026/09/17 07:00:39.420, 0, 78, 84.52, 41, 6999, 1328, 715, P0, 0x0000000000000000
2026/09/17 07:00:39.426, 1, 78, 128.87, 53, 7275, 1328, 715, P0, 0x0000000000000000
2026/09/17 07:00:40.436, 0, 78, 87.41, 47, 6999, 1328, 715, P0, 0x0000000000000000
2026/09/17 07:00:40.439, 1, 78, 149.66, 49, 7275, 1328, 715, P0, 0x0000000000000000
2026/09/17 07:00:41.450, 0, 78, 84.99, 48, 6999, 1328, 715, P0, 0x0000000000000000
2026/09/17 07:00:41.453, 1, 78, 139.22, 45, 7275, 1328, 715, P0, 0x0000000000000000
2026/09/17 07:00:42.466, 0, 79, 174.52, 100, 6999, 1328, 715, P0, 0x0000000000000000
2026/09/17 07:00:42.469, 1, 76, 58.08, 0, 7275, 1328, 715, P0, 0x0000000000000000
2026/09/17 07:00:43.482, 0, 79, 157.98, 100, 6999, 1316, 715, P0, 0x0000000000000000
2026/09/17 07:00:43.485, 1, 78, 184.36, 100, 7275, 1328, 715, P0, 0x0000000000000000
2026/09/17 07:00:44.496, 0, 79, 156.09, 97, 6999, 1189, 715, P0, 0x0000000000000020
2026/09/17 07:00:44.499, 1, 79, 143.87, 48, 7275, 1328, 715, P0, 0x0000000000000000
2026/09/17 07:00:45.506, 0, 79, 113.31, 100, 6999, 1303, 715, P0, 0x0000000000000000
2026/09/17 07:00:45.511, 1, 78, 61.90, 100, 7275, 1328, 715, P0, 0x0000000000000000
2026/09/17 07:00:46.519, 0, 80, 165.79, 100, 6999, 1265, 715, P0, 0x0000000000000020
2026/09/17 07:00:46.521, 1, 80, 160.38, 100, 7275, 1227, 715, P0, 0x0000000000000000
2026/09/17 07:00:47.533, 0, 79, 138.50, 100, 6999, 1177, 715, P0, 0x0000000000000000
2026/09/17 07:00:47.539, 1, 79, 111.31, 100, 7275, 1265, 715, P0, 0x0000000000000000
2026/09/17 07:00:48.549, 0, 79, 99.27, 100, 6999, 1189, 715, P0, 0x0000000000000000
2026/09/17 07:00:48.555, 1, 79, 116.83, 100, 7275, 1290, 715, P0, 0x0000000000000000
2026/09/17 07:00:49.562, 0, 79, 95.92, 99, 6999, 1189, 715, P0, 0x0000000000000000
2026/09/17 07:00:49.564, 1, 79, 114.21, 75, 7275, 1290, 715, P0, 0x0000000000000000
2026/09/17 07:00:50.577, 0, 79, 96.16, 100, 6999, 1189, 715, P0, 0x0000000000000000
2026/09/17 07:00:50.580, 1, 78, 57.81, 100, 7275, 1328, 715, P0, 0x0000000000000000
2026/09/17 07:00:51.596, 0, 78, 90.40, 100, 6999, 1189, 715, P0, 0x0000000000000000
2026/09/17 07:00:51.599, 1, 79, 175.23, 100, 7275, 1316, 715, P0, 0x0000000000000000
2026/09/17 07:00:52.611, 0, 79, 98.88, 100, 6999, 1189, 715, P0, 0x0000000000000000
2026/09/17 07:00:52.614, 1, 79, 165.17, 100, 7275, 1328, 715, P0, 0x0000000000000000
2026/09/17 07:00:53.628, 0, 79, 121.89, 99, 6999, 1189, 715, P0, 0x0000000000000000
2026/09/17 07:00:53.631, 1, 79, 191.71, 97, 7275, 1328, 715, P0, 0x0000000000000000
2026/09/17 07:00:54.642, 0, 79, 150.29, 100, 6999, 1202, 715, P0, 0x0000000000000000
2026/09/17 07:00:54.646, 1, 78, 50.98, 25, 7275, 1189, 715, P0, 0x0000000000000000
2026/09/17 07:00:55.656, 0, 79, 140.79, 100, 6999, 1278, 715, P0, 0x0000000000000020
2026/09/17 07:00:55.665, 1, 79, 147.62, 100, 7275, 1202, 715, P0, 0x0000000000000000
2026/09/17 07:00:56.683, 0, 79, 156.73, 100, 6999, 1240, 715, P0, 0x0000000000000020
2026/09/17 07:00:56.689, 1, 79, 155.46, 100, 7275, 1252, 715, P0, 0x0000000000000020
2026/09/17 07:00:57.698, 0, 79, 116.05, 100, 6999, 1316, 715, P0, 0x0000000000000020
2026/09/17 07:00:57.701, 1, 79, 166.36, 100, 7275, 1328, 715, P0, 0x0000000000000000
2026/09/17 07:00:58.712, 0, 79, 163.24, 100, 6999, 1316, 715, P0, 0x0000000000000000
2026/09/17 07:00:58.715, 1, 78, 56.90, 68, 7275, 1328, 715, P0, 0x0000000000000000
2026/09/17 07:00:59.724, 0, 79, 120.58, 100, 6999, 1316, 715, P0, 0x0000000000000020
2026/09/17 07:00:59.729, 1, 80, 161.84, 100, 7275, 1303, 715, P0, 0x0000000000000020
2026/09/17 07:01:00.743, 0, 79, 115.95, 100, 6999, 1290, 715, P0, 0x0000000000000000
2026/09/17 07:01:00.746, 1, 79, 159.72, 100, 7275, 1316, 715, P0, 0x0000000000000000
2026/09/17 07:01:01.761, 0, 79, 95.68, 97, 6999, 1189, 715, P0, 0x0000000000000000
2026/09/17 07:01:01.764, 1, 79, 112.12, 98, 7275, 1290, 715, P0, 0x0000000000000000
2026/09/17 07:01:02.780, 0, 79, 96.87, 100, 6999, 1189, 715, P0, 0x0000000000000000
2026/09/17 07:01:02.783, 1, 79, 110.65, 100, 7275, 1303, 715, P0, 0x0000000000000000
2026/09/17 07:01:03.794, 0, 79, 136.55, 100, 6999, 1189, 715, P0, 0x0000000000000000
2026/09/17 07:01:03.802, 1, 79, 107.84, 100, 7275, 1252, 715, P0, 0x0000000000000000
2026/09/17 07:01:04.806, 0, 79, 144.99, 100, 6999, 1164, 715, P0, 0x0000000000000020
2026/09/17 07:01:04.809, 1, 79, 154.26, 100, 7275, 1265, 715, P0, 0x0000000000000000
2026/09/17 07:01:05.820, 0, 79, 162.34, 100, 6999, 1139, 715, P0, 0x0000000000000020
2026/09/17 07:01:05.826, 1, 78, 164.68, 73, 7275, 1328, 715, P0, 0x0000000000000000
2026/09/17 07:01:06.837, 0, 79, 141.79, 100, 6999, 1278, 715, P0, 0x0000000000000000
2026/09/17 07:01:06.844, 1, 79, 171.67, 100, 7275, 1290, 715, P0, 0x0000000000000000
2026/09/17 07:01:07.851, 0, 79, 100.89, 100, 6999, 1189, 715, P0, 0x0000000000000000
2026/09/17 07:01:07.854, 1, 79, 108.49, 100, 7275, 1316, 715, P0, 0x0000000000000000
2026/09/17 07:01:08.865, 0, 79, 116.02, 99, 6999, 1177, 715, P0, 0x0000000000000000
2026/09/17 07:01:08.869, 1, 78, 95.88, 44, 7275, 1189, 715, P0, 0x0000000000000000
2026/09/17 07:01:09.880, 0, 79, 133.41, 100, 6999, 1189, 715, P0, 0x0000000000000020
2026/09/17 07:01:09.889, 1, 79, 112.09, 100, 7275, 1177, 715, P0, 0x0000000000000000
2026/09/17 07:01:10.897, 0, 79, 154.47, 100, 6999, 1316, 715, P0, 0x0000000000000020
2026/09/17 07:01:10.899, 1, 79, 149.27, 100, 7275, 1189, 715, P0, 0x0000000000000020
2026/09/17 07:01:11.927, 0, 79, 114.92, 100, 6999, 1303, 715, P0, 0x0000000000000000
2026/09/17 07:01:11.930, 1, 79, 117.68, 100, 7275, 1316, 715, P0, 0x0000000000000000
2026/09/17 07:01:12.939, 0, 79, 102.82, 100, 6999, 1189, 715, P0, 0x0000000000000000
2026/09/17 07:01:12.942, 1, 79, 118.92, 100, 7275, 1316, 715, P0, 0x0000000000000020
2026/09/17 07:01:13.955, 0, 79, 137.21, 100, 6999, 1101, 715, P0, 0x0000000000000020
2026/09/17 07:01:13.958, 1, 79, 164.52, 100, 7275, 1265, 715, P0, 0x0000000000000020
2026/09/17 07:01:14.966, 0, 79, 95.66, 100, 6999, 1189, 715, P0, 0x0000000000000000
2026/09/17 07:01:14.969, 1, 79, 118.76, 100, 7275, 1316, 715, P0, 0x0000000000000000
2026/09/17 07:01:15.978, 0, 79, 124.22, 100, 6999, 1113, 715, P0, 0x0000000000000000
2026/09/17 07:01:15.981, 1, 79, 112.87, 100, 7275, 1290, 715, P0, 0x0000000000000000
2026/09/17 07:01:16.991, 0, 79, 109.74, 100, 6999, 1265, 715, P0, 0x0000000000000000
2026/09/17 07:01:16.995, 1, 79, 161.02, 100, 7275, 1328, 715, P0, 0x0000000000000000
2026/09/17 07:01:18.009, 0, 79, 121.49, 98, 6999, 1050, 715, P0, 0x0000000000000020
2026/09/17 07:01:18.012, 1, 79, 121.57, 35, 7275, 1303, 715, P0, 0x0000000000000000
2026/09/17 07:01:19.026, 0, 79, 163.87, 100, 6999, 1290, 715, P0, 0x0000000000000000
2026/09/17 07:01:19.030, 1, 79, 149.55, 100, 7275, 1252, 715, P0, 0x0000000000000000
2026/09/17 07:01:20.038, 0, 79, 96.87, 100, 6999, 1189, 715, P0, 0x0000000000000000
2026/09/17 07:01:20.043, 1, 79, 116.54, 100, 7275, 1290, 715, P0, 0x0000000000000000
2026/09/17 07:01:21.057, 0, 79, 151.60, 100, 6999, 1177, 715, P0, 0x0000000000000000
2026/09/17 07:01:21.060, 1, 79, 165.17, 62, 7275, 1328, 715, P0, 0x0000000000000000
2026/09/17 07:01:22.072, 0, 79, 95.49, 100, 6999, 1189, 715, P0, 0x0000000000000000
2026/09/17 07:01:22.075, 1, 79, 98.77, 100, 7275, 1303, 715, P0, 0x0000000000000000
2026/09/17 07:01:23.089, 0, 79, 131.70, 100, 6999, 1101, 715, P0, 0x0000000000000020
2026/09/17 07:01:23.094, 1, 79, 155.19, 100, 7275, 1290, 715, P0, 0x0000000000000020
2026/09/17 07:01:24.107, 0, 78, 96.09, 100, 6999, 1189, 715, P0, 0x0000000000000000
2026/09/17 07:01:24.111, 1, 79, 62.16, 82, 7275, 1328, 715, P0, 0x0000000000000000
2026/09/17 07:01:25.123, 0, 79, 135.30, 100, 6999, 1139, 715, P0, 0x0000000000000020
2026/09/17 07:01:25.134, 1, 80, 121.35, 100, 7275, 1290, 715, P0, 0x0000000000000000
2026/09/17 07:01:26.151, 0, 77, 47.87, 0, 6999, 1189, 715, P0, 0x0000000000000000
2026/09/17 07:01:26.153, 1, 80, 157.64, 100, 7275, 1303, 715, P0, 0x0000000000000020
2026/09/17 07:01:27.167, 0, 76, 46.74, 0, 6999, 1189, 715, P0, 0x0000000000000000
2026/09/17 07:01:27.170, 1, 79, 128.36, 100, 7275, 1316, 715, P0, 0x0000000000000000
2026/09/17 07:01:28.183, 0, 79, 162.16, 100, 6999, 1328, 715, P0, 0x0000000000000000
2026/09/17 07:01:28.187, 1, 77, 55.24, 0, 7275, 1316, 715, P0, 0x0000000000000000
2026/09/17 07:01:29.196, 0, 77, 56.41, 0, 6999, 1328, 715, P0, 0x0000000000000000
2026/09/17 07:01:29.199, 1, 78, 175.65, 100, 7275, 1328, 715, P0, 0x0000000000000000
2026/09/17 07:01:30.210, 0, 76, 55.60, 0, 6999, 1328, 715, P0, 0x0000000000000000
2026/09/17 07:01:30.213, 1, 79, 126.92, 100, 7275, 1328, 715, P0, 0x0000000000000000
2026/09/17 07:01:31.219, 0, 78, 114.16, 48, 6999, 1328, 715, P0, 0x0000000000000000
2026/09/17 07:01:31.225, 1, 78, 134.97, 46, 7275, 1328, 715, P0, 0x0000000000000000
2026/09/17 07:01:32.233, 0, 78, 149.36, 43, 6999, 1328, 715, P0, 0x0000000000000000
2026/09/17 07:01:32.236, 1, 78, 84.95, 51, 7275, 1328, 715, P0, 0x0000000000000000
2026/09/17 07:01:33.248, 0, 78, 124.83, 48, 6999, 1328, 715, P0, 0x0000000000000000
2026/09/17 07:01:33.251, 1, 78, 89.91, 49, 7275, 1328, 715, P0, 0x0000000000000000
2026/09/17 07:01:34.257, 0, 78, 86.68, 43, 6999, 1328, 715, P0, 0x0000000000000000
2026/09/17 07:01:34.260, 1, 78, 153.38, 50, 7275, 1328, 715, P0, 0x0000000000000000
2026/09/17 07:01:35.269, 0, 78, 121.45, 49, 6999, 1328, 715, P0, 0x0000000000000000
2026/09/17 07:01:35.272, 1, 78, 126.88, 50, 7275, 1328, 715, P0, 0x0000000000000000
2026/09/17 07:01:36.282, 0, 79, 139.91, 100, 6999, 1328, 715, P0, 0x0000000000000000
2026/09/17 07:01:36.285, 1, 76, 58.19, 0, 7275, 1328, 715, P0, 0x0000000000000000
2026/09/17 07:01:37.294, 0, 79, 174.75, 100, 6999, 1303, 715, P0, 0x0000000000000020
2026/09/17 07:01:37.298, 1, 76, 174.82, 0, 7275, 1328, 715, P0, 0x0000000000000000
2026/09/17 07:01:38.307, 0, 79, 105.61, 100, 6999, 1215, 715, P0, 0x0000000000000000
2026/09/17 07:01:38.310, 1, 79, 129.52, 100, 7275, 1328, 715, P0, 0x0000000000000000
2026/09/17 07:01:39.322, 0, 79, 154.04, 100, 6999, 1227, 715, P0, 0x0000000000000020
2026/09/17 07:01:39.325, 1, 79, 189.76, 100, 7275, 1328, 715, P0, 0x0000000000000000
2026/09/17 07:01:40.337, 0, 79, 116.50, 100, 6999, 1328, 715, P0, 0x0000000000000000
2026/09/17 07:01:40.340, 1, 79, 76.95, 92, 7275, 1328, 715, P0, 0x0000000000000000
2026/09/17 07:01:41.353, 0, 79, 151.21, 100, 6999, 1202, 715, P0, 0x0000000000000020
2026/09/17 07:01:41.356, 1, 80, 144.13, 100, 7275, 1328, 715, P0, 0x0000000000000000
2026/09/17 07:01:42.367, 0, 79, 118.91, 100, 6999, 1316, 715, P0, 0x0000000000000020
2026/09/17 07:01:42.371, 1, 79, 130.15, 100, 7275, 1328, 715, P0, 0x0000000000000000
2026/09/17 07:01:43.381, 0, 79, 151.46, 100, 6999, 1227, 715, P0, 0x0000000000000000
2026/09/17 07:01:43.384, 1, 80, 138.02, 100, 7275, 1328, 715, P0, 0x0000000000000000
2026/09/17 07:01:44.397, 0, 79, 116.11, 100, 6999, 1290, 715, P0, 0x0000000000000000
2026/09/17 07:01:44.400, 1, 79, 127.37, 100, 7275, 1328, 715, P0, 0x0000000000000000
2026/09/17 07:01:45.413, 0, 79, 153.44, 100, 6999, 1202, 715, P0, 0x0000000000000000
2026/09/17 07:01:45.420, 1, 79, 166.30, 40, 7275, 1328, 715, P0, 0x0000000000000000
2026/09/17 07:01:46.428, 0, 79, 103.94, 100, 6999, 1215, 715, P0, 0x0000000000000000
2026/09/17 07:01:46.431, 1, 79, 127.23, 100, 7275, 1328, 715, P0, 0x0000000000000000
2026/09/17 07:01:47.442, 0, 79, 121.24, 100, 6999, 1316, 715, P0, 0x0000000000000000
2026/09/17 07:01:47.444, 1, 79, 173.51, 100, 7275, 1328, 715, P0, 0x0000000000000000
2026/09/17 07:01:48.454, 0, 79, 151.40, 100, 6999, 1202, 715, P0, 0x0000000000000020
2026/09/17 07:01:48.457, 1, 79, 112.76, 100, 7275, 1290, 715, P0, 0x0000000000000000
2026/09/17 07:01:49.467, 0, 79, 115.88, 100, 6999, 1290, 715, P0, 0x0000000000000000
2026/09/17 07:01:49.470, 1, 79, 120.02, 100, 7275, 1316, 715, P0, 0x0000000000000000
2026/09/17 07:01:50.480, 0, 79, 142.83, 100, 6999, 1139, 715, P0, 0x0000000000000020
2026/09/17 07:01:50.483, 1, 78, 161.60, 69, 7275, 1328, 715, P0, 0x0000000000000000
2026/09/17 07:01:51.491, 0, 79, 100.89, 100, 6999, 1189, 715, P0, 0x0000000000000000
2026/09/17 07:01:51.494, 1, 79, 118.44, 100, 7275, 1303, 715, P0, 0x0000000000000000
2026/09/17 07:01:52.501, 0, 79, 99.44, 100, 6999, 1189, 715, P0, 0x0000000000000000
2026/09/17 07:01:52.504, 1, 79, 122.27, 100, 7275, 1328, 715, P0, 0x0000000000000000
2026/09/17 07:01:53.516, 0, 79, 147.62, 100, 6999, 1139, 715, P0, 0x0000000000000020
2026/09/17 07:01:53.519, 1, 80, 143.85, 100, 7275, 1265, 715, P0, 0x0000000000000000
2026/09/17 07:01:54.532, 0, 79, 140.35, 100, 6999, 1139, 715, P0, 0x0000000000000020
2026/09/17 07:01:54.535, 1, 79, 113.35, 100, 7275, 1265, 715, P0, 0x0000000000000000
2026/09/17 07:01:55.552, 0, 79, 101.18, 100, 6999, 1189, 715, P0, 0x0000000000000000
2026/09/17 07:01:55.558, 1, 79, 167.30, 100, 7275, 1328, 715, P0, 0x0000000000000000
2026/09/17 07:01:56.565, 0, 79, 103.23, 100, 6999, 1303, 715, P0, 0x0000000000000000
2026/09/17 07:01:56.569, 1, 79, 181.99, 100, 7275, 1303, 715, P0, 0x0000000000000020
2026/09/17 07:01:57.585, 0, 79, 143.88, 97, 6999, 1101, 715, P0, 0x0000000000000020
2026/09/17 07:01:57.587, 1, 79, 154.25, 45, 7275, 1290, 715, P0, 0x0000000000000000
2026/09/17 07:01:58.600, 0, 79, 107.79, 100, 6999, 1265, 715, P0, 0x0000000000000000
2026/09/17 07:01:58.603, 1, 79, 119.85, 100, 7275, 1328, 715, P0, 0x0000000000000000
2026/09/17 07:01:59.614, 0, 79, 118.94, 100, 6999, 1316, 715, P0, 0x0000000000000000
2026/09/17 07:01:59.619, 1, 79, 118.56, 100, 7275, 1328, 715, P0, 0x0000000000000000
2026/09/17 07:02:00.628, 0, 79, 160.85, 100, 6999, 1215, 715, P0, 0x0000000000000020
2026/09/17 07:02:00.631, 1, 79, 143.29, 100, 7275, 1177, 715, P0, 0x0000000000000000
2026/09/17 07:02:01.643, 0, 79, 128.20, 100, 6999, 1139, 715, P0, 0x0000000000000020
2026/09/17 07:02:01.647, 1, 79, 137.43, 100, 7275, 1189, 715, P0, 0x0000000000000000
2026/09/17 07:02:02.656, 0, 79, 95.90, 100, 6999, 1189, 715, P0, 0x0000000000000000
2026/09/17 07:02:02.659, 1, 79, 119.18, 100, 7275, 1316, 715, P0, 0x0000000000000000
2026/09/17 07:02:03.672, 0, 79, 112.54, 100, 6999, 1278, 715, P0, 0x0000000000000000
2026/09/17 07:02:03.674, 1, 79, 119.13, 100, 7275, 1316, 715, P0, 0x0000000000000000
2026/09/17 07:02:04.684, 0, 79, 95.67, 100, 6999, 1316, 715, P0, 0x0000000000000000
2026/09/17 07:02:04.690, 1, 78, 54.89, 100, 7275, 1278, 715, P0, 0x0000000000000000
2026/09/17 07:02:05.695, 0, 79, 131.31, 100, 6999, 1139, 715, P0, 0x0000000000000020
2026/09/17 07:02:05.697, 1, 79, 163.31, 100, 7275, 1252, 715, P0, 0x0000000000000000
2026/09/17 07:02:06.710, 0, 79, 135.04, 97, 6999, 1101, 715, P0, 0x0000000000000020
2026/09/17 07:02:06.719, 1, 79, 151.25, 18, 7275, 1265, 715, P0, 0x0000000000000020
2026/09/17 07:02:07.737, 0, 79, 96.14, 100, 6999, 1189, 715, P0, 0x0000000000000000
2026/09/17 07:02:07.740, 1, 79, 118.70, 100, 7275, 1303, 715, P0, 0x0000000000000000
2026/09/17 07:02:08.753, 0, 79, 95.65, 100, 6999, 1189, 715, P0, 0x0000000000000000
2026/09/17 07:02:08.759, 1, 79, 122.76, 100, 7275, 1316, 715, P0, 0x0000000000000000
2026/09/17 07:02:09.764, 0, 79, 122.89, 100, 6999, 1316, 715, P0, 0x0000000000000000
2026/09/17 07:02:09.767, 1, 79, 170.74, 100, 7275, 1328, 715, P0, 0x0000000000000000
2026/09/17 07:02:10.774, 0, 79, 152.03, 100, 6999, 1316, 715, P0, 0x0000000000000000
2026/09/17 07:02:10.777, 1, 79, 174.78, 100, 7275, 1303, 715, P0, 0x0000000000000000
2026/09/17 07:02:11.790, 0, 79, 143.15, 100, 6999, 1151, 715, P0, 0x0000000000000020
2026/09/17 07:02:11.794, 1, 79, 106.68, 100, 7275, 1290, 715, P0, 0x0000000000000020
2026/09/17 07:02:12.804, 0, 79, 139.30, 100, 6999, 1177, 715, P0, 0x0000000000000000
2026/09/17 07:02:12.812, 1, 79, 109.00, 100, 7275, 1290, 715, P0, 0x0000000000000000
2026/09/17 07:02:13.819, 0, 79, 95.68, 100, 6999, 1303, 715, P0, 0x0000000000000020
2026/09/17 07:02:13.824, 1, 79, 117.02, 100, 7275, 1328, 715, P0, 0x0000000000000000
2026/09/17 07:02:14.836, 0, 79, 109.72, 100, 6999, 1316, 715, P0, 0x0000000000000020
2026/09/17 07:02:14.839, 1, 79, 118.42, 100, 7275, 1328, 715, P0, 0x0000000000000000
2026/09/17 07:02:15.847, 0, 79, 113.75, 100, 6999, 1316, 715, P0, 0x0000000000000020
2026/09/17 07:02:15.850, 1, 79, 148.20, 100, 7275, 1328, 715, P0, 0x0000000000000000
2026/09/17 07:02:16.861, 0, 79, 121.42, 100, 6999, 1328, 715, P0, 0x0000000000000000
2026/09/17 07:02:16.866, 1, 79, 170.00, 100, 7275, 1290, 715, P0, 0x0000000000000020
2026/09/17 07:02:17.872, 0, 79, 152.06, 100, 6999, 1227, 715, P0, 0x0000000000000020
2026/09/17 07:02:17.875, 1, 78, 57.89, 64, 7275, 1328, 715, P0, 0x0000000000000000
2026/09/17 07:02:18.887, 0, 79, 129.80, 100, 6999, 1139, 715, P0, 0x0000000000000020
2026/09/17 07:02:18.890, 1, 79, 154.70, 100, 7275, 1240, 715, P0, 0x0000000000000000
2026/09/17 07:02:19.902, 0, 79, 136.21, 97, 6999, 1101, 715, P0, 0x0000000000000020
2026/09/17 07:02:19.908, 1, 79, 162.43, 29, 7275, 1265, 715, P0, 0x0000000000000000
2026/09/17 07:02:20.915, 0, 79, 131.10, 100, 6999, 1164, 715, P0, 0x0000000000000020
2026/09/17 07:02:20.918, 1, 79, 112.88, 100, 7275, 1290, 715, P0, 0x0000000000000000
2026/09/17 07:02:21.932, 0, 79, 126.14, 97, 6999, 1101, 715, P0, 0x0000000000000020
2026/09/17 07:02:21.935, 1, 79, 116.50, 50, 7275, 1290, 715, P0, 0x0000000000000000
2026/09/17 07:02:22.946, 0, 79, 95.90, 100, 6999, 1189, 715, P0, 0x0000000000000000
2026/09/17 07:02:22.948, 1, 79, 119.90, 100, 7275, 1316, 715, P0, 0x0000000000000000
2026/09/17 07:02:23.961, 0, 79, 95.90, 97, 6999, 1189, 715, P0, 0x0000000000000000
2026/09/17 07:02:23.966, 1, 79, 117.57, 93, 7275, 1303, 715, P0, 0x0000000000000000
2026/09/17 07:02:24.974, 0, 79, 106.35, 100, 6999, 1240, 715, P0, 0x0000000000000000
2026/09/17 07:02:24.977, 1, 79, 122.43, 100, 7275, 1328, 715, P0, 0x0000000000000000
2026/09/17 07:02:25.986, 0, 79, 107.55, 100, 6999, 1240, 715, P0, 0x0000000000000000
2026/09/17 07:02:25.989, 1, 79, 120.59, 100, 7275, 1316, 715, P0, 0x0000000000000000
2026/09/17 07:02:27.001, 0, 79, 120.61, 100, 6999, 1303, 715, P0, 0x0000000000000000
2026/09/17 07:02:27.004, 1, 79, 122.87, 100, 7275, 1328, 715, P0, 0x0000000000000000
2026/09/17 07:02:28.017, 0, 79, 121.33, 100, 6999, 1303, 715, P0, 0x0000000000000000
2026/09/17 07:02:28.020, 1, 79, 122.63, 100, 7275, 1316, 715, P0, 0x0000000000000000
2026/09/17 07:02:29.032, 0, 79, 123.25, 100, 6999, 1316, 715, P0, 0x0000000000000000
2026/09/17 07:02:29.035, 1, 79, 153.68, 100, 7275, 1252, 715, P0, 0x0000000000000020
2026/09/17 07:02:30.048, 0, 79, 123.18, 100, 6999, 1316, 715, P0, 0x0000000000000000
2026/09/17 07:02:30.054, 1, 79, 161.20, 100, 7275, 1290, 715, P0, 0x0000000000000020
2026/09/17 07:02:31.062, 0, 79, 141.16, 100, 6999, 1328, 715, P0, 0x0000000000000000
2026/09/17 07:02:31.066, 1, 79, 155.51, 100, 7275, 1240, 715, P0, 0x0000000000000020
2026/09/17 07:02:32.079, 0, 79, 94.25, 100, 6999, 1328, 715, P0, 0x0000000000000000
2026/09/17 07:02:32.082, 1, 79, 167.10, 100, 7275, 1278, 715, P0, 0x0000000000000020
2026/09/17 07:02:33.095, 0, 79, 161.24, 100, 6999, 1215, 715, P0, 0x0000000000000020
2026/09/17 07:02:33.098, 1, 79, 156.99, 100, 7275, 1240, 715, P0, 0x0000000000000000
2026/09/17 07:02:34.110, 0, 79, 156.72, 100, 6999, 1328, 715, P0, 0x0000000000000000
2026/09/17 07:02:34.114, 1, 79, 154.44, 100, 7275, 1252, 715, P0, 0x0000000000000020
2026/09/17 07:02:35.125, 0, 79, 153.34, 100, 6999, 1227, 715, P0, 0x0000000000000020
2026/09/17 07:02:35.127, 1, 79, 143.68, 100, 7275, 1252, 715, P0, 0x0000000000000020
2026/09/17 07:02:36.140, 0, 79, 156.90, 100, 6999, 1303, 715, P0, 0x0000000000000020
2026/09/17 07:02:36.145, 1, 79, 167.09, 100, 7275, 1278, 715, P0, 0x0000000000000000
2026/09/17 07:02:37.154, 0, 79, 147.07, 100, 6999, 1240, 715, P0, 0x0000000000000020
2026/09/17 07:02:37.157, 1, 79, 154.06, 100, 7275, 1252, 715, P0, 0x0000000000000000
2026/09/17 07:02:38.169, 0, 79, 144.86, 100, 6999, 1316, 715, P0, 0x0000000000000000
2026/09/17 07:02:38.172, 1, 79, 177.19, 100, 7275, 1328, 715, P0, 0x0000000000000000
2026/09/17 07:02:39.185, 0, 79, 159.82, 100, 6999, 1227, 715, P0, 0x0000000000000020
2026/09/17 07:02:39.188, 1, 79, 156.38, 100, 7275, 1278, 715, P0, 0x0000000000000000
2026/09/17 07:02:40.195, 0, 79, 115.56, 100, 6999, 1328, 715, P0, 0x0000000000000000
2026/09/17 07:02:40.198, 1, 79, 172.24, 100, 7275, 1328, 715, P0, 0x0000000000000000
2026/09/17 07:02:41.209, 0, 79, 109.43, 100, 6999, 1316, 715, P0, 0x0000000000000000
2026/09/17 07:02:41.212, 1, 79, 165.77, 100, 7275, 1328, 715, P0, 0x0000000000000000
2026/09/17 07:02:42.220, 0, 79, 122.21, 100, 6999, 1316, 715, P0, 0x0000000000000000
2026/09/17 07:02:42.223, 1, 79, 143.33, 100, 7275, 1328, 715, P0, 0x0000000000000000
2026/09/17 07:02:43.231, 0, 79, 122.45, 100, 6999, 1316, 715, P0, 0x0000000000000000
2026/09/17 07:02:43.237, 1, 79, 162.36, 100, 7275, 1227, 715, P0, 0x0000000000000020
2026/09/17 07:02:44.248, 0, 79, 120.85, 100, 6999, 1303, 715, P0, 0x0000000000000000
2026/09/17 07:02:44.251, 1, 79, 122.63, 100, 7275, 1328, 715, P0, 0x0000000000000000
2026/09/17 07:02:45.262, 0, 79, 120.85, 100, 6999, 1303, 715, P0, 0x0000000000000000
2026/09/17 07:02:45.265, 1, 79, 122.87, 100, 7275, 1328, 715, P0, 0x0000000000000000
2026/09/17 07:02:46.275, 0, 79, 102.81, 100, 6999, 1202, 715, P0, 0x0000000000000000
2026/09/17 07:02:46.278, 1, 79, 122.92, 100, 7275, 1316, 715, P0, 0x0000000000000000
2026/09/17 07:02:47.289, 0, 79, 100.89, 100, 6999, 1189, 715, P0, 0x0000000000000000
2026/09/17 07:02:47.292, 1, 79, 121.55, 100, 7275, 1316, 715, P0, 0x0000000000000000
2026/09/17 07:02:48.318, 0, 79, 115.41, 100, 6999, 1316, 715, P0, 0x0000000000000020
2026/09/17 07:02:48.321, 1, 79, 117.38, 100, 7275, 1328, 715, P0, 0x0000000000000000
2026/09/17 07:02:49.332, 0, 79, 114.69, 100, 6999, 1303, 715, P0, 0x0000000000000000
2026/09/17 07:02:49.338, 1, 79, 119.06, 100, 7275, 1328, 715, P0, 0x0000000000000000
2026/09/17 07:02:50.348, 0, 79, 95.90, 100, 6999, 1189, 715, P0, 0x0000000000000000
2026/09/17 07:02:50.350, 1, 79, 118.22, 100, 7275, 1316, 715, P0, 0x0000000000000020
2026/09/17 07:02:51.365, 0, 79, 104.98, 100, 6999, 1189, 715, P0, 0x0000000000000000
2026/09/17 07:02:51.368, 1, 79, 118.68, 100, 7275, 1316, 715, P0, 0x0000000000000020
2026/09/17 07:02:52.377, 0, 79, 136.38, 97, 6999, 1113, 715, P0, 0x0000000000000000
2026/09/17 07:02:52.380, 1, 79, 157.25, 43, 7275, 1278, 715, P0, 0x0000000000000020
2026/09/17 07:02:53.388, 0, 79, 142.77, 100, 6999, 1164, 715, P0, 0x0000000000000000
2026/09/17 07:02:53.391, 1, 79, 145.85, 100, 7275, 1265, 715, P0, 0x0000000000000000
2026/09/17 07:02:54.407, 0, 79, 138.12, 100, 6999, 1164, 715, P0, 0x0000000000000000
2026/09/17 07:02:54.410, 1, 78, 138.51, 45, 7275, 1316, 715, P0, 0x0000000000000000
2026/09/17 07:02:55.425, 0, 79, 88.64, 100, 6999, 1316, 715, P0, 0x0000000000000000
2026/09/17 07:02:55.431, 1, 79, 142.32, 100, 7275, 1227, 715, P0, 0x0000000000000020
2026/09/17 07:02:56.438, 0, 79, 123.23, 100, 6999, 1328, 715, P0, 0x0000000000000000
2026/09/17 07:02:56.443, 1, 79, 69.96, 100, 7275, 1303, 715, P0, 0x0000000000000000
2026/09/17 07:02:57.450, 0, 79, 122.05, 100, 6999, 1316, 715, P0, 0x0000000000000000
2026/09/17 07:02:57.455, 1, 79, 120.70, 100, 7275, 1328, 715, P0, 0x0000000000000000
2026/09/17 07:02:58.468, 0, 79, 115.40, 100, 6999, 1278, 715, P0, 0x0000000000000000
2026/09/17 07:02:58.471, 1, 79, 122.40, 100, 7275, 1328, 715, P0, 0x0000000000000000
2026/09/17 07:02:59.482, 0, 79, 95.92, 100, 6999, 1189, 715, P0, 0x0000000000000000
2026/09/17 07:02:59.485, 1, 79, 114.21, 100, 7275, 1278, 715, P0, 0x0000000000000000
2026/09/17 07:03:00.495, 0, 79, 96.89, 100, 6999, 1189, 715, P0, 0x0000000000000000
2026/09/17 07:03:00.499, 1, 79, 109.47, 100, 7275, 1252, 715, P0, 0x0000000000000000
2026/09/17 07:03:01.511, 0, 79, 134.23, 100, 6999, 1151, 715, P0, 0x0000000000000020
2026/09/17 07:03:01.514, 1, 79, 123.15, 100, 7275, 1265, 715, P0, 0x0000000000000000
2026/09/17 07:03:02.523, 0, 79, 139.38, 100, 6999, 1139, 715, P0, 0x0000000000000020
2026/09/17 07:03:02.527, 1, 79, 138.42, 100, 7275, 1252, 715, P0, 0x0000000000000000
2026/09/17 07:03:03.535, 0, 79, 122.89, 100, 6999, 1328, 715, P0, 0x0000000000000000
2026/09/17 07:03:03.545, 1, 79, 167.57, 100, 7275, 1316, 715, P0, 0x0000000000000020
2026/09/17 07:03:04.564, 0, 79, 123.40, 100, 6999, 1328, 715, P0, 0x0000000000000000
2026/09/17 07:03:04.567, 1, 79, 175.49, 100, 7275, 1290, 715, P0, 0x0000000000000020
2026/09/17 07:03:05.577, 0, 79, 118.77, 100, 6999, 1316, 715, P0, 0x0000000000000020
2026/09/17 07:03:05.580, 1, 79, 119.76, 100, 7275, 1328, 715, P0, 0x0000000000000000
2026/09/17 07:03:06.591, 0, 79, 115.65, 100, 6999, 1303, 715, P0, 0x0000000000000000
2026/09/17 07:03:06.595, 1, 79, 118.82, 100, 7275, 1328, 715, P0, 0x0000000000000000
2026/09/17 07:03:07.603, 0, 79, 100.65, 97, 6999, 1113, 715, P0, 0x0000000000000000
2026/09/17 07:03:07.606, 1, 79, 118.94, 83, 7275, 1316, 715, P0, 0x0000000000000020
2026/09/17 07:03:08.619, 0, 79, 129.24, 100, 6999, 1151, 715, P0, 0x0000000000000000
2026/09/17 07:03:08.622, 1, 79, 119.41, 100, 7275, 1290, 715, P0, 0x0000000000000000
2026/09/17 07:03:09.636, 0, 79, 138.14, 100, 6999, 1126, 715, P0, 0x0000000000000020
2026/09/17 07:03:09.642, 1, 78, 74.75, 47, 7275, 1328, 715, P0, 0x0000000000000000
2026/09/17 07:03:10.653, 0, 79, 121.32, 100, 6999, 1316, 715, P0, 0x0000000000000000
2026/09/17 07:03:10.656, 1, 79, 165.24, 100, 7275, 1328, 715, P0, 0x0000000000000000
2026/09/17 07:03:11.667, 0, 79, 121.33, 100, 6999, 1316, 715, P0, 0x0000000000000000
2026/09/17 07:03:11.670, 1, 79, 116.72, 100, 7275, 1328, 715, P0, 0x0000000000000000
2026/09/17 07:03:12.683, 0, 79, 95.90, 100, 6999, 1189, 715, P0, 0x0000000000000000
2026/09/17 07:03:12.686, 1, 79, 116.85, 100, 7275, 1303, 715, P0, 0x0000000000000000
2026/09/17 07:03:13.698, 0, 79, 112.38, 100, 6999, 1139, 715, P0, 0x0000000000000020
2026/09/17 07:03:13.702, 1, 79, 110.58, 100, 7275, 1252, 715, P0, 0x0000000000000000
2026/09/17 07:03:14.712, 0, 79, 139.38, 100, 6999, 1189, 715, P0, 0x0000000000000020
2026/09/17 07:03:14.715, 1, 79, 145.17, 100, 7275, 1252, 715, P0, 0x0000000000000020
2026/09/17 07:03:15.724, 0, 79, 107.10, 100, 6999, 1240, 715, P0, 0x0000000000000000
2026/09/17 07:03:15.730, 1, 79, 166.02, 100, 7275, 1265, 715, P0, 0x0000000000000000
2026/09/17 07:03:16.737, 0, 79, 95.65, 100, 6999, 1189, 715, P0, 0x0000000000000000
2026/09/17 07:03:16.740, 1, 79, 121.10, 100, 7275, 1316, 715, P0, 0x0000000000000000
2026/09/17 07:03:17.752, 0, 79, 119.91, 100, 6999, 1050, 715, P0, 0x0000000000000020
2026/09/17 07:03:17.755, 1, 79, 116.73, 100, 7275, 1290, 715, P0, 0x0000000000000000
2026/09/17 07:03:18.763, 0, 79, 147.23, 100, 6999, 1139, 715, P0, 0x0000000000000020
2026/09/17 07:03:18.766, 1, 78, 56.70, 4, 7275, 1316, 715, P0, 0x0000000000000000
2026/09/17 07:03:19.780, 0, 79, 120.61, 100, 6999, 1316, 715, P0, 0x0000000000000020
2026/09/17 07:03:19.785, 1, 79, 105.56, 100, 7275, 1328, 715, P0, 0x0000000000000000
2026/09/17 07:03:20.795, 0, 79, 111.87, 100, 6999, 1316, 715, P0, 0x0000000000000020
2026/09/17 07:03:20.798, 1, 79, 120.02, 100, 7275, 1328, 715, P0, 0x0000000000000000
2026/09/17 07:03:21.807, 0, 79, 135.40, 100, 6999, 1139, 715, P0, 0x0000000000000020
2026/09/17 07:03:21.810, 1, 79, 115.20, 100, 7275, 1303, 715, P0, 0x0000000000000000
2026/09/17 07:03:22.823, 0, 79, 130.74, 100, 6999, 1139, 715, P0, 0x0000000000000000
2026/09/17 07:03:22.826, 1, 79, 146.33, 100, 7275, 1227, 715, P0, 0x0000000000000000
2026/09/17 07:03:23.841, 0, 79, 123.40, 100, 6999, 1328, 715, P0, 0x0000000000000000
2026/09/17 07:03:23.844, 1, 79, 124.23, 100, 7275, 1328, 715, P0, 0x0000000000000000
2026/09/17 07:03:24.856, 0, 79, 120.85, 100, 6999, 1316, 715, P0, 0x0000000000000020
2026/09/17 07:03:24.858, 1, 79, 119.28, 100, 7275, 1328, 715, P0, 0x0000000000000000
2026/09/17 07:03:25.870, 0, 79, 98.82, 97, 6999, 1113, 715, P0, 0x0000000000000000
2026/09/17 07:03:25.873, 1, 79, 105.69, 70, 7275, 1252, 715, P0, 0x0000000000000000
2026/09/17 07:03:26.883, 0, 79, 135.85, 100, 6999, 1126, 715, P0, 0x0000000000000020
2026/09/17 07:03:26.886, 1, 79, 144.70, 100, 7275, 1265, 715, P0, 0x0000000000000000
2026/09/17 07:03:27.898, 0, 79, 121.42, 100, 6999, 1316, 715, P0, 0x0000000000000000
2026/09/17 07:03:27.901, 1, 79, 60.63, 100, 7275, 1328, 715, P0, 0x0000000000000000
2026/09/17 07:03:28.913, 0, 79, 113.49, 100, 6999, 1278, 715, P0, 0x0000000000000000
2026/09/17 07:03:28.919, 1, 79, 120.97, 100, 7275, 1328, 715, P0, 0x0000000000000000
2026/09/17 07:03:29.930, 0, 79, 97.11, 100, 6999, 1189, 715, P0, 0x0000000000000000
2026/09/17 07:03:29.933, 1, 79, 118.46, 100, 7275, 1303, 715, P0, 0x0000000000000000
2026/09/17 07:03:30.948, 0, 79, 145.49, 100, 6999, 1164, 715, P0, 0x0000000000000020
2026/09/17 07:03:30.951, 1, 79, 154.60, 100, 7275, 1290, 715, P0, 0x0000000000000000
2026/09/17 07:03:31.960, 0, 79, 123.04, 100, 6999, 1316, 715, P0, 0x0000000000000000
2026/09/17 07:03:31.966, 1, 79, 147.73, 100, 7275, 1151, 715, P0, 0x0000000000000020
2026/09/17 07:03:32.975, 0, 79, 99.78, 97, 6999, 1189, 715, P0, 0x0000000000000000
2026/09/17 07:03:32.978, 1, 78, 98.29, 95, 7275, 1189, 715, P0, 0x0000000000000000
2026/09/17 07:03:33.991, 0, 79, 135.45, 100, 6999, 1164, 715, P0, 0x0000000000000000
2026/09/17 07:03:33.994, 1, 79, 99.57, 100, 7275, 1290, 715, P0, 0x0000000000000020
2026/09/17 07:03:35.006, 0, 79, 156.91, 100, 6999, 1227, 715, P0, 0x0000000000000020
2026/09/17 07:03:35.009, 1, 78, 53.57, 59, 7275, 1316, 715, P0, 0x0000000000000020
2026/09/17 07:03:36.018, 0, 79, 151.02, 100, 6999, 1113, 715, P0, 0x0000000000000020
2026/09/17 07:03:36.025, 1, 79, 119.87, 100, 7275, 1328, 715, P0, 0x0000000000000000
2026/09/17 07:03:37.034, 0, 78, 52.26, 72, 6999, 1278, 715, P0, 0x0000000000000000
2026/09/17 07:03:37.037, 1, 79, 117.00, 100, 7275, 1328, 715, P0, 0x0000000000000000
2026/09/17 07:03:38.045, 0, 77, 51.54, 0, 6999, 1278, 715, P0, 0x0000000000000000
2026/09/17 07:03:38.048, 1, 79, 117.48, 100, 7275, 1316, 715, P0, 0x0000000000000000
2026/09/17 07:03:39.061, 0, 76, 51.06, 0, 6999, 1278, 715, P0, 0x0000000000000000
2026/09/17 07:03:39.065, 1, 79, 119.17, 100, 7275, 1328, 715, P0, 0x0000000000000000
2026/09/17 07:03:40.075, 0, 79, 129.92, 100, 6999, 1328, 715, P0, 0x0000000000000000
2026/09/17 07:03:40.078, 1, 77, 55.31, 0, 7275, 1316, 715, P0, 0x0000000000000000
2026/09/17 07:03:41.088, 0, 80, 132.09, 100, 6999, 1328, 715, P0, 0x0000000000000000
2026/09/17 07:03:41.091, 1, 76, 54.82, 0, 7275, 1316, 715, P0, 0x0000000000000000
2026/09/17 07:03:42.102, 0, 77, 56.22, 0, 6999, 1328, 715, P0, 0x0000000000000000
2026/09/17 07:03:42.105, 1, 78, 170.06, 100, 7275, 1328, 715, P0, 0x0000000000000000
2026/09/17 07:03:43.116, 0, 76, 55.30, 0, 6999, 1328, 715, P0, 0x0000000000000000
2026/09/17 07:03:43.120, 1, 78, 160.58, 100, 7275, 1328, 715, P0, 0x0000000000000000
2026/09/17 07:03:44.130, 0, 77, 108.46, 45, 6999, 1328, 715, P0, 0x0000000000000000
2026/09/17 07:03:44.133, 1, 78, 131.19, 50, 7275, 1328, 715, P0, 0x0000000000000000
2026/09/17 07:03:45.140, 0, 77, 148.17, 47, 6999, 1328, 715, P0, 0x0000000000000000
2026/09/17 07:03:45.143, 1, 78, 81.05, 48, 7275, 1328, 715, P0, 0x0000000000000000
2026/09/17 07:03:46.154, 0, 78, 122.93, 45, 6999, 1328, 715, P0, 0x0000000000000000
2026/09/17 07:03:46.159, 1, 78, 97.82, 50, 7275, 1328, 715, P0, 0x0000000000000000
2026/09/17 07:03:47.168, 0, 78, 81.93, 47, 6999, 1328, 715, P0, 0x0000000000000000
2026/09/17 07:03:47.171, 1, 78, 152.22, 48, 7275, 1328, 715, P0, 0x0000000000000000
2026/09/17 07:03:48.180, 0, 78, 120.11, 44, 6999, 1328, 715, P0, 0x0000000000000000
2026/09/17 07:03:48.184, 1, 78, 123.03, 50, 7275, 1328, 715, P0, 0x0000000000000000
2026/09/17 07:03:49.196, 0, 77, 154.82, 47, 6999, 1328, 715, P0, 0x0000000000000000
2026/09/17 07:03:49.199, 1, 78, 91.88, 48, 7275, 1328, 715, P0, 0x0000000000000000
2026/09/17 07:03:50.206, 0, 78, 134.96, 100, 6999, 1328, 715, P0, 0x0000000000000000
2026/09/17 07:03:50.209, 1, 76, 57.70, 0, 7275, 1328, 715, P0, 0x0000000000000000
2026/09/17 07:03:51.218, 0, 79, 136.55, 100, 6999, 1328, 715, P0, 0x0000000000000000
2026/09/17 07:03:51.220, 1, 76, 57.46, 0, 7275, 1328, 715, P0, 0x0000000000000000
2026/09/17 07:03:52.232, 0, 80, 197.07, 97, 6999, 1316, 715, P0, 0x0000000000000020
2026/09/17 07:03:52.235, 1, 76, 152.67, 56, 7275, 1316, 715, P0, 0x0000000000000000
2026/09/17 07:03:53.245, 0, 79, 117.25, 100, 6999, 1328, 715, P0, 0x0000000000000000
2026/09/17 07:03:53.249, 1, 77, 183.87, 100, 7275, 1328, 715, P0, 0x0000000000000000
2026/09/17 07:03:54.265, 0, 79, 123.16, 100, 6999, 1328, 715, P0, 0x0000000000000000
2026/09/17 07:03:54.268, 1, 78, 125.67, 100, 7275, 1328, 715, P0, 0x0000000000000000
2026/09/17 07:03:55.279, 0, 79, 121.97, 100, 6999, 1316, 715, P0, 0x0000000000000000
2026/09/17 07:03:55.283, 1, 78, 126.14, 100, 7275, 1328, 715, P0, 0x0000000000000000
2026/09/17 07:03:56.295, 0, 80, 171.71, 100, 6999, 1303, 715, P0, 0x0000000000000000
2026/09/17 07:03:56.298, 1, 79, 127.75, 100, 7275, 1328, 715, P0, 0x0000000000000000
2026/09/17 07:03:57.310, 0, 79, 103.78, 100, 6999, 1328, 715, P0, 0x0000000000000000
2026/09/17 07:03:57.314, 1, 78, 176.13, 100, 7275, 1328, 715, P0, 0x0000000000000000
2026/09/17 07:03:58.329, 0, 79, 123.16, 100, 6999, 1328, 715, P0, 0x0000000000000000
2026/09/17 07:03:58.332, 1, 79, 126.14, 100, 7275, 1328, 715, P0, 0x0000000000000000
2026/09/17 07:03:59.347, 0, 79, 103.94, 97, 6999, 1215, 715, P0, 0x0000000000000000
2026/09/17 07:03:59.349, 1, 79, 126.27, 73, 7275, 1328, 715, P0, 0x0000000000000000
2026/09/17 07:04:00.359, 0, 80, 157.91, 100, 6999, 1265, 715, P0, 0x0000000000000000
2026/09/17 07:04:00.363, 1, 79, 184.95, 100, 7275, 1328, 715, P0, 0x0000000000000000
2026/09/17 07:04:01.377, 0, 79, 125.06, 100, 6999, 1328, 715, P0, 0x0000000000000000
2026/09/17 07:04:01.383, 1, 78, 115.30, 100, 7275, 1328, 715, P0, 0x0000000000000000
2026/09/17 07:04:02.393, 0, 79, 102.75, 100, 6999, 1202, 715, P0, 0x0000000000000000
2026/09/17 07:04:02.396, 1, 79, 126.75, 100, 7275, 1328, 715, P0, 0x0000000000000000
2026/09/17 07:04:03.412, 0, 79, 147.30, 100, 6999, 1202, 715, P0, 0x0000000000000020
2026/09/17 07:04:03.415, 1, 79, 126.96, 100, 7275, 1328, 715, P0, 0x0000000000000000
2026/09/17 07:04:04.430, 0, 79, 124.81, 100, 6999, 1328, 715, P0, 0x0000000000000000
2026/09/17 07:04:04.433, 1, 79, 88.43, 100, 7275, 1328, 715, P0, 0x0000000000000000
2026/09/17 07:04:05.442, 0, 79, 119.40, 100, 6999, 1328, 715, P0, 0x0000000000000000
2026/09/17 07:04:05.445, 1, 79, 126.40, 100, 7275, 1328, 715, P0, 0x0000000000000000
2026/09/17 07:04:06.454, 0, 79, 140.99, 97, 6999, 1139, 715, P0, 0x0000000000000020
2026/09/17 07:04:06.458, 1, 79, 146.99, 61, 7275, 1328, 715, P0, 0x0000000000000000
2026/09/17 07:04:07.475, 0, 79, 125.91, 100, 6999, 1328, 715, P0, 0x0000000000000000
2026/09/17 07:04:07.477, 1, 79, 183.56, 100, 7275, 1328, 715, P0, 0x0000000000000000
2026/09/17 07:04:08.493, 0, 79, 123.01, 100, 6999, 1328, 715, P0, 0x0000000000000000
2026/09/17 07:04:08.496, 1, 79, 119.76, 100, 7275, 1328, 715, P0, 0x0000000000000000
2026/09/17 07:04:09.505, 0, 79, 146.71, 100, 6999, 1202, 715, P0, 0x0000000000000000
2026/09/17 07:04:09.512, 1, 79, 113.92, 100, 7275, 1290, 715, P0, 0x0000000000000000
2026/09/17 07:04:10.522, 0, 79, 126.51, 100, 6999, 1328, 715, P0, 0x0000000000000000
2026/09/17 07:04:10.525, 1, 79, 168.72, 100, 7275, 1328, 715, P0, 0x0000000000000000
2026/09/17 07:04:11.536, 0, 79, 121.57, 100, 6999, 1316, 715, P0, 0x0000000000000000
2026/09/17 07:04:11.540, 1, 79, 119.52, 100, 7275, 1328, 715, P0, 0x0000000000000000
2026/09/17 07:04:12.551, 0, 79, 156.09, 100, 6999, 1215, 715, P0, 0x0000000000000000
2026/09/17 07:04:12.555, 1, 79, 114.83, 100, 7275, 1290, 715, P0, 0x0000000000000000
2026/09/17 07:04:13.566, 0, 79, 123.49, 100, 6999, 1328, 715, P0, 0x0000000000000000
2026/09/17 07:04:13.569, 1, 79, 67.10, 100, 7275, 1328, 715, P0, 0x0000000000000000
2026/09/17 07:04:14.582, 0, 79, 119.41, 100, 6999, 1290, 715, P0, 0x0000000000000000
2026/09/17 07:04:14.585, 1, 79, 123.10, 100, 7275, 1316, 715, P0, 0x0000000000000000
2026/09/17 07:04:15.592, 0, 80, 145.87, 100, 6999, 1202, 715, P0, 0x0000000000000000
2026/09/17 07:04:15.595, 1, 79, 119.13, 100, 7275, 1290, 715, P0, 0x0000000000000000
2026/09/17 07:04:16.607, 0, 79, 125.32, 100, 6999, 1328, 715, P0, 0x0000000000000000
2026/09/17 07:04:16.610, 1, 79, 122.55, 100, 7275, 1328, 715, P0, 0x0000000000000000
2026/09/17 07:04:17.625, 0, 79, 103.29, 100, 6999, 1202, 715, P0, 0x0000000000000000
2026/09/17 07:04:17.634, 1, 79, 120.59, 100, 7275, 1328, 715, P0, 0x0000000000000000
2026/09/17 07:04:18.638, 0, 79, 138.54, 97, 6999, 1063, 715, P0, 0x0000000000000020
2026/09/17 07:04:18.649, 1, 78, 160.22, 26, 7275, 1328, 715, P0, 0x0000000000000000
2026/09/17 07:04:19.668, 0, 79, 104.01, 100, 6999, 1240, 715, P0, 0x0000000000000000
2026/09/17 07:04:19.671, 1, 79, 123.15, 100, 7275, 1328, 715, P0, 0x0000000000000000
2026/09/17 07:04:20.683, 0, 79, 120.32, 100, 6999, 1075, 715, P0, 0x0000000000000000
2026/09/17 07:04:20.695, 1, 79, 119.28, 100, 7275, 1328, 715, P0, 0x0000000000000000
2026/09/17 07:04:21.711, 0, 79, 111.79, 100, 6999, 1278, 715, P0, 0x0000000000000000
2026/09/17 07:04:21.714, 1, 79, 124.10, 100, 7275, 1328, 715, P0, 0x0000000000000000
2026/09/17 07:04:22.721, 0, 79, 110.19, 100, 6999, 1113, 715, P0, 0x0000000000000020
2026/09/17 07:04:22.723, 1, 79, 125.07, 100, 7275, 1328, 715, P0, 0x0000000000000000
2026/09/17 07:04:23.735, 0, 79, 112.59, 100, 6999, 1278, 715, P0, 0x0000000000000020
2026/09/17 07:04:23.738, 1, 78, 58.50, 86, 7275, 1328, 715, P0, 0x0000000000000000
2026/09/17 07:04:24.748, 0, 79, 95.65, 100, 6999, 1189, 715, P0, 0x0000000000000000
2026/09/17 07:04:24.751, 1, 79, 121.56, 100, 7275, 1316, 715, P0, 0x0000000000000000
2026/09/17 07:04:25.764, 0, 79, 85.37, 100, 6999, 1303, 715, P0, 0x0000000000000000
2026/09/17 07:04:25.767, 1, 80, 187.34, 100, 7275, 1328, 715, P0, 0x0000000000000000
2026/09/17 07:04:26.778, 0, 79, 112.04, 100, 6999, 1278, 715, P0, 0x0000000000000000
2026/09/17 07:04:26.781, 1, 78, 117.45, 100, 7275, 1303, 715, P0, 0x0000000000000000
2026/09/17 07:04:27.793, 0, 79, 136.63, 100, 6999, 1126, 715, P0, 0x0000000000000020
2026/09/17 07:04:27.798, 1, 79, 137.21, 100, 7275, 1164, 715, P0, 0x0000000000000020
2026/09/17 07:04:28.806, 0, 79, 119.17, 100, 6999, 1303, 715, P0, 0x0000000000000000
2026/09/17 07:04:28.809, 1, 79, 122.64, 100, 7275, 1328, 715, P0, 0x0000000000000000
2026/09/17 07:04:29.818, 0, 79, 125.13, 100, 6999, 1139, 715, P0, 0x0000000000000020
2026/09/17 07:04:29.825, 1, 79, 106.22, 100, 7275, 1227, 715, P0, 0x0000000000000000
2026/09/17 07:04:30.832, 0, 79, 120.61, 100, 6999, 1303, 715, P0, 0x0000000000000000
2026/09/17 07:04:30.835, 1, 79, 122.56, 100, 7275, 1328, 715, P0, 0x0000000000000000
2026/09/17 07:04:31.847, 0, 79, 92.14, 97, 6999, 1189, 715, P0, 0x0000000000000000
2026/09/17 07:04:31.850, 1, 78, 108.28, 100, 7275, 1316, 715, P0, 0x0000000000000020
2026/09/17 07:04:32.861, 0, 79, 120.54, 100, 6999, 1303, 715, P0, 0x0000000000000020
2026/09/17 07:04:32.865, 1, 79, 170.51, 100, 7275, 1290, 715, P0, 0x0000000000000020
2026/09/17 07:04:33.878, 0, 79, 100.65, 100, 6999, 1303, 715, P0, 0x0000000000000000
2026/09/17 07:04:33.887, 1, 79, 119.39, 100, 7275, 1328, 715, P0, 0x0000000000000000
2026/09/17 07:04:34.892, 0, 79, 146.63, 100, 6999, 1316, 715, P0, 0x0000000000000020
2026/09/17 07:04:34.896, 1, 79, 178.34, 100, 7275, 1328, 715, P0, 0x0000000000000000
2026/09/17 07:04:35.904, 0, 79, 112.29, 100, 6999, 1303, 715, P0, 0x0000000000000000
2026/09/17 07:04:35.911, 1, 79, 118.82, 100, 7275, 1328, 715, P0, 0x0000000000000000
2026/09/17 07:04:36.931, 0, 79, 143.21, 98, 6999, 1177, 715, P0, 0x0000000000000020
2026/09/17 07:04:36.934, 1, 78, 170.70, 0, 7275, 1328, 715, P0, 0x0000000000000000
2026/09/17 07:04:37.946, 0, 79, 122.52, 100, 6999, 1328, 715, P0, 0x0000000000000000
2026/09/17 07:04:37.949, 1, 79, 124.96, 100, 7275, 1328, 715, P0, 0x0000000000000000
2026/09/17 07:04:38.964, 0, 79, 133.66, 100, 6999, 1164, 715, P0, 0x0000000000000020
2026/09/17 07:04:38.966, 1, 79, 119.22, 100, 7275, 1316, 715, P0, 0x0000000000000000
2026/09/17 07:04:39.977, 0, 79, 122.69, 100, 6999, 1328, 715, P0, 0x0000000000000000
2026/09/17 07:04:39.980, 1, 79, 124.24, 100, 7275, 1328, 715, P0, 0x0000000000000000
2026/09/17 07:04:40.995, 0, 79, 97.33, 100, 6999, 1189, 715, P0, 0x0000000000000000
2026/09/17 07:04:40.999, 1, 79, 123.00, 100, 7275, 1328, 715, P0, 0x0000000000000000
2026/09/17 07:04:42.008, 0, 79, 123.10, 100, 6999, 1328, 715, P0, 0x0000000000000000
2026/09/17 07:04:42.011, 1, 79, 60.14, 100, 7275, 1328, 715, P0, 0x0000000000000000
2026/09/17 07:04:43.024, 0, 79, 95.65, 100, 6999, 1189, 715, P0, 0x0000000000000000
2026/09/17 07:04:43.027, 1, 79, 123.24, 100, 7275, 1328, 715, P0, 0x0000000000000000
2026/09/17 07:04:44.041, 0, 79, 96.11, 100, 6999, 1328, 715, P0, 0x0000000000000000
2026/09/17 07:04:44.045, 1, 79, 174.14, 100, 7275, 1303, 715, P0, 0x0000000000000020
2026/09/17 07:04:45.055, 0, 79, 95.89, 97, 6999, 1189, 715, P0, 0x0000000000000000
2026/09/17 07:04:45.059, 1, 79, 120.86, 100, 7275, 1328, 715, P0, 0x0000000000000000
2026/09/17 07:04:46.071, 0, 79, 143.14, 100, 6999, 1328, 715, P0, 0x0000000000000000
2026/09/17 07:04:46.074, 1, 79, 185.27, 100, 7275, 1328, 715, P0, 0x0000000000000000
2026/09/17 07:04:47.087, 0, 79, 105.22, 100, 6999, 1215, 715, P0, 0x0000000000000000
2026/09/17 07:04:47.090, 1, 79, 119.63, 100, 7275, 1328, 715, P0, 0x0000000000000000
2026/09/17 07:04:48.099, 0, 79, 152.18, 100, 6999, 1303, 715, P0, 0x0000000000000020
2026/09/17 07:04:48.102, 1, 79, 160.61, 100, 7275, 1265, 715, P0, 0x0000000000000020
2026/09/17 07:04:49.112, 0, 79, 100.65, 100, 6999, 1316, 715, P0, 0x0000000000000020
2026/09/17 07:04:49.118, 1, 79, 119.17, 100, 7275, 1328, 715, P0, 0x0000000000000000
2026/09/17 07:04:50.127, 0, 79, 160.13, 97, 6999, 1164, 715, P0, 0x0000000000000020
2026/09/17 07:04:50.138, 1, 78, 154.81, 26, 7275, 1303, 715, P0, 0x0000000000000020
2026/09/17 07:04:51.144, 0, 79, 118.05, 100, 6999, 1316, 715, P0, 0x0000000000000020
2026/09/17 07:04:51.147, 1, 79, 118.82, 100, 7275, 1328, 715, P0, 0x0000000000000000
2026/09/17 07:04:52.157, 0, 79, 140.92, 100, 6999, 1164, 715, P0, 0x0000000000000020
2026/09/17 07:04:52.160, 1, 79, 126.22, 100, 7275, 1252, 715, P0, 0x0000000000000000
2026/09/17 07:04:53.172, 0, 79, 120.13, 100, 6999, 1316, 715, P0, 0x0000000000000000
2026/09/17 07:04:53.177, 1, 79, 119.04, 100, 7275, 1328, 715, P0, 0x0000000000000000
2026/09/17 07:04:54.190, 0, 79, 135.29, 100, 6999, 1164, 715, P0, 0x0000000000000000
2026/09/17 07:04:54.201, 1, 79, 136.81, 100, 7275, 1252, 715, P0, 0x0000000000000000
2026/09/17 07:04:55.216, 0, 79, 120.85, 100, 6999, 1316, 715, P0, 0x0000000000000000
2026/09/17 07:04:55.219, 1, 79, 122.40, 100, 7275, 1328, 715, P0, 0x0000000000000000
2026/09/17 07:04:56.229, 0, 79, 134.73, 100, 6999, 1126, 715, P0, 0x0000000000000020
2026/09/17 07:04:56.232, 1, 79, 154.13, 100, 7275, 1290, 715, P0, 0x0000000000000020
2026/09/17 07:04:57.244, 0, 79, 121.57, 100, 6999, 1316, 715, P0, 0x0000000000000000
2026/09/17 07:04:57.247, 1, 79, 122.63, 100, 7275, 1328, 715, P0, 0x0000000000000000
2026/09/17 07:04:58.254, 0, 79, 147.21, 100, 6999, 1139, 715, P0, 0x0000000000000020
2026/09/17 07:04:58.257, 1, 79, 167.65, 63, 7275, 1328, 715, P0, 0x0000000000000000
2026/09/17 07:04:59.268, 0, 79, 122.28, 100, 6999, 1316, 715, P0, 0x0000000000000000
2026/09/17 07:04:59.271, 1, 79, 122.80, 100, 7275, 1328, 715, P0, 0x0000000000000000
2026/09/17 07:05:00.281, 0, 79, 148.37, 100, 6999, 1189, 715, P0, 0x0000000000000000
2026/09/17 07:05:00.288, 1, 79, 121.05, 100, 7275, 1303, 715, P0, 0x0000000000000000
2026/09/17 07:05:01.296, 0, 79, 122.99, 100, 6999, 1316, 715, P0, 0x0000000000000000
2026/09/17 07:05:01.300, 1, 79, 122.80, 100, 7275, 1328, 715, P0, 0x0000000000000000
2026/09/17 07:05:02.315, 0, 79, 141.05, 100, 6999, 1177, 715, P0, 0x0000000000000000
2026/09/17 07:05:02.318, 1, 79, 151.37, 100, 7275, 1252, 715, P0, 0x0000000000000020
2026/09/17 07:05:03.328, 0, 79, 123.48, 100, 6999, 1316, 715, P0, 0x0000000000000000
2026/09/17 07:05:03.331, 1, 79, 123.28, 100, 7275, 1328, 715, P0, 0x0000000000000000
2026/09/17 07:05:04.342, 0, 79, 138.12, 100, 6999, 1189, 715, P0, 0x0000000000000020
2026/09/17 07:05:04.344, 1, 79, 147.32, 100, 7275, 1189, 715, P0, 0x0000000000000000
2026/09/17 07:05:05.359, 0, 79, 122.53, 100, 6999, 1328, 715, P0, 0x0000000000000000
2026/09/17 07:05:05.362, 1, 79, 118.80, 100, 7275, 1328, 715, P0, 0x0000000000000000
2026/09/17 07:05:06.370, 0, 79, 158.36, 97, 6999, 1177, 715, P0, 0x0000000000000020
2026/09/17 07:05:06.378, 1, 78, 171.92, 45, 7275, 1290, 715, P0, 0x0000000000000020
2026/09/17 07:05:07.387, 0, 79, 120.86, 100, 6999, 1328, 715, P0, 0x0000000000000000
2026/09/17 07:05:07.390, 1, 79, 119.04, 100, 7275, 1328, 715, P0, 0x0000000000000000
2026/09/17 07:05:08.403, 0, 79, 144.75, 100, 6999, 1202, 715, P0, 0x0000000000000020
2026/09/17 07:05:08.406, 1, 79, 146.41, 100, 7275, 1227, 715, P0, 0x0000000000000000
2026/09/17 07:05:09.421, 0, 79, 115.41, 100, 6999, 1290, 715, P0, 0x0000000000000000
2026/09/17 07:05:09.424, 1, 79, 119.77, 100, 7275, 1328, 715, P0, 0x0000000000000000
2026/09/17 07:05:10.435, 0, 79, 155.47, 100, 6999, 1265, 715, P0, 0x0000000000000020
2026/09/17 07:05:10.445, 1, 79, 159.29, 100, 7275, 1252, 715, P0, 0x0000000000000020
2026/09/17 07:05:11.450, 0, 79, 112.52, 100, 6999, 1278, 715, P0, 0x0000000000000000
2026/09/17 07:05:11.453, 1, 79, 122.66, 100, 7275, 1328, 715, P0, 0x0000000000000000
2026/09/17 07:05:12.465, 0, 79, 116.27, 100, 6999, 1303, 715, P0, 0x0000000000000020
2026/09/17 07:05:12.468, 1, 79, 105.22, 100, 7275, 1328, 715, P0, 0x0000000000000000
2026/09/17 07:05:13.479, 0, 79, 95.19, 100, 6999, 1189, 715, P0, 0x0000000000000000
2026/09/17 07:05:13.482, 1, 79, 115.89, 100, 7275, 1290, 715, P0, 0x0000000000000000
2026/09/17 07:05:14.493, 0, 79, 116.73, 100, 6999, 1303, 715, P0, 0x0000000000000020
2026/09/17 07:05:14.498, 1, 79, 78.60, 100, 7275, 1316, 715, P0, 0x0000000000000020
2026/09/17 07:05:15.507, 0, 79, 128.69, 100, 6999, 1164, 715, P0, 0x0000000000000000
2026/09/17 07:05:15.516, 1, 79, 115.63, 100, 7275, 1316, 715, P0, 0x0000000000000020
2026/09/17 07:05:16.523, 0, 79, 122.52, 100, 6999, 1316, 715, P0, 0x0000000000000000
2026/09/17 07:05:16.525, 1, 79, 122.87, 100, 7275, 1328, 715, P0, 0x0000000000000000
2026/09/17 07:05:17.534, 0, 79, 143.38, 100, 6999, 1075, 715, P0, 0x0000000000000020
2026/09/17 07:05:17.540, 1, 79, 167.03, 29, 7275, 1328, 715, P0, 0x0000000000000000
2026/09/17 07:05:18.550, 0, 79, 120.61, 100, 6999, 1290, 715, P0, 0x0000000000000000
2026/09/17 07:05:18.556, 1, 79, 123.04, 100, 7275, 1328, 715, P0, 0x0000000000000000
2026/09/17 07:05:19.566, 0, 79, 160.09, 100, 6999, 1202, 715, P0, 0x0000000000000020
2026/09/17 07:05:19.569, 1, 79, 160.10, 100, 7275, 1303, 715, P0, 0x0000000000000000
2026/09/17 07:05:20.586, 0, 79, 103.24, 100, 6999, 1316, 715, P0, 0x0000000000000020
2026/09/17 07:05:20.590, 1, 79, 118.91, 100, 7275, 1328, 715, P0, 0x0000000000000000
2026/09/17 07:05:21.601, 0, 79, 124.81, 100, 6999, 1328, 715, P0, 0x0000000000000000
2026/09/17 07:05:21.604, 1, 79, 172.88, 100, 7275, 1328, 715, P0, 0x0000000000000000
2026/09/17 07:05:22.611, 0, 79, 111.09, 100, 6999, 1303, 715, P0, 0x0000000000000000
2026/09/17 07:05:22.614, 1, 79, 119.61, 100, 7275, 1328, 715, P0, 0x0000000000000000
2026/09/17 07:05:23.625, 0, 79, 123.16, 100, 6999, 1328, 715, P0, 0x0000000000000000
2026/09/17 07:05:23.629, 1, 79, 124.63, 100, 7275, 1328, 715, P0, 0x0000000000000000
2026/09/17 07:05:24.638, 0, 79, 120.37, 100, 6999, 1139, 715, P0, 0x0000000000000020
2026/09/17 07:05:24.642, 1, 79, 119.29, 100, 7275, 1316, 715, P0, 0x0000000000000000
2026/09/17 07:05:25.652, 0, 79, 122.93, 100, 6999, 1328, 715, P0, 0x0000000000000000
2026/09/17 07:05:25.655, 1, 79, 121.19, 100, 7275, 1316, 715, P0, 0x0000000000000000
2026/09/17 07:05:26.667, 0, 79, 127.79, 100, 6999, 1139, 715, P0, 0x0000000000000020
2026/09/17 07:05:26.672, 1, 79, 141.44, 100, 7275, 1164, 715, P0, 0x0000000000000020
2026/09/17 07:05:27.684, 0, 79, 120.85, 100, 6999, 1316, 715, P0, 0x0000000000000000
2026/09/17 07:05:27.689, 1, 79, 122.39, 100, 7275, 1316, 715, P0, 0x0000000000000000
2026/09/17 07:05:28.698, 0, 79, 157.71, 100, 6999, 1202, 715, P0, 0x0000000000000020
2026/09/17 07:05:28.701, 1, 78, 52.41, 100, 7275, 1227, 715, P0, 0x0000000000000000
2026/09/17 07:05:29.712, 0, 79, 95.51, 100, 6999, 1189, 715, P0, 0x0000000000000000
2026/09/17 07:05:29.716, 1, 79, 105.45, 100, 7275, 1227, 715, P0, 0x0000000000000000
2026/09/17 07:05:30.726, 0, 79, 122.99, 100, 6999, 1328, 715, P0, 0x0000000000000000
2026/09/17 07:05:30.729, 1, 79, 122.63, 100, 7275, 1328, 715, P0, 0x0000000000000000
2026/09/17 07:05:31.738, 0, 79, 136.62, 97, 6999, 1126, 715, P0, 0x0000000000000020
2026/09/17 07:05:31.741, 1, 78, 100.75, 49, 7275, 1202, 715, P0, 0x0000000000000000
2026/09/17 07:05:32.750, 0, 79, 121.80, 100, 6999, 1316, 715, P0, 0x0000000000000000
2026/09/17 07:05:32.753, 1, 79, 122.87, 100, 7275, 1328, 715, P0, 0x0000000000000000
2026/09/17 07:05:33.764, 0, 79, 133.64, 100, 6999, 1139, 715, P0, 0x0000000000000020
2026/09/17 07:05:33.767, 1, 79, 154.62, 100, 7275, 1252, 715, P0, 0x0000000000000020
2026/09/17 07:05:34.779, 0, 79, 113.73, 100, 6999, 1265, 715, P0, 0x0000000000000000
2026/09/17 07:05:34.783, 1, 79, 118.42, 100, 7275, 1328, 715, P0, 0x0000000000000000
2026/09/17 07:05:35.791, 0, 79, 124.70, 100, 6999, 1328, 715, P0, 0x0000000000000000
2026/09/17 07:05:35.794, 1, 79, 166.71, 100, 7275, 1328, 715, P0, 0x0000000000000000
2026/09/17 07:05:36.808, 0, 79, 95.90, 100, 6999, 1189, 715, P0, 0x0000000000000000
2026/09/17 07:05:36.811, 1, 79, 118.94, 100, 7275, 1328, 715, P0, 0x0000000000000000
2026/09/17 07:05:37.825, 0, 79, 122.93, 100, 6999, 1316, 715, P0, 0x0000000000000000
2026/09/17 07:05:37.827, 1, 79, 124.00, 100, 7275, 1328, 715, P0, 0x0000000000000000
2026/09/17 07:05:38.843, 0, 79, 131.72, 100, 6999, 1164, 715, P0, 0x0000000000000000
2026/09/17 07:05:38.851, 1, 79, 106.86, 100, 7275, 1252, 715, P0, 0x0000000000000000
2026/09/17 07:05:39.857, 0, 79, 120.85, 100, 6999, 1316, 715, P0, 0x0000000000000020
2026/09/17 07:05:39.860, 1, 79, 119.04, 100, 7275, 1328, 715, P0, 0x0000000000000000
2026/09/17 07:05:40.872, 0, 79, 94.01, 100, 6999, 1328, 715, P0, 0x0000000000000000
2026/09/17 07:05:40.877, 1, 79, 169.87, 100, 7275, 1290, 715, P0, 0x0000000000000020
2026/09/17 07:05:41.883, 0, 79, 114.21, 100, 6999, 1290, 715, P0, 0x0000000000000000
2026/09/17 07:05:41.886, 1, 79, 119.36, 100, 7275, 1328, 715, P0, 0x0000000000000000
2026/09/17 07:05:42.899, 0, 79, 126.26, 100, 6999, 1328, 715, P0, 0x0000000000000000
2026/09/17 07:05:42.901, 1, 79, 111.25, 100, 7275, 1328, 715, P0, 0x0000000000000000
2026/09/17 07:05:43.913, 0, 79, 142.35, 100, 6999, 1164, 715, P0, 0x0000000000000000
2026/09/17 07:05:43.919, 1, 79, 124.88, 100, 7275, 1290, 715, P0, 0x0000000000000000
2026/09/17 07:05:44.928, 0, 79, 120.85, 100, 6999, 1316, 715, P0, 0x0000000000000020
2026/09/17 07:05:44.930, 1, 79, 122.64, 100, 7275, 1328, 715, P0, 0x0000000000000000
2026/09/17 07:05:45.941, 0, 79, 161.81, 100, 6999, 1328, 715, P0, 0x0000000000000000
2026/09/17 07:05:45.943, 1, 78, 58.55, 100, 7275, 1328, 715, P0, 0x0000000000000000
2026/09/17 07:05:46.955, 0, 79, 95.89, 100, 6999, 1189, 715, P0, 0x0000000000000000
2026/09/17 07:05:46.959, 1, 79, 123.24, 100, 7275, 1328, 715, P0, 0x0000000000000000
2026/09/17 07:05:47.973, 0, 79, 123.71, 100, 6999, 1328, 715, P0, 0x0000000000000000
2026/09/17 07:05:47.976, 1, 79, 124.95, 100, 7275, 1328, 715, P0, 0x0000000000000000
2026/09/17 07:05:48.989, 0, 79, 137.76, 100, 6999, 1101, 715, P0, 0x0000000000000000
2026/09/17 07:05:48.992, 1, 79, 148.98, 47, 7275, 1215, 715, P0, 0x0000000000000020
2026/09/17 07:05:50.004, 0, 79, 120.38, 100, 6999, 1303, 715, P0, 0x0000000000000000
2026/09/17 07:05:50.008, 1, 79, 118.80, 100, 7275, 1328, 715, P0, 0x0000000000000000
2026/09/17 07:05:51.018, 0, 79, 122.56, 100, 6999, 1316, 715, P0, 0x0000000000000020
2026/09/17 07:05:51.024, 1, 79, 160.99, 100, 7275, 1252, 715, P0, 0x0000000000000020
2026/09/17 07:05:52.031, 0, 79, 96.16, 97, 6999, 1189, 715, P0, 0x0000000000000000
2026/09/17 07:05:52.033, 1, 79, 111.40, 94, 7275, 1278, 715, P0, 0x0000000000000000
2026/09/17 07:05:53.045, 0, 79, 123.24, 100, 6999, 1316, 715, P0, 0x0000000000000000
2026/09/17 07:05:53.048, 1, 79, 124.00, 100, 7275, 1328, 715, P0, 0x0000000000000000
2026/09/17 07:05:54.061, 0, 79, 128.93, 100, 6999, 1126, 715, P0, 0x0000000000000020
2026/09/17 07:05:54.066, 1, 79, 150.14, 100, 7275, 1227, 715, P0, 0x0000000000000020
2026/09/17 07:05:55.075, 0, 79, 107.56, 100, 6999, 1316, 715, P0, 0x0000000000000020
2026/09/17 07:05:55.078, 1, 79, 118.43, 100, 7275, 1316, 715, P0, 0x0000000000000000
2026/09/17 07:05:56.089, 0, 79, 125.08, 100, 6999, 1328, 715, P0, 0x0000000000000000
2026/09/17 07:05:56.092, 1, 79, 124.71, 100, 7275, 1328, 715, P0, 0x0000000000000000
2026/09/17 07:05:57.102, 0, 79, 126.39, 100, 6999, 1139, 715, P0, 0x0000000000000020
2026/09/17 07:05:57.106, 1, 79, 105.66, 100, 7275, 1252, 715, P0, 0x0000000000000000
2026/09/17 07:05:58.115, 0, 79, 119.66, 100, 6999, 1316, 715, P0, 0x0000000000000020
2026/09/17 07:05:58.118, 1, 79, 120.00, 100, 7275, 1328, 715, P0, 0x0000000000000000
2026/09/17 07:05:59.127, 0, 79, 126.12, 100, 6999, 1328, 715, P0, 0x0000000000000000
2026/09/17 07:05:59.135, 1, 79, 160.94, 100, 7275, 1290, 715, P0, 0x0000000000000020
2026/09/17 07:06:00.142, 0, 79, 96.87, 100, 6999, 1189, 715, P0, 0x0000000000000000
2026/09/17 07:06:00.145, 1, 79, 115.65, 100, 7275, 1290, 715, P0, 0x0000000000000000
2026/09/17 07:06:01.154, 0, 79, 121.33, 100, 6999, 1316, 715, P0, 0x0000000000000000
2026/09/17 07:06:01.157, 1, 79, 122.14, 100, 7275, 1328, 715, P0, 0x0000000000000000
2026/09/17 07:06:02.172, 0, 79, 168.65, 100, 6999, 1240, 715, P0, 0x0000000000000020
2026/09/17 07:06:02.178, 1, 79, 156.82, 100, 7275, 1265, 715, P0, 0x0000000000000000
2026/09/17 07:06:03.184, 0, 79, 105.87, 100, 6999, 1240, 715, P0, 0x0000000000000000
2026/09/17 07:06:03.187, 1, 79, 123.15, 100, 7275, 1316, 715, P0, 0x0000000000000000
2026/09/17 07:06:04.204, 0, 79, 121.56, 100, 6999, 1316, 715, P0, 0x0000000000000000
2026/09/17 07:06:04.207, 1, 79, 122.87, 100, 7275, 1328, 715, P0, 0x0000000000000000
2026/09/17 07:06:05.220, 0, 79, 127.72, 100, 6999, 1126, 715, P0, 0x0000000000000020
2026/09/17 07:06:05.223, 1, 79, 156.19, 100, 7275, 1265, 715, P0, 0x0000000000000000
2026/09/17 07:06:06.233, 0, 79, 115.64, 100, 6999, 1278, 715, P0, 0x0000000000000000
2026/09/17 07:06:06.237, 1, 79, 120.49, 100, 7275, 1328, 715, P0, 0x0000000000000000
2026/09/17 07:06:07.248, 0, 79, 125.55, 100, 6999, 1328, 715, P0, 0x0000000000000000
2026/09/17 07:06:07.251, 1, 79, 126.39, 100, 7275, 1328, 715, P0, 0x0000000000000000
2026/09/17 07:06:08.264, 0, 79, 143.58, 100, 6999, 1177, 715, P0, 0x0000000000000000
2026/09/17 07:06:08.267, 1, 79, 119.70, 100, 7275, 1316, 715, P0, 0x0000000000000020
2026/09/17 07:06:09.280, 0, 79, 121.08, 100, 6999, 1303, 715, P0, 0x0000000000000000
2026/09/17 07:06:09.282, 1, 79, 124.72, 100, 7275, 1328, 715, P0, 0x0000000000000000
2026/09/17 07:06:10.296, 0, 79, 124.93, 100, 6999, 1328, 715, P0, 0x0000000000000000
2026/09/17 07:06:10.303, 1, 79, 112.14, 100, 7275, 1328, 715, P0, 0x0000000000000000
2026/09/17 07:06:11.312, 0, 79, 123.01, 100, 6999, 1151, 715, P0, 0x0000000000000000
2026/09/17 07:06:11.315, 1, 79, 116.27, 100, 7275, 1290, 715, P0, 0x0000000000000000
2026/09/17 07:06:12.329, 0, 79, 121.56, 100, 6999, 1316, 715, P0, 0x0000000000000020
2026/09/17 07:06:12.332, 1, 79, 125.20, 100, 7275, 1328, 715, P0, 0x0000000000000000
2026/09/17 07:06:13.341, 0, 79, 125.54, 100, 6999, 1328, 715, P0, 0x0000000000000000
2026/09/17 07:06:13.344, 1, 79, 108.76, 100, 7275, 1328, 715, P0, 0x0000000000000000
2026/09/17 07:06:14.356, 0, 79, 100.16, 100, 6999, 1189, 715, P0, 0x0000000000000000
2026/09/17 07:06:14.359, 1, 79, 122.28, 100, 7275, 1316, 715, P0, 0x0000000000000000
2026/09/17 07:06:15.371, 0, 79, 123.46, 100, 6999, 1328, 715, P0, 0x0000000000000000
2026/09/17 07:06:15.374, 1, 79, 125.19, 100, 7275, 1328, 715, P0, 0x0000000000000000
2026/09/17 07:06:16.384, 0, 79, 126.59, 100, 6999, 1328, 715, P0, 0x0000000000000000
2026/09/17 07:06:16.387, 1, 79, 162.27, 100, 7275, 1328, 715, P0, 0x0000000000000000
2026/09/17 07:06:17.396, 0, 79, 98.06, 100, 6999, 1189, 715, P0, 0x0000000000000000
2026/09/17 07:06:17.399, 1, 79, 119.18, 100, 7275, 1303, 715, P0, 0x0000000000000000
2026/09/17 07:06:18.409, 0, 79, 121.56, 100, 6999, 1316, 715, P0, 0x0000000000000000
2026/09/17 07:06:18.412, 1, 79, 125.20, 100, 7275, 1328, 715, P0, 0x0000000000000000
2026/09/17 07:06:19.425, 0, 79, 126.84, 100, 6999, 1328, 715, P0, 0x0000000000000000
2026/09/17 07:06:19.431, 1, 79, 164.25, 100, 7275, 1328, 715, P0, 0x0000000000000000
2026/09/17 07:06:20.440, 0, 79, 100.41, 100, 6999, 1189, 715, P0, 0x0000000000000000
2026/09/17 07:06:20.444, 1, 79, 118.92, 100, 7275, 1328, 715, P0, 0x0000000000000000
2026/09/17 07:06:21.450, 0, 79, 119.89, 100, 6999, 1303, 715, P0, 0x0000000000000000
2026/09/17 07:06:21.454, 1, 79, 123.52, 100, 7275, 1328, 715, P0, 0x0000000000000000
2026/09/17 07:06:22.467, 0, 79, 126.74, 100, 6999, 1328, 715, P0, 0x0000000000000000
2026/09/17 07:06:22.471, 1, 79, 88.33, 100, 7275, 1328, 715, P0, 0x0000000000000000
2026/09/17 07:06:23.482, 0, 79, 108.78, 100, 6999, 1189, 715, P0, 0x0000000000000000
2026/09/17 07:06:23.486, 1, 79, 112.03, 100, 7275, 1290, 715, P0, 0x0000000000000000
2026/09/17 07:06:24.500, 0, 79, 123.49, 100, 6999, 1316, 715, P0, 0x0000000000000000
2026/09/17 07:06:24.503, 1, 79, 119.28, 100, 7275, 1328, 715, P0, 0x0000000000000000
2026/09/17 07:06:25.513, 0, 79, 125.08, 100, 6999, 1328, 715, P0, 0x0000000000000000
2026/09/17 07:06:25.515, 1, 79, 124.23, 100, 7275, 1328, 715, P0, 0x0000000000000000
2026/09/17 07:06:26.533, 0, 79, 138.23, 100, 6999, 1151, 715, P0, 0x0000000000000000
2026/09/17 07:06:26.536, 1, 79, 105.97, 100, 7275, 1252, 715, P0, 0x0000000000000000
2026/09/17 07:06:27.544, 0, 79, 119.42, 100, 6999, 1316, 715, P0, 0x0000000000000020
2026/09/17 07:06:27.547, 1, 79, 119.52, 100, 7275, 1328, 715, P0, 0x0000000000000000
2026/09/17 07:06:28.560, 0, 79, 125.09, 100, 6999, 1328, 715, P0, 0x0000000000000000
2026/09/17 07:06:28.563, 1, 79, 124.23, 100, 7275, 1328, 715, P0, 0x0000000000000000
2026/09/17 07:06:29.571, 0, 79, 131.25, 100, 6999, 1139, 715, P0, 0x0000000000000000
2026/09/17 07:06:29.575, 1, 79, 113.27, 100, 7275, 1265, 715, P0, 0x0000000000000000
2026/09/17 07:06:30.585, 0, 79, 119.88, 100, 6999, 1316, 715, P0, 0x0000000000000020
2026/09/17 07:06:30.588, 1, 79, 123.34, 100, 7275, 1328, 715, P0, 0x0000000000000000
2026/09/17 07:06:31.598, 0, 79, 123.17, 100, 6999, 1328, 715, P0, 0x0000000000000000
2026/09/17 07:06:31.601, 1, 79, 124.48, 100, 7275, 1328, 715, P0, 0x0000000000000000
2026/09/17 07:06:32.608, 0, 79, 139.10, 100, 6999, 1164, 715, P0, 0x0000000000000020
2026/09/17 07:06:32.611, 1, 79, 145.19, 100, 7275, 1252, 715, P0, 0x0000000000000000
2026/09/17 07:06:33.626, 0, 79, 116.35, 100, 6999, 1303, 715, P0, 0x0000000000000000
2026/09/17 07:06:33.629, 1, 79, 123.12, 100, 7275, 1316, 715, P0, 0x0000000000000000
2026/09/17 07:06:34.638, 0, 79, 123.24, 100, 6999, 1328, 715, P0, 0x0000000000000000
2026/09/17 07:06:34.641, 1, 79, 122.63, 100, 7275, 1328, 715, P0, 0x0000000000000000
2026/09/17 07:06:35.650, 0, 79, 142.20, 100, 6999, 1328, 715, P0, 0x0000000000000000
2026/09/17 07:06:35.653, 1, 79, 141.36, 100, 7275, 1240, 715, P0, 0x0000000000000000
2026/09/17 07:06:36.665, 0, 79, 95.90, 100, 6999, 1189, 715, P0, 0x0000000000000000
2026/09/17 07:06:36.667, 1, 79, 115.65, 100, 7275, 1328, 715, P0, 0x0000000000000000
2026/09/17 07:06:37.681, 0, 79, 121.09, 100, 6999, 1316, 715, P0, 0x0000000000000000
2026/09/17 07:06:37.685, 1, 79, 122.63, 100, 7275, 1328, 715, P0, 0x0000000000000000
2026/09/17 07:06:38.695, 0, 79, 124.21, 100, 6999, 1328, 715, P0, 0x0000000000000000
2026/09/17 07:06:38.698, 1, 79, 160.38, 100, 7275, 1328, 715, P0, 0x0000000000000000
2026/09/17 07:06:39.710, 0, 79, 142.54, 100, 6999, 1164, 715, P0, 0x0000000000000000
2026/09/17 07:06:39.713, 1, 79, 118.68, 100, 7275, 1316, 715, P0, 0x0000000000000020
2026/09/17 07:06:40.724, 0, 79, 115.64, 100, 6999, 1278, 715, P0, 0x0000000000000000
2026/09/17 07:06:40.728, 1, 79, 118.64, 100, 7275, 1328, 715, P0, 0x0000000000000000
2026/09/17 07:06:41.745, 0, 79, 126.03, 100, 6999, 1328, 715, P0, 0x0000000000000000
2026/09/17 07:06:41.747, 1, 79, 124.71, 100, 7275, 1328, 715, P0, 0x0000000000000000
2026/09/17 07:06:42.760, 0, 79, 134.47, 100, 6999, 1139, 715, P0, 0x0000000000000020
2026/09/17 07:06:42.763, 1, 79, 130.83, 100, 7275, 1290, 715, P0, 0x0000000000000000
2026/09/17 07:06:43.771, 0, 79, 98.25, 100, 6999, 1316, 715, P0, 0x0000000000000020
2026/09/17 07:06:43.775, 1, 79, 118.43, 100, 7275, 1316, 715, P0, 0x0000000000000000
2026/09/17 07:06:44.791, 0, 79, 112.52, 100, 6999, 1278, 715, P0, 0x0000000000000020
2026/09/17 07:06:44.794, 1, 79, 125.05, 100, 7275, 1328, 715, P0, 0x0000000000000000
2026/09/17 07:06:45.805, 0, 79, 111.92, 100, 6999, 1265, 715, P0, 0x0000000000000020
2026/09/17 07:06:45.809, 1, 80, 154.28, 100, 7275, 1278, 715, P0, 0x0000000000000000
2026/09/17 07:06:46.821, 0, 79, 122.88, 97, 6999, 1037, 715, P0, 0x0000000000000000
2026/09/17 07:06:46.824, 1, 79, 171.05, 0, 7275, 1303, 715, P0, 0x0000000000000020
2026/09/17 07:06:47.839, 0, 79, 105.13, 100, 6999, 1240, 715, P0, 0x0000000000000000
2026/09/17 07:06:47.841, 1, 79, 125.05, 100, 7275, 1328, 715, P0, 0x0000000000000000
2026/09/17 07:06:48.856, 0, 79, 112.28, 100, 6999, 1278, 715, P0, 0x0000000000000020
2026/09/17 07:06:48.862, 1, 79, 125.04, 100, 7275, 1328, 715, P0, 0x0000000000000000
2026/09/17 07:06:49.872, 0, 79, 117.34, 100, 6999, 1278, 715, P0, 0x0000000000000020
2026/09/17 07:06:49.874, 1, 78, 58.24, 15, 7275, 1328, 715, P0, 0x0000000000000000
2026/09/17 07:06:50.886, 0, 79, 120.78, 100, 6999, 1075, 715, P0, 0x0000000000000020
2026/09/17 07:06:50.889, 1, 79, 173.14, 100, 7275, 1328, 715, P0, 0x0000000000000000
2026/09/17 07:06:51.898, 0, 78, 95.41, 100, 6999, 1189, 715, P0, 0x0000000000000000
2026/09/17 07:06:51.902, 1, 79, 120.14, 100, 7275, 1328, 715, P0, 0x0000000000000000
2026/09/17 07:06:52.917, 0, 79, 121.80, 100, 6999, 1316, 715, P0, 0x0000000000000000
2026/09/17 07:06:52.920, 1, 79, 123.83, 100, 7275, 1328, 715, P0, 0x0000000000000000
2026/09/17 07:06:53.930, 0, 79, 123.88, 100, 6999, 1328, 715, P0, 0x0000000000000000
2026/09/17 07:06:53.933, 1, 79, 124.95, 100, 7275, 1328, 715, P0, 0x0000000000000000
2026/09/17 07:06:54.943, 0, 79, 136.83, 100, 6999, 1151, 715, P0, 0x0000000000000000
2026/09/17 07:06:54.947, 1, 79, 109.01, 100, 7275, 1227, 715, P0, 0x0000000000000000
2026/09/17 07:06:55.958, 0, 79, 107.79, 100, 6999, 1240, 715, P0, 0x0000000000000000
2026/09/17 07:06:55.961, 1, 79, 119.15, 100, 7275, 1328, 715, P0, 0x0000000000000000
2026/09/17 07:06:56.972, 0, 79, 122.69, 100, 6999, 1316, 715, P0, 0x0000000000000000
2026/09/17 07:06:56.976, 1, 79, 124.24, 100, 7275, 1328, 715, P0, 0x0000000000000000
2026/09/17 07:06:57.987, 0, 79, 83.07, 100, 6999, 1316, 715, P0, 0x0000000000000000
2026/09/17 07:06:57.989, 1, 79, 173.08, 100, 7275, 1290, 715, P0, 0x0000000000000020
2026/09/17 07:06:58.998, 0, 79, 102.67, 100, 6999, 1189, 715, P0, 0x0000000000000000
2026/09/17 07:06:59.002, 1, 79, 100.89, 100, 7275, 1202, 715, P0, 0x0000000000000000
2026/09/17 07:07:00.015, 0, 79, 112.54, 100, 6999, 1328, 715, P0, 0x0000000000000000
2026/09/17 07:07:00.020, 1, 79, 120.73, 100, 7275, 1328, 715, P0, 0x0000000000000000
2026/09/17 07:07:01.029, 0, 79, 123.24, 100, 6999, 1328, 715, P0, 0x0000000000000000
2026/09/17 07:07:01.032, 1, 79, 124.71, 100, 7275, 1328, 715, P0, 0x0000000000000000
2026/09/17 07:07:02.042, 0, 79, 163.93, 100, 6999, 1139, 715, P0, 0x0000000000000020
2026/09/17 07:07:02.052, 1, 79, 153.86, 100, 7275, 1227, 715, P0, 0x0000000000000000
2026/09/17 07:07:03.069, 0, 79, 95.49, 100, 6999, 1189, 715, P0, 0x0000000000000000
2026/09/17 07:07:03.072, 1, 79, 108.99, 40, 7275, 1252, 715, P0, 0x0000000000000000
2026/09/17 07:07:04.084, 0, 79, 120.83, 100, 6999, 1316, 715, P0, 0x0000000000000020
2026/09/17 07:07:04.090, 1, 79, 122.87, 100, 7275, 1328, 715, P0, 0x0000000000000000
2026/09/17 07:07:05.097, 0, 79, 123.17, 100, 6999, 1316, 715, P0, 0x0000000000000000
2026/09/17 07:07:05.101, 1, 79, 124.71, 100, 7275, 1328, 715, P0, 0x0000000000000000
2026/09/17 07:07:06.113, 0, 79, 148.13, 100, 6999, 1126, 715, P0, 0x0000000000000020
2026/09/17 07:07:06.116, 1, 78, 154.37, 10, 7275, 1303, 715, P0, 0x0000000000000000
2026/09/17 07:07:07.131, 0, 79, 95.66, 100, 6999, 1189, 715, P0, 0x0000000000000000
2026/09/17 07:07:07.134, 1, 79, 118.76, 100, 7275, 1316, 715, P0, 0x0000000000000000
2026/09/17 07:07:08.147, 0, 79, 122.69, 100, 6999, 1328, 715, P0, 0x0000000000000000
2026/09/17 07:07:08.150, 1, 79, 123.76, 100, 7275, 1328, 715, P0, 0x0000000000000000
2026/09/17 07:07:09.162, 0, 79, 123.97, 100, 6999, 1328, 715, P0, 0x0000000000000000
2026/09/17 07:07:09.165, 1, 79, 98.87, 100, 7275, 1328, 715, P0, 0x0000000000000000
2026/09/17 07:07:10.177, 0, 79, 133.93, 100, 6999, 1139, 715, P0, 0x0000000000000020
2026/09/17 07:07:10.180, 1, 79, 169.39, 100, 7275, 1290, 715, P0, 0x0000000000000000
2026/09/17 07:07:11.192, 0, 79, 95.65, 100, 6999, 1189, 715, P0, 0x0000000000000000
2026/09/17 07:07:11.195, 1, 79, 119.42, 100, 7275, 1328, 715, P0, 0x0000000000000000
2026/09/17 07:07:12.208, 0, 79, 123.24, 100, 6999, 1316, 715, P0, 0x0000000000000000
2026/09/17 07:07:12.211, 1, 79, 125.19, 100, 7275, 1328, 715, P0, 0x0000000000000000
2026/09/17 07:07:13.217, 0, 79, 125.08, 100, 6999, 1328, 715, P0, 0x0000000000000000
2026/09/17 07:07:13.223, 1, 79, 124.47, 100, 7275, 1328, 715, P0, 0x0000000000000000
2026/09/17 07:07:14.231, 0, 79, 139.49, 100, 6999, 1164, 715, P0, 0x0000000000000020
2026/09/17 07:07:14.235, 1, 80, 177.16, 100, 7275, 1316, 715, P0, 0x0000000000000000
2026/09/17 07:07:15.248, 0, 79, 97.76, 100, 6999, 1303, 715, P0, 0x0000000000000020
2026/09/17 07:07:15.251, 1, 79, 122.43, 100, 7275, 1316, 715, P0, 0x0000000000000000
2026/09/17 07:07:16.263, 0, 79, 120.85, 100, 6999, 1316, 715, P0, 0x0000000000000020
2026/09/17 07:07:16.268, 1, 79, 122.39, 100, 7275, 1328, 715, P0, 0x0000000000000000
2026/09/17 07:07:17.276, 0, 79, 125.55, 100, 6999, 1328, 715, P0, 0x0000000000000000
2026/09/17 07:07:17.279, 1, 79, 124.95, 100, 7275, 1328, 715, P0, 0x0000000000000000
2026/09/17 07:07:18.290, 0, 79, 130.53, 100, 6999, 1101, 715, P0, 0x0000000000000020
2026/09/17 07:07:18.300, 1, 79, 144.19, 100, 7275, 1215, 715, P0, 0x0000000000000020
2026/09/17 07:07:19.306, 0, 79, 95.20, 98, 6999, 1189, 715, P0, 0x0000000000000000
2026/09/17 07:07:19.309, 1, 79, 110.92, 35, 7275, 1265, 715, P0, 0x0000000000000000
2026/09/17 07:07:20.320, 0, 79, 120.13, 100, 6999, 1316, 715, P0, 0x0000000000000020
2026/09/17 07:07:20.326, 1, 79, 122.39, 100, 7275, 1328, 715, P0, 0x0000000000000000
2026/09/17 07:07:21.331, 0, 79, 126.03, 100, 6999, 1328, 715, P0, 0x0000000000000000
2026/09/17 07:07:21.335, 1, 79, 124.47, 100, 7275, 1328, 715, P0, 0x0000000000000000
2026/09/17 07:07:22.341, 0, 79, 167.90, 100, 6999, 1303, 715, P0, 0x0000000000000020
2026/09/17 07:07:22.345, 1, 78, 58.61, 55, 7275, 1328, 715, P0, 0x0000000000000000
2026/09/17 07:07:23.356, 0, 79, 137.54, 100, 6999, 1177, 715, P0, 0x0000000000000020
2026/09/17 07:07:23.359, 1, 79, 116.61, 100, 7275, 1303, 715, P0, 0x0000000000000000
2026/09/17 07:07:24.373, 0, 79, 121.33, 100, 6999, 1316, 715, P0, 0x0000000000000000
2026/09/17 07:07:24.376, 1, 79, 119.04, 100, 7275, 1328, 715, P0, 0x0000000000000000
2026/09/17 07:07:25.389, 0, 79, 123.24, 100, 6999, 1328, 715, P0, 0x0000000000000000
2026/09/17 07:07:25.392, 1, 79, 126.62, 100, 7275, 1328, 715, P0, 0x0000000000000000
2026/09/17 07:07:26.403, 0, 79, 126.98, 100, 6999, 1328, 715, P0, 0x0000000000000000
2026/09/17 07:07:26.406, 1, 79, 83.85, 100, 7275, 1328, 715, P0, 0x0000000000000000
2026/09/17 07:07:27.418, 0, 79, 135.21, 100, 6999, 1151, 715, P0, 0x0000000000000000
2026/09/17 07:07:27.421, 1, 79, 121.33, 100, 7275, 1316, 715, P0, 0x0000000000000000
2026/09/17 07:07:28.434, 0, 79, 113.01, 100, 6999, 1252, 715, P0, 0x0000000000000000
2026/09/17 07:07:28.437, 1, 79, 119.61, 100, 7275, 1328, 715, P0, 0x0000000000000000
2026/09/17 07:07:29.449, 0, 79, 123.24, 100, 6999, 1316, 715, P0, 0x0000000000000000
2026/09/17 07:07:29.452, 1, 79, 124.48, 100, 7275, 1328, 715, P0, 0x0000000000000000
2026/09/17 07:07:30.463, 0, 79, 124.90, 100, 6999, 1328, 715, P0, 0x0000000000000000
2026/09/17 07:07:30.466, 1, 79, 124.95, 100, 7275, 1328, 715, P0, 0x0000000000000000
2026/09/17 07:07:31.479, 0, 79, 133.94, 100, 6999, 1139, 715, P0, 0x0000000000000020
2026/09/17 07:07:31.482, 1, 80, 153.72, 100, 7275, 1316, 715, P0, 0x0000000000000020
2026/09/17 07:07:32.494, 0, 79, 96.56, 100, 6999, 1189, 715, P0, 0x0000000000000000
2026/09/17 07:07:32.498, 1, 79, 126.52, 51, 7275, 1328, 715, P0, 0x0000000000000000
2026/09/17 07:07:33.508, 0, 79, 120.37, 100, 6999, 1328, 715, P0, 0x0000000000000000
2026/09/17 07:07:33.512, 1, 79, 123.52, 100, 7275, 1328, 715, P0, 0x0000000000000000
2026/09/17 07:07:34.522, 0, 79, 124.84, 100, 6999, 1328, 715, P0, 0x0000000000000000
2026/09/17 07:07:34.525, 1, 79, 124.71, 100, 7275, 1328, 715, P0, 0x0000000000000000
2026/09/17 07:07:35.536, 0, 79, 87.99, 100, 6999, 1328, 715, P0, 0x0000000000000000
2026/09/17 07:07:35.539, 1, 78, 58.57, 44, 7275, 1328, 715, P0, 0x0000000000000000
2026/09/17 07:07:36.549, 0, 79, 137.59, 100, 6999, 1177, 715, P0, 0x0000000000000020
2026/09/17 07:07:36.559, 1, 79, 122.29, 100, 7275, 1316, 715, P0, 0x0000000000000020
2026/09/17 07:07:37.563, 0, 79, 120.85, 100, 6999, 1316, 715, P0, 0x0000000000000020
2026/09/17 07:07:37.566, 1, 79, 120.24, 100, 7275, 1328, 715, P0, 0x0000000000000000
2026/09/17 07:07:38.582, 0, 79, 123.72, 100, 6999, 1328, 715, P0, 0x0000000000000000
2026/09/17 07:07:38.585, 1, 79, 125.42, 100, 7275, 1328, 715, P0, 0x0000000000000000
2026/09/17 07:07:39.592, 0, 79, 127.23, 100, 6999, 1328, 715, P0, 0x0000000000000000
2026/09/17 07:07:39.595, 1, 79, 126.62, 100, 7275, 1328, 715, P0, 0x0000000000000000
2026/09/17 07:07:40.606, 0, 79, 148.48, 100, 6999, 1189, 715, P0, 0x0000000000000020
2026/09/17 07:07:40.609, 1, 79, 166.74, 100, 7275, 1316, 715, P0, 0x0000000000000020
2026/09/17 07:07:41.619, 0, 79, 96.86, 100, 6999, 1189, 715, P0, 0x0000000000000000
2026/09/17 07:07:41.625, 1, 79, 118.70, 100, 7275, 1316, 715, P0, 0x0000000000000000
2026/09/17 07:07:42.632, 0, 79, 121.81, 100, 6999, 1316, 715, P0, 0x0000000000000000
2026/09/17 07:07:42.636, 1, 79, 118.32, 100, 7275, 1328, 715, P0, 0x0000000000000000
2026/09/17 07:07:43.643, 0, 79, 124.11, 100, 6999, 1328, 715, P0, 0x0000000000000000
2026/09/17 07:07:43.646, 1, 79, 124.71, 100, 7275, 1328, 715, P0, 0x0000000000000000
2026/09/17 07:07:44.657, 0, 79, 127.46, 100, 6999, 1328, 715, P0, 0x0000000000000000
2026/09/17 07:07:44.661, 1, 79, 84.09, 100, 7275, 1328, 715, P0, 0x0000000000000000
2026/09/17 07:07:45.672, 0, 79, 148.44, 100, 6999, 1151, 715, P0, 0x0000000000000000
2026/09/17 07:07:45.678, 1, 79, 169.47, 57, 7275, 1252, 715, P0, 0x0000000000000020
2026/09/17 07:07:46.685, 0, 79, 95.92, 100, 6999, 1189, 715, P0, 0x0000000000000000
2026/09/17 07:07:46.688, 1, 79, 114.21, 100, 7275, 1290, 715, P0, 0x0000000000000000
2026/09/17 07:07:47.697, 0, 79, 123.24, 100, 6999, 1316, 715, P0, 0x0000000000000000
2026/09/17 07:07:47.700, 1, 79, 122.39, 100, 7275, 1328, 715, P0, 0x0000000000000000
2026/09/17 07:07:48.710, 0, 79, 124.85, 100, 6999, 1328, 715, P0, 0x0000000000000000
2026/09/17 07:07:48.712, 1, 79, 124.95, 100, 7275, 1328, 715, P0, 0x0000000000000000
2026/09/17 07:07:49.724, 0, 79, 128.57, 100, 6999, 1328, 715, P0, 0x0000000000000000
2026/09/17 07:07:49.730, 1, 79, 88.37, 100, 7275, 1328, 715, P0, 0x0000000000000000
2026/09/17 07:07:50.752, 0, 79, 122.98, 100, 6999, 987, 715, P0, 0x0000000000000020
2026/09/17 07:07:50.759, 1, 79, 127.60, 100, 7275, 1303, 715, P0, 0x0000000000000020
2026/09/17 07:07:51.771, 0, 79, 127.75, 100, 6999, 1075, 715, P0, 0x0000000000000020
2026/09/17 07:07:51.778, 1, 79, 118.42, 100, 7275, 1328, 715, P0, 0x0000000000000000
2026/09/17 07:07:52.787, 0, 79, 102.57, 100, 6999, 1215, 715, P0, 0x0000000000000000
2026/09/17 07:07:52.794, 1, 79, 118.68, 100, 7275, 1328, 715, P0, 0x0000000000000000
2026/09/17 07:07:53.800, 0, 79, 116.11, 100, 6999, 1303, 715, P0, 0x0000000000000000
2026/09/17 07:07:53.803, 1, 79, 123.12, 100, 7275, 1328, 715, P0, 0x0000000000000000
2026/09/17 07:07:54.815, 0, 79, 120.84, 100, 6999, 1316, 715, P0, 0x0000000000000020
2026/09/17 07:07:54.818, 1, 79, 124.96, 100, 7275, 1328, 715, P0, 0x0000000000000000
2026/09/17 07:07:55.830, 0, 79, 121.18, 100, 6999, 1303, 715, P0, 0x0000000000000020
2026/09/17 07:07:55.836, 1, 78, 58.72, 85, 7275, 1328, 715, P0, 0x0000000000000000
2026/09/17 07:07:56.844, 0, 79, 141.01, 100, 6999, 1101, 715, P0, 0x0000000000000020
2026/09/17 07:07:56.847, 1, 79, 155.10, 100, 7275, 1290, 715, P0, 0x0000000000000000
2026/09/17 07:07:57.852, 0, 79, 96.63, 100, 6999, 1189, 715, P0, 0x0000000000000000
2026/09/17 07:07:57.860, 1, 79, 119.18, 100, 7275, 1316, 715, P0, 0x0000000000000000
2026/09/17 07:07:58.868, 0, 79, 118.93, 100, 6999, 1290, 715, P0, 0x0000000000000000
2026/09/17 07:07:58.871, 1, 79, 125.20, 100, 7275, 1328, 715, P0, 0x0000000000000000
2026/09/17 07:07:59.879, 0, 79, 119.89, 100, 6999, 1303, 715, P0, 0x0000000000000000
2026/09/17 07:07:59.882, 1, 79, 124.72, 100, 7275, 1328, 715, P0, 0x0000000000000000
2026/09/17 07:08:00.890, 0, 79, 121.08, 100, 6999, 1303, 715, P0, 0x0000000000000020
2026/09/17 07:08:00.896, 1, 79, 124.96, 100, 7275, 1328, 715, P0, 0x0000000000000000
2026/09/17 07:08:01.907, 0, 79, 116.05, 100, 6999, 1303, 715, P0, 0x0000000000000020
2026/09/17 07:08:01.910, 1, 80, 165.87, 100, 7275, 1265, 715, P0, 0x0000000000000000
2026/09/17 07:08:02.923, 0, 79, 130.34, 100, 6999, 1088, 715, P0, 0x0000000000000020
2026/09/17 07:08:02.927, 1, 79, 174.48, 12, 7275, 1303, 715, P0, 0x0000000000000000
2026/09/17 07:08:03.943, 0, 79, 95.90, 100, 6999, 1316, 715, P0, 0x0000000000000020
2026/09/17 07:08:03.947, 1, 79, 119.42, 100, 7275, 1303, 715, P0, 0x0000000000000000
2026/09/17 07:08:04.957, 0, 79, 122.28, 100, 6999, 1328, 715, P0, 0x0000000000000000
2026/09/17 07:08:04.962, 1, 79, 123.83, 100, 7275, 1328, 715, P0, 0x0000000000000000
2026/09/17 07:08:05.972, 0, 79, 124.85, 100, 6999, 1328, 715, P0, 0x0000000000000000
2026/09/17 07:08:05.974, 1, 79, 125.19, 100, 7275, 1328, 715, P0, 0x0000000000000000
2026/09/17 07:08:06.988, 0, 79, 124.84, 100, 6999, 1328, 715, P0, 0x0000000000000000
2026/09/17 07:08:06.992, 1, 79, 124.71, 100, 7275, 1328, 715, P0, 0x0000000000000000
2026/09/17 07:08:08.001, 0, 79, 163.58, 100, 6999, 1202, 715, P0, 0x0000000000000020
2026/09/17 07:08:08.011, 1, 79, 174.29, 100, 7275, 1303, 715, P0, 0x0000000000000000
2026/09/17 07:08:09.029, 0, 79, 100.41, 100, 6999, 1189, 715, P0, 0x0000000000000000
2026/09/17 07:08:09.032, 1, 79, 118.28, 100, 7275, 1316, 715, P0, 0x0000000000000000
2026/09/17 07:08:10.045, 0, 79, 116.60, 100, 6999, 1303, 715, P0, 0x0000000000000000
2026/09/17 07:08:10.048, 1, 79, 118.82, 100, 7275, 1328, 715, P0, 0x0000000000000000
2026/09/17 07:08:11.058, 0, 79, 123.01, 100, 6999, 1328, 715, P0, 0x0000000000000000
2026/09/17 07:08:11.061, 1, 79, 119.28, 100, 7275, 1328, 715, P0, 0x0000000000000000
2026/09/17 07:08:12.071, 0, 79, 127.23, 100, 6999, 1328, 715, P0, 0x0000000000000000
2026/09/17 07:08:12.073, 1, 79, 124.47, 100, 7275, 1328, 715, P0, 0x0000000000000000
2026/09/17 07:08:13.086, 0, 79, 128.82, 100, 6999, 1328, 715, P0, 0x0000000000000000
2026/09/17 07:08:13.093, 1, 79, 77.38, 100, 7275, 1265, 715, P0, 0x0000000000000000
2026/09/17 07:08:14.098, 0, 79, 145.61, 100, 6999, 1151, 715, P0, 0x0000000000000000
2026/09/17 07:08:14.101, 1, 79, 158.64, 100, 7275, 1252, 715, P0, 0x0000000000000000
2026/09/17 07:08:15.118, 0, 79, 96.63, 100, 6999, 1189, 715, P0, 0x0000000000000000
2026/09/17 07:08:15.121, 1, 79, 110.92, 100, 7275, 1265, 715, P0, 0x0000000000000000
2026/09/17 07:08:16.137, 0, 79, 120.60, 100, 6999, 1290, 715, P0, 0x0000000000000000
2026/09/17 07:08:16.139, 1, 79, 122.32, 100, 7275, 1328, 715, P0, 0x0000000000000000
2026/09/17 07:08:17.151, 0, 79, 123.24, 100, 6999, 1316, 715, P0, 0x0000000000000000
2026/09/17 07:08:17.156, 1, 79, 122.63, 100, 7275, 1328, 715, P0, 0x0000000000000000
2026/09/17 07:08:18.165, 0, 79, 124.84, 100, 6999, 1328, 715, P0, 0x0000000000000000
2026/09/17 07:08:18.168, 1, 79, 124.95, 100, 7275, 1328, 715, P0, 0x0000000000000000
2026/09/17 07:08:19.177, 0, 79, 129.23, 100, 6999, 1328, 715, P0, 0x0000000000000000
2026/09/17 07:08:19.179, 1, 79, 152.91, 100, 7275, 1290, 715, P0, 0x0000000000000020
2026/09/17 07:08:20.195, 0, 79, 145.95, 98, 6999, 1139, 715, P0, 0x0000000000000020
2026/09/17 07:08:20.198, 1, 79, 167.01, 40, 7275, 1328, 715, P0, 0x0000000000000000
2026/09/17 07:08:21.210, 0, 79, 96.14, 100, 6999, 1189, 715, P0, 0x0000000000000000
2026/09/17 07:08:21.213, 1, 79, 119.18, 100, 7275, 1328, 715, P0, 0x0000000000000000
2026/09/17 07:08:22.219, 0, 79, 119.65, 100, 6999, 1316, 715, P0, 0x0000000000000000
2026/09/17 07:08:22.224, 1, 79, 123.11, 100, 7275, 1328, 715, P0, 0x0000000000000000
2026/09/17 07:08:23.234, 0, 79, 123.41, 100, 6999, 1328, 715, P0, 0x0000000000000000
2026/09/17 07:08:23.237, 1, 79, 125.19, 100, 7275, 1328, 715, P0, 0x0000000000000000
2026/09/17 07:08:24.249, 0, 79, 126.29, 100, 6999, 1328, 715, P0, 0x0000000000000000
2026/09/17 07:08:24.252, 1, 79, 122.79, 100, 7275, 1328, 715, P0, 0x0000000000000000
2026/09/17 07:08:25.260, 0, 79, 128.48, 100, 6999, 1328, 715, P0, 0x0000000000000000
2026/09/17 07:08:25.264, 1, 79, 100.04, 100, 7275, 1328, 715, P0, 0x0000000000000000
2026/09/17 07:08:26.279, 0, 79, 136.51, 100, 6999, 1139, 715, P0, 0x0000000000000020
2026/09/17 07:08:26.282, 1, 79, 157.83, 100, 7275, 1227, 715, P0, 0x0000000000000000
2026/09/17 07:08:27.294, 0, 79, 140.73, 97, 6999, 1139, 715, P0, 0x0000000000000000
2026/09/17 07:08:27.297, 1, 79, 106.60, 54, 7275, 1227, 715, P0, 0x0000000000000000
2026/09/17 07:08:28.309, 0, 79, 103.54, 100, 6999, 1215, 715, P0, 0x0000000000000000
2026/09/17 07:08:28.313, 1, 79, 118.67, 100, 7275, 1316, 715, P0, 0x0000000000000000
2026/09/17 07:08:29.320, 0, 79, 122.05, 100, 6999, 1316, 715, P0, 0x0000000000000000
2026/09/17 07:08:29.324, 1, 79, 119.28, 100, 7275, 1328, 715, P0, 0x0000000000000000
2026/09/17 07:08:30.336, 0, 79, 124.85, 100, 6999, 1328, 715, P0, 0x0000000000000000
2026/09/17 07:08:30.339, 1, 79, 125.19, 100, 7275, 1328, 715, P0, 0x0000000000000000
2026/09/17 07:08:31.351, 0, 79, 128.18, 100, 6999, 1328, 715, P0, 0x0000000000000000
2026/09/17 07:08:31.354, 1, 79, 125.89, 100, 7275, 1328, 715, P0, 0x0000000000000000
2026/09/17 07:08:32.367, 0, 79, 100.89, 100, 6999, 1328, 715, P0, 0x0000000000000000
2026/09/17 07:08:32.370, 1, 79, 172.51, 100, 7275, 1252, 715, P0, 0x0000000000000020
2026/09/17 07:08:33.381, 0, 79, 133.48, 100, 6999, 1139, 715, P0, 0x0000000000000020
2026/09/17 07:08:33.385, 1, 79, 107.17, 100, 7275, 1227, 715, P0, 0x0000000000000000
2026/09/17 07:08:34.396, 0, 79, 96.89, 97, 6999, 1189, 715, P0, 0x0000000000000000
2026/09/17 07:08:34.399, 1, 79, 105.15, 47, 7275, 1240, 715, P0, 0x0000000000000000
2026/09/17 07:08:35.408, 0, 79, 108.50, 100, 6999, 1316, 715, P0, 0x0000000000000000
2026/09/17 07:08:35.411, 1, 79, 123.12, 100, 7275, 1316, 715, P0, 0x0000000000000000
2026/09/17 07:08:36.423, 0, 79, 112.28, 100, 6999, 1278, 715, P0, 0x0000000000000020
2026/09/17 07:08:36.426, 1, 79, 123.13, 100, 7275, 1328, 715, P0, 0x0000000000000000
2026/09/17 07:08:37.440, 0, 79, 115.87, 100, 6999, 1278, 715, P0, 0x0000000000000020
2026/09/17 07:08:37.443, 1, 79, 124.80, 100, 7275, 1328, 715, P0, 0x0000000000000000
2026/09/17 07:08:38.452, 0, 79, 112.04, 100, 6999, 1278, 715, P0, 0x0000000000000000
2026/09/17 07:08:38.456, 1, 79, 124.57, 100, 7275, 1328, 715, P0, 0x0000000000000000
2026/09/17 07:08:39.471, 0, 79, 109.26, 100, 6999, 1265, 715, P0, 0x0000000000000000
2026/09/17 07:08:39.474, 1, 79, 167.40, 100, 7275, 1328, 715, P0, 0x0000000000000000
2026/09/17 07:08:40.487, 0, 79, 95.90, 100, 6999, 1303, 715, P0, 0x0000000000000000
2026/09/17 07:08:40.490, 1, 79, 156.56, 100, 7275, 1265, 715, P0, 0x0000000000000020
2026/09/17 07:08:41.501, 0, 79, 130.47, 99, 6999, 1101, 715, P0, 0x0000000000000020
2026/09/17 07:08:41.504, 1, 79, 175.52, 17, 7275, 1328, 715, P0, 0x0000000000000000
2026/09/17 07:08:42.510, 0, 79, 104.44, 100, 6999, 1164, 715, P0, 0x0000000000000000
2026/09/17 07:08:42.514, 1, 79, 118.92, 100, 7275, 1316, 715, P0, 0x0000000000000020
2026/09/17 07:08:43.522, 0, 79, 105.39, 100, 6999, 1240, 715, P0, 0x0000000000000000
2026/09/17 07:08:43.526, 1, 79, 119.31, 100, 7275, 1328, 715, P0, 0x0000000000000000
2026/09/17 07:08:44.540, 0, 79, 116.05, 100, 6999, 1303, 715, P0, 0x0000000000000000
2026/09/17 07:08:44.543, 1, 79, 125.04, 100, 7275, 1328, 715, P0, 0x0000000000000000
2026/09/17 07:08:45.554, 0, 79, 123.17, 100, 6999, 1328, 715, P0, 0x0000000000000000
2026/09/17 07:08:45.558, 1, 79, 124.71, 100, 7275, 1328, 715, P0, 0x0000000000000000
2026/09/17 07:08:46.571, 0, 79, 126.52, 100, 6999, 1328, 715, P0, 0x0000000000000000
2026/09/17 07:08:46.574, 1, 79, 124.95, 100, 7275, 1328, 715, P0, 0x0000000000000000
2026/09/17 07:08:47.588, 0, 79, 126.62, 100, 6999, 1328, 715, P0, 0x0000000000000000
2026/09/17 07:08:47.591, 1, 79, 158.62, 100, 7275, 1328, 715, P0, 0x0000000000000000
2026/09/17 07:08:48.603, 0, 79, 155.68, 100, 6999, 1227, 715, P0, 0x0000000000000020
2026/09/17 07:08:48.606, 1, 78, 58.37, 90, 7275, 1328, 715, P0, 0x0000000000000000
2026/09/17 07:08:49.619, 0, 79, 123.95, 100, 6999, 1139, 715, P0, 0x0000000000000000
2026/09/17 07:08:49.625, 1, 79, 128.19, 100, 7275, 1303, 715, P0, 0x0000000000000000
2026/09/17 07:08:50.635, 0, 79, 95.65, 100, 6999, 1278, 715, P0, 0x0000000000000000
2026/09/17 07:08:50.642, 1, 79, 123.48, 100, 7275, 1316, 715, P0, 0x0000000000000000
2026/09/17 07:08:51.650, 0, 79, 113.00, 100, 6999, 1316, 715, P0, 0x0000000000000020
2026/09/17 07:08:51.653, 1, 79, 123.36, 100, 7275, 1328, 715, P0, 0x0000000000000000
2026/09/17 07:08:52.666, 0, 79, 122.45, 100, 6999, 1328, 715, P0, 0x0000000000000000
2026/09/17 07:08:52.669, 1, 79, 122.63, 100, 7275, 1328, 715, P0, 0x0000000000000000
2026/09/17 07:08:53.681, 0, 79, 123.41, 100, 6999, 1328, 715, P0, 0x0000000000000000
2026/09/17 07:08:53.685, 1, 79, 124.96, 100, 7275, 1328, 715, P0, 0x0000000000000000
2026/09/17 07:08:54.695, 0, 79, 126.28, 100, 6999, 1328, 715, P0, 0x0000000000000000
2026/09/17 07:08:54.698, 1, 79, 124.71, 100, 7275, 1328, 715, P0, 0x0000000000000000
2026/09/17 07:08:55.710, 0, 79, 121.41, 100, 6999, 1316, 715, P0, 0x0000000000000020
2026/09/17 07:08:55.713, 1, 79, 61.60, 99, 7275, 1328, 715, P0, 0x0000000000000000
2026/09/17 07:08:56.728, 0, 79, 165.60, 100, 6999, 1316, 715, P0, 0x0000000000000020
2026/09/17 07:08:56.731, 1, 79, 162.93, 100, 7275, 1303, 715, P0, 0x0000000000000000
2026/09/17 07:08:57.745, 0, 79, 144.77, 100, 6999, 1139, 715, P0, 0x0000000000000020
2026/09/17 07:08:57.752, 1, 79, 119.66, 100, 7275, 1316, 715, P0, 0x0000000000000000
2026/09/17 07:08:58.760, 0, 79, 95.66, 100, 6999, 1189, 715, P0, 0x0000000000000000
2026/09/17 07:08:58.767, 1, 79, 119.90, 100, 7275, 1328, 715, P0, 0x0000000000000000
2026/09/17 07:08:59.777, 0, 79, 113.00, 100, 6999, 1278, 715, P0, 0x0000000000000000
2026/09/17 07:08:59.780, 1, 79, 125.04, 100, 7275, 1328, 715, P0, 0x0000000000000000
2026/09/17 07:09:00.791, 0, 79, 122.75, 100, 6999, 1316, 715, P0, 0x0000000000000000
2026/09/17 07:09:00.795, 1, 79, 125.65, 100, 7275, 1328, 715, P0, 0x0000000000000000
2026/09/17 07:09:01.808, 0, 79, 125.09, 100, 6999, 1328, 715, P0, 0x0000000000000000
2026/09/17 07:09:01.812, 1, 79, 125.19, 100, 7275, 1328, 715, P0, 0x0000000000000000
2026/09/17 07:09:02.823, 0, 79, 124.84, 100, 6999, 1328, 715, P0, 0x0000000000000000
2026/09/17 07:09:02.826, 1, 79, 125.19, 100, 7275, 1328, 715, P0, 0x0000000000000000
2026/09/17 07:09:03.830, 0, 79, 128.43, 100, 6999, 1328, 715, P0, 0x0000000000000000
2026/09/17 07:09:03.833, 1, 79, 125.40, 100, 7275, 1328, 715, P0, 0x0000000000000000
2026/09/17 07:09:04.846, 0, 79, 114.20, 100, 6999, 1316, 715, P0, 0x0000000000000020
2026/09/17 07:09:04.851, 1, 79, 169.01, 100, 7275, 1316, 715, P0, 0x0000000000000020
2026/09/17 07:09:05.858, 0, 79, 135.49, 100, 6999, 1139, 715, P0, 0x0000000000000020
2026/09/17 07:09:05.862, 1, 80, 136.38, 100, 7275, 1303, 715, P0, 0x0000000000000000
2026/09/17 07:09:06.875, 0, 79, 133.27, 97, 6999, 1126, 715, P0, 0x0000000000000000
2026/09/17 07:09:06.880, 1, 79, 130.34, 83, 7275, 1290, 715, P0, 0x0000000000000000
2026/09/17 07:09:07.889, 0, 79, 108.52, 100, 6999, 1265, 715, P0, 0x0000000000000000
2026/09/17 07:09:07.896, 1, 79, 118.67, 100, 7275, 1328, 715, P0, 0x0000000000000000
2026/09/17 07:09:08.904, 0, 79, 119.18, 100, 6999, 1316, 715, P0, 0x0000000000000020
2026/09/17 07:09:08.907, 1, 79, 120.00, 100, 7275, 1328, 715, P0, 0x0000000000000000
2026/09/17 07:09:09.915, 0, 79, 122.93, 100, 6999, 1328, 715, P0, 0x0000000000000000
2026/09/17 07:09:09.918, 1, 79, 123.51, 100, 7275, 1328, 715, P0, 0x0000000000000000
2026/09/17 07:09:10.942, 0, 79, 123.48, 100, 6999, 1328, 715, P0, 0x0000000000000000
2026/09/17 07:09:10.944, 1, 79, 124.24, 100, 7275, 1328, 715, P0, 0x0000000000000000
2026/09/17 07:09:11.956, 0, 79, 126.76, 100, 6999, 1316, 715, P0, 0x0000000000000020
2026/09/17 07:09:11.964, 1, 79, 124.95, 100, 7275, 1328, 715, P0, 0x0000000000000000
2026/09/17 07:09:12.973, 0, 79, 126.88, 100, 6999, 1328, 715, P0, 0x0000000000000000
2026/09/17 07:09:12.976, 1, 79, 97.19, 100, 7275, 1328, 715, P0, 0x0000000000000000
2026/09/17 07:09:13.988, 0, 79, 101.88, 100, 6999, 1328, 715, P0, 0x0000000000000000
2026/09/17 07:09:13.991, 1, 79, 58.80, 100, 7275, 1328, 715, P0, 0x0000000000000000
2026/09/17 07:09:15.001, 0, 79, 173.83, 100, 6999, 1227, 715, P0, 0x0000000000000020
2026/09/17 07:09:15.007, 1, 79, 171.53, 100, 7275, 1303, 715, P0, 0x0000000000000000
2026/09/17 07:09:16.020, 0, 79, 141.93, 100, 6999, 1151, 715, P0, 0x0000000000000000
2026/09/17 07:09:16.023, 1, 79, 119.73, 100, 7275, 1303, 715, P0, 0x0000000000000000
2026/09/17 07:09:17.038, 0, 79, 95.89, 100, 6999, 1189, 715, P0, 0x0000000000000000
2026/09/17 07:09:17.042, 1, 79, 121.80, 100, 7275, 1316, 715, P0, 0x0000000000000000
2026/09/17 07:09:18.050, 0, 79, 95.41, 97, 6999, 1189, 715, P0, 0x0000000000000000
2026/09/17 07:09:18.053, 1, 79, 121.34, 100, 7275, 1316, 715, P0, 0x0000000000000000
2026/09/17 07:09:19.067, 0, 79, 120.84, 100, 6999, 1303, 715, P0, 0x0000000000000000
2026/09/17 07:09:19.067, 1, 79, 125.20, 100, 7275, 1328, 715, P0, 0x0000000000000000
2026/09/17 07:09:20.087, 0, 79, 123.16, 100, 6999, 1328, 715, P0, 0x0000000000000000
2026/09/17 07:09:20.098, 1, 79, 125.19, 100, 7275, 1328, 715, P0, 0x0000000000000000
2026/09/17 07:09:21.115, 0, 79, 125.31, 100, 6999, 1328, 715, P0, 0x0000000000000000
2026/09/17 07:09:21.117, 1, 79, 125.19, 100, 7275, 1328, 715, P0, 0x0000000000000000
2026/09/17 07:09:22.127, 0, 79, 125.55, 100, 6999, 1328, 715, P0, 0x0000000000000000
2026/09/17 07:09:22.133, 1, 79, 124.95, 100, 7275, 1328, 715, P0, 0x0000000000000000
2026/09/17 07:09:23.142, 0, 79, 125.79, 100, 6999, 1328, 715, P0, 0x0000000000000000
2026/09/17 07:09:23.145, 1, 79, 124.95, 100, 7275, 1328, 715, P0, 0x0000000000000000
2026/09/17 07:09:24.163, 0, 79, 86.46, 100, 6999, 1328, 715, P0, 0x0000000000000000
2026/09/17 07:09:24.166, 1, 79, 159.55, 100, 7275, 1202, 715, P0, 0x0000000000000020
2026/09/17 07:09:25.181, 0, 79, 145.46, 100, 6999, 1101, 715, P0, 0x0000000000000020
2026/09/17 07:09:25.186, 1, 79, 163.48, 54, 7275, 1303, 715, P0, 0x0000000000000020
2026/09/17 07:09:26.194, 0, 79, 135.09, 100, 6999, 1139, 715, P0, 0x0000000000000020
2026/09/17 07:09:26.202, 1, 79, 106.93, 100, 7275, 1227, 715, P0, 0x0000000000000000
2026/09/17 07:09:27.211, 0, 79, 96.63, 100, 6999, 1189, 715, P0, 0x0000000000000000
2026/09/17 07:09:27.214, 1, 79, 117.02, 100, 7275, 1303, 715, P0, 0x0000000000000000
2026/09/17 07:09:28.225, 0, 79, 104.25, 100, 6999, 1215, 715, P0, 0x0000000000000000
2026/09/17 07:09:28.228, 1, 79, 122.20, 100, 7275, 1328, 715, P0, 0x0000000000000000
2026/09/17 07:09:29.245, 0, 79, 120.85, 100, 6999, 1303, 715, P0, 0x0000000000000000
2026/09/17 07:09:29.248, 1, 79, 120.72, 100, 7275, 1316, 715, P0, 0x0000000000000000
2026/09/17 07:09:30.257, 0, 79, 123.24, 100, 6999, 1316, 715, P0, 0x0000000000000000
2026/09/17 07:09:30.261, 1, 79, 123.10, 100, 7275, 1328, 715, P0, 0x0000000000000000
2026/09/17 07:09:31.272, 0, 79, 123.48, 100, 6999, 1316, 715, P0, 0x0000000000000000
2026/09/17 07:09:31.275, 1, 79, 124.72, 100, 7275, 1328, 715, P0, 0x0000000000000000
2026/09/17 07:09:32.291, 0, 79, 124.84, 100, 6999, 1328, 715, P0, 0x0000000000000000
2026/09/17 07:09:32.294, 1, 79, 124.95, 100, 7275, 1328, 715, P0, 0x0000000000000000
2026/09/17 07:09:33.309, 0, 79, 124.84, 100, 6999, 1328, 715, P0, 0x0000000000000000
2026/09/17 07:09:33.313, 1, 79, 124.71, 100, 7275, 1328, 715, P0, 0x0000000000000000
2026/09/17 07:09:34.326, 0, 79, 122.27, 100, 6999, 1316, 715, P0, 0x0000000000000020
2026/09/17 07:09:34.329, 1, 79, 120.94, 100, 7275, 1328, 715, P0, 0x0000000000000000
2026/09/17 07:09:35.340, 0, 79, 115.41, 100, 6999, 1316, 715, P0, 0x0000000000000020
2026/09/17 07:09:35.343, 1, 79, 167.58, 100, 7275, 1252, 715, P0, 0x0000000000000020
2026/09/17 07:09:36.356, 0, 79, 121.57, 100, 6999, 1177, 715, P0, 0x0000000000000000
2026/09/17 07:09:36.367, 1, 78, 147.73, 42, 7275, 1328, 715, P0, 0x0000000000000000
2026/09/17 07:09:37.384, 0, 79, 123.73, 100, 6999, 1126, 715, P0, 0x0000000000000000
2026/09/17 07:09:37.389, 1, 79, 143.58, 100, 7275, 1265, 715, P0, 0x0000000000000000
2026/09/17 07:09:38.394, 0, 79, 110.21, 100, 6999, 1164, 715, P0, 0x0000000000000000
2026/09/17 07:09:38.397, 1, 79, 112.52, 100, 7275, 1290, 715, P0, 0x0000000000000000
2026/09/17 07:09:39.409, 0, 79, 95.66, 100, 6999, 1189, 715, P0, 0x0000000000000000
2026/09/17 07:09:39.411, 1, 79, 120.62, 100, 7275, 1328, 715, P0, 0x0000000000000000
2026/09/17 07:09:40.422, 0, 79, 99.68, 100, 6999, 1189, 715, P0, 0x0000000000000000
2026/09/17 07:09:40.425, 1, 79, 121.56, 100, 7275, 1316, 715, P0, 0x0000000000000000
2026/09/17 07:09:41.438, 0, 79, 122.99, 100, 6999, 1316, 715, P0, 0x0000000000000000
2026/09/17 07:09:41.443, 1, 79, 122.87, 100, 7275, 1328, 715, P0, 0x0000000000000000
2026/09/17 07:09:42.452, 0, 79, 122.75, 100, 6999, 1316, 715, P0, 0x0000000000000000
2026/09/17 07:09:42.455, 1, 79, 123.34, 100, 7275, 1328, 715, P0, 0x0000000000000000
2026/09/17 07:09:43.466, 0, 79, 123.40, 100, 6999, 1316, 715, P0, 0x0000000000000000
2026/09/17 07:09:43.469, 1, 79, 124.95, 100, 7275, 1328, 715, P0, 0x0000000000000000
2026/09/17 07:09:44.477, 0, 79, 125.31, 100, 6999, 1328, 715, P0, 0x0000000000000000
2026/09/17 07:09:44.480, 1, 79, 124.71, 100, 7275, 1328, 715, P0, 0x0000000000000000
2026/09/17 07:09:45.490, 0, 79, 124.84, 100, 6999, 1328, 715, P0, 0x0000000000000000
2026/09/17 07:09:45.493, 1, 79, 124.95, 100, 7275, 1328, 715, P0, 0x0000000000000000
2026/09/17 07:09:46.503, 0, 79, 125.08, 100, 6999, 1328, 715, P0, 0x0000000000000000
2026/09/17 07:09:46.508, 1, 79, 124.95, 100, 7275, 1328, 715, P0, 0x0000000000000000
2026/09/17 07:09:47.516, 0, 79, 121.46, 100, 6999, 1316, 715, P0, 0x0000000000000020
2026/09/17 07:09:47.518, 1, 79, 82.70, 100, 7275, 1202, 715, P0, 0x0000000000000020
2026/09/17 07:09:48.530, 0, 79, 123.14, 100, 6999, 1328, 715, P0, 0x0000000000000000
2026/09/17 07:09:48.532, 1, 79, 86.97, 100, 7275, 1328, 715, P0, 0x0000000000000000
2026/09/17 07:09:49.543, 0, 79, 164.42, 100, 6999, 1240, 715, P0, 0x0000000000000020
2026/09/17 07:09:49.551, 1, 79, 132.63, 100, 7275, 1139, 715, P0, 0x0000000000000020
2026/09/17 07:09:50.556, 0, 79, 134.48, 100, 6999, 1151, 715, P0, 0x0000000000000000
2026/09/17 07:09:50.560, 1, 79, 143.10, 100, 7275, 1177, 715, P0, 0x0000000000000000
2026/09/17 07:09:51.575, 0, 79, 130.22, 97, 6999, 1088, 715, P0, 0x0000000000000000
2026/09/17 07:09:51.579, 1, 79, 147.45, 55, 7275, 1189, 715, P0, 0x0000000000000000
2026/09/17 07:09:52.590, 0, 79, 98.10, 100, 6999, 1189, 715, P0, 0x0000000000000000
2026/09/17 07:09:52.598, 1, 79, 99.44, 100, 7275, 1189, 715, P0, 0x0000000000000000
2026/09/17 07:09:53.604, 0, 79, 104.27, 100, 6999, 1227, 715, P0, 0x0000000000000000
2026/09/17 07:09:53.607, 1, 79, 115.80, 100, 7275, 1303, 715, P0, 0x0000000000000000
2026/09/17 07:09:54.619, 0, 79, 121.10, 100, 6999, 1316, 715, P0, 0x0000000000000000
2026/09/17 07:09:54.622, 1, 79, 118.80, 100, 7275, 1316, 715, P0, 0x0000000000000000
2026/09/17 07:09:55.632, 0, 79, 120.86, 100, 6999, 1316, 715, P0, 0x0000000000000000
2026/09/17 07:09:55.635, 1, 79, 118.80, 100, 7275, 1316, 715, P0, 0x0000000000000000
2026/09/17 07:09:56.647, 0, 79, 123.01, 100, 6999, 1328, 715, P0, 0x0000000000000000
2026/09/17 07:09:56.650, 1, 79, 121.19, 100, 7275, 1328, 715, P0, 0x0000000000000000
2026/09/17 07:09:57.661, 0, 79, 123.25, 100, 6999, 1328, 715, P0, 0x0000000000000000
2026/09/17 07:09:57.664, 1, 79, 122.39, 100, 7275, 1328, 715, P0, 0x0000000000000000
2026/09/17 07:09:58.679, 0, 79, 124.60, 100, 6999, 1328, 715, P0, 0x0000000000000000
2026/09/17 07:09:58.682, 1, 79, 124.71, 100, 7275, 1328, 715, P0, 0x0000000000000000
2026/09/17 07:09:59.693, 0, 79, 124.61, 100, 6999, 1328, 715, P0, 0x0000000000000000
2026/09/17 07:09:59.696, 1, 79, 124.24, 100, 7275, 1328, 715, P0, 0x0000000000000000
2026/09/17 07:10:00.708, 0, 79, 121.73, 100, 6999, 1316, 715, P0, 0x0000000000000020
2026/09/17 07:10:00.710, 1, 79, 124.96, 100, 7275, 1328, 715, P0, 0x0000000000000000
2026/09/17 07:10:01.720, 0, 79, 122.51, 100, 6999, 1316, 715, P0, 0x0000000000000020
2026/09/17 07:10:01.723, 1, 79, 124.48, 100, 7275, 1328, 715, P0, 0x0000000000000000
2026/09/17 07:10:02.735, 0, 79, 121.06, 100, 6999, 1316, 715, P0, 0x0000000000000000
2026/09/17 07:10:02.739, 1, 79, 80.53, 100, 7275, 1328, 715, P0, 0x0000000000000000
2026/09/17 07:10:03.755, 0, 79, 121.45, 100, 6999, 1316, 715, P0, 0x0000000000000020
2026/09/17 07:10:03.759, 1, 79, 88.37, 100, 7275, 1328, 715, P0, 0x0000000000000000
2026/09/17 07:10:04.770, 0, 79, 84.99, 100, 6999, 1328, 715, P0, 0x0000000000000000
2026/09/17 07:10:04.773, 1, 79, 156.33, 100, 7275, 1265, 715, P0, 0x0000000000000020
2026/09/17 07:10:05.786, 0, 79, 150.23, 100, 6999, 1139, 715, P0, 0x0000000000000020
2026/09/17 07:10:05.789, 1, 79, 155.79, 100, 7275, 1290, 715, P0, 0x0000000000000020
2026/09/17 07:10:06.797, 0, 79, 150.44, 97, 6999, 1088, 715, P0, 0x0000000000000020
2026/09/17 07:10:06.809, 1, 79, 162.45, 18, 7275, 1252, 715, P0, 0x0000000000000020
2026/09/17 07:10:07.824, 0, 79, 132.50, 100, 6999, 1151, 715, P0, 0x0000000000000000
2026/09/17 07:10:07.829, 1, 79, 117.31, 100, 7275, 1265, 715, P0, 0x0000000000000000
2026/09/17 07:10:08.841, 0, 79, 108.78, 100, 6999, 1189, 715, P0, 0x0000000000000000
2026/09/17 07:10:08.847, 1, 79, 109.69, 100, 7275, 1252, 715, P0, 0x0000000000000000
2026/09/17 07:10:09.853, 0, 79, 95.90, 100, 6999, 1189, 715, P0, 0x0000000000000000
2026/09/17 07:10:09.857, 1, 79, 119.42, 100, 7275, 1316, 715, P0, 0x0000000000000000
2026/09/17 07:10:10.867, 0, 79, 95.68, 100, 6999, 1189, 715, P0, 0x0000000000000000
2026/09/17 07:10:10.870, 1, 79, 114.69, 93, 7275, 1290, 715, P0, 0x0000000000000000
2026/09/17 07:10:11.880, 0, 79, 112.29, 100, 6999, 1278, 715, P0, 0x0000000000000000
2026/09/17 07:10:11.885, 1, 79, 122.89, 100, 7275, 1316, 715, P0, 0x0000000000000000
2026/09/17 07:10:12.898, 0, 79, 121.80, 100, 6999, 1316, 715, P0, 0x0000000000000000
2026/09/17 07:10:12.902, 1, 79, 122.63, 100, 7275, 1328, 715, P0, 0x0000000000000000
2026/09/17 07:10:13.920, 0, 79, 122.93, 100, 6999, 1316, 715, P0, 0x0000000000000000
2026/09/17 07:10:13.922, 1, 79, 123.28, 100, 7275, 1328, 715, P0, 0x0000000000000000
2026/09/17 07:10:14.934, 0, 79, 122.76, 100, 6999, 1316, 715, P0, 0x0000000000000000
2026/09/17 07:10:14.937, 1, 79, 122.63, 100, 7275, 1328, 715, P0, 0x0000000000000000
2026/09/17 07:10:15.952, 0, 79, 124.85, 100, 6999, 1328, 715, P0, 0x0000000000000000
2026/09/17 07:10:15.955, 1, 79, 123.10, 100, 7275, 1328, 715, P0, 0x0000000000000000
2026/09/17 07:10:16.968, 0, 79, 125.55, 100, 6999, 1328, 715, P0, 0x0000000000000000
2026/09/17 07:10:16.971, 1, 79, 124.71, 100, 7275, 1328, 715, P0, 0x0000000000000000
2026/09/17 07:10:17.978, 0, 79, 124.84, 100, 6999, 1328, 715, P0, 0x0000000000000000
2026/09/17 07:10:17.980, 1, 79, 124.95, 100, 7275, 1328, 715, P0, 0x0000000000000000
2026/09/17 07:10:18.991, 0, 79, 125.31, 100, 6999, 1328, 715, P0, 0x0000000000000000
2026/09/17 07:10:18.994, 1, 79, 124.23, 100, 7275, 1328, 715, P0, 0x0000000000000000
2026/09/17 07:10:20.008, 0, 79, 124.84, 100, 6999, 1328, 715, P0, 0x0000000000000000
2026/09/17 07:10:20.011, 1, 79, 125.42, 100, 7275, 1328, 715, P0, 0x0000000000000000
2026/09/17 07:10:21.024, 0, 79, 125.79, 100, 6999, 1328, 715, P0, 0x0000000000000000
2026/09/17 07:10:21.027, 1, 79, 124.71, 100, 7275, 1328, 715, P0, 0x0000000000000000
2026/09/17 07:10:22.046, 0, 79, 121.55, 100, 6999, 1316, 715, P0, 0x0000000000000000
2026/09/17 07:10:22.049, 1, 79, 139.59, 100, 7275, 1328, 715, P0, 0x0000000000000000
2026/09/17 07:10:23.063, 0, 79, 121.56, 100, 6999, 1316, 715, P0, 0x0000000000000000
2026/09/17 07:10:23.066, 1, 79, 124.48, 100, 7275, 1328, 715, P0, 0x0000000000000000
2026/09/17 07:10:24.080, 0, 79, 123.49, 100, 6999, 1328, 715, P0, 0x0000000000000000
2026/09/17 07:10:24.083, 1, 79, 159.01, 100, 7275, 1328, 715, P0, 0x0000000000000000
2026/09/17 07:10:25.095, 0, 79, 87.64, 100, 6999, 1316, 715, P0, 0x0000000000000020
2026/09/17 07:10:25.098, 1, 79, 158.40, 100, 7275, 1303, 715, P0, 0x0000000000000000
2026/09/17 07:10:26.109, 0, 79, 156.14, 100, 6999, 1215, 715, P0, 0x0000000000000020
2026/09/17 07:10:26.111, 1, 78, 58.38, 100, 7275, 1328, 715, P0, 0x0000000000000000
2026/09/17 07:10:27.121, 0, 79, 118.19, 100, 6999, 1303, 715, P0, 0x0000000000000000
2026/09/17 07:10:27.125, 1, 79, 179.95, 100, 7275, 1328, 715, P0, 0x0000000000000000
2026/09/17 07:10:28.136, 0, 77, 55.30, 0, 6999, 1328, 715, P0, 0x0000000000000000
2026/09/17 07:10:28.139, 1, 79, 170.41, 100, 7275, 1316, 715, P0, 0x0000000000000020
2026/09/17 07:10:29.154, 0, 76, 54.43, 0, 6999, 1328, 715, P0, 0x0000000000000000
2026/09/17 07:10:29.157, 1, 79, 127.25, 100, 7275, 1328, 715, P0, 0x0000000000000000
2026/09/17 07:10:30.168, 0, 76, 54.19, 0, 6999, 1328, 715, P0, 0x0000000000000000
2026/09/17 07:10:30.170, 1, 79, 127.00, 100, 7275, 1328, 715, P0, 0x0000000000000000
2026/09/17 07:10:31.181, 0, 75, 46.49, 0, 6999, 1189, 715, P0, 0x0000000000000000
2026/09/17 07:10:31.184, 1, 79, 127.03, 100, 7275, 1328, 715, P0, 0x0000000000000000
2026/09/17 07:10:32.193, 0, 78, 127.05, 100, 6999, 1328, 715, P0, 0x0000000000000000
2026/09/17 07:10:32.196, 1, 77, 57.24, 0, 7275, 1328, 715, P0, 0x0000000000000000
2026/09/17 07:10:33.203, 0, 78, 89.44, 100, 6999, 1328, 715, P0, 0x0000000000000000
2026/09/17 07:10:33.206, 1, 76, 56.62, 0, 7275, 1328, 715, P0, 0x0000000000000000
2026/09/17 07:10:34.214, 0, 79, 185.28, 100, 6999, 1328, 715, P0, 0x0000000000000000
2026/09/17 07:10:34.218, 1, 76, 48.20, 0, 7275, 1189, 715, P0, 0x0000000000000000
2026/09/17 07:10:35.227, 0, 78, 58.50, 63, 6999, 1328, 715, P0, 0x0000000000000000
2026/09/17 07:10:35.230, 1, 76, 133.32, 4, 7275, 1189, 715, P0, 0x0000000000000000
2026/09/17 07:10:36.243, 0, 76, 55.30, 0, 6999, 1328, 715, P0, 0x0000000000000000
2026/09/17 07:10:36.246, 1, 78, 152.94, 100, 7275, 1328, 715, P0, 0x0000000000000000
2026/09/17 07:10:37.254, 0, 75, 54.91, 0, 6999, 1328, 715, P0, 0x0000000000000000
2026/09/17 07:10:37.259, 1, 78, 126.04, 100, 7275, 1328, 715, P0, 0x0000000000000000
2026/09/17 07:10:38.265, 0, 75, 54.67, 0, 6999, 1328, 715, P0, 0x0000000000000000
2026/09/17 07:10:38.268, 1, 78, 126.04, 100, 7275, 1328, 715, P0, 0x0000000000000000
2026/09/17 07:10:39.277, 0, 76, 154.68, 41, 6999, 1328, 715, P0, 0x0000000000000000
2026/09/17 07:10:39.279, 1, 78, 86.35, 44, 7275, 1328, 715, P0, 0x0000000000000000
2026/09/17 07:10:40.286, 0, 77, 112.80, 48, 6999, 1328, 715, P0, 0x0000000000000000
2026/09/17 07:10:40.290, 1, 78, 125.45, 44, 7275, 1328, 715, P0, 0x0000000000000000
2026/09/17 07:10:41.297, 0, 77, 82.65, 47, 6999, 1328, 715, P0, 0x0000000000000000
2026/09/17 07:10:41.300, 1, 77, 147.85, 45, 7275, 1328, 715, P0, 0x0000000000000000
2026/09/17 07:10:42.309, 0, 77, 102.70, 46, 6999, 1328, 715, P0, 0x0000000000000000
2026/09/17 07:10:42.311, 1, 78, 103.60, 46, 7275, 1328, 715, P0, 0x0000000000000000
2026/09/17 07:10:43.333, 0, 77, 131.82, 44, 6999, 1328, 715, P0, 0x0000000000000000
2026/09/17 07:10:43.337, 1, 78, 115.27, 47, 7275, 1328, 715, P0, 0x0000000000000000
2026/09/17 07:10:44.346, 0, 77, 88.63, 43, 6999, 1328, 715, P0, 0x0000000000000000
2026/09/17 07:10:44.349, 1, 77, 144.34, 49, 7275, 1328, 715, P0, 0x0000000000000000
2026/09/17 07:10:45.360, 0, 77, 103.60, 42, 6999, 1328, 715, P0, 0x0000000000000000
2026/09/17 07:10:45.363, 1, 78, 106.90, 53, 7275, 1328, 715, P0, 0x0000000000000000
2026/09/17 07:10:46.373, 0, 75, 56.48, 0, 6999, 1328, 715, P0, 0x0000000000000000
2026/09/17 07:10:46.376, 1, 76, 57.42, 0, 7275, 1328, 715, P0, 0x0000000000000000
2026/09/17 07:10:47.387, 0, 78, 134.48, 100, 6999, 1328, 715, P0, 0x0000000000000000
2026/09/17 07:10:47.390, 1, 75, 56.98, 0, 7275, 1328, 715, P0, 0x0000000000000000
2026/09/17 07:10:48.399, 0, 78, 134.73, 100, 6999, 1328, 715, P0, 0x0000000000000000
2026/09/17 07:10:48.402, 1, 75, 56.50, 0, 7275, 1328, 715, P0, 0x0000000000000000
2026/09/17 07:10:49.413, 0, 78, 102.36, 100, 6999, 1328, 715, P0, 0x0000000000000000
2026/09/17 07:10:49.416, 1, 74, 56.61, 0, 7275, 1328, 715, P0, 0x0000000000000000
2026/09/17 07:10:50.422, 0, 78, 172.11, 100, 6999, 1328, 715, P0, 0x0000000000000000
2026/09/17 07:10:50.425, 1, 74, 56.33, 0, 7275, 1328, 715, P0, 0x0000000000000000
2026/09/17 07:10:51.435, 0, 79, 180.20, 100, 6999, 1328, 715, P0, 0x0000000000000000
2026/09/17 07:10:51.438, 1, 77, 189.76, 100, 7275, 1328, 715, P0, 0x0000000000000000
2026/09/17 07:10:52.450, 0, 79, 197.72, 100, 6999, 1328, 715, P0, 0x0000000000000000
2026/09/17 07:10:52.453, 1, 77, 186.96, 100, 7275, 1328, 715, P0, 0x0000000000000000
2026/09/17 07:10:53.461, 0, 79, 153.81, 100, 6999, 1328, 715, P0, 0x0000000000000000
2026/09/17 07:10:53.463, 1, 77, 129.51, 100, 7275, 1328, 715, P0, 0x0000000000000000
2026/09/17 07:10:54.475, 0, 79, 138.80, 97, 6999, 1328, 715, P0, 0x0000000000000000
2026/09/17 07:10:54.478, 1, 77, 128.43, 71, 7275, 1328, 715, P0, 0x0000000000000000
2026/09/17 07:10:55.491, 0, 79, 136.41, 100, 6999, 1328, 715, P0, 0x0000000000000000
2026/09/17 07:10:55.497, 1, 78, 128.90, 100, 7275, 1328, 715, P0, 0x0000000000000000
2026/09/17 07:10:56.504, 0, 79, 136.16, 100, 6999, 1328, 715, P0, 0x0000000000000000
2026/09/17 07:10:56.507, 1, 78, 129.14, 100, 7275, 1328, 715, P0, 0x0000000000000000
2026/09/17 07:10:57.523, 0, 79, 122.92, 100, 6999, 1328, 715, P0, 0x0000000000000000
2026/09/17 07:10:57.527, 1, 78, 129.02, 100, 7275, 1328, 715, P0, 0x0000000000000000
2026/09/17 07:10:58.538, 0, 79, 122.99, 100, 6999, 1328, 715, P0, 0x0000000000000000
2026/09/17 07:10:58.541, 1, 78, 128.78, 100, 7275, 1328, 715, P0, 0x0000000000000000
2026/09/17 07:10:59.547, 0, 79, 122.68, 100, 6999, 1328, 715, P0, 0x0000000000000000
2026/09/17 07:10:59.550, 1, 78, 129.02, 100, 7275, 1328, 715, P0, 0x0000000000000000
2026/09/17 07:11:00.559, 0, 79, 123.46, 100, 6999, 1328, 715, P0, 0x0000000000000000
2026/09/17 07:11:00.562, 1, 78, 129.24, 100, 7275, 1328, 715, P0, 0x0000000000000000
2026/09/17 07:11:01.576, 0, 79, 126.99, 100, 6999, 1328, 715, P0, 0x0000000000000000
2026/09/17 07:11:01.579, 1, 78, 129.18, 100, 7275, 1328, 715, P0, 0x0000000000000000
2026/09/17 07:11:02.591, 0, 79, 127.22, 100, 6999, 1328, 715, P0, 0x0000000000000000
2026/09/17 07:11:02.594, 1, 78, 128.69, 100, 7275, 1328, 715, P0, 0x0000000000000000
2026/09/17 07:11:03.607, 0, 79, 126.50, 100, 6999, 1328, 715, P0, 0x0000000000000000
2026/09/17 07:11:03.610, 1, 78, 128.94, 100, 7275, 1328, 715, P0, 0x0000000000000000
2026/09/17 07:11:04.624, 0, 79, 127.47, 100, 6999, 1328, 715, P0, 0x0000000000000000
2026/09/17 07:11:04.628, 1, 78, 129.42, 100, 7275, 1328, 715, P0, 0x0000000000000000
2026/09/17 07:11:05.637, 0, 79, 128.66, 100, 6999, 1328, 715, P0, 0x0000000000000000
2026/09/17 07:11:05.640, 1, 78, 129.18, 100, 7275, 1328, 715, P0, 0x0000000000000000
2026/09/17 07:11:06.653, 0, 79, 128.90, 100, 6999, 1328, 715, P0, 0x0000000000000000
2026/09/17 07:11:06.656, 1, 78, 128.92, 100, 7275, 1328, 715, P0, 0x0000000000000000
2026/09/17 07:11:07.664, 0, 79, 128.43, 100, 6999, 1328, 715, P0, 0x0000000000000000
2026/09/17 07:11:07.668, 1, 78, 129.18, 100, 7275, 1328, 715, P0, 0x0000000000000000
2026/09/17 07:11:08.681, 0, 79, 128.43, 100, 6999, 1328, 715, P0, 0x0000000000000000
2026/09/17 07:11:08.687, 1, 78, 129.18, 100, 7275, 1328, 715, P0, 0x0000000000000000
2026/09/17 07:11:09.699, 0, 79, 128.46, 100, 6999, 1328, 715, P0, 0x0000000000000000
2026/09/17 07:11:09.702, 1, 78, 167.13, 100, 7275, 1328, 715, P0, 0x0000000000000000
2026/09/17 07:11:10.716, 0, 79, 128.35, 100, 6999, 1328, 715, P0, 0x0000000000000000
2026/09/17 07:11:10.719, 1, 78, 82.16, 100, 7275, 1328, 715, P0, 0x0000000000000000
2026/09/17 07:11:11.734, 0, 79, 100.26, 100, 6999, 1328, 715, P0, 0x0000000000000000
2026/09/17 07:11:11.737, 1, 78, 186.26, 100, 7275, 1328, 715, P0, 0x0000000000000000
2026/09/17 07:11:12.749, 0, 79, 184.46, 100, 6999, 1278, 715, P0, 0x0000000000000020
2026/09/17 07:11:12.757, 1, 79, 180.80, 100, 7275, 1328, 715, P0, 0x0000000000000000
2026/09/17 07:11:13.764, 0, 79, 167.97, 100, 6999, 1278, 715, P0, 0x0000000000000020
2026/09/17 07:11:13.767, 1, 78, 160.75, 100, 7275, 1328, 715, P0, 0x0000000000000000
2026/09/17 07:11:14.782, 0, 79, 161.94, 100, 6999, 1278, 715, P0, 0x0000000000000000
2026/09/17 07:11:14.786, 1, 79, 179.90, 100, 7275, 1328, 715, P0, 0x0000000000000000
2026/09/17 07:11:15.795, 0, 79, 169.41, 100, 6999, 1278, 715, P0, 0x0000000000000020
2026/09/17 07:11:15.797, 1, 79, 144.22, 100, 7275, 1328, 715, P0, 0x0000000000000000
2026/09/17 07:11:16.809, 0, 80, 145.71, 100, 6999, 1278, 715, P0, 0x0000000000000000
2026/09/17 07:11:16.815, 1, 79, 130.56, 100, 7275, 1328, 715, P0, 0x0000000000000000
2026/09/17 07:11:17.822, 0, 79, 132.30, 97, 6999, 1075, 715, P0, 0x0000000000000000
2026/09/17 07:11:17.825, 1, 79, 136.02, 77, 7275, 1328, 715, P0, 0x0000000000000000
2026/09/17 07:11:18.837, 0, 79, 138.44, 100, 6999, 1164, 715, P0, 0x0000000000000000
2026/09/17 07:11:18.840, 1, 79, 130.34, 100, 7275, 1328, 715, P0, 0x0000000000000000
2026/09/17 07:11:19.856, 0, 79, 117.24, 100, 6999, 1177, 715, P0, 0x0000000000000000
2026/09/17 07:11:19.862, 1, 79, 130.00, 100, 7275, 1328, 715, P0, 0x0000000000000000
2026/09/17 07:11:20.875, 0, 79, 102.01, 100, 6999, 1189, 715, P0, 0x0000000000000000
2026/09/17 07:11:20.879, 1, 79, 130.28, 100, 7275, 1328, 715, P0, 0x0000000000000000
2026/09/17 07:11:21.892, 0, 79, 115.16, 97, 6999, 1113, 715, P0, 0x0000000000000000
2026/09/17 07:11:21.903, 1, 79, 130.04, 51, 7275, 1328, 715, P0, 0x0000000000000000
2026/09/17 07:11:22.909, 0, 79, 102.98, 100, 6999, 1139, 715, P0, 0x0000000000000020
2026/09/17 07:11:22.912, 1, 79, 130.04, 100, 7275, 1328, 715, P0, 0x0000000000000000
2026/09/17 07:11:23.921, 0, 79, 99.43, 100, 6999, 1189, 715, P0, 0x0000000000000000
2026/09/17 07:11:23.926, 1, 79, 130.35, 100, 7275, 1328, 715, P0, 0x0000000000000000
2026/09/17 07:11:24.938, 0, 79, 96.79, 100, 6999, 1189, 715, P0, 0x0000000000000000
2026/09/17 07:11:24.944, 1, 79, 130.35, 100, 7275, 1328, 715, P0, 0x0000000000000000
2026/09/17 07:11:25.953, 0, 79, 104.42, 97, 6999, 1151, 715, P0, 0x0000000000000000
2026/09/17 07:11:25.956, 1, 79, 129.80, 30, 7275, 1328, 715, P0, 0x0000000000000000
2026/09/17 07:11:26.981, 0, 79, 96.54, 100, 6999, 1189, 715, P0, 0x0000000000000000
2026/09/17 07:11:26.987, 1, 79, 130.35, 100, 7275, 1328, 715, P0, 0x0000000000000000
2026/09/17 07:11:27.993, 0, 79, 96.54, 100, 6999, 1189, 715, P0, 0x0000000000000000
2026/09/17 07:11:27.996, 1, 79, 130.36, 100, 7275, 1328, 715, P0, 0x0000000000000000
2026/09/17 07:11:29.006, 0, 79, 95.82, 100, 6999, 1189, 715, P0, 0x0000000000000000
2026/09/17 07:11:29.008, 1, 79, 130.52, 100, 7275, 1328, 715, P0, 0x0000000000000000
2026/09/17 07:11:30.018, 0, 79, 95.83, 97, 6999, 1189, 715, P0, 0x0000000000000000
2026/09/17 07:11:30.021, 1, 79, 129.58, 100, 7275, 1328, 715, P0, 0x0000000000000000
2026/09/17 07:11:31.029, 0, 79, 96.79, 100, 6999, 1189, 715, P0, 0x0000000000000000
2026/09/17 07:11:31.032, 1, 79, 130.60, 100, 7275, 1328, 715, P0, 0x0000000000000000
2026/09/17 07:11:32.043, 0, 79, 96.06, 100, 6999, 1189, 715, P0, 0x0000000000000000
2026/09/17 07:11:32.050, 1, 79, 130.59, 100, 7275, 1328, 715, P0, 0x0000000000000000
2026/09/17 07:11:33.057, 0, 79, 95.19, 100, 6999, 1189, 715, P0, 0x0000000000000000
2026/09/17 07:11:33.060, 1, 79, 119.18, 100, 7275, 1328, 715, P0, 0x0000000000000000
2026/09/17 07:11:34.067, 0, 79, 95.89, 97, 6999, 1189, 715, P0, 0x0000000000000000
2026/09/17 07:11:34.073, 1, 79, 126.28, 93, 7275, 1328, 715, P0, 0x0000000000000000
2026/09/17 07:11:35.079, 0, 79, 97.11, 100, 6999, 1189, 715, P0, 0x0000000000000000
2026/09/17 07:11:35.082, 1, 79, 118.52, 100, 7275, 1316, 715, P0, 0x0000000000000000
2026/09/17 07:11:36.094, 0, 79, 96.14, 100, 6999, 1278, 715, P0, 0x0000000000000020
2026/09/17 07:11:36.100, 1, 79, 119.16, 100, 7275, 1328, 715, P0, 0x0000000000000000
2026/09/17 07:11:37.105, 0, 79, 100.65, 100, 6999, 1278, 715, P0, 0x0000000000000020
2026/09/17 07:11:37.108, 1, 79, 119.16, 100, 7275, 1328, 715, P0, 0x0000000000000000
2026/09/17 07:11:38.119, 0, 79, 97.04, 100, 6999, 1189, 715, P0, 0x0000000000000000
2026/09/17 07:11:38.121, 1, 79, 126.28, 62, 7275, 1328, 715, P0, 0x0000000000000000
2026/09/17 07:11:39.134, 0, 79, 98.72, 100, 6999, 1189, 715, P0, 0x0000000000000000
2026/09/17 07:11:39.137, 1, 79, 126.76, 100, 7275, 1328, 715, P0, 0x0000000000000000
2026/09/17 07:11:40.150, 0, 79, 97.76, 100, 6999, 1189, 715, P0, 0x0000000000000000
2026/09/17 07:11:40.155, 1, 79, 126.76, 100, 7275, 1328, 715, P0, 0x0000000000000000
2026/09/17 07:11:41.161, 0, 79, 98.25, 100, 6999, 1189, 715, P0, 0x0000000000000000
2026/09/17 07:11:41.164, 1, 79, 122.76, 100, 7275, 1328, 715, P0, 0x0000000000000000
2026/09/17 07:11:42.174, 0, 79, 133.86, 97, 6999, 1113, 715, P0, 0x0000000000000020
2026/09/17 07:11:42.183, 1, 79, 127.34, 25, 7275, 1328, 715, P0, 0x0000000000000000
2026/09/17 07:11:43.189, 0, 79, 136.65, 100, 6999, 1177, 715, P0, 0x0000000000000000
2026/09/17 07:11:43.192, 1, 79, 127.00, 100, 7275, 1328, 715, P0, 0x0000000000000000
2026/09/17 07:11:44.206, 0, 79, 126.74, 100, 6999, 1164, 715, P0, 0x0000000000000020
2026/09/17 07:11:44.209, 1, 79, 126.89, 100, 7275, 1328, 715, P0, 0x0000000000000000
2026/09/17 07:11:45.222, 0, 79, 118.62, 100, 6999, 1189, 715, P0, 0x0000000000000000
2026/09/17 07:11:45.228, 1, 79, 111.54, 100, 7275, 1290, 715, P0, 0x0000000000000020
2026/09/17 07:11:46.239, 0, 79, 132.76, 97, 6999, 1113, 715, P0, 0x0000000000000000
2026/09/17 07:11:46.249, 1, 78, 101.65, 81, 7275, 1164, 715, P0, 0x0000000000000000
2026/09/17 07:11:47.254, 0, 79, 135.07, 100, 6999, 1151, 715, P0, 0x0000000000000020
2026/09/17 07:11:47.260, 1, 79, 113.85, 100, 7275, 1189, 715, P0, 0x0000000000000000
2026/09/17 07:11:48.268, 0, 79, 143.59, 100, 6999, 1139, 715, P0, 0x0000000000000020
2026/09/17 07:11:48.271, 1, 79, 117.60, 100, 7275, 1189, 715, P0, 0x0000000000000020
2026/09/17 07:11:49.282, 0, 79, 137.73, 100, 6999, 1139, 715, P0, 0x0000000000000020
2026/09/17 07:11:49.290, 1, 79, 109.25, 100, 7275, 1215, 715, P0, 0x0000000000000000
2026/09/17 07:11:50.294, 0, 79, 135.50, 100, 6999, 1101, 715, P0, 0x0000000000000020
2026/09/17 07:11:50.297, 1, 79, 167.83, 51, 7275, 1252, 715, P0, 0x0000000000000020
2026/09/17 07:11:51.322, 0, 79, 131.55, 100, 6999, 1139, 715, P0, 0x0000000000000000
2026/09/17 07:11:51.333, 1, 79, 159.98, 100, 7275, 1265, 715, P0, 0x0000000000000000
2026/09/17 07:11:52.339, 0, 79, 142.49, 100, 6999, 1151, 715, P0, 0x0000000000000000
2026/09/17 07:11:52.343, 1, 79, 134.30, 100, 7275, 1290, 715, P0, 0x0000000000000000
2026/09/17 07:11:53.355, 0, 79, 140.00, 100, 6999, 1139, 715, P0, 0x0000000000000020
2026/09/17 07:11:53.358, 1, 79, 120.15, 100, 7275, 1303, 715, P0, 0x0000000000000000
2026/09/17 07:11:54.377, 0, 79, 147.97, 97, 6999, 1101, 715, P0, 0x0000000000000020
2026/09/17 07:11:54.381, 1, 78, 175.45, 52, 7275, 1328, 715, P0, 0x0000000000000000
2026/09/17 07:11:55.392, 0, 79, 140.34, 100, 6999, 1139, 715, P0, 0x0000000000000020
2026/09/17 07:11:55.397, 1, 79, 166.91, 100, 7275, 1290, 715, P0, 0x0000000000000000
2026/09/17 07:11:56.407, 0, 79, 145.83, 100, 6999, 1202, 715, P0, 0x0000000000000020
2026/09/17 07:11:56.409, 1, 79, 156.61, 100, 7275, 1290, 715, P0, 0x0000000000000000
2026/09/17 07:11:57.418, 0, 79, 164.18, 100, 6999, 1202, 715, P0, 0x0000000000000020
2026/09/17 07:11:57.421, 1, 79, 178.35, 100, 7275, 1316, 715, P0, 0x0000000000000000
2026/09/17 07:11:58.438, 0, 79, 165.14, 100, 6999, 1177, 715, P0, 0x0000000000000020
2026/09/17 07:11:58.442, 1, 78, 58.41, 11, 7275, 1328, 715, P0, 0x0000000000000000
2026/09/17 07:11:59.447, 0, 79, 80.64, 100, 6999, 1328, 715, P0, 0x0000000000000000
2026/09/17 07:11:59.450, 1, 79, 169.98, 100, 7275, 1328, 715, P0, 0x0000000000000000
2026/09/17 07:12:00.460, 0, 79, 81.62, 100, 6999, 1328, 715, P0, 0x0000000000000000
2026/09/17 07:12:00.463, 1, 79, 176.46, 100, 7275, 1316, 715, P0, 0x0000000000000020
2026/09/17 07:12:01.473, 0, 79, 89.02, 100, 6999, 1328, 715, P0, 0x0000000000000000
2026/09/17 07:12:01.476, 1, 79, 166.86, 100, 7275, 1316, 715, P0, 0x0000000000000020
2026/09/17 07:12:02.489, 0, 79, 92.53, 100, 6999, 1328, 715, P0, 0x0000000000000000
2026/09/17 07:12:02.491, 1, 78, 59.29, 85, 7275, 1328, 715, P0, 0x0000000000000000
2026/09/17 07:12:03.506, 0, 79, 129.79, 100, 6999, 1328, 715, P0, 0x0000000000000000
2026/09/17 07:12:03.509, 1, 79, 83.12, 100, 7275, 1328, 715, P0, 0x0000000000000000
2026/09/17 07:12:04.524, 0, 79, 129.11, 100, 6999, 1328, 715, P0, 0x0000000000000000
2026/09/17 07:12:04.527, 1, 79, 123.09, 100, 7275, 1328, 715, P0, 0x0000000000000000
2026/09/17 07:12:05.537, 0, 79, 128.43, 100, 6999, 1328, 715, P0, 0x0000000000000000
2026/09/17 07:12:05.540, 1, 79, 168.20, 100, 7275, 1328, 715, P0, 0x0000000000000000
2026/09/17 07:12:06.552, 0, 79, 129.04, 100, 6999, 1328, 715, P0, 0x0000000000000000
2026/09/17 07:12:06.555, 1, 79, 86.70, 100, 7275, 1328, 715, P0, 0x0000000000000000
2026/09/17 07:12:07.562, 0, 79, 128.43, 100, 6999, 1328, 715, P0, 0x0000000000000000
2026/09/17 07:12:07.565, 1, 79, 126.36, 100, 7275, 1328, 715, P0, 0x0000000000000000
2026/09/17 07:12:08.572, 0, 79, 129.38, 100, 6999, 1328, 715, P0, 0x0000000000000000
2026/09/17 07:12:08.575, 1, 79, 126.60, 100, 7275, 1328, 715, P0, 0x0000000000000000
2026/09/17 07:12:09.585, 0, 80, 128.67, 100, 6999, 1328, 715, P0, 0x0000000000000000
2026/09/17 07:12:09.588, 1, 79, 126.84, 100, 7275, 1328, 715, P0, 0x0000000000000000
2026/09/17 07:12:10.600, 0, 79, 117.07, 100, 6999, 1278, 715, P0, 0x0000000000000020
2026/09/17 07:12:10.603, 1, 79, 126.64, 100, 7275, 1328, 715, P0, 0x0000000000000000
2026/09/17 07:12:11.611, 0, 79, 115.32, 100, 6999, 1290, 715, P0, 0x0000000000000000
2026/09/17 07:12:11.616, 1, 79, 126.64, 100, 7275, 1328, 715, P0, 0x0000000000000000
2026/09/17 07:12:12.620, 0, 79, 116.35, 100, 6999, 1278, 715, P0, 0x0000000000000020
2026/09/17 07:12:12.623, 1, 79, 126.96, 100, 7275, 1328, 715, P0, 0x0000000000000000
2026/09/17 07:12:13.639, 0, 79, 121.24, 100, 6999, 1303, 715, P0, 0x0000000000000020
2026/09/17 07:12:13.642, 1, 79, 127.09, 100, 7275, 1328, 715, P0, 0x0000000000000000
2026/09/17 07:12:14.653, 0, 79, 122.68, 100, 6999, 1328, 715, P0, 0x0000000000000000
2026/09/17 07:12:14.656, 1, 79, 126.85, 100, 7275, 1328, 715, P0, 0x0000000000000000
2026/09/17 07:12:15.664, 0, 79, 122.99, 100, 6999, 1328, 715, P0, 0x0000000000000000
2026/09/17 07:12:15.667, 1, 79, 122.39, 100, 7275, 1328, 715, P0, 0x0000000000000000
2026/09/17 07:12:16.679, 0, 79, 123.24, 100, 6999, 1328, 715, P0, 0x0000000000000000
2026/09/17 07:12:16.682, 1, 79, 123.52, 100, 7275, 1328, 715, P0, 0x0000000000000000
2026/09/17 07:12:17.692, 0, 79, 122.99, 100, 6999, 1328, 715, P0, 0x0000000000000000
2026/09/17 07:12:17.698, 1, 79, 124.24, 100, 7275, 1328, 715, P0, 0x0000000000000000
2026/09/17 07:12:18.707, 0, 79, 122.28, 100, 6999, 1316, 715, P0, 0x0000000000000000
2026/09/17 07:12:18.710, 1, 79, 124.72, 100, 7275, 1328, 715, P0, 0x0000000000000000
2026/09/17 07:12:19.722, 0, 79, 123.01, 100, 6999, 1316, 715, P0, 0x0000000000000000
2026/09/17 07:12:19.725, 1, 79, 119.04, 100, 7275, 1328, 715, P0, 0x0000000000000000
2026/09/17 07:12:20.736, 0, 79, 120.14, 100, 6999, 1290, 715, P0, 0x0000000000000000
2026/09/17 07:12:20.739, 1, 79, 119.04, 100, 7275, 1328, 715, P0, 0x0000000000000000
2026/09/17 07:12:21.751, 0, 79, 105.21, 100, 6999, 1215, 715, P0, 0x0000000000000000
2026/09/17 07:12:21.753, 1, 79, 119.63, 100, 7275, 1328, 715, P0, 0x0000000000000000
2026/09/17 07:12:22.762, 0, 79, 100.89, 100, 6999, 1189, 715, P0, 0x0000000000000000
2026/09/17 07:12:22.766, 1, 79, 119.64, 100, 7275, 1328, 715, P0, 0x0000000000000000
2026/09/17 07:12:23.782, 0, 79, 95.89, 100, 6999, 1303, 715, P0, 0x0000000000000020
2026/09/17 07:12:23.787, 1, 79, 121.56, 84, 7275, 1316, 715, P0, 0x0000000000000000
2026/09/17 07:12:24.797, 0, 79, 105.22, 100, 6999, 1265, 715, P0, 0x0000000000000000
2026/09/17 07:12:24.802, 1, 79, 116.75, 100, 7275, 1290, 715, P0, 0x0000000000000000
2026/09/17 07:12:25.814, 0, 79, 99.99, 100, 6999, 1189, 715, P0, 0x0000000000000000
2026/09/17 07:12:25.817, 1, 79, 116.83, 100, 7275, 1290, 715, P0, 0x0000000000000000
2026/09/17 07:12:26.823, 0, 79, 140.49, 100, 6999, 1139, 715, P0, 0x0000000000000020
2026/09/17 07:12:26.828, 1, 79, 116.39, 100, 7275, 1290, 715, P0, 0x0000000000000000
2026/09/17 07:12:27.838, 0, 79, 134.73, 97, 6999, 1088, 715, P0, 0x0000000000000020
2026/09/17 07:12:27.848, 1, 79, 164.55, 43, 7275, 1278, 715, P0, 0x0000000000000000
2026/09/17 07:12:28.869, 0, 79, 135.21, 100, 6999, 1151, 715, P0, 0x0000000000000000
2026/09/17 07:12:28.872, 1, 79, 164.62, 100, 7275, 1316, 715, P0, 0x0000000000000020
2026/09/17 07:12:29.882, 0, 79, 144.93, 100, 6999, 1177, 715, P0, 0x0000000000000000
2026/09/17 07:12:29.887, 1, 79, 157.48, 100, 7275, 1316, 715, P0, 0x0000000000000020
2026/09/17 07:12:30.899, 0, 79, 156.45, 100, 6999, 1177, 715, P0, 0x0000000000000020
2026/09/17 07:12:30.909, 1, 79, 157.93, 100, 7275, 1303, 715, P0, 0x0000000000000000
2026/09/17 07:12:31.927, 0, 79, 161.97, 100, 6999, 1240, 715, P0, 0x0000000000000020
2026/09/17 07:12:31.930, 1, 78, 58.80, 62, 7275, 1328, 715, P0, 0x0000000000000000
2026/09/17 07:12:32.941, 0, 79, 129.68, 100, 6999, 1328, 715, P0, 0x0000000000000000
2026/09/17 07:12:32.944, 1, 79, 160.75, 100, 7275, 1328, 715, P0, 0x0000000000000000
2026/09/17 07:12:33.955, 0, 79, 121.67, 100, 6999, 1316, 715, P0, 0x0000000000000020
2026/09/17 07:12:33.958, 1, 79, 133.65, 100, 7275, 1328, 715, P0, 0x0000000000000000
2026/09/17 07:12:34.971, 0, 79, 121.54, 100, 6999, 1316, 715, P0, 0x0000000000000000
2026/09/17 07:12:34.974, 1, 79, 79.81, 100, 7275, 1328, 715, P0, 0x0000000000000000
2026/09/17 07:12:35.980, 0, 80, 129.06, 100, 6999, 1328, 715, P0, 0x0000000000000000
2026/09/17 07:12:35.983, 1, 79, 84.56, 100, 7275, 1328, 715, P0, 0x0000000000000000
2026/09/17 07:12:36.994, 0, 79, 116.35, 100, 6999, 1278, 715, P0, 0x0000000000000020
2026/09/17 07:12:36.997, 1, 79, 124.73, 100, 7275, 1328, 715, P0, 0x0000000000000000
2026/09/17 07:12:38.007, 0, 79, 115.63, 100, 6999, 1278, 715, P0, 0x0000000000000020
2026/09/17 07:12:38.010, 1, 79, 124.98, 100, 7275, 1328, 715, P0, 0x0000000000000000
2026/09/17 07:12:39.024, 0, 79, 117.49, 100, 6999, 1278, 715, P0, 0x0000000000000020
2026/09/17 07:12:39.028, 1, 79, 125.20, 100, 7275, 1328, 715, P0, 0x0000000000000000
2026/09/17 07:12:40.040, 0, 79, 116.05, 100, 6999, 1278, 715, P0, 0x0000000000000020
2026/09/17 07:12:40.043, 1, 79, 125.22, 100, 7275, 1328, 715, P0, 0x0000000000000000
2026/09/17 07:12:41.053, 0, 79, 116.77, 100, 6999, 1278, 715, P0, 0x0000000000000020
2026/09/17 07:12:41.058, 1, 79, 126.16, 100, 7275, 1328, 715, P0, 0x0000000000000000
2026/09/17 07:12:42.075, 0, 79, 115.64, 100, 6999, 1303, 715, P0, 0x0000000000000000
2026/09/17 07:12:42.079, 1, 79, 123.12, 100, 7275, 1328, 715, P0, 0x0000000000000000
2026/09/17 07:12:43.093, 0, 79, 116.59, 100, 6999, 1303, 715, P0, 0x0000000000000000
2026/09/17 07:12:43.099, 1, 79, 123.36, 100, 7275, 1328, 715, P0, 0x0000000000000000
2026/09/17 07:12:44.103, 0, 79, 115.40, 100, 6999, 1290, 715, P0, 0x0000000000000000
2026/09/17 07:12:44.106, 1, 79, 123.37, 100, 7275, 1328, 715, P0, 0x0000000000000000
2026/09/17 07:12:45.118, 0, 79, 95.41, 97, 6999, 1189, 715, P0, 0x0000000000000000
2026/09/17 07:12:45.123, 1, 79, 126.30, 100, 7275, 1328, 715, P0, 0x0000000000000000
2026/09/17 07:12:46.131, 0, 79, 99.68, 100, 6999, 1177, 715, P0, 0x0000000000000000
2026/09/17 07:12:46.134, 1, 79, 127.00, 100, 7275, 1328, 715, P0, 0x0000000000000000
2026/09/17 07:12:47.143, 0, 79, 134.81, 100, 6999, 1139, 715, P0, 0x0000000000000020
2026/09/17 07:12:47.147, 1, 79, 127.34, 100, 7275, 1328, 715, P0, 0x0000000000000000
2026/09/17 07:12:48.158, 0, 79, 129.79, 100, 6999, 1139, 715, P0, 0x0000000000000000
2026/09/17 07:12:48.166, 1, 80, 127.55, 100, 7275, 1328, 715, P0, 0x0000000000000000
2026/09/17 07:12:49.175, 0, 79, 148.41, 100, 6999, 1202, 715, P0, 0x0000000000000020
2026/09/17 07:12:49.178, 1, 78, 54.38, 39, 7275, 1265, 715, P0, 0x0000000000000000
2026/09/17 07:12:50.192, 0, 79, 114.58, 100, 6999, 1316, 715, P0, 0x0000000000000000
2026/09/17 07:12:50.196, 1, 79, 104.83, 100, 7275, 1328, 715, P0, 0x0000000000000000
2026/09/17 07:12:51.206, 0, 79, 128.44, 100, 6999, 1328, 715, P0, 0x0000000000000000
2026/09/17 07:12:51.209, 1, 79, 114.54, 100, 7275, 1328, 715, P0, 0x0000000000000000
2026/09/17 07:12:52.224, 0, 79, 122.27, 100, 6999, 1328, 715, P0, 0x0000000000000000
2026/09/17 07:12:52.230, 1, 79, 124.71, 100, 7275, 1328, 715, P0, 0x0000000000000000
2026/09/17 07:12:53.237, 0, 79, 129.07, 100, 6999, 1328, 715, P0, 0x0000000000000000
2026/09/17 07:12:53.240, 1, 79, 124.93, 100, 7275, 1328, 715, P0, 0x0000000000000000
2026/09/17 07:12:54.249, 0, 79, 128.68, 100, 6999, 1328, 715, P0, 0x0000000000000000
2026/09/17 07:12:54.252, 1, 79, 124.46, 100, 7275, 1328, 715, P0, 0x0000000000000000
2026/09/17 07:12:55.269, 0, 79, 128.44, 100, 6999, 1328, 715, P0, 0x0000000000000000
2026/09/17 07:12:55.271, 1, 79, 124.69, 100, 7275, 1328, 715, P0, 0x0000000000000000
2026/09/17 07:12:56.283, 0, 79, 126.03, 100, 6999, 1328, 715, P0, 0x0000000000000000
2026/09/17 07:12:56.286, 1, 79, 124.46, 100, 7275, 1328, 715, P0, 0x0000000000000000
2026/09/17 07:12:57.300, 0, 79, 126.99, 100, 6999, 1328, 715, P0, 0x0000000000000000
2026/09/17 07:12:57.304, 1, 79, 122.79, 100, 7275, 1328, 715, P0, 0x0000000000000000
2026/09/17 07:12:58.313, 0, 79, 122.99, 100, 6999, 1328, 715, P0, 0x0000000000000000
2026/09/17 07:12:58.317, 1, 79, 122.87, 100, 7275, 1328, 715, P0, 0x0000000000000000
2026/09/17 07:12:59.333, 0, 79, 123.24, 100, 6999, 1328, 715, P0, 0x0000000000000000
2026/09/17 07:12:59.336, 1, 79, 122.56, 100, 7275, 1328, 715, P0, 0x0000000000000000
2026/09/17 07:13:00.344, 0, 79, 123.01, 100, 6999, 1328, 715, P0, 0x0000000000000000
2026/09/17 07:13:00.347, 1, 79, 118.80, 100, 7275, 1328, 715, P0, 0x0000000000000000
2026/09/17 07:13:01.357, 0, 79, 121.57, 100, 6999, 1316, 715, P0, 0x0000000000000000
2026/09/17 07:13:01.360, 1, 79, 119.04, 100, 7275, 1328, 715, P0, 0x0000000000000000
2026/09/17 07:13:02.371, 0, 79, 106.36, 100, 6999, 1240, 715, P0, 0x0000000000000000
2026/09/17 07:13:02.374, 1, 78, 117.95, 100, 7275, 1316, 715, P0, 0x0000000000000000
2026/09/17 07:13:03.388, 0, 79, 95.90, 100, 6999, 1189, 715, P0, 0x0000000000000000
2026/09/17 07:13:03.392, 1, 79, 118.94, 100, 7275, 1316, 715, P0, 0x0000000000000000
2026/09/17 07:13:04.405, 0, 79, 97.35, 100, 6999, 1189, 715, P0, 0x0000000000000000
2026/09/17 07:13:04.408, 1, 79, 116.37, 100, 7275, 1303, 715, P0, 0x0000000000000000
2026/09/17 07:13:05.419, 0, 79, 139.88, 100, 6999, 1177, 715, P0, 0x0000000000000020
2026/09/17 07:13:05.425, 1, 79, 112.30, 100, 7275, 1290, 715, P0, 0x0000000000000000
2026/09/17 07:13:06.434, 0, 79, 150.32, 100, 6999, 1139, 715, P0, 0x0000000000000020
2026/09/17 07:13:06.438, 1, 79, 169.21, 48, 7275, 1290, 715, P0, 0x0000000000000020
2026/09/17 07:13:07.452, 0, 79, 161.77, 100, 6999, 1328, 715, P0, 0x0000000000000000
2026/09/17 07:13:07.456, 1, 79, 171.84, 100, 7275, 1303, 715, P0, 0x0000000000000000
2026/09/17 07:13:08.464, 0, 79, 123.24, 100, 6999, 1328, 715, P0, 0x0000000000000000
2026/09/17 07:13:08.467, 1, 79, 172.99, 100, 7275, 1328, 715, P0, 0x0000000000000000
2026/09/17 07:13:09.479, 0, 79, 122.76, 100, 6999, 1328, 715, P0, 0x0000000000000000
2026/09/17 07:13:09.481, 1, 79, 80.28, 100, 7275, 1328, 715, P0, 0x0000000000000000
2026/09/17 07:13:10.494, 0, 79, 128.70, 100, 6999, 1328, 715, P0, 0x0000000000000000
2026/09/17 07:13:10.497, 1, 79, 105.54, 100, 7275, 1328, 715, P0, 0x0000000000000000
2026/09/17 07:13:11.507, 0, 79, 128.91, 100, 6999, 1328, 715, P0, 0x0000000000000000
2026/09/17 07:13:11.510, 1, 79, 124.69, 100, 7275, 1328, 715, P0, 0x0000000000000000
2026/09/17 07:13:12.522, 0, 79, 126.28, 100, 6999, 1328, 715, P0, 0x0000000000000000
2026/09/17 07:13:12.525, 1, 79, 125.43, 100, 7275, 1328, 715, P0, 0x0000000000000000
2026/09/17 07:13:13.538, 0, 79, 126.52, 100, 6999, 1328, 715, P0, 0x0000000000000000
2026/09/17 07:13:13.541, 1, 79, 124.47, 100, 7275, 1328, 715, P0, 0x0000000000000000
2026/09/17 07:13:14.550, 0, 79, 126.52, 100, 6999, 1328, 715, P0, 0x0000000000000000
2026/09/17 07:13:14.553, 1, 79, 124.95, 100, 7275, 1328, 715, P0, 0x0000000000000000
2026/09/17 07:13:15.562, 0, 79, 123.24, 100, 6999, 1328, 715, P0, 0x0000000000000000
2026/09/17 07:13:15.565, 1, 79, 124.48, 100, 7275, 1328, 715, P0, 0x0000000000000000
2026/09/17 07:13:16.576, 0, 79, 121.32, 100, 6999, 1316, 715, P0, 0x0000000000000000
2026/09/17 07:13:16.579, 1, 79, 124.72, 100, 7275, 1328, 715, P0, 0x0000000000000000
2026/09/17 07:13:17.591, 0, 79, 116.36, 100, 6999, 1303, 715, P0, 0x0000000000000000
2026/09/17 07:13:17.594, 1, 79, 119.12, 100, 7275, 1328, 715, P0, 0x0000000000000000
2026/09/17 07:13:18.602, 0, 79, 99.93, 100, 6999, 1189, 715, P0, 0x0000000000000000
2026/09/17 07:13:18.605, 1, 79, 118.92, 100, 7275, 1328, 715, P0, 0x0000000000000000
2026/09/17 07:13:19.614, 0, 79, 99.71, 98, 6999, 1126, 715, P0, 0x0000000000000000
2026/09/17 07:13:19.617, 1, 79, 109.95, 65, 7275, 1265, 715, P0, 0x0000000000000000
2026/09/17 07:13:20.630, 0, 79, 141.57, 100, 6999, 1164, 715, P0, 0x0000000000000000
2026/09/17 07:13:20.633, 1, 79, 126.06, 100, 7275, 1252, 715, P0, 0x0000000000000000
2026/09/17 07:13:21.644, 0, 79, 131.78, 100, 6999, 1139, 715, P0, 0x0000000000000020
2026/09/17 07:13:21.651, 1, 79, 145.91, 100, 7275, 1227, 715, P0, 0x0000000000000000
2026/09/17 07:13:22.663, 0, 79, 124.47, 100, 6999, 1316, 715, P0, 0x0000000000000000
2026/09/17 07:13:22.669, 1, 79, 151.49, 100, 7275, 1227, 715, P0, 0x0000000000000000
2026/09/17 07:13:23.675, 0, 79, 123.37, 100, 6999, 1316, 715, P0, 0x0000000000000000
2026/09/17 07:13:23.678, 1, 79, 84.80, 100, 7275, 1328, 715, P0, 0x0000000000000000
2026/09/17 07:13:24.688, 0, 79, 121.49, 100, 6999, 1316, 715, P0, 0x0000000000000000
2026/09/17 07:13:24.692, 1, 79, 124.48, 100, 7275, 1328, 715, P0, 0x0000000000000000
2026/09/17 07:13:25.705, 0, 79, 128.91, 100, 6999, 1316, 715, P0, 0x0000000000000020
2026/09/17 07:13:25.714, 1, 79, 124.69, 100, 7275, 1328, 715, P0, 0x0000000000000000
2026/09/17 07:13:26.717, 0, 79, 128.67, 100, 6999, 1328, 715, P0, 0x0000000000000000
2026/09/17 07:13:26.720, 1, 79, 125.17, 100, 7275, 1328, 715, P0, 0x0000000000000000
2026/09/17 07:13:27.730, 0, 79, 125.09, 100, 6999, 1328, 715, P0, 0x0000000000000000
2026/09/17 07:13:27.733, 1, 79, 124.71, 100, 7275, 1328, 715, P0, 0x0000000000000000
2026/09/17 07:13:28.746, 0, 79, 122.99, 100, 6999, 1328, 715, P0, 0x0000000000000000
2026/09/17 07:13:28.749, 1, 79, 122.39, 100, 7275, 1328, 715, P0, 0x0000000000000000
2026/09/17 07:13:29.759, 0, 79, 123.24, 100, 6999, 1328, 715, P0, 0x0000000000000000
2026/09/17 07:13:29.762, 1, 79, 122.80, 100, 7275, 1328, 715, P0, 0x0000000000000000
2026/09/17 07:13:30.773, 0, 79, 120.61, 100, 6999, 1316, 715, P0, 0x0000000000000020
2026/09/17 07:13:30.776, 1, 79, 122.80, 100, 7275, 1328, 715, P0, 0x0000000000000000
2026/09/17 07:13:31.791, 0, 79, 120.85, 100, 6999, 1316, 715, P0, 0x0000000000000020
2026/09/17 07:13:31.795, 1, 79, 119.52, 100, 7275, 1328, 715, P0, 0x0000000000000000
2026/09/17 07:13:32.807, 0, 79, 96.14, 97, 6999, 1189, 715, P0, 0x0000000000000000
2026/09/17 07:13:32.810, 1, 79, 118.52, 98, 7275, 1316, 715, P0, 0x0000000000000000
2026/09/17 07:13:33.823, 0, 79, 127.31, 100, 6999, 1164, 715, P0, 0x0000000000000000
2026/09/17 07:13:33.826, 1, 79, 119.02, 100, 7275, 1303, 715, P0, 0x0000000000000000
2026/09/17 07:13:34.837, 0, 79, 136.23, 100, 6999, 1139, 715, P0, 0x0000000000000020
2026/09/17 07:13:34.845, 1, 79, 176.18, 100, 7275, 1303, 715, P0, 0x0000000000000000
2026/09/17 07:13:35.853, 0, 79, 108.04, 100, 6999, 1328, 715, P0, 0x0000000000000000
2026/09/17 07:13:35.856, 1, 79, 162.00, 100, 7275, 1290, 715, P0, 0x0000000000000000
2026/09/17 07:13:36.868, 0, 79, 124.70, 100, 6999, 1328, 715, P0, 0x0000000000000000
2026/09/17 07:13:36.871, 1, 79, 63.00, 100, 7275, 1328, 715, P0, 0x0000000000000000
2026/09/17 07:13:37.885, 0, 79, 121.56, 100, 6999, 1316, 715, P0, 0x0000000000000000
2026/09/17 07:13:37.890, 1, 79, 124.48, 100, 7275, 1328, 715, P0, 0x0000000000000000
2026/09/17 07:13:38.910, 0, 79, 128.66, 100, 6999, 1328, 715, P0, 0x0000000000000000
2026/09/17 07:13:38.913, 1, 79, 124.69, 100, 7275, 1328, 715, P0, 0x0000000000000000
2026/09/17 07:13:39.924, 0, 79, 128.36, 100, 6999, 1328, 715, P0, 0x0000000000000000
2026/09/17 07:13:39.926, 1, 79, 126.84, 100, 7275, 1328, 715, P0, 0x0000000000000000
2026/09/17 07:13:40.937, 0, 79, 125.32, 100, 6999, 1328, 715, P0, 0x0000000000000000
2026/09/17 07:13:40.940, 1, 79, 124.95, 100, 7275, 1328, 715, P0, 0x0000000000000000
2026/09/17 07:13:41.952, 0, 79, 122.99, 100, 6999, 1328, 715, P0, 0x0000000000000000
2026/09/17 07:13:41.955, 1, 79, 126.39, 100, 7275, 1328, 715, P0, 0x0000000000000000
2026/09/17 07:13:42.968, 0, 79, 123.40, 100, 6999, 1328, 715, P0, 0x0000000000000000
2026/09/17 07:13:42.974, 1, 79, 126.85, 100, 7275, 1328, 715, P0, 0x0000000000000000
2026/09/17 07:13:43.979, 0, 79, 119.89, 100, 6999, 1316, 715, P0, 0x0000000000000000
2026/09/17 07:13:43.982, 1, 79, 119.52, 100, 7275, 1328, 715, P0, 0x0000000000000000
2026/09/17 07:13:44.993, 0, 79, 111.87, 100, 6999, 1278, 715, P0, 0x0000000000000000
2026/09/17 07:13:44.996, 1, 79, 118.17, 100, 7275, 1328, 715, P0, 0x0000000000000000
2026/09/17 07:13:46.004, 0, 79, 142.74, 97, 6999, 1113, 715, P0, 0x0000000000000000
2026/09/17 07:13:46.007, 1, 78, 103.59, 66, 7275, 1202, 715, P0, 0x0000000000000000
2026/09/17 07:13:47.022, 0, 79, 138.99, 100, 6999, 1139, 715, P0, 0x0000000000000020
2026/09/17 07:13:47.025, 1, 79, 150.19, 100, 7275, 1227, 715, P0, 0x0000000000000020
2026/09/17 07:13:48.036, 0, 79, 77.60, 100, 6999, 1328, 715, P0, 0x0000000000000000
2026/09/17 07:13:48.042, 1, 79, 148.01, 100, 7275, 1278, 715, P0, 0x0000000000000020
2026/09/17 07:13:49.054, 0, 79, 123.41, 100, 6999, 1328, 715, P0, 0x0000000000000000
2026/09/17 07:13:49.060, 1, 79, 80.76, 100, 7275, 1328, 715, P0, 0x0000000000000000
2026/09/17 07:13:50.073, 0, 79, 122.75, 100, 6999, 1316, 715, P0, 0x0000000000000000
2026/09/17 07:13:50.076, 1, 79, 124.72, 100, 7275, 1328, 715, P0, 0x0000000000000000
2026/09/17 07:13:51.089, 0, 79, 126.52, 100, 6999, 1328, 715, P0, 0x0000000000000000
2026/09/17 07:13:51.092, 1, 79, 124.71, 100, 7275, 1328, 715, P0, 0x0000000000000000
2026/09/17 07:13:52.106, 0, 79, 127.00, 100, 6999, 1328, 715, P0, 0x0000000000000000
2026/09/17 07:13:52.110, 1, 79, 124.71, 100, 7275, 1328, 715, P0, 0x0000000000000000
2026/09/17 07:13:53.123, 0, 79, 125.55, 100, 6999, 1328, 715, P0, 0x0000000000000000
2026/09/17 07:13:53.125, 1, 79, 124.71, 100, 7275, 1328, 715, P0, 0x0000000000000000
2026/09/17 07:13:54.136, 0, 79, 125.07, 100, 6999, 1328, 715, P0, 0x0000000000000000
2026/09/17 07:13:54.139, 1, 79, 125.19, 100, 7275, 1328, 715, P0, 0x0000000000000000
2026/09/17 07:13:55.153, 0, 79, 115.64, 100, 6999, 1328, 715, P0, 0x0000000000000000
2026/09/17 07:13:55.156, 1, 79, 122.64, 100, 7275, 1328, 715, P0, 0x0000000000000000
2026/09/17 07:13:56.166, 0, 79, 112.29, 100, 6999, 1316, 715, P0, 0x0000000000000020
2026/09/17 07:13:56.169, 1, 79, 119.12, 100, 7275, 1328, 715, P0, 0x0000000000000000
2026/09/17 07:13:57.179, 0, 79, 99.75, 100, 6999, 1202, 715, P0, 0x0000000000000000
2026/09/17 07:13:57.182, 1, 79, 117.32, 100, 7275, 1328, 715, P0, 0x0000000000000000
2026/09/17 07:13:58.191, 0, 79, 134.06, 100, 6999, 1164, 715, P0, 0x0000000000000000
2026/09/17 07:13:58.198, 1, 79, 118.04, 100, 7275, 1316, 715, P0, 0x0000000000000020
2026/09/17 07:13:59.204, 0, 79, 161.41, 100, 6999, 1240, 715, P0, 0x0000000000000020
2026/09/17 07:13:59.207, 1, 78, 57.84, 38, 7275, 1328, 715, P0, 0x0000000000000000
2026/09/17 07:14:00.219, 0, 79, 123.27, 100, 6999, 1316, 715, P0, 0x0000000000000000
2026/09/17 07:14:00.222, 1, 79, 98.83, 100, 7275, 1328, 715, P0, 0x0000000000000000
2026/09/17 07:14:01.233, 0, 79, 121.80, 100, 6999, 1316, 715, P0, 0x0000000000000020
2026/09/17 07:14:01.236, 1, 79, 124.72, 100, 7275, 1328, 715, P0, 0x0000000000000000
2026/09/17 07:14:02.249, 0, 79, 128.91, 100, 6999, 1316, 715, P0, 0x0000000000000020
2026/09/17 07:14:02.257, 1, 79, 124.71, 100, 7275, 1328, 715, P0, 0x0000000000000000
2026/09/17 07:14:03.263, 0, 79, 127.23, 100, 6999, 1328, 715, P0, 0x0000000000000000
2026/09/17 07:14:03.266, 1, 79, 127.08, 100, 7275, 1328, 715, P0, 0x0000000000000000
2026/09/17 07:14:04.276, 0, 79, 123.48, 100, 6999, 1328, 715, P0, 0x0000000000000000
2026/09/17 07:14:04.279, 1, 79, 124.71, 100, 7275, 1328, 715, P0, 0x0000000000000000
2026/09/17 07:14:05.293, 0, 79, 123.73, 100, 6999, 1328, 715, P0, 0x0000000000000000
2026/09/17 07:14:05.298, 1, 79, 119.28, 100, 7275, 1328, 715, P0, 0x0000000000000000
2026/09/17 07:14:06.307, 0, 79, 122.04, 100, 6999, 1316, 715, P0, 0x0000000000000000
2026/09/17 07:14:06.309, 1, 79, 124.95, 100, 7275, 1328, 715, P0, 0x0000000000000000
2026/09/17 07:14:07.319, 0, 79, 95.65, 100, 6999, 1189, 715, P0, 0x0000000000000000
2026/09/17 07:14:07.322, 1, 79, 122.52, 100, 7275, 1328, 715, P0, 0x0000000000000000
2026/09/17 07:14:08.334, 0, 79, 136.33, 97, 6999, 1113, 715, P0, 0x0000000000000020
2026/09/17 07:14:08.336, 1, 79, 144.90, 6, 7275, 1328, 715, P0, 0x0000000000000000
2026/09/17 07:14:09.348, 0, 79, 155.73, 100, 6999, 1189, 715, P0, 0x0000000000000020
2026/09/17 07:14:09.354, 1, 79, 176.61, 100, 7275, 1328, 715, P0, 0x0000000000000000
2026/09/17 07:14:10.364, 0, 79, 123.93, 100, 6999, 1316, 715, P0, 0x0000000000000000
2026/09/17 07:14:10.368, 1, 79, 182.68, 100, 7275, 1328, 715, P0, 0x0000000000000000
2026/09/17 07:14:11.377, 0, 79, 121.58, 100, 6999, 1316, 715, P0, 0x0000000000000000
2026/09/17 07:14:11.380, 1, 79, 107.50, 100, 7275, 1328, 715, P0, 0x0000000000000000
2026/09/17 07:14:12.391, 0, 79, 128.18, 100, 6999, 1316, 715, P0, 0x0000000000000020
2026/09/17 07:14:12.397, 1, 79, 127.08, 100, 7275, 1328, 715, P0, 0x0000000000000000
2026/09/17 07:14:13.406, 0, 79, 124.85, 100, 6999, 1328, 715, P0, 0x0000000000000000
2026/09/17 07:14:13.409, 1, 79, 124.71, 100, 7275, 1328, 715, P0, 0x0000000000000000
2026/09/17 07:14:14.418, 0, 79, 123.17, 100, 6999, 1328, 715, P0, 0x0000000000000000
2026/09/17 07:14:14.421, 1, 79, 125.20, 100, 7275, 1328, 715, P0, 0x0000000000000000
2026/09/17 07:14:15.434, 0, 79, 123.16, 100, 6999, 1328, 715, P0, 0x0000000000000000
2026/09/17 07:14:15.437, 1, 79, 124.77, 100, 7275, 1328, 715, P0, 0x0000000000000000
2026/09/17 07:14:16.449, 0, 79, 120.13, 100, 6999, 1316, 715, P0, 0x0000000000000000
2026/09/17 07:14:16.452, 1, 79, 124.24, 100, 7275, 1328, 715, P0, 0x0000000000000000
2026/09/17 07:14:17.461, 0, 79, 95.83, 100, 6999, 1189, 715, P0, 0x0000000000000000
2026/09/17 07:14:17.464, 1, 79, 126.28, 100, 7275, 1328, 715, P0, 0x0000000000000000
2026/09/17 07:14:18.475, 0, 79, 139.51, 100, 6999, 1151, 715, P0, 0x0000000000000020
2026/09/17 07:14:18.480, 1, 79, 122.04, 100, 7275, 1316, 715, P0, 0x0000000000000000
2026/09/17 07:14:19.493, 0, 79, 161.10, 100, 6999, 1177, 715, P0, 0x0000000000000020
2026/09/17 07:14:19.501, 1, 79, 170.21, 100, 7275, 1303, 715, P0, 0x0000000000000000
2026/09/17 07:14:20.523, 0, 79, 123.46, 100, 6999, 1316, 715, P0, 0x0000000000000000
2026/09/17 07:14:20.526, 1, 79, 164.87, 100, 7275, 1328, 715, P0, 0x0000000000000000
2026/09/17 07:14:21.534, 0, 79, 129.30, 100, 6999, 1328, 715, P0, 0x0000000000000000
2026/09/17 07:14:21.537, 1, 79, 85.04, 100, 7275, 1328, 715, P0, 0x0000000000000000
2026/09/17 07:14:22.548, 0, 79, 127.22, 100, 6999, 1328, 715, P0, 0x0000000000000000
2026/09/17 07:14:22.551, 1, 79, 126.84, 100, 7275, 1328, 715, P0, 0x0000000000000000
2026/09/17 07:14:23.557, 0, 79, 127.24, 100, 6999, 1328, 715, P0, 0x0000000000000000
2026/09/17 07:14:23.561, 1, 79, 126.84, 100, 7275, 1328, 715, P0, 0x0000000000000000
2026/09/17 07:14:24.573, 0, 79, 125.31, 100, 6999, 1328, 715, P0, 0x0000000000000000
2026/09/17 07:14:24.577, 1, 79, 125.42, 100, 7275, 1328, 715, P0, 0x0000000000000000
2026/09/17 07:14:25.590, 0, 79, 123.24, 100, 6999, 1316, 715, P0, 0x0000000000000000
2026/09/17 07:14:25.593, 1, 79, 124.95, 100, 7275, 1328, 715, P0, 0x0000000000000000
2026/09/17 07:14:26.600, 0, 79, 95.89, 97, 6999, 1189, 715, P0, 0x0000000000000000
2026/09/17 07:14:26.604, 1, 79, 126.28, 100, 7275, 1328, 715, P0, 0x0000000000000000
2026/09/17 07:14:27.613, 0, 79, 111.64, 100, 6999, 1177, 715, P0, 0x0000000000000000
2026/09/17 07:14:27.616, 1, 79, 118.67, 100, 7275, 1328, 715, P0, 0x0000000000000000
2026/09/17 07:14:28.626, 0, 79, 136.10, 100, 6999, 1139, 715, P0, 0x0000000000000020
2026/09/17 07:14:28.629, 1, 79, 176.40, 100, 7275, 1316, 715, P0, 0x0000000000000020
2026/09/17 07:14:29.640, 0, 79, 100.82, 100, 6999, 1328, 715, P0, 0x0000000000000000
2026/09/17 07:14:29.646, 1, 79, 182.35, 100, 7275, 1290, 715, P0, 0x0000000000000020
2026/09/17 07:14:30.657, 0, 79, 123.47, 100, 6999, 1328, 715, P0, 0x0000000000000000
2026/09/17 07:14:30.661, 1, 79, 79.56, 100, 7275, 1328, 715, P0, 0x0000000000000000
2026/09/17 07:14:31.668, 0, 79, 121.56, 100, 6999, 1316, 715, P0, 0x0000000000000020
2026/09/17 07:14:31.672, 1, 79, 127.09, 100, 7275, 1328, 715, P0, 0x0000000000000000
2026/09/17 07:14:32.682, 0, 79, 126.52, 100, 6999, 1328, 715, P0, 0x0000000000000000
2026/09/17 07:14:32.685, 1, 79, 124.95, 100, 7275, 1328, 715, P0, 0x0000000000000000
2026/09/17 07:14:33.693, 0, 79, 123.48, 100, 6999, 1328, 715, P0, 0x0000000000000000
2026/09/17 07:14:33.696, 1, 79, 125.19, 100, 7275, 1328, 715, P0, 0x0000000000000000
2026/09/17 07:14:34.712, 0, 79, 123.24, 100, 6999, 1328, 715, P0, 0x0000000000000000
2026/09/17 07:14:34.715, 1, 79, 125.20, 100, 7275, 1328, 715, P0, 0x0000000000000000
2026/09/17 07:14:35.725, 0, 79, 109.24, 100, 6999, 1252, 715, P0, 0x0000000000000000
2026/09/17 07:14:35.728, 1, 79, 118.67, 100, 7275, 1316, 715, P0, 0x0000000000000000
2026/09/17 07:14:36.738, 0, 79, 100.73, 100, 6999, 1189, 715, P0, 0x0000000000000000
2026/09/17 07:14:36.745, 1, 79, 110.19, 100, 7275, 1265, 715, P0, 0x0000000000000000
2026/09/17 07:14:37.762, 0, 79, 129.19, 100, 6999, 1113, 715, P0, 0x0000000000000020
2026/09/17 07:14:37.766, 1, 79, 162.72, 100, 7275, 1252, 715, P0, 0x0000000000000000
2026/09/17 07:14:38.775, 0, 79, 116.55, 100, 6999, 1278, 715, P0, 0x0000000000000020
2026/09/17 07:14:38.779, 1, 79, 166.74, 100, 7275, 1316, 715, P0, 0x0000000000000020
2026/09/17 07:14:39.790, 0, 79, 121.18, 100, 6999, 1303, 715, P0, 0x0000000000000020
2026/09/17 07:14:39.793, 1, 79, 101.96, 100, 7275, 1328, 715, P0, 0x0000000000000000
2026/09/17 07:14:40.806, 0, 79, 121.08, 100, 6999, 1303, 715, P0, 0x0000000000000020
2026/09/17 07:14:40.809, 1, 79, 124.72, 100, 7275, 1328, 715, P0, 0x0000000000000000
2026/09/17 07:14:41.822, 0, 79, 121.07, 100, 6999, 1303, 715, P0, 0x0000000000000020
2026/09/17 07:14:41.826, 1, 79, 124.72, 100, 7275, 1328, 715, P0, 0x0000000000000000
2026/09/17 07:14:42.833, 0, 79, 121.08, 100, 6999, 1303, 715, P0, 0x0000000000000020
2026/09/17 07:14:42.837, 1, 79, 123.10, 100, 7275, 1328, 715, P0, 0x0000000000000000
2026/09/17 07:14:43.845, 0, 79, 110.60, 100, 6999, 1303, 715, P0, 0x0000000000000000
2026/09/17 07:14:43.851, 1, 79, 123.37, 100, 7275, 1328, 715, P0, 0x0000000000000000
2026/09/17 07:14:44.871, 0, 79, 97.11, 97, 6999, 1139, 715, P0, 0x0000000000000000
2026/09/17 07:14:44.875, 1, 79, 118.23, 98, 7275, 1316, 715, P0, 0x0000000000000020
2026/09/17 07:14:45.884, 0, 79, 130.60, 100, 6999, 1113, 715, P0, 0x0000000000000020
2026/09/17 07:14:45.887, 1, 79, 158.03, 100, 7275, 1252, 715, P0, 0x0000000000000000
2026/09/17 07:14:46.901, 0, 79, 121.58, 100, 6999, 1303, 715, P0, 0x0000000000000020
2026/09/17 07:14:46.904, 1, 79, 155.79, 100, 7275, 1303, 715, P0, 0x0000000000000020
2026/09/17 07:14:47.912, 0, 79, 122.03, 100, 6999, 1303, 715, P0, 0x0000000000000020
2026/09/17 07:14:47.915, 1, 79, 125.42, 100, 7275, 1328, 715, P0, 0x0000000000000000
2026/09/17 07:14:48.926, 0, 79, 120.84, 100, 6999, 1303, 715, P0, 0x0000000000000020
2026/09/17 07:14:48.929, 1, 79, 125.68, 100, 7275, 1328, 715, P0, 0x0000000000000000
2026/09/17 07:14:49.942, 0, 79, 121.08, 100, 6999, 1303, 715, P0, 0x0000000000000020
2026/09/17 07:14:49.946, 1, 79, 124.96, 100, 7275, 1328, 715, P0, 0x0000000000000000
2026/09/17 07:14:50.962, 0, 79, 120.84, 100, 6999, 1316, 715, P0, 0x0000000000000000
2026/09/17 07:14:50.965, 1, 79, 124.96, 100, 7275, 1328, 715, P0, 0x0000000000000000
2026/09/17 07:14:51.976, 0, 79, 114.20, 100, 6999, 1278, 715, P0, 0x0000000000000000
2026/09/17 07:14:51.980, 1, 79, 122.42, 100, 7275, 1328, 715, P0, 0x0000000000000000
2026/09/17 07:14:52.993, 0, 79, 98.30, 100, 6999, 1189, 715, P0, 0x0000000000000000
2026/09/17 07:14:52.996, 1, 79, 121.32, 100, 7275, 1316, 715, P0, 0x0000000000000000
2026/09/17 07:14:54.006, 0, 79, 146.32, 100, 6999, 1139, 715, P0, 0x0000000000000020
2026/09/17 07:14:54.009, 1, 78, 162.91, 63, 7275, 1328, 715, P0, 0x0000000000000000
2026/09/17 07:14:55.027, 0, 79, 125.07, 100, 6999, 1328, 715, P0, 0x0000000000000000
2026/09/17 07:14:55.030, 1, 79, 81.93, 100, 7275, 1328, 715, P0, 0x0000000000000000
2026/09/17 07:14:56.043, 0, 79, 123.24, 100, 6999, 1316, 715, P0, 0x0000000000000000
2026/09/17 07:14:56.047, 1, 79, 124.96, 100, 7275, 1328, 715, P0, 0x0000000000000000
2026/09/17 07:14:57.070, 0, 79, 122.52, 100, 6999, 1316, 715, P0, 0x0000000000000020
2026/09/17 07:14:57.072, 1, 79, 124.72, 100, 7275, 1328, 715, P0, 0x0000000000000000
2026/09/17 07:14:58.085, 0, 79, 125.55, 100, 6999, 1328, 715, P0, 0x0000000000000000
2026/09/17 07:14:58.088, 1, 79, 124.95, 100, 7275, 1328, 715, P0, 0x0000000000000000
2026/09/17 07:14:59.100, 0, 79, 123.24, 100, 6999, 1328, 715, P0, 0x0000000000000000
2026/09/17 07:14:59.103, 1, 79, 124.72, 100, 7275, 1328, 715, P0, 0x0000000000000000
2026/09/17 07:15:00.116, 0, 79, 120.14, 100, 6999, 1316, 715, P0, 0x0000000000000020
2026/09/17 07:15:00.120, 1, 79, 119.28, 100, 7275, 1328, 715, P0, 0x0000000000000000
2026/09/17 07:15:01.129, 0, 79, 96.14, 100, 6999, 1189, 715, P0, 0x0000000000000000
2026/09/17 07:15:01.129, 1, 79, 119.18, 100, 7275, 1328, 715, P0, 0x0000000000000000
2026/09/17 07:15:02.144, 0, 79, 137.86, 100, 6999, 1151, 715, P0, 0x0000000000000000
2026/09/17 07:15:02.147, 1, 79, 117.33, 100, 7275, 1303, 715, P0, 0x0000000000000000
2026/09/17 07:15:03.156, 0, 79, 82.97, 100, 6999, 1328, 715, P0, 0x0000000000000000
2026/09/17 07:15:03.163, 1, 78, 58.81, 100, 7275, 1328, 715, P0, 0x0000000000000000
2026/09/17 07:15:04.172, 0, 79, 121.32, 100, 6999, 1316, 715, P0, 0x0000000000000020
2026/09/17 07:15:04.175, 1, 79, 126.88, 100, 7275, 1328, 715, P0, 0x0000000000000000
2026/09/17 07:15:05.187, 0, 79, 121.31, 100, 6999, 1316, 715, P0, 0x0000000000000000
2026/09/17 07:15:05.191, 1, 79, 126.85, 100, 7275, 1328, 715, P0, 0x0000000000000000
2026/09/17 07:15:06.200, 0, 79, 127.47, 100, 6999, 1328, 715, P0, 0x0000000000000000
2026/09/17 07:15:06.203, 1, 79, 124.95, 100, 7275, 1328, 715, P0, 0x0000000000000000
2026/09/17 07:15:07.217, 0, 79, 124.43, 100, 6999, 1328, 715, P0, 0x0000000000000000
2026/09/17 07:15:07.220, 1, 79, 123.02, 100, 7275, 1328, 715, P0, 0x0000000000000000
2026/09/17 07:15:08.228, 0, 79, 119.43, 100, 6999, 1290, 715, P0, 0x0000000000000000
2026/09/17 07:15:08.233, 1, 79, 115.04, 100, 7275, 1328, 715, P0, 0x0000000000000000
2026/09/17 07:15:09.242, 0, 79, 97.36, 100, 6999, 1189, 715, P0, 0x0000000000000000
2026/09/17 07:15:09.245, 1, 79, 112.53, 100, 7275, 1316, 715, P0, 0x0000000000000020
2026/09/17 07:15:10.256, 0, 79, 139.59, 100, 6999, 1139, 715, P0, 0x0000000000000020
2026/09/17 07:15:10.259, 1, 79, 152.23, 100, 7275, 1240, 715, P0, 0x0000000000000020
2026/09/17 07:15:11.270, 0, 79, 117.79, 100, 6999, 1328, 715, P0, 0x0000000000000000
2026/09/17 07:15:11.273, 1, 78, 140.44, 100, 7275, 1328, 715, P0, 0x0000000000000000
2026/09/17 07:15:12.285, 0, 79, 121.31, 100, 6999, 1328, 715, P0, 0x0000000000000000
2026/09/17 07:15:12.290, 1, 79, 124.96, 100, 7275, 1328, 715, P0, 0x0000000000000000
2026/09/17 07:15:13.295, 0, 79, 128.20, 100, 6999, 1328, 715, P0, 0x0000000000000000
2026/09/17 07:15:13.298, 1, 79, 124.71, 100, 7275, 1328, 715, P0, 0x0000000000000000
2026/09/17 07:15:14.308, 0, 79, 125.32, 100, 6999, 1328, 715, P0, 0x0000000000000000
2026/09/17 07:15:14.311, 1, 79, 124.95, 100, 7275, 1328, 715, P0, 0x0000000000000000
2026/09/17 07:15:15.324, 0, 79, 123.01, 100, 6999, 1328, 715, P0, 0x0000000000000000
2026/09/17 07:15:15.329, 1, 79, 118.80, 100, 7275, 1328, 715, P0, 0x0000000000000000
2026/09/17 07:15:16.341, 0, 79, 120.14, 100, 6999, 1316, 715, P0, 0x0000000000000000
2026/09/17 07:15:16.344, 1, 79, 119.34, 100, 7275, 1328, 715, P0, 0x0000000000000000
2026/09/17 07:15:17.359, 0, 79, 139.32, 97, 6999, 1126, 715, P0, 0x0000000000000000
2026/09/17 07:15:17.362, 1, 79, 103.34, 39, 7275, 1227, 715, P0, 0x0000000000000000
2026/09/17 07:15:18.372, 0, 79, 158.21, 100, 6999, 1202, 715, P0, 0x0000000000000020
2026/09/17 07:15:18.375, 1, 79, 157.66, 100, 7275, 1252, 715, P0, 0x0000000000000000
2026/09/17 07:15:19.385, 0, 79, 124.11, 100, 6999, 1328, 715, P0, 0x0000000000000000
2026/09/17 07:15:19.388, 1, 79, 124.71, 100, 7275, 1328, 715, P0, 0x0000000000000000
2026/09/17 07:15:20.398, 0, 79, 121.80, 100, 6999, 1316, 715, P0, 0x0000000000000000
2026/09/17 07:15:20.400, 1, 79, 125.44, 100, 7275, 1328, 715, P0, 0x0000000000000000
2026/09/17 07:15:21.412, 0, 79, 126.99, 100, 6999, 1328, 715, P0, 0x0000000000000000
2026/09/17 07:15:21.415, 1, 79, 124.71, 100, 7275, 1328, 715, P0, 0x0000000000000000
2026/09/17 07:15:22.427, 0, 79, 124.43, 100, 6999, 1328, 715, P0, 0x0000000000000000
2026/09/17 07:15:22.430, 1, 79, 122.63, 100, 7275, 1328, 715, P0, 0x0000000000000000
2026/09/17 07:15:23.439, 0, 79, 123.24, 100, 6999, 1316, 715, P0, 0x0000000000000000
2026/09/17 07:15:23.442, 1, 79, 123.11, 100, 7275, 1328, 715, P0, 0x0000000000000000
2026/09/17 07:15:24.450, 0, 79, 95.92, 100, 6999, 1189, 715, P0, 0x0000000000000000
2026/09/17 07:15:24.453, 1, 79, 115.41, 100, 7275, 1328, 715, P0, 0x0000000000000000
2026/09/17 07:15:25.466, 0, 79, 139.41, 100, 6999, 1164, 715, P0, 0x0000000000000020
2026/09/17 07:15:25.473, 1, 79, 118.46, 100, 7275, 1290, 715, P0, 0x0000000000000000
2026/09/17 07:15:26.484, 0, 79, 90.83, 100, 6999, 1328, 715, P0, 0x0000000000000000
2026/09/17 07:15:26.488, 1, 78, 60.98, 94, 7275, 1328, 715, P0, 0x0000000000000000
2026/09/17 07:15:27.498, 0, 79, 121.73, 100, 6999, 1316, 715, P0, 0x0000000000000020
2026/09/17 07:15:27.501, 1, 79, 124.46, 100, 7275, 1328, 715, P0, 0x0000000000000000
2026/09/17 07:15:28.512, 0, 79, 128.91, 100, 6999, 1328, 715, P0, 0x0000000000000000
2026/09/17 07:15:28.515, 1, 79, 124.93, 100, 7275, 1328, 715, P0, 0x0000000000000000
2026/09/17 07:15:29.527, 0, 79, 125.08, 100, 6999, 1328, 715, P0, 0x0000000000000000
2026/09/17 07:15:29.530, 1, 79, 124.95, 100, 7275, 1328, 715, P0, 0x0000000000000000
2026/09/17 07:15:30.542, 0, 79, 123.24, 100, 6999, 1328, 715, P0, 0x0000000000000000
2026/09/17 07:15:30.545, 1, 79, 124.96, 100, 7275, 1328, 715, P0, 0x0000000000000000
2026/09/17 07:15:31.554, 0, 79, 115.41, 100, 6999, 1303, 715, P0, 0x0000000000000000
2026/09/17 07:15:31.557, 1, 79, 118.33, 100, 7275, 1316, 715, P0, 0x0000000000000000
2026/09/17 07:15:32.570, 0, 79, 130.76, 100, 6999, 1139, 715, P0, 0x0000000000000020
2026/09/17 07:15:32.577, 1, 79, 119.67, 100, 7275, 1303, 715, P0, 0x0000000000000000
2026/09/17 07:15:33.584, 0, 79, 114.10, 100, 6999, 1328, 715, P0, 0x0000000000000000
2026/09/17 07:15:33.589, 1, 79, 170.82, 100, 7275, 1303, 715, P0, 0x0000000000000000
2026/09/17 07:15:34.596, 0, 79, 123.16, 100, 6999, 1316, 715, P0, 0x0000000000000000
2026/09/17 07:15:34.599, 1, 79, 124.95, 100, 7275, 1328, 715, P0, 0x0000000000000000
2026/09/17 07:15:35.608, 0, 79, 121.80, 100, 6999, 1316, 715, P0, 0x0000000000000020
2026/09/17 07:15:35.611, 1, 79, 124.96, 100, 7275, 1328, 715, P0, 0x0000000000000000
2026/09/17 07:15:36.621, 0, 79, 127.39, 100, 6999, 1328, 715, P0, 0x0000000000000000
2026/09/17 07:15:36.624, 1, 79, 126.60, 100, 7275, 1328, 715, P0, 0x0000000000000000
2026/09/17 07:15:37.640, 0, 79, 124.20, 100, 6999, 1328, 715, P0, 0x0000000000000000
2026/09/17 07:15:37.643, 1, 79, 123.34, 100, 7275, 1328, 715, P0, 0x0000000000000000
2026/09/17 07:15:38.655, 0, 79, 115.39, 100, 6999, 1278, 715, P0, 0x0000000000000000
2026/09/17 07:15:38.659, 1, 79, 127.11, 100, 7275, 1328, 715, P0, 0x0000000000000000
2026/09/17 07:15:39.673, 0, 79, 99.27, 100, 6999, 1189, 715, P0, 0x0000000000000000
2026/09/17 07:15:39.676, 1, 79, 119.48, 100, 7275, 1328, 715, P0, 0x0000000000000000
2026/09/17 07:15:40.687, 0, 79, 164.20, 100, 6999, 1126, 715, P0, 0x0000000000000020
2026/09/17 07:15:40.694, 1, 78, 58.45, 23, 7275, 1328, 715, P0, 0x0000000000000000
2026/09/17 07:15:41.699, 0, 79, 121.56, 100, 6999, 1316, 715, P0, 0x0000000000000000
2026/09/17 07:15:41.702, 1, 79, 126.40, 100, 7275, 1328, 715, P0, 0x0000000000000000
2026/09/17 07:15:42.711, 0, 79, 128.90, 100, 6999, 1328, 715, P0, 0x0000000000000000
2026/09/17 07:15:42.714, 1, 79, 127.08, 100, 7275, 1328, 715, P0, 0x0000000000000000
2026/09/17 07:15:43.726, 0, 79, 116.11, 100, 6999, 1290, 715, P0, 0x0000000000000020
2026/09/17 07:15:43.729, 1, 79, 125.04, 100, 7275, 1328, 715, P0, 0x0000000000000000
2026/09/17 07:15:44.744, 0, 79, 120.60, 100, 6999, 1290, 715, P0, 0x0000000000000020
2026/09/17 07:15:44.746, 1, 79, 124.96, 100, 7275, 1328, 715, P0, 0x0000000000000000
2026/09/17 07:15:45.756, 0, 79, 102.57, 100, 6999, 1227, 715, P0, 0x0000000000000000
2026/09/17 07:15:45.759, 1, 79, 118.68, 100, 7275, 1328, 715, P0, 0x0000000000000000
2026/09/17 07:15:46.773, 0, 79, 137.82, 100, 6999, 1113, 715, P0, 0x0000000000000020
2026/09/17 07:15:46.777, 1, 79, 171.68, 100, 7275, 1290, 715, P0, 0x0000000000000020
2026/09/17 07:15:47.782, 0, 79, 116.86, 100, 6999, 1303, 715, P0, 0x0000000000000020
2026/09/17 07:15:47.785, 1, 79, 162.12, 100, 7275, 1328, 715, P0, 0x0000000000000000
2026/09/17 07:15:48.796, 0, 79, 116.35, 100, 6999, 1303, 715, P0, 0x0000000000000020
2026/09/17 07:15:48.799, 1, 79, 124.80, 100, 7275, 1328, 715, P0, 0x0000000000000000
2026/09/17 07:15:49.810, 0, 79, 123.24, 100, 6999, 1328, 715, P0, 0x0000000000000000
2026/09/17 07:15:49.813, 1, 79, 125.20, 100, 7275, 1328, 715, P0, 0x0000000000000000
2026/09/17 07:15:50.823, 0, 79, 116.60, 100, 6999, 1303, 715, P0, 0x0000000000000000
2026/09/17 07:15:50.827, 1, 78, 122.16, 100, 7275, 1328, 715, P0, 0x0000000000000000
2026/09/17 07:15:51.838, 0, 79, 112.29, 100, 6999, 1278, 715, P0, 0x0000000000000000
2026/09/17 07:15:51.840, 1, 79, 122.90, 100, 7275, 1328, 715, P0, 0x0000000000000000
2026/09/17 07:15:52.854, 0, 79, 129.17, 100, 6999, 1126, 715, P0, 0x0000000000000020
2026/09/17 07:15:52.858, 1, 79, 121.68, 100, 7275, 1316, 715, P0, 0x0000000000000000
2026/09/17 07:15:53.867, 0, 79, 84.22, 100, 6999, 1316, 715, P0, 0x0000000000000020
2026/09/17 07:15:53.871, 1, 79, 168.23, 100, 7275, 1303, 715, P0, 0x0000000000000020
2026/09/17 07:15:54.880, 0, 79, 123.48, 100, 6999, 1316, 715, P0, 0x0000000000000020
2026/09/17 07:15:54.883, 1, 79, 119.74, 100, 7275, 1328, 715, P0, 0x0000000000000000
2026/09/17 07:15:55.894, 0, 79, 123.41, 100, 6999, 1316, 715, P0, 0x0000000000000020
2026/09/17 07:15:55.897, 1, 79, 126.39, 100, 7275, 1328, 715, P0, 0x0000000000000000
2026/09/17 07:15:56.905, 0, 79, 122.99, 100, 6999, 1316, 715, P0, 0x0000000000000020
2026/09/17 07:15:56.908, 1, 79, 125.19, 100, 7275, 1328, 715, P0, 0x0000000000000000
2026/09/17 07:15:57.922, 0, 79, 120.36, 100, 6999, 1290, 715, P0, 0x0000000000000000
2026/09/17 07:15:57.925, 1, 79, 126.62, 100, 7275, 1328, 715, P0, 0x0000000000000000
2026/09/17 07:15:58.941, 0, 79, 95.41, 100, 6999, 1189, 715, P0, 0x0000000000000000
2026/09/17 07:15:58.944, 1, 79, 127.02, 100, 7275, 1328, 715, P0, 0x0000000000000000
2026/09/17 07:15:59.954, 0, 79, 136.00, 97, 6999, 1151, 715, P0, 0x0000000000000000
2026/09/17 07:15:59.963, 1, 78, 166.47, 24, 7275, 1328, 715, P0, 0x0000000000000000
2026/09/17 07:16:00.969, 0, 79, 123.70, 100, 6999, 1316, 715, P0, 0x0000000000000020
2026/09/17 07:16:00.972, 1, 79, 126.14, 100, 7275, 1328, 715, P0, 0x0000000000000000
2026/09/17 07:16:01.982, 0, 79, 122.93, 100, 6999, 1316, 715, P0, 0x0000000000000020
2026/09/17 07:16:01.985, 1, 79, 127.09, 100, 7275, 1328, 715, P0, 0x0000000000000000
2026/09/17 07:16:02.999, 0, 79, 123.63, 100, 6999, 1316, 715, P0, 0x0000000000000020
2026/09/17 07:16:03.002, 1, 79, 124.95, 100, 7275, 1328, 715, P0, 0x0000000000000000
2026/09/17 07:16:04.010, 0, 79, 120.84, 100, 6999, 1316, 715, P0, 0x0000000000000020
2026/09/17 07:16:04.014, 1, 79, 125.20, 100, 7275, 1328, 715, P0, 0x0000000000000000
2026/09/17 07:16:05.021, 0, 79, 105.46, 100, 6999, 1240, 715, P0, 0x0000000000000000
2026/09/17 07:16:05.024, 1, 79, 118.20, 84, 7275, 1303, 715, P0, 0x0000000000000000
2026/09/17 07:16:06.032, 0, 79, 129.56, 100, 6999, 1113, 715, P0, 0x0000000000000020
2026/09/17 07:16:06.036, 1, 79, 162.83, 100, 7275, 1290, 715, P0, 0x0000000000000000
2026/09/17 07:16:07.042, 0, 79, 123.40, 100, 6999, 1316, 715, P0, 0x0000000000000020
2026/09/17 07:16:07.045, 1, 79, 98.33, 100, 7275, 1328, 715, P0, 0x0000000000000000
2026/09/17 07:16:08.052, 0, 79, 121.56, 100, 6999, 1316, 715, P0, 0x0000000000000020
2026/09/17 07:16:08.056, 1, 79, 125.68, 100, 7275, 1328, 715, P0, 0x0000000000000000
2026/09/17 07:16:09.066, 0, 79, 123.48, 100, 6999, 1316, 715, P0, 0x0000000000000020
2026/09/17 07:16:09.068, 1, 79, 124.95, 100, 7275, 1328, 715, P0, 0x0000000000000000
2026/09/17 07:16:10.081, 0, 79, 116.35, 100, 6999, 1303, 715, P0, 0x0000000000000000
2026/09/17 07:16:10.088, 1, 79, 124.56, 100, 7275, 1328, 715, P0, 0x0000000000000000
2026/09/17 07:16:11.097, 0, 79, 103.52, 100, 6999, 1215, 715, P0, 0x0000000000000000
2026/09/17 07:16:11.101, 1, 79, 119.87, 100, 7275, 1328, 715, P0, 0x0000000000000000
2026/09/17 07:16:12.113, 0, 79, 138.25, 100, 6999, 1151, 715, P0, 0x0000000000000000
2026/09/17 07:16:12.116, 1, 80, 119.47, 100, 7275, 1316, 715, P0, 0x0000000000000020
2026/09/17 07:16:13.128, 0, 79, 118.81, 100, 6999, 1316, 715, P0, 0x0000000000000020
2026/09/17 07:16:13.131, 1, 79, 178.64, 100, 7275, 1290, 715, P0, 0x0000000000000020
2026/09/17 07:16:14.141, 0, 79, 123.24, 100, 6999, 1316, 715, P0, 0x0000000000000020
2026/09/17 07:16:14.144, 1, 79, 124.95, 100, 7275, 1328, 715, P0, 0x0000000000000000
2026/09/17 07:16:15.156, 0, 79, 123.24, 100, 6999, 1316, 715, P0, 0x0000000000000020
2026/09/17 07:16:15.159, 1, 79, 126.39, 100, 7275, 1328, 715, P0, 0x0000000000000000
2026/09/17 07:16:16.168, 0, 79, 124.93, 100, 6999, 1328, 715, P0, 0x0000000000000000
2026/09/17 07:16:16.170, 1, 79, 124.95, 100, 7275, 1328, 715, P0, 0x0000000000000000
2026/09/17 07:16:17.180, 0, 79, 107.31, 100, 6999, 1328, 715, P0, 0x0000000000000000
2026/09/17 07:16:17.189, 1, 79, 125.29, 100, 7275, 1328, 715, P0, 0x0000000000000000
2026/09/17 07:16:18.199, 0, 79, 116.85, 100, 6999, 1189, 715, P0, 0x0000000000000000
2026/09/17 07:16:18.202, 1, 79, 116.99, 100, 7275, 1303, 715, P0, 0x0000000000000000
2026/09/17 07:16:19.211, 0, 79, 125.50, 100, 6999, 1328, 715, P0, 0x0000000000000000
2026/09/17 07:16:19.217, 1, 78, 58.08, 90, 7275, 1328, 715, P0, 0x0000000000000000
2026/09/17 07:16:20.226, 0, 79, 129.07, 100, 6999, 1328, 715, P0, 0x0000000000000000
2026/09/17 07:16:20.230, 1, 79, 126.36, 100, 7275, 1328, 715, P0, 0x0000000000000000
2026/09/17 07:16:21.239, 0, 79, 128.44, 100, 6999, 1328, 715, P0, 0x0000000000000000
2026/09/17 07:16:21.242, 1, 79, 124.95, 100, 7275, 1328, 715, P0, 0x0000000000000000
2026/09/17 07:16:22.252, 0, 79, 126.28, 100, 6999, 1328, 715, P0, 0x0000000000000000
2026/09/17 07:16:22.256, 1, 79, 124.95, 100, 7275, 1328, 715, P0, 0x0000000000000000
2026/09/17 07:16:23.267, 0, 79, 123.24, 100, 6999, 1328, 715, P0, 0x0000000000000000
2026/09/17 07:16:23.270, 1, 79, 122.80, 100, 7275, 1328, 715, P0, 0x0000000000000000
2026/09/17 07:16:24.281, 0, 79, 99.04, 97, 6999, 1177, 715, P0, 0x0000000000000000
2026/09/17 07:16:24.283, 1, 79, 109.71, 37, 7275, 1265, 715, P0, 0x0000000000000000
2026/09/17 07:16:25.296, 0, 79, 165.40, 100, 6999, 1240, 715, P0, 0x0000000000000020
2026/09/17 07:16:25.299, 1, 79, 167.52, 100, 7275, 1278, 715, P0, 0x0000000000000020
2026/09/17 07:16:26.309, 0, 79, 128.91, 100, 6999, 1328, 715, P0, 0x0000000000000000
2026/09/17 07:16:26.312, 1, 79, 124.95, 100, 7275, 1328, 715, P0, 0x0000000000000000
2026/09/17 07:16:27.321, 0, 79, 128.44, 100, 6999, 1328, 715, P0, 0x0000000000000000
2026/09/17 07:16:27.324, 1, 79, 125.17, 100, 7275, 1328, 715, P0, 0x0000000000000000
2026/09/17 07:16:28.331, 0, 79, 126.76, 100, 6999, 1328, 715, P0, 0x0000000000000000
2026/09/17 07:16:28.336, 1, 79, 124.95, 100, 7275, 1328, 715, P0, 0x0000000000000000
2026/09/17 07:16:29.347, 0, 79, 122.05, 100, 6999, 1316, 715, P0, 0x0000000000000000
2026/09/17 07:16:29.347, 1, 79, 119.04, 100, 7275, 1328, 715, P0, 0x0000000000000000
2026/09/17 07:16:30.359, 0, 79, 96.63, 100, 6999, 1189, 715, P0, 0x0000000000000000
2026/09/17 07:16:30.362, 1, 79, 118.46, 100, 7275, 1316, 715, P0, 0x0000000000000000
2026/09/17 07:16:31.375, 0, 79, 165.57, 100, 6999, 1215, 715, P0, 0x0000000000000020
2026/09/17 07:16:31.378, 1, 79, 160.07, 100, 7275, 1303, 715, P0, 0x0000000000000000
2026/09/17 07:16:32.392, 0, 79, 128.93, 100, 6999, 1328, 715, P0, 0x0000000000000000
2026/09/17 07:16:32.395, 1, 79, 116.21, 100, 7275, 1328, 715, P0, 0x0000000000000000
2026/09/17 07:16:33.403, 0, 79, 128.91, 100, 6999, 1328, 715, P0, 0x0000000000000000
2026/09/17 07:16:33.406, 1, 79, 125.17, 100, 7275, 1328, 715, P0, 0x0000000000000000
2026/09/17 07:16:34.421, 0, 79, 125.08, 100, 6999, 1328, 715, P0, 0x0000000000000000
2026/09/17 07:16:34.424, 1, 79, 124.95, 100, 7275, 1328, 715, P0, 0x0000000000000000
2026/09/17 07:16:35.438, 0, 79, 123.73, 100, 6999, 1328, 715, P0, 0x0000000000000000
2026/09/17 07:16:35.444, 1, 79, 121.91, 100, 7275, 1328, 715, P0, 0x0000000000000000
2026/09/17 07:16:36.456, 0, 79, 109.46, 100, 6999, 1265, 715, P0, 0x0000000000000000
2026/09/17 07:16:36.459, 1, 79, 122.19, 100, 7275, 1316, 715, P0, 0x0000000000000000
2026/09/17 07:16:37.468, 0, 79, 143.82, 100, 6999, 1139, 715, P0, 0x0000000000000020
2026/09/17 07:16:37.473, 1, 79, 173.06, 100, 7275, 1290, 715, P0, 0x0000000000000020
2026/09/17 07:16:38.485, 0, 79, 129.08, 100, 6999, 1328, 715, P0, 0x0000000000000000
2026/09/17 07:16:38.488, 1, 79, 79.99, 100, 7275, 1328, 715, P0, 0x0000000000000000
2026/09/17 07:16:39.502, 0, 79, 128.68, 100, 6999, 1328, 715, P0, 0x0000000000000000
2026/09/17 07:16:39.506, 1, 79, 125.17, 100, 7275, 1328, 715, P0, 0x0000000000000000
2026/09/17 07:16:40.516, 0, 79, 117.80, 100, 6999, 1278, 715, P0, 0x0000000000000020
2026/09/17 07:16:40.519, 1, 79, 125.20, 100, 7275, 1328, 715, P0, 0x0000000000000000
2026/09/17 07:16:41.528, 0, 79, 112.04, 100, 6999, 1278, 715, P0, 0x0000000000000000
2026/09/17 07:16:41.531, 1, 79, 124.81, 100, 7275, 1328, 715, P0, 0x0000000000000000
2026/09/17 07:16:42.540, 0, 79, 134.97, 100, 6999, 1126, 715, P0, 0x0000000000000000
2026/09/17 07:16:42.543, 1, 79, 120.94, 100, 7275, 1328, 715, P0, 0x0000000000000000
2026/09/17 07:16:43.554, 0, 79, 113.31, 100, 6999, 1278, 715, P0, 0x0000000000000000
2026/09/17 07:16:43.557, 1, 78, 58.26, 19, 7275, 1328, 715, P0, 0x0000000000000000
2026/09/17 07:16:44.565, 0, 79, 121.08, 100, 6999, 1303, 715, P0, 0x0000000000000020
2026/09/17 07:16:44.568, 1, 79, 126.40, 100, 7275, 1328, 715, P0, 0x0000000000000000
2026/09/17 07:16:45.582, 0, 79, 121.31, 100, 6999, 1303, 715, P0, 0x0000000000000020
2026/09/17 07:16:45.585, 1, 79, 126.85, 100, 7275, 1328, 715, P0, 0x0000000000000000
2026/09/17 07:16:46.595, 0, 79, 120.60, 100, 6999, 1303, 715, P0, 0x0000000000000000
2026/09/17 07:16:46.598, 1, 79, 126.85, 100, 7275, 1328, 715, P0, 0x0000000000000000
2026/09/17 07:16:47.610, 0, 78, 95.68, 100, 6999, 1189, 715, P0, 0x0000000000000000
2026/09/17 07:16:47.616, 1, 79, 112.53, 100, 7275, 1278, 715, P0, 0x0000000000000000
2026/09/17 07:16:48.625, 0, 79, 125.70, 100, 6999, 1164, 715, P0, 0x0000000000000020
2026/09/17 07:16:48.629, 1, 78, 96.39, 29, 7275, 1252, 715, P0, 0x0000000000000000
2026/09/17 07:16:49.641, 0, 79, 123.17, 100, 6999, 1328, 715, P0, 0x0000000000000000
2026/09/17 07:16:49.644, 1, 79, 124.48, 100, 7275, 1328, 715, P0, 0x0000000000000000
2026/09/17 07:16:50.651, 0, 79, 128.44, 100, 6999, 1328, 715, P0, 0x0000000000000000
2026/09/17 07:16:50.657, 1, 79, 124.45, 100, 7275, 1328, 715, P0, 0x0000000000000000
2026/09/17 07:16:51.668, 0, 79, 125.31, 100, 6999, 1328, 715, P0, 0x0000000000000000
2026/09/17 07:16:51.670, 1, 79, 124.95, 100, 7275, 1328, 715, P0, 0x0000000000000000
2026/09/17 07:16:52.687, 0, 79, 123.17, 100, 6999, 1328, 715, P0, 0x0000000000000000
2026/09/17 07:16:52.690, 1, 79, 122.56, 100, 7275, 1328, 715, P0, 0x0000000000000000
2026/09/17 07:16:53.704, 0, 79, 98.83, 97, 6999, 1189, 715, P0, 0x0000000000000000
2026/09/17 07:16:53.706, 1, 78, 102.09, 61, 7275, 1227, 715, P0, 0x0000000000000000
2026/09/17 07:16:54.718, 0, 79, 114.61, 100, 6999, 1328, 715, P0, 0x0000000000000000
2026/09/17 07:16:54.721, 1, 79, 164.99, 100, 7275, 1240, 715, P0, 0x0000000000000020
2026/09/17 07:16:55.734, 0, 79, 128.44, 100, 6999, 1328, 715, P0, 0x0000000000000000
2026/09/17 07:16:55.738, 1, 79, 125.40, 100, 7275, 1328, 715, P0, 0x0000000000000000
2026/09/17 07:16:56.747, 0, 79, 128.67, 100, 6999, 1328, 715, P0, 0x0000000000000000
2026/09/17 07:16:56.751, 1, 79, 124.47, 100, 7275, 1328, 715, P0, 0x0000000000000000
2026/09/17 07:16:57.762, 0, 79, 123.17, 100, 6999, 1328, 715, P0, 0x0000000000000000
2026/09/17 07:16:57.765, 1, 79, 124.95, 100, 7275, 1328, 715, P0, 0x0000000000000000
2026/09/17 07:16:58.776, 0, 79, 118.05, 100, 6999, 1303, 715, P0, 0x0000000000000000
2026/09/17 07:16:58.779, 1, 79, 118.33, 100, 7275, 1328, 715, P0, 0x0000000000000000
2026/09/17 07:16:59.793, 0, 79, 139.71, 100, 6999, 1189, 715, P0, 0x0000000000000020
2026/09/17 07:16:59.796, 1, 79, 110.35, 100, 7275, 1252, 715, P0, 0x0000000000000000
2026/09/17 07:17:00.803, 0, 79, 101.27, 100, 6999, 1278, 715, P0, 0x0000000000000000
2026/09/17 07:17:00.808, 1, 78, 152.17, 100, 7275, 1328, 715, P0, 0x0000000000000000
2026/09/17 07:17:01.815, 0, 79, 113.96, 100, 6999, 1265, 715, P0, 0x0000000000000000
2026/09/17 07:17:01.818, 1, 79, 124.56, 100, 7275, 1328, 715, P0, 0x0000000000000000
2026/09/17 07:17:02.827, 0, 79, 117.73, 100, 6999, 1278, 715, P0, 0x0000000000000020
2026/09/17 07:17:02.831, 1, 79, 124.49, 100, 7275, 1328, 715, P0, 0x0000000000000000
2026/09/17 07:17:03.841, 0, 79, 113.25, 100, 6999, 1252, 715, P0, 0x0000000000000000
2026/09/17 07:17:03.844, 1, 79, 118.90, 100, 7275, 1328, 715, P0, 0x0000000000000000
2026/09/17 07:17:04.855, 0, 79, 127.26, 100, 6999, 1101, 715, P0, 0x0000000000000000
2026/09/17 07:17:04.858, 1, 79, 119.00, 100, 7275, 1316, 715, P0, 0x0000000000000000
2026/09/17 07:17:05.873, 0, 79, 114.20, 100, 6999, 1303, 715, P0, 0x0000000000000020
2026/09/17 07:17:05.876, 1, 79, 167.19, 100, 7275, 1303, 715, P0, 0x0000000000000020
2026/09/17 07:17:06.884, 0, 79, 123.17, 100, 6999, 1328, 715, P0, 0x0000000000000000
2026/09/17 07:17:06.887, 1, 79, 124.71, 100, 7275, 1328, 715, P0, 0x0000000000000000
2026/09/17 07:17:07.899, 0, 79, 121.80, 100, 6999, 1316, 715, P0, 0x0000000000000020
2026/09/17 07:17:07.902, 1, 79, 124.72, 100, 7275, 1328, 715, P0, 0x0000000000000000
2026/09/17 07:17:08.916, 0, 79, 123.24, 100, 6999, 1328, 715, P0, 0x0000000000000000
2026/09/17 07:17:08.918, 1, 79, 122.39, 100, 7275, 1328, 715, P0, 0x0000000000000000
2026/09/17 07:17:09.931, 0, 79, 111.81, 100, 6999, 1278, 715, P0, 0x0000000000000000
2026/09/17 07:17:09.934, 1, 79, 123.13, 100, 7275, 1328, 715, P0, 0x0000000000000000
2026/09/17 07:17:10.942, 0, 79, 141.77, 100, 6999, 1139, 715, P0, 0x0000000000000020
2026/09/17 07:17:10.945, 1, 79, 151.11, 100, 7275, 1290, 715, P0, 0x0000000000000000
2026/09/17 07:17:11.959, 0, 79, 122.89, 100, 6999, 1328, 715, P0, 0x0000000000000000
2026/09/17 07:17:11.962, 1, 79, 93.37, 100, 7275, 1328, 715, P0, 0x0000000000000000
2026/09/17 07:17:12.977, 0, 79, 121.32, 100, 6999, 1316, 715, P0, 0x0000000000000000
2026/09/17 07:17:12.980, 1, 79, 125.44, 100, 7275, 1328, 715, P0, 0x0000000000000000
2026/09/17 07:17:13.996, 0, 79, 123.40, 100, 6999, 1328, 715, P0, 0x0000000000000000
2026/09/17 07:17:14.000, 1, 79, 126.39, 100, 7275, 1328, 715, P0, 0x0000000000000000
2026/09/17 07:17:15.011, 0, 79, 122.28, 100, 6999, 1316, 715, P0, 0x0000000000000000
2026/09/17 07:17:15.014, 1, 79, 124.54, 100, 7275, 1328, 715, P0, 0x0000000000000000
2026/09/17 07:17:16.022, 0, 79, 138.31, 100, 6999, 1164, 715, P0, 0x0000000000000000
2026/09/17 07:17:16.025, 1, 79, 126.83, 100, 7275, 1328, 715, P0, 0x0000000000000000
2026/09/17 07:17:17.037, 0, 79, 96.31, 100, 6999, 1328, 715, P0, 0x0000000000000000
2026/09/17 07:17:17.042, 1, 79, 180.22, 100, 7275, 1328, 715, P0, 0x0000000000000000
2026/09/17 07:17:18.048, 0, 79, 123.65, 100, 6999, 1316, 715, P0, 0x0000000000000000
2026/09/17 07:17:18.051, 1, 79, 124.71, 100, 7275, 1328, 715, P0, 0x0000000000000000
2026/09/17 07:17:19.061, 0, 79, 125.08, 100, 6999, 1328, 715, P0, 0x0000000000000000
2026/09/17 07:17:19.067, 1, 79, 126.39, 100, 7275, 1328, 715, P0, 0x0000000000000000
2026/09/17 07:17:20.080, 0, 79, 123.40, 100, 6999, 1316, 715, P0, 0x0000000000000000
2026/09/17 07:17:20.083, 1, 79, 126.62, 100, 7275, 1328, 715, P0, 0x0000000000000000
2026/09/17 07:17:21.095, 0, 79, 103.47, 100, 6999, 1303, 715, P0, 0x0000000000000020
2026/09/17 07:17:21.098, 1, 79, 126.67, 100, 7275, 1328, 715, P0, 0x0000000000000000
2026/09/17 07:17:22.110, 0, 79, 156.04, 100, 6999, 1189, 715, P0, 0x0000000000000020
2026/09/17 07:17:22.113, 1, 79, 180.51, 100, 7275, 1328, 715, P0, 0x0000000000000000
2026/09/17 07:17:23.123, 0, 79, 123.28, 100, 6999, 1328, 715, P0, 0x0000000000000000
2026/09/17 07:17:23.127, 1, 79, 91.74, 100, 7275, 1328, 715, P0, 0x0000000000000000
2026/09/17 07:17:24.138, 0, 79, 125.32, 100, 6999, 1328, 715, P0, 0x0000000000000000
2026/09/17 07:17:24.141, 1, 79, 126.39, 100, 7275, 1328, 715, P0, 0x0000000000000000
2026/09/17 07:17:25.153, 0, 79, 123.40, 100, 6999, 1328, 715, P0, 0x0000000000000000
2026/09/17 07:17:25.156, 1, 79, 126.62, 100, 7275, 1328, 715, P0, 0x0000000000000000
2026/09/17 07:17:26.171, 0, 79, 115.87, 100, 6999, 1303, 715, P0, 0x0000000000000000
2026/09/17 07:17:26.176, 1, 79, 127.11, 100, 7275, 1328, 715, P0, 0x0000000000000000
2026/09/17 07:17:27.186, 0, 79, 139.55, 100, 6999, 1164, 715, P0, 0x0000000000000000
2026/09/17 07:17:27.189, 1, 79, 112.61, 100, 7275, 1290, 715, P0, 0x0000000000000000
2026/09/17 07:17:28.202, 0, 79, 123.73, 100, 6999, 1328, 715, P0, 0x0000000000000000
2026/09/17 07:17:28.205, 1, 79, 156.03, 100, 7275, 1328, 715, P0, 0x0000000000000000
2026/09/17 07:17:29.216, 0, 79, 126.52, 100, 6999, 1328, 715, P0, 0x0000000000000000
2026/09/17 07:17:29.219, 1, 79, 124.46, 100, 7275, 1328, 715, P0, 0x0000000000000000
2026/09/17 07:17:30.232, 0, 79, 124.11, 100, 6999, 1328, 715, P0, 0x0000000000000000
2026/09/17 07:17:30.237, 1, 79, 125.19, 100, 7275, 1328, 715, P0, 0x0000000000000000
2026/09/17 07:17:31.248, 0, 79, 120.14, 100, 6999, 1303, 715, P0, 0x0000000000000000
2026/09/17 07:17:31.251, 1, 79, 119.30, 100, 7275, 1328, 715, P0, 0x0000000000000000
2026/09/17 07:17:32.257, 0, 79, 132.88, 100, 6999, 1164, 715, P0, 0x0000000000000000
2026/09/17 07:17:32.261, 1, 79, 119.48, 100, 7275, 1316, 715, P0, 0x0000000000000000
2026/09/17 07:17:33.274, 0, 79, 125.18, 100, 6999, 1328, 715, P0, 0x0000000000000000
2026/09/17 07:17:33.277, 1, 79, 63.01, 100, 7275, 1328, 715, P0, 0x0000000000000000
2026/09/17 07:17:34.287, 0, 79, 123.24, 100, 6999, 1316, 715, P0, 0x0000000000000000
2026/09/17 07:17:34.290, 1, 79, 124.71, 100, 7275, 1328, 715, P0, 0x0000000000000000
2026/09/17 07:17:35.301, 0, 79, 124.84, 100, 6999, 1328, 715, P0, 0x0000000000000000
2026/09/17 07:17:35.304, 1, 79, 125.65, 100, 7275, 1328, 715, P0, 0x0000000000000000
2026/09/17 07:17:36.313, 0, 79, 123.48, 100, 6999, 1328, 715, P0, 0x0000000000000000
2026/09/17 07:17:36.319, 1, 79, 122.14, 100, 7275, 1328, 715, P0, 0x0000000000000000
2026/09/17 07:17:37.325, 0, 79, 100.89, 100, 6999, 1189, 715, P0, 0x0000000000000000
2026/09/17 07:17:37.328, 1, 79, 121.08, 100, 7275, 1316, 715, P0, 0x0000000000000000
2026/09/17 07:17:38.342, 0, 79, 82.97, 100, 6999, 1328, 715, P0, 0x0000000000000000
2026/09/17 07:17:38.345, 1, 78, 58.81, 100, 7275, 1328, 715, P0, 0x0000000000000000
2026/09/17 07:17:39.352, 0, 79, 129.15, 100, 6999, 1328, 715, P0, 0x0000000000000000
2026/09/17 07:17:39.355, 1, 79, 124.71, 100, 7275, 1328, 715, P0, 0x0000000000000000
2026/09/17 07:17:40.365, 0, 79, 125.32, 100, 6999, 1328, 715, P0, 0x0000000000000000
2026/09/17 07:17:40.369, 1, 79, 124.95, 100, 7275, 1328, 715, P0, 0x0000000000000000
2026/09/17 07:17:41.380, 0, 79, 123.72, 100, 6999, 1328, 715, P0, 0x0000000000000000
2026/09/17 07:17:41.383, 1, 79, 124.95, 100, 7275, 1328, 715, P0, 0x0000000000000000
2026/09/17 07:17:42.395, 0, 79, 99.68, 100, 6999, 1202, 715, P0, 0x0000000000000000
2026/09/17 07:17:42.398, 1, 79, 120.84, 100, 7275, 1328, 715, P0, 0x0000000000000000
2026/09/17 07:17:43.408, 0, 79, 164.52, 100, 6999, 1240, 715, P0, 0x0000000000000020
2026/09/17 07:17:43.413, 1, 78, 58.37, 43, 7275, 1328, 715, P0, 0x0000000000000000
2026/09/17 07:17:44.420, 0, 79, 129.15, 100, 6999, 1328, 715, P0, 0x0000000000000000
2026/09/17 07:17:44.423, 1, 79, 124.93, 100, 7275, 1328, 715, P0, 0x0000000000000000
2026/09/17 07:17:45.436, 0, 79, 127.47, 100, 6999, 1328, 715, P0, 0x0000000000000000
2026/09/17 07:17:45.439, 1, 79, 124.93, 100, 7275, 1328, 715, P0, 0x0000000000000000
2026/09/17 07:17:46.447, 0, 79, 123.24, 100, 6999, 1328, 715, P0, 0x0000000000000000
2026/09/17 07:17:46.452, 1, 79, 124.48, 100, 7275, 1328, 715, P0, 0x0000000000000000
2026/09/17 07:17:47.457, 0, 79, 95.90, 100, 6999, 1189, 715, P0, 0x0000000000000000
2026/09/17 07:17:47.460, 1, 79, 119.66, 100, 7275, 1328, 715, P0, 0x0000000000000000
2026/09/17 07:17:48.472, 0, 79, 155.20, 100, 6999, 1189, 715, P0, 0x0000000000000020
2026/09/17 07:17:48.475, 1, 78, 58.37, 55, 7275, 1328, 715, P0, 0x0000000000000000
2026/09/17 07:17:49.486, 0, 79, 129.14, 100, 6999, 1328, 715, P0, 0x0000000000000000
2026/09/17 07:17:49.490, 1, 79, 126.60, 100, 7275, 1328, 715, P0, 0x0000000000000000
2026/09/17 07:17:50.503, 0, 79, 128.42, 100, 6999, 1328, 715, P0, 0x0000000000000000
2026/09/17 07:17:50.510, 1, 79, 124.93, 100, 7275, 1328, 715, P0, 0x0000000000000000
2026/09/17 07:17:51.517, 0, 79, 125.08, 100, 6999, 1328, 715, P0, 0x0000000000000000
2026/09/17 07:17:51.520, 1, 79, 127.09, 100, 7275, 1328, 715, P0, 0x0000000000000000
2026/09/17 07:17:52.532, 0, 79, 99.44, 100, 6999, 1189, 715, P0, 0x0000000000000000
2026/09/17 07:17:52.535, 1, 79, 122.51, 100, 7275, 1328, 715, P0, 0x0000000000000000
2026/09/17 07:17:53.546, 0, 79, 146.67, 97, 6999, 1215, 715, P0, 0x0000000000000020
2026/09/17 07:17:53.551, 1, 78, 147.39, 71, 7275, 1328, 715, P0, 0x0000000000000000
2026/09/17 07:17:54.562, 0, 79, 128.83, 100, 6999, 1328, 715, P0, 0x0000000000000000
2026/09/17 07:17:54.566, 1, 79, 126.60, 100, 7275, 1328, 715, P0, 0x0000000000000000
2026/09/17 07:17:55.581, 0, 79, 128.90, 100, 6999, 1328, 715, P0, 0x0000000000000000
2026/09/17 07:17:55.584, 1, 79, 126.77, 100, 7275, 1328, 715, P0, 0x0000000000000000
2026/09/17 07:17:56.594, 0, 79, 123.46, 100, 6999, 1328, 715, P0, 0x0000000000000000
2026/09/17 07:17:56.598, 1, 79, 127.09, 100, 7275, 1328, 715, P0, 0x0000000000000000
2026/09/17 07:17:57.613, 0, 79, 120.84, 100, 6999, 1316, 715, P0, 0x0000000000000020
2026/09/17 07:17:57.619, 1, 79, 127.34, 100, 7275, 1328, 715, P0, 0x0000000000000000
2026/09/17 07:17:58.627, 0, 79, 147.01, 100, 6999, 1151, 715, P0, 0x0000000000000000
2026/09/17 07:17:58.630, 1, 78, 159.57, 2, 7275, 1328, 715, P0, 0x0000000000000000
2026/09/17 07:17:59.644, 0, 79, 116.35, 100, 6999, 1278, 715, P0, 0x0000000000000020
2026/09/17 07:17:59.647, 1, 79, 126.41, 100, 7275, 1328, 715, P0, 0x0000000000000000
2026/09/17 07:18:00.656, 0, 79, 118.44, 100, 6999, 1278, 715, P0, 0x0000000000000020
2026/09/17 07:18:00.659, 1, 79, 126.88, 100, 7275, 1328, 715, P0, 0x0000000000000000
2026/09/17 07:18:01.672, 0, 79, 116.59, 100, 6999, 1303, 715, P0, 0x0000000000000020
2026/09/17 07:18:01.675, 1, 79, 124.80, 100, 7275, 1328, 715, P0, 0x0000000000000000
2026/09/17 07:18:02.684, 0, 79, 97.83, 100, 6999, 1164, 715, P0, 0x0000000000000000
2026/09/17 07:18:02.688, 1, 79, 119.42, 100, 7275, 1328, 715, P0, 0x0000000000000000
2026/09/17 07:18:03.699, 0, 79, 118.05, 100, 6999, 1290, 715, P0, 0x0000000000000000
2026/09/17 07:18:03.702, 1, 78, 58.22, 49, 7275, 1328, 715, P0, 0x0000000000000000
2026/09/17 07:18:04.714, 0, 79, 123.24, 100, 6999, 1316, 715, P0, 0x0000000000000020
2026/09/17 07:18:04.717, 1, 79, 124.95, 100, 7275, 1328, 715, P0, 0x0000000000000000
2026/09/17 07:18:05.730, 0, 79, 123.17, 100, 6999, 1316, 715, P0, 0x0000000000000020
2026/09/17 07:18:05.733, 1, 79, 125.43, 100, 7275, 1328, 715, P0, 0x0000000000000000
2026/09/17 07:18:06.742, 0, 79, 115.63, 100, 6999, 1278, 715, P0, 0x0000000000000000
2026/09/17 07:18:06.745, 1, 79, 125.28, 100, 7275, 1328, 715, P0, 0x0000000000000000
2026/09/17 07:18:07.756, 0, 79, 138.33, 100, 6999, 1113, 715, P0, 0x0000000000000020
2026/09/17 07:18:07.760, 1, 79, 125.40, 100, 7275, 1328, 715, P0, 0x0000000000000000
2026/09/17 07:18:08.773, 0, 79, 123.01, 100, 6999, 1316, 715, P0, 0x0000000000000020
2026/09/17 07:18:08.776, 1, 79, 69.51, 100, 7275, 1328, 715, P0, 0x0000000000000000
2026/09/17 07:18:09.789, 0, 79, 123.17, 100, 6999, 1316, 715, P0, 0x0000000000000020
2026/09/17 07:18:09.794, 1, 79, 124.71, 100, 7275, 1328, 715, P0, 0x0000000000000000
2026/09/17 07:18:10.801, 0, 79, 121.31, 100, 6999, 1316, 715, P0, 0x0000000000000020
2026/09/17 07:18:10.804, 1, 79, 124.96, 100, 7275, 1328, 715, P0, 0x0000000000000000
2026/09/17 07:18:11.816, 0, 79, 114.67, 100, 6999, 1303, 715, P0, 0x0000000000000000
2026/09/17 07:18:11.819, 1, 79, 125.04, 100, 7275, 1328, 715, P0, 0x0000000000000000
2026/09/17 07:18:12.836, 0, 79, 133.16, 100, 6999, 1139, 715, P0, 0x0000000000000020
2026/09/17 07:18:12.839, 1, 79, 126.11, 100, 7275, 1328, 715, P0, 0x0000000000000000
2026/09/17 07:18:13.849, 0, 79, 128.82, 100, 6999, 1328, 715, P0, 0x0000000000000000
2026/09/17 07:18:13.853, 1, 79, 113.43, 100, 7275, 1328, 715, P0, 0x0000000000000000
2026/09/17 07:18:14.860, 0, 79, 128.90, 100, 6999, 1328, 715, P0, 0x0000000000000000
2026/09/17 07:18:14.863, 1, 79, 126.60, 100, 7275, 1328, 715, P0, 0x0000000000000000
2026/09/17 07:18:15.877, 0, 79, 123.22, 100, 6999, 1328, 715, P0, 0x0000000000000000
2026/09/17 07:18:15.880, 1, 79, 127.09, 100, 7275, 1328, 715, P0, 0x0000000000000000
2026/09/17 07:18:16.893, 0, 79, 95.89, 100, 6999, 1189, 715, P0, 0x0000000000000000
2026/09/17 07:18:16.896, 1, 79, 126.78, 100, 7275, 1328, 715, P0, 0x0000000000000000
2026/09/17 07:18:17.907, 0, 79, 149.54, 100, 6999, 1252, 715, P0, 0x0000000000000020
2026/09/17 07:18:17.910, 1, 80, 174.87, 100, 7275, 1328, 715, P0, 0x0000000000000000
2026/09/17 07:18:18.925, 0, 79, 129.55, 100, 6999, 1328, 715, P0, 0x0000000000000000
2026/09/17 07:18:18.929, 1, 79, 126.84, 100, 7275, 1328, 715, P0, 0x0000000000000000
2026/09/17 07:18:19.940, 0, 79, 127.47, 100, 6999, 1328, 715, P0, 0x0000000000000000
2026/09/17 07:18:19.944, 1, 79, 124.95, 100, 7275, 1328, 715, P0, 0x0000000000000000
2026/09/17 07:18:20.953, 0, 79, 122.99, 100, 6999, 1316, 715, P0, 0x0000000000000000
2026/09/17 07:18:20.958, 1, 79, 125.19, 100, 7275, 1328, 715, P0, 0x0000000000000000
2026/09/17 07:18:21.965, 0, 79, 96.38, 100, 6999, 1189, 715, P0, 0x0000000000000000
2026/09/17 07:18:21.968, 1, 79, 122.04, 100, 7275, 1328, 715, P0, 0x0000000000000000
2026/09/17 07:18:22.984, 0, 79, 80.23, 100, 6999, 1328, 715, P0, 0x0000000000000000
2026/09/17 07:18:22.986, 1, 79, 183.98, 100, 7275, 1328, 715, P0, 0x0000000000000000
2026/09/17 07:18:24.002, 0, 79, 128.90, 100, 6999, 1328, 715, P0, 0x0000000000000000
2026/09/17 07:18:24.005, 1, 79, 125.64, 100, 7275, 1328, 715, P0, 0x0000000000000000
2026/09/17 07:18:25.017, 0, 79, 125.08, 100, 6999, 1328, 715, P0, 0x0000000000000000
2026/09/17 07:18:25.020, 1, 79, 125.42, 100, 7275, 1328, 715, P0, 0x0000000000000000
2026/09/17 07:18:26.034, 0, 79, 122.99, 100, 6999, 1328, 715, P0, 0x0000000000000000
2026/09/17 07:18:26.040, 1, 79, 123.58, 100, 7275, 1328, 715, P0, 0x0000000000000000
2026/09/17 07:18:27.048, 0, 79, 127.95, 100, 6999, 1189, 715, P0, 0x0000000000000000
2026/09/17 07:18:27.051, 1, 79, 119.53, 100, 7275, 1328, 715, P0, 0x0000000000000000
2026/09/17 07:18:28.062, 0, 79, 128.81, 100, 6999, 1328, 715, P0, 0x0000000000000000
2026/09/17 07:18:28.066, 1, 79, 183.10, 100, 7275, 1328, 715, P0, 0x0000000000000000
2026/09/17 07:18:29.080, 0, 79, 128.91, 100, 6999, 1328, 715, P0, 0x0000000000000000
2026/09/17 07:18:29.083, 1, 79, 125.17, 100, 7275, 1328, 715, P0, 0x0000000000000000
2026/09/17 07:18:30.091, 0, 79, 126.99, 100, 6999, 1328, 715, P0, 0x0000000000000000
2026/09/17 07:18:30.094, 1, 79, 123.51, 100, 7275, 1328, 715, P0, 0x0000000000000000
2026/09/17 07:18:31.109, 0, 79, 116.36, 100, 6999, 1303, 715, P0, 0x0000000000000000
2026/09/17 07:18:31.111, 1, 79, 119.29, 100, 7275, 1328, 715, P0, 0x0000000000000000
2026/09/17 07:18:32.125, 0, 79, 142.47, 100, 6999, 1164, 715, P0, 0x0000000000000000
2026/09/17 07:18:32.128, 1, 79, 145.62, 100, 7275, 1252, 715, P0, 0x0000000000000020
2026/09/17 07:18:33.136, 0, 79, 128.90, 100, 6999, 1328, 715, P0, 0x0000000000000000
2026/09/17 07:18:33.139, 1, 79, 124.93, 100, 7275, 1328, 715, P0, 0x0000000000000000
2026/09/17 07:18:34.146, 0, 79, 128.44, 100, 6999, 1328, 715, P0, 0x0000000000000000
2026/09/17 07:18:34.150, 1, 79, 124.95, 100, 7275, 1328, 715, P0, 0x0000000000000000
2026/09/17 07:18:35.161, 0, 79, 124.69, 100, 6999, 1328, 715, P0, 0x0000000000000000
2026/09/17 07:18:35.164, 1, 79, 118.56, 100, 7275, 1328, 715, P0, 0x0000000000000000
2026/09/17 07:18:36.174, 0, 79, 95.90, 100, 6999, 1189, 715, P0, 0x0000000000000000
2026/09/17 07:18:36.177, 1, 79, 117.74, 100, 7275, 1303, 715, P0, 0x0000000000000000
2026/09/17 07:18:37.191, 0, 79, 146.41, 100, 6999, 1328, 715, P0, 0x0000000000000000
2026/09/17 07:18:37.194, 1, 79, 161.96, 100, 7275, 1278, 715, P0, 0x0000000000000000
2026/09/17 07:18:38.207, 0, 79, 129.15, 100, 6999, 1328, 715, P0, 0x0000000000000000
2026/09/17 07:18:38.212, 1, 79, 124.93, 100, 7275, 1328, 715, P0, 0x0000000000000000
2026/09/17 07:18:39.223, 0, 79, 129.14, 100, 6999, 1328, 715, P0, 0x0000000000000000
2026/09/17 07:18:39.226, 1, 79, 124.69, 100, 7275, 1328, 715, P0, 0x0000000000000000
2026/09/17 07:18:40.234, 0, 79, 122.52, 100, 6999, 1328, 715, P0, 0x0000000000000000
2026/09/17 07:18:40.237, 1, 79, 122.87, 100, 7275, 1328, 715, P0, 0x0000000000000000
2026/09/17 07:18:41.249, 0, 79, 136.77, 100, 6999, 1164, 715, P0, 0x0000000000000020
2026/09/17 07:18:41.257, 1, 79, 117.44, 100, 7275, 1316, 715, P0, 0x0000000000000020
2026/09/17 07:18:42.280, 0, 79, 129.06, 100, 6999, 1328, 715, P0, 0x0000000000000000
2026/09/17 07:18:42.283, 1, 78, 112.53, 100, 7275, 1328, 715, P0, 0x0000000000000000
2026/09/17 07:18:43.298, 0, 80, 128.91, 100, 6999, 1328, 715, P0, 0x0000000000000000
2026/09/17 07:18:43.301, 1, 79, 124.93, 100, 7275, 1328, 715, P0, 0x0000000000000000
2026/09/17 07:18:44.310, 0, 79, 126.76, 100, 6999, 1328, 715, P0, 0x0000000000000000
2026/09/17 07:18:44.313, 1, 79, 124.95, 100, 7275, 1328, 715, P0, 0x0000000000000000
2026/09/17 07:18:45.327, 0, 79, 109.24, 100, 6999, 1252, 715, P0, 0x0000000000000000
2026/09/17 07:18:45.331, 1, 79, 118.90, 100, 7275, 1328, 715, P0, 0x0000000000000000
2026/09/17 07:18:46.340, 0, 79, 143.50, 100, 6999, 1101, 715, P0, 0x0000000000000020
2026/09/17 07:18:46.342, 1, 79, 175.49, 100, 7275, 1328, 715, P0, 0x0000000000000000
2026/09/17 07:18:47.358, 0, 79, 118.93, 100, 6999, 1278, 715, P0, 0x0000000000000020
2026/09/17 07:18:47.361, 1, 79, 125.44, 100, 7275, 1328, 715, P0, 0x0000000000000000
2026/09/17 07:18:48.373, 0, 79, 121.07, 100, 6999, 1278, 715, P0, 0x0000000000000020
2026/09/17 07:18:48.379, 1, 79, 124.79, 100, 7275, 1328, 715, P0, 0x0000000000000000
2026/09/17 07:18:49.387, 0, 79, 120.84, 100, 6999, 1303, 715, P0, 0x0000000000000000
2026/09/17 07:18:49.390, 1, 79, 124.96, 100, 7275, 1328, 715, P0, 0x0000000000000000
2026/09/17 07:18:50.402, 0, 79, 142.35, 100, 6999, 1113, 715, P0, 0x0000000000000020
2026/09/17 07:18:50.405, 1, 79, 170.95, 17, 7275, 1328, 715, P0, 0x0000000000000000
2026/09/17 07:18:51.417, 0, 79, 128.43, 100, 6999, 1328, 715, P0, 0x0000000000000000
2026/09/17 07:18:51.420, 1, 79, 126.36, 100, 7275, 1328, 715, P0, 0x0000000000000000
2026/09/17 07:18:52.431, 0, 79, 128.90, 100, 6999, 1328, 715, P0, 0x0000000000000000
2026/09/17 07:18:52.434, 1, 79, 127.08, 100, 7275, 1328, 715, P0, 0x0000000000000000
2026/09/17 07:18:53.448, 0, 79, 124.84, 100, 6999, 1328, 715, P0, 0x0000000000000000
2026/09/17 07:18:53.451, 1, 79, 126.62, 100, 7275, 1328, 715, P0, 0x0000000000000000
2026/09/17 07:18:54.466, 0, 79, 118.93, 100, 6999, 1316, 715, P0, 0x0000000000000020
2026/09/17 07:18:54.469, 1, 79, 121.20, 100, 7275, 1316, 715, P0, 0x0000000000000000
2026/09/17 07:18:55.482, 0, 79, 140.49, 100, 6999, 1139, 715, P0, 0x0000000000000020
2026/09/17 07:18:55.488, 1, 78, 68.75, 12, 7275, 1252, 715, P0, 0x0000000000000000
2026/09/17 07:18:56.507, 0, 79, 129.86, 100, 6999, 1328, 715, P0, 0x0000000000000000
2026/09/17 07:18:56.510, 1, 79, 124.93, 100, 7275, 1328, 715, P0, 0x0000000000000000
2026/09/17 07:18:57.522, 0, 79, 127.47, 100, 6999, 1328, 715, P0, 0x0000000000000000
2026/09/17 07:18:57.524, 1, 79, 124.71, 100, 7275, 1328, 715, P0, 0x0000000000000000
2026/09/17 07:18:58.537, 0, 79, 123.24, 100, 6999, 1328, 715, P0, 0x0000000000000000
2026/09/17 07:18:58.540, 1, 79, 123.52, 100, 7275, 1328, 715, P0, 0x0000000000000000
2026/09/17 07:18:59.553, 0, 79, 109.80, 100, 6999, 1164, 715, P0, 0x0000000000000000
2026/09/17 07:18:59.557, 1, 79, 116.10, 100, 7275, 1303, 715, P0, 0x0000000000000000
2026/09/17 07:19:00.563, 0, 79, 123.35, 100, 6999, 1316, 715, P0, 0x0000000000000000
2026/09/17 07:19:00.566, 1, 79, 131.02, 100, 7275, 1328, 715, P0, 0x0000000000000000
2026/09/17 07:19:01.580, 0, 79, 121.32, 100, 6999, 1316, 715, P0, 0x0000000000000020
2026/09/17 07:19:01.583, 1, 79, 124.48, 100, 7275, 1328, 715, P0, 0x0000000000000000
2026/09/17 07:19:02.596, 0, 79, 124.85, 100, 6999, 1328, 715, P0, 0x0000000000000000
2026/09/17 07:19:02.599, 1, 79, 124.71, 100, 7275, 1328, 715, P0, 0x0000000000000000
2026/09/17 07:19:03.607, 0, 79, 100.41, 100, 6999, 1189, 715, P0, 0x0000000000000000
2026/09/17 07:19:03.613, 1, 79, 118.68, 100, 7275, 1316, 715, P0, 0x0000000000000000
2026/09/17 07:19:04.625, 0, 79, 151.66, 100, 6999, 1189, 715, P0, 0x0000000000000020
2026/09/17 07:19:04.628, 1, 79, 154.63, 100, 7275, 1227, 715, P0, 0x0000000000000000
2026/09/17 07:19:05.638, 0, 79, 119.64, 100, 6999, 1290, 715, P0, 0x0000000000000020
2026/09/17 07:19:05.641, 1, 79, 125.44, 100, 7275, 1328, 715, P0, 0x0000000000000000
2026/09/17 07:19:06.654, 0, 79, 115.87, 100, 6999, 1290, 715, P0, 0x0000000000000020
2026/09/17 07:19:06.657, 1, 79, 124.49, 100, 7275, 1328, 715, P0, 0x0000000000000000
2026/09/17 07:19:07.668, 0, 78, 110.91, 100, 6999, 1290, 715, P0, 0x0000000000000000
2026/09/17 07:19:07.671, 1, 79, 122.89, 100, 7275, 1328, 715, P0, 0x0000000000000000
2026/09/17 07:19:08.683, 0, 79, 137.80, 100, 6999, 1164, 715, P0, 0x0000000000000020
2026/09/17 07:19:08.686, 1, 79, 123.87, 100, 7275, 1278, 715, P0, 0x0000000000000000
2026/09/17 07:19:09.697, 0, 79, 128.91, 100, 6999, 1328, 715, P0, 0x0000000000000000
2026/09/17 07:19:09.700, 1, 79, 124.71, 100, 7275, 1328, 715, P0, 0x0000000000000000
2026/09/17 07:19:10.710, 0, 79, 128.44, 100, 6999, 1328, 715, P0, 0x0000000000000000
2026/09/17 07:19:10.715, 1, 79, 124.95, 100, 7275, 1328, 715, P0, 0x0000000000000000
2026/09/17 07:19:11.726, 0, 79, 123.48, 100, 6999, 1328, 715, P0, 0x0000000000000000
2026/09/17 07:19:11.728, 1, 79, 122.63, 100, 7275, 1328, 715, P0, 0x0000000000000000
2026/09/17 07:19:12.743, 0, 79, 127.83, 100, 6999, 1151, 715, P0, 0x0000000000000020
2026/09/17 07:19:12.747, 1, 79, 119.06, 100, 7275, 1316, 715, P0, 0x0000000000000000
2026/09/17 07:19:13.759, 0, 79, 128.92, 100, 6999, 1328, 715, P0, 0x0000000000000000
2026/09/17 07:19:13.761, 1, 78, 81.20, 100, 7275, 1328, 715, P0, 0x0000000000000000
2026/09/17 07:19:14.773, 0, 79, 128.44, 100, 6999, 1328, 715, P0, 0x0000000000000000
2026/09/17 07:19:14.778, 1, 79, 124.95, 100, 7275, 1328, 715, P0, 0x0000000000000000
2026/09/17 07:19:15.786, 0, 79, 115.39, 100, 6999, 1278, 715, P0, 0x0000000000000020
2026/09/17 07:19:15.789, 1, 79, 125.28, 100, 7275, 1328, 715, P0, 0x0000000000000000
2026/09/17 07:19:16.799, 0, 79, 94.94, 97, 6999, 1189, 715, P0, 0x0000000000000000
2026/09/17 07:19:16.802, 1, 79, 126.06, 100, 7275, 1328, 715, P0, 0x0000000000000000
2026/09/17 07:19:17.818, 0, 79, 118.07, 100, 6999, 1278, 715, P0, 0x0000000000000020
2026/09/17 07:19:17.820, 1, 78, 163.56, 100, 7275, 1328, 715, P0, 0x0000000000000000
2026/09/17 07:19:18.833, 0, 79, 121.08, 100, 6999, 1303, 715, P0, 0x0000000000000020
2026/09/17 07:19:18.839, 1, 79, 126.40, 100, 7275, 1328, 715, P0, 0x0000000000000000
2026/09/17 07:19:19.853, 0, 79, 124.84, 100, 6999, 1328, 715, P0, 0x0000000000000000
2026/09/17 07:19:19.858, 1, 79, 126.39, 100, 7275, 1328, 715, P0, 0x0000000000000000
2026/09/17 07:19:20.868, 0, 79, 112.04, 100, 6999, 1316, 715, P0, 0x0000000000000000
2026/09/17 07:19:20.871, 1, 79, 125.04, 100, 7275, 1328, 715, P0, 0x0000000000000000
2026/09/17 07:19:21.884, 0, 79, 124.67, 100, 6999, 1189, 715, P0, 0x0000000000000000
2026/09/17 07:19:21.887, 1, 78, 113.36, 54, 7275, 1328, 715, P0, 0x0000000000000000
2026/09/17 07:19:22.894, 0, 79, 128.90, 100, 6999, 1328, 715, P0, 0x0000000000000000
2026/09/17 07:19:22.897, 1, 79, 126.36, 100, 7275, 1328, 715, P0, 0x0000000000000000
2026/09/17 07:19:23.909, 0, 79, 125.56, 100, 6999, 1328, 715, P0, 0x0000000000000000
2026/09/17 07:19:23.912, 1, 79, 126.62, 100, 7275, 1328, 715, P0, 0x0000000000000000
2026/09/17 07:19:24.924, 0, 79, 122.99, 100, 6999, 1328, 715, P0, 0x0000000000000000
2026/09/17 07:19:24.926, 1, 79, 126.62, 100, 7275, 1328, 715, P0, 0x0000000000000000
2026/09/17 07:19:25.937, 0, 79, 138.55, 100, 6999, 1151, 715, P0, 0x0000000000000000
2026/09/17 07:19:25.940, 1, 79, 127.08, 100, 7275, 1328, 715, P0, 0x0000000000000000
2026/09/17 07:19:26.954, 0, 79, 127.60, 100, 6999, 1328, 715, P0, 0x0000000000000000
2026/09/17 07:19:26.957, 1, 79, 126.30, 100, 7275, 1328, 715, P0, 0x0000000000000000
2026/09/17 07:19:27.973, 0, 79, 122.28, 100, 6999, 1316, 715, P0, 0x0000000000000000
2026/09/17 07:19:27.976, 1, 79, 126.39, 100, 7275, 1328, 715, P0, 0x0000000000000000
2026/09/17 07:19:28.989, 0, 79, 122.99, 100, 6999, 1328, 715, P0, 0x0000000000000000
2026/09/17 07:19:28.992, 1, 79, 126.62, 100, 7275, 1328, 715, P0, 0x0000000000000000
2026/09/17 07:19:29.999, 0, 79, 96.07, 100, 6999, 1189, 715, P0, 0x0000000000000000
2026/09/17 07:19:30.002, 1, 79, 126.76, 100, 7275, 1328, 715, P0, 0x0000000000000000
2026/09/17 07:19:31.016, 0, 79, 113.17, 100, 6999, 1265, 715, P0, 0x0000000000000020
2026/09/17 07:19:31.019, 1, 79, 183.76, 100, 7275, 1328, 715, P0, 0x0000000000000000
2026/09/17 07:19:32.028, 0, 79, 113.00, 100, 6999, 1265, 715, P0, 0x0000000000000020
2026/09/17 07:19:32.031, 1, 79, 126.89, 100, 7275, 1328, 715, P0, 0x0000000000000000
2026/09/17 07:19:33.045, 0, 79, 120.36, 100, 6999, 1290, 715, P0, 0x0000000000000020
2026/09/17 07:19:33.053, 1, 79, 126.40, 100, 7275, 1328, 715, P0, 0x0000000000000000
2026/09/17 07:19:34.073, 0, 79, 95.41, 100, 6999, 1240, 715, P0, 0x0000000000000020
2026/09/17 07:19:34.078, 1, 79, 127.00, 100, 7275, 1328, 715, P0, 0x0000000000000000
2026/09/17 07:19:35.091, 0, 79, 122.90, 100, 6999, 1316, 715, P0, 0x0000000000000020
2026/09/17 07:19:35.095, 1, 79, 170.75, 100, 7275, 1328, 715, P0, 0x0000000000000000
2026/09/17 07:19:36.106, 0, 79, 123.40, 100, 6999, 1316, 715, P0, 0x0000000000000020
2026/09/17 07:19:36.109, 1, 79, 126.61, 100, 7275, 1328, 715, P0, 0x0000000000000000
2026/09/17 07:19:37.119, 0, 79, 120.84, 100, 6999, 1316, 715, P0, 0x0000000000000020
2026/09/17 07:19:37.123, 1, 79, 126.85, 100, 7275, 1328, 715, P0, 0x0000000000000000
2026/09/17 07:19:38.131, 0, 79, 108.02, 100, 6999, 1252, 715, P0, 0x0000000000000000
2026/09/17 07:19:38.134, 1, 79, 126.19, 100, 7275, 1328, 715, P0, 0x0000000000000000
2026/09/17 07:19:39.143, 0, 79, 78.97, 100, 6999, 1303, 715, P0, 0x0000000000000000
2026/09/17 07:19:39.146, 1, 79, 182.29, 100, 7275, 1328, 715, P0, 0x0000000000000000
2026/09/17 07:19:40.159, 0, 79, 121.01, 100, 6999, 1303, 715, P0, 0x0000000000000020
2026/09/17 07:19:40.162, 1, 79, 126.85, 100, 7275, 1328, 715, P0, 0x0000000000000000
2026/09/17 07:19:41.174, 0, 79, 123.03, 100, 6999, 1316, 715, P0, 0x0000000000000020
2026/09/17 07:19:41.177, 1, 79, 112.15, 100, 7275, 1278, 715, P0, 0x0000000000000020
2026/09/17 07:19:42.184, 0, 79, 116.14, 100, 6999, 1303, 715, P0, 0x0000000000000000
2026/09/17 07:19:42.187, 1, 79, 112.00, 100, 7275, 1290, 715, P0, 0x0000000000000020
2026/09/17 07:19:43.198, 0, 79, 109.95, 100, 6999, 1139, 715, P0, 0x0000000000000020
2026/09/17 07:19:43.208, 1, 78, 84.71, 76, 7275, 1303, 715, P0, 0x0000000000000000
2026/09/17 07:19:44.213, 0, 79, 121.31, 100, 6999, 1303, 715, P0, 0x0000000000000020
2026/09/17 07:19:44.216, 1, 79, 124.48, 100, 7275, 1328, 715, P0, 0x0000000000000000
2026/09/17 07:19:45.225, 0, 79, 126.52, 100, 6999, 1328, 715, P0, 0x0000000000000000
2026/09/17 07:19:45.228, 1, 79, 124.95, 100, 7275, 1328, 715, P0, 0x0000000000000000
2026/09/17 07:19:46.237, 0, 79, 122.29, 100, 6999, 1316, 715, P0, 0x0000000000000000
2026/09/17 07:19:46.242, 1, 79, 119.04, 100, 7275, 1328, 715, P0, 0x0000000000000000
2026/09/17 07:19:47.255, 0, 79, 141.68, 100, 6999, 1189, 715, P0, 0x0000000000000020
2026/09/17 07:19:47.258, 1, 79, 143.58, 100, 7275, 1240, 715, P0, 0x0000000000000020
2026/09/17 07:19:48.271, 0, 79, 123.40, 100, 6999, 1316, 715, P0, 0x0000000000000000
2026/09/17 07:19:48.273, 1, 79, 124.95, 100, 7275, 1328, 715, P0, 0x0000000000000000
2026/09/17 07:19:49.282, 0, 79, 128.91, 100, 6999, 1328, 715, P0, 0x0000000000000000
2026/09/17 07:19:49.286, 1, 79, 124.45, 100, 7275, 1328, 715, P0, 0x0000000000000000
2026/09/17 07:19:50.300, 0, 79, 123.24, 100, 6999, 1328, 715, P0, 0x0000000000000000
2026/09/17 07:19:50.307, 1, 79, 123.10, 100, 7275, 1328, 715, P0, 0x0000000000000000
2026/09/17 07:19:51.317, 0, 79, 152.06, 100, 6999, 1215, 715, P0, 0x0000000000000020
2026/09/17 07:19:51.320, 1, 79, 102.33, 100, 7275, 1227, 715, P0, 0x0000000000000000
2026/09/17 07:19:52.335, 0, 79, 129.38, 100, 6999, 1328, 715, P0, 0x0000000000000000
2026/09/17 07:19:52.338, 1, 79, 125.17, 100, 7275, 1328, 715, P0, 0x0000000000000000
2026/09/17 07:19:53.347, 0, 79, 128.91, 100, 6999, 1328, 715, P0, 0x0000000000000000
2026/09/17 07:19:53.350, 1, 79, 124.69, 100, 7275, 1328, 715, P0, 0x0000000000000000
2026/09/17 07:19:54.365, 0, 79, 123.17, 100, 6999, 1328, 715, P0, 0x0000000000000000
2026/09/17 07:19:54.368, 1, 79, 122.39, 100, 7275, 1328, 715, P0, 0x0000000000000000
2026/09/17 07:19:55.381, 0, 79, 99.51, 100, 6999, 1189, 715, P0, 0x0000000000000000
2026/09/17 07:19:55.384, 1, 79, 118.70, 100, 7275, 1316, 715, P0, 0x0000000000000020
2026/09/17 07:19:56.397, 0, 79, 128.92, 100, 6999, 1328, 715, P0, 0x0000000000000000
2026/09/17 07:19:56.400, 1, 79, 80.96, 100, 7275, 1328, 715, P0, 0x0000000000000000
2026/09/17 07:19:57.412, 0, 79, 129.07, 100, 6999, 1328, 715, P0, 0x0000000000000000
2026/09/17 07:19:57.416, 1, 79, 124.69, 100, 7275, 1328, 715, P0, 0x0000000000000000
2026/09/17 07:19:58.426, 0, 79, 123.16, 100, 6999, 1328, 715, P0, 0x0000000000000000
2026/09/17 07:19:58.430, 1, 79, 124.95, 100, 7275, 1328, 715, P0, 0x0000000000000000
2026/09/17 07:19:59.440, 0, 79, 95.90, 97, 6999, 1189, 715, P0, 0x0000000000000000
2026/09/17 07:19:59.443, 1, 79, 118.46, 95, 7275, 1316, 715, P0, 0x0000000000000000
2026/09/17 07:20:00.454, 0, 79, 116.83, 100, 6999, 1278, 715, P0, 0x0000000000000020
2026/09/17 07:20:00.457, 1, 78, 78.18, 100, 7275, 1328, 715, P0, 0x0000000000000000
2026/09/17 07:20:01.470, 0, 79, 115.63, 100, 6999, 1278, 715, P0, 0x0000000000000020
2026/09/17 07:20:01.473, 1, 79, 124.98, 100, 7275, 1328, 715, P0, 0x0000000000000000
2026/09/17 07:20:02.482, 0, 79, 115.39, 100, 6999, 1278, 715, P0, 0x0000000000000020
2026/09/17 07:20:02.486, 1, 79, 125.04, 100, 7275, 1328, 715, P0, 0x0000000000000000
2026/09/17 07:20:03.496, 0, 78, 94.94, 100, 6999, 1189, 715, P0, 0x0000000000000000
2026/09/17 07:20:03.499, 1, 79, 123.00, 100, 7275, 1328, 715, P0, 0x0000000000000000
2026/09/17 07:20:04.503, 0, 79, 121.91, 100, 6999, 1303, 715, P0, 0x0000000000000020
2026/09/17 07:20:04.507, 1, 78, 58.46, 100, 7275, 1328, 715, P0, 0x0000000000000000
2026/09/17 07:20:05.519, 0, 79, 120.84, 100, 6999, 1303, 715, P0, 0x0000000000000020
2026/09/17 07:20:05.522, 1, 79, 126.16, 100, 7275, 1328, 715, P0, 0x0000000000000000
2026/09/17 07:20:06.535, 0, 79, 122.91, 100, 6999, 1328, 715, P0, 0x0000000000000000
2026/09/17 07:20:06.538, 1, 79, 124.95, 100, 7275, 1328, 715, P0, 0x0000000000000000
2026/09/17 07:20:07.547, 0, 79, 97.58, 100, 6999, 1189, 715, P0, 0x0000000000000000
2026/09/17 07:20:07.552, 1, 79, 121.32, 100, 7275, 1328, 715, P0, 0x0000000000000000
2026/09/17 07:20:08.560, 0, 79, 123.01, 100, 6999, 1328, 715, P0, 0x0000000000000000
2026/09/17 07:20:08.563, 1, 78, 163.56, 100, 7275, 1328, 715, P0, 0x0000000000000000
2026/09/17 07:20:09.574, 0, 79, 128.91, 100, 6999, 1328, 715, P0, 0x0000000000000000
2026/09/17 07:20:09.577, 1, 79, 125.17, 100, 7275, 1328, 715, P0, 0x0000000000000000
2026/09/17 07:20:10.588, 0, 79, 123.24, 100, 6999, 1328, 715, P0, 0x0000000000000000
2026/09/17 07:20:10.591, 1, 79, 126.39, 100, 7275, 1328, 715, P0, 0x0000000000000000
2026/09/17 07:20:11.602, 0, 79, 98.72, 100, 6999, 1189, 715, P0, 0x0000000000000000
2026/09/17 07:20:11.605, 1, 79, 127.00, 100, 7275, 1328, 715, P0, 0x0000000000000000
2026/09/17 07:20:12.612, 0, 79, 124.11, 100, 6999, 1328, 715, P0, 0x0000000000000000
2026/09/17 07:20:12.615, 1, 79, 81.49, 100, 7275, 1328, 715, P0, 0x0000000000000000
2026/09/17 07:20:13.626, 0, 79, 121.56, 100, 6999, 1316, 715, P0, 0x0000000000000020
2026/09/17 07:20:13.633, 1, 79, 124.96, 100, 7275, 1328, 715, P0, 0x0000000000000000
2026/09/17 07:20:14.642, 0, 79, 123.24, 100, 6999, 1328, 715, P0, 0x0000000000000000
2026/09/17 07:20:14.644, 1, 79, 124.95, 100, 7275, 1328, 715, P0, 0x0000000000000000
2026/09/17 07:20:15.655, 0, 79, 94.21, 97, 6999, 1189, 715, P0, 0x0000000000000000
2026/09/17 07:20:15.661, 1, 79, 126.54, 72, 7275, 1328, 715, P0, 0x0000000000000000
2026/09/17 07:20:16.668, 0, 79, 126.87, 100, 6999, 1328, 715, P0, 0x0000000000000000
2026/09/17 07:20:16.671, 1, 79, 98.40, 100, 7275, 1328, 715, P0, 0x0000000000000000
2026/09/17 07:20:17.683, 0, 79, 122.04, 100, 6999, 1316, 715, P0, 0x0000000000000000
2026/09/17 07:20:17.686, 1, 79, 127.09, 100, 7275, 1328, 715, P0, 0x0000000000000000
2026/09/17 07:20:18.699, 0, 79, 124.84, 100, 6999, 1328, 715, P0, 0x0000000000000000
2026/09/17 07:20:18.701, 1, 79, 126.62, 100, 7275, 1328, 715, P0, 0x0000000000000000
2026/09/17 07:20:19.715, 0, 79, 95.68, 100, 6999, 1189, 715, P0, 0x0000000000000000
2026/09/17 07:20:19.719, 1, 79, 109.71, 100, 7275, 1252, 715, P0, 0x0000000000000000
2026/09/17 07:20:20.728, 0, 79, 126.16, 100, 6999, 1328, 715, P0, 0x0000000000000000
2026/09/17 07:20:20.731, 1, 79, 90.29, 100, 7275, 1177, 715, P0, 0x0000000000000020
2026/09/17 07:20:21.739, 0, 79, 122.76, 100, 6999, 1328, 715, P0, 0x0000000000000000
2026/09/17 07:20:21.744, 1, 79, 124.48, 100, 7275, 1328, 715, P0, 0x0000000000000000
2026/09/17 07:20:22.753, 0, 79, 125.32, 100, 6999, 1328, 715, P0, 0x0000000000000000
2026/09/17 07:20:22.756, 1, 79, 122.80, 100, 7275, 1328, 715, P0, 0x0000000000000000
2026/09/17 07:20:23.766, 0, 79, 107.66, 100, 6999, 1265, 715, P0, 0x0000000000000000
2026/09/17 07:20:23.770, 1, 79, 103.21, 100, 7275, 1316, 715, P0, 0x0000000000000020
2026/09/17 07:20:24.783, 0, 79, 129.06, 100, 6999, 1328, 715, P0, 0x0000000000000000
2026/09/17 07:20:24.786, 1, 79, 82.15, 100, 7275, 1328, 715, P0, 0x0000000000000000
2026/09/17 07:20:25.798, 0, 79, 123.87, 100, 6999, 1328, 715, P0, 0x0000000000000000
2026/09/17 07:20:25.804, 1, 79, 124.95, 100, 7275, 1328, 715, P0, 0x0000000000000000
2026/09/17 07:20:26.812, 0, 79, 123.24, 100, 6999, 1328, 715, P0, 0x0000000000000000
2026/09/17 07:20:26.815, 1, 79, 123.28, 100, 7275, 1328, 715, P0, 0x0000000000000000
2026/09/17 07:20:27.828, 0, 79, 93.76, 100, 6999, 1189, 715, P0, 0x0000000000000000
2026/09/17 07:20:27.834, 1, 79, 112.12, 100, 7275, 1290, 715, P0, 0x0000000000000000
2026/09/17 07:20:28.839, 0, 79, 112.65, 100, 6999, 1278, 715, P0, 0x0000000000000020
2026/09/17 07:20:28.842, 1, 79, 89.64, 100, 7275, 1328, 715, P0, 0x0000000000000000
2026/09/17 07:20:29.853, 0, 79, 116.05, 100, 6999, 1278, 715, P0, 0x0000000000000020
2026/09/17 07:20:29.856, 1, 79, 124.56, 100, 7275, 1328, 715, P0, 0x0000000000000000
2026/09/17 07:20:30.865, 0, 79, 116.83, 100, 6999, 1303, 715, P0, 0x0000000000000020
2026/09/17 07:20:30.868, 1, 79, 124.80, 100, 7275, 1328, 715, P0, 0x0000000000000000
2026/09/17 07:20:31.879, 0, 79, 131.02, 100, 6999, 1088, 715, P0, 0x0000000000000000
2026/09/17 07:20:31.882, 1, 79, 145.77, 12, 7275, 1252, 715, P0, 0x0000000000000000
2026/09/17 07:20:32.896, 0, 79, 124.13, 100, 6999, 1328, 715, P0, 0x0000000000000000
2026/09/17 07:20:32.899, 1, 79, 124.46, 100, 7275, 1328, 715, P0, 0x0000000000000000
2026/09/17 07:20:33.908, 0, 79, 122.68, 100, 6999, 1316, 715, P0, 0x0000000000000020
2026/09/17 07:20:33.915, 1, 79, 124.46, 100, 7275, 1328, 715, P0, 0x0000000000000000
2026/09/17 07:20:34.929, 0, 79, 122.99, 100, 6999, 1316, 715, P0, 0x0000000000000000
2026/09/17 07:20:34.933, 1, 79, 122.39, 100, 7275, 1328, 715, P0, 0x0000000000000000
2026/09/17 07:20:35.940, 0, 79, 142.57, 100, 6999, 1189, 715, P0, 0x0000000000000020
2026/09/17 07:20:35.942, 1, 79, 111.88, 100, 7275, 1265, 715, P0, 0x0000000000000000
2026/09/17 07:20:36.952, 0, 79, 129.62, 100, 6999, 1328, 715, P0, 0x0000000000000000
2026/09/17 07:20:36.956, 1, 79, 125.40, 100, 7275, 1328, 715, P0, 0x0000000000000000
2026/09/17 07:20:37.966, 0, 79, 129.15, 100, 6999, 1328, 715, P0, 0x0000000000000000
2026/09/17 07:20:37.969, 1, 79, 125.17, 100, 7275, 1328, 715, P0, 0x0000000000000000
2026/09/17 07:20:38.977, 0, 79, 121.32, 100, 6999, 1328, 715, P0, 0x0000000000000000
2026/09/17 07:20:38.980, 1, 79, 123.04, 100, 7275, 1328, 715, P0, 0x0000000000000000
2026/09/17 07:20:39.991, 0, 79, 141.64, 100, 6999, 1151, 715, P0, 0x0000000000000000
2026/09/17 07:20:39.994, 1, 79, 170.76, 100, 7275, 1316, 715, P0, 0x0000000000000020
2026/09/17 07:20:41.000, 0, 80, 129.86, 100, 6999, 1328, 715, P0, 0x0000000000000000
2026/09/17 07:20:41.003, 1, 79, 124.93, 100, 7275, 1328, 715, P0, 0x0000000000000000
2026/09/17 07:20:42.012, 0, 79, 129.07, 100, 6999, 1328, 715, P0, 0x0000000000000000
2026/09/17 07:20:42.015, 1, 79, 124.93, 100, 7275, 1328, 715, P0, 0x0000000000000000
2026/09/17 07:20:43.026, 0, 79, 114.60, 100, 6999, 1290, 715, P0, 0x0000000000000000
2026/09/17 07:20:43.029, 1, 79, 126.16, 100, 7275, 1328, 715, P0, 0x0000000000000000
2026/09/17 07:20:44.040, 0, 79, 73.97, 100, 6999, 1278, 715, P0, 0x0000000000000000
2026/09/17 07:20:44.043, 1, 79, 171.45, 100, 7275, 1328, 715, P0, 0x0000000000000000
2026/09/17 07:20:45.055, 0, 79, 117.49, 100, 6999, 1278, 715, P0, 0x0000000000000020
2026/09/17 07:20:45.058, 1, 79, 126.64, 100, 7275, 1328, 715, P0, 0x0000000000000000
2026/09/17 07:20:46.067, 0, 79, 115.63, 100, 6999, 1278, 715, P0, 0x0000000000000020
2026/09/17 07:20:46.070, 1, 79, 125.21, 100, 7275, 1328, 715, P0, 0x0000000000000000
2026/09/17 07:20:47.079, 0, 79, 94.68, 100, 6999, 1189, 715, P0, 0x0000000000000000
2026/09/17 07:20:47.082, 1, 79, 125.10, 100, 7275, 1328, 715, P0, 0x0000000000000000
2026/09/17 07:20:48.097, 0, 79, 120.94, 100, 6999, 1303, 715, P0, 0x0000000000000020
2026/09/17 07:20:48.101, 1, 78, 58.94, 74, 7275, 1328, 715, P0, 0x0000000000000000
2026/09/17 07:20:49.111, 0, 79, 121.08, 100, 6999, 1316, 715, P0, 0x0000000000000020
2026/09/17 07:20:49.114, 1, 79, 126.40, 100, 7275, 1328, 715, P0, 0x0000000000000000
2026/09/17 07:20:50.128, 0, 79, 124.60, 100, 6999, 1328, 715, P0, 0x0000000000000000
2026/09/17 07:20:50.132, 1, 79, 126.62, 100, 7275, 1328, 715, P0, 0x0000000000000000
2026/09/17 07:20:51.145, 0, 79, 143.87, 100, 6999, 1177, 715, P0, 0x0000000000000000
2026/09/17 07:20:51.148, 1, 80, 126.98, 100, 7275, 1328, 715, P0, 0x0000000000000000
2026/09/17 07:20:52.161, 0, 79, 125.43, 100, 6999, 1328, 715, P0, 0x0000000000000000
2026/09/17 07:20:52.166, 1, 79, 102.18, 100, 7275, 1328, 715, P0, 0x0000000000000000
2026/09/17 07:20:53.178, 0, 79, 128.67, 100, 6999, 1328, 715, P0, 0x0000000000000000
2026/09/17 07:20:53.180, 1, 79, 124.93, 100, 7275, 1328, 715, P0, 0x0000000000000000
2026/09/17 07:20:54.192, 0, 79, 123.48, 100, 6999, 1328, 715, P0, 0x0000000000000000
2026/09/17 07:20:54.197, 1, 79, 123.52, 100, 7275, 1328, 715, P0, 0x0000000000000000
2026/09/17 07:20:55.208, 0, 79, 138.19, 100, 6999, 1164, 715, P0, 0x0000000000000020
2026/09/17 07:20:55.213, 1, 79, 148.73, 100, 7275, 1252, 715, P0, 0x0000000000000020
2026/09/17 07:20:56.222, 0, 79, 125.08, 100, 6999, 1328, 715, P0, 0x0000000000000000
2026/09/17 07:20:56.225, 1, 79, 124.95, 100, 7275, 1328, 715, P0, 0x0000000000000000
2026/09/17 07:20:57.234, 0, 79, 125.08, 100, 6999, 1316, 715, P0, 0x0000000000000020
2026/09/17 07:20:57.237, 1, 79, 124.96, 100, 7275, 1328, 715, P0, 0x0000000000000000
2026/09/17 07:20:58.244, 0, 79, 122.52, 100, 6999, 1328, 715, P0, 0x0000000000000000
2026/09/17 07:20:58.246, 1, 79, 122.87, 100, 7275, 1328, 715, P0, 0x0000000000000000
2026/09/17 07:20:59.259, 0, 79, 145.94, 100, 6999, 1113, 715, P0, 0x0000000000000020
2026/09/17 07:20:59.271, 1, 78, 152.82, 30, 7275, 1328, 715, P0, 0x0000000000000000
2026/09/17 07:21:00.275, 0, 79, 123.40, 100, 6999, 1328, 715, P0, 0x0000000000000000
2026/09/17 07:21:00.278, 1, 79, 125.42, 100, 7275, 1328, 715, P0, 0x0000000000000000
2026/09/17 07:21:01.296, 0, 79, 126.76, 100, 6999, 1328, 715, P0, 0x0000000000000000
2026/09/17 07:21:01.299, 1, 79, 125.43, 100, 7275, 1328, 715, P0, 0x0000000000000000
2026/09/17 07:21:02.314, 0, 79, 120.85, 100, 6999, 1316, 715, P0, 0x0000000000000000
2026/09/17 07:21:02.317, 1, 79, 119.28, 100, 7275, 1328, 715, P0, 0x0000000000000000
2026/09/17 07:21:03.326, 0, 79, 160.47, 100, 6999, 1240, 715, P0, 0x0000000000000020
2026/09/17 07:21:03.335, 1, 79, 166.96, 100, 7275, 1290, 715, P0, 0x0000000000000000
2026/09/17 07:21:04.339, 0, 79, 123.64, 100, 6999, 1316, 715, P0, 0x0000000000000000
2026/09/17 07:21:04.342, 1, 79, 125.65, 100, 7275, 1328, 715, P0, 0x0000000000000000
2026/09/17 07:21:05.355, 0, 79, 124.84, 100, 6999, 1328, 715, P0, 0x0000000000000000
2026/09/17 07:21:05.358, 1, 79, 124.46, 100, 7275, 1328, 715, P0, 0x0000000000000000
2026/09/17 07:21:06.373, 0, 79, 95.65, 100, 6999, 1189, 715, P0, 0x0000000000000000
2026/09/17 07:21:06.376, 1, 79, 123.00, 100, 7275, 1316, 715, P0, 0x0000000000000000
2026/09/17 07:21:07.387, 0, 79, 110.93, 100, 6999, 1265, 715, P0, 0x0000000000000000
2026/09/17 07:21:07.390, 1, 78, 162.29, 100, 7275, 1328, 715, P0, 0x0000000000000000
2026/09/17 07:21:08.398, 0, 79, 121.56, 100, 6999, 1303, 715, P0, 0x0000000000000020
2026/09/17 07:21:08.401, 1, 79, 125.20, 100, 7275, 1328, 715, P0, 0x0000000000000000
2026/09/17 07:21:09.414, 0, 79, 121.31, 100, 6999, 1303, 715, P0, 0x0000000000000020
2026/09/17 07:21:09.418, 1, 79, 124.96, 100, 7275, 1328, 715, P0, 0x0000000000000000
2026/09/17 07:21:10.428, 0, 79, 133.33, 97, 6999, 1088, 715, P0, 0x0000000000000020
2026/09/17 07:21:10.431, 1, 79, 132.87, 92, 7275, 1328, 715, P0, 0x0000000000000000
2026/09/17 07:21:11.441, 0, 79, 121.31, 100, 6999, 1303, 715, P0, 0x0000000000000020
2026/09/17 07:21:11.444, 1, 79, 127.09, 100, 7275, 1328, 715, P0, 0x0000000000000000
2026/09/17 07:21:12.456, 0, 79, 116.59, 100, 6999, 1303, 715, P0, 0x0000000000000020
2026/09/17 07:21:12.459, 1, 79, 124.73, 100, 7275, 1328, 715, P0, 0x0000000000000000
2026/09/17 07:21:13.472, 0, 79, 115.88, 100, 6999, 1303, 715, P0, 0x0000000000000000
2026/09/17 07:21:13.477, 1, 79, 124.32, 100, 7275, 1328, 715, P0, 0x0000000000000000
2026/09/17 07:21:14.490, 0, 79, 136.05, 100, 6999, 1139, 715, P0, 0x0000000000000020
2026/09/17 07:21:14.493, 1, 79, 120.45, 100, 7275, 1316, 715, P0, 0x0000000000000000
2026/09/17 07:21:15.504, 0, 79, 123.87, 100, 6999, 1328, 715, P0, 0x0000000000000000
2026/09/17 07:21:15.507, 1, 79, 124.95, 100, 7275, 1328, 715, P0, 0x0000000000000000
2026/09/17 07:21:16.519, 0, 79, 126.74, 100, 6999, 1328, 715, P0, 0x0000000000000000
2026/09/17 07:21:16.522, 1, 79, 126.36, 100, 7275, 1328, 715, P0, 0x0000000000000000
2026/09/17 07:21:17.533, 0, 79, 111.87, 100, 6999, 1278, 715, P0, 0x0000000000000000
2026/09/17 07:21:17.536, 1, 79, 119.37, 100, 7275, 1328, 715, P0, 0x0000000000000000
2026/09/17 07:21:18.546, 0, 79, 83.30, 100, 6999, 1328, 715, P0, 0x0000000000000000
2026/09/17 07:21:18.550, 1, 79, 178.10, 100, 7275, 1328, 715, P0, 0x0000000000000000
2026/09/17 07:21:19.560, 0, 79, 122.45, 100, 6999, 1316, 715, P0, 0x0000000000000000
2026/09/17 07:21:19.565, 1, 79, 124.95, 100, 7275, 1328, 715, P0, 0x0000000000000000
2026/09/17 07:21:20.575, 0, 79, 124.61, 100, 6999, 1328, 715, P0, 0x0000000000000000
2026/09/17 07:21:20.577, 1, 79, 125.19, 100, 7275, 1328, 715, P0, 0x0000000000000000
2026/09/17 07:21:21.588, 0, 79, 100.16, 97, 6999, 1189, 715, P0, 0x0000000000000000
2026/09/17 07:21:21.590, 1, 79, 126.52, 44, 7275, 1328, 715, P0, 0x0000000000000000
2026/09/17 07:21:22.605, 0, 79, 122.03, 100, 6999, 1316, 715, P0, 0x0000000000000020
2026/09/17 07:21:22.611, 1, 79, 126.62, 100, 7275, 1328, 715, P0, 0x0000000000000000
2026/09/17 07:21:23.619, 0, 79, 128.20, 100, 6999, 1328, 715, P0, 0x0000000000000000
2026/09/17 07:21:23.622, 1, 79, 124.95, 100, 7275, 1328, 715, P0, 0x0000000000000000
2026/09/17 07:21:24.634, 0, 79, 123.24, 100, 6999, 1316, 715, P0, 0x0000000000000000
2026/09/17 07:21:24.637, 1, 79, 123.28, 100, 7275, 1328, 715, P0, 0x0000000000000000
2026/09/17 07:21:25.646, 0, 79, 125.33, 100, 6999, 1139, 715, P0, 0x0000000000000020
2026/09/17 07:21:25.649, 1, 79, 115.91, 100, 7275, 1316, 715, P0, 0x0000000000000020
2026/09/17 07:21:26.659, 0, 79, 124.84, 100, 6999, 1328, 715, P0, 0x0000000000000000
2026/09/17 07:21:26.662, 1, 79, 125.65, 100, 7275, 1328, 715, P0, 0x0000000000000000
2026/09/17 07:21:27.675, 0, 79, 125.55, 100, 6999, 1328, 715, P0, 0x0000000000000000
2026/09/17 07:21:27.678, 1, 79, 125.19, 100, 7275, 1328, 715, P0, 0x0000000000000000
2026/09/17 07:21:28.689, 0, 79, 119.66, 100, 6999, 1316, 715, P0, 0x0000000000000000
2026/09/17 07:21:28.692, 1, 79, 119.52, 100, 7275, 1328, 715, P0, 0x0000000000000000
2026/09/17 07:21:29.704, 0, 79, 127.43, 100, 6999, 1316, 715, P0, 0x0000000000000000
2026/09/17 07:21:29.711, 1, 79, 150.85, 100, 7275, 1290, 715, P0, 0x0000000000000000
2026/09/17 07:21:30.715, 0, 79, 123.46, 100, 6999, 1328, 715, P0, 0x0000000000000000
2026/09/17 07:21:30.718, 1, 79, 125.65, 100, 7275, 1328, 715, P0, 0x0000000000000000
2026/09/17 07:21:31.733, 0, 79, 123.48, 100, 6999, 1328, 715, P0, 0x0000000000000000
2026/09/17 07:21:31.736, 1, 79, 125.19, 100, 7275, 1328, 715, P0, 0x0000000000000000
2026/09/17 07:21:32.747, 0, 79, 95.42, 97, 6999, 1189, 715, P0, 0x0000000000000000
2026/09/17 07:21:32.753, 1, 79, 118.70, 100, 7275, 1316, 715, P0, 0x0000000000000000
2026/09/17 07:21:33.764, 0, 79, 110.42, 100, 6999, 1265, 715, P0, 0x0000000000000020
2026/09/17 07:21:33.764, 1, 79, 125.05, 100, 7275, 1328, 715, P0, 0x0000000000000000
2026/09/17 07:21:34.777, 0, 79, 115.57, 100, 6999, 1278, 715, P0, 0x0000000000000020
2026/09/17 07:21:34.780, 1, 79, 124.98, 100, 7275, 1328, 715, P0, 0x0000000000000000
2026/09/17 07:21:35.791, 0, 79, 120.13, 100, 6999, 1303, 715, P0, 0x0000000000000000
2026/09/17 07:21:35.795, 1, 79, 124.96, 100, 7275, 1328, 715, P0, 0x0000000000000000
2026/09/17 07:21:36.803, 0, 79, 138.87, 100, 6999, 1151, 715, P0, 0x0000000000000000
2026/09/17 07:21:36.806, 1, 79, 121.56, 100, 7275, 1316, 715, P0, 0x0000000000000000
2026/09/17 07:21:37.818, 0, 79, 123.48, 100, 6999, 1316, 715, P0, 0x0000000000000020
2026/09/17 07:21:37.821, 1, 79, 125.18, 100, 7275, 1328, 715, P0, 0x0000000000000000
2026/09/17 07:21:38.835, 0, 79, 125.31, 100, 6999, 1316, 715, P0, 0x0000000000000020
2026/09/17 07:21:38.844, 1, 79, 125.19, 100, 7275, 1328, 715, P0, 0x0000000000000000
2026/09/17 07:21:39.862, 0, 79, 102.81, 100, 6999, 1303, 715, P0, 0x0000000000000020
2026/09/17 07:21:39.866, 1, 79, 123.39, 100, 7275, 1328, 715, P0, 0x0000000000000000
2026/09/17 07:21:40.877, 0, 79, 78.71, 100, 6999, 1316, 715, P0, 0x0000000000000020
2026/09/17 07:21:40.881, 1, 79, 173.37, 100, 7275, 1316, 715, P0, 0x0000000000000020
2026/09/17 07:21:41.893, 0, 79, 125.08, 100, 6999, 1328, 715, P0, 0x0000000000000000
2026/09/17 07:21:41.896, 1, 79, 125.89, 100, 7275, 1328, 715, P0, 0x0000000000000000
2026/09/17 07:21:42.907, 0, 79, 123.16, 100, 6999, 1328, 715, P0, 0x0000000000000000
2026/09/17 07:21:42.910, 1, 79, 124.95, 100, 7275, 1328, 715, P0, 0x0000000000000000
2026/09/17 07:21:43.921, 0, 79, 92.61, 97, 6999, 1177, 715, P0, 0x0000000000000000
2026/09/17 07:21:43.931, 1, 79, 109.24, 90, 7275, 1252, 715, P0, 0x0000000000000000
2026/09/17 07:21:44.937, 0, 79, 124.35, 100, 6999, 1316, 715, P0, 0x0000000000000020
2026/09/17 07:21:44.940, 1, 79, 124.95, 100, 7275, 1328, 715, P0, 0x0000000000000000
2026/09/17 07:21:45.952, 0, 79, 124.11, 100, 6999, 1316, 715, P0, 0x0000000000000020
2026/09/17 07:21:45.956, 1, 79, 124.95, 100, 7275, 1328, 715, P0, 0x0000000000000000
2026/09/17 07:21:46.967, 0, 79, 116.36, 100, 6999, 1303, 715, P0, 0x0000000000000000
2026/09/17 07:21:46.970, 1, 79, 119.36, 100, 7275, 1328, 715, P0, 0x0000000000000000
2026/09/17 07:21:47.981, 0, 79, 139.62, 100, 6999, 1126, 715, P0, 0x0000000000000020
2026/09/17 07:21:47.984, 1, 79, 149.69, 100, 7275, 1252, 715, P0, 0x0000000000000000
2026/09/17 07:21:48.998, 0, 79, 123.46, 100, 6999, 1316, 715, P0, 0x0000000000000020
2026/09/17 07:21:49.001, 1, 79, 125.65, 100, 7275, 1328, 715, P0, 0x0000000000000000
2026/09/17 07:21:50.012, 0, 79, 121.31, 100, 6999, 1303, 715, P0, 0x0000000000000020
2026/09/17 07:21:50.015, 1, 79, 124.72, 100, 7275, 1328, 715, P0, 0x0000000000000000
2026/09/17 07:21:51.032, 0, 79, 95.65, 100, 6999, 1189, 715, P0, 0x0000000000000000
2026/09/17 07:21:51.035, 1, 79, 121.34, 100, 7275, 1316, 715, P0, 0x0000000000000000
2026/09/17 07:21:52.046, 0, 79, 125.32, 100, 6999, 1328, 715, P0, 0x0000000000000000
2026/09/17 07:21:52.051, 1, 79, 78.11, 100, 7275, 1328, 715, P0, 0x0000000000000000
2026/09/17 07:21:53.058, 0, 79, 124.18, 100, 6999, 1316, 715, P0, 0x0000000000000020
2026/09/17 07:21:53.061, 1, 79, 124.95, 100, 7275, 1328, 715, P0, 0x0000000000000000
2026/09/17 07:21:54.073, 0, 79, 121.07, 100, 6999, 1303, 715, P0, 0x0000000000000000
2026/09/17 07:21:54.076, 1, 79, 124.96, 100, 7275, 1328, 715, P0, 0x0000000000000000
2026/09/17 07:21:55.086, 0, 79, 141.13, 97, 6999, 1075, 715, P0, 0x0000000000000020
2026/09/17 07:21:55.098, 1, 79, 167.47, 51, 7275, 1290, 715, P0, 0x0000000000000020
2026/09/17 07:21:56.104, 0, 79, 122.04, 100, 6999, 1316, 715, P0, 0x0000000000000020
2026/09/17 07:21:56.107, 1, 79, 124.72, 100, 7275, 1328, 715, P0, 0x0000000000000000
2026/09/17 07:21:57.124, 0, 79, 123.24, 100, 6999, 1328, 715, P0, 0x0000000000000000
2026/09/17 07:21:57.127, 1, 79, 125.43, 100, 7275, 1328, 715, P0, 0x0000000000000000
2026/09/17 07:21:58.139, 0, 79, 115.88, 100, 6999, 1303, 715, P0, 0x0000000000000000
2026/09/17 07:21:58.142, 1, 79, 119.53, 100, 7275, 1328, 715, P0, 0x0000000000000000
2026/09/17 07:21:59.152, 0, 79, 80.71, 100, 6999, 1316, 715, P0, 0x0000000000000020
2026/09/17 07:21:59.156, 1, 79, 158.27, 100, 7275, 1278, 715, P0, 0x0000000000000020
2026/09/17 07:22:00.168, 0, 79, 123.24, 100, 6999, 1328, 715, P0, 0x0000000000000000
2026/09/17 07:22:00.170, 1, 79, 125.19, 100, 7275, 1328, 715, P0, 0x0000000000000000
2026/09/17 07:22:01.185, 0, 79, 123.24, 100, 6999, 1316, 715, P0, 0x0000000000000020
2026/09/17 07:22:01.188, 1, 79, 124.72, 100, 7275, 1328, 715, P0, 0x0000000000000000
2026/09/17 07:22:02.206, 0, 79, 138.10, 100, 6999, 1151, 715, P0, 0x0000000000000000
2026/09/17 07:22:02.209, 1, 79, 121.81, 100, 7275, 1316, 715, P0, 0x0000000000000000
2026/09/17 07:22:03.222, 0, 79, 124.60, 100, 6999, 1328, 715, P0, 0x0000000000000000
2026/09/17 07:22:03.225, 1, 79, 124.95, 100, 7275, 1328, 715, P0, 0x0000000000000000
2026/09/17 07:22:04.239, 0, 79, 123.94, 100, 6999, 1316, 715, P0, 0x0000000000000020
2026/09/17 07:22:04.242, 1, 79, 124.95, 100, 7275, 1328, 715, P0, 0x0000000000000000
2026/09/17 07:22:05.255, 0, 79, 120.85, 100, 6999, 1303, 715, P0, 0x0000000000000000
2026/09/17 07:22:05.258, 1, 79, 123.28, 100, 7275, 1328, 715, P0, 0x0000000000000000
2026/09/17 07:22:06.267, 0, 79, 162.38, 100, 6999, 1240, 715, P0, 0x0000000000000020
2026/09/17 07:22:06.270, 1, 78, 58.10, 95, 7275, 1328, 715, P0, 0x0000000000000000
2026/09/17 07:22:07.280, 0, 79, 122.92, 100, 6999, 1316, 715, P0, 0x0000000000000020
2026/09/17 07:22:07.283, 1, 79, 126.85, 100, 7275, 1328, 715, P0, 0x0000000000000000
2026/09/17 07:22:08.299, 0, 79, 121.56, 100, 6999, 1303, 715, P0, 0x0000000000000020
2026/09/17 07:22:08.301, 1, 79, 125.20, 100, 7275, 1328, 715, P0, 0x0000000000000000
2026/09/17 07:22:09.312, 0, 79, 96.14, 100, 6999, 1189, 715, P0, 0x0000000000000000
2026/09/17 07:22:09.315, 1, 79, 117.56, 100, 7275, 1328, 715, P0, 0x0000000000000000
2026/09/17 07:22:10.327, 0, 79, 124.10, 100, 6999, 1316, 715, P0, 0x0000000000000020
2026/09/17 07:22:10.330, 1, 79, 85.29, 100, 7275, 1328, 715, P0, 0x0000000000000000
2026/09/17 07:22:11.342, 0, 79, 121.56, 100, 6999, 1303, 715, P0, 0x0000000000000020
2026/09/17 07:22:11.345, 1, 79, 125.20, 100, 7275, 1328, 715, P0, 0x0000000000000000
2026/09/17 07:22:12.356, 0, 79, 115.65, 100, 6999, 1303, 715, P0, 0x0000000000000000
2026/09/17 07:22:12.360, 1, 79, 118.82, 100, 7275, 1328, 715, P0, 0x0000000000000000
2026/09/17 07:22:13.373, 0, 79, 164.36, 100, 6999, 1202, 715, P0, 0x0000000000000020
2026/09/17 07:22:13.384, 1, 79, 152.98, 100, 7275, 1252, 715, P0, 0x0000000000000000
2026/09/17 07:22:14.392, 0, 79, 121.56, 100, 6999, 1303, 715, P0, 0x0000000000000020
2026/09/17 07:22:14.395, 1, 79, 124.96, 100, 7275, 1328, 715, P0, 0x0000000000000000
2026/09/17 07:22:15.404, 0, 79, 121.08, 100, 6999, 1316, 715, P0, 0x0000000000000020
2026/09/17 07:22:15.407, 1, 79, 124.72, 100, 7275, 1328, 715, P0, 0x0000000000000000
2026/09/17 07:22:16.418, 0, 79, 95.90, 100, 6999, 1189, 715, P0, 0x0000000000000000
2026/09/17 07:22:16.423, 1, 79, 119.18, 100, 7275, 1316, 715, P0, 0x0000000000000000
2026/09/17 07:22:17.434, 0, 79, 122.75, 100, 6999, 1316, 715, P0, 0x0000000000000020
2026/09/17 07:22:17.437, 1, 79, 80.28, 100, 7275, 1328, 715, P0, 0x0000000000000000
2026/09/17 07:22:18.450, 0, 79, 121.97, 100, 6999, 1303, 715, P0, 0x0000000000000020
2026/09/17 07:22:18.453, 1, 79, 124.72, 100, 7275, 1328, 715, P0, 0x0000000000000000
2026/09/17 07:22:19.465, 0, 79, 120.85, 100, 6999, 1303, 715, P0, 0x0000000000000020
2026/09/17 07:22:19.468, 1, 79, 122.87, 100, 7275, 1328, 715, P0, 0x0000000000000000
2026/09/17 07:22:20.481, 0, 79, 152.56, 100, 6999, 1240, 715, P0, 0x0000000000000020
2026/09/17 07:22:20.484, 1, 79, 145.25, 100, 7275, 1227, 715, P0, 0x0000000000000000
2026/09/17 07:22:21.494, 0, 79, 121.31, 100, 6999, 1303, 715, P0, 0x0000000000000020
2026/09/17 07:22:21.497, 1, 79, 124.96, 100, 7275, 1328, 715, P0, 0x0000000000000000
2026/09/17 07:22:22.506, 0, 79, 121.31, 100, 6999, 1303, 715, P0, 0x0000000000000020
2026/09/17 07:22:22.507, 1, 79, 124.72, 100, 7275, 1328, 715, P0, 0x0000000000000000
2026/09/17 07:22:23.523, 0, 79, 99.71, 97, 6999, 1151, 715, P0, 0x0000000000000000
2026/09/17 07:22:23.526, 1, 79, 115.17, 100, 7275, 1316, 715, P0, 0x0000000000000020
2026/09/17 07:22:24.534, 0, 79, 123.64, 100, 6999, 1316, 715, P0, 0x0000000000000020
2026/09/17 07:22:24.540, 1, 79, 124.95, 100, 7275, 1328, 715, P0, 0x0000000000000000
2026/09/17 07:22:25.545, 0, 79, 123.72, 100, 6999, 1316, 715, P0, 0x0000000000000020
2026/09/17 07:22:25.548, 1, 79, 124.95, 100, 7275, 1328, 715, P0, 0x0000000000000000
2026/09/17 07:22:26.561, 0, 79, 115.64, 100, 6999, 1303, 715, P0, 0x0000000000000000
2026/09/17 07:22:26.565, 1, 79, 119.29, 100, 7275, 1328, 715, P0, 0x0000000000000000
2026/09/17 07:22:27.572, 0, 79, 139.67, 100, 6999, 1316, 715, P0, 0x0000000000000020
2026/09/17 07:22:27.574, 1, 79, 157.97, 100, 7275, 1265, 715, P0, 0x0000000000000000
2026/09/17 07:22:28.587, 0, 79, 121.32, 100, 6999, 1303, 715, P0, 0x0000000000000000
2026/09/17 07:22:28.590, 1, 79, 125.68, 100, 7275, 1328, 715, P0, 0x0000000000000000
2026/09/17 07:22:29.604, 0, 79, 121.07, 100, 6999, 1316, 715, P0, 0x0000000000000000
2026/09/17 07:22:29.608, 1, 79, 124.54, 100, 7275, 1328, 715, P0, 0x0000000000000000
2026/09/17 07:22:30.622, 0, 79, 129.51, 100, 6999, 1151, 715, P0, 0x0000000000000000
2026/09/17 07:22:30.631, 1, 79, 117.21, 100, 7275, 1303, 715, P0, 0x0000000000000000
2026/09/17 07:22:31.636, 0, 79, 123.72, 100, 6999, 1316, 715, P0, 0x0000000000000020
2026/09/17 07:22:31.639, 1, 79, 124.95, 100, 7275, 1328, 715, P0, 0x0000000000000000
2026/09/17 07:22:32.653, 0, 79, 123.95, 100, 6999, 1316, 715, P0, 0x0000000000000020
2026/09/17 07:22:32.656, 1, 79, 124.95, 100, 7275, 1328, 715, P0, 0x0000000000000000
2026/09/17 07:22:33.669, 0, 79, 120.36, 100, 6999, 1290, 715, P0, 0x0000000000000000
2026/09/17 07:22:33.672, 1, 79, 122.80, 100, 7275, 1328, 715, P0, 0x0000000000000000
2026/09/17 07:22:34.690, 0, 79, 138.05, 100, 6999, 1316, 715, P0, 0x0000000000000000
2026/09/17 07:22:34.693, 1, 78, 58.37, 100, 7275, 1328, 715, P0, 0x0000000000000000
2026/09/17 07:22:35.703, 0, 79, 123.41, 100, 6999, 1316, 715, P0, 0x0000000000000020
2026/09/17 07:22:35.706, 1, 79, 124.46, 100, 7275, 1328, 715, P0, 0x0000000000000000
2026/09/17 07:22:36.717, 0, 79, 121.01, 100, 6999, 1303, 715, P0, 0x0000000000000020
2026/09/17 07:22:36.719, 1, 79, 124.95, 100, 7275, 1328, 715, P0, 0x0000000000000000
2026/09/17 07:22:37.728, 0, 79, 145.13, 100, 6999, 1164, 715, P0, 0x0000000000000020
2026/09/17 07:22:37.739, 1, 79, 109.50, 100, 7275, 1316, 715, P0, 0x0000000000000020
2026/09/17 07:22:38.760, 0, 79, 116.35, 100, 6999, 1290, 715, P0, 0x0000000000000000
2026/09/17 07:22:38.763, 1, 79, 125.52, 100, 7275, 1328, 715, P0, 0x0000000000000000
2026/09/17 07:22:39.772, 0, 79, 115.87, 100, 6999, 1278, 715, P0, 0x0000000000000020
2026/09/17 07:22:39.775, 1, 79, 124.98, 100, 7275, 1328, 715, P0, 0x0000000000000000
2026/09/17 07:22:40.790, 0, 79, 108.52, 100, 6999, 1252, 715, P0, 0x0000000000000000
2026/09/17 07:22:40.795, 1, 79, 118.67, 100, 7275, 1328, 715, P0, 0x0000000000000000
2026/09/17 07:22:41.806, 0, 79, 117.57, 100, 6999, 1278, 715, P0, 0x0000000000000020
2026/09/17 07:22:41.809, 1, 79, 108.21, 100, 7275, 1328, 715, P0, 0x0000000000000000
2026/09/17 07:22:42.818, 0, 79, 119.64, 100, 6999, 1278, 715, P0, 0x0000000000000020
2026/09/17 07:22:42.821, 1, 79, 125.20, 100, 7275, 1328, 715, P0, 0x0000000000000000
2026/09/17 07:22:43.834, 0, 79, 111.81, 100, 6999, 1278, 715, P0, 0x0000000000000000
2026/09/17 07:22:43.837, 1, 79, 124.75, 100, 7275, 1328, 715, P0, 0x0000000000000000
2026/09/17 07:22:44.847, 0, 78, 74.35, 100, 6999, 1278, 715, P0, 0x0000000000000000
2026/09/17 07:22:44.849, 1, 79, 128.34, 100, 7275, 1252, 715, P0, 0x0000000000000000
2026/09/17 07:22:45.865, 0, 79, 117.49, 100, 6999, 1278, 715, P0, 0x0000000000000020
2026/09/17 07:22:45.868, 1, 79, 125.68, 100, 7275, 1328, 715, P0, 0x0000000000000000
2026/09/17 07:22:46.881, 0, 79, 114.68, 100, 6999, 1278, 715, P0, 0x0000000000000000
2026/09/17 07:22:46.885, 1, 79, 122.17, 100, 7275, 1328, 715, P0, 0x0000000000000000
2026/09/17 07:22:47.900, 0, 79, 133.56, 100, 6999, 1139, 715, P0, 0x0000000000000020
2026/09/17 07:22:47.908, 1, 79, 156.19, 100, 7275, 1278, 715, P0, 0x0000000000000020
2026/09/17 07:22:48.912, 0, 79, 128.90, 100, 6999, 1328, 715, P0, 0x0000000000000000
2026/09/17 07:22:48.915, 1, 79, 125.17, 100, 7275, 1328, 715, P0, 0x0000000000000000
2026/09/17 07:22:49.926, 0, 79, 124.84, 100, 6999, 1328, 715, P0, 0x0000000000000000
2026/09/17 07:22:49.929, 1, 79, 125.19, 100, 7275, 1328, 715, P0, 0x0000000000000000
2026/09/17 07:22:50.942, 0, 79, 98.96, 100, 6999, 1316, 715, P0, 0x0000000000000020
2026/09/17 07:22:50.951, 1, 79, 121.23, 100, 7275, 1328, 715, P0, 0x0000000000000000
2026/09/17 07:22:51.970, 0, 79, 123.22, 100, 6999, 1328, 715, P0, 0x0000000000000000
2026/09/17 07:22:51.973, 1, 79, 75.50, 100, 7275, 1328, 715, P0, 0x0000000000000000
2026/09/17 07:22:52.984, 0, 79, 128.83, 100, 6999, 1328, 715, P0, 0x0000000000000000
2026/09/17 07:22:52.988, 1, 79, 124.69, 100, 7275, 1328, 715, P0, 0x0000000000000000
2026/09/17 07:22:54.001, 0, 79, 122.93, 100, 6999, 1328, 715, P0, 0x0000000000000000
2026/09/17 07:22:54.004, 1, 79, 124.46, 100, 7275, 1328, 715, P0, 0x0000000000000000
2026/09/17 07:22:55.014, 0, 79, 146.05, 100, 6999, 1189, 715, P0, 0x0000000000000020
2026/09/17 07:22:55.017, 1, 79, 181.07, 100, 7275, 1316, 715, P0, 0x0000000000000020
2026/09/17 07:22:56.034, 0, 79, 129.14, 100, 6999, 1328, 715, P0, 0x0000000000000000
2026/09/17 07:22:56.037, 1, 79, 125.64, 100, 7275, 1328, 715, P0, 0x0000000000000000
2026/09/17 07:22:57.048, 0, 79, 116.11, 100, 6999, 1278, 715, P0, 0x0000000000000020
2026/09/17 07:22:57.051, 1, 79, 125.28, 100, 7275, 1328, 715, P0, 0x0000000000000000
2026/09/17 07:22:58.064, 0, 79, 132.02, 97, 6999, 1088, 715, P0, 0x0000000000000000
2026/09/17 07:22:58.070, 1, 79, 117.97, 33, 7275, 1278, 715, P0, 0x0000000000000000
2026/09/17 07:22:59.078, 0, 79, 123.17, 100, 6999, 1316, 715, P0, 0x0000000000000020
2026/09/17 07:22:59.081, 1, 79, 125.19, 100, 7275, 1328, 715, P0, 0x0000000000000000
2026/09/17 07:23:00.090, 0, 79, 123.41, 100, 6999, 1316, 715, P0, 0x0000000000000020
2026/09/17 07:23:00.093, 1, 79, 125.43, 100, 7275, 1328, 715, P0, 0x0000000000000000
2026/09/17 07:23:01.103, 0, 79, 99.21, 100, 6999, 1189, 715, P0, 0x0000000000000000
2026/09/17 07:23:01.106, 1, 79, 121.08, 100, 7275, 1316, 715, P0, 0x0000000000000000
2026/09/17 07:23:02.116, 0, 79, 123.25, 100, 6999, 1316, 715, P0, 0x0000000000000020
2026/09/17 07:23:02.120, 1, 79, 156.98, 100, 7275, 1328, 715, P0, 0x0000000000000000
2026/09/17 07:23:03.130, 0, 79, 121.31, 100, 6999, 1303, 715, P0, 0x0000000000000020
2026/09/17 07:23:03.132, 1, 79, 124.96, 100, 7275, 1328, 715, P0, 0x0000000000000000
2026/09/17 07:23:04.146, 0, 79, 120.85, 100, 6999, 1316, 715, P0, 0x0000000000000020
2026/09/17 07:23:04.151, 1, 79, 122.63, 100, 7275, 1328, 715, P0, 0x0000000000000000
2026/09/17 07:23:05.161, 0, 79, 152.26, 100, 6999, 1215, 715, P0, 0x0000000000000020
2026/09/17 07:23:05.163, 1, 79, 173.03, 100, 7275, 1303, 715, P0, 0x0000000000000020
2026/09/17 07:23:06.175, 0, 79, 121.56, 100, 6999, 1303, 715, P0, 0x0000000000000020
2026/09/17 07:23:06.178, 1, 79, 124.96, 100, 7275, 1328, 715, P0, 0x0000000000000000
2026/09/17 07:23:07.189, 0, 79, 123.00, 100, 6999, 1316, 715, P0, 0x0000000000000020
2026/09/17 07:23:07.192, 1, 79, 124.96, 100, 7275, 1328, 715, P0, 0x0000000000000000
2026/09/17 07:23:08.205, 0, 79, 99.70, 100, 6999, 1189, 715, P0, 0x0000000000000000
2026/09/17 07:23:08.213, 1, 79, 119.42, 100, 7275, 1328, 715, P0, 0x0000000000000000
2026/09/17 07:23:09.219, 0, 79, 123.17, 100, 6999, 1316, 715, P0, 0x0000000000000020
2026/09/17 07:23:09.221, 1, 79, 125.19, 100, 7275, 1328, 715, P0, 0x0000000000000000
2026/09/17 07:23:10.236, 0, 79, 123.17, 100, 6999, 1316, 715, P0, 0x0000000000000020
2026/09/17 07:23:10.239, 1, 79, 124.96, 100, 7275, 1328, 715, P0, 0x0000000000000000
2026/09/17 07:23:11.251, 0, 79, 112.29, 100, 6999, 1278, 715, P0, 0x0000000000000000
2026/09/17 07:23:11.254, 1, 79, 119.55, 100, 7275, 1328, 715, P0, 0x0000000000000000
2026/09/17 07:23:12.268, 0, 79, 121.78, 100, 6999, 1303, 715, P0, 0x0000000000000020
2026/09/17 07:23:12.271, 1, 79, 78.36, 100, 7275, 1328, 715, P0, 0x0000000000000000
2026/09/17 07:23:13.284, 0, 79, 123.24, 100, 6999, 1316, 715, P0, 0x0000000000000020
2026/09/17 07:23:13.287, 1, 79, 124.95, 100, 7275, 1328, 715, P0, 0x0000000000000000
2026/09/17 07:23:14.299, 0, 79, 119.17, 100, 6999, 1303, 715, P0, 0x0000000000000000
2026/09/17 07:23:14.301, 1, 79, 125.20, 100, 7275, 1328, 715, P0, 0x0000000000000000
2026/09/17 07:23:15.315, 0, 79, 133.97, 100, 6999, 1139, 715, P0, 0x0000000000000020
2026/09/17 07:23:15.320, 1, 78, 58.26, 54, 7275, 1328, 715, P0, 0x0000000000000000
2026/09/17 07:23:16.328, 0, 79, 121.78, 100, 6999, 1303, 715, P0, 0x0000000000000020
2026/09/17 07:23:16.331, 1, 79, 127.34, 100, 7275, 1328, 715, P0, 0x0000000000000000
2026/09/17 07:23:17.345, 0, 79, 121.08, 100, 6999, 1303, 715, P0, 0x0000000000000020
2026/09/17 07:23:17.348, 1, 79, 124.96, 100, 7275, 1328, 715, P0, 0x0000000000000000
2026/09/17 07:23:18.359, 0, 79, 128.61, 100, 6999, 1139, 715, P0, 0x0000000000000000
2026/09/17 07:23:18.362, 1, 79, 125.15, 100, 7275, 1328, 715, P0, 0x0000000000000000
2026/09/17 07:23:19.374, 0, 79, 121.31, 100, 6999, 1303, 715, P0, 0x0000000000000020
2026/09/17 07:23:19.378, 1, 79, 124.96, 100, 7275, 1328, 715, P0, 0x0000000000000000
2026/09/17 07:23:20.391, 0, 79, 123.24, 100, 6999, 1316, 715, P0, 0x0000000000000020
2026/09/17 07:23:20.394, 1, 79, 125.19, 100, 7275, 1328, 715, P0, 0x0000000000000000
2026/09/17 07:23:21.404, 0, 79, 95.41, 100, 6999, 1189, 715, P0, 0x0000000000000000
2026/09/17 07:23:21.407, 1, 79, 126.30, 100, 7275, 1328, 715, P0, 0x0000000000000000
2026/09/17 07:23:22.420, 0, 79, 121.54, 100, 6999, 1303, 715, P0, 0x0000000000000020
2026/09/17 07:23:22.423, 1, 79, 127.09, 100, 7275, 1328, 715, P0, 0x0000000000000000
2026/09/17 07:23:23.435, 0, 79, 122.27, 100, 6999, 1316, 715, P0, 0x0000000000000020
2026/09/17 07:23:23.438, 1, 79, 124.96, 100, 7275, 1328, 715, P0, 0x0000000000000000
2026/09/17 07:23:24.451, 0, 79, 120.85, 100, 6999, 1316, 715, P0, 0x0000000000000000
2026/09/17 07:23:24.456, 1, 79, 119.52, 100, 7275, 1328, 715, P0, 0x0000000000000000
2026/09/17 07:23:25.465, 0, 79, 80.41, 100, 6999, 1328, 715, P0, 0x0000000000000000
2026/09/17 07:23:25.468, 1, 79, 161.18, 100, 7275, 1278, 715, P0, 0x0000000000000000
2026/09/17 07:23:26.476, 0, 79, 128.60, 100, 6999, 1328, 715, P0, 0x0000000000000000
2026/09/17 07:23:26.480, 1, 79, 125.17, 100, 7275, 1328, 715, P0, 0x0000000000000000
2026/09/17 07:23:27.487, 0, 79, 111.79, 100, 6999, 1278, 715, P0, 0x0000000000000000
2026/09/17 07:23:27.490, 1, 79, 124.57, 100, 7275, 1328, 715, P0, 0x0000000000000000
2026/09/17 07:23:28.500, 0, 79, 142.37, 100, 6999, 1101, 715, P0, 0x0000000000000020
2026/09/17 07:23:28.507, 1, 80, 154.59, 100, 7275, 1278, 715, P0, 0x0000000000000000
2026/09/17 07:23:29.517, 0, 79, 118.21, 100, 6999, 1278, 715, P0, 0x0000000000000020
2026/09/17 07:23:29.521, 1, 79, 125.68, 100, 7275, 1328, 715, P0, 0x0000000000000000
2026/09/17 07:23:30.532, 0, 79, 119.88, 100, 6999, 1303, 715, P0, 0x0000000000000000
2026/09/17 07:23:30.535, 1, 79, 124.96, 100, 7275, 1328, 715, P0, 0x0000000000000000
2026/09/17 07:23:31.547, 0, 79, 134.61, 100, 6999, 1139, 715, P0, 0x0000000000000000
2026/09/17 07:23:31.550, 1, 79, 121.59, 100, 7275, 1316, 715, P0, 0x0000000000000000
2026/09/17 07:23:32.564, 0, 79, 121.35, 100, 6999, 1303, 715, P0, 0x0000000000000020
2026/09/17 07:23:32.567, 1, 79, 112.17, 100, 7275, 1265, 715, P0, 0x0000000000000020
2026/09/17 07:23:33.581, 0, 79, 121.56, 100, 6999, 1303, 715, P0, 0x0000000000000020
2026/09/17 07:23:33.584, 1, 79, 124.54, 100, 7275, 1328, 715, P0, 0x0000000000000000
2026/09/17 07:23:34.599, 0, 79, 107.08, 100, 6999, 1278, 715, P0, 0x0000000000000000
2026/09/17 07:23:34.604, 1, 79, 113.15, 100, 7275, 1316, 715, P0, 0x0000000000000020
2026/09/17 07:23:35.617, 0, 79, 121.49, 100, 6999, 1303, 715, P0, 0x0000000000000020
2026/09/17 07:23:35.620, 1, 79, 124.95, 100, 7275, 1328, 715, P0, 0x0000000000000000
2026/09/17 07:23:36.634, 0, 79, 121.31, 100, 6999, 1303, 715, P0, 0x0000000000000020
2026/09/17 07:23:36.637, 1, 79, 124.72, 100, 7275, 1328, 715, P0, 0x0000000000000000
2026/09/17 07:23:37.650, 0, 79, 115.88, 100, 6999, 1303, 715, P0, 0x0000000000000000
2026/09/17 07:23:37.653, 1, 79, 119.06, 100, 7275, 1328, 715, P0, 0x0000000000000000
2026/09/17 07:23:38.664, 0, 79, 92.51, 100, 6999, 1316, 715, P0, 0x0000000000000020
2026/09/17 07:23:38.668, 1, 79, 65.54, 100, 7275, 1252, 715, P0, 0x0000000000000000
2026/09/17 07:23:39.676, 0, 79, 121.08, 100, 6999, 1303, 715, P0, 0x0000000000000020
2026/09/17 07:23:39.679, 1, 79, 124.72, 100, 7275, 1328, 715, P0, 0x0000000000000000
2026/09/17 07:23:40.688, 0, 79, 123.49, 100, 6999, 1328, 715, P0, 0x0000000000000000
2026/09/17 07:23:40.691, 1, 79, 119.52, 100, 7275, 1328, 715, P0, 0x0000000000000000
2026/09/17 07:23:41.708, 0, 79, 144.23, 100, 6999, 1189, 715, P0, 0x0000000000000020
2026/09/17 07:23:41.713, 1, 79, 135.26, 100, 7275, 1202, 715, P0, 0x0000000000000000
2026/09/17 07:23:42.725, 0, 79, 129.55, 100, 6999, 1328, 715, P0, 0x0000000000000000
2026/09/17 07:23:42.729, 1, 79, 124.93, 100, 7275, 1328, 715, P0, 0x0000000000000000
2026/09/17 07:23:43.737, 0, 79, 124.84, 100, 6999, 1328, 715, P0, 0x0000000000000000
2026/09/17 07:23:43.740, 1, 79, 124.71, 100, 7275, 1328, 715, P0, 0x0000000000000000
2026/09/17 07:23:44.751, 0, 79, 143.11, 97, 6999, 1139, 715, P0, 0x0000000000000020
2026/09/17 07:23:44.754, 1, 79, 115.31, 39, 7275, 1240, 715, P0, 0x0000000000000000
2026/09/17 07:23:45.767, 0, 79, 116.35, 100, 6999, 1278, 715, P0, 0x0000000000000020
2026/09/17 07:23:45.770, 1, 79, 125.45, 100, 7275, 1328, 715, P0, 0x0000000000000000
2026/09/17 07:23:46.778, 0, 79, 118.68, 100, 6999, 1290, 715, P0, 0x0000000000000000
2026/09/17 07:23:46.781, 1, 79, 124.96, 100, 7275, 1328, 715, P0, 0x0000000000000000
2026/09/17 07:23:47.792, 0, 79, 95.44, 100, 6999, 1265, 715, P0, 0x0000000000000020
2026/09/17 07:23:47.798, 1, 79, 107.55, 100, 7275, 1328, 715, P0, 0x0000000000000000
2026/09/17 07:23:48.805, 0, 79, 117.73, 100, 6999, 1278, 715, P0, 0x0000000000000020
2026/09/17 07:23:48.808, 1, 79, 123.84, 100, 7275, 1328, 715, P0, 0x0000000000000000
2026/09/17 07:23:49.819, 0, 79, 121.56, 100, 6999, 1303, 715, P0, 0x0000000000000020
2026/09/17 07:23:49.822, 1, 79, 124.96, 100, 7275, 1328, 715, P0, 0x0000000000000000
2026/09/17 07:23:50.837, 0, 79, 112.83, 100, 6999, 1303, 715, P0, 0x0000000000000000
2026/09/17 07:23:50.840, 1, 78, 117.45, 100, 7275, 1316, 715, P0, 0x0000000000000000
2026/09/17 07:23:51.857, 0, 79, 123.22, 100, 6999, 1316, 715, P0, 0x0000000000000020
2026/09/17 07:23:51.860, 1, 79, 125.19, 100, 7275, 1328, 715, P0, 0x0000000000000000
2026/09/17 07:23:52.872, 0, 79, 121.56, 100, 6999, 1303, 715, P0, 0x0000000000000020
2026/09/17 07:23:52.876, 1, 79, 124.96, 100, 7275, 1328, 715, P0, 0x0000000000000000
2026/09/17 07:23:53.887, 0, 79, 115.89, 100, 6999, 1303, 715, P0, 0x0000000000000000
2026/09/17 07:23:53.890, 1, 79, 119.36, 100, 7275, 1328, 715, P0, 0x0000000000000000
2026/09/17 07:23:54.900, 0, 79, 76.62, 100, 6999, 1316, 715, P0, 0x0000000000000020
2026/09/17 07:23:54.903, 1, 79, 149.93, 100, 7275, 1278, 715, P0, 0x0000000000000020
2026/09/17 07:23:55.910, 0, 79, 123.64, 100, 6999, 1316, 715, P0, 0x0000000000000020
2026/09/17 07:23:55.913, 1, 79, 125.65, 100, 7275, 1328, 715, P0, 0x0000000000000000
2026/09/17 07:23:56.927, 0, 79, 121.56, 100, 6999, 1316, 715, P0, 0x0000000000000000
2026/09/17 07:23:56.930, 1, 79, 124.96, 100, 7275, 1328, 715, P0, 0x0000000000000000
2026/09/17 07:23:57.942, 0, 79, 130.76, 100, 6999, 1101, 715, P0, 0x0000000000000020
2026/09/17 07:23:57.945, 1, 79, 167.74, 100, 7275, 1265, 715, P0, 0x0000000000000000
2026/09/17 07:23:58.953, 0, 79, 123.87, 100, 6999, 1316, 715, P0, 0x0000000000000020
2026/09/17 07:23:58.958, 1, 79, 124.95, 100, 7275, 1328, 715, P0, 0x0000000000000000
2026/09/17 07:23:59.968, 0, 79, 123.00, 100, 6999, 1316, 715, P0, 0x0000000000000020
2026/09/17 07:23:59.971, 1, 79, 124.72, 100, 7275, 1328, 715, P0, 0x0000000000000000
2026/09/17 07:24:00.979, 0, 79, 115.18, 100, 6999, 1126, 715, P0, 0x0000000000000000
2026/09/17 07:24:00.986, 1, 79, 119.16, 100, 7275, 1303, 715, P0, 0x0000000000000000
2026/09/17 07:24:01.997, 0, 79, 124.11, 100, 6999, 1316, 715, P0, 0x0000000000000020
2026/09/17 07:24:02.000, 1, 79, 125.19, 100, 7275, 1328, 715, P0, 0x0000000000000000
2026/09/17 07:24:03.012, 0, 79, 123.41, 100, 6999, 1316, 715, P0, 0x0000000000000020
2026/09/17 07:24:03.016, 1, 79, 124.71, 100, 7275, 1328, 715, P0, 0x0000000000000000
2026/09/17 07:24:04.027, 0, 79, 103.05, 100, 6999, 1278, 715, P0, 0x0000000000000020
2026/09/17 07:24:04.029, 1, 79, 118.43, 100, 7275, 1328, 715, P0, 0x0000000000000000
2026/09/17 07:24:05.042, 0, 79, 124.11, 100, 6999, 1316, 715, P0, 0x0000000000000020
2026/09/17 07:24:05.045, 1, 79, 125.65, 100, 7275, 1328, 715, P0, 0x0000000000000000
2026/09/17 07:24:06.056, 0, 79, 123.89, 100, 6999, 1316, 715, P0, 0x0000000000000020
2026/09/17 07:24:06.059, 1, 79, 124.95, 100, 7275, 1328, 715, P0, 0x0000000000000000
2026/09/17 07:24:07.069, 0, 79, 120.13, 100, 6999, 1316, 715, P0, 0x0000000000000020
2026/09/17 07:24:07.072, 1, 79, 119.52, 100, 7275, 1328, 715, P0, 0x0000000000000000
2026/09/17 07:24:08.085, 0, 79, 123.50, 100, 6999, 1316, 715, P0, 0x0000000000000020
2026/09/17 07:24:08.088, 1, 79, 63.04, 100, 7275, 1328, 715, P0, 0x0000000000000000
2026/09/17 07:24:09.097, 0, 79, 121.56, 100, 6999, 1303, 715, P0, 0x0000000000000020
2026/09/17 07:24:09.101, 1, 79, 124.72, 100, 7275, 1328, 715, P0, 0x0000000000000000
2026/09/17 07:24:10.109, 0, 79, 120.85, 100, 6999, 1316, 715, P0, 0x0000000000000020
2026/09/17 07:24:10.112, 1, 79, 119.76, 100, 7275, 1328, 715, P0, 0x0000000000000000
2026/09/17 07:24:11.121, 0, 79, 78.21, 100, 6999, 1303, 715, P0, 0x0000000000000000
2026/09/17 07:24:11.125, 1, 79, 179.05, 100, 7275, 1328, 715, P0, 0x0000000000000000
2026/09/17 07:24:12.134, 0, 79, 128.60, 100, 6999, 1328, 715, P0, 0x0000000000000000
2026/09/17 07:24:12.137, 1, 79, 125.17, 100, 7275, 1328, 715, P0, 0x0000000000000000
2026/09/17 07:24:13.147, 0, 79, 123.65, 100, 6999, 1328, 715, P0, 0x0000000000000000
2026/09/17 07:24:13.149, 1, 79, 125.19, 100, 7275, 1328, 715, P0, 0x0000000000000000
2026/09/17 07:24:14.161, 0, 79, 158.09, 100, 6999, 1113, 715, P0, 0x0000000000000020
2026/09/17 07:24:14.170, 1, 78, 160.07, 50, 7275, 1328, 715, P0, 0x0000000000000000
2026/09/17 07:24:15.175, 0, 80, 128.90, 100, 6999, 1328, 715, P0, 0x0000000000000000
2026/09/17 07:24:15.178, 1, 79, 125.17, 100, 7275, 1328, 715, P0, 0x0000000000000000
2026/09/17 07:24:16.189, 0, 79, 116.11, 100, 6999, 1278, 715, P0, 0x0000000000000020
2026/09/17 07:24:16.191, 1, 79, 124.98, 100, 7275, 1328, 715, P0, 0x0000000000000000
2026/09/17 07:24:17.203, 0, 79, 142.55, 100, 6999, 1126, 715, P0, 0x0000000000000020
2026/09/17 07:24:17.210, 1, 79, 116.85, 100, 7275, 1290, 715, P0, 0x0000000000000000
2026/09/17 07:24:18.218, 0, 79, 121.80, 100, 6999, 1303, 715, P0, 0x0000000000000020
2026/09/17 07:24:18.221, 1, 79, 125.43, 100, 7275, 1328, 715, P0, 0x0000000000000000
2026/09/17 07:24:19.232, 0, 79, 123.48, 100, 6999, 1316, 715, P0, 0x0000000000000020
2026/09/17 07:24:19.235, 1, 79, 125.65, 100, 7275, 1328, 715, P0, 0x0000000000000000
2026/09/17 07:24:20.249, 0, 79, 127.94, 97, 6999, 1088, 715, P0, 0x0000000000000020
2026/09/17 07:24:20.254, 1, 79, 127.47, 82, 7275, 1316, 715, P0, 0x0000000000000020
2026/09/17 07:24:21.271, 0, 79, 122.04, 100, 6999, 1303, 715, P0, 0x0000000000000020
2026/09/17 07:24:21.274, 1, 79, 124.72, 100, 7275, 1328, 715, P0, 0x0000000000000000
2026/09/17 07:24:22.289, 0, 79, 121.56, 100, 6999, 1303, 715, P0, 0x0000000000000020
2026/09/17 07:24:22.292, 1, 79, 125.44, 100, 7275, 1328, 715, P0, 0x0000000000000000
2026/09/17 07:24:23.297, 0, 79, 95.89, 100, 6999, 1189, 715, P0, 0x0000000000000000
2026/09/17 07:24:23.300, 1, 79, 119.42, 100, 7275, 1328, 715, P0, 0x0000000000000000
2026/09/17 07:24:24.308, 0, 79, 124.13, 100, 6999, 1316, 715, P0, 0x0000000000000020
2026/09/17 07:24:24.312, 1, 79, 124.95, 100, 7275, 1328, 715, P0, 0x0000000000000000
2026/09/17 07:24:25.322, 0, 79, 123.24, 100, 6999, 1316, 715, P0, 0x0000000000000020
2026/09/17 07:24:25.325, 1, 79, 124.96, 100, 7275, 1328, 715, P0, 0x0000000000000000
2026/09/17 07:24:26.335, 0, 79, 98.73, 100, 6999, 1202, 715, P0, 0x0000000000000000
2026/09/17 07:24:26.338, 1, 79, 118.22, 100, 7275, 1316, 715, P0, 0x0000000000000000
2026/09/17 07:24:27.347, 0, 79, 119.16, 100, 6999, 1303, 715, P0, 0x0000000000000020
2026/09/17 07:24:27.350, 1, 79, 124.72, 100, 7275, 1328, 715, P0, 0x0000000000000000
2026/09/17 07:24:28.358, 0, 79, 121.56, 100, 6999, 1303, 715, P0, 0x0000000000000020
2026/09/17 07:24:28.361, 1, 79, 125.20, 100, 7275, 1328, 715, P0, 0x0000000000000000
2026/09/17 07:24:29.369, 0, 79, 116.12, 100, 6999, 1290, 715, P0, 0x0000000000000000
2026/09/17 07:24:29.372, 1, 79, 121.46, 100, 7275, 1328, 715, P0, 0x0000000000000000
2026/09/17 07:24:30.383, 0, 79, 123.37, 100, 6999, 1316, 715, P0, 0x0000000000000020
2026/09/17 07:24:30.386, 1, 79, 148.25, 100, 7275, 1328, 715, P0, 0x0000000000000000
2026/09/17 07:24:31.399, 0, 79, 123.40, 100, 6999, 1316, 715, P0, 0x0000000000000020
2026/09/17 07:24:31.402, 1, 79, 124.95, 100, 7275, 1328, 715, P0, 0x0000000000000000
2026/09/17 07:24:32.416, 0, 79, 119.65, 100, 6999, 1290, 715, P0, 0x0000000000000000
2026/09/17 07:24:32.421, 1, 79, 120.96, 100, 7275, 1316, 715, P0, 0x0000000000000000
2026/09/17 07:24:33.433, 0, 79, 107.56, 100, 6999, 1316, 715, P0, 0x0000000000000020
2026/09/17 07:24:33.436, 1, 79, 78.20, 100, 7275, 1328, 715, P0, 0x0000000000000000
2026/09/17 07:24:34.449, 0, 79, 121.32, 100, 6999, 1303, 715, P0, 0x0000000000000020
2026/09/17 07:24:34.453, 1, 79, 124.96, 100, 7275, 1328, 715, P0, 0x0000000000000000
2026/09/17 07:24:35.468, 0, 79, 120.61, 100, 6999, 1303, 715, P0, 0x0000000000000020
2026/09/17 07:24:35.473, 1, 79, 123.10, 100, 7275, 1328, 715, P0, 0x0000000000000000
2026/09/17 07:24:36.481, 0, 79, 156.57, 100, 6999, 1227, 715, P0, 0x0000000000000020
2026/09/17 07:24:36.490, 1, 79, 144.58, 100, 7275, 1252, 715, P0, 0x0000000000000020
2026/09/17 07:24:37.508, 0, 79, 121.08, 100, 6999, 1303, 715, P0, 0x0000000000000020
2026/09/17 07:24:37.512, 1, 79, 125.68, 100, 7275, 1328, 715, P0, 0x0000000000000000
2026/09/17 07:24:38.519, 0, 79, 121.56, 100, 6999, 1316, 715, P0, 0x0000000000000020
2026/09/17 07:24:38.526, 1, 79, 124.48, 100, 7275, 1328, 715, P0, 0x0000000000000000
2026/09/17 07:24:39.539, 0, 79, 132.62, 100, 6999, 1139, 715, P0, 0x0000000000000020
2026/09/17 07:24:39.542, 1, 79, 145.12, 100, 7275, 1252, 715, P0, 0x0000000000000000
2026/09/17 07:24:40.552, 0, 79, 121.25, 100, 6999, 1303, 715, P0, 0x0000000000000020
2026/09/17 07:24:40.554, 1, 79, 125.19, 100, 7275, 1328, 715, P0, 0x0000000000000000
2026/09/17 07:24:41.566, 0, 79, 121.08, 100, 6999, 1303, 715, P0, 0x0000000000000020
2026/09/17 07:24:41.569, 1, 79, 124.96, 100, 7275, 1328, 715, P0, 0x0000000000000000
2026/09/17 07:24:42.580, 0, 79, 128.31, 100, 6999, 1113, 715, P0, 0x0000000000000020
2026/09/17 07:24:42.583, 1, 79, 110.55, 100, 7275, 1252, 715, P0, 0x0000000000000000
2026/09/17 07:24:43.594, 0, 79, 121.80, 100, 6999, 1303, 715, P0, 0x0000000000000020
2026/09/17 07:24:43.597, 1, 79, 125.20, 100, 7275, 1328, 715, P0, 0x0000000000000000
2026/09/17 07:24:44.608, 0, 79, 121.56, 100, 6999, 1303, 715, P0, 0x0000000000000020
2026/09/17 07:24:44.611, 1, 79, 124.72, 100, 7275, 1328, 715, P0, 0x0000000000000000
2026/09/17 07:24:45.623, 0, 79, 136.04, 100, 6999, 1139, 715, P0, 0x0000000000000020
2026/09/17 07:24:45.631, 1, 79, 113.27, 100, 7275, 1265, 715, P0, 0x0000000000000000
2026/09/17 07:24:46.640, 0, 79, 122.51, 100, 6999, 1303, 715, P0, 0x0000000000000020
2026/09/17 07:24:46.643, 1, 79, 125.65, 100, 7275, 1328, 715, P0, 0x0000000000000000
2026/09/17 07:24:47.652, 0, 79, 121.08, 100, 6999, 1303, 715, P0, 0x0000000000000000
2026/09/17 07:24:47.655, 1, 79, 124.72, 100, 7275, 1328, 715, P0, 0x0000000000000000
2026/09/17 07:24:48.664, 0, 79, 113.04, 100, 6999, 1151, 715, P0, 0x0000000000000000
2026/09/17 07:24:48.674, 1, 79, 111.55, 100, 7275, 1328, 715, P0, 0x0000000000000000
2026/09/17 07:24:49.684, 0, 79, 121.49, 100, 6999, 1303, 715, P0, 0x0000000000000020
2026/09/17 07:24:49.691, 1, 79, 125.65, 100, 7275, 1328, 715, P0, 0x0000000000000000
2026/09/17 07:24:50.697, 0, 79, 123.17, 100, 6999, 1316, 715, P0, 0x0000000000000020
2026/09/17 07:24:50.700, 1, 79, 124.72, 100, 7275, 1328, 715, P0, 0x0000000000000000
2026/09/17 07:24:51.712, 0, 79, 99.21, 100, 6999, 1189, 715, P0, 0x0000000000000000
2026/09/17 07:24:51.715, 1, 79, 119.18, 100, 7275, 1316, 715, P0, 0x0000000000000000
2026/09/17 07:24:52.727, 0, 79, 121.80, 100, 6999, 1303, 715, P0, 0x0000000000000020
2026/09/17 07:24:52.730, 1, 79, 125.68, 100, 7275, 1328, 715, P0, 0x0000000000000000
2026/09/17 07:24:53.744, 0, 79, 121.31, 100, 6999, 1303, 715, P0, 0x0000000000000020
2026/09/17 07:24:53.750, 1, 79, 125.68, 100, 7275, 1328, 715, P0, 0x0000000000000000
2026/09/17 07:24:54.759, 0, 79, 95.66, 100, 6999, 1189, 715, P0, 0x0000000000000000
2026/09/17 07:24:54.762, 1, 79, 119.72, 100, 7275, 1328, 715, P0, 0x0000000000000000
2026/09/17 07:24:55.773, 0, 79, 122.14, 100, 6999, 1303, 715, P0, 0x0000000000000020
2026/09/17 07:24:55.776, 1, 79, 97.69, 100, 7275, 1328, 715, P0, 0x0000000000000000
2026/09/17 07:24:56.790, 0, 79, 126.76, 100, 6999, 1328, 715, P0, 0x0000000000000000
2026/09/17 07:24:56.793, 1, 79, 124.71, 100, 7275, 1328, 715, P0, 0x0000000000000000
2026/09/17 07:24:57.802, 0, 79, 95.65, 100, 6999, 1189, 715, P0, 0x0000000000000000
2026/09/17 07:24:57.805, 1, 79, 121.82, 100, 7275, 1328, 715, P0, 0x0000000000000000
2026/09/17 07:24:58.818, 0, 79, 118.44, 100, 6999, 1278, 715, P0, 0x0000000000000020
2026/09/17 07:24:58.821, 1, 79, 125.92, 100, 7275, 1328, 715, P0, 0x0000000000000000
2026/09/17 07:24:59.831, 0, 79, 117.97, 100, 6999, 1278, 715, P0, 0x0000000000000020
2026/09/17 07:24:59.836, 1, 79, 124.96, 100, 7275, 1328, 715, P0, 0x0000000000000000
2026/09/17 07:25:00.847, 0, 79, 95.41, 100, 6999, 1189, 715, P0, 0x0000000000000000
2026/09/17 07:25:00.850, 1, 79, 123.24, 100, 7275, 1328, 715, P0, 0x0000000000000000
2026/09/17 07:25:01.859, 0, 79, 117.05, 100, 6999, 1278, 715, P0, 0x0000000000000020
2026/09/17 07:25:01.862, 1, 79, 78.61, 100, 7275, 1328, 715, P0, 0x0000000000000000
2026/09/17 07:25:02.876, 0, 79, 123.24, 100, 6999, 1316, 715, P0, 0x0000000000000020
2026/09/17 07:25:02.880, 1, 79, 124.71, 100, 7275, 1328, 715, P0, 0x0000000000000000
2026/09/17 07:25:03.890, 0, 79, 95.90, 100, 6999, 1189, 715, P0, 0x0000000000000000
2026/09/17 07:25:03.893, 1, 79, 119.42, 100, 7275, 1328, 715, P0, 0x0000000000000000
2026/09/17 07:25:04.908, 0, 79, 123.41, 100, 6999, 1316, 715, P0, 0x0000000000000020
2026/09/17 07:25:04.911, 1, 79, 124.95, 100, 7275, 1328, 715, P0, 0x0000000000000000
2026/09/17 07:25:05.930, 0, 79, 121.07, 100, 6999, 1303, 715, P0, 0x0000000000000020
2026/09/17 07:25:05.932, 1, 79, 124.96, 100, 7275, 1328, 715, P0, 0x0000000000000000
2026/09/17 07:25:06.941, 0, 79, 114.44, 100, 6999, 1290, 715, P0, 0x0000000000000000
2026/09/17 07:25:06.944, 1, 79, 119.53, 100, 7275, 1328, 715, P0, 0x0000000000000000
2026/09/17 07:25:07.955, 0, 79, 121.78, 100, 6999, 1303, 715, P0, 0x0000000000000020
2026/09/17 07:25:07.962, 1, 79, 80.28, 100, 7275, 1328, 715, P0, 0x0000000000000000
2026/09/17 07:25:08.971, 0, 79, 123.24, 100, 6999, 1316, 715, P0, 0x0000000000000020
2026/09/17 07:25:08.975, 1, 79, 124.96, 100, 7275, 1328, 715, P0, 0x0000000000000000
2026/09/17 07:25:09.984, 0, 79, 105.40, 100, 6999, 1240, 715, P0, 0x0000000000000000
2026/09/17 07:25:09.987, 1, 79, 119.63, 100, 7275, 1328, 715, P0, 0x0000000000000000
2026/09/17 07:25:10.998, 0, 79, 124.11, 100, 6999, 1316, 715, P0, 0x0000000000000020
2026/09/17 07:25:11.001, 1, 79, 124.95, 100, 7275, 1328, 715, P0, 0x0000000000000000
2026/09/17 07:25:12.015, 0, 79, 121.56, 100, 6999, 1303, 715, P0, 0x0000000000000020
2026/09/17 07:25:12.021, 1, 79, 124.96, 100, 7275, 1328, 715, P0, 0x0000000000000000
2026/09/17 07:25:13.029, 0, 79, 112.78, 100, 6999, 1278, 715, P0, 0x0000000000000000
2026/09/17 07:25:13.032, 1, 79, 122.65, 100, 7275, 1328, 715, P0, 0x0000000000000000
2026/09/17 07:25:14.045, 0, 79, 121.48, 100, 6999, 1303, 715, P0, 0x0000000000000020
2026/09/17 07:25:14.048, 1, 79, 140.98, 100, 7275, 1328, 715, P0, 0x0000000000000000
2026/09/17 07:25:15.058, 0, 79, 123.41, 100, 6999, 1316, 715, P0, 0x0000000000000020
2026/09/17 07:25:15.062, 1, 79, 125.43, 100, 7275, 1328, 715, P0, 0x0000000000000000
2026/09/17 07:25:16.071, 0, 79, 99.92, 100, 6999, 1189, 715, P0, 0x0000000000000000
2026/09/17 07:25:16.074, 1, 79, 123.23, 100, 7275, 1328, 715, P0, 0x0000000000000000
2026/09/17 07:25:17.088, 0, 79, 121.45, 100, 6999, 1303, 715, P0, 0x0000000000000020
2026/09/17 07:25:17.091, 1, 79, 86.98, 100, 7275, 1328, 715, P0, 0x0000000000000000
2026/09/17 07:25:18.104, 0, 79, 121.56, 100, 6999, 1303, 715, P0, 0x0000000000000020
2026/09/17 07:25:18.107, 1, 79, 124.96, 100, 7275, 1328, 715, P0, 0x0000000000000000
2026/09/17 07:25:19.116, 0, 79, 108.26, 100, 6999, 1303, 715, P0, 0x0000000000000000
2026/09/17 07:25:19.122, 1, 79, 123.61, 100, 7275, 1328, 715, P0, 0x0000000000000000
2026/09/17 07:25:20.133, 0, 79, 124.22, 100, 6999, 1316, 715, P0, 0x0000000000000020
2026/09/17 07:25:20.135, 1, 79, 63.53, 100, 7275, 1316, 715, P0, 0x0000000000000020
2026/09/17 07:25:21.147, 0, 79, 121.80, 100, 6999, 1303, 715, P0, 0x0000000000000020
2026/09/17 07:25:21.150, 1, 79, 125.44, 100, 7275, 1328, 715, P0, 0x0000000000000000
2026/09/17 07:25:22.160, 0, 79, 114.21, 100, 6999, 1303, 715, P0, 0x0000000000000000
2026/09/17 07:25:22.163, 1, 79, 118.42, 100, 7275, 1316, 715, P0, 0x0000000000000000
2026/09/17 07:25:23.178, 0, 79, 121.80, 100, 6999, 1303, 715, P0, 0x0000000000000020
2026/09/17 07:25:23.181, 1, 79, 125.65, 100, 7275, 1328, 715, P0, 0x0000000000000000
2026/09/17 07:25:24.194, 0, 79, 121.56, 100, 6999, 1303, 715, P0, 0x0000000000000020
2026/09/17 07:25:24.196, 1, 79, 124.72, 100, 7275, 1328, 715, P0, 0x0000000000000000
2026/09/17 07:25:25.211, 0, 79, 116.12, 100, 6999, 1303, 715, P0, 0x0000000000000000
2026/09/17 07:25:25.213, 1, 79, 118.57, 100, 7275, 1316, 715, P0, 0x0000000000000000
2026/09/17 07:25:26.225, 0, 79, 123.63, 100, 6999, 1316, 715, P0, 0x0000000000000020
2026/09/17 07:25:26.228, 1, 79, 80.00, 100, 7275, 1328, 715, P0, 0x0000000000000000
2026/09/17 07:25:27.252, 0, 79, 121.56, 100, 6999, 1303, 715, P0, 0x0000000000000020
2026/09/17 07:25:27.256, 1, 79, 124.72, 100, 7275, 1328, 715, P0, 0x0000000000000000
2026/09/17 07:25:28.266, 0, 79, 114.44, 100, 6999, 1278, 715, P0, 0x0000000000000000
2026/09/17 07:25:28.269, 1, 79, 120.97, 100, 7275, 1316, 715, P0, 0x0000000000000000
2026/09/17 07:25:29.280, 0, 79, 123.98, 100, 6999, 1316, 715, P0, 0x0000000000000020
2026/09/17 07:25:29.283, 1, 79, 103.87, 100, 7275, 1328, 715, P0, 0x0000000000000000
2026/09/17 07:25:30.296, 0, 79, 123.89, 100, 6999, 1316, 715, P0, 0x0000000000000020
2026/09/17 07:25:30.299, 1, 79, 124.71, 100, 7275, 1328, 715, P0, 0x0000000000000000
2026/09/17 07:25:31.311, 0, 79, 120.61, 100, 6999, 1290, 715, P0, 0x0000000000000000
2026/09/17 07:25:31.314, 1, 79, 120.48, 100, 7275, 1328, 715, P0, 0x0000000000000000
2026/09/17 07:25:32.324, 0, 79, 121.55, 100, 6999, 1303, 715, P0, 0x0000000000000020
2026/09/17 07:25:32.326, 1, 79, 79.29, 100, 7275, 1328, 715, P0, 0x0000000000000000
2026/09/17 07:25:33.338, 0, 79, 121.80, 100, 6999, 1303, 715, P0, 0x0000000000000020
2026/09/17 07:25:33.341, 1, 79, 124.72, 100, 7275, 1328, 715, P0, 0x0000000000000000
2026/09/17 07:25:34.354, 0, 79, 112.29, 100, 6999, 1303, 715, P0, 0x0000000000000000
2026/09/17 07:25:34.359, 1, 79, 119.31, 100, 7275, 1328, 715, P0, 0x0000000000000000
2026/09/17 07:25:35.370, 0, 79, 121.46, 100, 6999, 1303, 715, P0, 0x0000000000000020
2026/09/17 07:25:35.373, 1, 79, 83.85, 100, 7275, 1328, 715, P0, 0x0000000000000000
2026/09/17 07:25:36.385, 0, 79, 122.04, 100, 6999, 1303, 715, P0, 0x0000000000000020
2026/09/17 07:25:36.388, 1, 79, 124.72, 100, 7275, 1328, 715, P0, 0x0000000000000000
2026/09/17 07:25:37.399, 0, 79, 115.88, 100, 6999, 1303, 715, P0, 0x0000000000000000
2026/09/17 07:25:37.402, 1, 79, 119.29, 100, 7275, 1328, 715, P0, 0x0000000000000000
2026/09/17 07:25:38.416, 0, 79, 121.20, 100, 6999, 1303, 715, P0, 0x0000000000000020
2026/09/17 07:25:38.420, 1, 79, 115.66, 100, 7275, 1328, 715, P0, 0x0000000000000000
2026/09/17 07:25:39.427, 0, 79, 121.56, 100, 6999, 1303, 715, P0, 0x0000000000000020
2026/09/17 07:25:39.430, 1, 79, 124.96, 100, 7275, 1328, 715, P0, 0x0000000000000000
2026/09/17 07:25:40.439, 0, 79, 109.95, 100, 6999, 1265, 715, P0, 0x0000000000000000
2026/09/17 07:25:40.442, 1, 79, 118.65, 100, 7275, 1316, 715, P0, 0x0000000000000000
2026/09/17 07:25:41.453, 0, 79, 122.45, 100, 6999, 1303, 715, P0, 0x0000000000000020
2026/09/17 07:25:41.459, 1, 79, 123.10, 100, 7275, 1328, 715, P0, 0x0000000000000000
2026/09/17 07:25:42.467, 0, 79, 121.56, 100, 6999, 1303, 715, P0, 0x0000000000000020
2026/09/17 07:25:42.470, 1, 79, 124.72, 100, 7275, 1328, 715, P0, 0x0000000000000000
2026/09/17 07:25:43.484, 0, 79, 107.07, 100, 6999, 1240, 715, P0, 0x0000000000000000
2026/09/17 07:25:43.487, 1, 79, 122.91, 100, 7275, 1328, 715, P0, 0x0000000000000000
2026/09/17 07:25:44.493, 0, 79, 121.54, 100, 6999, 1303, 715, P0, 0x0000000000000020
2026/09/17 07:25:44.500, 1, 79, 79.32, 100, 7275, 1328, 715, P0, 0x0000000000000000
2026/09/17 07:25:45.507, 0, 79, 121.31, 100, 6999, 1303, 715, P0, 0x0000000000000020
2026/09/17 07:25:45.509, 1, 79, 125.20, 100, 7275, 1328, 715, P0, 0x0000000000000000
2026/09/17 07:25:46.518, 0, 79, 95.42, 100, 6999, 1189, 715, P0, 0x0000000000000000
2026/09/17 07:25:46.525, 1, 79, 116.83, 100, 7275, 1328, 715, P0, 0x0000000000000000
2026/09/17 07:25:47.545, 0, 79, 122.27, 100, 6999, 1303, 715, P0, 0x0000000000000020
2026/09/17 07:25:47.548, 1, 79, 125.65, 100, 7275, 1328, 715, P0, 0x0000000000000000
2026/09/17 07:25:48.558, 0, 79, 121.31, 100, 6999, 1316, 715, P0, 0x0000000000000020
2026/09/17 07:25:48.564, 1, 79, 124.72, 100, 7275, 1328, 715, P0, 0x0000000000000000
2026/09/17 07:25:49.584, 0, 79, 114.93, 100, 6999, 1303, 715, P0, 0x0000000000000000
2026/09/17 07:25:49.587, 1, 79, 119.53, 100, 7275, 1328, 715, P0, 0x0000000000000000
2026/09/17 07:25:50.600, 0, 79, 123.65, 100, 6999, 1316, 715, P0, 0x0000000000000020
2026/09/17 07:25:50.605, 1, 79, 79.80, 100, 7275, 1328, 715, P0, 0x0000000000000000
2026/09/17 07:25:51.616, 0, 79, 121.08, 100, 6999, 1303, 715, P0, 0x0000000000000020
2026/09/17 07:25:51.619, 1, 79, 124.96, 100, 7275, 1328, 715, P0, 0x0000000000000000
2026/09/17 07:25:52.630, 0, 79, 105.86, 100, 6999, 1240, 715, P0, 0x0000000000000000
2026/09/17 07:25:52.633, 1, 79, 119.15, 100, 7275, 1316, 715, P0, 0x0000000000000000
2026/09/17 07:25:53.646, 0, 79, 122.26, 100, 6999, 1316, 715, P0, 0x0000000000000020
2026/09/17 07:25:53.649, 1, 79, 125.65, 100, 7275, 1328, 715, P0, 0x0000000000000000
2026/09/17 07:25:54.662, 0, 79, 121.80, 100, 6999, 1316, 715, P0, 0x0000000000000020
2026/09/17 07:25:54.667, 1, 79, 124.96, 100, 7275, 1328, 715, P0, 0x0000000000000000
2026/09/17 07:25:55.675, 0, 79, 95.18, 100, 6999, 1189, 715, P0, 0x0000000000000000
2026/09/17 07:25:55.678, 1, 79, 122.76, 100, 7275, 1328, 715, P0, 0x0000000000000000
2026/09/17 07:25:56.691, 0, 79, 117.73, 100, 6999, 1278, 715, P0, 0x0000000000000020
2026/09/17 07:25:56.695, 1, 79, 124.01, 100, 7275, 1328, 715, P0, 0x0000000000000000
2026/09/17 07:25:57.706, 0, 79, 120.36, 100, 6999, 1290, 715, P0, 0x0000000000000020
2026/09/17 07:25:57.712, 1, 79, 124.72, 100, 7275, 1328, 715, P0, 0x0000000000000000
2026/09/17 07:25:58.721, 0, 79, 124.38, 100, 6999, 1113, 715, P0, 0x0000000000000020
2026/09/17 07:25:58.724, 1, 79, 116.91, 100, 7275, 1290, 715, P0, 0x0000000000000000
2026/09/17 07:25:59.735, 0, 79, 117.97, 100, 6999, 1278, 715, P0, 0x0000000000000020
2026/09/17 07:25:59.738, 1, 79, 125.03, 100, 7275, 1328, 715, P0, 0x0000000000000000
2026/09/17 07:26:00.749, 0, 79, 116.11, 100, 6999, 1278, 715, P0, 0x0000000000000020
2026/09/17 07:26:00.754, 1, 79, 125.22, 100, 7275, 1328, 715, P0, 0x0000000000000000
2026/09/17 07:26:01.762, 0, 79, 125.57, 100, 6999, 1113, 715, P0, 0x0000000000000000
2026/09/17 07:26:01.765, 1, 79, 119.27, 100, 7275, 1328, 715, P0, 0x0000000000000000
2026/09/17 07:26:02.776, 0, 79, 117.25, 100, 6999, 1278, 715, P0, 0x0000000000000020
2026/09/17 07:26:02.779, 1, 79, 125.68, 100, 7275, 1328, 715, P0, 0x0000000000000000
2026/09/17 07:26:03.789, 0, 79, 121.08, 100, 6999, 1303, 715, P0, 0x0000000000000020
2026/09/17 07:26:03.794, 1, 79, 124.00, 100, 7275, 1328, 715, P0, 0x0000000000000000
2026/09/17 07:26:04.802, 0, 79, 151.68, 100, 6999, 1316, 715, P0, 0x0000000000000020
2026/09/17 07:26:04.806, 1, 79, 168.44, 100, 7275, 1316, 715, P0, 0x0000000000000020
2026/09/17 07:26:05.815, 0, 79, 121.08, 100, 6999, 1303, 715, P0, 0x0000000000000020
2026/09/17 07:26:05.818, 1, 79, 125.44, 100, 7275, 1328, 715, P0, 0x0000000000000000
2026/09/17 07:26:06.830, 0, 79, 121.32, 100, 6999, 1303, 715, P0, 0x0000000000000020
2026/09/17 07:26:06.835, 1, 79, 124.96, 100, 7275, 1328, 715, P0, 0x0000000000000000
2026/09/17 07:26:07.844, 0, 79, 74.87, 100, 6999, 1303, 715, P0, 0x0000000000000000
2026/09/17 07:26:07.847, 1, 80, 178.62, 100, 7275, 1328, 715, P0, 0x0000000000000000
2026/09/17 07:26:08.860, 0, 79, 117.33, 100, 6999, 1303, 715, P0, 0x0000000000000020
2026/09/17 07:26:08.863, 1, 79, 112.17, 100, 7275, 1265, 715, P0, 0x0000000000000020
2026/09/17 07:26:09.874, 0, 79, 115.88, 100, 6999, 1303, 715, P0, 0x0000000000000000
2026/09/17 07:26:09.878, 1, 79, 119.77, 100, 7275, 1316, 715, P0, 0x0000000000000000
2026/09/17 07:26:10.885, 0, 79, 123.38, 100, 6999, 1316, 715, P0, 0x0000000000000020
2026/09/17 07:26:10.888, 1, 79, 87.70, 100, 7275, 1328, 715, P0, 0x0000000000000000
2026/09/17 07:26:11.902, 0, 79, 121.56, 100, 6999, 1316, 715, P0, 0x0000000000000000
2026/09/17 07:26:11.906, 1, 79, 123.28, 100, 7275, 1328, 715, P0, 0x0000000000000000
2026/09/17 07:26:12.919, 0, 79, 122.53, 100, 6999, 1316, 715, P0, 0x0000000000000000
2026/09/17 07:26:12.923, 1, 79, 120.48, 100, 7275, 1316, 715, P0, 0x0000000000000000
2026/09/17 07:26:13.937, 0, 80, 128.81, 100, 6999, 1328, 715, P0, 0x0000000000000000
2026/09/17 07:26:13.940, 1, 79, 92.93, 100, 7275, 1328, 715, P0, 0x0000000000000000
2026/09/17 07:26:14.951, 0, 79, 121.80, 100, 6999, 1316, 715, P0, 0x0000000000000020
2026/09/17 07:26:14.957, 1, 79, 123.04, 100, 7275, 1328, 715, P0, 0x0000000000000000
2026/09/17 07:26:15.966, 0, 79, 113.73, 100, 6999, 1252, 715, P0, 0x0000000000000000
2026/09/17 07:26:15.969, 1, 79, 117.70, 100, 7275, 1328, 715, P0, 0x0000000000000000
2026/09/17 07:26:16.984, 0, 80, 128.83, 100, 6999, 1328, 715, P0, 0x0000000000000000
2026/09/17 07:26:16.987, 1, 79, 125.17, 100, 7275, 1328, 715, P0, 0x0000000000000000
2026/09/17 07:26:18.000, 0, 79, 129.62, 100, 6999, 1328, 715, P0, 0x0000000000000000
2026/09/17 07:26:18.004, 1, 79, 124.45, 100, 7275, 1328, 715, P0, 0x0000000000000000
2026/09/17 07:26:19.013, 0, 79, 118.94, 100, 6999, 1316, 715, P0, 0x0000000000000000
2026/09/17 07:26:19.016, 1, 79, 118.57, 100, 7275, 1328, 715, P0, 0x0000000000000000
2026/09/17 07:26:20.026, 0, 79, 128.67, 100, 6999, 1328, 715, P0, 0x0000000000000000
2026/09/17 07:26:20.029, 1, 79, 125.17, 100, 7275, 1328, 715, P0, 0x0000000000000000
2026/09/17 07:26:21.040, 0, 79, 129.55, 100, 6999, 1328, 715, P0, 0x0000000000000000
2026/09/17 07:26:21.043, 1, 79, 124.93, 100, 7275, 1328, 715, P0, 0x0000000000000000
2026/09/17 07:26:22.055, 0, 79, 115.89, 100, 6999, 1290, 715, P0, 0x0000000000000000
2026/09/17 07:26:22.062, 1, 79, 118.09, 100, 7275, 1316, 715, P0, 0x0000000000000000
2026/09/17 07:26:23.068, 0, 79, 116.59, 100, 6999, 1278, 715, P0, 0x0000000000000020
2026/09/17 07:26:23.071, 1, 79, 125.22, 100, 7275, 1328, 715, P0, 0x0000000000000000
2026/09/17 07:26:24.082, 0, 79, 116.11, 100, 6999, 1278, 715, P0, 0x0000000000000020
2026/09/17 07:26:24.084, 1, 79, 125.22, 100, 7275, 1328, 715, P0, 0x0000000000000000
2026/09/17 07:26:25.096, 0, 79, 95.42, 100, 6999, 1189, 715, P0, 0x0000000000000000
2026/09/17 07:26:25.101, 1, 79, 118.22, 100, 7275, 1303, 715, P0, 0x0000000000000000
2026/09/17 07:26:26.110, 0, 79, 116.35, 100, 6999, 1278, 715, P0, 0x0000000000000020
2026/09/17 07:26:26.114, 1, 79, 124.73, 100, 7275, 1328, 715, P0, 0x0000000000000000
2026/09/17 07:26:27.126, 0, 79, 115.87, 100, 6999, 1278, 715, P0, 0x0000000000000020
2026/09/17 07:26:27.129, 1, 79, 125.20, 100, 7275, 1328, 715, P0, 0x0000000000000000
2026/09/17 07:26:28.143, 0, 79, 121.98, 100, 6999, 1037, 715, P0, 0x0000000000000020
2026/09/17 07:26:28.146, 1, 78, 166.70, 0, 7275, 1316, 715, P0, 0x0000000000000020
2026/09/17 07:26:29.158, 0, 79, 117.49, 100, 6999, 1278, 715, P0, 0x0000000000000020
2026/09/17 07:26:29.161, 1, 79, 124.80, 100, 7275, 1328, 715, P0, 0x0000000000000000
2026/09/17 07:26:30.174, 0, 79, 115.88, 100, 6999, 1278, 715, P0, 0x0000000000000020
2026/09/17 07:26:30.181, 1, 79, 122.88, 100, 7275, 1328, 715, P0, 0x0000000000000000
2026/09/17 07:26:31.188, 0, 78, 73.75, 100, 6999, 1316, 715, P0, 0x0000000000000020
2026/09/17 07:26:31.193, 1, 79, 155.91, 100, 7275, 1265, 715, P0, 0x0000000000000000
2026/09/17 07:26:32.204, 0, 79, 121.56, 100, 6999, 1303, 715, P0, 0x0000000000000020
2026/09/17 07:26:32.207, 1, 79, 124.72, 100, 7275, 1328, 715, P0, 0x0000000000000000
2026/09/17 07:26:33.225, 0, 79, 116.83, 100, 6999, 1303, 715, P0, 0x0000000000000020
2026/09/17 07:26:33.229, 1, 79, 124.80, 100, 7275, 1328, 715, P0, 0x0000000000000000
2026/09/17 07:26:34.246, 0, 79, 92.77, 100, 6999, 1303, 715, P0, 0x0000000000000000
2026/09/17 07:26:34.249, 1, 78, 58.08, 61, 7275, 1328, 715, P0, 0x0000000000000000
2026/09/17 07:26:35.261, 0, 79, 128.83, 100, 6999, 1328, 715, P0, 0x0000000000000000
2026/09/17 07:26:35.264, 1, 79, 124.69, 100, 7275, 1328, 715, P0, 0x0000000000000000
2026/09/17 07:26:36.275, 0, 79, 120.85, 100, 6999, 1316, 715, P0, 0x0000000000000000
2026/09/17 07:26:36.281, 1, 79, 119.52, 100, 7275, 1328, 715, P0, 0x0000000000000000
2026/09/17 07:26:37.291, 0, 79, 127.85, 100, 6999, 1328, 715, P0, 0x0000000000000000
2026/09/17 07:26:37.294, 1, 79, 90.52, 100, 7275, 1328, 715, P0, 0x0000000000000000
2026/09/17 07:26:38.304, 0, 79, 129.31, 100, 6999, 1328, 715, P0, 0x0000000000000000
2026/09/17 07:26:38.308, 1, 79, 124.45, 100, 7275, 1328, 715, P0, 0x0000000000000000
2026/09/17 07:26:39.323, 0, 79, 118.45, 100, 6999, 1290, 715, P0, 0x0000000000000000
2026/09/17 07:26:39.326, 1, 79, 122.87, 100, 7275, 1328, 715, P0, 0x0000000000000000
2026/09/17 07:26:40.336, 0, 79, 121.72, 100, 6999, 1316, 715, P0, 0x0000000000000020
2026/09/17 07:26:40.342, 1, 79, 80.76, 100, 7275, 1328, 715, P0, 0x0000000000000000
2026/09/17 07:26:41.350, 0, 79, 126.76, 100, 6999, 1328, 715, P0, 0x0000000000000000
2026/09/17 07:26:41.354, 1, 79, 127.01, 100, 7275, 1328, 715, P0, 0x0000000000000000
2026/09/17 07:26:42.365, 0, 79, 95.65, 100, 6999, 1189, 715, P0, 0x0000000000000000
2026/09/17 07:26:42.368, 1, 79, 120.62, 100, 7275, 1328, 715, P0, 0x0000000000000000
2026/09/17 07:26:43.377, 0, 79, 125.79, 100, 6999, 1328, 715, P0, 0x0000000000000000
2026/09/17 07:26:43.380, 1, 79, 124.95, 100, 7275, 1328, 715, P0, 0x0000000000000000
2026/09/17 07:26:44.391, 0, 80, 128.43, 100, 6999, 1328, 715, P0, 0x0000000000000000
2026/09/17 07:26:44.394, 1, 79, 125.17, 100, 7275, 1328, 715, P0, 0x0000000000000000
2026/09/17 07:26:45.417, 0, 79, 102.33, 100, 6999, 1240, 715, P0, 0x0000000000000000
2026/09/17 07:26:45.420, 1, 79, 119.40, 100, 7275, 1328, 715, P0, 0x0000000000000000
2026/09/17 07:26:46.429, 0, 79, 121.31, 100, 6999, 1290, 715, P0, 0x0000000000000020
2026/09/17 07:26:46.432, 1, 79, 125.68, 100, 7275, 1328, 715, P0, 0x0000000000000000
2026/09/17 07:26:47.444, 0, 79, 115.87, 100, 6999, 1290, 715, P0, 0x0000000000000020
2026/09/17 07:26:47.448, 1, 79, 124.56, 100, 7275, 1328, 715, P0, 0x0000000000000000
2026/09/17 07:26:48.460, 0, 79, 128.43, 100, 6999, 1126, 715, P0, 0x0000000000000020
2026/09/17 07:26:48.470, 1, 79, 121.59, 100, 7275, 1316, 715, P0, 0x0000000000000000
2026/09/17 07:26:49.489, 0, 79, 123.40, 100, 6999, 1316, 715, P0, 0x0000000000000020
2026/09/17 07:26:49.492, 1, 79, 125.65, 100, 7275, 1328, 715, P0, 0x0000000000000000
2026/09/17 07:26:50.506, 0, 79, 121.32, 100, 6999, 1303, 715, P0, 0x0000000000000020
2026/09/17 07:26:50.510, 1, 79, 124.72, 100, 7275, 1328, 715, P0, 0x0000000000000000
2026/09/17 07:26:51.523, 0, 79, 152.47, 100, 6999, 1151, 715, P0, 0x0000000000000020
2026/09/17 07:26:51.531, 1, 79, 122.17, 100, 7275, 1316, 715, P0, 0x0000000000000000
2026/09/17 07:26:52.537, 0, 79, 121.31, 100, 6999, 1303, 715, P0, 0x0000000000000020
2026/09/17 07:26:52.540, 1, 79, 125.19, 100, 7275, 1328, 715, P0, 0x0000000000000000
2026/09/17 07:26:53.554, 0, 79, 120.61, 100, 6999, 1303, 715, P0, 0x0000000000000000
2026/09/17 07:26:53.557, 1, 79, 122.87, 100, 7275, 1328, 715, P0, 0x0000000000000000
2026/09/17 07:26:54.573, 0, 79, 82.16, 100, 6999, 1316, 715, P0, 0x0000000000000000
2026/09/17 07:26:54.576, 1, 79, 166.46, 100, 7275, 1328, 715, P0, 0x0000000000000000
2026/09/17 07:26:55.591, 0, 79, 123.48, 100, 6999, 1316, 715, P0, 0x0000000000000020
2026/09/17 07:26:55.594, 1, 79, 124.95, 100, 7275, 1328, 715, P0, 0x0000000000000000
2026/09/17 07:26:56.605, 0, 79, 120.12, 100, 6999, 1303, 715, P0, 0x0000000000000000
2026/09/17 07:26:56.610, 1, 79, 125.20, 100, 7275, 1328, 715, P0, 0x0000000000000000
2026/09/17 07:26:57.618, 0, 79, 123.64, 100, 6999, 1316, 715, P0, 0x0000000000000020
2026/09/17 07:26:57.621, 1, 79, 171.37, 100, 7275, 1328, 715, P0, 0x0000000000000000
2026/09/17 07:26:58.634, 0, 79, 121.80, 100, 6999, 1316, 715, P0, 0x0000000000000020
2026/09/17 07:26:58.637, 1, 79, 124.96, 100, 7275, 1328, 715, P0, 0x0000000000000000
2026/09/17 07:26:59.651, 0, 79, 115.15, 100, 6999, 1303, 715, P0, 0x0000000000000000
2026/09/17 07:26:59.654, 1, 79, 126.41, 100, 7275, 1328, 715, P0, 0x0000000000000000
2026/09/17 07:27:00.669, 0, 79, 123.40, 100, 6999, 1328, 715, P0, 0x0000000000000000
2026/09/17 07:27:00.672, 1, 79, 127.34, 100, 7275, 1328, 715, P0, 0x0000000000000000
2026/09/17 07:27:01.684, 0, 79, 123.51, 100, 6999, 1316, 715, P0, 0x0000000000000020
2026/09/17 07:27:01.690, 1, 79, 107.90, 100, 7275, 1252, 715, P0, 0x0000000000000000
2026/09/17 07:27:02.714, 0, 79, 103.16, 100, 6999, 1215, 715, P0, 0x0000000000000000
2026/09/17 07:27:02.718, 1, 78, 94.92, 100, 7275, 1189, 715, P0, 0x0000000000000000
2026/09/17 07:27:03.731, 0, 79, 124.22, 100, 6999, 1316, 715, P0, 0x0000000000000020
2026/09/17 07:27:03.734, 1, 79, 113.60, 100, 7275, 1278, 715, P0, 0x0000000000000000
2026/09/17 07:27:04.752, 0, 79, 123.48, 100, 6999, 1316, 715, P0, 0x0000000000000020
2026/09/17 07:27:04.755, 1, 79, 116.23, 100, 7275, 1303, 715, P0, 0x0000000000000000
2026/09/17 07:27:05.769, 0, 79, 95.03, 97, 6999, 1189, 715, P0, 0x0000000000000000
2026/09/17 07:27:05.774, 1, 79, 104.03, 100, 7275, 1278, 715, P0, 0x0000000000000000
2026/09/17 07:27:06.784, 0, 79, 123.73, 100, 6999, 1316, 715, P0, 0x0000000000000020
2026/09/17 07:27:06.787, 1, 79, 118.80, 100, 7275, 1303, 715, P0, 0x0000000000000020
2026/09/17 07:27:07.802, 0, 79, 123.71, 100, 6999, 1316, 715, P0, 0x0000000000000020
2026/09/17 07:27:07.805, 1, 79, 122.63, 100, 7275, 1328, 715, P0, 0x0000000000000000
2026/09/17 07:27:08.822, 0, 79, 128.89, 100, 6999, 1139, 715, P0, 0x0000000000000020
2026/09/17 07:27:08.825, 1, 79, 137.86, 100, 7275, 1151, 715, P0, 0x0000000000000000
2026/09/17 07:27:09.839, 0, 79, 124.13, 100, 6999, 1316, 715, P0, 0x0000000000000020
2026/09/17 07:27:09.843, 1, 79, 124.71, 100, 7275, 1328, 715, P0, 0x0000000000000000
2026/09/17 07:27:10.853, 0, 79, 121.31, 100, 6999, 1316, 715, P0, 0x0000000000000020
2026/09/17 07:27:10.856, 1, 79, 124.48, 100, 7275, 1328, 715, P0, 0x0000000000000000
2026/09/17 07:27:11.868, 0, 79, 141.82, 100, 6999, 1139, 715, P0, 0x0000000000000020
2026/09/17 07:27:11.879, 1, 79, 159.83, 91, 7275, 1290, 715, P0, 0x0000000000000020
2026/09/17 07:27:12.897, 0, 79, 121.80, 100, 6999, 1303, 715, P0, 0x0000000000000020
2026/09/17 07:27:12.900, 1, 79, 124.48, 100, 7275, 1328, 715, P0, 0x0000000000000000
2026/09/17 07:27:13.913, 0, 79, 121.31, 100, 6999, 1303, 715, P0, 0x0000000000000000
2026/09/17 07:27:13.916, 1, 79, 122.39, 100, 7275, 1328, 715, P0, 0x0000000000000000
2026/09/17 07:27:14.927, 0, 79, 77.17, 100, 6999, 1316, 715, P0, 0x0000000000000000
2026/09/17 07:27:14.931, 1, 79, 149.60, 100, 7275, 1227, 715, P0, 0x0000000000000020
2026/09/17 07:27:15.940, 0, 79, 123.72, 100, 6999, 1316, 715, P0, 0x0000000000000020
2026/09/17 07:27:15.943, 1, 79, 124.95, 100, 7275, 1328, 715, P0, 0x0000000000000000
2026/09/17 07:27:16.954, 0, 79, 120.13, 100, 6999, 1303, 715, P0, 0x0000000000000000
2026/09/17 07:27:16.957, 1, 79, 123.11, 100, 7275, 1328, 715, P0, 0x0000000000000000
2026/09/17 07:27:17.971, 0, 79, 124.42, 100, 6999, 1316, 715, P0, 0x0000000000000020
2026/09/17 07:27:17.976, 1, 78, 163.46, 100, 7275, 1252, 715, P0, 0x0000000000000020
2026/09/17 07:27:18.985, 0, 79, 123.87, 100, 6999, 1316, 715, P0, 0x0000000000000020
2026/09/17 07:27:18.988, 1, 79, 124.71, 100, 7275, 1328, 715, P0, 0x0000000000000000
2026/09/17 07:27:19.996, 0, 79, 100.17, 100, 6999, 1189, 715, P0, 0x0000000000000000
2026/09/17 07:27:19.999, 1, 79, 118.44, 100, 7275, 1328, 715, P0, 0x0000000000000000
2026/09/17 07:27:21.010, 0, 79, 123.87, 100, 6999, 1316, 715, P0, 0x0000000000000020
2026/09/17 07:27:21.013, 1, 79, 124.71, 100, 7275, 1328, 715, P0, 0x0000000000000000
2026/09/17 07:27:22.024, 0, 79, 123.71, 100, 6999, 1328, 715, P0, 0x0000000000000000
2026/09/17 07:27:22.028, 1, 79, 125.19, 100, 7275, 1328, 715, P0, 0x0000000000000000
2026/09/17 07:27:23.035, 0, 79, 107.31, 100, 6999, 1278, 715, P0, 0x0000000000000000
2026/09/17 07:27:23.038, 1, 79, 119.37, 100, 7275, 1328, 715, P0, 0x0000000000000000
2026/09/17 07:27:24.046, 0, 79, 124.35, 100, 6999, 1316, 715, P0, 0x0000000000000020
2026/09/17 07:27:24.048, 1, 79, 124.95, 100, 7275, 1328, 715, P0, 0x0000000000000000
2026/09/17 07:27:25.058, 0, 79, 109.22, 100, 6999, 1252, 715, P0, 0x0000000000000000
2026/09/17 07:27:25.061, 1, 79, 124.33, 100, 7275, 1328, 715, P0, 0x0000000000000000
2026/09/17 07:27:26.077, 0, 79, 138.95, 100, 6999, 1075, 715, P0, 0x0000000000000020
2026/09/17 07:27:26.087, 1, 79, 132.11, 100, 7275, 1303, 715, P0, 0x0000000000000000
2026/09/17 07:27:27.106, 0, 79, 109.63, 100, 6999, 1252, 715, P0, 0x0000000000000000
2026/09/17 07:27:27.109, 1, 79, 125.05, 100, 7275, 1328, 715, P0, 0x0000000000000000
2026/09/17 07:27:28.123, 0, 79, 112.04, 100, 6999, 1278, 715, P0, 0x0000000000000000
2026/09/17 07:27:28.126, 1, 79, 124.56, 100, 7275, 1328, 715, P0, 0x0000000000000000
2026/09/17 07:27:29.137, 0, 79, 112.53, 100, 6999, 1278, 715, P0, 0x0000000000000000
2026/09/17 07:27:29.144, 1, 79, 162.17, 100, 7275, 1290, 715, P0, 0x0000000000000020
2026/09/17 07:27:30.152, 0, 79, 117.72, 100, 6999, 1278, 715, P0, 0x0000000000000020
2026/09/17 07:27:30.155, 1, 79, 125.68, 100, 7275, 1328, 715, P0, 0x0000000000000000
2026/09/17 07:27:31.168, 0, 79, 95.41, 97, 6999, 1189, 715, P0, 0x0000000000000000
2026/09/17 07:27:31.171, 1, 79, 125.82, 100, 7275, 1328, 715, P0, 0x0000000000000000
2026/09/17 07:27:32.183, 0, 79, 122.26, 100, 6999, 1303, 715, P0, 0x0000000000000020
2026/09/17 07:27:32.186, 1, 79, 127.09, 100, 7275, 1328, 715, P0, 0x0000000000000000
2026/09/17 07:27:33.196, 0, 79, 121.07, 100, 6999, 1303, 715, P0, 0x0000000000000020
2026/09/17 07:27:33.202, 1, 79, 124.96, 100, 7275, 1328, 715, P0, 0x0000000000000000
2026/09/17 07:27:34.213, 0, 79, 123.26, 100, 6999, 1126, 715, P0, 0x0000000000000000
2026/09/17 07:27:34.216, 1, 79, 119.27, 100, 7275, 1316, 715, P0, 0x0000000000000020
2026/09/17 07:27:35.229, 0, 79, 121.08, 100, 6999, 1303, 715, P0, 0x0000000000000020
2026/09/17 07:27:35.233, 1, 79, 125.68, 100, 7275, 1328, 715, P0, 0x0000000000000000
2026/09/17 07:27:36.240, 0, 79, 121.32, 100, 6999, 1303, 715, P0, 0x0000000000000020
2026/09/17 07:27:36.244, 1, 79, 124.96, 100, 7275, 1328, 715, P0, 0x0000000000000000
2026/09/17 07:27:37.255, 0, 79, 157.47, 100, 6999, 1316, 715, P0, 0x0000000000000020
2026/09/17 07:27:37.259, 1, 78, 58.12, 32, 7275, 1328, 715, P0, 0x0000000000000000
2026/09/17 07:27:38.270, 0, 79, 121.31, 100, 6999, 1303, 715, P0, 0x0000000000000020
2026/09/17 07:27:38.273, 1, 79, 124.72, 100, 7275, 1328, 715, P0, 0x0000000000000000
2026/09/17 07:27:39.289, 0, 79, 115.63, 100, 6999, 1303, 715, P0, 0x0000000000000000
2026/09/17 07:27:39.291, 1, 79, 124.98, 100, 7275, 1328, 715, P0, 0x0000000000000000
2026/09/17 07:27:40.304, 0, 79, 122.26, 100, 6999, 1303, 715, P0, 0x0000000000000020
2026/09/17 07:27:40.309, 1, 79, 78.36, 100, 7275, 1328, 715, P0, 0x0000000000000000
2026/09/17 07:27:41.317, 0, 79, 121.80, 100, 6999, 1303, 715, P0, 0x0000000000000020
2026/09/17 07:27:41.320, 1, 79, 122.39, 100, 7275, 1328, 715, P0, 0x0000000000000000
2026/09/17 07:27:42.330, 0, 79, 109.22, 100, 6999, 1252, 715, P0, 0x0000000000000000
2026/09/17 07:27:42.333, 1, 79, 120.75, 100, 7275, 1316, 715, P0, 0x0000000000000000
2026/09/17 07:27:43.345, 0, 79, 121.07, 100, 6999, 1303, 715, P0, 0x0000000000000020
2026/09/17 07:27:43.349, 1, 79, 125.44, 100, 7275, 1328, 715, P0, 0x0000000000000000
2026/09/17 07:27:44.360, 0, 79, 121.07, 100, 6999, 1303, 715, P0, 0x0000000000000000
2026/09/17 07:27:44.363, 1, 79, 124.71, 100, 7275, 1328, 715, P0, 0x0000000000000000
2026/09/17 07:27:45.376, 0, 79, 130.04, 100, 6999, 1151, 715, P0, 0x0000000000000000
2026/09/17 07:27:45.383, 1, 79, 99.24, 100, 7275, 1265, 715, P0, 0x0000000000000020
2026/09/17 07:27:46.390, 0, 79, 121.56, 100, 6999, 1303, 715, P0, 0x0000000000000020
2026/09/17 07:27:46.393, 1, 79, 124.96, 100, 7275, 1328, 715, P0, 0x0000000000000000
2026/09/17 07:27:47.404, 0, 79, 120.85, 100, 6999, 1303, 715, P0, 0x0000000000000000
2026/09/17 07:27:47.407, 1, 79, 122.88, 100, 7275, 1328, 715, P0, 0x0000000000000000
2026/09/17 07:27:48.415, 0, 79, 163.43, 100, 6999, 1202, 715, P0, 0x0000000000000020
2026/09/17 07:27:48.418, 1, 79, 136.90, 100, 7275, 1189, 715, P0, 0x0000000000000020
2026/09/17 07:27:49.430, 0, 79, 121.08, 100, 6999, 1303, 715, P0, 0x0000000000000020
2026/09/17 07:27:49.433, 1, 79, 124.72, 100, 7275, 1328, 715, P0, 0x0000000000000000
2026/09/17 07:27:50.447, 0, 79, 115.88, 100, 6999, 1278, 715, P0, 0x0000000000000000
2026/09/17 07:27:50.456, 1, 79, 118.82, 100, 7275, 1328, 715, P0, 0x0000000000000000
2026/09/17 07:27:51.474, 0, 79, 121.68, 100, 6999, 1303, 715, P0, 0x0000000000000020
2026/09/17 07:27:51.477, 1, 79, 89.10, 100, 7275, 1328, 715, P0, 0x0000000000000000
2026/09/17 07:27:52.488, 0, 79, 121.80, 100, 6999, 1303, 715, P0, 0x0000000000000020
2026/09/17 07:27:52.491, 1, 79, 124.72, 100, 7275, 1328, 715, P0, 0x0000000000000000
2026/09/17 07:27:53.499, 0, 79, 114.92, 100, 6999, 1290, 715, P0, 0x0000000000000000
2026/09/17 07:27:53.503, 1, 79, 118.57, 100, 7275, 1316, 715, P0, 0x0000000000000000
2026/09/17 07:27:54.517, 0, 79, 122.51, 100, 6999, 1303, 715, P0, 0x0000000000000020
2026/09/17 07:27:54.520, 1, 79, 124.71, 100, 7275, 1328, 715, P0, 0x0000000000000000
2026/09/17 07:27:55.533, 0, 79, 121.31, 100, 6999, 1303, 715, P0, 0x0000000000000020
2026/09/17 07:27:55.536, 1, 79, 125.20, 100, 7275, 1328, 715, P0, 0x0000000000000000
2026/09/17 07:27:56.547, 0, 79, 127.62, 98, 6999, 1088, 715, P0, 0x0000000000000020
2026/09/17 07:27:56.549, 1, 79, 122.54, 9, 7275, 1240, 715, P0, 0x0000000000000000
2026/09/17 07:27:57.565, 0, 79, 121.80, 100, 6999, 1303, 715, P0, 0x0000000000000020
2026/09/17 07:27:57.568, 1, 79, 125.20, 100, 7275, 1328, 715, P0, 0x0000000000000000
2026/09/17 07:27:58.582, 0, 79, 121.08, 100, 6999, 1303, 715, P0, 0x0000000000000020
2026/09/17 07:27:58.585, 1, 79, 124.72, 100, 7275, 1328, 715, P0, 0x0000000000000000
2026/09/17 07:27:59.599, 0, 78, 160.30, 100, 6999, 1202, 715, P0, 0x0000000000000020
2026/09/17 07:27:59.609, 1, 79, 162.41, 100, 7275, 1265, 715, P0, 0x0000000000000000
2026/09/17 07:28:00.628, 0, 79, 121.31, 100, 6999, 1303, 715, P0, 0x0000000000000020
2026/09/17 07:28:00.630, 1, 79, 124.96, 100, 7275, 1328, 715, P0, 0x0000000000000000
2026/09/17 07:28:01.642, 0, 79, 122.76, 100, 6999, 1316, 715, P0, 0x0000000000000000
2026/09/17 07:28:01.645, 1, 79, 124.00, 100, 7275, 1328, 715, P0, 0x0000000000000000
2026/09/17 07:28:02.653, 0, 79, 123.74, 100, 6999, 1316, 715, P0, 0x0000000000000000
2026/09/17 07:28:02.655, 1, 79, 62.03, 100, 7275, 1328, 715, P0, 0x0000000000000000
2026/09/17 07:28:03.667, 0, 79, 129.15, 100, 6999, 1328, 715, P0, 0x0000000000000000
2026/09/17 07:28:03.670, 1, 79, 124.69, 100, 7275, 1328, 715, P0, 0x0000000000000000
2026/09/17 07:28:04.678, 0, 79, 99.68, 100, 6999, 1316, 715, P0, 0x0000000000000020
2026/09/17 07:28:04.682, 1, 79, 119.39, 100, 7275, 1328, 715, P0, 0x0000000000000000
2026/09/17 07:28:05.691, 0, 79, 126.51, 100, 6999, 1328, 715, P0, 0x0000000000000000
2026/09/17 07:28:05.695, 1, 79, 125.43, 100, 7275, 1328, 715, P0, 0x0000000000000000
2026/09/17 07:28:06.705, 0, 79, 124.60, 100, 6999, 1316, 715, P0, 0x0000000000000020
2026/09/17 07:28:06.708, 1, 79, 125.19, 100, 7275, 1328, 715, P0, 0x0000000000000000
2026/09/17 07:28:07.718, 0, 79, 105.70, 100, 6999, 1189, 715, P0, 0x0000000000000000
2026/09/17 07:28:07.721, 1, 79, 117.00, 100, 7275, 1303, 715, P0, 0x0000000000000000
2026/09/17 07:28:08.734, 0, 79, 126.28, 100, 6999, 1328, 715, P0, 0x0000000000000000
2026/09/17 07:28:08.737, 1, 79, 125.19, 100, 7275, 1328, 715, P0, 0x0000000000000000
2026/09/17 07:28:09.746, 0, 79, 126.28, 100, 6999, 1328, 715, P0, 0x0000000000000000
2026/09/17 07:28:09.749, 1, 79, 124.47, 100, 7275, 1328, 715, P0, 0x0000000000000000
2026/09/17 07:28:10.759, 0, 79, 166.44, 100, 6999, 1227, 715, P0, 0x0000000000000020
2026/09/17 07:28:10.761, 1, 79, 166.63, 100, 7275, 1303, 715, P0, 0x0000000000000020
2026/09/17 07:28:11.776, 0, 80, 123.87, 100, 6999, 1328, 715, P0, 0x0000000000000000
2026/09/17 07:28:11.779, 1, 79, 124.95, 100, 7275, 1328, 715, P0, 0x0000000000000000
2026/09/17 07:28:12.793, 0, 79, 123.41, 100, 6999, 1328, 715, P0, 0x0000000000000000
2026/09/17 07:28:12.798, 1, 79, 123.04, 100, 7275, 1328, 715, P0, 0x0000000000000000
2026/09/17 07:28:13.806, 0, 79, 107.58, 100, 6999, 1240, 715, P0, 0x0000000000000000
2026/09/17 07:28:13.808, 1, 78, 159.04, 100, 7275, 1328, 715, P0, 0x0000000000000000
2026/09/17 07:28:14.819, 0, 79, 114.44, 100, 6999, 1265, 715, P0, 0x0000000000000020
2026/09/17 07:28:14.822, 1, 79, 124.98, 100, 7275, 1328, 715, P0, 0x0000000000000000
2026/09/17 07:28:15.829, 0, 79, 89.94, 97, 6999, 1164, 715, P0, 0x0000000000000000
2026/09/17 07:28:15.832, 1, 79, 118.78, 100, 7275, 1328, 715, P0, 0x0000000000000000
2026/09/17 07:28:16.847, 0, 79, 114.20, 100, 6999, 1265, 715, P0, 0x0000000000000020
2026/09/17 07:28:16.850, 1, 79, 124.73, 100, 7275, 1328, 715, P0, 0x0000000000000000
2026/09/17 07:28:17.859, 0, 79, 113.47, 100, 6999, 1265, 715, P0, 0x0000000000000020
2026/09/17 07:28:17.863, 1, 79, 125.04, 100, 7275, 1328, 715, P0, 0x0000000000000000
2026/09/17 07:28:18.872, 0, 79, 85.30, 100, 6999, 1265, 715, P0, 0x0000000000000000
2026/09/17 07:28:18.875, 1, 79, 125.47, 100, 7275, 1316, 715, P0, 0x0000000000000000
2026/09/17 07:28:19.888, 0, 79, 110.35, 100, 6999, 1252, 715, P0, 0x0000000000000020
2026/09/17 07:28:19.891, 1, 79, 125.45, 100, 7275, 1328, 715, P0, 0x0000000000000000
2026/09/17 07:28:20.903, 0, 79, 102.99, 100, 6999, 1265, 715, P0, 0x0000000000000020
2026/09/17 07:28:20.907, 1, 79, 125.07, 100, 7275, 1328, 715, P0, 0x0000000000000000
2026/09/17 07:28:21.917, 0, 79, 114.27, 100, 6999, 1265, 715, P0, 0x0000000000000020
2026/09/17 07:28:21.921, 1, 78, 58.50, 94, 7275, 1328, 715, P0, 0x0000000000000000
2026/09/17 07:28:22.927, 0, 79, 121.07, 100, 6999, 1303, 715, P0, 0x0000000000000020
2026/09/17 07:28:22.930, 1, 79, 126.16, 100, 7275, 1328, 715, P0, 0x0000000000000000
2026/09/17 07:28:23.941, 0, 79, 133.31, 100, 6999, 1113, 715, P0, 0x0000000000000020
2026/09/17 07:28:23.944, 1, 79, 130.62, 100, 7275, 1328, 715, P0, 0x0000000000000000
2026/09/17 07:28:24.956, 0, 79, 121.09, 100, 6999, 1303, 715, P0, 0x0000000000000020
2026/09/17 07:28:24.962, 1, 79, 122.39, 100, 7275, 1328, 715, P0, 0x0000000000000000
2026/09/17 07:28:25.970, 0, 79, 120.85, 100, 6999, 1303, 715, P0, 0x0000000000000020
2026/09/17 07:28:25.973, 1, 79, 122.40, 100, 7275, 1328, 715, P0, 0x0000000000000000
2026/09/17 07:28:26.988, 0, 79, 80.32, 100, 6999, 1303, 715, P0, 0x0000000000000000
2026/09/17 07:28:26.991, 1, 79, 132.58, 100, 7275, 1139, 715, P0, 0x0000000000000020
2026/09/17 07:28:28.003, 0, 79, 118.27, 100, 6999, 1303, 715, P0, 0x0000000000000000
2026/09/17 07:28:28.005, 1, 79, 120.00, 100, 7275, 1316, 715, P0, 0x0000000000000000
2026/09/17 07:28:29.014, 0, 79, 115.89, 100, 6999, 1290, 715, P0, 0x0000000000000000
2026/09/17 07:28:29.017, 1, 79, 115.30, 100, 7275, 1290, 715, P0, 0x0000000000000000
2026/09/17 07:28:30.030, 0, 79, 121.31, 100, 6999, 1303, 715, P0, 0x0000000000000020
2026/09/17 07:28:30.033, 1, 79, 124.72, 100, 7275, 1328, 715, P0, 0x0000000000000000
2026/09/17 07:28:31.048, 0, 79, 126.99, 100, 6999, 1328, 715, P0, 0x0000000000000000
2026/09/17 07:28:31.051, 1, 79, 124.71, 100, 7275, 1328, 715, P0, 0x0000000000000000
2026/09/17 07:28:32.060, 0, 79, 99.04, 100, 6999, 1189, 715, P0, 0x0000000000000000
2026/09/17 07:28:32.063, 1, 79, 114.93, 100, 7275, 1303, 715, P0, 0x0000000000000000
2026/09/17 07:28:33.075, 0, 79, 125.55, 100, 6999, 1328, 715, P0, 0x0000000000000000
2026/09/17 07:28:33.077, 1, 79, 124.71, 100, 7275, 1328, 715, P0, 0x0000000000000000
2026/09/17 07:28:34.091, 0, 79, 124.84, 100, 6999, 1328, 715, P0, 0x0000000000000000
2026/09/17 07:28:34.093, 1, 79, 124.95, 100, 7275, 1328, 715, P0, 0x0000000000000000
2026/09/17 07:28:35.105, 0, 79, 137.62, 97, 6999, 1113, 715, P0, 0x0000000000000020
2026/09/17 07:28:35.116, 1, 78, 156.39, 58, 7275, 1278, 715, P0, 0x0000000000000020
2026/09/17 07:28:36.127, 0, 79, 118.69, 100, 6999, 1278, 715, P0, 0x0000000000000020
2026/09/17 07:28:36.129, 1, 79, 124.48, 100, 7275, 1328, 715, P0, 0x0000000000000000
2026/09/17 07:28:37.143, 0, 79, 111.39, 100, 6999, 1278, 715, P0, 0x0000000000000000
2026/09/17 07:28:37.148, 1, 79, 120.73, 100, 7275, 1328, 715, P0, 0x0000000000000000
2026/09/17 07:28:38.159, 0, 79, 115.85, 100, 6999, 1278, 715, P0, 0x0000000000000020
2026/09/17 07:28:38.161, 1, 79, 80.06, 100, 7275, 1328, 715, P0, 0x0000000000000000
2026/09/17 07:28:39.176, 0, 79, 115.87, 100, 6999, 1278, 715, P0, 0x0000000000000020
2026/09/17 07:28:39.179, 1, 79, 124.80, 100, 7275, 1328, 715, P0, 0x0000000000000000
2026/09/17 07:28:40.192, 0, 78, 98.74, 100, 6999, 1126, 715, P0, 0x0000000000000000
2026/09/17 07:28:40.195, 1, 79, 121.34, 100, 7275, 1316, 715, P0, 0x0000000000000000
2026/09/17 07:28:41.207, 0, 79, 116.11, 100, 6999, 1278, 715, P0, 0x0000000000000020
2026/09/17 07:28:41.210, 1, 79, 125.44, 100, 7275, 1328, 715, P0, 0x0000000000000000
2026/09/17 07:28:42.221, 0, 79, 116.11, 100, 6999, 1303, 715, P0, 0x0000000000000000
2026/09/17 07:28:42.227, 1, 79, 122.88, 100, 7275, 1328, 715, P0, 0x0000000000000000
2026/09/17 07:28:43.236, 0, 79, 95.05, 100, 6999, 1303, 715, P0, 0x0000000000000000
2026/09/17 07:28:43.238, 1, 79, 157.41, 100, 7275, 1328, 715, P0, 0x0000000000000000
2026/09/17 07:28:44.252, 0, 79, 121.56, 100, 6999, 1303, 715, P0, 0x0000000000000020
2026/09/17 07:28:44.255, 1, 79, 124.72, 100, 7275, 1328, 715, P0, 0x0000000000000000
2026/09/17 07:28:45.267, 0, 79, 106.36, 100, 6999, 1227, 715, P0, 0x0000000000000000
2026/09/17 07:28:45.271, 1, 79, 119.39, 100, 7275, 1328, 715, P0, 0x0000000000000000
2026/09/17 07:28:46.283, 0, 79, 122.75, 100, 6999, 1316, 715, P0, 0x0000000000000000
2026/09/17 07:28:46.286, 1, 79, 125.65, 100, 7275, 1328, 715, P0, 0x0000000000000000
2026/09/17 07:28:47.298, 0, 79, 128.18, 100, 6999, 1328, 715, P0, 0x0000000000000000
2026/09/17 07:28:47.301, 1, 79, 124.93, 100, 7275, 1328, 715, P0, 0x0000000000000000
2026/09/17 07:28:48.316, 0, 79, 149.23, 100, 6999, 1113, 715, P0, 0x0000000000000020
2026/09/17 07:28:48.319, 1, 79, 117.95, 50, 7275, 1290, 715, P0, 0x0000000000000000
2026/09/17 07:28:49.331, 0, 79, 125.31, 100, 6999, 1328, 715, P0, 0x0000000000000000
2026/09/17 07:28:49.336, 1, 79, 124.71, 100, 7275, 1328, 715, P0, 0x0000000000000000
2026/09/17 07:28:50.341, 0, 79, 125.08, 100, 6999, 1328, 715, P0, 0x0000000000000000
2026/09/17 07:28:50.344, 1, 79, 124.71, 100, 7275, 1328, 715, P0, 0x0000000000000000
2026/09/17 07:28:51.351, 0, 79, 111.49, 100, 6999, 1328, 715, P0, 0x0000000000000000
2026/09/17 07:28:51.357, 1, 79, 180.63, 100, 7275, 1278, 715, P0, 0x0000000000000020
2026/09/17 07:28:52.365, 0, 79, 123.64, 100, 6999, 1328, 715, P0, 0x0000000000000000
2026/09/17 07:28:52.367, 1, 79, 124.71, 100, 7275, 1328, 715, P0, 0x0000000000000000
2026/09/17 07:28:53.380, 0, 79, 122.05, 100, 6999, 1328, 715, P0, 0x0000000000000000
2026/09/17 07:28:53.383, 1, 79, 122.63, 100, 7275, 1328, 715, P0, 0x0000000000000000
2026/09/17 07:28:54.394, 0, 79, 124.11, 100, 6999, 1328, 715, P0, 0x0000000000000000
2026/09/17 07:28:54.397, 1, 79, 80.76, 100, 7275, 1328, 715, P0, 0x0000000000000000
2026/09/17 07:28:55.404, 0, 79, 126.98, 100, 6999, 1328, 715, P0, 0x0000000000000000
2026/09/17 07:28:55.406, 1, 79, 124.69, 100, 7275, 1328, 715, P0, 0x0000000000000000
2026/09/17 07:28:56.422, 0, 79, 97.58, 100, 6999, 1189, 715, P0, 0x0000000000000000
2026/09/17 07:28:56.425, 1, 79, 121.56, 100, 7275, 1316, 715, P0, 0x0000000000000000
2026/09/17 07:28:57.434, 0, 79, 124.35, 100, 6999, 1328, 715, P0, 0x0000000000000000
2026/09/17 07:28:57.437, 1, 79, 124.95, 100, 7275, 1328, 715, P0, 0x0000000000000000
2026/09/17 07:28:58.448, 0, 79, 126.99, 100, 6999, 1328, 715, P0, 0x0000000000000000
2026/09/17 07:28:58.451, 1, 79, 124.95, 100, 7275, 1328, 715, P0, 0x0000000000000000
2026/09/17 07:28:59.465, 0, 79, 148.65, 100, 6999, 1139, 715, P0, 0x0000000000000020
2026/09/17 07:28:59.468, 1, 79, 179.69, 100, 7275, 1316, 715, P0, 0x0000000000000020
2026/09/17 07:29:00.478, 0, 79, 124.60, 100, 6999, 1328, 715, P0, 0x0000000000000000
2026/09/17 07:29:00.483, 1, 79, 124.95, 100, 7275, 1328, 715, P0, 0x0000000000000000
2026/09/17 07:29:01.493, 0, 79, 112.76, 100, 6999, 1252, 715, P0, 0x0000000000000000
2026/09/17 07:29:01.496, 1, 79, 126.41, 100, 7275, 1328, 715, P0, 0x0000000000000000
2026/09/17 07:29:02.506, 0, 79, 108.01, 100, 6999, 1240, 715, P0, 0x0000000000000000
2026/09/17 07:29:02.509, 1, 79, 126.73, 100, 7275, 1328, 715, P0, 0x0000000000000000
2026/09/17 07:29:03.521, 0, 79, 113.24, 100, 6999, 1252, 715, P0, 0x0000000000000000
2026/09/17 07:29:03.524, 1, 79, 125.52, 100, 7275, 1328, 715, P0, 0x0000000000000000
2026/09/17 07:29:04.534, 0, 79, 121.82, 100, 6999, 1088, 715, P0, 0x0000000000000020
2026/09/17 07:29:04.538, 1, 79, 119.49, 100, 7275, 1328, 715, P0, 0x0000000000000000
2026/09/17 07:29:05.550, 0, 79, 120.84, 100, 6999, 1303, 715, P0, 0x0000000000000020
2026/09/17 07:29:05.553, 1, 79, 125.20, 100, 7275, 1328, 715, P0, 0x0000000000000000
2026/09/17 07:29:06.566, 0, 79, 122.93, 100, 6999, 1328, 715, P0, 0x0000000000000000
2026/09/17 07:29:06.569, 1, 79, 124.95, 100, 7275, 1328, 715, P0, 0x0000000000000000
2026/09/17 07:29:07.581, 0, 79, 128.55, 100, 6999, 1328, 715, P0, 0x0000000000000000
2026/09/17 07:29:07.586, 1, 78, 58.20, 48, 7275, 1328, 715, P0, 0x0000000000000000
2026/09/17 07:29:08.593, 0, 79, 122.44, 100, 6999, 1316, 715, P0, 0x0000000000000020
2026/09/17 07:29:08.596, 1, 79, 127.09, 100, 7275, 1328, 715, P0, 0x0000000000000000
2026/09/17 07:29:09.605, 0, 79, 109.39, 100, 6999, 1265, 715, P0, 0x0000000000000000
2026/09/17 07:29:09.610, 1, 79, 126.89, 100, 7275, 1328, 715, P0, 0x0000000000000000
2026/09/17 07:29:10.616, 0, 80, 129.31, 100, 6999, 1328, 715, P0, 0x0000000000000000
2026/09/17 07:29:10.620, 1, 79, 127.08, 100, 7275, 1328, 715, P0, 0x0000000000000000
2026/09/17 07:29:11.632, 0, 79, 126.52, 100, 6999, 1328, 715, P0, 0x0000000000000000
2026/09/17 07:29:11.635, 1, 79, 126.84, 100, 7275, 1328, 715, P0, 0x0000000000000000
2026/09/17 07:29:12.651, 0, 79, 125.79, 100, 6999, 1088, 715, P0, 0x0000000000000020
2026/09/17 07:29:12.657, 1, 79, 118.31, 100, 7275, 1316, 715, P0, 0x0000000000000020
2026/09/17 07:29:13.668, 0, 79, 116.76, 100, 6999, 1278, 715, P0, 0x0000000000000020
2026/09/17 07:29:13.672, 1, 79, 125.44, 100, 7275, 1328, 715, P0, 0x0000000000000000
2026/09/17 07:29:14.685, 0, 79, 110.36, 100, 6999, 1265, 715, P0, 0x0000000000000000
2026/09/17 07:29:14.689, 1, 79, 124.57, 100, 7275, 1328, 715, P0, 0x0000000000000000
2026/09/17 07:29:15.701, 0, 79, 117.32, 100, 6999, 1278, 715, P0, 0x0000000000000020
2026/09/17 07:29:15.704, 1, 79, 124.72, 100, 7275, 1328, 715, P0, 0x0000000000000000
2026/09/17 07:29:16.716, 0, 79, 121.56, 100, 6999, 1303, 715, P0, 0x0000000000000020
2026/09/17 07:29:16.719, 1, 79, 125.68, 100, 7275, 1328, 715, P0, 0x0000000000000000
2026/09/17 07:29:17.733, 0, 79, 108.52, 100, 6999, 1189, 715, P0, 0x0000000000000000
2026/09/17 07:29:17.736, 1, 79, 119.15, 100, 7275, 1328, 715, P0, 0x0000000000000000
2026/09/17 07:29:18.746, 0, 79, 126.03, 100, 6999, 1328, 715, P0, 0x0000000000000000
2026/09/17 07:29:18.749, 1, 79, 124.95, 100, 7275, 1328, 715, P0, 0x0000000000000000
2026/09/17 07:29:19.760, 0, 79, 125.08, 100, 6999, 1328, 715, P0, 0x0000000000000000
2026/09/17 07:29:19.763, 1, 79, 124.95, 100, 7275, 1328, 715, P0, 0x0000000000000000
2026/09/17 07:29:20.774, 0, 79, 159.27, 100, 6999, 1227, 715, P0, 0x0000000000000020
2026/09/17 07:29:20.777, 1, 78, 58.12, 57, 7275, 1328, 715, P0, 0x0000000000000000
2026/09/17 07:29:21.788, 0, 79, 128.90, 100, 6999, 1328, 715, P0, 0x0000000000000000
2026/09/17 07:29:21.791, 1, 79, 126.60, 100, 7275, 1328, 715, P0, 0x0000000000000000
2026/09/17 07:29:22.801, 0, 79, 110.59, 100, 6999, 1278, 715, P0, 0x0000000000000000
2026/09/17 07:29:22.804, 1, 79, 124.98, 100, 7275, 1328, 715, P0, 0x0000000000000000
2026/09/17 07:29:23.815, 0, 79, 121.31, 100, 6999, 1290, 715, P0, 0x0000000000000020
2026/09/17 07:29:23.817, 1, 79, 125.65, 100, 7275, 1328, 715, P0, 0x0000000000000000
2026/09/17 07:29:24.830, 0, 79, 117.61, 100, 6999, 1278, 715, P0, 0x0000000000000020
2026/09/17 07:29:24.834, 1, 79, 100.31, 100, 7275, 1202, 715, P0, 0x0000000000000000
2026/09/17 07:29:25.842, 0, 79, 128.86, 100, 6999, 1151, 715, P0, 0x0000000000000000
2026/09/17 07:29:25.845, 1, 78, 101.67, 100, 7275, 1126, 715, P0, 0x0000000000000000
2026/09/17 07:29:26.855, 0, 79, 123.48, 100, 6999, 1316, 715, P0, 0x0000000000000020
2026/09/17 07:29:26.859, 1, 79, 118.56, 100, 7275, 1303, 715, P0, 0x0000000000000020
2026/09/17 07:29:27.870, 0, 79, 122.99, 100, 6999, 1328, 715, P0, 0x0000000000000000
2026/09/17 07:29:27.876, 1, 79, 120.24, 100, 7275, 1328, 715, P0, 0x0000000000000000
2026/09/17 07:29:28.883, 0, 79, 117.97, 100, 6999, 1278, 715, P0, 0x0000000000000020
2026/09/17 07:29:28.886, 1, 79, 124.96, 100, 7275, 1328, 715, P0, 0x0000000000000000
2026/09/17 07:29:29.899, 0, 79, 118.21, 100, 6999, 1278, 715, P0, 0x0000000000000020
2026/09/17 07:29:29.902, 1, 79, 125.03, 100, 7275, 1328, 715, P0, 0x0000000000000000
2026/09/17 07:29:30.915, 0, 79, 95.90, 100, 6999, 1189, 715, P0, 0x0000000000000000
2026/09/17 07:29:30.921, 1, 79, 117.32, 100, 7275, 1316, 715, P0, 0x0000000000000020
2026/09/17 07:29:31.932, 0, 79, 118.68, 100, 6999, 1278, 715, P0, 0x0000000000000020
2026/09/17 07:29:31.936, 1, 79, 125.20, 100, 7275, 1328, 715, P0, 0x0000000000000000
2026/09/17 07:29:32.946, 0, 79, 115.63, 100, 6999, 1278, 715, P0, 0x0000000000000020
2026/09/17 07:29:32.949, 1, 79, 124.56, 100, 7275, 1328, 715, P0, 0x0000000000000000
2026/09/17 07:29:33.964, 0, 79, 88.00, 100, 6999, 1278, 715, P0, 0x0000000000000000
2026/09/17 07:29:33.969, 1, 78, 55.70, 76, 7275, 1303, 715, P0, 0x0000000000000000
2026/09/17 07:29:34.975, 0, 79, 116.35, 100, 6999, 1278, 715, P0, 0x0000000000000020
2026/09/17 07:29:34.977, 1, 79, 124.98, 100, 7275, 1328, 715, P0, 0x0000000000000000
2026/09/17 07:29:35.988, 0, 79, 95.42, 100, 6999, 1189, 715, P0, 0x0000000000000000
2026/09/17 07:29:35.990, 1, 79, 118.76, 100, 7275, 1316, 715, P0, 0x0000000000000000
2026/09/17 07:29:37.002, 0, 79, 117.73, 100, 6999, 1278, 715, P0, 0x0000000000000020
2026/09/17 07:29:37.007, 1, 79, 125.20, 100, 7275, 1328, 715, P0, 0x0000000000000000
2026/09/17 07:29:38.016, 0, 79, 117.73, 100, 6999, 1278, 715, P0, 0x0000000000000020
2026/09/17 07:29:38.019, 1, 79, 124.48, 100, 7275, 1328, 715, P0, 0x0000000000000000
2026/09/17 07:29:39.029, 0, 78, 73.14, 100, 6999, 1303, 715, P0, 0x0000000000000000
2026/09/17 07:29:39.032, 1, 79, 124.08, 100, 7275, 1290, 715, P0, 0x0000000000000000
2026/09/17 07:29:40.041, 0, 79, 121.48, 100, 6999, 1303, 715, P0, 0x0000000000000020
2026/09/17 07:29:40.047, 1, 79, 125.65, 100, 7275, 1328, 715, P0, 0x0000000000000000
2026/09/17 07:29:41.057, 0, 79, 115.64, 100, 6999, 1303, 715, P0, 0x0000000000000000
2026/09/17 07:29:41.061, 1, 79, 122.40, 100, 7275, 1328, 715, P0, 0x0000000000000000
2026/09/17 07:29:42.071, 0, 79, 121.80, 100, 6999, 1303, 715, P0, 0x0000000000000020
2026/09/17 07:29:42.075, 1, 79, 125.18, 100, 7275, 1328, 715, P0, 0x0000000000000000
2026/09/17 07:29:43.086, 0, 79, 121.56, 100, 6999, 1303, 715, P0, 0x0000000000000020
2026/09/17 07:29:43.088, 1, 79, 124.72, 100, 7275, 1328, 715, P0, 0x0000000000000000
2026/09/17 07:29:44.101, 0, 79, 131.72, 100, 6999, 1113, 715, P0, 0x0000000000000020
2026/09/17 07:29:44.104, 1, 79, 120.23, 100, 7275, 1328, 715, P0, 0x0000000000000000
2026/09/17 07:29:45.114, 0, 79, 121.31, 100, 6999, 1303, 715, P0, 0x0000000000000020
2026/09/17 07:29:45.117, 1, 79, 125.42, 100, 7275, 1328, 715, P0, 0x0000000000000000
2026/09/17 07:29:46.125, 0, 79, 116.05, 100, 6999, 1303, 715, P0, 0x0000000000000000
2026/09/17 07:29:46.128, 1, 79, 124.96, 100, 7275, 1328, 715, P0, 0x0000000000000000
2026/09/17 07:29:47.140, 0, 79, 121.57, 100, 6999, 1303, 715, P0, 0x0000000000000020
2026/09/17 07:29:47.143, 1, 79, 63.97, 100, 7275, 1328, 715, P0, 0x0000000000000000
2026/09/17 07:29:48.154, 0, 79, 121.30, 100, 6999, 1303, 715, P0, 0x0000000000000020
2026/09/17 07:29:48.157, 1, 79, 126.85, 100, 7275, 1328, 715, P0, 0x0000000000000000
2026/09/17 07:29:49.166, 0, 79, 96.57, 100, 6999, 1189, 715, P0, 0x0000000000000000
2026/09/17 07:29:49.173, 1, 79, 119.16, 100, 7275, 1316, 715, P0, 0x0000000000000000
2026/09/17 07:29:50.180, 0, 79, 122.51, 100, 6999, 1303, 715, P0, 0x0000000000000020
2026/09/17 07:29:50.183, 1, 79, 124.95, 100, 7275, 1328, 715, P0, 0x0000000000000000
2026/09/17 07:29:51.196, 0, 79, 121.25, 100, 6999, 1303, 715, P0, 0x0000000000000020
2026/09/17 07:29:51.199, 1, 79, 124.71, 100, 7275, 1328, 715, P0, 0x0000000000000000
2026/09/17 07:29:52.209, 0, 79, 74.87, 100, 6999, 1316, 715, P0, 0x0000000000000020
2026/09/17 07:29:52.214, 1, 80, 174.60, 100, 7275, 1328, 715, P0, 0x0000000000000000
2026/09/17 07:29:53.221, 0, 79, 121.80, 100, 6999, 1303, 715, P0, 0x0000000000000020
2026/09/17 07:29:53.224, 1, 79, 124.95, 100, 7275, 1328, 715, P0, 0x0000000000000000
2026/09/17 07:29:54.232, 0, 79, 108.43, 100, 6999, 1303, 715, P0, 0x0000000000000000
2026/09/17 07:29:54.235, 1, 79, 126.17, 100, 7275, 1328, 715, P0, 0x0000000000000000
2026/09/17 07:29:55.248, 0, 79, 121.48, 100, 6999, 1303, 715, P0, 0x0000000000000020
2026/09/17 07:29:55.253, 1, 79, 126.61, 100, 7275, 1328, 715, P0, 0x0000000000000000
2026/09/17 07:29:56.262, 0, 79, 121.31, 100, 6999, 1303, 715, P0, 0x0000000000000020
2026/09/17 07:29:56.266, 1, 79, 123.28, 100, 7275, 1328, 715, P0, 0x0000000000000000
2026/09/17 07:29:57.275, 0, 79, 132.18, 100, 6999, 1126, 715, P0, 0x0000000000000020
2026/09/17 07:29:57.281, 1, 79, 114.56, 100, 7275, 1177, 715, P0, 0x0000000000000000
2026/09/17 07:29:58.288, 0, 79, 121.01, 100, 6999, 1303, 715, P0, 0x0000000000000020
2026/09/17 07:29:58.294, 1, 79, 124.96, 100, 7275, 1328, 715, P0, 0x0000000000000000
2026/09/17 07:29:59.306, 0, 79, 116.35, 100, 6999, 1303, 715, P0, 0x0000000000000000
2026/09/17 07:29:59.308, 1, 79, 122.88, 100, 7275, 1328, 715, P0, 0x0000000000000000
2026/09/17 07:30:00.318, 0, 79, 121.78, 100, 6999, 1303, 715, P0, 0x0000000000000020
2026/09/17 07:30:00.321, 1, 79, 80.28, 100, 7275, 1328, 715, P0, 0x0000000000000000
2026/09/17 07:30:01.330, 0, 79, 121.56, 100, 6999, 1303, 715, P0, 0x0000000000000020
2026/09/17 07:30:01.333, 1, 79, 124.48, 100, 7275, 1328, 715, P0, 0x0000000000000000
2026/09/17 07:30:02.343, 0, 79, 137.59, 100, 6999, 1151, 715, P0, 0x0000000000000020
2026/09/17 07:30:02.346, 1, 79, 99.29, 100, 7275, 1202, 715, P0, 0x0000000000000000
2026/09/17 07:30:03.361, 0, 79, 123.16, 100, 6999, 1316, 715, P0, 0x0000000000000020
2026/09/17 07:30:03.365, 1, 79, 124.95, 100, 7275, 1328, 715, P0, 0x0000000000000000
2026/09/17 07:30:04.372, 0, 79, 125.07, 100, 6999, 1328, 715, P0, 0x0000000000000000
2026/09/17 07:30:04.377, 1, 79, 124.23, 100, 7275, 1328, 715, P0, 0x0000000000000000
2026/09/17 07:30:05.390, 0, 79, 92.41, 100, 6999, 1328, 715, P0, 0x0000000000000000
2026/09/17 07:30:05.393, 1, 79, 146.72, 100, 7275, 1290, 715, P0, 0x0000000000000020
2026/09/17 07:30:06.401, 0, 79, 123.63, 100, 6999, 1316, 715, P0, 0x0000000000000000
2026/09/17 07:30:06.403, 1, 79, 124.95, 100, 7275, 1328, 715, P0, 0x0000000000000000
2026/09/17 07:30:07.416, 0, 79, 95.66, 98, 6999, 1189, 715, P0, 0x0000000000000000
2026/09/17 07:30:07.420, 1, 79, 118.22, 100, 7275, 1316, 715, P0, 0x0000000000000000
2026/09/17 07:30:08.431, 0, 79, 126.03, 100, 6999, 1328, 715, P0, 0x0000000000000000
2026/09/17 07:30:08.434, 1, 79, 125.19, 100, 7275, 1328, 715, P0, 0x0000000000000000
2026/09/17 07:30:09.446, 0, 79, 125.55, 100, 6999, 1328, 715, P0, 0x0000000000000000
2026/09/17 07:30:09.448, 1, 79, 124.71, 100, 7275, 1328, 715, P0, 0x0000000000000000
2026/09/17 07:30:10.460, 0, 79, 151.54, 100, 6999, 1139, 715, P0, 0x0000000000000020
2026/09/17 07:30:10.463, 1, 79, 148.14, 100, 7275, 1215, 715, P0, 0x0000000000000000
2026/09/17 07:30:11.477, 0, 79, 124.11, 100, 6999, 1328, 715, P0, 0x0000000000000000
2026/09/17 07:30:11.480, 1, 79, 124.71, 100, 7275, 1328, 715, P0, 0x0000000000000000
2026/09/17 07:30:12.490, 0, 79, 122.52, 100, 6999, 1328, 715, P0, 0x0000000000000000
2026/09/17 07:30:12.492, 1, 79, 123.10, 100, 7275, 1328, 715, P0, 0x0000000000000000
2026/09/17 07:30:13.504, 0, 79, 114.67, 100, 6999, 1265, 715, P0, 0x0000000000000020
2026/09/17 07:30:13.507, 1, 79, 120.97, 100, 7275, 1328, 715, P0, 0x0000000000000000
2026/09/17 07:30:14.520, 0, 79, 110.11, 100, 6999, 1265, 715, P0, 0x0000000000000000
2026/09/17 07:30:14.527, 1, 79, 124.57, 100, 7275, 1328, 715, P0, 0x0000000000000000
2026/09/17 07:30:15.540, 0, 79, 131.24, 100, 6999, 1101, 715, P0, 0x0000000000000020
2026/09/17 07:30:15.543, 1, 79, 119.01, 100, 7275, 1316, 715, P0, 0x0000000000000020
2026/09/17 07:30:16.566, 0, 79, 121.56, 100, 6999, 1303, 715, P0, 0x0000000000000020
2026/09/17 07:30:16.569, 1, 79, 125.65, 100, 7275, 1328, 715, P0, 0x0000000000000000
2026/09/17 07:30:17.581, 0, 79, 119.17, 100, 6999, 1303, 715, P0, 0x0000000000000000
2026/09/17 07:30:17.584, 1, 79, 124.07, 100, 7275, 1328, 715, P0, 0x0000000000000000
2026/09/17 07:30:18.598, 0, 79, 122.76, 100, 6999, 1303, 715, P0, 0x0000000000000020
2026/09/17 07:30:18.601, 1, 79, 179.31, 100, 7275, 1328, 715, P0, 0x0000000000000000
2026/09/17 07:30:19.613, 0, 79, 121.31, 100, 6999, 1303, 715, P0, 0x0000000000000020
2026/09/17 07:30:19.616, 1, 79, 124.96, 100, 7275, 1328, 715, P0, 0x0000000000000000
2026/09/17 07:30:20.629, 0, 79, 110.39, 97, 6999, 1088, 715, P0, 0x0000000000000000
2026/09/17 07:30:20.633, 1, 79, 119.40, 61, 7275, 1316, 715, P0, 0x0000000000000000
2026/09/17 07:30:21.642, 0, 79, 121.80, 100, 6999, 1303, 715, P0, 0x0000000000000020
2026/09/17 07:30:21.647, 1, 79, 125.19, 100, 7275, 1328, 715, P0, 0x0000000000000000
2026/09/17 07:30:22.659, 0, 79, 121.56, 100, 6999, 1303, 715, P0, 0x0000000000000020
2026/09/17 07:30:22.662, 1, 79, 124.96, 100, 7275, 1328, 715, P0, 0x0000000000000000
2026/09/17 07:30:23.675, 0, 79, 121.25, 100, 6999, 1303, 715, P0, 0x0000000000000020
2026/09/17 07:30:23.678, 1, 79, 177.76, 100, 7275, 1328, 715, P0, 0x0000000000000000
2026/09/17 07:30:24.688, 0, 79, 121.56, 100, 6999, 1303, 715, P0, 0x0000000000000020
2026/09/17 07:30:24.691, 1, 79, 124.95, 100, 7275, 1328, 715, P0, 0x0000000000000000
2026/09/17 07:30:25.704, 0, 79, 105.39, 100, 6999, 1240, 715, P0, 0x0000000000000000
2026/09/17 07:30:25.707, 1, 79, 123.15, 100, 7275, 1328, 715, P0, 0x0000000000000000
2026/09/17 07:30:26.718, 0, 79, 121.56, 100, 6999, 1303, 715, P0, 0x0000000000000020
2026/09/17 07:30:26.720, 1, 79, 125.65, 100, 7275, 1328, 715, P0, 0x0000000000000000
2026/09/17 07:30:27.729, 0, 79, 121.56, 100, 6999, 1303, 715, P0, 0x0000000000000020
2026/09/17 07:30:27.733, 1, 79, 126.39, 100, 7275, 1328, 715, P0, 0x0000000000000000
2026/09/17 07:30:28.743, 0, 79, 78.53, 100, 6999, 1303, 715, P0, 0x0000000000000000
2026/09/17 07:30:28.746, 1, 78, 165.37, 100, 7275, 1328, 715, P0, 0x0000000000000000
2026/09/17 07:30:29.764, 0, 79, 123.41, 100, 6999, 1328, 715, P0, 0x0000000000000000
2026/09/17 07:30:29.767, 1, 79, 124.95, 100, 7275, 1328, 715, P0, 0x0000000000000000
2026/09/17 07:30:30.772, 0, 79, 116.12, 100, 6999, 1290, 715, P0, 0x0000000000000000
2026/09/17 07:30:30.775, 1, 79, 119.53, 100, 7275, 1328, 715, P0, 0x0000000000000000
2026/09/17 07:30:31.784, 0, 79, 122.75, 100, 6999, 1316, 715, P0, 0x0000000000000000
2026/09/17 07:30:31.787, 1, 79, 124.95, 100, 7275, 1328, 715, P0, 0x0000000000000000
2026/09/17 07:30:32.799, 0, 79, 126.76, 100, 6999, 1328, 715, P0, 0x0000000000000000
2026/09/17 07:30:32.803, 1, 79, 125.17, 100, 7275, 1328, 715, P0, 0x0000000000000000
2026/09/17 07:30:33.818, 0, 79, 142.81, 100, 6999, 1101, 715, P0, 0x0000000000000020
2026/09/17 07:30:33.823, 1, 78, 155.65, 10, 7275, 1328, 715, P0, 0x0000000000000000
2026/09/17 07:30:34.829, 0, 79, 121.56, 100, 6999, 1303, 715, P0, 0x0000000000000020
2026/09/17 07:30:34.832, 1, 79, 126.39, 100, 7275, 1328, 715, P0, 0x0000000000000000
2026/09/17 07:30:35.842, 0, 79, 120.84, 100, 6999, 1290, 715, P0, 0x0000000000000000
2026/09/17 07:30:35.846, 1, 79, 125.20, 100, 7275, 1328, 715, P0, 0x0000000000000000
2026/09/17 07:30:36.861, 0, 79, 121.80, 100, 6999, 1303, 715, P0, 0x0000000000000020
2026/09/17 07:30:36.863, 1, 79, 124.96, 100, 7275, 1328, 715, P0, 0x0000000000000000
2026/09/17 07:30:37.880, 0, 79, 123.46, 100, 6999, 1316, 715, P0, 0x0000000000000020
2026/09/17 07:30:37.883, 1, 79, 125.43, 100, 7275, 1328, 715, P0, 0x0000000000000000
2026/09/17 07:30:38.893, 0, 79, 126.27, 100, 6999, 1139, 715, P0, 0x0000000000000020
2026/09/17 07:30:38.897, 1, 79, 121.33, 100, 7275, 1316, 715, P0, 0x0000000000000000
2026/09/17 07:30:39.909, 0, 79, 122.03, 100, 6999, 1303, 715, P0, 0x0000000000000020
2026/09/17 07:30:39.912, 1, 79, 125.19, 100, 7275, 1328, 715, P0, 0x0000000000000000
2026/09/17 07:30:40.923, 0, 79, 116.58, 100, 6999, 1303, 715, P0, 0x0000000000000020
2026/09/17 07:30:40.926, 1, 79, 127.11, 100, 7275, 1328, 715, P0, 0x0000000000000000
2026/09/17 07:30:41.938, 0, 79, 121.72, 100, 6999, 1303, 715, P0, 0x0000000000000020
2026/09/17 07:30:41.944, 1, 79, 127.03, 100, 7275, 1328, 715, P0, 0x0000000000000000
2026/09/17 07:30:42.949, 0, 79, 121.56, 100, 6999, 1303, 715, P0, 0x0000000000000020
2026/09/17 07:30:42.952, 1, 80, 125.68, 100, 7275, 1328, 715, P0, 0x0000000000000000
2026/09/17 07:30:43.960, 0, 79, 99.53, 100, 6999, 1189, 715, P0, 0x0000000000000000
2026/09/17 07:30:43.966, 1, 79, 103.53, 100, 7275, 1240, 715, P0, 0x0000000000000000
2026/09/17 07:30:44.977, 0, 79, 122.31, 100, 6999, 1303, 715, P0, 0x0000000000000020
2026/09/17 07:30:44.980, 1, 79, 110.31, 100, 7275, 1252, 715, P0, 0x0000000000000020
2026/09/17 07:30:45.990, 0, 79, 121.58, 100, 6999, 1303, 715, P0, 0x0000000000000020
2026/09/17 07:30:45.993, 1, 79, 116.48, 100, 7275, 1290, 715, P0, 0x0000000000000020
2026/09/17 07:30:47.005, 0, 79, 121.65, 100, 6999, 1303, 715, P0, 0x0000000000000020
2026/09/17 07:30:47.008, 1, 79, 107.51, 100, 7275, 1290, 715, P0, 0x0000000000000020
2026/09/17 07:30:48.018, 0, 79, 121.31, 100, 6999, 1303, 715, P0, 0x0000000000000020
2026/09/17 07:30:48.022, 1, 79, 124.95, 100, 7275, 1328, 715, P0, 0x0000000000000000
2026/09/17 07:30:49.030, 0, 79, 95.76, 100, 6999, 1189, 715, P0, 0x0000000000000000
2026/09/17 07:30:49.034, 1, 79, 98.54, 100, 7275, 1202, 715, P0, 0x0000000000000000
2026/09/17 07:30:50.046, 0, 79, 122.75, 100, 6999, 1303, 715, P0, 0x0000000000000020
2026/09/17 07:30:50.049, 1, 79, 124.95, 100, 7275, 1328, 715, P0, 0x0000000000000000
2026/09/17 07:30:51.059, 0, 79, 123.39, 100, 6999, 1316, 715, P0, 0x0000000000000020
2026/09/17 07:30:51.063, 1, 79, 124.71, 100, 7275, 1328, 715, P0, 0x0000000000000000
2026/09/17 07:30:52.075, 0, 79, 79.76, 100, 6999, 1316, 715, P0, 0x0000000000000020
2026/09/17 07:30:52.084, 1, 79, 150.57, 100, 7275, 1227, 715, P0, 0x0000000000000020
2026/09/17 07:30:53.102, 0, 79, 121.80, 100, 6999, 1303, 715, P0, 0x0000000000000020
2026/09/17 07:30:53.105, 1, 79, 124.72, 100, 7275, 1328, 715, P0, 0x0000000000000000
2026/09/17 07:30:54.116, 0, 79, 112.89, 100, 6999, 1290, 715, P0, 0x0000000000000000
2026/09/17 07:30:54.119, 1, 79, 98.21, 84, 7275, 1189, 715, P0, 0x0000000000000000
2026/09/17 07:30:55.132, 0, 79, 121.31, 100, 6999, 1303, 715, P0, 0x0000000000000020
2026/09/17 07:30:55.135, 1, 79, 125.44, 100, 7275, 1328, 715, P0, 0x0000000000000000
2026/09/17 07:30:56.149, 0, 79, 121.56, 100, 6999, 1303, 715, P0, 0x0000000000000020
2026/09/17 07:30:56.152, 1, 79, 123.04, 100, 7275, 1328, 715, P0, 0x0000000000000000
2026/09/17 07:30:57.164, 0, 78, 117.03, 100, 6999, 1303, 715, P0, 0x0000000000000000
2026/09/17 07:30:57.170, 1, 79, 136.26, 100, 7275, 1164, 715, P0, 0x0000000000000000
2026/09/17 07:30:58.184, 0, 79, 121.56, 100, 6999, 1303, 715, P0, 0x0000000000000020
2026/09/17 07:30:58.187, 1, 79, 124.96, 100, 7275, 1328, 715, P0, 0x0000000000000000
2026/09/17 07:30:59.201, 0, 79, 112.04, 100, 6999, 1278, 715, P0, 0x0000000000000000
2026/09/17 07:30:59.204, 1, 79, 118.90, 100, 7275, 1328, 715, P0, 0x0000000000000000
2026/09/17 07:31:00.216, 0, 79, 117.72, 100, 6999, 1303, 715, P0, 0x0000000000000000
2026/09/17 07:31:00.220, 1, 79, 125.20, 100, 7275, 1328, 715, P0, 0x0000000000000000
2026/09/17 07:31:01.230, 0, 79, 121.31, 100, 6999, 1303, 715, P0, 0x0000000000000020
2026/09/17 07:31:01.233, 1, 79, 124.48, 100, 7275, 1328, 715, P0, 0x0000000000000000
2026/09/17 07:31:02.242, 0, 79, 151.12, 100, 6999, 1303, 715, P0, 0x0000000000000000
2026/09/17 07:31:02.245, 1, 79, 147.73, 100, 7275, 1189, 715, P0, 0x0000000000000000
2026/09/17 07:31:03.262, 0, 79, 117.25, 100, 6999, 1303, 715, P0, 0x0000000000000020
2026/09/17 07:31:03.265, 1, 79, 124.96, 100, 7275, 1328, 715, P0, 0x0000000000000000
2026/09/17 07:31:04.276, 0, 79, 107.55, 100, 6999, 1240, 715, P0, 0x0000000000000000
2026/09/17 07:31:04.279, 1, 79, 118.67, 100, 7275, 1328, 715, P0, 0x0000000000000000
2026/09/17 07:31:05.291, 0, 79, 123.87, 100, 6999, 1316, 715, P0, 0x0000000000000020
2026/09/17 07:31:05.294, 1, 79, 124.71, 100, 7275, 1328, 715, P0, 0x0000000000000000
2026/09/17 07:31:06.306, 0, 79, 121.31, 100, 6999, 1303, 715, P0, 0x0000000000000020
2026/09/17 07:31:06.313, 1, 79, 124.71, 100, 7275, 1328, 715, P0, 0x0000000000000000
2026/09/17 07:31:07.320, 0, 79, 143.09, 97, 6999, 1113, 715, P0, 0x0000000000000020
2026/09/17 07:31:07.324, 1, 78, 142.79, 84, 7275, 1265, 715, P0, 0x0000000000000020
2026/09/17 07:31:08.333, 0, 79, 121.31, 100, 6999, 1303, 715, P0, 0x0000000000000020
2026/09/17 07:31:08.337, 1, 79, 124.72, 100, 7275, 1328, 715, P0, 0x0000000000000000
2026/09/17 07:31:09.347, 0, 79, 115.16, 100, 6999, 1303, 715, P0, 0x0000000000000000
2026/09/17 07:31:09.350, 1, 79, 120.97, 100, 7275, 1316, 715, P0, 0x0000000000000000
2026/09/17 07:31:10.363, 0, 79, 121.80, 100, 6999, 1303, 715, P0, 0x0000000000000020
2026/09/17 07:31:10.366, 1, 79, 125.42, 100, 7275, 1328, 715, P0, 0x0000000000000000
2026/09/17 07:31:11.379, 0, 79, 121.31, 100, 6999, 1303, 715, P0, 0x0000000000000020
2026/09/17 07:31:11.382, 1, 79, 124.72, 100, 7275, 1328, 715, P0, 0x0000000000000000
2026/09/17 07:31:12.392, 0, 79, 136.11, 100, 6999, 1139, 715, P0, 0x0000000000000020
2026/09/17 07:31:12.399, 1, 79, 110.48, 100, 7275, 1227, 715, P0, 0x0000000000000000
2026/09/17 07:31:13.407, 0, 79, 121.56, 100, 6999, 1303, 715, P0, 0x0000000000000020
2026/09/17 07:31:13.410, 1, 79, 125.20, 100, 7275, 1328, 715, P0, 0x0000000000000000
2026/09/17 07:31:14.419, 0, 79, 116.36, 100, 6999, 1303, 715, P0, 0x0000000000000000
2026/09/17 07:31:14.422, 1, 79, 118.33, 100, 7275, 1328, 715, P0, 0x0000000000000000
2026/09/17 07:31:15.435, 0, 79, 122.27, 100, 6999, 1303, 715, P0, 0x0000000000000020
2026/09/17 07:31:15.438, 1, 79, 125.42, 100, 7275, 1328, 715, P0, 0x0000000000000000
2026/09/17 07:31:16.447, 0, 79, 121.31, 100, 6999, 1303, 715, P0, 0x0000000000000020
2026/09/17 07:31:16.451, 1, 79, 124.71, 100, 7275, 1328, 715, P0, 0x0000000000000000
2026/09/17 07:31:17.462, 0, 79, 138.90, 100, 6999, 1139, 715, P0, 0x0000000000000020
2026/09/17 07:31:17.465, 1, 79, 152.26, 100, 7275, 1240, 715, P0, 0x0000000000000000
2026/09/17 07:31:18.476, 0, 79, 121.56, 100, 6999, 1303, 715, P0, 0x0000000000000020
2026/09/17 07:31:18.480, 1, 79, 124.71, 100, 7275, 1328, 715, P0, 0x0000000000000000
2026/09/17 07:31:19.492, 0, 79, 120.85, 100, 6999, 1303, 715, P0, 0x0000000000000020
2026/09/17 07:31:19.494, 1, 79, 119.76, 100, 7275, 1328, 715, P0, 0x0000000000000000
2026/09/17 07:31:20.508, 0, 79, 106.83, 100, 6999, 1240, 715, P0, 0x0000000000000020
2026/09/17 07:31:20.511, 1, 79, 125.53, 100, 7275, 1328, 715, P0, 0x0000000000000000
2026/09/17 07:31:21.520, 0, 79, 108.98, 100, 6999, 1240, 715, P0, 0x0000000000000020
2026/09/17 07:31:21.523, 1, 79, 124.57, 100, 7275, 1328, 715, P0, 0x0000000000000000
2026/09/17 07:31:22.532, 0, 78, 71.69, 100, 6999, 1303, 715, P0, 0x0000000000000020
2026/09/17 07:31:22.535, 1, 79, 143.27, 100, 7275, 1227, 715, P0, 0x0000000000000020
2026/09/17 07:31:23.551, 0, 79, 109.94, 100, 6999, 1240, 715, P0, 0x0000000000000020
2026/09/17 07:31:23.553, 1, 79, 124.57, 100, 7275, 1328, 715, P0, 0x0000000000000000
2026/09/17 07:31:24.569, 0, 79, 95.41, 100, 6999, 1189, 715, P0, 0x0000000000000000
2026/09/17 07:31:24.572, 1, 79, 122.76, 100, 7275, 1328, 715, P0, 0x0000000000000000
2026/09/17 07:31:25.585, 0, 79, 112.76, 100, 6999, 1278, 715, P0, 0x0000000000000020
2026/09/17 07:31:25.588, 1, 79, 124.56, 100, 7275, 1328, 715, P0, 0x0000000000000000
2026/09/17 07:31:26.602, 0, 79, 116.05, 100, 6999, 1303, 715, P0, 0x0000000000000020
2026/09/17 07:31:26.609, 1, 79, 124.72, 100, 7275, 1328, 715, P0, 0x0000000000000000
2026/09/17 07:31:27.618, 0, 79, 121.18, 100, 6999, 1303, 715, P0, 0x0000000000000020
2026/09/17 07:31:27.622, 1, 78, 55.83, 0, 7275, 1303, 715, P0, 0x0000000000000000
2026/09/17 07:31:28.629, 0, 79, 121.07, 100, 6999, 1303, 715, P0, 0x0000000000000020
2026/09/17 07:31:28.632, 1, 79, 124.00, 100, 7275, 1328, 715, P0, 0x0000000000000000
2026/09/17 07:31:29.643, 0, 79, 126.53, 100, 6999, 1139, 715, P0, 0x0000000000000000
2026/09/17 07:31:29.653, 1, 79, 112.39, 100, 7275, 1278, 715, P0, 0x0000000000000000
2026/09/17 07:31:30.673, 0, 79, 121.07, 100, 6999, 1290, 715, P0, 0x0000000000000020
2026/09/17 07:31:30.675, 1, 79, 124.72, 100, 7275, 1328, 715, P0, 0x0000000000000000
2026/09/17 07:31:31.688, 0, 79, 115.40, 100, 6999, 1278, 715, P0, 0x0000000000000000
2026/09/17 07:31:31.691, 1, 79, 124.56, 100, 7275, 1328, 715, P0, 0x0000000000000000
2026/09/17 07:31:32.700, 0, 79, 121.80, 100, 6999, 1303, 715, P0, 0x0000000000000020
2026/09/17 07:31:32.703, 1, 79, 78.36, 100, 7275, 1328, 715, P0, 0x0000000000000000
2026/09/17 07:31:33.714, 0, 79, 120.12, 100, 6999, 1290, 715, P0, 0x0000000000000020
2026/09/17 07:31:33.716, 1, 79, 124.72, 100, 7275, 1328, 715, P0, 0x0000000000000000
2026/09/17 07:31:34.731, 0, 79, 133.10, 97, 6999, 1088, 715, P0, 0x0000000000000020
2026/09/17 07:31:34.740, 1, 79, 171.63, 0, 7275, 1328, 715, P0, 0x0000000000000000
2026/09/17 07:31:35.746, 0, 79, 116.53, 100, 6999, 1303, 715, P0, 0x0000000000000020
2026/09/17 07:31:35.750, 1, 79, 126.40, 100, 7275, 1328, 715, P0, 0x0000000000000000
2026/09/17 07:31:36.759, 0, 79, 115.15, 100, 6999, 1290, 715, P0, 0x0000000000000000
2026/09/17 07:31:36.762, 1, 79, 124.98, 100, 7275, 1328, 715, P0, 0x0000000000000000
2026/09/17 07:31:37.772, 0, 79, 121.95, 100, 6999, 1303, 715, P0, 0x0000000000000020
2026/09/17 07:31:37.775, 1, 79, 125.18, 100, 7275, 1328, 715, P0, 0x0000000000000000
2026/09/17 07:31:38.788, 0, 79, 121.56, 100, 6999, 1316, 715, P0, 0x0000000000000020
2026/09/17 07:31:38.791, 1, 79, 125.20, 100, 7275, 1328, 715, P0, 0x0000000000000000
2026/09/17 07:31:39.804, 0, 79, 134.49, 100, 6999, 1126, 715, P0, 0x0000000000000000
2026/09/17 07:31:39.807, 1, 79, 125.17, 100, 7275, 1328, 715, P0, 0x0000000000000000
2026/09/17 07:31:40.822, 0, 79, 123.41, 100, 6999, 1328, 715, P0, 0x0000000000000000
2026/09/17 07:31:40.825, 1, 79, 124.95, 100, 7275, 1328, 715, P0, 0x0000000000000000
2026/09/17 07:31:41.841, 0, 79, 120.84, 100, 6999, 1316, 715, P0, 0x0000000000000000
2026/09/17 07:31:41.844, 1, 79, 126.16, 100, 7275, 1328, 715, P0, 0x0000000000000000
2026/09/17 07:31:42.855, 0, 79, 124.59, 100, 6999, 1328, 715, P0, 0x0000000000000000
2026/09/17 07:31:42.860, 1, 79, 126.39, 100, 7275, 1328, 715, P0, 0x0000000000000000
2026/09/17 07:31:43.867, 0, 79, 121.96, 100, 6999, 1316, 715, P0, 0x0000000000000020
2026/09/17 07:31:43.870, 1, 79, 126.85, 100, 7275, 1328, 715, P0, 0x0000000000000000
2026/09/17 07:31:44.885, 0, 79, 126.22, 100, 6999, 1139, 715, P0, 0x0000000000000020
2026/09/17 07:31:44.888, 1, 80, 144.02, 100, 7275, 1328, 715, P0, 0x0000000000000000
2026/09/17 07:31:45.903, 0, 79, 124.95, 100, 6999, 1328, 715, P0, 0x0000000000000000
2026/09/17 07:31:45.906, 1, 79, 112.15, 100, 7275, 1265, 715, P0, 0x0000000000000020
2026/09/17 07:31:46.920, 0, 79, 123.02, 100, 6999, 1316, 715, P0, 0x0000000000000000
2026/09/17 07:31:46.924, 1, 78, 112.15, 100, 7275, 1278, 715, P0, 0x0000000000000000
2026/09/17 07:31:47.935, 0, 79, 114.22, 100, 6999, 1252, 715, P0, 0x0000000000000020
2026/09/17 07:31:47.938, 1, 79, 113.62, 100, 7275, 1278, 715, P0, 0x0000000000000000
2026/09/17 07:31:48.951, 0, 79, 113.24, 100, 6999, 1252, 715, P0, 0x0000000000000000
2026/09/17 07:31:48.954, 1, 79, 124.32, 100, 7275, 1328, 715, P0, 0x0000000000000000
2026/09/17 07:31:49.966, 0, 78, 73.08, 100, 6999, 1316, 715, P0, 0x0000000000000020
2026/09/17 07:31:49.970, 1, 79, 136.09, 100, 7275, 1189, 715, P0, 0x0000000000000000
2026/09/17 07:31:50.982, 0, 79, 109.69, 100, 6999, 1252, 715, P0, 0x0000000000000000
2026/09/17 07:31:50.986, 1, 79, 124.57, 100, 7275, 1328, 715, P0, 0x0000000000000000
2026/09/17 07:31:51.998, 0, 78, 94.69, 100, 6999, 1189, 715, P0, 0x0000000000000000
2026/09/17 07:31:52.000, 1, 79, 122.52, 100, 7275, 1316, 715, P0, 0x0000000000000000
2026/09/17 07:31:53.013, 0, 79, 118.68, 100, 6999, 1303, 715, P0, 0x0000000000000020
2026/09/17 07:31:53.016, 1, 79, 124.72, 100, 7275, 1328, 715, P0, 0x0000000000000000
2026/09/17 07:31:54.024, 0, 79, 121.07, 100, 6999, 1303, 715, P0, 0x0000000000000020
2026/09/17 07:31:54.027, 1, 79, 124.72, 100, 7275, 1328, 715, P0, 0x0000000000000000
2026/09/17 07:31:55.042, 0, 79, 121.19, 100, 6999, 1303, 715, P0, 0x0000000000000020
2026/09/17 07:31:55.045, 1, 78, 55.60, 34, 7275, 1290, 715, P0, 0x0000000000000000
2026/09/17 07:31:56.057, 0, 79, 121.31, 100, 6999, 1303, 715, P0, 0x0000000000000020
2026/09/17 07:31:56.060, 1, 79, 124.72, 100, 7275, 1328, 715, P0, 0x0000000000000000
2026/09/17 07:31:57.070, 0, 79, 146.26, 100, 6999, 1177, 715, P0, 0x0000000000000000
2026/09/17 07:31:57.074, 1, 79, 118.44, 100, 7275, 1316, 715, P0, 0x0000000000000020
2026/09/17 07:31:58.081, 0, 79, 126.76, 100, 6999, 1328, 715, P0, 0x0000000000000000
2026/09/17 07:31:58.084, 1, 79, 125.19, 100, 7275, 1328, 715, P0, 0x0000000000000000
2026/09/17 07:31:59.094, 0, 79, 123.48, 100, 6999, 1328, 715, P0, 0x0000000000000000
2026/09/17 07:31:59.098, 1, 79, 124.46, 100, 7275, 1328, 715, P0, 0x0000000000000000
2026/09/17 07:32:00.109, 0, 79, 114.15, 100, 6999, 1265, 715, P0, 0x0000000000000020
2026/09/17 07:32:00.112, 1, 79, 83.14, 100, 7275, 1328, 715, P0, 0x0000000000000000
2026/09/17 07:32:01.124, 0, 79, 113.24, 100, 6999, 1265, 715, P0, 0x0000000000000000
2026/09/17 07:32:01.126, 1, 79, 124.80, 100, 7275, 1328, 715, P0, 0x0000000000000000
2026/09/17 07:32:02.149, 0, 79, 137.65, 100, 6999, 1101, 715, P0, 0x0000000000000020
2026/09/17 07:32:02.152, 1, 78, 156.96, 0, 7275, 1328, 715, P0, 0x0000000000000000
2026/09/17 07:32:03.163, 0, 79, 120.13, 100, 6999, 1290, 715, P0, 0x0000000000000000
2026/09/17 07:32:03.166, 1, 79, 124.48, 100, 7275, 1328, 715, P0, 0x0000000000000000
2026/09/17 07:32:04.178, 0, 78, 104.19, 100, 6999, 1290, 715, P0, 0x0000000000000020
2026/09/17 07:32:04.181, 1, 79, 122.67, 100, 7275, 1328, 715, P0, 0x0000000000000000
2026/09/17 07:32:05.193, 0, 79, 116.05, 100, 6999, 1290, 715, P0, 0x0000000000000020
2026/09/17 07:32:05.199, 1, 79, 125.68, 100, 7275, 1328, 715, P0, 0x0000000000000000
2026/09/17 07:32:06.206, 0, 79, 123.24, 100, 6999, 1316, 715, P0, 0x0000000000000020
2026/09/17 07:32:06.209, 1, 79, 124.71, 100, 7275, 1328, 715, P0, 0x0000000000000000
2026/09/17 07:32:07.217, 0, 79, 155.89, 100, 6999, 1227, 715, P0, 0x0000000000000020
2026/09/17 07:32:07.228, 1, 79, 129.82, 100, 7275, 1303, 715, P0, 0x0000000000000000
2026/09/17 07:32:08.236, 0, 79, 123.24, 100, 6999, 1316, 715, P0, 0x0000000000000020
2026/09/17 07:32:08.239, 1, 79, 124.72, 100, 7275, 1328, 715, P0, 0x0000000000000000
2026/09/17 07:32:09.246, 0, 79, 115.15, 100, 6999, 1290, 715, P0, 0x0000000000000000
2026/09/17 07:32:09.249, 1, 79, 126.16, 100, 7275, 1328, 715, P0, 0x0000000000000000
2026/09/17 07:32:10.259, 0, 79, 123.87, 100, 6999, 1316, 715, P0, 0x0000000000000000
2026/09/17 07:32:10.264, 1, 79, 126.85, 100, 7275, 1328, 715, P0, 0x0000000000000000
2026/09/17 07:32:11.276, 0, 79, 123.16, 100, 6999, 1316, 715, P0, 0x0000000000000020
2026/09/17 07:32:11.279, 1, 79, 127.09, 100, 7275, 1328, 715, P0, 0x0000000000000000
2026/09/17 07:32:12.289, 0, 79, 73.74, 100, 6999, 1303, 715, P0, 0x0000000000000000
2026/09/17 07:32:12.292, 1, 79, 169.54, 100, 7275, 1328, 715, P0, 0x0000000000000000
2026/09/17 07:32:13.304, 0, 79, 123.74, 100, 6999, 1316, 715, P0, 0x0000000000000020
2026/09/17 07:32:13.310, 1, 79, 112.64, 100, 7275, 1278, 715, P0, 0x0000000000000000
2026/09/17 07:32:14.321, 0, 79, 95.43, 100, 6999, 1189, 715, P0, 0x0000000000000000
2026/09/17 07:32:14.324, 1, 79, 111.88, 100, 7275, 1290, 715, P0, 0x0000000000000000
2026/09/17 07:32:15.333, 0, 79, 124.21, 100, 6999, 1316, 715, P0, 0x0000000000000020
2026/09/17 07:32:15.336, 1, 79, 116.47, 100, 7275, 1290, 715, P0, 0x0000000000000020
2026/09/17 07:32:16.346, 0, 79, 125.34, 100, 6999, 1328, 715, P0, 0x0000000000000000
2026/09/17 07:32:16.352, 1, 79, 118.55, 100, 7275, 1328, 715, P0, 0x0000000000000000
2026/09/17 07:32:17.365, 0, 79, 118.32, 100, 6999, 1278, 715, P0, 0x0000000000000020
2026/09/17 07:32:17.368, 1, 79, 91.26, 100, 7275, 1328, 715, P0, 0x0000000000000000
2026/09/17 07:32:18.376, 0, 79, 113.95, 100, 6999, 1265, 715, P0, 0x0000000000000000
2026/09/17 07:32:18.379, 1, 79, 125.45, 100, 7275, 1328, 715, P0, 0x0000000000000000
2026/09/17 07:32:19.389, 0, 79, 138.15, 100, 6999, 1139, 715, P0, 0x0000000000000020
2026/09/17 07:32:19.397, 1, 79, 95.04, 100, 7275, 1189, 715, P0, 0x0000000000000000
2026/09/17 07:32:20.407, 0, 79, 120.77, 100, 6999, 1303, 715, P0, 0x0000000000000020
2026/09/17 07:32:20.410, 1, 79, 125.42, 100, 7275, 1328, 715, P0, 0x0000000000000000
2026/09/17 07:32:21.419, 0, 79, 120.84, 100, 6999, 1316, 715, P0, 0x0000000000000020
2026/09/17 07:32:21.423, 1, 79, 122.87, 100, 7275, 1328, 715, P0, 0x0000000000000000
2026/09/17 07:32:22.433, 0, 79, 121.45, 100, 6999, 1303, 715, P0, 0x0000000000000020
2026/09/17 07:32:22.437, 1, 79, 88.43, 100, 7275, 1328, 715, P0, 0x0000000000000000
2026/09/17 07:32:23.446, 0, 79, 121.31, 100, 6999, 1303, 715, P0, 0x0000000000000020
2026/09/17 07:32:23.449, 1, 79, 124.48, 100, 7275, 1328, 715, P0, 0x0000000000000000
2026/09/17 07:32:24.458, 0, 79, 140.45, 100, 6999, 1139, 715, P0, 0x0000000000000020
2026/09/17 07:32:24.461, 1, 79, 132.74, 100, 7275, 1189, 715, P0, 0x0000000000000000
2026/09/17 07:32:25.475, 0, 79, 122.03, 100, 6999, 1303, 715, P0, 0x0000000000000020
2026/09/17 07:32:25.479, 1, 79, 124.72, 100, 7275, 1328, 715, P0, 0x0000000000000000
2026/09/17 07:32:26.493, 0, 79, 115.88, 100, 6999, 1303, 715, P0, 0x0000000000000000
2026/09/17 07:32:26.498, 1, 79, 119.12, 100, 7275, 1328, 715, P0, 0x0000000000000000
2026/09/17 07:32:27.507, 0, 79, 122.03, 100, 6999, 1303, 715, P0, 0x0000000000000020
2026/09/17 07:32:27.510, 1, 79, 125.42, 100, 7275, 1328, 715, P0, 0x0000000000000000
2026/09/17 07:32:28.519, 0, 79, 121.07, 100, 6999, 1303, 715, P0, 0x0000000000000020
2026/09/17 07:32:28.522, 1, 79, 124.72, 100, 7275, 1328, 715, P0, 0x0000000000000000
2026/09/17 07:32:29.535, 0, 79, 130.61, 100, 6999, 1303, 715, P0, 0x0000000000000000
2026/09/17 07:32:29.538, 1, 78, 56.47, 66, 7275, 1316, 715, P0, 0x0000000000000000
2026/09/17 07:32:30.548, 0, 79, 122.04, 100, 6999, 1303, 715, P0, 0x0000000000000020
2026/09/17 07:32:30.551, 1, 79, 124.48, 100, 7275, 1328, 715, P0, 0x0000000000000000
2026/09/17 07:32:31.559, 0, 79, 95.42, 100, 6999, 1189, 715, P0, 0x0000000000000000
2026/09/17 07:32:31.563, 1, 79, 118.70, 100, 7275, 1316, 715, P0, 0x0000000000000000
2026/09/17 07:32:32.576, 0, 79, 122.51, 100, 6999, 1303, 715, P0, 0x0000000000000020
2026/09/17 07:32:32.579, 1, 79, 124.95, 100, 7275, 1328, 715, P0, 0x0000000000000000
2026/09/17 07:32:33.589, 0, 79, 121.31, 100, 6999, 1303, 715, P0, 0x0000000000000020
2026/09/17 07:32:33.592, 1, 79, 124.72, 100, 7275, 1328, 715, P0, 0x0000000000000000
2026/09/17 07:32:34.606, 0, 79, 122.04, 100, 6999, 1303, 715, P0, 0x0000000000000020
2026/09/17 07:32:34.610, 1, 79, 165.71, 100, 7275, 1328, 715, P0, 0x0000000000000000
2026/09/17 07:32:35.619, 0, 79, 121.31, 100, 6999, 1303, 715, P0, 0x0000000000000020
2026/09/17 07:32:35.622, 1, 79, 124.72, 100, 7275, 1328, 715, P0, 0x0000000000000000
2026/09/17 07:32:36.632, 0, 79, 131.97, 97, 6999, 1101, 715, P0, 0x0000000000000000
2026/09/17 07:32:36.644, 1, 79, 114.47, 6, 7275, 1290, 715, P0, 0x0000000000000000
2026/09/17 07:32:37.660, 0, 79, 121.95, 100, 6999, 1303, 715, P0, 0x0000000000000020
2026/09/17 07:32:37.663, 1, 79, 124.95, 100, 7275, 1328, 715, P0, 0x0000000000000000
2026/09/17 07:32:38.676, 0, 79, 116.53, 100, 6999, 1303, 715, P0, 0x0000000000000020
2026/09/17 07:32:38.680, 1, 79, 123.36, 100, 7275, 1328, 715, P0, 0x0000000000000000
2026/09/17 07:32:39.690, 0, 79, 122.27, 100, 6999, 1303, 715, P0, 0x0000000000000020
2026/09/17 07:32:39.693, 1, 79, 124.96, 100, 7275, 1328, 715, P0, 0x0000000000000000
2026/09/17 07:32:40.707, 0, 79, 121.31, 100, 6999, 1303, 715, P0, 0x0000000000000020
2026/09/17 07:32:40.710, 1, 79, 125.20, 100, 7275, 1328, 715, P0, 0x0000000000000000
2026/09/17 07:32:41.717, 0, 79, 133.13, 100, 6999, 1151, 715, P0, 0x0000000000000000
2026/09/17 07:32:41.726, 1, 79, 112.83, 100, 7275, 1290, 715, P0, 0x0000000000000000
2026/09/17 07:32:42.732, 0, 79, 121.79, 100, 6999, 1303, 715, P0, 0x0000000000000020
2026/09/17 07:32:42.736, 1, 79, 124.96, 100, 7275, 1328, 715, P0, 0x0000000000000000
2026/09/17 07:32:43.748, 0, 79, 112.11, 100, 6999, 1278, 715, P0, 0x0000000000000000
2026/09/17 07:32:43.753, 1, 79, 118.42, 100, 7275, 1328, 715, P0, 0x0000000000000000
2026/09/17 07:32:44.766, 0, 79, 121.78, 100, 6999, 1303, 715, P0, 0x0000000000000020
2026/09/17 07:32:44.769, 1, 79, 126.39, 100, 7275, 1328, 715, P0, 0x0000000000000000
2026/09/17 07:32:45.783, 0, 79, 121.31, 100, 6999, 1303, 715, P0, 0x0000000000000020
2026/09/17 07:32:45.787, 1, 79, 124.96, 100, 7275, 1328, 715, P0, 0x0000000000000000
2026/09/17 07:32:46.802, 0, 79, 77.30, 100, 6999, 1303, 715, P0, 0x0000000000000000
2026/09/17 07:32:46.808, 1, 79, 175.28, 100, 7275, 1316, 715, P0, 0x0000000000000020
2026/09/17 07:32:47.817, 0, 79, 122.75, 100, 6999, 1316, 715, P0, 0x0000000000000000
2026/09/17 07:32:47.820, 1, 79, 124.71, 100, 7275, 1328, 715, P0, 0x0000000000000000
2026/09/17 07:32:48.830, 0, 79, 95.65, 100, 6999, 1189, 715, P0, 0x0000000000000000
2026/09/17 07:32:48.833, 1, 79, 123.00, 100, 7275, 1328, 715, P0, 0x0000000000000000
2026/09/17 07:32:49.844, 0, 79, 125.55, 100, 6999, 1328, 715, P0, 0x0000000000000000
2026/09/17 07:32:49.851, 1, 79, 124.95, 100, 7275, 1328, 715, P0, 0x0000000000000000
2026/09/17 07:32:50.871, 0, 79, 109.15, 100, 6999, 1265, 715, P0, 0x0000000000000020
2026/09/17 07:32:50.874, 1, 79, 126.67, 100, 7275, 1328, 715, P0, 0x0000000000000000
2026/09/17 07:32:51.886, 0, 79, 110.06, 100, 6999, 1265, 715, P0, 0x0000000000000020
2026/09/17 07:32:51.893, 1, 79, 89.40, 100, 7275, 1328, 715, P0, 0x0000000000000000
2026/09/17 07:32:52.898, 0, 79, 117.73, 100, 6999, 1278, 715, P0, 0x0000000000000020
2026/09/17 07:32:52.901, 1, 79, 125.68, 100, 7275, 1328, 715, P0, 0x0000000000000000
2026/09/17 07:32:53.912, 0, 79, 136.00, 100, 6999, 1139, 715, P0, 0x0000000000000020
2026/09/17 07:32:53.919, 1, 80, 124.83, 100, 7275, 1328, 715, P0, 0x0000000000000000
2026/09/17 07:32:54.928, 0, 79, 117.48, 100, 6999, 1278, 715, P0, 0x0000000000000020
2026/09/17 07:32:54.931, 1, 79, 125.44, 100, 7275, 1328, 715, P0, 0x0000000000000000
2026/09/17 07:32:55.942, 0, 79, 108.75, 100, 6999, 1252, 715, P0, 0x0000000000000000
2026/09/17 07:32:55.946, 1, 80, 125.53, 100, 7275, 1328, 715, P0, 0x0000000000000000
2026/09/17 07:32:56.952, 0, 79, 118.19, 100, 6999, 1278, 715, P0, 0x0000000000000020
2026/09/17 07:32:56.957, 1, 79, 79.33, 100, 7275, 1328, 715, P0, 0x0000000000000000
2026/09/17 07:32:57.965, 0, 79, 117.73, 100, 6999, 1278, 715, P0, 0x0000000000000020
2026/09/17 07:32:57.967, 1, 79, 124.00, 100, 7275, 1328, 715, P0, 0x0000000000000000
2026/09/17 07:32:58.983, 0, 79, 118.93, 100, 6999, 1278, 715, P0, 0x0000000000000020
2026/09/17 07:32:58.986, 1, 79, 124.72, 100, 7275, 1328, 715, P0, 0x0000000000000000
2026/09/17 07:32:59.995, 0, 79, 113.95, 100, 6999, 1265, 715, P0, 0x0000000000000000
2026/09/17 07:32:59.998, 1, 79, 125.22, 100, 7275, 1328, 715, P0, 0x0000000000000000
2026/09/17 07:33:01.010, 0, 79, 130.13, 100, 6999, 1088, 715, P0, 0x0000000000000020
2026/09/17 07:33:01.021, 1, 79, 111.67, 100, 7275, 1265, 715, P0, 0x0000000000000000
2026/09/17 07:33:02.024, 0, 79, 121.80, 100, 6999, 1303, 715, P0, 0x0000000000000020
2026/09/17 07:33:02.027, 1, 79, 125.42, 100, 7275, 1328, 715, P0, 0x0000000000000000
2026/09/17 07:33:03.039, 0, 79, 105.15, 100, 6999, 1215, 715, P0, 0x0000000000000000
2026/09/17 07:33:03.042, 1, 79, 122.91, 100, 7275, 1328, 715, P0, 0x0000000000000000
2026/09/17 07:33:04.056, 0, 79, 121.48, 100, 6999, 1303, 715, P0, 0x0000000000000020
2026/09/17 07:33:04.059, 1, 79, 125.65, 100, 7275, 1328, 715, P0, 0x0000000000000000
2026/09/17 07:33:05.068, 0, 79, 121.31, 100, 6999, 1303, 715, P0, 0x0000000000000020
2026/09/17 07:33:05.071, 1, 79, 124.24, 100, 7275, 1328, 715, P0, 0x0000000000000000
2026/09/17 07:33:06.082, 0, 79, 109.67, 100, 6999, 1303, 715, P0, 0x0000000000000020
2026/09/17 07:33:06.085, 1, 79, 77.95, 100, 7275, 1328, 715, P0, 0x0000000000000000
2026/09/17 07:33:07.098, 0, 79, 117.72, 100, 6999, 1303, 715, P0, 0x0000000000000020
2026/09/17 07:33:07.101, 1, 79, 124.96, 100, 7275, 1328, 715, P0, 0x0000000000000000
2026/09/17 07:33:08.117, 0, 79, 96.38, 100, 6999, 1189, 715, P0, 0x0000000000000000
2026/09/17 07:33:08.120, 1, 79, 120.60, 100, 7275, 1328, 715, P0, 0x0000000000000000
2026/09/17 07:33:09.129, 0, 79, 121.54, 100, 6999, 1303, 715, P0, 0x0000000000000020
2026/09/17 07:33:09.132, 1, 79, 124.95, 100, 7275, 1328, 715, P0, 0x0000000000000000
2026/09/17 07:33:10.147, 0, 79, 116.05, 100, 6999, 1303, 715, P0, 0x0000000000000000
2026/09/17 07:33:10.150, 1, 79, 124.98, 100, 7275, 1328, 715, P0, 0x0000000000000000
2026/09/17 07:33:11.163, 0, 79, 121.72, 100, 6999, 1303, 715, P0, 0x0000000000000020
2026/09/17 07:33:11.166, 1, 79, 107.48, 100, 7275, 1328, 715, P0, 0x0000000000000000
2026/09/17 07:33:12.171, 0, 79, 126.52, 100, 6999, 1328, 715, P0, 0x0000000000000000
2026/09/17 07:33:12.174, 1, 79, 124.95, 100, 7275, 1328, 715, P0, 0x0000000000000000
2026/09/17 07:33:13.190, 0, 79, 137.57, 100, 6999, 1139, 715, P0, 0x0000000000000020
2026/09/17 07:33:13.193, 1, 79, 162.12, 100, 7275, 1303, 715, P0, 0x0000000000000000
2026/09/17 07:33:14.204, 0, 79, 124.60, 100, 6999, 1328, 715, P0, 0x0000000000000000
2026/09/17 07:33:14.207, 1, 79, 124.95, 100, 7275, 1328, 715, P0, 0x0000000000000000
2026/09/17 07:33:15.218, 0, 79, 120.48, 100, 6999, 1303, 715, P0, 0x0000000000000000
2026/09/17 07:33:15.223, 1, 79, 101.26, 100, 7275, 1227, 715, P0, 0x0000000000000000
2026/09/17 07:33:16.232, 0, 79, 127.04, 100, 6999, 1328, 715, P0, 0x0000000000000000
2026/09/17 07:33:16.235, 1, 78, 105.75, 100, 7275, 1227, 715, P0, 0x0000000000000020
2026/09/17 07:33:17.245, 0, 79, 127.72, 100, 6999, 1328, 715, P0, 0x0000000000000000
2026/09/17 07:33:17.247, 1, 79, 124.46, 100, 7275, 1328, 715, P0, 0x0000000000000000
2026/09/17 07:33:18.260, 0, 79, 84.82, 100, 6999, 1328, 715, P0, 0x0000000000000000
2026/09/17 07:33:18.267, 1, 78, 138.56, 100, 7275, 1328, 715, P0, 0x0000000000000000
2026/09/17 07:33:19.277, 0, 79, 114.43, 100, 6999, 1265, 715, P0, 0x0000000000000020
2026/09/17 07:33:19.280, 1, 79, 125.04, 100, 7275, 1328, 715, P0, 0x0000000000000000
2026/09/17 07:33:20.296, 0, 79, 126.92, 100, 6999, 1101, 715, P0, 0x0000000000000000
2026/09/17 07:33:20.299, 1, 79, 94.85, 100, 7275, 1189, 715, P0, 0x0000000000000000
2026/09/17 07:33:21.308, 0, 79, 112.04, 100, 6999, 1278, 715, P0, 0x0000000000000020
2026/09/17 07:33:21.311, 1, 79, 125.45, 100, 7275, 1328, 715, P0, 0x0000000000000000
2026/09/17 07:33:22.321, 0, 79, 114.43, 100, 6999, 1303, 715, P0, 0x0000000000000000
2026/09/17 07:33:22.324, 1, 79, 123.84, 100, 7275, 1328, 715, P0, 0x0000000000000000
2026/09/17 07:33:23.337, 0, 79, 128.43, 100, 6999, 1328, 715, P0, 0x0000000000000000
2026/09/17 07:33:23.339, 1, 79, 124.95, 100, 7275, 1328, 715, P0, 0x0000000000000000
2026/09/17 07:33:24.350, 0, 79, 126.76, 100, 6999, 1328, 715, P0, 0x0000000000000000
2026/09/17 07:33:24.353, 1, 79, 125.19, 100, 7275, 1328, 715, P0, 0x0000000000000000
2026/09/17 07:33:25.360, 0, 78, 128.58, 100, 6999, 1328, 715, P0, 0x0000000000000000
2026/09/17 07:33:25.362, 1, 78, 52.65, 0, 7275, 1252, 715, P0, 0x0000000000000000
2026/09/17 07:33:26.382, 0, 79, 122.04, 100, 6999, 1316, 715, P0, 0x0000000000000000
2026/09/17 07:33:26.384, 1, 79, 124.72, 100, 7275, 1328, 715, P0, 0x0000000000000000
2026/09/17 07:33:27.397, 0, 79, 94.95, 100, 6999, 1189, 715, P0, 0x0000000000000000
2026/09/17 07:33:27.400, 1, 79, 118.46, 100, 7275, 1316, 715, P0, 0x0000000000000000
2026/09/17 07:33:28.413, 0, 79, 117.72, 100, 6999, 1278, 715, P0, 0x0000000000000020
2026/09/17 07:33:28.418, 1, 79, 125.44, 100, 7275, 1328, 715, P0, 0x0000000000000000
2026/09/17 07:33:29.429, 0, 79, 118.20, 100, 6999, 1290, 715, P0, 0x0000000000000000
2026/09/17 07:33:29.432, 1, 79, 124.72, 100, 7275, 1328, 715, P0, 0x0000000000000000
2026/09/17 07:33:30.446, 0, 79, 117.94, 100, 6999, 1278, 715, P0, 0x0000000000000020
2026/09/17 07:33:30.449, 1, 79, 83.39, 100, 7275, 1328, 715, P0, 0x0000000000000000
2026/09/17 07:33:31.460, 0, 79, 123.24, 100, 6999, 1316, 715, P0, 0x0000000000000020
2026/09/17 07:33:31.464, 1, 79, 125.19, 100, 7275, 1328, 715, P0, 0x0000000000000000
2026/09/17 07:33:32.477, 0, 79, 119.20, 100, 6999, 1189, 715, P0, 0x0000000000000000
2026/09/17 07:33:32.486, 1, 77, 118.01, 22, 7275, 1290, 715, P0, 0x0000000000000000
2026/09/17 07:33:33.504, 0, 79, 121.56, 100, 6999, 1303, 715, P0, 0x0000000000000020
2026/09/17 07:33:33.507, 1, 79, 124.72, 100, 7275, 1328, 715, P0, 0x0000000000000000
2026/09/17 07:33:34.519, 0, 79, 110.91, 100, 6999, 1303, 715, P0, 0x0000000000000000
2026/09/17 07:33:34.523, 1, 79, 121.22, 100, 7275, 1316, 715, P0, 0x0000000000000000
2026/09/17 07:33:35.536, 0, 79, 121.56, 100, 6999, 1303, 715, P0, 0x0000000000000020
2026/09/17 07:33:35.543, 1, 79, 124.96, 100, 7275, 1328, 715, P0, 0x0000000000000000
2026/09/17 07:33:36.549, 0, 79, 121.07, 100, 6999, 1303, 715, P0, 0x0000000000000020
2026/09/17 07:33:36.552, 1, 79, 124.72, 100, 7275, 1328, 715, P0, 0x0000000000000000
2026/09/17 07:33:37.563, 0, 79, 121.33, 100, 6999, 1303, 715, P0, 0x0000000000000020
2026/09/17 07:33:37.566, 1, 78, 160.79, 100, 7275, 1328, 715, P0, 0x0000000000000000
2026/09/17 07:33:38.578, 0, 79, 121.32, 100, 6999, 1303, 715, P0, 0x0000000000000020
2026/09/17 07:33:38.581, 1, 79, 124.96, 100, 7275, 1328, 715, P0, 0x0000000000000000
2026/09/17 07:33:39.592, 0, 79, 135.58, 97, 6999, 1088, 715, P0, 0x0000000000000020
2026/09/17 07:33:39.596, 1, 79, 183.67, 50, 7275, 1303, 715, P0, 0x0000000000000020
2026/09/17 07:33:40.606, 0, 79, 121.07, 100, 6999, 1303, 715, P0, 0x0000000000000020
2026/09/17 07:33:40.610, 1, 79, 124.48, 100, 7275, 1328, 715, P0, 0x0000000000000000
2026/09/17 07:33:41.620, 0, 79, 116.11, 100, 6999, 1303, 715, P0, 0x0000000000000000
2026/09/17 07:33:41.624, 1, 79, 124.73, 100, 7275, 1328, 715, P0, 0x0000000000000000
2026/09/17 07:33:42.633, 0, 79, 121.56, 100, 6999, 1303, 715, P0, 0x0000000000000020
2026/09/17 07:33:42.636, 1, 79, 125.19, 100, 7275, 1328, 715, P0, 0x0000000000000000
2026/09/17 07:33:43.644, 0, 79, 120.36, 100, 6999, 1303, 715, P0, 0x0000000000000020
2026/09/17 07:33:43.647, 1, 79, 124.72, 100, 7275, 1328, 715, P0, 0x0000000000000000
2026/09/17 07:33:44.660, 0, 79, 76.86, 100, 6999, 1303, 715, P0, 0x0000000000000000
2026/09/17 07:33:44.666, 1, 79, 163.28, 100, 7275, 1316, 715, P0, 0x0000000000000020
2026/09/17 07:33:45.675, 0, 79, 121.56, 100, 6999, 1303, 715, P0, 0x0000000000000020
2026/09/17 07:33:45.678, 1, 79, 124.95, 100, 7275, 1328, 715, P0, 0x0000000000000000
2026/09/17 07:33:46.689, 0, 79, 99.45, 97, 6999, 1113, 715, P0, 0x0000000000000000
2026/09/17 07:33:46.693, 1, 79, 126.54, 40, 7275, 1328, 715, P0, 0x0000000000000000
2026/09/17 07:33:47.704, 0, 79, 121.06, 100, 6999, 1303, 715, P0, 0x0000000000000020
2026/09/17 07:33:47.708, 1, 79, 126.85, 100, 7275, 1328, 715, P0, 0x0000000000000000
2026/09/17 07:33:48.715, 0, 79, 122.69, 100, 6999, 1316, 715, P0, 0x0000000000000020
2026/09/17 07:33:48.719, 1, 79, 125.19, 100, 7275, 1328, 715, P0, 0x0000000000000000
2026/09/17 07:33:49.729, 0, 79, 121.31, 100, 6999, 1303, 715, P0, 0x0000000000000020
2026/09/17 07:33:49.732, 1, 79, 124.96, 100, 7275, 1328, 715, P0, 0x0000000000000000
2026/09/17 07:33:50.742, 0, 79, 121.31, 100, 6999, 1303, 715, P0, 0x0000000000000020
2026/09/17 07:33:50.748, 1, 79, 124.96, 100, 7275, 1328, 715, P0, 0x0000000000000000
2026/09/17 07:33:51.754, 0, 79, 155.29, 100, 6999, 1240, 715, P0, 0x0000000000000020
2026/09/17 07:33:51.757, 1, 80, 167.09, 100, 7275, 1328, 715, P0, 0x0000000000000000
2026/09/17 07:33:52.768, 0, 79, 120.94, 100, 6999, 1303, 715, P0, 0x0000000000000020
2026/09/17 07:33:52.772, 1, 79, 109.83, 100, 7275, 1252, 715, P0, 0x0000000000000020
2026/09/17 07:33:53.783, 0, 79, 95.68, 100, 6999, 1189, 715, P0, 0x0000000000000000
2026/09/17 07:33:53.789, 1, 78, 114.21, 100, 7275, 1303, 715, P0, 0x0000000000000000
2026/09/17 07:33:54.800, 0, 79, 122.03, 100, 6999, 1303, 715, P0, 0x0000000000000020
2026/09/17 07:33:54.803, 1, 79, 124.71, 100, 7275, 1328, 715, P0, 0x0000000000000000
2026/09/17 07:33:55.815, 0, 79, 121.56, 100, 6999, 1303, 715, P0, 0x0000000000000020
2026/09/17 07:33:55.819, 1, 79, 124.24, 100, 7275, 1328, 715, P0, 0x0000000000000000
2026/09/17 07:33:56.832, 0, 79, 122.45, 100, 6999, 1303, 715, P0, 0x0000000000000020
2026/09/17 07:33:56.835, 1, 79, 124.95, 100, 7275, 1328, 715, P0, 0x0000000000000000
2026/09/17 07:33:57.848, 0, 79, 121.07, 100, 6999, 1303, 715, P0, 0x0000000000000020
2026/09/17 07:33:57.851, 1, 79, 124.72, 100, 7275, 1328, 715, P0, 0x0000000000000000
2026/09/17 07:33:58.863, 0, 79, 136.55, 100, 6999, 1126, 715, P0, 0x0000000000000020
2026/09/17 07:33:58.867, 1, 79, 141.86, 100, 7275, 1164, 715, P0, 0x0000000000000000
2026/09/17 07:33:59.875, 0, 79, 121.31, 100, 6999, 1303, 715, P0, 0x0000000000000020
2026/09/17 07:33:59.878, 1, 79, 124.72, 100, 7275, 1328, 715, P0, 0x0000000000000000
2026/09/17 07:34:00.887, 0, 79, 95.18, 97, 6999, 1189, 715, P0, 0x0000000000000000
2026/09/17 07:34:00.893, 1, 79, 117.07, 100, 7275, 1303, 715, P0, 0x0000000000000000
2026/09/17 07:34:01.899, 0, 79, 121.80, 100, 6999, 1303, 715, P0, 0x0000000000000020
2026/09/17 07:34:01.902, 1, 79, 124.72, 100, 7275, 1328, 715, P0, 0x0000000000000000
2026/09/17 07:34:02.918, 0, 79, 121.31, 100, 6999, 1303, 715, P0, 0x0000000000000020
2026/09/17 07:34:02.921, 1, 79, 122.39, 100, 7275, 1328, 715, P0, 0x0000000000000000
2026/09/17 07:34:03.932, 0, 79, 122.53, 100, 6999, 1303, 715, P0, 0x0000000000000020
2026/09/17 07:34:03.934, 1, 79, 109.59, 100, 7275, 1328, 715, P0, 0x0000000000000000
2026/09/17 07:34:04.943, 0, 79, 121.56, 100, 6999, 1303, 715, P0, 0x0000000000000020
2026/09/17 07:34:04.946, 1, 79, 124.96, 100, 7275, 1328, 715, P0, 0x0000000000000000
2026/09/17 07:34:05.962, 0, 79, 134.72, 100, 6999, 1126, 715, P0, 0x0000000000000000
2026/09/17 07:34:05.966, 1, 79, 104.56, 100, 7275, 1316, 715, P0, 0x0000000000000020
2026/09/17 07:34:06.990, 0, 79, 121.73, 100, 6999, 1303, 715, P0, 0x0000000000000020
2026/09/17 07:34:06.994, 1, 79, 124.96, 100, 7275, 1328, 715, P0, 0x0000000000000000
2026/09/17 07:34:08.007, 0, 79, 108.75, 100, 6999, 1303, 715, P0, 0x0000000000000000
2026/09/17 07:34:08.010, 1, 79, 119.13, 100, 7275, 1328, 715, P0, 0x0000000000000000
2026/09/17 07:34:09.023, 0, 79, 116.83, 100, 6999, 1303, 715, P0, 0x0000000000000000
2026/09/17 07:34:09.027, 1, 79, 125.50, 100, 7275, 1328, 715, P0, 0x0000000000000000
2026/09/17 07:34:10.039, 0, 76, 52.99, 0, 6999, 1303, 715, P0, 0x0000000000000000
2026/09/17 07:34:10.042, 1, 79, 124.62, 100, 7275, 1328, 715, P0, 0x0000000000000000
2026/09/17 07:34:11.050, 0, 76, 52.60, 0, 6999, 1303, 715, P0, 0x0000000000000000
2026/09/17 07:34:11.055, 1, 78, 77.64, 100, 7275, 1328, 715, P0, 0x0000000000000000
2026/09/17 07:34:12.065, 0, 76, 47.22, 0, 6999, 1189, 715, P0, 0x0000000000000000
2026/09/17 07:34:12.068, 1, 79, 125.11, 100, 7275, 1328, 715, P0, 0x0000000000000000
2026/09/17 07:34:13.084, 0, 75, 46.74, 0, 6999, 1189, 715, P0, 0x0000000000000000
2026/09/17 07:34:13.087, 1, 79, 119.18, 100, 7275, 1316, 715, P0, 0x0000000000000000
2026/09/17 07:34:14.100, 0, 75, 46.49, 0, 6999, 1189, 715, P0, 0x0000000000000000
2026/09/17 07:34:14.103, 1, 79, 125.11, 100, 7275, 1328, 715, P0, 0x0000000000000000
2026/09/17 07:34:15.113, 0, 75, 46.49, 0, 6999, 1189, 715, P0, 0x0000000000000000
2026/09/17 07:34:15.116, 1, 79, 127.03, 100, 7275, 1328, 715, P0, 0x0000000000000000
2026/09/17 07:34:16.125, 0, 75, 159.49, 9, 6999, 1189, 715, P0, 0x0000000000000000
2026/09/17 07:34:16.128, 1, 78, 59.04, 80, 7275, 1328, 715, P0, 0x0000000000000000
2026/09/17 07:34:17.138, 0, 77, 126.87, 100, 6999, 1328, 715, P0, 0x0000000000000000
2026/09/17 07:34:17.140, 1, 77, 56.99, 0, 7275, 1328, 715, P0, 0x0000000000000000
2026/09/17 07:34:18.156, 0, 78, 129.20, 100, 6999, 1328, 715, P0, 0x0000000000000000
2026/09/17 07:34:18.159, 1, 76, 56.51, 0, 7275, 1328, 715, P0, 0x0000000000000000
2026/09/17 07:34:19.169, 0, 78, 129.30, 100, 6999, 1328, 715, P0, 0x0000000000000000
2026/09/17 07:34:19.173, 1, 76, 48.14, 0, 7275, 1189, 715, P0, 0x0000000000000000
2026/09/17 07:34:20.183, 0, 78, 129.46, 100, 6999, 1328, 715, P0, 0x0000000000000000
2026/09/17 07:34:20.186, 1, 75, 47.87, 0, 7275, 1189, 715, P0, 0x0000000000000000
2026/09/17 07:34:21.194, 0, 77, 129.46, 100, 6999, 1328, 715, P0, 0x0000000000000000
2026/09/17 07:34:21.197, 1, 75, 47.12, 0, 7275, 1189, 715, P0, 0x0000000000000000
2026/09/17 07:34:22.205, 0, 78, 129.72, 100, 6999, 1328, 715, P0, 0x0000000000000000
2026/09/17 07:34:22.208, 1, 75, 46.90, 0, 7275, 1189, 715, P0, 0x0000000000000000
2026/09/17 07:34:23.217, 0, 77, 56.37, 0, 6999, 1328, 715, P0, 0x0000000000000000
2026/09/17 07:34:23.220, 1, 76, 112.72, 100, 7275, 1316, 715, P0, 0x0000000000000000
2026/09/17 07:34:24.230, 0, 75, 55.16, 0, 6999, 1328, 715, P0, 0x0000000000000000
2026/09/17 07:34:24.233, 1, 77, 123.16, 100, 7275, 1328, 715, P0, 0x0000000000000000
2026/09/17 07:34:25.244, 0, 75, 54.43, 0, 6999, 1328, 715, P0, 0x0000000000000000
2026/09/17 07:34:25.247, 1, 77, 123.40, 100, 7275, 1328, 715, P0, 0x0000000000000000
2026/09/17 07:34:26.256, 0, 75, 54.19, 0, 6999, 1328, 715, P0, 0x0000000000000000
2026/09/17 07:34:26.259, 1, 77, 123.16, 100, 7275, 1328, 715, P0, 0x0000000000000000
2026/09/17 07:34:27.269, 0, 74, 54.19, 0, 6999, 1328, 715, P0, 0x0000000000000000
2026/09/17 07:34:27.272, 1, 78, 123.40, 100, 7275, 1328, 715, P0, 0x0000000000000000
2026/09/17 07:34:28.279, 0, 74, 53.89, 0, 6999, 1328, 715, P0, 0x0000000000000000
2026/09/17 07:34:28.282, 1, 78, 147.53, 100, 7275, 1328, 715, P0, 0x0000000000000000
2026/09/17 07:34:29.292, 0, 74, 53.95, 0, 6999, 1328, 715, P0, 0x0000000000000000
2026/09/17 07:34:29.294, 1, 78, 123.40, 100, 7275, 1328, 715, P0, 0x0000000000000000
2026/09/17 07:34:30.308, 0, 75, 92.47, 36, 6999, 1328, 715, P0, 0x0000000000000000
2026/09/17 07:34:30.313, 1, 77, 135.00, 46, 7275, 1328, 715, P0, 0x0000000000000000
2026/09/17 07:34:31.322, 0, 75, 156.98, 50, 6999, 1328, 715, P0, 0x0000000000000000
2026/09/17 07:34:31.325, 1, 77, 68.40, 54, 7275, 1328, 715, P0, 0x0000000000000000
2026/09/17 07:34:32.336, 0, 75, 119.01, 41, 6999, 1328, 715, P0, 0x0000000000000000
2026/09/17 07:34:32.339, 1, 77, 94.47, 42, 7275, 1328, 715, P0, 0x0000000000000000
2026/09/17 07:34:33.348, 0, 76, 74.23, 54, 6999, 1328, 715, P0, 0x0000000000000000
2026/09/17 07:34:33.352, 1, 77, 152.56, 57, 7275, 1328, 715, P0, 0x0000000000000000
2026/09/17 07:34:34.363, 0, 76, 113.39, 38, 6999, 1328, 715, P0, 0x0000000000000000
2026/09/17 07:34:34.366, 1, 77, 123.37, 42, 7275, 1328, 715, P0, 0x0000000000000000
2026/09/17 07:34:35.373, 0, 76, 149.27, 44, 6999, 1328, 715, P0, 0x0000000000000000
2026/09/17 07:34:35.376, 1, 77, 75.83, 54, 7275, 1328, 715, P0, 0x0000000000000000
2026/09/17 07:34:36.386, 0, 76, 79.12, 47, 6999, 1328, 715, P0, 0x0000000000000000
2026/09/17 07:34:36.390, 1, 77, 118.18, 46, 7275, 1328, 715, P0, 0x0000000000000000
2026/09/17 07:34:37.402, 0, 76, 80.96, 49, 6999, 1328, 715, P0, 0x0000000000000000
2026/09/17 07:34:37.405, 1, 77, 148.59, 49, 7275, 1328, 715, P0, 0x0000000000000000
2026/09/17 07:34:38.410, 0, 75, 60.32, 28, 9, 1328, 715, P0, 0x0000000000000000
2026/09/17 07:34:38.413, 1, 76, 61.01, 71, 9, 1328, 715, P0, 0x0000000000000000
2026/09/17 07:34:39.424, 0, 74, 55.99, 0, 9, 1328, 715, P0, 0x0000000000000000
2026/09/17 07:34:39.428, 1, 75, 55.72, 0, 9, 1328, 715, P0, 0x0000000000000000
2026/09/17 07:34:40.436, 0, 74, 52.65, 0, 9, 1328, 715, P0, 0x0000000000000000
2026/09/17 07:34:40.439, 1, 75, 54.07, 0, 9, 1328, 715, P0, 0x0000000000000000
2026/09/17 07:34:41.455, 0, 73, 52.44, 0, 9, 1328, 715, P0, 0x0000000000000000
2026/09/17 07:34:41.457, 1, 74, 53.58, 0, 9, 1328, 715, P0, 0x0000000000000000
2026/09/17 07:34:42.471, 0, 73, 52.16, 0, 9, 1328, 715, P0, 0x0000000000000000
2026/09/17 07:34:42.474, 1, 74, 53.34, 0, 9, 1328, 715, P0, 0x0000000000000000
2026/09/17 07:34:43.485, 0, 72, 52.19, 0, 9, 1328, 715, P0, 0x0000000000000000
2026/09/17 07:34:43.488, 1, 74, 53.35, 0, 9, 1328, 715, P0, 0x0000000000000000
2026/09/17 07:34:44.498, 0, 72, 51.68, 0, 9, 1328, 715, P0, 0x0000000000000000
2026/09/17 07:34:44.501, 1, 74, 53.11, 0, 9, 1328, 715, P0, 0x0000000000000000
