timestamp,index,temperature.gpu,power.draw,utilization.gpu,memory.used,clocks.current.graphics,clocks.current.memory,pstate,clocks_event_reasons.active
2026/09/18 22:38:37.722, 0, 74, 45.86, 0, 8825, 1189, 715, P0, 0x0000000000000000
2026/09/18 22:38:37.726, 1, 74, 55.02, 0, 8825, 1328, 715, P0, 0x0000000000000000
2026/09/18 22:38:38.732, 0, 75, 133.26, 67, 8943, 1316, 715, P0, 0x0000000000000000
2026/09/18 22:38:38.735, 1, 76, 128.28, 96, 8943, 1328, 715, P0, 0x0000000000000000
2026/09/18 22:38:39.741, 0, 77, 143.99, 66, 8943, 1328, 715, P0, 0x0000000000000000
2026/09/18 22:38:39.745, 1, 76, 137.05, 99, 8943, 1328, 715, P0, 0x0000000000000000
2026/09/18 22:38:40.755, 0, 78, 148.54, 69, 8943, 1328, 715, P0, 0x0000000000000000
2026/09/18 22:38:40.758, 1, 77, 128.16, 97, 8943, 1328, 715, P0, 0x0000000000000000
2026/09/18 22:38:41.766, 0, 78, 142.83, 66, 8943, 1328, 715, P0, 0x0000000000000000
2026/09/18 22:38:41.769, 1, 77, 136.38, 98, 8943, 1328, 715, P0, 0x0000000000000000
2026/09/18 22:38:42.789, 0, 78, 161.70, 64, 8943, 1328, 715, P0, 0x0000000000000000
2026/09/18 22:38:42.793, 1, 78, 135.42, 98, 8943, 1328, 715, P0, 0x0000000000000000
2026/09/18 22:38:43.804, 0, 78, 136.06, 66, 8943, 1328, 715, P0, 0x0000000000000000
2026/09/18 22:38:43.807, 1, 78, 153.93, 95, 8943, 1328, 715, P0, 0x0000000000000000
2026/09/18 22:38:44.813, 0, 78, 163.37, 66, 8943, 1328, 715, P0, 0x0000000000000000
2026/09/18 22:38:44.816, 1, 78, 136.30, 98, 8943, 1328, 715, P0, 0x0000000000000000
2026/09/18 22:38:45.828, 0, 79, 157.23, 68, 8943, 1328, 715, P0, 0x0000000000000000
2026/09/18 22:38:45.831, 1, 78, 138.94, 98, 8943, 1328, 715, P0, 0x0000000000000000
2026/09/18 22:38:46.841, 0, 79, 173.64, 68, 8943, 1328, 715, P0, 0x0000000000000000
2026/09/18 22:38:46.844, 1, 78, 128.38, 98, 8943, 1328, 715, P0, 0x0000000000000000
2026/09/18 22:38:47.851, 0, 79, 148.96, 68, 8943, 1328, 715, P0, 0x0000000000000000
2026/09/18 22:38:47.854, 1, 78, 150.28, 98, 8943, 1328, 715, P0, 0x0000000000000000
2026/09/18 22:38:48.863, 0, 79, 149.57, 69, 8943, 1328, 715, P0, 0x0000000000000000
2026/09/18 22:38:48.866, 1, 79, 125.70, 99, 8943, 1328, 715, P0, 0x0000000000000000
2026/09/18 22:38:49.874, 0, 79, 89.81, 69, 8943, 1240, 715, P0, 0x0000000000000000
2026/09/18 22:38:49.878, 1, 79, 114.36, 96, 8943, 1328, 715, P0, 0x0000000000000000
2026/09/18 22:38:50.885, 0, 79, 135.04, 81, 8943, 1265, 715, P0, 0x0000000000000000
2026/09/18 22:38:50.891, 1, 79, 155.77, 84, 8943, 1328, 715, P0, 0x0000000000000000
2026/09/18 22:38:51.898, 0, 79, 136.99, 82, 8943, 1265, 715, P0, 0x0000000000000020
2026/09/18 22:38:51.901, 1, 79, 156.24, 84, 8943, 1328, 715, P0, 0x0000000000000000
2026/09/18 22:38:52.914, 0, 79, 138.10, 57, 8943, 1265, 715, P0, 0x0000000000000000
2026/09/18 22:38:52.917, 1, 80, 127.43, 69, 8943, 1101, 715, P0, 0x0000000000000020
2026/09/18 22:38:53.926, 0, 79, 143.15, 66, 8943, 1227, 715, P0, 0x0000000000000020
2026/09/18 22:38:53.929, 1, 79, 122.36, 96, 8943, 1151, 715, P0, 0x0000000000000020
2026/09/18 22:38:54.937, 0, 79, 116.65, 69, 8943, 1240, 715, P0, 0x0000000000000000
2026/09/18 22:38:54.941, 1, 79, 114.50, 98, 8943, 1252, 715, P0, 0x0000000000000000
2026/09/18 22:38:55.960, 0, 79, 135.80, 71, 8943, 1202, 715, P0, 0x0000000000000000
2026/09/18 22:38:55.964, 1, 79, 120.63, 97, 8943, 1227, 715, P0, 0x0000000000000000
2026/09/18 22:38:56.974, 0, 79, 120.79, 69, 8943, 1227, 715, P0, 0x0000000000000000
2026/09/18 22:38:56.977, 1, 79, 132.38, 96, 8943, 1316, 715, P0, 0x0000000000000020
2026/09/18 22:38:57.984, 0, 79, 127.05, 71, 8943, 1202, 715, P0, 0x0000000000000000
2026/09/18 22:38:57.988, 1, 79, 140.07, 98, 8943, 1252, 715, P0, 0x0000000000000000
2026/09/18 22:38:58.996, 0, 79, 105.85, 71, 8943, 1189, 715, P0, 0x0000000000000000
2026/09/18 22:38:58.999, 1, 79, 111.25, 98, 8943, 1265, 715, P0, 0x0000000000000000
2026/09/18 22:39:00.008, 0, 79, 113.03, 71, 8943, 1202, 715, P0, 0x0000000000000020
2026/09/18 22:39:00.018, 1, 79, 123.74, 95, 8943, 1252, 715, P0, 0x0000000000000020
2026/09/18 22:39:01.035, 0, 79, 134.14, 72, 8943, 1240, 715, P0, 0x0000000000000000
2026/09/18 22:39:01.039, 1, 79, 114.77, 96, 8943, 1290, 715, P0, 0x0000000000000000
2026/09/18 22:39:02.045, 0, 79, 127.47, 70, 8943, 1227, 715, P0, 0x0000000000000020
2026/09/18 22:39:02.048, 1, 79, 112.62, 97, 8943, 1252, 715, P0, 0x0000000000000020
2026/09/18 22:39:03.059, 0, 79, 129.05, 71, 8943, 1227, 715, P0, 0x0000000000000000
2026/09/18 22:39:03.062, 1, 79, 141.46, 97, 8943, 1278, 715, P0, 0x0000000000000000
2026/09/18 22:39:04.072, 0, 80, 130.11, 71, 8943, 1290, 715, P0, 0x0000000000000000
2026/09/18 22:39:04.076, 1, 80, 146.21, 97, 8943, 1328, 715, P0, 0x0000000000000000
2026/09/18 22:39:05.101, 0, 79, 110.83, 71, 8943, 1139, 715, P0, 0x0000000000000000
2026/09/18 22:39:05.110, 1, 79, 114.25, 93, 8943, 1316, 715, P0, 0x0000000000000020
2026/09/18 22:39:06.116, 0, 79, 121.22, 74, 8943, 1177, 715, P0, 0x0000000000000000
2026/09/18 22:39:06.119, 1, 79, 124.68, 93, 8943, 1290, 715, P0, 0x0000000000000000
2026/09/18 22:39:07.129, 0, 79, 118.66, 74, 8943, 1151, 715, P0, 0x0000000000000000
2026/09/18 22:39:07.132, 1, 79, 135.52, 93, 8943, 1290, 715, P0, 0x0000000000000000
2026/09/18 22:39:08.139, 0, 79, 90.85, 71, 8943, 1101, 715, P0, 0x0000000000000020
2026/09/18 22:39:08.143, 1, 79, 121.40, 92, 8943, 1265, 715, P0, 0x0000000000000000
2026/09/18 22:39:09.152, 0, 79, 119.20, 73, 8943, 1139, 715, P0, 0x0000000000000000
2026/09/18 22:39:09.155, 1, 80, 105.18, 93, 8943, 1202, 715, P0, 0x0000000000000000
2026/09/18 22:39:10.165, 0, 79, 110.75, 74, 8943, 1139, 715, P0, 0x0000000000000020
2026/09/18 22:39:10.174, 1, 79, 137.12, 94, 8943, 1265, 715, P0, 0x0000000000000000
2026/09/18 22:39:11.184, 0, 79, 114.33, 74, 8943, 1164, 715, P0, 0x0000000000000000
2026/09/18 22:39:11.193, 1, 80, 124.71, 89, 8943, 1278, 715, P0, 0x0000000000000000
2026/09/18 22:39:12.198, 0, 79, 118.60, 74, 8943, 1113, 715, P0, 0x0000000000000020
2026/09/18 22:39:12.200, 1, 79, 99.43, 97, 8943, 1189, 715, P0, 0x0000000000000020
2026/09/18 22:39:13.210, 0, 79, 117.36, 72, 8943, 1075, 715, P0, 0x0000000000000020
2026/09/18 22:39:13.215, 1, 79, 98.98, 97, 8943, 1164, 715, P0, 0x0000000000000020
2026/09/18 22:39:14.225, 0, 79, 115.61, 74, 8943, 1113, 715, P0, 0x0000000000000000
2026/09/18 22:39:14.235, 1, 79, 100.90, 96, 8943, 1189, 715, P0, 0x0000000000000000
2026/09/18 22:39:15.241, 0, 79, 95.89, 76, 8943, 1063, 715, P0, 0x0000000000000020
2026/09/18 22:39:15.244, 1, 79, 88.24, 95, 8943, 1139, 715, P0, 0x0000000000000020
2026/09/18 22:39:16.252, 0, 79, 89.19, 74, 8943, 1139, 715, P0, 0x0000000000000000
2026/09/18 22:39:16.256, 1, 79, 107.62, 97, 8943, 1189, 715, P0, 0x0000000000000000
2026/09/18 22:39:17.262, 0, 79, 114.61, 83, 8943, 1139, 715, P0, 0x0000000000000020
2026/09/18 22:39:17.265, 1, 79, 124.35, 83, 8943, 1227, 715, P0, 0x0000000000000000
2026/09/18 22:39:18.271, 0, 79, 117.37, 83, 8943, 1139, 715, P0, 0x0000000000000020
2026/09/18 22:39:18.275, 1, 79, 122.90, 83, 8943, 1202, 715, P0, 0x0000000000000000
2026/09/18 22:39:19.285, 0, 79, 116.85, 83, 8943, 1139, 715, P0, 0x0000000000000020
2026/09/18 22:39:19.296, 1, 79, 121.58, 82, 8943, 1202, 715, P0, 0x0000000000000000
2026/09/18 22:39:20.301, 0, 79, 111.14, 74, 8943, 1050, 715, P0, 0x0000000000000020
2026/09/18 22:39:20.304, 1, 79, 102.85, 73, 8943, 1189, 715, P0, 0x0000000000000000
2026/09/18 22:39:21.311, 0, 79, 95.45, 70, 8943, 1101, 715, P0, 0x0000000000000000
2026/09/18 22:39:21.317, 1, 79, 114.46, 92, 8943, 1189, 715, P0, 0x0000000000000000
2026/09/18 22:39:22.334, 0, 79, 120.46, 68, 8943, 1164, 715, P0, 0x0000000000000020
2026/09/18 22:39:22.344, 1, 79, 125.68, 93, 8943, 1189, 715, P0, 0x0000000000000020
2026/09/18 22:39:23.351, 0, 79, 72.18, 73, 8943, 1164, 715, P0, 0x0000000000000000
2026/09/18 22:39:23.356, 1, 79, 93.18, 95, 8943, 1189, 715, P0, 0x0000000000000000
2026/09/18 22:39:24.364, 0, 79, 105.86, 74, 8943, 1113, 715, P0, 0x0000000000000000
2026/09/18 22:39:24.370, 1, 79, 110.63, 95, 8943, 1164, 715, P0, 0x0000000000000020
2026/09/18 22:39:25.386, 0, 79, 111.29, 77, 8943, 1113, 715, P0, 0x0000000000000020
2026/09/18 22:39:25.389, 1, 79, 128.68, 96, 8943, 1189, 715, P0, 0x0000000000000020
2026/09/18 22:39:26.410, 0, 79, 98.74, 77, 8943, 974, 715, P0, 0x0000000000000020
2026/09/18 22:39:26.422, 1, 79, 104.91, 96, 8943, 1126, 715, P0, 0x0000000000000020
2026/09/18 22:39:27.436, 0, 79, 97.55, 74, 8943, 1101, 715, P0, 0x0000000000000000
2026/09/18 22:39:27.441, 1, 79, 100.60, 95, 8943, 1189, 715, P0, 0x0000000000000000
2026/09/18 22:39:28.449, 0, 79, 100.88, 74, 8943, 1101, 715, P0, 0x0000000000000000
2026/09/18 22:39:28.453, 1, 79, 93.98, 95, 8943, 1189, 715, P0, 0x0000000000000000
2026/09/18 22:39:29.467, 0, 79, 118.95, 74, 8943, 1113, 715, P0, 0x0000000000000000
2026/09/18 22:39:29.470, 1, 79, 97.66, 96, 8943, 1189, 715, P0, 0x0000000000000000
2026/09/18 22:39:30.484, 0, 79, 115.37, 75, 8943, 1139, 715, P0, 0x0000000000000020
2026/09/18 22:39:30.487, 1, 79, 103.96, 96, 8943, 1164, 715, P0, 0x0000000000000020
2026/09/18 22:39:31.502, 0, 79, 123.25, 74, 8943, 1164, 715, P0, 0x0000000000000000
2026/09/18 22:39:31.505, 1, 79, 116.63, 93, 8943, 1189, 715, P0, 0x0000000000000000
2026/09/18 22:39:32.514, 0, 79, 103.24, 70, 8943, 1101, 715, P0, 0x0000000000000020
2026/09/18 22:39:32.524, 1, 79, 117.24, 96, 8943, 1177, 715, P0, 0x0000000000000020
2026/09/18 22:39:33.538, 0, 79, 107.43, 75, 8943, 1063, 715, P0, 0x0000000000000020
2026/09/18 22:39:33.545, 1, 79, 125.17, 96, 8943, 1139, 715, P0, 0x0000000000000020
2026/09/18 22:39:34.552, 0, 79, 107.62, 76, 8943, 1075, 715, P0, 0x0000000000000020
2026/09/18 22:39:34.554, 1, 79, 126.60, 96, 8943, 1189, 715, P0, 0x0000000000000000
2026/09/18 22:39:35.563, 0, 79, 107.79, 77, 8943, 1101, 715, P0, 0x0000000000000020
2026/09/18 22:39:35.570, 1, 79, 117.58, 95, 8943, 1202, 715, P0, 0x0000000000000000
2026/09/18 22:39:36.589, 0, 79, 102.80, 79, 8943, 1126, 715, P0, 0x0000000000000000
2026/09/18 22:39:36.592, 1, 79, 102.14, 96, 8943, 1227, 715, P0, 0x0000000000000020
2026/09/18 22:39:37.601, 0, 79, 104.41, 75, 8943, 1151, 715, P0, 0x0000000000000000
2026/09/18 22:39:37.609, 1, 79, 102.85, 96, 8943, 1202, 715, P0, 0x0000000000000000
2026/09/18 22:39:38.619, 0, 79, 104.43, 74, 8943, 1164, 715, P0, 0x0000000000000000
2026/09/18 22:39:38.629, 1, 79, 130.80, 95, 8943, 1189, 715, P0, 0x0000000000000000
2026/09/18 22:39:39.647, 0, 79, 102.44, 75, 8943, 1101, 715, P0, 0x0000000000000020
2026/09/18 22:39:39.651, 1, 79, 117.46, 94, 8943, 1189, 715, P0, 0x0000000000000000
2026/09/18 22:39:40.658, 0, 79, 67.03, 75, 8943, 1025, 715, P0, 0x0000000000000000
2026/09/18 22:39:40.661, 1, 80, 68.02, 96, 8943, 1189, 715, P0, 0x0000000000000000
2026/09/18 22:39:41.668, 0, 79, 121.43, 78, 8943, 1075, 715, P0, 0x0000000000000020
2026/09/18 22:39:41.673, 1, 79, 121.27, 94, 8943, 1101, 715, P0, 0x0000000000000020
2026/09/18 22:39:42.693, 0, 79, 115.30, 77, 8943, 1164, 715, P0, 0x0000000000000000
2026/09/18 22:39:42.696, 1, 79, 101.10, 95, 8943, 1126, 715, P0, 0x0000000000000020
2026/09/18 22:39:43.710, 0, 79, 92.12, 77, 8943, 1126, 715, P0, 0x0000000000000000
2026/09/18 22:39:43.713, 1, 79, 100.75, 97, 8943, 1164, 715, P0, 0x0000000000000020
2026/09/18 22:39:44.722, 0, 79, 107.30, 75, 8943, 1050, 715, P0, 0x0000000000000000
2026/09/18 22:39:44.734, 1, 79, 102.26, 96, 8943, 1189, 715, P0, 0x0000000000000000
2026/09/18 22:39:45.749, 0, 79, 119.54, 76, 8943, 1164, 715, P0, 0x0000000000000020
2026/09/18 22:39:45.754, 1, 79, 122.01, 93, 8943, 1189, 715, P0, 0x0000000000000000
2026/09/18 22:39:46.769, 0, 79, 121.00, 79, 8943, 1177, 715, P0, 0x0000000000000000
2026/09/18 22:39:46.773, 1, 79, 118.56, 96, 8943, 1189, 715, P0, 0x0000000000000000
2026/09/18 22:39:47.779, 0, 79, 90.83, 77, 8943, 1063, 715, P0, 0x0000000000000000
2026/09/18 22:39:47.782, 1, 79, 110.57, 94, 8943, 1189, 715, P0, 0x0000000000000000
2026/09/18 22:39:48.791, 0, 79, 95.67, 79, 8943, 1113, 715, P0, 0x0000000000000000
2026/09/18 22:39:48.796, 1, 79, 111.43, 96, 8943, 1189, 715, P0, 0x0000000000000020
2026/09/18 22:39:49.808, 0, 79, 94.48, 75, 8943, 1075, 715, P0, 0x0000000000000000
2026/09/18 22:39:49.816, 1, 79, 118.67, 95, 8943, 1189, 715, P0, 0x0000000000000000
2026/09/18 22:39:50.824, 0, 79, 112.07, 74, 8943, 1139, 715, P0, 0x0000000000000000
2026/09/18 22:39:50.827, 1, 79, 95.68, 95, 8943, 1139, 715, P0, 0x0000000000000000
2026/09/18 22:39:51.833, 0, 79, 111.30, 79, 8943, 1101, 715, P0, 0x0000000000000020
2026/09/18 22:39:51.837, 1, 79, 119.21, 96, 8943, 1189, 715, P0, 0x0000000000000000
2026/09/18 22:39:52.846, 0, 79, 92.17, 66, 8943, 999, 715, P0, 0x0000000000000020
2026/09/18 22:39:52.859, 1, 79, 112.39, 75, 8943, 1177, 715, P0, 0x0000000000000000
2026/09/18 22:39:53.872, 0, 79, 116.84, 76, 8943, 1189, 715, P0, 0x0000000000000000
2026/09/18 22:39:53.878, 1, 79, 111.60, 95, 8943, 1202, 715, P0, 0x0000000000000000
2026/09/18 22:39:54.884, 0, 79, 100.12, 79, 8943, 999, 715, P0, 0x0000000000000020
2026/09/18 22:39:54.890, 1, 79, 120.66, 96, 8943, 1177, 715, P0, 0x0000000000000000
2026/09/18 22:39:55.896, 0, 79, 113.42, 79, 8943, 1151, 715, P0, 0x0000000000000000
2026/09/18 22:39:55.900, 1, 79, 127.98, 94, 8943, 1189, 715, P0, 0x0000000000000000
2026/09/18 22:39:56.910, 0, 79, 125.44, 76, 8943, 1075, 715, P0, 0x0000000000000020
2026/09/18 22:39:56.922, 1, 79, 118.73, 95, 8943, 1139, 715, P0, 0x0000000000000020
2026/09/18 22:39:57.928, 0, 79, 113.41, 76, 8943, 1126, 715, P0, 0x0000000000000020
2026/09/18 22:39:57.932, 1, 79, 122.93, 85, 8943, 1227, 715, P0, 0x0000000000000000
2026/09/18 22:39:58.942, 0, 79, 113.65, 83, 8943, 1126, 715, P0, 0x0000000000000020
2026/09/18 22:39:58.945, 1, 79, 103.32, 84, 8943, 1037, 715, P0, 0x0000000000000000
2026/09/18 22:39:59.954, 0, 79, 110.67, 82, 8943, 1113, 715, P0, 0x0000000000000000
2026/09/18 22:39:59.961, 1, 79, 103.48, 88, 8943, 1050, 715, P0, 0x0000000000000000
2026/09/18 22:40:00.966, 0, 79, 57.47, 82, 8943, 1189, 715, P0, 0x0000000000000000
2026/09/18 22:40:00.969, 1, 79, 53.09, 88, 8943, 1189, 715, P0, 0x0000000000000000
2026/09/18 22:40:01.981, 0, 79, 96.12, 78, 8943, 1139, 715, P0, 0x0000000000000000
2026/09/18 22:40:01.987, 1, 79, 95.00, 99, 8943, 987, 715, P0, 0x0000000000000000
2026/09/18 22:40:02.994, 0, 79, 117.94, 78, 8943, 1151, 715, P0, 0x0000000000000000
2026/09/18 22:40:03.001, 1, 79, 92.76, 99, 8943, 987, 715, P0, 0x0000000000000000
2026/09/18 22:40:04.010, 0, 79, 105.41, 78, 8943, 1139, 715, P0, 0x0000000000000000
2026/09/18 22:40:04.014, 1, 79, 99.63, 99, 8943, 1063, 715, P0, 0x0000000000000000
2026/09/18 22:40:05.027, 0, 79, 116.77, 69, 8943, 1075, 715, P0, 0x0000000000000020
2026/09/18 22:40:05.029, 1, 79, 103.35, 99, 8943, 974, 715, P0, 0x0000000000000020
2026/09/18 22:40:06.040, 0, 79, 112.92, 78, 8943, 1101, 715, P0, 0x0000000000000000
2026/09/18 22:40:06.043, 1, 79, 98.48, 99, 8943, 1088, 715, P0, 0x0000000000000000
2026/09/18 22:40:07.050, 0, 79, 116.49, 77, 8943, 1101, 715, P0, 0x0000000000000000
2026/09/18 22:40:07.053, 1, 79, 98.05, 99, 8943, 1088, 715, P0, 0x0000000000000020
2026/09/18 22:40:08.078, 0, 79, 116.05, 79, 8943, 1164, 715, P0, 0x0000000000000020
2026/09/18 22:40:08.082, 1, 79, 108.00, 99, 8943, 1113, 715, P0, 0x0000000000000020
2026/09/18 22:40:09.101, 0, 79, 109.42, 79, 8943, 974, 715, P0, 0x0000000000000020
2026/09/18 22:40:09.108, 1, 79, 85.65, 99, 8943, 911, 715, P0, 0x0000000000000020
2026/09/18 22:40:10.115, 0, 79, 82.79, 77, 8943, 1189, 715, P0, 0x0000000000000000
2026/09/18 22:40:10.123, 1, 79, 88.74, 99, 8943, 1189, 715, P0, 0x0000000000000000
2026/09/18 22:40:11.128, 0, 79, 107.06, 78, 8943, 1113, 715, P0, 0x0000000000000000
2026/09/18 22:40:11.130, 1, 79, 109.44, 99, 8943, 1063, 715, P0, 0x0000000000000020
2026/09/18 22:40:12.139, 0, 79, 105.45, 79, 8943, 1177, 715, P0, 0x0000000000000020
2026/09/18 22:40:12.147, 1, 79, 106.75, 98, 8943, 1126, 715, P0, 0x0000000000000020
2026/09/18 22:40:13.164, 0, 79, 112.52, 79, 8943, 1113, 715, P0, 0x0000000000000020
2026/09/18 22:40:13.169, 1, 79, 117.35, 96, 8943, 1189, 715, P0, 0x0000000000000020
2026/09/18 22:40:14.180, 0, 79, 116.48, 72, 8943, 1075, 715, P0, 0x0000000000000020
2026/09/18 22:40:14.192, 1, 79, 122.99, 94, 8943, 1126, 715, P0, 0x0000000000000020
2026/09/18 22:40:15.205, 0, 79, 85.50, 79, 8943, 1012, 715, P0, 0x0000000000000000
2026/09/18 22:40:15.213, 1, 79, 93.45, 95, 8943, 1075, 715, P0, 0x0000000000000020
2026/09/18 22:40:16.219, 0, 79, 85.69, 78, 8943, 961, 715, P0, 0x0000000000000020
2026/09/18 22:40:16.222, 1, 79, 100.54, 95, 8943, 1164, 715, P0, 0x0000000000000000
2026/09/18 22:40:17.244, 0, 79, 88.97, 79, 8943, 1025, 715, P0, 0x0000000000000000
2026/09/18 22:40:17.256, 1, 79, 102.54, 96, 8943, 1101, 715, P0, 0x0000000000000000
2026/09/18 22:40:18.276, 0, 79, 81.99, 72, 8943, 1075, 715, P0, 0x0000000000000000
2026/09/18 22:40:18.279, 1, 79, 104.14, 95, 8943, 1164, 715, P0, 0x0000000000000000
2026/09/18 22:40:19.287, 0, 79, 96.01, 79, 8943, 1075, 715, P0, 0x0000000000000000
2026/09/18 22:40:19.298, 1, 79, 98.75, 96, 8943, 1126, 715, P0, 0x0000000000000020
2026/09/18 22:40:20.313, 0, 79, 94.49, 79, 8943, 1088, 715, P0, 0x0000000000000000
2026/09/18 22:40:20.317, 1, 79, 104.43, 95, 8943, 1189, 715, P0, 0x0000000000000000
2026/09/18 22:40:21.321, 0, 79, 93.02, 80, 8943, 1037, 715, P0, 0x0000000000000000
2026/09/18 22:40:21.324, 1, 79, 108.01, 95, 8943, 1139, 715, P0, 0x0000000000000000
2026/09/18 22:40:22.331, 0, 79, 96.18, 66, 8943, 1025, 715, P0, 0x0000000000000000
2026/09/18 22:40:22.338, 1, 79, 114.58, 91, 8943, 1164, 715, P0, 0x0000000000000000
2026/09/18 22:40:23.343, 0, 79, 95.70, 79, 8943, 1012, 715, P0, 0x0000000000000020
2026/09/18 22:40:23.346, 1, 79, 103.57, 95, 8943, 1088, 715, P0, 0x0000000000000000
2026/09/18 22:40:24.363, 0, 79, 101.58, 79, 8943, 961, 715, P0, 0x0000000000000020
2026/09/18 22:40:24.368, 1, 79, 95.14, 96, 8943, 1075, 715, P0, 0x0000000000000020
2026/09/18 22:40:25.381, 0, 79, 117.69, 79, 8943, 1075, 715, P0, 0x0000000000000020
2026/09/18 22:40:25.384, 1, 79, 119.48, 95, 8943, 1075, 715, P0, 0x0000000000000020
2026/09/18 22:40:26.390, 0, 79, 115.58, 71, 8943, 1164, 715, P0, 0x0000000000000020
2026/09/18 22:40:26.398, 1, 79, 123.62, 92, 8943, 1139, 715, P0, 0x0000000000000020
2026/09/18 22:40:27.419, 0, 79, 113.86, 81, 8943, 1151, 715, P0, 0x0000000000000000
2026/09/18 22:40:27.422, 1, 79, 123.39, 96, 8943, 1139, 715, P0, 0x0000000000000020
2026/09/18 22:40:28.433, 0, 79, 104.24, 79, 8943, 1151, 715, P0, 0x0000000000000000
2026/09/18 22:40:28.441, 1, 79, 107.37, 95, 8943, 1189, 715, P0, 0x0000000000000000
2026/09/18 22:40:29.459, 0, 79, 97.65, 79, 8943, 1126, 715, P0, 0x0000000000000000
2026/09/18 22:40:29.462, 1, 79, 88.96, 96, 8943, 1126, 715, P0, 0x0000000000000020
2026/09/18 22:40:30.476, 0, 79, 65.58, 80, 8943, 1189, 715, P0, 0x0000000000000000
2026/09/18 22:40:30.479, 1, 79, 88.86, 93, 8943, 1240, 715, P0, 0x0000000000000020
2026/09/18 22:40:31.493, 0, 79, 108.46, 81, 8943, 1063, 715, P0, 0x0000000000000000
2026/09/18 22:40:31.503, 1, 79, 96.86, 97, 8943, 1177, 715, P0, 0x0000000000000000
2026/09/18 22:40:32.509, 0, 79, 112.40, 79, 8943, 1075, 715, P0, 0x0000000000000020
2026/09/18 22:40:32.513, 1, 79, 119.49, 97, 8943, 1075, 715, P0, 0x0000000000000020
2026/09/18 22:40:33.520, 0, 79, 98.83, 81, 8943, 1164, 715, P0, 0x0000000000000000
2026/09/18 22:40:33.523, 1, 79, 92.90, 96, 8943, 1189, 715, P0, 0x0000000000000000
2026/09/18 22:40:34.536, 0, 79, 101.32, 79, 8943, 1177, 715, P0, 0x0000000000000000
2026/09/18 22:40:34.542, 1, 79, 130.87, 95, 8943, 1189, 715, P0, 0x0000000000000000
2026/09/18 22:40:35.551, 0, 79, 99.20, 79, 8943, 987, 715, P0, 0x0000000000000020
2026/09/18 22:40:35.553, 1, 79, 106.13, 95, 8943, 1151, 715, P0, 0x0000000000000000
2026/09/18 22:40:36.569, 0, 79, 121.67, 81, 8943, 1177, 715, P0, 0x0000000000000000
2026/09/18 22:40:36.572, 1, 79, 123.85, 96, 8943, 1189, 715, P0, 0x0000000000000000
2026/09/18 22:40:37.582, 0, 79, 105.98, 80, 8943, 1139, 715, P0, 0x0000000000000020
2026/09/18 22:40:37.586, 1, 79, 118.49, 95, 8943, 1189, 715, P0, 0x0000000000000020
2026/09/18 22:40:38.594, 0, 79, 96.89, 79, 8943, 1050, 715, P0, 0x0000000000000000
2026/09/18 22:40:38.597, 1, 79, 87.35, 96, 8943, 1151, 715, P0, 0x0000000000000000
2026/09/18 22:40:39.623, 0, 79, 113.61, 80, 8943, 1025, 715, P0, 0x0000000000000020
2026/09/18 22:40:39.629, 1, 79, 113.33, 95, 8943, 1075, 715, P0, 0x0000000000000020
2026/09/18 22:40:40.639, 0, 79, 104.97, 67, 8943, 1113, 715, P0, 0x0000000000000020
2026/09/18 22:40:40.648, 1, 79, 110.42, 91, 8943, 1189, 715, P0, 0x0000000000000000
2026/09/18 22:40:41.664, 0, 79, 103.89, 82, 8943, 1101, 715, P0, 0x0000000000000000
2026/09/18 22:40:41.667, 1, 79, 116.02, 95, 8943, 1189, 715, P0, 0x0000000000000020
2026/09/18 22:40:42.681, 0, 79, 114.57, 81, 8943, 1025, 715, P0, 0x0000000000000020
2026/09/18 22:40:42.694, 1, 79, 114.53, 95, 8943, 1075, 715, P0, 0x0000000000000020
2026/09/18 22:40:43.712, 0, 79, 102.75, 82, 8943, 1139, 715, P0, 0x0000000000000000
2026/09/18 22:40:43.717, 1, 79, 116.65, 95, 8943, 1139, 715, P0, 0x0000000000000020
2026/09/18 22:40:44.732, 0, 79, 63.44, 82, 8943, 1050, 715, P0, 0x0000000000000000
2026/09/18 22:40:44.735, 1, 79, 64.63, 95, 8943, 1189, 715, P0, 0x0000000000000000
2026/09/18 22:40:45.744, 0, 79, 114.07, 80, 8943, 1113, 715, P0, 0x0000000000000020
2026/09/18 22:40:45.751, 1, 79, 130.24, 96, 8943, 1126, 715, P0, 0x0000000000000020
2026/09/18 22:40:46.771, 0, 79, 109.34, 80, 8943, 1088, 715, P0, 0x0000000000000000
2026/09/18 22:40:46.774, 1, 79, 108.74, 96, 8943, 1189, 715, P0, 0x0000000000000020
2026/09/18 22:40:47.794, 0, 79, 119.83, 72, 8943, 1075, 715, P0, 0x0000000000000020
2026/09/18 22:40:47.799, 1, 79, 116.85, 91, 8943, 1075, 715, P0, 0x0000000000000020
2026/09/18 22:40:48.806, 0, 79, 113.34, 81, 8943, 1113, 715, P0, 0x0000000000000000
2026/09/18 22:40:48.812, 1, 79, 108.11, 96, 8943, 1189, 715, P0, 0x0000000000000000
2026/09/18 22:40:49.833, 0, 79, 106.34, 80, 8943, 974, 715, P0, 0x0000000000000020
2026/09/18 22:40:49.836, 1, 79, 105.28, 96, 8943, 1075, 715, P0, 0x0000000000000020
2026/09/18 22:40:50.842, 0, 79, 96.78, 64, 8943, 1126, 715, P0, 0x0000000000000000
2026/09/18 22:40:50.852, 1, 79, 117.68, 92, 8943, 1189, 715, P0, 0x0000000000000020
2026/09/18 22:40:51.873, 0, 79, 95.24, 82, 8943, 961, 715, P0, 0x0000000000000020
2026/09/18 22:40:51.876, 1, 79, 85.36, 95, 8943, 1113, 715, P0, 0x0000000000000000
2026/09/18 22:40:52.889, 0, 79, 115.15, 81, 8943, 1101, 715, P0, 0x0000000000000000
2026/09/18 22:40:52.895, 1, 79, 98.50, 96, 8943, 1189, 715, P0, 0x0000000000000000
2026/09/18 22:40:53.899, 0, 79, 113.44, 71, 8943, 1075, 715, P0, 0x0000000000000020
2026/09/18 22:40:53.902, 1, 79, 119.25, 97, 8943, 1088, 715, P0, 0x0000000000000020
2026/09/18 22:40:54.914, 0, 79, 97.21, 82, 8943, 1025, 715, P0, 0x0000000000000020
2026/09/18 22:40:54.917, 1, 79, 111.96, 95, 8943, 1189, 715, P0, 0x0000000000000020
2026/09/18 22:40:55.922, 0, 79, 109.14, 80, 8943, 1126, 715, P0, 0x0000000000000000
2026/09/18 22:40:55.925, 1, 79, 121.40, 95, 8943, 1202, 715, P0, 0x0000000000000020
2026/09/18 22:40:56.934, 0, 79, 99.45, 79, 8943, 961, 715, P0, 0x0000000000000020
2026/09/18 22:40:56.937, 1, 79, 102.00, 95, 8943, 1063, 715, P0, 0x0000000000000020
2026/09/18 22:40:57.943, 0, 79, 106.43, 82, 8943, 1101, 715, P0, 0x0000000000000000
2026/09/18 22:40:57.947, 1, 79, 106.34, 96, 8943, 1189, 715, P0, 0x0000000000000000
2026/09/18 22:40:58.957, 0, 79, 107.44, 82, 8943, 1050, 715, P0, 0x0000000000000020
2026/09/18 22:40:58.960, 1, 79, 119.51, 95, 8943, 1126, 715, P0, 0x0000000000000020
2026/09/18 22:40:59.972, 0, 79, 102.48, 79, 8943, 1113, 715, P0, 0x0000000000000000
2026/09/18 22:40:59.979, 1, 79, 109.13, 98, 8943, 1177, 715, P0, 0x0000000000000000
2026/09/18 22:41:00.984, 0, 79, 106.76, 82, 8943, 1164, 715, P0, 0x0000000000000000
2026/09/18 22:41:00.987, 1, 79, 115.94, 97, 8943, 1189, 715, P0, 0x0000000000000000
2026/09/18 22:41:02.002, 0, 79, 100.36, 79, 8943, 1012, 715, P0, 0x0000000000000020
2026/09/18 22:41:02.005, 1, 79, 90.40, 98, 8943, 1063, 715, P0, 0x0000000000000020
2026/09/18 22:41:03.014, 0, 79, 108.80, 82, 8943, 1189, 715, P0, 0x0000000000000000
2026/09/18 22:41:03.022, 1, 79, 118.72, 98, 8943, 1189, 715, P0, 0x0000000000000000
2026/09/18 22:41:04.041, 0, 79, 105.62, 82, 8943, 1025, 715, P0, 0x0000000000000020
2026/09/18 22:41:04.046, 1, 79, 102.46, 96, 8943, 1050, 715, P0, 0x0000000000000020
2026/09/18 22:41:05.053, 0, 79, 117.04, 79, 8943, 1113, 715, P0, 0x0000000000000000
2026/09/18 22:41:05.056, 1, 79, 106.79, 97, 8943, 1189, 715, P0, 0x0000000000000000
2026/09/18 22:41:06.067, 0, 79, 112.47, 82, 8943, 1113, 715, P0, 0x0000000000000020
2026/09/18 22:41:06.072, 1, 79, 111.58, 98, 8943, 1139, 715, P0, 0x0000000000000020
2026/09/18 22:41:07.076, 0, 79, 96.43, 82, 8943, 1037, 715, P0, 0x0000000000000000
2026/09/18 22:41:07.079, 1, 79, 102.93, 97, 8943, 1063, 715, P0, 0x0000000000000000
2026/09/18 22:41:08.086, 0, 79, 99.63, 79, 8943, 1151, 715, P0, 0x0000000000000000
2026/09/18 22:41:08.093, 1, 79, 93.00, 97, 8943, 1189, 715, P0, 0x0000000000000000
2026/09/18 22:41:09.112, 0, 79, 119.53, 79, 8943, 1189, 715, P0, 0x0000000000000000
2026/09/18 22:41:09.115, 1, 79, 119.80, 97, 8943, 1189, 715, P0, 0x0000000000000000
2026/09/18 22:41:10.126, 0, 79, 104.89, 84, 8943, 1075, 715, P0, 0x0000000000000000
2026/09/18 22:41:10.136, 1, 79, 88.75, 97, 8943, 1101, 715, P0, 0x0000000000000000
2026/09/18 22:41:11.140, 0, 79, 110.09, 82, 8943, 1126, 715, P0, 0x0000000000000000
2026/09/18 22:41:11.143, 1, 79, 101.15, 99, 8943, 1189, 715, P0, 0x0000000000000020
2026/09/18 22:41:12.151, 0, 79, 113.17, 82, 8943, 1189, 715, P0, 0x0000000000000000
2026/09/18 22:41:12.154, 1, 79, 116.42, 98, 8943, 1177, 715, P0, 0x0000000000000000
2026/09/18 22:41:13.176, 0, 79, 104.18, 79, 8943, 1012, 715, P0, 0x0000000000000020
2026/09/18 22:41:13.179, 1, 79, 102.94, 98, 8943, 1075, 715, P0, 0x0000000000000020
2026/09/18 22:41:14.186, 0, 79, 102.28, 82, 8943, 1139, 715, P0, 0x0000000000000000
2026/09/18 22:41:14.195, 1, 79, 105.91, 96, 8943, 1164, 715, P0, 0x0000000000000000
2026/09/18 22:41:15.205, 0, 79, 116.11, 82, 8943, 1151, 715, P0, 0x0000000000000020
2026/09/18 22:41:15.216, 1, 79, 109.49, 98, 8943, 1189, 715, P0, 0x0000000000000000
2026/09/18 22:41:16.231, 0, 79, 117.20, 82, 8943, 1037, 715, P0, 0x0000000000000020
2026/09/18 22:41:16.238, 1, 79, 114.29, 98, 8943, 1063, 715, P0, 0x0000000000000020
2026/09/18 22:41:17.260, 0, 79, 86.18, 82, 8943, 1050, 715, P0, 0x0000000000000000
2026/09/18 22:41:17.266, 1, 79, 106.46, 98, 8943, 1151, 715, P0, 0x0000000000000000
2026/09/18 22:41:18.273, 0, 79, 95.22, 79, 8943, 1126, 715, P0, 0x0000000000000000
2026/09/18 22:41:18.278, 1, 79, 113.41, 97, 8943, 1189, 715, P0, 0x0000000000000020
2026/09/18 22:41:19.298, 0, 79, 113.15, 82, 8943, 1113, 715, P0, 0x0000000000000020
2026/09/18 22:41:19.301, 1, 79, 120.62, 97, 8943, 1164, 715, P0, 0x0000000000000020
2026/09/18 22:41:20.314, 0, 79, 124.71, 84, 8943, 1075, 715, P0, 0x0000000000000020
2026/09/18 22:41:20.320, 1, 79, 119.14, 98, 8943, 1126, 715, P0, 0x0000000000000020
2026/09/18 22:41:21.339, 0, 79, 101.12, 84, 8943, 949, 715, P0, 0x0000000000000020
2026/09/18 22:41:21.344, 1, 79, 106.07, 93, 8943, 1063, 715, P0, 0x0000000000000020
2026/09/18 22:41:22.367, 0, 79, 93.12, 82, 8943, 923, 715, P0, 0x0000000000000020
2026/09/18 22:41:22.372, 1, 79, 66.26, 93, 8943, 1126, 715, P0, 0x0000000000000000
2026/09/18 22:41:23.384, 0, 79, 99.19, 79, 8943, 961, 715, P0, 0x0000000000000020
2026/09/18 22:41:23.388, 1, 79, 105.06, 94, 8943, 1075, 715, P0, 0x0000000000000020
2026/09/18 22:41:24.410, 0, 79, 104.53, 69, 8943, 923, 715, P0, 0x0000000000000020
2026/09/18 22:41:24.416, 1, 79, 91.13, 92, 8943, 1126, 715, P0, 0x0000000000000000
2026/09/18 22:41:25.421, 0, 79, 101.82, 84, 8943, 1101, 715, P0, 0x0000000000000000
2026/09/18 22:41:25.426, 1, 79, 102.01, 91, 8943, 1189, 715, P0, 0x0000000000000020
2026/09/18 22:41:26.437, 0, 79, 95.34, 79, 8943, 1037, 715, P0, 0x0000000000000000
2026/09/18 22:41:26.445, 1, 79, 114.74, 92, 8943, 1189, 715, P0, 0x0000000000000000
2026/09/18 22:41:27.464, 0, 79, 112.55, 35, 8943, 1139, 715, P0, 0x0000000000000020
2026/09/18 22:41:27.467, 1, 79, 146.32, 46, 8943, 1303, 715, P0, 0x0000000000000000
2026/09/18 22:41:28.478, 0, 79, 109.04, 87, 8943, 1075, 715, P0, 0x0000000000000020
2026/09/18 22:41:28.487, 1, 79, 131.22, 90, 8943, 1215, 715, P0, 0x0000000000000020
2026/09/18 22:41:29.501, 0, 79, 96.75, 82, 8943, 1113, 715, P0, 0x0000000000000000
2026/09/18 22:41:29.508, 1, 79, 125.83, 93, 8943, 1189, 715, P0, 0x0000000000000000
2026/09/18 22:41:30.516, 0, 79, 87.34, 79, 8943, 1025, 715, P0, 0x0000000000000020
2026/09/18 22:41:30.519, 1, 79, 109.09, 96, 8943, 1189, 715, P0, 0x0000000000000000
2026/09/18 22:41:31.530, 0, 79, 101.32, 79, 8943, 1037, 715, P0, 0x0000000000000020
2026/09/18 22:41:31.533, 1, 79, 104.64, 91, 8943, 1189, 715, P0, 0x0000000000000000
2026/09/18 22:41:32.543, 0, 79, 99.32, 69, 8943, 1012, 715, P0, 0x0000000000000000
2026/09/18 22:41:32.550, 1, 79, 99.90, 86, 8943, 1189, 715, P0, 0x0000000000000000
2026/09/18 22:41:33.556, 0, 79, 81.08, 84, 8943, 936, 715, P0, 0x0000000000000000
2026/09/18 22:41:33.559, 1, 79, 93.39, 91, 8943, 1189, 715, P0, 0x0000000000000000
2026/09/18 22:41:34.570, 0, 79, 107.68, 84, 8943, 1075, 715, P0, 0x0000000000000020
2026/09/18 22:41:34.573, 1, 79, 131.46, 81, 8943, 1240, 715, P0, 0x0000000000000020
2026/09/18 22:41:35.583, 0, 79, 107.14, 84, 8943, 1075, 715, P0, 0x0000000000000020
2026/09/18 22:41:35.589, 1, 79, 128.46, 81, 8943, 1227, 715, P0, 0x0000000000000000
2026/09/18 22:41:36.594, 0, 79, 115.17, 84, 8943, 1101, 715, P0, 0x0000000000000020
2026/09/18 22:41:36.597, 1, 79, 127.55, 81, 8943, 1227, 715, P0, 0x0000000000000020
2026/09/18 22:41:37.608, 0, 79, 111.67, 38, 8943, 1037, 715, P0, 0x0000000000000020
2026/09/18 22:41:37.611, 1, 79, 127.30, 84, 8943, 1101, 715, P0, 0x0000000000000020
2026/09/18 22:41:38.631, 0, 79, 107.04, 79, 8943, 961, 715, P0, 0x0000000000000020
2026/09/18 22:41:38.634, 1, 79, 113.36, 93, 8943, 1101, 715, P0, 0x0000000000000020
2026/09/18 22:41:39.644, 0, 79, 116.14, 87, 8943, 1063, 715, P0, 0x0000000000000020
2026/09/18 22:41:39.651, 1, 79, 128.43, 93, 8943, 1139, 715, P0, 0x0000000000000020
2026/09/18 22:41:40.670, 0, 79, 108.41, 86, 8943, 974, 715, P0, 0x0000000000000020
2026/09/18 22:41:40.673, 1, 79, 116.16, 93, 8943, 1075, 715, P0, 0x0000000000000020
2026/09/18 22:41:41.685, 0, 79, 127.07, 85, 8943, 1075, 715, P0, 0x0000000000000020
2026/09/18 22:41:41.691, 1, 79, 124.33, 94, 8943, 1126, 715, P0, 0x0000000000000020
2026/09/18 22:41:42.708, 0, 79, 117.36, 84, 8943, 1177, 715, P0, 0x0000000000000000
2026/09/18 22:41:42.712, 1, 79, 120.83, 95, 8943, 1189, 715, P0, 0x0000000000000000
2026/09/18 22:41:43.721, 0, 79, 114.96, 84, 8943, 1113, 715, P0, 0x0000000000000020
2026/09/18 22:41:43.732, 1, 79, 124.59, 94, 8943, 1139, 715, P0, 0x0000000000000020
2026/09/18 22:41:44.748, 0, 79, 115.96, 79, 8943, 1164, 715, P0, 0x0000000000000000
2026/09/18 22:41:44.752, 1, 79, 127.77, 98, 8943, 1189, 715, P0, 0x0000000000000000
2026/09/18 22:41:45.760, 0, 79, 106.83, 69, 8943, 1202, 715, P0, 0x0000000000000000
2026/09/18 22:41:45.770, 1, 79, 125.62, 97, 8943, 1189, 715, P0, 0x0000000000000000
2026/09/18 22:41:46.788, 0, 79, 120.45, 85, 8943, 1126, 715, P0, 0x0000000000000000
2026/09/18 22:41:46.796, 1, 79, 100.40, 94, 8943, 1151, 715, P0, 0x0000000000000020
2026/09/18 22:41:47.817, 0, 79, 115.74, 86, 8943, 1101, 715, P0, 0x0000000000000000
2026/09/18 22:41:47.820, 1, 79, 110.57, 92, 8943, 1189, 715, P0, 0x0000000000000020
2026/09/18 22:41:48.840, 0, 79, 111.71, 82, 8943, 1101, 715, P0, 0x0000000000000000
2026/09/18 22:41:48.843, 1, 79, 106.74, 94, 8943, 1189, 715, P0, 0x0000000000000020
2026/09/18 22:41:49.855, 0, 79, 92.93, 79, 8943, 1025, 715, P0, 0x0000000000000000
2026/09/18 22:41:49.860, 1, 79, 91.77, 98, 8943, 1189, 715, P0, 0x0000000000000000
2026/09/18 22:41:50.883, 0, 79, 102.74, 67, 8943, 1012, 715, P0, 0x0000000000000020
2026/09/18 22:41:50.886, 1, 79, 113.37, 92, 8943, 1101, 715, P0, 0x0000000000000020
2026/09/18 22:41:51.898, 0, 79, 109.36, 86, 8943, 999, 715, P0, 0x0000000000000020
2026/09/18 22:41:51.902, 1, 79, 116.15, 93, 8943, 1101, 715, P0, 0x0000000000000020
2026/09/18 22:41:52.912, 0, 79, 112.51, 84, 8943, 1177, 715, P0, 0x0000000000000000
2026/09/18 22:41:52.920, 1, 79, 117.33, 94, 8943, 1164, 715, P0, 0x0000000000000020
2026/09/18 22:41:53.929, 0, 79, 117.69, 79, 8943, 1126, 715, P0, 0x0000000000000020
2026/09/18 22:41:53.939, 1, 79, 102.59, 95, 8943, 1189, 715, P0, 0x0000000000000000
2026/09/18 22:41:54.949, 0, 79, 116.66, 82, 8943, 1126, 715, P0, 0x0000000000000000
2026/09/18 22:41:54.952, 1, 79, 105.30, 95, 8943, 1189, 715, P0, 0x0000000000000000
2026/09/18 22:41:55.973, 0, 79, 85.75, 85, 8943, 1025, 715, P0, 0x0000000000000000
2026/09/18 22:41:55.983, 1, 79, 90.08, 89, 8943, 1164, 715, P0, 0x0000000000000000
2026/09/18 22:41:56.996, 0, 79, 98.01, 79, 8943, 987, 715, P0, 0x0000000000000000
2026/09/18 22:41:57.004, 1, 79, 100.61, 95, 8943, 1088, 715, P0, 0x0000000000000000
2026/09/18 22:41:58.009, 0, 79, 119.27, 82, 8943, 1139, 715, P0, 0x0000000000000020
2026/09/18 22:41:58.012, 1, 79, 126.25, 98, 8943, 1139, 715, P0, 0x0000000000000020
2026/09/18 22:41:59.036, 0, 79, 119.04, 86, 8943, 1113, 715, P0, 0x0000000000000020
2026/09/18 22:41:59.046, 1, 79, 125.06, 93, 8943, 1189, 715, P0, 0x0000000000000020
2026/09/18 22:42:00.060, 0, 79, 103.91, 84, 8943, 1164, 715, P0, 0x0000000000000000
2026/09/18 22:42:00.066, 1, 79, 109.11, 94, 8943, 1240, 715, P0, 0x0000000000000000
2026/09/18 22:42:01.085, 0, 79, 85.04, 60, 8943, 1037, 715, P0, 0x0000000000000000
2026/09/18 22:42:01.088, 1, 79, 77.52, 96, 8943, 1164, 715, P0, 0x0000000000000000
2026/09/18 22:42:02.103, 0, 79, 103.92, 87, 8943, 1012, 715, P0, 0x0000000000000020
2026/09/18 22:42:02.107, 1, 79, 111.92, 94, 8943, 1088, 715, P0, 0x0000000000000020
2026/09/18 22:42:03.115, 0, 79, 104.30, 85, 8943, 1164, 715, P0, 0x0000000000000000
2026/09/18 22:42:03.118, 1, 79, 120.87, 94, 8943, 1252, 715, P0, 0x0000000000000020
2026/09/18 22:42:04.129, 0, 79, 114.82, 79, 8943, 1139, 715, P0, 0x0000000000000000
2026/09/18 22:42:04.132, 1, 79, 105.36, 94, 8943, 1189, 715, P0, 0x0000000000000000
2026/09/18 22:42:05.141, 0, 79, 93.35, 87, 8943, 1025, 715, P0, 0x0000000000000000
2026/09/18 22:42:05.154, 1, 79, 84.16, 93, 8943, 1189, 715, P0, 0x0000000000000000
2026/09/18 22:42:06.169, 0, 79, 116.95, 62, 8943, 1063, 715, P0, 0x0000000000000020
2026/09/18 22:42:06.173, 1, 79, 120.67, 88, 8943, 1101, 715, P0, 0x0000000000000020
2026/09/18 22:42:07.196, 0, 79, 107.81, 82, 8943, 1126, 715, P0, 0x0000000000000020
2026/09/18 22:42:07.198, 1, 79, 120.00, 95, 8943, 1189, 715, P0, 0x0000000000000000
2026/09/18 22:42:08.211, 0, 79, 96.68, 87, 8943, 1113, 715, P0, 0x0000000000000000
2026/09/18 22:42:08.214, 1, 79, 90.68, 94, 8943, 1189, 715, P0, 0x0000000000000000
2026/09/18 22:42:09.226, 0, 79, 98.73, 79, 8943, 999, 715, P0, 0x0000000000000020
2026/09/18 22:42:09.235, 1, 79, 93.21, 94, 8943, 1101, 715, P0, 0x0000000000000000
2026/09/18 22:42:10.254, 0, 79, 121.86, 87, 8943, 1177, 715, P0, 0x0000000000000020
2026/09/18 22:42:10.257, 1, 79, 124.08, 94, 8943, 1139, 715, P0, 0x0000000000000020
2026/09/18 22:42:11.282, 0, 79, 116.01, 87, 8943, 1189, 715, P0, 0x0000000000000000
2026/09/18 22:42:11.285, 1, 79, 107.69, 89, 8943, 1227, 715, P0, 0x0000000000000020
2026/09/18 22:42:12.296, 0, 79, 97.77, 80, 8943, 1012, 715, P0, 0x0000000000000020
2026/09/18 22:42:12.299, 1, 79, 92.02, 98, 8943, 1075, 715, P0, 0x0000000000000020
2026/09/18 22:42:13.304, 0, 79, 108.55, 88, 8943, 1189, 715, P0, 0x0000000000000000
2026/09/18 22:42:13.304, 1, 79, 113.46, 95, 8943, 1202, 715, P0, 0x0000000000000000
2026/09/18 22:42:14.316, 0, 79, 103.18, 79, 8943, 1126, 715, P0, 0x0000000000000020
2026/09/18 22:42:14.319, 1, 79, 113.47, 95, 8943, 1189, 715, P0, 0x0000000000000000
2026/09/18 22:42:15.330, 0, 79, 103.76, 89, 8943, 999, 715, P0, 0x0000000000000020
2026/09/18 22:42:15.339, 1, 79, 107.68, 95, 8943, 1075, 715, P0, 0x0000000000000020
2026/09/18 22:42:16.356, 0, 79, 117.63, 84, 8943, 1139, 715, P0, 0x0000000000000020
2026/09/18 22:42:16.359, 1, 79, 122.99, 94, 8943, 1189, 715, P0, 0x0000000000000000
2026/09/18 22:42:17.369, 0, 79, 95.03, 87, 8943, 1050, 715, P0, 0x0000000000000000
2026/09/18 22:42:17.380, 1, 79, 98.31, 94, 8943, 1164, 715, P0, 0x0000000000000000
2026/09/18 22:42:18.396, 0, 79, 123.48, 58, 8943, 1075, 715, P0, 0x0000000000000020
2026/09/18 22:42:18.402, 1, 79, 129.11, 88, 8943, 1126, 715, P0, 0x0000000000000020
2026/09/18 22:42:19.410, 0, 79, 112.93, 90, 8943, 1126, 715, P0, 0x0000000000000020
2026/09/18 22:42:19.418, 1, 79, 100.09, 97, 8943, 1139, 715, P0, 0x0000000000000020
2026/09/18 22:42:20.437, 0, 79, 102.56, 79, 8943, 1012, 715, P0, 0x0000000000000020
2026/09/18 22:42:20.440, 1, 79, 106.55, 95, 8943, 1075, 715, P0, 0x0000000000000020
2026/09/18 22:42:21.453, 0, 79, 118.08, 88, 8943, 1101, 715, P0, 0x0000000000000020
2026/09/18 22:42:21.463, 1, 79, 126.99, 98, 8943, 1126, 715, P0, 0x0000000000000020
2026/09/18 22:42:22.481, 0, 79, 86.99, 79, 8943, 1050, 715, P0, 0x0000000000000000
2026/09/18 22:42:22.487, 1, 79, 108.40, 95, 8943, 1215, 715, P0, 0x0000000000000020
2026/09/18 22:42:23.507, 0, 79, 103.69, 87, 8943, 999, 715, P0, 0x0000000000000020
2026/09/18 22:42:23.510, 1, 79, 108.63, 95, 8943, 1075, 715, P0, 0x0000000000000020
2026/09/18 22:42:24.521, 0, 79, 92.54, 79, 8943, 1151, 715, P0, 0x0000000000000000
2026/09/18 22:42:24.525, 1, 79, 114.60, 94, 8943, 1252, 715, P0, 0x0000000000000000
2026/09/18 22:42:25.530, 0, 79, 104.42, 72, 8943, 1012, 715, P0, 0x0000000000000020
2026/09/18 22:42:25.544, 1, 79, 108.40, 92, 8943, 1075, 715, P0, 0x0000000000000020
2026/09/18 22:42:26.556, 0, 79, 104.90, 79, 8943, 1151, 715, P0, 0x0000000000000000
2026/09/18 22:42:26.563, 1, 79, 132.35, 95, 8943, 1202, 715, P0, 0x0000000000000000
2026/09/18 22:42:27.568, 0, 79, 102.08, 89, 8943, 974, 715, P0, 0x0000000000000020
2026/09/18 22:42:27.571, 1, 79, 107.68, 95, 8943, 1075, 715, P0, 0x0000000000000020
2026/09/18 22:42:28.581, 0, 79, 109.62, 80, 8943, 1164, 715, P0, 0x0000000000000000
2026/09/18 22:42:28.584, 1, 79, 105.06, 95, 8943, 1215, 715, P0, 0x0000000000000000
2026/09/18 22:42:29.594, 0, 79, 100.89, 82, 8943, 999, 715, P0, 0x0000000000000000
2026/09/18 22:42:29.606, 1, 79, 102.96, 94, 8943, 1075, 715, P0, 0x0000000000000020
2026/09/18 22:42:30.623, 0, 79, 115.22, 83, 8943, 1126, 715, P0, 0x0000000000000020
2026/09/18 22:42:30.626, 1, 79, 120.73, 95, 8943, 1215, 715, P0, 0x0000000000000000
2026/09/18 22:42:31.638, 0, 79, 94.72, 80, 8943, 1012, 715, P0, 0x0000000000000000
2026/09/18 22:42:31.647, 1, 79, 74.65, 95, 8943, 1101, 715, P0, 0x0000000000000000
2026/09/18 22:42:32.651, 0, 79, 111.73, 73, 8943, 1189, 715, P0, 0x0000000000000020
2026/09/18 22:42:32.654, 1, 79, 116.28, 95, 8943, 1189, 715, P0, 0x0000000000000000
2026/09/18 22:42:33.662, 0, 79, 98.00, 79, 8943, 1012, 715, P0, 0x0000000000000000
2026/09/18 22:42:33.670, 1, 79, 95.57, 94, 8943, 1088, 715, P0, 0x0000000000000020
2026/09/18 22:42:34.675, 0, 79, 108.31, 89, 8943, 1151, 715, P0, 0x0000000000000000
2026/09/18 22:42:34.678, 1, 79, 127.91, 95, 8943, 1189, 715, P0, 0x0000000000000000
2026/09/18 22:42:35.685, 0, 79, 100.58, 79, 8943, 987, 715, P0, 0x0000000000000000
2026/09/18 22:42:35.694, 1, 79, 107.20, 95, 8943, 1075, 715, P0, 0x0000000000000020
2026/09/18 22:42:36.701, 0, 79, 102.66, 82, 8943, 1088, 715, P0, 0x0000000000000000
2026/09/18 22:42:36.704, 1, 79, 101.55, 94, 8943, 1189, 715, P0, 0x0000000000000000
2026/09/18 22:42:37.721, 0, 79, 102.98, 87, 8943, 987, 715, P0, 0x0000000000000020
2026/09/18 22:42:37.723, 1, 79, 108.87, 97, 8943, 1075, 715, P0, 0x0000000000000020
2026/09/18 22:42:38.741, 0, 79, 82.52, 79, 8943, 1050, 715, P0, 0x0000000000000000
2026/09/18 22:42:38.746, 1, 79, 113.52, 96, 8943, 1189, 715, P0, 0x0000000000000000
2026/09/18 22:42:39.766, 0, 79, 103.44, 90, 8943, 987, 715, P0, 0x0000000000000020
2026/09/18 22:42:39.777, 1, 79, 114.56, 93, 8943, 1088, 715, P0, 0x0000000000000020
2026/09/18 22:42:40.792, 0, 79, 99.14, 90, 8943, 1063, 715, P0, 0x0000000000000000
2026/09/18 22:42:40.795, 1, 79, 102.37, 98, 8943, 1164, 715, P0, 0x0000000000000000
2026/09/18 22:42:41.801, 0, 79, 109.38, 60, 8943, 1151, 715, P0, 0x0000000000000020
2026/09/18 22:42:41.804, 1, 79, 135.79, 88, 8943, 1215, 715, P0, 0x0000000000000020
2026/09/18 22:42:42.832, 0, 79, 81.90, 84, 8943, 1025, 715, P0, 0x0000000000000000
2026/09/18 22:42:42.839, 1, 79, 85.58, 93, 8943, 1101, 715, P0, 0x0000000000000000
2026/09/18 22:42:43.844, 0, 79, 111.31, 90, 8943, 1139, 715, P0, 0x0000000000000000
2026/09/18 22:42:43.847, 1, 79, 128.36, 98, 8943, 1189, 715, P0, 0x0000000000000000
2026/09/18 22:42:44.855, 0, 79, 103.70, 79, 8943, 974, 715, P0, 0x0000000000000020
2026/09/18 22:42:44.858, 1, 79, 108.64, 95, 8943, 1075, 715, P0, 0x0000000000000020
2026/09/18 22:42:45.869, 0, 79, 110.86, 82, 8943, 1075, 715, P0, 0x0000000000000000
2026/09/18 22:42:45.877, 1, 79, 91.35, 93, 8943, 1189, 715, P0, 0x0000000000000000
2026/09/18 22:42:46.895, 0, 79, 120.97, 89, 8943, 1075, 715, P0, 0x0000000000000020
2026/09/18 22:42:46.898, 1, 79, 118.26, 96, 8943, 1139, 715, P0, 0x0000000000000020
2026/09/18 22:42:47.910, 0, 79, 103.24, 79, 8943, 999, 715, P0, 0x0000000000000020
2026/09/18 22:42:47.917, 1, 79, 103.18, 95, 8943, 1075, 715, P0, 0x0000000000000020
2026/09/18 22:42:48.925, 0, 79, 108.62, 87, 8943, 1177, 715, P0, 0x0000000000000000
2026/09/18 22:42:48.928, 1, 79, 117.71, 94, 8943, 1189, 715, P0, 0x0000000000000000
2026/09/18 22:42:49.938, 0, 79, 121.16, 91, 8943, 1075, 715, P0, 0x0000000000000020
2026/09/18 22:42:49.940, 1, 79, 124.10, 98, 8943, 1113, 715, P0, 0x0000000000000020
2026/09/18 22:42:50.952, 0, 79, 92.86, 79, 8943, 1050, 715, P0, 0x0000000000000000
2026/09/18 22:42:50.961, 1, 79, 75.89, 95, 8943, 1139, 715, P0, 0x0000000000000000
2026/09/18 22:42:51.980, 0, 79, 112.03, 79, 8943, 1139, 715, P0, 0x0000000000000020
2026/09/18 22:42:51.983, 1, 79, 103.45, 94, 8943, 1227, 715, P0, 0x0000000000000000
2026/09/18 22:42:52.990, 0, 79, 114.10, 90, 8943, 1101, 715, P0, 0x0000000000000020
2026/09/18 22:42:52.993, 1, 79, 118.29, 86, 8943, 1113, 715, P0, 0x0000000000000020
2026/09/18 22:42:54.019, 0, 79, 97.01, 89, 8943, 1063, 715, P0, 0x0000000000000000
2026/09/18 22:42:54.025, 1, 79, 107.58, 98, 8943, 1189, 715, P0, 0x0000000000000000
2026/09/18 22:42:55.031, 0, 79, 125.30, 89, 8943, 1164, 715, P0, 0x0000000000000000
2026/09/18 22:42:55.033, 1, 79, 109.01, 95, 8943, 1189, 715, P0, 0x0000000000000000
2026/09/18 22:42:56.046, 0, 79, 107.46, 79, 8943, 1012, 715, P0, 0x0000000000000020
2026/09/18 22:42:56.049, 1, 79, 111.67, 94, 8943, 1075, 715, P0, 0x0000000000000020
2026/09/18 22:42:57.060, 0, 79, 98.07, 81, 8943, 1012, 715, P0, 0x0000000000000000
2026/09/18 22:42:57.066, 1, 79, 100.57, 95, 8943, 1101, 715, P0, 0x0000000000000000
2026/09/18 22:42:58.072, 0, 79, 116.33, 90, 8943, 1139, 715, P0, 0x0000000000000020
2026/09/18 22:42:58.075, 1, 79, 103.38, 98, 8943, 1189, 715, P0, 0x0000000000000000
2026/09/18 22:42:59.087, 0, 79, 115.77, 89, 8943, 1151, 715, P0, 0x0000000000000000
2026/09/18 22:42:59.091, 1, 79, 120.12, 95, 8943, 1189, 715, P0, 0x0000000000000000
2026/09/18 22:43:00.099, 0, 79, 102.26, 79, 8943, 1012, 715, P0, 0x0000000000000020
2026/09/18 22:43:00.106, 1, 79, 102.24, 94, 8943, 1075, 715, P0, 0x0000000000000000
2026/09/18 22:43:01.114, 0, 79, 108.04, 79, 8943, 1037, 715, P0, 0x0000000000000000
2026/09/18 22:43:01.117, 1, 79, 97.64, 93, 8943, 1189, 715, P0, 0x0000000000000000
2026/09/18 22:43:02.126, 0, 79, 112.68, 91, 8943, 1164, 715, P0, 0x0000000000000000
2026/09/18 22:43:02.129, 1, 79, 109.86, 98, 8943, 1151, 715, P0, 0x0000000000000020
2026/09/18 22:43:03.140, 0, 79, 113.61, 91, 8943, 1050, 715, P0, 0x0000000000000020
2026/09/18 22:43:03.149, 1, 79, 117.09, 95, 8943, 1075, 715, P0, 0x0000000000000020
2026/09/18 22:43:04.173, 0, 79, 112.01, 79, 8943, 1037, 715, P0, 0x0000000000000000
2026/09/18 22:43:04.176, 1, 79, 95.90, 95, 8943, 1139, 715, P0, 0x0000000000000000
2026/09/18 22:43:05.197, 0, 79, 92.93, 79, 8943, 1113, 715, P0, 0x0000000000000000
2026/09/18 22:43:05.208, 1, 79, 129.68, 94, 8943, 1202, 715, P0, 0x0000000000000020
2026/09/18 22:43:06.225, 0, 79, 115.47, 58, 8943, 1113, 715, P0, 0x0000000000000020
2026/09/18 22:43:06.229, 1, 79, 120.60, 88, 8943, 1202, 715, P0, 0x0000000000000020
2026/09/18 22:43:07.242, 0, 79, 102.99, 79, 8943, 999, 715, P0, 0x0000000000000020
2026/09/18 22:43:07.249, 1, 79, 107.92, 93, 8943, 1075, 715, P0, 0x0000000000000020
2026/09/18 22:43:08.262, 0, 79, 90.28, 84, 8943, 1037, 715, P0, 0x0000000000000000
2026/09/18 22:43:08.270, 1, 79, 78.94, 97, 8943, 1101, 715, P0, 0x0000000000000000
2026/09/18 22:43:09.278, 0, 79, 104.66, 92, 8943, 1126, 715, P0, 0x0000000000000020
2026/09/18 22:43:09.281, 1, 79, 106.86, 96, 8943, 1189, 715, P0, 0x0000000000000020
2026/09/18 22:43:10.290, 0, 79, 105.94, 92, 8943, 1126, 715, P0, 0x0000000000000000
2026/09/18 22:43:10.293, 1, 79, 98.01, 95, 8943, 1189, 715, P0, 0x0000000000000000
2026/09/18 22:43:11.304, 0, 79, 104.18, 80, 8943, 974, 715, P0, 0x0000000000000020
2026/09/18 22:43:11.313, 1, 79, 107.68, 95, 8943, 1075, 715, P0, 0x0000000000000020
2026/09/18 22:43:12.319, 0, 79, 101.61, 79, 8943, 987, 715, P0, 0x0000000000000000
2026/09/18 22:43:12.323, 1, 79, 101.28, 94, 8943, 1075, 715, P0, 0x0000000000000020
2026/09/18 22:43:13.346, 0, 79, 103.94, 82, 8943, 1126, 715, P0, 0x0000000000000000
2026/09/18 22:43:13.355, 1, 79, 99.43, 93, 8943, 1189, 715, P0, 0x0000000000000000
2026/09/18 22:43:14.361, 0, 79, 124.03, 84, 8943, 1139, 715, P0, 0x0000000000000000
2026/09/18 22:43:14.363, 1, 79, 115.84, 97, 8943, 1189, 715, P0, 0x0000000000000000
2026/09/18 22:43:15.376, 0, 79, 120.22, 92, 8943, 1063, 715, P0, 0x0000000000000020
2026/09/18 22:43:15.380, 1, 79, 122.74, 97, 8943, 1126, 715, P0, 0x0000000000000020
2026/09/18 22:43:16.388, 0, 79, 109.14, 92, 8943, 987, 715, P0, 0x0000000000000020
2026/09/18 22:43:16.398, 1, 79, 112.64, 97, 8943, 1075, 715, P0, 0x0000000000000020
2026/09/18 22:43:17.418, 0, 79, 81.91, 85, 8943, 1025, 715, P0, 0x0000000000000000
2026/09/18 22:43:17.422, 1, 79, 72.24, 99, 8943, 1126, 715, P0, 0x0000000000000000
2026/09/18 22:43:18.427, 0, 79, 105.88, 92, 8943, 1075, 715, P0, 0x0000000000000000
2026/09/18 22:43:18.440, 1, 79, 104.33, 99, 8943, 1189, 715, P0, 0x0000000000000000
2026/09/18 22:43:19.454, 0, 79, 108.96, 88, 8943, 1164, 715, P0, 0x0000000000000000
2026/09/18 22:43:19.457, 1, 79, 106.14, 94, 8943, 1227, 715, P0, 0x0000000000000000
2026/09/18 22:43:20.467, 0, 79, 123.77, 88, 8943, 1151, 715, P0, 0x0000000000000000
2026/09/18 22:43:20.478, 1, 79, 105.12, 94, 8943, 1215, 715, P0, 0x0000000000000000
2026/09/18 22:43:21.490, 0, 79, 103.92, 79, 8943, 1012, 715, P0, 0x0000000000000020
2026/09/18 22:43:21.497, 1, 79, 110.97, 93, 8943, 1075, 715, P0, 0x0000000000000020
2026/09/18 22:43:22.502, 0, 79, 106.57, 80, 8943, 987, 715, P0, 0x0000000000000020
2026/09/18 22:43:22.505, 1, 79, 109.60, 94, 8943, 1075, 715, P0, 0x0000000000000020
2026/09/18 22:43:23.517, 0, 79, 99.45, 79, 8943, 999, 715, P0, 0x0000000000000020
2026/09/18 22:43:23.520, 1, 79, 100.33, 93, 8943, 1075, 715, P0, 0x0000000000000020
2026/09/18 22:43:24.530, 0, 79, 95.93, 79, 8943, 1025, 715, P0, 0x0000000000000000
2026/09/18 22:43:24.543, 1, 79, 73.92, 93, 8943, 1101, 715, P0, 0x0000000000000000
2026/09/18 22:43:25.554, 0, 79, 51.66, 83, 8943, 1189, 715, P0, 0x0000000000000000
2026/09/18 22:43:25.558, 1, 79, 53.09, 97, 8943, 1189, 715, P0, 0x0000000000000000
2026/09/18 22:43:26.563, 0, 79, 114.91, 82, 8943, 1126, 715, P0, 0x0000000000000000
2026/09/18 22:43:26.566, 1, 79, 105.78, 97, 8943, 1189, 715, P0, 0x0000000000000000
2026/09/18 22:43:27.575, 0, 79, 113.75, 89, 8943, 1189, 715, P0, 0x0000000000000000
2026/09/18 22:43:27.580, 1, 79, 97.37, 98, 8943, 1189, 715, P0, 0x0000000000000000
2026/09/18 22:43:28.587, 0, 79, 95.47, 87, 8943, 1139, 715, P0, 0x0000000000000020
2026/09/18 22:43:28.591, 1, 79, 109.01, 99, 8943, 1189, 715, P0, 0x0000000000000000
2026/09/18 22:43:29.610, 0, 79, 129.08, 92, 8943, 1189, 715, P0, 0x0000000000000000
2026/09/18 22:43:29.613, 1, 79, 107.28, 96, 8943, 1139, 715, P0, 0x0000000000000020
2026/09/18 22:43:30.640, 0, 79, 111.05, 79, 8943, 974, 715, P0, 0x0000000000000020
2026/09/18 22:43:30.648, 1, 79, 112.39, 94, 8943, 1075, 715, P0, 0x0000000000000020
2026/09/18 22:43:31.667, 0, 79, 106.09, 58, 8943, 987, 715, P0, 0x0000000000000020
2026/09/18 22:43:31.670, 1, 79, 111.93, 90, 8943, 1075, 715, P0, 0x0000000000000020
2026/09/18 22:43:32.680, 0, 79, 103.23, 79, 8943, 1012, 715, P0, 0x0000000000000020
2026/09/18 22:43:32.685, 1, 79, 106.72, 97, 8943, 1075, 715, P0, 0x0000000000000020
2026/09/18 22:43:33.692, 0, 79, 102.33, 61, 8943, 1012, 715, P0, 0x0000000000000020
2026/09/18 22:43:33.695, 1, 79, 106.55, 95, 8943, 1075, 715, P0, 0x0000000000000020
2026/09/18 22:43:34.709, 0, 79, 97.93, 82, 8943, 1025, 715, P0, 0x0000000000000000
2026/09/18 22:43:34.712, 1, 79, 71.53, 98, 8943, 1101, 715, P0, 0x0000000000000000
2026/09/18 22:43:35.720, 0, 79, 98.25, 66, 8943, 1012, 715, P0, 0x0000000000000020
2026/09/18 22:43:35.728, 1, 79, 99.17, 96, 8943, 1101, 715, P0, 0x0000000000000000
2026/09/18 22:43:36.735, 0, 79, 94.97, 83, 8943, 1088, 715, P0, 0x0000000000000000
2026/09/18 22:43:36.738, 1, 79, 99.71, 98, 8943, 1189, 715, P0, 0x0000000000000000
2026/09/18 22:43:37.765, 0, 79, 95.44, 66, 8943, 1063, 715, P0, 0x0000000000000000
2026/09/18 22:43:37.770, 1, 79, 112.17, 96, 8943, 1189, 715, P0, 0x0000000000000000
2026/09/18 22:43:38.779, 0, 79, 93.97, 82, 8943, 1151, 715, P0, 0x0000000000000000
2026/09/18 22:43:38.789, 1, 79, 110.93, 98, 8943, 1189, 715, P0, 0x0000000000000000
2026/09/18 22:43:39.803, 0, 79, 102.75, 64, 8943, 1101, 715, P0, 0x0000000000000020
2026/09/18 22:43:39.809, 1, 79, 113.04, 96, 8943, 1189, 715, P0, 0x0000000000000000
2026/09/18 22:43:40.818, 0, 79, 103.58, 82, 8943, 1177, 715, P0, 0x0000000000000000
2026/09/18 22:43:40.829, 1, 79, 128.56, 98, 8943, 1189, 715, P0, 0x0000000000000000
2026/09/18 22:43:41.846, 0, 79, 110.49, 86, 8943, 1113, 715, P0, 0x0000000000000020
2026/09/18 22:43:41.851, 1, 79, 108.45, 94, 8943, 1240, 715, P0, 0x0000000000000000
2026/09/18 22:43:42.861, 0, 79, 118.87, 82, 8943, 1164, 715, P0, 0x0000000000000020
2026/09/18 22:43:42.869, 1, 79, 127.59, 93, 8943, 1151, 715, P0, 0x0000000000000020
2026/09/18 22:43:43.887, 0, 79, 117.69, 88, 8943, 1151, 715, P0, 0x0000000000000000
2026/09/18 22:43:43.890, 1, 79, 104.17, 94, 8943, 1189, 715, P0, 0x0000000000000020
2026/09/18 22:43:44.902, 0, 79, 126.14, 86, 8943, 1075, 715, P0, 0x0000000000000020
2026/09/18 22:43:44.911, 1, 79, 120.33, 93, 8943, 1139, 715, P0, 0x0000000000000020
2026/09/18 22:43:45.915, 0, 79, 106.43, 92, 8943, 1177, 715, P0, 0x0000000000000000
2026/09/18 22:43:45.919, 1, 79, 111.72, 95, 8943, 1189, 715, P0, 0x0000000000000000
2026/09/18 22:43:46.926, 0, 79, 116.24, 89, 8943, 1075, 715, P0, 0x0000000000000020
2026/09/18 22:43:46.932, 1, 79, 120.61, 94, 8943, 1139, 715, P0, 0x0000000000000020
2026/09/18 22:43:47.945, 0, 79, 100.85, 95, 8943, 1101, 715, P0, 0x0000000000000020
2026/09/18 22:43:47.953, 1, 79, 114.82, 94, 8943, 1189, 715, P0, 0x0000000000000000
2026/09/18 22:43:48.958, 0, 79, 111.22, 95, 8943, 1113, 715, P0, 0x0000000000000000
2026/09/18 22:43:48.961, 1, 79, 124.20, 93, 8943, 1139, 715, P0, 0x0000000000000020
2026/09/18 22:43:49.983, 0, 79, 111.01, 92, 8943, 1113, 715, P0, 0x0000000000000020
2026/09/18 22:43:49.993, 1, 79, 115.59, 96, 8943, 1139, 715, P0, 0x0000000000000020
2026/09/18 22:43:51.010, 0, 79, 121.18, 94, 8943, 1075, 715, P0, 0x0000000000000020
2026/09/18 22:43:51.013, 1, 79, 122.50, 95, 8943, 1126, 715, P0, 0x0000000000000020
2026/09/18 22:43:52.025, 0, 79, 104.83, 86, 8943, 1139, 715, P0, 0x0000000000000000
2026/09/18 22:43:52.035, 1, 79, 117.77, 99, 8943, 1189, 715, P0, 0x0000000000000020
2026/09/18 22:43:53.039, 0, 79, 121.67, 87, 8943, 1177, 715, P0, 0x0000000000000000
2026/09/18 22:43:53.042, 1, 79, 124.15, 99, 8943, 1189, 715, P0, 0x0000000000000000
2026/09/18 22:43:54.053, 0, 79, 101.60, 84, 8943, 1189, 715, P0, 0x0000000000000000
2026/09/18 22:43:54.056, 1, 79, 97.62, 96, 8943, 1189, 715, P0, 0x0000000000000000
2026/09/18 22:43:55.064, 0, 79, 128.92, 84, 8943, 1177, 715, P0, 0x0000000000000000
2026/09/18 22:43:55.067, 1, 79, 120.14, 97, 8943, 1189, 715, P0, 0x0000000000000000
2026/09/18 22:43:56.074, 0, 79, 102.63, 92, 8943, 1139, 715, P0, 0x0000000000000000
2026/09/18 22:43:56.077, 1, 79, 99.78, 94, 8943, 1240, 715, P0, 0x0000000000000020
2026/09/18 22:43:57.099, 0, 79, 108.22, 92, 8943, 1151, 715, P0, 0x0000000000000000
2026/09/18 22:43:57.103, 1, 79, 122.89, 94, 8943, 1202, 715, P0, 0x0000000000000000
2026/09/18 22:43:58.113, 0, 79, 103.56, 92, 8943, 1126, 715, P0, 0x0000000000000000
2026/09/18 22:43:58.117, 1, 79, 123.32, 95, 8943, 1215, 715, P0, 0x0000000000000020
2026/09/18 22:43:59.129, 0, 79, 101.96, 92, 8943, 1151, 715, P0, 0x0000000000000000
2026/09/18 22:43:59.138, 1, 79, 94.21, 95, 8943, 1189, 715, P0, 0x0000000000000020
2026/09/18 22:44:00.154, 0, 79, 103.06, 77, 8943, 1088, 715, P0, 0x0000000000000000
2026/09/18 22:44:00.160, 1, 79, 93.26, 99, 8943, 1189, 715, P0, 0x0000000000000000
2026/09/18 22:44:01.167, 0, 79, 90.22, 82, 8943, 1063, 715, P0, 0x0000000000000000
2026/09/18 22:44:01.171, 1, 79, 100.84, 97, 8943, 1177, 715, P0, 0x0000000000000000
2026/09/18 22:44:02.182, 0, 79, 101.85, 53, 8943, 1012, 715, P0, 0x0000000000000000
2026/09/18 22:44:02.184, 1, 79, 104.63, 91, 8943, 1075, 715, P0, 0x0000000000000020
2026/09/18 22:44:03.196, 0, 79, 100.89, 79, 8943, 1012, 715, P0, 0x0000000000000020
2026/09/18 22:44:03.200, 1, 79, 100.07, 94, 8943, 1088, 715, P0, 0x0000000000000000
2026/09/18 22:44:04.223, 0, 79, 101.61, 64, 8943, 1012, 715, P0, 0x0000000000000000
2026/09/18 22:44:04.226, 1, 79, 106.31, 85, 8943, 1075, 715, P0, 0x0000000000000020
2026/09/18 22:44:05.234, 0, 79, 102.50, 92, 8943, 1012, 715, P0, 0x0000000000000020
2026/09/18 22:44:05.241, 1, 79, 106.72, 94, 8943, 1075, 715, P0, 0x0000000000000020
2026/09/18 22:44:06.261, 0, 79, 108.48, 59, 8943, 1012, 715, P0, 0x0000000000000020
2026/09/18 22:44:06.264, 1, 79, 115.99, 90, 8943, 1075, 715, P0, 0x0000000000000020
2026/09/18 22:44:07.278, 0, 79, 109.85, 79, 8943, 987, 715, P0, 0x0000000000000020
2026/09/18 22:44:07.283, 1, 79, 114.31, 94, 8943, 1075, 715, P0, 0x0000000000000020
2026/09/18 22:44:08.305, 0, 79, 126.85, 60, 8943, 1202, 715, P0, 0x0000000000000020
2026/09/18 22:44:08.308, 1, 79, 126.71, 86, 8943, 1227, 715, P0, 0x0000000000000020
2026/09/18 22:44:09.321, 0, 79, 127.55, 84, 8943, 1101, 715, P0, 0x0000000000000020
2026/09/18 22:44:09.324, 1, 79, 127.20, 97, 8943, 1113, 715, P0, 0x0000000000000020
2026/09/18 22:44:10.331, 0, 79, 114.82, 66, 8943, 1164, 715, P0, 0x0000000000000020
2026/09/18 22:44:10.342, 1, 79, 118.95, 87, 8943, 1202, 715, P0, 0x0000000000000000
2026/09/18 22:44:11.347, 0, 79, 110.91, 92, 8943, 1139, 715, P0, 0x0000000000000020
2026/09/18 22:44:11.349, 1, 79, 117.27, 94, 8943, 1189, 715, P0, 0x0000000000000000
2026/09/18 22:44:12.356, 0, 79, 126.70, 91, 8943, 1189, 715, P0, 0x0000000000000000
2026/09/18 22:44:12.361, 1, 79, 111.69, 92, 8943, 1189, 715, P0, 0x0000000000000020
2026/09/18 22:44:13.385, 0, 79, 111.24, 92, 8943, 1189, 715, P0, 0x0000000000000000
2026/09/18 22:44:13.388, 1, 79, 122.97, 97, 8943, 1189, 715, P0, 0x0000000000000000
2026/09/18 22:44:14.393, 0, 79, 107.98, 92, 8943, 1189, 715, P0, 0x0000000000000000
2026/09/18 22:44:14.399, 1, 79, 119.49, 97, 8943, 1189, 715, P0, 0x0000000000000000
2026/09/18 22:44:15.405, 0, 79, 126.11, 81, 8943, 1151, 715, P0, 0x0000000000000000
2026/09/18 22:44:15.409, 1, 79, 110.65, 99, 8943, 1189, 715, P0, 0x0000000000000020
2026/09/18 22:44:16.416, 0, 79, 53.83, 80, 8943, 1189, 715, P0, 0x0000000000000000
2026/09/18 22:44:16.419, 1, 79, 54.06, 99, 8943, 1189, 715, P0, 0x0000000000000000
2026/09/18 22:44:17.427, 0, 79, 100.65, 79, 8943, 1063, 715, P0, 0x0000000000000000
2026/09/18 22:44:17.430, 1, 79, 85.58, 95, 8943, 1101, 715, P0, 0x0000000000000000
2026/09/18 22:44:18.442, 0, 79, 86.19, 79, 8943, 1075, 715, P0, 0x0000000000000000
2026/09/18 22:44:18.448, 1, 79, 107.65, 96, 8943, 1113, 715, P0, 0x0000000000000000
2026/09/18 22:44:19.459, 0, 79, 106.03, 87, 8943, 1050, 715, P0, 0x0000000000000000
2026/09/18 22:44:19.469, 1, 79, 111.20, 97, 8943, 1088, 715, P0, 0x0000000000000020
2026/09/18 22:44:20.486, 0, 79, 104.91, 87, 8943, 1037, 715, P0, 0x0000000000000020
2026/09/18 22:44:20.489, 1, 79, 106.47, 97, 8943, 1075, 715, P0, 0x0000000000000020
2026/09/18 22:44:21.499, 0, 79, 108.66, 79, 8943, 1025, 715, P0, 0x0000000000000020
2026/09/18 22:44:21.512, 1, 79, 111.44, 98, 8943, 1075, 715, P0, 0x0000000000000020
2026/09/18 22:44:22.524, 0, 79, 109.15, 79, 8943, 1025, 715, P0, 0x0000000000000020
2026/09/18 22:44:22.531, 1, 79, 108.15, 97, 8943, 1075, 715, P0, 0x0000000000000020
2026/09/18 22:44:23.537, 0, 79, 116.01, 89, 8943, 1164, 715, P0, 0x0000000000000020
2026/09/18 22:44:23.540, 1, 79, 118.50, 96, 8943, 1164, 715, P0, 0x0000000000000020
2026/09/18 22:44:24.553, 0, 79, 114.12, 92, 8943, 1164, 715, P0, 0x0000000000000020
2026/09/18 22:44:24.556, 1, 79, 125.48, 95, 8943, 1252, 715, P0, 0x0000000000000020
2026/09/18 22:44:25.565, 0, 79, 99.72, 90, 8943, 1113, 715, P0, 0x0000000000000020
2026/09/18 22:44:25.571, 1, 79, 116.47, 97, 8943, 1189, 715, P0, 0x0000000000000000
2026/09/18 22:44:26.589, 0, 79, 103.19, 87, 8943, 1164, 715, P0, 0x0000000000000020
2026/09/18 22:44:26.592, 1, 79, 116.64, 100, 8943, 1189, 715, P0, 0x0000000000000000
2026/09/18 22:44:27.598, 0, 79, 101.13, 79, 8943, 1037, 715, P0, 0x0000000000000020
2026/09/18 22:44:27.602, 1, 79, 104.87, 99, 8943, 1101, 715, P0, 0x0000000000000000
2026/09/18 22:44:28.612, 0, 79, 106.58, 79, 8943, 1037, 715, P0, 0x0000000000000020
2026/09/18 22:44:28.614, 1, 79, 104.56, 95, 8943, 1088, 715, P0, 0x0000000000000000
2026/09/18 22:44:29.627, 0, 79, 110.08, 92, 8943, 1037, 715, P0, 0x0000000000000020
2026/09/18 22:44:29.635, 1, 79, 116.93, 94, 8943, 1113, 715, P0, 0x0000000000000020
2026/09/18 22:44:30.654, 0, 79, 109.36, 96, 8943, 1025, 715, P0, 0x0000000000000020
2026/09/18 22:44:30.657, 1, 79, 116.15, 94, 8943, 1126, 715, P0, 0x0000000000000020
2026/09/18 22:44:31.669, 0, 79, 127.06, 84, 8943, 1177, 715, P0, 0x0000000000000000
2026/09/18 22:44:31.672, 1, 79, 113.67, 99, 8943, 1189, 715, P0, 0x0000000000000000
2026/09/18 22:44:32.680, 0, 79, 94.71, 90, 8943, 1101, 715, P0, 0x0000000000000020
2026/09/18 22:44:32.684, 1, 79, 102.03, 97, 8943, 1189, 715, P0, 0x0000000000000000
2026/09/18 22:44:33.700, 0, 79, 100.39, 85, 8943, 961, 715, P0, 0x0000000000000020
2026/09/18 22:44:33.703, 1, 79, 114.57, 88, 8943, 1113, 715, P0, 0x0000000000000020
2026/09/18 22:44:34.713, 0, 79, 105.53, 79, 8943, 936, 715, P0, 0x0000000000000020
2026/09/18 22:44:34.716, 1, 79, 118.08, 90, 8943, 1113, 715, P0, 0x0000000000000020
2026/09/18 22:44:35.724, 0, 79, 96.88, 97, 8943, 1037, 715, P0, 0x0000000000000020
2026/09/18 22:44:35.735, 1, 79, 111.77, 87, 8943, 1252, 715, P0, 0x0000000000000000
2026/09/18 22:44:36.752, 0, 79, 95.11, 87, 8943, 999, 715, P0, 0x0000000000000000
2026/09/18 22:44:36.755, 1, 79, 61.45, 93, 8943, 1189, 715, P0, 0x0000000000000000
2026/09/18 22:44:37.768, 0, 79, 110.23, 59, 8943, 974, 715, P0, 0x0000000000000020
2026/09/18 22:44:37.777, 1, 79, 125.40, 90, 8943, 1113, 715, P0, 0x0000000000000020
2026/09/18 22:44:38.796, 0, 79, 115.05, 97, 8943, 1177, 715, P0, 0x0000000000000000
2026/09/18 22:44:38.798, 1, 79, 108.24, 88, 8943, 1227, 715, P0, 0x0000000000000000
2026/09/18 22:44:39.808, 0, 79, 53.59, 85, 8943, 1164, 715, P0, 0x0000000000000000
2026/09/18 22:44:39.814, 1, 79, 56.48, 95, 8943, 1189, 715, P0, 0x0000000000000000
2026/09/18 22:44:40.821, 0, 79, 101.28, 87, 8943, 974, 715, P0, 0x0000000000000020
2026/09/18 22:44:40.824, 1, 79, 115.28, 88, 8943, 1126, 715, P0, 0x0000000000000020
2026/09/18 22:44:41.836, 0, 79, 111.58, 97, 8943, 1050, 715, P0, 0x0000000000000020
2026/09/18 22:44:41.844, 1, 79, 136.46, 89, 8943, 1164, 715, P0, 0x0000000000000020
2026/09/18 22:44:42.853, 0, 79, 103.20, 79, 8943, 1088, 715, P0, 0x0000000000000000
2026/09/18 22:44:42.862, 1, 79, 94.46, 97, 8943, 1189, 715, P0, 0x0000000000000000
2026/09/18 22:44:43.876, 0, 79, 100.56, 92, 8943, 987, 715, P0, 0x0000000000000000
2026/09/18 22:44:43.883, 1, 79, 111.93, 88, 8943, 1126, 715, P0, 0x0000000000000020
2026/09/18 22:44:44.888, 0, 79, 107.12, 81, 8943, 1139, 715, P0, 0x0000000000000000
2026/09/18 22:44:44.891, 1, 79, 107.00, 91, 8943, 1189, 715, P0, 0x0000000000000000
2026/09/18 22:44:45.897, 0, 79, 83.15, 95, 8943, 1088, 715, P0, 0x0000000000000000
2026/09/18 22:44:45.903, 1, 79, 127.26, 97, 8943, 1189, 715, P0, 0x0000000000000000
2026/09/18 22:44:46.925, 0, 79, 101.59, 79, 8943, 987, 715, P0, 0x0000000000000020
2026/09/18 22:44:46.928, 1, 79, 115.30, 87, 8943, 1113, 715, P0, 0x0000000000000020
2026/09/18 22:44:47.943, 0, 79, 113.05, 85, 8943, 1126, 715, P0, 0x0000000000000000
2026/09/18 22:44:47.946, 1, 79, 128.81, 99, 8943, 1164, 715, P0, 0x0000000000000020
2026/09/18 22:44:48.958, 0, 79, 89.87, 87, 8943, 1012, 715, P0, 0x0000000000000000
2026/09/18 22:44:48.970, 1, 79, 85.55, 91, 8943, 1189, 715, P0, 0x0000000000000000
2026/09/18 22:44:49.988, 0, 79, 100.32, 79, 8943, 961, 715, P0, 0x0000000000000020
2026/09/18 22:44:49.991, 1, 80, 115.28, 97, 8943, 1126, 715, P0, 0x0000000000000020
2026/09/18 22:44:51.003, 0, 79, 120.13, 93, 8943, 1177, 715, P0, 0x0000000000000000
2026/09/18 22:44:51.007, 1, 79, 113.51, 79, 8943, 1290, 715, P0, 0x0000000000000020
2026/09/18 22:44:52.019, 0, 79, 78.25, 79, 8943, 1037, 715, P0, 0x0000000000000000
2026/09/18 22:44:52.028, 1, 79, 101.41, 99, 8943, 1189, 715, P0, 0x0000000000000000
2026/09/18 22:44:53.043, 0, 79, 100.08, 87, 8943, 961, 715, P0, 0x0000000000000000
2026/09/18 22:44:53.050, 1, 79, 116.25, 86, 8943, 1126, 715, P0, 0x0000000000000020
2026/09/18 22:44:54.055, 0, 79, 86.83, 85, 8943, 1101, 715, P0, 0x0000000000000020
2026/09/18 22:44:54.058, 1, 79, 109.63, 92, 8943, 1189, 715, P0, 0x0000000000000000
2026/09/18 22:44:55.078, 0, 79, 94.09, 99, 8943, 1012, 715, P0, 0x0000000000000000
2026/09/18 22:44:55.089, 1, 79, 61.65, 97, 8943, 1139, 715, P0, 0x0000000000000000
2026/09/18 22:44:56.105, 0, 79, 120.22, 79, 8943, 1063, 715, P0, 0x0000000000000020
2026/09/18 22:44:56.110, 1, 79, 129.60, 89, 8943, 1189, 715, P0, 0x0000000000000020
2026/09/18 22:44:57.114, 0, 79, 104.75, 95, 8943, 1075, 715, P0, 0x0000000000000000
2026/09/18 22:44:57.117, 1, 79, 106.77, 98, 8943, 1189, 715, P0, 0x0000000000000000
2026/09/18 22:44:58.126, 0, 79, 102.01, 79, 8943, 949, 715, P0, 0x0000000000000020
2026/09/18 22:44:58.129, 1, 79, 115.52, 90, 8943, 1126, 715, P0, 0x0000000000000020
2026/09/18 22:44:59.136, 0, 79, 108.64, 90, 8943, 1113, 715, P0, 0x0000000000000000
2026/09/18 22:44:59.139, 1, 79, 96.79, 99, 8943, 1189, 715, P0, 0x0000000000000000
2026/09/18 22:45:00.163, 0, 79, 99.67, 71, 8943, 961, 715, P0, 0x0000000000000020
2026/09/18 22:45:00.171, 1, 79, 112.97, 78, 8943, 1126, 715, P0, 0x0000000000000020
2026/09/18 22:45:01.180, 0, 79, 109.53, 87, 8943, 987, 715, P0, 0x0000000000000020
2026/09/18 22:45:01.194, 1, 79, 123.25, 86, 8943, 1126, 715, P0, 0x0000000000000020
2026/09/18 22:45:02.211, 0, 79, 48.78, 93, 8943, 1189, 715, P0, 0x0000000000000000
2026/09/18 22:45:02.214, 1, 79, 55.27, 81, 8943, 1278, 715, P0, 0x0000000000000000
2026/09/18 22:45:03.229, 0, 79, 98.94, 84, 8943, 961, 715, P0, 0x0000000000000000
2026/09/18 22:45:03.234, 1, 79, 114.33, 94, 8943, 1113, 715, P0, 0x0000000000000020
2026/09/18 22:45:04.243, 0, 79, 103.93, 97, 8943, 1113, 715, P0, 0x0000000000000000
2026/09/18 22:45:04.253, 1, 79, 128.23, 89, 8943, 1240, 715, P0, 0x0000000000000000
2026/09/18 22:45:05.257, 0, 79, 106.11, 79, 8943, 1037, 715, P0, 0x0000000000000020
2026/09/18 22:45:05.260, 1, 79, 107.92, 98, 8943, 1113, 715, P0, 0x0000000000000020
2026/09/18 22:45:06.268, 0, 79, 106.51, 92, 8943, 1037, 715, P0, 0x0000000000000020
2026/09/18 22:45:06.275, 1, 79, 113.11, 92, 8943, 1101, 715, P0, 0x0000000000000020
2026/09/18 22:45:07.282, 0, 79, 96.67, 81, 8943, 1139, 715, P0, 0x0000000000000020
2026/09/18 22:45:07.286, 1, 79, 103.23, 99, 8943, 1189, 715, P0, 0x0000000000000000
2026/09/18 22:45:08.291, 0, 79, 99.31, 79, 8943, 1050, 715, P0, 0x0000000000000000
2026/09/18 22:45:08.298, 1, 79, 69.82, 98, 8943, 1189, 715, P0, 0x0000000000000000
2026/09/18 22:45:09.306, 0, 79, 120.22, 79, 8943, 1063, 715, P0, 0x0000000000000020
2026/09/18 22:45:09.319, 1, 79, 122.75, 94, 8943, 1126, 715, P0, 0x0000000000000020
2026/09/18 22:45:10.336, 0, 79, 102.81, 87, 8943, 1189, 715, P0, 0x0000000000000020
2026/09/18 22:45:10.339, 1, 79, 105.58, 99, 8943, 1189, 715, P0, 0x0000000000000000
2026/09/18 22:45:11.350, 0, 79, 103.22, 84, 8943, 1037, 715, P0, 0x0000000000000000
2026/09/18 22:45:11.361, 1, 79, 109.59, 89, 8943, 1113, 715, P0, 0x0000000000000020
2026/09/18 22:45:12.377, 0, 79, 107.70, 79, 8943, 1025, 715, P0, 0x0000000000000020
2026/09/18 22:45:12.382, 1, 79, 113.83, 94, 8943, 1101, 715, P0, 0x0000000000000020
2026/09/18 22:45:13.386, 0, 79, 95.15, 93, 8943, 1189, 715, P0, 0x0000000000000000
2026/09/18 22:45:13.390, 1, 79, 110.65, 98, 8943, 1189, 715, P0, 0x0000000000000000
2026/09/18 22:45:14.404, 0, 79, 103.93, 79, 8943, 1037, 715, P0, 0x0000000000000000
2026/09/18 22:45:14.407, 1, 79, 112.15, 100, 8943, 1113, 715, P0, 0x0000000000000020
2026/09/18 22:45:15.414, 0, 79, 107.94, 85, 8943, 1012, 715, P0, 0x0000000000000020
2026/09/18 22:45:15.424, 1, 79, 113.60, 97, 8943, 1101, 715, P0, 0x0000000000000020
2026/09/18 22:45:16.446, 0, 79, 95.35, 88, 8943, 1189, 715, P0, 0x0000000000000000
2026/09/18 22:45:16.449, 1, 79, 121.35, 94, 8943, 1265, 715, P0, 0x0000000000000000
2026/09/18 22:45:17.464, 0, 79, 105.19, 79, 8943, 1101, 715, P0, 0x0000000000000000
2026/09/18 22:45:17.467, 1, 79, 112.84, 99, 8943, 1189, 715, P0, 0x0000000000000000
2026/09/18 22:45:18.478, 0, 79, 116.71, 97, 8943, 1063, 715, P0, 0x0000000000000020
2026/09/18 22:45:18.483, 1, 79, 119.48, 94, 8943, 1113, 715, P0, 0x0000000000000020
2026/09/18 22:45:19.492, 0, 79, 106.34, 90, 8943, 1164, 715, P0, 0x0000000000000020
2026/09/18 22:45:19.498, 1, 79, 118.73, 97, 8943, 1189, 715, P0, 0x0000000000000020
2026/09/18 22:45:20.505, 0, 79, 104.41, 82, 8943, 1075, 715, P0, 0x0000000000000000
2026/09/18 22:45:20.508, 1, 79, 108.64, 99, 8943, 1113, 715, P0, 0x0000000000000020
2026/09/18 22:45:21.520, 0, 79, 109.86, 82, 8943, 1075, 715, P0, 0x0000000000000020
2026/09/18 22:45:21.523, 1, 79, 113.33, 94, 8943, 1101, 715, P0, 0x0000000000000020
2026/09/18 22:45:22.531, 0, 79, 74.79, 100, 8943, 556, 715, P0, 0x0000000000000020
2026/09/18 22:45:22.534, 1, 79, 50.41, 95, 8943, 1189, 715, P0, 0x0000000000000000
2026/09/18 22:45:23.548, 0, 78, 94.38, 79, 8943, 847, 715, P0, 0x0000000000000020
2026/09/18 22:45:23.551, 1, 79, 114.11, 65, 8943, 1101, 715, P0, 0x0000000000000020
2026/09/18 22:45:24.574, 0, 79, 113.42, 99, 8943, 1063, 715, P0, 0x0000000000000000
2026/09/18 22:45:24.586, 1, 79, 96.84, 97, 8943, 1189, 715, P0, 0x0000000000000000
2026/09/18 22:45:25.601, 0, 79, 104.88, 87, 8943, 987, 715, P0, 0x0000000000000020
2026/09/18 22:45:25.608, 1, 79, 118.08, 88, 8943, 1113, 715, P0, 0x0000000000000020
2026/09/18 22:45:26.612, 0, 79, 97.12, 90, 8943, 1037, 715, P0, 0x0000000000000000
2026/09/18 22:45:26.615, 1, 79, 100.66, 86, 8943, 1189, 715, P0, 0x0000000000000000
2026/09/18 22:45:27.623, 0, 79, 119.13, 95, 8943, 1189, 715, P0, 0x0000000000000000
2026/09/18 22:45:27.626, 1, 79, 122.51, 91, 8943, 1278, 715, P0, 0x0000000000000020
2026/09/18 22:45:28.638, 0, 79, 95.85, 84, 8943, 1075, 715, P0, 0x0000000000000000
2026/09/18 22:45:28.647, 1, 79, 108.00, 93, 8943, 1227, 715, P0, 0x0000000000000000
2026/09/18 22:45:29.663, 0, 79, 113.84, 64, 8943, 1050, 715, P0, 0x0000000000000020
2026/09/18 22:45:29.669, 1, 79, 119.96, 89, 8943, 1126, 715, P0, 0x0000000000000020
2026/09/18 22:45:30.676, 0, 79, 95.08, 85, 8943, 1139, 715, P0, 0x0000000000000000
2026/09/18 22:45:30.679, 1, 79, 118.35, 92, 8943, 1215, 715, P0, 0x0000000000000000
2026/09/18 22:45:31.685, 0, 79, 102.48, 84, 8943, 1012, 715, P0, 0x0000000000000020
2026/09/18 22:45:31.688, 1, 79, 115.28, 97, 8943, 1113, 715, P0, 0x0000000000000020
2026/09/18 22:45:32.697, 0, 79, 102.20, 84, 8943, 1177, 715, P0, 0x0000000000000000
2026/09/18 22:45:32.708, 1, 79, 130.12, 93, 8943, 1227, 715, P0, 0x0000000000000000
2026/09/18 22:45:33.726, 0, 79, 103.46, 94, 8943, 1025, 715, P0, 0x0000000000000000
2026/09/18 22:45:33.730, 1, 79, 108.38, 97, 8943, 1113, 715, P0, 0x0000000000000020
2026/09/18 22:45:34.739, 0, 79, 91.82, 87, 8943, 1139, 715, P0, 0x0000000000000020
2026/09/18 22:45:34.748, 1, 79, 119.55, 94, 8943, 1189, 715, P0, 0x0000000000000000
2026/09/18 22:45:35.765, 0, 79, 95.71, 92, 8943, 1050, 715, P0, 0x0000000000000000
2026/09/18 22:45:35.770, 1, 80, 70.06, 97, 8943, 1151, 715, P0, 0x0000000000000000
2026/09/18 22:45:36.777, 0, 79, 99.96, 89, 8943, 1164, 715, P0, 0x0000000000000000
2026/09/18 22:45:36.780, 1, 79, 113.82, 98, 8943, 1189, 715, P0, 0x0000000000000000
2026/09/18 22:45:37.788, 0, 79, 96.91, 90, 8943, 1050, 715, P0, 0x0000000000000000
2026/09/18 22:45:37.791, 1, 79, 67.93, 89, 8943, 1177, 715, P0, 0x0000000000000000
2026/09/18 22:45:38.810, 0, 79, 108.90, 65, 8943, 1025, 715, P0, 0x0000000000000020
2026/09/18 22:45:38.813, 1, 79, 117.19, 87, 8943, 1113, 715, P0, 0x0000000000000020
2026/09/18 22:45:39.821, 0, 79, 100.65, 84, 8943, 1113, 715, P0, 0x0000000000000000
2026/09/18 22:45:39.831, 1, 79, 115.01, 93, 8943, 1189, 715, P0, 0x0000000000000000
2026/09/18 22:45:40.847, 0, 79, 108.19, 33, 8943, 1050, 715, P0, 0x0000000000000020
2026/09/18 22:45:40.853, 1, 79, 112.63, 97, 8943, 1113, 715, P0, 0x0000000000000000
2026/09/18 22:45:41.860, 0, 79, 102.68, 97, 8943, 1113, 715, P0, 0x0000000000000020
2026/09/18 22:45:41.870, 1, 79, 119.40, 94, 8943, 1215, 715, P0, 0x0000000000000000
2026/09/18 22:45:42.884, 0, 79, 97.92, 79, 8943, 1113, 715, P0, 0x0000000000000000
2026/09/18 22:45:42.891, 1, 79, 78.73, 100, 8943, 1189, 715, P0, 0x0000000000000000
2026/09/18 22:45:43.909, 0, 79, 108.30, 79, 8943, 1177, 715, P0, 0x0000000000000000
2026/09/18 22:45:43.912, 1, 79, 108.14, 100, 8943, 1189, 715, P0, 0x0000000000000000
2026/09/18 22:45:44.928, 0, 79, 109.15, 92, 8943, 1075, 715, P0, 0x0000000000000020
2026/09/18 22:45:44.931, 1, 79, 109.82, 99, 8943, 1101, 715, P0, 0x0000000000000020
2026/09/18 22:45:45.944, 0, 79, 115.13, 83, 8943, 1189, 715, P0, 0x0000000000000000
2026/09/18 22:45:45.952, 1, 79, 117.60, 97, 8943, 1189, 715, P0, 0x0000000000000000
2026/09/18 22:45:46.956, 0, 79, 95.11, 92, 8943, 911, 715, P0, 0x0000000000000000
2026/09/18 22:45:46.961, 1, 79, 107.46, 95, 8943, 1126, 715, P0, 0x0000000000000000
2026/09/18 22:45:47.978, 0, 79, 74.29, 97, 8943, 936, 715, P0, 0x0000000000000000
2026/09/18 22:45:47.981, 1, 79, 79.64, 97, 8943, 1189, 715, P0, 0x0000000000000000
2026/09/18 22:45:48.992, 0, 79, 94.71, 90, 8943, 1075, 715, P0, 0x0000000000000000
2026/09/18 22:45:48.997, 1, 79, 112.50, 85, 8943, 1189, 715, P0, 0x0000000000000000
2026/09/18 22:45:50.004, 0, 79, 95.82, 79, 8943, 898, 715, P0, 0x0000000000000020
2026/09/18 22:45:50.007, 1, 79, 114.10, 78, 8943, 1113, 715, P0, 0x0000000000000000
2026/09/18 22:45:51.019, 0, 79, 98.25, 84, 8943, 987, 715, P0, 0x0000000000000000
2026/09/18 22:45:51.022, 1, 79, 103.02, 86, 8943, 1139, 715, P0, 0x0000000000000000
2026/09/18 22:45:52.044, 0, 79, 110.71, 92, 8943, 1101, 715, P0, 0x0000000000000020
2026/09/18 22:45:52.049, 1, 79, 128.65, 100, 8943, 1139, 715, P0, 0x0000000000000020
2026/09/18 22:45:53.057, 0, 79, 111.09, 84, 8943, 1075, 715, P0, 0x0000000000000020
2026/09/18 22:45:53.060, 1, 79, 114.80, 86, 8943, 1126, 715, P0, 0x0000000000000020
2026/09/18 22:45:54.084, 0, 79, 116.65, 84, 8943, 1101, 715, P0, 0x0000000000000000
2026/09/18 22:45:54.087, 1, 79, 115.87, 86, 8943, 1126, 715, P0, 0x0000000000000020
2026/09/18 22:45:55.097, 0, 79, 114.92, 84, 8943, 1063, 715, P0, 0x0000000000000020
2026/09/18 22:45:55.099, 1, 79, 114.51, 87, 8943, 1126, 715, P0, 0x0000000000000020
2026/09/18 22:45:56.108, 0, 79, 113.78, 83, 8943, 1088, 715, P0, 0x0000000000000000
2026/09/18 22:45:56.118, 1, 79, 110.74, 87, 8943, 1101, 715, P0, 0x0000000000000020
2026/09/18 22:45:57.136, 0, 79, 108.91, 79, 8943, 1025, 715, P0, 0x0000000000000020
2026/09/18 22:45:57.139, 1, 79, 106.95, 97, 8943, 1025, 715, P0, 0x0000000000000020
2026/09/18 22:45:58.148, 0, 79, 108.02, 94, 8943, 1126, 715, P0, 0x0000000000000020
2026/09/18 22:45:58.158, 1, 79, 110.58, 100, 8943, 1139, 715, P0, 0x0000000000000020
2026/09/18 22:45:59.164, 0, 79, 116.51, 79, 8943, 1075, 715, P0, 0x0000000000000020
2026/09/18 22:45:59.167, 1, 79, 110.71, 96, 8943, 1025, 715, P0, 0x0000000000000020
2026/09/18 22:46:00.178, 0, 79, 96.88, 99, 8943, 1063, 715, P0, 0x0000000000000000
2026/09/18 22:46:00.181, 1, 79, 106.11, 99, 8943, 1151, 715, P0, 0x0000000000000000
2026/09/18 22:46:01.187, 0, 79, 120.97, 55, 8943, 1113, 715, P0, 0x0000000000000020
2026/09/18 22:46:01.199, 1, 79, 123.87, 90, 8943, 1164, 715, P0, 0x0000000000000020
2026/09/18 22:46:02.205, 0, 79, 98.01, 90, 8943, 1037, 715, P0, 0x0000000000000020
2026/09/18 22:46:02.208, 1, 79, 87.02, 98, 8943, 1075, 715, P0, 0x0000000000000000
2026/09/18 22:46:03.230, 0, 79, 107.95, 84, 8943, 1012, 715, P0, 0x0000000000000020
2026/09/18 22:46:03.241, 1, 79, 106.71, 97, 8943, 1050, 715, P0, 0x0000000000000020
2026/09/18 22:46:04.256, 0, 79, 100.18, 79, 8943, 1037, 715, P0, 0x0000000000000020
2026/09/18 22:46:04.258, 1, 79, 98.94, 96, 8943, 1063, 715, P0, 0x0000000000000000
2026/09/18 22:46:05.266, 0, 79, 115.78, 95, 8943, 1101, 715, P0, 0x0000000000000020
2026/09/18 22:46:05.269, 1, 79, 115.90, 96, 8943, 1063, 715, P0, 0x0000000000000020
2026/09/18 22:46:06.291, 0, 79, 109.89, 79, 8943, 1063, 715, P0, 0x0000000000000020
2026/09/18 22:46:06.298, 1, 79, 104.08, 99, 8943, 1050, 715, P0, 0x0000000000000020
2026/09/18 22:46:07.307, 0, 79, 127.80, 97, 8943, 1189, 715, P0, 0x0000000000000000
2026/09/18 22:46:07.310, 1, 79, 125.74, 99, 8943, 1101, 715, P0, 0x0000000000000020
2026/09/18 22:46:08.335, 0, 79, 108.99, 92, 8943, 1063, 715, P0, 0x0000000000000020
2026/09/18 22:46:08.339, 1, 79, 104.14, 96, 8943, 1050, 715, P0, 0x0000000000000020
2026/09/18 22:46:09.353, 0, 79, 133.22, 79, 8943, 1101, 715, P0, 0x0000000000000020
2026/09/18 22:46:09.361, 1, 79, 123.58, 99, 8943, 1088, 715, P0, 0x0000000000000020
2026/09/18 22:46:10.380, 0, 79, 69.72, 99, 8943, 1177, 715, P0, 0x0000000000000000
2026/09/18 22:46:10.384, 1, 79, 61.28, 99, 8943, 1101, 715, P0, 0x0000000000000000
2026/09/18 22:46:11.395, 0, 79, 125.43, 86, 8943, 1113, 715, P0, 0x0000000000000020
2026/09/18 22:46:11.403, 1, 79, 116.59, 100, 8943, 1101, 715, P0, 0x0000000000000020
2026/09/18 22:46:12.420, 0, 79, 94.20, 92, 8943, 1101, 715, P0, 0x0000000000000000
2026/09/18 22:46:12.423, 1, 79, 99.55, 99, 8943, 1113, 715, P0, 0x0000000000000000
2026/09/18 22:46:13.434, 0, 79, 123.83, 94, 8943, 1151, 715, P0, 0x0000000000000020
2026/09/18 22:46:13.441, 1, 79, 120.33, 100, 8943, 1164, 715, P0, 0x0000000000000020
2026/09/18 22:46:14.448, 0, 79, 98.31, 82, 8943, 1075, 715, P0, 0x0000000000000000
2026/09/18 22:46:14.452, 1, 79, 91.02, 98, 8943, 1088, 715, P0, 0x0000000000000000
2026/09/18 22:46:15.470, 0, 79, 97.24, 99, 8943, 1025, 715, P0, 0x0000000000000000
2026/09/18 22:46:15.484, 1, 79, 124.33, 74, 8943, 1227, 715, P0, 0x0000000000000000
2026/09/18 22:46:16.498, 0, 79, 99.88, 100, 8943, 1012, 715, P0, 0x0000000000000000
2026/09/18 22:46:16.505, 1, 79, 126.79, 71, 8943, 1227, 715, P0, 0x0000000000000000
2026/09/18 22:46:17.509, 0, 78, 96.26, 100, 8943, 936, 715, P0, 0x0000000000000020
2026/09/18 22:46:17.512, 1, 79, 123.06, 71, 8943, 1151, 715, P0, 0x0000000000000020
2026/09/18 22:46:18.527, 0, 79, 100.07, 97, 8943, 1025, 715, P0, 0x0000000000000020
2026/09/18 22:46:18.531, 1, 79, 131.64, 77, 8943, 1252, 715, P0, 0x0000000000000020
2026/09/18 22:46:19.539, 0, 79, 96.54, 82, 8943, 911, 715, P0, 0x0000000000000020
2026/09/18 22:46:19.546, 1, 79, 116.48, 77, 8943, 1126, 715, P0, 0x0000000000000020
2026/09/18 22:46:20.551, 0, 79, 99.18, 87, 8943, 974, 715, P0, 0x0000000000000000
2026/09/18 22:46:20.554, 1, 79, 116.02, 95, 8943, 1126, 715, P0, 0x0000000000000020
2026/09/18 22:46:21.567, 0, 79, 105.34, 97, 8943, 1075, 715, P0, 0x0000000000000020
2026/09/18 22:46:21.570, 1, 79, 128.32, 100, 8943, 1189, 715, P0, 0x0000000000000000
2026/09/18 22:46:22.577, 0, 79, 109.75, 79, 8943, 923, 715, P0, 0x0000000000000020
2026/09/18 22:46:22.589, 1, 79, 124.21, 84, 8943, 1126, 715, P0, 0x0000000000000020
2026/09/18 22:46:23.602, 0, 79, 98.70, 79, 8943, 974, 715, P0, 0x0000000000000000
2026/09/18 22:46:23.610, 1, 79, 114.56, 85, 8943, 1126, 715, P0, 0x0000000000000020
2026/09/18 22:46:24.626, 0, 79, 96.10, 97, 8943, 1063, 715, P0, 0x0000000000000020
2026/09/18 22:46:24.630, 1, 79, 121.41, 98, 8943, 1189, 715, P0, 0x0000000000000000
2026/09/18 22:46:25.642, 0, 79, 96.87, 100, 8943, 1139, 715, P0, 0x0000000000000020
2026/09/18 22:46:25.649, 1, 79, 124.09, 100, 8943, 1189, 715, P0, 0x0000000000000000
2026/09/18 22:46:26.669, 0, 79, 101.27, 82, 8943, 987, 715, P0, 0x0000000000000020
2026/09/18 22:46:26.672, 1, 79, 124.24, 83, 8943, 1151, 715, P0, 0x0000000000000020
2026/09/18 22:46:27.684, 0, 79, 66.83, 87, 8943, 1126, 715, P0, 0x0000000000000000
2026/09/18 22:46:27.688, 1, 79, 64.15, 96, 8943, 1189, 715, P0, 0x0000000000000000
2026/09/18 22:46:28.698, 0, 79, 99.15, 92, 8943, 1101, 715, P0, 0x0000000000000020
2026/09/18 22:46:28.710, 1, 79, 129.09, 81, 8943, 1278, 715, P0, 0x0000000000000020
2026/09/18 22:46:29.721, 0, 79, 98.64, 92, 8943, 936, 715, P0, 0x0000000000000020
2026/09/18 22:46:29.731, 1, 79, 120.96, 96, 8943, 1151, 715, P0, 0x0000000000000000
2026/09/18 22:46:30.751, 0, 79, 99.20, 92, 8943, 974, 715, P0, 0x0000000000000000
2026/09/18 22:46:30.754, 1, 79, 106.55, 98, 8943, 1063, 715, P0, 0x0000000000000020
2026/09/18 22:46:31.763, 0, 79, 113.47, 95, 8943, 1113, 715, P0, 0x0000000000000020
2026/09/18 22:46:31.770, 1, 79, 100.58, 95, 8943, 1139, 715, P0, 0x0000000000000020
2026/09/18 22:46:32.775, 0, 79, 118.75, 54, 8943, 1189, 715, P0, 0x0000000000000020
2026/09/18 22:46:32.778, 1, 79, 117.83, 83, 8943, 1177, 715, P0, 0x0000000000000020
2026/09/18 22:46:33.791, 0, 79, 101.31, 81, 8943, 999, 715, P0, 0x0000000000000000
2026/09/18 22:46:33.795, 1, 79, 106.48, 92, 8943, 1063, 715, P0, 0x0000000000000020
2026/09/18 22:46:34.803, 0, 79, 89.30, 100, 8943, 1113, 715, P0, 0x0000000000000000
2026/09/18 22:46:34.812, 1, 79, 110.21, 99, 8943, 1189, 715, P0, 0x0000000000000000
2026/09/18 22:46:35.817, 0, 79, 119.65, 97, 8943, 1139, 715, P0, 0x0000000000000020
2026/09/18 22:46:35.821, 1, 79, 114.79, 100, 8943, 1189, 715, P0, 0x0000000000000020
2026/09/18 22:46:36.836, 0, 79, 100.41, 80, 8943, 949, 715, P0, 0x0000000000000020
2026/09/18 22:46:36.839, 1, 79, 102.71, 91, 8943, 1037, 715, P0, 0x0000000000000000
2026/09/18 22:46:37.846, 0, 79, 99.93, 53, 8943, 961, 715, P0, 0x0000000000000020
2026/09/18 22:46:37.853, 1, 79, 106.07, 88, 8943, 1063, 715, P0, 0x0000000000000020
2026/09/18 22:46:38.860, 0, 79, 105.64, 90, 8943, 1037, 715, P0, 0x0000000000000000
2026/09/18 22:46:38.863, 1, 79, 93.24, 99, 8943, 1189, 715, P0, 0x0000000000000000
2026/09/18 22:46:39.869, 0, 79, 112.49, 97, 8943, 1126, 715, P0, 0x0000000000000020
2026/09/18 22:46:39.875, 1, 79, 121.09, 99, 8943, 1139, 715, P0, 0x0000000000000020
2026/09/18 22:46:40.883, 0, 79, 107.54, 89, 8943, 1025, 715, P0, 0x0000000000000020
2026/09/18 22:46:40.895, 1, 79, 105.76, 96, 8943, 1050, 715, P0, 0x0000000000000020
2026/09/18 22:46:41.901, 0, 79, 88.59, 82, 8943, 1063, 715, P0, 0x0000000000000000
2026/09/18 22:46:41.904, 1, 79, 98.97, 95, 8943, 1088, 715, P0, 0x0000000000000000
2026/09/18 22:46:42.914, 0, 79, 128.09, 90, 8943, 1189, 715, P0, 0x0000000000000000
2026/09/18 22:46:42.918, 1, 79, 105.77, 99, 8943, 1177, 715, P0, 0x0000000000000000
2026/09/18 22:46:43.926, 0, 79, 108.44, 87, 8943, 1063, 715, P0, 0x0000000000000020
2026/09/18 22:46:43.935, 1, 79, 105.99, 99, 8943, 1063, 715, P0, 0x0000000000000020
2026/09/18 22:46:44.941, 0, 79, 49.02, 87, 8943, 1189, 715, P0, 0x0000000000000000
2026/09/18 22:46:44.944, 1, 79, 51.42, 92, 8943, 1202, 715, P0, 0x0000000000000000
2026/09/18 22:46:45.958, 0, 79, 123.11, 79, 8943, 1101, 715, P0, 0x0000000000000020
2026/09/18 22:46:45.961, 1, 79, 117.30, 99, 8943, 1088, 715, P0, 0x0000000000000020
2026/09/18 22:46:46.970, 0, 79, 100.89, 100, 8943, 1088, 715, P0, 0x0000000000000000
2026/09/18 22:46:46.978, 1, 79, 88.71, 100, 8943, 1088, 715, P0, 0x0000000000000000
2026/09/18 22:46:47.987, 0, 79, 111.73, 89, 8943, 1202, 715, P0, 0x0000000000000020
2026/09/18 22:46:47.996, 1, 79, 108.78, 100, 8943, 1189, 715, P0, 0x0000000000000000
2026/09/18 22:46:49.002, 0, 79, 113.71, 84, 8943, 1088, 715, P0, 0x0000000000000020
2026/09/18 22:46:49.005, 1, 79, 107.66, 99, 8943, 1063, 715, P0, 0x0000000000000020
2026/09/18 22:46:50.016, 0, 79, 98.73, 87, 8943, 949, 715, P0, 0x0000000000000020
2026/09/18 22:46:50.022, 1, 79, 106.55, 96, 8943, 1075, 715, P0, 0x0000000000000000
2026/09/18 22:46:51.034, 0, 79, 97.07, 100, 8943, 1063, 715, P0, 0x0000000000000000
2026/09/18 22:46:51.038, 1, 79, 118.85, 100, 8943, 1189, 715, P0, 0x0000000000000000
2026/09/18 22:46:52.057, 0, 79, 110.02, 92, 8943, 1101, 715, P0, 0x0000000000000020
2026/09/18 22:46:52.062, 1, 79, 119.89, 89, 8943, 1126, 715, P0, 0x0000000000000020
2026/09/18 22:46:53.082, 0, 79, 108.41, 91, 8943, 1012, 715, P0, 0x0000000000000020
2026/09/18 22:46:53.086, 1, 79, 117.19, 87, 8943, 1101, 715, P0, 0x0000000000000020
2026/09/18 22:46:54.091, 0, 79, 101.85, 79, 8943, 1012, 715, P0, 0x0000000000000020
2026/09/18 22:46:54.099, 1, 79, 106.24, 91, 8943, 1088, 715, P0, 0x0000000000000000
2026/09/18 22:46:55.116, 0, 79, 80.95, 72, 8943, 1063, 715, P0, 0x0000000000000000
2026/09/18 22:46:55.123, 1, 79, 100.62, 96, 8943, 1189, 715, P0, 0x0000000000000000
2026/09/18 22:46:56.129, 0, 79, 113.12, 98, 8943, 1139, 715, P0, 0x0000000000000020
2026/09/18 22:46:56.143, 1, 79, 129.99, 88, 8943, 1177, 715, P0, 0x0000000000000020
2026/09/18 22:46:57.155, 0, 79, 103.45, 92, 8943, 1012, 715, P0, 0x0000000000000020
2026/09/18 22:46:57.161, 1, 79, 115.52, 98, 8943, 1113, 715, P0, 0x0000000000000020
2026/09/18 22:46:58.184, 0, 79, 97.60, 97, 8943, 1037, 715, P0, 0x0000000000000000
2026/09/18 22:46:58.187, 1, 79, 84.65, 99, 8943, 1164, 715, P0, 0x0000000000000000
2026/09/18 22:46:59.196, 0, 79, 106.27, 87, 8943, 1151, 715, P0, 0x0000000000000000
2026/09/18 22:46:59.201, 1, 79, 141.48, 90, 8943, 1252, 715, P0, 0x0000000000000000
2026/09/18 22:47:00.207, 0, 79, 116.86, 82, 8943, 1139, 715, P0, 0x0000000000000000
2026/09/18 22:47:00.212, 1, 79, 130.71, 89, 8943, 1177, 715, P0, 0x0000000000000020
2026/09/18 22:47:01.220, 0, 79, 101.76, 82, 8943, 1025, 715, P0, 0x0000000000000000
2026/09/18 22:47:01.226, 1, 79, 114.81, 95, 8943, 1113, 715, P0, 0x0000000000000020
2026/09/18 22:47:02.246, 0, 79, 56.01, 100, 8943, 1189, 715, P0, 0x0000000000000000
2026/09/18 22:47:02.250, 1, 79, 55.75, 99, 8943, 1189, 715, P0, 0x0000000000000000
2026/09/18 22:47:03.259, 0, 79, 103.84, 97, 8943, 1189, 715, P0, 0x0000000000000000
2026/09/18 22:47:03.263, 1, 79, 120.32, 98, 8943, 1189, 715, P0, 0x0000000000000000
2026/09/18 22:47:04.268, 0, 79, 106.74, 79, 8943, 1037, 715, P0, 0x0000000000000020
2026/09/18 22:47:04.271, 1, 79, 114.79, 92, 8943, 1113, 715, P0, 0x0000000000000020
2026/09/18 22:47:05.293, 0, 79, 107.05, 79, 8943, 1050, 715, P0, 0x0000000000000020
2026/09/18 22:47:05.298, 1, 79, 109.59, 91, 8943, 1126, 715, P0, 0x0000000000000000
2026/09/18 22:47:06.305, 0, 79, 111.98, 97, 8943, 1126, 715, P0, 0x0000000000000020
2026/09/18 22:47:06.308, 1, 79, 110.73, 100, 8943, 1189, 715, P0, 0x0000000000000000
2026/09/18 22:47:07.317, 0, 79, 136.48, 75, 8943, 1139, 715, P0, 0x0000000000000020
2026/09/18 22:47:07.324, 1, 79, 127.57, 85, 8943, 1164, 715, P0, 0x0000000000000020
2026/09/18 22:47:08.342, 0, 79, 109.38, 79, 8943, 1075, 715, P0, 0x0000000000000020
2026/09/18 22:47:08.346, 1, 79, 110.48, 94, 8943, 1126, 715, P0, 0x0000000000000000
2026/09/18 22:47:09.357, 0, 79, 109.81, 79, 8943, 1164, 715, P0, 0x0000000000000020
2026/09/18 22:47:09.365, 1, 79, 120.52, 94, 8943, 1139, 715, P0, 0x0000000000000020
2026/09/18 22:47:10.370, 0, 79, 116.49, 79, 8943, 1075, 715, P0, 0x0000000000000020
2026/09/18 22:47:10.373, 1, 79, 118.77, 93, 8943, 1126, 715, P0, 0x0000000000000020
2026/09/18 22:47:11.379, 0, 79, 96.78, 89, 8943, 911, 715, P0, 0x0000000000000020
2026/09/18 22:47:11.387, 1, 79, 114.33, 97, 8943, 1113, 715, P0, 0x0000000000000020
2026/09/18 22:47:12.393, 0, 79, 95.58, 71, 8943, 898, 715, P0, 0x0000000000000020
2026/09/18 22:47:12.396, 1, 79, 114.82, 95, 8943, 1113, 715, P0, 0x0000000000000020
2026/09/18 22:47:13.407, 0, 79, 96.30, 84, 8943, 911, 715, P0, 0x0000000000000020
2026/09/18 22:47:13.410, 1, 79, 113.61, 95, 8943, 1126, 715, P0, 0x0000000000000020
2026/09/18 22:47:14.416, 0, 79, 96.54, 87, 8943, 911, 715, P0, 0x0000000000000020
2026/09/18 22:47:14.426, 1, 79, 114.57, 97, 8943, 1126, 715, P0, 0x0000000000000000
2026/09/18 22:47:15.435, 0, 79, 101.59, 82, 8943, 987, 715, P0, 0x0000000000000000
2026/09/18 22:47:15.438, 1, 79, 113.67, 97, 8943, 1113, 715, P0, 0x0000000000000020
2026/09/18 22:47:16.444, 0, 79, 94.57, 94, 8943, 1025, 715, P0, 0x0000000000000000
2026/09/18 22:47:16.448, 1, 79, 63.33, 99, 8943, 1189, 715, P0, 0x0000000000000000
2026/09/18 22:47:17.471, 0, 79, 48.06, 100, 8943, 1189, 715, P0, 0x0000000000000000
2026/09/18 22:47:17.474, 1, 79, 50.22, 86, 8943, 1189, 715, P0, 0x0000000000000000
2026/09/18 22:47:18.484, 0, 79, 105.11, 100, 8943, 1126, 715, P0, 0x0000000000000000
2026/09/18 22:47:18.488, 1, 79, 102.04, 91, 8943, 1227, 715, P0, 0x0000000000000000
2026/09/18 22:47:19.510, 0, 79, 101.99, 89, 8943, 974, 715, P0, 0x0000000000000020
2026/09/18 22:47:19.513, 1, 79, 117.84, 85, 8943, 1126, 715, P0, 0x0000000000000020
2026/09/18 22:47:20.521, 0, 79, 101.28, 90, 8943, 949, 715, P0, 0x0000000000000020
2026/09/18 22:47:20.529, 1, 79, 116.48, 87, 8943, 1126, 715, P0, 0x0000000000000020
2026/09/18 22:47:21.548, 0, 79, 101.28, 79, 8943, 999, 715, P0, 0x0000000000000020
2026/09/18 22:47:21.551, 1, 79, 116.25, 85, 8943, 1126, 715, P0, 0x0000000000000020
2026/09/18 22:47:22.559, 0, 79, 88.59, 82, 8943, 1050, 715, P0, 0x0000000000000000
2026/09/18 22:47:22.569, 1, 79, 76.33, 97, 8943, 1189, 715, P0, 0x0000000000000000
2026/09/18 22:47:23.574, 0, 79, 96.95, 96, 8943, 1088, 715, P0, 0x0000000000000000
2026/09/18 22:47:23.578, 1, 79, 100.65, 89, 8943, 1265, 715, P0, 0x0000000000000020
2026/09/18 22:47:24.597, 0, 79, 122.50, 84, 8943, 1164, 715, P0, 0x0000000000000000
2026/09/18 22:47:24.600, 1, 79, 126.27, 84, 8943, 1252, 715, P0, 0x0000000000000020
2026/09/18 22:47:25.610, 0, 79, 104.02, 86, 8943, 1164, 715, P0, 0x0000000000000000
2026/09/18 22:47:25.613, 1, 79, 105.83, 91, 8943, 1189, 715, P0, 0x0000000000000000
2026/09/18 22:47:26.624, 0, 79, 103.21, 79, 8943, 1037, 715, P0, 0x0000000000000000
2026/09/18 22:47:26.631, 1, 79, 115.29, 97, 8943, 1126, 715, P0, 0x0000000000000020
2026/09/18 22:47:27.648, 0, 79, 94.63, 95, 8943, 1050, 715, P0, 0x0000000000000000
2026/09/18 22:47:27.651, 1, 79, 63.87, 100, 8943, 1189, 715, P0, 0x0000000000000000
2026/09/18 22:47:28.664, 0, 79, 98.99, 97, 8943, 1101, 715, P0, 0x0000000000000000
2026/09/18 22:47:28.670, 1, 79, 99.14, 100, 8943, 1189, 715, P0, 0x0000000000000000
2026/09/18 22:47:29.683, 0, 79, 118.05, 93, 8943, 1101, 715, P0, 0x0000000000000020
2026/09/18 22:47:29.691, 1, 79, 136.43, 91, 8943, 1189, 715, P0, 0x0000000000000020
2026/09/18 22:47:30.695, 0, 79, 119.49, 92, 8943, 1088, 715, P0, 0x0000000000000020
2026/09/18 22:47:30.698, 1, 79, 130.08, 91, 8943, 1164, 715, P0, 0x0000000000000020
2026/09/18 22:47:31.709, 0, 79, 106.51, 79, 8943, 1037, 715, P0, 0x0000000000000020
2026/09/18 22:47:31.712, 1, 79, 115.44, 91, 8943, 1113, 715, P0, 0x0000000000000020
2026/09/18 22:47:32.721, 0, 79, 86.61, 87, 8943, 1075, 715, P0, 0x0000000000000020
2026/09/18 22:47:32.730, 1, 79, 77.76, 98, 8943, 1189, 715, P0, 0x0000000000000000
2026/09/18 22:47:33.741, 0, 79, 119.07, 88, 8943, 1151, 715, P0, 0x0000000000000000
2026/09/18 22:47:33.750, 1, 79, 102.45, 99, 8943, 1189, 715, P0, 0x0000000000000020
2026/09/18 22:47:34.768, 0, 79, 119.03, 100, 8943, 1075, 715, P0, 0x0000000000000020
2026/09/18 22:47:34.772, 1, 79, 121.56, 92, 8943, 1126, 715, P0, 0x0000000000000020
2026/09/18 22:47:35.796, 0, 79, 107.04, 79, 8943, 1025, 715, P0, 0x0000000000000020
2026/09/18 22:47:35.799, 1, 79, 115.51, 98, 8943, 1126, 715, P0, 0x0000000000000020
2026/09/18 22:47:36.806, 0, 79, 106.03, 92, 8943, 1037, 715, P0, 0x0000000000000020
2026/09/18 22:47:36.810, 1, 79, 114.55, 99, 8943, 1126, 715, P0, 0x0000000000000000
2026/09/18 22:47:37.819, 0, 79, 86.46, 100, 8943, 1139, 715, P0, 0x0000000000000000
2026/09/18 22:47:37.822, 1, 79, 79.89, 91, 8943, 1227, 715, P0, 0x0000000000000000
2026/09/18 22:47:38.835, 0, 79, 100.28, 100, 8943, 1164, 715, P0, 0x0000000000000000
2026/09/18 22:47:38.838, 1, 79, 124.64, 93, 8943, 1227, 715, P0, 0x0000000000000000
2026/09/18 22:47:39.845, 0, 79, 112.58, 87, 8943, 1151, 715, P0, 0x0000000000000000
2026/09/18 22:47:39.852, 1, 79, 129.60, 90, 8943, 1215, 715, P0, 0x0000000000000000
2026/09/18 22:47:40.858, 0, 79, 125.65, 87, 8943, 1189, 715, P0, 0x0000000000000020
2026/09/18 22:47:40.861, 1, 79, 131.66, 90, 8943, 1164, 715, P0, 0x0000000000000020
2026/09/18 22:47:41.874, 0, 79, 105.07, 79, 8943, 1037, 715, P0, 0x0000000000000000
2026/09/18 22:47:41.877, 1, 79, 115.68, 90, 8943, 1126, 715, P0, 0x0000000000000020
2026/09/18 22:47:42.886, 0, 79, 104.91, 85, 8943, 1037, 715, P0, 0x0000000000000020
2026/09/18 22:47:42.896, 1, 79, 100.80, 99, 8943, 961, 715, P0, 0x0000000000000020
2026/09/18 22:47:43.918, 0, 79, 104.75, 79, 8943, 1037, 715, P0, 0x0000000000000020
2026/09/18 22:47:43.921, 1, 79, 100.32, 99, 8943, 987, 715, P0, 0x0000000000000020
2026/09/18 22:47:44.944, 0, 79, 94.02, 90, 8943, 1139, 715, P0, 0x0000000000000020
2026/09/18 22:47:44.947, 1, 79, 99.03, 100, 8943, 1063, 715, P0, 0x0000000000000020
2026/09/18 22:47:45.956, 0, 79, 90.43, 84, 8943, 1101, 715, P0, 0x0000000000000000
2026/09/18 22:47:45.960, 1, 79, 99.43, 100, 8943, 1088, 715, P0, 0x0000000000000000
2026/09/18 22:47:46.985, 0, 79, 122.86, 77, 8943, 1202, 715, P0, 0x0000000000000020
2026/09/18 22:47:47.000, 1, 79, 110.23, 99, 8943, 1139, 715, P0, 0x0000000000000000
2026/09/18 22:47:48.009, 0, 79, 106.36, 79, 8943, 1025, 715, P0, 0x0000000000000020
2026/09/18 22:47:48.012, 1, 79, 101.50, 99, 8943, 1012, 715, P0, 0x0000000000000000
2026/09/18 22:47:49.025, 0, 79, 106.10, 79, 8943, 1025, 715, P0, 0x0000000000000020
2026/09/18 22:47:49.028, 1, 79, 108.63, 98, 8943, 1075, 715, P0, 0x0000000000000020
2026/09/18 22:47:50.035, 0, 79, 106.58, 90, 8943, 1037, 715, P0, 0x0000000000000020
2026/09/18 22:47:50.040, 1, 79, 109.11, 99, 8943, 1075, 715, P0, 0x0000000000000020
2026/09/18 22:47:51.049, 0, 79, 109.22, 87, 8943, 1063, 715, P0, 0x0000000000000020
2026/09/18 22:47:51.052, 1, 79, 105.99, 99, 8943, 1075, 715, P0, 0x0000000000000000
2026/09/18 22:47:52.065, 0, 79, 111.52, 100, 8943, 1164, 715, P0, 0x0000000000000000
2026/09/18 22:47:52.068, 1, 79, 117.78, 100, 8943, 1151, 715, P0, 0x0000000000000000
2026/09/18 22:47:53.079, 0, 79, 125.42, 90, 8943, 1139, 715, P0, 0x0000000000000020
2026/09/18 22:47:53.082, 1, 79, 125.04, 98, 8943, 1189, 715, P0, 0x0000000000000000
2026/09/18 22:47:54.094, 0, 79, 120.70, 89, 8943, 1088, 715, P0, 0x0000000000000020
2026/09/18 22:47:54.102, 1, 79, 121.54, 94, 8943, 1126, 715, P0, 0x0000000000000020
2026/09/18 22:47:55.118, 0, 79, 109.38, 79, 8943, 1063, 715, P0, 0x0000000000000020
2026/09/18 22:47:55.121, 1, 79, 114.07, 95, 8943, 1113, 715, P0, 0x0000000000000020
2026/09/18 22:47:56.127, 0, 79, 102.32, 47, 8943, 1012, 715, P0, 0x0000000000000000
2026/09/18 22:47:56.130, 1, 79, 114.09, 93, 8943, 1113, 715, P0, 0x0000000000000020
2026/09/18 22:47:57.155, 0, 79, 103.23, 79, 8943, 1025, 715, P0, 0x0000000000000000
2026/09/18 22:47:57.163, 1, 79, 107.68, 97, 8943, 1126, 715, P0, 0x0000000000000000
2026/09/18 22:47:58.179, 0, 79, 99.58, 86, 8943, 1113, 715, P0, 0x0000000000000000
2026/09/18 22:47:58.182, 1, 79, 120.21, 99, 8943, 1189, 715, P0, 0x0000000000000000
2026/09/18 22:47:59.191, 0, 79, 102.98, 95, 8943, 1139, 715, P0, 0x0000000000000000
2026/09/18 22:47:59.201, 1, 79, 91.79, 98, 8943, 1189, 715, P0, 0x0000000000000000
2026/09/18 22:48:00.205, 0, 79, 94.47, 87, 8943, 1126, 715, P0, 0x0000000000000000
2026/09/18 22:48:00.208, 1, 79, 110.14, 100, 8943, 1189, 715, P0, 0x0000000000000000
2026/09/18 22:48:01.220, 0, 79, 121.37, 55, 8943, 1316, 715, P0, 0x0000000000000020
2026/09/18 22:48:01.223, 1, 79, 102.62, 100, 8943, 1189, 715, P0, 0x0000000000000000
2026/09/18 22:48:02.234, 0, 79, 119.77, 84, 8943, 1164, 715, P0, 0x0000000000000020
2026/09/18 22:48:02.249, 1, 79, 127.82, 88, 8943, 1189, 715, P0, 0x0000000000000020
2026/09/18 22:48:03.257, 0, 79, 103.68, 79, 8943, 987, 715, P0, 0x0000000000000020
2026/09/18 22:48:03.263, 1, 79, 112.88, 93, 8943, 1088, 715, P0, 0x0000000000000020
2026/09/18 22:48:04.285, 0, 79, 106.57, 82, 8943, 987, 715, P0, 0x0000000000000020
2026/09/18 22:48:04.288, 1, 79, 113.36, 88, 8943, 1101, 715, P0, 0x0000000000000020
2026/09/18 22:48:05.297, 0, 79, 102.97, 79, 8943, 1012, 715, P0, 0x0000000000000020
2026/09/18 22:48:05.304, 1, 79, 114.32, 97, 8943, 1113, 715, P0, 0x0000000000000020
2026/09/18 22:48:06.324, 0, 79, 103.46, 82, 8943, 1012, 715, P0, 0x0000000000000020
2026/09/18 22:48:06.327, 1, 79, 108.63, 99, 8943, 1113, 715, P0, 0x0000000000000000
2026/09/18 22:48:07.339, 0, 79, 102.25, 79, 8943, 1025, 715, P0, 0x0000000000000020
2026/09/18 22:48:07.344, 1, 79, 115.53, 96, 8943, 1113, 715, P0, 0x0000000000000020
2026/09/18 22:48:08.360, 0, 79, 80.52, 82, 8943, 1063, 715, P0, 0x0000000000000000
2026/09/18 22:48:08.365, 1, 79, 82.24, 99, 8943, 1177, 715, P0, 0x0000000000000000
2026/09/18 22:48:09.377, 0, 79, 98.01, 59, 8943, 1037, 715, P0, 0x0000000000000000
2026/09/18 22:48:09.386, 1, 79, 83.71, 98, 8943, 1126, 715, P0, 0x0000000000000000
2026/09/18 22:48:10.395, 0, 79, 97.01, 94, 8943, 1139, 715, P0, 0x0000000000000000
2026/09/18 22:48:10.405, 1, 79, 125.98, 99, 8943, 1189, 715, P0, 0x0000000000000000
2026/09/18 22:48:11.409, 0, 79, 99.97, 87, 8943, 1113, 715, P0, 0x0000000000000020
2026/09/18 22:48:11.412, 1, 79, 109.80, 100, 8943, 1189, 715, P0, 0x0000000000000000
2026/09/18 22:48:12.423, 0, 79, 125.38, 92, 8943, 1189, 715, P0, 0x0000000000000000
2026/09/18 22:48:12.426, 1, 79, 119.60, 100, 8943, 1189, 715, P0, 0x0000000000000000
2026/09/18 22:48:13.433, 0, 79, 122.14, 80, 8943, 1139, 715, P0, 0x0000000000000020
2026/09/18 22:48:13.436, 1, 79, 125.51, 100, 8943, 1126, 715, P0, 0x0000000000000020
2026/09/18 22:48:14.464, 0, 79, 125.64, 46, 8943, 1101, 715, P0, 0x0000000000000020
2026/09/18 22:48:14.470, 1, 79, 125.29, 95, 8943, 1126, 715, P0, 0x0000000000000020
2026/09/18 22:48:15.479, 0, 79, 106.33, 79, 8943, 1050, 715, P0, 0x0000000000000020
2026/09/18 22:48:15.485, 1, 79, 112.87, 98, 8943, 1101, 715, P0, 0x0000000000000020
2026/09/18 22:48:16.502, 0, 79, 107.70, 83, 8943, 1050, 715, P0, 0x0000000000000020
2026/09/18 22:48:16.505, 1, 79, 111.20, 99, 8943, 1101, 715, P0, 0x0000000000000020
2026/09/18 22:48:17.514, 0, 79, 107.78, 79, 8943, 1050, 715, P0, 0x0000000000000020
2026/09/18 22:48:17.517, 1, 79, 113.60, 99, 8943, 1113, 715, P0, 0x0000000000000020
2026/09/18 22:48:18.527, 0, 79, 89.45, 88, 8943, 1075, 715, P0, 0x0000000000000000
2026/09/18 22:48:18.533, 1, 79, 103.95, 100, 8943, 1189, 715, P0, 0x0000000000000000
2026/09/18 22:48:19.538, 0, 79, 49.50, 98, 8943, 1189, 715, P0, 0x0000000000000000
2026/09/18 22:48:19.545, 1, 79, 52.12, 93, 8943, 1202, 715, P0, 0x0000000000000000
2026/09/18 22:48:20.552, 0, 79, 102.11, 92, 8943, 1151, 715, P0, 0x0000000000000000
2026/09/18 22:48:20.556, 1, 79, 106.94, 100, 8943, 1189, 715, P0, 0x0000000000000020
2026/09/18 22:48:21.565, 0, 79, 113.18, 100, 8943, 1189, 715, P0, 0x0000000000000020
2026/09/18 22:48:21.569, 1, 79, 120.62, 91, 8943, 1227, 715, P0, 0x0000000000000000
2026/09/18 22:48:22.576, 0, 79, 117.70, 97, 8943, 1164, 715, P0, 0x0000000000000020
2026/09/18 22:48:22.579, 1, 79, 103.40, 92, 8943, 1189, 715, P0, 0x0000000000000000
2026/09/18 22:48:23.588, 0, 79, 121.82, 100, 8943, 1075, 715, P0, 0x0000000000000020
2026/09/18 22:48:23.597, 1, 79, 129.58, 91, 8943, 1126, 715, P0, 0x0000000000000020
2026/09/18 22:48:24.617, 0, 79, 104.40, 87, 8943, 1037, 715, P0, 0x0000000000000000
2026/09/18 22:48:24.620, 1, 79, 115.03, 90, 8943, 1113, 715, P0, 0x0000000000000020
2026/09/18 22:48:25.629, 0, 79, 105.61, 82, 8943, 1037, 715, P0, 0x0000000000000000
2026/09/18 22:48:25.638, 1, 79, 114.56, 91, 8943, 1113, 715, P0, 0x0000000000000020
2026/09/18 22:48:26.656, 0, 79, 108.19, 90, 8943, 1050, 715, P0, 0x0000000000000020
2026/09/18 22:48:26.659, 1, 79, 115.20, 91, 8943, 1126, 715, P0, 0x0000000000000020
2026/09/18 22:48:27.681, 0, 79, 106.81, 82, 8943, 1050, 715, P0, 0x0000000000000020
2026/09/18 22:48:27.686, 1, 79, 114.81, 99, 8943, 1126, 715, P0, 0x0000000000000000
2026/09/18 22:48:28.694, 0, 79, 103.93, 90, 8943, 1025, 715, P0, 0x0000000000000000
2026/09/18 22:48:28.697, 1, 79, 112.64, 100, 8943, 1126, 715, P0, 0x0000000000000020
2026/09/18 22:48:29.703, 0, 79, 97.45, 94, 8943, 1050, 715, P0, 0x0000000000000000
2026/09/18 22:48:29.708, 1, 79, 67.15, 100, 8943, 1189, 715, P0, 0x0000000000000000
2026/09/18 22:48:30.715, 0, 79, 102.73, 84, 8943, 1025, 715, P0, 0x0000000000000000
2026/09/18 22:48:30.719, 1, 79, 115.28, 99, 8943, 1139, 715, P0, 0x0000000000000000
2026/09/18 22:48:31.739, 0, 79, 96.00, 87, 8943, 1037, 715, P0, 0x0000000000000000
2026/09/18 22:48:31.743, 1, 79, 71.01, 100, 8943, 1189, 715, P0, 0x0000000000000000
2026/09/18 22:48:32.753, 0, 79, 80.25, 92, 8943, 1075, 715, P0, 0x0000000000000000
2026/09/18 22:48:32.759, 1, 79, 71.56, 100, 8943, 1189, 715, P0, 0x0000000000000000
2026/09/18 22:48:33.768, 0, 79, 95.97, 82, 8943, 1050, 715, P0, 0x0000000000000000
2026/09/18 22:48:33.780, 1, 80, 74.15, 99, 8943, 1164, 715, P0, 0x0000000000000000
2026/09/18 22:48:34.793, 0, 79, 100.89, 87, 8943, 1126, 715, P0, 0x0000000000000000
2026/09/18 22:48:34.798, 1, 79, 94.26, 100, 8943, 1189, 715, P0, 0x0000000000000000
2026/09/18 22:48:35.805, 0, 79, 97.75, 57, 8943, 1025, 715, P0, 0x0000000000000020
2026/09/18 22:48:35.808, 1, 79, 90.57, 99, 8943, 1164, 715, P0, 0x0000000000000000
2026/09/18 22:48:36.822, 0, 79, 105.57, 97, 8943, 1075, 715, P0, 0x0000000000000000
2026/09/18 22:48:36.825, 1, 79, 106.01, 99, 8943, 1189, 715, P0, 0x0000000000000000
2026/09/18 22:48:37.837, 0, 79, 103.04, 95, 8943, 1113, 715, P0, 0x0000000000000000
2026/09/18 22:48:37.840, 1, 79, 104.34, 100, 8943, 1189, 715, P0, 0x0000000000000000
2026/09/18 22:48:38.851, 0, 79, 79.02, 100, 8943, 1075, 715, P0, 0x0000000000000000
2026/09/18 22:48:38.859, 1, 79, 94.27, 98, 8943, 1189, 715, P0, 0x0000000000000000
2026/09/18 22:48:39.865, 0, 79, 94.41, 100, 8943, 1088, 715, P0, 0x0000000000000000
2026/09/18 22:48:39.868, 1, 79, 90.60, 99, 8943, 1189, 715, P0, 0x0000000000000000
2026/09/18 22:48:40.878, 0, 79, 53.83, 96, 8943, 1189, 715, P0, 0x0000000000000000
2026/09/18 22:48:40.884, 1, 79, 51.40, 100, 8943, 1189, 715, P0, 0x0000000000000000
2026/09/18 22:48:41.898, 0, 79, 95.93, 95, 8943, 1050, 715, P0, 0x0000000000000000
2026/09/18 22:48:41.901, 1, 79, 93.48, 100, 8943, 999, 715, P0, 0x0000000000000000
2026/09/18 22:48:42.922, 0, 79, 76.54, 96, 8943, 1088, 715, P0, 0x0000000000000000
2026/09/18 22:48:42.928, 1, 79, 105.26, 100, 8943, 1037, 715, P0, 0x0000000000000000
2026/09/18 22:48:43.933, 0, 79, 109.96, 75, 8943, 1050, 715, P0, 0x0000000000000020
2026/09/18 22:48:43.941, 1, 79, 99.34, 100, 8943, 974, 715, P0, 0x0000000000000020
2026/09/18 22:48:44.961, 0, 79, 109.25, 82, 8943, 1063, 715, P0, 0x0000000000000020
2026/09/18 22:48:44.965, 1, 79, 99.82, 100, 8943, 974, 715, P0, 0x0000000000000020
2026/09/18 22:48:45.970, 0, 79, 107.80, 79, 8943, 1050, 715, P0, 0x0000000000000020
2026/09/18 22:48:45.973, 1, 79, 99.34, 100, 8943, 961, 715, P0, 0x0000000000000020
2026/09/18 22:48:46.983, 0, 79, 107.08, 81, 8943, 1050, 715, P0, 0x0000000000000020
2026/09/18 22:48:46.987, 1, 79, 102.95, 99, 8943, 1037, 715, P0, 0x0000000000000020
2026/09/18 22:48:47.993, 0, 79, 107.56, 79, 8943, 1050, 715, P0, 0x0000000000000020
2026/09/18 22:48:47.996, 1, 79, 103.60, 99, 8943, 1037, 715, P0, 0x0000000000000020
2026/09/18 22:48:49.007, 0, 79, 102.76, 79, 8943, 1063, 715, P0, 0x0000000000000020
2026/09/18 22:48:49.009, 1, 79, 99.11, 99, 8943, 1037, 715, P0, 0x0000000000000020
2026/09/18 22:48:50.020, 0, 79, 107.56, 79, 8943, 1050, 715, P0, 0x0000000000000020
2026/09/18 22:48:50.024, 1, 79, 105.52, 99, 8943, 1075, 715, P0, 0x0000000000000000
2026/09/18 22:48:51.030, 0, 79, 103.47, 100, 8943, 1050, 715, P0, 0x0000000000000000
2026/09/18 22:48:51.034, 1, 79, 100.07, 99, 8943, 1075, 715, P0, 0x0000000000000020
2026/09/18 22:48:52.041, 0, 79, 108.04, 95, 8943, 1050, 715, P0, 0x0000000000000020
2026/09/18 22:48:52.046, 1, 79, 105.75, 95, 8943, 1075, 715, P0, 0x0000000000000000
2026/09/18 22:48:53.054, 0, 79, 109.65, 100, 8943, 1063, 715, P0, 0x0000000000000020
2026/09/18 22:48:53.057, 1, 79, 104.79, 98, 8943, 1075, 715, P0, 0x0000000000000000
2026/09/18 22:48:54.066, 0, 79, 92.12, 100, 8943, 1075, 715, P0, 0x0000000000000000
2026/09/18 22:48:54.069, 1, 79, 77.50, 99, 8943, 1113, 715, P0, 0x0000000000000000
2026/09/18 22:48:55.077, 0, 79, 108.99, 95, 8943, 1063, 715, P0, 0x0000000000000000
2026/09/18 22:48:55.080, 1, 79, 105.75, 97, 8943, 1075, 715, P0, 0x0000000000000000
2026/09/18 22:48:56.091, 0, 79, 102.10, 100, 8943, 1075, 715, P0, 0x0000000000000000
2026/09/18 22:48:56.096, 1, 79, 101.71, 99, 8943, 1101, 715, P0, 0x0000000000000000
2026/09/18 22:48:57.102, 0, 79, 88.04, 100, 8943, 1151, 715, P0, 0x0000000000000000
2026/09/18 22:48:57.111, 1, 79, 74.00, 99, 8943, 1189, 715, P0, 0x0000000000000000
2026/09/18 22:48:58.117, 0, 79, 106.12, 94, 8943, 1063, 715, P0, 0x0000000000000000
2026/09/18 22:48:58.120, 1, 79, 100.55, 96, 8943, 1075, 715, P0, 0x0000000000000000
2026/09/18 22:48:59.128, 0, 79, 84.03, 97, 8943, 1126, 715, P0, 0x0000000000000000
2026/09/18 22:48:59.136, 1, 79, 104.32, 98, 8943, 1151, 715, P0, 0x0000000000000000
2026/09/18 22:49:00.154, 0, 79, 107.30, 87, 8943, 1063, 715, P0, 0x0000000000000020
2026/09/18 22:49:00.157, 1, 79, 107.91, 100, 8943, 1113, 715, P0, 0x0000000000000020
2026/09/18 22:49:01.167, 0, 79, 87.86, 91, 8943, 1075, 715, P0, 0x0000000000000000
2026/09/18 22:49:01.178, 1, 79, 88.99, 100, 8943, 1189, 715, P0, 0x0000000000000000
2026/09/18 22:49:02.195, 0, 79, 117.34, 95, 8943, 1177, 715, P0, 0x0000000000000000
2026/09/18 22:49:02.198, 1, 79, 117.81, 100, 8943, 1189, 715, P0, 0x0000000000000000
2026/09/18 22:49:03.209, 0, 79, 102.68, 83, 8943, 1063, 715, P0, 0x0000000000000000
2026/09/18 22:49:03.219, 1, 79, 68.89, 99, 8943, 1189, 715, P0, 0x0000000000000000
2026/09/18 22:49:04.235, 0, 79, 81.02, 92, 8943, 632, 715, P0, 0x0000000000000020
2026/09/18 22:49:04.244, 1, 79, 120.36, 58, 8943, 1139, 715, P0, 0x0000000000000020
2026/09/18 22:49:05.252, 0, 79, 87.96, 100, 8943, 810, 715, P0, 0x0000000000000000
2026/09/18 22:49:05.262, 1, 79, 51.09, 100, 8943, 1189, 715, P0, 0x0000000000000000
2026/09/18 22:49:06.279, 0, 79, 99.58, 79, 8943, 936, 715, P0, 0x0000000000000020
2026/09/18 22:49:06.282, 1, 79, 126.40, 74, 8943, 1164, 715, P0, 0x0000000000000020
2026/09/18 22:49:07.292, 0, 79, 115.64, 81, 8943, 1025, 715, P0, 0x0000000000000020
2026/09/18 22:49:07.303, 1, 79, 136.21, 74, 8943, 1189, 715, P0, 0x0000000000000020
2026/09/18 22:49:08.317, 0, 79, 112.14, 87, 8943, 1075, 715, P0, 0x0000000000000020
2026/09/18 22:49:08.321, 1, 79, 133.37, 94, 8943, 1202, 715, P0, 0x0000000000000020
2026/09/18 22:49:09.340, 0, 79, 104.59, 100, 8943, 1151, 715, P0, 0x0000000000000000
2026/09/18 22:49:09.346, 1, 79, 135.89, 82, 8943, 1303, 715, P0, 0x0000000000000020
2026/09/18 22:49:10.356, 0, 79, 121.56, 100, 8943, 1139, 715, P0, 0x0000000000000000
2026/09/18 22:49:10.361, 1, 79, 117.11, 81, 8943, 1316, 715, P0, 0x0000000000000020
2026/09/18 22:49:11.381, 0, 79, 47.80, 100, 8943, 1189, 715, P0, 0x0000000000000000
2026/09/18 22:49:11.384, 1, 79, 54.78, 89, 8943, 1278, 715, P0, 0x0000000000000000
2026/09/18 22:49:12.396, 0, 79, 94.54, 92, 8943, 1075, 715, P0, 0x0000000000000000
2026/09/18 22:49:12.402, 1, 79, 104.49, 100, 8943, 1189, 715, P0, 0x0000000000000000
2026/09/18 22:49:13.410, 0, 79, 91.86, 90, 8943, 1088, 715, P0, 0x0000000000000000
2026/09/18 22:49:13.413, 1, 79, 102.54, 100, 8943, 1164, 715, P0, 0x0000000000000000
2026/09/18 22:49:14.421, 0, 79, 103.29, 51, 8943, 1025, 715, P0, 0x0000000000000020
2026/09/18 22:49:14.424, 1, 79, 104.87, 99, 8943, 1050, 715, P0, 0x0000000000000020
2026/09/18 22:49:15.441, 0, 79, 102.75, 79, 8943, 1025, 715, P0, 0x0000000000000000
2026/09/18 22:49:15.444, 1, 79, 104.33, 99, 8943, 1050, 715, P0, 0x0000000000000020
2026/09/18 22:49:16.453, 0, 79, 103.47, 100, 8943, 1025, 715, P0, 0x0000000000000000
2026/09/18 22:49:16.456, 1, 79, 104.14, 99, 8943, 1050, 715, P0, 0x0000000000000000
2026/09/18 22:49:17.461, 0, 79, 101.61, 84, 8943, 987, 715, P0, 0x0000000000000000
2026/09/18 22:49:17.467, 1, 79, 106.48, 91, 8943, 1075, 715, P0, 0x0000000000000020
2026/09/18 22:49:18.475, 0, 79, 101.54, 82, 8943, 1012, 715, P0, 0x0000000000000000
2026/09/18 22:49:18.485, 1, 79, 106.00, 91, 8943, 1075, 715, P0, 0x0000000000000020
2026/09/18 22:49:19.499, 0, 79, 101.54, 79, 8943, 1012, 715, P0, 0x0000000000000000
2026/09/18 22:49:19.507, 1, 79, 106.96, 92, 8943, 1063, 715, P0, 0x0000000000000020
2026/09/18 22:49:20.530, 0, 79, 120.97, 83, 8943, 1088, 715, P0, 0x0000000000000020
2026/09/18 22:49:20.535, 1, 79, 118.28, 98, 8943, 1075, 715, P0, 0x0000000000000020
2026/09/18 22:49:21.546, 0, 79, 113.70, 82, 8943, 1050, 715, P0, 0x0000000000000020
2026/09/18 22:49:21.549, 1, 79, 107.89, 98, 8943, 1075, 715, P0, 0x0000000000000020
2026/09/18 22:49:22.561, 0, 79, 122.95, 57, 8943, 1202, 715, P0, 0x0000000000000020
2026/09/18 22:49:22.568, 1, 79, 127.90, 88, 8943, 1202, 715, P0, 0x0000000000000020
2026/09/18 22:49:23.589, 0, 79, 124.20, 95, 8943, 1113, 715, P0, 0x0000000000000020
2026/09/18 22:49:23.592, 1, 79, 131.41, 97, 8943, 1113, 715, P0, 0x0000000000000020
2026/09/18 22:49:24.602, 0, 79, 118.42, 94, 8943, 1050, 715, P0, 0x0000000000000020
2026/09/18 22:49:24.609, 1, 79, 112.14, 96, 8943, 1075, 715, P0, 0x0000000000000020
2026/09/18 22:49:25.634, 0, 79, 118.25, 100, 8943, 1177, 715, P0, 0x0000000000000000
2026/09/18 22:49:25.639, 1, 79, 116.43, 96, 8943, 1177, 715, P0, 0x0000000000000020
2026/09/18 22:49:26.647, 0, 79, 119.12, 100, 8943, 1189, 715, P0, 0x0000000000000000
2026/09/18 22:49:26.650, 1, 79, 117.17, 96, 8943, 1164, 715, P0, 0x0000000000000020
2026/09/18 22:49:27.657, 0, 79, 127.79, 79, 8943, 1189, 715, P0, 0x0000000000000020
2026/09/18 22:49:27.660, 1, 79, 126.70, 96, 8943, 1126, 715, P0, 0x0000000000000020
2026/09/18 22:49:28.671, 0, 79, 100.30, 89, 8943, 1189, 715, P0, 0x0000000000000000
2026/09/18 22:49:28.674, 1, 79, 112.22, 100, 8943, 1189, 715, P0, 0x0000000000000000
2026/09/18 22:49:29.685, 0, 79, 127.36, 90, 8943, 1189, 715, P0, 0x0000000000000000
2026/09/18 22:49:29.688, 1, 79, 110.72, 100, 8943, 1189, 715, P0, 0x0000000000000000
2026/09/18 22:49:30.699, 0, 79, 50.96, 88, 8943, 1240, 715, P0, 0x0000000000000000
2026/09/18 22:49:30.704, 1, 78, 50.21, 100, 8943, 1189, 715, P0, 0x0000000000000000
2026/09/18 22:49:31.713, 0, 79, 83.97, 100, 8943, 1075, 715, P0, 0x0000000000000000
2026/09/18 22:49:31.716, 1, 79, 89.63, 99, 8943, 1151, 715, P0, 0x0000000000000000
2026/09/18 22:49:32.726, 0, 79, 114.80, 100, 8943, 1151, 715, P0, 0x0000000000000000
2026/09/18 22:49:32.730, 1, 79, 102.87, 99, 8943, 1189, 715, P0, 0x0000000000000000
2026/09/18 22:49:33.744, 0, 79, 108.42, 88, 8943, 1063, 715, P0, 0x0000000000000020
2026/09/18 22:49:33.751, 1, 79, 115.27, 96, 8943, 1113, 715, P0, 0x0000000000000020
2026/09/18 22:49:34.757, 0, 79, 86.26, 87, 8943, 746, 715, P0, 0x0000000000000020
2026/09/18 22:49:34.760, 1, 79, 115.81, 88, 8943, 1113, 715, P0, 0x0000000000000020
2026/09/18 22:49:35.766, 0, 78, 93.99, 100, 8943, 961, 715, P0, 0x0000000000000000
2026/09/18 22:49:35.775, 1, 78, 83.68, 42, 8943, 1290, 715, P0, 0x0000000000000000
2026/09/18 22:49:36.791, 0, 79, 96.69, 55, 8943, 911, 715, P0, 0x0000000000000020
2026/09/18 22:49:36.797, 1, 79, 147.65, 87, 8943, 1316, 715, P0, 0x0000000000000020
2026/09/18 22:49:37.808, 0, 79, 93.89, 84, 8943, 911, 715, P0, 0x0000000000000000
2026/09/18 22:49:37.817, 1, 79, 117.39, 100, 8943, 1189, 715, P0, 0x0000000000000000
2026/09/18 22:49:38.836, 0, 79, 100.53, 79, 8943, 987, 715, P0, 0x0000000000000020
2026/09/18 22:49:38.839, 1, 79, 130.12, 97, 8943, 1177, 715, P0, 0x0000000000000020
2026/09/18 22:49:39.850, 0, 79, 115.38, 75, 8943, 1050, 715, P0, 0x0000000000000020
2026/09/18 22:49:39.856, 1, 79, 147.02, 84, 8943, 1202, 715, P0, 0x0000000000000020
2026/09/18 22:49:40.866, 0, 79, 108.81, 79, 8943, 1126, 715, P0, 0x0000000000000020
2026/09/18 22:49:40.873, 1, 79, 138.08, 78, 8943, 1303, 715, P0, 0x0000000000000000
2026/09/18 22:49:41.884, 0, 79, 104.81, 87, 8943, 1126, 715, P0, 0x0000000000000000
2026/09/18 22:49:41.895, 1, 79, 110.18, 84, 8943, 1265, 715, P0, 0x0000000000000000
2026/09/18 22:49:42.905, 0, 79, 102.34, 100, 8943, 999, 715, P0, 0x0000000000000020
2026/09/18 22:49:42.917, 1, 79, 98.69, 98, 8943, 1063, 715, P0, 0x0000000000000000
2026/09/18 22:49:43.936, 0, 79, 102.03, 91, 8943, 999, 715, P0, 0x0000000000000020
2026/09/18 22:49:43.939, 1, 79, 106.01, 90, 8943, 1050, 715, P0, 0x0000000000000000
2026/09/18 22:49:44.944, 0, 79, 101.61, 82, 8943, 987, 715, P0, 0x0000000000000020
2026/09/18 22:49:44.947, 1, 79, 104.15, 90, 8943, 1050, 715, P0, 0x0000000000000000
2026/09/18 22:49:45.953, 0, 79, 120.34, 89, 8943, 1139, 715, P0, 0x0000000000000020
2026/09/18 22:49:45.957, 1, 79, 112.30, 100, 8943, 1101, 715, P0, 0x0000000000000020
2026/09/18 22:49:46.968, 0, 79, 116.52, 92, 8943, 1151, 715, P0, 0x0000000000000020
2026/09/18 22:49:46.975, 1, 79, 115.88, 100, 8943, 1126, 715, P0, 0x0000000000000020
2026/09/18 22:49:47.992, 0, 79, 118.68, 97, 8943, 1189, 715, P0, 0x0000000000000000
2026/09/18 22:49:47.995, 1, 79, 117.25, 96, 8943, 1139, 715, P0, 0x0000000000000020
2026/09/18 22:49:49.008, 0, 79, 95.44, 95, 8943, 1075, 715, P0, 0x0000000000000020
2026/09/18 22:49:49.016, 1, 78, 107.73, 99, 8943, 1189, 715, P0, 0x0000000000000000
2026/09/18 22:49:50.039, 0, 79, 105.93, 91, 8943, 1101, 715, P0, 0x0000000000000000
2026/09/18 22:49:50.043, 1, 79, 93.67, 100, 8943, 1189, 715, P0, 0x0000000000000000
2026/09/18 22:49:51.051, 0, 79, 111.82, 87, 8943, 1126, 715, P0, 0x0000000000000000
2026/09/18 22:49:51.056, 1, 79, 84.46, 100, 8943, 1101, 715, P0, 0x0000000000000000
2026/09/18 22:49:52.081, 0, 79, 104.89, 97, 8943, 1037, 715, P0, 0x0000000000000020
2026/09/18 22:49:52.085, 1, 79, 110.80, 98, 8943, 1075, 715, P0, 0x0000000000000020
2026/09/18 22:49:53.093, 0, 79, 104.41, 92, 8943, 1037, 715, P0, 0x0000000000000020
2026/09/18 22:49:53.098, 1, 79, 110.08, 97, 8943, 1075, 715, P0, 0x0000000000000020
2026/09/18 22:49:54.110, 0, 79, 111.30, 50, 8943, 1063, 715, P0, 0x0000000000000020
2026/09/18 22:49:54.120, 1, 79, 115.01, 83, 8943, 1113, 715, P0, 0x0000000000000020
2026/09/18 22:49:55.142, 0, 79, 110.34, 79, 8943, 1063, 715, P0, 0x0000000000000020
2026/09/18 22:49:55.146, 1, 79, 112.14, 94, 8943, 1101, 715, P0, 0x0000000000000020
2026/09/18 22:49:56.155, 0, 79, 108.91, 79, 8943, 1050, 715, P0, 0x0000000000000020
2026/09/18 22:49:56.161, 1, 79, 106.95, 94, 8943, 1088, 715, P0, 0x0000000000000000
2026/09/18 22:49:57.184, 0, 79, 120.97, 95, 8943, 1189, 715, P0, 0x0000000000000000
2026/09/18 22:49:57.187, 1, 79, 126.96, 92, 8943, 1189, 715, P0, 0x0000000000000020
2026/09/18 22:49:58.195, 0, 79, 118.33, 97, 8943, 1189, 715, P0, 0x0000000000000000
2026/09/18 22:49:58.199, 1, 79, 122.83, 93, 8943, 1189, 715, P0, 0x0000000000000020
2026/09/18 22:49:59.209, 0, 79, 125.13, 100, 8943, 1151, 715, P0, 0x0000000000000020
2026/09/18 22:49:59.222, 1, 79, 138.25, 93, 8943, 1252, 715, P0, 0x0000000000000020
2026/09/18 22:50:00.233, 0, 79, 92.66, 92, 8943, 1151, 715, P0, 0x0000000000000000
2026/09/18 22:50:00.236, 1, 79, 105.04, 93, 8943, 1189, 715, P0, 0x0000000000000000
2026/09/18 22:50:01.243, 0, 79, 113.93, 91, 8943, 1151, 715, P0, 0x0000000000000000
2026/09/18 22:50:01.246, 1, 79, 93.53, 100, 8943, 1189, 715, P0, 0x0000000000000000
2026/09/18 22:50:02.258, 0, 79, 81.21, 87, 8943, 1177, 715, P0, 0x0000000000000000
2026/09/18 22:50:02.263, 1, 79, 64.62, 100, 8943, 1189, 715, P0, 0x0000000000000000
2026/09/18 22:50:03.275, 0, 79, 113.36, 100, 8943, 1075, 715, P0, 0x0000000000000020
2026/09/18 22:50:03.283, 1, 79, 120.85, 99, 8943, 1139, 715, P0, 0x0000000000000000
2026/09/18 22:50:04.302, 0, 79, 110.02, 98, 8943, 1063, 715, P0, 0x0000000000000020
2026/09/18 22:50:04.305, 1, 79, 120.45, 99, 8943, 1139, 715, P0, 0x0000000000000000
2026/09/18 22:50:05.314, 0, 79, 115.42, 43, 8943, 1126, 715, P0, 0x0000000000000020
2026/09/18 22:50:05.317, 1, 79, 135.02, 57, 8943, 1202, 715, P0, 0x0000000000000020
2026/09/18 22:50:06.331, 0, 79, 87.26, 97, 8943, 1088, 715, P0, 0x0000000000000000
2026/09/18 22:50:06.334, 1, 79, 109.61, 100, 8943, 1189, 715, P0, 0x0000000000000000
2026/09/18 22:50:07.344, 0, 79, 98.25, 100, 8943, 949, 715, P0, 0x0000000000000020
2026/09/18 22:50:07.348, 1, 79, 85.57, 97, 8943, 1164, 715, P0, 0x0000000000000000
2026/09/18 22:50:08.360, 0, 79, 108.87, 42, 8943, 974, 715, P0, 0x0000000000000020
2026/09/18 22:50:08.370, 1, 79, 117.91, 65, 8943, 1113, 715, P0, 0x0000000000000020
2026/09/18 22:50:09.388, 0, 79, 115.92, 92, 8943, 1101, 715, P0, 0x0000000000000020
2026/09/18 22:50:09.391, 1, 79, 131.20, 83, 8943, 1139, 715, P0, 0x0000000000000020
2026/09/18 22:50:10.408, 0, 79, 93.69, 100, 8943, 1189, 715, P0, 0x0000000000000000
2026/09/18 22:50:10.411, 1, 79, 123.03, 84, 8943, 1202, 715, P0, 0x0000000000000000
2026/09/18 22:50:11.420, 0, 79, 102.74, 84, 8943, 1050, 715, P0, 0x0000000000000020
2026/09/18 22:50:11.430, 1, 79, 112.71, 100, 8943, 1164, 715, P0, 0x0000000000000000
2026/09/18 22:50:12.436, 0, 79, 108.41, 79, 8943, 1050, 715, P0, 0x0000000000000000
2026/09/18 22:50:12.439, 1, 79, 119.03, 100, 8943, 1139, 715, P0, 0x0000000000000000
2026/09/18 22:50:13.459, 0, 79, 110.98, 79, 8943, 1050, 715, P0, 0x0000000000000020
2026/09/18 22:50:13.470, 1, 79, 121.33, 99, 8943, 1126, 715, P0, 0x0000000000000020
2026/09/18 22:50:14.487, 0, 79, 106.57, 82, 8943, 1037, 715, P0, 0x0000000000000020
2026/09/18 22:50:14.492, 1, 79, 114.56, 90, 8943, 1126, 715, P0, 0x0000000000000020
2026/09/18 22:50:15.501, 0, 79, 108.41, 79, 8943, 1037, 715, P0, 0x0000000000000020
2026/09/18 22:50:15.514, 1, 79, 115.68, 88, 8943, 1126, 715, P0, 0x0000000000000020
2026/09/18 22:50:16.527, 0, 79, 118.54, 79, 8943, 1025, 715, P0, 0x0000000000000020
2026/09/18 22:50:16.535, 1, 79, 123.24, 89, 8943, 1126, 715, P0, 0x0000000000000020
2026/09/18 22:50:17.540, 0, 79, 116.51, 100, 8943, 1189, 715, P0, 0x0000000000000000
2026/09/18 22:50:17.542, 1, 79, 122.17, 100, 8943, 1189, 715, P0, 0x0000000000000000
2026/09/18 22:50:18.554, 0, 79, 105.84, 100, 8943, 1151, 715, P0, 0x0000000000000000
2026/09/18 22:50:18.557, 1, 79, 110.21, 99, 8943, 1189, 715, P0, 0x0000000000000000
2026/09/18 22:50:19.566, 0, 79, 99.06, 97, 8943, 1075, 715, P0, 0x0000000000000000
2026/09/18 22:50:19.577, 1, 79, 68.85, 98, 8943, 1151, 715, P0, 0x0000000000000000
2026/09/18 22:50:20.582, 0, 79, 106.34, 79, 8943, 1037, 715, P0, 0x0000000000000020
2026/09/18 22:50:20.584, 1, 79, 115.75, 88, 8943, 1126, 715, P0, 0x0000000000000020
2026/09/18 22:50:21.599, 0, 79, 106.27, 79, 8943, 1037, 715, P0, 0x0000000000000000
2026/09/18 22:50:21.601, 1, 79, 114.79, 89, 8943, 1126, 715, P0, 0x0000000000000020
2026/09/18 22:50:22.610, 0, 79, 124.74, 79, 8943, 1189, 715, P0, 0x0000000000000020
2026/09/18 22:50:22.616, 1, 79, 117.86, 89, 8943, 1240, 715, P0, 0x0000000000000000
2026/09/18 22:50:23.624, 0, 79, 114.71, 100, 8943, 1189, 715, P0, 0x0000000000000000
2026/09/18 22:50:23.636, 1, 79, 103.37, 89, 8943, 1303, 715, P0, 0x0000000000000000
2026/09/18 22:50:24.648, 0, 79, 91.53, 95, 8943, 1151, 715, P0, 0x0000000000000000
2026/09/18 22:50:24.656, 1, 79, 127.39, 92, 8943, 1215, 715, P0, 0x0000000000000000
2026/09/18 22:50:25.674, 0, 79, 107.70, 43, 8943, 1050, 715, P0, 0x0000000000000020
2026/09/18 22:50:25.677, 1, 79, 120.71, 99, 8943, 1126, 715, P0, 0x0000000000000020
2026/09/18 22:50:26.689, 0, 79, 107.46, 95, 8943, 1050, 715, P0, 0x0000000000000020
2026/09/18 22:50:26.697, 1, 79, 114.31, 99, 8943, 1126, 715, P0, 0x0000000000000020
2026/09/18 22:50:27.704, 0, 79, 107.70, 87, 8943, 1050, 715, P0, 0x0000000000000020
2026/09/18 22:50:27.707, 1, 79, 114.55, 89, 8943, 1126, 715, P0, 0x0000000000000020
2026/09/18 22:50:28.717, 0, 79, 135.29, 85, 8943, 1202, 715, P0, 0x0000000000000000
2026/09/18 22:50:28.721, 1, 79, 124.49, 91, 8943, 1252, 715, P0, 0x0000000000000020
2026/09/18 22:50:29.732, 0, 79, 110.71, 93, 8943, 1189, 715, P0, 0x0000000000000000
2026/09/18 22:50:29.735, 1, 79, 122.27, 100, 8943, 1139, 715, P0, 0x0000000000000020
2026/09/18 22:50:30.759, 0, 79, 120.93, 100, 8943, 1164, 715, P0, 0x0000000000000000
2026/09/18 22:50:30.765, 1, 79, 97.00, 100, 8943, 1113, 715, P0, 0x0000000000000000
2026/09/18 22:50:31.776, 0, 79, 110.43, 87, 8943, 1050, 715, P0, 0x0000000000000020
2026/09/18 22:50:31.779, 1, 79, 104.79, 99, 8943, 1050, 715, P0, 0x0000000000000000
2026/09/18 22:50:32.793, 0, 79, 106.36, 79, 8943, 1050, 715, P0, 0x0000000000000000
2026/09/18 22:50:32.797, 1, 79, 102.21, 99, 8943, 1037, 715, P0, 0x0000000000000000
2026/09/18 22:50:33.811, 0, 79, 105.88, 79, 8943, 1037, 715, P0, 0x0000000000000020
2026/09/18 22:50:33.818, 1, 79, 101.27, 100, 8943, 1037, 715, P0, 0x0000000000000000
2026/09/18 22:50:34.838, 0, 79, 110.83, 100, 8943, 1139, 715, P0, 0x0000000000000020
2026/09/18 22:50:34.842, 1, 79, 115.61, 99, 8943, 1189, 715, P0, 0x0000000000000020
2026/09/18 22:50:35.848, 0, 79, 124.98, 100, 8943, 1164, 715, P0, 0x0000000000000020
2026/09/18 22:50:35.859, 1, 79, 114.25, 100, 8943, 1189, 715, P0, 0x0000000000000000
2026/09/18 22:50:36.870, 0, 79, 59.85, 92, 8943, 1189, 715, P0, 0x0000000000000000
2026/09/18 22:50:36.876, 1, 79, 57.66, 100, 8943, 1189, 715, P0, 0x0000000000000000
2026/09/18 22:50:37.886, 0, 79, 107.30, 80, 8943, 1050, 715, P0, 0x0000000000000020
2026/09/18 22:50:37.889, 1, 79, 109.11, 99, 8943, 1075, 715, P0, 0x0000000000000020
2026/09/18 22:50:38.897, 0, 79, 106.34, 90, 8943, 1050, 715, P0, 0x0000000000000020
2026/09/18 22:50:38.902, 1, 79, 107.67, 98, 8943, 1063, 715, P0, 0x0000000000000020
2026/09/18 22:50:39.909, 0, 79, 126.01, 42, 8943, 1202, 715, P0, 0x0000000000000020
2026/09/18 22:50:39.912, 1, 79, 140.07, 85, 8943, 1227, 715, P0, 0x0000000000000000
2026/09/18 22:50:40.922, 0, 79, 115.26, 92, 8943, 1139, 715, P0, 0x0000000000000020
2026/09/18 22:50:40.925, 1, 79, 102.60, 100, 8943, 1189, 715, P0, 0x0000000000000000
2026/09/18 22:50:41.936, 0, 79, 112.84, 100, 8943, 1126, 715, P0, 0x0000000000000000
2026/09/18 22:50:41.942, 1, 79, 101.80, 100, 8943, 1189, 715, P0, 0x0000000000000000
2026/09/18 22:50:42.963, 0, 79, 92.99, 69, 8943, 860, 715, P0, 0x0000000000000020
2026/09/18 22:50:42.966, 1, 79, 114.35, 94, 8943, 1126, 715, P0, 0x0000000000000020
2026/09/18 22:50:43.975, 0, 79, 89.91, 100, 8943, 1012, 715, P0, 0x0000000000000000
2026/09/18 22:50:43.984, 1, 79, 112.06, 100, 8943, 1189, 715, P0, 0x0000000000000000
2026/09/18 22:50:45.005, 0, 79, 93.42, 82, 8943, 860, 715, P0, 0x0000000000000020
2026/09/18 22:50:45.008, 1, 79, 116.26, 73, 8943, 1139, 715, P0, 0x0000000000000000
2026/09/18 22:50:46.019, 0, 78, 48.05, 100, 8943, 1189, 715, P0, 0x0000000000000000
2026/09/18 22:50:46.022, 1, 78, 51.18, 100, 8943, 1189, 715, P0, 0x0000000000000000
2026/09/18 22:50:47.030, 0, 79, 92.75, 82, 8943, 873, 715, P0, 0x0000000000000020
2026/09/18 22:50:47.033, 1, 79, 114.65, 63, 8943, 1126, 715, P0, 0x0000000000000020
2026/09/18 22:50:48.046, 0, 79, 103.65, 100, 8943, 1101, 715, P0, 0x0000000000000020
2026/09/18 22:50:48.057, 1, 79, 129.10, 71, 8943, 1265, 715, P0, 0x0000000000000020
2026/09/18 22:50:49.078, 0, 79, 99.13, 82, 8943, 923, 715, P0, 0x0000000000000020
2026/09/18 22:50:49.086, 1, 79, 106.48, 100, 8943, 1164, 715, P0, 0x0000000000000000
2026/09/18 22:50:50.092, 0, 79, 111.66, 79, 8943, 974, 715, P0, 0x0000000000000020
2026/09/18 22:50:50.106, 1, 79, 132.49, 81, 8943, 1164, 715, P0, 0x0000000000000020
2026/09/18 22:50:51.118, 0, 79, 101.98, 87, 8943, 1189, 715, P0, 0x0000000000000000
2026/09/18 22:50:51.121, 1, 79, 116.81, 83, 8943, 1303, 715, P0, 0x0000000000000000
2026/09/18 22:50:52.131, 0, 79, 99.72, 100, 8943, 1050, 715, P0, 0x0000000000000000
2026/09/18 22:50:52.136, 1, 79, 67.04, 100, 8943, 1189, 715, P0, 0x0000000000000000
2026/09/18 22:50:53.162, 0, 79, 101.04, 81, 8943, 1012, 715, P0, 0x0000000000000000
2026/09/18 22:50:53.166, 1, 79, 119.52, 81, 8943, 1139, 715, P0, 0x0000000000000020
2026/09/18 22:50:54.175, 0, 79, 108.14, 83, 8943, 974, 715, P0, 0x0000000000000020
2026/09/18 22:50:54.186, 1, 79, 126.84, 81, 8943, 1139, 715, P0, 0x0000000000000020
2026/09/18 22:50:55.199, 0, 78, 47.81, 100, 8943, 1189, 715, P0, 0x0000000000000000
2026/09/18 22:50:55.202, 1, 79, 50.46, 100, 8943, 1189, 715, P0, 0x0000000000000000
2026/09/18 22:50:56.214, 0, 79, 101.75, 84, 8943, 1012, 715, P0, 0x0000000000000000
2026/09/18 22:50:56.225, 1, 80, 127.33, 90, 8943, 1151, 715, P0, 0x0000000000000020
2026/09/18 22:50:57.242, 0, 79, 101.99, 82, 8943, 1012, 715, P0, 0x0000000000000020
2026/09/18 22:50:57.245, 1, 79, 120.72, 81, 8943, 1139, 715, P0, 0x0000000000000020
2026/09/18 22:50:58.250, 0, 78, 110.77, 97, 8943, 1189, 715, P0, 0x0000000000000000
2026/09/18 22:50:58.253, 1, 79, 111.21, 78, 8943, 1227, 715, P0, 0x0000000000000000
2026/09/18 22:50:59.278, 0, 79, 107.29, 88, 8943, 1139, 715, P0, 0x0000000000000000
2026/09/18 22:50:59.286, 1, 79, 89.42, 99, 8943, 1151, 715, P0, 0x0000000000000000
2026/09/18 22:51:00.301, 0, 79, 106.11, 100, 8943, 1050, 715, P0, 0x0000000000000000
2026/09/18 22:51:00.304, 1, 79, 102.46, 100, 8943, 1063, 715, P0, 0x0000000000000020
2026/09/18 22:51:01.324, 0, 79, 106.83, 70, 8943, 1037, 715, P0, 0x0000000000000020
2026/09/18 22:51:01.328, 1, 79, 107.67, 97, 8943, 1075, 715, P0, 0x0000000000000020
2026/09/18 22:51:02.337, 0, 79, 127.50, 82, 8943, 1101, 715, P0, 0x0000000000000020
2026/09/18 22:51:02.351, 1, 79, 121.29, 94, 8943, 1101, 715, P0, 0x0000000000000020
2026/09/18 22:51:03.365, 0, 79, 104.88, 94, 8943, 1189, 715, P0, 0x0000000000000020
2026/09/18 22:51:03.368, 1, 79, 112.55, 96, 8943, 1189, 715, P0, 0x0000000000000000
2026/09/18 22:51:04.381, 0, 79, 110.36, 92, 8943, 1050, 715, P0, 0x0000000000000020
2026/09/18 22:51:04.387, 1, 79, 105.75, 98, 8943, 1075, 715, P0, 0x0000000000000020
2026/09/18 22:51:05.408, 0, 79, 104.91, 79, 8943, 1050, 715, P0, 0x0000000000000000
2026/09/18 22:51:05.410, 1, 79, 106.00, 93, 8943, 1075, 715, P0, 0x0000000000000020
2026/09/18 22:51:06.419, 0, 79, 103.47, 82, 8943, 1037, 715, P0, 0x0000000000000000
2026/09/18 22:51:06.432, 1, 79, 106.48, 97, 8943, 1075, 715, P0, 0x0000000000000020
2026/09/18 22:51:07.444, 0, 79, 121.08, 100, 8943, 1189, 715, P0, 0x0000000000000000
2026/09/18 22:51:07.448, 1, 79, 115.58, 100, 8943, 1189, 715, P0, 0x0000000000000020
2026/09/18 22:51:08.457, 0, 79, 110.88, 94, 8943, 1139, 715, P0, 0x0000000000000000
2026/09/18 22:51:08.460, 1, 79, 92.99, 99, 8943, 1101, 715, P0, 0x0000000000000020
2026/09/18 22:51:09.469, 0, 79, 107.55, 84, 8943, 1088, 715, P0, 0x0000000000000000
2026/09/18 22:51:09.474, 1, 79, 103.36, 100, 8943, 1101, 715, P0, 0x0000000000000000
2026/09/18 22:51:10.482, 0, 79, 108.97, 89, 8943, 1063, 715, P0, 0x0000000000000020
2026/09/18 22:51:10.488, 1, 79, 112.63, 98, 8943, 1113, 715, P0, 0x0000000000000000
2026/09/18 22:51:11.511, 0, 80, 111.06, 79, 8943, 1050, 715, P0, 0x0000000000000020
2026/09/18 22:51:11.514, 1, 79, 113.83, 93, 8943, 1101, 715, P0, 0x0000000000000020
2026/09/18 22:51:12.525, 0, 79, 121.09, 81, 8943, 1113, 715, P0, 0x0000000000000020
2026/09/18 22:51:12.535, 1, 79, 133.81, 95, 8943, 1139, 715, P0, 0x0000000000000020
2026/09/18 22:51:13.551, 0, 79, 95.81, 100, 8943, 1088, 715, P0, 0x0000000000000000
2026/09/18 22:51:13.554, 1, 79, 88.72, 100, 8943, 1189, 715, P0, 0x0000000000000000
2026/09/18 22:51:14.562, 0, 79, 116.02, 95, 8943, 1075, 715, P0, 0x0000000000000020
2026/09/18 22:51:14.565, 1, 79, 115.18, 99, 8943, 1126, 715, P0, 0x0000000000000000
2026/09/18 22:51:15.579, 0, 79, 109.13, 84, 8943, 1075, 715, P0, 0x0000000000000020
2026/09/18 22:51:15.583, 1, 79, 115.25, 95, 8943, 1113, 715, P0, 0x0000000000000020
2026/09/18 22:51:16.591, 0, 79, 103.55, 100, 8943, 1075, 715, P0, 0x0000000000000020
2026/09/18 22:51:16.596, 1, 79, 111.16, 100, 8943, 1189, 715, P0, 0x0000000000000000
2026/09/18 22:51:17.616, 0, 79, 99.13, 87, 8943, 949, 715, P0, 0x0000000000000020
2026/09/18 22:51:17.618, 1, 79, 115.30, 96, 8943, 1113, 715, P0, 0x0000000000000020
2026/09/18 22:51:18.628, 0, 79, 100.56, 87, 8943, 949, 715, P0, 0x0000000000000020
2026/09/18 22:51:18.637, 1, 79, 112.89, 78, 8943, 1088, 715, P0, 0x0000000000000020
2026/09/18 22:51:19.658, 0, 79, 99.68, 87, 8943, 949, 715, P0, 0x0000000000000020
2026/09/18 22:51:19.661, 1, 79, 106.32, 96, 8943, 1139, 715, P0, 0x0000000000000000
2026/09/18 22:51:20.683, 0, 79, 97.75, 87, 8943, 936, 715, P0, 0x0000000000000020
2026/09/18 22:51:20.687, 1, 79, 112.01, 97, 8943, 1101, 715, P0, 0x0000000000000020
2026/09/18 22:51:21.694, 0, 79, 93.03, 100, 8943, 1101, 715, P0, 0x0000000000000020
2026/09/18 22:51:21.697, 1, 79, 113.67, 79, 8943, 1202, 715, P0, 0x0000000000000000
2026/09/18 22:51:22.705, 0, 79, 97.04, 91, 8943, 923, 715, P0, 0x0000000000000000
2026/09/18 22:51:22.710, 1, 79, 112.97, 97, 8943, 1113, 715, P0, 0x0000000000000000
2026/09/18 22:51:23.718, 0, 79, 104.84, 87, 8943, 1101, 715, P0, 0x0000000000000020
2026/09/18 22:51:23.721, 1, 79, 113.64, 77, 8943, 1189, 715, P0, 0x0000000000000000
2026/09/18 22:51:24.731, 0, 79, 99.43, 100, 8943, 936, 715, P0, 0x0000000000000020
2026/09/18 22:51:24.737, 1, 79, 106.72, 100, 8943, 1126, 715, P0, 0x0000000000000000
2026/09/18 22:51:25.746, 0, 79, 117.09, 86, 8943, 1189, 715, P0, 0x0000000000000000
2026/09/18 22:51:25.755, 1, 79, 119.10, 86, 8943, 1189, 715, P0, 0x0000000000000000
2026/09/18 22:51:26.774, 0, 79, 109.11, 100, 8943, 1139, 715, P0, 0x0000000000000020
2026/09/18 22:51:26.778, 1, 79, 117.00, 100, 8943, 1189, 715, P0, 0x0000000000000000
2026/09/18 22:51:27.788, 0, 79, 104.17, 98, 8943, 1063, 715, P0, 0x0000000000000000
2026/09/18 22:51:27.799, 1, 79, 98.91, 100, 8943, 1126, 715, P0, 0x0000000000000000
2026/09/18 22:51:28.812, 0, 79, 107.53, 82, 8943, 1050, 715, P0, 0x0000000000000020
2026/09/18 22:51:28.817, 1, 79, 113.12, 90, 8943, 1101, 715, P0, 0x0000000000000020
2026/09/18 22:51:29.829, 0, 79, 118.82, 97, 8943, 1151, 715, P0, 0x0000000000000020
2026/09/18 22:51:29.838, 1, 79, 122.44, 96, 8943, 1189, 715, P0, 0x0000000000000000
2026/09/18 22:51:30.854, 0, 79, 113.20, 100, 8943, 1189, 715, P0, 0x0000000000000000
2026/09/18 22:51:30.857, 1, 79, 100.58, 100, 8943, 1189, 715, P0, 0x0000000000000000
2026/09/18 22:51:31.872, 0, 79, 107.05, 79, 8943, 1063, 715, P0, 0x0000000000000000
2026/09/18 22:51:31.879, 1, 79, 114.55, 100, 8943, 1113, 715, P0, 0x0000000000000020
2026/09/18 22:51:32.884, 0, 79, 106.74, 92, 8943, 1025, 715, P0, 0x0000000000000020
2026/09/18 22:51:32.887, 1, 79, 112.89, 98, 8943, 1101, 715, P0, 0x0000000000000020
2026/09/18 22:51:33.906, 0, 79, 124.14, 79, 8943, 1189, 715, P0, 0x0000000000000000
2026/09/18 22:51:33.909, 1, 79, 132.82, 90, 8943, 1240, 715, P0, 0x0000000000000000
2026/09/18 22:51:34.921, 0, 79, 114.66, 100, 8943, 1075, 715, P0, 0x0000000000000020
2026/09/18 22:51:34.924, 1, 79, 108.86, 100, 8943, 1126, 715, P0, 0x0000000000000000
2026/09/18 22:51:35.929, 0, 79, 108.90, 95, 8943, 1075, 715, P0, 0x0000000000000000
2026/09/18 22:51:35.938, 1, 79, 114.07, 99, 8943, 1126, 715, P0, 0x0000000000000000
2026/09/18 22:51:36.946, 0, 79, 108.66, 82, 8943, 1075, 715, P0, 0x0000000000000020
2026/09/18 22:51:36.949, 1, 79, 113.59, 97, 8943, 1113, 715, P0, 0x0000000000000000
2026/09/18 22:51:37.961, 0, 79, 97.11, 97, 8943, 1189, 715, P0, 0x0000000000000000
2026/09/18 22:51:37.964, 1, 79, 108.86, 96, 8943, 1189, 715, P0, 0x0000000000000000
2026/09/18 22:51:38.972, 0, 79, 96.90, 100, 8943, 1050, 715, P0, 0x0000000000000000
2026/09/18 22:51:38.981, 1, 79, 68.85, 100, 8943, 1189, 715, P0, 0x0000000000000000
2026/09/18 22:51:39.997, 0, 79, 103.21, 85, 8943, 1025, 715, P0, 0x0000000000000000
2026/09/18 22:51:40.001, 1, 79, 115.52, 97, 8943, 1113, 715, P0, 0x0000000000000020
2026/09/18 22:51:41.011, 0, 79, 111.20, 97, 8943, 1164, 715, P0, 0x0000000000000020
2026/09/18 22:51:41.021, 1, 79, 118.11, 92, 8943, 1189, 715, P0, 0x0000000000000000
2026/09/18 22:51:42.039, 0, 79, 125.69, 100, 8943, 1189, 715, P0, 0x0000000000000000
2026/09/18 22:51:42.044, 1, 79, 105.82, 100, 8943, 1189, 715, P0, 0x0000000000000000
2026/09/18 22:51:43.055, 0, 79, 106.82, 87, 8943, 1075, 715, P0, 0x0000000000000000
2026/09/18 22:51:43.065, 1, 79, 106.00, 99, 8943, 1113, 715, P0, 0x0000000000000000
2026/09/18 22:51:44.083, 0, 79, 110.34, 94, 8943, 1050, 715, P0, 0x0000000000000020
2026/09/18 22:51:44.086, 1, 79, 112.39, 95, 8943, 1101, 715, P0, 0x0000000000000020
2026/09/18 22:51:45.100, 0, 79, 114.65, 79, 8943, 1177, 715, P0, 0x0000000000000020
2026/09/18 22:51:45.110, 1, 79, 118.91, 90, 8943, 1215, 715, P0, 0x0000000000000000
2026/09/18 22:51:46.128, 0, 79, 63.68, 96, 8943, 1189, 715, P0, 0x0000000000000000
2026/09/18 22:51:46.131, 1, 79, 59.33, 93, 8943, 1189, 715, P0, 0x0000000000000000
2026/09/18 22:51:47.142, 0, 79, 107.29, 87, 8943, 1063, 715, P0, 0x0000000000000000
2026/09/18 22:51:47.145, 1, 79, 112.64, 99, 8943, 1113, 715, P0, 0x0000000000000000
2026/09/18 22:51:48.167, 0, 79, 109.36, 79, 8943, 1050, 715, P0, 0x0000000000000020
2026/09/18 22:51:48.170, 1, 79, 114.55, 93, 8943, 1101, 715, P0, 0x0000000000000020
2026/09/18 22:51:49.178, 0, 79, 48.05, 93, 8943, 1189, 715, P0, 0x0000000000000000
2026/09/18 22:51:49.181, 1, 79, 53.36, 91, 8943, 1240, 715, P0, 0x0000000000000000
2026/09/18 22:51:50.187, 0, 79, 108.42, 87, 8943, 1063, 715, P0, 0x0000000000000000
2026/09/18 22:51:50.190, 1, 79, 115.75, 98, 8943, 1126, 715, P0, 0x0000000000000000
2026/09/18 22:51:51.204, 0, 80, 107.46, 79, 8943, 1050, 715, P0, 0x0000000000000020
2026/09/18 22:51:51.206, 1, 79, 114.07, 92, 8943, 1113, 715, P0, 0x0000000000000020
2026/09/18 22:51:52.228, 0, 79, 77.06, 93, 8943, 1189, 715, P0, 0x0000000000000000
2026/09/18 22:51:52.232, 1, 79, 87.37, 91, 8943, 1227, 715, P0, 0x0000000000000000
2026/09/18 22:51:53.240, 0, 79, 91.07, 87, 8943, 822, 715, P0, 0x0000000000000020
2026/09/18 22:51:53.250, 1, 79, 110.35, 97, 8943, 1126, 715, P0, 0x0000000000000000
2026/09/18 22:51:54.268, 0, 79, 88.26, 100, 8943, 1012, 715, P0, 0x0000000000000000
2026/09/18 22:51:54.270, 1, 79, 111.50, 100, 8943, 1189, 715, P0, 0x0000000000000000
2026/09/18 22:51:55.293, 0, 79, 91.56, 90, 8943, 822, 715, P0, 0x0000000000000020
2026/09/18 22:51:55.299, 1, 79, 113.46, 52, 8943, 1113, 715, P0, 0x0000000000000000
2026/09/18 22:51:56.306, 0, 79, 96.78, 79, 8943, 911, 715, P0, 0x0000000000000020
2026/09/18 22:51:56.309, 1, 79, 119.60, 100, 8943, 1139, 715, P0, 0x0000000000000000
2026/09/18 22:51:57.319, 0, 79, 114.11, 82, 8943, 1088, 715, P0, 0x0000000000000000
2026/09/18 22:51:57.329, 1, 79, 100.52, 66, 8943, 1202, 715, P0, 0x0000000000000000
2026/09/18 22:51:58.342, 0, 79, 95.57, 100, 8943, 898, 715, P0, 0x0000000000000020
2026/09/18 22:51:58.349, 1, 79, 121.46, 100, 8943, 1139, 715, P0, 0x0000000000000000
2026/09/18 22:51:59.357, 0, 78, 101.70, 100, 8943, 1139, 715, P0, 0x0000000000000000
2026/09/18 22:51:59.368, 1, 79, 128.46, 82, 8943, 1278, 715, P0, 0x0000000000000000
2026/09/18 22:52:00.386, 0, 79, 100.08, 92, 8943, 987, 715, P0, 0x0000000000000020
2026/09/18 22:52:00.389, 1, 79, 120.24, 99, 8943, 1126, 715, P0, 0x0000000000000020
2026/09/18 22:52:01.396, 0, 79, 106.94, 84, 8943, 1012, 715, P0, 0x0000000000000020
2026/09/18 22:52:01.399, 1, 79, 127.97, 78, 8943, 1126, 715, P0, 0x0000000000000020
2026/09/18 22:52:02.422, 0, 79, 105.85, 89, 8943, 1037, 715, P0, 0x0000000000000020
2026/09/18 22:52:02.428, 1, 79, 113.18, 99, 8943, 1126, 715, P0, 0x0000000000000000
2026/09/18 22:52:03.433, 0, 79, 102.01, 79, 8943, 1025, 715, P0, 0x0000000000000000
2026/09/18 22:52:03.436, 1, 79, 113.84, 86, 8943, 1113, 715, P0, 0x0000000000000020
2026/09/18 22:52:04.447, 0, 79, 109.97, 100, 8943, 1139, 715, P0, 0x0000000000000020
2026/09/18 22:52:04.452, 1, 79, 115.95, 88, 8943, 1151, 715, P0, 0x0000000000000020
2026/09/18 22:52:05.459, 0, 79, 109.61, 63, 8943, 1075, 715, P0, 0x0000000000000000
2026/09/18 22:52:05.469, 1, 79, 120.69, 96, 8943, 1126, 715, P0, 0x0000000000000020
2026/09/18 22:52:06.476, 0, 79, 108.66, 88, 8943, 1063, 715, P0, 0x0000000000000020
2026/09/18 22:52:06.479, 1, 79, 114.79, 92, 8943, 1126, 715, P0, 0x0000000000000020
2026/09/18 22:52:07.487, 0, 79, 108.43, 100, 8943, 1177, 715, P0, 0x0000000000000020
2026/09/18 22:52:07.492, 1, 79, 117.19, 100, 8943, 1189, 715, P0, 0x0000000000000000
2026/09/18 22:52:08.509, 0, 79, 114.09, 53, 8943, 1101, 715, P0, 0x0000000000000000
2026/09/18 22:52:08.515, 1, 79, 119.96, 96, 8943, 1113, 715, P0, 0x0000000000000020
2026/09/18 22:52:09.522, 0, 79, 113.62, 90, 8943, 1088, 715, P0, 0x0000000000000020
2026/09/18 22:52:09.525, 1, 79, 114.69, 99, 8943, 1113, 715, P0, 0x0000000000000020
2026/09/18 22:52:10.537, 0, 79, 122.39, 79, 8943, 1101, 715, P0, 0x0000000000000020
2026/09/18 22:52:10.540, 1, 79, 119.16, 94, 8943, 1126, 715, P0, 0x0000000000000020
2026/09/18 22:52:11.552, 0, 79, 106.58, 100, 8943, 1113, 715, P0, 0x0000000000000000
2026/09/18 22:52:11.557, 1, 79, 108.63, 100, 8943, 1151, 715, P0, 0x0000000000000000
2026/09/18 22:52:12.565, 0, 79, 99.60, 92, 8943, 961, 715, P0, 0x0000000000000020
2026/09/18 22:52:12.576, 1, 79, 120.00, 99, 8943, 1126, 715, P0, 0x0000000000000020
2026/09/18 22:52:13.581, 0, 79, 114.06, 90, 8943, 1139, 715, P0, 0x0000000000000000
2026/09/18 22:52:13.584, 1, 79, 135.38, 77, 8943, 1202, 715, P0, 0x0000000000000000
2026/09/18 22:52:14.595, 0, 79, 102.50, 70, 8943, 1012, 715, P0, 0x0000000000000000
2026/09/18 22:52:14.598, 1, 79, 115.53, 96, 8943, 1126, 715, P0, 0x0000000000000020
2026/09/18 22:52:15.610, 0, 79, 113.12, 94, 8943, 1177, 715, P0, 0x0000000000000000
2026/09/18 22:52:15.620, 1, 79, 118.71, 86, 8943, 1202, 715, P0, 0x0000000000000020
2026/09/18 22:52:16.634, 0, 79, 96.91, 100, 8943, 1050, 715, P0, 0x0000000000000000
2026/09/18 22:52:16.638, 1, 79, 67.88, 100, 8943, 1189, 715, P0, 0x0000000000000000
2026/09/18 22:52:17.647, 0, 79, 111.02, 44, 8943, 999, 715, P0, 0x0000000000000020
2026/09/18 22:52:17.660, 1, 79, 123.73, 76, 8943, 1126, 715, P0, 0x0000000000000020
2026/09/18 22:52:18.674, 0, 79, 110.95, 100, 8943, 1164, 715, P0, 0x0000000000000000
2026/09/18 22:52:18.677, 1, 79, 111.35, 100, 8943, 1189, 715, P0, 0x0000000000000000
2026/09/18 22:52:19.699, 0, 79, 104.17, 79, 8943, 1025, 715, P0, 0x0000000000000020
2026/09/18 22:52:19.701, 1, 79, 115.51, 97, 8943, 1126, 715, P0, 0x0000000000000000
2026/09/18 22:52:20.708, 0, 79, 95.12, 93, 8943, 1139, 715, P0, 0x0000000000000020
2026/09/18 22:52:20.719, 1, 79, 130.62, 77, 8943, 1227, 715, P0, 0x0000000000000000
2026/09/18 22:52:21.731, 0, 79, 99.19, 100, 8943, 1037, 715, P0, 0x0000000000000000
2026/09/18 22:52:21.740, 1, 79, 95.14, 99, 8943, 1164, 715, P0, 0x0000000000000000
2026/09/18 22:52:22.763, 0, 79, 102.97, 87, 8943, 1012, 715, P0, 0x0000000000000000
2026/09/18 22:52:22.766, 1, 79, 115.28, 98, 8943, 1126, 715, P0, 0x0000000000000020
2026/09/18 22:52:23.776, 0, 78, 53.10, 75, 8943, 1290, 715, P0, 0x0000000000000000
2026/09/18 22:52:23.779, 1, 78, 57.86, 76, 8943, 1316, 715, P0, 0x0000000000000020
2026/09/18 22:52:24.789, 0, 79, 103.21, 89, 8943, 1025, 715, P0, 0x0000000000000020
2026/09/18 22:52:24.799, 1, 79, 114.56, 99, 8943, 1126, 715, P0, 0x0000000000000000
2026/09/18 22:52:25.814, 0, 79, 109.29, 83, 8943, 974, 715, P0, 0x0000000000000020
2026/09/18 22:52:25.822, 1, 79, 119.51, 85, 8943, 1113, 715, P0, 0x0000000000000020
2026/09/18 22:52:26.829, 0, 79, 68.04, 100, 8943, 1189, 715, P0, 0x0000000000000000
2026/09/18 22:52:26.836, 1, 79, 61.76, 100, 8943, 1189, 715, P0, 0x0000000000000000
2026/09/18 22:52:27.853, 0, 79, 105.36, 79, 8943, 1050, 715, P0, 0x0000000000000000
2026/09/18 22:52:27.861, 1, 79, 114.32, 89, 8943, 1113, 715, P0, 0x0000000000000020
2026/09/18 22:52:28.879, 0, 79, 122.33, 100, 8943, 1189, 715, P0, 0x0000000000000000
2026/09/18 22:52:28.883, 1, 79, 126.48, 91, 8943, 1189, 715, P0, 0x0000000000000000
2026/09/18 22:52:29.891, 0, 79, 90.46, 94, 8943, 1164, 715, P0, 0x0000000000000000
2026/09/18 22:52:29.900, 1, 79, 112.07, 100, 8943, 1189, 715, P0, 0x0000000000000000
2026/09/18 22:52:30.906, 0, 79, 108.66, 95, 8943, 1050, 715, P0, 0x0000000000000020
2026/09/18 22:52:30.910, 1, 79, 115.75, 91, 8943, 1126, 715, P0, 0x0000000000000020
2026/09/18 22:52:31.933, 0, 79, 109.83, 87, 8943, 1189, 715, P0, 0x0000000000000020
2026/09/18 22:52:31.943, 1, 79, 113.38, 100, 8943, 1189, 715, P0, 0x0000000000000020
2026/09/18 22:52:32.960, 0, 79, 101.30, 100, 8943, 1050, 715, P0, 0x0000000000000000
2026/09/18 22:52:32.964, 1, 79, 109.35, 100, 8943, 1139, 715, P0, 0x0000000000000000
2026/09/18 22:52:33.976, 0, 79, 115.76, 80, 8943, 1050, 715, P0, 0x0000000000000020
2026/09/18 22:52:33.986, 1, 79, 119.48, 88, 8943, 1126, 715, P0, 0x0000000000000020
2026/09/18 22:52:35.001, 0, 79, 116.85, 100, 8943, 1177, 715, P0, 0x0000000000000000
2026/09/18 22:52:35.004, 1, 79, 123.05, 91, 8943, 1227, 715, P0, 0x0000000000000000
2026/09/18 22:52:36.009, 0, 79, 108.42, 92, 8943, 1050, 715, P0, 0x0000000000000000
2026/09/18 22:52:36.012, 1, 79, 114.55, 99, 8943, 1126, 715, P0, 0x0000000000000000
2026/09/18 22:52:37.025, 0, 79, 95.30, 97, 8943, 1189, 715, P0, 0x0000000000000000
2026/09/18 22:52:37.028, 1, 79, 124.94, 91, 8943, 1278, 715, P0, 0x0000000000000000
2026/09/18 22:52:38.036, 0, 79, 101.29, 97, 8943, 1050, 715, P0, 0x0000000000000000
2026/09/18 22:52:38.046, 1, 80, 109.83, 100, 8943, 1139, 715, P0, 0x0000000000000000
2026/09/18 22:52:39.061, 0, 79, 107.46, 79, 8943, 1050, 715, P0, 0x0000000000000020
2026/09/18 22:52:39.067, 1, 79, 114.79, 93, 8943, 1126, 715, P0, 0x0000000000000000
2026/09/18 22:52:40.072, 0, 79, 88.15, 100, 8943, 1101, 715, P0, 0x0000000000000000
2026/09/18 22:52:40.075, 1, 79, 103.17, 100, 8943, 1189, 715, P0, 0x0000000000000000
2026/09/18 22:52:41.087, 0, 79, 110.33, 79, 8943, 1050, 715, P0, 0x0000000000000020
2026/09/18 22:52:41.090, 1, 80, 116.39, 98, 8943, 1126, 715, P0, 0x0000000000000000
2026/09/18 22:52:42.099, 0, 79, 105.15, 93, 8943, 1025, 715, P0, 0x0000000000000020
2026/09/18 22:52:42.105, 1, 79, 101.75, 98, 8943, 987, 715, P0, 0x0000000000000020
2026/09/18 22:52:43.118, 0, 79, 108.29, 81, 8943, 1050, 715, P0, 0x0000000000000020
2026/09/18 22:52:43.127, 1, 79, 99.36, 100, 8943, 1037, 715, P0, 0x0000000000000000
2026/09/18 22:52:44.142, 0, 79, 88.50, 90, 8943, 797, 715, P0, 0x0000000000000020
2026/09/18 22:52:44.147, 1, 79, 102.75, 98, 8943, 1037, 715, P0, 0x0000000000000020
2026/09/18 22:52:45.164, 0, 79, 89.41, 100, 8943, 797, 715, P0, 0x0000000000000020
2026/09/18 22:52:45.168, 1, 79, 105.15, 100, 8943, 1037, 715, P0, 0x0000000000000020
2026/09/18 22:52:46.177, 0, 79, 96.14, 100, 8943, 974, 715, P0, 0x0000000000000000
2026/09/18 22:52:46.187, 1, 79, 92.75, 100, 8943, 1101, 715, P0, 0x0000000000000000
2026/09/18 22:52:47.195, 0, 79, 100.34, 79, 8943, 949, 715, P0, 0x0000000000000020
2026/09/18 22:52:47.206, 1, 79, 108.64, 85, 8943, 1075, 715, P0, 0x0000000000000020
2026/09/18 22:52:48.221, 0, 78, 92.73, 100, 8943, 1025, 715, P0, 0x0000000000000000
2026/09/18 22:52:48.226, 1, 79, 53.49, 100, 8943, 1189, 715, P0, 0x0000000000000000
2026/09/18 22:52:49.233, 0, 79, 116.14, 45, 8943, 1113, 715, P0, 0x0000000000000020
2026/09/18 22:52:49.236, 1, 79, 133.20, 85, 8943, 1189, 715, P0, 0x0000000000000020
2026/09/18 22:52:50.249, 0, 79, 97.46, 100, 8943, 1050, 715, P0, 0x0000000000000000
2026/09/18 22:52:50.252, 1, 79, 65.70, 100, 8943, 1189, 715, P0, 0x0000000000000000
2026/09/18 22:52:51.262, 0, 79, 102.01, 79, 8943, 1012, 715, P0, 0x0000000000000020
2026/09/18 22:52:51.266, 1, 79, 115.44, 88, 8943, 1126, 715, P0, 0x0000000000000020
2026/09/18 22:52:52.286, 0, 78, 47.81, 100, 8943, 1189, 715, P0, 0x0000000000000000
2026/09/18 22:52:52.290, 1, 79, 50.22, 89, 8943, 1189, 715, P0, 0x0000000000000000
2026/09/18 22:52:53.300, 0, 79, 106.74, 79, 8943, 1050, 715, P0, 0x0000000000000020
2026/09/18 22:52:53.307, 1, 79, 120.47, 88, 8943, 1126, 715, P0, 0x0000000000000020
2026/09/18 22:52:54.327, 0, 79, 119.89, 100, 8943, 1101, 715, P0, 0x0000000000000020
2026/09/18 22:52:54.331, 1, 79, 131.28, 89, 8943, 1139, 715, P0, 0x0000000000000020
2026/09/18 22:52:55.337, 0, 79, 74.44, 100, 8943, 1113, 715, P0, 0x0000000000000000
2026/09/18 22:52:55.347, 1, 79, 92.89, 100, 8943, 1025, 715, P0, 0x0000000000000000
2026/09/18 22:52:56.370, 0, 79, 116.01, 74, 8943, 1101, 715, P0, 0x0000000000000020
2026/09/18 22:52:56.373, 1, 79, 118.53, 99, 8943, 1025, 715, P0, 0x0000000000000020
2026/09/18 22:52:57.380, 0, 79, 102.83, 100, 8943, 1075, 715, P0, 0x0000000000000000
2026/09/18 22:52:57.390, 1, 79, 93.66, 100, 8943, 999, 715, P0, 0x0000000000000000
2026/09/18 22:52:58.407, 0, 79, 105.41, 70, 8943, 1037, 715, P0, 0x0000000000000020
2026/09/18 22:52:58.410, 1, 79, 97.72, 99, 8943, 949, 715, P0, 0x0000000000000020
2026/09/18 22:52:59.420, 0, 79, 109.64, 99, 8943, 1063, 715, P0, 0x0000000000000020
2026/09/18 22:52:59.423, 1, 79, 103.59, 100, 8943, 1050, 715, P0, 0x0000000000000020
2026/09/18 22:53:00.433, 0, 79, 105.88, 79, 8943, 1050, 715, P0, 0x0000000000000020
2026/09/18 22:53:00.438, 1, 79, 100.79, 99, 8943, 1037, 715, P0, 0x0000000000000000
2026/09/18 22:53:01.446, 0, 79, 101.99, 100, 8943, 1177, 715, P0, 0x0000000000000020
2026/09/18 22:53:01.452, 1, 79, 113.39, 100, 8943, 1164, 715, P0, 0x0000000000000000
2026/09/18 22:53:02.477, 0, 79, 109.23, 79, 8943, 1050, 715, P0, 0x0000000000000020
2026/09/18 22:53:02.480, 1, 79, 106.23, 99, 8943, 1075, 715, P0, 0x0000000000000000
2026/09/18 22:53:03.493, 0, 79, 123.74, 99, 8943, 1113, 715, P0, 0x0000000000000020
2026/09/18 22:53:03.496, 1, 79, 126.47, 94, 8943, 1113, 715, P0, 0x0000000000000020
2026/09/18 22:53:04.508, 0, 79, 79.53, 94, 8943, 1126, 715, P0, 0x0000000000000000
2026/09/18 22:53:04.514, 1, 79, 101.09, 100, 8943, 1189, 715, P0, 0x0000000000000000
2026/09/18 22:53:05.538, 0, 79, 108.26, 81, 8943, 1050, 715, P0, 0x0000000000000020
2026/09/18 22:53:05.541, 1, 79, 107.43, 96, 8943, 1075, 715, P0, 0x0000000000000020
2026/09/18 22:53:06.551, 0, 79, 107.26, 95, 8943, 1164, 715, P0, 0x0000000000000000
2026/09/18 22:53:06.553, 1, 79, 110.02, 100, 8943, 1177, 715, P0, 0x0000000000000020
2026/09/18 22:53:07.580, 0, 79, 108.21, 97, 8943, 1050, 715, P0, 0x0000000000000020
2026/09/18 22:53:07.584, 1, 79, 107.67, 100, 8943, 1075, 715, P0, 0x0000000000000000
2026/09/18 22:53:08.587, 0, 79, 100.16, 97, 8943, 1189, 715, P0, 0x0000000000000020
2026/09/18 22:53:08.592, 1, 79, 108.17, 90, 8943, 1215, 715, P0, 0x0000000000000020
2026/09/18 22:53:09.599, 0, 79, 107.72, 95, 8943, 1050, 715, P0, 0x0000000000000020
2026/09/18 22:53:09.602, 1, 79, 112.39, 100, 8943, 1101, 715, P0, 0x0000000000000020
2026/09/18 22:53:10.606, 0, 79, 112.67, 80, 8943, 1037, 715, P0, 0x0000000000000020
2026/09/18 22:53:10.616, 1, 79, 112.14, 92, 8943, 1088, 715, P0, 0x0000000000000020
2026/09/18 22:53:11.635, 0, 79, 107.05, 92, 8943, 1050, 715, P0, 0x0000000000000000
2026/09/18 22:53:11.638, 1, 79, 115.04, 100, 8943, 1113, 715, P0, 0x0000000000000020
2026/09/18 22:53:12.647, 0, 79, 107.94, 82, 8943, 1050, 715, P0, 0x0000000000000020
2026/09/18 22:53:12.655, 1, 79, 111.92, 93, 8943, 1101, 715, P0, 0x0000000000000020
2026/09/18 22:53:13.664, 0, 79, 100.40, 100, 8943, 1189, 715, P0, 0x0000000000000000
2026/09/18 22:53:13.667, 1, 79, 113.74, 100, 8943, 1189, 715, P0, 0x0000000000000000
2026/09/18 22:53:14.676, 0, 79, 104.18, 38, 8943, 1037, 715, P0, 0x0000000000000000
2026/09/18 22:53:14.679, 1, 79, 111.28, 96, 8943, 1088, 715, P0, 0x0000000000000020
2026/09/18 22:53:15.685, 0, 79, 108.03, 100, 8943, 1189, 715, P0, 0x0000000000000000
2026/09/18 22:53:15.688, 1, 79, 116.51, 100, 8943, 1189, 715, P0, 0x0000000000000000
2026/09/18 22:53:16.694, 0, 79, 107.46, 80, 8943, 1050, 715, P0, 0x0000000000000020
2026/09/18 22:53:16.697, 1, 79, 114.97, 99, 8943, 1101, 715, P0, 0x0000000000000020
2026/09/18 22:53:17.708, 0, 78, 111.22, 97, 8943, 1189, 715, P0, 0x0000000000000000
2026/09/18 22:53:17.713, 1, 79, 129.22, 81, 8943, 1303, 715, P0, 0x0000000000000020
2026/09/18 22:53:18.721, 0, 79, 115.56, 79, 8943, 1075, 715, P0, 0x0000000000000020
2026/09/18 22:53:18.724, 1, 79, 115.42, 99, 8943, 1113, 715, P0, 0x0000000000000020
2026/09/18 22:53:19.747, 0, 79, 102.74, 95, 8943, 999, 715, P0, 0x0000000000000020
2026/09/18 22:53:19.750, 1, 79, 111.21, 92, 8943, 1101, 715, P0, 0x0000000000000000
2026/09/18 22:53:20.767, 0, 79, 63.92, 96, 8943, 1075, 715, P0, 0x0000000000000000
2026/09/18 22:53:20.771, 1, 79, 62.49, 100, 8943, 1189, 715, P0, 0x0000000000000000
2026/09/18 22:53:21.782, 0, 79, 108.24, 79, 8943, 1012, 715, P0, 0x0000000000000020
2026/09/18 22:53:21.785, 1, 79, 115.27, 89, 8943, 1101, 715, P0, 0x0000000000000020
2026/09/18 22:53:22.792, 0, 79, 101.77, 100, 8943, 1151, 715, P0, 0x0000000000000000
2026/09/18 22:53:22.801, 1, 79, 102.45, 91, 8943, 1227, 715, P0, 0x0000000000000020
2026/09/18 22:53:23.818, 0, 79, 102.97, 85, 8943, 1025, 715, P0, 0x0000000000000020
2026/09/18 22:53:23.821, 1, 79, 115.29, 99, 8943, 1101, 715, P0, 0x0000000000000020
2026/09/18 22:53:24.835, 0, 79, 83.89, 100, 8943, 1075, 715, P0, 0x0000000000000000
2026/09/18 22:53:24.842, 1, 79, 67.46, 100, 8943, 1189, 715, P0, 0x0000000000000000
2026/09/18 22:53:25.848, 0, 79, 102.01, 79, 8943, 1025, 715, P0, 0x0000000000000000
2026/09/18 22:53:25.852, 1, 79, 111.45, 97, 8943, 1101, 715, P0, 0x0000000000000000
2026/09/18 22:53:26.875, 0, 79, 112.25, 100, 8943, 1177, 715, P0, 0x0000000000000000
2026/09/18 22:53:26.882, 1, 79, 103.45, 90, 8943, 1227, 715, P0, 0x0000000000000000
2026/09/18 22:53:27.900, 0, 79, 103.22, 82, 8943, 1012, 715, P0, 0x0000000000000020
2026/09/18 22:53:27.903, 1, 79, 112.41, 86, 8943, 1113, 715, P0, 0x0000000000000000
2026/09/18 22:53:28.916, 0, 79, 110.72, 100, 8943, 1164, 715, P0, 0x0000000000000000
2026/09/18 22:53:28.921, 1, 79, 124.83, 100, 8943, 1189, 715, P0, 0x0000000000000000
2026/09/18 22:53:29.926, 0, 79, 103.21, 79, 8943, 1025, 715, P0, 0x0000000000000020
2026/09/18 22:53:29.929, 1, 79, 113.60, 97, 8943, 1101, 715, P0, 0x0000000000000020
2026/09/18 22:53:30.938, 0, 79, 92.59, 97, 8943, 1088, 715, P0, 0x0000000000000000
2026/09/18 22:53:30.943, 1, 79, 109.22, 100, 8943, 1189, 715, P0, 0x0000000000000000
2026/09/18 22:53:31.955, 0, 79, 103.45, 95, 8943, 1037, 715, P0, 0x0000000000000000
2026/09/18 22:53:31.964, 1, 79, 114.97, 87, 8943, 1113, 715, P0, 0x0000000000000000
2026/09/18 22:53:32.982, 0, 79, 113.39, 87, 8943, 1126, 715, P0, 0x0000000000000020
2026/09/18 22:53:32.985, 1, 79, 128.49, 100, 8943, 1189, 715, P0, 0x0000000000000000
2026/09/18 22:53:33.997, 0, 79, 103.70, 83, 8943, 1037, 715, P0, 0x0000000000000000
2026/09/18 22:53:34.005, 1, 79, 113.60, 99, 8943, 1113, 715, P0, 0x0000000000000020
2026/09/18 22:53:35.013, 0, 79, 96.86, 97, 8943, 1126, 715, P0, 0x0000000000000000
2026/09/18 22:53:35.016, 1, 79, 93.88, 87, 8943, 1189, 715, P0, 0x0000000000000020
2026/09/18 22:53:36.024, 0, 79, 102.97, 90, 8943, 1025, 715, P0, 0x0000000000000020
2026/09/18 22:53:36.027, 1, 79, 114.56, 100, 8943, 1113, 715, P0, 0x0000000000000020
2026/09/18 22:53:37.033, 0, 78, 47.80, 93, 8943, 1189, 715, P0, 0x0000000000000000
2026/09/18 22:53:37.035, 1, 79, 54.54, 76, 8943, 1316, 715, P0, 0x0000000000000020
2026/09/18 22:53:38.045, 0, 79, 101.12, 79, 8943, 1012, 715, P0, 0x0000000000000020
2026/09/18 22:53:38.049, 1, 79, 110.08, 98, 8943, 1101, 715, P0, 0x0000000000000000
2026/09/18 22:53:39.058, 0, 79, 108.67, 100, 8943, 1139, 715, P0, 0x0000000000000020
2026/09/18 22:53:39.067, 1, 79, 123.07, 90, 8943, 1278, 715, P0, 0x0000000000000000
2026/09/18 22:53:40.081, 0, 79, 104.40, 82, 8943, 1025, 715, P0, 0x0000000000000020
2026/09/18 22:53:40.087, 1, 79, 113.60, 99, 8943, 1101, 715, P0, 0x0000000000000020
2026/09/18 22:53:41.094, 0, 79, 76.86, 100, 8943, 1075, 715, P0, 0x0000000000000000
2026/09/18 22:53:41.097, 1, 79, 84.90, 100, 8943, 1189, 715, P0, 0x0000000000000000
2026/09/18 22:53:42.103, 0, 79, 103.69, 79, 8943, 1025, 715, P0, 0x0000000000000020
2026/09/18 22:53:42.108, 1, 79, 114.56, 93, 8943, 1126, 715, P0, 0x0000000000000020
2026/09/18 22:53:43.117, 0, 79, 97.12, 100, 8943, 1139, 715, P0, 0x0000000000000000
2026/09/18 22:53:43.120, 1, 79, 109.98, 100, 8943, 1189, 715, P0, 0x0000000000000000
2026/09/18 22:53:44.132, 0, 79, 105.77, 92, 8943, 1012, 715, P0, 0x0000000000000020
2026/09/18 22:53:44.134, 1, 79, 122.14, 81, 8943, 1139, 715, P0, 0x0000000000000020
2026/09/18 22:53:45.141, 0, 79, 99.39, 92, 8943, 1037, 715, P0, 0x0000000000000000
2026/09/18 22:53:45.151, 1, 79, 56.35, 100, 8943, 1189, 715, P0, 0x0000000000000000
2026/09/18 22:53:46.167, 0, 79, 101.75, 90, 8943, 1012, 715, P0, 0x0000000000000020
2026/09/18 22:53:46.171, 1, 79, 119.76, 81, 8943, 1151, 715, P0, 0x0000000000000000
2026/09/18 22:53:47.197, 0, 79, 101.86, 100, 8943, 1025, 715, P0, 0x0000000000000020
2026/09/18 22:53:47.200, 1, 79, 102.96, 99, 8943, 1101, 715, P0, 0x0000000000000000
2026/09/18 22:53:48.213, 0, 79, 103.93, 79, 8943, 1012, 715, P0, 0x0000000000000020
2026/09/18 22:53:48.216, 1, 79, 106.96, 91, 8943, 1075, 715, P0, 0x0000000000000020
2026/09/18 22:53:49.233, 0, 79, 103.72, 100, 8943, 1139, 715, P0, 0x0000000000000000
2026/09/18 22:53:49.236, 1, 79, 102.17, 93, 8943, 1215, 715, P0, 0x0000000000000000
2026/09/18 22:53:50.247, 0, 79, 123.98, 39, 8943, 1075, 715, P0, 0x0000000000000020
2026/09/18 22:53:50.256, 1, 79, 123.93, 95, 8943, 1126, 715, P0, 0x0000000000000020
2026/09/18 22:53:51.274, 0, 79, 97.82, 100, 8943, 1025, 715, P0, 0x0000000000000020
2026/09/18 22:53:51.277, 1, 79, 103.45, 100, 8943, 1088, 715, P0, 0x0000000000000000
2026/09/18 22:53:52.289, 0, 79, 103.23, 82, 8943, 1012, 715, P0, 0x0000000000000020
2026/09/18 22:53:52.292, 1, 79, 107.91, 95, 8943, 1063, 715, P0, 0x0000000000000020
2026/09/18 22:53:53.307, 0, 79, 82.37, 100, 8943, 1075, 715, P0, 0x0000000000000000
2026/09/18 22:53:53.310, 1, 79, 74.92, 100, 8943, 1189, 715, P0, 0x0000000000000000
2026/09/18 22:53:54.322, 0, 79, 115.04, 97, 8943, 1025, 715, P0, 0x0000000000000020
2026/09/18 22:53:54.333, 1, 79, 121.33, 86, 8943, 1113, 715, P0, 0x0000000000000020
2026/09/18 22:53:55.351, 0, 79, 97.60, 90, 8943, 1050, 715, P0, 0x0000000000000000
2026/09/18 22:53:55.356, 1, 79, 78.40, 100, 8943, 1151, 715, P0, 0x0000000000000000
2026/09/18 22:53:56.363, 0, 79, 101.77, 86, 8943, 1012, 715, P0, 0x0000000000000000
2026/09/18 22:53:56.373, 1, 79, 113.60, 85, 8943, 1101, 715, P0, 0x0000000000000020
2026/09/18 22:53:57.394, 0, 79, 103.90, 100, 8943, 1037, 715, P0, 0x0000000000000000
2026/09/18 22:53:57.396, 1, 79, 123.26, 98, 8943, 1139, 715, P0, 0x0000000000000020
2026/09/18 22:53:58.406, 0, 79, 114.23, 79, 8943, 1025, 715, P0, 0x0000000000000020
2026/09/18 22:53:58.418, 1, 79, 127.46, 85, 8943, 1126, 715, P0, 0x0000000000000020
2026/09/18 22:53:59.435, 0, 79, 97.13, 100, 8943, 1050, 715, P0, 0x0000000000000000
2026/09/18 22:53:59.439, 1, 79, 79.60, 98, 8943, 1177, 715, P0, 0x0000000000000000
2026/09/18 22:54:00.448, 0, 79, 114.36, 95, 8943, 1164, 715, P0, 0x0000000000000000
2026/09/18 22:54:00.461, 1, 79, 117.63, 78, 8943, 1265, 715, P0, 0x0000000000000020
2026/09/18 22:54:01.476, 0, 79, 105.28, 92, 8943, 1025, 715, P0, 0x0000000000000020
2026/09/18 22:54:01.479, 1, 80, 124.46, 100, 8943, 1164, 715, P0, 0x0000000000000020
2026/09/18 22:54:02.484, 0, 79, 115.68, 92, 8943, 1101, 715, P0, 0x0000000000000020
2026/09/18 22:54:02.487, 1, 79, 123.96, 84, 8943, 1126, 715, P0, 0x0000000000000020
2026/09/18 22:54:03.492, 0, 79, 103.05, 54, 8943, 1025, 715, P0, 0x0000000000000020
2026/09/18 22:54:03.498, 1, 79, 106.48, 99, 8943, 1075, 715, P0, 0x0000000000000020
2026/09/18 22:54:04.511, 0, 79, 109.11, 100, 8943, 1189, 715, P0, 0x0000000000000000
2026/09/18 22:54:04.517, 1, 79, 129.69, 95, 8943, 1189, 715, P0, 0x0000000000000000
2026/09/18 22:54:05.536, 0, 79, 105.86, 79, 8943, 1025, 715, P0, 0x0000000000000020
2026/09/18 22:54:05.540, 1, 79, 111.20, 99, 8943, 1075, 715, P0, 0x0000000000000020
2026/09/18 22:54:06.562, 0, 78, 47.57, 100, 8943, 1189, 715, P0, 0x0000000000000000
2026/09/18 22:54:06.566, 1, 78, 50.94, 87, 8943, 1189, 715, P0, 0x0000000000000000
2026/09/18 22:54:07.577, 0, 79, 104.19, 92, 8943, 1037, 715, P0, 0x0000000000000020
2026/09/18 22:54:07.580, 1, 79, 106.24, 93, 8943, 1075, 715, P0, 0x0000000000000020
2026/09/18 22:54:08.589, 0, 79, 108.93, 92, 8943, 1164, 715, P0, 0x0000000000000000
2026/09/18 22:54:08.599, 1, 79, 97.38, 100, 8943, 1139, 715, P0, 0x0000000000000020
2026/09/18 22:54:09.605, 0, 79, 105.15, 92, 8943, 1025, 715, P0, 0x0000000000000020
2026/09/18 22:54:09.608, 1, 79, 106.95, 90, 8943, 1075, 715, P0, 0x0000000000000000
2026/09/18 22:54:10.619, 0, 79, 97.35, 100, 8943, 1037, 715, P0, 0x0000000000000000
2026/09/18 22:54:10.622, 1, 79, 100.14, 100, 8943, 1088, 715, P0, 0x0000000000000000
2026/09/18 22:54:11.631, 0, 79, 102.09, 79, 8943, 999, 715, P0, 0x0000000000000000
2026/09/18 22:54:11.641, 1, 79, 105.29, 93, 8943, 1063, 715, P0, 0x0000000000000000
2026/09/18 22:54:12.658, 0, 79, 97.75, 100, 8943, 1088, 715, P0, 0x0000000000000000
2026/09/18 22:54:12.661, 1, 79, 107.49, 100, 8943, 1189, 715, P0, 0x0000000000000000
2026/09/18 22:54:13.673, 0, 79, 126.84, 92, 8943, 1113, 715, P0, 0x0000000000000020
2026/09/18 22:54:13.682, 1, 79, 122.25, 94, 8943, 1126, 715, P0, 0x0000000000000020
2026/09/18 22:54:14.701, 0, 79, 103.95, 98, 8943, 1075, 715, P0, 0x0000000000000000
2026/09/18 22:54:14.704, 1, 79, 103.18, 100, 8943, 1088, 715, P0, 0x0000000000000000
2026/09/18 22:54:15.709, 0, 79, 107.78, 84, 8943, 1050, 715, P0, 0x0000000000000020
2026/09/18 22:54:15.712, 1, 79, 107.19, 97, 8943, 1063, 715, P0, 0x0000000000000020
2026/09/18 22:54:16.736, 0, 79, 109.69, 84, 8943, 1075, 715, P0, 0x0000000000000000
2026/09/18 22:54:16.742, 1, 79, 110.72, 100, 8943, 1075, 715, P0, 0x0000000000000020
2026/09/18 22:54:17.752, 0, 79, 115.79, 97, 8943, 1075, 715, P0, 0x0000000000000020
2026/09/18 22:54:17.763, 1, 79, 108.06, 95, 8943, 1075, 715, P0, 0x0000000000000020
2026/09/18 22:54:18.776, 0, 79, 82.18, 99, 8943, 1113, 715, P0, 0x0000000000000000
2026/09/18 22:54:18.783, 1, 79, 95.78, 100, 8943, 1189, 715, P0, 0x0000000000000000
2026/09/18 22:54:19.802, 0, 79, 125.00, 36, 8943, 1113, 715, P0, 0x0000000000000020
2026/09/18 22:54:19.805, 1, 79, 125.53, 82, 8943, 1101, 715, P0, 0x0000000000000020
2026/09/18 22:54:20.816, 0, 79, 108.28, 100, 8943, 1075, 715, P0, 0x0000000000000000
2026/09/18 22:54:20.823, 1, 79, 103.66, 99, 8943, 1088, 715, P0, 0x0000000000000000
2026/09/18 22:54:21.841, 0, 79, 107.06, 79, 8943, 1050, 715, P0, 0x0000000000000020
2026/09/18 22:54:21.844, 1, 79, 106.71, 97, 8943, 1063, 715, P0, 0x0000000000000020
2026/09/18 22:54:22.865, 0, 79, 71.37, 100, 8943, 1101, 715, P0, 0x0000000000000000
2026/09/18 22:54:22.870, 1, 79, 63.18, 100, 8943, 1189, 715, P0, 0x0000000000000000
2026/09/18 22:54:23.878, 0, 79, 117.46, 87, 8943, 1050, 715, P0, 0x0000000000000020
2026/09/18 22:54:23.885, 1, 79, 114.28, 100, 8943, 1075, 715, P0, 0x0000000000000020
2026/09/18 22:54:24.888, 0, 79, 102.27, 100, 8943, 1075, 715, P0, 0x0000000000000000
2026/09/18 22:54:24.892, 1, 79, 102.22, 100, 8943, 1101, 715, P0, 0x0000000000000000
2026/09/18 22:54:25.912, 0, 79, 104.32, 93, 8943, 873, 715, P0, 0x0000000000000020
2026/09/18 22:54:25.931, 1, 79, 118.58, 74, 8943, 1075, 715, P0, 0x0000000000000020
2026/09/18 22:54:26.955, 0, 79, 97.99, 88, 8943, 949, 715, P0, 0x0000000000000020
2026/09/18 22:54:26.965, 1, 79, 113.39, 92, 8943, 1126, 715, P0, 0x0000000000000020
2026/09/18 22:54:27.983, 0, 79, 93.90, 100, 8943, 999, 715, P0, 0x0000000000000000
2026/09/18 22:54:27.986, 1, 79, 61.88, 100, 8943, 1189, 715, P0, 0x0000000000000000
2026/09/18 22:54:28.991, 0, 79, 108.79, 79, 8943, 1050, 715, P0, 0x0000000000000020
2026/09/18 22:54:28.994, 1, 79, 137.43, 74, 8943, 1139, 715, P0, 0x0000000000000020
2026/09/18 22:54:30.017, 0, 79, 102.24, 66, 8943, 1012, 715, P0, 0x0000000000000020
2026/09/18 22:54:30.025, 1, 79, 120.48, 87, 8943, 1151, 715, P0, 0x0000000000000000
2026/09/18 22:54:31.034, 0, 79, 79.12, 100, 8943, 1075, 715, P0, 0x0000000000000000
2026/09/18 22:54:31.044, 1, 79, 85.31, 100, 8943, 1189, 715, P0, 0x0000000000000000
2026/09/18 22:54:32.059, 0, 79, 103.43, 79, 8943, 1025, 715, P0, 0x0000000000000020
2026/09/18 22:54:32.063, 1, 79, 120.23, 79, 8943, 1139, 715, P0, 0x0000000000000020
2026/09/18 22:54:33.068, 0, 79, 95.79, 100, 8943, 1063, 715, P0, 0x0000000000000000
2026/09/18 22:54:33.071, 1, 79, 55.16, 100, 8943, 1189, 715, P0, 0x0000000000000000
2026/09/18 22:54:34.081, 0, 79, 113.80, 99, 8943, 1164, 715, P0, 0x0000000000000000
2026/09/18 22:54:34.085, 1, 79, 132.34, 100, 8943, 1189, 715, P0, 0x0000000000000000
2026/09/18 22:54:35.096, 0, 79, 102.22, 84, 8943, 1025, 715, P0, 0x0000000000000020
2026/09/18 22:54:35.104, 1, 80, 124.94, 100, 8943, 1151, 715, P0, 0x0000000000000020
2026/09/18 22:54:36.115, 0, 79, 108.64, 100, 8943, 1189, 715, P0, 0x0000000000000000
2026/09/18 22:54:36.121, 1, 78, 92.70, 100, 8943, 936, 715, P0, 0x0000000000000020
2026/09/18 22:54:37.145, 0, 79, 109.02, 100, 8943, 1139, 715, P0, 0x0000000000000020
2026/09/18 22:54:37.149, 1, 79, 114.56, 96, 8943, 1139, 715, P0, 0x0000000000000020
2026/09/18 22:54:38.159, 0, 79, 102.50, 79, 8943, 1025, 715, P0, 0x0000000000000020
2026/09/18 22:54:38.166, 1, 79, 106.48, 100, 8943, 1075, 715, P0, 0x0000000000000000
2026/09/18 22:54:39.173, 0, 79, 108.98, 82, 8943, 1151, 715, P0, 0x0000000000000000
2026/09/18 22:54:39.176, 1, 79, 137.60, 86, 8943, 1278, 715, P0, 0x0000000000000000
2026/09/18 22:54:40.184, 0, 79, 106.33, 75, 8943, 1050, 715, P0, 0x0000000000000020
2026/09/18 22:54:40.187, 1, 79, 111.50, 96, 8943, 1101, 715, P0, 0x0000000000000020
2026/09/18 22:54:41.198, 0, 79, 94.20, 100, 8943, 1075, 715, P0, 0x0000000000000000
2026/09/18 22:54:41.208, 1, 79, 76.68, 100, 8943, 1189, 715, P0, 0x0000000000000000
2026/09/18 22:54:42.225, 0, 79, 107.24, 82, 8943, 1050, 715, P0, 0x0000000000000020
2026/09/18 22:54:42.227, 1, 79, 110.00, 90, 8943, 1101, 715, P0, 0x0000000000000000
2026/09/18 22:54:43.235, 0, 79, 72.82, 100, 8943, 1139, 715, P0, 0x0000000000000000
2026/09/18 22:54:43.239, 1, 79, 69.21, 100, 8943, 1189, 715, P0, 0x0000000000000000
2026/09/18 22:54:44.253, 0, 79, 121.66, 87, 8943, 1101, 715, P0, 0x0000000000000020
2026/09/18 22:54:44.256, 1, 79, 123.22, 93, 8943, 1126, 715, P0, 0x0000000000000020
2026/09/18 22:54:45.266, 0, 79, 111.07, 100, 8943, 1037, 715, P0, 0x0000000000000020
2026/09/18 22:54:45.270, 1, 79, 109.52, 99, 8943, 1101, 715, P0, 0x0000000000000020
2026/09/18 22:54:46.278, 0, 79, 117.86, 87, 8943, 1050, 715, P0, 0x0000000000000020
2026/09/18 22:54:46.290, 1, 79, 113.80, 91, 8943, 1088, 715, P0, 0x0000000000000020
2026/09/18 22:54:47.306, 0, 79, 107.52, 79, 8943, 1050, 715, P0, 0x0000000000000020
2026/09/18 22:54:47.310, 1, 79, 115.99, 100, 8943, 1126, 715, P0, 0x0000000000000000
2026/09/18 22:54:48.317, 0, 79, 111.48, 100, 8943, 1189, 715, P0, 0x0000000000000000
2026/09/18 22:54:48.320, 1, 79, 126.58, 91, 8943, 1252, 715, P0, 0x0000000000000020
2026/09/18 22:54:49.327, 0, 79, 107.93, 79, 8943, 1050, 715, P0, 0x0000000000000020
2026/09/18 22:54:49.330, 1, 79, 121.59, 100, 8943, 1126, 715, P0, 0x0000000000000020
2026/09/18 22:54:50.341, 0, 79, 103.55, 95, 8943, 1075, 715, P0, 0x0000000000000000
2026/09/18 22:54:50.352, 1, 79, 70.29, 100, 8943, 1189, 715, P0, 0x0000000000000000
2026/09/18 22:54:51.372, 0, 79, 106.74, 92, 8943, 1037, 715, P0, 0x0000000000000020
2026/09/18 22:54:51.375, 1, 79, 114.07, 89, 8943, 1113, 715, P0, 0x0000000000000020
2026/09/18 22:54:52.384, 0, 79, 90.41, 100, 8943, 1113, 715, P0, 0x0000000000000000
2026/09/18 22:54:52.389, 1, 79, 107.00, 100, 8943, 1189, 715, P0, 0x0000000000000000
2026/09/18 22:54:53.411, 0, 79, 118.94, 37, 8943, 1164, 715, P0, 0x0000000000000000
2026/09/18 22:54:53.414, 1, 79, 136.69, 75, 8943, 1189, 715, P0, 0x0000000000000020
2026/09/18 22:54:54.426, 0, 79, 111.06, 100, 8943, 1050, 715, P0, 0x0000000000000020
2026/09/18 22:54:54.429, 1, 79, 119.73, 99, 8943, 1126, 715, P0, 0x0000000000000020
2026/09/18 22:54:55.438, 0, 79, 125.15, 84, 8943, 1177, 715, P0, 0x0000000000000000
2026/09/18 22:54:55.442, 1, 79, 130.68, 89, 8943, 1189, 715, P0, 0x0000000000000020
2026/09/18 22:54:56.447, 0, 79, 108.42, 100, 8943, 1050, 715, P0, 0x0000000000000000
2026/09/18 22:54:56.451, 1, 79, 115.92, 99, 8943, 1126, 715, P0, 0x0000000000000000
2026/09/18 22:54:57.459, 0, 79, 104.04, 100, 8943, 1151, 715, P0, 0x0000000000000000
2026/09/18 22:54:57.462, 1, 79, 110.86, 100, 8943, 1189, 715, P0, 0x0000000000000000
2026/09/18 22:54:58.470, 0, 79, 105.78, 79, 8943, 1037, 715, P0, 0x0000000000000020
2026/09/18 22:54:58.473, 1, 79, 113.83, 86, 8943, 1113, 715, P0, 0x0000000000000020
2026/09/18 22:54:59.484, 0, 79, 101.14, 100, 8943, 1139, 715, P0, 0x0000000000000000
2026/09/18 22:54:59.490, 1, 79, 98.77, 100, 8943, 1189, 715, P0, 0x0000000000000000
2026/09/18 22:55:00.497, 0, 79, 122.34, 95, 8943, 1189, 715, P0, 0x0000000000000020
2026/09/18 22:55:00.500, 1, 79, 127.20, 100, 8943, 1189, 715, P0, 0x0000000000000000
2026/09/18 22:55:01.508, 0, 79, 111.21, 90, 8943, 1050, 715, P0, 0x0000000000000020
2026/09/18 22:55:01.511, 1, 79, 122.29, 98, 8943, 1139, 715, P0, 0x0000000000000020
2026/09/18 22:55:02.517, 0, 79, 112.17, 97, 8943, 1101, 715, P0, 0x0000000000000020
2026/09/18 22:55:02.520, 1, 79, 128.43, 100, 8943, 1189, 715, P0, 0x0000000000000000
2026/09/18 22:55:03.527, 0, 79, 106.56, 37, 8943, 1050, 715, P0, 0x0000000000000020
2026/09/18 22:55:03.531, 1, 79, 119.27, 98, 8943, 1139, 715, P0, 0x0000000000000020
2026/09/18 22:55:04.542, 0, 79, 89.51, 100, 8943, 1151, 715, P0, 0x0000000000000000
2026/09/18 22:55:04.550, 1, 79, 111.61, 88, 8943, 1227, 715, P0, 0x0000000000000000
2026/09/18 22:55:05.556, 0, 79, 107.08, 87, 8943, 1037, 715, P0, 0x0000000000000020
2026/09/18 22:55:05.559, 1, 79, 105.04, 99, 8943, 1050, 715, P0, 0x0000000000000020
2026/09/18 22:55:06.584, 0, 79, 99.53, 96, 8943, 1101, 715, P0, 0x0000000000000000
2026/09/18 22:55:06.595, 1, 79, 84.22, 100, 8943, 1189, 715, P0, 0x0000000000000000
2026/09/18 22:55:07.612, 0, 79, 122.62, 81, 8943, 1177, 715, P0, 0x0000000000000020
2026/09/18 22:55:07.615, 1, 79, 129.83, 93, 8943, 1227, 715, P0, 0x0000000000000000
2026/09/18 22:55:08.622, 0, 79, 109.86, 100, 8943, 1063, 715, P0, 0x0000000000000020
2026/09/18 22:55:08.626, 1, 79, 112.63, 100, 8943, 1101, 715, P0, 0x0000000000000000
2026/09/18 22:55:09.634, 0, 79, 110.00, 86, 8943, 1164, 715, P0, 0x0000000000000020
2026/09/18 22:55:09.637, 1, 79, 114.40, 93, 8943, 1189, 715, P0, 0x0000000000000000
2026/09/18 22:55:10.648, 0, 79, 105.29, 87, 8943, 1088, 715, P0, 0x0000000000000020
2026/09/18 22:55:10.655, 1, 79, 132.76, 69, 8943, 1252, 715, P0, 0x0000000000000000
2026/09/18 22:55:11.662, 0, 79, 94.88, 82, 8943, 898, 715, P0, 0x0000000000000020
2026/09/18 22:55:11.665, 1, 79, 106.09, 72, 8943, 1088, 715, P0, 0x0000000000000000
2026/09/18 22:55:12.675, 0, 79, 96.79, 100, 8943, 911, 715, P0, 0x0000000000000020
2026/09/18 22:55:12.678, 1, 79, 112.18, 98, 8943, 1101, 715, P0, 0x0000000000000000
2026/09/18 22:55:13.686, 0, 79, 49.03, 100, 8943, 1189, 715, P0, 0x0000000000000000
2026/09/18 22:55:13.693, 1, 79, 50.95, 100, 8943, 1189, 715, P0, 0x0000000000000000
2026/09/18 22:55:14.702, 0, 79, 111.29, 94, 8943, 1113, 715, P0, 0x0000000000000020
2026/09/18 22:55:14.706, 1, 79, 119.98, 94, 8943, 1189, 715, P0, 0x0000000000000000
2026/09/18 22:55:15.711, 0, 79, 100.57, 82, 8943, 974, 715, P0, 0x0000000000000020
2026/09/18 22:55:15.717, 1, 79, 114.56, 81, 8943, 1101, 715, P0, 0x0000000000000020
2026/09/18 22:55:16.721, 0, 79, 89.11, 100, 8943, 1025, 715, P0, 0x0000000000000000
2026/09/18 22:55:16.725, 1, 79, 53.54, 100, 8943, 1189, 715, P0, 0x0000000000000000
2026/09/18 22:55:17.733, 0, 79, 96.87, 100, 8943, 1177, 715, P0, 0x0000000000000000
2026/09/18 22:55:17.737, 1, 79, 103.90, 100, 8943, 1189, 715, P0, 0x0000000000000000
2026/09/18 22:55:18.746, 0, 79, 103.47, 79, 8943, 1025, 715, P0, 0x0000000000000000
2026/09/18 22:55:18.749, 1, 79, 109.36, 99, 8943, 1101, 715, P0, 0x0000000000000000
2026/09/18 22:55:19.771, 0, 79, 96.82, 100, 8943, 1139, 715, P0, 0x0000000000000000
2026/09/18 22:55:19.779, 1, 79, 129.59, 91, 8943, 1252, 715, P0, 0x0000000000000020
2026/09/18 22:55:20.787, 0, 79, 113.20, 79, 8943, 1139, 715, P0, 0x0000000000000020
2026/09/18 22:55:20.790, 1, 79, 128.90, 85, 8943, 1189, 715, P0, 0x0000000000000020
2026/09/18 22:55:21.815, 0, 79, 105.13, 100, 8943, 1037, 715, P0, 0x0000000000000020
2026/09/18 22:55:21.819, 1, 79, 111.52, 100, 8943, 1088, 715, P0, 0x0000000000000020
2026/09/18 22:55:22.827, 0, 79, 112.13, 87, 8943, 1189, 715, P0, 0x0000000000000000
2026/09/18 22:55:22.831, 1, 79, 95.42, 92, 8943, 1189, 715, P0, 0x0000000000000000
2026/09/18 22:55:23.858, 0, 79, 104.88, 92, 8943, 1025, 715, P0, 0x0000000000000020
2026/09/18 22:55:23.861, 1, 79, 111.44, 98, 8943, 1088, 715, P0, 0x0000000000000020
2026/09/18 22:55:24.872, 0, 79, 108.45, 100, 8943, 1025, 715, P0, 0x0000000000000020
2026/09/18 22:55:24.881, 1, 79, 108.38, 100, 8943, 1126, 715, P0, 0x0000000000000020
2026/09/18 22:55:25.889, 0, 79, 126.99, 89, 8943, 1075, 715, P0, 0x0000000000000020
2026/09/18 22:55:25.901, 1, 79, 133.07, 83, 8943, 1177, 715, P0, 0x0000000000000020
2026/09/18 22:55:26.916, 0, 79, 106.25, 92, 8943, 1037, 715, P0, 0x0000000000000020
2026/09/18 22:55:26.920, 1, 79, 119.99, 97, 8943, 1139, 715, P0, 0x0000000000000000
2026/09/18 22:55:27.928, 0, 79, 89.63, 100, 8943, 1088, 715, P0, 0x0000000000000000
2026/09/18 22:55:27.931, 1, 79, 59.56, 100, 8943, 1189, 715, P0, 0x0000000000000000
2026/09/18 22:55:28.941, 0, 79, 107.46, 83, 8943, 1050, 715, P0, 0x0000000000000020
2026/09/18 22:55:28.944, 1, 79, 114.79, 88, 8943, 1126, 715, P0, 0x0000000000000020
2026/09/18 22:55:29.950, 0, 79, 105.00, 100, 8943, 1088, 715, P0, 0x0000000000000000
2026/09/18 22:55:29.964, 1, 79, 67.43, 92, 8943, 1189, 715, P0, 0x0000000000000000
2026/09/18 22:55:30.977, 0, 79, 124.71, 86, 8943, 1227, 715, P0, 0x0000000000000020
2026/09/18 22:55:30.980, 1, 79, 143.36, 85, 8943, 1328, 715, P0, 0x0000000000000000
2026/09/18 22:55:31.991, 0, 79, 109.53, 79, 8943, 1075, 715, P0, 0x0000000000000000
2026/09/18 22:55:32.000, 1, 80, 123.97, 100, 8943, 1139, 715, P0, 0x0000000000000020
2026/09/18 22:55:33.017, 0, 79, 107.83, 82, 8943, 1139, 715, P0, 0x0000000000000020
2026/09/18 22:55:33.023, 1, 79, 125.06, 87, 8943, 1252, 715, P0, 0x0000000000000000
2026/09/18 22:55:34.041, 0, 79, 109.66, 100, 8943, 1075, 715, P0, 0x0000000000000000
2026/09/18 22:55:34.043, 1, 79, 102.64, 100, 8943, 1025, 715, P0, 0x0000000000000020
2026/09/18 22:55:35.049, 0, 79, 105.94, 100, 8943, 1075, 715, P0, 0x0000000000000000
2026/09/18 22:55:35.055, 1, 79, 96.06, 100, 8943, 1050, 715, P0, 0x0000000000000000
2026/09/18 22:55:36.064, 0, 79, 109.46, 76, 8943, 1050, 715, P0, 0x0000000000000020
2026/09/18 22:55:36.067, 1, 79, 102.21, 99, 8943, 1025, 715, P0, 0x0000000000000020
2026/09/18 22:55:37.077, 0, 79, 110.36, 100, 8943, 1075, 715, P0, 0x0000000000000000
2026/09/18 22:55:37.081, 1, 79, 104.55, 100, 8943, 1037, 715, P0, 0x0000000000000020
2026/09/18 22:55:38.091, 0, 79, 117.25, 100, 8943, 1164, 715, P0, 0x0000000000000000
2026/09/18 22:55:38.101, 1, 79, 104.19, 100, 8943, 1189, 715, P0, 0x0000000000000000
2026/09/18 22:55:39.107, 0, 79, 109.16, 79, 8943, 1063, 715, P0, 0x0000000000000020
2026/09/18 22:55:39.111, 1, 79, 106.47, 96, 8943, 1063, 715, P0, 0x0000000000000020
2026/09/18 22:55:40.119, 0, 80, 114.38, 100, 8943, 1189, 715, P0, 0x0000000000000000
2026/09/18 22:55:40.122, 1, 79, 107.82, 100, 8943, 1189, 715, P0, 0x0000000000000000
2026/09/18 22:55:41.130, 0, 79, 142.65, 58, 8943, 1215, 715, P0, 0x0000000000000020
2026/09/18 22:55:41.133, 1, 79, 121.61, 84, 8943, 1189, 715, P0, 0x0000000000000020
2026/09/18 22:55:42.157, 0, 79, 109.22, 82, 8943, 1075, 715, P0, 0x0000000000000000
2026/09/18 22:55:42.163, 1, 79, 105.75, 95, 8943, 1075, 715, P0, 0x0000000000000000
2026/09/18 22:55:43.171, 0, 79, 101.97, 100, 8943, 1164, 715, P0, 0x0000000000000020
2026/09/18 22:55:43.176, 1, 79, 120.19, 97, 8943, 1202, 715, P0, 0x0000000000000020
2026/09/18 22:55:44.195, 0, 79, 113.00, 79, 8943, 1050, 715, P0, 0x0000000000000020
2026/09/18 22:55:44.202, 1, 79, 107.17, 100, 8943, 1075, 715, P0, 0x0000000000000000
2026/09/18 22:55:45.222, 0, 79, 106.59, 100, 8943, 1088, 715, P0, 0x0000000000000000
2026/09/18 22:55:45.227, 1, 79, 103.19, 100, 8943, 1126, 715, P0, 0x0000000000000000
2026/09/18 22:55:46.241, 0, 79, 105.04, 82, 8943, 1050, 715, P0, 0x0000000000000020
2026/09/18 22:55:46.248, 1, 79, 128.28, 68, 8943, 1189, 715, P0, 0x0000000000000020
2026/09/18 22:55:47.252, 0, 79, 96.54, 84, 8943, 911, 715, P0, 0x0000000000000020
2026/09/18 22:55:47.255, 1, 79, 111.53, 95, 8943, 1113, 715, P0, 0x0000000000000000
2026/09/18 22:55:48.279, 0, 79, 101.29, 75, 8943, 987, 715, P0, 0x0000000000000020
2026/09/18 22:55:48.289, 1, 79, 115.29, 96, 8943, 1126, 715, P0, 0x0000000000000020
2026/09/18 22:55:49.295, 0, 79, 101.60, 100, 8943, 999, 715, P0, 0x0000000000000000
2026/09/18 22:55:49.298, 1, 79, 109.83, 100, 8943, 1164, 715, P0, 0x0000000000000000
2026/09/18 22:55:50.319, 0, 79, 114.86, 94, 8943, 1101, 715, P0, 0x0000000000000020
2026/09/18 22:55:50.331, 1, 79, 144.88, 80, 8943, 1227, 715, P0, 0x0000000000000020
2026/09/18 22:55:51.347, 0, 79, 101.52, 80, 8943, 987, 715, P0, 0x0000000000000000
2026/09/18 22:55:51.351, 1, 79, 120.48, 82, 8943, 1126, 715, P0, 0x0000000000000020
2026/09/18 22:55:52.364, 0, 79, 102.48, 85, 8943, 999, 715, P0, 0x0000000000000000
2026/09/18 22:55:52.370, 1, 79, 120.48, 96, 8943, 1139, 715, P0, 0x0000000000000000
2026/09/18 22:55:53.375, 0, 79, 96.04, 100, 8943, 1151, 715, P0, 0x0000000000000000
2026/09/18 22:55:53.379, 1, 79, 110.13, 80, 8943, 1303, 715, P0, 0x0000000000000000
2026/09/18 22:55:54.392, 0, 79, 99.83, 90, 8943, 961, 715, P0, 0x0000000000000020
2026/09/18 22:55:54.395, 1, 79, 115.76, 98, 8943, 1126, 715, P0, 0x0000000000000020
2026/09/18 22:55:55.405, 0, 79, 105.85, 37, 8943, 1037, 715, P0, 0x0000000000000020
2026/09/18 22:55:55.410, 1, 79, 114.56, 99, 8943, 1126, 715, P0, 0x0000000000000020
2026/09/18 22:55:56.416, 0, 79, 98.92, 100, 8943, 1050, 715, P0, 0x0000000000000000
2026/09/18 22:55:56.419, 1, 79, 60.23, 100, 8943, 1189, 715, P0, 0x0000000000000000
2026/09/18 22:55:57.429, 0, 79, 109.78, 79, 8943, 1025, 715, P0, 0x0000000000000020
2026/09/18 22:55:57.433, 1, 79, 118.77, 83, 8943, 1126, 715, P0, 0x0000000000000020
2026/09/18 22:55:58.453, 0, 79, 107.69, 100, 8943, 1037, 715, P0, 0x0000000000000020
2026/09/18 22:55:58.456, 1, 79, 117.59, 100, 8943, 1113, 715, P0, 0x0000000000000020
2026/09/18 22:55:59.467, 0, 79, 103.42, 100, 8943, 1177, 715, P0, 0x0000000000000000
2026/09/18 22:55:59.470, 1, 79, 109.11, 100, 8943, 1189, 715, P0, 0x0000000000000000
2026/09/18 22:56:00.478, 0, 79, 107.94, 79, 8943, 1050, 715, P0, 0x0000000000000020
2026/09/18 22:56:00.481, 1, 79, 114.48, 89, 8943, 1126, 715, P0, 0x0000000000000020
2026/09/18 22:56:01.488, 0, 79, 107.22, 100, 8943, 1075, 715, P0, 0x0000000000000000
2026/09/18 22:56:01.493, 1, 79, 112.15, 100, 8943, 1139, 715, P0, 0x0000000000000000
2026/09/18 22:56:02.499, 0, 79, 123.37, 100, 8943, 1177, 715, P0, 0x0000000000000000
2026/09/18 22:56:02.511, 1, 79, 107.94, 100, 8943, 1189, 715, P0, 0x0000000000000000
2026/09/18 22:56:03.528, 0, 79, 108.19, 79, 8943, 1050, 715, P0, 0x0000000000000020
2026/09/18 22:56:03.531, 1, 79, 116.16, 88, 8943, 1126, 715, P0, 0x0000000000000020
2026/09/18 22:56:04.538, 0, 79, 90.66, 100, 8943, 1113, 715, P0, 0x0000000000000000
2026/09/18 22:56:04.541, 1, 79, 98.84, 100, 8943, 1189, 715, P0, 0x0000000000000000
2026/09/18 22:56:05.551, 0, 79, 127.72, 70, 8943, 1189, 715, P0, 0x0000000000000020
2026/09/18 22:56:05.555, 1, 79, 125.20, 80, 8943, 1303, 715, P0, 0x0000000000000000
2026/09/18 22:56:06.563, 0, 79, 109.14, 79, 8943, 1063, 715, P0, 0x0000000000000020
2026/09/18 22:56:06.570, 1, 79, 118.07, 87, 8943, 1126, 715, P0, 0x0000000000000020
2026/09/18 22:56:07.576, 0, 79, 108.01, 100, 8943, 1139, 715, P0, 0x0000000000000000
2026/09/18 22:56:07.580, 1, 79, 94.03, 100, 8943, 1189, 715, P0, 0x0000000000000000
2026/09/18 22:56:08.588, 0, 79, 108.66, 85, 8943, 1050, 715, P0, 0x0000000000000020
2026/09/18 22:56:08.591, 1, 79, 116.15, 89, 8943, 1126, 715, P0, 0x0000000000000000
2026/09/18 22:56:09.599, 0, 79, 109.61, 79, 8943, 1063, 715, P0, 0x0000000000000020
2026/09/18 22:56:09.610, 1, 79, 120.47, 100, 8943, 1126, 715, P0, 0x0000000000000020
2026/09/18 22:56:10.624, 0, 79, 97.81, 88, 8943, 1202, 715, P0, 0x0000000000000020
2026/09/18 22:56:10.630, 1, 79, 122.74, 91, 8943, 1252, 715, P0, 0x0000000000000000
2026/09/18 22:56:11.648, 0, 79, 107.46, 92, 8943, 1063, 715, P0, 0x0000000000000000
2026/09/18 22:56:11.654, 1, 80, 114.79, 99, 8943, 1113, 715, P0, 0x0000000000000020
2026/09/18 22:56:12.672, 0, 79, 109.85, 100, 8943, 1075, 715, P0, 0x0000000000000000
2026/09/18 22:56:12.675, 1, 79, 120.45, 100, 8943, 1126, 715, P0, 0x0000000000000020
2026/09/18 22:56:13.688, 0, 79, 105.13, 90, 8943, 1139, 715, P0, 0x0000000000000020
2026/09/18 22:56:13.696, 1, 79, 123.21, 89, 8943, 1252, 715, P0, 0x0000000000000000
2026/09/18 22:56:14.714, 0, 79, 110.02, 90, 8943, 1063, 715, P0, 0x0000000000000020
2026/09/18 22:56:14.717, 1, 79, 119.19, 98, 8943, 1126, 715, P0, 0x0000000000000020
2026/09/18 22:56:15.723, 0, 79, 94.20, 100, 8943, 949, 715, P0, 0x0000000000000000
2026/09/18 22:56:15.727, 1, 79, 110.03, 100, 8943, 1189, 715, P0, 0x0000000000000000
2026/09/18 22:56:16.734, 0, 79, 90.37, 100, 8943, 873, 715, P0, 0x0000000000000020
2026/09/18 22:56:16.737, 1, 79, 53.50, 100, 8943, 1189, 715, P0, 0x0000000000000000
2026/09/18 22:56:17.745, 0, 79, 97.86, 100, 8943, 1012, 715, P0, 0x0000000000000000
2026/09/18 22:56:17.757, 1, 79, 92.23, 100, 8943, 1189, 715, P0, 0x0000000000000000
2026/09/18 22:56:18.775, 0, 79, 105.94, 100, 8943, 1113, 715, P0, 0x0000000000000000
2026/09/18 22:56:18.778, 1, 79, 131.22, 82, 8943, 1240, 715, P0, 0x0000000000000020
2026/09/18 22:56:19.789, 0, 79, 112.15, 66, 8943, 1101, 715, P0, 0x0000000000000020
2026/09/18 22:56:19.797, 1, 79, 133.61, 58, 8943, 1252, 715, P0, 0x0000000000000000
2026/09/18 22:56:20.808, 0, 79, 98.01, 84, 8943, 936, 715, P0, 0x0000000000000020
2026/09/18 22:56:20.817, 1, 79, 104.64, 99, 8943, 1037, 715, P0, 0x0000000000000020
2026/09/18 22:56:21.836, 0, 79, 99.69, 100, 8943, 949, 715, P0, 0x0000000000000000
2026/09/18 22:56:21.839, 1, 79, 102.48, 100, 8943, 1037, 715, P0, 0x0000000000000000
2026/09/18 22:56:22.864, 0, 79, 109.27, 97, 8943, 1101, 715, P0, 0x0000000000000000
2026/09/18 22:56:22.868, 1, 79, 116.66, 87, 8943, 1189, 715, P0, 0x0000000000000000
2026/09/18 22:56:23.877, 0, 79, 112.20, 100, 8943, 1088, 715, P0, 0x0000000000000000
2026/09/18 22:56:23.880, 1, 79, 97.89, 90, 8943, 1101, 715, P0, 0x0000000000000020
2026/09/18 22:56:24.906, 0, 79, 100.41, 80, 8943, 936, 715, P0, 0x0000000000000020
2026/09/18 22:56:24.918, 1, 79, 102.24, 83, 8943, 1025, 715, P0, 0x0000000000000020
2026/09/18 22:56:25.930, 0, 79, 99.45, 87, 8943, 949, 715, P0, 0x0000000000000020
2026/09/18 22:56:25.936, 1, 79, 104.81, 97, 8943, 1037, 715, P0, 0x0000000000000020
2026/09/18 22:56:26.947, 0, 79, 93.52, 100, 8943, 987, 715, P0, 0x0000000000000000
2026/09/18 22:56:26.958, 1, 79, 84.44, 100, 8943, 1063, 715, P0, 0x0000000000000000
2026/09/18 22:56:27.963, 0, 79, 102.25, 100, 8943, 1063, 715, P0, 0x0000000000000000
2026/09/18 22:56:27.966, 1, 79, 93.55, 100, 8943, 1088, 715, P0, 0x0000000000000000
2026/09/18 22:56:28.976, 0, 79, 107.06, 92, 8943, 999, 715, P0, 0x0000000000000020
2026/09/18 22:56:28.979, 1, 79, 104.56, 95, 8943, 1025, 715, P0, 0x0000000000000020
2026/09/18 22:56:29.987, 0, 79, 102.51, 82, 8943, 1037, 715, P0, 0x0000000000000000
2026/09/18 22:56:29.997, 1, 79, 104.81, 98, 8943, 1037, 715, P0, 0x0000000000000020
2026/09/18 22:56:31.004, 0, 79, 110.61, 89, 8943, 1063, 715, P0, 0x0000000000000020
2026/09/18 22:56:31.007, 1, 79, 107.19, 98, 8943, 1075, 715, P0, 0x0000000000000000
2026/09/18 22:56:32.018, 0, 79, 114.29, 100, 8943, 1151, 715, P0, 0x0000000000000020
2026/09/18 22:56:32.021, 1, 79, 103.68, 94, 8943, 1126, 715, P0, 0x0000000000000020
2026/09/18 22:56:33.029, 0, 79, 108.92, 100, 8943, 1063, 715, P0, 0x0000000000000020
2026/09/18 22:56:33.038, 1, 79, 106.23, 100, 8943, 1075, 715, P0, 0x0000000000000000
2026/09/18 22:56:34.043, 0, 79, 74.03, 96, 8943, 1126, 715, P0, 0x0000000000000000
2026/09/18 22:56:34.046, 1, 79, 64.62, 96, 8943, 1189, 715, P0, 0x0000000000000000
2026/09/18 22:56:35.056, 0, 79, 128.58, 84, 8943, 1189, 715, P0, 0x0000000000000000
2026/09/18 22:56:35.060, 1, 79, 111.45, 94, 8943, 1189, 715, P0, 0x0000000000000000
2026/09/18 22:56:36.071, 0, 79, 114.10, 95, 8943, 1075, 715, P0, 0x0000000000000020
2026/09/18 22:56:36.077, 1, 79, 115.42, 100, 8943, 1101, 715, P0, 0x0000000000000020
2026/09/18 22:56:37.086, 0, 79, 102.52, 97, 8943, 1189, 715, P0, 0x0000000000000000
2026/09/18 22:56:37.089, 1, 79, 113.70, 96, 8943, 1189, 715, P0, 0x0000000000000000
2026/09/18 22:56:38.113, 0, 79, 135.60, 87, 8943, 1139, 715, P0, 0x0000000000000020
2026/09/18 22:56:38.119, 1, 79, 121.98, 99, 8943, 1126, 715, P0, 0x0000000000000020
2026/09/18 22:56:39.131, 0, 79, 99.60, 98, 8943, 961, 715, P0, 0x0000000000000000
2026/09/18 22:56:39.142, 1, 79, 116.00, 100, 8943, 1101, 715, P0, 0x0000000000000020
2026/09/18 22:56:40.157, 0, 79, 104.63, 100, 8943, 1126, 715, P0, 0x0000000000000000
2026/09/18 22:56:40.160, 1, 79, 122.29, 100, 8943, 1189, 715, P0, 0x0000000000000000
2026/09/18 22:56:41.168, 0, 78, 109.96, 93, 8943, 1202, 715, P0, 0x0000000000000000
2026/09/18 22:56:41.171, 1, 78, 130.56, 72, 8943, 1303, 715, P0, 0x0000000000000020
2026/09/18 22:56:42.181, 0, 79, 106.72, 92, 8943, 936, 715, P0, 0x0000000000000020
2026/09/18 22:56:42.184, 1, 79, 121.19, 74, 8943, 1126, 715, P0, 0x0000000000000020
2026/09/18 22:56:43.191, 0, 79, 101.53, 79, 8943, 987, 715, P0, 0x0000000000000020
2026/09/18 22:56:43.202, 1, 79, 115.04, 84, 8943, 1139, 715, P0, 0x0000000000000000
2026/09/18 22:56:44.217, 0, 79, 95.52, 97, 8943, 987, 715, P0, 0x0000000000000000
2026/09/18 22:56:44.221, 1, 79, 69.81, 100, 8943, 1189, 715, P0, 0x0000000000000000
2026/09/18 22:56:45.228, 0, 79, 94.65, 100, 8943, 1012, 715, P0, 0x0000000000000000
2026/09/18 22:56:45.241, 1, 79, 56.85, 89, 8943, 1202, 715, P0, 0x0000000000000000
2026/09/18 22:56:46.254, 0, 79, 104.65, 84, 8943, 1126, 715, P0, 0x0000000000000020
2026/09/18 22:56:46.260, 1, 79, 120.12, 71, 8943, 1240, 715, P0, 0x0000000000000000
2026/09/18 22:56:47.268, 0, 79, 104.81, 89, 8943, 1037, 715, P0, 0x0000000000000020
2026/09/18 22:56:47.272, 1, 79, 120.71, 98, 8943, 1139, 715, P0, 0x0000000000000020
2026/09/18 22:56:48.281, 0, 79, 98.50, 100, 8943, 1037, 715, P0, 0x0000000000000000
2026/09/18 22:56:48.284, 1, 79, 96.77, 100, 8943, 1050, 715, P0, 0x0000000000000000
2026/09/18 22:56:49.297, 0, 79, 114.92, 100, 8943, 1189, 715, P0, 0x0000000000000000
2026/09/18 22:56:49.302, 1, 79, 87.70, 100, 8943, 1126, 715, P0, 0x0000000000000020
2026/09/18 22:56:50.325, 0, 79, 108.28, 79, 8943, 1050, 715, P0, 0x0000000000000020
2026/09/18 22:56:50.328, 1, 79, 102.93, 99, 8943, 1037, 715, P0, 0x0000000000000020
2026/09/18 22:56:51.337, 0, 79, 109.16, 100, 8943, 1075, 715, P0, 0x0000000000000000
2026/09/18 22:56:51.343, 1, 79, 103.84, 100, 8943, 1025, 715, P0, 0x0000000000000020
2026/09/18 22:56:52.365, 0, 79, 111.36, 100, 8943, 1151, 715, P0, 0x0000000000000000
2026/09/18 22:56:52.371, 1, 79, 114.80, 100, 8943, 1189, 715, P0, 0x0000000000000000
2026/09/18 22:56:53.381, 0, 79, 109.16, 89, 8943, 1050, 715, P0, 0x0000000000000020
2026/09/18 22:56:53.384, 1, 79, 106.71, 98, 8943, 1075, 715, P0, 0x0000000000000020
2026/09/18 22:56:54.395, 0, 79, 110.83, 87, 8943, 1075, 715, P0, 0x0000000000000000
2026/09/18 22:56:54.405, 1, 79, 108.14, 99, 8943, 1075, 715, P0, 0x0000000000000000
2026/09/18 22:56:55.422, 0, 79, 48.06, 100, 8943, 1189, 715, P0, 0x0000000000000000
2026/09/18 22:56:55.425, 1, 78, 49.98, 100, 8943, 1189, 715, P0, 0x0000000000000000
2026/09/18 22:56:56.433, 0, 79, 122.86, 100, 8943, 1101, 715, P0, 0x0000000000000020
2026/09/18 22:56:56.437, 1, 79, 121.78, 100, 8943, 1126, 715, P0, 0x0000000000000020
2026/09/18 22:56:57.450, 0, 79, 110.27, 100, 8943, 1063, 715, P0, 0x0000000000000020
2026/09/18 22:56:57.453, 1, 79, 115.19, 100, 8943, 1101, 715, P0, 0x0000000000000020
2026/09/18 22:56:58.458, 0, 79, 110.98, 92, 8943, 1164, 715, P0, 0x0000000000000020
2026/09/18 22:56:58.468, 1, 79, 120.43, 92, 8943, 1278, 715, P0, 0x0000000000000000
2026/09/18 22:56:59.485, 0, 79, 120.85, 86, 8943, 1202, 715, P0, 0x0000000000000020
2026/09/18 22:56:59.488, 1, 79, 118.45, 92, 8943, 1189, 715, P0, 0x0000000000000000
2026/09/18 22:57:00.499, 0, 79, 110.58, 90, 8943, 1063, 715, P0, 0x0000000000000020
2026/09/18 22:57:00.508, 1, 79, 113.82, 99, 8943, 1113, 715, P0, 0x0000000000000020
2026/09/18 22:57:01.525, 0, 79, 101.64, 100, 8943, 1139, 715, P0, 0x0000000000000000
2026/09/18 22:57:01.531, 1, 79, 100.74, 100, 8943, 1189, 715, P0, 0x0000000000000000
2026/09/18 22:57:02.536, 0, 79, 146.65, 57, 8943, 1240, 715, P0, 0x0000000000000020
2026/09/18 22:57:02.539, 1, 79, 121.57, 80, 8943, 1252, 715, P0, 0x0000000000000000
2026/09/18 22:57:03.549, 0, 79, 108.66, 79, 8943, 1063, 715, P0, 0x0000000000000020
2026/09/18 22:57:03.553, 1, 79, 113.83, 88, 8943, 1126, 715, P0, 0x0000000000000020
2026/09/18 22:57:04.563, 0, 79, 94.39, 100, 8943, 873, 715, P0, 0x0000000000000000
2026/09/18 22:57:04.566, 1, 79, 109.13, 100, 8943, 1139, 715, P0, 0x0000000000000000
2026/09/18 22:57:05.581, 0, 79, 88.92, 100, 8943, 898, 715, P0, 0x0000000000000000
2026/09/18 22:57:05.584, 1, 79, 50.60, 100, 8943, 1189, 715, P0, 0x0000000000000000
2026/09/18 22:57:06.595, 0, 79, 98.23, 97, 8943, 961, 715, P0, 0x0000000000000000
2026/09/18 22:57:06.598, 1, 79, 113.61, 99, 8943, 1151, 715, P0, 0x0000000000000000
2026/09/18 22:57:07.612, 0, 79, 97.28, 100, 8943, 1025, 715, P0, 0x0000000000000020
2026/09/18 22:57:07.618, 1, 79, 96.11, 100, 8943, 1189, 715, P0, 0x0000000000000000
2026/09/18 22:57:08.624, 0, 79, 110.66, 100, 8943, 1075, 715, P0, 0x0000000000000020
2026/09/18 22:57:08.636, 1, 79, 133.14, 80, 8943, 1164, 715, P0, 0x0000000000000020
2026/09/18 22:57:09.654, 0, 79, 99.18, 92, 8943, 936, 715, P0, 0x0000000000000020
2026/09/18 22:57:09.657, 1, 79, 114.82, 98, 8943, 1126, 715, P0, 0x0000000000000020
2026/09/18 22:57:10.667, 0, 79, 97.97, 87, 8943, 961, 715, P0, 0x0000000000000020
2026/09/18 22:57:10.675, 1, 79, 122.16, 98, 8943, 1151, 715, P0, 0x0000000000000000
2026/09/18 22:57:11.692, 0, 79, 104.08, 100, 8943, 1025, 715, P0, 0x0000000000000000
2026/09/18 22:57:11.695, 1, 79, 127.56, 100, 8943, 1164, 715, P0, 0x0000000000000020
2026/09/18 22:57:12.705, 0, 79, 101.12, 100, 8943, 1139, 715, P0, 0x0000000000000000
2026/09/18 22:57:12.714, 1, 79, 136.49, 79, 8943, 1290, 715, P0, 0x0000000000000000
2026/09/18 22:57:13.718, 0, 78, 124.38, 53, 8943, 1202, 715, P0, 0x0000000000000020
2026/09/18 22:57:13.721, 1, 79, 119.11, 65, 8943, 1290, 715, P0, 0x0000000000000020
2026/09/18 22:57:14.734, 0, 79, 102.00, 79, 8943, 987, 715, P0, 0x0000000000000000
2026/09/18 22:57:14.741, 1, 79, 120.24, 80, 8943, 1139, 715, P0, 0x0000000000000020
2026/09/18 22:57:15.750, 0, 79, 103.36, 96, 8943, 1025, 715, P0, 0x0000000000000020
2026/09/18 22:57:15.759, 1, 79, 125.42, 100, 8943, 1151, 715, P0, 0x0000000000000020
2026/09/18 22:57:16.764, 0, 79, 115.34, 100, 8943, 1177, 715, P0, 0x0000000000000000
2026/09/18 22:57:16.768, 1, 79, 99.13, 100, 8943, 1189, 715, P0, 0x0000000000000000
2026/09/18 22:57:17.774, 0, 79, 97.08, 100, 8943, 1189, 715, P0, 0x0000000000000020
2026/09/18 22:57:17.778, 1, 79, 120.28, 88, 8943, 1265, 715, P0, 0x0000000000000020
2026/09/18 22:57:18.788, 0, 79, 114.12, 79, 8943, 1101, 715, P0, 0x0000000000000000
2026/09/18 22:57:18.791, 1, 79, 106.93, 93, 8943, 1075, 715, P0, 0x0000000000000000
2026/09/18 22:57:19.797, 0, 79, 94.95, 100, 8943, 1113, 715, P0, 0x0000000000000000
2026/09/18 22:57:19.802, 1, 79, 80.51, 100, 8943, 1139, 715, P0, 0x0000000000000000
2026/09/18 22:57:20.823, 0, 79, 97.41, 93, 8943, 1164, 715, P0, 0x0000000000000020
2026/09/18 22:57:20.828, 1, 79, 119.38, 87, 8943, 1202, 715, P0, 0x0000000000000020
2026/09/18 22:57:21.840, 0, 79, 104.43, 97, 8943, 949, 715, P0, 0x0000000000000020
2026/09/18 22:57:21.844, 1, 79, 106.31, 83, 8943, 1050, 715, P0, 0x0000000000000020
2026/09/18 22:57:22.865, 0, 79, 101.06, 100, 8943, 974, 715, P0, 0x0000000000000000
2026/09/18 22:57:22.868, 1, 79, 106.96, 100, 8943, 1075, 715, P0, 0x0000000000000000
2026/09/18 22:57:23.892, 0, 79, 100.16, 100, 8943, 974, 715, P0, 0x0000000000000000
2026/09/18 22:57:23.902, 1, 79, 102.72, 100, 8943, 1088, 715, P0, 0x0000000000000000
2026/09/18 22:57:24.906, 0, 79, 106.58, 100, 8943, 1037, 715, P0, 0x0000000000000020
2026/09/18 22:57:24.909, 1, 79, 106.24, 100, 8943, 1126, 715, P0, 0x0000000000000000
2026/09/18 22:57:25.934, 0, 79, 102.91, 92, 8943, 1101, 715, P0, 0x0000000000000020
2026/09/18 22:57:25.943, 1, 79, 124.04, 89, 8943, 1252, 715, P0, 0x0000000000000020
2026/09/18 22:57:26.959, 0, 79, 103.22, 79, 8943, 1037, 715, P0, 0x0000000000000000
2026/09/18 22:57:26.963, 1, 79, 112.39, 98, 8943, 1101, 715, P0, 0x0000000000000020
2026/09/18 22:57:27.971, 0, 79, 104.91, 100, 8943, 1025, 715, P0, 0x0000000000000020
2026/09/18 22:57:27.984, 1, 79, 105.52, 100, 8943, 1113, 715, P0, 0x0000000000000000
2026/09/18 22:57:29.002, 0, 79, 91.73, 100, 8943, 1088, 715, P0, 0x0000000000000000
2026/09/18 22:57:29.005, 1, 79, 66.01, 100, 8943, 1139, 715, P0, 0x0000000000000000
2026/09/18 22:57:30.014, 0, 79, 117.13, 97, 8943, 1050, 715, P0, 0x0000000000000020
2026/09/18 22:57:30.023, 1, 79, 118.28, 91, 8943, 1101, 715, P0, 0x0000000000000020
2026/09/18 22:57:31.038, 0, 79, 111.71, 79, 8943, 1050, 715, P0, 0x0000000000000020
2026/09/18 22:57:31.041, 1, 79, 116.15, 98, 8943, 1088, 715, P0, 0x0000000000000020
2026/09/18 22:57:32.056, 0, 79, 111.30, 100, 8943, 1050, 715, P0, 0x0000000000000020
2026/09/18 22:57:32.060, 1, 79, 116.39, 97, 8943, 1126, 715, P0, 0x0000000000000020
2026/09/18 22:57:33.073, 0, 79, 110.60, 91, 8943, 1189, 715, P0, 0x0000000000000020
2026/09/18 22:57:33.081, 1, 79, 125.22, 87, 8943, 1202, 715, P0, 0x0000000000000020
2026/09/18 22:57:34.097, 0, 79, 106.26, 82, 8943, 1050, 715, P0, 0x0000000000000020
2026/09/18 22:57:34.100, 1, 79, 115.27, 98, 8943, 1126, 715, P0, 0x0000000000000020
2026/09/18 22:57:35.106, 0, 79, 113.14, 100, 8943, 1050, 715, P0, 0x0000000000000020
2026/09/18 22:57:35.109, 1, 79, 117.57, 100, 8943, 1113, 715, P0, 0x0000000000000020
2026/09/18 22:57:36.119, 0, 79, 106.57, 100, 8943, 1113, 715, P0, 0x0000000000000000
2026/09/18 22:57:36.125, 1, 79, 111.26, 100, 8943, 1164, 715, P0, 0x0000000000000000
2026/09/18 22:57:37.134, 0, 79, 126.99, 84, 8943, 1139, 715, P0, 0x0000000000000020
2026/09/18 22:57:37.137, 1, 79, 128.79, 92, 8943, 1113, 715, P0, 0x0000000000000020
2026/09/18 22:57:38.165, 0, 79, 115.06, 92, 8943, 1075, 715, P0, 0x0000000000000020
2026/09/18 22:57:38.168, 1, 79, 116.38, 100, 8943, 1113, 715, P0, 0x0000000000000020
2026/09/18 22:57:39.179, 0, 79, 107.45, 92, 8943, 1037, 715, P0, 0x0000000000000020
2026/09/18 22:57:39.184, 1, 79, 120.71, 99, 8943, 1126, 715, P0, 0x0000000000000020
2026/09/18 22:57:40.192, 0, 79, 100.31, 100, 8943, 1139, 715, P0, 0x0000000000000000
2026/09/18 22:57:40.195, 1, 79, 108.26, 100, 8943, 1189, 715, P0, 0x0000000000000000
2026/09/18 22:57:41.206, 0, 79, 110.49, 92, 8943, 987, 715, P0, 0x0000000000000020
2026/09/18 22:57:41.210, 1, 79, 122.31, 83, 8943, 1126, 715, P0, 0x0000000000000020
2026/09/18 22:57:42.217, 0, 79, 106.74, 79, 8943, 1037, 715, P0, 0x0000000000000020
2026/09/18 22:57:42.226, 1, 79, 114.79, 98, 8943, 1126, 715, P0, 0x0000000000000000
2026/09/18 22:57:43.230, 0, 79, 109.13, 81, 8943, 1075, 715, P0, 0x0000000000000000
2026/09/18 22:57:43.233, 1, 79, 117.35, 98, 8943, 1126, 715, P0, 0x0000000000000020
2026/09/18 22:57:44.244, 0, 79, 110.67, 100, 8943, 1189, 715, P0, 0x0000000000000000
2026/09/18 22:57:44.247, 1, 79, 95.69, 100, 8943, 1189, 715, P0, 0x0000000000000000
2026/09/18 22:57:45.255, 0, 79, 108.41, 96, 8943, 1050, 715, P0, 0x0000000000000020
2026/09/18 22:57:45.258, 1, 79, 115.44, 89, 8943, 1126, 715, P0, 0x0000000000000020
2026/09/18 22:57:46.268, 0, 79, 108.00, 87, 8943, 1063, 715, P0, 0x0000000000000020
2026/09/18 22:57:46.271, 1, 79, 114.79, 83, 8943, 1126, 715, P0, 0x0000000000000020
2026/09/18 22:57:47.279, 0, 79, 109.37, 100, 8943, 1075, 715, P0, 0x0000000000000000
2026/09/18 22:57:47.286, 1, 79, 120.63, 98, 8943, 1126, 715, P0, 0x0000000000000020
2026/09/18 22:57:48.309, 0, 79, 119.09, 91, 8943, 1164, 715, P0, 0x0000000000000020
2026/09/18 22:57:48.315, 1, 79, 95.80, 100, 8943, 1164, 715, P0, 0x0000000000000000
2026/09/18 22:57:49.320, 0, 79, 108.50, 82, 8943, 1063, 715, P0, 0x0000000000000020
2026/09/18 22:57:49.325, 1, 79, 103.83, 100, 8943, 1037, 715, P0, 0x0000000000000020
2026/09/18 22:57:50.333, 0, 79, 114.21, 87, 8943, 1101, 715, P0, 0x0000000000000000
2026/09/18 22:57:50.336, 1, 79, 104.78, 100, 8943, 1050, 715, P0, 0x0000000000000020
2026/09/18 22:57:51.345, 0, 79, 101.14, 100, 8943, 974, 715, P0, 0x0000000000000020
2026/09/18 22:57:51.350, 1, 79, 99.61, 100, 8943, 1063, 715, P0, 0x0000000000000000
2026/09/18 22:57:52.369, 0, 79, 111.67, 100, 8943, 1126, 715, P0, 0x0000000000000000
2026/09/18 22:57:52.372, 1, 79, 119.13, 97, 8943, 1189, 715, P0, 0x0000000000000020
2026/09/18 22:57:53.378, 0, 78, 49.74, 93, 8943, 1215, 715, P0, 0x0000000000000000
2026/09/18 22:57:53.381, 1, 78, 54.54, 73, 8943, 1278, 715, P0, 0x0000000000000000
2026/09/18 22:57:54.386, 0, 79, 127.80, 92, 8943, 1088, 715, P0, 0x0000000000000020
2026/09/18 22:57:54.392, 1, 79, 125.52, 91, 8943, 1113, 715, P0, 0x0000000000000020
2026/09/18 22:57:55.412, 0, 79, 105.63, 79, 8943, 1025, 715, P0, 0x0000000000000020
2026/09/18 22:57:55.415, 1, 79, 106.00, 98, 8943, 1075, 715, P0, 0x0000000000000000
2026/09/18 22:57:56.421, 0, 79, 99.93, 100, 8943, 1025, 715, P0, 0x0000000000000020
2026/09/18 22:57:56.431, 1, 79, 99.61, 100, 8943, 1088, 715, P0, 0x0000000000000000
2026/09/18 22:57:57.451, 0, 79, 101.60, 100, 8943, 1088, 715, P0, 0x0000000000000000
2026/09/18 22:57:57.456, 1, 79, 101.98, 100, 8943, 1113, 715, P0, 0x0000000000000000
2026/09/18 22:57:58.465, 0, 79, 128.46, 100, 8943, 1101, 715, P0, 0x0000000000000020
2026/09/18 22:57:58.471, 1, 79, 123.61, 98, 8943, 1101, 715, P0, 0x0000000000000020
2026/09/18 22:57:59.491, 0, 79, 109.63, 100, 8943, 1063, 715, P0, 0x0000000000000020
2026/09/18 22:57:59.494, 1, 79, 110.46, 96, 8943, 1075, 715, P0, 0x0000000000000020
2026/09/18 22:58:00.503, 0, 79, 103.46, 100, 8943, 1101, 715, P0, 0x0000000000000000
2026/09/18 22:58:00.510, 1, 79, 77.26, 100, 8943, 1151, 715, P0, 0x0000000000000000
2026/09/18 22:58:01.536, 0, 79, 112.46, 100, 8943, 1189, 715, P0, 0x0000000000000000
2026/09/18 22:58:01.540, 1, 79, 122.17, 97, 8943, 1189, 715, P0, 0x0000000000000000
2026/09/18 22:58:02.545, 0, 79, 110.59, 79, 8943, 1050, 715, P0, 0x0000000000000020
2026/09/18 22:58:02.552, 1, 79, 107.41, 94, 8943, 1063, 715, P0, 0x0000000000000020
2026/09/18 22:58:03.573, 0, 79, 110.59, 95, 8943, 1063, 715, P0, 0x0000000000000020
2026/09/18 22:58:03.576, 1, 79, 107.41, 100, 8943, 1075, 715, P0, 0x0000000000000000
2026/09/18 22:58:04.588, 0, 79, 109.39, 97, 8943, 1075, 715, P0, 0x0000000000000000
2026/09/18 22:58:04.594, 1, 79, 111.20, 100, 8943, 1075, 715, P0, 0x0000000000000020
2026/09/18 22:58:05.618, 0, 79, 128.97, 100, 8943, 1189, 715, P0, 0x0000000000000000
2026/09/18 22:58:05.621, 1, 79, 110.85, 100, 8943, 1189, 715, P0, 0x0000000000000000
2026/09/18 22:58:06.630, 0, 79, 106.82, 84, 8943, 1050, 715, P0, 0x0000000000000020
2026/09/18 22:58:06.636, 1, 79, 105.99, 95, 8943, 1075, 715, P0, 0x0000000000000020
2026/09/18 22:58:07.655, 0, 79, 113.16, 87, 8943, 1050, 715, P0, 0x0000000000000020
2026/09/18 22:58:07.658, 1, 79, 111.43, 99, 8943, 1075, 715, P0, 0x0000000000000020
2026/09/18 22:58:08.669, 0, 79, 110.36, 89, 8943, 1075, 715, P0, 0x0000000000000000
2026/09/18 22:58:08.674, 1, 79, 108.39, 99, 8943, 1075, 715, P0, 0x0000000000000020
2026/09/18 22:58:09.696, 0, 79, 131.89, 84, 8943, 1189, 715, P0, 0x0000000000000000
2026/09/18 22:58:09.702, 1, 79, 101.98, 97, 8943, 1189, 715, P0, 0x0000000000000000
2026/09/18 22:58:10.712, 0, 80, 107.72, 87, 8943, 1050, 715, P0, 0x0000000000000020
2026/09/18 22:58:10.715, 1, 79, 106.71, 100, 8943, 1063, 715, P0, 0x0000000000000020
2026/09/18 22:58:11.722, 0, 79, 108.68, 87, 8943, 1063, 715, P0, 0x0000000000000000
2026/09/18 22:58:11.725, 1, 79, 113.59, 99, 8943, 1113, 715, P0, 0x0000000000000020
2026/09/18 22:58:12.742, 0, 79, 110.11, 100, 8943, 1075, 715, P0, 0x0000000000000000
2026/09/18 22:58:12.745, 1, 79, 111.92, 100, 8943, 1113, 715, P0, 0x0000000000000020
2026/09/18 22:58:13.755, 0, 79, 99.94, 95, 8943, 1189, 715, P0, 0x0000000000000000
2026/09/18 22:58:13.758, 1, 79, 105.84, 90, 8943, 1189, 715, P0, 0x0000000000000000
2026/09/18 22:58:14.762, 0, 79, 107.71, 79, 8943, 1050, 715, P0, 0x0000000000000020
2026/09/18 22:58:14.774, 1, 79, 112.63, 98, 8943, 1101, 715, P0, 0x0000000000000000
2026/09/18 22:58:15.791, 0, 79, 107.94, 79, 8943, 1063, 715, P0, 0x0000000000000020
2026/09/18 22:58:15.794, 1, 79, 116.47, 98, 8943, 1126, 715, P0, 0x0000000000000020
2026/09/18 22:58:16.804, 0, 79, 110.36, 100, 8943, 1075, 715, P0, 0x0000000000000000
2026/09/18 22:58:16.815, 1, 79, 108.86, 100, 8943, 1139, 715, P0, 0x0000000000000000
2026/09/18 22:58:17.829, 0, 79, 109.74, 100, 8943, 1177, 715, P0, 0x0000000000000000
2026/09/18 22:58:17.834, 1, 79, 126.84, 92, 8943, 1215, 715, P0, 0x0000000000000000
2026/09/18 22:58:18.842, 0, 79, 124.31, 91, 8943, 1164, 715, P0, 0x0000000000000020
2026/09/18 22:58:18.844, 1, 78, 125.97, 50, 8943, 1227, 715, P0, 0x0000000000000020
2026/09/18 22:58:19.857, 0, 79, 112.13, 100, 8943, 1151, 715, P0, 0x0000000000000000
2026/09/18 22:58:19.860, 1, 79, 147.26, 59, 8943, 1303, 715, P0, 0x0000000000000000
2026/09/18 22:58:20.875, 0, 79, 101.01, 80, 8943, 936, 715, P0, 0x0000000000000020
2026/09/18 22:58:20.882, 1, 79, 126.85, 54, 8943, 1139, 715, P0, 0x0000000000000020
2026/09/18 22:58:21.887, 0, 79, 96.77, 86, 8943, 923, 715, P0, 0x0000000000000020
2026/09/18 22:58:21.897, 1, 79, 119.54, 55, 8943, 1139, 715, P0, 0x0000000000000020
2026/09/18 22:58:22.916, 0, 79, 105.50, 37, 8943, 987, 715, P0, 0x0000000000000020
2026/09/18 22:58:22.922, 1, 79, 133.23, 48, 8943, 1177, 715, P0, 0x0000000000000020
2026/09/18 22:58:23.930, 0, 79, 100.80, 80, 8943, 987, 715, P0, 0x0000000000000000
2026/09/18 22:58:23.941, 1, 79, 120.00, 97, 8943, 1151, 715, P0, 0x0000000000000000
2026/09/18 22:58:24.958, 0, 79, 100.79, 95, 8943, 999, 715, P0, 0x0000000000000000
2026/09/18 22:58:24.962, 1, 79, 122.80, 100, 8943, 1139, 715, P0, 0x0000000000000020
2026/09/18 22:58:25.967, 0, 79, 98.09, 100, 8943, 1012, 715, P0, 0x0000000000000000
2026/09/18 22:58:25.979, 1, 79, 72.89, 100, 8943, 1189, 715, P0, 0x0000000000000000
2026/09/18 22:58:26.984, 0, 79, 102.74, 100, 8943, 1012, 715, P0, 0x0000000000000020
2026/09/18 22:58:26.987, 1, 79, 112.71, 100, 8943, 1164, 715, P0, 0x0000000000000000
2026/09/18 22:58:27.999, 0, 79, 96.13, 100, 8943, 1139, 715, P0, 0x0000000000000000
2026/09/18 22:58:28.002, 1, 79, 120.88, 81, 8943, 1290, 715, P0, 0x0000000000000000
2026/09/18 22:58:29.009, 0, 79, 109.74, 92, 8943, 999, 715, P0, 0x0000000000000020
2026/09/18 22:58:29.021, 1, 79, 134.55, 71, 8943, 1151, 715, P0, 0x0000000000000020
2026/09/18 22:58:30.035, 0, 79, 101.37, 79, 8943, 987, 715, P0, 0x0000000000000020
2026/09/18 22:58:30.039, 1, 79, 104.81, 95, 8943, 1050, 715, P0, 0x0000000000000020
2026/09/18 22:58:31.047, 0, 79, 104.75, 91, 8943, 999, 715, P0, 0x0000000000000020
2026/09/18 22:58:31.059, 1, 79, 91.29, 100, 8943, 1050, 715, P0, 0x0000000000000020
2026/09/18 22:58:32.076, 0, 79, 102.99, 84, 8943, 987, 715, P0, 0x0000000000000020
2026/09/18 22:58:32.079, 1, 79, 106.49, 86, 8943, 1050, 715, P0, 0x0000000000000000
2026/09/18 22:58:33.086, 0, 79, 102.51, 84, 8943, 961, 715, P0, 0x0000000000000020
2026/09/18 22:58:33.089, 1, 79, 103.67, 91, 8943, 1012, 715, P0, 0x0000000000000020
2026/09/18 22:58:34.099, 0, 79, 116.10, 88, 8943, 1189, 715, P0, 0x0000000000000000
2026/09/18 22:58:34.102, 1, 79, 98.64, 100, 8943, 1189, 715, P0, 0x0000000000000000
2026/09/18 22:58:35.111, 0, 79, 105.61, 82, 8943, 1063, 715, P0, 0x0000000000000000
2026/09/18 22:58:35.119, 1, 79, 113.12, 93, 8943, 1113, 715, P0, 0x0000000000000020
2026/09/18 22:58:36.125, 0, 79, 109.85, 100, 8943, 1075, 715, P0, 0x0000000000000000
2026/09/18 22:58:36.128, 1, 79, 115.50, 100, 8943, 1101, 715, P0, 0x0000000000000020
2026/09/18 22:58:37.133, 0, 79, 86.89, 100, 8943, 1189, 715, P0, 0x0000000000000000
2026/09/18 22:58:37.139, 1, 79, 71.79, 89, 8943, 1240, 715, P0, 0x0000000000000000
2026/09/18 22:58:38.154, 0, 77, 55.03, 0, 9, 1328, 715, P0, 0x0000000000000000
2026/09/18 22:58:38.156, 1, 77, 55.97, 0, 9, 1328, 715, P0, 0x0000000000000000
2026/09/18 22:58:39.163, 0, 77, 54.34, 0, 9, 1328, 715, P0, 0x0000000000000000
2026/09/18 22:58:39.165, 1, 77, 55.73, 0, 9, 1328, 715, P0, 0x0000000000000000
2026/09/18 22:58:40.175, 0, 77, 54.58, 0, 9, 1328, 715, P0, 0x0000000000000000
2026/09/18 22:58:40.178, 1, 77, 55.49, 0, 9, 1328, 715, P0, 0x0000000000000000
2026/09/18 22:58:41.188, 0, 76, 40.11, 0, 9, 961, 715, P0, 0x0000000000000001
2026/09/18 22:58:41.193, 1, 76, 39.37, 0, 9, 405, 715, P0, 0x0000000000000001
2026/09/18 22:58:42.198, 0, 75, 39.87, 0, 9, 961, 715, P0, 0x0000000000000001
2026/09/18 22:58:42.201, 1, 75, 39.13, 0, 9, 405, 715, P0, 0x0000000000000001
2026/09/18 22:58:43.218, 0, 75, 37.71, 0, 9, 405, 715, P0, 0x0000000000000001
2026/09/18 22:58:43.221, 1, 75, 38.89, 0, 9, 405, 715, P0, 0x0000000000000001
