timestamp,index,temperature.gpu,power.draw,utilization.gpu,memory.used,clocks.current.graphics,clocks.current.memory,pstate,clocks_event_reasons.active
2026/09/18 19:41:01.002, 0, 77, 54.55, 0, 9, 1328, 715, P0, 0x0000000000000000
2026/09/18 19:41:01.006, 1, 77, 55.48, 6, 9, 1328, 715, P0, 0x0000000000000000
2026/09/18 19:41:02.014, 0, 77, 54.51, 0, 265, 1328, 715, P0, 0x0000000000000000
2026/09/18 19:41:02.020, 1, 77, 55.21, 0, 265, 1328, 715, P0, 0x0000000000000000
2026/09/18 19:41:03.036, 0, 76, 47.29, 0, 265, 1189, 715, P0, 0x0000000000000000
2026/09/18 19:41:03.471, 1, 76, 48.03, 0, 265, 1189, 715, P0, 0x0000000000000000
2026/09/18 19:41:04.477, 0, 76, 46.83, 0, 265, 1189, 715, P0, 0x0000000000000000
2026/09/18 19:41:04.483, 1, 76, 47.78, 0, 265, 1189, 715, P0, 0x0000000000000000
2026/09/18 19:41:05.497, 0, 75, 46.84, 0, 265, 1189, 715, P0, 0x0000000000000000
2026/09/18 19:41:05.503, 1, 75, 47.79, 0, 265, 1189, 715, P0, 0x0000000000000000
2026/09/18 19:41:06.521, 0, 75, 46.60, 0, 265, 1189, 715, P0, 0x0000000000000000
2026/09/18 19:41:06.524, 1, 75, 47.55, 0, 265, 1189, 715, P0, 0x0000000000000000
2026/09/18 19:41:07.531, 0, 75, 46.60, 0, 265, 1189, 715, P0, 0x0000000000000000
2026/09/18 19:41:07.534, 1, 75, 47.55, 0, 265, 1189, 715, P0, 0x0000000000000000
2026/09/18 19:41:08.542, 0, 75, 47.11, 25, 7198, 1189, 715, P0, 0x0000000000000000
2026/09/18 19:41:08.546, 1, 75, 47.30, 0, 7729, 1189, 715, P0, 0x0000000000000000
2026/09/18 19:41:09.555, 0, 74, 47.08, 24, 7198, 1189, 715, P0, 0x0000000000000000
2026/09/18 19:41:09.558, 1, 74, 47.30, 0, 7729, 1189, 715, P0, 0x0000000000000000
2026/09/18 19:41:10.577, 0, 74, 46.10, 0, 7198, 1189, 715, P0, 0x0000000000000000
2026/09/18 19:41:10.581, 1, 75, 54.77, 99, 7729, 1328, 715, P0, 0x0000000000000000
2026/09/18 19:41:11.586, 0, 74, 46.10, 0, 7198, 1189, 715, P0, 0x0000000000000000
2026/09/18 19:41:11.593, 1, 74, 54.77, 96, 7729, 1328, 715, P0, 0x0000000000000000
2026/09/18 19:41:12.605, 0, 74, 45.86, 0, 7198, 1189, 715, P0, 0x0000000000000000
2026/09/18 19:41:12.608, 1, 74, 54.53, 96, 7729, 1328, 715, P0, 0x0000000000000000
2026/09/18 19:41:13.623, 0, 75, 63.18, 100, 10142, 1328, 715, P0, 0x0000000000000000
2026/09/18 19:41:13.627, 1, 74, 65.77, 0, 11033, 1328, 715, P0, 0x0000000000000000
2026/09/18 19:41:14.643, 0, 77, 210.04, 100, 10154, 1328, 715, P0, 0x0000000000000000
2026/09/18 19:41:14.646, 1, 75, 54.62, 0, 11045, 1328, 715, P0, 0x0000000000000000
2026/09/18 19:41:15.653, 0, 79, 200.20, 100, 10154, 1328, 715, P0, 0x0000000000000000
2026/09/18 19:41:15.656, 1, 74, 54.10, 0, 11045, 1328, 715, P0, 0x0000000000000000
2026/09/18 19:41:16.660, 0, 78, 186.18, 100, 10154, 1328, 715, P0, 0x0000000000000000
2026/09/18 19:41:16.663, 1, 77, 180.77, 100, 11045, 1328, 715, P0, 0x0000000000000000
2026/09/18 19:41:17.675, 0, 79, 213.68, 100, 10154, 1328, 715, P0, 0x0000000000000000
2026/09/18 19:41:17.678, 1, 77, 59.15, 97, 11045, 1328, 715, P0, 0x0000000000000000
2026/09/18 19:41:18.685, 0, 77, 49.03, 0, 10154, 1215, 715, P0, 0x0000000000000000
2026/09/18 19:41:18.689, 1, 77, 173.80, 100, 11045, 1328, 715, P0, 0x0000000000000000
2026/09/18 19:41:19.696, 0, 79, 149.95, 100, 10154, 1252, 715, P0, 0x0000000000000000
2026/09/18 19:41:19.699, 1, 79, 182.58, 100, 11045, 1328, 715, P0, 0x0000000000000000
2026/09/18 19:41:20.710, 0, 79, 67.09, 100, 10154, 1252, 715, P0, 0x0000000000000000
2026/09/18 19:41:20.715, 1, 76, 161.86, 0, 11045, 1328, 715, P0, 0x0000000000000000
2026/09/18 19:41:21.724, 0, 79, 169.48, 100, 10154, 1303, 715, P0, 0x0000000000000000
2026/09/18 19:41:21.727, 1, 79, 178.35, 100, 11045, 1328, 715, P0, 0x0000000000000000
2026/09/18 19:41:22.734, 0, 80, 138.14, 100, 10154, 936, 715, P0, 0x0000000000000020
2026/09/18 19:41:22.745, 1, 77, 58.20, 2, 11045, 1328, 715, P0, 0x0000000000000000
2026/09/18 19:41:23.757, 0, 78, 141.12, 64, 10154, 1101, 715, P0, 0x0000000000000020
2026/09/18 19:41:23.764, 1, 79, 197.75, 100, 11045, 1328, 715, P0, 0x0000000000000000
2026/09/18 19:41:24.784, 0, 79, 140.87, 100, 10154, 1189, 715, P0, 0x0000000000000000
2026/09/18 19:41:24.789, 1, 79, 124.46, 100, 11045, 1177, 715, P0, 0x0000000000000000
2026/09/18 19:41:25.798, 0, 78, 54.38, 54, 10154, 1316, 715, P0, 0x0000000000000020
2026/09/18 19:41:25.803, 1, 77, 142.51, 65, 11045, 1252, 715, P0, 0x0000000000000000
2026/09/18 19:41:26.813, 0, 79, 147.35, 100, 10154, 1227, 715, P0, 0x0000000000000020
2026/09/18 19:41:26.816, 1, 79, 145.10, 100, 11045, 1290, 715, P0, 0x0000000000000000
2026/09/18 19:41:27.827, 0, 79, 144.32, 100, 10154, 1139, 715, P0, 0x0000000000000020
2026/09/18 19:41:27.830, 1, 78, 55.54, 0, 11045, 1303, 715, P0, 0x0000000000000000
2026/09/18 19:41:28.843, 0, 78, 141.65, 26, 10154, 1037, 715, P0, 0x0000000000000020
2026/09/18 19:41:28.851, 1, 79, 200.98, 100, 11045, 1328, 715, P0, 0x0000000000000000
2026/09/18 19:41:29.859, 0, 79, 140.95, 100, 10154, 1063, 715, P0, 0x0000000000000020
2026/09/18 19:41:29.871, 1, 79, 139.46, 100, 11045, 1189, 715, P0, 0x0000000000000000
2026/09/18 19:41:30.889, 0, 79, 49.07, 100, 10154, 1189, 715, P0, 0x0000000000000000
2026/09/18 19:41:30.893, 1, 78, 143.99, 0, 11045, 1290, 715, P0, 0x0000000000000000
2026/09/18 19:41:31.902, 0, 79, 131.65, 100, 10154, 1189, 715, P0, 0x0000000000000000
2026/09/18 19:41:31.909, 1, 79, 169.57, 100, 11045, 1328, 715, P0, 0x0000000000000000
2026/09/18 19:41:32.916, 0, 80, 135.70, 100, 10154, 1189, 715, P0, 0x0000000000000000
2026/09/18 19:41:32.919, 1, 78, 52.18, 9, 11045, 1227, 715, P0, 0x0000000000000000
2026/09/18 19:41:33.928, 0, 78, 51.84, 0, 10154, 1265, 715, P0, 0x0000000000000000
2026/09/18 19:41:33.932, 1, 79, 184.61, 100, 11045, 1303, 715, P0, 0x0000000000000020
2026/09/18 19:41:34.944, 0, 80, 129.47, 100, 10154, 1177, 715, P0, 0x0000000000000000
2026/09/18 19:41:34.953, 1, 79, 156.95, 100, 11045, 1126, 715, P0, 0x0000000000000020
2026/09/18 19:41:35.970, 0, 79, 123.54, 100, 10154, 1050, 715, P0, 0x0000000000000020
2026/09/18 19:41:35.977, 1, 77, 53.67, 0, 11045, 1278, 715, P0, 0x0000000000000000
2026/09/18 19:41:36.986, 0, 79, 152.97, 100, 10154, 1202, 715, P0, 0x0000000000000020
2026/09/18 19:41:36.990, 1, 79, 170.68, 100, 11045, 1227, 715, P0, 0x0000000000000000
2026/09/18 19:41:38.002, 0, 79, 107.84, 100, 10154, 772, 715, P0, 0x0000000000000000
2026/09/18 19:41:38.005, 1, 78, 50.60, 100, 11045, 1189, 715, P0, 0x0000000000000000
2026/09/18 19:41:39.016, 0, 78, 48.65, 7, 10154, 1189, 715, P0, 0x0000000000000000
2026/09/18 19:41:39.019, 1, 78, 120.83, 100, 11045, 1177, 715, P0, 0x0000000000000000
2026/09/18 19:41:40.044, 0, 79, 140.25, 100, 10154, 1113, 715, P0, 0x0000000000000000
2026/09/18 19:41:40.048, 1, 79, 157.86, 100, 11045, 1189, 715, P0, 0x0000000000000000
2026/09/18 19:41:41.061, 0, 79, 116.42, 100, 10154, 1075, 715, P0, 0x0000000000000020
2026/09/18 19:41:41.064, 1, 78, 50.07, 0, 11045, 1189, 715, P0, 0x0000000000000000
2026/09/18 19:41:42.078, 0, 78, 139.83, 0, 10154, 1189, 715, P0, 0x0000000000000000
2026/09/18 19:41:42.081, 1, 79, 152.05, 100, 11045, 1303, 715, P0, 0x0000000000000000
2026/09/18 19:41:43.091, 0, 80, 126.51, 100, 10154, 1164, 715, P0, 0x0000000000000000
2026/09/18 19:41:43.100, 1, 79, 109.74, 100, 11045, 949, 715, P0, 0x0000000000000020
2026/09/18 19:41:44.106, 0, 79, 117.28, 100, 10154, 1063, 715, P0, 0x0000000000000000
2026/09/18 19:41:44.109, 1, 77, 49.59, 0, 11045, 1189, 715, P0, 0x0000000000000000
2026/09/18 19:41:45.120, 0, 79, 152.56, 100, 10154, 1177, 715, P0, 0x0000000000000020
2026/09/18 19:41:45.123, 1, 79, 138.97, 100, 11045, 1189, 715, P0, 0x0000000000000020
2026/09/18 19:41:46.134, 0, 80, 121.16, 100, 10154, 1113, 715, P0, 0x0000000000000000
2026/09/18 19:41:46.142, 1, 79, 138.28, 100, 11045, 1177, 715, P0, 0x0000000000000000
2026/09/18 19:41:47.151, 0, 78, 51.99, 64, 10154, 1252, 715, P0, 0x0000000000000000
2026/09/18 19:41:47.154, 1, 79, 127.62, 58, 11045, 1189, 715, P0, 0x0000000000000000
2026/09/18 19:41:48.162, 0, 80, 121.82, 100, 10154, 1088, 715, P0, 0x0000000000000000
2026/09/18 19:41:48.165, 1, 79, 110.99, 100, 11045, 1025, 715, P0, 0x0000000000000000
2026/09/18 19:41:49.176, 0, 79, 100.71, 100, 10154, 556, 715, P0, 0x0000000000000000
2026/09/18 19:41:49.191, 1, 78, 50.36, 38, 11045, 1189, 715, P0, 0x0000000000000000
2026/09/18 19:41:50.205, 0, 78, 48.15, 0, 10154, 1189, 715, P0, 0x0000000000000000
2026/09/18 19:41:50.208, 1, 78, 141.83, 46, 11045, 1189, 715, P0, 0x0000000000000000
2026/09/18 19:41:51.224, 0, 79, 119.46, 100, 10154, 987, 715, P0, 0x0000000000000020
2026/09/18 19:41:51.227, 1, 79, 148.96, 100, 11045, 1189, 715, P0, 0x0000000000000000
2026/09/18 19:41:52.242, 0, 79, 114.81, 100, 10154, 1037, 715, P0, 0x0000000000000000
2026/09/18 19:41:52.246, 1, 78, 50.31, 0, 11045, 1189, 715, P0, 0x0000000000000000
2026/09/18 19:41:53.254, 0, 78, 47.90, 0, 10154, 1189, 715, P0, 0x0000000000000000
2026/09/18 19:41:53.257, 1, 79, 148.69, 100, 11045, 1240, 715, P0, 0x0000000000000020
2026/09/18 19:41:54.267, 0, 79, 120.43, 100, 10154, 1113, 715, P0, 0x0000000000000000
2026/09/18 19:41:54.271, 1, 79, 144.81, 100, 11045, 1189, 715, P0, 0x0000000000000000
2026/09/18 19:41:55.282, 0, 79, 121.39, 100, 10154, 1012, 715, P0, 0x0000000000000020
2026/09/18 19:41:55.289, 1, 78, 50.06, 0, 11045, 1189, 715, P0, 0x0000000000000000
2026/09/18 19:41:56.297, 0, 79, 124.93, 0, 10154, 1139, 715, P0, 0x0000000000000000
2026/09/18 19:41:56.307, 1, 79, 122.95, 100, 11045, 1139, 715, P0, 0x0000000000000000
2026/09/18 19:41:57.325, 0, 80, 133.94, 100, 10154, 923, 715, P0, 0x0000000000000020
2026/09/18 19:41:57.332, 1, 79, 133.46, 100, 11045, 1151, 715, P0, 0x0000000000000000
2026/09/18 19:41:58.341, 0, 79, 99.21, 100, 10154, 734, 715, P0, 0x0000000000000000
2026/09/18 19:41:58.352, 1, 78, 52.74, 0, 11045, 1265, 715, P0, 0x0000000000000000
2026/09/18 19:41:59.357, 0, 78, 115.13, 0, 10154, 987, 715, P0, 0x0000000000000000
2026/09/18 19:41:59.370, 1, 79, 156.72, 100, 11045, 1240, 715, P0, 0x0000000000000000
2026/09/18 19:42:00.375, 0, 79, 114.13, 100, 10154, 1037, 715, P0, 0x0000000000000000
2026/09/18 19:42:00.380, 1, 79, 122.85, 100, 11045, 949, 715, P0, 0x0000000000000020
2026/09/18 19:42:01.387, 0, 79, 114.99, 100, 10154, 1063, 715, P0, 0x0000000000000000
2026/09/18 19:42:01.391, 1, 78, 49.60, 0, 11045, 1189, 715, P0, 0x0000000000000000
2026/09/18 19:42:02.402, 0, 79, 119.04, 100, 10154, 1088, 715, P0, 0x0000000000000000
2026/09/18 19:42:02.410, 1, 79, 136.13, 100, 11045, 1189, 715, P0, 0x0000000000000000
2026/09/18 19:42:03.416, 0, 79, 134.26, 100, 10154, 1126, 715, P0, 0x0000000000000000
2026/09/18 19:42:03.420, 1, 80, 148.50, 100, 11045, 1113, 715, P0, 0x0000000000000020
2026/09/18 19:42:04.434, 0, 79, 111.53, 100, 10154, 898, 715, P0, 0x0000000000000000
2026/09/18 19:42:04.437, 1, 78, 56.57, 0, 11045, 1316, 715, P0, 0x0000000000000000
2026/09/18 19:42:05.447, 0, 79, 116.13, 100, 10154, 1075, 715, P0, 0x0000000000000000
2026/09/18 19:42:05.453, 1, 79, 152.90, 100, 11045, 1227, 715, P0, 0x0000000000000000
2026/09/18 19:42:06.462, 0, 79, 118.93, 100, 10154, 1075, 715, P0, 0x0000000000000020
2026/09/18 19:42:06.473, 1, 79, 117.57, 100, 11045, 961, 715, P0, 0x0000000000000000
2026/09/18 19:42:07.478, 0, 79, 67.49, 100, 10154, 961, 715, P0, 0x0000000000000000
2026/09/18 19:42:07.481, 1, 78, 118.42, 5, 11045, 1252, 715, P0, 0x0000000000000000
2026/09/18 19:42:08.493, 0, 79, 137.07, 100, 10154, 1101, 715, P0, 0x0000000000000020
2026/09/18 19:42:08.497, 1, 79, 128.87, 100, 11045, 1139, 715, P0, 0x0000000000000000
2026/09/18 19:42:09.523, 0, 79, 111.74, 100, 10154, 1025, 715, P0, 0x0000000000000000
2026/09/18 19:42:09.534, 1, 80, 141.64, 100, 11045, 1113, 715, P0, 0x0000000000000020
2026/09/18 19:42:10.553, 0, 78, 47.87, 88, 10154, 1189, 715, P0, 0x0000000000000000
2026/09/18 19:42:10.556, 1, 78, 145.12, 46, 11045, 1202, 715, P0, 0x0000000000000000
2026/09/18 19:42:11.565, 0, 79, 135.71, 100, 10154, 1101, 715, P0, 0x0000000000000020
2026/09/18 19:42:11.575, 1, 79, 135.26, 100, 11045, 1164, 715, P0, 0x0000000000000020
2026/09/18 19:42:12.583, 0, 79, 111.61, 100, 10154, 835, 715, P0, 0x0000000000000020
2026/09/18 19:42:12.586, 1, 79, 50.07, 100, 11045, 1189, 715, P0, 0x0000000000000000
2026/09/18 19:42:13.601, 0, 78, 48.58, 0, 10154, 1189, 715, P0, 0x0000000000000000
2026/09/18 19:42:13.603, 1, 79, 157.95, 48, 11045, 1164, 715, P0, 0x0000000000000020
2026/09/18 19:42:14.619, 0, 79, 115.20, 100, 10154, 1037, 715, P0, 0x0000000000000000
2026/09/18 19:42:14.622, 1, 80, 140.73, 100, 11045, 1189, 715, P0, 0x0000000000000000
2026/09/18 19:42:15.634, 0, 79, 117.76, 100, 10154, 1063, 715, P0, 0x0000000000000020
2026/09/18 19:42:15.637, 1, 79, 49.84, 100, 11045, 1189, 715, P0, 0x0000000000000000
2026/09/18 19:42:16.646, 0, 78, 50.29, 0, 10154, 1227, 715, P0, 0x0000000000000000
2026/09/18 19:42:16.651, 1, 79, 140.07, 96, 11045, 1177, 715, P0, 0x0000000000000000
2026/09/18 19:42:17.659, 0, 79, 116.56, 100, 10154, 734, 715, P0, 0x0000000000000020
2026/09/18 19:42:17.664, 1, 79, 127.26, 100, 11045, 1177, 715, P0, 0x0000000000000000
2026/09/18 19:42:18.674, 0, 79, 121.54, 100, 10154, 772, 715, P0, 0x0000000000000020
2026/09/18 19:42:18.684, 1, 79, 53.69, 0, 11045, 1252, 715, P0, 0x0000000000000000
2026/09/18 19:42:19.706, 0, 79, 66.73, 100, 10154, 797, 715, P0, 0x0000000000000000
2026/09/18 19:42:19.709, 1, 77, 117.16, 0, 11045, 1252, 715, P0, 0x0000000000000000
2026/09/18 19:42:20.720, 0, 79, 133.85, 100, 10154, 1101, 715, P0, 0x0000000000000000
2026/09/18 19:42:20.723, 1, 80, 136.41, 100, 11045, 1189, 715, P0, 0x0000000000000000
2026/09/18 19:42:21.737, 0, 79, 112.53, 100, 10154, 1063, 715, P0, 0x0000000000000000
2026/09/18 19:42:21.743, 1, 79, 107.93, 100, 11045, 797, 715, P0, 0x0000000000000020
2026/09/18 19:42:22.750, 0, 79, 48.15, 100, 10154, 1189, 715, P0, 0x0000000000000000
2026/09/18 19:42:22.758, 1, 78, 123.47, 0, 11045, 1075, 715, P0, 0x0000000000000020
2026/09/18 19:42:23.769, 0, 79, 132.10, 100, 10154, 1101, 715, P0, 0x0000000000000000
2026/09/18 19:42:23.773, 1, 79, 127.22, 100, 11045, 1164, 715, P0, 0x0000000000000000
2026/09/18 19:42:24.781, 0, 79, 121.75, 100, 10154, 1075, 715, P0, 0x0000000000000000
2026/09/18 19:42:24.784, 1, 79, 132.71, 100, 11045, 1151, 715, P0, 0x0000000000000000
2026/09/18 19:42:25.795, 0, 79, 48.15, 100, 10154, 1189, 715, P0, 0x0000000000000000
2026/09/18 19:42:25.798, 1, 78, 139.02, 0, 11045, 1189, 715, P0, 0x0000000000000000
2026/09/18 19:42:26.808, 0, 79, 119.03, 100, 10154, 1075, 715, P0, 0x0000000000000000
2026/09/18 19:42:26.811, 1, 80, 137.24, 100, 11045, 1215, 715, P0, 0x0000000000000000
2026/09/18 19:42:27.823, 0, 79, 108.89, 100, 10154, 936, 715, P0, 0x0000000000000000
2026/09/18 19:42:27.829, 1, 79, 119.30, 100, 11045, 1075, 715, P0, 0x0000000000000020
2026/09/18 19:42:28.835, 0, 79, 48.14, 49, 10154, 1303, 715, P0, 0x0000000000000020
2026/09/18 19:42:28.836, 1, 78, 165.41, 0, 11045, 1164, 715, P0, 0x0000000000000020
2026/09/18 19:42:29.850, 0, 79, 117.84, 100, 10154, 1050, 715, P0, 0x0000000000000020
2026/09/18 19:42:29.853, 1, 79, 136.53, 100, 11045, 1189, 715, P0, 0x0000000000000000
2026/09/18 19:42:30.865, 0, 79, 108.10, 100, 10154, 784, 715, P0, 0x0000000000000000
2026/09/18 19:42:30.871, 1, 79, 106.24, 100, 11045, 923, 715, P0, 0x0000000000000000
2026/09/18 19:42:31.879, 0, 79, 109.98, 100, 10154, 708, 715, P0, 0x0000000000000020
2026/09/18 19:42:31.892, 1, 78, 55.13, 0, 11045, 1303, 715, P0, 0x0000000000000000
2026/09/18 19:42:32.911, 0, 79, 132.60, 100, 10154, 1050, 715, P0, 0x0000000000000000
2026/09/18 19:42:32.914, 1, 79, 160.37, 100, 11045, 1189, 715, P0, 0x0000000000000020
2026/09/18 19:42:33.926, 0, 79, 119.44, 100, 10154, 1037, 715, P0, 0x0000000000000000
2026/09/18 19:42:33.930, 1, 80, 118.81, 100, 11045, 1101, 715, P0, 0x0000000000000020
2026/09/18 19:42:34.939, 0, 79, 114.64, 100, 10154, 1012, 715, P0, 0x0000000000000000
2026/09/18 19:42:34.950, 1, 77, 51.26, 0, 11045, 1227, 715, P0, 0x0000000000000000
2026/09/18 19:42:35.957, 0, 79, 120.70, 100, 10154, 1088, 715, P0, 0x0000000000000000
2026/09/18 19:42:35.960, 1, 79, 126.79, 100, 11045, 1101, 715, P0, 0x0000000000000020
2026/09/18 19:42:36.979, 0, 79, 112.27, 100, 10154, 898, 715, P0, 0x0000000000000000
2026/09/18 19:42:36.992, 1, 79, 116.27, 100, 11045, 1075, 715, P0, 0x0000000000000020
2026/09/18 19:42:38.009, 0, 79, 114.43, 100, 10154, 974, 715, P0, 0x0000000000000000
2026/09/18 19:42:38.012, 1, 78, 49.34, 0, 11045, 1189, 715, P0, 0x0000000000000000
2026/09/18 19:42:39.025, 0, 79, 121.00, 100, 10154, 1075, 715, P0, 0x0000000000000020
2026/09/18 19:42:39.032, 1, 79, 127.06, 100, 11045, 1164, 715, P0, 0x0000000000000000
2026/09/18 19:42:40.041, 0, 80, 117.20, 100, 10154, 1012, 715, P0, 0x0000000000000000
2026/09/18 19:42:40.054, 1, 79, 124.21, 100, 11045, 1075, 715, P0, 0x0000000000000020
2026/09/18 19:42:41.072, 0, 79, 122.35, 100, 10154, 974, 715, P0, 0x0000000000000020
2026/09/18 19:42:41.075, 1, 78, 49.57, 0, 11045, 1189, 715, P0, 0x0000000000000000
2026/09/18 19:42:42.086, 0, 79, 126.49, 89, 10154, 1088, 715, P0, 0x0000000000000020
2026/09/18 19:42:42.093, 1, 79, 115.39, 100, 11045, 1139, 715, P0, 0x0000000000000000
2026/09/18 19:42:43.100, 0, 80, 123.59, 100, 10154, 1088, 715, P0, 0x0000000000000000
2026/09/18 19:42:43.104, 1, 79, 145.53, 100, 11045, 1139, 715, P0, 0x0000000000000000
2026/09/18 19:42:44.116, 0, 78, 67.34, 100, 10154, 405, 715, P0, 0x0000000000000020
2026/09/18 19:42:44.123, 1, 78, 54.76, 0, 11045, 1290, 715, P0, 0x0000000000000000
2026/09/18 19:42:45.140, 0, 78, 48.15, 21, 10154, 1189, 715, P0, 0x0000000000000000
2026/09/18 19:42:45.143, 1, 79, 135.45, 100, 11045, 1189, 715, P0, 0x0000000000000000
2026/09/18 19:42:46.152, 0, 77, 47.89, 0, 10154, 1189, 715, P0, 0x0000000000000000
2026/09/18 19:42:46.157, 1, 79, 118.34, 99, 11045, 1037, 715, P0, 0x0000000000000000
2026/09/18 19:42:47.174, 0, 77, 47.68, 0, 10154, 1189, 715, P0, 0x0000000000000000
2026/09/18 19:42:47.179, 1, 79, 116.75, 100, 11045, 898, 715, P0, 0x0000000000000020
2026/09/18 19:42:48.184, 0, 79, 67.57, 45, 10154, 1328, 715, P0, 0x0000000000000000
2026/09/18 19:42:48.186, 1, 79, 140.10, 53, 11045, 1139, 715, P0, 0x0000000000000020
2026/09/18 19:42:49.200, 0, 79, 169.79, 49, 10154, 1316, 715, P0, 0x0000000000000000
2026/09/18 19:42:49.203, 1, 79, 60.22, 48, 11045, 1189, 715, P0, 0x0000000000000000
2026/09/18 19:42:50.213, 0, 80, 96.01, 41, 10154, 1328, 715, P0, 0x0000000000000000
2026/09/18 19:42:50.216, 1, 79, 137.43, 55, 11045, 1189, 715, P0, 0x0000000000000020
2026/09/18 19:42:51.238, 0, 78, 85.63, 46, 10154, 1139, 715, P0, 0x0000000000000000
2026/09/18 19:42:51.241, 1, 79, 88.23, 53, 11045, 1189, 715, P0, 0x0000000000000000
2026/09/18 19:42:52.250, 0, 78, 54.85, 44, 10154, 1189, 715, P0, 0x0000000000000000
2026/09/18 19:42:52.254, 1, 79, 142.21, 47, 11045, 1189, 715, P0, 0x0000000000000000
2026/09/18 19:42:53.260, 0, 78, 64.97, 50, 10154, 1189, 715, P0, 0x0000000000000000
2026/09/18 19:42:53.263, 1, 78, 139.46, 48, 11045, 1189, 715, P0, 0x0000000000000020
2026/09/18 19:42:54.272, 0, 79, 62.28, 50, 10154, 1240, 715, P0, 0x0000000000000000
2026/09/18 19:42:54.275, 1, 79, 142.50, 48, 11045, 1189, 715, P0, 0x0000000000000000
2026/09/18 19:42:55.284, 0, 79, 110.07, 44, 10154, 1202, 715, P0, 0x0000000000000000
2026/09/18 19:42:55.287, 1, 79, 85.42, 47, 11045, 1202, 715, P0, 0x0000000000000000
2026/09/18 19:42:56.294, 0, 79, 153.12, 41, 10154, 1227, 715, P0, 0x0000000000000020
2026/09/18 19:42:56.302, 1, 79, 114.37, 55, 11045, 1278, 715, P0, 0x0000000000000000
2026/09/18 19:42:57.308, 0, 79, 152.10, 99, 10154, 1189, 715, P0, 0x0000000000000020
2026/09/18 19:42:57.310, 1, 78, 54.08, 27, 11045, 1265, 715, P0, 0x0000000000000000
2026/09/18 19:42:58.322, 0, 79, 119.22, 100, 10154, 1037, 715, P0, 0x0000000000000000
2026/09/18 19:42:58.326, 1, 77, 52.70, 0, 11045, 1265, 715, P0, 0x0000000000000000
2026/09/18 19:42:59.334, 0, 78, 51.49, 42, 10154, 1252, 715, P0, 0x0000000000000000
2026/09/18 19:42:59.337, 1, 78, 143.00, 4, 11045, 1265, 715, P0, 0x0000000000000000
2026/09/18 19:43:00.345, 0, 79, 112.42, 100, 10154, 1063, 715, P0, 0x0000000000000000
2026/09/18 19:43:00.350, 1, 80, 163.48, 100, 11045, 1290, 715, P0, 0x0000000000000020
2026/09/18 19:43:01.375, 0, 79, 131.15, 100, 10154, 1075, 715, P0, 0x0000000000000020
2026/09/18 19:43:01.385, 1, 78, 49.80, 0, 11045, 1189, 715, P0, 0x0000000000000000
2026/09/18 19:43:02.393, 0, 78, 152.62, 0, 10154, 1177, 715, P0, 0x0000000000000000
2026/09/18 19:43:02.397, 1, 79, 145.34, 100, 11045, 1177, 715, P0, 0x0000000000000020
2026/09/18 19:43:03.410, 0, 80, 121.22, 100, 10154, 1101, 715, P0, 0x0000000000000000
2026/09/18 19:43:03.413, 1, 79, 151.21, 100, 11045, 1177, 715, P0, 0x0000000000000000
2026/09/18 19:43:04.428, 0, 79, 102.51, 100, 10154, 607, 715, P0, 0x0000000000000020
2026/09/18 19:43:04.433, 1, 77, 55.14, 0, 11045, 1303, 715, P0, 0x0000000000000000
2026/09/18 19:43:05.444, 0, 78, 131.64, 100, 10154, 1050, 715, P0, 0x0000000000000000
2026/09/18 19:43:05.450, 1, 80, 156.69, 100, 11045, 1252, 715, P0, 0x0000000000000020
2026/09/18 19:43:06.456, 0, 79, 111.37, 100, 10154, 1037, 715, P0, 0x0000000000000000
2026/09/18 19:43:06.460, 1, 79, 54.67, 100, 11045, 923, 715, P0, 0x0000000000000000
2026/09/18 19:43:07.470, 0, 78, 53.96, 0, 10154, 1290, 715, P0, 0x0000000000000000
2026/09/18 19:43:07.473, 1, 78, 121.70, 91, 11045, 1139, 715, P0, 0x0000000000000020
2026/09/18 19:43:08.484, 0, 79, 151.35, 100, 10154, 1075, 715, P0, 0x0000000000000020
2026/09/18 19:43:08.490, 1, 79, 149.48, 100, 11045, 1139, 715, P0, 0x0000000000000020
2026/09/18 19:43:09.499, 0, 79, 121.30, 100, 10154, 1012, 715, P0, 0x0000000000000020
2026/09/18 19:43:09.509, 1, 78, 53.14, 0, 11045, 1252, 715, P0, 0x0000000000000000
2026/09/18 19:43:10.514, 0, 79, 119.70, 44, 10154, 1037, 715, P0, 0x0000000000000020
2026/09/18 19:43:10.517, 1, 79, 155.29, 100, 11045, 1151, 715, P0, 0x0000000000000020
2026/09/18 19:43:11.530, 0, 80, 135.64, 100, 10154, 1037, 715, P0, 0x0000000000000020
2026/09/18 19:43:11.533, 1, 79, 130.27, 100, 11045, 1151, 715, P0, 0x0000000000000000
2026/09/18 19:43:12.542, 0, 79, 84.17, 100, 10154, 544, 715, P0, 0x0000000000000000
2026/09/18 19:43:12.556, 1, 77, 49.67, 0, 11045, 1189, 715, P0, 0x0000000000000000
2026/09/18 19:43:13.575, 0, 79, 105.96, 100, 10154, 847, 715, P0, 0x0000000000000020
2026/09/18 19:43:13.578, 1, 79, 154.61, 100, 11045, 1240, 715, P0, 0x0000000000000000
2026/09/18 19:43:14.588, 0, 79, 117.97, 100, 10154, 898, 715, P0, 0x0000000000000020
2026/09/18 19:43:14.595, 1, 79, 108.89, 100, 11045, 734, 715, P0, 0x0000000000000020
2026/09/18 19:43:15.602, 0, 79, 47.92, 100, 10154, 1189, 715, P0, 0x0000000000000000
2026/09/18 19:43:15.608, 1, 78, 128.91, 43, 11045, 1075, 715, P0, 0x0000000000000020
2026/09/18 19:43:16.629, 0, 79, 121.86, 100, 10154, 1126, 715, P0, 0x0000000000000000
2026/09/18 19:43:16.634, 1, 79, 137.52, 100, 11045, 1164, 715, P0, 0x0000000000000020
2026/09/18 19:43:17.643, 0, 79, 121.89, 100, 10154, 1050, 715, P0, 0x0000000000000020
2026/09/18 19:43:17.655, 1, 79, 50.55, 4, 11045, 1189, 715, P0, 0x0000000000000000
2026/09/18 19:43:18.661, 0, 78, 48.11, 0, 10154, 1189, 715, P0, 0x0000000000000000
2026/09/18 19:43:18.664, 1, 79, 139.04, 100, 11045, 1227, 715, P0, 0x0000000000000000
2026/09/18 19:43:19.676, 0, 80, 116.31, 100, 10154, 1025, 715, P0, 0x0000000000000000
2026/09/18 19:43:19.681, 1, 79, 114.72, 100, 11045, 1075, 715, P0, 0x0000000000000000
2026/09/18 19:43:20.694, 0, 79, 113.30, 100, 10154, 1063, 715, P0, 0x0000000000000000
2026/09/18 19:43:20.697, 1, 78, 49.81, 0, 11045, 1189, 715, P0, 0x0000000000000000
2026/09/18 19:43:21.710, 0, 79, 133.22, 100, 10154, 1101, 715, P0, 0x0000000000000000
2026/09/18 19:43:21.714, 1, 79, 142.41, 100, 11045, 1177, 715, P0, 0x0000000000000000
2026/09/18 19:43:22.738, 0, 80, 119.01, 100, 10154, 1075, 715, P0, 0x0000000000000000
2026/09/18 19:43:22.743, 1, 80, 133.23, 100, 11045, 1126, 715, P0, 0x0000000000000020
2026/09/18 19:43:23.754, 0, 79, 46.19, 100, 10154, 1075, 715, P0, 0x0000000000000000
2026/09/18 19:43:23.757, 1, 78, 165.68, 0, 11045, 1151, 715, P0, 0x0000000000000020
2026/09/18 19:43:24.769, 0, 79, 131.40, 100, 10154, 923, 715, P0, 0x0000000000000020
2026/09/18 19:43:24.777, 1, 79, 124.43, 100, 11045, 1189, 715, P0, 0x0000000000000000
2026/09/18 19:43:25.796, 0, 79, 121.79, 100, 10154, 999, 715, P0, 0x0000000000000020
2026/09/18 19:43:25.799, 1, 79, 53.65, 57, 11045, 1278, 715, P0, 0x0000000000000000
2026/09/18 19:43:26.812, 0, 78, 48.40, 0, 10154, 1189, 715, P0, 0x0000000000000000
2026/09/18 19:43:26.815, 1, 79, 124.67, 100, 11045, 1126, 715, P0, 0x0000000000000020
2026/09/18 19:43:27.824, 0, 80, 131.58, 100, 10154, 1075, 715, P0, 0x0000000000000020
2026/09/18 19:43:27.827, 1, 79, 118.29, 100, 11045, 1075, 715, P0, 0x0000000000000020
2026/09/18 19:43:28.842, 0, 79, 112.75, 100, 10154, 974, 715, P0, 0x0000000000000000
2026/09/18 19:43:28.845, 1, 78, 50.30, 0, 11045, 1189, 715, P0, 0x0000000000000000
2026/09/18 19:43:29.852, 0, 78, 47.91, 0, 10154, 1189, 715, P0, 0x0000000000000000
2026/09/18 19:43:29.855, 1, 79, 136.42, 100, 11045, 1189, 715, P0, 0x0000000000000000
2026/09/18 19:43:30.870, 0, 79, 91.22, 100, 10154, 506, 715, P0, 0x0000000000000020
2026/09/18 19:43:30.888, 1, 79, 86.85, 100, 11045, 645, 715, P0, 0x0000000000000000
2026/09/18 19:43:31.904, 0, 79, 96.61, 100, 10154, 746, 715, P0, 0x0000000000000000
2026/09/18 19:43:31.907, 1, 78, 49.87, 4, 11045, 1189, 715, P0, 0x0000000000000000
2026/09/18 19:43:32.918, 0, 78, 48.67, 0, 10154, 1189, 715, P0, 0x0000000000000000
2026/09/18 19:43:32.920, 1, 78, 132.99, 68, 11045, 1139, 715, P0, 0x0000000000000000
2026/09/18 19:43:33.934, 0, 79, 126.24, 100, 10154, 1113, 715, P0, 0x0000000000000000
2026/09/18 19:43:33.939, 1, 79, 114.71, 100, 11045, 1113, 715, P0, 0x0000000000000000
2026/09/18 19:43:34.946, 0, 79, 106.86, 100, 10154, 683, 715, P0, 0x0000000000000020
2026/09/18 19:43:34.950, 1, 78, 50.59, 35, 11045, 1189, 715, P0, 0x0000000000000000
2026/09/18 19:43:35.964, 0, 78, 48.35, 0, 10154, 1189, 715, P0, 0x0000000000000000
2026/09/18 19:43:35.966, 1, 79, 154.18, 100, 11045, 1189, 715, P0, 0x0000000000000000
2026/09/18 19:43:36.981, 0, 79, 115.06, 100, 10154, 961, 715, P0, 0x0000000000000020
2026/09/18 19:43:36.985, 1, 80, 126.24, 100, 11045, 1075, 715, P0, 0x0000000000000020
2026/09/18 19:43:37.998, 0, 79, 135.14, 100, 10154, 974, 715, P0, 0x0000000000000020
2026/09/18 19:43:38.004, 1, 78, 52.69, 0, 11045, 1252, 715, P0, 0x0000000000000000
2026/09/18 19:43:39.013, 0, 78, 111.05, 0, 10154, 1189, 715, P0, 0x0000000000000000
2026/09/18 19:43:39.018, 1, 79, 142.80, 100, 11045, 1139, 715, P0, 0x0000000000000020
2026/09/18 19:43:40.028, 0, 79, 112.72, 100, 10154, 987, 715, P0, 0x0000000000000020
2026/09/18 19:43:40.030, 1, 79, 149.93, 100, 11045, 1189, 715, P0, 0x0000000000000000
2026/09/18 19:43:41.042, 0, 79, 104.45, 100, 10154, 620, 715, P0, 0x0000000000000020
2026/09/18 19:43:41.048, 1, 78, 49.62, 0, 11045, 1189, 715, P0, 0x0000000000000000
2026/09/18 19:43:42.054, 0, 78, 49.55, 0, 10154, 1227, 715, P0, 0x0000000000000000
2026/09/18 19:43:42.058, 1, 79, 150.43, 100, 11045, 1126, 715, P0, 0x0000000000000020
2026/09/18 19:43:43.071, 0, 79, 136.60, 100, 10154, 1088, 715, P0, 0x0000000000000020
2026/09/18 19:43:43.074, 1, 79, 130.55, 100, 11045, 1177, 715, P0, 0x0000000000000000
2026/09/18 19:43:44.089, 0, 79, 109.22, 100, 10154, 1012, 715, P0, 0x0000000000000000
2026/09/18 19:43:44.092, 1, 78, 49.83, 0, 11045, 1189, 715, P0, 0x0000000000000000
2026/09/18 19:43:45.105, 0, 79, 123.24, 97, 10154, 1101, 715, P0, 0x0000000000000020
2026/09/18 19:43:45.108, 1, 79, 147.98, 100, 11045, 1189, 715, P0, 0x0000000000000000
2026/09/18 19:43:46.117, 0, 79, 116.74, 100, 10154, 898, 715, P0, 0x0000000000000020
2026/09/18 19:43:46.131, 1, 80, 120.50, 100, 11045, 1113, 715, P0, 0x0000000000000000
2026/09/18 19:43:47.146, 0, 79, 105.88, 100, 10154, 923, 715, P0, 0x0000000000000000
2026/09/18 19:43:47.151, 1, 77, 49.61, 0, 11045, 1189, 715, P0, 0x0000000000000000
2026/09/18 19:43:48.157, 0, 79, 130.66, 100, 10154, 1075, 715, P0, 0x0000000000000020
2026/09/18 19:43:48.170, 1, 79, 131.64, 100, 11045, 1177, 715, P0, 0x0000000000000000
2026/09/18 19:43:49.188, 0, 79, 104.25, 100, 10154, 860, 715, P0, 0x0000000000000000
2026/09/18 19:43:49.192, 1, 79, 148.11, 100, 11045, 1126, 715, P0, 0x0000000000000020
2026/09/18 19:43:50.200, 0, 79, 110.57, 100, 10154, 885, 715, P0, 0x0000000000000000
2026/09/18 19:43:50.212, 1, 77, 50.82, 0, 11045, 1215, 715, P0, 0x0000000000000000
2026/09/18 19:43:51.218, 0, 79, 113.24, 100, 10154, 1075, 715, P0, 0x0000000000000000
2026/09/18 19:43:51.230, 1, 80, 151.58, 100, 11045, 1177, 715, P0, 0x0000000000000020
2026/09/18 19:43:52.245, 0, 79, 110.92, 100, 10154, 987, 715, P0, 0x0000000000000000
2026/09/18 19:43:52.250, 1, 79, 105.04, 100, 11045, 898, 715, P0, 0x0000000000000000
2026/09/18 19:43:53.262, 0, 79, 48.16, 100, 10154, 1189, 715, P0, 0x0000000000000000
2026/09/18 19:43:53.268, 1, 78, 119.62, 10, 11045, 1139, 715, P0, 0x0000000000000000
2026/09/18 19:43:54.279, 0, 79, 120.26, 100, 10154, 1075, 715, P0, 0x0000000000000020
2026/09/18 19:43:54.282, 1, 79, 133.20, 100, 11045, 1177, 715, P0, 0x0000000000000000
2026/09/18 19:43:55.309, 0, 79, 107.29, 100, 10154, 759, 715, P0, 0x0000000000000020
2026/09/18 19:43:55.316, 1, 79, 54.20, 100, 11045, 1189, 715, P0, 0x0000000000000000
2026/09/18 19:43:56.322, 0, 79, 109.20, 100, 10154, 721, 715, P0, 0x0000000000000020
2026/09/18 19:43:56.325, 1, 77, 49.37, 0, 11045, 1189, 715, P0, 0x0000000000000000
2026/09/18 19:43:57.335, 0, 79, 116.46, 100, 10154, 1063, 715, P0, 0x0000000000000000
2026/09/18 19:43:57.338, 1, 80, 134.98, 100, 11045, 1189, 715, P0, 0x0000000000000020
2026/09/18 19:43:58.351, 0, 79, 111.02, 100, 10154, 1012, 715, P0, 0x0000000000000000
2026/09/18 19:43:58.356, 1, 79, 129.98, 100, 11045, 1126, 715, P0, 0x0000000000000020
2026/09/18 19:43:59.365, 0, 79, 48.15, 93, 10154, 1189, 715, P0, 0x0000000000000000
2026/09/18 19:43:59.372, 1, 78, 143.27, 0, 11045, 1189, 715, P0, 0x0000000000000000
2026/09/18 19:44:00.383, 0, 79, 117.95, 100, 10154, 1025, 715, P0, 0x0000000000000020
2026/09/18 19:44:00.387, 1, 79, 164.55, 100, 11045, 1113, 715, P0, 0x0000000000000020
2026/09/18 19:44:01.405, 0, 80, 119.94, 100, 10154, 1037, 715, P0, 0x0000000000000020
2026/09/18 19:44:01.407, 1, 80, 56.33, 82, 11045, 1215, 715, P0, 0x0000000000000000
2026/09/18 19:44:02.429, 0, 79, 82.18, 100, 10154, 607, 715, P0, 0x0000000000000000
2026/09/18 19:44:02.442, 1, 77, 50.60, 0, 11045, 1215, 715, P0, 0x0000000000000000
2026/09/18 19:44:03.459, 0, 79, 113.33, 96, 10154, 923, 715, P0, 0x0000000000000000
2026/09/18 19:44:03.463, 1, 79, 107.28, 100, 11045, 961, 715, P0, 0x0000000000000000
2026/09/18 19:44:04.473, 0, 79, 125.14, 100, 10154, 987, 715, P0, 0x0000000000000000
2026/09/18 19:44:04.478, 1, 79, 103.58, 100, 11045, 911, 715, P0, 0x0000000000000020
2026/09/18 19:44:05.500, 0, 79, 110.19, 100, 10154, 949, 715, P0, 0x0000000000000000
2026/09/18 19:44:05.503, 1, 78, 53.94, 0, 11045, 1278, 715, P0, 0x0000000000000000
2026/09/18 19:44:06.518, 0, 79, 122.75, 100, 10154, 1075, 715, P0, 0x0000000000000020
2026/09/18 19:44:06.523, 1, 79, 157.05, 100, 11045, 1139, 715, P0, 0x0000000000000020
2026/09/18 19:44:07.531, 0, 79, 140.54, 100, 10154, 1126, 715, P0, 0x0000000000000020
2026/09/18 19:44:07.537, 1, 79, 133.38, 100, 11045, 1164, 715, P0, 0x0000000000000000
2026/09/18 19:44:08.559, 0, 79, 117.95, 100, 10154, 1025, 715, P0, 0x0000000000000000
2026/09/18 19:44:08.561, 1, 78, 49.54, 0, 11045, 1189, 715, P0, 0x0000000000000000
2026/09/18 19:44:09.571, 0, 79, 125.12, 100, 10154, 1088, 715, P0, 0x0000000000000020
2026/09/18 19:44:09.579, 1, 80, 161.80, 100, 11045, 1202, 715, P0, 0x0000000000000000
2026/09/18 19:44:10.601, 0, 79, 104.00, 100, 10154, 594, 715, P0, 0x0000000000000000
2026/09/18 19:44:10.607, 1, 79, 111.23, 100, 11045, 1075, 715, P0, 0x0000000000000000
2026/09/18 19:44:11.615, 0, 79, 87.01, 100, 10154, 683, 715, P0, 0x0000000000000000
2026/09/18 19:44:11.625, 1, 78, 49.38, 0, 11045, 1189, 715, P0, 0x0000000000000000
2026/09/18 19:44:12.629, 0, 77, 47.91, 0, 10154, 1189, 715, P0, 0x0000000000000000
2026/09/18 19:44:12.635, 1, 79, 137.15, 100, 11045, 1189, 715, P0, 0x0000000000000000
2026/09/18 19:44:13.642, 0, 79, 122.76, 100, 10154, 1050, 715, P0, 0x0000000000000000
2026/09/18 19:44:13.648, 1, 80, 138.15, 100, 11045, 1164, 715, P0, 0x0000000000000020
2026/09/18 19:44:14.662, 0, 79, 120.03, 100, 10154, 1063, 715, P0, 0x0000000000000000
2026/09/18 19:44:14.665, 1, 78, 49.81, 0, 11045, 1189, 715, P0, 0x0000000000000000
2026/09/18 19:44:15.673, 0, 78, 47.91, 0, 10154, 1189, 715, P0, 0x0000000000000000
2026/09/18 19:44:15.676, 1, 79, 124.12, 100, 11045, 1139, 715, P0, 0x0000000000000020
2026/09/18 19:44:16.688, 0, 80, 126.65, 100, 10154, 1113, 715, P0, 0x0000000000000020
2026/09/18 19:44:16.690, 1, 80, 132.15, 100, 11045, 1164, 715, P0, 0x0000000000000000
2026/09/18 19:44:17.701, 0, 79, 104.99, 100, 10154, 594, 715, P0, 0x0000000000000020
2026/09/18 19:44:17.708, 1, 78, 50.36, 11, 11045, 1189, 715, P0, 0x0000000000000000
2026/09/18 19:44:18.715, 0, 78, 48.15, 0, 10154, 1189, 715, P0, 0x0000000000000000
2026/09/18 19:44:18.719, 1, 78, 143.27, 68, 11045, 1075, 715, P0, 0x0000000000000020
2026/09/18 19:44:19.745, 0, 79, 115.86, 100, 10154, 1075, 715, P0, 0x0000000000000000
2026/09/18 19:44:19.748, 1, 79, 154.33, 100, 11045, 1189, 715, P0, 0x0000000000000000
2026/09/18 19:44:20.760, 0, 79, 116.60, 100, 10154, 1088, 715, P0, 0x0000000000000000
2026/09/18 19:44:20.766, 1, 79, 51.02, 100, 11045, 1189, 715, P0, 0x0000000000000000
2026/09/18 19:44:21.775, 0, 78, 48.59, 29, 10154, 1189, 715, P0, 0x0000000000000000
2026/09/18 19:44:21.780, 1, 79, 165.03, 36, 11045, 1189, 715, P0, 0x0000000000000020
2026/09/18 19:44:22.804, 0, 79, 134.47, 100, 10154, 1075, 715, P0, 0x0000000000000000
2026/09/18 19:44:22.807, 1, 80, 117.28, 100, 11045, 999, 715, P0, 0x0000000000000000
2026/09/18 19:44:23.814, 0, 79, 112.54, 100, 10154, 1050, 715, P0, 0x0000000000000000
2026/09/18 19:44:23.826, 1, 79, 97.24, 100, 11045, 974, 715, P0, 0x0000000000000000
2026/09/18 19:44:24.844, 0, 79, 52.70, 62, 10154, 1278, 715, P0, 0x0000000000000000
2026/09/18 19:44:24.850, 1, 79, 142.19, 100, 11045, 1151, 715, P0, 0x0000000000000000
2026/09/18 19:44:25.868, 0, 79, 142.68, 100, 10154, 1126, 715, P0, 0x0000000000000000
2026/09/18 19:44:25.871, 1, 79, 150.44, 100, 11045, 1189, 715, P0, 0x0000000000000000
2026/09/18 19:44:26.883, 0, 79, 109.94, 100, 10154, 999, 715, P0, 0x0000000000000000
2026/09/18 19:44:26.889, 1, 79, 99.34, 100, 11045, 885, 715, P0, 0x0000000000000020
2026/09/18 19:44:27.904, 0, 78, 48.40, 14, 10154, 1189, 715, P0, 0x0000000000000000
2026/09/18 19:44:27.907, 1, 78, 124.60, 52, 11045, 1126, 715, P0, 0x0000000000000020
2026/09/18 19:44:28.917, 0, 79, 135.48, 100, 10154, 1063, 715, P0, 0x0000000000000020
2026/09/18 19:44:28.928, 1, 79, 152.61, 100, 11045, 1139, 715, P0, 0x0000000000000020
2026/09/18 19:44:29.946, 0, 79, 116.33, 100, 10154, 1037, 715, P0, 0x0000000000000000
2026/09/18 19:44:29.951, 1, 79, 114.78, 100, 11045, 1063, 715, P0, 0x0000000000000000
2026/09/18 19:44:30.965, 0, 79, 52.46, 68, 10154, 1278, 715, P0, 0x0000000000000000
2026/09/18 19:44:30.968, 1, 78, 129.78, 0, 11045, 1189, 715, P0, 0x0000000000000000
2026/09/18 19:44:31.977, 0, 79, 151.38, 100, 10154, 1126, 715, P0, 0x0000000000000020
2026/09/18 19:44:31.979, 1, 79, 137.74, 100, 11045, 1151, 715, P0, 0x0000000000000020
2026/09/18 19:44:32.992, 0, 79, 123.24, 100, 10154, 999, 715, P0, 0x0000000000000020
2026/09/18 19:44:32.997, 1, 79, 106.24, 100, 11045, 974, 715, P0, 0x0000000000000000
2026/09/18 19:44:34.003, 0, 78, 52.76, 0, 10154, 1278, 715, P0, 0x0000000000000000
2026/09/18 19:44:34.008, 1, 79, 114.17, 100, 11045, 1025, 715, P0, 0x0000000000000000
2026/09/18 19:44:35.031, 0, 79, 122.23, 100, 10154, 1012, 715, P0, 0x0000000000000020
2026/09/18 19:44:35.037, 1, 79, 136.74, 100, 11045, 1088, 715, P0, 0x0000000000000020
2026/09/18 19:44:36.046, 0, 79, 105.64, 100, 10154, 873, 715, P0, 0x0000000000000000
2026/09/18 19:44:36.056, 1, 78, 55.61, 0, 11045, 1303, 715, P0, 0x0000000000000000
2026/09/18 19:44:37.064, 0, 79, 114.31, 100, 10154, 1101, 715, P0, 0x0000000000000000
2026/09/18 19:44:37.076, 1, 79, 128.71, 100, 11045, 1164, 715, P0, 0x0000000000000000
2026/09/18 19:44:38.094, 0, 80, 115.97, 100, 10154, 999, 715, P0, 0x0000000000000020
2026/09/18 19:44:38.098, 1, 80, 76.71, 100, 11045, 1189, 715, P0, 0x0000000000000000
2026/09/18 19:44:39.109, 0, 78, 47.62, 9, 10154, 1189, 715, P0, 0x0000000000000000
2026/09/18 19:44:39.113, 1, 79, 154.90, 60, 11045, 1202, 715, P0, 0x0000000000000020
2026/09/18 19:44:40.124, 0, 79, 120.73, 100, 10154, 1063, 715, P0, 0x0000000000000000
2026/09/18 19:44:40.129, 1, 80, 151.75, 100, 11045, 1101, 715, P0, 0x0000000000000020
2026/09/18 19:44:41.139, 0, 80, 113.06, 100, 10154, 1050, 715, P0, 0x0000000000000000
2026/09/18 19:44:41.142, 1, 78, 52.72, 0, 11045, 1240, 715, P0, 0x0000000000000000
2026/09/18 19:44:42.151, 0, 78, 157.25, 0, 10154, 1075, 715, P0, 0x0000000000000020
2026/09/18 19:44:42.158, 1, 79, 147.60, 100, 11045, 1126, 715, P0, 0x0000000000000020
2026/09/18 19:44:43.181, 0, 79, 106.93, 100, 10154, 620, 715, P0, 0x0000000000000020
2026/09/18 19:44:43.184, 1, 79, 150.17, 100, 11045, 1177, 715, P0, 0x0000000000000000
2026/09/18 19:44:44.198, 0, 79, 99.46, 100, 10154, 696, 715, P0, 0x0000000000000020
2026/09/18 19:44:44.201, 1, 78, 49.86, 0, 11045, 1189, 715, P0, 0x0000000000000000
2026/09/18 19:44:45.213, 0, 79, 133.59, 45, 10154, 961, 715, P0, 0x0000000000000020
2026/09/18 19:44:45.220, 1, 79, 117.59, 100, 11045, 1088, 715, P0, 0x0000000000000000
2026/09/18 19:44:46.243, 0, 79, 109.52, 100, 10154, 961, 715, P0, 0x0000000000000000
2026/09/18 19:44:46.246, 1, 79, 143.50, 100, 11045, 1025, 715, P0, 0x0000000000000020
2026/09/18 19:44:47.256, 0, 79, 54.42, 100, 10154, 1151, 715, P0, 0x0000000000000000
2026/09/18 19:44:47.260, 1, 77, 148.17, 5, 11045, 1189, 715, P0, 0x0000000000000000
2026/09/18 19:44:48.274, 0, 79, 112.89, 100, 10154, 1075, 715, P0, 0x0000000000000000
2026/09/18 19:44:48.280, 1, 79, 127.98, 100, 11045, 1164, 715, P0, 0x0000000000000000
2026/09/18 19:44:49.292, 0, 79, 112.36, 100, 10154, 772, 715, P0, 0x0000000000000020
2026/09/18 19:44:49.309, 1, 79, 85.57, 100, 11045, 506, 715, P0, 0x0000000000000020
2026/09/18 19:44:50.337, 0, 78, 48.20, 0, 10154, 1189, 715, P0, 0x0000000000000000
2026/09/18 19:44:50.340, 1, 78, 109.20, 100, 11045, 961, 715, P0, 0x0000000000000000
2026/09/18 19:44:51.351, 0, 79, 113.14, 100, 10154, 999, 715, P0, 0x0000000000000000
2026/09/18 19:44:51.362, 1, 79, 144.15, 100, 11045, 1088, 715, P0, 0x0000000000000020
2026/09/18 19:44:52.366, 0, 79, 117.50, 100, 10154, 1075, 715, P0, 0x0000000000000000
2026/09/18 19:44:52.369, 1, 78, 55.35, 0, 11045, 1290, 715, P0, 0x0000000000000000
2026/09/18 19:44:53.381, 0, 79, 144.54, 21, 10154, 1088, 715, P0, 0x0000000000000020
2026/09/18 19:44:53.384, 1, 79, 136.34, 100, 11045, 1177, 715, P0, 0x0000000000000000
2026/09/18 19:44:54.396, 0, 79, 108.88, 100, 10154, 911, 715, P0, 0x0000000000000000
2026/09/18 19:44:54.405, 1, 80, 141.36, 100, 11045, 1075, 715, P0, 0x0000000000000020
2026/09/18 19:44:55.412, 0, 79, 109.27, 100, 10154, 961, 715, P0, 0x0000000000000000
2026/09/18 19:44:55.424, 1, 78, 49.59, 0, 11045, 1189, 715, P0, 0x0000000000000000
2026/09/18 19:44:56.429, 0, 79, 124.30, 100, 10154, 1088, 715, P0, 0x0000000000000000
2026/09/18 19:44:56.432, 1, 80, 134.04, 100, 11045, 1177, 715, P0, 0x0000000000000000
2026/09/18 19:44:57.438, 0, 79, 110.42, 100, 10154, 949, 715, P0, 0x0000000000000000
2026/09/18 19:44:57.445, 1, 79, 126.68, 100, 11045, 949, 715, P0, 0x0000000000000020
2026/09/18 19:44:58.466, 0, 78, 48.87, 74, 10154, 1189, 715, P0, 0x0000000000000000
2026/09/18 19:44:58.470, 1, 78, 134.33, 100, 11045, 1088, 715, P0, 0x0000000000000020
2026/09/18 19:44:59.476, 0, 79, 124.32, 100, 10154, 1037, 715, P0, 0x0000000000000020
2026/09/18 19:44:59.488, 1, 79, 120.72, 100, 11045, 1139, 715, P0, 0x0000000000000000
2026/09/18 19:45:00.504, 0, 79, 112.58, 100, 10154, 1012, 715, P0, 0x0000000000000000
2026/09/18 19:45:00.507, 1, 78, 50.56, 0, 11045, 1189, 715, P0, 0x0000000000000000
2026/09/18 19:45:01.517, 0, 78, 48.19, 0, 10154, 1189, 715, P0, 0x0000000000000000
2026/09/18 19:45:01.520, 1, 79, 127.24, 100, 11045, 1139, 715, P0, 0x0000000000000000
2026/09/18 19:45:02.535, 0, 79, 103.71, 100, 10154, 949, 715, P0, 0x0000000000000000
2026/09/18 19:45:02.549, 1, 79, 119.52, 100, 11045, 1126, 715, P0, 0x0000000000000000
2026/09/18 19:45:03.565, 0, 79, 105.86, 100, 10154, 923, 715, P0, 0x0000000000000000
2026/09/18 19:45:03.569, 1, 78, 54.89, 0, 11045, 1290, 715, P0, 0x0000000000000000
2026/09/18 19:45:04.580, 0, 79, 121.56, 0, 10154, 1075, 715, P0, 0x0000000000000020
2026/09/18 19:45:04.585, 1, 79, 151.05, 100, 11045, 1189, 715, P0, 0x0000000000000020
2026/09/18 19:45:05.597, 0, 79, 111.82, 100, 10154, 1037, 715, P0, 0x0000000000000000
2026/09/18 19:45:05.608, 1, 79, 111.45, 100, 11045, 885, 715, P0, 0x0000000000000000
2026/09/18 19:45:06.624, 0, 79, 119.41, 100, 10154, 923, 715, P0, 0x0000000000000020
2026/09/18 19:45:06.630, 1, 78, 49.81, 0, 11045, 1189, 715, P0, 0x0000000000000000
2026/09/18 19:45:07.635, 0, 79, 110.53, 100, 10154, 1063, 715, P0, 0x0000000000000000
2026/09/18 19:45:07.638, 1, 79, 136.49, 100, 11045, 1101, 715, P0, 0x0000000000000020
2026/09/18 19:45:08.650, 0, 79, 122.14, 100, 10154, 1101, 715, P0, 0x0000000000000000
2026/09/18 19:45:08.655, 1, 79, 119.00, 100, 11045, 1113, 715, P0, 0x0000000000000000
2026/09/18 19:45:09.668, 0, 79, 101.38, 100, 10154, 607, 715, P0, 0x0000000000000020
2026/09/18 19:45:09.675, 1, 77, 49.37, 0, 11045, 1189, 715, P0, 0x0000000000000000
2026/09/18 19:45:10.681, 0, 79, 109.22, 100, 10154, 974, 715, P0, 0x0000000000000000
2026/09/18 19:45:10.691, 1, 79, 157.36, 100, 11045, 1189, 715, P0, 0x0000000000000020
2026/09/18 19:45:11.709, 0, 79, 106.55, 100, 10154, 936, 715, P0, 0x0000000000000020
2026/09/18 19:45:11.712, 1, 79, 106.93, 100, 11045, 658, 715, P0, 0x0000000000000020
2026/09/18 19:45:12.740, 0, 79, 48.35, 91, 10154, 1189, 715, P0, 0x0000000000000000
2026/09/18 19:45:12.748, 1, 78, 142.38, 0, 11045, 987, 715, P0, 0x0000000000000020
2026/09/18 19:45:13.754, 0, 79, 124.74, 100, 10154, 1101, 715, P0, 0x0000000000000000
2026/09/18 19:45:13.757, 1, 79, 118.75, 100, 11045, 1088, 715, P0, 0x0000000000000000
2026/09/18 19:45:14.782, 0, 79, 151.14, 100, 10154, 1037, 715, P0, 0x0000000000000020
2026/09/18 19:45:14.793, 1, 79, 60.12, 100, 11045, 1189, 715, P0, 0x0000000000000000
2026/09/18 19:45:15.811, 0, 78, 48.59, 14, 10154, 1189, 715, P0, 0x0000000000000000
2026/09/18 19:45:15.815, 1, 79, 163.75, 71, 11045, 1189, 715, P0, 0x0000000000000000
2026/09/18 19:45:16.823, 0, 79, 124.21, 100, 10154, 1101, 715, P0, 0x0000000000000000
2026/09/18 19:45:16.832, 1, 80, 144.63, 100, 11045, 1189, 715, P0, 0x0000000000000000
2026/09/18 19:45:17.839, 0, 79, 118.74, 100, 10154, 885, 715, P0, 0x0000000000000020
2026/09/18 19:45:17.842, 1, 78, 51.03, 51, 11045, 1202, 715, P0, 0x0000000000000000
2026/09/18 19:45:18.851, 0, 78, 48.20, 0, 10154, 1189, 715, P0, 0x0000000000000000
2026/09/18 19:45:18.856, 1, 78, 125.56, 100, 11045, 1088, 715, P0, 0x0000000000000000
2026/09/18 19:45:19.864, 0, 80, 122.98, 100, 10154, 860, 715, P0, 0x0000000000000020
2026/09/18 19:45:19.876, 1, 79, 113.26, 100, 11045, 1101, 715, P0, 0x0000000000000000
2026/09/18 19:45:20.880, 0, 79, 89.43, 100, 10154, 518, 715, P0, 0x0000000000000020
2026/09/18 19:45:20.883, 1, 78, 50.15, 0, 11045, 1189, 715, P0, 0x0000000000000000
2026/09/18 19:45:21.893, 0, 78, 44.81, 100, 10154, 1164, 715, P0, 0x0000000000000000
2026/09/18 19:45:21.896, 1, 78, 131.72, 30, 11045, 1189, 715, P0, 0x0000000000000000
2026/09/18 19:45:22.906, 0, 79, 104.68, 100, 10154, 961, 715, P0, 0x0000000000000020
2026/09/18 19:45:22.916, 1, 80, 159.98, 100, 11045, 1227, 715, P0, 0x0000000000000020
2026/09/18 19:45:23.921, 0, 79, 120.29, 100, 10154, 1037, 715, P0, 0x0000000000000000
2026/09/18 19:45:23.924, 1, 79, 108.29, 100, 11045, 898, 715, P0, 0x0000000000000000
2026/09/18 19:45:24.932, 0, 78, 48.88, 6, 10154, 1189, 715, P0, 0x0000000000000000
2026/09/18 19:45:24.938, 1, 78, 143.82, 82, 11045, 1101, 715, P0, 0x0000000000000020
2026/09/18 19:45:25.947, 0, 79, 120.48, 100, 10154, 1139, 715, P0, 0x0000000000000000
2026/09/18 19:45:25.956, 1, 79, 119.26, 100, 11045, 1164, 715, P0, 0x0000000000000000
2026/09/18 19:45:26.962, 0, 79, 104.65, 100, 10154, 885, 715, P0, 0x0000000000000000
2026/09/18 19:45:26.965, 1, 79, 56.34, 56, 11045, 1303, 715, P0, 0x0000000000000000
2026/09/18 19:45:27.979, 0, 78, 48.36, 0, 10154, 1189, 715, P0, 0x0000000000000000
2026/09/18 19:45:27.982, 1, 79, 142.79, 100, 11045, 1189, 715, P0, 0x0000000000000000
2026/09/18 19:45:28.992, 0, 79, 115.80, 100, 10154, 1075, 715, P0, 0x0000000000000000
2026/09/18 19:45:29.000, 1, 80, 125.65, 100, 11045, 1139, 715, P0, 0x0000000000000000
2026/09/18 19:45:30.009, 0, 79, 114.49, 100, 10154, 898, 715, P0, 0x0000000000000020
2026/09/18 19:45:30.020, 1, 78, 50.83, 19, 11045, 1189, 715, P0, 0x0000000000000000
2026/09/18 19:45:31.029, 0, 78, 53.71, 0, 10154, 1290, 715, P0, 0x0000000000000000
2026/09/18 19:45:31.033, 1, 79, 130.96, 100, 11045, 1189, 715, P0, 0x0000000000000000
2026/09/18 19:45:32.056, 0, 79, 114.48, 100, 10154, 1012, 715, P0, 0x0000000000000000
2026/09/18 19:45:32.060, 1, 80, 156.48, 100, 11045, 1189, 715, P0, 0x0000000000000020
2026/09/18 19:45:33.072, 0, 79, 111.61, 100, 10154, 999, 715, P0, 0x0000000000000000
2026/09/18 19:45:33.081, 1, 78, 50.31, 19, 11045, 1189, 715, P0, 0x0000000000000000
2026/09/18 19:45:34.087, 0, 78, 48.38, 0, 10154, 1189, 715, P0, 0x0000000000000000
2026/09/18 19:45:34.090, 1, 79, 136.90, 100, 11045, 1139, 715, P0, 0x0000000000000020
2026/09/18 19:45:35.101, 0, 79, 104.00, 100, 10154, 746, 715, P0, 0x0000000000000020
2026/09/18 19:45:35.107, 1, 80, 150.24, 100, 11045, 1139, 715, P0, 0x0000000000000020
2026/09/18 19:45:36.115, 0, 79, 89.17, 100, 10154, 721, 715, P0, 0x0000000000000000
2026/09/18 19:45:36.123, 1, 78, 52.76, 0, 11045, 1240, 715, P0, 0x0000000000000000
2026/09/18 19:45:37.142, 0, 78, 48.43, 5, 10154, 1189, 715, P0, 0x0000000000000000
2026/09/18 19:45:37.148, 1, 78, 138.08, 86, 11045, 1113, 715, P0, 0x0000000000000000
2026/09/18 19:45:38.156, 0, 79, 125.52, 100, 10154, 1063, 715, P0, 0x0000000000000000
2026/09/18 19:45:38.161, 1, 79, 145.32, 100, 11045, 1088, 715, P0, 0x0000000000000020
2026/09/18 19:45:39.186, 0, 80, 130.81, 100, 10154, 1126, 715, P0, 0x0000000000000000
2026/09/18 19:45:39.189, 1, 79, 51.94, 82, 11045, 1227, 715, P0, 0x0000000000000000
2026/09/18 19:45:40.204, 0, 78, 48.40, 0, 10154, 1189, 715, P0, 0x0000000000000000
2026/09/18 19:45:40.207, 1, 79, 131.94, 100, 11045, 1202, 715, P0, 0x0000000000000000
2026/09/18 19:45:41.228, 0, 79, 117.56, 100, 10154, 1088, 715, P0, 0x0000000000000000
2026/09/18 19:45:41.231, 1, 79, 107.42, 100, 11045, 1025, 715, P0, 0x0000000000000000
2026/09/18 19:45:42.257, 0, 79, 75.03, 100, 10154, 518, 715, P0, 0x0000000000000000
2026/09/18 19:45:42.267, 1, 79, 53.31, 78, 11045, 1252, 715, P0, 0x0000000000000000
2026/09/18 19:45:43.285, 0, 79, 96.07, 100, 10154, 506, 715, P0, 0x0000000000000020
2026/09/18 19:45:43.288, 1, 77, 51.80, 0, 11045, 1252, 715, P0, 0x0000000000000000
2026/09/18 19:45:44.300, 0, 79, 115.26, 100, 10154, 923, 715, P0, 0x0000000000000020
2026/09/18 19:45:44.304, 1, 79, 139.79, 100, 11045, 1189, 715, P0, 0x0000000000000000
2026/09/18 19:45:45.319, 0, 79, 109.24, 100, 10154, 961, 715, P0, 0x0000000000000000
2026/09/18 19:45:45.325, 1, 79, 90.10, 100, 11045, 746, 715, P0, 0x0000000000000000
2026/09/18 19:45:46.334, 0, 79, 107.29, 100, 10154, 936, 715, P0, 0x0000000000000020
2026/09/18 19:45:46.345, 1, 77, 53.43, 0, 11045, 1278, 715, P0, 0x0000000000000000
2026/09/18 19:45:47.363, 0, 79, 118.92, 100, 10154, 1101, 715, P0, 0x0000000000000000
2026/09/18 19:45:47.367, 1, 79, 149.27, 100, 11045, 1164, 715, P0, 0x0000000000000000
2026/09/18 19:45:48.379, 0, 79, 137.54, 100, 10154, 1139, 715, P0, 0x0000000000000000
2026/09/18 19:45:48.386, 1, 79, 117.48, 100, 11045, 1075, 715, P0, 0x0000000000000020
2026/09/18 19:45:49.391, 0, 79, 96.62, 100, 10154, 594, 715, P0, 0x0000000000000020
2026/09/18 19:45:49.394, 1, 77, 49.63, 0, 11045, 1189, 715, P0, 0x0000000000000000
2026/09/18 19:45:50.400, 0, 78, 47.62, 0, 10154, 1189, 715, P0, 0x0000000000000000
2026/09/18 19:45:50.403, 1, 79, 168.66, 100, 11045, 1202, 715, P0, 0x0000000000000000
2026/09/18 19:45:51.414, 0, 79, 129.24, 100, 10154, 1037, 715, P0, 0x0000000000000000
2026/09/18 19:45:51.417, 1, 79, 103.36, 100, 11045, 923, 715, P0, 0x0000000000000000
2026/09/18 19:45:52.444, 0, 79, 132.54, 100, 10154, 1025, 715, P0, 0x0000000000000020
2026/09/18 19:45:52.449, 1, 78, 50.01, 39, 11045, 1189, 715, P0, 0x0000000000000000
2026/09/18 19:45:53.459, 0, 78, 52.47, 0, 10154, 1278, 715, P0, 0x0000000000000000
2026/09/18 19:45:53.464, 1, 79, 126.88, 100, 11045, 1164, 715, P0, 0x0000000000000000
2026/09/18 19:45:54.472, 0, 79, 130.94, 100, 10154, 1101, 715, P0, 0x0000000000000020
2026/09/18 19:45:54.475, 1, 79, 132.44, 100, 11045, 1151, 715, P0, 0x0000000000000000
2026/09/18 19:45:55.501, 0, 79, 126.35, 100, 10154, 911, 715, P0, 0x0000000000000020
2026/09/18 19:45:55.510, 1, 78, 55.09, 0, 11045, 1290, 715, P0, 0x0000000000000000
2026/09/18 19:45:56.518, 0, 78, 47.86, 0, 10154, 1189, 715, P0, 0x0000000000000000
2026/09/18 19:45:56.527, 1, 79, 157.64, 100, 11045, 1202, 715, P0, 0x0000000000000020
2026/09/18 19:45:57.534, 0, 79, 120.44, 100, 10154, 1075, 715, P0, 0x0000000000000020
2026/09/18 19:45:57.537, 1, 80, 141.43, 100, 11045, 1177, 715, P0, 0x0000000000000020
2026/09/18 19:45:58.548, 0, 79, 116.36, 100, 10154, 987, 715, P0, 0x0000000000000000
2026/09/18 19:45:58.551, 1, 78, 50.07, 0, 11045, 1189, 715, P0, 0x0000000000000000
2026/09/18 19:45:59.564, 0, 78, 48.67, 0, 10154, 1189, 715, P0, 0x0000000000000000
2026/09/18 19:45:59.567, 1, 79, 115.81, 100, 11045, 1075, 715, P0, 0x0000000000000020
2026/09/18 19:46:00.579, 0, 79, 123.79, 100, 10154, 1075, 715, P0, 0x0000000000000000
2026/09/18 19:46:00.587, 1, 79, 142.85, 100, 11045, 1025, 715, P0, 0x0000000000000020
2026/09/18 19:46:01.595, 0, 79, 100.65, 100, 10154, 708, 715, P0, 0x0000000000000000
2026/09/18 19:46:01.597, 1, 78, 51.53, 0, 11045, 1215, 715, P0, 0x0000000000000000
2026/09/18 19:46:02.608, 0, 78, 47.43, 69, 10154, 1189, 715, P0, 0x0000000000000000
2026/09/18 19:46:02.611, 1, 78, 132.16, 31, 11045, 1215, 715, P0, 0x0000000000000000
2026/09/18 19:46:03.619, 0, 79, 110.74, 100, 10154, 1012, 715, P0, 0x0000000000000020
2026/09/18 19:46:03.630, 1, 79, 139.57, 100, 11045, 1063, 715, P0, 0x0000000000000020
2026/09/18 19:46:04.649, 0, 79, 125.03, 100, 10154, 1050, 715, P0, 0x0000000000000000
2026/09/18 19:46:04.655, 1, 79, 115.88, 100, 11045, 1037, 715, P0, 0x0000000000000020
2026/09/18 19:46:05.662, 0, 79, 48.43, 100, 10154, 1189, 715, P0, 0x0000000000000000
2026/09/18 19:46:05.666, 1, 78, 122.69, 0, 11045, 1189, 715, P0, 0x0000000000000000
2026/09/18 19:46:06.678, 0, 77, 47.67, 0, 10154, 1189, 715, P0, 0x0000000000000000
2026/09/18 19:46:06.681, 1, 80, 131.15, 100, 11045, 1177, 715, P0, 0x0000000000000000
2026/09/18 19:46:07.690, 0, 77, 47.39, 0, 10154, 1189, 715, P0, 0x0000000000000000
2026/09/18 19:46:07.693, 1, 79, 149.95, 100, 11045, 1151, 715, P0, 0x0000000000000020
2026/09/18 19:46:08.701, 0, 79, 61.06, 42, 10154, 1303, 715, P0, 0x0000000000000000
2026/09/18 19:46:08.708, 1, 79, 147.19, 55, 11045, 1075, 715, P0, 0x0000000000000020
2026/09/18 19:46:09.726, 0, 80, 83.32, 46, 10154, 1303, 715, P0, 0x0000000000000000
2026/09/18 19:46:09.730, 1, 79, 150.33, 52, 11045, 1151, 715, P0, 0x0000000000000020
2026/09/18 19:46:10.753, 0, 78, 58.04, 72, 10154, 455, 715, P0, 0x0000000000000020
2026/09/18 19:46:10.761, 1, 78, 136.80, 27, 11045, 1189, 715, P0, 0x0000000000000000
2026/09/18 19:46:11.767, 0, 78, 157.28, 45, 10154, 961, 715, P0, 0x0000000000000020
2026/09/18 19:46:11.777, 1, 79, 56.46, 52, 11045, 1227, 715, P0, 0x0000000000000000
2026/09/18 19:46:12.785, 0, 79, 60.52, 45, 10154, 1189, 715, P0, 0x0000000000000000
2026/09/18 19:46:12.788, 1, 79, 176.26, 52, 11045, 1265, 715, P0, 0x0000000000000000
2026/09/18 19:46:13.798, 0, 79, 153.96, 49, 10154, 1189, 715, P0, 0x0000000000000000
2026/09/18 19:46:13.801, 1, 79, 65.05, 48, 11045, 1290, 715, P0, 0x0000000000000000
2026/09/18 19:46:14.812, 0, 79, 56.22, 44, 10154, 1189, 715, P0, 0x0000000000000000
2026/09/18 19:46:14.817, 1, 79, 185.95, 53, 11045, 1265, 715, P0, 0x0000000000000020
2026/09/18 19:46:15.822, 0, 78, 164.57, 50, 10154, 1189, 715, P0, 0x0000000000000020
2026/09/18 19:46:15.825, 1, 79, 58.57, 47, 11045, 1227, 715, P0, 0x0000000000000000
2026/09/18 19:46:16.835, 0, 79, 54.03, 44, 10154, 1189, 715, P0, 0x0000000000000000
2026/09/18 19:46:16.840, 1, 79, 182.16, 52, 11045, 1252, 715, P0, 0x0000000000000020
2026/09/18 19:46:17.849, 0, 79, 161.85, 50, 10154, 1189, 715, P0, 0x0000000000000020
2026/09/18 19:46:17.852, 1, 79, 62.18, 48, 11045, 1202, 715, P0, 0x0000000000000000
2026/09/18 19:46:18.862, 0, 79, 64.42, 44, 10154, 1202, 715, P0, 0x0000000000000000
2026/09/18 19:46:18.864, 1, 80, 125.97, 53, 11045, 1189, 715, P0, 0x0000000000000000
2026/09/18 19:46:19.872, 0, 79, 157.77, 67, 10154, 1177, 715, P0, 0x0000000000000000
2026/09/18 19:46:19.875, 1, 78, 53.79, 18, 11045, 1265, 715, P0, 0x0000000000000000
2026/09/18 19:46:20.886, 0, 79, 113.29, 100, 10154, 898, 715, P0, 0x0000000000000020
2026/09/18 19:46:20.889, 1, 77, 52.25, 0, 11045, 1265, 715, P0, 0x0000000000000000
2026/09/18 19:46:21.898, 0, 78, 48.34, 81, 10154, 1189, 715, P0, 0x0000000000000000
2026/09/18 19:46:21.901, 1, 78, 182.89, 26, 11045, 1265, 715, P0, 0x0000000000000000
2026/09/18 19:46:22.916, 0, 79, 120.80, 100, 10154, 1113, 715, P0, 0x0000000000000000
2026/09/18 19:46:22.921, 1, 79, 130.32, 100, 11045, 1189, 715, P0, 0x0000000000000000
2026/09/18 19:46:23.930, 0, 79, 143.92, 100, 10154, 1139, 715, P0, 0x0000000000000020
2026/09/18 19:46:23.934, 1, 78, 55.97, 0, 11045, 1303, 715, P0, 0x0000000000000000
2026/09/18 19:46:24.943, 0, 79, 145.09, 0, 10154, 1075, 715, P0, 0x0000000000000020
2026/09/18 19:46:24.950, 1, 80, 177.61, 100, 11045, 1265, 715, P0, 0x0000000000000000
2026/09/18 19:46:25.959, 0, 79, 125.26, 100, 10154, 1113, 715, P0, 0x0000000000000000
2026/09/18 19:46:25.962, 1, 79, 119.71, 100, 11045, 885, 715, P0, 0x0000000000000020
2026/09/18 19:46:26.987, 0, 79, 50.06, 98, 10154, 961, 715, P0, 0x0000000000000000
2026/09/18 19:46:26.990, 1, 78, 165.72, 10, 11045, 1290, 715, P0, 0x0000000000000000
2026/09/18 19:46:28.001, 0, 79, 116.68, 100, 10154, 1075, 715, P0, 0x0000000000000000
2026/09/18 19:46:28.013, 1, 79, 146.64, 100, 11045, 1189, 715, P0, 0x0000000000000000
2026/09/18 19:46:29.029, 0, 79, 113.78, 100, 10154, 999, 715, P0, 0x0000000000000000
2026/09/18 19:46:29.033, 1, 78, 50.55, 0, 11045, 1189, 715, P0, 0x0000000000000000
2026/09/18 19:46:30.049, 0, 78, 48.14, 0, 10154, 1189, 715, P0, 0x0000000000000000
2026/09/18 19:46:30.052, 1, 79, 151.05, 100, 11045, 1252, 715, P0, 0x0000000000000000
2026/09/18 19:46:31.062, 0, 79, 122.20, 100, 10154, 1075, 715, P0, 0x0000000000000020
2026/09/18 19:46:31.073, 1, 79, 117.52, 100, 11045, 1126, 715, P0, 0x0000000000000000
2026/09/18 19:46:32.092, 0, 79, 117.57, 100, 10154, 1012, 715, P0, 0x0000000000000000
2026/09/18 19:46:32.096, 1, 78, 49.83, 0, 11045, 1189, 715, P0, 0x0000000000000000
2026/09/18 19:46:33.106, 0, 79, 118.41, 100, 10154, 1113, 715, P0, 0x0000000000000000
2026/09/18 19:46:33.115, 1, 79, 129.80, 100, 11045, 1189, 715, P0, 0x0000000000000000
2026/09/18 19:46:34.119, 0, 79, 113.96, 100, 10154, 1075, 715, P0, 0x0000000000000020
2026/09/18 19:46:34.122, 1, 79, 117.67, 100, 11045, 1063, 715, P0, 0x0000000000000000
2026/09/18 19:46:35.147, 0, 79, 100.84, 100, 10154, 594, 715, P0, 0x0000000000000000
2026/09/18 19:46:35.161, 1, 77, 49.38, 0, 11045, 1189, 715, P0, 0x0000000000000000
2026/09/18 19:46:36.175, 0, 79, 121.09, 100, 10154, 936, 715, P0, 0x0000000000000020
2026/09/18 19:46:36.178, 1, 79, 126.70, 100, 11045, 1189, 715, P0, 0x0000000000000020
2026/09/18 19:46:37.186, 0, 79, 109.28, 100, 10154, 987, 715, P0, 0x0000000000000000
2026/09/18 19:46:37.197, 1, 79, 46.24, 74, 11045, 1189, 715, P0, 0x0000000000000000
2026/09/18 19:46:38.214, 0, 78, 48.44, 11, 10154, 1189, 715, P0, 0x0000000000000000
2026/09/18 19:46:38.217, 1, 78, 111.12, 97, 11045, 1050, 715, P0, 0x0000000000000020
2026/09/18 19:46:39.229, 0, 79, 117.47, 100, 10154, 1101, 715, P0, 0x0000000000000000
2026/09/18 19:46:39.237, 1, 79, 111.73, 100, 11045, 1088, 715, P0, 0x0000000000000000
2026/09/18 19:46:40.243, 0, 80, 125.88, 100, 10154, 1050, 715, P0, 0x0000000000000020
2026/09/18 19:46:40.246, 1, 78, 52.95, 0, 11045, 1252, 715, P0, 0x0000000000000000
2026/09/18 19:46:41.257, 0, 78, 48.10, 0, 10154, 1189, 715, P0, 0x0000000000000000
2026/09/18 19:46:41.260, 1, 79, 172.73, 100, 11045, 1227, 715, P0, 0x0000000000000000
2026/09/18 19:46:42.276, 0, 79, 112.95, 100, 10154, 1012, 715, P0, 0x0000000000000000
2026/09/18 19:46:42.280, 1, 79, 124.94, 100, 11045, 949, 715, P0, 0x0000000000000020
2026/09/18 19:46:43.289, 0, 79, 131.16, 100, 10154, 1063, 715, P0, 0x0000000000000020
2026/09/18 19:46:43.297, 1, 78, 49.81, 0, 11045, 1189, 715, P0, 0x0000000000000000
2026/09/18 19:46:44.302, 0, 79, 128.88, 100, 10154, 1075, 715, P0, 0x0000000000000020
2026/09/18 19:46:44.306, 1, 79, 152.78, 100, 11045, 1189, 715, P0, 0x0000000000000000
2026/09/18 19:46:45.313, 0, 79, 109.11, 100, 10154, 696, 715, P0, 0x0000000000000000
2026/09/18 19:46:45.325, 1, 80, 126.97, 100, 11045, 1075, 715, P0, 0x0000000000000020
2026/09/18 19:46:46.339, 0, 79, 110.40, 100, 10154, 683, 715, P0, 0x0000000000000020
2026/09/18 19:46:46.345, 1, 77, 49.37, 0, 11045, 1189, 715, P0, 0x0000000000000000
2026/09/18 19:46:47.354, 0, 79, 125.27, 100, 10154, 1075, 715, P0, 0x0000000000000020
2026/09/18 19:46:47.360, 1, 79, 130.60, 100, 11045, 1189, 715, P0, 0x0000000000000000
2026/09/18 19:46:48.369, 0, 80, 119.73, 100, 10154, 1101, 715, P0, 0x0000000000000000
2026/09/18 19:46:48.381, 1, 79, 49.58, 100, 11045, 1189, 715, P0, 0x0000000000000000
2026/09/18 19:46:49.386, 0, 78, 50.29, 0, 10154, 1227, 715, P0, 0x0000000000000000
2026/09/18 19:46:49.389, 1, 79, 154.54, 100, 11045, 1189, 715, P0, 0x0000000000000000
2026/09/18 19:46:50.401, 0, 80, 129.12, 100, 10154, 1101, 715, P0, 0x0000000000000020
2026/09/18 19:46:50.404, 1, 79, 148.33, 100, 11045, 1177, 715, P0, 0x0000000000000000
2026/09/18 19:46:51.417, 0, 79, 81.07, 100, 10154, 582, 715, P0, 0x0000000000000000
2026/09/18 19:46:51.428, 1, 78, 50.15, 0, 11045, 1189, 715, P0, 0x0000000000000000
2026/09/18 19:46:52.447, 0, 78, 47.19, 73, 10154, 1189, 715, P0, 0x0000000000000000
2026/09/18 19:46:52.450, 1, 78, 124.59, 35, 11045, 1088, 715, P0, 0x0000000000000020
2026/09/18 19:46:53.476, 0, 79, 123.73, 100, 10154, 999, 715, P0, 0x0000000000000000
2026/09/18 19:46:53.485, 1, 79, 129.88, 100, 11045, 1075, 715, P0, 0x0000000000000020
2026/09/18 19:46:54.490, 0, 79, 108.29, 100, 10154, 936, 715, P0, 0x0000000000000020
2026/09/18 19:46:54.493, 1, 79, 56.06, 57, 11045, 1303, 715, P0, 0x0000000000000000
2026/09/18 19:46:55.504, 0, 78, 48.38, 0, 10154, 1189, 715, P0, 0x0000000000000000
2026/09/18 19:46:55.507, 1, 79, 132.43, 100, 11045, 1177, 715, P0, 0x0000000000000020
2026/09/18 19:46:56.517, 0, 79, 133.46, 100, 10154, 987, 715, P0, 0x0000000000000020
2026/09/18 19:46:56.528, 1, 79, 126.98, 100, 11045, 1025, 715, P0, 0x0000000000000000
2026/09/18 19:46:57.546, 0, 79, 120.92, 100, 10154, 1075, 715, P0, 0x0000000000000020
2026/09/18 19:46:57.549, 1, 78, 50.09, 0, 11045, 1189, 715, P0, 0x0000000000000000
2026/09/18 19:46:58.560, 0, 78, 154.29, 0, 10154, 1101, 715, P0, 0x0000000000000020
2026/09/18 19:46:58.567, 1, 79, 136.55, 100, 11045, 1189, 715, P0, 0x0000000000000000
2026/09/18 19:46:59.574, 0, 79, 109.19, 100, 10154, 772, 715, P0, 0x0000000000000000
2026/09/18 19:46:59.580, 1, 80, 127.37, 100, 11045, 1164, 715, P0, 0x0000000000000000
2026/09/18 19:47:00.585, 0, 79, 108.55, 100, 10154, 683, 715, P0, 0x0000000000000020
2026/09/18 19:47:00.592, 1, 78, 49.86, 0, 11045, 1189, 715, P0, 0x0000000000000000
2026/09/18 19:47:01.600, 0, 78, 159.24, 13, 10154, 999, 715, P0, 0x0000000000000020
2026/09/18 19:47:01.608, 1, 79, 161.89, 100, 11045, 1227, 715, P0, 0x0000000000000000
2026/09/18 19:47:02.618, 0, 79, 109.32, 100, 10154, 999, 715, P0, 0x0000000000000020
2026/09/18 19:47:02.630, 1, 79, 131.40, 100, 11045, 1151, 715, P0, 0x0000000000000000
2026/09/18 19:47:03.647, 0, 79, 110.33, 100, 10154, 860, 715, P0, 0x0000000000000000
2026/09/18 19:47:03.651, 1, 78, 55.59, 0, 11045, 1303, 715, P0, 0x0000000000000000
2026/09/18 19:47:04.664, 0, 79, 119.55, 94, 10154, 1050, 715, P0, 0x0000000000000020
2026/09/18 19:47:04.669, 1, 79, 128.62, 100, 11045, 1189, 715, P0, 0x0000000000000000
2026/09/18 19:47:05.677, 0, 79, 119.03, 100, 10154, 1101, 715, P0, 0x0000000000000000
2026/09/18 19:47:05.689, 1, 79, 88.41, 100, 11045, 683, 715, P0, 0x0000000000000000
2026/09/18 19:47:06.703, 0, 79, 111.19, 100, 10154, 835, 715, P0, 0x0000000000000000
2026/09/18 19:47:06.712, 1, 78, 49.60, 0, 11045, 1189, 715, P0, 0x0000000000000000
2026/09/18 19:47:07.721, 0, 79, 127.24, 100, 10154, 1075, 715, P0, 0x0000000000000000
2026/09/18 19:47:07.730, 1, 79, 117.61, 100, 11045, 1012, 715, P0, 0x0000000000000000
2026/09/18 19:47:08.737, 0, 80, 114.68, 100, 10154, 936, 715, P0, 0x0000000000000020
2026/09/18 19:47:08.740, 1, 79, 115.47, 100, 11045, 1012, 715, P0, 0x0000000000000000
2026/09/18 19:47:09.753, 0, 79, 47.92, 100, 10154, 1189, 715, P0, 0x0000000000000000
2026/09/18 19:47:09.756, 1, 78, 127.46, 0, 11045, 1164, 715, P0, 0x0000000000000000
2026/09/18 19:47:10.767, 0, 79, 110.73, 100, 10154, 1012, 715, P0, 0x0000000000000020
2026/09/18 19:47:10.773, 1, 79, 142.60, 100, 11045, 1189, 715, P0, 0x0000000000000000
2026/09/18 19:47:11.781, 0, 79, 135.16, 100, 10154, 936, 715, P0, 0x0000000000000020
2026/09/18 19:47:11.793, 1, 79, 51.76, 100, 11045, 1189, 715, P0, 0x0000000000000000
2026/09/18 19:47:12.808, 0, 79, 48.64, 0, 10154, 1189, 715, P0, 0x0000000000000000
2026/09/18 19:47:12.814, 1, 79, 128.66, 100, 11045, 1189, 715, P0, 0x0000000000000000
2026/09/18 19:47:13.823, 0, 79, 143.12, 100, 10154, 1075, 715, P0, 0x0000000000000020
2026/09/18 19:47:13.832, 1, 80, 140.85, 100, 11045, 1101, 715, P0, 0x0000000000000020
2026/09/18 19:47:14.840, 0, 79, 100.90, 100, 10154, 607, 715, P0, 0x0000000000000000
2026/09/18 19:47:14.843, 1, 79, 50.83, 22, 11045, 1189, 715, P0, 0x0000000000000000
2026/09/18 19:47:15.855, 0, 79, 77.32, 100, 10154, 607, 715, P0, 0x0000000000000020
2026/09/18 19:47:15.859, 1, 77, 91.90, 0, 11045, 1189, 715, P0, 0x0000000000000000
2026/09/18 19:47:16.870, 0, 79, 124.87, 100, 10154, 1012, 715, P0, 0x0000000000000020
2026/09/18 19:47:16.876, 1, 79, 148.37, 100, 11045, 1189, 715, P0, 0x0000000000000000
2026/09/18 19:47:17.884, 0, 79, 128.16, 100, 10154, 974, 715, P0, 0x0000000000000020
2026/09/18 19:47:17.896, 1, 79, 109.30, 100, 11045, 961, 715, P0, 0x0000000000000020
2026/09/18 19:47:18.915, 0, 79, 48.39, 82, 10154, 1189, 715, P0, 0x0000000000000000
2026/09/18 19:47:18.920, 1, 78, 129.73, 33, 11045, 1164, 715, P0, 0x0000000000000000
2026/09/18 19:47:19.927, 0, 79, 121.43, 100, 10154, 1139, 715, P0, 0x0000000000000000
2026/09/18 19:47:19.934, 1, 79, 129.80, 100, 11045, 1164, 715, P0, 0x0000000000000000
2026/09/18 19:47:20.957, 0, 79, 100.96, 100, 10154, 569, 715, P0, 0x0000000000000000
2026/09/18 19:47:20.962, 1, 79, 50.36, 100, 11045, 1189, 715, P0, 0x0000000000000000
2026/09/18 19:47:21.970, 0, 79, 81.75, 100, 10154, 607, 715, P0, 0x0000000000000000
2026/09/18 19:47:21.981, 1, 77, 49.42, 0, 11045, 1189, 715, P0, 0x0000000000000000
2026/09/18 19:47:23.001, 0, 79, 110.79, 100, 10154, 898, 715, P0, 0x0000000000000020
2026/09/18 19:47:23.004, 1, 80, 145.05, 100, 11045, 1227, 715, P0, 0x0000000000000000
2026/09/18 19:47:24.014, 0, 79, 114.60, 100, 10154, 974, 715, P0, 0x0000000000000020
2026/09/18 19:47:24.017, 1, 79, 110.52, 100, 11045, 974, 715, P0, 0x0000000000000000
2026/09/18 19:47:25.042, 0, 79, 128.52, 100, 10154, 999, 715, P0, 0x0000000000000000
2026/09/18 19:47:25.045, 1, 78, 49.33, 0, 11045, 1189, 715, P0, 0x0000000000000000
2026/09/18 19:47:26.058, 0, 79, 126.76, 100, 10154, 1139, 715, P0, 0x0000000000000000
2026/09/18 19:47:26.061, 1, 79, 120.61, 100, 11045, 1189, 715, P0, 0x0000000000000000
2026/09/18 19:47:27.077, 0, 79, 82.99, 100, 10154, 620, 715, P0, 0x0000000000000000
2026/09/18 19:47:27.081, 1, 79, 105.00, 100, 11045, 873, 715, P0, 0x0000000000000000
2026/09/18 19:47:28.108, 0, 79, 97.52, 100, 10154, 620, 715, P0, 0x0000000000000000
2026/09/18 19:47:28.121, 1, 77, 49.38, 0, 11045, 1189, 715, P0, 0x0000000000000000
2026/09/18 19:47:29.137, 0, 78, 131.17, 18, 10154, 1063, 715, P0, 0x0000000000000000
2026/09/18 19:47:29.140, 1, 79, 125.80, 100, 11045, 1139, 715, P0, 0x0000000000000020
2026/09/18 19:47:30.157, 0, 79, 112.79, 100, 10154, 999, 715, P0, 0x0000000000000000
2026/09/18 19:47:30.160, 1, 79, 104.57, 100, 11045, 683, 715, P0, 0x0000000000000000
2026/09/18 19:47:31.171, 0, 79, 112.33, 100, 10154, 1025, 715, P0, 0x0000000000000000
2026/09/18 19:47:31.179, 1, 78, 49.58, 0, 11045, 1189, 715, P0, 0x0000000000000000
2026/09/18 19:47:32.188, 0, 79, 125.28, 100, 10154, 1151, 715, P0, 0x0000000000000000
2026/09/18 19:47:32.197, 1, 79, 128.78, 100, 11045, 1164, 715, P0, 0x0000000000000000
2026/09/18 19:47:33.212, 0, 80, 126.53, 100, 10154, 1139, 715, P0, 0x0000000000000000
2026/09/18 19:47:33.218, 1, 79, 133.27, 100, 11045, 1151, 715, P0, 0x0000000000000000
2026/09/18 19:47:34.228, 0, 79, 114.53, 100, 10154, 1025, 715, P0, 0x0000000000000020
2026/09/18 19:47:34.239, 1, 78, 49.60, 0, 11045, 1189, 715, P0, 0x0000000000000000
2026/09/18 19:47:35.255, 0, 79, 130.08, 100, 10154, 1151, 715, P0, 0x0000000000000000
2026/09/18 19:47:35.259, 1, 79, 139.79, 100, 11045, 1240, 715, P0, 0x0000000000000000
2026/09/18 19:47:36.270, 0, 79, 124.33, 100, 10154, 1050, 715, P0, 0x0000000000000020
2026/09/18 19:47:36.280, 1, 79, 111.09, 100, 11045, 810, 715, P0, 0x0000000000000020
2026/09/18 19:47:37.296, 0, 79, 74.31, 100, 10154, 531, 715, P0, 0x0000000000000000
2026/09/18 19:47:37.306, 1, 78, 49.68, 0, 11045, 1189, 715, P0, 0x0000000000000000
2026/09/18 19:47:38.311, 0, 78, 109.32, 60, 10154, 860, 715, P0, 0x0000000000000000
2026/09/18 19:47:38.322, 1, 79, 162.21, 100, 11045, 1189, 715, P0, 0x0000000000000000
2026/09/18 19:47:39.337, 0, 79, 98.72, 100, 10154, 873, 715, P0, 0x0000000000000020
2026/09/18 19:47:39.344, 1, 79, 109.05, 100, 11045, 974, 715, P0, 0x0000000000000020
2026/09/18 19:47:40.369, 0, 79, 111.61, 100, 10154, 961, 715, P0, 0x0000000000000000
2026/09/18 19:47:40.372, 1, 78, 49.37, 0, 11045, 1189, 715, P0, 0x0000000000000000
2026/09/18 19:47:41.382, 0, 78, 129.22, 30, 10154, 1075, 715, P0, 0x0000000000000020
2026/09/18 19:47:41.385, 1, 79, 170.05, 100, 11045, 1202, 715, P0, 0x0000000000000020
2026/09/18 19:47:42.398, 0, 79, 124.24, 100, 10154, 1088, 715, P0, 0x0000000000000000
2026/09/18 19:47:42.403, 1, 79, 121.89, 100, 11045, 1050, 715, P0, 0x0000000000000020
2026/09/18 19:47:43.408, 0, 79, 95.89, 100, 10154, 620, 715, P0, 0x0000000000000020
2026/09/18 19:47:43.411, 1, 78, 49.87, 0, 11045, 1189, 715, P0, 0x0000000000000000
2026/09/18 19:47:44.421, 0, 77, 47.91, 0, 10154, 1189, 715, P0, 0x0000000000000000
2026/09/18 19:47:44.424, 1, 79, 137.62, 100, 11045, 1189, 715, P0, 0x0000000000000020
2026/09/18 19:47:45.435, 0, 79, 111.64, 100, 10154, 949, 715, P0, 0x0000000000000000
2026/09/18 19:47:45.445, 1, 79, 108.89, 100, 11045, 607, 715, P0, 0x0000000000000020
2026/09/18 19:47:46.451, 0, 79, 114.02, 100, 10154, 1025, 715, P0, 0x0000000000000000
2026/09/18 19:47:46.454, 1, 78, 50.30, 62, 11045, 1202, 715, P0, 0x0000000000000000
2026/09/18 19:47:47.465, 0, 78, 48.16, 0, 10154, 1189, 715, P0, 0x0000000000000000
2026/09/18 19:47:47.468, 1, 79, 131.54, 100, 11045, 1063, 715, P0, 0x0000000000000020
2026/09/18 19:47:48.481, 0, 79, 123.79, 100, 10154, 1088, 715, P0, 0x0000000000000020
2026/09/18 19:47:48.486, 1, 79, 132.86, 100, 11045, 1101, 715, P0, 0x0000000000000000
2026/09/18 19:47:49.496, 0, 79, 92.75, 100, 10154, 594, 715, P0, 0x0000000000000020
2026/09/18 19:47:49.511, 1, 78, 50.59, 37, 11045, 1189, 715, P0, 0x0000000000000000
2026/09/18 19:47:50.528, 0, 78, 46.47, 100, 10154, 1189, 715, P0, 0x0000000000000000
2026/09/18 19:47:50.530, 1, 78, 135.05, 0, 11045, 1189, 715, P0, 0x0000000000000000
2026/09/18 19:47:51.541, 0, 79, 134.61, 100, 10154, 1050, 715, P0, 0x0000000000000020
2026/09/18 19:47:51.546, 1, 79, 158.01, 100, 11045, 1202, 715, P0, 0x0000000000000000
2026/09/18 19:47:52.555, 0, 79, 117.32, 100, 10154, 1126, 715, P0, 0x0000000000000000
2026/09/18 19:47:52.565, 1, 79, 108.91, 100, 11045, 708, 715, P0, 0x0000000000000020
2026/09/18 19:47:53.584, 0, 79, 101.14, 100, 10154, 632, 715, P0, 0x0000000000000020
2026/09/18 19:47:53.591, 1, 77, 49.13, 0, 11045, 1189, 715, P0, 0x0000000000000000
2026/09/18 19:47:54.597, 0, 78, 116.54, 100, 10154, 1012, 715, P0, 0x0000000000000000
2026/09/18 19:47:54.608, 1, 79, 152.96, 100, 11045, 1164, 715, P0, 0x0000000000000000
2026/09/18 19:47:55.627, 0, 79, 143.23, 100, 10154, 1050, 715, P0, 0x0000000000000020
2026/09/18 19:47:55.630, 1, 79, 128.53, 100, 11045, 1164, 715, P0, 0x0000000000000000
2026/09/18 19:47:56.641, 0, 78, 55.11, 0, 10154, 1316, 715, P0, 0x0000000000000000
2026/09/18 19:47:56.645, 1, 79, 139.65, 100, 11045, 1189, 715, P0, 0x0000000000000000
2026/09/18 19:47:57.656, 0, 79, 155.75, 100, 10154, 1189, 715, P0, 0x0000000000000000
2026/09/18 19:47:57.660, 1, 80, 159.38, 100, 11045, 1139, 715, P0, 0x0000000000000020
2026/09/18 19:47:58.671, 0, 79, 108.29, 100, 10154, 784, 715, P0, 0x0000000000000020
2026/09/18 19:47:58.674, 1, 78, 55.12, 0, 11045, 1290, 715, P0, 0x0000000000000000
2026/09/18 19:47:59.690, 0, 78, 139.37, 0, 10154, 1189, 715, P0, 0x0000000000000000
2026/09/18 19:47:59.693, 1, 79, 126.84, 100, 11045, 1126, 715, P0, 0x0000000000000020
2026/09/18 19:48:00.706, 0, 79, 117.78, 100, 10154, 1075, 715, P0, 0x0000000000000000
2026/09/18 19:48:00.711, 1, 79, 125.67, 100, 11045, 1126, 715, P0, 0x0000000000000020
2026/09/18 19:48:01.722, 0, 79, 114.50, 100, 10154, 1050, 715, P0, 0x0000000000000000
2026/09/18 19:48:01.732, 1, 78, 49.60, 0, 11045, 1189, 715, P0, 0x0000000000000000
2026/09/18 19:48:02.750, 0, 79, 132.57, 100, 10154, 1101, 715, P0, 0x0000000000000020
2026/09/18 19:48:02.753, 1, 79, 140.52, 100, 11045, 1189, 715, P0, 0x0000000000000000
2026/09/18 19:48:03.770, 0, 79, 94.68, 100, 10154, 569, 715, P0, 0x0000000000000000
2026/09/18 19:48:03.778, 1, 79, 49.91, 100, 11045, 1189, 715, P0, 0x0000000000000000
2026/09/18 19:48:04.784, 0, 78, 45.78, 63, 10154, 1202, 715, P0, 0x0000000000000020
2026/09/18 19:48:04.795, 1, 78, 122.76, 0, 11045, 1113, 715, P0, 0x0000000000000000
2026/09/18 19:48:05.800, 0, 79, 114.46, 100, 10154, 987, 715, P0, 0x0000000000000000
2026/09/18 19:48:05.803, 1, 79, 141.86, 100, 11045, 1139, 715, P0, 0x0000000000000020
2026/09/18 19:48:06.815, 0, 79, 119.09, 100, 10154, 860, 715, P0, 0x0000000000000020
2026/09/18 19:48:06.818, 1, 78, 42.40, 62, 11045, 531, 715, P0, 0x0000000000000020
2026/09/18 19:48:07.829, 0, 78, 48.29, 0, 10154, 1189, 715, P0, 0x0000000000000000
2026/09/18 19:48:07.832, 1, 77, 61.55, 100, 11045, 405, 715, P0, 0x0000000000000020
2026/09/18 19:48:08.843, 0, 78, 147.40, 94, 10154, 1202, 715, P0, 0x0000000000000000
2026/09/18 19:48:08.852, 1, 78, 102.28, 100, 11045, 746, 715, P0, 0x0000000000000000
2026/09/18 19:48:09.860, 0, 79, 115.52, 100, 10154, 911, 715, P0, 0x0000000000000020
2026/09/18 19:48:09.862, 1, 79, 135.84, 100, 11045, 1126, 715, P0, 0x0000000000000000
2026/09/18 19:48:10.877, 0, 78, 47.67, 95, 10154, 1189, 715, P0, 0x0000000000000000
2026/09/18 19:48:10.880, 1, 78, 134.96, 26, 11045, 1189, 715, P0, 0x0000000000000000
2026/09/18 19:48:11.892, 0, 79, 115.42, 100, 10154, 1088, 715, P0, 0x0000000000000000
2026/09/18 19:48:11.896, 1, 79, 156.31, 100, 11045, 1252, 715, P0, 0x0000000000000000
2026/09/18 19:48:12.911, 0, 80, 121.39, 100, 10154, 1075, 715, P0, 0x0000000000000020
2026/09/18 19:48:12.914, 1, 78, 50.54, 20, 11045, 1189, 715, P0, 0x0000000000000000
2026/09/18 19:48:13.928, 0, 78, 48.15, 0, 10154, 1189, 715, P0, 0x0000000000000000
2026/09/18 19:48:13.934, 1, 79, 134.24, 100, 11045, 1189, 715, P0, 0x0000000000000000
2026/09/18 19:48:14.945, 0, 79, 135.68, 100, 10154, 1101, 715, P0, 0x0000000000000020
2026/09/18 19:48:14.956, 1, 79, 131.09, 100, 11045, 1189, 715, P0, 0x0000000000000000
2026/09/18 19:48:15.962, 0, 79, 115.47, 100, 10154, 1063, 715, P0, 0x0000000000000020
2026/09/18 19:48:15.964, 1, 78, 49.82, 0, 11045, 1189, 715, P0, 0x0000000000000000
2026/09/18 19:48:16.974, 0, 79, 129.52, 77, 10154, 1151, 715, P0, 0x0000000000000000
2026/09/18 19:48:16.980, 1, 79, 122.17, 100, 11045, 1139, 715, P0, 0x0000000000000000
2026/09/18 19:48:17.989, 0, 79, 109.12, 100, 10154, 961, 715, P0, 0x0000000000000000
2026/09/18 19:48:17.999, 1, 79, 138.72, 100, 11045, 1177, 715, P0, 0x0000000000000000
2026/09/18 19:48:19.017, 0, 78, 48.14, 29, 10154, 1189, 715, P0, 0x0000000000000000
2026/09/18 19:48:19.020, 1, 78, 144.19, 0, 11045, 1189, 715, P0, 0x0000000000000000
2026/09/18 19:48:20.032, 0, 79, 153.54, 100, 10154, 1101, 715, P0, 0x0000000000000020
2026/09/18 19:48:20.039, 1, 80, 145.51, 100, 11045, 1202, 715, P0, 0x0000000000000000
2026/09/18 19:48:21.047, 0, 79, 112.57, 100, 10154, 1012, 715, P0, 0x0000000000000000
2026/09/18 19:48:21.059, 1, 78, 50.55, 0, 11045, 1189, 715, P0, 0x0000000000000000
2026/09/18 19:48:22.074, 0, 78, 54.65, 0, 10154, 1316, 715, P0, 0x0000000000000000
2026/09/18 19:48:22.077, 1, 78, 132.63, 100, 11045, 1063, 715, P0, 0x0000000000000020
2026/09/18 19:48:23.101, 0, 79, 138.29, 100, 10154, 1139, 715, P0, 0x0000000000000020
2026/09/18 19:48:23.107, 1, 79, 115.69, 100, 11045, 1088, 715, P0, 0x0000000000000000
2026/09/18 19:48:24.115, 0, 79, 105.48, 100, 10154, 772, 715, P0, 0x0000000000000020
2026/09/18 19:48:24.124, 1, 78, 49.87, 0, 11045, 1189, 715, P0, 0x0000000000000000
2026/09/18 19:48:25.130, 0, 78, 115.77, 0, 10154, 1012, 715, P0, 0x0000000000000000
2026/09/18 19:48:25.142, 1, 79, 129.19, 100, 11045, 1189, 715, P0, 0x0000000000000000
2026/09/18 19:48:26.147, 0, 79, 122.61, 100, 10154, 961, 715, P0, 0x0000000000000020
2026/09/18 19:48:26.150, 1, 80, 139.48, 100, 11045, 1189, 715, P0, 0x0000000000000000
2026/09/18 19:48:27.162, 0, 79, 105.97, 100, 10154, 974, 715, P0, 0x0000000000000000
2026/09/18 19:48:27.165, 1, 78, 49.61, 0, 11045, 1189, 715, P0, 0x0000000000000000
2026/09/18 19:48:28.177, 0, 79, 114.33, 69, 10154, 1050, 715, P0, 0x0000000000000000
2026/09/18 19:48:28.184, 1, 79, 130.05, 100, 11045, 1189, 715, P0, 0x0000000000000000
2026/09/18 19:48:29.189, 0, 79, 121.45, 100, 10154, 1050, 715, P0, 0x0000000000000020
2026/09/18 19:48:29.192, 1, 79, 128.75, 100, 11045, 1037, 715, P0, 0x0000000000000000
2026/09/18 19:48:30.205, 0, 79, 49.11, 57, 10154, 1290, 715, P0, 0x0000000000000020
2026/09/18 19:48:30.210, 1, 78, 136.94, 0, 11045, 1189, 715, P0, 0x0000000000000000
2026/09/18 19:48:31.218, 0, 79, 114.50, 100, 10154, 1088, 715, P0, 0x0000000000000000
2026/09/18 19:48:31.222, 1, 79, 126.61, 100, 11045, 1177, 715, P0, 0x0000000000000000
2026/09/18 19:48:32.246, 0, 79, 82.47, 100, 10154, 594, 715, P0, 0x0000000000000000
2026/09/18 19:48:32.249, 1, 79, 50.88, 100, 11045, 1189, 715, P0, 0x0000000000000000
2026/09/18 19:48:33.257, 0, 78, 47.14, 71, 10154, 1189, 715, P0, 0x0000000000000000
2026/09/18 19:48:33.267, 1, 78, 171.67, 56, 11045, 1290, 715, P0, 0x0000000000000020
2026/09/18 19:48:34.288, 0, 79, 114.08, 100, 10154, 822, 715, P0, 0x0000000000000020
2026/09/18 19:48:34.293, 1, 79, 129.44, 100, 11045, 1164, 715, P0, 0x0000000000000000
2026/09/18 19:48:35.305, 0, 79, 124.35, 100, 10154, 974, 715, P0, 0x0000000000000000
2026/09/18 19:48:35.309, 1, 79, 49.82, 37, 11045, 1189, 715, P0, 0x0000000000000000
2026/09/18 19:48:36.322, 0, 78, 50.36, 67, 10154, 1240, 715, P0, 0x0000000000000000
2026/09/18 19:48:36.325, 1, 78, 118.91, 62, 11045, 1088, 715, P0, 0x0000000000000000
2026/09/18 19:48:37.336, 0, 79, 116.53, 100, 10154, 1088, 715, P0, 0x0000000000000000
2026/09/18 19:48:37.345, 1, 79, 131.12, 100, 11045, 1151, 715, P0, 0x0000000000000000
2026/09/18 19:48:38.367, 0, 79, 113.28, 100, 10154, 1037, 715, P0, 0x0000000000000000
2026/09/18 19:48:38.370, 1, 79, 56.58, 51, 11045, 1316, 715, P0, 0x0000000000000000
2026/09/18 19:48:39.381, 0, 78, 51.72, 47, 10154, 1252, 715, P0, 0x0000000000000000
2026/09/18 19:48:39.383, 1, 79, 158.72, 81, 11045, 1202, 715, P0, 0x0000000000000000
2026/09/18 19:48:40.395, 0, 79, 123.85, 100, 10154, 987, 715, P0, 0x0000000000000020
2026/09/18 19:48:40.399, 1, 80, 150.34, 100, 11045, 1189, 715, P0, 0x0000000000000000
2026/09/18 19:48:41.412, 0, 79, 113.78, 100, 10154, 936, 715, P0, 0x0000000000000020
2026/09/18 19:48:41.415, 1, 78, 50.56, 24, 11045, 1189, 715, P0, 0x0000000000000000
2026/09/18 19:48:42.429, 0, 78, 48.15, 0, 10154, 1189, 715, P0, 0x0000000000000000
2026/09/18 19:48:42.432, 1, 79, 133.39, 100, 11045, 1189, 715, P0, 0x0000000000000000
2026/09/18 19:48:43.443, 0, 79, 141.33, 100, 10154, 835, 715, P0, 0x0000000000000020
2026/09/18 19:48:43.452, 1, 79, 152.63, 100, 11045, 1139, 715, P0, 0x0000000000000020
2026/09/18 19:48:44.472, 0, 79, 88.21, 100, 10154, 544, 715, P0, 0x0000000000000020
2026/09/18 19:48:44.475, 1, 78, 55.43, 0, 11045, 1290, 715, P0, 0x0000000000000000
2026/09/18 19:48:45.493, 0, 78, 44.53, 100, 10154, 1113, 715, P0, 0x0000000000000000
2026/09/18 19:48:45.496, 1, 78, 133.40, 21, 11045, 1164, 715, P0, 0x0000000000000020
2026/09/18 19:48:46.508, 0, 79, 116.89, 100, 10154, 1050, 715, P0, 0x0000000000000020
2026/09/18 19:48:46.512, 1, 79, 149.16, 100, 11045, 1189, 715, P0, 0x0000000000000000
2026/09/18 19:48:47.522, 0, 79, 117.56, 100, 10154, 1075, 715, P0, 0x0000000000000000
2026/09/18 19:48:47.533, 1, 79, 51.04, 96, 11045, 1189, 715, P0, 0x0000000000000000
2026/09/18 19:48:48.536, 0, 78, 48.60, 20, 10154, 1189, 715, P0, 0x0000000000000000
2026/09/18 19:48:48.541, 1, 79, 160.43, 100, 11045, 1189, 715, P0, 0x0000000000000020
2026/09/18 19:48:49.553, 0, 80, 147.11, 100, 10154, 1189, 715, P0, 0x0000000000000000
2026/09/18 19:48:49.556, 1, 79, 134.73, 100, 11045, 1189, 715, P0, 0x0000000000000000
2026/09/18 19:48:50.565, 0, 80, 112.82, 100, 10154, 1063, 715, P0, 0x0000000000000000
2026/09/18 19:48:50.573, 1, 78, 50.79, 9, 11045, 1189, 715, P0, 0x0000000000000000
2026/09/18 19:48:51.579, 0, 78, 48.15, 0, 10154, 1189, 715, P0, 0x0000000000000000
2026/09/18 19:48:51.582, 1, 79, 140.12, 100, 11045, 1139, 715, P0, 0x0000000000000020
2026/09/18 19:48:52.593, 0, 79, 125.24, 100, 10154, 1050, 715, P0, 0x0000000000000020
2026/09/18 19:48:52.596, 1, 79, 135.29, 100, 11045, 1126, 715, P0, 0x0000000000000020
2026/09/18 19:48:53.610, 0, 80, 116.14, 100, 10154, 1050, 715, P0, 0x0000000000000020
2026/09/18 19:48:53.613, 1, 78, 52.71, 0, 11045, 1252, 715, P0, 0x0000000000000000
2026/09/18 19:48:54.626, 0, 78, 180.30, 13, 10154, 1227, 715, P0, 0x0000000000000020
2026/09/18 19:48:54.632, 1, 79, 136.27, 100, 11045, 1189, 715, P0, 0x0000000000000000
2026/09/18 19:48:55.642, 0, 80, 130.92, 100, 10154, 1126, 715, P0, 0x0000000000000000
2026/09/18 19:48:55.645, 1, 79, 121.05, 100, 11045, 898, 715, P0, 0x0000000000000020
2026/09/18 19:48:56.673, 0, 79, 112.33, 100, 10154, 759, 715, P0, 0x0000000000000020
2026/09/18 19:48:56.678, 1, 78, 50.10, 0, 11045, 1189, 715, P0, 0x0000000000000000
2026/09/18 19:48:57.686, 0, 78, 142.12, 0, 10154, 1164, 715, P0, 0x0000000000000020
2026/09/18 19:48:57.693, 1, 79, 129.71, 100, 11045, 1177, 715, P0, 0x0000000000000000
2026/09/18 19:48:58.699, 0, 79, 128.77, 100, 10154, 1075, 715, P0, 0x0000000000000020
2026/09/18 19:48:58.702, 1, 79, 122.30, 100, 11045, 1126, 715, P0, 0x0000000000000020
2026/09/18 19:48:59.715, 0, 79, 60.15, 100, 10154, 405, 715, P0, 0x0000000000000020
2026/09/18 19:48:59.723, 1, 78, 51.87, 0, 11045, 1227, 715, P0, 0x0000000000000000
2026/09/18 19:49:00.730, 0, 78, 48.15, 17, 10154, 1189, 715, P0, 0x0000000000000000
2026/09/18 19:49:00.733, 1, 79, 149.06, 100, 11045, 1189, 715, P0, 0x0000000000000000
2026/09/18 19:49:01.746, 0, 79, 114.99, 100, 10154, 1025, 715, P0, 0x0000000000000000
2026/09/18 19:49:01.756, 1, 79, 99.59, 100, 11045, 923, 715, P0, 0x0000000000000020
2026/09/18 19:49:02.774, 0, 79, 114.99, 100, 10154, 987, 715, P0, 0x0000000000000000
2026/09/18 19:49:02.777, 1, 79, 49.83, 100, 11045, 1189, 715, P0, 0x0000000000000000
2026/09/18 19:49:03.785, 0, 78, 48.38, 27, 10154, 1189, 715, P0, 0x0000000000000000
2026/09/18 19:49:03.791, 1, 78, 136.25, 100, 11045, 1164, 715, P0, 0x0000000000000020
2026/09/18 19:49:04.801, 0, 79, 127.29, 100, 10154, 1075, 715, P0, 0x0000000000000020
2026/09/18 19:49:04.804, 1, 79, 149.39, 100, 11045, 1139, 715, P0, 0x0000000000000020
2026/09/18 19:49:05.818, 0, 79, 80.35, 100, 10154, 607, 715, P0, 0x0000000000000000
2026/09/18 19:49:05.823, 1, 79, 49.68, 99, 11045, 1189, 715, P0, 0x0000000000000000
2026/09/18 19:49:06.832, 0, 78, 44.74, 82, 10154, 1050, 715, P0, 0x0000000000000000
2026/09/18 19:49:06.835, 1, 78, 165.47, 0, 11045, 1075, 715, P0, 0x0000000000000020
2026/09/18 19:49:07.850, 0, 78, 126.17, 100, 10154, 1025, 715, P0, 0x0000000000000000
2026/09/18 19:49:07.860, 1, 79, 123.56, 100, 11045, 1139, 715, P0, 0x0000000000000000
2026/09/18 19:49:08.865, 0, 79, 110.28, 100, 10154, 936, 715, P0, 0x0000000000000020
2026/09/18 19:49:08.868, 1, 79, 136.14, 100, 11045, 1151, 715, P0, 0x0000000000000000
2026/09/18 19:49:09.881, 0, 79, 73.74, 100, 10154, 961, 715, P0, 0x0000000000000000
2026/09/18 19:49:09.884, 1, 77, 92.64, 0, 11045, 1189, 715, P0, 0x0000000000000000
2026/09/18 19:49:10.896, 0, 79, 136.81, 100, 10154, 1139, 715, P0, 0x0000000000000020
2026/09/18 19:49:10.901, 1, 80, 129.23, 100, 11045, 1189, 715, P0, 0x0000000000000000
2026/09/18 19:49:11.906, 0, 79, 100.11, 100, 10154, 696, 715, P0, 0x0000000000000000
2026/09/18 19:49:11.909, 1, 79, 126.02, 100, 11045, 1075, 715, P0, 0x0000000000000020
2026/09/18 19:49:12.924, 0, 79, 101.13, 100, 10154, 620, 715, P0, 0x0000000000000020
2026/09/18 19:49:12.927, 1, 78, 52.49, 0, 11045, 1252, 715, P0, 0x0000000000000000
2026/09/18 19:49:13.937, 0, 78, 116.71, 65, 10154, 974, 715, P0, 0x0000000000000000
2026/09/18 19:49:13.943, 1, 79, 139.10, 100, 11045, 1189, 715, P0, 0x0000000000000000
2026/09/18 19:49:14.952, 0, 79, 112.66, 100, 10154, 1050, 715, P0, 0x0000000000000000
2026/09/18 19:49:14.961, 1, 80, 140.67, 100, 11045, 1139, 715, P0, 0x0000000000000020
2026/09/18 19:49:15.981, 0, 79, 115.70, 100, 10154, 1063, 715, P0, 0x0000000000000000
2026/09/18 19:49:15.984, 1, 78, 49.58, 0, 11045, 1189, 715, P0, 0x0000000000000000
2026/09/18 19:49:16.996, 0, 79, 131.67, 25, 10154, 1139, 715, P0, 0x0000000000000020
2026/09/18 19:49:16.999, 1, 79, 114.08, 100, 11045, 1025, 715, P0, 0x0000000000000020
2026/09/18 19:49:18.008, 0, 80, 136.58, 100, 10154, 1101, 715, P0, 0x0000000000000020
2026/09/18 19:49:18.011, 1, 79, 129.53, 100, 11045, 1126, 715, P0, 0x0000000000000020
2026/09/18 19:49:19.025, 0, 79, 104.93, 100, 10154, 772, 715, P0, 0x0000000000000000
2026/09/18 19:49:19.028, 1, 78, 49.86, 0, 11045, 1189, 715, P0, 0x0000000000000000
2026/09/18 19:49:20.039, 0, 78, 47.62, 0, 10154, 1189, 715, P0, 0x0000000000000000
2026/09/18 19:49:20.042, 1, 79, 166.38, 100, 11045, 1227, 715, P0, 0x0000000000000000
2026/09/18 19:49:21.051, 0, 79, 136.39, 100, 10154, 1025, 715, P0, 0x0000000000000020
2026/09/18 19:49:21.065, 1, 79, 123.73, 100, 11045, 1075, 715, P0, 0x0000000000000020
2026/09/18 19:49:22.081, 0, 79, 135.37, 100, 10154, 1075, 715, P0, 0x0000000000000000
2026/09/18 19:49:22.085, 1, 78, 56.03, 0, 11045, 1303, 715, P0, 0x0000000000000000
2026/09/18 19:49:23.091, 0, 78, 47.92, 0, 10154, 1189, 715, P0, 0x0000000000000000
2026/09/18 19:49:23.098, 1, 79, 127.22, 100, 11045, 1189, 715, P0, 0x0000000000000000
2026/09/18 19:49:24.104, 0, 80, 140.94, 100, 10154, 1075, 715, P0, 0x0000000000000020
2026/09/18 19:49:24.108, 1, 79, 105.65, 100, 11045, 873, 715, P0, 0x0000000000000000
2026/09/18 19:49:25.118, 0, 79, 100.65, 100, 10154, 772, 715, P0, 0x0000000000000000
2026/09/18 19:49:25.128, 1, 78, 49.86, 10, 11045, 1189, 715, P0, 0x0000000000000000
2026/09/18 19:49:26.147, 0, 78, 48.44, 17, 10154, 1189, 715, P0, 0x0000000000000000
2026/09/18 19:49:26.150, 1, 78, 119.14, 100, 11045, 1189, 715, P0, 0x0000000000000000
2026/09/18 19:49:27.160, 0, 79, 139.16, 100, 10154, 1088, 715, P0, 0x0000000000000020
2026/09/18 19:49:27.164, 1, 79, 132.87, 100, 11045, 1126, 715, P0, 0x0000000000000020
2026/09/18 19:49:28.173, 0, 79, 120.17, 100, 10154, 1088, 715, P0, 0x0000000000000000
2026/09/18 19:49:28.178, 1, 79, 53.65, 100, 11045, 1189, 715, P0, 0x0000000000000000
2026/09/18 19:49:29.187, 0, 78, 54.13, 58, 10154, 1290, 715, P0, 0x0000000000000000
2026/09/18 19:49:29.191, 1, 79, 161.70, 85, 11045, 1177, 715, P0, 0x0000000000000020
2026/09/18 19:49:30.202, 0, 79, 126.35, 100, 10154, 1151, 715, P0, 0x0000000000000000
2026/09/18 19:49:30.207, 1, 79, 145.01, 100, 11045, 1202, 715, P0, 0x0000000000000000
2026/09/18 19:49:31.222, 0, 79, 103.68, 100, 10154, 772, 715, P0, 0x0000000000000000
2026/09/18 19:49:31.231, 1, 79, 121.19, 100, 11045, 974, 715, P0, 0x0000000000000020
2026/09/18 19:49:32.254, 0, 78, 48.14, 0, 10154, 1189, 715, P0, 0x0000000000000000
2026/09/18 19:49:32.258, 1, 79, 134.57, 100, 11045, 1025, 715, P0, 0x0000000000000020
2026/09/18 19:49:33.274, 0, 79, 122.62, 100, 10154, 1050, 715, P0, 0x0000000000000020
2026/09/18 19:49:33.277, 1, 79, 130.83, 100, 11045, 1126, 715, P0, 0x0000000000000000
2026/09/18 19:49:34.288, 0, 79, 123.48, 100, 10154, 1050, 715, P0, 0x0000000000000000
2026/09/18 19:49:34.291, 1, 78, 51.46, 0, 11045, 1227, 715, P0, 0x0000000000000000
2026/09/18 19:49:35.304, 0, 79, 137.98, 100, 10154, 1101, 715, P0, 0x0000000000000020
2026/09/18 19:49:35.310, 1, 79, 156.27, 100, 11045, 1189, 715, P0, 0x0000000000000000
2026/09/18 19:49:36.320, 0, 79, 115.97, 100, 10154, 810, 715, P0, 0x0000000000000020
2026/09/18 19:49:36.334, 1, 79, 95.06, 100, 11045, 620, 715, P0, 0x0000000000000000
2026/09/18 19:49:37.349, 0, 78, 48.16, 0, 10154, 1189, 715, P0, 0x0000000000000000
2026/09/18 19:49:37.352, 1, 78, 139.04, 100, 11045, 1113, 715, P0, 0x0000000000000000
2026/09/18 19:49:38.366, 0, 79, 117.69, 100, 10154, 1088, 715, P0, 0x0000000000000000
2026/09/18 19:49:38.374, 1, 79, 116.63, 100, 11045, 1126, 715, P0, 0x0000000000000000
2026/09/18 19:49:39.380, 0, 79, 88.94, 100, 10154, 531, 715, P0, 0x0000000000000020
2026/09/18 19:49:39.395, 1, 78, 53.26, 0, 11045, 1265, 715, P0, 0x0000000000000000
2026/09/18 19:49:40.410, 0, 78, 47.90, 0, 10154, 1189, 715, P0, 0x0000000000000000
2026/09/18 19:49:40.414, 1, 79, 132.67, 100, 11045, 1189, 715, P0, 0x0000000000000000
2026/09/18 19:49:41.421, 0, 79, 108.14, 100, 10154, 999, 715, P0, 0x0000000000000000
2026/09/18 19:49:41.432, 1, 79, 134.92, 100, 11045, 974, 715, P0, 0x0000000000000020
2026/09/18 19:49:42.449, 0, 79, 115.14, 100, 10154, 987, 715, P0, 0x0000000000000000
2026/09/18 19:49:42.454, 1, 78, 52.23, 0, 11045, 1240, 715, P0, 0x0000000000000000
2026/09/18 19:49:43.461, 0, 79, 121.09, 100, 10154, 1088, 715, P0, 0x0000000000000000
2026/09/18 19:49:43.472, 1, 79, 139.56, 100, 11045, 1189, 715, P0, 0x0000000000000000
2026/09/18 19:49:44.488, 0, 80, 118.09, 100, 10154, 1126, 715, P0, 0x0000000000000000
2026/09/18 19:49:44.493, 1, 79, 130.99, 100, 11045, 1101, 715, P0, 0x0000000000000020
2026/09/18 19:49:45.503, 0, 78, 46.98, 86, 10154, 1189, 715, P0, 0x0000000000000000
2026/09/18 19:49:45.509, 1, 78, 136.65, 0, 11045, 1189, 715, P0, 0x0000000000000000
2026/09/18 19:49:46.534, 0, 79, 128.98, 100, 10154, 999, 715, P0, 0x0000000000000000
2026/09/18 19:49:46.537, 1, 79, 142.41, 100, 11045, 1189, 715, P0, 0x0000000000000000
2026/09/18 19:49:47.550, 0, 79, 121.60, 100, 10154, 936, 715, P0, 0x0000000000000020
2026/09/18 19:49:47.556, 1, 79, 55.80, 0, 11045, 1290, 715, P0, 0x0000000000000000
2026/09/18 19:49:48.566, 0, 78, 48.12, 0, 10154, 1189, 715, P0, 0x0000000000000000
2026/09/18 19:49:48.570, 1, 79, 139.58, 100, 11045, 1189, 715, P0, 0x0000000000000000
2026/09/18 19:49:49.578, 0, 79, 139.00, 100, 10154, 1101, 715, P0, 0x0000000000000020
2026/09/18 19:49:49.582, 1, 79, 145.86, 100, 11045, 1101, 715, P0, 0x0000000000000020
2026/09/18 19:49:50.606, 0, 79, 109.51, 100, 10154, 784, 715, P0, 0x0000000000000020
2026/09/18 19:49:50.620, 1, 78, 50.10, 0, 11045, 1189, 715, P0, 0x0000000000000000
2026/09/18 19:49:51.631, 0, 78, 113.54, 0, 10154, 1012, 715, P0, 0x0000000000000000
2026/09/18 19:49:51.638, 1, 79, 125.42, 100, 11045, 1164, 715, P0, 0x0000000000000000
2026/09/18 19:49:52.644, 0, 79, 114.54, 100, 10154, 923, 715, P0, 0x0000000000000000
2026/09/18 19:49:52.647, 1, 79, 104.40, 100, 11045, 594, 715, P0, 0x0000000000000020
2026/09/18 19:49:53.671, 0, 79, 111.38, 100, 10154, 987, 715, P0, 0x0000000000000000
2026/09/18 19:49:53.678, 1, 78, 52.72, 0, 11045, 1265, 715, P0, 0x0000000000000000
2026/09/18 19:49:54.685, 0, 79, 121.74, 100, 10154, 1088, 715, P0, 0x0000000000000000
2026/09/18 19:49:54.688, 1, 79, 121.35, 100, 11045, 1075, 715, P0, 0x0000000000000020
2026/09/18 19:49:55.697, 0, 79, 128.50, 100, 10154, 1075, 715, P0, 0x0000000000000000
2026/09/18 19:49:55.700, 1, 80, 127.95, 100, 11045, 1075, 715, P0, 0x0000000000000020
2026/09/18 19:49:56.713, 0, 78, 48.64, 0, 10154, 1189, 715, P0, 0x0000000000000000
2026/09/18 19:49:56.716, 1, 79, 130.02, 67, 11045, 1189, 715, P0, 0x0000000000000000
2026/09/18 19:49:57.727, 0, 79, 123.45, 100, 10154, 1088, 715, P0, 0x0000000000000000
2026/09/18 19:49:57.731, 1, 79, 107.89, 100, 11045, 822, 715, P0, 0x0000000000000000
2026/09/18 19:49:58.744, 0, 79, 108.79, 100, 10154, 670, 715, P0, 0x0000000000000020
2026/09/18 19:49:58.747, 1, 78, 49.37, 100, 11045, 1189, 715, P0, 0x0000000000000000
2026/09/18 19:49:59.760, 0, 78, 49.85, 0, 10154, 1215, 715, P0, 0x0000000000000000
2026/09/18 19:49:59.763, 1, 78, 125.54, 100, 11045, 1164, 715, P0, 0x0000000000000000
2026/09/18 19:50:00.774, 0, 79, 125.20, 100, 10154, 949, 715, P0, 0x0000000000000020
2026/09/18 19:50:00.783, 1, 79, 124.70, 100, 11045, 1126, 715, P0, 0x0000000000000020
2026/09/18 19:50:01.789, 0, 79, 129.73, 100, 10154, 1012, 715, P0, 0x0000000000000020
2026/09/18 19:50:01.801, 1, 78, 50.29, 0, 11045, 1189, 715, P0, 0x0000000000000000
2026/09/18 19:50:02.816, 0, 78, 156.54, 0, 10154, 1265, 715, P0, 0x0000000000000020
2026/09/18 19:50:02.818, 1, 79, 129.71, 100, 11045, 1189, 715, P0, 0x0000000000000000
2026/09/18 19:50:03.836, 0, 80, 128.16, 100, 10154, 974, 715, P0, 0x0000000000000020
2026/09/18 19:50:03.843, 1, 80, 119.03, 100, 11045, 1063, 715, P0, 0x0000000000000020
2026/09/18 19:50:04.847, 0, 79, 98.77, 100, 10154, 658, 715, P0, 0x0000000000000000
2026/09/18 19:50:04.851, 1, 78, 53.01, 0, 11045, 1265, 715, P0, 0x0000000000000000
2026/09/18 19:50:05.858, 0, 77, 109.65, 3, 10154, 1189, 715, P0, 0x0000000000000000
2026/09/18 19:50:05.863, 1, 79, 155.26, 100, 11045, 1202, 715, P0, 0x0000000000000020
2026/09/18 19:50:06.873, 0, 79, 119.45, 100, 10154, 1075, 715, P0, 0x0000000000000000
2026/09/18 19:50:06.881, 1, 79, 99.32, 100, 11045, 734, 715, P0, 0x0000000000000000
2026/09/18 19:50:07.901, 0, 79, 124.43, 100, 10154, 1113, 715, P0, 0x0000000000000000
2026/09/18 19:50:07.905, 1, 78, 50.04, 0, 11045, 1189, 715, P0, 0x0000000000000000
2026/09/18 19:50:08.912, 0, 79, 113.96, 100, 10154, 1113, 715, P0, 0x0000000000000000
2026/09/18 19:50:08.924, 1, 79, 148.68, 100, 11045, 1101, 715, P0, 0x0000000000000020
2026/09/18 19:50:09.943, 0, 79, 109.94, 100, 10154, 860, 715, P0, 0x0000000000000000
2026/09/18 19:50:09.947, 1, 79, 120.68, 100, 11045, 1139, 715, P0, 0x0000000000000000
2026/09/18 19:50:10.951, 0, 79, 105.67, 100, 10154, 873, 715, P0, 0x0000000000000000
2026/09/18 19:50:10.954, 1, 77, 49.61, 0, 11045, 1189, 715, P0, 0x0000000000000000
2026/09/18 19:50:11.968, 0, 79, 115.67, 100, 10154, 1050, 715, P0, 0x0000000000000020
2026/09/18 19:50:11.971, 1, 80, 137.04, 100, 11045, 1139, 715, P0, 0x0000000000000020
2026/09/18 19:50:12.984, 0, 79, 120.44, 100, 10154, 860, 715, P0, 0x0000000000000020
2026/09/18 19:50:12.989, 1, 79, 108.65, 100, 11045, 810, 715, P0, 0x0000000000000000
2026/09/18 19:50:13.999, 0, 78, 47.71, 89, 10154, 1189, 715, P0, 0x0000000000000000
2026/09/18 19:50:14.002, 1, 78, 120.30, 72, 11045, 1101, 715, P0, 0x0000000000000000
2026/09/18 19:50:15.012, 0, 79, 137.74, 100, 10154, 1113, 715, P0, 0x0000000000000000
2026/09/18 19:50:15.016, 1, 79, 154.70, 100, 11045, 1177, 715, P0, 0x0000000000000000
2026/09/18 19:50:16.027, 0, 80, 120.95, 100, 10154, 1075, 715, P0, 0x0000000000000020
2026/09/18 19:50:16.031, 1, 79, 47.19, 100, 11045, 999, 715, P0, 0x0000000000000000
2026/09/18 19:50:17.044, 0, 78, 50.38, 58, 10154, 1215, 715, P0, 0x0000000000000000
2026/09/18 19:50:17.046, 1, 78, 111.82, 100, 11045, 1063, 715, P0, 0x0000000000000000
2026/09/18 19:50:18.062, 0, 79, 131.36, 100, 10154, 1088, 715, P0, 0x0000000000000020
2026/09/18 19:50:18.067, 1, 79, 117.04, 100, 11045, 1050, 715, P0, 0x0000000000000020
2026/09/18 19:50:19.091, 0, 79, 115.22, 100, 10154, 1012, 715, P0, 0x0000000000000020
2026/09/18 19:50:19.094, 1, 78, 52.73, 71, 11045, 1252, 715, P0, 0x0000000000000000
2026/09/18 19:50:20.104, 0, 78, 48.16, 0, 10154, 1189, 715, P0, 0x0000000000000000
2026/09/18 19:50:20.106, 1, 79, 128.43, 100, 11045, 1189, 715, P0, 0x0000000000000000
2026/09/18 19:50:21.117, 0, 80, 125.40, 100, 10154, 1113, 715, P0, 0x0000000000000000
2026/09/18 19:50:21.121, 1, 79, 104.60, 100, 11045, 860, 715, P0, 0x0000000000000000
2026/09/18 19:50:22.134, 0, 78, 93.97, 100, 10154, 480, 715, P0, 0x0000000000000020
2026/09/18 19:50:22.137, 1, 78, 50.15, 38, 11045, 1189, 715, P0, 0x0000000000000000
2026/09/18 19:50:23.152, 0, 79, 52.04, 100, 10154, 898, 715, P0, 0x0000000000000000
2026/09/18 19:50:23.155, 1, 77, 129.29, 0, 11045, 1189, 715, P0, 0x0000000000000000
2026/09/18 19:50:24.167, 0, 79, 126.73, 100, 10154, 1025, 715, P0, 0x0000000000000020
2026/09/18 19:50:24.173, 1, 79, 140.20, 100, 11045, 1177, 715, P0, 0x0000000000000020
2026/09/18 19:50:25.178, 0, 79, 123.39, 100, 10154, 1037, 715, P0, 0x0000000000000000
2026/09/18 19:50:25.181, 1, 80, 98.34, 100, 11045, 974, 715, P0, 0x0000000000000000
2026/09/18 19:50:26.195, 0, 78, 47.67, 89, 10154, 1189, 715, P0, 0x0000000000000000
2026/09/18 19:50:26.198, 1, 78, 139.04, 72, 11045, 1189, 715, P0, 0x0000000000000000
2026/09/18 19:50:27.207, 0, 79, 128.25, 100, 10154, 1164, 715, P0, 0x0000000000000000
2026/09/18 19:50:27.211, 1, 79, 140.63, 100, 11045, 1189, 715, P0, 0x0000000000000000
2026/09/18 19:50:28.219, 0, 79, 104.75, 100, 10154, 696, 715, P0, 0x0000000000000000
2026/09/18 19:50:28.222, 1, 79, 54.67, 70, 11045, 1290, 715, P0, 0x0000000000000000
2026/09/18 19:50:29.233, 0, 79, 88.46, 100, 10154, 670, 715, P0, 0x0000000000000000
2026/09/18 19:50:29.238, 1, 78, 54.46, 0, 11045, 1290, 715, P0, 0x0000000000000000
2026/09/18 19:50:30.250, 0, 79, 124.31, 100, 10154, 1037, 715, P0, 0x0000000000000000
2026/09/18 19:50:30.255, 1, 79, 165.21, 100, 11045, 1227, 715, P0, 0x0000000000000000
2026/09/18 19:50:31.261, 0, 79, 123.37, 100, 10154, 974, 715, P0, 0x0000000000000020
2026/09/18 19:50:31.265, 1, 79, 124.14, 100, 11045, 1088, 715, P0, 0x0000000000000000
2026/09/18 19:50:32.277, 0, 79, 134.42, 100, 10154, 1025, 715, P0, 0x0000000000000000
2026/09/18 19:50:32.280, 1, 78, 55.08, 0, 11045, 1303, 715, P0, 0x0000000000000000
2026/09/18 19:50:33.288, 0, 79, 130.78, 100, 10154, 1164, 715, P0, 0x0000000000000000
2026/09/18 19:50:33.293, 1, 79, 145.29, 100, 11045, 1139, 715, P0, 0x0000000000000020
2026/09/18 19:50:34.301, 0, 79, 112.93, 100, 10154, 974, 715, P0, 0x0000000000000000
2026/09/18 19:50:34.315, 1, 80, 136.81, 100, 11045, 1177, 715, P0, 0x0000000000000000
2026/09/18 19:50:35.334, 0, 79, 48.15, 96, 10154, 1189, 715, P0, 0x0000000000000000
2026/09/18 19:50:35.337, 1, 78, 131.05, 0, 11045, 1189, 715, P0, 0x0000000000000000
2026/09/18 19:50:36.347, 0, 79, 122.84, 100, 10154, 1075, 715, P0, 0x0000000000000020
2026/09/18 19:50:36.356, 1, 80, 133.39, 100, 11045, 1164, 715, P0, 0x0000000000000000
2026/09/18 19:50:37.380, 0, 79, 105.91, 100, 10154, 734, 715, P0, 0x0000000000000020
2026/09/18 19:50:37.382, 1, 79, 107.95, 100, 11045, 949, 715, P0, 0x0000000000000020
2026/09/18 19:50:38.392, 0, 79, 106.14, 100, 10154, 683, 715, P0, 0x0000000000000020
2026/09/18 19:50:38.401, 1, 77, 49.38, 0, 11045, 1189, 715, P0, 0x0000000000000000
2026/09/18 19:50:39.408, 0, 79, 111.42, 100, 10154, 1075, 715, P0, 0x0000000000000000
2026/09/18 19:50:39.417, 1, 79, 148.32, 100, 11045, 1126, 715, P0, 0x0000000000000020
2026/09/18 19:50:40.440, 0, 79, 115.29, 100, 10154, 961, 715, P0, 0x0000000000000020
2026/09/18 19:50:40.444, 1, 79, 130.24, 100, 11045, 1025, 715, P0, 0x0000000000000020
2026/09/18 19:50:41.472, 0, 79, 49.11, 53, 10154, 1303, 715, P0, 0x0000000000000020
2026/09/18 19:50:41.476, 1, 78, 142.51, 11, 11045, 1189, 715, P0, 0x0000000000000000
2026/09/18 19:50:42.488, 0, 79, 112.64, 100, 10154, 759, 715, P0, 0x0000000000000020
2026/09/18 19:50:42.502, 1, 79, 136.47, 100, 11045, 1189, 715, P0, 0x0000000000000000
2026/09/18 19:50:43.518, 0, 79, 117.91, 100, 10154, 734, 715, P0, 0x0000000000000020
2026/09/18 19:50:43.523, 1, 79, 130.38, 100, 11045, 999, 715, P0, 0x0000000000000020
2026/09/18 19:50:44.546, 0, 79, 113.53, 100, 10154, 873, 715, P0, 0x0000000000000020
2026/09/18 19:50:44.549, 1, 78, 51.76, 0, 11045, 1252, 715, P0, 0x0000000000000000
2026/09/18 19:50:45.558, 0, 79, 118.09, 92, 10154, 1063, 715, P0, 0x0000000000000020
2026/09/18 19:50:45.561, 1, 80, 126.10, 100, 11045, 1189, 715, P0, 0x0000000000000000
2026/09/18 19:50:46.574, 0, 79, 126.21, 100, 10154, 1113, 715, P0, 0x0000000000000000
2026/09/18 19:50:46.580, 1, 79, 119.18, 100, 11045, 1075, 715, P0, 0x0000000000000020
2026/09/18 19:50:47.586, 0, 80, 120.62, 100, 10154, 1075, 715, P0, 0x0000000000000020
2026/09/18 19:50:47.589, 1, 78, 49.56, 0, 11045, 1189, 715, P0, 0x0000000000000000
2026/09/18 19:50:48.598, 0, 79, 114.54, 100, 10154, 1088, 715, P0, 0x0000000000000000
2026/09/18 19:50:48.601, 1, 79, 140.29, 100, 11045, 1189, 715, P0, 0x0000000000000000
2026/09/18 19:50:49.613, 0, 79, 126.02, 100, 10154, 1113, 715, P0, 0x0000000000000000
2026/09/18 19:50:49.621, 1, 79, 109.47, 100, 11045, 1050, 715, P0, 0x0000000000000000
2026/09/18 19:50:50.631, 0, 79, 119.46, 100, 10154, 847, 715, P0, 0x0000000000000020
2026/09/18 19:50:50.644, 1, 78, 52.23, 0, 11045, 1252, 715, P0, 0x0000000000000000
2026/09/18 19:50:51.649, 0, 79, 141.06, 100, 10154, 1113, 715, P0, 0x0000000000000000
2026/09/18 19:50:51.652, 1, 79, 173.78, 100, 11045, 1240, 715, P0, 0x0000000000000020
2026/09/18 19:50:52.662, 0, 79, 127.82, 100, 10154, 1025, 715, P0, 0x0000000000000020
2026/09/18 19:50:52.668, 1, 79, 104.08, 100, 11045, 620, 715, P0, 0x0000000000000000
2026/09/18 19:50:53.678, 0, 79, 123.23, 100, 10154, 847, 715, P0, 0x0000000000000020
2026/09/18 19:50:53.687, 1, 78, 49.58, 0, 11045, 1189, 715, P0, 0x0000000000000000
2026/09/18 19:50:54.693, 0, 79, 110.72, 100, 10154, 1037, 715, P0, 0x0000000000000000
2026/09/18 19:50:54.704, 1, 79, 129.44, 100, 11045, 1025, 715, P0, 0x0000000000000020
2026/09/18 19:50:55.720, 0, 79, 112.89, 100, 10154, 1075, 715, P0, 0x0000000000000000
2026/09/18 19:50:55.725, 1, 79, 132.50, 100, 11045, 1050, 715, P0, 0x0000000000000000
2026/09/18 19:50:56.738, 0, 79, 110.89, 100, 10154, 1025, 715, P0, 0x0000000000000020
2026/09/18 19:50:56.744, 1, 78, 55.12, 0, 11045, 1303, 715, P0, 0x0000000000000000
2026/09/18 19:50:57.752, 0, 79, 116.22, 100, 10154, 974, 715, P0, 0x0000000000000020
2026/09/18 19:50:57.755, 1, 79, 130.64, 100, 11045, 1189, 715, P0, 0x0000000000000000
2026/09/18 19:50:58.766, 0, 79, 146.52, 100, 10154, 1063, 715, P0, 0x0000000000000020
2026/09/18 19:50:58.769, 1, 79, 117.07, 100, 11045, 923, 715, P0, 0x0000000000000020
2026/09/18 19:50:59.779, 0, 79, 80.05, 100, 10154, 620, 715, P0, 0x0000000000000000
2026/09/18 19:50:59.793, 1, 78, 54.23, 0, 11045, 1278, 715, P0, 0x0000000000000000
2026/09/18 19:51:00.809, 0, 78, 47.87, 0, 10154, 1189, 715, P0, 0x0000000000000000
2026/09/18 19:51:00.813, 1, 79, 159.32, 100, 11045, 1177, 715, P0, 0x0000000000000020
2026/09/18 19:51:01.823, 0, 79, 121.64, 100, 10154, 1025, 715, P0, 0x0000000000000000
2026/09/18 19:51:01.829, 1, 79, 147.49, 100, 11045, 1151, 715, P0, 0x0000000000000000
2026/09/18 19:51:02.838, 0, 79, 114.75, 100, 10154, 1025, 715, P0, 0x0000000000000000
2026/09/18 19:51:02.848, 1, 78, 50.31, 0, 11045, 1189, 715, P0, 0x0000000000000000
2026/09/18 19:51:03.864, 0, 78, 54.59, 0, 10154, 1316, 715, P0, 0x0000000000000000
2026/09/18 19:51:03.867, 1, 79, 149.26, 100, 11045, 1227, 715, P0, 0x0000000000000000
2026/09/18 19:51:04.877, 0, 79, 141.27, 100, 10154, 1101, 715, P0, 0x0000000000000020
2026/09/18 19:51:04.891, 1, 79, 120.15, 100, 11045, 847, 715, P0, 0x0000000000000020
2026/09/18 19:51:05.907, 0, 79, 104.04, 100, 10154, 658, 715, P0, 0x0000000000000020
2026/09/18 19:51:05.914, 1, 79, 49.63, 96, 11045, 1189, 715, P0, 0x0000000000000000
2026/09/18 19:51:06.920, 0, 78, 113.82, 100, 10154, 1012, 715, P0, 0x0000000000000000
2026/09/18 19:51:06.931, 1, 79, 127.34, 100, 11045, 999, 715, P0, 0x0000000000000020
2026/09/18 19:51:07.950, 0, 79, 124.83, 100, 10154, 1063, 715, P0, 0x0000000000000020
2026/09/18 19:51:07.954, 1, 79, 121.10, 100, 11045, 1101, 715, P0, 0x0000000000000000
2026/09/18 19:51:08.970, 0, 79, 53.65, 54, 10154, 1290, 715, P0, 0x0000000000000000
2026/09/18 19:51:08.972, 1, 78, 148.42, 16, 11045, 1189, 715, P0, 0x0000000000000000
2026/09/18 19:51:09.981, 0, 80, 151.53, 100, 10154, 1151, 715, P0, 0x0000000000000000
2026/09/18 19:51:09.984, 1, 79, 155.20, 100, 11045, 1189, 715, P0, 0x0000000000000000
2026/09/18 19:51:10.997, 0, 79, 119.29, 100, 10154, 873, 715, P0, 0x0000000000000020
2026/09/18 19:51:11.000, 1, 78, 50.54, 0, 11045, 1189, 715, P0, 0x0000000000000000
2026/09/18 19:51:12.008, 0, 79, 116.21, 0, 10154, 1088, 715, P0, 0x0000000000000000
2026/09/18 19:51:12.014, 1, 79, 133.93, 100, 11045, 1227, 715, P0, 0x0000000000000000
2026/09/18 19:51:13.021, 0, 79, 114.66, 100, 10154, 1025, 715, P0, 0x0000000000000020
2026/09/18 19:51:13.026, 1, 79, 120.31, 100, 11045, 847, 715, P0, 0x0000000000000020
2026/09/18 19:51:14.037, 0, 79, 126.67, 100, 10154, 1025, 715, P0, 0x0000000000000020
2026/09/18 19:51:14.039, 1, 78, 51.98, 0, 11045, 1240, 715, P0, 0x0000000000000000
2026/09/18 19:51:15.050, 0, 79, 143.84, 100, 10154, 1075, 715, P0, 0x0000000000000020
2026/09/18 19:51:15.055, 1, 79, 146.61, 100, 11045, 1177, 715, P0, 0x0000000000000000
2026/09/18 19:51:16.065, 0, 79, 101.45, 100, 10154, 645, 715, P0, 0x0000000000000000
2026/09/18 19:51:16.081, 1, 79, 45.07, 94, 11045, 1088, 715, P0, 0x0000000000000000
2026/09/18 19:51:17.094, 0, 78, 47.47, 33, 10154, 1189, 715, P0, 0x0000000000000000
2026/09/18 19:51:17.097, 1, 78, 114.90, 45, 11045, 1025, 715, P0, 0x0000000000000020
2026/09/18 19:51:18.106, 0, 79, 118.40, 100, 10154, 936, 715, P0, 0x0000000000000020
2026/09/18 19:51:18.118, 1, 79, 125.51, 100, 11045, 1113, 715, P0, 0x0000000000000000
2026/09/18 19:51:19.136, 0, 79, 108.36, 100, 10154, 999, 715, P0, 0x0000000000000000
2026/09/18 19:51:19.139, 1, 78, 50.55, 9, 11045, 1189, 715, P0, 0x0000000000000000
2026/09/18 19:51:20.156, 0, 78, 48.15, 0, 10154, 1189, 715, P0, 0x0000000000000000
2026/09/18 19:51:20.159, 1, 79, 138.80, 100, 11045, 1215, 715, P0, 0x0000000000000020
2026/09/18 19:51:21.170, 0, 80, 159.84, 100, 10154, 1088, 715, P0, 0x0000000000000020
2026/09/18 19:51:21.178, 1, 79, 132.96, 100, 11045, 999, 715, P0, 0x0000000000000020
2026/09/18 19:51:22.200, 0, 79, 88.70, 100, 10154, 518, 715, P0, 0x0000000000000020
2026/09/18 19:51:22.205, 1, 78, 53.77, 0, 11045, 1278, 715, P0, 0x0000000000000000
2026/09/18 19:51:23.217, 0, 78, 47.91, 0, 10154, 1189, 715, P0, 0x0000000000000000
2026/09/18 19:51:23.221, 1, 79, 128.58, 100, 11045, 1189, 715, P0, 0x0000000000000000
2026/09/18 19:51:24.234, 0, 79, 123.93, 100, 10154, 936, 715, P0, 0x0000000000000020
2026/09/18 19:51:24.243, 1, 80, 135.53, 100, 11045, 1139, 715, P0, 0x0000000000000020
2026/09/18 19:51:25.249, 0, 79, 122.12, 100, 10154, 987, 715, P0, 0x0000000000000020
2026/09/18 19:51:25.263, 1, 78, 49.58, 0, 11045, 1189, 715, P0, 0x0000000000000000
2026/09/18 19:51:26.276, 0, 79, 123.60, 25, 10154, 1113, 715, P0, 0x0000000000000000
2026/09/18 19:51:26.282, 1, 79, 143.75, 100, 11045, 1139, 715, P0, 0x0000000000000020
2026/09/18 19:51:27.292, 0, 79, 138.98, 100, 10154, 1050, 715, P0, 0x0000000000000020
2026/09/18 19:51:27.302, 1, 79, 121.41, 100, 11045, 1126, 715, P0, 0x0000000000000020
2026/09/18 19:51:28.321, 0, 79, 53.38, 61, 10154, 1303, 715, P0, 0x0000000000000000
2026/09/18 19:51:28.324, 1, 78, 161.75, 18, 11045, 1189, 715, P0, 0x0000000000000000
2026/09/18 19:51:29.336, 0, 79, 127.26, 100, 10154, 1139, 715, P0, 0x0000000000000000
2026/09/18 19:51:29.342, 1, 79, 143.96, 100, 11045, 1202, 715, P0, 0x0000000000000000
2026/09/18 19:51:30.350, 0, 79, 99.92, 100, 10154, 632, 715, P0, 0x0000000000000020
2026/09/18 19:51:30.354, 1, 79, 54.66, 49, 11045, 1290, 715, P0, 0x0000000000000000
2026/09/18 19:51:31.362, 0, 78, 48.64, 59, 10154, 1202, 715, P0, 0x0000000000000000
2026/09/18 19:51:31.367, 1, 78, 132.88, 25, 11045, 1189, 715, P0, 0x0000000000000000
2026/09/18 19:51:32.380, 0, 79, 114.06, 100, 10154, 923, 715, P0, 0x0000000000000020
2026/09/18 19:51:32.383, 1, 79, 156.98, 100, 11045, 1189, 715, P0, 0x0000000000000020
2026/09/18 19:51:33.396, 0, 79, 126.49, 100, 10154, 898, 715, P0, 0x0000000000000020
2026/09/18 19:51:33.406, 1, 78, 54.88, 52, 11045, 1290, 715, P0, 0x0000000000000000
2026/09/18 19:51:34.411, 0, 78, 53.66, 0, 10154, 1290, 715, P0, 0x0000000000000000
2026/09/18 19:51:34.414, 1, 79, 138.21, 100, 11045, 1101, 715, P0, 0x0000000000000020
2026/09/18 19:51:35.422, 0, 79, 139.88, 100, 10154, 1151, 715, P0, 0x0000000000000000
2026/09/18 19:51:35.425, 1, 79, 139.03, 100, 11045, 1139, 715, P0, 0x0000000000000020
2026/09/18 19:51:36.441, 0, 79, 126.84, 100, 10154, 873, 715, P0, 0x0000000000000020
2026/09/18 19:51:36.448, 1, 78, 50.06, 0, 11045, 1189, 715, P0, 0x0000000000000000
2026/09/18 19:51:37.454, 0, 78, 125.44, 0, 10154, 1126, 715, P0, 0x0000000000000000
2026/09/18 19:51:37.465, 1, 78, 131.05, 100, 11045, 1050, 715, P0, 0x0000000000000020
2026/09/18 19:51:38.488, 0, 79, 149.32, 100, 10154, 1126, 715, P0, 0x0000000000000000
2026/09/18 19:51:38.491, 1, 79, 121.68, 100, 11045, 1113, 715, P0, 0x0000000000000000
2026/09/18 19:51:39.502, 0, 79, 99.27, 100, 10154, 594, 715, P0, 0x0000000000000020
2026/09/18 19:51:39.510, 1, 78, 49.63, 0, 11045, 1189, 715, P0, 0x0000000000000000
2026/09/18 19:51:40.518, 0, 78, 47.86, 0, 10154, 1189, 715, P0, 0x0000000000000000
2026/09/18 19:51:40.521, 1, 79, 159.71, 100, 11045, 1202, 715, P0, 0x0000000000000000
2026/09/18 19:51:41.530, 0, 79, 118.44, 100, 10154, 1050, 715, P0, 0x0000000000000020
2026/09/18 19:51:41.533, 1, 79, 117.63, 100, 11045, 1025, 715, P0, 0x0000000000000000
2026/09/18 19:51:42.556, 0, 79, 120.92, 100, 10154, 1101, 715, P0, 0x0000000000000000
2026/09/18 19:51:42.568, 1, 78, 49.81, 0, 11045, 1189, 715, P0, 0x0000000000000000
2026/09/18 19:51:43.575, 0, 79, 120.19, 100, 10154, 1075, 715, P0, 0x0000000000000020
2026/09/18 19:51:43.581, 1, 79, 143.78, 100, 11045, 1126, 715, P0, 0x0000000000000020
2026/09/18 19:51:44.589, 0, 79, 101.95, 100, 10154, 632, 715, P0, 0x0000000000000000
2026/09/18 19:51:44.594, 1, 80, 164.76, 100, 11045, 1139, 715, P0, 0x0000000000000020
2026/09/18 19:51:45.617, 0, 79, 82.70, 100, 10154, 658, 715, P0, 0x0000000000000000
2026/09/18 19:51:45.633, 1, 78, 55.19, 0, 11045, 1303, 715, P0, 0x0000000000000000
2026/09/18 19:51:46.647, 0, 77, 51.24, 0, 10154, 1252, 715, P0, 0x0000000000000000
2026/09/18 19:51:46.650, 1, 79, 156.85, 100, 11045, 1189, 715, P0, 0x0000000000000000
2026/09/18 19:51:47.661, 0, 79, 126.01, 100, 10154, 1012, 715, P0, 0x0000000000000020
2026/09/18 19:51:47.671, 1, 79, 118.79, 100, 11045, 860, 715, P0, 0x0000000000000020
2026/09/18 19:51:48.690, 0, 79, 119.00, 100, 10154, 860, 715, P0, 0x0000000000000020
2026/09/18 19:51:48.693, 1, 78, 49.58, 0, 11045, 1189, 715, P0, 0x0000000000000000
2026/09/18 19:51:49.706, 0, 79, 136.34, 86, 10154, 1139, 715, P0, 0x0000000000000000
2026/09/18 19:51:49.711, 1, 79, 121.20, 100, 11045, 1126, 715, P0, 0x0000000000000020
2026/09/18 19:51:50.716, 0, 80, 127.30, 100, 10154, 1139, 715, P0, 0x0000000000000000
2026/09/18 19:51:50.720, 1, 79, 133.01, 100, 11045, 1126, 715, P0, 0x0000000000000020
2026/09/18 19:51:51.744, 0, 79, 125.14, 100, 10154, 860, 715, P0, 0x0000000000000020
2026/09/18 19:51:51.755, 1, 78, 49.60, 0, 11045, 1189, 715, P0, 0x0000000000000000
2026/09/18 19:51:52.761, 0, 79, 151.93, 100, 10154, 1075, 715, P0, 0x0000000000000020
2026/09/18 19:51:52.772, 1, 80, 156.10, 100, 11045, 1227, 715, P0, 0x0000000000000020
2026/09/18 19:51:53.790, 0, 79, 110.72, 100, 10154, 936, 715, P0, 0x0000000000000000
2026/09/18 19:51:53.795, 1, 79, 134.21, 100, 11045, 1050, 715, P0, 0x0000000000000020
2026/09/18 19:51:54.803, 0, 79, 48.15, 100, 10154, 1189, 715, P0, 0x0000000000000000
2026/09/18 19:51:54.808, 1, 78, 138.08, 0, 11045, 1189, 715, P0, 0x0000000000000000
2026/09/18 19:51:55.818, 0, 79, 123.58, 100, 10154, 1025, 715, P0, 0x0000000000000020
2026/09/18 19:51:55.821, 1, 79, 130.13, 100, 11045, 1126, 715, P0, 0x0000000000000020
2026/09/18 19:51:56.832, 0, 79, 132.76, 100, 10154, 1088, 715, P0, 0x0000000000000020
2026/09/18 19:51:56.836, 1, 79, 49.58, 100, 11045, 1151, 715, P0, 0x0000000000000000
2026/09/18 19:51:57.848, 0, 78, 48.88, 16, 10154, 1189, 715, P0, 0x0000000000000000
2026/09/18 19:51:57.851, 1, 78, 122.04, 80, 11045, 1151, 715, P0, 0x0000000000000000
2026/09/18 19:51:58.864, 0, 79, 126.25, 100, 10154, 1113, 715, P0, 0x0000000000000000
2026/09/18 19:51:58.874, 1, 79, 120.08, 100, 11045, 1151, 715, P0, 0x0000000000000000
2026/09/18 19:51:59.896, 0, 79, 95.39, 100, 10154, 645, 715, P0, 0x0000000000000000
2026/09/18 19:51:59.899, 1, 78, 55.88, 0, 11045, 1290, 715, P0, 0x0000000000000000
2026/09/18 19:52:00.913, 0, 79, 46.38, 84, 10154, 1088, 715, P0, 0x0000000000000000
2026/09/18 19:52:00.916, 1, 78, 177.99, 16, 11045, 1215, 715, P0, 0x0000000000000020
2026/09/18 19:52:01.926, 0, 79, 117.89, 100, 10154, 1037, 715, P0, 0x0000000000000020
2026/09/18 19:52:01.935, 1, 80, 142.19, 100, 11045, 1202, 715, P0, 0x0000000000000000
2026/09/18 19:52:02.941, 0, 79, 111.43, 100, 10154, 1050, 715, P0, 0x0000000000000000
2026/09/18 19:52:02.944, 1, 79, 129.96, 100, 11045, 1050, 715, P0, 0x0000000000000020
2026/09/18 19:52:03.955, 0, 78, 48.87, 23, 10154, 1189, 715, P0, 0x0000000000000000
2026/09/18 19:52:03.958, 1, 78, 152.94, 77, 11045, 1164, 715, P0, 0x0000000000000000
2026/09/18 19:52:04.982, 0, 79, 139.11, 100, 10154, 1177, 715, P0, 0x0000000000000000
2026/09/18 19:52:04.985, 1, 79, 106.58, 100, 11045, 847, 715, P0, 0x0000000000000000
2026/09/18 19:52:06.011, 0, 80, 112.51, 100, 10154, 999, 715, P0, 0x0000000000000000
2026/09/18 19:52:06.019, 1, 79, 111.22, 100, 11045, 860, 715, P0, 0x0000000000000020
2026/09/18 19:52:07.023, 0, 78, 53.95, 0, 10154, 1290, 715, P0, 0x0000000000000000
2026/09/18 19:52:07.029, 1, 79, 127.21, 100, 11045, 1151, 715, P0, 0x0000000000000000
2026/09/18 19:52:08.041, 0, 79, 115.26, 100, 10154, 1037, 715, P0, 0x0000000000000000
2026/09/18 19:52:08.044, 1, 79, 120.94, 100, 11045, 1151, 715, P0, 0x0000000000000000
2026/09/18 19:52:09.069, 0, 79, 116.10, 100, 10154, 1088, 715, P0, 0x0000000000000000
2026/09/18 19:52:09.080, 1, 78, 50.54, 27, 11045, 1189, 715, P0, 0x0000000000000000
2026/09/18 19:52:10.099, 0, 78, 48.11, 0, 10154, 1189, 715, P0, 0x0000000000000000
2026/09/18 19:52:10.102, 1, 79, 159.08, 100, 11045, 1189, 715, P0, 0x0000000000000020
2026/09/18 19:52:11.114, 0, 79, 139.25, 100, 10154, 1113, 715, P0, 0x0000000000000000
2026/09/18 19:52:11.120, 1, 79, 114.04, 100, 11045, 1025, 715, P0, 0x0000000000000000
2026/09/18 19:52:12.127, 0, 79, 114.88, 100, 10154, 822, 715, P0, 0x0000000000000020
2026/09/18 19:52:12.131, 1, 78, 55.37, 0, 11045, 1290, 715, P0, 0x0000000000000000
2026/09/18 19:52:13.142, 0, 78, 52.93, 0, 10154, 1278, 715, P0, 0x0000000000000000
2026/09/18 19:52:13.145, 1, 79, 140.87, 100, 11045, 1177, 715, P0, 0x0000000000000020
2026/09/18 19:52:14.160, 0, 79, 111.92, 100, 10154, 1050, 715, P0, 0x0000000000000000
2026/09/18 19:52:14.163, 1, 79, 154.83, 100, 11045, 1189, 715, P0, 0x0000000000000000
2026/09/18 19:52:15.170, 0, 80, 113.77, 100, 10154, 1075, 715, P0, 0x0000000000000000
2026/09/18 19:52:15.182, 1, 78, 50.30, 0, 11045, 1189, 715, P0, 0x0000000000000000
2026/09/18 19:52:16.187, 0, 78, 48.10, 0, 10154, 1189, 715, P0, 0x0000000000000000
2026/09/18 19:52:16.190, 1, 79, 164.40, 100, 11045, 1227, 715, P0, 0x0000000000000020
2026/09/18 19:52:17.202, 0, 79, 103.70, 100, 10154, 911, 715, P0, 0x0000000000000020
2026/09/18 19:52:17.206, 1, 79, 119.62, 100, 11045, 1075, 715, P0, 0x0000000000000000
2026/09/18 19:52:18.215, 0, 79, 112.57, 100, 10154, 974, 715, P0, 0x0000000000000000
2026/09/18 19:52:18.223, 1, 78, 52.72, 0, 11045, 1240, 715, P0, 0x0000000000000000
2026/09/18 19:52:19.228, 0, 78, 52.94, 0, 10154, 1278, 715, P0, 0x0000000000000000
2026/09/18 19:52:19.231, 1, 79, 129.76, 100, 11045, 1189, 715, P0, 0x0000000000000000
2026/09/18 19:52:20.244, 0, 79, 121.34, 100, 10154, 1101, 715, P0, 0x0000000000000020
2026/09/18 19:52:20.248, 1, 79, 107.69, 100, 11045, 923, 715, P0, 0x0000000000000000
2026/09/18 19:52:21.259, 0, 79, 102.53, 100, 10154, 645, 715, P0, 0x0000000000000000
2026/09/18 19:52:21.269, 1, 79, 49.63, 100, 11045, 1189, 715, P0, 0x0000000000000000
2026/09/18 19:52:22.286, 0, 78, 49.12, 67, 10154, 1202, 715, P0, 0x0000000000000000
2026/09/18 19:52:22.289, 1, 78, 134.57, 40, 11045, 1126, 715, P0, 0x0000000000000020
2026/09/18 19:52:23.304, 0, 79, 119.79, 100, 10154, 1050, 715, P0, 0x0000000000000000
2026/09/18 19:52:23.307, 1, 79, 145.12, 100, 11045, 1139, 715, P0, 0x0000000000000020
2026/09/18 19:52:24.321, 0, 79, 114.91, 100, 10154, 1063, 715, P0, 0x0000000000000000
2026/09/18 19:52:24.328, 1, 79, 51.52, 57, 11045, 1316, 715, P0, 0x0000000000000020
2026/09/18 19:52:25.348, 0, 78, 48.73, 0, 10154, 1189, 715, P0, 0x0000000000000000
2026/09/18 19:52:25.352, 1, 78, 79.80, 100, 11045, 632, 715, P0, 0x0000000000000000
2026/09/18 19:52:26.363, 0, 79, 159.57, 100, 10154, 1139, 715, P0, 0x0000000000000020
2026/09/18 19:52:26.367, 1, 79, 104.42, 100, 11045, 936, 715, P0, 0x0000000000000020
2026/09/18 19:52:27.382, 0, 79, 114.22, 100, 10154, 1025, 715, P0, 0x0000000000000000
2026/09/18 19:52:27.387, 1, 79, 111.77, 100, 11045, 1012, 715, P0, 0x0000000000000000
2026/09/18 19:52:28.398, 0, 79, 44.04, 100, 10154, 1151, 715, P0, 0x0000000000000000
2026/09/18 19:52:28.406, 1, 78, 136.50, 0, 11045, 1189, 715, P0, 0x0000000000000020
2026/09/18 19:52:29.412, 0, 79, 108.93, 100, 10154, 885, 715, P0, 0x0000000000000000
2026/09/18 19:52:29.415, 1, 79, 120.99, 100, 11045, 1126, 715, P0, 0x0000000000000000
2026/09/18 19:52:30.423, 0, 79, 120.95, 100, 10154, 847, 715, P0, 0x0000000000000020
2026/09/18 19:52:30.432, 1, 79, 123.53, 100, 11045, 1075, 715, P0, 0x0000000000000020
2026/09/18 19:52:31.439, 0, 79, 104.72, 100, 10154, 898, 715, P0, 0x0000000000000020
2026/09/18 19:52:31.452, 1, 78, 49.37, 0, 11045, 1189, 715, P0, 0x0000000000000000
2026/09/18 19:52:32.469, 0, 79, 110.93, 98, 10154, 1037, 715, P0, 0x0000000000000000
2026/09/18 19:52:32.473, 1, 80, 144.62, 100, 11045, 1189, 715, P0, 0x0000000000000020
2026/09/18 19:52:33.482, 0, 79, 121.14, 100, 10154, 1113, 715, P0, 0x0000000000000000
2026/09/18 19:52:33.494, 1, 79, 108.33, 100, 11045, 949, 715, P0, 0x0000000000000020
2026/09/18 19:52:34.498, 0, 79, 113.50, 100, 10154, 1037, 715, P0, 0x0000000000000020
2026/09/18 19:52:34.501, 1, 78, 49.60, 0, 11045, 1189, 715, P0, 0x0000000000000000
2026/09/18 19:52:35.509, 0, 79, 131.73, 60, 10154, 1113, 715, P0, 0x0000000000000000
2026/09/18 19:52:35.513, 1, 79, 139.37, 100, 11045, 1189, 715, P0, 0x0000000000000000
2026/09/18 19:52:36.523, 0, 80, 120.30, 100, 10154, 645, 715, P0, 0x0000000000000020
2026/09/18 19:52:36.537, 1, 80, 140.29, 100, 11045, 1126, 715, P0, 0x0000000000000020
2026/09/18 19:52:37.552, 0, 79, 95.65, 100, 10154, 708, 715, P0, 0x0000000000000000
2026/09/18 19:52:37.556, 1, 78, 49.38, 0, 11045, 1189, 715, P0, 0x0000000000000000
2026/09/18 19:52:38.565, 0, 78, 47.92, 0, 10154, 1189, 715, P0, 0x0000000000000000
2026/09/18 19:52:38.568, 1, 79, 128.19, 100, 11045, 1189, 715, P0, 0x0000000000000000
2026/09/18 19:52:39.590, 0, 77, 47.46, 0, 10154, 1189, 715, P0, 0x0000000000000000
2026/09/18 19:52:39.593, 1, 79, 118.24, 100, 11045, 860, 715, P0, 0x0000000000000020
2026/09/18 19:52:40.603, 0, 78, 169.93, 43, 10154, 1139, 715, P0, 0x0000000000000020
2026/09/18 19:52:40.610, 1, 79, 49.22, 54, 11045, 1189, 715, P0, 0x0000000000000000
2026/09/18 19:52:41.629, 0, 79, 52.48, 46, 10154, 1227, 715, P0, 0x0000000000000000
2026/09/18 19:52:41.632, 1, 79, 132.89, 52, 11045, 847, 715, P0, 0x0000000000000020
2026/09/18 19:52:42.658, 0, 80, 172.84, 40, 10154, 1265, 715, P0, 0x0000000000000020
2026/09/18 19:52:42.662, 1, 78, 93.49, 58, 11045, 1189, 715, P0, 0x0000000000000000
2026/09/18 19:52:43.670, 0, 79, 188.33, 51, 10154, 1265, 715, P0, 0x0000000000000000
2026/09/18 19:52:43.677, 1, 79, 52.00, 49, 11045, 1189, 715, P0, 0x0000000000000000
2026/09/18 19:52:44.684, 0, 78, 62.29, 52, 10154, 405, 715, P0, 0x0000000000000020
2026/09/18 19:52:44.691, 1, 78, 52.83, 46, 11045, 1252, 715, P0, 0x0000000000000000
2026/09/18 19:52:45.697, 0, 78, 80.27, 54, 10154, 1189, 715, P0, 0x0000000000000000
2026/09/18 19:52:45.701, 1, 79, 102.19, 44, 11045, 1189, 715, P0, 0x0000000000000000
2026/09/18 19:52:46.714, 0, 78, 145.35, 55, 10154, 949, 715, P0, 0x0000000000000020
2026/09/18 19:52:46.726, 1, 79, 53.13, 44, 11045, 1227, 715, P0, 0x0000000000000000
2026/09/18 19:52:47.739, 0, 78, 48.50, 44, 10154, 1265, 715, P0, 0x0000000000000000
2026/09/18 19:52:47.744, 1, 79, 153.05, 51, 11045, 1202, 715, P0, 0x0000000000000020
2026/09/18 19:52:48.752, 0, 79, 51.89, 44, 10154, 1189, 715, P0, 0x0000000000000000
2026/09/18 19:52:48.757, 1, 79, 180.02, 54, 11045, 1290, 715, P0, 0x0000000000000020
2026/09/18 19:52:49.764, 0, 79, 98.65, 55, 10154, 1164, 715, P0, 0x0000000000000000
2026/09/18 19:52:49.769, 1, 79, 152.81, 44, 11045, 1316, 715, P0, 0x0000000000000020
2026/09/18 19:52:50.780, 0, 79, 178.22, 55, 10154, 1227, 715, P0, 0x0000000000000020
2026/09/18 19:52:50.783, 1, 79, 55.16, 44, 11045, 1278, 715, P0, 0x0000000000000000
2026/09/18 19:52:51.792, 0, 78, 57.41, 0, 10154, 1290, 715, P0, 0x0000000000000000
2026/09/18 19:52:51.794, 1, 78, 50.50, 100, 11045, 405, 715, P0, 0x0000000000000020
2026/09/18 19:52:52.818, 0, 79, 180.87, 36, 10154, 1215, 715, P0, 0x0000000000000000
2026/09/18 19:52:52.820, 1, 77, 46.31, 68, 11045, 1151, 715, P0, 0x0000000000000000
2026/09/18 19:52:53.830, 0, 79, 82.35, 47, 10154, 1240, 715, P0, 0x0000000000000000
2026/09/18 19:52:53.833, 1, 78, 144.01, 51, 11045, 1139, 715, P0, 0x0000000000000020
2026/09/18 19:52:54.840, 0, 79, 196.90, 40, 10154, 1278, 715, P0, 0x0000000000000020
2026/09/18 19:52:54.842, 1, 78, 50.83, 58, 11045, 1189, 715, P0, 0x0000000000000000
2026/09/18 19:52:55.855, 0, 79, 171.39, 43, 10154, 1240, 715, P0, 0x0000000000000000
2026/09/18 19:52:55.858, 1, 79, 61.17, 57, 11045, 1189, 715, P0, 0x0000000000000000
2026/09/18 19:52:56.867, 0, 79, 48.55, 54, 10154, 1189, 715, P0, 0x0000000000000000
2026/09/18 19:52:56.870, 1, 79, 173.44, 44, 11045, 1189, 715, P0, 0x0000000000000020
2026/09/18 19:52:57.884, 0, 79, 63.95, 43, 10154, 1189, 715, P0, 0x0000000000000000
2026/09/18 19:52:57.887, 1, 79, 153.51, 50, 11045, 1189, 715, P0, 0x0000000000000000
2026/09/18 19:52:58.896, 0, 79, 164.82, 44, 10154, 1126, 715, P0, 0x0000000000000020
2026/09/18 19:52:58.905, 1, 79, 53.31, 54, 11045, 1240, 715, P0, 0x0000000000000000
2026/09/18 19:52:59.924, 0, 79, 162.40, 55, 10154, 1164, 715, P0, 0x0000000000000020
2026/09/18 19:52:59.931, 1, 79, 55.20, 44, 11045, 1252, 715, P0, 0x0000000000000000
2026/09/18 19:53:00.939, 0, 78, 57.70, 51, 289, 1316, 715, P0, 0x0000000000000000
2026/09/18 19:53:00.942, 1, 78, 58.85, 64, 289, 1303, 715, P0, 0x0000000000000000
2026/09/18 19:53:01.949, 0, 77, 54.79, 0, 289, 1328, 715, P0, 0x0000000000000000
2026/09/18 19:53:01.952, 1, 77, 55.98, 0, 289, 1328, 715, P0, 0x0000000000000000
