timestamp,index,temperature.gpu,power.draw,utilization.gpu,memory.used,clocks.current.graphics,clocks.current.memory,pstate,clocks_event_reasons.active
2026/09/19 09:40:18.432, 0, 72, 45.13, 0, 13624, 1189, 715, P0, 0x0000000000000000
2026/09/19 09:40:18.436, 1, 73, 53.80, 0, 12920, 1328, 715, P0, 0x0000000000000000
2026/09/19 09:40:19.444, 0, 74, 53.55, 0, 13664, 1328, 715, P0, 0x0000000000000000
2026/09/19 09:40:19.448, 1, 75, 177.18, 100, 12960, 1328, 715, P0, 0x0000000000000000
2026/09/19 09:40:20.453, 0, 75, 55.48, 4, 13664, 1328, 715, P0, 0x0000000000000000
2026/09/19 09:40:20.457, 1, 75, 179.38, 68, 12960, 1328, 715, P0, 0x0000000000000000
2026/09/19 09:40:21.468, 0, 76, 56.44, 65, 13664, 1328, 715, P0, 0x0000000000000000
2026/09/19 09:40:21.471, 1, 75, 179.76, 8, 12960, 1328, 715, P0, 0x0000000000000000
2026/09/19 09:40:22.486, 0, 77, 192.65, 100, 13664, 1328, 715, P0, 0x0000000000000000
2026/09/19 09:40:22.489, 1, 74, 55.38, 0, 12960, 1328, 715, P0, 0x0000000000000000
2026/09/19 09:40:23.502, 0, 77, 189.56, 100, 13664, 1328, 715, P0, 0x0000000000000000
2026/09/19 09:40:23.505, 1, 74, 55.61, 0, 12960, 1328, 715, P0, 0x0000000000000000
2026/09/19 09:40:24.515, 0, 77, 193.93, 100, 13664, 1328, 715, P0, 0x0000000000000000
2026/09/19 09:40:24.518, 1, 75, 56.31, 15, 12960, 1328, 715, P0, 0x0000000000000000
2026/09/19 09:40:25.530, 0, 75, 54.72, 0, 13664, 1328, 715, P0, 0x0000000000000000
2026/09/19 09:40:25.533, 1, 77, 169.97, 100, 12960, 1328, 715, P0, 0x0000000000000000
2026/09/19 09:40:26.547, 0, 75, 55.93, 0, 13664, 1328, 715, P0, 0x0000000000000000
2026/09/19 09:40:26.550, 1, 76, 183.48, 96, 12960, 1328, 715, P0, 0x0000000000000000
2026/09/19 09:40:27.560, 0, 78, 195.40, 100, 13664, 1328, 715, P0, 0x0000000000000000
2026/09/19 09:40:27.563, 1, 74, 55.57, 0, 12960, 1328, 715, P0, 0x0000000000000000
2026/09/19 09:40:28.570, 0, 78, 192.90, 100, 13664, 1328, 715, P0, 0x0000000000000000
2026/09/19 09:40:28.573, 1, 75, 56.57, 0, 12960, 1328, 715, P0, 0x0000000000000000
2026/09/19 09:40:29.581, 0, 75, 55.23, 0, 13664, 1328, 715, P0, 0x0000000000000000
2026/09/19 09:40:29.584, 1, 77, 184.41, 100, 12960, 1328, 715, P0, 0x0000000000000000
2026/09/19 09:40:30.591, 0, 76, 56.88, 54, 13664, 1328, 715, P0, 0x0000000000000000
2026/09/19 09:40:30.594, 1, 76, 184.20, 100, 12960, 1328, 715, P0, 0x0000000000000000
2026/09/19 09:40:31.606, 0, 79, 195.63, 100, 13664, 1328, 715, P0, 0x0000000000000000
2026/09/19 09:40:31.611, 1, 74, 55.55, 0, 12960, 1328, 715, P0, 0x0000000000000000
2026/09/19 09:40:32.618, 0, 77, 193.32, 0, 13664, 1328, 715, P0, 0x0000000000000000
2026/09/19 09:40:32.621, 1, 76, 57.47, 37, 12960, 1328, 715, P0, 0x0000000000000000
2026/09/19 09:40:33.633, 0, 76, 56.17, 0, 13664, 1328, 715, P0, 0x0000000000000000
2026/09/19 09:40:33.636, 1, 77, 186.92, 100, 12960, 1328, 715, P0, 0x0000000000000000
2026/09/19 09:40:34.646, 0, 79, 198.21, 100, 13664, 1328, 715, P0, 0x0000000000000000
2026/09/19 09:40:34.649, 1, 75, 55.81, 0, 12960, 1328, 715, P0, 0x0000000000000000
2026/09/19 09:40:35.656, 0, 78, 194.32, 87, 13664, 1328, 715, P0, 0x0000000000000000
2026/09/19 09:40:35.659, 1, 76, 57.74, 37, 12960, 1328, 715, P0, 0x0000000000000000
2026/09/19 09:40:36.667, 0, 77, 56.64, 0, 13664, 1328, 715, P0, 0x0000000000000000
2026/09/19 09:40:36.670, 1, 77, 186.93, 100, 12960, 1328, 715, P0, 0x0000000000000000
2026/09/19 09:40:37.679, 0, 79, 202.47, 100, 13664, 1328, 715, P0, 0x0000000000000000
2026/09/19 09:40:37.682, 1, 75, 56.29, 0, 12960, 1328, 715, P0, 0x0000000000000000
2026/09/19 09:40:38.693, 0, 77, 172.25, 0, 13664, 1316, 715, P0, 0x0000000000000000
2026/09/19 09:40:38.697, 1, 77, 62.05, 100, 12960, 1328, 715, P0, 0x0000000000000000
2026/09/19 09:40:39.705, 0, 78, 54.99, 41, 13664, 1328, 715, P0, 0x0000000000000000
2026/09/19 09:40:39.708, 1, 76, 182.13, 32, 12960, 1328, 715, P0, 0x0000000000000000
2026/09/19 09:40:40.720, 0, 79, 195.27, 100, 13664, 1328, 715, P0, 0x0000000000000000
2026/09/19 09:40:40.724, 1, 76, 56.79, 2, 12960, 1328, 715, P0, 0x0000000000000000
2026/09/19 09:40:41.730, 0, 77, 53.78, 0, 13664, 1316, 715, P0, 0x0000000000000000
2026/09/19 09:40:41.733, 1, 78, 195.27, 100, 12960, 1328, 715, P0, 0x0000000000000000
2026/09/19 09:40:42.739, 0, 80, 195.80, 100, 13664, 1328, 715, P0, 0x0000000000000000
2026/09/19 09:40:42.742, 1, 75, 56.54, 0, 12960, 1328, 715, P0, 0x0000000000000000
2026/09/19 09:40:43.753, 0, 76, 53.30, 0, 13664, 1316, 715, P0, 0x0000000000000000
2026/09/19 09:40:43.756, 1, 78, 189.93, 100, 12960, 1328, 715, P0, 0x0000000000000000
2026/09/19 09:40:44.764, 0, 80, 61.75, 100, 13664, 1265, 715, P0, 0x0000000000000000
2026/09/19 09:40:44.767, 1, 75, 171.65, 0, 12960, 1328, 715, P0, 0x0000000000000000
2026/09/19 09:40:45.774, 0, 78, 184.91, 53, 13664, 1328, 715, P0, 0x0000000000000000
2026/09/19 09:40:45.777, 1, 77, 57.99, 69, 12960, 1328, 715, P0, 0x0000000000000000
2026/09/19 09:40:46.785, 0, 78, 50.90, 31, 13664, 1240, 715, P0, 0x0000000000000000
2026/09/19 09:40:46.790, 1, 77, 187.33, 46, 12960, 1328, 715, P0, 0x0000000000000000
2026/09/19 09:40:47.807, 0, 79, 187.90, 100, 13664, 1328, 715, P0, 0x0000000000000000
2026/09/19 09:40:47.810, 1, 76, 57.50, 0, 12960, 1328, 715, P0, 0x0000000000000000
2026/09/19 09:40:48.820, 0, 77, 53.55, 0, 13664, 1303, 715, P0, 0x0000000000000000
2026/09/19 09:40:48.823, 1, 78, 193.60, 100, 12960, 1328, 715, P0, 0x0000000000000000
2026/09/19 09:40:49.833, 0, 80, 189.91, 100, 13664, 1328, 715, P0, 0x0000000000000000
2026/09/19 09:40:49.836, 1, 76, 57.04, 0, 12960, 1328, 715, P0, 0x0000000000000000
2026/09/19 09:40:50.845, 0, 77, 53.51, 0, 13664, 1303, 715, P0, 0x0000000000000000
2026/09/19 09:40:50.848, 1, 78, 197.04, 100, 12960, 1328, 715, P0, 0x0000000000000000
2026/09/19 09:40:51.857, 0, 80, 188.73, 100, 13664, 1316, 715, P0, 0x0000000000000020
2026/09/19 09:40:51.860, 1, 76, 56.55, 0, 12960, 1328, 715, P0, 0x0000000000000000
2026/09/19 09:40:52.868, 0, 77, 53.07, 0, 13664, 1303, 715, P0, 0x0000000000000000
2026/09/19 09:40:52.872, 1, 78, 193.14, 100, 12960, 1328, 715, P0, 0x0000000000000000
2026/09/19 09:40:53.877, 0, 80, 157.15, 100, 13664, 1240, 715, P0, 0x0000000000000000
2026/09/19 09:40:53.880, 1, 76, 56.62, 0, 12960, 1328, 715, P0, 0x0000000000000000
2026/09/19 09:40:54.889, 0, 77, 53.79, 0, 13664, 1316, 715, P0, 0x0000000000000000
2026/09/19 09:40:54.892, 1, 78, 182.68, 100, 12960, 1328, 715, P0, 0x0000000000000000
2026/09/19 09:40:55.898, 0, 80, 175.02, 100, 13664, 1290, 715, P0, 0x0000000000000020
2026/09/19 09:40:55.901, 1, 76, 56.84, 0, 12960, 1328, 715, P0, 0x0000000000000000
2026/09/19 09:40:56.910, 0, 77, 48.76, 0, 13664, 1215, 715, P0, 0x0000000000000000
2026/09/19 09:40:56.913, 1, 79, 185.90, 100, 12960, 1328, 715, P0, 0x0000000000000000
2026/09/19 09:40:57.919, 0, 79, 158.00, 100, 13664, 1265, 715, P0, 0x0000000000000000
2026/09/19 09:40:57.925, 1, 76, 57.14, 0, 12960, 1328, 715, P0, 0x0000000000000000
2026/09/19 09:40:58.929, 0, 77, 47.80, 0, 13664, 1189, 715, P0, 0x0000000000000000
2026/09/19 09:40:58.932, 1, 78, 183.98, 100, 12960, 1328, 715, P0, 0x0000000000000000
2026/09/19 09:40:59.946, 0, 80, 191.71, 100, 13664, 1328, 715, P0, 0x0000000000000000
2026/09/19 09:40:59.950, 1, 76, 57.52, 0, 12960, 1328, 715, P0, 0x0000000000000000
2026/09/19 09:41:00.959, 0, 77, 47.76, 0, 13664, 1189, 715, P0, 0x0000000000000000
2026/09/19 09:41:00.962, 1, 78, 199.68, 100, 12960, 1328, 715, P0, 0x0000000000000000
2026/09/19 09:41:01.976, 0, 79, 177.80, 100, 13664, 1328, 715, P0, 0x0000000000000000
2026/09/19 09:41:01.978, 1, 77, 58.00, 0, 12960, 1328, 715, P0, 0x0000000000000000
2026/09/19 09:41:02.987, 0, 78, 48.99, 27, 13664, 1189, 715, P0, 0x0000000000000000
2026/09/19 09:41:02.991, 1, 78, 183.75, 37, 12960, 1328, 715, P0, 0x0000000000000000
2026/09/19 09:41:03.997, 0, 78, 158.99, 66, 13664, 1252, 715, P0, 0x0000000000000000
2026/09/19 09:41:04.002, 1, 77, 58.79, 0, 12960, 1328, 715, P0, 0x0000000000000000
2026/09/19 09:41:05.013, 0, 79, 134.26, 100, 13664, 1177, 715, P0, 0x0000000000000000
2026/09/19 09:41:05.016, 1, 76, 56.48, 0, 12960, 1328, 715, P0, 0x0000000000000000
2026/09/19 09:41:06.036, 0, 77, 47.05, 0, 13664, 1189, 715, P0, 0x0000000000000000
2026/09/19 09:41:06.039, 1, 79, 195.87, 100, 12960, 1328, 715, P0, 0x0000000000000000
2026/09/19 09:41:07.049, 0, 80, 169.78, 100, 13664, 1278, 715, P0, 0x0000000000000000
2026/09/19 09:41:07.053, 1, 76, 56.85, 0, 12960, 1328, 715, P0, 0x0000000000000000
2026/09/19 09:41:08.059, 0, 77, 53.30, 0, 13664, 1316, 715, P0, 0x0000000000000000
2026/09/19 09:41:08.062, 1, 79, 190.62, 100, 12960, 1328, 715, P0, 0x0000000000000000
2026/09/19 09:41:09.074, 0, 79, 145.75, 100, 13664, 1189, 715, P0, 0x0000000000000000
2026/09/19 09:41:09.077, 1, 77, 57.40, 0, 12960, 1328, 715, P0, 0x0000000000000000
2026/09/19 09:41:10.103, 0, 77, 51.39, 0, 13664, 1252, 715, P0, 0x0000000000000000
2026/09/19 09:41:10.106, 1, 78, 186.43, 100, 12960, 1328, 715, P0, 0x0000000000000000
2026/09/19 09:41:11.112, 0, 79, 187.77, 100, 13664, 1328, 715, P0, 0x0000000000000000
2026/09/19 09:41:11.116, 1, 77, 58.73, 0, 12960, 1328, 715, P0, 0x0000000000000000
2026/09/19 09:41:12.129, 0, 79, 102.01, 100, 13664, 1113, 715, P0, 0x0000000000000000
2026/09/19 09:41:12.139, 1, 76, 120.60, 0, 12960, 1328, 715, P0, 0x0000000000000000
2026/09/19 09:41:13.153, 0, 76, 47.08, 0, 13664, 1189, 715, P0, 0x0000000000000000
2026/09/19 09:41:13.156, 1, 80, 193.73, 100, 12960, 1328, 715, P0, 0x0000000000000000
2026/09/19 09:41:14.166, 0, 80, 175.63, 100, 13664, 1303, 715, P0, 0x0000000000000000
2026/09/19 09:41:14.173, 1, 76, 50.63, 0, 12960, 1252, 715, P0, 0x0000000000000000
2026/09/19 09:41:15.181, 0, 77, 53.78, 0, 13664, 1316, 715, P0, 0x0000000000000000
2026/09/19 09:41:15.184, 1, 79, 194.90, 100, 12960, 1328, 715, P0, 0x0000000000000000
2026/09/19 09:41:16.197, 0, 80, 162.72, 100, 13664, 1240, 715, P0, 0x0000000000000000
2026/09/19 09:41:16.200, 1, 77, 55.21, 4, 12960, 1316, 715, P0, 0x0000000000000000
2026/09/19 09:41:17.208, 0, 78, 53.07, 55, 13664, 1303, 715, P0, 0x0000000000000000
2026/09/19 09:41:17.211, 1, 78, 188.37, 9, 12960, 1316, 715, P0, 0x0000000000000000
2026/09/19 09:41:18.215, 0, 77, 168.65, 0, 13664, 1303, 715, P0, 0x0000000000000000
2026/09/19 09:41:18.219, 1, 79, 63.79, 79, 12960, 1316, 715, P0, 0x0000000000000020
2026/09/19 09:41:19.229, 0, 79, 120.13, 100, 13664, 1075, 715, P0, 0x0000000000000000
2026/09/19 09:41:19.232, 1, 76, 54.61, 0, 12960, 1316, 715, P0, 0x0000000000000000
2026/09/19 09:41:20.241, 0, 77, 47.32, 0, 13664, 1189, 715, P0, 0x0000000000000000
2026/09/19 09:41:20.244, 1, 79, 182.89, 100, 12960, 1328, 715, P0, 0x0000000000000000
2026/09/19 09:41:21.251, 0, 80, 193.65, 100, 13664, 1328, 715, P0, 0x0000000000000000
2026/09/19 09:41:21.253, 1, 77, 51.78, 2, 12960, 1252, 715, P0, 0x0000000000000000
2026/09/19 09:41:22.264, 0, 79, 51.73, 100, 13664, 1189, 715, P0, 0x0000000000000000
2026/09/19 09:41:22.267, 1, 76, 147.80, 6, 12960, 1252, 715, P0, 0x0000000000000000
2026/09/19 09:41:23.278, 0, 77, 52.35, 0, 13664, 1290, 715, P0, 0x0000000000000000
2026/09/19 09:41:23.281, 1, 79, 178.86, 100, 12960, 1303, 715, P0, 0x0000000000000000
2026/09/19 09:41:24.289, 0, 80, 162.70, 100, 13664, 1227, 715, P0, 0x0000000000000000
2026/09/19 09:41:24.292, 1, 76, 53.05, 0, 12960, 1290, 715, P0, 0x0000000000000000
2026/09/19 09:41:25.302, 0, 77, 49.46, 0, 13664, 1227, 715, P0, 0x0000000000000000
2026/09/19 09:41:25.305, 1, 78, 186.11, 100, 12960, 1328, 715, P0, 0x0000000000000000
2026/09/19 09:41:26.310, 0, 79, 189.86, 43, 13664, 1328, 715, P0, 0x0000000000000000
2026/09/19 09:41:26.313, 1, 78, 51.79, 0, 12960, 1227, 715, P0, 0x0000000000000000
2026/09/19 09:41:27.322, 0, 79, 105.44, 100, 13664, 1037, 715, P0, 0x0000000000000000
2026/09/19 09:41:27.334, 1, 76, 49.85, 0, 12960, 1227, 715, P0, 0x0000000000000000
2026/09/19 09:41:28.350, 0, 77, 47.28, 0, 13664, 1189, 715, P0, 0x0000000000000000
2026/09/19 09:41:28.353, 1, 79, 196.10, 100, 12960, 1328, 715, P0, 0x0000000000000000
2026/09/19 09:41:29.361, 0, 79, 158.90, 100, 13664, 1240, 715, P0, 0x0000000000000000
2026/09/19 09:41:29.364, 1, 77, 53.30, 0, 12960, 1290, 715, P0, 0x0000000000000000
2026/09/19 09:41:30.376, 0, 78, 51.67, 78, 13664, 1265, 715, P0, 0x0000000000000000
2026/09/19 09:41:30.379, 1, 77, 173.25, 0, 12960, 1290, 715, P0, 0x0000000000000000
2026/09/19 09:41:31.383, 0, 76, 50.89, 0, 13664, 1265, 715, P0, 0x0000000000000000
2026/09/19 09:41:31.389, 1, 80, 194.09, 100, 12960, 1328, 715, P0, 0x0000000000000000
2026/09/19 09:41:32.399, 0, 80, 144.49, 100, 13664, 1177, 715, P0, 0x0000000000000000
2026/09/19 09:41:32.402, 1, 76, 55.00, 0, 12960, 1316, 715, P0, 0x0000000000000000
2026/09/19 09:41:33.412, 0, 78, 54.03, 0, 13664, 1316, 715, P0, 0x0000000000000000
2026/09/19 09:41:33.414, 1, 78, 173.22, 100, 12960, 1328, 715, P0, 0x0000000000000000
2026/09/19 09:41:34.427, 0, 78, 166.78, 0, 13664, 1278, 715, P0, 0x0000000000000020
2026/09/19 09:41:34.431, 1, 79, 54.74, 100, 12960, 1252, 715, P0, 0x0000000000000000
2026/09/19 09:41:35.439, 0, 80, 146.17, 100, 13664, 1189, 715, P0, 0x0000000000000020
2026/09/19 09:41:35.442, 1, 76, 54.76, 0, 12960, 1316, 715, P0, 0x0000000000000000
2026/09/19 09:41:36.453, 0, 77, 53.51, 0, 13664, 1316, 715, P0, 0x0000000000000000
2026/09/19 09:41:36.456, 1, 79, 197.28, 100, 12960, 1328, 715, P0, 0x0000000000000000
2026/09/19 09:41:37.466, 0, 79, 153.23, 80, 13664, 1240, 715, P0, 0x0000000000000000
2026/09/19 09:41:37.471, 1, 78, 56.19, 0, 12960, 1316, 715, P0, 0x0000000000000000
2026/09/19 09:41:38.480, 0, 79, 123.00, 100, 13664, 1126, 715, P0, 0x0000000000000000
2026/09/19 09:41:38.482, 1, 76, 54.58, 0, 12960, 1316, 715, P0, 0x0000000000000000
2026/09/19 09:41:39.493, 0, 77, 50.67, 0, 13664, 1252, 715, P0, 0x0000000000000000
2026/09/19 09:41:39.496, 1, 79, 183.96, 100, 12960, 1328, 715, P0, 0x0000000000000000
2026/09/19 09:41:40.504, 0, 79, 157.96, 100, 13664, 1240, 715, P0, 0x0000000000000020
2026/09/19 09:41:40.507, 1, 77, 53.06, 5, 12960, 1265, 715, P0, 0x0000000000000000
2026/09/19 09:41:41.518, 0, 79, 119.89, 100, 13664, 1050, 715, P0, 0x0000000000000020
2026/09/19 09:41:41.521, 1, 76, 51.96, 0, 12960, 1265, 715, P0, 0x0000000000000000
2026/09/19 09:41:42.528, 0, 77, 53.07, 0, 13664, 1303, 715, P0, 0x0000000000000000
2026/09/19 09:41:42.531, 1, 80, 183.83, 100, 12960, 1328, 715, P0, 0x0000000000000000
2026/09/19 09:41:43.543, 0, 79, 151.09, 100, 13664, 1227, 715, P0, 0x0000000000000020
2026/09/19 09:41:43.546, 1, 77, 54.02, 5, 12960, 1290, 715, P0, 0x0000000000000000
2026/09/19 09:41:44.557, 0, 80, 143.87, 100, 13664, 1189, 715, P0, 0x0000000000000000
2026/09/19 09:41:44.560, 1, 76, 52.62, 0, 12960, 1290, 715, P0, 0x0000000000000000
2026/09/19 09:41:45.571, 0, 77, 47.29, 0, 13664, 1189, 715, P0, 0x0000000000000000
2026/09/19 09:41:45.577, 1, 80, 191.05, 100, 12960, 1328, 715, P0, 0x0000000000000000
2026/09/19 09:41:46.594, 0, 80, 198.50, 100, 13664, 1328, 715, P0, 0x0000000000000000
2026/09/19 09:41:46.597, 1, 77, 54.87, 5, 12960, 1303, 715, P0, 0x0000000000000000
2026/09/19 09:41:47.611, 0, 79, 110.58, 100, 13664, 1037, 715, P0, 0x0000000000000020
2026/09/19 09:41:47.623, 1, 76, 53.91, 0, 12960, 1303, 715, P0, 0x0000000000000000
2026/09/19 09:41:48.642, 0, 77, 53.03, 0, 13664, 1303, 715, P0, 0x0000000000000000
2026/09/19 09:41:48.645, 1, 80, 196.31, 100, 12960, 1328, 715, P0, 0x0000000000000000
2026/09/19 09:41:49.660, 0, 80, 162.01, 100, 13664, 1278, 715, P0, 0x0000000000000000
2026/09/19 09:41:49.663, 1, 77, 49.94, 0, 12960, 1202, 715, P0, 0x0000000000000000
2026/09/19 09:41:50.678, 0, 79, 114.21, 100, 13664, 1063, 715, P0, 0x0000000000000000
2026/09/19 09:41:50.690, 1, 76, 48.86, 0, 12960, 1202, 715, P0, 0x0000000000000000
2026/09/19 09:41:51.709, 0, 77, 47.28, 0, 13664, 1189, 715, P0, 0x0000000000000000
2026/09/19 09:41:51.712, 1, 80, 201.21, 100, 12960, 1328, 715, P0, 0x0000000000000000
2026/09/19 09:41:52.727, 0, 79, 201.80, 100, 13664, 1328, 715, P0, 0x0000000000000000
2026/09/19 09:41:52.731, 1, 77, 53.66, 5, 12960, 1278, 715, P0, 0x0000000000000000
2026/09/19 09:41:53.741, 0, 79, 119.25, 100, 13664, 1050, 715, P0, 0x0000000000000020
2026/09/19 09:41:53.751, 1, 76, 52.21, 0, 12960, 1278, 715, P0, 0x0000000000000000
2026/09/19 09:41:54.766, 0, 77, 49.74, 0, 13664, 1240, 715, P0, 0x0000000000000000
2026/09/19 09:41:54.769, 1, 79, 183.74, 100, 12960, 1328, 715, P0, 0x0000000000000000
2026/09/19 09:41:55.782, 0, 79, 185.99, 100, 13664, 1328, 715, P0, 0x0000000000000000
2026/09/19 09:41:55.787, 1, 77, 55.39, 0, 12960, 1303, 715, P0, 0x0000000000000000
2026/09/19 09:41:56.797, 0, 80, 128.93, 100, 13664, 1139, 715, P0, 0x0000000000000000
2026/09/19 09:41:56.800, 1, 76, 54.09, 0, 12960, 1303, 715, P0, 0x0000000000000000
2026/09/19 09:41:57.809, 0, 77, 49.44, 0, 13664, 1227, 715, P0, 0x0000000000000000
2026/09/19 09:41:57.812, 1, 79, 202.37, 100, 12960, 1328, 715, P0, 0x0000000000000000
2026/09/19 09:41:58.820, 0, 79, 176.20, 88, 13664, 1328, 715, P0, 0x0000000000000000
2026/09/19 09:41:58.822, 1, 78, 56.37, 54, 12960, 1316, 715, P0, 0x0000000000000000
2026/09/19 09:41:59.835, 0, 79, 117.00, 100, 13664, 1025, 715, P0, 0x0000000000000020
2026/09/19 09:41:59.844, 1, 76, 54.59, 0, 12960, 1316, 715, P0, 0x0000000000000000
2026/09/19 09:42:00.862, 0, 77, 47.80, 0, 13664, 1189, 715, P0, 0x0000000000000000
2026/09/19 09:42:00.865, 1, 79, 182.38, 100, 12960, 1328, 715, P0, 0x0000000000000000
2026/09/19 09:42:01.872, 0, 76, 46.89, 0, 13664, 1189, 715, P0, 0x0000000000000000
2026/09/19 09:42:01.877, 1, 79, 152.66, 100, 12960, 1227, 715, P0, 0x0000000000000020
2026/09/19 09:42:02.886, 0, 80, 149.07, 100, 13664, 1164, 715, P0, 0x0000000000000020
2026/09/19 09:42:02.889, 1, 76, 49.26, 0, 12960, 1202, 715, P0, 0x0000000000000000
2026/09/19 09:42:03.898, 0, 78, 48.07, 19, 13664, 1189, 715, P0, 0x0000000000000000
2026/09/19 09:42:03.902, 1, 77, 165.27, 100, 12960, 1328, 715, P0, 0x0000000000000000
2026/09/19 09:42:04.907, 0, 76, 46.85, 0, 13664, 1189, 715, P0, 0x0000000000000000
2026/09/19 09:42:04.910, 1, 80, 164.24, 100, 12960, 1290, 715, P0, 0x0000000000000020
2026/09/19 09:42:05.924, 0, 80, 176.11, 100, 13664, 1290, 715, P0, 0x0000000000000000
2026/09/19 09:42:05.927, 1, 77, 51.84, 0, 12960, 1265, 715, P0, 0x0000000000000000
2026/09/19 09:42:06.937, 0, 79, 48.34, 100, 13664, 1189, 715, P0, 0x0000000000000000
2026/09/19 09:42:06.940, 1, 77, 161.89, 14, 12960, 1265, 715, P0, 0x0000000000000000
2026/09/19 09:42:07.951, 0, 77, 47.13, 0, 13664, 1189, 715, P0, 0x0000000000000000
2026/09/19 09:42:07.955, 1, 79, 154.00, 100, 12960, 1265, 715, P0, 0x0000000000000000
2026/09/19 09:42:08.965, 0, 80, 149.30, 100, 13664, 1202, 715, P0, 0x0000000000000000
2026/09/19 09:42:08.968, 1, 77, 51.44, 0, 12960, 1240, 715, P0, 0x0000000000000000
2026/09/19 09:42:09.980, 0, 79, 128.24, 100, 13664, 1164, 715, P0, 0x0000000000000000
2026/09/19 09:42:09.984, 1, 76, 50.51, 0, 12960, 1240, 715, P0, 0x0000000000000000
2026/09/19 09:42:10.991, 0, 77, 47.09, 0, 13664, 1189, 715, P0, 0x0000000000000000
2026/09/19 09:42:10.994, 1, 79, 185.61, 100, 12960, 1328, 715, P0, 0x0000000000000000
2026/09/19 09:42:12.003, 0, 79, 178.64, 100, 13664, 1328, 715, P0, 0x0000000000000000
2026/09/19 09:42:12.006, 1, 77, 54.44, 0, 12960, 1290, 715, P0, 0x0000000000000000
2026/09/19 09:42:13.020, 0, 80, 143.87, 100, 13664, 1139, 715, P0, 0x0000000000000020
2026/09/19 09:42:13.027, 1, 76, 52.87, 0, 12960, 1290, 715, P0, 0x0000000000000000
2026/09/19 09:42:14.046, 0, 77, 47.83, 0, 13664, 1189, 715, P0, 0x0000000000000000
2026/09/19 09:42:14.049, 1, 79, 183.59, 100, 12960, 1328, 715, P0, 0x0000000000000000
2026/09/19 09:42:15.058, 0, 76, 142.80, 0, 13664, 1189, 715, P0, 0x0000000000000000
2026/09/19 09:42:15.062, 1, 79, 58.38, 100, 12960, 1265, 715, P0, 0x0000000000000000
2026/09/19 09:42:16.076, 0, 79, 120.85, 100, 13664, 1063, 715, P0, 0x0000000000000020
2026/09/19 09:42:16.079, 1, 76, 54.85, 0, 12960, 1316, 715, P0, 0x0000000000000000
2026/09/19 09:42:17.087, 0, 78, 51.15, 66, 13664, 1265, 715, P0, 0x0000000000000000
2026/09/19 09:42:17.090, 1, 77, 186.11, 90, 12960, 1328, 715, P0, 0x0000000000000000
2026/09/19 09:42:18.110, 0, 76, 50.94, 0, 13664, 1265, 715, P0, 0x0000000000000000
2026/09/19 09:42:18.113, 1, 79, 172.38, 100, 12960, 1265, 715, P0, 0x0000000000000020
2026/09/19 09:42:19.125, 0, 80, 170.41, 100, 13664, 1278, 715, P0, 0x0000000000000000
2026/09/19 09:42:19.129, 1, 77, 51.37, 0, 12960, 1252, 715, P0, 0x0000000000000000
2026/09/19 09:42:20.139, 0, 79, 115.88, 100, 13664, 1050, 715, P0, 0x0000000000000000
2026/09/19 09:42:20.142, 1, 76, 50.55, 0, 12960, 1252, 715, P0, 0x0000000000000000
2026/09/19 09:42:21.151, 0, 77, 47.28, 0, 13664, 1189, 715, P0, 0x0000000000000000
2026/09/19 09:42:21.154, 1, 79, 202.04, 100, 12960, 1328, 715, P0, 0x0000000000000000
2026/09/19 09:42:22.163, 0, 78, 155.91, 37, 13664, 1189, 715, P0, 0x0000000000000000
2026/09/19 09:42:22.168, 1, 78, 50.70, 7, 12960, 1202, 715, P0, 0x0000000000000000
2026/09/19 09:42:23.174, 0, 79, 127.10, 100, 13664, 1164, 715, P0, 0x0000000000000000
2026/09/19 09:42:23.177, 1, 76, 48.85, 0, 12960, 1202, 715, P0, 0x0000000000000000
2026/09/19 09:42:24.187, 0, 78, 48.30, 30, 13664, 1189, 715, P0, 0x0000000000000000
2026/09/19 09:42:24.190, 1, 78, 166.78, 100, 12960, 1328, 715, P0, 0x0000000000000000
2026/09/19 09:42:25.199, 0, 76, 46.89, 0, 13664, 1189, 715, P0, 0x0000000000000000
2026/09/19 09:42:25.202, 1, 79, 160.12, 100, 12960, 1240, 715, P0, 0x0000000000000000
2026/09/19 09:42:26.211, 0, 80, 197.54, 100, 13664, 1265, 715, P0, 0x0000000000000020
2026/09/19 09:42:26.214, 1, 77, 55.35, 0, 12960, 1316, 715, P0, 0x0000000000000000
2026/09/19 09:42:27.225, 0, 79, 106.82, 100, 13664, 1025, 715, P0, 0x0000000000000020
2026/09/19 09:42:27.228, 1, 76, 54.40, 0, 12960, 1316, 715, P0, 0x0000000000000000
2026/09/19 09:42:28.235, 0, 77, 49.68, 0, 13664, 1240, 715, P0, 0x0000000000000000
2026/09/19 09:42:28.238, 1, 79, 204.26, 100, 12960, 1328, 715, P0, 0x0000000000000000
2026/09/19 09:42:29.245, 0, 78, 174.78, 58, 13664, 1328, 715, P0, 0x0000000000000000
2026/09/19 09:42:29.248, 1, 78, 53.05, 89, 12960, 1252, 715, P0, 0x0000000000000000
2026/09/19 09:42:30.256, 0, 80, 146.03, 100, 13664, 1189, 715, P0, 0x0000000000000020
2026/09/19 09:42:30.260, 1, 76, 50.94, 0, 12960, 1252, 715, P0, 0x0000000000000000
2026/09/19 09:42:31.269, 0, 78, 48.30, 15, 13664, 1189, 715, P0, 0x0000000000000000
2026/09/19 09:42:31.275, 1, 77, 151.94, 34, 12960, 1252, 715, P0, 0x0000000000000000
2026/09/19 09:42:32.280, 0, 76, 46.97, 0, 13664, 1189, 715, P0, 0x0000000000000000
2026/09/19 09:42:32.283, 1, 79, 124.60, 100, 12960, 1139, 715, P0, 0x0000000000000020
2026/09/19 09:42:33.294, 0, 80, 195.05, 100, 13664, 1328, 715, P0, 0x0000000000000000
2026/09/19 09:42:33.298, 1, 77, 52.98, 6, 12960, 1278, 715, P0, 0x0000000000000000
2026/09/19 09:42:34.310, 0, 79, 119.90, 100, 13664, 1050, 715, P0, 0x0000000000000020
2026/09/19 09:42:34.322, 1, 76, 51.97, 0, 12960, 1278, 715, P0, 0x0000000000000000
2026/09/19 09:42:35.334, 0, 77, 53.30, 0, 13664, 1303, 715, P0, 0x0000000000000000
2026/09/19 09:42:35.337, 1, 79, 196.09, 100, 12960, 1328, 715, P0, 0x0000000000000000
2026/09/19 09:42:36.345, 0, 76, 52.44, 0, 13664, 1303, 715, P0, 0x0000000000000000
2026/09/19 09:42:36.348, 1, 79, 147.87, 100, 12960, 1227, 715, P0, 0x0000000000000000
2026/09/19 09:42:37.356, 0, 79, 143.40, 100, 13664, 1151, 715, P0, 0x0000000000000020
2026/09/19 09:42:37.360, 1, 76, 50.47, 0, 12960, 1227, 715, P0, 0x0000000000000000
2026/09/19 09:42:38.373, 0, 79, 137.73, 100, 13664, 1101, 715, P0, 0x0000000000000020
2026/09/19 09:42:38.382, 1, 76, 50.02, 0, 12960, 1227, 715, P0, 0x0000000000000000
2026/09/19 09:42:39.398, 0, 77, 52.85, 0, 13664, 1303, 715, P0, 0x0000000000000000
2026/09/19 09:42:39.401, 1, 80, 170.73, 100, 12960, 1227, 715, P0, 0x0000000000000020
2026/09/19 09:42:40.408, 0, 79, 177.31, 31, 13664, 1303, 715, P0, 0x0000000000000000
2026/09/19 09:42:40.411, 1, 78, 52.56, 17, 12960, 1240, 715, P0, 0x0000000000000000
2026/09/19 09:42:41.426, 0, 80, 129.73, 100, 13664, 1101, 715, P0, 0x0000000000000020
2026/09/19 09:42:41.430, 1, 76, 50.76, 0, 12960, 1240, 715, P0, 0x0000000000000000
2026/09/19 09:42:42.445, 0, 78, 49.99, 0, 13664, 1227, 715, P0, 0x0000000000000000
2026/09/19 09:42:42.448, 1, 77, 171.14, 62, 12960, 1328, 715, P0, 0x0000000000000000
2026/09/19 09:42:43.453, 0, 76, 48.54, 0, 13664, 1227, 715, P0, 0x0000000000000000
2026/09/19 09:42:43.456, 1, 80, 168.10, 100, 12960, 1303, 715, P0, 0x0000000000000020
2026/09/19 09:42:44.465, 0, 80, 165.02, 100, 13664, 1278, 715, P0, 0x0000000000000000
2026/09/19 09:42:44.468, 1, 77, 54.97, 7, 12960, 1303, 715, P0, 0x0000000000000000
2026/09/19 09:42:45.477, 0, 79, 112.57, 100, 13664, 1075, 715, P0, 0x0000000000000020
2026/09/19 09:42:45.480, 1, 76, 53.91, 0, 12960, 1303, 715, P0, 0x0000000000000000
2026/09/19 09:42:46.493, 0, 77, 53.99, 0, 13664, 1316, 715, P0, 0x0000000000000000
2026/09/19 09:42:46.496, 1, 79, 195.15, 100, 12960, 1328, 715, P0, 0x0000000000000000
2026/09/19 09:42:47.515, 0, 76, 53.17, 0, 13664, 1316, 715, P0, 0x0000000000000000
2026/09/19 09:42:47.518, 1, 79, 141.58, 100, 12960, 1202, 715, P0, 0x0000000000000020
2026/09/19 09:42:48.528, 0, 80, 151.26, 100, 13664, 1202, 715, P0, 0x0000000000000020
2026/09/19 09:42:48.531, 1, 77, 55.00, 0, 12960, 1316, 715, P0, 0x0000000000000000
2026/09/19 09:42:49.543, 0, 79, 132.69, 100, 13664, 1113, 715, P0, 0x0000000000000020
2026/09/19 09:42:49.548, 1, 76, 54.56, 0, 12960, 1316, 715, P0, 0x0000000000000000
2026/09/19 09:42:50.564, 0, 77, 53.06, 0, 13664, 1303, 715, P0, 0x0000000000000000
2026/09/19 09:42:50.567, 1, 79, 200.62, 100, 12960, 1328, 715, P0, 0x0000000000000000
2026/09/19 09:42:51.579, 0, 76, 52.45, 0, 13664, 1303, 715, P0, 0x0000000000000000
2026/09/19 09:42:51.582, 1, 79, 143.15, 100, 12960, 1202, 715, P0, 0x0000000000000000
2026/09/19 09:42:52.592, 0, 80, 163.43, 100, 13664, 1240, 715, P0, 0x0000000000000000
2026/09/19 09:42:52.595, 1, 76, 54.24, 0, 12960, 1303, 715, P0, 0x0000000000000000
2026/09/19 09:42:53.604, 0, 79, 125.16, 100, 13664, 1063, 715, P0, 0x0000000000000020
2026/09/19 09:42:53.609, 1, 76, 53.64, 0, 12960, 1303, 715, P0, 0x0000000000000000
2026/09/19 09:42:54.617, 0, 77, 50.62, 0, 13664, 1252, 715, P0, 0x0000000000000000
2026/09/19 09:42:54.623, 1, 80, 204.77, 100, 12960, 1328, 715, P0, 0x0000000000000000
2026/09/19 09:42:55.641, 0, 78, 187.94, 69, 13664, 1328, 715, P0, 0x0000000000000000
2026/09/19 09:42:55.644, 1, 78, 54.44, 77, 12960, 1290, 715, P0, 0x0000000000000000
2026/09/19 09:42:56.655, 0, 80, 132.04, 100, 13664, 1177, 715, P0, 0x0000000000000000
2026/09/19 09:42:56.659, 1, 76, 52.89, 0, 12960, 1290, 715, P0, 0x0000000000000000
2026/09/19 09:42:57.668, 0, 78, 108.75, 100, 13664, 987, 715, P0, 0x0000000000000000
2026/09/19 09:42:57.671, 1, 76, 52.22, 0, 12960, 1290, 715, P0, 0x0000000000000000
2026/09/19 09:42:58.678, 0, 76, 47.28, 0, 13664, 1189, 715, P0, 0x0000000000000000
2026/09/19 09:42:58.684, 1, 80, 201.35, 100, 12960, 1328, 715, P0, 0x0000000000000000
2026/09/19 09:42:59.688, 0, 78, 171.07, 65, 13664, 1316, 715, P0, 0x0000000000000000
2026/09/19 09:42:59.691, 1, 78, 55.17, 82, 12960, 1290, 715, P0, 0x0000000000000000
2026/09/19 09:43:00.701, 0, 79, 121.15, 100, 13664, 1151, 715, P0, 0x0000000000000000
2026/09/19 09:43:00.708, 1, 76, 52.93, 0, 12960, 1290, 715, P0, 0x0000000000000000
2026/09/19 09:43:01.715, 0, 79, 58.20, 100, 13664, 1189, 715, P0, 0x0000000000000000
2026/09/19 09:43:01.718, 1, 76, 160.43, 0, 12960, 1290, 715, P0, 0x0000000000000000
2026/09/19 09:43:02.728, 0, 76, 47.05, 0, 13664, 1189, 715, P0, 0x0000000000000000
2026/09/19 09:43:02.731, 1, 80, 203.83, 100, 12960, 1328, 715, P0, 0x0000000000000000
2026/09/19 09:43:03.740, 0, 78, 190.29, 77, 13664, 1316, 715, P0, 0x0000000000000000
2026/09/19 09:43:03.744, 1, 78, 54.43, 0, 12960, 1278, 715, P0, 0x0000000000000000
2026/09/19 09:43:04.755, 0, 80, 120.84, 100, 13664, 1126, 715, P0, 0x0000000000000000
2026/09/19 09:43:04.758, 1, 76, 52.68, 0, 12960, 1278, 715, P0, 0x0000000000000000
2026/09/19 09:43:05.773, 0, 78, 48.10, 100, 13664, 1189, 715, P0, 0x0000000000000000
2026/09/19 09:43:05.776, 1, 76, 165.26, 20, 12960, 1278, 715, P0, 0x0000000000000000
2026/09/19 09:43:06.785, 0, 76, 46.85, 0, 13664, 1189, 715, P0, 0x0000000000000000
2026/09/19 09:43:06.788, 1, 80, 186.62, 100, 12960, 1328, 715, P0, 0x0000000000000000
2026/09/19 09:43:07.799, 0, 78, 185.99, 80, 13664, 1316, 715, P0, 0x0000000000000000
2026/09/19 09:43:07.804, 1, 78, 56.07, 0, 12960, 1316, 715, P0, 0x0000000000000000
2026/09/19 09:43:08.815, 0, 80, 129.71, 100, 13664, 1075, 715, P0, 0x0000000000000020
2026/09/19 09:43:08.819, 1, 76, 54.84, 0, 12960, 1316, 715, P0, 0x0000000000000000
2026/09/19 09:43:09.829, 0, 78, 73.64, 100, 13664, 1050, 715, P0, 0x0000000000000000
2026/09/19 09:43:09.833, 1, 76, 126.53, 0, 12960, 1316, 715, P0, 0x0000000000000000
2026/09/19 09:43:10.841, 0, 76, 46.89, 0, 13664, 1189, 715, P0, 0x0000000000000000
2026/09/19 09:43:10.846, 1, 80, 155.91, 100, 12960, 1265, 715, P0, 0x0000000000000000
2026/09/19 09:43:11.852, 0, 78, 152.38, 92, 13664, 1316, 715, P0, 0x0000000000000000
2026/09/19 09:43:11.855, 1, 78, 56.19, 48, 12960, 1316, 715, P0, 0x0000000000000000
2026/09/19 09:43:12.864, 0, 80, 137.46, 100, 13664, 1202, 715, P0, 0x0000000000000000
2026/09/19 09:43:12.868, 1, 76, 54.79, 0, 12960, 1316, 715, P0, 0x0000000000000000
2026/09/19 09:43:13.875, 0, 79, 124.68, 100, 13664, 1101, 715, P0, 0x0000000000000020
2026/09/19 09:43:13.878, 1, 76, 54.36, 0, 12960, 1316, 715, P0, 0x0000000000000000
2026/09/19 09:43:14.886, 0, 77, 52.20, 0, 13664, 1290, 715, P0, 0x0000000000000000
2026/09/19 09:43:14.891, 1, 79, 142.55, 100, 12960, 1227, 715, P0, 0x0000000000000000
2026/09/19 09:43:15.896, 0, 77, 166.78, 23, 13664, 1290, 715, P0, 0x0000000000000000
2026/09/19 09:43:15.899, 1, 78, 51.13, 100, 12960, 1202, 715, P0, 0x0000000000000000
2026/09/19 09:43:16.906, 0, 79, 118.53, 100, 13664, 1050, 715, P0, 0x0000000000000020
2026/09/19 09:43:16.910, 1, 76, 49.11, 0, 12960, 1202, 715, P0, 0x0000000000000000
2026/09/19 09:43:17.919, 0, 79, 118.77, 100, 13664, 1025, 715, P0, 0x0000000000000020
2026/09/19 09:43:17.922, 1, 76, 48.62, 0, 12960, 1202, 715, P0, 0x0000000000000000
2026/09/19 09:43:18.930, 0, 76, 50.39, 0, 13664, 1252, 715, P0, 0x0000000000000000
2026/09/19 09:43:18.934, 1, 79, 204.04, 100, 12960, 1328, 715, P0, 0x0000000000000000
2026/09/19 09:43:19.945, 0, 76, 50.06, 0, 13664, 1252, 715, P0, 0x0000000000000000
2026/09/19 09:43:19.948, 1, 80, 136.72, 100, 12960, 1189, 715, P0, 0x0000000000000000
2026/09/19 09:43:20.960, 0, 80, 151.65, 100, 13664, 1240, 715, P0, 0x0000000000000000
2026/09/19 09:43:20.963, 1, 77, 55.25, 0, 12960, 1316, 715, P0, 0x0000000000000000
2026/09/19 09:43:21.974, 0, 79, 96.33, 100, 13664, 885, 715, P0, 0x0000000000000020
2026/09/19 09:43:21.985, 1, 76, 54.44, 0, 12960, 1316, 715, P0, 0x0000000000000000
2026/09/19 09:43:23.000, 0, 77, 49.71, 0, 13664, 1240, 715, P0, 0x0000000000000000
2026/09/19 09:43:23.003, 1, 79, 195.52, 100, 12960, 1328, 715, P0, 0x0000000000000000
2026/09/19 09:43:24.010, 0, 76, 49.32, 0, 13664, 1240, 715, P0, 0x0000000000000000
2026/09/19 09:43:24.013, 1, 79, 137.19, 100, 12960, 1189, 715, P0, 0x0000000000000000
2026/09/19 09:43:25.021, 0, 80, 134.13, 100, 13664, 1177, 715, P0, 0x0000000000000000
2026/09/19 09:43:25.027, 1, 77, 53.36, 0, 12960, 1290, 715, P0, 0x0000000000000000
2026/09/19 09:43:26.040, 0, 79, 138.13, 100, 13664, 1113, 715, P0, 0x0000000000000020
2026/09/19 09:43:26.049, 1, 76, 52.39, 0, 12960, 1290, 715, P0, 0x0000000000000000
2026/09/19 09:43:27.056, 0, 77, 47.56, 0, 13664, 1189, 715, P0, 0x0000000000000000
2026/09/19 09:43:27.059, 1, 79, 180.07, 100, 12960, 1328, 715, P0, 0x0000000000000000
2026/09/19 09:43:28.072, 0, 76, 46.69, 0, 13664, 1189, 715, P0, 0x0000000000000000
2026/09/19 09:43:28.075, 1, 79, 126.74, 100, 12960, 1177, 715, P0, 0x0000000000000000
2026/09/19 09:43:29.086, 0, 80, 185.93, 100, 13664, 1265, 715, P0, 0x0000000000000020
2026/09/19 09:43:29.089, 1, 77, 48.95, 5, 12960, 1189, 715, P0, 0x0000000000000000
2026/09/19 09:43:30.102, 0, 79, 125.83, 100, 13664, 1164, 715, P0, 0x0000000000000000
2026/09/19 09:43:30.107, 1, 76, 48.10, 0, 12960, 1189, 715, P0, 0x0000000000000000
2026/09/19 09:43:31.116, 0, 78, 51.91, 0, 13664, 1278, 715, P0, 0x0000000000000000
2026/09/19 09:43:31.119, 1, 77, 171.54, 75, 12960, 1316, 715, P0, 0x0000000000000000
2026/09/19 09:43:32.125, 0, 76, 51.42, 0, 13664, 1278, 715, P0, 0x0000000000000000
2026/09/19 09:43:32.128, 1, 80, 180.77, 100, 12960, 1316, 715, P0, 0x0000000000000000
2026/09/19 09:43:33.135, 0, 79, 202.67, 100, 13664, 1328, 715, P0, 0x0000000000000000
2026/09/19 09:43:33.138, 1, 77, 54.65, 0, 12960, 1290, 715, P0, 0x0000000000000000
2026/09/19 09:43:34.149, 0, 80, 119.41, 100, 13664, 1113, 715, P0, 0x0000000000000000
2026/09/19 09:43:34.152, 1, 76, 52.69, 0, 12960, 1290, 715, P0, 0x0000000000000000
2026/09/19 09:43:35.164, 0, 79, 53.85, 100, 13664, 1189, 715, P0, 0x0000000000000000
2026/09/19 09:43:35.167, 1, 76, 165.96, 0, 12960, 1290, 715, P0, 0x0000000000000000
2026/09/19 09:43:36.178, 0, 76, 46.85, 0, 13664, 1189, 715, P0, 0x0000000000000000
2026/09/19 09:43:36.182, 1, 80, 181.73, 100, 12960, 1290, 715, P0, 0x0000000000000020
2026/09/19 09:43:37.191, 0, 77, 153.73, 0, 13664, 1189, 715, P0, 0x0000000000000000
2026/09/19 09:43:37.194, 1, 78, 53.55, 68, 12960, 1290, 715, P0, 0x0000000000000000
2026/09/19 09:43:38.205, 0, 80, 152.79, 100, 13664, 1240, 715, P0, 0x0000000000000000
2026/09/19 09:43:38.209, 1, 76, 52.86, 0, 12960, 1290, 715, P0, 0x0000000000000000
2026/09/19 09:43:39.219, 0, 79, 103.03, 100, 13664, 1012, 715, P0, 0x0000000000000000
2026/09/19 09:43:39.222, 1, 76, 52.50, 0, 12960, 1290, 715, P0, 0x0000000000000000
2026/09/19 09:43:40.230, 0, 77, 52.36, 0, 13664, 1290, 715, P0, 0x0000000000000000
2026/09/19 09:43:40.234, 1, 79, 184.99, 100, 12960, 1328, 715, P0, 0x0000000000000000
2026/09/19 09:43:41.240, 0, 76, 51.72, 0, 13664, 1290, 715, P0, 0x0000000000000000
2026/09/19 09:43:41.243, 1, 79, 142.48, 100, 12960, 1139, 715, P0, 0x0000000000000020
2026/09/19 09:43:42.267, 0, 80, 148.51, 100, 13664, 1240, 715, P0, 0x0000000000000000
2026/09/19 09:43:42.270, 1, 76, 48.53, 0, 12960, 1189, 715, P0, 0x0000000000000000
2026/09/19 09:43:43.282, 0, 79, 144.60, 100, 13664, 1151, 715, P0, 0x0000000000000020
2026/09/19 09:43:43.285, 1, 76, 47.60, 0, 12960, 1189, 715, P0, 0x0000000000000000
2026/09/19 09:43:44.299, 0, 77, 54.27, 0, 13664, 1316, 715, P0, 0x0000000000000000
2026/09/19 09:43:44.303, 1, 78, 168.10, 100, 12960, 1328, 715, P0, 0x0000000000000000
2026/09/19 09:43:45.323, 0, 76, 53.32, 0, 13664, 1316, 715, P0, 0x0000000000000000
2026/09/19 09:43:45.325, 1, 80, 172.50, 100, 12960, 1316, 715, P0, 0x0000000000000000
2026/09/19 09:43:46.331, 0, 80, 201.70, 100, 13664, 1328, 715, P0, 0x0000000000000000
2026/09/19 09:43:46.334, 1, 77, 51.29, 0, 12960, 1227, 715, P0, 0x0000000000000000
2026/09/19 09:43:47.342, 0, 80, 134.38, 100, 13664, 1139, 715, P0, 0x0000000000000000
2026/09/19 09:43:47.345, 1, 76, 50.02, 0, 12960, 1227, 715, P0, 0x0000000000000000
2026/09/19 09:43:48.355, 0, 78, 51.72, 60, 13664, 1278, 715, P0, 0x0000000000000000
2026/09/19 09:43:48.360, 1, 77, 157.09, 0, 12960, 1227, 715, P0, 0x0000000000000000
2026/09/19 09:43:49.380, 0, 76, 51.44, 0, 13664, 1278, 715, P0, 0x0000000000000000
2026/09/19 09:43:49.384, 1, 79, 171.36, 100, 12960, 1303, 715, P0, 0x0000000000000000
2026/09/19 09:43:50.391, 0, 78, 181.25, 30, 13664, 1278, 715, P0, 0x0000000000000000
2026/09/19 09:43:50.394, 1, 78, 50.39, 32, 12960, 1189, 715, P0, 0x0000000000000000
2026/09/19 09:43:51.408, 0, 79, 107.79, 100, 13664, 1050, 715, P0, 0x0000000000000000
2026/09/19 09:43:51.411, 1, 76, 47.67, 0, 12960, 1189, 715, P0, 0x0000000000000000
2026/09/19 09:43:52.421, 0, 78, 118.77, 100, 13664, 1050, 715, P0, 0x0000000000000020
2026/09/19 09:43:52.424, 1, 75, 47.42, 0, 12960, 1189, 715, P0, 0x0000000000000000
2026/09/19 09:43:53.441, 0, 77, 48.00, 0, 13664, 1202, 715, P0, 0x0000000000000000
2026/09/19 09:43:53.444, 1, 79, 199.44, 100, 12960, 1328, 715, P0, 0x0000000000000000
2026/09/19 09:43:54.461, 0, 76, 47.38, 0, 13664, 1202, 715, P0, 0x0000000000000000
2026/09/19 09:43:54.464, 1, 79, 152.42, 100, 12960, 1252, 715, P0, 0x0000000000000000
2026/09/19 09:43:55.474, 0, 80, 203.82, 100, 13664, 1328, 715, P0, 0x0000000000000000
2026/09/19 09:43:55.478, 1, 77, 55.09, 8, 12960, 1316, 715, P0, 0x0000000000000000
2026/09/19 09:43:56.494, 0, 79, 119.89, 100, 13664, 1050, 715, P0, 0x0000000000000020
2026/09/19 09:43:56.502, 1, 76, 54.62, 0, 12960, 1316, 715, P0, 0x0000000000000000
2026/09/19 09:43:57.506, 0, 78, 53.31, 0, 13664, 1290, 715, P0, 0x0000000000000000
2026/09/19 09:43:57.509, 1, 77, 188.72, 70, 12960, 1328, 715, P0, 0x0000000000000000
2026/09/19 09:43:58.518, 0, 76, 51.97, 0, 13664, 1290, 715, P0, 0x0000000000000000
2026/09/19 09:43:58.521, 1, 79, 138.95, 100, 12960, 1189, 715, P0, 0x0000000000000000
2026/09/19 09:43:59.528, 0, 78, 172.28, 94, 13664, 1328, 715, P0, 0x0000000000000000
2026/09/19 09:43:59.531, 1, 78, 56.38, 64, 12960, 1316, 715, P0, 0x0000000000000000
2026/09/19 09:44:00.540, 0, 80, 138.18, 100, 13664, 1113, 715, P0, 0x0000000000000020
2026/09/19 09:44:00.544, 1, 76, 54.80, 0, 12960, 1316, 715, P0, 0x0000000000000000
2026/09/19 09:44:01.557, 0, 79, 104.47, 100, 13664, 1063, 715, P0, 0x0000000000000000
2026/09/19 09:44:01.564, 1, 76, 54.16, 0, 12960, 1316, 715, P0, 0x0000000000000000
2026/09/19 09:44:02.569, 0, 76, 47.05, 0, 13664, 1189, 715, P0, 0x0000000000000000
2026/09/19 09:44:02.572, 1, 79, 204.07, 100, 12960, 1328, 715, P0, 0x0000000000000000
2026/09/19 09:44:03.580, 0, 76, 46.45, 0, 13664, 1189, 715, P0, 0x0000000000000000
2026/09/19 09:44:03.583, 1, 79, 147.03, 100, 12960, 1189, 715, P0, 0x0000000000000000
2026/09/19 09:44:04.596, 0, 80, 206.47, 100, 13664, 1328, 715, P0, 0x0000000000000000
2026/09/19 09:44:04.599, 1, 77, 49.37, 9, 12960, 1202, 715, P0, 0x0000000000000000
2026/09/19 09:44:05.608, 0, 79, 126.38, 100, 13664, 1164, 715, P0, 0x0000000000000000
2026/09/19 09:44:05.611, 1, 76, 48.59, 0, 12960, 1202, 715, P0, 0x0000000000000000
2026/09/19 09:44:06.623, 0, 78, 48.60, 36, 13664, 1189, 715, P0, 0x0000000000000000
2026/09/19 09:44:06.626, 1, 77, 166.33, 100, 12960, 1328, 715, P0, 0x0000000000000000
2026/09/19 09:44:07.631, 0, 76, 46.85, 0, 13664, 1189, 715, P0, 0x0000000000000000
2026/09/19 09:44:07.634, 1, 80, 184.71, 100, 12960, 1316, 715, P0, 0x0000000000000020
2026/09/19 09:44:08.653, 0, 77, 141.55, 0, 13664, 1189, 715, P0, 0x0000000000000000
2026/09/19 09:44:08.658, 1, 78, 55.49, 58, 12960, 1303, 715, P0, 0x0000000000000000
2026/09/19 09:44:09.669, 0, 79, 136.75, 100, 13664, 1113, 715, P0, 0x0000000000000020
2026/09/19 09:44:09.673, 1, 76, 54.08, 0, 12960, 1303, 715, P0, 0x0000000000000000
2026/09/19 09:44:10.686, 0, 79, 142.19, 100, 13664, 1139, 715, P0, 0x0000000000000020
2026/09/19 09:44:10.689, 1, 76, 53.35, 0, 12960, 1303, 715, P0, 0x0000000000000000
2026/09/19 09:44:11.701, 0, 77, 47.29, 0, 13664, 1189, 715, P0, 0x0000000000000000
2026/09/19 09:44:11.704, 1, 79, 199.65, 100, 12960, 1328, 715, P0, 0x0000000000000000
2026/09/19 09:44:12.711, 0, 76, 46.68, 0, 13664, 1189, 715, P0, 0x0000000000000000
2026/09/19 09:44:12.714, 1, 79, 151.79, 100, 12960, 1240, 715, P0, 0x0000000000000000
2026/09/19 09:44:13.721, 0, 79, 202.09, 100, 13664, 1328, 715, P0, 0x0000000000000000
2026/09/19 09:44:13.724, 1, 77, 48.90, 0, 12960, 1189, 715, P0, 0x0000000000000000
2026/09/19 09:44:14.735, 0, 79, 123.75, 100, 13664, 1050, 715, P0, 0x0000000000000020
2026/09/19 09:44:14.747, 1, 76, 47.65, 0, 12960, 1189, 715, P0, 0x0000000000000000
2026/09/19 09:44:15.761, 0, 79, 105.87, 100, 13664, 1075, 715, P0, 0x0000000000000000
2026/09/19 09:44:15.767, 1, 75, 47.19, 0, 12960, 1189, 715, P0, 0x0000000000000000
2026/09/19 09:44:16.785, 0, 76, 46.85, 0, 13664, 1189, 715, P0, 0x0000000000000000
2026/09/19 09:44:16.788, 1, 80, 181.95, 100, 12960, 1328, 715, P0, 0x0000000000000000
2026/09/19 09:44:17.796, 0, 76, 46.42, 0, 13664, 1189, 715, P0, 0x0000000000000000
2026/09/19 09:44:17.800, 1, 79, 146.07, 100, 12960, 1189, 715, P0, 0x0000000000000000
2026/09/19 09:44:18.811, 0, 80, 168.00, 100, 13664, 1278, 715, P0, 0x0000000000000000
2026/09/19 09:44:18.814, 1, 77, 54.48, 0, 12960, 1303, 715, P0, 0x0000000000000000
2026/09/19 09:44:19.825, 0, 79, 131.25, 100, 13664, 1101, 715, P0, 0x0000000000000020
2026/09/19 09:44:19.828, 1, 76, 53.63, 0, 12960, 1303, 715, P0, 0x0000000000000000
2026/09/19 09:44:20.837, 0, 77, 47.81, 0, 13664, 1189, 715, P0, 0x0000000000000000
2026/09/19 09:44:20.841, 1, 78, 183.16, 100, 12960, 1328, 715, P0, 0x0000000000000000
2026/09/19 09:44:21.846, 0, 76, 46.91, 0, 13664, 1189, 715, P0, 0x0000000000000000
2026/09/19 09:44:21.849, 1, 79, 159.57, 100, 12960, 1252, 715, P0, 0x0000000000000000
2026/09/19 09:44:22.860, 0, 77, 154.95, 24, 13664, 1189, 715, P0, 0x0000000000000000
2026/09/19 09:44:22.863, 1, 78, 50.94, 18, 12960, 1202, 715, P0, 0x0000000000000000
2026/09/19 09:44:23.876, 0, 80, 142.20, 100, 13664, 1202, 715, P0, 0x0000000000000000
2026/09/19 09:44:23.883, 1, 76, 49.02, 0, 12960, 1202, 715, P0, 0x0000000000000000
2026/09/19 09:44:24.888, 0, 79, 145.08, 100, 13664, 1151, 715, P0, 0x0000000000000020
2026/09/19 09:44:24.891, 1, 75, 48.53, 0, 12960, 1202, 715, P0, 0x0000000000000000
2026/09/19 09:44:25.907, 0, 77, 47.10, 0, 13664, 1189, 715, P0, 0x0000000000000000
2026/09/19 09:44:25.910, 1, 79, 179.94, 100, 12960, 1328, 715, P0, 0x0000000000000000
2026/09/19 09:44:26.918, 0, 76, 46.65, 0, 13664, 1189, 715, P0, 0x0000000000000000
2026/09/19 09:44:26.921, 1, 79, 164.88, 100, 12960, 1252, 715, P0, 0x0000000000000020
2026/09/19 09:44:27.936, 0, 79, 183.71, 100, 13664, 1328, 715, P0, 0x0000000000000000
2026/09/19 09:44:27.942, 1, 77, 55.87, 0, 12960, 1316, 715, P0, 0x0000000000000000
2026/09/19 09:44:28.950, 0, 79, 134.35, 100, 13664, 1113, 715, P0, 0x0000000000000020
2026/09/19 09:44:28.953, 1, 76, 54.32, 0, 12960, 1316, 715, P0, 0x0000000000000000
2026/09/19 09:44:29.969, 0, 79, 137.14, 100, 13664, 1177, 715, P0, 0x0000000000000000
2026/09/19 09:44:29.972, 1, 75, 54.07, 0, 12960, 1316, 715, P0, 0x0000000000000000
2026/09/19 09:44:30.977, 0, 77, 51.39, 0, 13664, 1278, 715, P0, 0x0000000000000000
2026/09/19 09:44:30.983, 1, 80, 179.99, 100, 12960, 1328, 715, P0, 0x0000000000000000
2026/09/19 09:44:32.001, 0, 76, 51.23, 0, 13664, 1278, 715, P0, 0x0000000000000000
2026/09/19 09:44:32.004, 1, 79, 154.33, 100, 12960, 1227, 715, P0, 0x0000000000000000
2026/09/19 09:44:33.011, 0, 80, 172.07, 100, 13664, 1265, 715, P0, 0x0000000000000020
2026/09/19 09:44:33.014, 1, 76, 50.40, 9, 12960, 1227, 715, P0, 0x0000000000000000
2026/09/19 09:44:34.026, 0, 79, 120.14, 100, 13664, 1151, 715, P0, 0x0000000000000000
2026/09/19 09:44:34.029, 1, 76, 49.79, 0, 12960, 1227, 715, P0, 0x0000000000000000
2026/09/19 09:44:35.043, 0, 78, 51.97, 75, 13664, 1278, 715, P0, 0x0000000000000000
2026/09/19 09:44:35.046, 1, 77, 147.01, 80, 12960, 1316, 715, P0, 0x0000000000000000
2026/09/19 09:44:36.066, 0, 76, 51.14, 0, 13664, 1278, 715, P0, 0x0000000000000000
2026/09/19 09:44:36.069, 1, 80, 198.83, 100, 12960, 1328, 715, P0, 0x0000000000000000
2026/09/19 09:44:37.077, 0, 76, 50.99, 0, 13664, 1278, 715, P0, 0x0000000000000000
2026/09/19 09:44:37.080, 1, 79, 153.76, 100, 12960, 1227, 715, P0, 0x0000000000000020
2026/09/19 09:44:38.104, 0, 80, 147.60, 100, 13664, 1139, 715, P0, 0x0000000000000020
2026/09/19 09:44:38.113, 1, 76, 54.79, 0, 12960, 1316, 715, P0, 0x0000000000000000
2026/09/19 09:44:39.120, 0, 79, 112.27, 100, 13664, 961, 715, P0, 0x0000000000000020
2026/09/19 09:44:39.123, 1, 76, 54.15, 0, 12960, 1316, 715, P0, 0x0000000000000000
2026/09/19 09:44:40.132, 0, 77, 51.91, 71, 13664, 1265, 715, P0, 0x0000000000000000
2026/09/19 09:44:40.135, 1, 77, 180.29, 81, 12960, 1328, 715, P0, 0x0000000000000000
2026/09/19 09:44:41.142, 0, 76, 50.47, 0, 13664, 1265, 715, P0, 0x0000000000000000
2026/09/19 09:44:41.148, 1, 80, 157.18, 100, 12960, 1290, 715, P0, 0x0000000000000000
2026/09/19 09:44:42.166, 0, 76, 59.47, 0, 13664, 1265, 715, P0, 0x0000000000000000
2026/09/19 09:44:42.170, 1, 79, 77.24, 100, 12960, 1202, 715, P0, 0x0000000000000000
2026/09/19 09:44:43.183, 0, 80, 167.37, 100, 13664, 1252, 715, P0, 0x0000000000000000
2026/09/19 09:44:43.190, 1, 76, 54.69, 0, 12960, 1316, 715, P0, 0x0000000000000000
2026/09/19 09:44:44.195, 0, 79, 148.08, 100, 13664, 1177, 715, P0, 0x0000000000000020
2026/09/19 09:44:44.198, 1, 76, 54.30, 0, 12960, 1316, 715, P0, 0x0000000000000000
2026/09/19 09:44:45.211, 0, 77, 47.58, 0, 13664, 1189, 715, P0, 0x0000000000000000
2026/09/19 09:44:45.214, 1, 78, 170.48, 100, 12960, 1328, 715, P0, 0x0000000000000000
2026/09/19 09:44:46.219, 0, 76, 46.65, 0, 13664, 1189, 715, P0, 0x0000000000000000
2026/09/19 09:44:46.222, 1, 80, 165.12, 100, 12960, 1252, 715, P0, 0x0000000000000000
2026/09/19 09:44:47.242, 0, 77, 158.52, 41, 13664, 1227, 715, P0, 0x0000000000000000
2026/09/19 09:44:47.248, 1, 78, 50.19, 2, 12960, 1189, 715, P0, 0x0000000000000000
2026/09/19 09:44:48.257, 0, 79, 141.74, 100, 13664, 1189, 715, P0, 0x0000000000000000
2026/09/19 09:44:48.260, 1, 76, 47.85, 0, 12960, 1189, 715, P0, 0x0000000000000000
2026/09/19 09:44:49.270, 0, 79, 144.84, 100, 13664, 1164, 715, P0, 0x0000000000000020
2026/09/19 09:44:49.274, 1, 75, 47.34, 0, 12960, 1189, 715, P0, 0x0000000000000000
2026/09/19 09:44:50.282, 0, 77, 53.28, 0, 13664, 1303, 715, P0, 0x0000000000000000
2026/09/19 09:44:50.285, 1, 78, 185.71, 100, 12960, 1328, 715, P0, 0x0000000000000000
2026/09/19 09:44:51.294, 0, 76, 52.62, 0, 13664, 1303, 715, P0, 0x0000000000000000
2026/09/19 09:44:51.297, 1, 79, 170.62, 100, 12960, 1265, 715, P0, 0x0000000000000020
2026/09/19 09:44:52.307, 0, 79, 201.80, 74, 13664, 1328, 715, P0, 0x0000000000000000
2026/09/19 09:44:52.310, 1, 78, 56.30, 0, 12960, 1316, 715, P0, 0x0000000000000000
2026/09/19 09:44:53.323, 0, 80, 154.92, 100, 13664, 1202, 715, P0, 0x0000000000000000
2026/09/19 09:44:53.326, 1, 76, 54.50, 0, 12960, 1316, 715, P0, 0x0000000000000000
2026/09/19 09:44:54.336, 0, 79, 135.55, 100, 13664, 1101, 715, P0, 0x0000000000000020
2026/09/19 09:44:54.339, 1, 76, 54.09, 0, 12960, 1316, 715, P0, 0x0000000000000000
2026/09/19 09:44:55.351, 0, 77, 47.06, 0, 13664, 1189, 715, P0, 0x0000000000000000
2026/09/19 09:44:55.354, 1, 79, 197.53, 100, 12960, 1328, 715, P0, 0x0000000000000000
2026/09/19 09:44:56.359, 0, 76, 46.65, 0, 13664, 1189, 715, P0, 0x0000000000000000
2026/09/19 09:44:56.362, 1, 79, 162.51, 100, 12960, 1227, 715, P0, 0x0000000000000020
2026/09/19 09:44:57.370, 0, 79, 179.07, 100, 13664, 1328, 715, P0, 0x0000000000000000
2026/09/19 09:44:57.373, 1, 78, 56.11, 0, 12960, 1316, 715, P0, 0x0000000000000000
2026/09/19 09:44:58.386, 0, 80, 122.44, 100, 13664, 1151, 715, P0, 0x0000000000000000
2026/09/19 09:44:58.395, 1, 76, 54.57, 0, 12960, 1316, 715, P0, 0x0000000000000000
2026/09/19 09:44:59.415, 0, 79, 112.82, 100, 13664, 1101, 715, P0, 0x0000000000000020
2026/09/19 09:44:59.418, 1, 76, 54.14, 0, 12960, 1316, 715, P0, 0x0000000000000000
2026/09/19 09:45:00.430, 0, 77, 53.74, 0, 13664, 1316, 715, P0, 0x0000000000000000
2026/09/19 09:45:00.433, 1, 79, 188.60, 100, 12960, 1328, 715, P0, 0x0000000000000000
2026/09/19 09:45:01.442, 0, 76, 53.13, 0, 13664, 1316, 715, P0, 0x0000000000000000
2026/09/19 09:45:01.445, 1, 80, 147.87, 100, 12960, 1227, 715, P0, 0x0000000000000000
2026/09/19 09:45:02.455, 0, 79, 205.60, 100, 13664, 1328, 715, P0, 0x0000000000000000
2026/09/19 09:45:02.458, 1, 77, 55.88, 0, 12960, 1316, 715, P0, 0x0000000000000000
2026/09/19 09:45:03.472, 0, 80, 151.41, 100, 13664, 1189, 715, P0, 0x0000000000000020
2026/09/19 09:45:03.475, 1, 76, 54.51, 0, 12960, 1316, 715, P0, 0x0000000000000000
2026/09/19 09:45:04.482, 0, 79, 133.89, 100, 13664, 1139, 715, P0, 0x0000000000000000
2026/09/19 09:45:04.485, 1, 76, 54.08, 0, 12960, 1316, 715, P0, 0x0000000000000000
2026/09/19 09:45:05.499, 0, 77, 53.07, 0, 13664, 1303, 715, P0, 0x0000000000000000
2026/09/19 09:45:05.503, 1, 79, 185.11, 100, 12960, 1328, 715, P0, 0x0000000000000000
2026/09/19 09:45:06.515, 0, 76, 52.69, 0, 13664, 1303, 715, P0, 0x0000000000000000
2026/09/19 09:45:06.519, 1, 79, 137.99, 100, 12960, 1227, 715, P0, 0x0000000000000000
2026/09/19 09:45:07.538, 0, 79, 201.62, 100, 13664, 1328, 715, P0, 0x0000000000000000
2026/09/19 09:45:07.541, 1, 77, 51.30, 0, 12960, 1227, 715, P0, 0x0000000000000000
2026/09/19 09:45:08.552, 0, 79, 118.69, 100, 13664, 1151, 715, P0, 0x0000000000000000
2026/09/19 09:45:08.559, 1, 76, 50.04, 0, 12960, 1227, 715, P0, 0x0000000000000000
2026/09/19 09:45:09.565, 0, 79, 138.70, 100, 13664, 1139, 715, P0, 0x0000000000000020
2026/09/19 09:45:09.568, 1, 76, 49.53, 0, 12960, 1227, 715, P0, 0x0000000000000000
2026/09/19 09:45:10.575, 0, 77, 53.26, 0, 13664, 1303, 715, P0, 0x0000000000000000
2026/09/19 09:45:10.578, 1, 79, 203.58, 100, 12960, 1328, 715, P0, 0x0000000000000000
2026/09/19 09:45:11.587, 0, 76, 52.45, 0, 13664, 1303, 715, P0, 0x0000000000000000
2026/09/19 09:45:11.590, 1, 80, 134.02, 100, 12960, 1126, 715, P0, 0x0000000000000020
2026/09/19 09:45:12.610, 0, 78, 195.02, 90, 13664, 1328, 715, P0, 0x0000000000000000
2026/09/19 09:45:12.613, 1, 78, 56.08, 58, 12960, 1316, 715, P0, 0x0000000000000000
2026/09/19 09:45:13.624, 0, 79, 148.98, 100, 13664, 1189, 715, P0, 0x0000000000000000
2026/09/19 09:45:13.628, 1, 76, 54.50, 0, 12960, 1316, 715, P0, 0x0000000000000000
2026/09/19 09:45:14.638, 0, 79, 133.65, 100, 13664, 1113, 715, P0, 0x0000000000000020
2026/09/19 09:45:14.641, 1, 76, 54.09, 0, 12960, 1316, 715, P0, 0x0000000000000000
2026/09/19 09:45:15.648, 0, 77, 47.82, 0, 13664, 1189, 715, P0, 0x0000000000000000
2026/09/19 09:45:15.651, 1, 78, 174.29, 100, 12960, 1328, 715, P0, 0x0000000000000000
2026/09/19 09:45:16.655, 0, 76, 46.64, 0, 13664, 1189, 715, P0, 0x0000000000000000
2026/09/19 09:45:16.658, 1, 79, 166.55, 100, 12960, 1252, 715, P0, 0x0000000000000020
2026/09/19 09:45:17.662, 0, 76, 67.17, 0, 13664, 1189, 715, P0, 0x0000000000000000
2026/09/19 09:45:17.665, 1, 79, 76.99, 100, 12960, 1215, 715, P0, 0x0000000000000000
2026/09/19 09:45:18.677, 0, 80, 143.39, 100, 13664, 1139, 715, P0, 0x0000000000000020
2026/09/19 09:45:18.681, 1, 76, 53.59, 0, 12960, 1290, 715, P0, 0x0000000000000000
2026/09/19 09:45:19.694, 0, 79, 109.21, 100, 13664, 1088, 715, P0, 0x0000000000000020
2026/09/19 09:45:19.697, 1, 76, 52.48, 0, 12960, 1290, 715, P0, 0x0000000000000000
2026/09/19 09:45:20.709, 0, 78, 51.91, 76, 13664, 1278, 715, P0, 0x0000000000000000
2026/09/19 09:45:20.713, 1, 76, 177.76, 71, 12960, 1316, 715, P0, 0x0000000000000000
2026/09/19 09:45:21.724, 0, 76, 51.39, 0, 13664, 1278, 715, P0, 0x0000000000000000
2026/09/19 09:45:21.727, 1, 80, 180.05, 100, 12960, 1303, 715, P0, 0x0000000000000000
2026/09/19 09:45:22.739, 0, 76, 51.00, 0, 13664, 1278, 715, P0, 0x0000000000000000
2026/09/19 09:45:22.744, 1, 79, 145.33, 100, 12960, 1189, 715, P0, 0x0000000000000000
2026/09/19 09:45:23.751, 0, 80, 197.33, 100, 13664, 1303, 715, P0, 0x0000000000000000
2026/09/19 09:45:23.755, 1, 76, 48.72, 10, 12960, 1189, 715, P0, 0x0000000000000000
2026/09/19 09:45:24.768, 0, 80, 120.15, 100, 13664, 1050, 715, P0, 0x0000000000000020
2026/09/19 09:45:24.772, 1, 76, 47.92, 0, 12960, 1189, 715, P0, 0x0000000000000000
2026/09/19 09:45:25.787, 0, 79, 109.48, 100, 13664, 1101, 715, P0, 0x0000000000000000
2026/09/19 09:45:25.790, 1, 75, 47.91, 0, 12960, 1189, 715, P0, 0x0000000000000000
2026/09/19 09:45:26.810, 0, 77, 48.25, 0, 13664, 1215, 715, P0, 0x0000000000000000
2026/09/19 09:45:26.813, 1, 79, 204.54, 100, 12960, 1328, 715, P0, 0x0000000000000000
2026/09/19 09:45:27.820, 0, 76, 47.83, 0, 13664, 1215, 715, P0, 0x0000000000000000
2026/09/19 09:45:27.823, 1, 80, 169.10, 100, 12960, 1278, 715, P0, 0x0000000000000000
2026/09/19 09:45:28.834, 0, 79, 205.98, 100, 13664, 1328, 715, P0, 0x0000000000000000
2026/09/19 09:45:28.838, 1, 77, 48.90, 0, 12960, 1189, 715, P0, 0x0000000000000000
2026/09/19 09:45:29.846, 0, 79, 108.75, 100, 13664, 1101, 715, P0, 0x0000000000000000
2026/09/19 09:45:29.855, 1, 76, 48.15, 0, 12960, 1189, 715, P0, 0x0000000000000000
2026/09/19 09:45:30.860, 0, 79, 111.21, 100, 13664, 1101, 715, P0, 0x0000000000000000
2026/09/19 09:45:30.863, 1, 75, 47.90, 0, 12960, 1189, 715, P0, 0x0000000000000000
2026/09/19 09:45:31.876, 0, 77, 47.77, 0, 13664, 1189, 715, P0, 0x0000000000000000
2026/09/19 09:45:31.879, 1, 78, 196.14, 100, 12960, 1328, 715, P0, 0x0000000000000000
2026/09/19 09:45:32.884, 0, 76, 47.10, 0, 13664, 1189, 715, P0, 0x0000000000000000
2026/09/19 09:45:32.894, 1, 79, 164.64, 100, 12960, 1252, 715, P0, 0x0000000000000020
2026/09/19 09:45:33.909, 0, 77, 154.44, 0, 13664, 1189, 715, P0, 0x0000000000000000
2026/09/19 09:45:33.911, 1, 78, 55.96, 63, 12960, 1316, 715, P0, 0x0000000000000020
2026/09/19 09:45:34.922, 0, 79, 108.00, 100, 13664, 1101, 715, P0, 0x0000000000000020
2026/09/19 09:45:34.925, 1, 76, 54.63, 0, 12960, 1316, 715, P0, 0x0000000000000000
2026/09/19 09:45:35.936, 0, 79, 105.41, 100, 13664, 1063, 715, P0, 0x0000000000000020
2026/09/19 09:45:35.939, 1, 76, 54.15, 0, 12960, 1316, 715, P0, 0x0000000000000000
2026/09/19 09:45:36.954, 0, 78, 47.37, 100, 13664, 1189, 715, P0, 0x0000000000000000
2026/09/19 09:45:36.957, 1, 77, 168.71, 29, 12960, 1316, 715, P0, 0x0000000000000000
2026/09/19 09:45:37.964, 0, 76, 47.29, 0, 13664, 1189, 715, P0, 0x0000000000000000
2026/09/19 09:45:37.967, 1, 80, 205.02, 100, 12960, 1328, 715, P0, 0x0000000000000000
2026/09/19 09:45:38.978, 0, 76, 46.66, 0, 13664, 1189, 715, P0, 0x0000000000000000
2026/09/19 09:45:38.981, 1, 80, 152.18, 100, 12960, 1265, 715, P0, 0x0000000000000000
2026/09/19 09:45:39.990, 0, 80, 182.90, 100, 13664, 1328, 715, P0, 0x0000000000000000
2026/09/19 09:45:39.994, 1, 77, 55.15, 11, 12960, 1316, 715, P0, 0x0000000000000000
2026/09/19 09:45:41.007, 0, 79, 129.41, 100, 13664, 1101, 715, P0, 0x0000000000000020
2026/09/19 09:45:41.013, 1, 76, 54.33, 0, 12960, 1316, 715, P0, 0x0000000000000000
2026/09/19 09:45:42.020, 0, 79, 128.45, 100, 13664, 1101, 715, P0, 0x0000000000000020
2026/09/19 09:45:42.024, 1, 75, 54.09, 0, 12960, 1316, 715, P0, 0x0000000000000000
2026/09/19 09:45:43.028, 0, 77, 49.50, 0, 13664, 1240, 715, P0, 0x0000000000000000
2026/09/19 09:45:43.031, 1, 79, 177.99, 100, 12960, 1328, 715, P0, 0x0000000000000000
2026/09/19 09:45:44.036, 0, 76, 49.33, 0, 13664, 1240, 715, P0, 0x0000000000000000
2026/09/19 09:45:44.039, 1, 79, 133.80, 100, 12960, 1189, 715, P0, 0x0000000000000000
2026/09/19 09:45:45.043, 0, 78, 190.66, 100, 13664, 1328, 715, P0, 0x0000000000000000
2026/09/19 09:45:45.046, 1, 78, 49.88, 39, 12960, 1189, 715, P0, 0x0000000000000000
2026/09/19 09:45:46.051, 0, 80, 142.52, 100, 13664, 1202, 715, P0, 0x0000000000000020
2026/09/19 09:45:46.054, 1, 76, 48.09, 0, 12960, 1189, 715, P0, 0x0000000000000000
2026/09/19 09:45:47.070, 0, 79, 123.51, 100, 13664, 1151, 715, P0, 0x0000000000000000
2026/09/19 09:45:47.073, 1, 75, 47.86, 0, 12960, 1189, 715, P0, 0x0000000000000000
2026/09/19 09:45:48.085, 0, 78, 53.31, 0, 13664, 1290, 715, P0, 0x0000000000000000
2026/09/19 09:45:48.088, 1, 77, 190.75, 81, 12960, 1316, 715, P0, 0x0000000000000000
2026/09/19 09:45:49.095, 0, 76, 52.14, 0, 13664, 1290, 715, P0, 0x0000000000000000
2026/09/19 09:45:49.098, 1, 80, 185.69, 100, 12960, 1328, 715, P0, 0x0000000000000000
2026/09/19 09:45:50.103, 0, 76, 51.73, 0, 13664, 1290, 715, P0, 0x0000000000000000
2026/09/19 09:45:50.106, 1, 79, 132.10, 100, 12960, 1126, 715, P0, 0x0000000000000020
2026/09/19 09:45:51.115, 0, 80, 183.63, 100, 13664, 1303, 715, P0, 0x0000000000000000
2026/09/19 09:45:51.118, 1, 76, 54.67, 11, 12960, 1316, 715, P0, 0x0000000000000000
2026/09/19 09:45:52.127, 0, 79, 122.76, 100, 13664, 1075, 715, P0, 0x0000000000000020
2026/09/19 09:45:52.130, 1, 76, 54.37, 0, 12960, 1316, 715, P0, 0x0000000000000000
2026/09/19 09:45:53.141, 0, 79, 126.13, 100, 13664, 1075, 715, P0, 0x0000000000000020
2026/09/19 09:45:53.144, 1, 75, 53.89, 0, 12960, 1316, 715, P0, 0x0000000000000000
2026/09/19 09:45:54.158, 0, 77, 53.50, 0, 13664, 1316, 715, P0, 0x0000000000000000
2026/09/19 09:45:54.161, 1, 79, 202.62, 100, 12960, 1328, 715, P0, 0x0000000000000000
2026/09/19 09:45:55.168, 0, 76, 53.11, 0, 13664, 1316, 715, P0, 0x0000000000000000
2026/09/19 09:45:55.171, 1, 79, 165.10, 100, 12960, 1252, 715, P0, 0x0000000000000020
2026/09/19 09:45:56.179, 0, 78, 201.36, 44, 13664, 1328, 715, P0, 0x0000000000000000
2026/09/19 09:45:56.182, 1, 78, 52.27, 3, 12960, 1227, 715, P0, 0x0000000000000000
2026/09/19 09:45:57.194, 0, 80, 128.46, 100, 13664, 1088, 715, P0, 0x0000000000000020
2026/09/19 09:45:57.203, 1, 76, 50.03, 0, 12960, 1227, 715, P0, 0x0000000000000000
2026/09/19 09:45:58.223, 0, 79, 133.66, 100, 13664, 1113, 715, P0, 0x0000000000000020
2026/09/19 09:45:58.226, 1, 75, 49.78, 0, 12960, 1227, 715, P0, 0x0000000000000000
2026/09/19 09:45:59.235, 0, 78, 52.40, 0, 13664, 1278, 715, P0, 0x0000000000000000
2026/09/19 09:45:59.238, 1, 77, 163.03, 74, 12960, 1328, 715, P0, 0x0000000000000000
2026/09/19 09:46:00.250, 0, 76, 51.38, 0, 13664, 1278, 715, P0, 0x0000000000000000
2026/09/19 09:46:00.252, 1, 79, 186.35, 100, 12960, 1303, 715, P0, 0x0000000000000000
2026/09/19 09:46:01.266, 0, 76, 51.04, 0, 13664, 1278, 715, P0, 0x0000000000000000
2026/09/19 09:46:01.269, 1, 79, 134.02, 100, 12960, 1189, 715, P0, 0x0000000000000000
2026/09/19 09:46:02.292, 0, 80, 165.49, 100, 13664, 1303, 715, P0, 0x0000000000000000
2026/09/19 09:46:02.295, 1, 77, 52.33, 0, 12960, 1278, 715, P0, 0x0000000000000000
2026/09/19 09:46:03.308, 0, 79, 119.18, 100, 13664, 1088, 715, P0, 0x0000000000000000
2026/09/19 09:46:03.311, 1, 76, 51.96, 0, 12960, 1278, 715, P0, 0x0000000000000000
2026/09/19 09:46:04.323, 0, 79, 118.04, 100, 13664, 1037, 715, P0, 0x0000000000000020
2026/09/19 09:46:04.326, 1, 75, 51.97, 0, 12960, 1278, 715, P0, 0x0000000000000000
2026/09/19 09:46:05.335, 0, 77, 47.33, 0, 13664, 1189, 715, P0, 0x0000000000000000
2026/09/19 09:46:05.338, 1, 78, 196.00, 100, 12960, 1328, 715, P0, 0x0000000000000000
2026/09/19 09:46:06.350, 0, 76, 46.65, 0, 13664, 1189, 715, P0, 0x0000000000000000
2026/09/19 09:46:06.353, 1, 79, 160.23, 100, 12960, 1240, 715, P0, 0x0000000000000020
2026/09/19 09:46:07.367, 0, 75, 46.26, 0, 13664, 1189, 715, P0, 0x0000000000000000
2026/09/19 09:46:07.371, 1, 79, 88.64, 100, 12960, 1202, 715, P0, 0x0000000000000000
2026/09/19 09:46:08.385, 0, 80, 155.72, 100, 13664, 1227, 715, P0, 0x0000000000000000
2026/09/19 09:46:08.388, 1, 76, 49.01, 0, 12960, 1202, 715, P0, 0x0000000000000000
2026/09/19 09:46:09.401, 0, 79, 129.90, 100, 13664, 1101, 715, P0, 0x0000000000000020
2026/09/19 09:46:09.404, 1, 75, 48.58, 0, 12960, 1202, 715, P0, 0x0000000000000000
2026/09/19 09:46:10.413, 0, 79, 138.23, 100, 13664, 1101, 715, P0, 0x0000000000000020
2026/09/19 09:46:10.425, 1, 75, 47.37, 0, 12960, 1189, 715, P0, 0x0000000000000000
2026/09/19 09:46:11.442, 0, 76, 46.81, 0, 13664, 1189, 715, P0, 0x0000000000000000
2026/09/19 09:46:11.445, 1, 79, 204.31, 100, 12960, 1328, 715, P0, 0x0000000000000000
2026/09/19 09:46:12.454, 0, 76, 46.45, 0, 13664, 1189, 715, P0, 0x0000000000000000
2026/09/19 09:46:12.458, 1, 79, 140.66, 100, 12960, 1139, 715, P0, 0x0000000000000020
2026/09/19 09:46:13.467, 0, 79, 196.26, 100, 13664, 1328, 715, P0, 0x0000000000000000
2026/09/19 09:46:13.470, 1, 77, 51.55, 0, 12960, 1240, 715, P0, 0x0000000000000000
2026/09/19 09:46:14.480, 0, 80, 165.73, 100, 13664, 1202, 715, P0, 0x0000000000000020
2026/09/19 09:46:14.485, 1, 76, 50.44, 0, 12960, 1240, 715, P0, 0x0000000000000000
2026/09/19 09:46:15.495, 0, 79, 98.95, 100, 13664, 1025, 715, P0, 0x0000000000000020
2026/09/19 09:46:15.505, 1, 75, 49.86, 0, 12960, 1240, 715, P0, 0x0000000000000000
2026/09/19 09:46:16.510, 0, 77, 48.10, 39, 13664, 1189, 715, P0, 0x0000000000000000
2026/09/19 09:46:16.513, 1, 76, 163.23, 11, 12960, 1240, 715, P0, 0x0000000000000000
2026/09/19 09:46:17.525, 0, 76, 46.57, 0, 13664, 1189, 715, P0, 0x0000000000000000
2026/09/19 09:46:17.528, 1, 80, 205.02, 100, 12960, 1328, 715, P0, 0x0000000000000000
2026/09/19 09:46:18.547, 0, 75, 46.17, 0, 13664, 1189, 715, P0, 0x0000000000000000
2026/09/19 09:46:18.550, 1, 79, 164.40, 100, 12960, 1227, 715, P0, 0x0000000000000020
2026/09/19 09:46:19.574, 0, 79, 202.66, 100, 13664, 1328, 715, P0, 0x0000000000000000
2026/09/19 09:46:19.579, 1, 77, 55.34, 1, 12960, 1316, 715, P0, 0x0000000000000000
2026/09/19 09:46:20.591, 0, 79, 157.31, 100, 13664, 1189, 715, P0, 0x0000000000000020
2026/09/19 09:46:20.594, 1, 76, 54.27, 0, 12960, 1316, 715, P0, 0x0000000000000000
2026/09/19 09:46:21.607, 0, 79, 105.37, 100, 13664, 1075, 715, P0, 0x0000000000000000
2026/09/19 09:46:21.610, 1, 75, 53.91, 0, 12960, 1316, 715, P0, 0x0000000000000000
2026/09/19 09:46:22.621, 0, 77, 47.33, 0, 13664, 1189, 715, P0, 0x0000000000000000
2026/09/19 09:46:22.625, 1, 78, 182.17, 100, 12960, 1328, 715, P0, 0x0000000000000000
2026/09/19 09:46:23.633, 0, 76, 46.64, 0, 13664, 1189, 715, P0, 0x0000000000000000
2026/09/19 09:46:23.636, 1, 79, 165.38, 100, 12960, 1290, 715, P0, 0x0000000000000000
2026/09/19 09:46:24.649, 0, 75, 46.40, 0, 13664, 1189, 715, P0, 0x0000000000000000
2026/09/19 09:46:24.652, 1, 80, 161.88, 100, 12960, 1240, 715, P0, 0x0000000000000020
2026/09/19 09:46:25.663, 0, 80, 196.37, 100, 13664, 1316, 715, P0, 0x0000000000000020
2026/09/19 09:46:25.665, 1, 76, 51.54, 0, 12960, 1252, 715, P0, 0x0000000000000000
2026/09/19 09:46:26.676, 0, 79, 128.46, 100, 13664, 1101, 715, P0, 0x0000000000000020
2026/09/19 09:46:26.678, 1, 76, 50.75, 0, 12960, 1252, 715, P0, 0x0000000000000000
2026/09/19 09:46:27.692, 0, 79, 134.37, 100, 13664, 1113, 715, P0, 0x0000000000000020
2026/09/19 09:46:27.695, 1, 75, 50.50, 0, 12960, 1252, 715, P0, 0x0000000000000000
2026/09/19 09:46:28.705, 0, 77, 52.84, 0, 13664, 1303, 715, P0, 0x0000000000000000
2026/09/19 09:46:28.708, 1, 79, 178.68, 100, 12960, 1328, 715, P0, 0x0000000000000000
2026/09/19 09:46:29.718, 0, 76, 52.40, 0, 13664, 1303, 715, P0, 0x0000000000000000
2026/09/19 09:46:29.721, 1, 79, 167.15, 100, 12960, 1227, 715, P0, 0x0000000000000020
2026/09/19 09:46:30.741, 0, 78, 193.62, 48, 13664, 1328, 715, P0, 0x0000000000000000
2026/09/19 09:46:30.745, 1, 78, 54.63, 96, 12960, 1278, 715, P0, 0x0000000000000000
2026/09/19 09:46:31.754, 0, 80, 128.93, 100, 13664, 1177, 715, P0, 0x0000000000000020
2026/09/19 09:46:31.756, 1, 76, 52.67, 0, 12960, 1278, 715, P0, 0x0000000000000000
2026/09/19 09:46:32.770, 0, 79, 135.82, 100, 13664, 1101, 715, P0, 0x0000000000000020
2026/09/19 09:46:32.773, 1, 76, 52.18, 0, 12960, 1278, 715, P0, 0x0000000000000000
2026/09/19 09:46:33.788, 0, 79, 68.31, 100, 13664, 1189, 715, P0, 0x0000000000000000
2026/09/19 09:46:33.792, 1, 75, 142.18, 0, 12960, 1278, 715, P0, 0x0000000000000000
2026/09/19 09:46:34.797, 0, 76, 52.82, 0, 13664, 1303, 715, P0, 0x0000000000000000
2026/09/19 09:46:34.799, 1, 79, 188.83, 100, 12960, 1328, 715, P0, 0x0000000000000000
2026/09/19 09:46:35.813, 0, 76, 52.22, 0, 13664, 1303, 715, P0, 0x0000000000000000
2026/09/19 09:46:35.816, 1, 79, 129.06, 100, 12960, 1113, 715, P0, 0x0000000000000020
2026/09/19 09:46:36.826, 0, 78, 198.79, 100, 13664, 1316, 715, P0, 0x0000000000000000
2026/09/19 09:46:36.829, 1, 77, 49.14, 0, 12960, 1189, 715, P0, 0x0000000000000000
2026/09/19 09:46:37.839, 0, 79, 138.23, 100, 13664, 1177, 715, P0, 0x0000000000000000
2026/09/19 09:46:37.842, 1, 76, 47.85, 0, 12960, 1189, 715, P0, 0x0000000000000000
2026/09/19 09:46:38.851, 0, 79, 133.99, 100, 13664, 1113, 715, P0, 0x0000000000000020
2026/09/19 09:46:38.858, 1, 75, 47.15, 0, 12960, 1189, 715, P0, 0x0000000000000000
2026/09/19 09:46:39.866, 0, 78, 50.47, 0, 13664, 1240, 715, P0, 0x0000000000000000
2026/09/19 09:46:39.869, 1, 77, 182.89, 55, 12960, 1316, 715, P0, 0x0000000000000000
2026/09/19 09:46:40.873, 0, 76, 49.43, 0, 13664, 1240, 715, P0, 0x0000000000000000
2026/09/19 09:46:40.877, 1, 79, 204.51, 100, 12960, 1328, 715, P0, 0x0000000000000000
2026/09/19 09:46:41.895, 0, 75, 49.08, 0, 13664, 1240, 715, P0, 0x0000000000000000
2026/09/19 09:46:41.899, 1, 79, 143.66, 100, 12960, 1227, 715, P0, 0x0000000000000000
2026/09/19 09:46:42.907, 0, 80, 209.63, 100, 13664, 1328, 715, P0, 0x0000000000000000
2026/09/19 09:46:42.910, 1, 77, 55.32, 0, 12960, 1316, 715, P0, 0x0000000000000000
2026/09/19 09:46:43.922, 0, 79, 145.06, 100, 13664, 1164, 715, P0, 0x0000000000000020
2026/09/19 09:46:43.925, 1, 76, 54.54, 0, 12960, 1316, 715, P0, 0x0000000000000000
2026/09/19 09:46:44.936, 0, 79, 134.76, 100, 13664, 1189, 715, P0, 0x0000000000000000
2026/09/19 09:46:44.939, 1, 75, 53.83, 0, 12960, 1316, 715, P0, 0x0000000000000000
2026/09/19 09:46:45.947, 0, 77, 47.81, 0, 13664, 1189, 715, P0, 0x0000000000000000
2026/09/19 09:46:45.950, 1, 78, 189.69, 100, 12960, 1328, 715, P0, 0x0000000000000000
2026/09/19 09:46:46.959, 0, 76, 46.66, 0, 13664, 1189, 715, P0, 0x0000000000000000
2026/09/19 09:46:46.965, 1, 80, 155.68, 100, 12960, 1316, 715, P0, 0x0000000000000020
2026/09/19 09:46:47.973, 0, 75, 46.17, 0, 13664, 1189, 715, P0, 0x0000000000000000
2026/09/19 09:46:47.976, 1, 79, 157.11, 100, 12960, 1240, 715, P0, 0x0000000000000020
2026/09/19 09:46:48.984, 0, 79, 205.04, 100, 13664, 1328, 715, P0, 0x0000000000000000
2026/09/19 09:46:48.988, 1, 77, 49.58, 12, 12960, 1202, 715, P0, 0x0000000000000000
2026/09/19 09:46:49.997, 0, 79, 138.69, 100, 13664, 1126, 715, P0, 0x0000000000000020
2026/09/19 09:46:50.000, 1, 76, 48.57, 0, 12960, 1202, 715, P0, 0x0000000000000000
2026/09/19 09:46:51.011, 0, 79, 136.79, 100, 13664, 1177, 715, P0, 0x0000000000000000
2026/09/19 09:46:51.018, 1, 75, 48.32, 0, 12960, 1202, 715, P0, 0x0000000000000000
2026/09/19 09:46:52.024, 0, 77, 49.70, 0, 13664, 1240, 715, P0, 0x0000000000000000
2026/09/19 09:46:52.027, 1, 78, 193.14, 100, 12960, 1328, 715, P0, 0x0000000000000000
2026/09/19 09:46:53.035, 0, 76, 49.31, 0, 13664, 1240, 715, P0, 0x0000000000000000
2026/09/19 09:46:53.038, 1, 79, 156.39, 100, 12960, 1227, 715, P0, 0x0000000000000020
2026/09/19 09:46:54.059, 0, 76, 49.07, 0, 13664, 1240, 715, P0, 0x0000000000000000
2026/09/19 09:46:54.062, 1, 79, 149.41, 100, 12960, 1227, 715, P0, 0x0000000000000000
2026/09/19 09:46:55.073, 0, 80, 191.99, 100, 13664, 1303, 715, P0, 0x0000000000000000
2026/09/19 09:46:55.076, 1, 76, 51.78, 12, 12960, 1265, 715, P0, 0x0000000000000000
2026/09/19 09:46:56.085, 0, 79, 127.99, 100, 13664, 1151, 715, P0, 0x0000000000000000
2026/09/19 09:46:56.088, 1, 75, 50.99, 0, 12960, 1265, 715, P0, 0x0000000000000000
2026/09/19 09:46:57.103, 0, 79, 128.96, 100, 13664, 1088, 715, P0, 0x0000000000000020
2026/09/19 09:46:57.109, 1, 75, 47.38, 0, 12960, 1189, 715, P0, 0x0000000000000000
2026/09/19 09:46:58.118, 0, 77, 47.53, 0, 13664, 1189, 715, P0, 0x0000000000000000
2026/09/19 09:46:58.123, 1, 78, 193.61, 100, 12960, 1328, 715, P0, 0x0000000000000000
2026/09/19 09:46:59.133, 0, 76, 46.84, 0, 13664, 1189, 715, P0, 0x0000000000000000
2026/09/19 09:46:59.136, 1, 79, 183.61, 100, 12960, 1316, 715, P0, 0x0000000000000000
2026/09/19 09:47:00.145, 0, 75, 46.40, 0, 13664, 1189, 715, P0, 0x0000000000000000
2026/09/19 09:47:00.151, 1, 79, 164.16, 100, 12960, 1227, 715, P0, 0x0000000000000020
2026/09/19 09:47:01.160, 0, 80, 194.11, 100, 13664, 1316, 715, P0, 0x0000000000000000
2026/09/19 09:47:01.163, 1, 76, 50.35, 12, 12960, 1227, 715, P0, 0x0000000000000000
2026/09/19 09:47:02.173, 0, 79, 144.35, 100, 13664, 1151, 715, P0, 0x0000000000000020
2026/09/19 09:47:02.177, 1, 75, 49.74, 0, 12960, 1227, 715, P0, 0x0000000000000000
2026/09/19 09:47:03.191, 0, 79, 133.75, 100, 13664, 1126, 715, P0, 0x0000000000000020
2026/09/19 09:47:03.194, 1, 75, 49.35, 0, 12960, 1227, 715, P0, 0x0000000000000000
2026/09/19 09:47:04.203, 0, 77, 47.34, 0, 13664, 1189, 715, P0, 0x0000000000000000
2026/09/19 09:47:04.206, 1, 79, 172.51, 100, 12960, 1328, 715, P0, 0x0000000000000000
2026/09/19 09:47:05.214, 0, 76, 46.37, 0, 13664, 1189, 715, P0, 0x0000000000000000
2026/09/19 09:47:05.218, 1, 79, 173.98, 100, 12960, 1290, 715, P0, 0x0000000000000020
2026/09/19 09:47:06.226, 0, 75, 46.21, 0, 13664, 1189, 715, P0, 0x0000000000000000
2026/09/19 09:47:06.232, 1, 79, 135.00, 100, 12960, 1126, 715, P0, 0x0000000000000020
2026/09/19 09:47:07.239, 0, 80, 151.21, 100, 13664, 1189, 715, P0, 0x0000000000000020
2026/09/19 09:47:07.245, 1, 76, 48.53, 12, 12960, 1189, 715, P0, 0x0000000000000000
2026/09/19 09:47:08.251, 0, 79, 123.51, 100, 13664, 1164, 715, P0, 0x0000000000000000
2026/09/19 09:47:08.254, 1, 75, 47.87, 0, 12960, 1189, 715, P0, 0x0000000000000000
2026/09/19 09:47:09.265, 0, 79, 142.46, 100, 13664, 1139, 715, P0, 0x0000000000000020
2026/09/19 09:47:09.268, 1, 75, 47.60, 0, 12960, 1189, 715, P0, 0x0000000000000000
2026/09/19 09:47:10.279, 0, 77, 50.90, 0, 13664, 1252, 715, P0, 0x0000000000000000
2026/09/19 09:47:10.282, 1, 78, 197.06, 100, 12960, 1328, 715, P0, 0x0000000000000000
2026/09/19 09:47:11.288, 0, 76, 50.19, 0, 13664, 1252, 715, P0, 0x0000000000000000
2026/09/19 09:47:11.291, 1, 80, 183.37, 100, 12960, 1303, 715, P0, 0x0000000000000000
2026/09/19 09:47:12.301, 0, 76, 49.79, 0, 13664, 1252, 715, P0, 0x0000000000000000
2026/09/19 09:47:12.304, 1, 79, 144.64, 100, 12960, 1177, 715, P0, 0x0000000000000020
2026/09/19 09:47:13.313, 0, 80, 212.77, 100, 13664, 1328, 715, P0, 0x0000000000000000
2026/09/19 09:47:13.316, 1, 76, 48.65, 0, 12960, 1189, 715, P0, 0x0000000000000000
2026/09/19 09:47:14.327, 0, 79, 144.60, 100, 13664, 1164, 715, P0, 0x0000000000000020
2026/09/19 09:47:14.330, 1, 75, 47.84, 0, 12960, 1189, 715, P0, 0x0000000000000000
2026/09/19 09:47:15.339, 0, 80, 119.90, 100, 13664, 1189, 715, P0, 0x0000000000000000
2026/09/19 09:47:15.348, 1, 75, 47.62, 0, 12960, 1189, 715, P0, 0x0000000000000000
2026/09/19 09:47:16.359, 0, 77, 52.10, 0, 13664, 1278, 715, P0, 0x0000000000000000
2026/09/19 09:47:16.362, 1, 77, 192.17, 100, 12960, 1328, 715, P0, 0x0000000000000000
2026/09/19 09:47:17.372, 0, 76, 51.14, 0, 13664, 1278, 715, P0, 0x0000000000000000
2026/09/19 09:47:17.375, 1, 79, 196.22, 100, 12960, 1328, 715, P0, 0x0000000000000000
2026/09/19 09:47:18.385, 0, 76, 50.75, 0, 13664, 1278, 715, P0, 0x0000000000000000
2026/09/19 09:47:18.389, 1, 79, 155.22, 100, 12960, 1227, 715, P0, 0x0000000000000000
2026/09/19 09:47:19.402, 0, 80, 211.34, 100, 13664, 1328, 715, P0, 0x0000000000000000
2026/09/19 09:47:19.408, 1, 76, 50.06, 12, 12960, 1215, 715, P0, 0x0000000000000000
2026/09/19 09:47:20.415, 0, 79, 125.91, 100, 13664, 1177, 715, P0, 0x0000000000000000
2026/09/19 09:47:20.418, 1, 76, 49.07, 0, 12960, 1215, 715, P0, 0x0000000000000000
2026/09/19 09:47:21.428, 0, 79, 143.17, 100, 13664, 1164, 715, P0, 0x0000000000000020
2026/09/19 09:47:21.433, 1, 75, 49.02, 0, 12960, 1215, 715, P0, 0x0000000000000000
2026/09/19 09:47:22.444, 0, 77, 54.28, 0, 13664, 1316, 715, P0, 0x0000000000000000
2026/09/19 09:47:22.447, 1, 77, 167.21, 100, 12960, 1328, 715, P0, 0x0000000000000000
2026/09/19 09:47:23.454, 0, 76, 53.08, 0, 13664, 1316, 715, P0, 0x0000000000000000
2026/09/19 09:47:23.457, 1, 80, 176.80, 100, 12960, 1227, 715, P0, 0x0000000000000020
2026/09/19 09:47:24.463, 0, 76, 52.88, 0, 13664, 1316, 715, P0, 0x0000000000000000
2026/09/19 09:47:24.467, 1, 79, 169.30, 100, 12960, 1252, 715, P0, 0x0000000000000020
2026/09/19 09:47:25.477, 0, 80, 213.45, 100, 13664, 1328, 715, P0, 0x0000000000000000
2026/09/19 09:47:25.480, 1, 77, 51.97, 0, 12960, 1252, 715, P0, 0x0000000000000000
2026/09/19 09:47:26.493, 0, 79, 140.60, 100, 13664, 1189, 715, P0, 0x0000000000000000
2026/09/19 09:47:26.496, 1, 76, 50.94, 0, 12960, 1252, 715, P0, 0x0000000000000000
2026/09/19 09:47:27.508, 0, 79, 141.97, 100, 13664, 1126, 715, P0, 0x0000000000000020
2026/09/19 09:47:27.513, 1, 75, 50.70, 0, 12960, 1252, 715, P0, 0x0000000000000000
2026/09/19 09:47:28.519, 0, 78, 52.38, 0, 13664, 1278, 715, P0, 0x0000000000000000
2026/09/19 09:47:28.522, 1, 77, 185.87, 58, 12960, 1328, 715, P0, 0x0000000000000000
2026/09/19 09:47:29.529, 0, 76, 51.38, 0, 13664, 1278, 715, P0, 0x0000000000000000
2026/09/19 09:47:29.532, 1, 80, 193.14, 100, 12960, 1328, 715, P0, 0x0000000000000000
2026/09/19 09:47:30.540, 0, 76, 51.19, 0, 13664, 1278, 715, P0, 0x0000000000000000
2026/09/19 09:47:30.543, 1, 79, 169.32, 100, 12960, 1265, 715, P0, 0x0000000000000000
2026/09/19 09:47:31.550, 0, 79, 189.29, 100, 13664, 1328, 715, P0, 0x0000000000000000
2026/09/19 09:47:31.553, 1, 77, 49.42, 0, 12960, 1189, 715, P0, 0x0000000000000000
2026/09/19 09:47:32.565, 0, 79, 119.25, 100, 13664, 1139, 715, P0, 0x0000000000000020
2026/09/19 09:47:32.568, 1, 76, 48.13, 0, 12960, 1189, 715, P0, 0x0000000000000000
2026/09/19 09:47:33.584, 0, 79, 144.53, 100, 13664, 1189, 715, P0, 0x0000000000000000
2026/09/19 09:47:33.587, 1, 75, 47.09, 0, 12960, 1189, 715, P0, 0x0000000000000000
2026/09/19 09:47:34.599, 0, 79, 49.35, 100, 13664, 1189, 715, P0, 0x0000000000000000
2026/09/19 09:47:34.602, 1, 75, 145.43, 0, 12960, 1189, 715, P0, 0x0000000000000000
2026/09/19 09:47:35.612, 0, 76, 47.05, 0, 13664, 1189, 715, P0, 0x0000000000000000
2026/09/19 09:47:35.615, 1, 79, 204.51, 100, 12960, 1328, 715, P0, 0x0000000000000000
2026/09/19 09:47:36.625, 0, 76, 46.64, 0, 13664, 1189, 715, P0, 0x0000000000000000
2026/09/19 09:47:36.630, 1, 79, 167.51, 100, 12960, 1240, 715, P0, 0x0000000000000020
2026/09/19 09:47:37.650, 0, 78, 191.04, 60, 13664, 1316, 715, P0, 0x0000000000000000
2026/09/19 09:47:37.653, 1, 78, 52.03, 0, 12960, 1227, 715, P0, 0x0000000000000000
2026/09/19 09:47:38.663, 0, 80, 159.64, 100, 13664, 1202, 715, P0, 0x0000000000000020
2026/09/19 09:47:38.666, 1, 76, 49.96, 0, 12960, 1227, 715, P0, 0x0000000000000000
2026/09/19 09:47:39.679, 0, 79, 140.77, 100, 13664, 1139, 715, P0, 0x0000000000000020
2026/09/19 09:47:39.682, 1, 75, 49.53, 0, 12960, 1227, 715, P0, 0x0000000000000000
2026/09/19 09:47:40.694, 0, 79, 137.98, 100, 13664, 1113, 715, P0, 0x0000000000000020
2026/09/19 09:47:40.697, 1, 75, 49.29, 0, 12960, 1227, 715, P0, 0x0000000000000000
2026/09/19 09:47:41.708, 0, 77, 47.05, 0, 13664, 1189, 715, P0, 0x0000000000000000
2026/09/19 09:47:41.711, 1, 79, 201.82, 100, 12960, 1328, 715, P0, 0x0000000000000000
2026/09/19 09:47:42.718, 0, 76, 46.64, 0, 13664, 1189, 715, P0, 0x0000000000000000
2026/09/19 09:47:42.721, 1, 79, 167.04, 100, 12960, 1240, 715, P0, 0x0000000000000000
2026/09/19 09:47:43.731, 0, 75, 46.40, 0, 13664, 1189, 715, P0, 0x0000000000000000
2026/09/19 09:47:43.734, 1, 79, 166.07, 100, 12960, 1240, 715, P0, 0x0000000000000000
2026/09/19 09:47:44.743, 0, 80, 169.31, 100, 13664, 1303, 715, P0, 0x0000000000000020
2026/09/19 09:47:44.746, 1, 76, 50.15, 5, 12960, 1227, 715, P0, 0x0000000000000000
2026/09/19 09:47:45.759, 0, 79, 148.81, 100, 13664, 1177, 715, P0, 0x0000000000000020
2026/09/19 09:47:45.762, 1, 75, 49.73, 0, 12960, 1227, 715, P0, 0x0000000000000000
2026/09/19 09:47:46.776, 0, 79, 142.68, 100, 13664, 1139, 715, P0, 0x0000000000000020
2026/09/19 09:47:46.779, 1, 75, 47.60, 0, 12960, 1189, 715, P0, 0x0000000000000000
2026/09/19 09:47:47.791, 0, 77, 47.57, 0, 13664, 1189, 715, P0, 0x0000000000000000
2026/09/19 09:47:47.794, 1, 78, 162.66, 100, 12960, 1328, 715, P0, 0x0000000000000000
2026/09/19 09:47:48.800, 0, 76, 46.61, 0, 13664, 1189, 715, P0, 0x0000000000000000
2026/09/19 09:47:48.803, 1, 80, 180.97, 100, 12960, 1328, 715, P0, 0x0000000000000000
2026/09/19 09:47:49.811, 0, 75, 46.41, 0, 13664, 1189, 715, P0, 0x0000000000000000
2026/09/19 09:47:49.814, 1, 79, 130.04, 100, 12960, 1189, 715, P0, 0x0000000000000000
2026/09/19 09:47:50.823, 0, 79, 206.93, 100, 13664, 1328, 715, P0, 0x0000000000000000
2026/09/19 09:47:50.826, 1, 77, 49.34, 0, 12960, 1202, 715, P0, 0x0000000000000000
2026/09/19 09:47:51.834, 0, 79, 108.75, 100, 13664, 1113, 715, P0, 0x0000000000000000
2026/09/19 09:47:51.840, 1, 75, 48.63, 0, 12960, 1202, 715, P0, 0x0000000000000000
2026/09/19 09:47:52.851, 0, 79, 126.14, 100, 13664, 1088, 715, P0, 0x0000000000000020
2026/09/19 09:47:52.858, 1, 75, 48.10, 0, 12960, 1202, 715, P0, 0x0000000000000000
2026/09/19 09:47:53.866, 0, 78, 47.41, 100, 13664, 1189, 715, P0, 0x0000000000000000
2026/09/19 09:47:53.869, 1, 76, 151.97, 32, 12960, 1202, 715, P0, 0x0000000000000000
2026/09/19 09:47:54.878, 0, 76, 46.58, 0, 13664, 1189, 715, P0, 0x0000000000000000
2026/09/19 09:47:54.881, 1, 79, 204.78, 100, 12960, 1328, 715, P0, 0x0000000000000000
2026/09/19 09:47:55.890, 0, 76, 46.41, 0, 13664, 1189, 715, P0, 0x0000000000000000
2026/09/19 09:47:55.893, 1, 80, 155.54, 100, 12960, 1215, 715, P0, 0x0000000000000020
2026/09/19 09:47:56.916, 0, 77, 154.71, 25, 13664, 1189, 715, P0, 0x0000000000000000
2026/09/19 09:47:56.919, 1, 78, 51.41, 27, 12960, 1215, 715, P0, 0x0000000000000000
2026/09/19 09:47:57.931, 0, 80, 168.85, 100, 13664, 1240, 715, P0, 0x0000000000000000
2026/09/19 09:47:57.938, 1, 76, 49.20, 0, 12960, 1215, 715, P0, 0x0000000000000000
2026/09/19 09:47:58.947, 0, 79, 142.69, 100, 13664, 1177, 715, P0, 0x0000000000000000
2026/09/19 09:47:58.950, 1, 75, 49.02, 0, 12960, 1215, 715, P0, 0x0000000000000000
2026/09/19 09:47:59.962, 0, 79, 143.78, 100, 13664, 1151, 715, P0, 0x0000000000000020
2026/09/19 09:47:59.965, 1, 75, 48.78, 0, 12960, 1215, 715, P0, 0x0000000000000000
2026/09/19 09:48:00.973, 0, 77, 53.08, 0, 13664, 1303, 715, P0, 0x0000000000000000
2026/09/19 09:48:00.976, 1, 79, 177.18, 100, 12960, 1328, 715, P0, 0x0000000000000000
2026/09/19 09:48:01.989, 0, 76, 52.49, 0, 13664, 1303, 715, P0, 0x0000000000000000
2026/09/19 09:48:01.995, 1, 79, 126.42, 100, 12960, 1189, 715, P0, 0x0000000000000000
2026/09/19 09:48:03.016, 0, 75, 52.20, 0, 13664, 1303, 715, P0, 0x0000000000000000
2026/09/19 09:48:03.020, 1, 79, 148.59, 100, 12960, 1189, 715, P0, 0x0000000000000020
2026/09/19 09:48:04.032, 0, 80, 143.64, 100, 13664, 1227, 715, P0, 0x0000000000000000
2026/09/19 09:48:04.035, 1, 76, 47.81, 13, 12960, 1189, 715, P0, 0x0000000000000000
2026/09/19 09:48:05.043, 0, 79, 103.04, 100, 13664, 1075, 715, P0, 0x0000000000000000
2026/09/19 09:48:05.046, 1, 75, 47.46, 0, 12960, 1189, 715, P0, 0x0000000000000000
2026/09/19 09:48:06.058, 0, 79, 120.87, 100, 13664, 1050, 715, P0, 0x0000000000000020
2026/09/19 09:48:06.063, 1, 75, 46.93, 0, 12960, 1189, 715, P0, 0x0000000000000000
2026/09/19 09:48:07.067, 0, 78, 51.67, 67, 13664, 1278, 715, P0, 0x0000000000000000
2026/09/19 09:48:07.069, 1, 76, 175.16, 75, 12960, 1316, 715, P0, 0x0000000000000000
2026/09/19 09:48:08.077, 0, 76, 51.35, 0, 13664, 1278, 715, P0, 0x0000000000000000
2026/09/19 09:48:08.080, 1, 79, 200.74, 100, 12960, 1328, 715, P0, 0x0000000000000000
2026/09/19 09:48:09.098, 0, 76, 50.95, 0, 13664, 1278, 715, P0, 0x0000000000000000
2026/09/19 09:48:09.101, 1, 79, 167.41, 100, 12960, 1252, 715, P0, 0x0000000000000000
2026/09/19 09:48:10.109, 0, 78, 182.63, 70, 13664, 1316, 715, P0, 0x0000000000000000
2026/09/19 09:48:10.116, 1, 78, 55.69, 0, 12960, 1303, 715, P0, 0x0000000000000000
2026/09/19 09:48:11.124, 0, 80, 163.80, 100, 13664, 1215, 715, P0, 0x0000000000000020
2026/09/19 09:48:11.127, 1, 76, 53.76, 0, 12960, 1303, 715, P0, 0x0000000000000000
2026/09/19 09:48:12.138, 0, 80, 139.30, 100, 13664, 1139, 715, P0, 0x0000000000000020
2026/09/19 09:48:12.141, 1, 75, 53.34, 0, 12960, 1303, 715, P0, 0x0000000000000000
2026/09/19 09:48:13.148, 0, 80, 140.74, 100, 13664, 1139, 715, P0, 0x0000000000000020
2026/09/19 09:48:13.151, 1, 75, 52.87, 0, 12960, 1303, 715, P0, 0x0000000000000000
2026/09/19 09:48:14.160, 0, 77, 47.05, 0, 13664, 1189, 715, P0, 0x0000000000000000
2026/09/19 09:48:14.164, 1, 79, 202.16, 100, 12960, 1328, 715, P0, 0x0000000000000000
2026/09/19 09:48:15.173, 0, 76, 46.65, 0, 13664, 1189, 715, P0, 0x0000000000000000
2026/09/19 09:48:15.180, 1, 79, 158.31, 100, 12960, 1227, 715, P0, 0x0000000000000000
2026/09/19 09:48:16.198, 0, 75, 46.18, 0, 13664, 1189, 715, P0, 0x0000000000000000
2026/09/19 09:48:16.201, 1, 80, 147.23, 100, 12960, 1252, 715, P0, 0x0000000000000000
2026/09/19 09:48:17.211, 0, 80, 169.28, 100, 13664, 1240, 715, P0, 0x0000000000000020
2026/09/19 09:48:17.214, 1, 76, 54.93, 13, 12960, 1316, 715, P0, 0x0000000000000000
2026/09/19 09:48:18.228, 0, 79, 137.96, 100, 13664, 1139, 715, P0, 0x0000000000000020
2026/09/19 09:48:18.231, 1, 76, 54.08, 0, 12960, 1316, 715, P0, 0x0000000000000000
2026/09/19 09:48:19.241, 0, 79, 137.47, 100, 13664, 1139, 715, P0, 0x0000000000000020
2026/09/19 09:48:19.244, 1, 75, 53.84, 0, 12960, 1316, 715, P0, 0x0000000000000000
2026/09/19 09:48:20.258, 0, 77, 48.28, 0, 13664, 1189, 715, P0, 0x0000000000000000
2026/09/19 09:48:20.261, 1, 78, 180.74, 100, 12960, 1328, 715, P0, 0x0000000000000000
2026/09/19 09:48:21.272, 0, 76, 47.38, 0, 13664, 1189, 715, P0, 0x0000000000000000
2026/09/19 09:48:21.279, 1, 79, 147.01, 100, 12960, 1227, 715, P0, 0x0000000000000000
2026/09/19 09:48:22.297, 0, 75, 47.12, 0, 13664, 1189, 715, P0, 0x0000000000000000
2026/09/19 09:48:22.302, 1, 79, 163.92, 100, 12960, 1227, 715, P0, 0x0000000000000020
2026/09/19 09:48:23.313, 0, 79, 195.51, 100, 13664, 1328, 715, P0, 0x0000000000000000
2026/09/19 09:48:23.316, 1, 77, 54.86, 0, 12960, 1303, 715, P0, 0x0000000000000000
2026/09/19 09:48:24.330, 0, 80, 161.76, 100, 13664, 1202, 715, P0, 0x0000000000000020
2026/09/19 09:48:24.333, 1, 76, 53.76, 0, 12960, 1303, 715, P0, 0x0000000000000000
2026/09/19 09:48:25.344, 0, 78, 122.60, 100, 13664, 1151, 715, P0, 0x0000000000000000
2026/09/19 09:48:25.347, 1, 75, 53.37, 0, 12960, 1303, 715, P0, 0x0000000000000000
2026/09/19 09:48:26.359, 0, 79, 122.30, 100, 13664, 1075, 715, P0, 0x0000000000000020
2026/09/19 09:48:26.362, 1, 75, 53.17, 0, 12960, 1303, 715, P0, 0x0000000000000000
2026/09/19 09:48:27.373, 0, 76, 47.05, 0, 13664, 1189, 715, P0, 0x0000000000000000
2026/09/19 09:48:27.378, 1, 79, 200.85, 100, 12960, 1328, 715, P0, 0x0000000000000000
2026/09/19 09:48:28.396, 0, 76, 46.64, 0, 13664, 1189, 715, P0, 0x0000000000000000
2026/09/19 09:48:28.401, 1, 79, 162.27, 100, 12960, 1215, 715, P0, 0x0000000000000020
2026/09/19 09:48:29.420, 0, 75, 46.17, 0, 13664, 1189, 715, P0, 0x0000000000000000
2026/09/19 09:48:29.423, 1, 79, 154.82, 100, 12960, 1227, 715, P0, 0x0000000000000000
2026/09/19 09:48:30.434, 0, 80, 183.42, 100, 13664, 1303, 715, P0, 0x0000000000000020
2026/09/19 09:48:30.439, 1, 76, 49.18, 0, 12960, 1202, 715, P0, 0x0000000000000000
2026/09/19 09:48:31.448, 0, 80, 127.82, 100, 13664, 1177, 715, P0, 0x0000000000000020
2026/09/19 09:48:31.451, 1, 76, 48.34, 0, 12960, 1202, 715, P0, 0x0000000000000000
2026/09/19 09:48:32.459, 0, 80, 129.27, 100, 13664, 1164, 715, P0, 0x0000000000000020
2026/09/19 09:48:32.462, 1, 75, 47.42, 0, 12960, 1189, 715, P0, 0x0000000000000000
2026/09/19 09:48:33.472, 0, 77, 48.54, 18, 13664, 1189, 715, P0, 0x0000000000000000
2026/09/19 09:48:33.475, 1, 77, 178.16, 100, 12960, 1316, 715, P0, 0x0000000000000000
2026/09/19 09:48:34.481, 0, 76, 46.81, 0, 13664, 1189, 715, P0, 0x0000000000000000
2026/09/19 09:48:34.484, 1, 80, 204.78, 100, 12960, 1328, 715, P0, 0x0000000000000000
2026/09/19 09:48:35.489, 0, 75, 46.41, 0, 13664, 1189, 715, P0, 0x0000000000000000
2026/09/19 09:48:35.492, 1, 80, 156.94, 100, 12960, 1265, 715, P0, 0x0000000000000000
2026/09/19 09:48:36.498, 0, 77, 159.88, 41, 13664, 1227, 715, P0, 0x0000000000000000
2026/09/19 09:48:36.501, 1, 78, 50.21, 13, 12960, 1189, 715, P0, 0x0000000000000000
2026/09/19 09:48:37.514, 0, 79, 154.71, 100, 13664, 1189, 715, P0, 0x0000000000000020
2026/09/19 09:48:37.520, 1, 76, 48.28, 0, 12960, 1189, 715, P0, 0x0000000000000000
2026/09/19 09:48:38.525, 0, 79, 151.93, 100, 13664, 1189, 715, P0, 0x0000000000000020
2026/09/19 09:48:38.528, 1, 75, 47.80, 0, 12960, 1189, 715, P0, 0x0000000000000000
2026/09/19 09:48:39.539, 0, 80, 148.59, 100, 13664, 1189, 715, P0, 0x0000000000000020
2026/09/19 09:48:39.546, 1, 75, 47.56, 0, 12960, 1189, 715, P0, 0x0000000000000000
2026/09/19 09:48:40.552, 0, 77, 47.10, 0, 13664, 1189, 715, P0, 0x0000000000000000
2026/09/19 09:48:40.555, 1, 78, 169.30, 100, 12960, 1328, 715, P0, 0x0000000000000000
2026/09/19 09:48:41.563, 0, 76, 47.09, 0, 13664, 1189, 715, P0, 0x0000000000000000
2026/09/19 09:48:41.566, 1, 79, 183.64, 100, 12960, 1303, 715, P0, 0x0000000000000000
2026/09/19 09:48:42.575, 0, 75, 46.93, 0, 13664, 1189, 715, P0, 0x0000000000000000
2026/09/19 09:48:42.579, 1, 79, 139.20, 100, 12960, 1227, 715, P0, 0x0000000000000000
2026/09/19 09:48:43.589, 0, 80, 209.33, 100, 13664, 1328, 715, P0, 0x0000000000000000
2026/09/19 09:48:43.592, 1, 77, 50.09, 0, 12960, 1215, 715, P0, 0x0000000000000000
2026/09/19 09:48:44.602, 0, 80, 144.98, 100, 13664, 1151, 715, P0, 0x0000000000000020
2026/09/19 09:48:44.605, 1, 76, 49.01, 0, 12960, 1215, 715, P0, 0x0000000000000000
2026/09/19 09:48:45.615, 0, 79, 146.90, 100, 13664, 1177, 715, P0, 0x0000000000000020
2026/09/19 09:48:45.618, 1, 75, 48.78, 0, 12960, 1215, 715, P0, 0x0000000000000000
2026/09/19 09:48:46.631, 0, 79, 53.90, 100, 13664, 1189, 715, P0, 0x0000000000000000
2026/09/19 09:48:46.634, 1, 75, 148.90, 0, 12960, 1215, 715, P0, 0x0000000000000000
2026/09/19 09:48:47.647, 0, 76, 47.33, 0, 13664, 1189, 715, P0, 0x0000000000000000
2026/09/19 09:48:47.650, 1, 79, 181.03, 100, 12960, 1328, 715, P0, 0x0000000000000000
2026/09/19 09:48:48.659, 0, 76, 46.93, 0, 13664, 1189, 715, P0, 0x0000000000000000
2026/09/19 09:48:48.662, 1, 79, 142.33, 100, 12960, 1139, 715, P0, 0x0000000000000020
2026/09/19 09:48:49.668, 0, 75, 46.69, 0, 13664, 1189, 715, P0, 0x0000000000000000
2026/09/19 09:48:49.671, 1, 79, 144.49, 100, 12960, 1177, 715, P0, 0x0000000000000020
2026/09/19 09:48:50.692, 0, 80, 152.05, 100, 13664, 1278, 715, P0, 0x0000000000000020
2026/09/19 09:48:50.696, 1, 76, 50.92, 0, 12960, 1252, 715, P0, 0x0000000000000000
2026/09/19 09:48:51.702, 0, 79, 143.24, 100, 13664, 1177, 715, P0, 0x0000000000000020
2026/09/19 09:48:51.705, 1, 75, 50.51, 0, 12960, 1252, 715, P0, 0x0000000000000000
2026/09/19 09:48:52.717, 0, 79, 144.59, 100, 13664, 1164, 715, P0, 0x0000000000000020
2026/09/19 09:48:52.725, 1, 75, 49.98, 0, 12960, 1252, 715, P0, 0x0000000000000000
2026/09/19 09:48:53.731, 0, 77, 53.75, 0, 13664, 1303, 715, P0, 0x0000000000000000
2026/09/19 09:48:53.734, 1, 77, 194.68, 100, 12960, 1328, 715, P0, 0x0000000000000000
2026/09/19 09:48:54.742, 0, 76, 52.59, 0, 13664, 1303, 715, P0, 0x0000000000000000
2026/09/19 09:48:54.745, 1, 79, 184.20, 100, 12960, 1316, 715, P0, 0x0000000000000000
2026/09/19 09:48:55.756, 0, 76, 52.17, 0, 13664, 1303, 715, P0, 0x0000000000000000
2026/09/19 09:48:55.761, 1, 79, 154.00, 100, 12960, 1202, 715, P0, 0x0000000000000020
2026/09/19 09:48:56.766, 0, 78, 198.51, 58, 13664, 1316, 715, P0, 0x0000000000000000
2026/09/19 09:48:56.769, 1, 77, 50.58, 0, 12960, 1202, 715, P0, 0x0000000000000000
2026/09/19 09:48:57.778, 0, 79, 125.84, 100, 13664, 1189, 715, P0, 0x0000000000000020
2026/09/19 09:48:57.781, 1, 76, 48.83, 0, 12960, 1202, 715, P0, 0x0000000000000000
2026/09/19 09:48:58.788, 0, 80, 149.30, 100, 13664, 1177, 715, P0, 0x0000000000000020
2026/09/19 09:48:58.791, 1, 75, 48.53, 0, 12960, 1202, 715, P0, 0x0000000000000000
2026/09/19 09:48:59.803, 0, 79, 144.36, 100, 13664, 1139, 715, P0, 0x0000000000000020
2026/09/19 09:48:59.813, 1, 75, 48.06, 0, 12960, 1202, 715, P0, 0x0000000000000000
2026/09/19 09:49:00.830, 0, 77, 53.98, 0, 13664, 1316, 715, P0, 0x0000000000000000
2026/09/19 09:49:00.833, 1, 78, 203.30, 100, 12960, 1328, 715, P0, 0x0000000000000000
2026/09/19 09:49:01.840, 0, 76, 53.13, 0, 13664, 1316, 715, P0, 0x0000000000000000
2026/09/19 09:49:01.843, 1, 79, 153.10, 100, 12960, 1227, 715, P0, 0x0000000000000000
2026/09/19 09:49:02.852, 0, 76, 52.84, 0, 13664, 1316, 715, P0, 0x0000000000000000
2026/09/19 09:49:02.855, 1, 80, 170.24, 100, 12960, 1252, 715, P0, 0x0000000000000020
2026/09/19 09:49:03.861, 0, 80, 208.95, 100, 13664, 1328, 715, P0, 0x0000000000000000
2026/09/19 09:49:03.866, 1, 77, 54.90, 0, 12960, 1303, 715, P0, 0x0000000000000000
2026/09/19 09:49:04.874, 0, 79, 129.17, 100, 13664, 1101, 715, P0, 0x0000000000000020
2026/09/19 09:49:04.877, 1, 76, 53.85, 0, 12960, 1303, 715, P0, 0x0000000000000000
2026/09/19 09:49:05.889, 0, 79, 137.73, 100, 13664, 1164, 715, P0, 0x0000000000000020
2026/09/19 09:49:05.892, 1, 75, 53.11, 0, 12960, 1303, 715, P0, 0x0000000000000000
2026/09/19 09:49:06.901, 0, 79, 134.13, 100, 13664, 1113, 715, P0, 0x0000000000000020
2026/09/19 09:49:06.910, 1, 75, 53.12, 0, 12960, 1303, 715, P0, 0x0000000000000000
2026/09/19 09:49:07.915, 0, 77, 51.60, 0, 13664, 1278, 715, P0, 0x0000000000000000
2026/09/19 09:49:07.918, 1, 79, 193.24, 100, 12960, 1328, 715, P0, 0x0000000000000000
2026/09/19 09:49:08.934, 0, 76, 51.25, 0, 13664, 1278, 715, P0, 0x0000000000000000
2026/09/19 09:49:08.937, 1, 79, 136.40, 100, 12960, 1139, 715, P0, 0x0000000000000020
2026/09/19 09:49:09.942, 0, 76, 51.01, 0, 13664, 1278, 715, P0, 0x0000000000000000
2026/09/19 09:49:09.945, 1, 79, 139.69, 100, 12960, 1189, 715, P0, 0x0000000000000000
2026/09/19 09:49:10.953, 0, 79, 208.94, 100, 13664, 1328, 715, P0, 0x0000000000000000
2026/09/19 09:49:10.956, 1, 77, 52.45, 0, 12960, 1278, 715, P0, 0x0000000000000000
2026/09/19 09:49:11.967, 0, 79, 114.68, 100, 13664, 1012, 715, P0, 0x0000000000000020
2026/09/19 09:49:11.970, 1, 76, 52.46, 0, 12960, 1278, 715, P0, 0x0000000000000000
2026/09/19 09:49:12.983, 0, 79, 99.90, 100, 13664, 1063, 715, P0, 0x0000000000000000
2026/09/19 09:49:12.990, 1, 75, 52.26, 0, 12960, 1278, 715, P0, 0x0000000000000000
2026/09/19 09:49:13.996, 0, 78, 132.22, 100, 13664, 1151, 715, P0, 0x0000000000000000
2026/09/19 09:49:13.999, 1, 75, 51.91, 0, 12960, 1278, 715, P0, 0x0000000000000000
2026/09/19 09:49:15.008, 0, 76, 48.74, 0, 13664, 1227, 715, P0, 0x0000000000000000
2026/09/19 09:49:15.011, 1, 79, 201.59, 100, 12960, 1328, 715, P0, 0x0000000000000000
2026/09/19 09:49:16.027, 0, 76, 48.26, 0, 13664, 1227, 715, P0, 0x0000000000000000
2026/09/19 09:49:16.030, 1, 80, 183.85, 100, 12960, 1303, 715, P0, 0x0000000000000000
2026/09/19 09:49:17.034, 0, 75, 48.11, 0, 13664, 1227, 715, P0, 0x0000000000000000
2026/09/19 09:49:17.037, 1, 79, 142.49, 100, 12960, 1164, 715, P0, 0x0000000000000020
2026/09/19 09:49:18.050, 0, 79, 208.20, 100, 13664, 1328, 715, P0, 0x0000000000000000
2026/09/19 09:49:18.053, 1, 77, 54.37, 0, 12960, 1303, 715, P0, 0x0000000000000000
2026/09/19 09:49:19.067, 0, 79, 155.87, 100, 13664, 1189, 715, P0, 0x0000000000000020
2026/09/19 09:49:19.070, 1, 76, 53.54, 0, 12960, 1303, 715, P0, 0x0000000000000000
2026/09/19 09:49:20.085, 0, 79, 114.19, 100, 13664, 1151, 715, P0, 0x0000000000000000
2026/09/19 09:49:20.090, 1, 75, 53.41, 0, 12960, 1303, 715, P0, 0x0000000000000000
2026/09/19 09:49:21.101, 0, 79, 141.74, 100, 13664, 1113, 715, P0, 0x0000000000000020
2026/09/19 09:49:21.111, 1, 75, 47.12, 0, 12960, 1189, 715, P0, 0x0000000000000000
2026/09/19 09:49:22.126, 0, 77, 47.76, 0, 13664, 1189, 715, P0, 0x0000000000000000
2026/09/19 09:49:22.129, 1, 78, 201.79, 100, 12960, 1328, 715, P0, 0x0000000000000000
2026/09/19 09:49:23.140, 0, 76, 47.31, 0, 13664, 1189, 715, P0, 0x0000000000000000
2026/09/19 09:49:23.144, 1, 80, 184.08, 100, 12960, 1303, 715, P0, 0x0000000000000000
2026/09/19 09:49:24.152, 0, 75, 46.92, 0, 13664, 1189, 715, P0, 0x0000000000000000
2026/09/19 09:49:24.155, 1, 79, 148.45, 100, 12960, 1189, 715, P0, 0x0000000000000020
2026/09/19 09:49:25.163, 0, 79, 200.66, 100, 13664, 1328, 715, P0, 0x0000000000000000
2026/09/19 09:49:25.167, 1, 77, 48.42, 0, 12960, 1189, 715, P0, 0x0000000000000000
2026/09/19 09:49:26.178, 0, 80, 157.35, 100, 13664, 1189, 715, P0, 0x0000000000000020
2026/09/19 09:49:26.181, 1, 76, 47.56, 0, 12960, 1189, 715, P0, 0x0000000000000000
2026/09/19 09:49:27.193, 0, 79, 128.47, 100, 13664, 1189, 715, P0, 0x0000000000000000
2026/09/19 09:49:27.196, 1, 75, 46.89, 0, 12960, 1189, 715, P0, 0x0000000000000000
2026/09/19 09:49:28.207, 0, 79, 144.12, 100, 13664, 1164, 715, P0, 0x0000000000000020
2026/09/19 09:49:28.210, 1, 75, 46.88, 0, 12960, 1189, 715, P0, 0x0000000000000000
2026/09/19 09:49:29.215, 0, 77, 47.05, 0, 13664, 1189, 715, P0, 0x0000000000000000
2026/09/19 09:49:29.218, 1, 79, 201.35, 100, 12960, 1328, 715, P0, 0x0000000000000000
2026/09/19 09:49:30.228, 0, 76, 46.65, 0, 13664, 1189, 715, P0, 0x0000000000000000
2026/09/19 09:49:30.231, 1, 79, 166.10, 100, 12960, 1303, 715, P0, 0x0000000000000000
2026/09/19 09:49:31.237, 0, 75, 46.21, 0, 13664, 1189, 715, P0, 0x0000000000000000
2026/09/19 09:49:31.240, 1, 79, 136.66, 100, 12960, 1227, 715, P0, 0x0000000000000000
2026/09/19 09:49:32.249, 0, 79, 176.11, 100, 13664, 1328, 715, P0, 0x0000000000000000
2026/09/19 09:49:32.252, 1, 77, 50.63, 0, 12960, 1227, 715, P0, 0x0000000000000000
2026/09/19 09:49:33.266, 0, 80, 114.44, 100, 13664, 1164, 715, P0, 0x0000000000000000
2026/09/19 09:49:33.272, 1, 76, 49.55, 0, 12960, 1227, 715, P0, 0x0000000000000000
2026/09/19 09:49:34.281, 0, 79, 151.21, 100, 13664, 1189, 715, P0, 0x0000000000000020
2026/09/19 09:49:34.284, 1, 75, 49.25, 0, 12960, 1227, 715, P0, 0x0000000000000000
2026/09/19 09:49:35.294, 0, 80, 113.07, 100, 13664, 1113, 715, P0, 0x0000000000000000
2026/09/19 09:49:35.298, 1, 75, 49.11, 0, 12960, 1227, 715, P0, 0x0000000000000000
2026/09/19 09:49:36.305, 0, 77, 53.56, 0, 13664, 1316, 715, P0, 0x0000000000000000
2026/09/19 09:49:36.308, 1, 79, 179.29, 100, 12960, 1328, 715, P0, 0x0000000000000000
2026/09/19 09:49:37.315, 0, 76, 52.88, 0, 13664, 1316, 715, P0, 0x0000000000000000
2026/09/19 09:49:37.317, 1, 79, 172.29, 100, 12960, 1265, 715, P0, 0x0000000000000020
2026/09/19 09:49:38.324, 0, 76, 52.63, 0, 13664, 1316, 715, P0, 0x0000000000000000
2026/09/19 09:49:38.327, 1, 79, 172.62, 100, 12960, 1265, 715, P0, 0x0000000000000020
2026/09/19 09:49:39.337, 0, 80, 213.23, 100, 13664, 1328, 715, P0, 0x0000000000000000
2026/09/19 09:49:39.340, 1, 77, 48.65, 0, 12960, 1189, 715, P0, 0x0000000000000000
2026/09/19 09:49:40.354, 0, 79, 112.61, 100, 13664, 1075, 715, P0, 0x0000000000000000
2026/09/19 09:49:40.357, 1, 76, 47.42, 0, 12960, 1189, 715, P0, 0x0000000000000000
2026/09/19 09:49:41.367, 0, 78, 104.49, 100, 13664, 1012, 715, P0, 0x0000000000000020
2026/09/19 09:49:41.373, 1, 75, 47.23, 0, 12960, 1189, 715, P0, 0x0000000000000000
2026/09/19 09:49:42.378, 0, 79, 122.07, 100, 13664, 1063, 715, P0, 0x0000000000000020
2026/09/19 09:49:42.380, 1, 75, 46.70, 0, 12960, 1189, 715, P0, 0x0000000000000000
2026/09/19 09:49:43.390, 0, 76, 47.05, 0, 13664, 1189, 715, P0, 0x0000000000000000
2026/09/19 09:49:43.393, 1, 78, 199.44, 100, 12960, 1328, 715, P0, 0x0000000000000000
2026/09/19 09:49:44.399, 0, 76, 46.41, 0, 13664, 1189, 715, P0, 0x0000000000000000
2026/09/19 09:49:44.402, 1, 79, 156.18, 100, 12960, 1227, 715, P0, 0x0000000000000000
2026/09/19 09:49:45.414, 0, 75, 46.17, 0, 13664, 1189, 715, P0, 0x0000000000000000
2026/09/19 09:49:45.417, 1, 79, 156.18, 100, 12960, 1227, 715, P0, 0x0000000000000020
2026/09/19 09:49:46.423, 0, 78, 198.28, 100, 13664, 1316, 715, P0, 0x0000000000000000
2026/09/19 09:49:46.426, 1, 77, 50.58, 0, 12960, 1215, 715, P0, 0x0000000000000000
2026/09/19 09:49:47.436, 0, 80, 155.19, 100, 13664, 1202, 715, P0, 0x0000000000000020
2026/09/19 09:49:47.439, 1, 76, 49.25, 0, 12960, 1215, 715, P0, 0x0000000000000000
2026/09/19 09:49:48.451, 0, 79, 133.74, 100, 13664, 1113, 715, P0, 0x0000000000000020
2026/09/19 09:49:48.454, 1, 75, 48.81, 0, 12960, 1215, 715, P0, 0x0000000000000000
2026/09/19 09:49:49.471, 0, 79, 127.18, 100, 13664, 1177, 715, P0, 0x0000000000000000
2026/09/19 09:49:49.474, 1, 75, 48.57, 0, 12960, 1215, 715, P0, 0x0000000000000000
2026/09/19 09:49:50.482, 0, 77, 47.29, 0, 13664, 1189, 715, P0, 0x0000000000000000
2026/09/19 09:49:50.488, 1, 78, 202.50, 100, 12960, 1328, 715, P0, 0x0000000000000000
2026/09/19 09:49:51.496, 0, 76, 46.37, 0, 13664, 1189, 715, P0, 0x0000000000000000
2026/09/19 09:49:51.499, 1, 79, 186.15, 100, 12960, 1316, 715, P0, 0x0000000000000000
2026/09/19 09:49:52.507, 0, 75, 46.41, 0, 13664, 1189, 715, P0, 0x0000000000000000
2026/09/19 09:49:52.510, 1, 79, 165.03, 100, 12960, 1265, 715, P0, 0x0000000000000000
2026/09/19 09:49:53.521, 0, 78, 162.73, 100, 13664, 1316, 715, P0, 0x0000000000000000
2026/09/19 09:49:53.526, 1, 77, 51.16, 7, 12960, 1215, 715, P0, 0x0000000000000000
2026/09/19 09:49:54.536, 0, 80, 137.74, 100, 13664, 1202, 715, P0, 0x0000000000000000
2026/09/19 09:49:54.539, 1, 76, 49.29, 0, 12960, 1215, 715, P0, 0x0000000000000000
2026/09/19 09:49:55.550, 0, 79, 95.63, 100, 13664, 1050, 715, P0, 0x0000000000000000
2026/09/19 09:49:55.554, 1, 75, 48.91, 0, 12960, 1215, 715, P0, 0x0000000000000000
2026/09/19 09:49:56.564, 0, 79, 109.76, 100, 13664, 1075, 715, P0, 0x0000000000000020
2026/09/19 09:49:56.572, 1, 75, 48.91, 0, 12960, 1215, 715, P0, 0x0000000000000000
2026/09/19 09:49:57.578, 0, 77, 49.26, 0, 13664, 1215, 715, P0, 0x0000000000000000
2026/09/19 09:49:57.581, 1, 77, 185.42, 100, 12960, 1328, 715, P0, 0x0000000000000000
2026/09/19 09:49:58.592, 0, 76, 47.81, 0, 13664, 1215, 715, P0, 0x0000000000000000
2026/09/19 09:49:58.595, 1, 79, 186.38, 100, 12960, 1316, 715, P0, 0x0000000000000020
2026/09/19 09:49:59.608, 0, 75, 47.34, 0, 13664, 1215, 715, P0, 0x0000000000000000
2026/09/19 09:49:59.613, 1, 79, 169.55, 100, 12960, 1252, 715, P0, 0x0000000000000020
2026/09/19 09:50:00.631, 0, 76, 152.76, 0, 13664, 1189, 715, P0, 0x0000000000000000
2026/09/19 09:50:00.634, 1, 79, 54.27, 96, 12960, 1252, 715, P0, 0x0000000000000000
2026/09/19 09:50:01.643, 0, 79, 159.37, 100, 13664, 1202, 715, P0, 0x0000000000000000
2026/09/19 09:50:01.646, 1, 76, 51.40, 0, 12960, 1252, 715, P0, 0x0000000000000000
2026/09/19 09:50:02.657, 0, 79, 121.56, 100, 13664, 1189, 715, P0, 0x0000000000000000
2026/09/19 09:50:02.660, 1, 75, 50.99, 0, 12960, 1252, 715, P0, 0x0000000000000000
2026/09/19 09:50:03.672, 0, 79, 146.03, 100, 13664, 1177, 715, P0, 0x0000000000000020
2026/09/19 09:50:03.675, 1, 75, 50.45, 0, 12960, 1252, 715, P0, 0x0000000000000000
2026/09/19 09:50:04.693, 0, 77, 54.33, 0, 13664, 1316, 715, P0, 0x0000000000000000
2026/09/19 09:50:04.698, 1, 77, 162.26, 91, 12960, 1328, 715, P0, 0x0000000000000000
2026/09/19 09:50:05.704, 0, 76, 53.12, 0, 13664, 1316, 715, P0, 0x0000000000000000
2026/09/19 09:50:05.708, 1, 79, 170.25, 100, 12960, 1290, 715, P0, 0x0000000000000000
2026/09/19 09:50:06.717, 0, 76, 52.89, 0, 13664, 1316, 715, P0, 0x0000000000000000
2026/09/19 09:50:06.720, 1, 79, 154.57, 100, 12960, 1252, 715, P0, 0x0000000000000000
2026/09/19 09:50:07.726, 0, 76, 52.69, 0, 13664, 1316, 715, P0, 0x0000000000000000
2026/09/19 09:50:07.730, 1, 79, 145.09, 100, 12960, 1177, 715, P0, 0x0000000000000020
2026/09/19 09:50:08.738, 0, 80, 147.15, 100, 13664, 1177, 715, P0, 0x0000000000000020
2026/09/19 09:50:08.742, 1, 76, 50.70, 15, 12960, 1252, 715, P0, 0x0000000000000000
2026/09/19 09:50:09.756, 0, 79, 144.60, 100, 13664, 1189, 715, P0, 0x0000000000000000
2026/09/19 09:50:09.761, 1, 75, 50.22, 0, 12960, 1252, 715, P0, 0x0000000000000000
2026/09/19 09:50:10.771, 0, 79, 127.34, 100, 13664, 1101, 715, P0, 0x0000000000000020
2026/09/19 09:50:10.774, 1, 75, 47.65, 0, 12960, 1189, 715, P0, 0x0000000000000000
2026/09/19 09:50:11.786, 0, 78, 47.89, 100, 13664, 1189, 715, P0, 0x0000000000000000
2026/09/19 09:50:11.789, 1, 75, 148.45, 39, 12960, 1189, 715, P0, 0x0000000000000000
2026/09/19 09:50:12.798, 0, 76, 46.80, 0, 13664, 1189, 715, P0, 0x0000000000000000
2026/09/19 09:50:12.801, 1, 79, 204.54, 100, 12960, 1328, 715, P0, 0x0000000000000000
2026/09/19 09:50:13.805, 0, 76, 46.61, 0, 13664, 1189, 715, P0, 0x0000000000000000
2026/09/19 09:50:13.809, 1, 79, 171.00, 100, 12960, 1252, 715, P0, 0x0000000000000020
2026/09/19 09:50:14.816, 0, 75, 46.41, 0, 13664, 1189, 715, P0, 0x0000000000000000
2026/09/19 09:50:14.820, 1, 79, 156.15, 100, 12960, 1227, 715, P0, 0x0000000000000020
2026/09/19 09:50:15.830, 0, 80, 180.98, 100, 13664, 1240, 715, P0, 0x0000000000000020
2026/09/19 09:50:15.833, 1, 76, 55.17, 5, 12960, 1316, 715, P0, 0x0000000000000000
2026/09/19 09:50:16.846, 0, 79, 113.46, 100, 13664, 1139, 715, P0, 0x0000000000000020
2026/09/19 09:50:16.848, 1, 76, 54.38, 0, 12960, 1316, 715, P0, 0x0000000000000000
2026/09/19 09:50:17.860, 0, 79, 143.38, 100, 13664, 1189, 715, P0, 0x0000000000000020
2026/09/19 09:50:17.863, 1, 75, 53.82, 0, 12960, 1316, 715, P0, 0x0000000000000000
2026/09/19 09:50:18.877, 0, 79, 144.97, 100, 13664, 1139, 715, P0, 0x0000000000000020
2026/09/19 09:50:18.887, 1, 75, 53.59, 0, 12960, 1316, 715, P0, 0x0000000000000000
2026/09/19 09:50:19.907, 0, 77, 53.51, 0, 13664, 1316, 715, P0, 0x0000000000000000
2026/09/19 09:50:19.910, 1, 79, 203.32, 100, 12960, 1328, 715, P0, 0x0000000000000000
2026/09/19 09:50:20.917, 0, 76, 53.12, 0, 13664, 1316, 715, P0, 0x0000000000000000
2026/09/19 09:50:20.921, 1, 79, 167.62, 100, 12960, 1240, 715, P0, 0x0000000000000000
2026/09/19 09:50:21.935, 0, 76, 52.64, 0, 13664, 1316, 715, P0, 0x0000000000000000
2026/09/19 09:50:21.941, 1, 79, 166.91, 100, 12960, 1240, 715, P0, 0x0000000000000000
2026/09/19 09:50:22.947, 0, 80, 203.15, 100, 13664, 1328, 715, P0, 0x0000000000000000
2026/09/19 09:50:22.950, 1, 76, 48.90, 0, 12960, 1189, 715, P0, 0x0000000000000000
2026/09/19 09:50:23.961, 0, 79, 134.40, 100, 13664, 1113, 715, P0, 0x0000000000000020
2026/09/19 09:50:23.964, 1, 76, 47.61, 0, 12960, 1189, 715, P0, 0x0000000000000000
2026/09/19 09:50:24.972, 0, 79, 133.75, 100, 13664, 1113, 715, P0, 0x0000000000000020
2026/09/19 09:50:24.975, 1, 75, 47.13, 0, 12960, 1189, 715, P0, 0x0000000000000000
2026/09/19 09:50:25.988, 0, 79, 133.75, 100, 13664, 1113, 715, P0, 0x0000000000000020
2026/09/19 09:50:25.991, 1, 75, 46.92, 0, 12960, 1189, 715, P0, 0x0000000000000000
2026/09/19 09:50:27.000, 0, 77, 51.83, 0, 13664, 1278, 715, P0, 0x0000000000000000
2026/09/19 09:50:27.003, 1, 78, 199.87, 100, 12960, 1328, 715, P0, 0x0000000000000000
2026/09/19 09:50:28.019, 0, 76, 51.15, 0, 13664, 1278, 715, P0, 0x0000000000000000
2026/09/19 09:50:28.023, 1, 80, 183.61, 100, 12960, 1303, 715, P0, 0x0000000000000000
2026/09/19 09:50:29.033, 0, 76, 50.72, 0, 13664, 1278, 715, P0, 0x0000000000000000
2026/09/19 09:50:29.039, 1, 79, 156.13, 100, 12960, 1202, 715, P0, 0x0000000000000020
2026/09/19 09:50:30.045, 0, 78, 193.40, 100, 13664, 1328, 715, P0, 0x0000000000000000
2026/09/19 09:50:30.047, 1, 77, 50.10, 0, 12960, 1202, 715, P0, 0x0000000000000000
2026/09/19 09:50:31.058, 0, 79, 154.95, 100, 13664, 1164, 715, P0, 0x0000000000000020
2026/09/19 09:50:31.068, 1, 76, 48.76, 0, 12960, 1202, 715, P0, 0x0000000000000000
2026/09/19 09:50:32.072, 0, 79, 119.66, 100, 13664, 1189, 715, P0, 0x0000000000000000
2026/09/19 09:50:32.073, 1, 75, 48.34, 0, 12960, 1202, 715, P0, 0x0000000000000000
2026/09/19 09:50:33.087, 0, 79, 126.70, 100, 13664, 1177, 715, P0, 0x0000000000000000
2026/09/19 09:50:33.090, 1, 75, 48.09, 0, 12960, 1202, 715, P0, 0x0000000000000000
2026/09/19 09:50:34.102, 0, 77, 48.26, 0, 13664, 1189, 715, P0, 0x0000000000000000
2026/09/19 09:50:34.105, 1, 77, 194.80, 100, 12960, 1328, 715, P0, 0x0000000000000000
2026/09/19 09:50:35.109, 0, 76, 47.05, 0, 13664, 1189, 715, P0, 0x0000000000000000
2026/09/19 09:50:35.111, 1, 80, 205.02, 100, 12960, 1328, 715, P0, 0x0000000000000000
2026/09/19 09:50:36.124, 0, 76, 46.40, 0, 13664, 1189, 715, P0, 0x0000000000000000
2026/09/19 09:50:36.127, 1, 79, 169.56, 100, 12960, 1252, 715, P0, 0x0000000000000020
2026/09/19 09:50:37.135, 0, 75, 46.20, 0, 13664, 1189, 715, P0, 0x0000000000000000
2026/09/19 09:50:37.138, 1, 79, 146.32, 100, 12960, 1189, 715, P0, 0x0000000000000000
2026/09/19 09:50:38.145, 0, 80, 152.53, 100, 13664, 1177, 715, P0, 0x0000000000000020
2026/09/19 09:50:38.149, 1, 76, 52.85, 15, 12960, 1290, 715, P0, 0x0000000000000000
2026/09/19 09:50:39.160, 0, 80, 136.91, 100, 13664, 1189, 715, P0, 0x0000000000000000
2026/09/19 09:50:39.167, 1, 76, 52.39, 0, 12960, 1290, 715, P0, 0x0000000000000000
2026/09/19 09:50:40.177, 0, 79, 141.23, 100, 13664, 1189, 715, P0, 0x0000000000000000
2026/09/19 09:50:40.180, 1, 75, 51.90, 0, 12960, 1290, 715, P0, 0x0000000000000000
2026/09/19 09:50:41.185, 0, 79, 61.31, 100, 13664, 1189, 715, P0, 0x0000000000000000
2026/09/19 09:50:41.188, 1, 75, 153.75, 0, 12960, 1290, 715, P0, 0x0000000000000000
2026/09/19 09:50:42.193, 0, 76, 46.81, 0, 13664, 1189, 715, P0, 0x0000000000000000
2026/09/19 09:50:42.196, 1, 79, 201.35, 100, 12960, 1328, 715, P0, 0x0000000000000000
2026/09/19 09:50:43.205, 0, 76, 46.44, 0, 13664, 1189, 715, P0, 0x0000000000000000
2026/09/19 09:50:43.208, 1, 79, 155.94, 100, 12960, 1278, 715, P0, 0x0000000000000020
2026/09/19 09:50:44.215, 0, 75, 46.16, 0, 13664, 1189, 715, P0, 0x0000000000000000
2026/09/19 09:50:44.219, 1, 79, 165.12, 100, 12960, 1227, 715, P0, 0x0000000000000020
2026/09/19 09:50:45.231, 0, 79, 206.23, 100, 13664, 1328, 715, P0, 0x0000000000000000
2026/09/19 09:50:45.234, 1, 77, 50.57, 0, 12960, 1227, 715, P0, 0x0000000000000000
2026/09/19 09:50:46.248, 0, 79, 156.87, 100, 13664, 1189, 715, P0, 0x0000000000000020
2026/09/19 09:50:46.251, 1, 76, 49.72, 0, 12960, 1227, 715, P0, 0x0000000000000000
2026/09/19 09:50:47.263, 0, 79, 129.18, 100, 13664, 1189, 715, P0, 0x0000000000000000
2026/09/19 09:50:47.267, 1, 75, 49.30, 0, 12960, 1227, 715, P0, 0x0000000000000000
2026/09/19 09:50:48.276, 0, 79, 111.62, 100, 13664, 1101, 715, P0, 0x0000000000000020
2026/09/19 09:50:48.279, 1, 75, 49.35, 0, 12960, 1227, 715, P0, 0x0000000000000000
2026/09/19 09:50:49.286, 0, 77, 47.05, 0, 13664, 1189, 715, P0, 0x0000000000000000
2026/09/19 09:50:49.289, 1, 78, 202.88, 100, 12960, 1328, 715, P0, 0x0000000000000000
2026/09/19 09:50:50.295, 0, 76, 46.36, 0, 13664, 1189, 715, P0, 0x0000000000000000
2026/09/19 09:50:50.298, 1, 80, 187.57, 100, 12960, 1316, 715, P0, 0x0000000000000000
2026/09/19 09:50:51.305, 0, 75, 46.22, 0, 13664, 1189, 715, P0, 0x0000000000000000
2026/09/19 09:50:51.308, 1, 79, 125.97, 100, 12960, 1113, 715, P0, 0x0000000000000000
2026/09/19 09:50:52.315, 0, 77, 169.28, 69, 13664, 1316, 715, P0, 0x0000000000000000
2026/09/19 09:50:52.318, 1, 78, 53.73, 73, 12960, 1290, 715, P0, 0x0000000000000000
2026/09/19 09:50:53.329, 0, 80, 135.82, 100, 13664, 1113, 715, P0, 0x0000000000000020
2026/09/19 09:50:53.331, 1, 76, 52.40, 0, 12960, 1290, 715, P0, 0x0000000000000000
2026/09/19 09:50:54.343, 0, 79, 144.35, 100, 13664, 1139, 715, P0, 0x0000000000000020
2026/09/19 09:50:54.349, 1, 75, 52.14, 0, 12960, 1290, 715, P0, 0x0000000000000000
2026/09/19 09:50:55.358, 0, 79, 138.23, 100, 13664, 1139, 715, P0, 0x0000000000000020
2026/09/19 09:50:55.366, 1, 75, 47.12, 0, 12960, 1189, 715, P0, 0x0000000000000000
2026/09/19 09:50:56.375, 0, 78, 51.96, 81, 13664, 1265, 715, P0, 0x0000000000000000
2026/09/19 09:50:56.378, 1, 75, 148.68, 0, 12960, 1189, 715, P0, 0x0000000000000000
2026/09/19 09:50:57.400, 0, 76, 50.89, 0, 13664, 1265, 715, P0, 0x0000000000000000
2026/09/19 09:50:57.405, 1, 79, 204.53, 100, 12960, 1328, 715, P0, 0x0000000000000000
2026/09/19 09:50:58.421, 0, 76, 50.43, 0, 13664, 1265, 715, P0, 0x0000000000000000
2026/09/19 09:50:58.424, 1, 80, 183.85, 100, 12960, 1290, 715, P0, 0x0000000000000020
2026/09/19 09:50:59.437, 0, 75, 46.41, 0, 13664, 1189, 715, P0, 0x0000000000000000
2026/09/19 09:50:59.440, 1, 79, 158.31, 100, 12960, 1227, 715, P0, 0x0000000000000000
2026/09/19 09:51:00.463, 0, 80, 210.59, 100, 13664, 1303, 715, P0, 0x0000000000000020
2026/09/19 09:51:00.466, 1, 76, 54.43, 0, 12960, 1303, 715, P0, 0x0000000000000000
2026/09/19 09:51:01.476, 0, 79, 142.67, 100, 13664, 1189, 715, P0, 0x0000000000000000
2026/09/19 09:51:01.480, 1, 76, 53.58, 0, 12960, 1303, 715, P0, 0x0000000000000000
2026/09/19 09:51:02.492, 0, 79, 110.84, 100, 13664, 1063, 715, P0, 0x0000000000000000
2026/09/19 09:51:02.495, 1, 75, 53.18, 0, 12960, 1303, 715, P0, 0x0000000000000000
2026/09/19 09:51:03.507, 0, 79, 115.64, 100, 13664, 1025, 715, P0, 0x0000000000000020
2026/09/19 09:51:03.510, 1, 75, 52.93, 0, 12960, 1303, 715, P0, 0x0000000000000000
2026/09/19 09:51:04.521, 0, 76, 48.74, 0, 13664, 1227, 715, P0, 0x0000000000000000
2026/09/19 09:51:04.525, 1, 78, 201.69, 100, 12960, 1328, 715, P0, 0x0000000000000000
2026/09/19 09:51:05.532, 0, 76, 48.26, 0, 13664, 1227, 715, P0, 0x0000000000000000
2026/09/19 09:51:05.535, 1, 79, 187.54, 100, 12960, 1316, 715, P0, 0x0000000000000000
2026/09/19 09:51:06.540, 0, 75, 47.86, 0, 13664, 1227, 715, P0, 0x0000000000000000
2026/09/19 09:51:06.544, 1, 79, 155.91, 100, 12960, 1227, 715, P0, 0x0000000000000000
2026/09/19 09:51:07.551, 0, 77, 167.40, 38, 13664, 1227, 715, P0, 0x0000000000000000
2026/09/19 09:51:07.554, 1, 78, 52.58, 100, 12960, 1215, 715, P0, 0x0000000000000000
2026/09/19 09:51:08.564, 0, 80, 176.62, 100, 13664, 1252, 715, P0, 0x0000000000000000
2026/09/19 09:51:08.567, 1, 76, 49.67, 0, 12960, 1215, 715, P0, 0x0000000000000000
2026/09/19 09:51:09.581, 0, 79, 144.60, 100, 13664, 1139, 715, P0, 0x0000000000000020
2026/09/19 09:51:09.588, 1, 75, 49.04, 0, 12960, 1215, 715, P0, 0x0000000000000000
2026/09/19 09:51:10.594, 0, 79, 144.84, 100, 13664, 1151, 715, P0, 0x0000000000000020
2026/09/19 09:51:10.597, 1, 75, 48.78, 0, 12960, 1215, 715, P0, 0x0000000000000000
2026/09/19 09:51:11.608, 0, 78, 49.31, 100, 13664, 1202, 715, P0, 0x0000000000000000
2026/09/19 09:51:11.611, 1, 76, 154.82, 0, 12960, 1215, 715, P0, 0x0000000000000000
2026/09/19 09:51:12.617, 0, 76, 47.77, 0, 13664, 1202, 715, P0, 0x0000000000000000
2026/09/19 09:51:12.623, 1, 79, 204.78, 100, 12960, 1328, 715, P0, 0x0000000000000000
2026/09/19 09:51:13.640, 0, 76, 47.38, 0, 13664, 1202, 715, P0, 0x0000000000000000
2026/09/19 09:51:13.643, 1, 79, 157.68, 100, 12960, 1278, 715, P0, 0x0000000000000020
2026/09/19 09:51:14.655, 0, 75, 47.13, 0, 13664, 1202, 715, P0, 0x0000000000000000
2026/09/19 09:51:14.658, 1, 79, 164.40, 100, 12960, 1227, 715, P0, 0x0000000000000020
2026/09/19 09:51:15.666, 0, 79, 194.51, 100, 13664, 1328, 715, P0, 0x0000000000000000
2026/09/19 09:51:15.668, 1, 77, 50.58, 0, 12960, 1227, 715, P0, 0x0000000000000000
2026/09/19 09:51:16.679, 0, 80, 157.80, 100, 13664, 1189, 715, P0, 0x0000000000000020
2026/09/19 09:51:16.683, 1, 76, 49.97, 0, 12960, 1227, 715, P0, 0x0000000000000000
2026/09/19 09:51:17.697, 0, 79, 138.94, 100, 13664, 1139, 715, P0, 0x0000000000000020
2026/09/19 09:51:17.704, 1, 75, 49.51, 0, 12960, 1227, 715, P0, 0x0000000000000000
2026/09/19 09:51:18.723, 0, 79, 138.70, 100, 13664, 1139, 715, P0, 0x0000000000000020
2026/09/19 09:51:18.726, 1, 75, 49.29, 0, 12960, 1227, 715, P0, 0x0000000000000000
2026/09/19 09:51:19.735, 0, 77, 52.61, 0, 13664, 1290, 715, P0, 0x0000000000000000
2026/09/19 09:51:19.738, 1, 78, 172.12, 100, 12960, 1328, 715, P0, 0x0000000000000000
2026/09/19 09:51:20.748, 0, 76, 52.10, 0, 13664, 1290, 715, P0, 0x0000000000000000
2026/09/19 09:51:20.751, 1, 80, 188.48, 100, 12960, 1316, 715, P0, 0x0000000000000000
2026/09/19 09:51:21.768, 0, 76, 51.71, 0, 13664, 1290, 715, P0, 0x0000000000000000
2026/09/19 09:51:21.771, 1, 79, 155.66, 100, 12960, 1227, 715, P0, 0x0000000000000000
2026/09/19 09:51:22.779, 0, 77, 183.30, 8, 13664, 1290, 715, P0, 0x0000000000000000
2026/09/19 09:51:22.782, 1, 78, 52.29, 100, 12960, 1202, 715, P0, 0x0000000000000000
2026/09/19 09:51:23.791, 0, 80, 157.95, 100, 13664, 1278, 715, P0, 0x0000000000000000
2026/09/19 09:51:23.794, 1, 76, 48.76, 7, 12960, 1202, 715, P0, 0x0000000000000000
2026/09/19 09:51:24.806, 0, 79, 138.47, 100, 13664, 1139, 715, P0, 0x0000000000000020
2026/09/19 09:51:24.808, 1, 75, 48.35, 0, 12960, 1202, 715, P0, 0x0000000000000000
2026/09/19 09:51:25.816, 0, 79, 136.79, 100, 13664, 1126, 715, P0, 0x0000000000000020
2026/09/19 09:51:25.824, 1, 75, 48.33, 0, 12960, 1202, 715, P0, 0x0000000000000000
2026/09/19 09:51:26.834, 0, 80, 136.79, 100, 13664, 1126, 715, P0, 0x0000000000000020
2026/09/19 09:51:26.837, 1, 74, 47.85, 0, 12960, 1202, 715, P0, 0x0000000000000000
2026/09/19 09:51:27.852, 0, 76, 47.05, 0, 13664, 1189, 715, P0, 0x0000000000000000
2026/09/19 09:51:27.856, 1, 79, 202.54, 100, 12960, 1328, 715, P0, 0x0000000000000000
2026/09/19 09:51:28.861, 0, 76, 46.69, 0, 13664, 1189, 715, P0, 0x0000000000000000
2026/09/19 09:51:28.864, 1, 79, 140.45, 100, 12960, 1227, 715, P0, 0x0000000000000000
2026/09/19 09:51:29.870, 0, 75, 46.18, 0, 13664, 1189, 715, P0, 0x0000000000000000
2026/09/19 09:51:29.873, 1, 79, 151.25, 100, 12960, 1227, 715, P0, 0x0000000000000020
2026/09/19 09:51:30.882, 0, 79, 201.84, 100, 13664, 1328, 715, P0, 0x0000000000000000
2026/09/19 09:51:30.884, 1, 77, 51.53, 0, 12960, 1252, 715, P0, 0x0000000000000000
2026/09/19 09:51:31.896, 0, 80, 126.29, 100, 13664, 1189, 715, P0, 0x0000000000000000
2026/09/19 09:51:31.899, 1, 76, 50.51, 0, 12960, 1252, 715, P0, 0x0000000000000000
2026/09/19 09:51:32.914, 0, 79, 119.25, 100, 13664, 1050, 715, P0, 0x0000000000000020
2026/09/19 09:51:32.918, 1, 75, 50.04, 0, 12960, 1252, 715, P0, 0x0000000000000000
2026/09/19 09:51:33.931, 0, 79, 130.38, 100, 13664, 1101, 715, P0, 0x0000000000000020
2026/09/19 09:51:33.934, 1, 75, 50.03, 0, 12960, 1252, 715, P0, 0x0000000000000000
2026/09/19 09:51:34.942, 0, 78, 48.38, 22, 13664, 1189, 715, P0, 0x0000000000000000
2026/09/19 09:51:34.945, 1, 76, 147.49, 40, 12960, 1290, 715, P0, 0x0000000000000000
2026/09/19 09:51:35.963, 0, 76, 46.57, 0, 13664, 1189, 715, P0, 0x0000000000000000
2026/09/19 09:51:35.966, 1, 79, 204.54, 100, 12960, 1328, 715, P0, 0x0000000000000000
2026/09/19 09:51:36.973, 0, 75, 46.37, 0, 13664, 1189, 715, P0, 0x0000000000000000
2026/09/19 09:51:36.977, 1, 79, 170.76, 100, 12960, 1252, 715, P0, 0x0000000000000020
2026/09/19 09:51:37.984, 0, 75, 46.17, 0, 13664, 1189, 715, P0, 0x0000000000000000
2026/09/19 09:51:37.987, 1, 79, 154.82, 100, 12960, 1215, 715, P0, 0x0000000000000020
2026/09/19 09:51:38.997, 0, 79, 208.48, 100, 13664, 1328, 715, P0, 0x0000000000000000
2026/09/19 09:51:39.000, 1, 77, 53.18, 0, 12960, 1290, 715, P0, 0x0000000000000000
2026/09/19 09:51:40.014, 0, 80, 147.85, 100, 13664, 1164, 715, P0, 0x0000000000000020
2026/09/19 09:51:40.017, 1, 76, 52.38, 0, 12960, 1290, 715, P0, 0x0000000000000000
2026/09/19 09:51:41.025, 0, 79, 137.65, 100, 13664, 1101, 715, P0, 0x0000000000000020
2026/09/19 09:51:41.030, 1, 75, 52.15, 0, 12960, 1290, 715, P0, 0x0000000000000000
2026/09/19 09:51:42.035, 0, 79, 140.38, 100, 13664, 1189, 715, P0, 0x0000000000000000
2026/09/19 09:51:42.038, 1, 75, 47.12, 0, 12960, 1189, 715, P0, 0x0000000000000000
2026/09/19 09:51:43.046, 0, 77, 53.31, 0, 13664, 1303, 715, P0, 0x0000000000000000
2026/09/19 09:51:43.049, 1, 78, 188.96, 100, 12960, 1328, 715, P0, 0x0000000000000000
2026/09/19 09:51:44.057, 0, 76, 52.35, 0, 13664, 1303, 715, P0, 0x0000000000000000
2026/09/19 09:51:44.060, 1, 80, 177.40, 100, 12960, 1328, 715, P0, 0x0000000000000000
2026/09/19 09:51:45.067, 0, 76, 52.20, 0, 13664, 1303, 715, P0, 0x0000000000000000
2026/09/19 09:51:45.070, 1, 79, 147.24, 100, 12960, 1189, 715, P0, 0x0000000000000020
2026/09/19 09:51:46.077, 0, 75, 46.21, 0, 13664, 1189, 715, P0, 0x0000000000000000
2026/09/19 09:51:46.080, 1, 79, 144.89, 100, 12960, 1189, 715, P0, 0x0000000000000020
2026/09/19 09:51:47.104, 0, 80, 165.24, 100, 13664, 1316, 715, P0, 0x0000000000000000
2026/09/19 09:51:47.107, 1, 76, 54.00, 16, 12960, 1303, 715, P0, 0x0000000000000000
2026/09/19 09:51:48.117, 0, 79, 120.85, 100, 13664, 1177, 715, P0, 0x0000000000000000
2026/09/19 09:51:48.119, 1, 76, 53.40, 0, 12960, 1303, 715, P0, 0x0000000000000000
2026/09/19 09:51:49.127, 0, 79, 117.56, 100, 13664, 1050, 715, P0, 0x0000000000000000
2026/09/19 09:51:49.135, 1, 75, 53.17, 0, 12960, 1303, 715, P0, 0x0000000000000000
2026/09/19 09:51:50.143, 0, 79, 127.49, 100, 13664, 1101, 715, P0, 0x0000000000000020
2026/09/19 09:51:50.146, 1, 75, 52.91, 0, 12960, 1303, 715, P0, 0x0000000000000000
2026/09/19 09:51:51.156, 0, 76, 47.28, 0, 13664, 1189, 715, P0, 0x0000000000000000
2026/09/19 09:51:51.159, 1, 79, 203.35, 100, 12960, 1328, 715, P0, 0x0000000000000000
2026/09/19 09:51:52.168, 0, 76, 46.64, 0, 13664, 1189, 715, P0, 0x0000000000000000
2026/09/19 09:51:52.171, 1, 79, 159.40, 100, 12960, 1265, 715, P0, 0x0000000000000000
2026/09/19 09:51:53.180, 0, 75, 46.16, 0, 13664, 1189, 715, P0, 0x0000000000000000
2026/09/19 09:51:53.183, 1, 79, 159.72, 100, 12960, 1215, 715, P0, 0x0000000000000000
2026/09/19 09:51:54.203, 0, 76, 150.97, 28, 13664, 1189, 715, P0, 0x0000000000000000
2026/09/19 09:51:54.207, 1, 78, 51.90, 100, 12960, 1227, 715, P0, 0x0000000000000000
2026/09/19 09:51:55.220, 0, 79, 141.48, 100, 13664, 1227, 715, P0, 0x0000000000000020
2026/09/19 09:51:55.223, 1, 76, 49.99, 0, 12960, 1227, 715, P0, 0x0000000000000000
2026/09/19 09:51:56.234, 0, 79, 119.90, 100, 13664, 1189, 715, P0, 0x0000000000000000
2026/09/19 09:51:56.237, 1, 75, 49.79, 0, 12960, 1227, 715, P0, 0x0000000000000000
2026/09/19 09:51:57.248, 0, 79, 144.60, 100, 13664, 1164, 715, P0, 0x0000000000000020
2026/09/19 09:51:57.253, 1, 75, 49.28, 0, 12960, 1227, 715, P0, 0x0000000000000000
2026/09/19 09:51:58.262, 0, 79, 127.74, 100, 13664, 1101, 715, P0, 0x0000000000000020
2026/09/19 09:51:58.266, 1, 75, 49.07, 0, 12960, 1227, 715, P0, 0x0000000000000000
2026/09/19 09:51:59.275, 0, 76, 47.05, 0, 13664, 1189, 715, P0, 0x0000000000000000
2026/09/19 09:51:59.278, 1, 79, 193.61, 100, 12960, 1328, 715, P0, 0x0000000000000000
2026/09/19 09:52:00.284, 0, 76, 46.64, 0, 13664, 1189, 715, P0, 0x0000000000000000
2026/09/19 09:52:00.290, 1, 79, 164.64, 100, 12960, 1227, 715, P0, 0x0000000000000020
2026/09/19 09:52:01.304, 0, 75, 46.43, 0, 13664, 1189, 715, P0, 0x0000000000000000
2026/09/19 09:52:01.309, 1, 79, 134.82, 100, 12960, 1227, 715, P0, 0x0000000000000020
2026/09/19 09:52:02.316, 0, 78, 178.28, 100, 13664, 1316, 715, P0, 0x0000000000000000
2026/09/19 09:52:02.319, 1, 77, 50.63, 0, 12960, 1215, 715, P0, 0x0000000000000000
2026/09/19 09:52:03.325, 0, 80, 170.99, 100, 13664, 1189, 715, P0, 0x0000000000000020
2026/09/19 09:52:03.333, 1, 76, 49.47, 0, 12960, 1215, 715, P0, 0x0000000000000000
2026/09/19 09:52:04.354, 0, 79, 141.97, 100, 13664, 1139, 715, P0, 0x0000000000000020
2026/09/19 09:52:04.357, 1, 75, 49.05, 0, 12960, 1215, 715, P0, 0x0000000000000000
2026/09/19 09:52:05.369, 0, 79, 152.56, 100, 13664, 1202, 715, P0, 0x0000000000000020
2026/09/19 09:52:05.375, 1, 75, 48.76, 0, 12960, 1215, 715, P0, 0x0000000000000000
2026/09/19 09:52:06.381, 0, 78, 48.33, 23, 13664, 1189, 715, P0, 0x0000000000000000
2026/09/19 09:52:06.384, 1, 76, 158.52, 47, 12960, 1328, 715, P0, 0x0000000000000000
2026/09/19 09:52:07.391, 0, 76, 47.03, 0, 13664, 1189, 715, P0, 0x0000000000000000
2026/09/19 09:52:07.395, 1, 79, 204.75, 100, 12960, 1328, 715, P0, 0x0000000000000000
2026/09/19 09:52:08.407, 0, 76, 46.44, 0, 13664, 1189, 715, P0, 0x0000000000000000
2026/09/19 09:52:08.410, 1, 79, 132.91, 100, 12960, 1139, 715, P0, 0x0000000000000020
2026/09/19 09:52:09.418, 0, 75, 46.44, 0, 13664, 1189, 715, P0, 0x0000000000000000
2026/09/19 09:52:09.421, 1, 79, 141.37, 100, 12960, 1164, 715, P0, 0x0000000000000020
2026/09/19 09:52:10.431, 0, 79, 195.78, 100, 13664, 1328, 715, P0, 0x0000000000000000
2026/09/19 09:52:10.434, 1, 77, 49.62, 0, 12960, 1202, 715, P0, 0x0000000000000000
2026/09/19 09:52:11.442, 0, 80, 129.27, 100, 13664, 1189, 715, P0, 0x0000000000000000
2026/09/19 09:52:11.445, 1, 76, 48.33, 0, 12960, 1202, 715, P0, 0x0000000000000000
2026/09/19 09:52:12.460, 0, 80, 148.10, 100, 13664, 1177, 715, P0, 0x0000000000000020
2026/09/19 09:52:12.463, 1, 75, 48.31, 0, 12960, 1202, 715, P0, 0x0000000000000000
2026/09/19 09:52:13.477, 0, 79, 126.38, 100, 13664, 1101, 715, P0, 0x0000000000000020
2026/09/19 09:52:13.480, 1, 75, 47.87, 0, 12960, 1202, 715, P0, 0x0000000000000000
2026/09/19 09:52:14.491, 0, 78, 54.37, 50, 13664, 1316, 715, P0, 0x0000000000000000
2026/09/19 09:52:14.493, 1, 76, 149.63, 23, 12960, 1202, 715, P0, 0x0000000000000000
2026/09/19 09:52:15.498, 0, 76, 53.26, 0, 13664, 1316, 715, P0, 0x0000000000000000
2026/09/19 09:52:15.501, 1, 79, 204.77, 100, 12960, 1328, 715, P0, 0x0000000000000000
2026/09/19 09:52:16.506, 0, 76, 52.92, 0, 13664, 1316, 715, P0, 0x0000000000000000
2026/09/19 09:52:16.509, 1, 79, 152.65, 100, 12960, 1189, 715, P0, 0x0000000000000020
2026/09/19 09:52:17.516, 0, 75, 52.41, 0, 13664, 1316, 715, P0, 0x0000000000000000
2026/09/19 09:52:17.521, 1, 79, 152.17, 100, 12960, 1189, 715, P0, 0x0000000000000020
2026/09/19 09:52:18.529, 0, 79, 178.16, 100, 13664, 1328, 715, P0, 0x0000000000000000
2026/09/19 09:52:18.532, 1, 77, 48.68, 0, 12960, 1189, 715, P0, 0x0000000000000000
2026/09/19 09:52:19.546, 0, 79, 150.10, 100, 13664, 1215, 715, P0, 0x0000000000000000
2026/09/19 09:52:19.549, 1, 75, 47.35, 0, 12960, 1189, 715, P0, 0x0000000000000000
2026/09/19 09:52:20.562, 0, 79, 137.03, 100, 13664, 1126, 715, P0, 0x0000000000000020
2026/09/19 09:52:20.569, 1, 75, 47.12, 0, 12960, 1189, 715, P0, 0x0000000000000000
2026/09/19 09:52:21.581, 0, 80, 138.47, 100, 13664, 1126, 715, P0, 0x0000000000000020
2026/09/19 09:52:21.591, 1, 74, 46.64, 0, 12960, 1189, 715, P0, 0x0000000000000000
2026/09/19 09:52:22.596, 0, 78, 48.34, 13, 13664, 1189, 715, P0, 0x0000000000000000
2026/09/19 09:52:22.599, 1, 76, 158.14, 50, 12960, 1328, 715, P0, 0x0000000000000000
2026/09/19 09:52:23.608, 0, 76, 46.81, 0, 13664, 1189, 715, P0, 0x0000000000000000
2026/09/19 09:52:23.612, 1, 79, 204.31, 100, 12960, 1328, 715, P0, 0x0000000000000000
2026/09/19 09:52:24.629, 0, 76, 46.18, 0, 13664, 1189, 715, P0, 0x0000000000000000
2026/09/19 09:52:24.632, 1, 79, 147.40, 100, 12960, 1252, 715, P0, 0x0000000000000000
2026/09/19 09:52:25.638, 0, 75, 46.18, 0, 13664, 1189, 715, P0, 0x0000000000000000
2026/09/19 09:52:25.645, 1, 79, 147.27, 100, 12960, 1189, 715, P0, 0x0000000000000000
2026/09/19 09:52:26.651, 0, 79, 201.46, 100, 13664, 1328, 715, P0, 0x0000000000000000
2026/09/19 09:52:26.654, 1, 77, 55.10, 0, 12960, 1316, 715, P0, 0x0000000000000000
2026/09/19 09:52:27.662, 0, 79, 146.16, 100, 13664, 1164, 715, P0, 0x0000000000000020
2026/09/19 09:52:27.670, 1, 76, 54.28, 0, 12960, 1316, 715, P0, 0x0000000000000000
2026/09/19 09:52:28.680, 0, 79, 118.50, 100, 13664, 1139, 715, P0, 0x0000000000000020
2026/09/19 09:52:28.689, 1, 75, 53.90, 0, 12960, 1316, 715, P0, 0x0000000000000000
2026/09/19 09:52:29.695, 0, 79, 137.99, 100, 13664, 1139, 715, P0, 0x0000000000000020
2026/09/19 09:52:29.698, 1, 75, 47.37, 0, 12960, 1189, 715, P0, 0x0000000000000000
2026/09/19 09:52:30.706, 0, 78, 52.93, 42, 13664, 1290, 715, P0, 0x0000000000000000
2026/09/19 09:52:30.709, 1, 76, 144.85, 20, 12960, 1189, 715, P0, 0x0000000000000000
2026/09/19 09:52:31.716, 0, 76, 52.06, 0, 13664, 1290, 715, P0, 0x0000000000000000
2026/09/19 09:52:31.719, 1, 79, 204.75, 100, 12960, 1328, 715, P0, 0x0000000000000000
2026/09/19 09:52:32.734, 0, 76, 51.68, 0, 13664, 1290, 715, P0, 0x0000000000000000
2026/09/19 09:52:32.738, 1, 79, 164.89, 100, 12960, 1290, 715, P0, 0x0000000000000000
2026/09/19 09:52:33.750, 0, 75, 46.21, 0, 13664, 1189, 715, P0, 0x0000000000000000
2026/09/19 09:52:33.753, 1, 78, 140.18, 100, 12960, 1151, 715, P0, 0x0000000000000020
2026/09/19 09:52:34.760, 0, 79, 202.88, 100, 13664, 1328, 715, P0, 0x0000000000000000
2026/09/19 09:52:34.764, 1, 77, 55.10, 0, 12960, 1316, 715, P0, 0x0000000000000000
2026/09/19 09:52:35.778, 0, 79, 135.79, 100, 13664, 1126, 715, P0, 0x0000000000000020
2026/09/19 09:52:35.787, 1, 76, 54.08, 0, 12960, 1316, 715, P0, 0x0000000000000000
2026/09/19 09:52:36.806, 0, 79, 143.15, 100, 13664, 1139, 715, P0, 0x0000000000000020
2026/09/19 09:52:36.809, 1, 75, 53.83, 0, 12960, 1316, 715, P0, 0x0000000000000000
2026/09/19 09:52:37.819, 0, 79, 117.49, 100, 13664, 1189, 715, P0, 0x0000000000000000
2026/09/19 09:52:37.828, 1, 75, 53.64, 0, 12960, 1316, 715, P0, 0x0000000000000000
2026/09/19 09:52:38.838, 0, 78, 53.31, 71, 13664, 1290, 715, P0, 0x0000000000000000
2026/09/19 09:52:38.841, 1, 76, 189.89, 0, 12960, 1316, 715, P0, 0x0000000000000000
2026/09/19 09:52:39.846, 0, 76, 51.87, 0, 13664, 1290, 715, P0, 0x0000000000000000
2026/09/19 09:52:39.849, 1, 79, 182.68, 100, 12960, 1328, 715, P0, 0x0000000000000000
2026/09/19 09:52:40.857, 0, 76, 51.68, 0, 13664, 1290, 715, P0, 0x0000000000000000
2026/09/19 09:52:40.861, 1, 79, 156.86, 100, 12960, 1227, 715, P0, 0x0000000000000000
2026/09/19 09:52:41.866, 0, 75, 51.43, 0, 13664, 1290, 715, P0, 0x0000000000000000
2026/09/19 09:52:41.869, 1, 79, 163.67, 100, 12960, 1227, 715, P0, 0x0000000000000020
2026/09/19 09:52:42.883, 0, 79, 206.69, 100, 13664, 1328, 715, P0, 0x0000000000000000
2026/09/19 09:52:42.887, 1, 77, 50.81, 0, 12960, 1227, 715, P0, 0x0000000000000000
2026/09/19 09:52:43.896, 0, 79, 130.62, 100, 13664, 1101, 715, P0, 0x0000000000000020
2026/09/19 09:52:43.900, 1, 76, 49.79, 0, 12960, 1227, 715, P0, 0x0000000000000000
2026/09/19 09:52:44.909, 0, 79, 126.14, 100, 13664, 1101, 715, P0, 0x0000000000000020
2026/09/19 09:52:44.912, 1, 75, 49.31, 0, 12960, 1227, 715, P0, 0x0000000000000000
2026/09/19 09:52:45.919, 0, 79, 139.58, 100, 13664, 1151, 715, P0, 0x0000000000000020
2026/09/19 09:52:45.927, 1, 75, 49.29, 0, 12960, 1227, 715, P0, 0x0000000000000000
2026/09/19 09:52:46.949, 0, 79, 126.38, 100, 13664, 1101, 715, P0, 0x0000000000000020
2026/09/19 09:52:46.952, 1, 75, 48.82, 0, 12960, 1227, 715, P0, 0x0000000000000000
2026/09/19 09:52:47.968, 0, 76, 46.85, 0, 13664, 1189, 715, P0, 0x0000000000000000
2026/09/19 09:52:47.971, 1, 79, 176.99, 100, 12960, 1328, 715, P0, 0x0000000000000000
2026/09/19 09:52:48.983, 0, 76, 46.37, 0, 13664, 1189, 715, P0, 0x0000000000000000
2026/09/19 09:52:48.986, 1, 79, 176.85, 100, 12960, 1290, 715, P0, 0x0000000000000020
2026/09/19 09:52:49.995, 0, 75, 46.17, 0, 13664, 1189, 715, P0, 0x0000000000000000
2026/09/19 09:52:50.003, 1, 79, 163.47, 100, 12960, 1215, 715, P0, 0x0000000000000020
2026/09/19 09:52:51.021, 0, 77, 183.88, 100, 13664, 1316, 715, P0, 0x0000000000000000
2026/09/19 09:52:51.024, 1, 77, 51.08, 0, 12960, 1215, 715, P0, 0x0000000000000000
2026/09/19 09:52:52.035, 0, 79, 153.76, 100, 13664, 1202, 715, P0, 0x0000000000000020
2026/09/19 09:52:52.042, 1, 76, 49.25, 0, 12960, 1215, 715, P0, 0x0000000000000000
2026/09/19 09:52:53.050, 0, 79, 152.89, 100, 13664, 1189, 715, P0, 0x0000000000000020
2026/09/19 09:52:53.053, 1, 75, 49.01, 0, 12960, 1215, 715, P0, 0x0000000000000000
2026/09/19 09:52:54.066, 0, 80, 144.12, 100, 13664, 1151, 715, P0, 0x0000000000000020
2026/09/19 09:52:54.069, 1, 75, 48.53, 0, 12960, 1215, 715, P0, 0x0000000000000000
2026/09/19 09:52:55.082, 0, 80, 127.10, 100, 13664, 1088, 715, P0, 0x0000000000000020
2026/09/19 09:52:55.088, 1, 75, 48.34, 0, 12960, 1215, 715, P0, 0x0000000000000000
2026/09/19 09:52:56.095, 0, 76, 47.05, 0, 13664, 1189, 715, P0, 0x0000000000000000
2026/09/19 09:52:56.098, 1, 79, 204.31, 100, 12960, 1328, 715, P0, 0x0000000000000000
2026/09/19 09:52:57.106, 0, 76, 46.42, 0, 13664, 1189, 715, P0, 0x0000000000000000
2026/09/19 09:52:57.110, 1, 79, 153.18, 100, 12960, 1265, 715, P0, 0x0000000000000000
2026/09/19 09:52:58.118, 0, 75, 46.18, 0, 13664, 1189, 715, P0, 0x0000000000000000
2026/09/19 09:52:58.122, 1, 79, 144.64, 100, 12960, 1202, 715, P0, 0x0000000000000000
2026/09/19 09:52:59.128, 0, 77, 130.59, 36, 13664, 1189, 715, P0, 0x0000000000000000
2026/09/19 09:52:59.131, 1, 78, 55.77, 74, 12960, 1303, 715, P0, 0x0000000000000000
2026/09/19 09:53:00.137, 0, 80, 161.04, 100, 13664, 1265, 715, P0, 0x0000000000000000
2026/09/19 09:53:00.144, 1, 76, 53.76, 0, 12960, 1303, 715, P0, 0x0000000000000000
2026/09/19 09:53:01.154, 0, 79, 144.58, 100, 13664, 1164, 715, P0, 0x0000000000000020
2026/09/19 09:53:01.156, 1, 75, 53.10, 0, 12960, 1303, 715, P0, 0x0000000000000000
2026/09/19 09:53:02.170, 0, 79, 146.89, 100, 13664, 1189, 715, P0, 0x0000000000000020
2026/09/19 09:53:02.173, 1, 75, 53.10, 0, 12960, 1303, 715, P0, 0x0000000000000000
2026/09/19 09:53:03.184, 0, 79, 114.43, 100, 13664, 1177, 715, P0, 0x0000000000000000
2026/09/19 09:53:03.189, 1, 75, 52.92, 0, 12960, 1303, 715, P0, 0x0000000000000000
2026/09/19 09:53:04.199, 0, 77, 47.53, 0, 13664, 1189, 715, P0, 0x0000000000000000
2026/09/19 09:53:04.204, 1, 79, 199.20, 100, 12960, 1328, 715, P0, 0x0000000000000000
2026/09/19 09:53:05.222, 0, 76, 46.85, 0, 13664, 1189, 715, P0, 0x0000000000000000
2026/09/19 09:53:05.225, 1, 79, 174.08, 100, 12960, 1278, 715, P0, 0x0000000000000020
2026/09/19 09:53:06.233, 0, 75, 46.16, 0, 13664, 1189, 715, P0, 0x0000000000000000
2026/09/19 09:53:06.236, 1, 80, 174.46, 100, 12960, 1278, 715, P0, 0x0000000000000020
2026/09/19 09:53:07.245, 0, 76, 153.23, 26, 13664, 1189, 715, P0, 0x0000000000000000
2026/09/19 09:53:07.248, 1, 79, 55.96, 78, 12960, 1303, 715, P0, 0x0000000000000000
2026/09/19 09:53:08.257, 0, 80, 176.57, 100, 13664, 1265, 715, P0, 0x0000000000000020
2026/09/19 09:53:08.266, 1, 76, 53.96, 0, 12960, 1303, 715, P0, 0x0000000000000000
2026/09/19 09:53:09.285, 0, 79, 144.97, 100, 13664, 1164, 715, P0, 0x0000000000000020
2026/09/19 09:53:09.290, 1, 76, 53.34, 0, 12960, 1303, 715, P0, 0x0000000000000000
2026/09/19 09:53:10.298, 0, 79, 137.47, 100, 13664, 1139, 715, P0, 0x0000000000000020
2026/09/19 09:53:10.301, 1, 75, 53.11, 0, 12960, 1303, 715, P0, 0x0000000000000000
2026/09/19 09:53:11.317, 0, 79, 144.82, 100, 13664, 1189, 715, P0, 0x0000000000000020
2026/09/19 09:53:11.320, 1, 75, 52.86, 0, 12960, 1303, 715, P0, 0x0000000000000000
2026/09/19 09:53:12.332, 0, 77, 53.51, 0, 13664, 1316, 715, P0, 0x0000000000000000
2026/09/19 09:53:12.335, 1, 78, 200.94, 100, 12960, 1328, 715, P0, 0x0000000000000000
2026/09/19 09:53:13.340, 0, 76, 53.08, 0, 13664, 1316, 715, P0, 0x0000000000000000
2026/09/19 09:53:13.343, 1, 79, 171.12, 100, 12960, 1265, 715, P0, 0x0000000000000020
2026/09/19 09:53:14.351, 0, 76, 52.64, 0, 13664, 1316, 715, P0, 0x0000000000000000
2026/09/19 09:53:14.354, 1, 79, 170.73, 100, 12960, 1252, 715, P0, 0x0000000000000020
2026/09/19 09:53:15.362, 0, 75, 52.64, 0, 13664, 1316, 715, P0, 0x0000000000000000
2026/09/19 09:53:15.365, 1, 79, 158.77, 100, 12960, 1202, 715, P0, 0x0000000000000020
2026/09/19 09:53:16.373, 0, 80, 191.61, 100, 13664, 1303, 715, P0, 0x0000000000000000
2026/09/19 09:53:16.377, 1, 76, 48.69, 0, 12960, 1189, 715, P0, 0x0000000000000000
2026/09/19 09:53:17.389, 0, 79, 119.18, 100, 13664, 1164, 715, P0, 0x0000000000000000
2026/09/19 09:53:17.392, 1, 75, 47.89, 0, 12960, 1189, 715, P0, 0x0000000000000000
2026/09/19 09:53:18.406, 0, 79, 135.10, 100, 13664, 1101, 715, P0, 0x0000000000000020
2026/09/19 09:53:18.409, 1, 75, 47.61, 0, 12960, 1189, 715, P0, 0x0000000000000000
2026/09/19 09:53:19.423, 0, 79, 126.16, 100, 13664, 1101, 715, P0, 0x0000000000000020
2026/09/19 09:53:19.426, 1, 75, 47.38, 0, 12960, 1189, 715, P0, 0x0000000000000000
2026/09/19 09:53:20.436, 0, 77, 49.98, 0, 13664, 1240, 715, P0, 0x0000000000000000
2026/09/19 09:53:20.440, 1, 77, 183.37, 100, 12960, 1328, 715, P0, 0x0000000000000000
2026/09/19 09:53:21.445, 0, 76, 49.45, 0, 13664, 1240, 715, P0, 0x0000000000000000
2026/09/19 09:53:21.448, 1, 80, 204.77, 100, 12960, 1328, 715, P0, 0x0000000000000000
2026/09/19 09:53:22.456, 0, 76, 49.26, 0, 13664, 1240, 715, P0, 0x0000000000000000
2026/09/19 09:53:22.461, 1, 80, 172.17, 100, 12960, 1227, 715, P0, 0x0000000000000020
2026/09/19 09:53:23.467, 0, 75, 46.17, 0, 13664, 1189, 715, P0, 0x0000000000000000
2026/09/19 09:53:23.470, 1, 79, 153.38, 100, 12960, 1202, 715, P0, 0x0000000000000020
2026/09/19 09:53:24.484, 0, 79, 204.53, 100, 13664, 1328, 715, P0, 0x0000000000000000
2026/09/19 09:53:24.487, 1, 77, 54.62, 0, 12960, 1303, 715, P0, 0x0000000000000000
2026/09/19 09:53:25.501, 0, 79, 117.08, 100, 13664, 1037, 715, P0, 0x0000000000000000
2026/09/19 09:53:25.512, 1, 76, 53.66, 0, 12960, 1303, 715, P0, 0x0000000000000000
2026/09/19 09:53:26.531, 0, 79, 119.65, 100, 13664, 1063, 715, P0, 0x0000000000000000
2026/09/19 09:53:26.534, 1, 75, 53.41, 0, 12960, 1303, 715, P0, 0x0000000000000000
2026/09/19 09:53:27.539, 0, 79, 120.94, 100, 13664, 1075, 715, P0, 0x0000000000000020
2026/09/19 09:53:27.542, 1, 75, 47.65, 0, 12960, 1189, 715, P0, 0x0000000000000000
2026/09/19 09:53:28.551, 0, 79, 107.14, 100, 13664, 1063, 715, P0, 0x0000000000000020
2026/09/19 09:53:28.554, 1, 74, 46.98, 0, 12960, 1189, 715, P0, 0x0000000000000000
2026/09/19 09:53:29.563, 0, 76, 49.02, 0, 13664, 1240, 715, P0, 0x0000000000000000
2026/09/19 09:53:29.566, 1, 79, 175.69, 100, 12960, 1328, 715, P0, 0x0000000000000000
2026/09/19 09:53:30.577, 0, 76, 48.53, 0, 13664, 1240, 715, P0, 0x0000000000000000
2026/09/19 09:53:30.580, 1, 79, 185.66, 100, 12960, 1303, 715, P0, 0x0000000000000000
2026/09/19 09:53:31.584, 0, 75, 48.35, 0, 13664, 1240, 715, P0, 0x0000000000000000
2026/09/19 09:53:31.587, 1, 79, 149.57, 100, 12960, 1202, 715, P0, 0x0000000000000000
2026/09/19 09:53:32.601, 0, 77, 147.60, 14, 13664, 1240, 715, P0, 0x0000000000000000
2026/09/19 09:53:32.604, 1, 78, 55.25, 81, 12960, 1290, 715, P0, 0x0000000000000000
2026/09/19 09:53:33.615, 0, 79, 128.94, 100, 13664, 1189, 715, P0, 0x0000000000000000
2026/09/19 09:53:33.618, 1, 76, 52.63, 0, 12960, 1290, 715, P0, 0x0000000000000000
2026/09/19 09:53:34.642, 0, 79, 155.40, 100, 13664, 1189, 715, P0, 0x0000000000000020
2026/09/19 09:53:34.646, 1, 75, 52.34, 0, 12960, 1290, 715, P0, 0x0000000000000000
2026/09/19 09:53:35.655, 0, 79, 157.10, 100, 13664, 1227, 715, P0, 0x0000000000000000
2026/09/19 09:53:35.658, 1, 75, 51.85, 0, 12960, 1290, 715, P0, 0x0000000000000000
2026/09/19 09:53:36.670, 0, 79, 122.77, 100, 13664, 1075, 715, P0, 0x0000000000000020
2026/09/19 09:53:36.673, 1, 75, 51.72, 0, 12960, 1290, 715, P0, 0x0000000000000000
2026/09/19 09:53:37.685, 0, 77, 47.04, 0, 13664, 1189, 715, P0, 0x0000000000000000
2026/09/19 09:53:37.688, 1, 79, 203.12, 100, 12960, 1328, 715, P0, 0x0000000000000000
2026/09/19 09:53:38.704, 0, 76, 46.60, 0, 13664, 1189, 715, P0, 0x0000000000000000
2026/09/19 09:53:38.708, 1, 80, 188.05, 100, 12960, 1328, 715, P0, 0x0000000000000000
2026/09/19 09:53:39.718, 0, 76, 46.21, 0, 13664, 1189, 715, P0, 0x0000000000000000
2026/09/19 09:53:39.721, 1, 79, 135.22, 100, 12960, 1139, 715, P0, 0x0000000000000020
2026/09/19 09:53:40.731, 0, 75, 46.21, 0, 13664, 1189, 715, P0, 0x0000000000000000
2026/09/19 09:53:40.734, 1, 79, 135.71, 100, 12960, 1139, 715, P0, 0x0000000000000020
2026/09/19 09:53:41.742, 0, 80, 214.02, 100, 13664, 1328, 715, P0, 0x0000000000000000
2026/09/19 09:53:41.746, 1, 76, 52.92, 0, 12960, 1290, 715, P0, 0x0000000000000000
2026/09/19 09:53:42.759, 0, 79, 148.32, 100, 13664, 1177, 715, P0, 0x0000000000000020
2026/09/19 09:53:42.769, 1, 75, 52.35, 0, 12960, 1290, 715, P0, 0x0000000000000000
2026/09/19 09:53:43.776, 0, 79, 144.49, 100, 13664, 1164, 715, P0, 0x0000000000000020
2026/09/19 09:53:43.778, 1, 75, 52.13, 0, 12960, 1290, 715, P0, 0x0000000000000000
2026/09/19 09:53:44.787, 0, 79, 143.39, 100, 13664, 1139, 715, P0, 0x0000000000000020
2026/09/19 09:53:44.794, 1, 75, 51.90, 0, 12960, 1290, 715, P0, 0x0000000000000000
2026/09/19 09:53:45.799, 0, 77, 47.81, 27, 13664, 1189, 715, P0, 0x0000000000000000
2026/09/19 09:53:45.802, 1, 77, 190.39, 85, 12960, 1328, 715, P0, 0x0000000000000000
2026/09/19 09:53:46.813, 0, 76, 46.80, 0, 13664, 1189, 715, P0, 0x0000000000000000
2026/09/19 09:53:46.816, 1, 80, 204.75, 100, 12960, 1328, 715, P0, 0x0000000000000000
2026/09/19 09:53:47.826, 0, 75, 46.44, 0, 13664, 1189, 715, P0, 0x0000000000000000
2026/09/19 09:53:47.831, 1, 79, 141.37, 100, 12960, 1151, 715, P0, 0x0000000000000020
2026/09/19 09:53:48.846, 0, 75, 46.24, 0, 13664, 1189, 715, P0, 0x0000000000000000
2026/09/19 09:53:48.849, 1, 79, 114.12, 100, 12960, 1189, 715, P0, 0x0000000000000000
2026/09/19 09:53:49.866, 0, 78, 201.84, 100, 13664, 1328, 715, P0, 0x0000000000000000
2026/09/19 09:53:49.869, 1, 77, 49.38, 0, 12960, 1189, 715, P0, 0x0000000000000000
2026/09/19 09:53:50.880, 0, 79, 146.18, 100, 13664, 1189, 715, P0, 0x0000000000000020
2026/09/19 09:53:50.883, 1, 76, 48.06, 0, 12960, 1189, 715, P0, 0x0000000000000000
2026/09/19 09:53:51.890, 0, 79, 145.07, 100, 13664, 1177, 715, P0, 0x0000000000000020
2026/09/19 09:53:51.893, 1, 75, 47.64, 0, 12960, 1189, 715, P0, 0x0000000000000000
2026/09/19 09:53:52.900, 0, 80, 154.07, 100, 13664, 1189, 715, P0, 0x0000000000000020
2026/09/19 09:53:52.903, 1, 75, 47.56, 0, 12960, 1189, 715, P0, 0x0000000000000000
2026/09/19 09:53:53.914, 0, 79, 133.51, 100, 13664, 1113, 715, P0, 0x0000000000000020
2026/09/19 09:53:53.917, 1, 75, 46.65, 0, 12960, 1189, 715, P0, 0x0000000000000000
2026/09/19 09:53:54.921, 0, 77, 47.05, 0, 13664, 1189, 715, P0, 0x0000000000000000
2026/09/19 09:53:54.924, 1, 78, 199.44, 100, 12960, 1328, 715, P0, 0x0000000000000000
2026/09/19 09:53:55.936, 0, 76, 46.36, 0, 13664, 1189, 715, P0, 0x0000000000000000
2026/09/19 09:53:55.939, 1, 79, 187.57, 100, 12960, 1316, 715, P0, 0x0000000000000020
2026/09/19 09:53:56.949, 0, 75, 46.40, 0, 13664, 1189, 715, P0, 0x0000000000000000
2026/09/19 09:53:56.952, 1, 79, 165.84, 100, 12960, 1252, 715, P0, 0x0000000000000020
2026/09/19 09:53:57.957, 0, 75, 45.93, 0, 13664, 1189, 715, P0, 0x0000000000000000
2026/09/19 09:53:57.960, 1, 79, 152.66, 100, 12960, 1189, 715, P0, 0x0000000000000020
2026/09/19 09:53:58.966, 0, 80, 186.39, 100, 13664, 1290, 715, P0, 0x0000000000000000
2026/09/19 09:53:58.970, 1, 76, 47.97, 0, 12960, 1189, 715, P0, 0x0000000000000000
2026/09/19 09:53:59.980, 0, 79, 148.59, 100, 13664, 1189, 715, P0, 0x0000000000000020
2026/09/19 09:53:59.983, 1, 75, 47.32, 0, 12960, 1189, 715, P0, 0x0000000000000000
2026/09/19 09:54:00.995, 0, 79, 145.32, 100, 13664, 1189, 715, P0, 0x0000000000000000
2026/09/19 09:54:00.998, 1, 75, 47.11, 0, 12960, 1189, 715, P0, 0x0000000000000000
2026/09/19 09:54:02.010, 0, 79, 133.19, 100, 13664, 1113, 715, P0, 0x0000000000000020
2026/09/19 09:54:02.013, 1, 75, 46.89, 0, 12960, 1189, 715, P0, 0x0000000000000000
2026/09/19 09:54:03.023, 0, 77, 51.24, 0, 13664, 1252, 715, P0, 0x0000000000000000
2026/09/19 09:54:03.027, 1, 77, 158.38, 100, 12960, 1316, 715, P0, 0x0000000000000000
2026/09/19 09:54:04.031, 0, 76, 50.43, 0, 13664, 1252, 715, P0, 0x0000000000000000
2026/09/19 09:54:04.034, 1, 79, 183.36, 100, 12960, 1328, 715, P0, 0x0000000000000000
2026/09/19 09:54:05.041, 0, 76, 49.82, 0, 13664, 1252, 715, P0, 0x0000000000000000
2026/09/19 09:54:05.046, 1, 79, 138.26, 100, 12960, 1202, 715, P0, 0x0000000000000000
2026/09/19 09:54:06.052, 0, 75, 49.54, 0, 13664, 1252, 715, P0, 0x0000000000000000
2026/09/19 09:54:06.055, 1, 79, 156.39, 100, 12960, 1202, 715, P0, 0x0000000000000020
2026/09/19 09:54:07.066, 0, 79, 202.32, 100, 13664, 1328, 715, P0, 0x0000000000000000
2026/09/19 09:54:07.070, 1, 77, 52.23, 0, 12960, 1265, 715, P0, 0x0000000000000000
2026/09/19 09:54:08.080, 0, 80, 151.11, 100, 13664, 1139, 715, P0, 0x0000000000000020
2026/09/19 09:54:08.092, 1, 76, 51.17, 0, 12960, 1265, 715, P0, 0x0000000000000000
2026/09/19 09:54:09.109, 0, 79, 137.73, 100, 13664, 1139, 715, P0, 0x0000000000000020
2026/09/19 09:54:09.113, 1, 75, 50.74, 0, 12960, 1265, 715, P0, 0x0000000000000000
2026/09/19 09:54:10.124, 0, 79, 137.26, 100, 13664, 1139, 715, P0, 0x0000000000000020
2026/09/19 09:54:10.130, 1, 75, 50.51, 0, 12960, 1265, 715, P0, 0x0000000000000000
2026/09/19 09:54:11.139, 0, 79, 144.35, 100, 13664, 1189, 715, P0, 0x0000000000000020
2026/09/19 09:54:11.142, 1, 75, 50.45, 0, 12960, 1265, 715, P0, 0x0000000000000000
2026/09/19 09:54:12.152, 0, 76, 50.18, 0, 13664, 1252, 715, P0, 0x0000000000000000
2026/09/19 09:54:12.155, 1, 79, 195.04, 100, 12960, 1328, 715, P0, 0x0000000000000000
2026/09/19 09:54:13.162, 0, 76, 49.99, 0, 13664, 1252, 715, P0, 0x0000000000000000
2026/09/19 09:54:13.165, 1, 79, 173.25, 100, 12960, 1290, 715, P0, 0x0000000000000000
2026/09/19 09:54:14.174, 0, 75, 45.24, 0, 13664, 1189, 715, P0, 0x0000000000000000
2026/09/19 09:54:14.177, 1, 79, 140.90, 100, 12960, 1227, 715, P0, 0x0000000000000000
2026/09/19 09:54:15.185, 0, 75, 45.92, 0, 13664, 1189, 715, P0, 0x0000000000000000
2026/09/19 09:54:15.189, 1, 80, 165.36, 100, 12960, 1252, 715, P0, 0x0000000000000020
2026/09/19 09:54:16.196, 0, 80, 194.68, 100, 13664, 1316, 715, P0, 0x0000000000000000
2026/09/19 09:54:16.199, 1, 76, 54.62, 2, 12960, 1316, 715, P0, 0x0000000000000000
2026/09/19 09:54:17.207, 0, 79, 118.28, 100, 13664, 1050, 715, P0, 0x0000000000000020
2026/09/19 09:54:17.210, 1, 76, 54.37, 0, 12960, 1316, 715, P0, 0x0000000000000000
2026/09/19 09:54:18.225, 0, 79, 122.31, 100, 13664, 1075, 715, P0, 0x0000000000000020
2026/09/19 09:54:18.228, 1, 75, 47.65, 0, 12960, 1189, 715, P0, 0x0000000000000000
2026/09/19 09:54:19.242, 0, 79, 124.47, 100, 13664, 1075, 715, P0, 0x0000000000000020
2026/09/19 09:54:19.245, 1, 75, 46.92, 0, 12960, 1189, 715, P0, 0x0000000000000000
2026/09/19 09:54:20.256, 0, 78, 48.18, 96, 13664, 1189, 715, P0, 0x0000000000000000
2026/09/19 09:54:20.259, 1, 76, 119.86, 14, 12960, 1189, 715, P0, 0x0000000000000000
2026/09/19 09:54:21.266, 0, 76, 46.87, 0, 13664, 1189, 715, P0, 0x0000000000000000
2026/09/19 09:54:21.269, 1, 79, 174.20, 100, 12960, 1328, 715, P0, 0x0000000000000000
2026/09/19 09:54:22.278, 0, 75, 46.44, 0, 13664, 1189, 715, P0, 0x0000000000000000
2026/09/19 09:54:22.281, 1, 79, 149.17, 100, 12960, 1189, 715, P0, 0x0000000000000020
2026/09/19 09:54:23.288, 0, 75, 46.20, 0, 13664, 1189, 715, P0, 0x0000000000000000
2026/09/19 09:54:23.293, 1, 79, 142.82, 100, 12960, 1265, 715, P0, 0x0000000000000020
2026/09/19 09:54:24.315, 0, 76, 191.72, 46, 13664, 1328, 715, P0, 0x0000000000000000
2026/09/19 09:54:24.318, 1, 78, 50.58, 36, 12960, 1189, 715, P0, 0x0000000000000000
2026/09/19 09:54:25.328, 0, 79, 119.74, 100, 13664, 1063, 715, P0, 0x0000000000000000
2026/09/19 09:54:25.339, 1, 76, 48.14, 0, 12960, 1189, 715, P0, 0x0000000000000000
2026/09/19 09:54:26.344, 0, 79, 136.55, 100, 13664, 1126, 715, P0, 0x0000000000000020
2026/09/19 09:54:26.347, 1, 75, 47.12, 0, 12960, 1189, 715, P0, 0x0000000000000000
2026/09/19 09:54:27.359, 0, 79, 136.31, 100, 13664, 1126, 715, P0, 0x0000000000000020
2026/09/19 09:54:27.363, 1, 75, 46.89, 0, 12960, 1189, 715, P0, 0x0000000000000000
2026/09/19 09:54:28.374, 0, 79, 113.73, 100, 13664, 1164, 715, P0, 0x0000000000000000
2026/09/19 09:54:28.377, 1, 74, 46.69, 0, 12960, 1189, 715, P0, 0x0000000000000000
2026/09/19 09:54:29.390, 0, 77, 47.57, 0, 13664, 1189, 715, P0, 0x0000000000000000
2026/09/19 09:54:29.394, 1, 77, 184.47, 100, 12960, 1328, 715, P0, 0x0000000000000000
2026/09/19 09:54:30.398, 0, 76, 46.57, 0, 13664, 1189, 715, P0, 0x0000000000000000
2026/09/19 09:54:30.401, 1, 79, 204.54, 100, 12960, 1328, 715, P0, 0x0000000000000000
2026/09/19 09:54:31.407, 0, 75, 46.40, 0, 13664, 1189, 715, P0, 0x0000000000000000
2026/09/19 09:54:31.413, 1, 79, 164.88, 100, 12960, 1252, 715, P0, 0x0000000000000000
2026/09/19 09:54:32.431, 0, 75, 46.17, 0, 13664, 1189, 715, P0, 0x0000000000000000
2026/09/19 09:54:32.434, 1, 79, 154.34, 100, 12960, 1202, 715, P0, 0x0000000000000020
2026/09/19 09:54:33.443, 0, 78, 202.32, 100, 13664, 1328, 715, P0, 0x0000000000000000
2026/09/19 09:54:33.446, 1, 77, 49.61, 0, 12960, 1202, 715, P0, 0x0000000000000000
2026/09/19 09:54:34.458, 0, 79, 145.80, 100, 13664, 1189, 715, P0, 0x0000000000000000
2026/09/19 09:54:34.461, 1, 76, 48.53, 0, 12960, 1202, 715, P0, 0x0000000000000000
2026/09/19 09:54:35.470, 0, 79, 147.87, 100, 13664, 1189, 715, P0, 0x0000000000000020
2026/09/19 09:54:35.477, 1, 75, 48.05, 0, 12960, 1202, 715, P0, 0x0000000000000000
2026/09/19 09:54:36.484, 0, 79, 130.38, 100, 13664, 1101, 715, P0, 0x0000000000000020
2026/09/19 09:54:36.487, 1, 75, 47.85, 0, 12960, 1202, 715, P0, 0x0000000000000000
2026/09/19 09:54:37.495, 0, 79, 126.38, 100, 13664, 1113, 715, P0, 0x0000000000000000
2026/09/19 09:54:37.505, 1, 74, 47.67, 0, 12960, 1202, 715, P0, 0x0000000000000000
2026/09/19 09:54:38.510, 0, 77, 53.50, 0, 13664, 1316, 715, P0, 0x0000000000000000
2026/09/19 09:54:38.513, 1, 79, 203.30, 100, 12960, 1328, 715, P0, 0x0000000000000000
2026/09/19 09:54:39.521, 0, 76, 52.91, 0, 13664, 1316, 715, P0, 0x0000000000000000
2026/09/19 09:54:39.524, 1, 79, 152.17, 100, 12960, 1202, 715, P0, 0x0000000000000020
2026/09/19 09:54:40.537, 0, 76, 52.73, 0, 13664, 1316, 715, P0, 0x0000000000000000
2026/09/19 09:54:40.541, 1, 79, 126.25, 100, 12960, 1189, 715, P0, 0x0000000000000000
2026/09/19 09:54:41.548, 0, 75, 52.41, 0, 13664, 1316, 715, P0, 0x0000000000000000
2026/09/19 09:54:41.551, 1, 79, 152.65, 100, 12960, 1202, 715, P0, 0x0000000000000020
2026/09/19 09:54:42.560, 0, 79, 183.18, 100, 13664, 1316, 715, P0, 0x0000000000000020
2026/09/19 09:54:42.563, 1, 76, 48.92, 0, 12960, 1202, 715, P0, 0x0000000000000000
2026/09/19 09:54:43.571, 0, 79, 147.38, 100, 13664, 1189, 715, P0, 0x0000000000000020
2026/09/19 09:54:43.578, 1, 75, 48.29, 0, 12960, 1202, 715, P0, 0x0000000000000000
2026/09/19 09:54:44.586, 0, 79, 144.84, 100, 13664, 1164, 715, P0, 0x0000000000000020
2026/09/19 09:54:44.590, 1, 75, 48.09, 0, 12960, 1202, 715, P0, 0x0000000000000000
2026/09/19 09:54:45.602, 0, 79, 141.02, 100, 13664, 1189, 715, P0, 0x0000000000000000
2026/09/19 09:54:45.605, 1, 75, 47.84, 0, 12960, 1202, 715, P0, 0x0000000000000000
2026/09/19 09:54:46.617, 0, 79, 49.31, 100, 13664, 1189, 715, P0, 0x0000000000000000
2026/09/19 09:54:46.620, 1, 75, 149.89, 0, 12960, 1202, 715, P0, 0x0000000000000000
2026/09/19 09:54:47.625, 0, 76, 47.05, 0, 13664, 1189, 715, P0, 0x0000000000000000
2026/09/19 09:54:47.628, 1, 79, 201.82, 100, 12960, 1328, 715, P0, 0x0000000000000000
2026/09/19 09:54:48.634, 0, 76, 46.18, 0, 13664, 1189, 715, P0, 0x0000000000000000
2026/09/19 09:54:48.637, 1, 79, 138.51, 100, 12960, 1202, 715, P0, 0x0000000000000000
2026/09/19 09:54:49.642, 0, 75, 46.17, 0, 13664, 1189, 715, P0, 0x0000000000000000
2026/09/19 09:54:49.645, 1, 79, 159.75, 100, 12960, 1215, 715, P0, 0x0000000000000020
2026/09/19 09:54:50.664, 0, 75, 46.82, 0, 13664, 1189, 715, P0, 0x0000000000000000
2026/09/19 09:54:50.668, 1, 79, 65.76, 100, 12960, 1202, 715, P0, 0x0000000000000000
2026/09/19 09:54:51.676, 0, 80, 194.10, 100, 13664, 1278, 715, P0, 0x0000000000000020
2026/09/19 09:54:51.679, 1, 76, 54.67, 6, 12960, 1316, 715, P0, 0x0000000000000000
2026/09/19 09:54:52.689, 0, 80, 160.80, 100, 13664, 1126, 715, P0, 0x0000000000000020
2026/09/19 09:54:52.699, 1, 75, 54.02, 0, 12960, 1316, 715, P0, 0x0000000000000000
2026/09/19 09:54:53.717, 0, 79, 138.44, 100, 13664, 1126, 715, P0, 0x0000000000000020
2026/09/19 09:54:53.720, 1, 75, 53.84, 0, 12960, 1316, 715, P0, 0x0000000000000000
2026/09/19 09:54:54.733, 0, 79, 136.27, 100, 13664, 1126, 715, P0, 0x0000000000000020
2026/09/19 09:54:54.738, 1, 75, 53.35, 0, 12960, 1316, 715, P0, 0x0000000000000000
2026/09/19 09:54:55.746, 0, 77, 47.85, 0, 13664, 1189, 715, P0, 0x0000000000000000
2026/09/19 09:54:55.749, 1, 77, 165.38, 100, 12960, 1328, 715, P0, 0x0000000000000000
2026/09/19 09:54:56.759, 0, 76, 46.64, 0, 13664, 1189, 715, P0, 0x0000000000000000
2026/09/19 09:54:56.762, 1, 79, 168.69, 100, 12960, 1328, 715, P0, 0x0000000000000000
2026/09/19 09:54:57.772, 0, 75, 46.33, 0, 13664, 1189, 715, P0, 0x0000000000000000
2026/09/19 09:54:57.776, 1, 80, 188.02, 100, 12960, 1316, 715, P0, 0x0000000000000020
2026/09/19 09:54:58.787, 0, 75, 46.20, 0, 13664, 1189, 715, P0, 0x0000000000000000
2026/09/19 09:54:58.793, 1, 79, 145.60, 100, 12960, 1164, 715, P0, 0x0000000000000020
2026/09/19 09:54:59.817, 0, 78, 193.14, 100, 13664, 1316, 715, P0, 0x0000000000000000
2026/09/19 09:54:59.821, 1, 77, 55.11, 0, 12960, 1303, 715, P0, 0x0000000000000000
2026/09/19 09:55:00.831, 0, 80, 184.96, 100, 13664, 1278, 715, P0, 0x0000000000000020
2026/09/19 09:55:00.835, 1, 76, 53.70, 0, 12960, 1303, 715, P0, 0x0000000000000000
2026/09/19 09:55:01.844, 0, 79, 137.23, 100, 13664, 1139, 715, P0, 0x0000000000000020
2026/09/19 09:55:01.847, 1, 75, 53.11, 0, 12960, 1303, 715, P0, 0x0000000000000000
2026/09/19 09:55:02.856, 0, 79, 137.23, 100, 13664, 1139, 715, P0, 0x0000000000000020
2026/09/19 09:55:02.860, 1, 75, 52.87, 0, 12960, 1303, 715, P0, 0x0000000000000000
2026/09/19 09:55:03.872, 0, 79, 136.99, 100, 13664, 1139, 715, P0, 0x0000000000000000
2026/09/19 09:55:03.878, 1, 75, 52.67, 0, 12960, 1303, 715, P0, 0x0000000000000000
2026/09/19 09:55:04.888, 0, 77, 53.74, 0, 13664, 1316, 715, P0, 0x0000000000000000
2026/09/19 09:55:04.893, 1, 78, 201.91, 100, 12960, 1328, 715, P0, 0x0000000000000000
2026/09/19 09:55:05.900, 0, 76, 53.13, 0, 13664, 1316, 715, P0, 0x0000000000000000
2026/09/19 09:55:05.903, 1, 79, 151.93, 100, 12960, 1189, 715, P0, 0x0000000000000020
2026/09/19 09:55:06.911, 0, 76, 52.89, 0, 13664, 1316, 715, P0, 0x0000000000000000
2026/09/19 09:55:06.914, 1, 79, 148.20, 100, 12960, 1189, 715, P0, 0x0000000000000020
2026/09/19 09:55:07.921, 0, 75, 46.21, 0, 13664, 1189, 715, P0, 0x0000000000000000
2026/09/19 09:55:07.924, 1, 79, 134.66, 100, 12960, 1202, 715, P0, 0x0000000000000000
2026/09/19 09:55:08.934, 0, 79, 203.15, 100, 13664, 1328, 715, P0, 0x0000000000000000
2026/09/19 09:55:08.937, 1, 77, 49.13, 0, 12960, 1189, 715, P0, 0x0000000000000000
2026/09/19 09:55:09.947, 0, 79, 142.68, 100, 13664, 1189, 715, P0, 0x0000000000000000
2026/09/19 09:55:09.950, 1, 75, 47.85, 0, 12960, 1189, 715, P0, 0x0000000000000000
2026/09/19 09:55:10.962, 0, 79, 152.17, 100, 13664, 1189, 715, P0, 0x0000000000000020
2026/09/19 09:55:10.964, 1, 75, 47.56, 0, 12960, 1189, 715, P0, 0x0000000000000000
2026/09/19 09:55:11.975, 0, 80, 154.48, 100, 13664, 1164, 715, P0, 0x0000000000000020
2026/09/19 09:55:11.978, 1, 75, 46.60, 0, 12960, 1189, 715, P0, 0x0000000000000000
2026/09/19 09:55:12.995, 0, 79, 133.51, 100, 13664, 1113, 715, P0, 0x0000000000000020
2026/09/19 09:55:12.998, 1, 74, 46.64, 0, 12960, 1189, 715, P0, 0x0000000000000000
2026/09/19 09:55:14.009, 0, 77, 47.28, 0, 13664, 1189, 715, P0, 0x0000000000000000
2026/09/19 09:55:14.014, 1, 78, 198.73, 100, 12960, 1328, 715, P0, 0x0000000000000000
2026/09/19 09:55:15.020, 0, 76, 46.61, 0, 13664, 1189, 715, P0, 0x0000000000000000
2026/09/19 09:55:15.023, 1, 79, 178.74, 100, 12960, 1303, 715, P0, 0x0000000000000000
2026/09/19 09:55:16.031, 0, 75, 46.36, 0, 13664, 1189, 715, P0, 0x0000000000000000
2026/09/19 09:55:16.034, 1, 80, 173.84, 100, 12960, 1265, 715, P0, 0x0000000000000020
2026/09/19 09:55:17.040, 0, 75, 46.17, 0, 13664, 1189, 715, P0, 0x0000000000000000
2026/09/19 09:55:17.043, 1, 79, 157.59, 100, 12960, 1227, 715, P0, 0x0000000000000020
2026/09/19 09:55:18.054, 0, 79, 183.57, 100, 13664, 1328, 715, P0, 0x0000000000000000
2026/09/19 09:55:18.057, 1, 76, 50.35, 0, 12960, 1227, 715, P0, 0x0000000000000000
2026/09/19 09:55:19.068, 0, 79, 143.65, 100, 13664, 1164, 715, P0, 0x0000000000000020
2026/09/19 09:55:19.074, 1, 76, 49.50, 0, 12960, 1227, 715, P0, 0x0000000000000000
2026/09/19 09:55:20.083, 0, 79, 144.38, 100, 13664, 1164, 715, P0, 0x0000000000000020
2026/09/19 09:55:20.086, 1, 75, 46.87, 0, 12960, 1189, 715, P0, 0x0000000000000000
2026/09/19 09:55:21.094, 0, 78, 109.72, 100, 13664, 898, 715, P0, 0x0000000000000020
2026/09/19 09:55:21.100, 1, 75, 46.71, 0, 12960, 1189, 715, P0, 0x0000000000000000
2026/09/19 09:55:22.107, 0, 79, 122.07, 100, 13664, 1063, 715, P0, 0x0000000000000020
2026/09/19 09:55:22.110, 1, 74, 46.69, 0, 12960, 1189, 715, P0, 0x0000000000000000
2026/09/19 09:55:23.119, 0, 77, 53.26, 0, 13664, 1316, 715, P0, 0x0000000000000000
2026/09/19 09:55:23.122, 1, 78, 202.61, 100, 12960, 1328, 715, P0, 0x0000000000000000
2026/09/19 09:55:24.141, 0, 76, 52.88, 0, 13664, 1316, 715, P0, 0x0000000000000000
2026/09/19 09:55:24.144, 1, 79, 151.93, 100, 12960, 1189, 715, P0, 0x0000000000000020
2026/09/19 09:55:25.152, 0, 75, 52.88, 0, 13664, 1316, 715, P0, 0x0000000000000000
2026/09/19 09:55:25.155, 1, 79, 156.13, 100, 12960, 1215, 715, P0, 0x0000000000000000
2026/09/19 09:55:26.163, 0, 75, 52.39, 0, 13664, 1316, 715, P0, 0x0000000000000000
2026/09/19 09:55:26.166, 1, 79, 160.57, 100, 12960, 1265, 715, P0, 0x0000000000000020
2026/09/19 09:55:27.194, 0, 79, 157.54, 100, 13664, 1303, 715, P0, 0x0000000000000000
2026/09/19 09:55:27.197, 1, 76, 52.39, 0, 12960, 1278, 715, P0, 0x0000000000000000
2026/09/19 09:55:28.207, 0, 79, 145.07, 100, 13664, 1189, 715, P0, 0x0000000000000020
2026/09/19 09:55:28.210, 1, 76, 51.90, 0, 12960, 1278, 715, P0, 0x0000000000000000
2026/09/19 09:55:29.217, 0, 79, 147.85, 100, 13664, 1189, 715, P0, 0x0000000000000020
2026/09/19 09:55:29.225, 1, 75, 51.17, 0, 12960, 1278, 715, P0, 0x0000000000000000
2026/09/19 09:55:30.233, 0, 80, 144.35, 100, 13664, 1164, 715, P0, 0x0000000000000020
2026/09/19 09:55:30.236, 1, 75, 51.66, 0, 12960, 1278, 715, P0, 0x0000000000000000
2026/09/19 09:55:31.246, 0, 79, 127.02, 100, 13664, 1088, 715, P0, 0x0000000000000020
2026/09/19 09:55:31.250, 1, 74, 50.99, 0, 12960, 1278, 715, P0, 0x0000000000000000
2026/09/19 09:55:32.255, 0, 76, 47.09, 0, 13664, 1189, 715, P0, 0x0000000000000000
2026/09/19 09:55:32.258, 1, 78, 189.34, 100, 12960, 1328, 715, P0, 0x0000000000000000
2026/09/19 09:55:33.264, 0, 76, 46.61, 0, 13664, 1189, 715, P0, 0x0000000000000000
2026/09/19 09:55:33.267, 1, 79, 168.95, 100, 12960, 1303, 715, P0, 0x0000000000000000
2026/09/19 09:55:34.276, 0, 75, 46.17, 0, 13664, 1189, 715, P0, 0x0000000000000000
2026/09/19 09:55:34.279, 1, 79, 163.95, 100, 12960, 1227, 715, P0, 0x0000000000000020
2026/09/19 09:55:35.285, 0, 75, 46.21, 0, 13664, 1189, 715, P0, 0x0000000000000000
2026/09/19 09:55:35.288, 1, 79, 134.75, 100, 12960, 1227, 715, P0, 0x0000000000000000
2026/09/19 09:55:36.296, 0, 80, 213.78, 100, 13664, 1328, 715, P0, 0x0000000000000000
2026/09/19 09:55:36.299, 1, 77, 54.12, 0, 12960, 1303, 715, P0, 0x0000000000000000
2026/09/19 09:55:37.310, 0, 79, 136.51, 100, 13664, 1139, 715, P0, 0x0000000000000000
2026/09/19 09:55:37.313, 1, 76, 53.59, 0, 12960, 1303, 715, P0, 0x0000000000000000
2026/09/19 09:55:38.324, 0, 79, 137.23, 100, 13664, 1139, 715, P0, 0x0000000000000000
2026/09/19 09:55:38.328, 1, 75, 53.11, 0, 12960, 1303, 715, P0, 0x0000000000000000
2026/09/19 09:55:39.334, 0, 79, 136.51, 100, 13664, 1139, 715, P0, 0x0000000000000020
2026/09/19 09:55:39.337, 1, 75, 52.87, 0, 12960, 1303, 715, P0, 0x0000000000000000
2026/09/19 09:55:40.351, 0, 80, 139.88, 100, 13664, 1139, 715, P0, 0x0000000000000020
2026/09/19 09:55:40.355, 1, 75, 52.86, 0, 12960, 1303, 715, P0, 0x0000000000000000
2026/09/19 09:55:41.364, 0, 76, 47.04, 0, 13664, 1189, 715, P0, 0x0000000000000000
2026/09/19 09:55:41.367, 1, 79, 203.59, 100, 12960, 1328, 715, P0, 0x0000000000000000
2026/09/19 09:55:42.384, 0, 76, 46.61, 0, 13664, 1189, 715, P0, 0x0000000000000000
2026/09/19 09:55:42.389, 1, 79, 170.76, 100, 12960, 1265, 715, P0, 0x0000000000000020
2026/09/19 09:55:43.406, 0, 75, 46.41, 0, 13664, 1189, 715, P0, 0x0000000000000000
2026/09/19 09:55:43.409, 1, 80, 156.15, 100, 12960, 1227, 715, P0, 0x0000000000000020
2026/09/19 09:55:44.416, 0, 75, 46.17, 0, 13664, 1189, 715, P0, 0x0000000000000000
2026/09/19 09:55:44.423, 1, 79, 157.83, 100, 12960, 1227, 715, P0, 0x0000000000000020
2026/09/19 09:55:45.427, 0, 80, 163.21, 100, 13664, 1227, 715, P0, 0x0000000000000000
2026/09/19 09:55:45.430, 1, 76, 48.51, 0, 12960, 1189, 715, P0, 0x0000000000000000
2026/09/19 09:55:46.441, 0, 79, 113.07, 100, 13664, 1177, 715, P0, 0x0000000000000000
2026/09/19 09:55:46.445, 1, 76, 47.42, 0, 12960, 1189, 715, P0, 0x0000000000000000
2026/09/19 09:55:47.456, 0, 79, 129.66, 100, 13664, 1189, 715, P0, 0x0000000000000000
2026/09/19 09:55:47.463, 1, 75, 47.13, 0, 12960, 1189, 715, P0, 0x0000000000000000
2026/09/19 09:55:48.468, 0, 79, 103.33, 100, 13664, 1088, 715, P0, 0x0000000000000020
2026/09/19 09:55:48.471, 1, 75, 46.71, 0, 12960, 1189, 715, P0, 0x0000000000000000
2026/09/19 09:55:49.481, 0, 79, 126.38, 100, 13664, 1101, 715, P0, 0x0000000000000000
2026/09/19 09:55:49.485, 1, 74, 46.65, 0, 12960, 1189, 715, P0, 0x0000000000000000
2026/09/19 09:55:50.497, 0, 76, 47.04, 0, 13664, 1189, 715, P0, 0x0000000000000000
2026/09/19 09:55:50.500, 1, 79, 204.04, 100, 12960, 1328, 715, P0, 0x0000000000000000
2026/09/19 09:55:51.506, 0, 76, 46.88, 0, 13664, 1189, 715, P0, 0x0000000000000000
2026/09/19 09:55:51.510, 1, 80, 166.54, 100, 12960, 1303, 715, P0, 0x0000000000000000
2026/09/19 09:55:52.516, 0, 75, 46.39, 0, 13664, 1189, 715, P0, 0x0000000000000000
2026/09/19 09:55:52.519, 1, 80, 171.00, 100, 12960, 1252, 715, P0, 0x0000000000000020
2026/09/19 09:55:53.525, 0, 75, 46.19, 0, 13664, 1189, 715, P0, 0x0000000000000000
2026/09/19 09:55:53.528, 1, 79, 146.55, 100, 12960, 1189, 715, P0, 0x0000000000000020
2026/09/19 09:55:54.541, 0, 80, 199.13, 100, 13664, 1240, 715, P0, 0x0000000000000020
2026/09/19 09:55:54.544, 1, 76, 48.69, 0, 12960, 1189, 715, P0, 0x0000000000000000
2026/09/19 09:55:55.560, 0, 79, 154.95, 100, 13664, 1177, 715, P0, 0x0000000000000020
2026/09/19 09:55:55.565, 1, 75, 47.80, 0, 12960, 1189, 715, P0, 0x0000000000000000
2026/09/19 09:55:56.571, 0, 79, 133.99, 100, 13664, 1113, 715, P0, 0x0000000000000020
2026/09/19 09:55:56.575, 1, 75, 47.37, 0, 12960, 1189, 715, P0, 0x0000000000000000
2026/09/19 09:55:57.585, 0, 79, 143.18, 100, 13664, 1139, 715, P0, 0x0000000000000020
2026/09/19 09:55:57.587, 1, 75, 46.87, 0, 12960, 1189, 715, P0, 0x0000000000000000
2026/09/19 09:55:58.601, 0, 79, 136.31, 100, 13664, 1177, 715, P0, 0x0000000000000000
2026/09/19 09:55:58.608, 1, 74, 46.87, 0, 12960, 1189, 715, P0, 0x0000000000000000
2026/09/19 09:55:59.627, 0, 77, 53.26, 0, 13664, 1316, 715, P0, 0x0000000000000000
2026/09/19 09:55:59.630, 1, 79, 203.54, 100, 12960, 1328, 715, P0, 0x0000000000000000
2026/09/19 09:56:00.651, 0, 76, 52.84, 0, 13664, 1316, 715, P0, 0x0000000000000000
2026/09/19 09:56:00.654, 1, 79, 173.49, 100, 12960, 1278, 715, P0, 0x0000000000000020
2026/09/19 09:56:01.662, 0, 76, 45.44, 0, 13664, 1189, 715, P0, 0x0000000000000000
2026/09/19 09:56:01.666, 1, 80, 146.87, 100, 12960, 1265, 715, P0, 0x0000000000000020
2026/09/19 09:56:02.670, 0, 75, 46.18, 0, 13664, 1189, 715, P0, 0x0000000000000000
2026/09/19 09:56:02.673, 1, 79, 153.14, 100, 12960, 1215, 715, P0, 0x0000000000000000
2026/09/19 09:56:03.681, 0, 79, 205.48, 100, 13664, 1328, 715, P0, 0x0000000000000000
2026/09/19 09:56:03.685, 1, 77, 54.86, 0, 12960, 1316, 715, P0, 0x0000000000000000
2026/09/19 09:56:04.695, 0, 80, 145.93, 100, 13664, 1177, 715, P0, 0x0000000000000020
2026/09/19 09:56:04.698, 1, 76, 54.31, 0, 12960, 1316, 715, P0, 0x0000000000000000
2026/09/19 09:56:05.706, 0, 80, 147.13, 100, 13664, 1164, 715, P0, 0x0000000000000020
2026/09/19 09:56:05.715, 1, 75, 53.87, 0, 12960, 1316, 715, P0, 0x0000000000000000
2026/09/19 09:56:06.719, 0, 79, 130.38, 100, 13664, 1101, 715, P0, 0x0000000000000020
2026/09/19 09:56:06.722, 1, 75, 47.61, 0, 12960, 1189, 715, P0, 0x0000000000000000
2026/09/19 09:56:07.733, 0, 79, 128.23, 100, 13664, 1101, 715, P0, 0x0000000000000020
2026/09/19 09:56:07.736, 1, 75, 47.13, 0, 12960, 1189, 715, P0, 0x0000000000000000
2026/09/19 09:56:08.747, 0, 77, 53.11, 0, 13664, 1303, 715, P0, 0x0000000000000000
2026/09/19 09:56:08.750, 1, 78, 174.89, 100, 12960, 1328, 715, P0, 0x0000000000000000
2026/09/19 09:56:09.755, 0, 76, 52.35, 0, 13664, 1303, 715, P0, 0x0000000000000000
2026/09/19 09:56:09.758, 1, 80, 187.29, 100, 12960, 1303, 715, P0, 0x0000000000000000
2026/09/19 09:56:10.765, 0, 76, 52.19, 0, 13664, 1303, 715, P0, 0x0000000000000000
2026/09/19 09:56:10.768, 1, 79, 160.10, 100, 12960, 1252, 715, P0, 0x0000000000000000
2026/09/19 09:56:11.787, 0, 75, 51.92, 0, 13664, 1303, 715, P0, 0x0000000000000000
2026/09/19 09:56:11.790, 1, 79, 155.42, 100, 12960, 1189, 715, P0, 0x0000000000000020
2026/09/19 09:56:12.798, 0, 79, 204.63, 100, 13664, 1328, 715, P0, 0x0000000000000000
2026/09/19 09:56:12.801, 1, 77, 54.68, 0, 12960, 1303, 715, P0, 0x0000000000000000
2026/09/19 09:56:13.815, 0, 79, 126.79, 100, 13664, 1164, 715, P0, 0x0000000000000000
2026/09/19 09:56:13.818, 1, 76, 53.85, 0, 12960, 1303, 715, P0, 0x0000000000000000
2026/09/19 09:56:14.827, 0, 79, 121.33, 100, 13664, 1075, 715, P0, 0x0000000000000020
2026/09/19 09:56:14.831, 1, 75, 53.40, 0, 12960, 1303, 715, P0, 0x0000000000000000
2026/09/19 09:56:15.841, 0, 79, 122.76, 100, 13664, 1075, 715, P0, 0x0000000000000020
2026/09/19 09:56:15.851, 1, 75, 53.13, 0, 12960, 1303, 715, P0, 0x0000000000000000
2026/09/19 09:56:16.855, 0, 79, 138.20, 100, 13664, 1126, 715, P0, 0x0000000000000020
2026/09/19 09:56:16.858, 1, 75, 52.87, 0, 12960, 1303, 715, P0, 0x0000000000000000
2026/09/19 09:56:17.870, 0, 77, 47.53, 0, 13664, 1189, 715, P0, 0x0000000000000000
2026/09/19 09:56:17.874, 1, 78, 194.33, 100, 12960, 1328, 715, P0, 0x0000000000000000
2026/09/19 09:56:18.884, 0, 76, 46.65, 0, 13664, 1189, 715, P0, 0x0000000000000000
2026/09/19 09:56:18.887, 1, 79, 162.75, 100, 12960, 1303, 715, P0, 0x0000000000000000
2026/09/19 09:56:19.900, 0, 76, 46.40, 0, 13664, 1189, 715, P0, 0x0000000000000000
2026/09/19 09:56:19.905, 1, 79, 165.36, 100, 12960, 1252, 715, P0, 0x0000000000000020
2026/09/19 09:56:20.912, 0, 75, 46.17, 0, 13664, 1189, 715, P0, 0x0000000000000000
2026/09/19 09:56:20.915, 1, 79, 152.21, 100, 12960, 1189, 715, P0, 0x0000000000000020
2026/09/19 09:56:21.925, 0, 77, 158.28, 42, 13664, 1252, 715, P0, 0x0000000000000000
2026/09/19 09:56:21.927, 1, 78, 50.65, 25, 12960, 1202, 715, P0, 0x0000000000000000
2026/09/19 09:56:22.934, 0, 80, 178.05, 100, 13664, 1265, 715, P0, 0x0000000000000020
2026/09/19 09:56:22.937, 1, 76, 48.95, 0, 12960, 1202, 715, P0, 0x0000000000000000
2026/09/19 09:56:23.947, 0, 78, 128.22, 100, 13664, 1063, 715, P0, 0x0000000000000020
2026/09/19 09:56:23.952, 1, 75, 48.34, 0, 12960, 1202, 715, P0, 0x0000000000000000
2026/09/19 09:56:24.966, 0, 79, 108.99, 100, 13664, 1164, 715, P0, 0x0000000000000000
2026/09/19 09:56:24.971, 1, 75, 47.90, 0, 12960, 1202, 715, P0, 0x0000000000000000
2026/09/19 09:56:25.979, 0, 79, 126.62, 100, 13664, 1101, 715, P0, 0x0000000000000020
2026/09/19 09:56:25.982, 1, 75, 47.86, 0, 12960, 1202, 715, P0, 0x0000000000000000
2026/09/19 09:56:26.995, 0, 78, 51.72, 59, 13664, 1303, 715, P0, 0x0000000000000000
2026/09/19 09:56:26.998, 1, 76, 151.21, 0, 12960, 1202, 715, P0, 0x0000000000000000
2026/09/19 09:56:28.005, 0, 76, 52.55, 0, 13664, 1303, 715, P0, 0x0000000000000000
2026/09/19 09:56:28.008, 1, 79, 198.49, 100, 12960, 1328, 715, P0, 0x0000000000000000
2026/09/19 09:56:29.018, 0, 76, 52.38, 0, 13664, 1303, 715, P0, 0x0000000000000000
2026/09/19 09:56:29.021, 1, 79, 170.94, 100, 12960, 1265, 715, P0, 0x0000000000000020
2026/09/19 09:56:30.032, 0, 75, 51.92, 0, 13664, 1303, 715, P0, 0x0000000000000000
2026/09/19 09:56:30.037, 1, 79, 152.08, 100, 12960, 1278, 715, P0, 0x0000000000000020
2026/09/19 09:56:31.046, 0, 75, 51.67, 0, 13664, 1303, 715, P0, 0x0000000000000000
2026/09/19 09:56:31.049, 1, 80, 163.91, 100, 12960, 1202, 715, P0, 0x0000000000000020
2026/09/19 09:56:32.069, 0, 80, 186.60, 100, 13664, 1303, 715, P0, 0x0000000000000000
2026/09/19 09:56:32.073, 1, 76, 53.04, 0, 12960, 1278, 715, P0, 0x0000000000000000
2026/09/19 09:56:33.083, 0, 79, 120.60, 100, 13664, 1151, 715, P0, 0x0000000000000000
2026/09/19 09:56:33.087, 1, 76, 52.19, 0, 12960, 1278, 715, P0, 0x0000000000000000
2026/09/19 09:56:34.097, 0, 79, 126.54, 100, 13664, 1113, 715, P0, 0x0000000000000000
2026/09/19 09:56:34.103, 1, 75, 51.95, 0, 12960, 1278, 715, P0, 0x0000000000000000
2026/09/19 09:56:35.122, 0, 79, 126.29, 100, 13664, 1101, 715, P0, 0x0000000000000020
2026/09/19 09:56:35.125, 1, 75, 51.71, 0, 12960, 1278, 715, P0, 0x0000000000000000
2026/09/19 09:56:36.134, 0, 79, 138.20, 100, 13664, 1101, 715, P0, 0x0000000000000020
2026/09/19 09:56:36.143, 1, 75, 51.70, 0, 12960, 1278, 715, P0, 0x0000000000000000
2026/09/19 09:56:37.150, 0, 77, 50.86, 0, 13664, 1265, 715, P0, 0x0000000000000000
2026/09/19 09:56:37.154, 1, 79, 203.81, 100, 12960, 1328, 715, P0, 0x0000000000000000
2026/09/19 09:56:38.162, 0, 76, 50.46, 0, 13664, 1265, 715, P0, 0x0000000000000000
2026/09/19 09:56:38.166, 1, 79, 169.06, 100, 12960, 1252, 715, P0, 0x0000000000000000
2026/09/19 09:56:39.179, 0, 75, 50.26, 0, 13664, 1265, 715, P0, 0x0000000000000000
2026/09/19 09:56:39.182, 1, 79, 154.09, 100, 12960, 1202, 715, P0, 0x0000000000000020
2026/09/19 09:56:40.204, 0, 75, 50.26, 0, 13664, 1265, 715, P0, 0x0000000000000000
2026/09/19 09:56:40.207, 1, 79, 146.29, 100, 12960, 1189, 715, P0, 0x0000000000000020
2026/09/19 09:56:41.216, 0, 79, 167.40, 100, 13664, 1328, 715, P0, 0x0000000000000000
2026/09/19 09:56:41.219, 1, 77, 55.17, 0, 12960, 1316, 715, P0, 0x0000000000000000
2026/09/19 09:56:42.231, 0, 80, 175.62, 100, 13664, 1278, 715, P0, 0x0000000000000020
2026/09/19 09:56:42.234, 1, 76, 54.44, 0, 12960, 1316, 715, P0, 0x0000000000000000
2026/09/19 09:56:43.245, 0, 80, 155.87, 100, 13664, 1189, 715, P0, 0x0000000000000020
2026/09/19 09:56:43.255, 1, 75, 54.02, 0, 12960, 1316, 715, P0, 0x0000000000000000
2026/09/19 09:56:44.273, 0, 79, 147.36, 100, 13664, 1139, 715, P0, 0x0000000000000020
2026/09/19 09:56:44.276, 1, 75, 53.82, 0, 12960, 1316, 715, P0, 0x0000000000000000
2026/09/19 09:56:45.289, 0, 79, 103.48, 100, 13664, 1139, 715, P0, 0x0000000000000000
2026/09/19 09:56:45.295, 1, 75, 53.42, 0, 12960, 1316, 715, P0, 0x0000000000000000
2026/09/19 09:56:46.301, 0, 77, 47.30, 0, 13664, 1189, 715, P0, 0x0000000000000000
2026/09/19 09:56:46.304, 1, 78, 191.26, 100, 12960, 1328, 715, P0, 0x0000000000000000
2026/09/19 09:56:47.310, 0, 76, 46.61, 0, 13664, 1189, 715, P0, 0x0000000000000000
2026/09/19 09:56:47.314, 1, 79, 175.65, 100, 12960, 1290, 715, P0, 0x0000000000000020
2026/09/19 09:56:48.319, 0, 75, 46.24, 0, 13664, 1189, 715, P0, 0x0000000000000000
2026/09/19 09:56:48.323, 1, 79, 130.45, 100, 12960, 1215, 715, P0, 0x0000000000000000
2026/09/19 09:56:49.332, 0, 75, 45.93, 0, 13664, 1189, 715, P0, 0x0000000000000000
2026/09/19 09:56:49.335, 1, 79, 152.21, 100, 12960, 1227, 715, P0, 0x0000000000000000
2026/09/19 09:56:50.342, 0, 77, 168.74, 52, 13664, 1316, 715, P0, 0x0000000000000000
2026/09/19 09:56:50.345, 1, 77, 49.68, 18, 12960, 1189, 715, P0, 0x0000000000000000
2026/09/19 09:56:51.354, 0, 79, 146.66, 100, 13664, 1177, 715, P0, 0x0000000000000000
2026/09/19 09:56:51.360, 1, 76, 48.06, 0, 12960, 1189, 715, P0, 0x0000000000000000
2026/09/19 09:56:52.367, 0, 79, 147.87, 100, 13664, 1177, 715, P0, 0x0000000000000020
2026/09/19 09:56:52.370, 1, 75, 47.84, 0, 12960, 1189, 715, P0, 0x0000000000000000
2026/09/19 09:56:53.381, 0, 80, 154.24, 100, 13664, 1177, 715, P0, 0x0000000000000020
2026/09/19 09:56:53.383, 1, 75, 47.08, 0, 12960, 1189, 715, P0, 0x0000000000000000
2026/09/19 09:56:54.393, 0, 80, 123.99, 100, 13664, 1063, 715, P0, 0x0000000000000020
2026/09/19 09:56:54.401, 1, 75, 46.92, 0, 12960, 1189, 715, P0, 0x0000000000000000
2026/09/19 09:56:55.418, 0, 78, 54.27, 59, 13664, 1316, 715, P0, 0x0000000000000000
2026/09/19 09:56:55.421, 1, 76, 189.67, 60, 12960, 1316, 715, P0, 0x0000000000000000
2026/09/19 09:56:56.429, 0, 77, 53.26, 0, 13664, 1316, 715, P0, 0x0000000000000000
2026/09/19 09:56:56.433, 1, 79, 202.84, 100, 12960, 1328, 715, P0, 0x0000000000000000
2026/09/19 09:56:57.439, 0, 76, 52.88, 0, 13664, 1316, 715, P0, 0x0000000000000000
2026/09/19 09:56:57.442, 1, 79, 170.49, 100, 12960, 1252, 715, P0, 0x0000000000000020
2026/09/19 09:56:58.464, 0, 75, 46.41, 0, 13664, 1189, 715, P0, 0x0000000000000000
2026/09/19 09:56:58.467, 1, 79, 153.14, 100, 12960, 1202, 715, P0, 0x0000000000000020
2026/09/19 09:56:59.476, 0, 75, 45.93, 0, 13664, 1189, 715, P0, 0x0000000000000000
2026/09/19 09:56:59.480, 1, 79, 152.93, 100, 12960, 1202, 715, P0, 0x0000000000000020
2026/09/19 09:57:00.489, 0, 79, 154.95, 100, 13664, 1202, 715, P0, 0x0000000000000000
2026/09/19 09:57:00.492, 1, 76, 49.22, 8, 12960, 1202, 715, P0, 0x0000000000000000
2026/09/19 09:57:01.502, 0, 80, 171.47, 100, 13664, 1240, 715, P0, 0x0000000000000020
2026/09/19 09:57:01.506, 1, 75, 48.47, 0, 12960, 1202, 715, P0, 0x0000000000000000
2026/09/19 09:57:02.517, 0, 79, 144.84, 100, 13664, 1177, 715, P0, 0x0000000000000020
2026/09/19 09:57:02.525, 1, 75, 47.60, 0, 12960, 1189, 715, P0, 0x0000000000000000
2026/09/19 09:57:03.544, 0, 79, 131.13, 100, 13664, 1189, 715, P0, 0x0000000000000000
2026/09/19 09:57:03.548, 1, 75, 46.89, 0, 12960, 1189, 715, P0, 0x0000000000000000
2026/09/19 09:57:04.557, 0, 79, 98.52, 100, 13664, 810, 715, P0, 0x0000000000000000
2026/09/19 09:57:04.570, 1, 74, 46.50, 0, 12960, 1189, 715, P0, 0x0000000000000000
2026/09/19 09:57:05.586, 0, 76, 46.61, 0, 13664, 1189, 715, P0, 0x0000000000000000
2026/09/19 09:57:05.589, 1, 79, 179.79, 100, 12960, 1328, 715, P0, 0x0000000000000000
2026/09/19 09:57:06.595, 0, 76, 46.41, 0, 13664, 1189, 715, P0, 0x0000000000000000
2026/09/19 09:57:06.598, 1, 79, 156.42, 100, 12960, 1227, 715, P0, 0x0000000000000020
2026/09/19 09:57:07.608, 0, 75, 46.17, 0, 13664, 1189, 715, P0, 0x0000000000000000
2026/09/19 09:57:07.611, 1, 79, 156.18, 100, 12960, 1227, 715, P0, 0x0000000000000020
2026/09/19 09:57:08.633, 0, 75, 46.17, 0, 13664, 1189, 715, P0, 0x0000000000000000
2026/09/19 09:57:08.636, 1, 79, 162.27, 100, 12960, 1227, 715, P0, 0x0000000000000020
2026/09/19 09:57:09.646, 0, 79, 195.08, 100, 13664, 1328, 715, P0, 0x0000000000000000
2026/09/19 09:57:09.649, 1, 77, 50.10, 0, 12960, 1215, 715, P0, 0x0000000000000000
2026/09/19 09:57:10.660, 0, 79, 154.47, 100, 13664, 1189, 715, P0, 0x0000000000000020
2026/09/19 09:57:10.667, 1, 76, 49.25, 0, 12960, 1215, 715, P0, 0x0000000000000000
2026/09/19 09:57:11.683, 0, 79, 142.21, 100, 13664, 1164, 715, P0, 0x0000000000000020
2026/09/19 09:57:11.688, 1, 75, 48.78, 0, 12960, 1215, 715, P0, 0x0000000000000000
2026/09/19 09:57:12.698, 0, 79, 131.10, 100, 13664, 1126, 715, P0, 0x0000000000000000
2026/09/19 09:57:12.709, 1, 75, 48.58, 0, 12960, 1215, 715, P0, 0x0000000000000000
2026/09/19 09:57:13.726, 0, 79, 126.62, 100, 13664, 1101, 715, P0, 0x0000000000000020
2026/09/19 09:57:13.729, 1, 75, 48.34, 0, 12960, 1215, 715, P0, 0x0000000000000000
2026/09/19 09:57:14.739, 0, 77, 52.78, 0, 13664, 1290, 715, P0, 0x0000000000000000
2026/09/19 09:57:14.744, 1, 78, 199.87, 100, 12960, 1328, 715, P0, 0x0000000000000000
2026/09/19 09:57:15.762, 0, 76, 52.10, 0, 13664, 1290, 715, P0, 0x0000000000000000
2026/09/19 09:57:15.765, 1, 80, 187.75, 100, 12960, 1290, 715, P0, 0x0000000000000020
2026/09/19 09:57:16.771, 0, 76, 51.68, 0, 13664, 1290, 715, P0, 0x0000000000000000
2026/09/19 09:57:16.774, 1, 79, 155.42, 100, 12960, 1215, 715, P0, 0x0000000000000020
2026/09/19 09:57:17.785, 0, 75, 51.44, 0, 13664, 1290, 715, P0, 0x0000000000000000
2026/09/19 09:57:17.789, 1, 79, 152.65, 100, 12960, 1202, 715, P0, 0x0000000000000020
2026/09/19 09:57:18.797, 0, 77, 185.40, 0, 13664, 1290, 715, P0, 0x0000000000000000
2026/09/19 09:57:18.803, 1, 78, 55.40, 87, 12960, 1303, 715, P0, 0x0000000000000000
2026/09/19 09:57:19.808, 0, 80, 140.02, 100, 13664, 1278, 715, P0, 0x0000000000000020
2026/09/19 09:57:19.811, 1, 76, 54.06, 21, 12960, 1303, 715, P0, 0x0000000000000000
2026/09/19 09:57:20.825, 0, 79, 122.06, 100, 13664, 1063, 715, P0, 0x0000000000000020
2026/09/19 09:57:20.828, 1, 76, 53.41, 0, 12960, 1303, 715, P0, 0x0000000000000000
2026/09/19 09:57:21.844, 0, 79, 123.01, 100, 13664, 1050, 715, P0, 0x0000000000000020
2026/09/19 09:57:21.847, 1, 75, 53.17, 0, 12960, 1303, 715, P0, 0x0000000000000000
2026/09/19 09:57:22.860, 0, 79, 96.57, 100, 13664, 1113, 715, P0, 0x0000000000000000
2026/09/19 09:57:22.866, 1, 75, 52.74, 0, 12960, 1303, 715, P0, 0x0000000000000000
2026/09/19 09:57:23.875, 0, 79, 119.25, 100, 13664, 1050, 715, P0, 0x0000000000000020
2026/09/19 09:57:23.886, 1, 75, 52.69, 0, 12960, 1303, 715, P0, 0x0000000000000000
2026/09/19 09:57:24.902, 0, 76, 46.89, 0, 13664, 1189, 715, P0, 0x0000000000000000
2026/09/19 09:57:24.905, 1, 79, 168.93, 100, 12960, 1328, 715, P0, 0x0000000000000000
2026/09/19 09:57:25.914, 0, 76, 46.34, 0, 13664, 1189, 715, P0, 0x0000000000000000
2026/09/19 09:57:25.920, 1, 80, 187.57, 100, 12960, 1328, 715, P0, 0x0000000000000000
2026/09/19 09:57:26.935, 0, 75, 46.17, 0, 13664, 1189, 715, P0, 0x0000000000000000
2026/09/19 09:57:26.941, 1, 79, 157.35, 100, 12960, 1215, 715, P0, 0x0000000000000000
2026/09/19 09:57:27.945, 0, 75, 45.93, 0, 13664, 1189, 715, P0, 0x0000000000000000
2026/09/19 09:57:27.948, 1, 79, 156.18, 100, 12960, 1215, 715, P0, 0x0000000000000020
2026/09/19 09:57:28.958, 0, 79, 176.08, 100, 13664, 1328, 715, P0, 0x0000000000000000
2026/09/19 09:57:28.961, 1, 77, 52.04, 0, 12960, 1265, 715, P0, 0x0000000000000000
2026/09/19 09:57:29.969, 0, 79, 113.53, 100, 13664, 1177, 715, P0, 0x0000000000000020
2026/09/19 09:57:29.972, 1, 76, 51.25, 0, 12960, 1265, 715, P0, 0x0000000000000000
2026/09/19 09:57:30.987, 0, 79, 147.13, 100, 13664, 1177, 715, P0, 0x0000000000000020
2026/09/19 09:57:30.990, 1, 75, 50.69, 0, 12960, 1265, 715, P0, 0x0000000000000000
2026/09/19 09:57:31.999, 0, 79, 146.42, 100, 13664, 1177, 715, P0, 0x0000000000000020
2026/09/19 09:57:32.003, 1, 75, 50.45, 0, 12960, 1265, 715, P0, 0x0000000000000000
2026/09/19 09:57:33.012, 0, 79, 127.74, 100, 13664, 1088, 715, P0, 0x0000000000000020
2026/09/19 09:57:33.015, 1, 75, 50.26, 0, 12960, 1265, 715, P0, 0x0000000000000000
2026/09/19 09:57:34.027, 0, 77, 47.52, 0, 13664, 1189, 715, P0, 0x0000000000000000
2026/09/19 09:57:34.030, 1, 78, 195.49, 100, 12960, 1328, 715, P0, 0x0000000000000000
2026/09/19 09:57:35.036, 0, 76, 46.88, 0, 13664, 1189, 715, P0, 0x0000000000000000
2026/09/19 09:57:35.041, 1, 79, 141.42, 100, 12960, 1290, 715, P0, 0x0000000000000000
2026/09/19 09:57:36.047, 0, 75, 46.36, 0, 13664, 1189, 715, P0, 0x0000000000000000
2026/09/19 09:57:36.050, 1, 79, 171.69, 100, 12960, 1265, 715, P0, 0x0000000000000000
2026/09/19 09:57:37.060, 0, 75, 46.17, 0, 13664, 1189, 715, P0, 0x0000000000000000
2026/09/19 09:57:37.063, 1, 79, 154.98, 100, 12960, 1202, 715, P0, 0x0000000000000000
2026/09/19 09:57:38.070, 0, 76, 150.47, 27, 13664, 1189, 715, P0, 0x0000000000000000
2026/09/19 09:57:38.073, 1, 79, 52.62, 100, 12960, 1227, 715, P0, 0x0000000000000000
2026/09/19 09:57:39.083, 0, 80, 160.84, 100, 13664, 1227, 715, P0, 0x0000000000000000
2026/09/19 09:57:39.086, 1, 76, 49.96, 0, 12960, 1227, 715, P0, 0x0000000000000000
2026/09/19 09:57:40.099, 0, 80, 158.28, 100, 13664, 1189, 715, P0, 0x0000000000000020
2026/09/19 09:57:40.102, 1, 76, 49.48, 0, 12960, 1227, 715, P0, 0x0000000000000000
2026/09/19 09:57:41.110, 0, 80, 158.52, 100, 13664, 1189, 715, P0, 0x0000000000000020
2026/09/19 09:57:41.113, 1, 75, 49.23, 0, 12960, 1227, 715, P0, 0x0000000000000000
2026/09/19 09:57:42.119, 0, 79, 138.93, 100, 13664, 1113, 715, P0, 0x0000000000000020
2026/09/19 09:57:42.127, 1, 75, 49.05, 0, 12960, 1227, 715, P0, 0x0000000000000000
2026/09/19 09:57:43.137, 0, 79, 123.97, 100, 13664, 1189, 715, P0, 0x0000000000000000
2026/09/19 09:57:43.146, 1, 75, 51.96, 0, 12960, 1227, 715, P0, 0x0000000000000000
2026/09/19 09:57:44.163, 0, 77, 53.26, 0, 13664, 1316, 715, P0, 0x0000000000000000
2026/09/19 09:57:44.167, 1, 79, 203.58, 100, 12960, 1328, 715, P0, 0x0000000000000000
2026/09/19 09:57:45.170, 0, 76, 52.87, 0, 13664, 1316, 715, P0, 0x0000000000000000
2026/09/19 09:57:45.173, 1, 80, 170.73, 100, 12960, 1252, 715, P0, 0x0000000000000020
2026/09/19 09:57:46.180, 0, 75, 46.18, 0, 13664, 1189, 715, P0, 0x0000000000000000
2026/09/19 09:57:46.183, 1, 80, 148.45, 100, 12960, 1252, 715, P0, 0x0000000000000000
2026/09/19 09:57:47.190, 0, 75, 45.97, 0, 13664, 1189, 715, P0, 0x0000000000000000
2026/09/19 09:57:47.193, 1, 79, 139.96, 100, 12960, 1189, 715, P0, 0x0000000000000000
2026/09/19 09:57:48.200, 0, 79, 199.69, 100, 13664, 1328, 715, P0, 0x0000000000000000
2026/09/19 09:57:48.203, 1, 77, 54.62, 0, 12960, 1303, 715, P0, 0x0000000000000000
2026/09/19 09:57:49.216, 0, 79, 157.07, 100, 13664, 1189, 715, P0, 0x0000000000000020
2026/09/19 09:57:49.224, 1, 76, 53.53, 0, 12960, 1303, 715, P0, 0x0000000000000000
2026/09/19 09:57:50.233, 0, 79, 130.53, 100, 13664, 1189, 715, P0, 0x0000000000000000
2026/09/19 09:57:50.236, 1, 76, 53.12, 0, 12960, 1303, 715, P0, 0x0000000000000000
2026/09/19 09:57:51.242, 0, 79, 137.03, 100, 13664, 1139, 715, P0, 0x0000000000000020
2026/09/19 09:57:51.245, 1, 75, 47.37, 0, 12960, 1189, 715, P0, 0x0000000000000000
2026/09/19 09:57:52.256, 0, 79, 119.91, 100, 13664, 1050, 715, P0, 0x0000000000000020
2026/09/19 09:57:52.259, 1, 75, 46.69, 0, 12960, 1189, 715, P0, 0x0000000000000000
2026/09/19 09:57:53.266, 0, 77, 54.03, 0, 13664, 1316, 715, P0, 0x0000000000000000
2026/09/19 09:57:53.269, 1, 77, 188.70, 100, 12960, 1328, 715, P0, 0x0000000000000000
2026/09/19 09:57:54.274, 0, 76, 53.02, 0, 13664, 1316, 715, P0, 0x0000000000000000
2026/09/19 09:57:54.277, 1, 80, 204.49, 100, 12960, 1328, 715, P0, 0x0000000000000000
2026/09/19 09:57:55.291, 0, 76, 52.69, 0, 13664, 1316, 715, P0, 0x0000000000000000
2026/09/19 09:57:55.295, 1, 79, 141.76, 100, 12960, 1265, 715, P0, 0x0000000000000000
2026/09/19 09:57:56.299, 0, 75, 52.69, 0, 13664, 1316, 715, P0, 0x0000000000000000
2026/09/19 09:57:56.302, 1, 79, 133.68, 100, 12960, 1202, 715, P0, 0x0000000000000000
2026/09/19 09:57:57.313, 0, 75, 52.51, 0, 13664, 1316, 715, P0, 0x0000000000000000
2026/09/19 09:57:57.318, 1, 79, 96.04, 100, 12960, 1189, 715, P0, 0x0000000000000000
2026/09/19 09:57:58.326, 0, 80, 174.00, 100, 13664, 1278, 715, P0, 0x0000000000000000
2026/09/19 09:57:58.329, 1, 76, 48.47, 21, 12960, 1189, 715, P0, 0x0000000000000000
2026/09/19 09:57:59.340, 0, 79, 132.22, 100, 13664, 1189, 715, P0, 0x0000000000000000
2026/09/19 09:57:59.345, 1, 75, 47.61, 0, 12960, 1189, 715, P0, 0x0000000000000000
2026/09/19 09:58:00.350, 0, 79, 137.03, 100, 13664, 1139, 715, P0, 0x0000000000000020
2026/09/19 09:58:00.353, 1, 75, 46.88, 0, 12960, 1189, 715, P0, 0x0000000000000000
2026/09/19 09:58:01.361, 0, 79, 137.03, 100, 13664, 1139, 715, P0, 0x0000000000000020
2026/09/19 09:58:01.367, 1, 75, 46.88, 0, 12960, 1189, 715, P0, 0x0000000000000000
2026/09/19 09:58:02.375, 0, 79, 99.01, 100, 13664, 822, 715, P0, 0x0000000000000000
2026/09/19 09:58:02.378, 1, 74, 47.22, 0, 12960, 1189, 715, P0, 0x0000000000000000
2026/09/19 09:58:03.387, 0, 76, 48.01, 0, 13664, 1202, 715, P0, 0x0000000000000000
2026/09/19 09:58:03.390, 1, 78, 202.50, 100, 12960, 1328, 715, P0, 0x0000000000000000
2026/09/19 09:58:04.395, 0, 76, 47.62, 0, 13664, 1202, 715, P0, 0x0000000000000000
2026/09/19 09:58:04.398, 1, 79, 145.84, 100, 12960, 1177, 715, P0, 0x0000000000000020
2026/09/19 09:58:05.412, 0, 76, 47.40, 0, 13664, 1202, 715, P0, 0x0000000000000000
2026/09/19 09:58:05.415, 1, 79, 145.12, 100, 12960, 1189, 715, P0, 0x0000000000000020
2026/09/19 09:58:06.421, 0, 75, 46.90, 0, 13664, 1202, 715, P0, 0x0000000000000000
2026/09/19 09:58:06.424, 1, 79, 147.97, 100, 12960, 1189, 715, P0, 0x0000000000000020
2026/09/19 09:58:07.442, 0, 76, 156.12, 0, 13664, 1202, 715, P0, 0x0000000000000000
2026/09/19 09:58:07.446, 1, 78, 50.94, 100, 12960, 1189, 715, P0, 0x0000000000000000
2026/09/19 09:58:08.456, 0, 80, 182.94, 100, 13664, 1278, 715, P0, 0x0000000000000020
2026/09/19 09:58:08.459, 1, 76, 47.99, 6, 12960, 1189, 715, P0, 0x0000000000000000
2026/09/19 09:58:09.474, 0, 79, 141.02, 100, 13664, 1139, 715, P0, 0x0000000000000020
2026/09/19 09:58:09.478, 1, 75, 47.61, 0, 12960, 1189, 715, P0, 0x0000000000000000
2026/09/19 09:58:10.489, 0, 79, 127.66, 100, 13664, 1189, 715, P0, 0x0000000000000000
2026/09/19 09:58:10.492, 1, 75, 46.65, 0, 12960, 1189, 715, P0, 0x0000000000000000
2026/09/19 09:58:11.503, 0, 79, 136.55, 100, 13664, 1139, 715, P0, 0x0000000000000020
2026/09/19 09:58:11.507, 1, 75, 46.64, 0, 12960, 1189, 715, P0, 0x0000000000000000
2026/09/19 09:58:12.518, 0, 79, 138.23, 100, 13664, 1139, 715, P0, 0x0000000000000020
2026/09/19 09:58:12.521, 1, 74, 46.40, 0, 12960, 1189, 715, P0, 0x0000000000000000
2026/09/19 09:58:13.525, 0, 76, 47.05, 0, 13664, 1189, 715, P0, 0x0000000000000000
2026/09/19 09:58:13.529, 1, 78, 203.35, 100, 12960, 1328, 715, P0, 0x0000000000000000
2026/09/19 09:58:14.537, 0, 76, 46.37, 0, 13664, 1189, 715, P0, 0x0000000000000000
2026/09/19 09:58:14.540, 1, 80, 175.62, 100, 12960, 1328, 715, P0, 0x0000000000000000
2026/09/19 09:58:15.548, 0, 75, 46.16, 0, 13664, 1189, 715, P0, 0x0000000000000000
2026/09/19 09:58:15.551, 1, 79, 171.22, 100, 12960, 1290, 715, P0, 0x0000000000000020
2026/09/19 09:58:16.555, 0, 75, 45.89, 0, 13664, 1189, 715, P0, 0x0000000000000000
2026/09/19 09:58:16.558, 1, 80, 170.52, 100, 12960, 1265, 715, P0, 0x0000000000000020
2026/09/19 09:58:17.570, 0, 79, 211.10, 100, 13664, 1328, 715, P0, 0x0000000000000000
2026/09/19 09:58:17.573, 1, 77, 52.22, 0, 12960, 1252, 715, P0, 0x0000000000000000
2026/09/19 09:58:18.584, 0, 79, 165.73, 100, 13664, 1240, 715, P0, 0x0000000000000020
2026/09/19 09:58:18.587, 1, 76, 51.12, 0, 12960, 1252, 715, P0, 0x0000000000000000
2026/09/19 09:58:19.604, 0, 79, 137.74, 100, 13664, 1139, 715, P0, 0x0000000000000020
2026/09/19 09:58:19.607, 1, 75, 50.49, 0, 12960, 1252, 715, P0, 0x0000000000000000
2026/09/19 09:58:20.619, 0, 79, 143.15, 100, 13664, 1164, 715, P0, 0x0000000000000020
2026/09/19 09:58:20.629, 1, 75, 50.45, 0, 12960, 1252, 715, P0, 0x0000000000000000
2026/09/19 09:58:21.635, 0, 79, 122.07, 100, 13664, 1063, 715, P0, 0x0000000000000020
2026/09/19 09:58:21.638, 1, 75, 50.28, 0, 12960, 1252, 715, P0, 0x0000000000000000
2026/09/19 09:58:22.649, 0, 77, 47.81, 30, 13664, 1189, 715, P0, 0x0000000000000000
2026/09/19 09:58:22.653, 1, 77, 183.88, 96, 12960, 1328, 715, P0, 0x0000000000000000
2026/09/19 09:58:23.663, 0, 76, 46.81, 0, 13664, 1189, 715, P0, 0x0000000000000000
2026/09/19 09:58:23.666, 1, 79, 203.59, 100, 12960, 1328, 715, P0, 0x0000000000000000
2026/09/19 09:58:24.673, 0, 76, 46.41, 0, 13664, 1189, 715, P0, 0x0000000000000000
2026/09/19 09:58:24.676, 1, 80, 159.75, 100, 12960, 1303, 715, P0, 0x0000000000000000
2026/09/19 09:58:25.684, 0, 75, 46.22, 0, 13664, 1189, 715, P0, 0x0000000000000000
2026/09/19 09:58:25.687, 1, 79, 126.51, 100, 12960, 1189, 715, P0, 0x0000000000000000
2026/09/19 09:58:26.696, 0, 75, 46.17, 0, 13664, 1189, 715, P0, 0x0000000000000000
2026/09/19 09:58:26.699, 1, 79, 155.78, 100, 12960, 1215, 715, P0, 0x0000000000000020
2026/09/19 09:58:27.704, 0, 80, 171.37, 100, 13664, 1328, 715, P0, 0x0000000000000000
2026/09/19 09:58:27.707, 1, 76, 49.19, 0, 12960, 1202, 715, P0, 0x0000000000000000
2026/09/19 09:58:28.720, 0, 79, 135.83, 100, 13664, 1126, 715, P0, 0x0000000000000020
2026/09/19 09:58:28.725, 1, 75, 48.57, 0, 12960, 1202, 715, P0, 0x0000000000000000
2026/09/19 09:58:29.735, 0, 79, 135.35, 100, 13664, 1113, 715, P0, 0x0000000000000020
2026/09/19 09:58:29.738, 1, 75, 48.09, 0, 12960, 1202, 715, P0, 0x0000000000000000
2026/09/19 09:58:30.746, 0, 79, 108.98, 100, 13664, 1126, 715, P0, 0x0000000000000020
2026/09/19 09:58:30.749, 1, 75, 47.90, 0, 12960, 1202, 715, P0, 0x0000000000000000
2026/09/19 09:58:31.760, 0, 79, 133.90, 100, 13664, 1113, 715, P0, 0x0000000000000020
2026/09/19 09:58:31.764, 1, 74, 47.85, 0, 12960, 1202, 715, P0, 0x0000000000000000
2026/09/19 09:58:32.774, 0, 77, 52.79, 0, 13664, 1290, 715, P0, 0x0000000000000000
2026/09/19 09:58:32.778, 1, 77, 198.71, 100, 12960, 1328, 715, P0, 0x0000000000000000
2026/09/19 09:58:33.783, 0, 76, 51.82, 0, 13664, 1290, 715, P0, 0x0000000000000000
2026/09/19 09:58:33.786, 1, 79, 204.04, 100, 12960, 1328, 715, P0, 0x0000000000000000
2026/09/19 09:58:34.794, 0, 76, 51.66, 0, 13664, 1290, 715, P0, 0x0000000000000000
2026/09/19 09:58:34.797, 1, 79, 156.94, 100, 12960, 1265, 715, P0, 0x0000000000000020
2026/09/19 09:58:35.805, 0, 75, 46.42, 0, 13664, 1189, 715, P0, 0x0000000000000000
2026/09/19 09:58:35.808, 1, 79, 142.10, 100, 12960, 1202, 715, P0, 0x0000000000000000
2026/09/19 09:58:36.817, 0, 75, 45.93, 0, 13664, 1189, 715, P0, 0x0000000000000000
2026/09/19 09:58:36.820, 1, 79, 156.66, 100, 12960, 1215, 715, P0, 0x0000000000000000
2026/09/19 09:58:37.835, 0, 80, 152.55, 100, 13664, 1303, 715, P0, 0x0000000000000000
2026/09/19 09:58:37.838, 1, 76, 49.72, 0, 12960, 1215, 715, P0, 0x0000000000000000
2026/09/19 09:58:38.850, 0, 79, 146.03, 100, 13664, 1177, 715, P0, 0x0000000000000020
2026/09/19 09:58:38.854, 1, 75, 49.02, 0, 12960, 1215, 715, P0, 0x0000000000000000
2026/09/19 09:58:39.864, 0, 79, 144.36, 100, 13664, 1164, 715, P0, 0x0000000000000020
2026/09/19 09:58:39.872, 1, 75, 47.60, 0, 12960, 1189, 715, P0, 0x0000000000000000
2026/09/19 09:58:40.889, 0, 79, 147.38, 100, 13664, 1177, 715, P0, 0x0000000000000020
2026/09/19 09:58:40.896, 1, 75, 46.87, 0, 12960, 1189, 715, P0, 0x0000000000000000
2026/09/19 09:58:41.905, 0, 79, 126.64, 100, 13664, 1101, 715, P0, 0x0000000000000000
2026/09/19 09:58:41.914, 1, 74, 46.68, 0, 12960, 1189, 715, P0, 0x0000000000000000
2026/09/19 09:58:42.930, 0, 77, 50.63, 0, 13664, 1252, 715, P0, 0x0000000000000000
2026/09/19 09:58:42.936, 1, 78, 204.04, 100, 12960, 1328, 715, P0, 0x0000000000000000
2026/09/19 09:58:43.952, 0, 76, 49.93, 0, 13664, 1252, 715, P0, 0x0000000000000000
2026/09/19 09:58:43.958, 1, 80, 202.64, 100, 12960, 1328, 715, P0, 0x0000000000000000
2026/09/19 09:58:44.974, 0, 76, 49.78, 0, 13664, 1252, 715, P0, 0x0000000000000000
2026/09/19 09:58:44.977, 1, 79, 154.81, 100, 12960, 1227, 715, P0, 0x0000000000000020
2026/09/19 09:58:45.996, 0, 75, 49.54, 0, 13664, 1252, 715, P0, 0x0000000000000000
2026/09/19 09:58:46.000, 1, 79, 150.75, 100, 12960, 1227, 715, P0, 0x0000000000000000
2026/09/19 09:58:47.008, 0, 77, 164.06, 70, 13664, 1328, 715, P0, 0x0000000000000000
2026/09/19 09:58:47.011, 1, 78, 51.85, 0, 12960, 1215, 715, P0, 0x0000000000000000
2026/09/19 09:58:48.022, 0, 80, 157.32, 100, 13664, 1151, 715, P0, 0x0000000000000020
2026/09/19 09:58:48.025, 1, 76, 49.49, 10, 12960, 1215, 715, P0, 0x0000000000000000
2026/09/19 09:58:49.036, 0, 79, 122.31, 100, 13664, 1075, 715, P0, 0x0000000000000020
2026/09/19 09:58:49.042, 1, 75, 49.07, 0, 12960, 1215, 715, P0, 0x0000000000000000
2026/09/19 09:58:50.051, 0, 79, 136.55, 100, 13664, 1126, 715, P0, 0x0000000000000000
2026/09/19 09:58:50.054, 1, 75, 48.57, 0, 12960, 1215, 715, P0, 0x0000000000000000
2026/09/19 09:58:51.064, 0, 79, 133.19, 100, 13664, 1113, 715, P0, 0x0000000000000020
2026/09/19 09:58:51.068, 1, 75, 48.58, 0, 12960, 1215, 715, P0, 0x0000000000000000
2026/09/19 09:58:52.081, 0, 79, 108.32, 100, 13664, 1113, 715, P0, 0x0000000000000020
2026/09/19 09:58:52.085, 1, 74, 48.64, 0, 12960, 1215, 715, P0, 0x0000000000000000
2026/09/19 09:58:53.094, 0, 77, 47.10, 0, 13664, 1189, 715, P0, 0x0000000000000000
2026/09/19 09:58:53.098, 1, 78, 168.96, 100, 12960, 1328, 715, P0, 0x0000000000000000
2026/09/19 09:58:54.117, 0, 76, 46.37, 0, 13664, 1189, 715, P0, 0x0000000000000000
2026/09/19 09:58:54.120, 1, 79, 175.65, 100, 12960, 1290, 715, P0, 0x0000000000000000
2026/09/19 09:58:55.130, 0, 75, 46.13, 0, 13664, 1189, 715, P0, 0x0000000000000000
2026/09/19 09:58:55.133, 1, 79, 174.09, 100, 12960, 1265, 715, P0, 0x0000000000000020
2026/09/19 09:58:56.142, 0, 75, 46.64, 0, 13664, 1189, 715, P0, 0x0000000000000000
2026/09/19 09:58:56.145, 1, 79, 163.47, 100, 12960, 1227, 715, P0, 0x0000000000000020
2026/09/19 09:58:57.152, 0, 77, 176.57, 100, 13664, 1316, 715, P0, 0x0000000000000000
2026/09/19 09:58:57.157, 1, 77, 56.35, 42, 12960, 1316, 715, P0, 0x0000000000000000
2026/09/19 09:58:58.166, 0, 80, 182.33, 100, 13664, 1303, 715, P0, 0x0000000000000000
2026/09/19 09:58:58.169, 1, 76, 54.43, 21, 12960, 1316, 715, P0, 0x0000000000000000
2026/09/19 09:58:59.183, 0, 79, 121.07, 100, 13664, 1189, 715, P0, 0x0000000000000000
2026/09/19 09:58:59.186, 1, 76, 53.88, 0, 12960, 1316, 715, P0, 0x0000000000000000
2026/09/19 09:59:00.195, 0, 79, 137.41, 100, 13664, 1139, 715, P0, 0x0000000000000020
2026/09/19 09:59:00.201, 1, 75, 53.84, 0, 12960, 1316, 715, P0, 0x0000000000000000
2026/09/19 09:59:01.211, 0, 79, 141.47, 100, 13664, 1189, 715, P0, 0x0000000000000000
2026/09/19 09:59:01.214, 1, 75, 53.59, 0, 12960, 1316, 715, P0, 0x0000000000000000
2026/09/19 09:59:02.225, 0, 79, 119.65, 100, 13664, 1063, 715, P0, 0x0000000000000000
2026/09/19 09:59:02.228, 1, 75, 53.41, 0, 12960, 1316, 715, P0, 0x0000000000000000
2026/09/19 09:59:03.235, 0, 76, 47.04, 0, 13664, 1189, 715, P0, 0x0000000000000000
2026/09/19 09:59:03.237, 1, 79, 204.75, 100, 12960, 1328, 715, P0, 0x0000000000000000
2026/09/19 09:59:04.257, 0, 76, 46.44, 0, 13664, 1189, 715, P0, 0x0000000000000000
2026/09/19 09:59:04.260, 1, 79, 135.46, 100, 12960, 1252, 715, P0, 0x0000000000000000
2026/09/19 09:59:05.266, 0, 75, 46.41, 0, 13664, 1189, 715, P0, 0x0000000000000000
2026/09/19 09:59:05.268, 1, 79, 156.39, 100, 12960, 1202, 715, P0, 0x0000000000000020
2026/09/19 09:59:06.279, 0, 75, 46.17, 0, 13664, 1189, 715, P0, 0x0000000000000000
2026/09/19 09:59:06.283, 1, 79, 152.18, 100, 12960, 1202, 715, P0, 0x0000000000000020
2026/09/19 09:59:07.292, 0, 78, 197.78, 100, 13664, 1316, 715, P0, 0x0000000000000000
2026/09/19 09:59:07.296, 1, 77, 55.35, 0, 12960, 1303, 715, P0, 0x0000000000000000
2026/09/19 09:59:08.301, 0, 80, 171.11, 100, 13664, 1227, 715, P0, 0x0000000000000020
2026/09/19 09:59:08.304, 1, 76, 53.76, 0, 12960, 1303, 715, P0, 0x0000000000000000
2026/09/19 09:59:09.312, 0, 79, 147.12, 100, 13664, 1189, 715, P0, 0x0000000000000020
2026/09/19 09:59:09.320, 1, 75, 53.31, 0, 12960, 1303, 715, P0, 0x0000000000000000
2026/09/19 09:59:10.326, 0, 80, 146.89, 100, 13664, 1164, 715, P0, 0x0000000000000020
2026/09/19 09:59:10.329, 1, 75, 53.07, 0, 12960, 1303, 715, P0, 0x0000000000000000
2026/09/19 09:59:11.338, 0, 79, 134.61, 100, 13664, 1101, 715, P0, 0x0000000000000020
2026/09/19 09:59:11.344, 1, 75, 52.88, 0, 12960, 1303, 715, P0, 0x0000000000000000
2026/09/19 09:59:12.352, 0, 79, 121.81, 100, 13664, 1075, 715, P0, 0x0000000000000020
2026/09/19 09:59:12.361, 1, 75, 52.69, 0, 12960, 1303, 715, P0, 0x0000000000000000
2026/09/19 09:59:13.379, 0, 77, 52.31, 0, 13664, 1290, 715, P0, 0x0000000000000000
2026/09/19 09:59:13.383, 1, 79, 203.34, 100, 12960, 1328, 715, P0, 0x0000000000000000
2026/09/19 09:59:14.390, 0, 76, 51.72, 0, 13664, 1290, 715, P0, 0x0000000000000000
2026/09/19 09:59:14.396, 1, 79, 150.33, 100, 12960, 1278, 715, P0, 0x0000000000000000
2026/09/19 09:59:15.414, 0, 76, 51.48, 0, 13664, 1290, 715, P0, 0x0000000000000000
2026/09/19 09:59:15.417, 1, 79, 154.98, 100, 12960, 1252, 715, P0, 0x0000000000000000
2026/09/19 09:59:16.430, 0, 75, 51.28, 0, 13664, 1290, 715, P0, 0x0000000000000000
2026/09/19 09:59:16.434, 1, 79, 120.81, 100, 12960, 1189, 715, P0, 0x0000000000000020
2026/09/19 09:59:17.445, 0, 79, 206.69, 100, 13664, 1328, 715, P0, 0x0000000000000000
2026/09/19 09:59:17.448, 1, 77, 49.82, 0, 12960, 1202, 715, P0, 0x0000000000000000
2026/09/19 09:59:18.460, 0, 79, 127.76, 100, 13664, 1101, 715, P0, 0x0000000000000020
2026/09/19 09:59:18.464, 1, 76, 48.58, 0, 12960, 1202, 715, P0, 0x0000000000000000
2026/09/19 09:59:19.476, 0, 79, 139.82, 100, 13664, 1177, 715, P0, 0x0000000000000020
2026/09/19 09:59:19.482, 1, 75, 48.32, 0, 12960, 1202, 715, P0, 0x0000000000000000
2026/09/19 09:59:20.488, 0, 79, 133.19, 100, 13664, 1113, 715, P0, 0x0000000000000020
2026/09/19 09:59:20.491, 1, 75, 48.09, 0, 12960, 1202, 715, P0, 0x0000000000000000
2026/09/19 09:59:21.501, 0, 79, 112.82, 100, 13664, 1151, 715, P0, 0x0000000000000000
2026/09/19 09:59:21.505, 1, 75, 47.90, 0, 12960, 1202, 715, P0, 0x0000000000000000
2026/09/19 09:59:22.514, 0, 79, 127.03, 100, 13664, 1101, 715, P0, 0x0000000000000020
2026/09/19 09:59:22.521, 1, 75, 47.86, 0, 12960, 1202, 715, P0, 0x0000000000000000
2026/09/19 09:59:23.526, 0, 77, 52.06, 0, 13664, 1290, 715, P0, 0x0000000000000000
2026/09/19 09:59:23.529, 1, 79, 203.78, 100, 12960, 1328, 715, P0, 0x0000000000000000
2026/09/19 09:59:24.532, 0, 76, 51.86, 0, 13664, 1290, 715, P0, 0x0000000000000000
2026/09/19 09:59:24.536, 1, 80, 194.31, 100, 12960, 1252, 715, P0, 0x0000000000000020
2026/09/19 09:59:25.561, 0, 75, 46.40, 0, 13664, 1189, 715, P0, 0x0000000000000000
2026/09/19 09:59:25.566, 1, 80, 165.85, 100, 12960, 1215, 715, P0, 0x0000000000000020
2026/09/19 09:59:26.573, 0, 75, 46.17, 0, 13664, 1189, 715, P0, 0x0000000000000000
2026/09/19 09:59:26.576, 1, 79, 158.31, 100, 12960, 1202, 715, P0, 0x0000000000000020
2026/09/19 09:59:27.584, 0, 77, 186.15, 100, 13664, 1316, 715, P0, 0x0000000000000000
2026/09/19 09:59:27.587, 1, 77, 49.64, 34, 12960, 1189, 715, P0, 0x0000000000000000
2026/09/19 09:59:28.598, 0, 79, 135.14, 100, 13664, 1189, 715, P0, 0x0000000000000000
2026/09/19 09:59:28.601, 1, 76, 48.34, 0, 12960, 1189, 715, P0, 0x0000000000000000
2026/09/19 09:59:29.617, 0, 79, 146.93, 100, 13664, 1177, 715, P0, 0x0000000000000020
2026/09/19 09:59:29.621, 1, 75, 47.84, 0, 12960, 1189, 715, P0, 0x0000000000000000
2026/09/19 09:59:30.631, 0, 79, 147.62, 100, 13664, 1189, 715, P0, 0x0000000000000020
2026/09/19 09:59:30.638, 1, 75, 46.87, 0, 12960, 1189, 715, P0, 0x0000000000000000
2026/09/19 09:59:31.647, 0, 79, 125.44, 100, 13664, 1075, 715, P0, 0x0000000000000020
2026/09/19 09:59:31.650, 1, 75, 46.92, 0, 12960, 1189, 715, P0, 0x0000000000000000
2026/09/19 09:59:32.658, 0, 79, 111.15, 100, 13664, 1139, 715, P0, 0x0000000000000000
2026/09/19 09:59:32.661, 1, 74, 46.69, 0, 12960, 1189, 715, P0, 0x0000000000000000
2026/09/19 09:59:33.675, 0, 76, 46.81, 0, 13664, 1189, 715, P0, 0x0000000000000000
2026/09/19 09:59:33.678, 1, 78, 199.68, 100, 12960, 1328, 715, P0, 0x0000000000000000
2026/09/19 09:59:34.686, 0, 76, 46.13, 0, 13664, 1189, 715, P0, 0x0000000000000000
2026/09/19 09:59:34.689, 1, 80, 189.80, 100, 12960, 1328, 715, P0, 0x0000000000000000
2026/09/19 09:59:35.698, 0, 75, 45.97, 0, 13664, 1189, 715, P0, 0x0000000000000000
2026/09/19 09:59:35.701, 1, 79, 135.70, 100, 12960, 1189, 715, P0, 0x0000000000000000
2026/09/19 09:59:36.707, 0, 75, 46.17, 0, 13664, 1189, 715, P0, 0x0000000000000000
2026/09/19 09:59:36.712, 1, 79, 155.94, 100, 12960, 1202, 715, P0, 0x0000000000000020
2026/09/19 09:59:37.721, 0, 76, 154.20, 0, 13664, 1189, 715, P0, 0x0000000000000000
2026/09/19 09:59:37.724, 1, 78, 53.80, 90, 12960, 1265, 715, P0, 0x0000000000000000
2026/09/19 09:59:38.734, 0, 80, 178.41, 100, 13664, 1265, 715, P0, 0x0000000000000000
2026/09/19 09:59:38.737, 1, 76, 51.35, 1, 12960, 1265, 715, P0, 0x0000000000000000
2026/09/19 09:59:39.744, 0, 80, 165.35, 100, 13664, 1215, 715, P0, 0x0000000000000000
2026/09/19 09:59:39.747, 1, 76, 50.88, 0, 12960, 1265, 715, P0, 0x0000000000000000
2026/09/19 09:59:40.758, 0, 79, 142.92, 100, 13664, 1139, 715, P0, 0x0000000000000020
2026/09/19 09:59:40.763, 1, 75, 47.60, 0, 12960, 1189, 715, P0, 0x0000000000000000
2026/09/19 09:59:41.775, 0, 79, 145.80, 100, 13664, 1164, 715, P0, 0x0000000000000020
2026/09/19 09:59:41.778, 1, 75, 46.87, 0, 12960, 1189, 715, P0, 0x0000000000000000
2026/09/19 09:59:42.786, 0, 79, 137.51, 100, 13664, 1139, 715, P0, 0x0000000000000020
2026/09/19 09:59:42.789, 1, 74, 46.64, 0, 12960, 1189, 715, P0, 0x0000000000000000
2026/09/19 09:59:43.799, 0, 77, 51.13, 0, 13664, 1265, 715, P0, 0x0000000000000000
2026/09/19 09:59:43.804, 1, 78, 202.15, 100, 12960, 1328, 715, P0, 0x0000000000000000
2026/09/19 09:59:44.821, 0, 76, 50.42, 0, 13664, 1265, 715, P0, 0x0000000000000000
2026/09/19 09:59:44.824, 1, 80, 188.02, 100, 12960, 1328, 715, P0, 0x0000000000000000
2026/09/19 09:59:45.831, 0, 75, 50.46, 0, 13664, 1265, 715, P0, 0x0000000000000000
2026/09/19 09:59:45.834, 1, 79, 170.97, 100, 12960, 1252, 715, P0, 0x0000000000000020
2026/09/19 09:59:46.841, 0, 75, 50.02, 0, 13664, 1265, 715, P0, 0x0000000000000000
2026/09/19 09:59:46.844, 1, 79, 155.44, 100, 12960, 1202, 715, P0, 0x0000000000000020
2026/09/19 09:59:47.852, 0, 75, 171.56, 0, 13664, 1265, 715, P0, 0x0000000000000000
2026/09/19 09:59:47.855, 1, 78, 54.70, 79, 12960, 1278, 715, P0, 0x0000000000000000
2026/09/19 09:59:48.865, 0, 79, 160.57, 100, 13664, 1227, 715, P0, 0x0000000000000000
2026/09/19 09:59:48.869, 1, 76, 52.33, 4, 12960, 1278, 715, P0, 0x0000000000000000
2026/09/19 09:59:49.875, 0, 80, 147.13, 100, 13664, 1164, 715, P0, 0x0000000000000020
2026/09/19 09:59:49.878, 1, 76, 52.19, 0, 12960, 1278, 715, P0, 0x0000000000000000
2026/09/19 09:59:50.891, 0, 79, 131.57, 100, 13664, 1101, 715, P0, 0x0000000000000020
2026/09/19 09:59:50.894, 1, 75, 51.95, 0, 12960, 1278, 715, P0, 0x0000000000000000
2026/09/19 09:59:51.906, 0, 79, 127.98, 100, 13664, 1101, 715, P0, 0x0000000000000020
2026/09/19 09:59:51.908, 1, 75, 51.22, 0, 12960, 1278, 715, P0, 0x0000000000000000
2026/09/19 09:59:52.927, 0, 79, 132.69, 100, 13664, 1189, 715, P0, 0x0000000000000000
2026/09/19 09:59:52.930, 1, 75, 50.95, 0, 12960, 1278, 715, P0, 0x0000000000000000
2026/09/19 09:59:53.946, 0, 77, 53.26, 0, 13664, 1303, 715, P0, 0x0000000000000000
2026/09/19 09:59:53.949, 1, 78, 199.65, 100, 12960, 1328, 715, P0, 0x0000000000000000
2026/09/19 09:59:54.958, 0, 76, 52.40, 0, 13664, 1303, 715, P0, 0x0000000000000000
2026/09/19 09:59:54.962, 1, 79, 155.78, 100, 12960, 1290, 715, P0, 0x0000000000000000
2026/09/19 09:59:55.973, 0, 76, 52.16, 0, 13664, 1303, 715, P0, 0x0000000000000000
2026/09/19 09:59:55.976, 1, 79, 157.64, 100, 12960, 1278, 715, P0, 0x0000000000000000
2026/09/19 09:59:56.982, 0, 75, 51.91, 0, 13664, 1303, 715, P0, 0x0000000000000000
2026/09/19 09:59:56.985, 1, 79, 162.95, 100, 12960, 1227, 715, P0, 0x0000000000000020
2026/09/19 09:59:57.994, 0, 75, 51.91, 0, 13664, 1303, 715, P0, 0x0000000000000000
2026/09/19 09:59:57.999, 1, 80, 157.10, 100, 12960, 1215, 715, P0, 0x0000000000000020
2026/09/19 09:59:59.006, 0, 80, 185.19, 100, 13664, 1303, 715, P0, 0x0000000000000000
2026/09/19 09:59:59.010, 1, 76, 50.38, 0, 12960, 1227, 715, P0, 0x0000000000000000
2026/09/19 10:00:00.018, 0, 79, 144.59, 100, 13664, 1164, 715, P0, 0x0000000000000020
2026/09/19 10:00:00.024, 1, 76, 49.73, 0, 12960, 1227, 715, P0, 0x0000000000000000
2026/09/19 10:00:01.033, 0, 79, 144.35, 100, 13664, 1151, 715, P0, 0x0000000000000020
2026/09/19 10:00:01.036, 1, 75, 49.26, 0, 12960, 1227, 715, P0, 0x0000000000000000
2026/09/19 10:00:02.047, 0, 79, 139.10, 100, 13664, 1189, 715, P0, 0x0000000000000000
2026/09/19 10:00:02.050, 1, 75, 49.02, 0, 12960, 1227, 715, P0, 0x0000000000000000
2026/09/19 10:00:03.072, 0, 79, 137.73, 100, 13664, 1139, 715, P0, 0x0000000000000020
2026/09/19 10:00:03.075, 1, 75, 49.05, 0, 12960, 1227, 715, P0, 0x0000000000000000
2026/09/19 10:00:04.085, 0, 77, 47.84, 0, 13664, 1189, 715, P0, 0x0000000000000000
2026/09/19 10:00:04.088, 1, 77, 171.66, 100, 12960, 1328, 715, P0, 0x0000000000000000
2026/09/19 10:00:05.106, 0, 76, 46.79, 0, 13664, 1189, 715, P0, 0x0000000000000000
2026/09/19 10:00:05.110, 1, 79, 204.75, 100, 12960, 1328, 715, P0, 0x0000000000000000
2026/09/19 10:00:06.117, 0, 76, 46.37, 0, 13664, 1189, 715, P0, 0x0000000000000000
2026/09/19 10:00:06.122, 1, 79, 169.80, 100, 12960, 1252, 715, P0, 0x0000000000000000
2026/09/19 10:00:07.130, 0, 75, 46.17, 0, 13664, 1189, 715, P0, 0x0000000000000000
2026/09/19 10:00:07.133, 1, 79, 157.82, 100, 12960, 1252, 715, P0, 0x0000000000000000
2026/09/19 10:00:08.140, 0, 75, 46.21, 0, 13664, 1189, 715, P0, 0x0000000000000000
2026/09/19 10:00:08.143, 1, 79, 128.36, 100, 12960, 1113, 715, P0, 0x0000000000000020
2026/09/19 10:00:09.156, 0, 80, 212.75, 100, 13664, 1328, 715, P0, 0x0000000000000000
2026/09/19 10:00:09.161, 1, 76, 48.65, 0, 12960, 1189, 715, P0, 0x0000000000000000
2026/09/19 10:00:10.173, 0, 80, 156.63, 100, 13664, 1189, 715, P0, 0x0000000000000020
2026/09/19 10:00:10.176, 1, 76, 47.80, 0, 12960, 1189, 715, P0, 0x0000000000000000
2026/09/19 10:00:11.186, 0, 79, 137.27, 100, 13664, 1139, 715, P0, 0x0000000000000000
2026/09/19 10:00:11.189, 1, 75, 47.12, 0, 12960, 1189, 715, P0, 0x0000000000000000
2026/09/19 10:00:12.199, 0, 79, 144.36, 100, 13664, 1139, 715, P0, 0x0000000000000020
2026/09/19 10:00:12.207, 1, 75, 46.64, 0, 12960, 1189, 715, P0, 0x0000000000000000
2026/09/19 10:00:13.214, 0, 79, 136.07, 100, 13664, 1126, 715, P0, 0x0000000000000020
2026/09/19 10:00:13.217, 1, 74, 46.64, 0, 12960, 1189, 715, P0, 0x0000000000000000
2026/09/19 10:00:14.228, 0, 78, 48.15, 0, 13664, 1189, 715, P0, 0x0000000000000000
2026/09/19 10:00:14.231, 1, 76, 130.69, 37, 12960, 1189, 715, P0, 0x0000000000000000
2026/09/19 10:00:15.237, 0, 76, 46.82, 0, 13664, 1189, 715, P0, 0x0000000000000000
2026/09/19 10:00:15.241, 1, 79, 197.77, 100, 12960, 1328, 715, P0, 0x0000000000000000
2026/09/19 10:00:16.245, 0, 76, 46.65, 0, 13664, 1189, 715, P0, 0x0000000000000000
2026/09/19 10:00:16.251, 1, 79, 168.62, 100, 12960, 1303, 715, P0, 0x0000000000000000
2026/09/19 10:00:17.260, 0, 75, 46.21, 0, 13664, 1189, 715, P0, 0x0000000000000000
2026/09/19 10:00:17.263, 1, 80, 145.82, 100, 12960, 1265, 715, P0, 0x0000000000000000
2026/09/19 10:00:18.275, 0, 75, 45.93, 0, 13664, 1189, 715, P0, 0x0000000000000000
2026/09/19 10:00:18.279, 1, 79, 155.94, 100, 12960, 1215, 715, P0, 0x0000000000000020
2026/09/19 10:00:19.298, 0, 79, 206.90, 100, 13664, 1328, 715, P0, 0x0000000000000000
2026/09/19 10:00:19.302, 1, 77, 53.41, 0, 12960, 1278, 715, P0, 0x0000000000000000
2026/09/19 10:00:20.312, 0, 79, 147.37, 100, 13664, 1189, 715, P0, 0x0000000000000020
2026/09/19 10:00:20.315, 1, 76, 51.90, 0, 12960, 1278, 715, P0, 0x0000000000000000
2026/09/19 10:00:21.326, 0, 79, 116.53, 100, 13664, 1189, 715, P0, 0x0000000000000000
2026/09/19 10:00:21.329, 1, 75, 51.47, 0, 12960, 1278, 715, P0, 0x0000000000000000
2026/09/19 10:00:22.344, 0, 78, 110.90, 100, 13664, 936, 715, P0, 0x0000000000000020
2026/09/19 10:00:22.348, 1, 75, 51.25, 0, 12960, 1278, 715, P0, 0x0000000000000000
2026/09/19 10:00:23.355, 0, 78, 102.06, 100, 13664, 1139, 715, P0, 0x0000000000000000
2026/09/19 10:00:23.365, 1, 75, 51.02, 0, 12960, 1278, 715, P0, 0x0000000000000000
2026/09/19 10:00:24.381, 0, 79, 126.54, 100, 13664, 1075, 715, P0, 0x0000000000000020
2026/09/19 10:00:24.386, 1, 75, 50.99, 0, 12960, 1278, 715, P0, 0x0000000000000000
2026/09/19 10:00:25.393, 0, 76, 47.57, 0, 13664, 1189, 715, P0, 0x0000000000000000
2026/09/19 10:00:25.396, 1, 78, 189.56, 100, 12960, 1328, 715, P0, 0x0000000000000000
2026/09/19 10:00:26.406, 0, 76, 46.46, 0, 13664, 1189, 715, P0, 0x0000000000000000
2026/09/19 10:00:26.409, 1, 79, 130.76, 100, 12960, 1189, 715, P0, 0x0000000000000000
2026/09/19 10:00:27.419, 0, 75, 46.18, 0, 13664, 1189, 715, P0, 0x0000000000000000
2026/09/19 10:00:27.422, 1, 79, 145.60, 100, 12960, 1189, 715, P0, 0x0000000000000020
2026/09/19 10:00:28.430, 0, 75, 45.93, 0, 13664, 1189, 715, P0, 0x0000000000000000
2026/09/19 10:00:28.433, 1, 79, 150.53, 100, 12960, 1189, 715, P0, 0x0000000000000020
2026/09/19 10:00:29.442, 0, 75, 45.93, 0, 13664, 1189, 715, P0, 0x0000000000000000
2026/09/19 10:00:29.446, 1, 79, 148.69, 100, 12960, 1189, 715, P0, 0x0000000000000020
2026/09/19 10:00:30.455, 0, 80, 188.06, 100, 13664, 1303, 715, P0, 0x0000000000000000
2026/09/19 10:00:30.459, 1, 76, 48.22, 0, 12960, 1189, 715, P0, 0x0000000000000000
2026/09/19 10:00:31.469, 0, 80, 151.69, 100, 13664, 1189, 715, P0, 0x0000000000000020
2026/09/19 10:00:31.472, 1, 75, 47.08, 0, 12960, 1189, 715, P0, 0x0000000000000000
2026/09/19 10:00:32.477, 0, 79, 137.03, 100, 13664, 1139, 715, P0, 0x0000000000000000
2026/09/19 10:00:32.480, 1, 75, 46.88, 0, 12960, 1189, 715, P0, 0x0000000000000000
2026/09/19 10:00:33.493, 0, 79, 146.45, 100, 13664, 1151, 715, P0, 0x0000000000000020
2026/09/19 10:00:33.502, 1, 75, 46.87, 0, 12960, 1189, 715, P0, 0x0000000000000000
2026/09/19 10:00:34.506, 0, 79, 136.79, 100, 13664, 1126, 715, P0, 0x0000000000000020
2026/09/19 10:00:34.509, 1, 74, 46.64, 0, 12960, 1189, 715, P0, 0x0000000000000000
2026/09/19 10:00:35.521, 0, 77, 47.57, 0, 13664, 1189, 715, P0, 0x0000000000000000
2026/09/19 10:00:35.524, 1, 77, 178.40, 100, 12960, 1328, 715, P0, 0x0000000000000000
2026/09/19 10:00:36.530, 0, 76, 46.80, 0, 13664, 1189, 715, P0, 0x0000000000000000
2026/09/19 10:00:36.535, 1, 79, 202.61, 100, 12960, 1328, 715, P0, 0x0000000000000000
2026/09/19 10:00:37.542, 0, 75, 46.41, 0, 13664, 1189, 715, P0, 0x0000000000000000
2026/09/19 10:00:37.545, 1, 79, 149.09, 100, 12960, 1202, 715, P0, 0x0000000000000000
2026/09/19 10:00:38.551, 0, 75, 46.17, 0, 13664, 1189, 715, P0, 0x0000000000000000
2026/09/19 10:00:38.554, 1, 79, 154.74, 100, 12960, 1215, 715, P0, 0x0000000000000000
2026/09/19 10:00:39.561, 0, 75, 46.17, 0, 13664, 1189, 715, P0, 0x0000000000000000
2026/09/19 10:00:39.563, 1, 79, 156.39, 100, 12960, 1227, 715, P0, 0x0000000000000020
2026/09/19 10:00:40.579, 0, 79, 207.15, 100, 13664, 1328, 715, P0, 0x0000000000000000
2026/09/19 10:00:40.582, 1, 77, 52.93, 0, 12960, 1290, 715, P0, 0x0000000000000000
2026/09/19 10:00:41.589, 0, 79, 132.93, 100, 13664, 1227, 715, P0, 0x0000000000000000
2026/09/19 10:00:41.598, 1, 76, 52.15, 0, 12960, 1290, 715, P0, 0x0000000000000000
2026/09/19 10:00:42.616, 0, 79, 109.23, 100, 13664, 936, 715, P0, 0x0000000000000020
2026/09/19 10:00:42.622, 1, 75, 52.00, 0, 12960, 1290, 715, P0, 0x0000000000000000
2026/09/19 10:00:43.630, 0, 78, 122.07, 100, 13664, 1075, 715, P0, 0x0000000000000020
2026/09/19 10:00:43.640, 1, 75, 46.93, 0, 12960, 1189, 715, P0, 0x0000000000000000
2026/09/19 10:00:44.646, 0, 79, 125.83, 100, 13664, 1088, 715, P0, 0x0000000000000020
2026/09/19 10:00:44.649, 1, 75, 46.66, 0, 12960, 1189, 715, P0, 0x0000000000000000
2026/09/19 10:00:45.662, 0, 79, 135.10, 100, 13664, 1101, 715, P0, 0x0000000000000020
2026/09/19 10:00:45.666, 1, 74, 46.64, 0, 12960, 1189, 715, P0, 0x0000000000000000
2026/09/19 10:00:46.675, 0, 76, 51.35, 0, 13664, 1278, 715, P0, 0x0000000000000000
2026/09/19 10:00:46.679, 1, 79, 202.84, 100, 12960, 1328, 715, P0, 0x0000000000000000
2026/09/19 10:00:47.698, 0, 76, 50.91, 0, 13664, 1278, 715, P0, 0x0000000000000000
2026/09/19 10:00:47.701, 1, 80, 184.44, 100, 12960, 1303, 715, P0, 0x0000000000000020
2026/09/19 10:00:48.712, 0, 75, 46.17, 0, 13664, 1189, 715, P0, 0x0000000000000000
2026/09/19 10:00:48.719, 1, 79, 152.66, 100, 12960, 1202, 715, P0, 0x0000000000000000
2026/09/19 10:00:49.725, 0, 75, 46.16, 0, 13664, 1189, 715, P0, 0x0000000000000000
2026/09/19 10:00:49.728, 1, 79, 164.88, 100, 12960, 1252, 715, P0, 0x0000000000000020
2026/09/19 10:00:50.737, 0, 77, 154.92, 38, 13664, 1189, 715, P0, 0x0000000000000000
2026/09/19 10:00:50.740, 1, 78, 52.14, 18, 12960, 1227, 715, P0, 0x0000000000000000
2026/09/19 10:00:51.750, 0, 80, 179.37, 100, 13664, 1278, 715, P0, 0x0000000000000020
2026/09/19 10:00:51.753, 1, 76, 49.91, 23, 12960, 1227, 715, P0, 0x0000000000000000
2026/09/19 10:00:52.767, 0, 79, 157.56, 100, 13664, 1189, 715, P0, 0x0000000000000020
2026/09/19 10:00:52.770, 1, 75, 49.48, 0, 12960, 1227, 715, P0, 0x0000000000000000
2026/09/19 10:00:53.782, 0, 79, 137.18, 100, 13664, 1139, 715, P0, 0x0000000000000020
2026/09/19 10:00:53.786, 1, 75, 49.26, 0, 12960, 1227, 715, P0, 0x0000000000000000
2026/09/19 10:00:54.793, 0, 79, 144.13, 100, 13664, 1189, 715, P0, 0x0000000000000000
2026/09/19 10:00:54.796, 1, 75, 49.04, 0, 12960, 1227, 715, P0, 0x0000000000000000
2026/09/19 10:00:55.805, 0, 80, 140.54, 100, 13664, 1101, 715, P0, 0x0000000000000020
2026/09/19 10:00:55.808, 1, 74, 48.80, 0, 12960, 1227, 715, P0, 0x0000000000000000
2026/09/19 10:00:56.819, 0, 77, 47.05, 0, 13664, 1189, 715, P0, 0x0000000000000000
2026/09/19 10:00:56.822, 1, 78, 200.87, 100, 12960, 1328, 715, P0, 0x0000000000000000
2026/09/19 10:00:57.827, 0, 76, 46.61, 0, 13664, 1189, 715, P0, 0x0000000000000000
2026/09/19 10:00:57.830, 1, 79, 173.74, 100, 12960, 1290, 715, P0, 0x0000000000000000
2026/09/19 10:00:58.837, 0, 75, 46.20, 0, 13664, 1189, 715, P0, 0x0000000000000000
2026/09/19 10:00:58.840, 1, 79, 154.26, 100, 12960, 1252, 715, P0, 0x0000000000000000
2026/09/19 10:00:59.847, 0, 75, 45.97, 0, 13664, 1189, 715, P0, 0x0000000000000000
2026/09/19 10:00:59.850, 1, 79, 145.84, 100, 12960, 1189, 715, P0, 0x0000000000000000
2026/09/19 10:01:00.874, 0, 75, 45.93, 0, 13664, 1189, 715, P0, 0x0000000000000000
2026/09/19 10:01:00.881, 1, 79, 151.49, 100, 12960, 1202, 715, P0, 0x0000000000000020
2026/09/19 10:01:01.896, 0, 79, 213.19, 100, 13664, 1328, 715, P0, 0x0000000000000000
2026/09/19 10:01:01.899, 1, 76, 53.88, 0, 12960, 1303, 715, P0, 0x0000000000000000
2026/09/19 10:01:02.907, 0, 80, 125.64, 100, 13664, 1202, 715, P0, 0x0000000000000000
2026/09/19 10:01:02.910, 1, 76, 53.36, 0, 12960, 1303, 715, P0, 0x0000000000000000
2026/09/19 10:01:03.917, 0, 79, 138.20, 100, 13664, 1139, 715, P0, 0x0000000000000020
2026/09/19 10:01:03.926, 1, 75, 53.11, 0, 12960, 1303, 715, P0, 0x0000000000000000
2026/09/19 10:01:04.942, 0, 79, 127.50, 100, 13664, 1101, 715, P0, 0x0000000000000000
2026/09/19 10:01:04.946, 1, 75, 52.91, 0, 12960, 1303, 715, P0, 0x0000000000000000
2026/09/19 10:01:05.958, 0, 79, 122.30, 100, 13664, 1189, 715, P0, 0x0000000000000000
2026/09/19 10:01:05.966, 1, 75, 52.67, 0, 12960, 1303, 715, P0, 0x0000000000000000
2026/09/19 10:01:06.970, 0, 77, 47.81, 10, 13664, 1189, 715, P0, 0x0000000000000000
2026/09/19 10:01:06.973, 1, 77, 184.12, 100, 12960, 1328, 715, P0, 0x0000000000000000
2026/09/19 10:01:07.980, 0, 76, 46.57, 0, 13664, 1189, 715, P0, 0x0000000000000000
2026/09/19 10:01:07.983, 1, 79, 203.12, 100, 12960, 1328, 715, P0, 0x0000000000000000
2026/09/19 10:01:08.989, 0, 76, 46.40, 0, 13664, 1189, 715, P0, 0x0000000000000000
2026/09/19 10:01:08.993, 1, 79, 164.40, 100, 12960, 1227, 715, P0, 0x0000000000000020
2026/09/19 10:01:09.997, 0, 75, 46.21, 0, 13664, 1189, 715, P0, 0x0000000000000000
2026/09/19 10:01:10.001, 1, 79, 131.48, 100, 12960, 1215, 715, P0, 0x0000000000000000
2026/09/19 10:01:11.007, 0, 75, 45.97, 0, 13664, 1189, 715, P0, 0x0000000000000000
2026/09/19 10:01:11.009, 1, 79, 144.17, 100, 12960, 1177, 715, P0, 0x0000000000000020
2026/09/19 10:01:12.017, 0, 78, 193.63, 100, 13664, 1328, 715, P0, 0x0000000000000000
2026/09/19 10:01:12.021, 1, 77, 51.54, 0, 12960, 1252, 715, P0, 0x0000000000000000
2026/09/19 10:01:13.031, 0, 80, 127.09, 100, 13664, 1189, 715, P0, 0x0000000000000020
2026/09/19 10:01:13.034, 1, 76, 50.51, 0, 12960, 1252, 715, P0, 0x0000000000000000
2026/09/19 10:01:14.044, 0, 79, 157.08, 100, 13664, 1189, 715, P0, 0x0000000000000020
2026/09/19 10:01:14.047, 1, 75, 50.20, 0, 12960, 1252, 715, P0, 0x0000000000000000
2026/09/19 10:01:15.057, 0, 79, 135.57, 100, 13664, 1101, 715, P0, 0x0000000000000020
2026/09/19 10:01:15.061, 1, 75, 49.78, 0, 12960, 1252, 715, P0, 0x0000000000000000
2026/09/19 10:01:16.073, 0, 79, 122.77, 100, 13664, 1189, 715, P0, 0x0000000000000000
2026/09/19 10:01:16.082, 1, 75, 49.81, 0, 12960, 1252, 715, P0, 0x0000000000000000
2026/09/19 10:01:17.100, 0, 79, 136.78, 100, 13664, 1101, 715, P0, 0x0000000000000020
2026/09/19 10:01:17.105, 1, 75, 49.54, 0, 12960, 1252, 715, P0, 0x0000000000000000
2026/09/19 10:01:18.116, 0, 77, 53.31, 0, 13664, 1316, 715, P0, 0x0000000000000000
2026/09/19 10:01:18.120, 1, 78, 188.81, 100, 12960, 1328, 715, P0, 0x0000000000000000
2026/09/19 10:01:19.127, 0, 76, 52.88, 0, 13664, 1316, 715, P0, 0x0000000000000000
2026/09/19 10:01:19.130, 1, 80, 160.77, 100, 12960, 1316, 715, P0, 0x0000000000000020
2026/09/19 10:01:20.134, 0, 76, 52.64, 0, 13664, 1316, 715, P0, 0x0000000000000000
2026/09/19 10:01:20.137, 1, 79, 155.42, 100, 12960, 1215, 715, P0, 0x0000000000000020
2026/09/19 10:01:21.156, 0, 75, 52.41, 0, 13664, 1316, 715, P0, 0x0000000000000000
2026/09/19 10:01:21.159, 1, 79, 159.37, 100, 12960, 1227, 715, P0, 0x0000000000000020
2026/09/19 10:01:22.173, 0, 75, 52.24, 0, 13664, 1316, 715, P0, 0x0000000000000000
2026/09/19 10:01:22.176, 1, 80, 120.89, 100, 12960, 1202, 715, P0, 0x0000000000000020
2026/09/19 10:01:23.186, 0, 79, 159.24, 100, 13664, 1202, 715, P0, 0x0000000000000000
2026/09/19 10:01:23.189, 1, 76, 49.00, 0, 12960, 1202, 715, P0, 0x0000000000000000
2026/09/19 10:01:24.198, 0, 79, 155.43, 100, 13664, 1189, 715, P0, 0x0000000000000020
2026/09/19 10:01:24.201, 1, 76, 48.52, 0, 12960, 1202, 715, P0, 0x0000000000000000
2026/09/19 10:01:25.212, 0, 79, 117.81, 100, 13664, 1037, 715, P0, 0x0000000000000020
2026/09/19 10:01:25.222, 1, 75, 48.14, 0, 12960, 1202, 715, P0, 0x0000000000000000
2026/09/19 10:01:26.241, 0, 79, 122.07, 100, 13664, 1075, 715, P0, 0x0000000000000020
2026/09/19 10:01:26.243, 1, 75, 47.89, 0, 12960, 1202, 715, P0, 0x0000000000000000
2026/09/19 10:01:27.257, 0, 79, 126.64, 100, 13664, 1075, 715, P0, 0x0000000000000020
2026/09/19 10:01:27.262, 1, 75, 47.88, 0, 12960, 1202, 715, P0, 0x0000000000000000
2026/09/19 10:01:28.270, 0, 77, 48.14, 7, 13664, 1189, 715, P0, 0x0000000000000000
2026/09/19 10:01:28.273, 1, 76, 118.71, 35, 12960, 1189, 715, P0, 0x0000000000000000
2026/09/19 10:01:29.281, 0, 76, 46.80, 0, 13664, 1189, 715, P0, 0x0000000000000000
2026/09/19 10:01:29.284, 1, 79, 204.51, 100, 12960, 1328, 715, P0, 0x0000000000000000
2026/09/19 10:01:30.289, 0, 75, 46.63, 0, 13664, 1189, 715, P0, 0x0000000000000000
2026/09/19 10:01:30.292, 1, 79, 172.42, 100, 12960, 1265, 715, P0, 0x0000000000000020
2026/09/19 10:01:31.298, 0, 75, 46.36, 0, 13664, 1189, 715, P0, 0x0000000000000000
2026/09/19 10:01:31.301, 1, 80, 173.36, 100, 12960, 1265, 715, P0, 0x0000000000000020
2026/09/19 10:01:32.310, 0, 75, 45.76, 0, 13664, 1189, 715, P0, 0x0000000000000000
2026/09/19 10:01:32.318, 1, 79, 126.43, 100, 12960, 1215, 715, P0, 0x0000000000000020
2026/09/19 10:01:33.326, 0, 77, 190.45, 100, 13664, 1316, 715, P0, 0x0000000000000000
2026/09/19 10:01:33.329, 1, 77, 49.40, 0, 12960, 1189, 715, P0, 0x0000000000000000
2026/09/19 10:01:34.337, 0, 79, 156.39, 100, 13664, 1227, 715, P0, 0x0000000000000000
2026/09/19 10:01:34.340, 1, 76, 47.56, 0, 12960, 1189, 715, P0, 0x0000000000000000
2026/09/19 10:01:35.351, 0, 79, 155.43, 100, 13664, 1202, 715, P0, 0x0000000000000020
2026/09/19 10:01:35.354, 1, 75, 47.08, 0, 12960, 1189, 715, P0, 0x0000000000000000
2026/09/19 10:01:36.364, 0, 79, 153.61, 100, 13664, 1189, 715, P0, 0x0000000000000000
2026/09/19 10:01:36.367, 1, 75, 46.84, 0, 12960, 1189, 715, P0, 0x0000000000000000
2026/09/19 10:01:37.376, 0, 79, 143.18, 100, 13664, 1151, 715, P0, 0x0000000000000020
2026/09/19 10:01:37.380, 1, 75, 47.36, 0, 12960, 1189, 715, P0, 0x0000000000000000
2026/09/19 10:01:38.392, 0, 79, 141.74, 100, 13664, 1151, 715, P0, 0x0000000000000000
2026/09/19 10:01:38.396, 1, 74, 47.12, 0, 12960, 1189, 715, P0, 0x0000000000000000
2026/09/19 10:01:39.405, 0, 77, 53.74, 0, 13664, 1316, 715, P0, 0x0000000000000000
2026/09/19 10:01:39.408, 1, 78, 200.58, 100, 12960, 1328, 715, P0, 0x0000000000000000
2026/09/19 10:01:40.423, 0, 76, 53.08, 0, 13664, 1316, 715, P0, 0x0000000000000000
2026/09/19 10:01:40.426, 1, 79, 174.89, 100, 12960, 1290, 715, P0, 0x0000000000000000
2026/09/19 10:01:41.434, 0, 76, 49.50, 0, 13664, 1189, 715, P0, 0x0000000000000000
2026/09/19 10:01:41.442, 1, 79, 169.80, 100, 12960, 1252, 715, P0, 0x0000000000000020
2026/09/19 10:01:42.456, 0, 75, 46.21, 0, 13664, 1189, 715, P0, 0x0000000000000000
2026/09/19 10:01:42.459, 1, 80, 135.77, 100, 12960, 1252, 715, P0, 0x0000000000000020
2026/09/19 10:01:43.465, 0, 75, 45.93, 0, 13664, 1189, 715, P0, 0x0000000000000000
2026/09/19 10:01:43.469, 1, 79, 157.59, 100, 12960, 1202, 715, P0, 0x0000000000000020
2026/09/19 10:01:44.480, 0, 80, 213.23, 100, 13664, 1328, 715, P0, 0x0000000000000000
2026/09/19 10:01:44.483, 1, 76, 48.88, 0, 12960, 1202, 715, P0, 0x0000000000000000
2026/09/19 10:01:45.494, 0, 80, 153.75, 100, 13664, 1202, 715, P0, 0x0000000000000000
2026/09/19 10:01:45.502, 1, 76, 48.56, 0, 12960, 1202, 715, P0, 0x0000000000000000
2026/09/19 10:01:46.520, 0, 79, 142.68, 100, 13664, 1139, 715, P0, 0x0000000000000020
2026/09/19 10:01:46.525, 1, 75, 48.08, 0, 12960, 1202, 715, P0, 0x0000000000000000
2026/09/19 10:01:47.534, 0, 79, 136.55, 100, 13664, 1126, 715, P0, 0x0000000000000020
2026/09/19 10:01:47.543, 1, 75, 48.09, 0, 12960, 1202, 715, P0, 0x0000000000000000
2026/09/19 10:01:48.547, 0, 80, 137.51, 100, 13664, 1139, 715, P0, 0x0000000000000000
2026/09/19 10:01:48.549, 1, 74, 47.85, 0, 12960, 1202, 715, P0, 0x0000000000000000
2026/09/19 10:01:49.565, 0, 78, 48.34, 30, 13664, 1189, 715, P0, 0x0000000000000000
2026/09/19 10:01:49.568, 1, 76, 161.34, 100, 12960, 1328, 715, P0, 0x0000000000000000
2026/09/19 10:01:50.577, 0, 76, 46.62, 0, 13664, 1189, 715, P0, 0x0000000000000000
2026/09/19 10:01:50.580, 1, 79, 171.11, 100, 12960, 1328, 715, P0, 0x0000000000000000
2026/09/19 10:01:51.589, 0, 76, 46.37, 0, 13664, 1189, 715, P0, 0x0000000000000000
2026/09/19 10:01:51.592, 1, 80, 182.44, 100, 12960, 1265, 715, P0, 0x0000000000000020
2026/09/19 10:01:52.601, 0, 75, 46.13, 0, 13664, 1189, 715, P0, 0x0000000000000000
2026/09/19 10:01:52.604, 1, 80, 170.76, 100, 12960, 1227, 715, P0, 0x0000000000000020
2026/09/19 10:01:53.628, 0, 75, 46.17, 0, 13664, 1189, 715, P0, 0x0000000000000000
2026/09/19 10:01:53.631, 1, 79, 153.89, 100, 12960, 1227, 715, P0, 0x0000000000000000
2026/09/19 10:01:54.638, 0, 78, 195.51, 100, 13664, 1328, 715, P0, 0x0000000000000000
2026/09/19 10:01:54.641, 1, 77, 51.30, 0, 12960, 1227, 715, P0, 0x0000000000000000
2026/09/19 10:01:55.649, 0, 80, 168.61, 100, 13664, 1240, 715, P0, 0x0000000000000020
2026/09/19 10:01:55.652, 1, 76, 49.92, 0, 12960, 1227, 715, P0, 0x0000000000000000
2026/09/19 10:01:56.663, 0, 79, 144.12, 100, 13664, 1151, 715, P0, 0x0000000000000020
2026/09/19 10:01:56.666, 1, 75, 49.26, 0, 12960, 1227, 715, P0, 0x0000000000000000
2026/09/19 10:01:57.676, 0, 79, 123.51, 100, 13664, 1189, 715, P0, 0x0000000000000000
2026/09/19 10:01:57.683, 1, 75, 49.06, 0, 12960, 1227, 715, P0, 0x0000000000000000
2026/09/19 10:01:58.691, 0, 80, 151.21, 100, 13664, 1177, 715, P0, 0x0000000000000020
2026/09/19 10:01:58.694, 1, 75, 49.00, 0, 12960, 1227, 715, P0, 0x0000000000000000
2026/09/19 10:01:59.705, 0, 79, 126.38, 100, 13664, 1088, 715, P0, 0x0000000000000020
2026/09/19 10:01:59.708, 1, 74, 48.82, 0, 12960, 1227, 715, P0, 0x0000000000000000
2026/09/19 10:02:00.717, 0, 77, 51.67, 0, 13664, 1278, 715, P0, 0x0000000000000000
2026/09/19 10:02:00.722, 1, 78, 169.20, 100, 12960, 1328, 715, P0, 0x0000000000000000
2026/09/19 10:02:01.727, 0, 76, 51.10, 0, 13664, 1278, 715, P0, 0x0000000000000000
2026/09/19 10:02:01.729, 1, 80, 200.84, 100, 12960, 1328, 715, P0, 0x0000000000000000
2026/09/19 10:02:02.737, 0, 76, 50.95, 0, 13664, 1278, 715, P0, 0x0000000000000000
2026/09/19 10:02:02.740, 1, 79, 170.49, 100, 12960, 1252, 715, P0, 0x0000000000000020
2026/09/19 10:02:03.747, 0, 75, 50.99, 0, 13664, 1278, 715, P0, 0x0000000000000000
2026/09/19 10:02:03.750, 1, 79, 153.04, 100, 12960, 1240, 715, P0, 0x0000000000000000
2026/09/19 10:02:04.755, 0, 75, 50.51, 0, 13664, 1278, 715, P0, 0x0000000000000000
2026/09/19 10:02:04.759, 1, 79, 152.18, 100, 12960, 1189, 715, P0, 0x0000000000000020
2026/09/19 10:02:05.766, 0, 79, 206.97, 100, 13664, 1328, 715, P0, 0x0000000000000000
2026/09/19 10:02:05.769, 1, 77, 48.65, 0, 12960, 1189, 715, P0, 0x0000000000000000
2026/09/19 10:02:06.776, 0, 80, 155.19, 100, 13664, 1202, 715, P0, 0x0000000000000020
2026/09/19 10:02:06.783, 1, 76, 47.56, 0, 12960, 1189, 715, P0, 0x0000000000000000
2026/09/19 10:02:07.791, 0, 78, 114.53, 100, 13664, 1012, 715, P0, 0x0000000000000000
2026/09/19 10:02:07.794, 1, 75, 47.18, 0, 12960, 1189, 715, P0, 0x0000000000000000
2026/09/19 10:02:08.804, 0, 79, 122.80, 100, 13664, 1075, 715, P0, 0x0000000000000020
2026/09/19 10:02:08.808, 1, 75, 46.92, 0, 12960, 1189, 715, P0, 0x0000000000000000
2026/09/19 10:02:09.816, 0, 79, 125.44, 100, 13664, 1101, 715, P0, 0x0000000000000000
2026/09/19 10:02:09.823, 1, 74, 46.68, 0, 12960, 1189, 715, P0, 0x0000000000000000
2026/09/19 10:02:10.830, 0, 79, 126.64, 100, 13664, 1101, 715, P0, 0x0000000000000000
2026/09/19 10:02:10.833, 1, 74, 46.68, 0, 12960, 1189, 715, P0, 0x0000000000000000
2026/09/19 10:02:11.843, 0, 77, 53.02, 0, 13664, 1303, 715, P0, 0x0000000000000000
2026/09/19 10:02:11.846, 1, 78, 201.43, 100, 12960, 1328, 715, P0, 0x0000000000000000
2026/09/19 10:02:12.854, 0, 76, 52.34, 0, 13664, 1303, 715, P0, 0x0000000000000000
2026/09/19 10:02:12.859, 1, 79, 187.29, 100, 12960, 1316, 715, P0, 0x0000000000000000
2026/09/19 10:02:13.863, 0, 76, 52.20, 0, 13664, 1303, 715, P0, 0x0000000000000000
2026/09/19 10:02:13.866, 1, 79, 146.19, 100, 12960, 1252, 715, P0, 0x0000000000000000
2026/09/19 10:02:14.873, 0, 75, 52.02, 0, 13664, 1303, 715, P0, 0x0000000000000000
2026/09/19 10:02:14.878, 1, 79, 116.02, 100, 12960, 1037, 715, P0, 0x0000000000000020
2026/09/19 10:02:15.885, 0, 75, 52.00, 0, 13664, 1303, 715, P0, 0x0000000000000000
2026/09/19 10:02:15.888, 1, 79, 129.54, 100, 12960, 1126, 715, P0, 0x0000000000000020
2026/09/19 10:02:16.894, 0, 79, 209.87, 100, 13664, 1328, 715, P0, 0x0000000000000000
2026/09/19 10:02:16.897, 1, 77, 54.81, 0, 12960, 1316, 715, P0, 0x0000000000000000
2026/09/19 10:02:17.908, 0, 79, 146.17, 100, 13664, 1177, 715, P0, 0x0000000000000020
2026/09/19 10:02:17.911, 1, 76, 54.06, 0, 12960, 1316, 715, P0, 0x0000000000000000
2026/09/19 10:02:18.922, 0, 79, 109.20, 100, 13664, 1177, 715, P0, 0x0000000000000000
2026/09/19 10:02:18.925, 1, 75, 53.67, 0, 12960, 1316, 715, P0, 0x0000000000000000
2026/09/19 10:02:19.935, 0, 79, 146.52, 100, 13664, 1177, 715, P0, 0x0000000000000020
2026/09/19 10:02:19.940, 1, 75, 47.33, 0, 12960, 1189, 715, P0, 0x0000000000000000
2026/09/19 10:02:20.951, 0, 79, 119.51, 100, 13664, 1050, 715, P0, 0x0000000000000020
2026/09/19 10:02:20.961, 1, 74, 46.69, 0, 12960, 1189, 715, P0, 0x0000000000000000
2026/09/19 10:02:21.976, 0, 79, 122.07, 100, 13664, 1063, 715, P0, 0x0000000000000020
2026/09/19 10:02:21.980, 1, 74, 46.68, 0, 12960, 1189, 715, P0, 0x0000000000000000
2026/09/19 10:02:22.989, 0, 77, 53.51, 0, 13664, 1316, 715, P0, 0x0000000000000000
2026/09/19 10:02:22.992, 1, 78, 194.44, 100, 12960, 1328, 715, P0, 0x0000000000000000
2026/09/19 10:02:24.001, 0, 76, 52.89, 0, 13664, 1316, 715, P0, 0x0000000000000000
2026/09/19 10:02:24.004, 1, 79, 152.06, 100, 12960, 1328, 715, P0, 0x0000000000000000
2026/09/19 10:02:25.013, 0, 76, 52.63, 0, 13664, 1316, 715, P0, 0x0000000000000000
2026/09/19 10:02:25.016, 1, 79, 165.55, 100, 12960, 1252, 715, P0, 0x0000000000000020
2026/09/19 10:02:26.023, 0, 75, 52.62, 0, 13664, 1316, 715, P0, 0x0000000000000000
2026/09/19 10:02:26.026, 1, 79, 167.38, 100, 12960, 1252, 715, P0, 0x0000000000000000
2026/09/19 10:02:27.031, 0, 75, 52.43, 0, 13664, 1316, 715, P0, 0x0000000000000000
2026/09/19 10:02:27.035, 1, 79, 146.76, 100, 12960, 1189, 715, P0, 0x0000000000000000
2026/09/19 10:02:28.048, 0, 80, 194.57, 100, 13664, 1316, 715, P0, 0x0000000000000020
2026/09/19 10:02:28.051, 1, 76, 53.94, 0, 12960, 1303, 715, P0, 0x0000000000000000
2026/09/19 10:02:29.062, 0, 79, 141.47, 100, 13664, 1139, 715, P0, 0x0000000000000020
2026/09/19 10:02:29.065, 1, 76, 53.35, 0, 12960, 1303, 715, P0, 0x0000000000000000
2026/09/19 10:02:30.075, 0, 79, 126.85, 100, 13664, 1189, 715, P0, 0x0000000000000000
2026/09/19 10:02:30.080, 1, 75, 53.13, 0, 12960, 1303, 715, P0, 0x0000000000000000
2026/09/19 10:02:31.093, 0, 79, 146.01, 100, 13664, 1164, 715, P0, 0x0000000000000020
2026/09/19 10:02:31.096, 1, 75, 52.86, 0, 12960, 1303, 715, P0, 0x0000000000000000
2026/09/19 10:02:32.108, 0, 79, 122.30, 100, 13664, 1063, 715, P0, 0x0000000000000020
2026/09/19 10:02:32.112, 1, 75, 52.69, 0, 12960, 1303, 715, P0, 0x0000000000000000
2026/09/19 10:02:33.121, 0, 78, 53.08, 66, 13664, 1303, 715, P0, 0x0000000000000000
2026/09/19 10:02:33.124, 1, 76, 185.26, 0, 12960, 1303, 715, P0, 0x0000000000000000
2026/09/19 10:02:34.133, 0, 77, 52.78, 0, 13664, 1303, 715, P0, 0x0000000000000000
2026/09/19 10:02:34.139, 1, 79, 204.49, 100, 12960, 1328, 715, P0, 0x0000000000000000
2026/09/19 10:02:35.143, 0, 76, 52.16, 0, 13664, 1303, 715, P0, 0x0000000000000000
2026/09/19 10:02:35.146, 1, 79, 158.44, 100, 12960, 1252, 715, P0, 0x0000000000000000
2026/09/19 10:02:36.155, 0, 75, 46.85, 0, 13664, 1189, 715, P0, 0x0000000000000000
2026/09/19 10:02:36.159, 1, 80, 171.46, 100, 12960, 1265, 715, P0, 0x0000000000000000
2026/09/19 10:02:37.177, 0, 75, 46.17, 0, 13664, 1189, 715, P0, 0x0000000000000000
2026/09/19 10:02:37.185, 1, 79, 157.83, 100, 12960, 1215, 715, P0, 0x0000000000000020
2026/09/19 10:02:38.199, 0, 77, 155.40, 36, 13664, 1189, 715, P0, 0x0000000000000000
2026/09/19 10:02:38.201, 1, 78, 51.41, 6, 12960, 1215, 715, P0, 0x0000000000000000
2026/09/19 10:02:39.218, 0, 80, 198.04, 100, 13664, 1278, 715, P0, 0x0000000000000020
2026/09/19 10:02:39.224, 1, 76, 49.62, 24, 12960, 1215, 715, P0, 0x0000000000000000
2026/09/19 10:02:40.232, 0, 80, 128.22, 100, 13664, 1215, 715, P0, 0x0000000000000020
2026/09/19 10:02:40.235, 1, 76, 49.05, 0, 12960, 1215, 715, P0, 0x0000000000000000
2026/09/19 10:02:41.249, 0, 79, 121.65, 100, 13664, 1164, 715, P0, 0x0000000000000000
2026/09/19 10:02:41.251, 1, 75, 48.83, 0, 12960, 1215, 715, P0, 0x0000000000000000
2026/09/19 10:02:42.265, 0, 79, 136.07, 100, 13664, 1177, 715, P0, 0x0000000000000020
2026/09/19 10:02:42.268, 1, 75, 48.56, 0, 12960, 1215, 715, P0, 0x0000000000000000
2026/09/19 10:02:43.280, 0, 79, 144.12, 100, 13664, 1139, 715, P0, 0x0000000000000020
2026/09/19 10:02:43.291, 1, 74, 48.32, 0, 12960, 1215, 715, P0, 0x0000000000000000
2026/09/19 10:02:44.310, 0, 77, 47.81, 0, 13664, 1189, 715, P0, 0x0000000000000000
2026/09/19 10:02:44.313, 1, 77, 189.45, 100, 12960, 1328, 715, P0, 0x0000000000000000
2026/09/19 10:02:45.330, 0, 76, 46.81, 0, 13664, 1189, 715, P0, 0x0000000000000000
2026/09/19 10:02:45.333, 1, 79, 202.44, 100, 12960, 1328, 715, P0, 0x0000000000000000
2026/09/19 10:02:46.354, 0, 76, 46.41, 0, 13664, 1189, 715, P0, 0x0000000000000000
2026/09/19 10:02:46.358, 1, 79, 154.52, 100, 12960, 1252, 715, P0, 0x0000000000000000
2026/09/19 10:02:47.362, 0, 75, 46.16, 0, 13664, 1189, 715, P0, 0x0000000000000000
2026/09/19 10:02:47.365, 1, 80, 173.74, 100, 12960, 1265, 715, P0, 0x0000000000000020
2026/09/19 10:02:48.383, 0, 75, 46.00, 0, 13664, 1189, 715, P0, 0x0000000000000000
2026/09/19 10:02:48.386, 1, 79, 114.66, 100, 12960, 1113, 715, P0, 0x0000000000000020
2026/09/19 10:02:49.403, 0, 77, 184.94, 92, 13664, 1316, 715, P0, 0x0000000000000000
2026/09/19 10:02:49.406, 1, 77, 54.91, 0, 12960, 1303, 715, P0, 0x0000000000000000
2026/09/19 10:02:50.416, 0, 79, 156.98, 100, 13664, 1202, 715, P0, 0x0000000000000000
2026/09/19 10:02:50.419, 1, 76, 53.78, 24, 12960, 1303, 715, P0, 0x0000000000000000
2026/09/19 10:02:51.433, 0, 79, 142.19, 100, 13664, 1164, 715, P0, 0x0000000000000020
2026/09/19 10:02:51.436, 1, 75, 53.35, 0, 12960, 1303, 715, P0, 0x0000000000000000
2026/09/19 10:02:52.446, 0, 79, 139.06, 100, 13664, 1113, 715, P0, 0x0000000000000020
2026/09/19 10:02:52.453, 1, 75, 53.11, 0, 12960, 1303, 715, P0, 0x0000000000000000
2026/09/19 10:02:53.460, 0, 79, 134.61, 100, 13664, 1113, 715, P0, 0x0000000000000020
2026/09/19 10:02:53.463, 1, 75, 52.88, 0, 12960, 1303, 715, P0, 0x0000000000000000
2026/09/19 10:02:54.471, 0, 79, 133.96, 100, 13664, 1113, 715, P0, 0x0000000000000020
2026/09/19 10:02:54.474, 1, 75, 52.66, 0, 12960, 1303, 715, P0, 0x0000000000000000
2026/09/19 10:02:55.487, 0, 77, 53.06, 0, 13664, 1290, 715, P0, 0x0000000000000000
2026/09/19 10:02:55.490, 1, 77, 195.73, 100, 12960, 1328, 715, P0, 0x0000000000000000
2026/09/19 10:02:56.497, 0, 76, 52.06, 0, 13664, 1290, 715, P0, 0x0000000000000000
2026/09/19 10:02:56.500, 1, 80, 204.04, 100, 12960, 1328, 715, P0, 0x0000000000000000
2026/09/19 10:02:57.518, 0, 76, 51.67, 0, 13664, 1290, 715, P0, 0x0000000000000000
2026/09/19 10:02:57.524, 1, 79, 170.73, 100, 12960, 1252, 715, P0, 0x0000000000000020
2026/09/19 10:02:58.543, 0, 75, 51.54, 0, 13664, 1290, 715, P0, 0x0000000000000000
2026/09/19 10:02:58.546, 1, 79, 112.91, 100, 12960, 1025, 715, P0, 0x0000000000000000
2026/09/19 10:02:59.559, 0, 75, 51.25, 0, 13664, 1290, 715, P0, 0x0000000000000000
2026/09/19 10:02:59.563, 1, 78, 132.10, 100, 12960, 1139, 715, P0, 0x0000000000000000
2026/09/19 10:03:00.570, 0, 77, 178.43, 98, 13664, 1328, 715, P0, 0x0000000000000000
2026/09/19 10:03:00.573, 1, 77, 51.81, 42, 12960, 1252, 715, P0, 0x0000000000000000
2026/09/19 10:03:01.585, 0, 80, 162.01, 100, 13664, 1215, 715, P0, 0x0000000000000020
2026/09/19 10:03:01.589, 1, 76, 50.68, 17, 12960, 1252, 715, P0, 0x0000000000000000
2026/09/19 10:03:02.597, 0, 79, 118.45, 100, 13664, 1164, 715, P0, 0x0000000000000020
2026/09/19 10:03:02.600, 1, 75, 50.03, 0, 12960, 1252, 715, P0, 0x0000000000000000
2026/09/19 10:03:03.613, 0, 79, 145.79, 100, 13664, 1189, 715, P0, 0x0000000000000020
2026/09/19 10:03:03.616, 1, 75, 49.97, 0, 12960, 1252, 715, P0, 0x0000000000000000
2026/09/19 10:03:04.627, 0, 79, 127.57, 100, 13664, 1088, 715, P0, 0x0000000000000020
2026/09/19 10:03:04.631, 1, 75, 49.79, 0, 12960, 1252, 715, P0, 0x0000000000000000
2026/09/19 10:03:05.644, 0, 79, 127.50, 100, 13664, 1101, 715, P0, 0x0000000000000020
2026/09/19 10:03:05.650, 1, 74, 49.54, 0, 12960, 1252, 715, P0, 0x0000000000000000
2026/09/19 10:03:06.660, 0, 77, 52.35, 0, 13664, 1278, 715, P0, 0x0000000000000000
2026/09/19 10:03:06.666, 1, 77, 185.02, 100, 12960, 1328, 715, P0, 0x0000000000000000
2026/09/19 10:03:07.677, 0, 76, 51.58, 0, 13664, 1278, 715, P0, 0x0000000000000000
2026/09/19 10:03:07.679, 1, 79, 203.32, 100, 12960, 1328, 715, P0, 0x0000000000000000
2026/09/19 10:03:08.693, 0, 76, 51.19, 0, 13664, 1278, 715, P0, 0x0000000000000000
2026/09/19 10:03:08.696, 1, 79, 165.58, 100, 12960, 1252, 715, P0, 0x0000000000000000
2026/09/19 10:03:09.705, 0, 75, 50.70, 0, 13664, 1278, 715, P0, 0x0000000000000000
2026/09/19 10:03:09.708, 1, 80, 173.72, 100, 12960, 1265, 715, P0, 0x0000000000000020
2026/09/19 10:03:10.720, 0, 75, 50.71, 0, 13664, 1278, 715, P0, 0x0000000000000000
2026/09/19 10:03:10.725, 1, 79, 156.38, 100, 12960, 1227, 715, P0, 0x0000000000000020
2026/09/19 10:03:11.734, 0, 78, 203.85, 100, 13664, 1328, 715, P0, 0x0000000000000000
2026/09/19 10:03:11.737, 1, 77, 51.26, 0, 12960, 1227, 715, P0, 0x0000000000000000
2026/09/19 10:03:12.749, 0, 79, 169.93, 100, 13664, 1227, 715, P0, 0x0000000000000020
2026/09/19 10:03:12.752, 1, 76, 49.92, 11, 12960, 1227, 715, P0, 0x0000000000000000
2026/09/19 10:03:13.758, 0, 80, 144.60, 100, 13664, 1164, 715, P0, 0x0000000000000020
2026/09/19 10:03:13.761, 1, 75, 49.50, 0, 12960, 1227, 715, P0, 0x0000000000000000
2026/09/19 10:03:14.769, 0, 79, 144.36, 100, 13664, 1164, 715, P0, 0x0000000000000020
2026/09/19 10:03:14.773, 1, 75, 49.26, 0, 12960, 1227, 715, P0, 0x0000000000000000
2026/09/19 10:03:15.785, 0, 79, 136.78, 100, 13664, 1113, 715, P0, 0x0000000000000020
2026/09/19 10:03:15.792, 1, 75, 49.05, 0, 12960, 1227, 715, P0, 0x0000000000000000
2026/09/19 10:03:16.797, 0, 79, 131.83, 100, 13664, 1126, 715, P0, 0x0000000000000020
2026/09/19 10:03:16.800, 1, 74, 48.86, 0, 12960, 1227, 715, P0, 0x0000000000000000
2026/09/19 10:03:17.810, 0, 77, 50.42, 0, 13664, 1240, 715, P0, 0x0000000000000000
2026/09/19 10:03:17.813, 1, 77, 197.40, 100, 12960, 1328, 715, P0, 0x0000000000000000
2026/09/19 10:03:18.821, 0, 76, 49.45, 0, 13664, 1240, 715, P0, 0x0000000000000000
2026/09/19 10:03:18.821, 1, 80, 166.95, 100, 12960, 1328, 715, P0, 0x0000000000000000
2026/09/19 10:03:19.833, 0, 76, 49.26, 0, 13664, 1240, 715, P0, 0x0000000000000000
2026/09/19 10:03:19.836, 1, 79, 170.73, 100, 12960, 1252, 715, P0, 0x0000000000000020
2026/09/19 10:03:20.842, 0, 75, 49.07, 0, 13664, 1240, 715, P0, 0x0000000000000000
2026/09/19 10:03:20.846, 1, 79, 161.17, 100, 12960, 1290, 715, P0, 0x0000000000000000
2026/09/19 10:03:21.867, 0, 75, 48.88, 0, 13664, 1240, 715, P0, 0x0000000000000000
2026/09/19 10:03:21.870, 1, 78, 123.11, 100, 12960, 1088, 715, P0, 0x0000000000000020
2026/09/19 10:03:22.889, 0, 78, 200.51, 72, 13664, 1328, 715, P0, 0x0000000000000000
2026/09/19 10:03:22.893, 1, 77, 55.57, 0, 12960, 1316, 715, P0, 0x0000000000000000
2026/09/19 10:03:23.904, 0, 79, 133.87, 100, 13664, 1126, 715, P0, 0x0000000000000000
2026/09/19 10:03:23.914, 1, 76, 54.56, 24, 12960, 1316, 715, P0, 0x0000000000000000
2026/09/19 10:03:24.918, 0, 79, 122.29, 100, 13664, 1126, 715, P0, 0x0000000000000020
2026/09/19 10:03:24.921, 1, 75, 54.14, 0, 12960, 1316, 715, P0, 0x0000000000000000
2026/09/19 10:03:25.938, 0, 79, 126.84, 100, 13664, 1189, 715, P0, 0x0000000000000000
2026/09/19 10:03:25.941, 1, 75, 53.61, 0, 12960, 1316, 715, P0, 0x0000000000000000
2026/09/19 10:03:26.949, 0, 79, 154.19, 100, 13664, 1189, 715, P0, 0x0000000000000020
2026/09/19 10:03:26.953, 1, 75, 53.53, 0, 12960, 1316, 715, P0, 0x0000000000000000
2026/09/19 10:03:27.963, 0, 79, 145.93, 100, 13664, 1139, 715, P0, 0x0000000000000020
2026/09/19 10:03:27.973, 1, 75, 53.34, 0, 12960, 1316, 715, P0, 0x0000000000000000
2026/09/19 10:03:28.987, 0, 78, 54.27, 0, 13664, 1316, 715, P0, 0x0000000000000000
2026/09/19 10:03:28.990, 1, 77, 191.43, 100, 12960, 1328, 715, P0, 0x0000000000000000
2026/09/19 10:03:29.996, 0, 76, 53.26, 0, 13664, 1316, 715, P0, 0x0000000000000000
2026/09/19 10:03:29.999, 1, 79, 202.86, 100, 12960, 1328, 715, P0, 0x0000000000000000
2026/09/19 10:03:31.007, 0, 76, 52.84, 0, 13664, 1316, 715, P0, 0x0000000000000000
2026/09/19 10:03:31.010, 1, 79, 156.70, 100, 12960, 1265, 715, P0, 0x0000000000000020
2026/09/19 10:03:32.022, 0, 75, 46.17, 0, 13664, 1189, 715, P0, 0x0000000000000000
2026/09/19 10:03:32.026, 1, 80, 166.55, 100, 12960, 1252, 715, P0, 0x0000000000000020
2026/09/19 10:03:33.034, 0, 75, 46.18, 0, 13664, 1189, 715, P0, 0x0000000000000000
2026/09/19 10:03:33.037, 1, 79, 149.17, 100, 12960, 1202, 715, P0, 0x0000000000000020
2026/09/19 10:03:34.044, 0, 78, 175.27, 79, 13664, 1316, 715, P0, 0x0000000000000000
2026/09/19 10:03:34.048, 1, 78, 56.10, 0, 12960, 1316, 715, P0, 0x0000000000000000
2026/09/19 10:03:35.058, 0, 79, 126.76, 100, 13664, 1101, 715, P0, 0x0000000000000020
2026/09/19 10:03:35.060, 1, 76, 54.58, 25, 12960, 1316, 715, P0, 0x0000000000000000
2026/09/19 10:03:36.072, 0, 79, 126.76, 100, 13664, 1101, 715, P0, 0x0000000000000020
2026/09/19 10:03:36.075, 1, 76, 54.09, 0, 12960, 1316, 715, P0, 0x0000000000000000
2026/09/19 10:03:37.081, 0, 79, 126.28, 100, 13664, 1101, 715, P0, 0x0000000000000020
2026/09/19 10:03:37.089, 1, 75, 53.85, 0, 12960, 1316, 715, P0, 0x0000000000000000
2026/09/19 10:03:38.097, 0, 79, 127.73, 100, 13664, 1101, 715, P0, 0x0000000000000020
2026/09/19 10:03:38.100, 1, 75, 53.61, 0, 12960, 1316, 715, P0, 0x0000000000000000
2026/09/19 10:03:39.111, 0, 79, 126.37, 100, 13664, 1101, 715, P0, 0x0000000000000020
2026/09/19 10:03:39.114, 1, 75, 53.41, 0, 12960, 1316, 715, P0, 0x0000000000000000
2026/09/19 10:03:40.122, 0, 78, 49.00, 33, 13664, 1189, 715, P0, 0x0000000000000000
2026/09/19 10:03:40.126, 1, 76, 189.89, 29, 12960, 1316, 715, P0, 0x0000000000000000
2026/09/19 10:03:41.133, 0, 76, 46.80, 0, 13664, 1189, 715, P0, 0x0000000000000000
2026/09/19 10:03:41.136, 1, 79, 204.29, 100, 12960, 1328, 715, P0, 0x0000000000000000
2026/09/19 10:03:42.145, 0, 76, 46.64, 0, 13664, 1189, 715, P0, 0x0000000000000000
2026/09/19 10:03:42.148, 1, 80, 171.00, 100, 12960, 1316, 715, P0, 0x0000000000000000
2026/09/19 10:03:43.158, 0, 75, 46.20, 0, 13664, 1189, 715, P0, 0x0000000000000000
2026/09/19 10:03:43.164, 1, 79, 145.35, 100, 12960, 1164, 715, P0, 0x0000000000000020
2026/09/19 10:03:44.170, 0, 75, 46.17, 0, 13664, 1189, 715, P0, 0x0000000000000000
2026/09/19 10:03:44.173, 1, 79, 145.60, 100, 12960, 1189, 715, P0, 0x0000000000000020
2026/09/19 10:03:45.179, 0, 75, 45.96, 0, 13664, 1189, 715, P0, 0x0000000000000000
2026/09/19 10:03:45.183, 1, 79, 144.88, 100, 12960, 1177, 715, P0, 0x0000000000000020
2026/09/19 10:03:46.191, 0, 80, 214.16, 100, 13664, 1328, 715, P0, 0x0000000000000000
2026/09/19 10:03:46.194, 1, 76, 50.77, 0, 12960, 1252, 715, P0, 0x0000000000000000
2026/09/19 10:03:47.206, 0, 79, 138.22, 100, 13664, 1139, 715, P0, 0x0000000000000020
2026/09/19 10:03:47.209, 1, 75, 50.26, 0, 12960, 1252, 715, P0, 0x0000000000000000
2026/09/19 10:03:48.213, 0, 79, 137.02, 100, 13664, 1139, 715, P0, 0x0000000000000020
2026/09/19 10:03:48.216, 1, 75, 50.01, 0, 12960, 1252, 715, P0, 0x0000000000000000
2026/09/19 10:03:49.229, 0, 79, 137.49, 100, 13664, 1139, 715, P0, 0x0000000000000020
2026/09/19 10:03:49.232, 1, 75, 49.77, 0, 12960, 1252, 715, P0, 0x0000000000000000
2026/09/19 10:03:50.241, 0, 79, 141.97, 100, 13664, 1139, 715, P0, 0x0000000000000020
2026/09/19 10:03:50.246, 1, 75, 49.49, 0, 12960, 1252, 715, P0, 0x0000000000000000
2026/09/19 10:03:51.254, 0, 79, 144.12, 100, 13664, 1139, 715, P0, 0x0000000000000020
2026/09/19 10:03:51.257, 1, 74, 49.49, 0, 12960, 1252, 715, P0, 0x0000000000000000
2026/09/19 10:03:52.270, 0, 76, 47.52, 0, 13664, 1202, 715, P0, 0x0000000000000000
2026/09/19 10:03:52.273, 1, 79, 203.59, 100, 12960, 1328, 715, P0, 0x0000000000000000
2026/09/19 10:03:53.282, 0, 76, 47.10, 0, 13664, 1202, 715, P0, 0x0000000000000000
2026/09/19 10:03:53.285, 1, 79, 166.71, 100, 12960, 1278, 715, P0, 0x0000000000000000
2026/09/19 10:03:54.290, 0, 75, 47.37, 0, 13664, 1202, 715, P0, 0x0000000000000000
2026/09/19 10:03:54.293, 1, 79, 163.68, 100, 12960, 1227, 715, P0, 0x0000000000000020
2026/09/19 10:03:55.298, 0, 75, 46.94, 0, 13664, 1202, 715, P0, 0x0000000000000000
2026/09/19 10:03:55.301, 1, 79, 131.39, 100, 12960, 1240, 715, P0, 0x0000000000000000
2026/09/19 10:03:56.308, 0, 75, 47.14, 0, 13664, 1202, 715, P0, 0x0000000000000000
2026/09/19 10:03:56.311, 1, 79, 148.45, 100, 12960, 1189, 715, P0, 0x0000000000000020
2026/09/19 10:03:57.319, 0, 80, 212.53, 100, 13664, 1328, 715, P0, 0x0000000000000000
2026/09/19 10:03:57.324, 1, 76, 47.93, 0, 12960, 1189, 715, P0, 0x0000000000000000
2026/09/19 10:03:58.333, 0, 79, 128.27, 100, 13664, 1189, 715, P0, 0x0000000000000000
2026/09/19 10:03:58.336, 1, 76, 47.38, 0, 12960, 1189, 715, P0, 0x0000000000000000
2026/09/19 10:03:59.344, 0, 79, 141.26, 100, 13664, 1202, 715, P0, 0x0000000000000000
2026/09/19 10:03:59.347, 1, 75, 46.88, 0, 12960, 1189, 715, P0, 0x0000000000000000
2026/09/19 10:04:00.357, 0, 79, 141.74, 100, 13664, 1189, 715, P0, 0x0000000000000000
2026/09/19 10:04:00.360, 1, 75, 46.88, 0, 12960, 1189, 715, P0, 0x0000000000000000
2026/09/19 10:04:01.371, 0, 79, 143.89, 100, 13664, 1164, 715, P0, 0x0000000000000020
2026/09/19 10:04:01.373, 1, 74, 46.63, 0, 12960, 1189, 715, P0, 0x0000000000000000
2026/09/19 10:04:02.384, 0, 79, 139.89, 100, 13664, 1126, 715, P0, 0x0000000000000020
2026/09/19 10:04:02.393, 1, 74, 46.64, 0, 12960, 1189, 715, P0, 0x0000000000000000
2026/09/19 10:04:03.410, 0, 76, 47.04, 0, 13664, 1189, 715, P0, 0x0000000000000000
2026/09/19 10:04:03.413, 1, 78, 202.84, 100, 12960, 1328, 715, P0, 0x0000000000000000
2026/09/19 10:04:04.423, 0, 76, 46.60, 0, 13664, 1189, 715, P0, 0x0000000000000000
2026/09/19 10:04:04.427, 1, 79, 182.92, 100, 12960, 1290, 715, P0, 0x0000000000000000
2026/09/19 10:04:05.434, 0, 75, 46.43, 0, 13664, 1189, 715, P0, 0x0000000000000000
2026/09/19 10:04:05.437, 1, 79, 148.61, 100, 12960, 1252, 715, P0, 0x0000000000000000
2026/09/19 10:04:06.445, 0, 75, 46.24, 0, 13664, 1189, 715, P0, 0x0000000000000000
2026/09/19 10:04:06.448, 1, 79, 120.04, 100, 12960, 1063, 715, P0, 0x0000000000000020
2026/09/19 10:04:07.459, 0, 75, 45.97, 0, 13664, 1189, 715, P0, 0x0000000000000000
2026/09/19 10:04:07.466, 1, 78, 129.32, 100, 12960, 1126, 715, P0, 0x0000000000000020
2026/09/19 10:04:08.474, 0, 79, 206.93, 100, 13664, 1328, 715, P0, 0x0000000000000000
2026/09/19 10:04:08.477, 1, 76, 48.65, 0, 12960, 1189, 715, P0, 0x0000000000000000
2026/09/19 10:04:09.483, 0, 79, 152.41, 100, 13664, 1202, 715, P0, 0x0000000000000000
2026/09/19 10:04:09.487, 1, 75, 47.80, 0, 12960, 1189, 715, P0, 0x0000000000000000
2026/09/19 10:04:10.494, 0, 79, 146.21, 100, 13664, 1164, 715, P0, 0x0000000000000020
2026/09/19 10:04:10.497, 1, 75, 47.60, 0, 12960, 1189, 715, P0, 0x0000000000000000
2026/09/19 10:04:11.507, 0, 79, 144.60, 100, 13664, 1164, 715, P0, 0x0000000000000020
2026/09/19 10:04:11.516, 1, 75, 46.88, 0, 12960, 1189, 715, P0, 0x0000000000000000
2026/09/19 10:04:12.523, 0, 79, 143.42, 100, 13664, 1164, 715, P0, 0x0000000000000020
2026/09/19 10:04:12.526, 1, 74, 46.64, 0, 12960, 1189, 715, P0, 0x0000000000000000
2026/09/19 10:04:13.538, 0, 79, 122.07, 100, 13664, 1075, 715, P0, 0x0000000000000020
2026/09/19 10:04:13.541, 1, 74, 46.45, 0, 12960, 1189, 715, P0, 0x0000000000000000
2026/09/19 10:04:14.550, 0, 77, 47.29, 0, 13664, 1189, 715, P0, 0x0000000000000000
2026/09/19 10:04:14.553, 1, 78, 195.28, 100, 12960, 1328, 715, P0, 0x0000000000000000
2026/09/19 10:04:15.562, 0, 76, 46.79, 0, 13664, 1189, 715, P0, 0x0000000000000000
2026/09/19 10:04:15.566, 1, 80, 205.23, 100, 12960, 1328, 715, P0, 0x0000000000000000
2026/09/19 10:04:16.575, 0, 75, 46.40, 0, 13664, 1189, 715, P0, 0x0000000000000000
2026/09/19 10:04:16.578, 1, 80, 153.36, 100, 12960, 1290, 715, P0, 0x0000000000000000
2026/09/19 10:04:17.589, 0, 75, 46.22, 0, 13664, 1189, 715, P0, 0x0000000000000000
2026/09/19 10:04:17.594, 1, 78, 120.52, 100, 12960, 1189, 715, P0, 0x0000000000000000
2026/09/19 10:04:18.612, 0, 75, 46.16, 0, 13664, 1189, 715, P0, 0x0000000000000000
2026/09/19 10:04:18.615, 1, 79, 151.46, 100, 12960, 1202, 715, P0, 0x0000000000000000
2026/09/19 10:04:19.623, 0, 78, 195.49, 100, 13664, 1328, 715, P0, 0x0000000000000000
2026/09/19 10:04:19.625, 1, 77, 55.58, 0, 12960, 1316, 715, P0, 0x0000000000000000
2026/09/19 10:04:20.635, 0, 79, 146.88, 100, 13664, 1240, 715, P0, 0x0000000000000000
2026/09/19 10:04:20.638, 1, 76, 54.27, 25, 12960, 1316, 715, P0, 0x0000000000000000
2026/09/19 10:04:21.648, 0, 79, 147.11, 100, 13664, 1189, 715, P0, 0x0000000000000020
2026/09/19 10:04:21.653, 1, 75, 53.81, 0, 12960, 1316, 715, P0, 0x0000000000000000
2026/09/19 10:04:22.665, 0, 79, 146.52, 100, 13664, 1164, 715, P0, 0x0000000000000020
2026/09/19 10:04:22.674, 1, 75, 47.11, 0, 12960, 1189, 715, P0, 0x0000000000000000
2026/09/19 10:04:23.682, 0, 79, 133.99, 100, 13664, 1113, 715, P0, 0x0000000000000020
2026/09/19 10:04:23.685, 1, 74, 46.67, 0, 12960, 1189, 715, P0, 0x0000000000000000
2026/09/19 10:04:24.696, 0, 79, 127.12, 100, 13664, 1101, 715, P0, 0x0000000000000020
2026/09/19 10:04:24.699, 1, 74, 46.68, 0, 12960, 1189, 715, P0, 0x0000000000000000
2026/09/19 10:04:25.713, 0, 77, 52.59, 0, 13664, 1278, 715, P0, 0x0000000000000000
2026/09/19 10:04:25.716, 1, 77, 185.26, 100, 12960, 1328, 715, P0, 0x0000000000000000
2026/09/19 10:04:26.734, 0, 76, 51.35, 0, 13664, 1278, 715, P0, 0x0000000000000000
2026/09/19 10:04:26.737, 1, 79, 201.21, 100, 12960, 1328, 715, P0, 0x0000000000000000
2026/09/19 10:04:27.741, 0, 76, 50.91, 0, 13664, 1278, 715, P0, 0x0000000000000000
2026/09/19 10:04:27.744, 1, 80, 188.49, 100, 12960, 1316, 715, P0, 0x0000000000000020
2026/09/19 10:04:28.750, 0, 75, 46.21, 0, 13664, 1189, 715, P0, 0x0000000000000000
2026/09/19 10:04:28.753, 1, 79, 142.57, 100, 12960, 1189, 715, P0, 0x0000000000000020
2026/09/19 10:04:29.761, 0, 75, 46.20, 0, 13664, 1189, 715, P0, 0x0000000000000000
2026/09/19 10:04:29.764, 1, 79, 149.33, 100, 12960, 1189, 715, P0, 0x0000000000000020
2026/09/19 10:04:30.770, 0, 76, 159.36, 56, 13664, 1316, 715, P0, 0x0000000000000000
2026/09/19 10:04:30.772, 1, 78, 53.97, 72, 12960, 1290, 715, P0, 0x0000000000000000
2026/09/19 10:04:31.781, 0, 80, 137.47, 100, 13664, 1278, 715, P0, 0x0000000000000020
2026/09/19 10:04:31.785, 1, 76, 52.41, 0, 12960, 1290, 715, P0, 0x0000000000000000
2026/09/19 10:04:32.798, 0, 79, 165.48, 100, 13664, 1240, 715, P0, 0x0000000000000020
2026/09/19 10:04:32.801, 1, 75, 51.84, 0, 12960, 1290, 715, P0, 0x0000000000000000
2026/09/19 10:04:33.817, 0, 79, 145.93, 100, 13664, 1164, 715, P0, 0x0000000000000020
2026/09/19 10:04:33.821, 1, 75, 51.89, 0, 12960, 1290, 715, P0, 0x0000000000000000
2026/09/19 10:04:34.832, 0, 79, 134.04, 100, 13664, 1189, 715, P0, 0x0000000000000000
2026/09/19 10:04:34.836, 1, 75, 51.43, 0, 12960, 1290, 715, P0, 0x0000000000000000
2026/09/19 10:04:35.847, 0, 79, 128.13, 100, 13664, 1189, 715, P0, 0x0000000000000020
2026/09/19 10:04:35.852, 1, 75, 51.19, 0, 12960, 1290, 715, P0, 0x0000000000000000
2026/09/19 10:04:36.861, 0, 79, 113.06, 100, 13664, 1139, 715, P0, 0x0000000000000000
2026/09/19 10:04:36.864, 1, 74, 51.24, 0, 12960, 1290, 715, P0, 0x0000000000000000
2026/09/19 10:04:37.871, 0, 77, 53.50, 0, 13664, 1316, 715, P0, 0x0000000000000000
2026/09/19 10:04:37.874, 1, 79, 203.78, 100, 12960, 1328, 715, P0, 0x0000000000000000
2026/09/19 10:04:38.880, 0, 76, 52.83, 0, 13664, 1316, 715, P0, 0x0000000000000000
2026/09/19 10:04:38.883, 1, 79, 182.40, 100, 12960, 1290, 715, P0, 0x0000000000000000
2026/09/19 10:04:39.889, 0, 75, 52.68, 0, 13664, 1316, 715, P0, 0x0000000000000000
2026/09/19 10:04:39.893, 1, 79, 146.28, 100, 12960, 1189, 715, P0, 0x0000000000000020
2026/09/19 10:04:40.903, 0, 75, 52.65, 0, 13664, 1316, 715, P0, 0x0000000000000000
2026/09/19 10:04:40.906, 1, 79, 151.21, 100, 12960, 1189, 715, P0, 0x0000000000000020
2026/09/19 10:04:41.915, 0, 75, 52.25, 0, 13664, 1316, 715, P0, 0x0000000000000000
2026/09/19 10:04:41.918, 1, 79, 122.10, 100, 12960, 1252, 715, P0, 0x0000000000000020
2026/09/19 10:04:42.926, 0, 80, 206.37, 100, 13664, 1303, 715, P0, 0x0000000000000020
2026/09/19 10:04:42.928, 1, 76, 47.94, 0, 12960, 1189, 715, P0, 0x0000000000000000
2026/09/19 10:04:43.939, 0, 79, 125.19, 100, 13664, 1101, 715, P0, 0x0000000000000000
2026/09/19 10:04:43.951, 1, 75, 47.14, 0, 12960, 1189, 715, P0, 0x0000000000000000
2026/09/19 10:04:44.968, 0, 79, 126.40, 100, 13664, 1101, 715, P0, 0x0000000000000020
2026/09/19 10:04:44.971, 1, 75, 46.92, 0, 12960, 1189, 715, P0, 0x0000000000000000
2026/09/19 10:04:45.984, 0, 79, 133.27, 100, 13664, 1113, 715, P0, 0x0000000000000020
2026/09/19 10:04:45.988, 1, 75, 46.89, 0, 12960, 1189, 715, P0, 0x0000000000000000
2026/09/19 10:04:46.998, 0, 79, 132.47, 100, 13664, 1113, 715, P0, 0x0000000000000020
2026/09/19 10:04:47.007, 1, 74, 46.64, 0, 12960, 1189, 715, P0, 0x0000000000000000
2026/09/19 10:04:48.013, 0, 79, 133.99, 100, 13664, 1113, 715, P0, 0x0000000000000020
2026/09/19 10:04:48.016, 1, 74, 46.64, 0, 12960, 1189, 715, P0, 0x0000000000000000
2026/09/19 10:04:49.027, 0, 77, 51.14, 0, 13664, 1252, 715, P0, 0x0000000000000000
2026/09/19 10:04:49.030, 1, 77, 195.60, 100, 12960, 1328, 715, P0, 0x0000000000000000
2026/09/19 10:04:50.043, 0, 76, 50.62, 0, 13664, 1252, 715, P0, 0x0000000000000000
2026/09/19 10:04:50.046, 1, 79, 204.53, 100, 12960, 1328, 715, P0, 0x0000000000000000
2026/09/19 10:04:51.055, 0, 76, 50.18, 0, 13664, 1252, 715, P0, 0x0000000000000000
2026/09/19 10:04:51.058, 1, 80, 190.75, 100, 12960, 1316, 715, P0, 0x0000000000000000
2026/09/19 10:04:52.066, 0, 75, 49.99, 0, 13664, 1252, 715, P0, 0x0000000000000000
2026/09/19 10:04:52.069, 1, 79, 148.35, 100, 12960, 1164, 715, P0, 0x0000000000000020
2026/09/19 10:04:53.091, 0, 75, 49.78, 0, 13664, 1252, 715, P0, 0x0000000000000000
2026/09/19 10:04:53.098, 1, 79, 148.59, 100, 12960, 1164, 715, P0, 0x0000000000000020
2026/09/19 10:04:54.118, 0, 78, 206.90, 100, 13664, 1328, 715, P0, 0x0000000000000000
2026/09/19 10:04:54.120, 1, 77, 55.33, 0, 12960, 1316, 715, P0, 0x0000000000000000
2026/09/19 10:04:55.129, 0, 80, 161.50, 100, 13664, 1227, 715, P0, 0x0000000000000000
2026/09/19 10:04:55.137, 1, 76, 54.24, 0, 12960, 1316, 715, P0, 0x0000000000000000
2026/09/19 10:04:56.147, 0, 79, 145.68, 100, 13664, 1164, 715, P0, 0x0000000000000020
2026/09/19 10:04:56.150, 1, 75, 53.82, 0, 12960, 1316, 715, P0, 0x0000000000000000
2026/09/19 10:04:57.160, 0, 79, 145.06, 100, 13664, 1151, 715, P0, 0x0000000000000020
2026/09/19 10:04:57.164, 1, 75, 53.58, 0, 12960, 1316, 715, P0, 0x0000000000000000
2026/09/19 10:04:58.177, 0, 79, 128.45, 100, 13664, 1075, 715, P0, 0x0000000000000020
2026/09/19 10:04:58.182, 1, 75, 53.37, 0, 12960, 1316, 715, P0, 0x0000000000000000
2026/09/19 10:04:59.190, 0, 79, 141.47, 100, 13664, 1101, 715, P0, 0x0000000000000020
2026/09/19 10:04:59.202, 1, 75, 53.34, 0, 12960, 1316, 715, P0, 0x0000000000000000
2026/09/19 10:05:00.209, 0, 78, 53.80, 0, 13664, 1303, 715, P0, 0x0000000000000000
2026/09/19 10:05:00.212, 1, 76, 181.70, 100, 12960, 1328, 715, P0, 0x0000000000000000
2026/09/19 10:05:01.222, 0, 76, 52.55, 0, 13664, 1303, 715, P0, 0x0000000000000000
2026/09/19 10:05:01.226, 1, 79, 204.77, 100, 12960, 1328, 715, P0, 0x0000000000000000
2026/09/19 10:05:02.235, 0, 76, 52.11, 0, 13664, 1303, 715, P0, 0x0000000000000000
2026/09/19 10:05:02.238, 1, 80, 190.27, 100, 12960, 1303, 715, P0, 0x0000000000000020
2026/09/19 10:05:03.248, 0, 76, 52.26, 0, 13664, 1303, 715, P0, 0x0000000000000000
2026/09/19 10:05:03.254, 1, 79, 120.27, 100, 12960, 1075, 715, P0, 0x0000000000000000
2026/09/19 10:05:04.275, 0, 75, 51.97, 0, 13664, 1303, 715, P0, 0x0000000000000000
2026/09/19 10:05:04.281, 1, 78, 135.68, 100, 12960, 1151, 715, P0, 0x0000000000000000
2026/09/19 10:05:05.286, 0, 75, 51.72, 0, 13664, 1303, 715, P0, 0x0000000000000000
2026/09/19 10:05:05.289, 1, 79, 141.11, 100, 12960, 1164, 715, P0, 0x0000000000000020
2026/09/19 10:05:06.315, 0, 80, 153.04, 100, 13664, 1189, 715, P0, 0x0000000000000020
2026/09/19 10:05:06.318, 1, 76, 47.81, 0, 12960, 1189, 715, P0, 0x0000000000000000
2026/09/19 10:05:07.330, 0, 79, 146.45, 100, 13664, 1177, 715, P0, 0x0000000000000020
2026/09/19 10:05:07.333, 1, 75, 47.12, 0, 12960, 1189, 715, P0, 0x0000000000000000
2026/09/19 10:05:08.347, 0, 79, 144.12, 100, 13664, 1177, 715, P0, 0x0000000000000000
2026/09/19 10:05:08.356, 1, 75, 46.88, 0, 12960, 1189, 715, P0, 0x0000000000000000
2026/09/19 10:05:09.361, 0, 79, 144.36, 100, 13664, 1164, 715, P0, 0x0000000000000020
2026/09/19 10:05:09.364, 1, 75, 46.64, 0, 12960, 1189, 715, P0, 0x0000000000000000
2026/09/19 10:05:10.389, 0, 79, 118.30, 100, 13664, 1025, 715, P0, 0x0000000000000020
2026/09/19 10:05:10.398, 1, 74, 46.69, 0, 12960, 1189, 715, P0, 0x0000000000000000
2026/09/19 10:05:11.402, 0, 79, 128.47, 100, 13664, 1075, 715, P0, 0x0000000000000020
2026/09/19 10:05:11.406, 1, 74, 46.44, 0, 12960, 1189, 715, P0, 0x0000000000000000
2026/09/19 10:05:12.418, 0, 76, 47.05, 0, 13664, 1189, 715, P0, 0x0000000000000000
2026/09/19 10:05:12.421, 1, 78, 196.24, 100, 12960, 1328, 715, P0, 0x0000000000000000
2026/09/19 10:05:13.429, 0, 76, 46.57, 0, 13664, 1189, 715, P0, 0x0000000000000000
2026/09/19 10:05:13.432, 1, 79, 204.07, 100, 12960, 1328, 715, P0, 0x0000000000000000
2026/09/19 10:05:14.443, 0, 75, 46.45, 0, 13664, 1189, 715, P0, 0x0000000000000000
2026/09/19 10:05:14.446, 1, 79, 139.94, 100, 12960, 1189, 715, P0, 0x0000000000000000
2026/09/19 10:05:15.450, 0, 75, 45.93, 0, 13664, 1189, 715, P0, 0x0000000000000000
2026/09/19 10:05:15.454, 1, 78, 154.34, 100, 12960, 1215, 715, P0, 0x0000000000000000
2026/09/19 10:05:16.463, 0, 75, 45.93, 0, 13664, 1189, 715, P0, 0x0000000000000000
2026/09/19 10:05:16.466, 1, 79, 152.69, 100, 12960, 1202, 715, P0, 0x0000000000000020
2026/09/19 10:05:17.471, 0, 78, 195.68, 100, 13664, 1328, 715, P0, 0x0000000000000000
2026/09/19 10:05:17.474, 1, 77, 49.62, 0, 12960, 1202, 715, P0, 0x0000000000000000
2026/09/19 10:05:18.483, 0, 80, 140.76, 100, 13664, 1227, 715, P0, 0x0000000000000000
2026/09/19 10:05:18.490, 1, 76, 48.55, 25, 12960, 1202, 715, P0, 0x0000000000000000
2026/09/19 10:05:19.498, 0, 79, 143.89, 100, 13664, 1189, 715, P0, 0x0000000000000000
2026/09/19 10:05:19.501, 1, 75, 48.07, 0, 12960, 1202, 715, P0, 0x0000000000000000
2026/09/19 10:05:20.509, 0, 79, 139.18, 100, 13664, 1101, 715, P0, 0x0000000000000020
2026/09/19 10:05:20.518, 1, 75, 46.88, 0, 12960, 1189, 715, P0, 0x0000000000000000
2026/09/19 10:05:21.524, 0, 79, 136.79, 100, 13664, 1189, 715, P0, 0x0000000000000000
2026/09/19 10:05:21.527, 1, 74, 46.40, 0, 12960, 1189, 715, P0, 0x0000000000000000
2026/09/19 10:05:22.537, 0, 79, 105.39, 100, 13664, 1164, 715, P0, 0x0000000000000000
2026/09/19 10:05:22.540, 1, 74, 46.46, 0, 12960, 1189, 715, P0, 0x0000000000000000
2026/09/19 10:05:23.552, 0, 78, 54.61, 55, 13664, 1316, 715, P0, 0x0000000000000000
2026/09/19 10:05:23.556, 1, 76, 145.55, 100, 12960, 1316, 715, P0, 0x0000000000000000
2026/09/19 10:05:24.566, 0, 76, 53.02, 0, 13664, 1316, 715, P0, 0x0000000000000000
2026/09/19 10:05:24.569, 1, 79, 204.02, 100, 12960, 1328, 715, P0, 0x0000000000000000
2026/09/19 10:05:25.579, 0, 76, 53.13, 0, 13664, 1316, 715, P0, 0x0000000000000000
2026/09/19 10:05:25.582, 1, 79, 159.11, 100, 12960, 1303, 715, P0, 0x0000000000000000
2026/09/19 10:05:26.587, 0, 75, 46.38, 0, 13664, 1189, 715, P0, 0x0000000000000000
2026/09/19 10:05:26.591, 1, 79, 165.60, 100, 12960, 1252, 715, P0, 0x0000000000000020
2026/09/19 10:05:27.600, 0, 75, 45.89, 0, 13664, 1189, 715, P0, 0x0000000000000000
2026/09/19 10:05:27.603, 1, 80, 170.76, 100, 12960, 1252, 715, P0, 0x0000000000000020
2026/09/19 10:05:28.607, 0, 75, 45.97, 0, 13664, 1189, 715, P0, 0x0000000000000000
2026/09/19 10:05:28.610, 1, 79, 127.48, 100, 12960, 1215, 715, P0, 0x0000000000000020
2026/09/19 10:05:29.620, 0, 80, 194.11, 100, 13664, 1316, 715, P0, 0x0000000000000020
2026/09/19 10:05:29.623, 1, 76, 49.38, 0, 12960, 1215, 715, P0, 0x0000000000000000
2026/09/19 10:05:30.636, 0, 79, 153.75, 100, 13664, 1202, 715, P0, 0x0000000000000020
2026/09/19 10:05:30.639, 1, 75, 48.76, 0, 12960, 1215, 715, P0, 0x0000000000000000
2026/09/19 10:05:31.652, 0, 79, 128.06, 100, 13664, 1101, 715, P0, 0x0000000000000020
2026/09/19 10:05:31.657, 1, 75, 48.58, 0, 12960, 1215, 715, P0, 0x0000000000000000
2026/09/19 10:05:32.666, 0, 79, 135.35, 100, 13664, 1113, 715, P0, 0x0000000000000020
2026/09/19 10:05:32.669, 1, 75, 48.57, 0, 12960, 1215, 715, P0, 0x0000000000000000
2026/09/19 10:05:33.681, 0, 79, 142.21, 100, 13664, 1164, 715, P0, 0x0000000000000020
2026/09/19 10:05:33.684, 1, 74, 48.08, 0, 12960, 1215, 715, P0, 0x0000000000000000
2026/09/19 10:05:34.694, 0, 79, 116.61, 100, 13664, 1177, 715, P0, 0x0000000000000000
2026/09/19 10:05:34.697, 1, 74, 48.10, 0, 12960, 1215, 715, P0, 0x0000000000000000
2026/09/19 10:05:35.707, 0, 77, 47.05, 0, 13664, 1189, 715, P0, 0x0000000000000000
2026/09/19 10:05:35.712, 1, 78, 202.52, 100, 12960, 1328, 715, P0, 0x0000000000000000
2026/09/19 10:05:36.730, 0, 76, 46.69, 0, 13664, 1189, 715, P0, 0x0000000000000000
2026/09/19 10:05:36.734, 1, 80, 137.36, 100, 12960, 1290, 715, P0, 0x0000000000000000
2026/09/19 10:05:37.743, 0, 75, 46.13, 0, 13664, 1189, 715, P0, 0x0000000000000000
2026/09/19 10:05:37.746, 1, 80, 178.26, 100, 12960, 1278, 715, P0, 0x0000000000000000
2026/09/19 10:05:38.752, 0, 75, 46.17, 0, 13664, 1189, 715, P0, 0x0000000000000000
2026/09/19 10:05:38.756, 1, 79, 157.11, 100, 12960, 1227, 715, P0, 0x0000000000000020
2026/09/19 10:05:39.762, 0, 75, 45.92, 0, 13664, 1189, 715, P0, 0x0000000000000000
2026/09/19 10:05:39.765, 1, 79, 161.79, 100, 12960, 1215, 715, P0, 0x0000000000000000
2026/09/19 10:05:40.771, 0, 78, 188.49, 100, 13664, 1328, 715, P0, 0x0000000000000000
2026/09/19 10:05:40.774, 1, 77, 52.98, 0, 12960, 1278, 715, P0, 0x0000000000000000
2026/09/19 10:05:41.781, 0, 80, 147.13, 100, 13664, 1177, 715, P0, 0x0000000000000020
2026/09/19 10:05:41.783, 1, 76, 52.38, 0, 12960, 1278, 715, P0, 0x0000000000000000
2026/09/19 10:05:42.794, 0, 79, 147.13, 100, 13664, 1177, 715, P0, 0x0000000000000020
2026/09/19 10:05:42.798, 1, 75, 51.41, 0, 12960, 1278, 715, P0, 0x0000000000000000
2026/09/19 10:05:43.806, 0, 80, 147.13, 100, 13664, 1177, 715, P0, 0x0000000000000020
2026/09/19 10:05:43.813, 1, 75, 51.17, 0, 12960, 1278, 715, P0, 0x0000000000000000
2026/09/19 10:05:44.822, 0, 79, 128.22, 100, 13664, 1101, 715, P0, 0x0000000000000020
2026/09/19 10:05:44.825, 1, 75, 50.99, 0, 12960, 1278, 715, P0, 0x0000000000000000
2026/09/19 10:05:45.841, 0, 79, 133.02, 100, 13664, 1101, 715, P0, 0x0000000000000020
2026/09/19 10:05:45.844, 1, 74, 51.22, 0, 12960, 1278, 715, P0, 0x0000000000000000
2026/09/19 10:05:46.857, 0, 78, 54.52, 0, 13664, 1316, 715, P0, 0x0000000000000000
2026/09/19 10:05:46.861, 1, 77, 183.35, 100, 12960, 1328, 715, P0, 0x0000000000000000
2026/09/19 10:05:47.868, 0, 76, 53.02, 0, 13664, 1316, 715, P0, 0x0000000000000000
2026/09/19 10:05:47.871, 1, 79, 205.45, 100, 12960, 1328, 715, P0, 0x0000000000000000
2026/09/19 10:05:48.888, 0, 76, 52.84, 0, 13664, 1316, 715, P0, 0x0000000000000000
2026/09/19 10:05:48.891, 1, 79, 173.01, 100, 12960, 1278, 715, P0, 0x0000000000000000
2026/09/19 10:05:49.911, 0, 75, 52.62, 0, 13664, 1316, 715, P0, 0x0000000000000000
2026/09/19 10:05:49.914, 1, 79, 171.33, 100, 12960, 1265, 715, P0, 0x0000000000000020
2026/09/19 10:05:50.925, 0, 75, 52.68, 0, 13664, 1316, 715, P0, 0x0000000000000000
2026/09/19 10:05:50.928, 1, 79, 147.72, 100, 12960, 1189, 715, P0, 0x0000000000000020
2026/09/19 10:05:51.940, 0, 75, 52.50, 0, 13664, 1316, 715, P0, 0x0000000000000000
2026/09/19 10:05:51.943, 1, 79, 102.01, 100, 12960, 1189, 715, P0, 0x0000000000000000
2026/09/19 10:05:52.950, 0, 80, 198.98, 100, 13664, 1316, 715, P0, 0x0000000000000000
2026/09/19 10:05:52.953, 1, 76, 52.73, 0, 12960, 1290, 715, P0, 0x0000000000000000
2026/09/19 10:05:53.962, 0, 79, 126.61, 100, 13664, 1088, 715, P0, 0x0000000000000020
2026/09/19 10:05:53.965, 1, 76, 52.19, 0, 12960, 1290, 715, P0, 0x0000000000000000
2026/09/19 10:05:54.975, 0, 79, 132.69, 100, 13664, 1189, 715, P0, 0x0000000000000000
2026/09/19 10:05:54.978, 1, 75, 51.91, 0, 12960, 1290, 715, P0, 0x0000000000000000
2026/09/19 10:05:55.987, 0, 79, 127.74, 100, 13664, 1101, 715, P0, 0x0000000000000000
2026/09/19 10:05:55.992, 1, 75, 51.70, 0, 12960, 1290, 715, P0, 0x0000000000000000
2026/09/19 10:05:57.001, 0, 79, 125.66, 100, 13664, 1088, 715, P0, 0x0000000000000020
2026/09/19 10:05:57.004, 1, 75, 51.71, 0, 12960, 1290, 715, P0, 0x0000000000000000
2026/09/19 10:05:58.019, 0, 79, 126.37, 100, 13664, 1088, 715, P0, 0x0000000000000020
2026/09/19 10:05:58.022, 1, 74, 51.47, 0, 12960, 1290, 715, P0, 0x0000000000000000
2026/09/19 10:05:59.033, 0, 77, 52.55, 0, 13664, 1290, 715, P0, 0x0000000000000000
2026/09/19 10:05:59.036, 1, 78, 199.39, 100, 12960, 1328, 715, P0, 0x0000000000000000
2026/09/19 10:06:00.048, 0, 76, 51.62, 0, 13664, 1290, 715, P0, 0x0000000000000000
2026/09/19 10:06:00.051, 1, 79, 194.17, 100, 12960, 1328, 715, P0, 0x0000000000000000
2026/09/19 10:06:01.056, 0, 76, 51.43, 0, 13664, 1290, 715, P0, 0x0000000000000000
2026/09/19 10:06:01.059, 1, 79, 165.74, 100, 12960, 1252, 715, P0, 0x0000000000000020
2026/09/19 10:06:02.068, 0, 75, 51.43, 0, 13664, 1290, 715, P0, 0x0000000000000000
2026/09/19 10:06:02.071, 1, 80, 170.49, 100, 12960, 1252, 715, P0, 0x0000000000000020
2026/09/19 10:06:03.078, 0, 75, 51.20, 0, 13664, 1290, 715, P0, 0x0000000000000000
2026/09/19 10:06:03.081, 1, 79, 155.18, 100, 12960, 1189, 715, P0, 0x0000000000000020
2026/09/19 10:06:04.092, 0, 77, 175.49, 100, 13664, 1328, 715, P0, 0x0000000000000000
2026/09/19 10:06:04.095, 1, 78, 50.17, 0, 12960, 1202, 715, P0, 0x0000000000000000
2026/09/19 10:06:05.105, 0, 80, 138.93, 100, 13664, 1151, 715, P0, 0x0000000000000000
2026/09/19 10:06:05.112, 1, 76, 48.81, 12, 12960, 1202, 715, P0, 0x0000000000000000
2026/09/19 10:06:06.120, 0, 79, 144.12, 100, 13664, 1164, 715, P0, 0x0000000000000020
2026/09/19 10:06:06.123, 1, 75, 48.32, 0, 12960, 1202, 715, P0, 0x0000000000000000
2026/09/19 10:06:07.136, 0, 79, 144.60, 100, 13664, 1164, 715, P0, 0x0000000000000020
2026/09/19 10:06:07.139, 1, 75, 47.35, 0, 12960, 1189, 715, P0, 0x0000000000000000
2026/09/19 10:06:08.146, 0, 80, 139.89, 100, 13664, 1126, 715, P0, 0x0000000000000020
2026/09/19 10:06:08.151, 1, 75, 46.88, 0, 12960, 1189, 715, P0, 0x0000000000000000
2026/09/19 10:06:09.159, 0, 79, 118.68, 100, 13664, 1151, 715, P0, 0x0000000000000000
2026/09/19 10:06:09.159, 1, 74, 46.66, 0, 12960, 1189, 715, P0, 0x0000000000000000
2026/09/19 10:06:10.175, 0, 79, 123.04, 100, 13664, 1050, 715, P0, 0x0000000000000020
2026/09/19 10:06:10.178, 1, 74, 46.44, 0, 12960, 1189, 715, P0, 0x0000000000000000
2026/09/19 10:06:11.188, 0, 76, 46.82, 0, 13664, 1189, 715, P0, 0x0000000000000000
2026/09/19 10:06:11.191, 1, 78, 199.44, 100, 12960, 1328, 715, P0, 0x0000000000000000
2026/09/19 10:06:12.211, 0, 76, 46.64, 0, 13664, 1189, 715, P0, 0x0000000000000000
2026/09/19 10:06:12.215, 1, 79, 170.51, 100, 12960, 1265, 715, P0, 0x0000000000000000
2026/09/19 10:06:13.220, 0, 75, 46.21, 0, 13664, 1189, 715, P0, 0x0000000000000000
2026/09/19 10:06:13.224, 1, 79, 138.00, 100, 12960, 1265, 715, P0, 0x0000000000000000
2026/09/19 10:06:14.229, 0, 75, 46.16, 0, 13664, 1189, 715, P0, 0x0000000000000000
2026/09/19 10:06:14.232, 1, 79, 169.32, 100, 12960, 1227, 715, P0, 0x0000000000000020
2026/09/19 10:06:15.253, 0, 75, 45.93, 0, 13664, 1189, 715, P0, 0x0000000000000000
2026/09/19 10:06:15.256, 1, 79, 152.90, 100, 12960, 1202, 715, P0, 0x0000000000000000
2026/09/19 10:06:16.267, 0, 79, 214.11, 100, 13664, 1328, 715, P0, 0x0000000000000000
2026/09/19 10:06:16.269, 1, 77, 55.05, 0, 12960, 1316, 715, P0, 0x0000000000000000
2026/09/19 10:06:17.277, 0, 80, 120.82, 100, 13664, 1215, 715, P0, 0x0000000000000000
2026/09/19 10:06:17.285, 1, 76, 54.33, 0, 12960, 1316, 715, P0, 0x0000000000000000
2026/09/19 10:06:18.290, 0, 79, 133.41, 100, 13664, 1101, 715, P0, 0x0000000000000020
2026/09/19 10:06:18.293, 1, 75, 54.08, 0, 12960, 1316, 715, P0, 0x0000000000000000
2026/09/19 10:06:19.302, 0, 79, 133.17, 100, 13664, 1113, 715, P0, 0x0000000000000020
2026/09/19 10:06:19.309, 1, 75, 53.84, 0, 12960, 1316, 715, P0, 0x0000000000000000
2026/09/19 10:06:20.320, 0, 79, 128.45, 100, 13664, 1101, 715, P0, 0x0000000000000020
2026/09/19 10:06:20.329, 1, 75, 53.61, 0, 12960, 1316, 715, P0, 0x0000000000000000
2026/09/19 10:06:21.348, 0, 79, 135.07, 100, 13664, 1113, 715, P0, 0x0000000000000020
2026/09/19 10:06:21.351, 1, 75, 53.35, 0, 12960, 1316, 715, P0, 0x0000000000000000
2026/09/19 10:06:22.362, 0, 77, 48.28, 0, 13664, 1189, 715, P0, 0x0000000000000000
2026/09/19 10:06:22.365, 1, 77, 190.88, 96, 12960, 1328, 715, P0, 0x0000000000000000
2026/09/19 10:06:23.384, 0, 76, 47.29, 0, 13664, 1189, 715, P0, 0x0000000000000000
2026/09/19 10:06:23.387, 1, 79, 205.72, 100, 12960, 1328, 715, P0, 0x0000000000000000
2026/09/19 10:06:24.399, 0, 76, 46.85, 0, 13664, 1189, 715, P0, 0x0000000000000000
2026/09/19 10:06:24.405, 1, 79, 169.56, 100, 12960, 1265, 715, P0, 0x0000000000000000
2026/09/19 10:06:25.422, 0, 75, 46.61, 0, 13664, 1189, 715, P0, 0x0000000000000000
2026/09/19 10:06:25.426, 1, 79, 169.31, 100, 12960, 1252, 715, P0, 0x0000000000000020
2026/09/19 10:06:26.433, 0, 75, 46.45, 0, 13664, 1189, 715, P0, 0x0000000000000000
2026/09/19 10:06:26.436, 1, 79, 129.79, 100, 12960, 1126, 715, P0, 0x0000000000000020
2026/09/19 10:06:27.445, 0, 75, 46.21, 0, 13664, 1189, 715, P0, 0x0000000000000000
2026/09/19 10:06:27.448, 1, 79, 128.84, 100, 12960, 1126, 715, P0, 0x0000000000000020
2026/09/19 10:06:28.455, 0, 80, 212.99, 100, 13664, 1328, 715, P0, 0x0000000000000000
2026/09/19 10:06:28.461, 1, 76, 47.68, 0, 12960, 1189, 715, P0, 0x0000000000000000
2026/09/19 10:06:29.470, 0, 78, 120.46, 100, 13664, 1063, 715, P0, 0x0000000000000020
2026/09/19 10:06:29.473, 1, 75, 47.17, 0, 12960, 1189, 715, P0, 0x0000000000000000
2026/09/19 10:06:30.487, 0, 79, 136.31, 100, 13664, 1126, 715, P0, 0x0000000000000020
2026/09/19 10:06:30.490, 1, 75, 47.12, 0, 12960, 1189, 715, P0, 0x0000000000000000
2026/09/19 10:06:31.503, 0, 79, 143.88, 100, 13664, 1139, 715, P0, 0x0000000000000020
2026/09/19 10:06:31.508, 1, 75, 46.64, 0, 12960, 1189, 715, P0, 0x0000000000000000
2026/09/19 10:06:32.519, 0, 79, 138.39, 100, 13664, 1189, 715, P0, 0x0000000000000000
2026/09/19 10:06:32.525, 1, 74, 46.64, 0, 12960, 1189, 715, P0, 0x0000000000000000
2026/09/19 10:06:33.533, 0, 79, 104.71, 100, 13664, 1126, 715, P0, 0x0000000000000020
2026/09/19 10:06:33.537, 1, 74, 46.70, 0, 12960, 1189, 715, P0, 0x0000000000000000
2026/09/19 10:06:34.545, 0, 77, 51.24, 0, 13664, 1265, 715, P0, 0x0000000000000000
2026/09/19 10:06:34.548, 1, 77, 160.44, 100, 12960, 1328, 715, P0, 0x0000000000000000
2026/09/19 10:06:35.554, 0, 76, 50.38, 0, 13664, 1265, 715, P0, 0x0000000000000000
2026/09/19 10:06:35.558, 1, 79, 202.84, 100, 12960, 1328, 715, P0, 0x0000000000000000
2026/09/19 10:06:36.564, 0, 76, 50.23, 0, 13664, 1265, 715, P0, 0x0000000000000000
2026/09/19 10:06:36.568, 1, 80, 166.06, 100, 12960, 1252, 715, P0, 0x0000000000000020
2026/09/19 10:06:37.588, 0, 75, 46.65, 0, 13664, 1189, 715, P0, 0x0000000000000000
2026/09/19 10:06:37.590, 1, 79, 153.86, 100, 12960, 1215, 715, P0, 0x0000000000000000
2026/09/19 10:06:38.600, 0, 75, 46.41, 0, 13664, 1189, 715, P0, 0x0000000000000000
2026/09/19 10:06:38.604, 1, 79, 163.20, 100, 12960, 1215, 715, P0, 0x0000000000000020
2026/09/19 10:06:39.608, 0, 76, 153.03, 0, 13664, 1189, 715, P0, 0x0000000000000000
2026/09/19 10:06:39.611, 1, 78, 51.90, 45, 12960, 1316, 715, P0, 0x0000000000000020
2026/09/19 10:06:40.620, 0, 79, 148.55, 100, 13664, 1189, 715, P0, 0x0000000000000020
2026/09/19 10:06:40.625, 1, 76, 54.54, 0, 12960, 1316, 715, P0, 0x0000000000000000
2026/09/19 10:06:41.634, 0, 79, 147.36, 100, 13664, 1202, 715, P0, 0x0000000000000020
2026/09/19 10:06:41.638, 1, 76, 54.03, 0, 12960, 1316, 715, P0, 0x0000000000000000
2026/09/19 10:06:42.650, 0, 79, 157.55, 100, 13664, 1189, 715, P0, 0x0000000000000020
2026/09/19 10:06:42.653, 1, 75, 54.01, 0, 12960, 1316, 715, P0, 0x0000000000000000
2026/09/19 10:06:43.669, 0, 79, 144.10, 100, 13664, 1164, 715, P0, 0x0000000000000020
2026/09/19 10:06:43.672, 1, 75, 53.83, 0, 12960, 1316, 715, P0, 0x0000000000000000
2026/09/19 10:06:44.680, 0, 79, 144.58, 100, 13664, 1139, 715, P0, 0x0000000000000020
2026/09/19 10:06:44.687, 1, 75, 53.59, 0, 12960, 1316, 715, P0, 0x0000000000000000
2026/09/19 10:06:45.697, 0, 80, 140.02, 100, 13664, 1139, 715, P0, 0x0000000000000020
2026/09/19 10:06:45.705, 1, 75, 53.34, 0, 12960, 1316, 715, P0, 0x0000000000000000
2026/09/19 10:06:46.723, 0, 77, 53.74, 0, 13664, 1316, 715, P0, 0x0000000000000000
2026/09/19 10:06:46.726, 1, 79, 202.83, 100, 12960, 1328, 715, P0, 0x0000000000000000
2026/09/19 10:06:47.732, 0, 76, 52.84, 0, 13664, 1316, 715, P0, 0x0000000000000000
2026/09/19 10:06:47.735, 1, 80, 166.92, 100, 12960, 1202, 715, P0, 0x0000000000000020
2026/09/19 10:06:48.739, 0, 76, 52.68, 0, 13664, 1316, 715, P0, 0x0000000000000000
2026/09/19 10:06:48.742, 1, 79, 145.57, 100, 12960, 1189, 715, P0, 0x0000000000000000
2026/09/19 10:06:49.753, 0, 75, 52.68, 0, 13664, 1316, 715, P0, 0x0000000000000000
2026/09/19 10:06:49.756, 1, 79, 145.57, 100, 12960, 1189, 715, P0, 0x0000000000000000
2026/09/19 10:06:50.767, 0, 75, 52.44, 0, 13664, 1316, 715, P0, 0x0000000000000000
2026/09/19 10:06:50.770, 1, 79, 148.20, 100, 12960, 1189, 715, P0, 0x0000000000000000
2026/09/19 10:06:51.778, 0, 78, 196.50, 93, 13664, 1328, 715, P0, 0x0000000000000000
2026/09/19 10:06:51.782, 1, 77, 49.62, 1, 12960, 1189, 715, P0, 0x0000000000000000
2026/09/19 10:06:52.791, 0, 79, 164.89, 100, 13664, 1215, 715, P0, 0x0000000000000020
2026/09/19 10:06:52.794, 1, 76, 47.55, 0, 12960, 1189, 715, P0, 0x0000000000000000
2026/09/19 10:06:53.804, 0, 79, 145.32, 100, 13664, 1164, 715, P0, 0x0000000000000020
2026/09/19 10:06:53.808, 1, 75, 47.12, 0, 12960, 1189, 715, P0, 0x0000000000000000
2026/09/19 10:06:54.818, 0, 79, 147.17, 100, 13664, 1189, 715, P0, 0x0000000000000020
2026/09/19 10:06:54.822, 1, 75, 46.85, 0, 12960, 1189, 715, P0, 0x0000000000000000
2026/09/19 10:06:55.828, 0, 79, 142.30, 100, 13664, 1164, 715, P0, 0x0000000000000020
2026/09/19 10:06:55.831, 1, 74, 46.64, 0, 12960, 1189, 715, P0, 0x0000000000000000
2026/09/19 10:06:56.844, 0, 79, 122.86, 100, 13664, 1113, 715, P0, 0x0000000000000020
2026/09/19 10:06:56.847, 1, 74, 46.70, 0, 12960, 1189, 715, P0, 0x0000000000000000
2026/09/19 10:06:57.856, 0, 79, 134.63, 100, 13664, 1101, 715, P0, 0x0000000000000020
2026/09/19 10:06:57.862, 1, 74, 46.41, 0, 12960, 1189, 715, P0, 0x0000000000000000
2026/09/19 10:06:58.880, 0, 77, 52.39, 0, 13664, 1290, 715, P0, 0x0000000000000000
2026/09/19 10:06:58.883, 1, 78, 169.65, 100, 12960, 1328, 715, P0, 0x0000000000000000
2026/09/19 10:06:59.889, 0, 76, 51.82, 0, 13664, 1290, 715, P0, 0x0000000000000000
2026/09/19 10:06:59.892, 1, 80, 205.45, 100, 12960, 1328, 715, P0, 0x0000000000000000
2026/09/19 10:07:00.900, 0, 76, 51.63, 0, 13664, 1290, 715, P0, 0x0000000000000000
2026/09/19 10:07:00.905, 1, 79, 172.53, 100, 12960, 1252, 715, P0, 0x0000000000000020
2026/09/19 10:07:01.911, 0, 75, 51.44, 0, 13664, 1290, 715, P0, 0x0000000000000000
2026/09/19 10:07:01.914, 1, 79, 153.76, 100, 12960, 1189, 715, P0, 0x0000000000000020
2026/09/19 10:07:02.924, 0, 75, 51.20, 0, 13664, 1290, 715, P0, 0x0000000000000000
2026/09/19 10:07:02.931, 1, 79, 154.94, 100, 12960, 1189, 715, P0, 0x0000000000000020
2026/09/19 10:07:03.938, 0, 79, 158.01, 100, 13664, 1328, 715, P0, 0x0000000000000000
2026/09/19 10:07:03.940, 1, 77, 55.46, 0, 12960, 1316, 715, P0, 0x0000000000000000
2026/09/19 10:07:04.950, 0, 79, 141.21, 100, 13664, 1189, 715, P0, 0x0000000000000000
2026/09/19 10:07:04.955, 1, 76, 54.31, 2, 12960, 1316, 715, P0, 0x0000000000000000
2026/09/19 10:07:05.961, 0, 79, 126.60, 100, 13664, 1189, 715, P0, 0x0000000000000000
2026/09/19 10:07:05.964, 1, 75, 54.11, 0, 12960, 1316, 715, P0, 0x0000000000000000
2026/09/19 10:07:06.972, 0, 79, 144.60, 100, 13664, 1164, 715, P0, 0x0000000000000020
2026/09/19 10:07:06.977, 1, 75, 47.61, 0, 12960, 1189, 715, P0, 0x0000000000000000
2026/09/19 10:07:07.986, 0, 79, 135.59, 100, 13664, 1101, 715, P0, 0x0000000000000020
2026/09/19 10:07:07.988, 1, 74, 46.88, 0, 12960, 1189, 715, P0, 0x0000000000000000
2026/09/19 10:07:08.999, 0, 79, 127.99, 100, 13664, 1101, 715, P0, 0x0000000000000020
2026/09/19 10:07:09.002, 1, 74, 47.13, 0, 12960, 1189, 715, P0, 0x0000000000000000
2026/09/19 10:07:10.009, 0, 79, 58.97, 100, 13664, 1189, 715, P0, 0x0000000000000000
2026/09/19 10:07:10.012, 1, 74, 132.80, 0, 12960, 1189, 715, P0, 0x0000000000000000
2026/09/19 10:07:11.020, 0, 76, 53.50, 0, 13664, 1316, 715, P0, 0x0000000000000000
2026/09/19 10:07:11.023, 1, 79, 203.07, 100, 12960, 1328, 715, P0, 0x0000000000000000
2026/09/19 10:07:12.034, 0, 76, 52.83, 0, 13664, 1316, 715, P0, 0x0000000000000000
2026/09/19 10:07:12.037, 1, 79, 178.83, 100, 12960, 1278, 715, P0, 0x0000000000000000
2026/09/19 10:07:13.049, 0, 76, 52.62, 0, 13664, 1316, 715, P0, 0x0000000000000000
2026/09/19 10:07:13.052, 1, 79, 173.96, 100, 12960, 1278, 715, P0, 0x0000000000000000
2026/09/19 10:07:14.066, 0, 76, 52.69, 0, 13664, 1316, 715, P0, 0x0000000000000000
2026/09/19 10:07:14.069, 1, 79, 128.10, 100, 12960, 1063, 715, P0, 0x0000000000000020
2026/09/19 10:07:15.077, 0, 75, 52.20, 0, 13664, 1316, 715, P0, 0x0000000000000000
2026/09/19 10:07:15.081, 1, 79, 134.72, 100, 12960, 1139, 715, P0, 0x0000000000000000
2026/09/19 10:07:16.088, 0, 79, 210.11, 100, 13664, 1328, 715, P0, 0x0000000000000000
2026/09/19 10:07:16.093, 1, 77, 53.94, 0, 12960, 1290, 715, P0, 0x0000000000000000
2026/09/19 10:07:17.099, 0, 80, 144.56, 100, 13664, 1227, 715, P0, 0x0000000000000000
2026/09/19 10:07:17.102, 1, 76, 52.38, 0, 12960, 1290, 715, P0, 0x0000000000000000
2026/09/19 10:07:18.114, 0, 78, 114.20, 100, 13664, 1025, 715, P0, 0x0000000000000020
2026/09/19 10:07:18.118, 1, 75, 51.97, 0, 12960, 1290, 715, P0, 0x0000000000000000
2026/09/19 10:07:19.130, 0, 79, 138.20, 100, 13664, 1101, 715, P0, 0x0000000000000020
2026/09/19 10:07:19.138, 1, 75, 51.70, 0, 12960, 1290, 715, P0, 0x0000000000000000
2026/09/19 10:07:20.145, 0, 79, 126.78, 100, 13664, 1088, 715, P0, 0x0000000000000020
2026/09/19 10:07:20.147, 1, 75, 51.76, 0, 12960, 1290, 715, P0, 0x0000000000000000
2026/09/19 10:07:21.162, 0, 79, 130.13, 100, 13664, 1101, 715, P0, 0x0000000000000020
2026/09/19 10:07:21.165, 1, 74, 51.22, 0, 12960, 1290, 715, P0, 0x0000000000000000
2026/09/19 10:07:22.179, 0, 79, 129.41, 100, 13664, 1101, 715, P0, 0x0000000000000020
2026/09/19 10:07:22.182, 1, 74, 51.46, 0, 12960, 1290, 715, P0, 0x0000000000000000
2026/09/19 10:07:23.188, 0, 77, 51.35, 0, 13664, 1278, 715, P0, 0x0000000000000000
2026/09/19 10:07:23.191, 1, 78, 202.15, 100, 12960, 1328, 715, P0, 0x0000000000000000
2026/09/19 10:07:24.195, 0, 76, 51.19, 0, 13664, 1278, 715, P0, 0x0000000000000000
2026/09/19 10:07:24.198, 1, 80, 139.38, 100, 12960, 1290, 715, P0, 0x0000000000000000
2026/09/19 10:07:25.217, 0, 76, 46.37, 0, 13664, 1189, 715, P0, 0x0000000000000000
2026/09/19 10:07:25.220, 1, 79, 169.56, 100, 12960, 1252, 715, P0, 0x0000000000000020
2026/09/19 10:07:26.228, 0, 75, 45.92, 0, 13664, 1189, 715, P0, 0x0000000000000000
2026/09/19 10:07:26.231, 1, 79, 170.28, 100, 12960, 1252, 715, P0, 0x0000000000000020
2026/09/19 10:07:27.240, 0, 75, 45.97, 0, 13664, 1189, 715, P0, 0x0000000000000000
2026/09/19 10:07:27.243, 1, 78, 127.17, 100, 12960, 1063, 715, P0, 0x0000000000000020
2026/09/19 10:07:28.266, 0, 77, 190.58, 72, 13664, 1316, 715, P0, 0x0000000000000000
2026/09/19 10:07:28.269, 1, 77, 49.41, 0, 12960, 1189, 715, P0, 0x0000000000000000
2026/09/19 10:07:29.279, 0, 80, 140.06, 100, 13664, 1139, 715, P0, 0x0000000000000020
2026/09/19 10:07:29.282, 1, 76, 47.85, 26, 12960, 1189, 715, P0, 0x0000000000000000
2026/09/19 10:07:30.294, 0, 79, 147.38, 100, 13664, 1189, 715, P0, 0x0000000000000020
2026/09/19 10:07:30.300, 1, 75, 47.60, 0, 12960, 1189, 715, P0, 0x0000000000000000
2026/09/19 10:07:31.309, 0, 79, 158.68, 100, 13664, 1252, 715, P0, 0x0000000000000000
2026/09/19 10:07:31.312, 1, 75, 47.31, 0, 12960, 1189, 715, P0, 0x0000000000000000
2026/09/19 10:07:32.322, 0, 79, 127.34, 100, 13664, 1101, 715, P0, 0x0000000000000000
2026/09/19 10:07:32.325, 1, 74, 47.16, 0, 12960, 1189, 715, P0, 0x0000000000000000
2026/09/19 10:07:33.339, 0, 79, 126.56, 100, 13664, 1101, 715, P0, 0x0000000000000020
2026/09/19 10:07:33.343, 1, 74, 47.13, 0, 12960, 1189, 715, P0, 0x0000000000000000
2026/09/19 10:07:34.350, 0, 79, 139.42, 100, 13664, 1139, 715, P0, 0x0000000000000020
2026/09/19 10:07:34.353, 1, 74, 46.88, 0, 12960, 1189, 715, P0, 0x0000000000000000
2026/09/19 10:07:35.361, 0, 77, 51.35, 0, 13664, 1278, 715, P0, 0x0000000000000000
2026/09/19 10:07:35.364, 1, 78, 200.82, 100, 12960, 1328, 715, P0, 0x0000000000000000
2026/09/19 10:07:36.372, 0, 76, 51.10, 0, 13664, 1278, 715, P0, 0x0000000000000000
2026/09/19 10:07:36.375, 1, 79, 204.29, 100, 12960, 1328, 715, P0, 0x0000000000000000
2026/09/19 10:07:37.382, 0, 76, 50.76, 0, 13664, 1278, 715, P0, 0x0000000000000000
2026/09/19 10:07:37.385, 1, 79, 133.13, 100, 12960, 1265, 715, P0, 0x0000000000000020
2026/09/19 10:07:38.397, 0, 75, 50.71, 0, 13664, 1278, 715, P0, 0x0000000000000000
2026/09/19 10:07:38.401, 1, 79, 170.28, 100, 12960, 1278, 715, P0, 0x0000000000000000
2026/09/19 10:07:39.406, 0, 75, 50.51, 0, 13664, 1278, 715, P0, 0x0000000000000000
2026/09/19 10:07:39.409, 1, 79, 153.52, 100, 12960, 1215, 715, P0, 0x0000000000000000
2026/09/19 10:07:40.413, 0, 78, 190.43, 100, 13664, 1328, 715, P0, 0x0000000000000000
2026/09/19 10:07:40.416, 1, 77, 52.03, 0, 12960, 1252, 715, P0, 0x0000000000000000
2026/09/19 10:07:41.424, 0, 79, 145.69, 100, 13664, 1164, 715, P0, 0x0000000000000020
2026/09/19 10:07:41.427, 1, 76, 50.69, 0, 12960, 1252, 715, P0, 0x0000000000000000
2026/09/19 10:07:42.439, 0, 79, 141.97, 100, 13664, 1189, 715, P0, 0x0000000000000000
2026/09/19 10:07:42.442, 1, 75, 50.22, 0, 12960, 1252, 715, P0, 0x0000000000000000
2026/09/19 10:07:43.454, 0, 79, 103.21, 100, 13664, 1189, 715, P0, 0x0000000000000000
2026/09/19 10:07:43.461, 1, 75, 49.80, 0, 12960, 1252, 715, P0, 0x0000000000000000
2026/09/19 10:07:44.470, 0, 79, 143.89, 100, 13664, 1164, 715, P0, 0x0000000000000000
2026/09/19 10:07:44.473, 1, 75, 49.52, 0, 12960, 1252, 715, P0, 0x0000000000000000
2026/09/19 10:07:45.484, 0, 78, 123.98, 100, 13664, 1075, 715, P0, 0x0000000000000020
2026/09/19 10:07:45.487, 1, 74, 49.54, 0, 12960, 1252, 715, P0, 0x0000000000000000
2026/09/19 10:07:46.496, 0, 79, 115.18, 100, 13664, 1037, 715, P0, 0x0000000000000000
2026/09/19 10:07:46.506, 1, 74, 49.58, 0, 12960, 1252, 715, P0, 0x0000000000000000
2026/09/19 10:07:47.512, 0, 77, 53.51, 0, 13664, 1316, 715, P0, 0x0000000000000000
2026/09/19 10:07:47.515, 1, 78, 202.15, 100, 12960, 1328, 715, P0, 0x0000000000000000
2026/09/19 10:07:48.524, 0, 76, 52.88, 0, 13664, 1316, 715, P0, 0x0000000000000000
2026/09/19 10:07:48.527, 1, 79, 164.36, 100, 12960, 1328, 715, P0, 0x0000000000000000
2026/09/19 10:07:49.533, 0, 76, 52.59, 0, 13664, 1316, 715, P0, 0x0000000000000000
2026/09/19 10:07:49.538, 1, 79, 183.59, 100, 12960, 1303, 715, P0, 0x0000000000000020
2026/09/19 10:07:50.543, 0, 75, 52.63, 0, 13664, 1316, 715, P0, 0x0000000000000000
2026/09/19 10:07:50.547, 1, 79, 164.62, 100, 12960, 1240, 715, P0, 0x0000000000000020
2026/09/19 10:07:51.568, 0, 75, 52.15, 0, 13664, 1316, 715, P0, 0x0000000000000000
2026/09/19 10:07:51.571, 1, 80, 164.15, 100, 12960, 1227, 715, P0, 0x0000000000000020
2026/09/19 10:07:52.576, 0, 77, 194.30, 44, 13664, 1328, 715, P0, 0x0000000000000000
2026/09/19 10:07:52.579, 1, 78, 56.07, 56, 12960, 1316, 715, P0, 0x0000000000000000
2026/09/19 10:07:53.590, 0, 80, 183.74, 100, 13664, 1278, 715, P0, 0x0000000000000020
2026/09/19 10:07:53.593, 1, 76, 54.67, 0, 12960, 1316, 715, P0, 0x0000000000000000
2026/09/19 10:07:54.601, 0, 79, 146.64, 100, 13664, 1189, 715, P0, 0x0000000000000020
2026/09/19 10:07:54.604, 1, 75, 54.06, 0, 12960, 1316, 715, P0, 0x0000000000000000
2026/09/19 10:07:55.612, 0, 79, 147.62, 100, 13664, 1177, 715, P0, 0x0000000000000020
2026/09/19 10:07:55.615, 1, 75, 47.60, 0, 12960, 1189, 715, P0, 0x0000000000000000
2026/09/19 10:07:56.626, 0, 80, 147.62, 100, 13664, 1189, 715, P0, 0x0000000000000020
2026/09/19 10:07:56.629, 1, 75, 47.35, 0, 12960, 1189, 715, P0, 0x0000000000000000
2026/09/19 10:07:57.640, 0, 79, 134.00, 100, 13664, 1189, 715, P0, 0x0000000000000000
2026/09/19 10:07:57.643, 1, 74, 47.12, 0, 12960, 1189, 715, P0, 0x0000000000000000
2026/09/19 10:07:58.650, 0, 79, 135.10, 100, 13664, 1101, 715, P0, 0x0000000000000020
2026/09/19 10:07:58.654, 1, 74, 46.88, 0, 12960, 1189, 715, P0, 0x0000000000000000
2026/09/19 10:07:59.668, 0, 77, 51.37, 0, 13664, 1265, 715, P0, 0x0000000000000000
2026/09/19 10:07:59.671, 1, 78, 199.42, 100, 12960, 1328, 715, P0, 0x0000000000000000
2026/09/19 10:08:00.689, 0, 76, 50.65, 0, 13664, 1265, 715, P0, 0x0000000000000000
2026/09/19 10:08:00.692, 1, 79, 202.38, 100, 12960, 1328, 715, P0, 0x0000000000000000
2026/09/19 10:08:01.698, 0, 76, 50.46, 0, 13664, 1265, 715, P0, 0x0000000000000000
2026/09/19 10:08:01.701, 1, 79, 170.73, 100, 12960, 1252, 715, P0, 0x0000000000000020
2026/09/19 10:08:02.711, 0, 75, 50.22, 0, 13664, 1265, 715, P0, 0x0000000000000000
2026/09/19 10:08:02.717, 1, 79, 170.49, 100, 12960, 1252, 715, P0, 0x0000000000000020
2026/09/19 10:08:03.733, 0, 75, 50.02, 0, 13664, 1265, 715, P0, 0x0000000000000000
2026/09/19 10:08:03.736, 1, 79, 152.40, 100, 12960, 1189, 715, P0, 0x0000000000000020
2026/09/19 10:08:04.744, 0, 77, 190.56, 56, 13664, 1328, 715, P0, 0x0000000000000000
2026/09/19 10:08:04.747, 1, 78, 50.35, 34, 12960, 1189, 715, P0, 0x0000000000000000
2026/09/19 10:08:05.757, 0, 80, 174.69, 100, 13664, 1265, 715, P0, 0x0000000000000020
2026/09/19 10:08:05.760, 1, 76, 48.23, 0, 12960, 1189, 715, P0, 0x0000000000000000
2026/09/19 10:08:06.770, 0, 78, 125.19, 100, 13664, 1050, 715, P0, 0x0000000000000020
2026/09/19 10:08:06.783, 1, 75, 47.17, 0, 12960, 1189, 715, P0, 0x0000000000000000
2026/09/19 10:08:07.799, 0, 79, 133.99, 100, 13664, 1088, 715, P0, 0x0000000000000020
2026/09/19 10:08:07.802, 1, 75, 46.89, 0, 12960, 1189, 715, P0, 0x0000000000000000
2026/09/19 10:08:08.813, 0, 79, 126.88, 100, 13664, 1101, 715, P0, 0x0000000000000020
2026/09/19 10:08:08.817, 1, 75, 46.92, 0, 12960, 1189, 715, P0, 0x0000000000000000
2026/09/19 10:08:09.829, 0, 78, 117.57, 100, 13664, 1177, 715, P0, 0x0000000000000000
2026/09/19 10:08:09.832, 1, 74, 46.68, 0, 12960, 1189, 715, P0, 0x0000000000000000
2026/09/19 10:08:10.843, 0, 79, 134.15, 100, 13664, 1101, 715, P0, 0x0000000000000020
2026/09/19 10:08:10.847, 1, 74, 46.41, 0, 12960, 1189, 715, P0, 0x0000000000000000
2026/09/19 10:08:11.859, 0, 77, 53.55, 0, 13664, 1303, 715, P0, 0x0000000000000000
2026/09/19 10:08:11.862, 1, 77, 188.70, 100, 12960, 1328, 715, P0, 0x0000000000000000
2026/09/19 10:08:12.867, 0, 76, 52.53, 0, 13664, 1303, 715, P0, 0x0000000000000000
2026/09/19 10:08:12.870, 1, 79, 204.73, 100, 12960, 1328, 715, P0, 0x0000000000000000
2026/09/19 10:08:13.879, 0, 76, 52.16, 0, 13664, 1303, 715, P0, 0x0000000000000000
2026/09/19 10:08:13.882, 1, 79, 160.10, 100, 12960, 1252, 715, P0, 0x0000000000000000
2026/09/19 10:08:14.902, 0, 75, 46.16, 0, 13664, 1189, 715, P0, 0x0000000000000000
2026/09/19 10:08:14.905, 1, 79, 170.28, 100, 12960, 1252, 715, P0, 0x0000000000000020
2026/09/19 10:08:15.919, 0, 75, 45.93, 0, 13664, 1189, 715, P0, 0x0000000000000000
2026/09/19 10:08:15.927, 1, 79, 159.51, 100, 12960, 1202, 715, P0, 0x0000000000000020
2026/09/19 10:08:16.942, 0, 75, 45.69, 0, 13664, 1189, 715, P0, 0x0000000000000000
2026/09/19 10:08:16.947, 1, 79, 158.55, 100, 12960, 1202, 715, P0, 0x0000000000000020
2026/09/19 10:08:17.952, 0, 80, 211.81, 100, 13664, 1328, 715, P0, 0x0000000000000000
2026/09/19 10:08:17.955, 1, 76, 49.58, 0, 12960, 1215, 715, P0, 0x0000000000000000
2026/09/19 10:08:18.963, 0, 80, 161.05, 100, 13664, 1227, 715, P0, 0x0000000000000020
2026/09/19 10:08:18.971, 1, 75, 48.97, 0, 12960, 1215, 715, P0, 0x0000000000000000
2026/09/19 10:08:19.980, 0, 80, 154.23, 100, 13664, 1202, 715, P0, 0x0000000000000020
2026/09/19 10:08:19.983, 1, 75, 48.76, 0, 12960, 1215, 715, P0, 0x0000000000000000
2026/09/19 10:08:20.993, 0, 79, 136.31, 100, 13664, 1101, 715, P0, 0x0000000000000020
2026/09/19 10:08:21.000, 1, 75, 48.57, 0, 12960, 1215, 715, P0, 0x0000000000000000
2026/09/19 10:08:22.007, 0, 79, 127.10, 100, 13664, 1088, 715, P0, 0x0000000000000020
2026/09/19 10:08:22.010, 1, 74, 48.34, 0, 12960, 1215, 715, P0, 0x0000000000000000
2026/09/19 10:08:23.025, 0, 79, 128.79, 100, 13664, 1101, 715, P0, 0x0000000000000020
2026/09/19 10:08:23.028, 1, 74, 48.34, 0, 12960, 1215, 715, P0, 0x0000000000000000
2026/09/19 10:08:24.036, 0, 77, 53.79, 0, 13664, 1303, 715, P0, 0x0000000000000000
2026/09/19 10:08:24.039, 1, 76, 183.72, 100, 12960, 1328, 715, P0, 0x0000000000000000
2026/09/19 10:08:25.049, 0, 76, 52.53, 0, 13664, 1303, 715, P0, 0x0000000000000000
2026/09/19 10:08:25.054, 1, 79, 204.97, 100, 12960, 1328, 715, P0, 0x0000000000000000
2026/09/19 10:08:26.063, 0, 76, 52.20, 0, 13664, 1303, 715, P0, 0x0000000000000000
2026/09/19 10:08:26.066, 1, 80, 137.25, 100, 12960, 1252, 715, P0, 0x0000000000000000
2026/09/19 10:08:27.073, 0, 75, 51.94, 0, 13664, 1303, 715, P0, 0x0000000000000000
2026/09/19 10:08:27.076, 1, 79, 161.27, 100, 12960, 1265, 715, P0, 0x0000000000000000
2026/09/19 10:08:28.084, 0, 75, 51.72, 0, 13664, 1303, 715, P0, 0x0000000000000000
2026/09/19 10:08:28.087, 1, 79, 150.49, 100, 12960, 1215, 715, P0, 0x0000000000000000
2026/09/19 10:08:29.110, 0, 75, 51.71, 0, 13664, 1303, 715, P0, 0x0000000000000000
2026/09/19 10:08:29.113, 1, 79, 154.46, 100, 12960, 1202, 715, P0, 0x0000000000000000
2026/09/19 10:08:30.125, 0, 80, 189.02, 100, 13664, 1303, 715, P0, 0x0000000000000020
2026/09/19 10:08:30.132, 1, 76, 49.88, 0, 12960, 1215, 715, P0, 0x0000000000000000
2026/09/19 10:08:31.140, 0, 79, 163.93, 100, 13664, 1215, 715, P0, 0x0000000000000000
2026/09/19 10:08:31.143, 1, 76, 49.24, 0, 12960, 1215, 715, P0, 0x0000000000000000
2026/09/19 10:08:32.156, 0, 79, 143.65, 100, 13664, 1240, 715, P0, 0x0000000000000000
2026/09/19 10:08:32.160, 1, 75, 48.76, 0, 12960, 1215, 715, P0, 0x0000000000000000
2026/09/19 10:08:33.166, 0, 80, 144.84, 100, 13664, 1164, 715, P0, 0x0000000000000020
2026/09/19 10:08:33.169, 1, 75, 48.53, 0, 12960, 1215, 715, P0, 0x0000000000000000
2026/09/19 10:08:34.179, 0, 79, 133.75, 100, 13664, 1113, 715, P0, 0x0000000000000020
2026/09/19 10:08:34.183, 1, 75, 48.57, 0, 12960, 1215, 715, P0, 0x0000000000000000
2026/09/19 10:08:35.192, 0, 79, 137.98, 100, 13664, 1101, 715, P0, 0x0000000000000020
2026/09/19 10:08:35.203, 1, 74, 48.33, 0, 12960, 1215, 715, P0, 0x0000000000000000
2026/09/19 10:08:36.223, 0, 78, 52.19, 0, 13664, 1265, 715, P0, 0x0000000000000000
2026/09/19 10:08:36.226, 1, 76, 158.71, 100, 12960, 1328, 715, P0, 0x0000000000000000
2026/09/19 10:08:37.234, 0, 76, 50.86, 0, 13664, 1265, 715, P0, 0x0000000000000000
2026/09/19 10:08:37.237, 1, 79, 204.53, 100, 12960, 1328, 715, P0, 0x0000000000000000
2026/09/19 10:08:38.247, 0, 76, 50.45, 0, 13664, 1265, 715, P0, 0x0000000000000000
2026/09/19 10:08:38.250, 1, 80, 175.64, 100, 12960, 1290, 715, P0, 0x0000000000000020
2026/09/19 10:08:39.257, 0, 76, 50.50, 0, 13664, 1265, 715, P0, 0x0000000000000000
2026/09/19 10:08:39.260, 1, 79, 156.85, 100, 12960, 1227, 715, P0, 0x0000000000000020
2026/09/19 10:08:40.267, 0, 75, 49.99, 0, 13664, 1265, 715, P0, 0x0000000000000000
2026/09/19 10:08:40.270, 1, 79, 156.85, 100, 12960, 1227, 715, P0, 0x0000000000000020
2026/09/19 10:08:41.279, 0, 75, 49.99, 0, 13664, 1265, 715, P0, 0x0000000000000000
2026/09/19 10:08:41.282, 1, 79, 156.38, 100, 12960, 1227, 715, P0, 0x0000000000000020
2026/09/19 10:08:42.288, 0, 79, 214.05, 100, 13664, 1328, 715, P0, 0x0000000000000000
2026/09/19 10:08:42.293, 1, 77, 51.25, 0, 12960, 1240, 715, P0, 0x0000000000000000
2026/09/19 10:08:43.301, 0, 80, 165.26, 100, 13664, 1227, 715, P0, 0x0000000000000020
2026/09/19 10:08:43.305, 1, 76, 50.40, 0, 12960, 1240, 715, P0, 0x0000000000000000
2026/09/19 10:08:44.318, 0, 79, 128.46, 100, 13664, 1101, 715, P0, 0x0000000000000020
2026/09/19 10:08:44.321, 1, 75, 50.26, 0, 12960, 1240, 715, P0, 0x0000000000000000
2026/09/19 10:08:45.332, 0, 79, 112.33, 100, 13664, 1088, 715, P0, 0x0000000000000020
2026/09/19 10:08:45.338, 1, 75, 47.22, 0, 12960, 1189, 715, P0, 0x0000000000000000
2026/09/19 10:08:46.347, 0, 79, 127.12, 100, 13664, 1101, 715, P0, 0x0000000000000020
2026/09/19 10:08:46.351, 1, 74, 46.92, 0, 12960, 1189, 715, P0, 0x0000000000000000
2026/09/19 10:08:47.363, 0, 79, 142.46, 100, 13664, 1164, 715, P0, 0x0000000000000020
2026/09/19 10:08:47.366, 1, 74, 46.64, 0, 12960, 1189, 715, P0, 0x0000000000000000
2026/09/19 10:08:48.377, 0, 79, 135.59, 100, 13664, 1101, 715, P0, 0x0000000000000020
2026/09/19 10:08:48.380, 1, 74, 46.64, 0, 12960, 1189, 715, P0, 0x0000000000000000
2026/09/19 10:08:49.389, 0, 77, 52.83, 0, 13664, 1303, 715, P0, 0x0000000000000000
2026/09/19 10:08:49.392, 1, 79, 163.78, 100, 12960, 1328, 715, P0, 0x0000000000000000
2026/09/19 10:08:50.408, 0, 76, 52.34, 0, 13664, 1303, 715, P0, 0x0000000000000000
2026/09/19 10:08:50.411, 1, 80, 187.75, 100, 12960, 1265, 715, P0, 0x0000000000000020
2026/09/19 10:08:51.418, 0, 76, 52.15, 0, 13664, 1303, 715, P0, 0x0000000000000000
2026/09/19 10:08:51.420, 1, 79, 165.58, 100, 12960, 1252, 715, P0, 0x0000000000000020
2026/09/19 10:08:52.427, 0, 75, 51.90, 0, 13664, 1303, 715, P0, 0x0000000000000000
2026/09/19 10:08:52.430, 1, 80, 165.74, 100, 12960, 1252, 715, P0, 0x0000000000000020
2026/09/19 10:08:53.439, 0, 75, 51.72, 0, 13664, 1303, 715, P0, 0x0000000000000000
2026/09/19 10:08:53.442, 1, 79, 141.58, 100, 12960, 1164, 715, P0, 0x0000000000000020
2026/09/19 10:08:54.447, 0, 78, 205.01, 100, 13664, 1328, 715, P0, 0x0000000000000000
2026/09/19 10:08:54.453, 1, 77, 55.81, 0, 12960, 1316, 715, P0, 0x0000000000000000
2026/09/19 10:08:55.460, 0, 80, 168.09, 100, 13664, 1240, 715, P0, 0x0000000000000020
2026/09/19 10:08:55.463, 1, 76, 54.48, 16, 12960, 1316, 715, P0, 0x0000000000000000
2026/09/19 10:08:56.476, 0, 79, 141.93, 100, 13664, 1139, 715, P0, 0x0000000000000020
2026/09/19 10:08:56.479, 1, 76, 54.07, 0, 12960, 1316, 715, P0, 0x0000000000000000
2026/09/19 10:08:57.495, 0, 79, 118.26, 100, 13664, 1139, 715, P0, 0x0000000000000000
2026/09/19 10:08:57.498, 1, 75, 53.90, 0, 12960, 1316, 715, P0, 0x0000000000000000
2026/09/19 10:08:58.505, 0, 79, 136.03, 100, 13664, 1126, 715, P0, 0x0000000000000020
2026/09/19 10:08:58.508, 1, 75, 53.59, 0, 12960, 1316, 715, P0, 0x0000000000000000
2026/09/19 10:08:59.517, 0, 79, 137.96, 100, 13664, 1126, 715, P0, 0x0000000000000020
2026/09/19 10:08:59.520, 1, 75, 53.35, 0, 12960, 1316, 715, P0, 0x0000000000000000
2026/09/19 10:09:00.527, 0, 80, 111.37, 100, 13664, 1139, 715, P0, 0x0000000000000000
2026/09/19 10:09:00.530, 1, 75, 53.17, 0, 12960, 1316, 715, P0, 0x0000000000000000
2026/09/19 10:09:01.545, 0, 77, 53.55, 0, 13664, 1316, 715, P0, 0x0000000000000000
2026/09/19 10:09:01.548, 1, 78, 192.04, 100, 12960, 1328, 715, P0, 0x0000000000000000
2026/09/19 10:09:02.557, 0, 76, 53.17, 0, 13664, 1316, 715, P0, 0x0000000000000000
2026/09/19 10:09:02.560, 1, 79, 142.69, 100, 12960, 1164, 715, P0, 0x0000000000000000
2026/09/19 10:09:03.571, 0, 76, 52.65, 0, 13664, 1189, 715, P0, 0x0000000000000000
2026/09/19 10:09:03.576, 1, 79, 151.69, 100, 12960, 1189, 715, P0, 0x0000000000000020
2026/09/19 10:09:04.581, 0, 75, 46.45, 0, 13664, 1189, 715, P0, 0x0000000000000000
2026/09/19 10:09:04.584, 1, 79, 139.70, 100, 12960, 1189, 715, P0, 0x0000000000000000
2026/09/19 10:09:05.596, 0, 75, 45.94, 0, 13664, 1189, 715, P0, 0x0000000000000000
2026/09/19 10:09:05.599, 1, 79, 144.64, 100, 12960, 1177, 715, P0, 0x0000000000000020
2026/09/19 10:09:06.609, 0, 75, 45.93, 0, 13664, 1189, 715, P0, 0x0000000000000000
2026/09/19 10:09:06.612, 1, 79, 150.77, 100, 12960, 1189, 715, P0, 0x0000000000000020
2026/09/19 10:09:07.635, 0, 80, 212.24, 100, 13664, 1328, 715, P0, 0x0000000000000000
2026/09/19 10:09:07.638, 1, 76, 54.60, 0, 12960, 1316, 715, P0, 0x0000000000000000
2026/09/19 10:09:08.648, 0, 79, 142.90, 100, 13664, 1164, 715, P0, 0x0000000000000020
2026/09/19 10:09:08.653, 1, 76, 54.30, 0, 12960, 1316, 715, P0, 0x0000000000000000
2026/09/19 10:09:09.663, 0, 79, 147.12, 100, 13664, 1177, 715, P0, 0x0000000000000020
2026/09/19 10:09:09.666, 1, 75, 53.81, 0, 12960, 1316, 715, P0, 0x0000000000000000
2026/09/19 10:09:10.676, 0, 80, 124.83, 100, 13664, 1189, 715, P0, 0x0000000000000000
2026/09/19 10:09:10.680, 1, 75, 53.84, 0, 12960, 1316, 715, P0, 0x0000000000000000
2026/09/19 10:09:11.692, 0, 79, 127.49, 100, 13664, 1088, 715, P0, 0x0000000000000020
2026/09/19 10:09:11.695, 1, 75, 53.87, 0, 12960, 1316, 715, P0, 0x0000000000000000
2026/09/19 10:09:12.709, 0, 79, 129.41, 100, 13664, 1088, 715, P0, 0x0000000000000020
2026/09/19 10:09:12.716, 1, 75, 53.37, 0, 12960, 1316, 715, P0, 0x0000000000000000
2026/09/19 10:09:13.723, 0, 78, 54.57, 46, 13664, 1316, 715, P0, 0x0000000000000000
2026/09/19 10:09:13.726, 1, 77, 138.30, 74, 12960, 1328, 715, P0, 0x0000000000000000
2026/09/19 10:09:14.736, 0, 76, 53.26, 0, 13664, 1316, 715, P0, 0x0000000000000000
2026/09/19 10:09:14.738, 1, 79, 204.02, 100, 12960, 1328, 715, P0, 0x0000000000000000
2026/09/19 10:09:15.749, 0, 76, 52.88, 0, 13664, 1316, 715, P0, 0x0000000000000000
2026/09/19 10:09:15.752, 1, 79, 160.09, 100, 12960, 1215, 715, P0, 0x0000000000000020
2026/09/19 10:09:16.760, 0, 76, 52.65, 0, 13664, 1316, 715, P0, 0x0000000000000000
2026/09/19 10:09:16.763, 1, 79, 157.58, 100, 12960, 1227, 715, P0, 0x0000000000000020
2026/09/19 10:09:17.776, 0, 75, 52.47, 0, 13664, 1316, 715, P0, 0x0000000000000000
2026/09/19 10:09:17.779, 1, 79, 128.10, 100, 12960, 1202, 715, P0, 0x0000000000000000
2026/09/19 10:09:18.792, 0, 75, 52.41, 0, 13664, 1316, 715, P0, 0x0000000000000000
2026/09/19 10:09:18.795, 1, 79, 156.14, 100, 12960, 1202, 715, P0, 0x0000000000000020
2026/09/19 10:09:19.805, 0, 78, 202.44, 100, 13664, 1328, 715, P0, 0x0000000000000000
2026/09/19 10:09:19.809, 1, 77, 49.61, 0, 12960, 1202, 715, P0, 0x0000000000000000
2026/09/19 10:09:20.818, 0, 78, 116.37, 100, 13664, 1025, 715, P0, 0x0000000000000020
2026/09/19 10:09:20.821, 1, 76, 48.87, 27, 12960, 1202, 715, P0, 0x0000000000000000
2026/09/19 10:09:21.834, 0, 79, 137.02, 100, 13664, 1126, 715, P0, 0x0000000000000020
2026/09/19 10:09:21.839, 1, 75, 48.58, 0, 12960, 1202, 715, P0, 0x0000000000000000
2026/09/19 10:09:22.850, 0, 79, 136.78, 100, 13664, 1139, 715, P0, 0x0000000000000020
2026/09/19 10:09:22.859, 1, 75, 48.08, 0, 12960, 1202, 715, P0, 0x0000000000000000
2026/09/19 10:09:23.865, 0, 79, 144.84, 100, 13664, 1151, 715, P0, 0x0000000000000020
2026/09/19 10:09:23.868, 1, 75, 48.05, 0, 12960, 1202, 715, P0, 0x0000000000000000
2026/09/19 10:09:24.880, 0, 79, 136.79, 100, 13664, 1139, 715, P0, 0x0000000000000000
2026/09/19 10:09:24.883, 1, 74, 47.85, 0, 12960, 1202, 715, P0, 0x0000000000000000
2026/09/19 10:09:25.895, 0, 80, 137.49, 100, 13664, 1139, 715, P0, 0x0000000000000020
2026/09/19 10:09:25.900, 1, 74, 47.60, 0, 12960, 1202, 715, P0, 0x0000000000000000
2026/09/19 10:09:26.913, 0, 77, 48.49, 0, 13664, 1202, 715, P0, 0x0000000000000000
2026/09/19 10:09:26.917, 1, 78, 200.60, 100, 12960, 1328, 715, P0, 0x0000000000000000
2026/09/19 10:09:27.924, 0, 76, 47.52, 0, 13664, 1202, 715, P0, 0x0000000000000000
2026/09/19 10:09:27.927, 1, 79, 203.81, 100, 12960, 1328, 715, P0, 0x0000000000000000
2026/09/19 10:09:28.933, 0, 76, 47.37, 0, 13664, 1202, 715, P0, 0x0000000000000000
2026/09/19 10:09:28.936, 1, 79, 153.62, 100, 12960, 1215, 715, P0, 0x0000000000000000
2026/09/19 10:09:29.940, 0, 75, 47.13, 0, 13664, 1202, 715, P0, 0x0000000000000000
2026/09/19 10:09:29.946, 1, 79, 152.42, 100, 12960, 1202, 715, P0, 0x0000000000000000
2026/09/19 10:09:30.966, 0, 75, 47.12, 0, 13664, 1202, 715, P0, 0x0000000000000000
2026/09/19 10:09:30.972, 1, 79, 160.12, 100, 12960, 1202, 715, P0, 0x0000000000000020
2026/09/19 10:09:31.981, 0, 75, 46.89, 0, 13664, 1202, 715, P0, 0x0000000000000000
2026/09/19 10:09:31.984, 1, 79, 152.66, 100, 12960, 1202, 715, P0, 0x0000000000000000
2026/09/19 10:09:32.994, 0, 80, 184.72, 100, 13664, 1303, 715, P0, 0x0000000000000000
2026/09/19 10:09:32.997, 1, 76, 49.63, 0, 12960, 1215, 715, P0, 0x0000000000000000
2026/09/19 10:09:34.009, 0, 79, 154.95, 100, 13664, 1215, 715, P0, 0x0000000000000020
2026/09/19 10:09:34.013, 1, 75, 49.24, 0, 12960, 1215, 715, P0, 0x0000000000000000
2026/09/19 10:09:35.021, 0, 79, 144.36, 100, 13664, 1164, 715, P0, 0x0000000000000020
2026/09/19 10:09:35.024, 1, 75, 47.60, 0, 12960, 1189, 715, P0, 0x0000000000000000
2026/09/19 10:09:36.046, 0, 79, 131.83, 100, 13664, 1075, 715, P0, 0x0000000000000020
2026/09/19 10:09:36.053, 1, 75, 46.92, 0, 12960, 1189, 715, P0, 0x0000000000000000
2026/09/19 10:09:37.071, 0, 79, 129.44, 100, 13664, 1075, 715, P0, 0x0000000000000020
2026/09/19 10:09:37.074, 1, 74, 46.65, 0, 12960, 1189, 715, P0, 0x0000000000000000
2026/09/19 10:09:38.085, 0, 79, 129.19, 100, 13664, 1075, 715, P0, 0x0000000000000020
2026/09/19 10:09:38.093, 1, 74, 46.44, 0, 12960, 1189, 715, P0, 0x0000000000000000
2026/09/19 10:09:39.097, 0, 78, 48.06, 26, 13664, 1189, 715, P0, 0x0000000000000000
2026/09/19 10:09:39.100, 1, 76, 181.97, 91, 12960, 1316, 715, P0, 0x0000000000000000
2026/09/19 10:09:40.105, 0, 76, 46.85, 0, 13664, 1189, 715, P0, 0x0000000000000000
2026/09/19 10:09:40.109, 1, 79, 177.04, 100, 12960, 1328, 715, P0, 0x0000000000000000
2026/09/19 10:09:41.120, 0, 76, 46.37, 0, 13664, 1189, 715, P0, 0x0000000000000000
2026/09/19 10:09:41.123, 1, 79, 183.88, 100, 12960, 1303, 715, P0, 0x0000000000000000
2026/09/19 10:09:42.128, 0, 75, 46.13, 0, 13664, 1189, 715, P0, 0x0000000000000000
2026/09/19 10:09:42.131, 1, 79, 175.17, 100, 12960, 1278, 715, P0, 0x0000000000000020
2026/09/19 10:09:43.142, 0, 75, 45.93, 0, 13664, 1189, 715, P0, 0x0000000000000000
2026/09/19 10:09:43.146, 1, 79, 158.79, 100, 12960, 1215, 715, P0, 0x0000000000000020
2026/09/19 10:09:44.155, 0, 75, 45.69, 0, 13664, 1189, 715, P0, 0x0000000000000000
2026/09/19 10:09:44.158, 1, 79, 153.86, 100, 12960, 1215, 715, P0, 0x0000000000000000
2026/09/19 10:09:45.166, 0, 78, 197.80, 100, 13664, 1328, 715, P0, 0x0000000000000000
2026/09/19 10:09:45.169, 1, 77, 50.10, 0, 12960, 1215, 715, P0, 0x0000000000000000
2026/09/19 10:09:46.177, 0, 80, 159.64, 100, 13664, 1202, 715, P0, 0x0000000000000000
2026/09/19 10:09:46.180, 1, 76, 49.24, 0, 12960, 1215, 715, P0, 0x0000000000000000
2026/09/19 10:09:47.191, 0, 79, 116.11, 100, 13664, 1189, 715, P0, 0x0000000000000000
2026/09/19 10:09:47.194, 1, 75, 48.88, 0, 12960, 1215, 715, P0, 0x0000000000000000
2026/09/19 10:09:48.206, 0, 80, 145.08, 100, 13664, 1177, 715, P0, 0x0000000000000000
2026/09/19 10:09:48.209, 1, 75, 48.78, 0, 12960, 1215, 715, P0, 0x0000000000000000
2026/09/19 10:09:49.221, 0, 79, 135.10, 100, 13664, 1101, 715, P0, 0x0000000000000020
2026/09/19 10:09:49.229, 1, 75, 48.57, 0, 12960, 1215, 715, P0, 0x0000000000000000
2026/09/19 10:09:50.238, 0, 79, 128.46, 100, 13664, 1088, 715, P0, 0x0000000000000020
2026/09/19 10:09:50.247, 1, 74, 48.34, 0, 12960, 1215, 715, P0, 0x0000000000000000
2026/09/19 10:09:51.265, 0, 79, 127.58, 100, 13664, 1101, 715, P0, 0x0000000000000020
2026/09/19 10:09:51.269, 1, 74, 48.34, 0, 12960, 1215, 715, P0, 0x0000000000000000
2026/09/19 10:09:52.278, 0, 77, 53.26, 0, 13664, 1316, 715, P0, 0x0000000000000000
2026/09/19 10:09:52.282, 1, 78, 202.86, 100, 12960, 1328, 715, P0, 0x0000000000000000
2026/09/19 10:09:53.291, 0, 76, 52.83, 0, 13664, 1316, 715, P0, 0x0000000000000000
2026/09/19 10:09:53.294, 1, 80, 188.00, 100, 12960, 1290, 715, P0, 0x0000000000000020
2026/09/19 10:09:54.298, 0, 75, 45.44, 0, 13664, 1189, 715, P0, 0x0000000000000000
2026/09/19 10:09:54.304, 1, 79, 170.76, 100, 12960, 1252, 715, P0, 0x0000000000000020
2026/09/19 10:09:55.310, 0, 75, 46.21, 0, 13664, 1189, 715, P0, 0x0000000000000000
2026/09/19 10:09:55.313, 1, 79, 129.07, 100, 12960, 1126, 715, P0, 0x0000000000000020
2026/09/19 10:09:56.323, 0, 75, 45.97, 0, 13664, 1189, 715, P0, 0x0000000000000000
2026/09/19 10:09:56.326, 1, 78, 130.76, 100, 12960, 1126, 715, P0, 0x0000000000000020
2026/09/19 10:09:57.333, 0, 75, 45.82, 0, 13664, 1189, 715, P0, 0x0000000000000000
2026/09/19 10:09:57.337, 1, 79, 72.13, 100, 12960, 1177, 715, P0, 0x0000000000000000
2026/09/19 10:09:58.345, 0, 80, 188.29, 100, 13664, 1328, 715, P0, 0x0000000000000000
2026/09/19 10:09:58.348, 1, 76, 47.97, 0, 12960, 1189, 715, P0, 0x0000000000000000
2026/09/19 10:09:59.362, 0, 79, 138.47, 100, 13664, 1189, 715, P0, 0x0000000000000000
2026/09/19 10:09:59.365, 1, 75, 47.62, 0, 12960, 1189, 715, P0, 0x0000000000000000
2026/09/19 10:10:00.376, 0, 79, 147.00, 100, 13664, 1177, 715, P0, 0x0000000000000020
2026/09/19 10:10:00.379, 1, 75, 47.60, 0, 12960, 1189, 715, P0, 0x0000000000000000
2026/09/19 10:10:01.392, 0, 80, 135.84, 100, 13664, 1101, 715, P0, 0x0000000000000020
2026/09/19 10:10:01.396, 1, 75, 46.65, 0, 12960, 1189, 715, P0, 0x0000000000000000
2026/09/19 10:10:02.405, 0, 79, 105.45, 100, 13664, 1151, 715, P0, 0x0000000000000000
2026/09/19 10:10:02.407, 1, 74, 46.70, 0, 12960, 1189, 715, P0, 0x0000000000000000
2026/09/19 10:10:03.415, 0, 79, 133.43, 100, 13664, 1113, 715, P0, 0x0000000000000020
2026/09/19 10:10:03.418, 1, 74, 46.41, 0, 12960, 1189, 715, P0, 0x0000000000000000
2026/09/19 10:10:04.432, 0, 77, 48.06, 0, 13664, 1189, 715, P0, 0x0000000000000000
2026/09/19 10:10:04.436, 1, 76, 190.16, 100, 12960, 1316, 715, P0, 0x0000000000000000
2026/09/19 10:10:05.447, 0, 76, 46.81, 0, 13664, 1189, 715, P0, 0x0000000000000000
2026/09/19 10:10:05.450, 1, 79, 203.83, 100, 12960, 1328, 715, P0, 0x0000000000000000
2026/09/19 10:10:06.458, 0, 76, 46.36, 0, 13664, 1189, 715, P0, 0x0000000000000000
2026/09/19 10:10:06.462, 1, 80, 186.38, 100, 12960, 1303, 715, P0, 0x0000000000000020
2026/09/19 10:10:07.469, 0, 75, 45.98, 0, 13664, 1189, 715, P0, 0x0000000000000000
2026/09/19 10:10:07.472, 1, 78, 129.31, 100, 12960, 1126, 715, P0, 0x0000000000000020
2026/09/19 10:10:08.477, 0, 75, 45.97, 0, 13664, 1189, 715, P0, 0x0000000000000000
2026/09/19 10:10:08.480, 1, 78, 138.24, 100, 12960, 1252, 715, P0, 0x0000000000000000
2026/09/19 10:10:09.488, 0, 75, 45.69, 0, 13664, 1189, 715, P0, 0x0000000000000000
2026/09/19 10:10:09.491, 1, 79, 155.06, 100, 12960, 1215, 715, P0, 0x0000000000000020
2026/09/19 10:10:10.507, 0, 77, 97.60, 51, 13664, 1328, 715, P0, 0x0000000000000000
2026/09/19 10:10:10.510, 1, 77, 155.85, 48, 12960, 1316, 715, P0, 0x0000000000000020
2026/09/19 10:10:11.518, 0, 78, 71.20, 51, 13664, 1328, 715, P0, 0x0000000000000000
2026/09/19 10:10:11.521, 1, 78, 188.34, 48, 12960, 1328, 715, P0, 0x0000000000000000
2026/09/19 10:10:12.531, 0, 78, 62.08, 51, 13664, 1328, 715, P0, 0x0000000000000000
2026/09/19 10:10:12.534, 1, 78, 200.35, 48, 12960, 1328, 715, P0, 0x0000000000000000
2026/09/19 10:10:13.543, 0, 78, 59.72, 51, 13664, 1328, 715, P0, 0x0000000000000000
2026/09/19 10:10:13.546, 1, 79, 202.61, 48, 12960, 1328, 715, P0, 0x0000000000000000
2026/09/19 10:10:14.551, 0, 78, 154.42, 51, 13664, 1328, 715, P0, 0x0000000000000000
2026/09/19 10:10:14.557, 1, 79, 96.66, 48, 12960, 1328, 715, P0, 0x0000000000000000
2026/09/19 10:10:15.562, 0, 79, 198.52, 51, 13664, 1328, 715, P0, 0x0000000000000000
2026/09/19 10:10:15.566, 1, 78, 69.87, 48, 12960, 1328, 715, P0, 0x0000000000000000
2026/09/19 10:10:16.577, 0, 79, 217.99, 50, 13664, 1328, 715, P0, 0x0000000000000000
2026/09/19 10:10:16.580, 1, 78, 61.77, 48, 12960, 1328, 715, P0, 0x0000000000000000
2026/09/19 10:10:17.587, 0, 79, 196.00, 50, 13664, 1328, 715, P0, 0x0000000000000000
2026/09/19 10:10:17.590, 1, 78, 60.82, 49, 12960, 1328, 715, P0, 0x0000000000000000
2026/09/19 10:10:18.601, 0, 80, 134.38, 50, 13664, 1316, 715, P0, 0x0000000000000020
2026/09/19 10:10:18.604, 1, 78, 152.66, 49, 12960, 1328, 715, P0, 0x0000000000000000
2026/09/19 10:10:19.612, 0, 78, 138.61, 51, 13664, 1050, 715, P0, 0x0000000000000020
2026/09/19 10:10:19.624, 1, 78, 61.53, 41, 12960, 1328, 715, P0, 0x0000000000000000
2026/09/19 10:10:20.637, 0, 78, 155.21, 52, 13664, 1316, 715, P0, 0x0000000000000020
2026/09/19 10:10:20.643, 1, 79, 65.98, 47, 12960, 1328, 715, P0, 0x0000000000000000
2026/09/19 10:10:21.658, 0, 78, 182.20, 51, 13664, 1316, 715, P0, 0x0000000000000020
2026/09/19 10:10:21.661, 1, 79, 64.21, 47, 12960, 1328, 715, P0, 0x0000000000000000
2026/09/19 10:10:22.666, 0, 77, 115.90, 8, 13664, 1278, 715, P0, 0x0000000000000000
2026/09/19 10:10:22.669, 1, 78, 48.33, 48, 12960, 405, 715, P0, 0x0000000000000020
2026/09/19 10:10:23.677, 0, 79, 210.21, 42, 13664, 1328, 715, P0, 0x0000000000000000
2026/09/19 10:10:23.680, 1, 77, 48.64, 54, 12960, 1265, 715, P0, 0x0000000000000000
2026/09/19 10:10:24.690, 0, 79, 204.85, 48, 13664, 1328, 715, P0, 0x0000000000000000
2026/09/19 10:10:24.694, 1, 77, 52.20, 50, 12960, 1278, 715, P0, 0x0000000000000020
2026/09/19 10:10:25.705, 0, 78, 59.69, 50, 13664, 468, 715, P0, 0x0000000000000020
2026/09/19 10:10:25.718, 1, 77, 138.73, 31, 12960, 1252, 715, P0, 0x0000000000000000
2026/09/19 10:10:26.734, 0, 77, 109.37, 59, 13664, 1189, 715, P0, 0x0000000000000000
2026/09/19 10:10:26.737, 1, 78, 99.25, 39, 12960, 1316, 715, P0, 0x0000000000000000
2026/09/19 10:10:27.749, 0, 77, 48.26, 51, 13664, 1189, 715, P0, 0x0000000000000000
2026/09/19 10:10:27.753, 1, 79, 197.79, 44, 12960, 1328, 715, P0, 0x0000000000000000
2026/09/19 10:10:28.766, 0, 78, 53.28, 51, 13664, 1240, 715, P0, 0x0000000000000000
2026/09/19 10:10:28.768, 1, 79, 199.32, 47, 12960, 1328, 715, P0, 0x0000000000000000
2026/09/19 10:10:29.775, 0, 78, 57.54, 51, 13664, 1328, 715, P0, 0x0000000000000000
2026/09/19 10:10:29.778, 1, 79, 197.89, 47, 12960, 1328, 715, P0, 0x0000000000000000
2026/09/19 10:10:30.786, 0, 78, 55.15, 51, 13664, 1316, 715, P0, 0x0000000000000000
2026/09/19 10:10:30.792, 1, 79, 187.54, 47, 12960, 1328, 715, P0, 0x0000000000000000
2026/09/19 10:10:31.799, 0, 78, 93.40, 55, 13664, 506, 715, P0, 0x0000000000000020
2026/09/19 10:10:31.804, 1, 78, 104.67, 47, 12960, 1328, 715, P0, 0x0000000000000000
2026/09/19 10:10:32.810, 0, 77, 56.45, 100, 9, 1316, 715, P0, 0x0000000000000000
2026/09/19 10:10:32.813, 1, 77, 61.98, 100, 9, 1328, 715, P0, 0x0000000000000000
2026/09/19 10:10:33.817, 0, 76, 54.31, 0, 9, 1328, 715, P0, 0x0000000000000000
2026/09/19 10:10:33.820, 1, 77, 54.76, 0, 9, 1328, 715, P0, 0x0000000000000000
2026/09/19 10:10:34.827, 0, 76, 54.06, 0, 9, 1328, 715, P0, 0x0000000000000000
2026/09/19 10:10:34.830, 1, 76, 55.24, 0, 9, 1328, 715, P0, 0x0000000000000000
2026/09/19 10:10:35.841, 0, 75, 53.88, 0, 9, 1328, 715, P0, 0x0000000000000000
2026/09/19 10:10:35.844, 1, 76, 41.78, 0, 9, 1037, 715, P0, 0x0000000000000001
2026/09/19 10:10:36.851, 0, 75, 53.63, 0, 9, 1328, 715, P0, 0x0000000000000000
2026/09/19 10:10:36.854, 1, 75, 41.76, 0, 9, 1037, 715, P0, 0x0000000000000001
2026/09/19 10:10:37.863, 0, 75, 53.63, 0, 9, 1328, 715, P0, 0x0000000000000000
2026/09/19 10:10:37.865, 1, 75, 41.27, 0, 9, 1037, 715, P0, 0x0000000000000001
2026/09/19 10:10:38.874, 0, 75, 37.22, 0, 9, 405, 715, P0, 0x0000000000000001
2026/09/19 10:10:38.877, 1, 74, 38.42, 0, 9, 405, 715, P0, 0x0000000000000001
