timestamp,index,temperature.gpu,power.draw,utilization.gpu,memory.used,clocks.current.graphics,clocks.current.memory,pstate,clocks_event_reasons.active
2026/09/17 15:30:54.107, 0, 42, 27.27, 0, 9, 405, 715, P0, 0x0000000000000001
2026/09/17 15:30:54.110, 1, 45, 27.75, 0, 9, 405, 715, P0, 0x0000000000000001
2026/09/17 15:30:55.122, 0, 42, 33.81, 0, 265, 1189, 715, P0, 0x0000000000000000
2026/09/17 15:30:55.125, 1, 46, 33.56, 0, 265, 1189, 715, P0, 0x0000000000000000
2026/09/17 15:30:56.136, 0, 42, 33.81, 0, 265, 1189, 715, P0, 0x0000000000000000
2026/09/17 15:30:56.140, 1, 46, 33.81, 0, 265, 1189, 715, P0, 0x0000000000000000
2026/09/17 15:30:57.145, 0, 42, 34.54, 26, 7198, 1189, 715, P0, 0x0000000000000000
2026/09/17 15:30:57.149, 1, 46, 33.55, 0, 7729, 1189, 715, P0, 0x0000000000000000
2026/09/17 15:30:58.162, 0, 42, 34.54, 25, 7198, 1189, 715, P0, 0x0000000000000000
2026/09/17 15:30:58.165, 1, 46, 33.79, 0, 7729, 1189, 715, P0, 0x0000000000000000
2026/09/17 15:30:59.180, 0, 42, 33.81, 0, 7198, 1189, 715, P0, 0x0000000000000000
2026/09/17 15:30:59.183, 1, 46, 38.65, 100, 7729, 1328, 715, P0, 0x0000000000000000
2026/09/17 15:31:00.195, 0, 42, 33.78, 0, 7198, 1189, 715, P0, 0x0000000000000000
2026/09/17 15:31:00.198, 1, 46, 39.10, 96, 7729, 1328, 715, P0, 0x0000000000000000
2026/09/17 15:31:01.208, 0, 42, 33.81, 0, 7198, 1189, 715, P0, 0x0000000000000000
2026/09/17 15:31:01.211, 1, 46, 39.37, 96, 7729, 1328, 715, P0, 0x0000000000000000
2026/09/17 15:31:02.220, 0, 43, 34.78, 0, 7610, 1227, 715, P0, 0x0000000000000000
2026/09/17 15:31:02.223, 1, 46, 39.61, 3, 8135, 1328, 715, P0, 0x0000000000000000
2026/09/17 15:31:03.228, 0, 43, 39.47, 50, 7908, 1328, 715, P0, 0x0000000000000000
2026/09/17 15:31:03.231, 1, 47, 130.02, 45, 8433, 1328, 715, P0, 0x0000000000000000
2026/09/17 15:31:04.235, 0, 46, 62.24, 50, 7908, 1328, 715, P0, 0x0000000000000000
2026/09/17 15:31:04.237, 1, 48, 159.45, 48, 8433, 1328, 715, P0, 0x0000000000000000
2026/09/17 15:31:05.245, 0, 46, 167.33, 39, 7908, 1328, 715, P0, 0x0000000000000000
2026/09/17 15:31:05.249, 1, 49, 84.68, 57, 8433, 1328, 715, P0, 0x0000000000000000
2026/09/17 15:31:06.256, 0, 46, 116.10, 54, 7908, 1328, 715, P0, 0x0000000000000000
2026/09/17 15:31:06.259, 1, 50, 90.64, 42, 8433, 1328, 715, P0, 0x0000000000000000
2026/09/17 15:31:07.268, 0, 46, 62.96, 37, 7908, 1328, 715, P0, 0x0000000000000000
2026/09/17 15:31:07.271, 1, 50, 161.04, 57, 8433, 1328, 715, P0, 0x0000000000000000
2026/09/17 15:31:08.281, 0, 46, 151.53, 53, 7908, 1328, 715, P0, 0x0000000000000000
2026/09/17 15:31:08.284, 1, 50, 93.73, 48, 8433, 1328, 715, P0, 0x0000000000000000
2026/09/17 15:31:09.295, 0, 47, 137.47, 41, 7908, 1328, 715, P0, 0x0000000000000000
2026/09/17 15:31:09.298, 1, 51, 74.86, 52, 8433, 1328, 715, P0, 0x0000000000000000
2026/09/17 15:31:10.308, 0, 48, 55.77, 45, 7908, 1328, 715, P0, 0x0000000000000000
2026/09/17 15:31:10.311, 1, 51, 169.89, 51, 8433, 1328, 715, P0, 0x0000000000000000
2026/09/17 15:31:11.321, 0, 48, 109.17, 50, 7908, 1328, 715, P0, 0x0000000000000000
2026/09/17 15:31:11.323, 1, 51, 128.21, 50, 8433, 1328, 715, P0, 0x0000000000000000
2026/09/17 15:31:12.334, 0, 48, 156.23, 49, 7908, 1328, 715, P0, 0x0000000000000000
2026/09/17 15:31:12.337, 1, 51, 62.12, 50, 8433, 1328, 715, P0, 0x0000000000000000
2026/09/17 15:31:13.346, 0, 48, 51.88, 40, 7908, 1328, 715, P0, 0x0000000000000000
2026/09/17 15:31:13.349, 1, 52, 157.22, 53, 8433, 1328, 715, P0, 0x0000000000000000
2026/09/17 15:31:14.359, 0, 48, 87.63, 52, 7908, 1328, 715, P0, 0x0000000000000000
2026/09/17 15:31:14.361, 1, 52, 142.07, 47, 8433, 1328, 715, P0, 0x0000000000000000
2026/09/17 15:31:15.371, 0, 48, 162.34, 37, 7908, 1328, 715, P0, 0x0000000000000000
2026/09/17 15:31:15.374, 1, 52, 57.81, 56, 8433, 1328, 715, P0, 0x0000000000000000
2026/09/17 15:31:16.381, 0, 49, 50.71, 54, 7908, 1328, 715, P0, 0x0000000000000000
2026/09/17 15:31:16.384, 1, 52, 135.75, 44, 8433, 1328, 715, P0, 0x0000000000000000
2026/09/17 15:31:17.392, 0, 49, 79.27, 37, 7908, 1328, 715, P0, 0x0000000000000000
2026/09/17 15:31:17.398, 1, 52, 149.30, 59, 8433, 1328, 715, P0, 0x0000000000000000
2026/09/17 15:31:18.406, 0, 49, 167.20, 52, 7908, 1328, 715, P0, 0x0000000000000000
2026/09/17 15:31:18.409, 1, 52, 53.47, 42, 8433, 1328, 715, P0, 0x0000000000000000
2026/09/17 15:31:19.418, 0, 49, 72.02, 40, 7908, 1328, 715, P0, 0x0000000000000000
2026/09/17 15:31:19.420, 1, 53, 119.05, 59, 8433, 1328, 715, P0, 0x0000000000000000
2026/09/17 15:31:20.432, 0, 50, 72.34, 50, 7908, 1328, 715, P0, 0x0000000000000000
2026/09/17 15:31:20.436, 1, 53, 157.88, 43, 8433, 1328, 715, P0, 0x0000000000000000
2026/09/17 15:31:21.443, 0, 50, 167.30, 41, 7908, 1328, 715, P0, 0x0000000000000000
2026/09/17 15:31:21.446, 1, 53, 58.30, 58, 8433, 1328, 715, P0, 0x0000000000000000
2026/09/17 15:31:22.455, 0, 50, 81.36, 48, 7908, 1328, 715, P0, 0x0000000000000000
2026/09/17 15:31:22.458, 1, 54, 117.61, 45, 8433, 1328, 715, P0, 0x0000000000000000
2026/09/17 15:31:23.464, 0, 50, 91.01, 43, 7908, 1328, 715, P0, 0x0000000000000000
2026/09/17 15:31:23.467, 1, 54, 147.56, 56, 8433, 1328, 715, P0, 0x0000000000000000
2026/09/17 15:31:24.472, 0, 50, 152.48, 40, 7908, 1328, 715, P0, 0x0000000000000000
2026/09/17 15:31:24.475, 1, 54, 66.65, 46, 8433, 1328, 715, P0, 0x0000000000000000
2026/09/17 15:31:25.486, 0, 51, 52.12, 54, 7908, 1328, 715, P0, 0x0000000000000000
2026/09/17 15:31:25.489, 1, 54, 152.03, 54, 8433, 1328, 715, P0, 0x0000000000000000
2026/09/17 15:31:26.498, 0, 51, 95.52, 37, 7908, 1328, 715, P0, 0x0000000000000000
2026/09/17 15:31:26.502, 1, 54, 141.03, 49, 8433, 1328, 715, P0, 0x0000000000000000
2026/09/17 15:31:27.513, 0, 51, 169.93, 48, 7908, 1328, 715, P0, 0x0000000000000000
2026/09/17 15:31:27.518, 1, 54, 55.88, 49, 8433, 1328, 715, P0, 0x0000000000000000
2026/09/17 15:31:28.525, 0, 51, 60.05, 45, 7908, 1328, 715, P0, 0x0000000000000000
2026/09/17 15:31:28.528, 1, 55, 123.12, 56, 8433, 1328, 715, P0, 0x0000000000000000
2026/09/17 15:31:29.535, 0, 52, 86.93, 44, 7908, 1328, 715, P0, 0x0000000000000000
2026/09/17 15:31:29.539, 1, 55, 149.96, 45, 8433, 1328, 715, P0, 0x0000000000000000
2026/09/17 15:31:30.551, 0, 52, 168.34, 47, 7908, 1328, 715, P0, 0x0000000000000000
2026/09/17 15:31:30.554, 1, 55, 57.08, 47, 8433, 1328, 715, P0, 0x0000000000000000
2026/09/17 15:31:31.561, 0, 52, 63.89, 42, 7908, 1328, 715, P0, 0x0000000000000000
2026/09/17 15:31:31.563, 1, 56, 129.63, 56, 8433, 1328, 715, P0, 0x0000000000000000
2026/09/17 15:31:32.574, 0, 52, 79.02, 44, 7908, 1328, 715, P0, 0x0000000000000000
2026/09/17 15:31:32.577, 1, 56, 154.70, 45, 8433, 1328, 715, P0, 0x0000000000000000
2026/09/17 15:31:33.585, 0, 52, 167.78, 48, 7908, 1328, 715, P0, 0x0000000000000000
2026/09/17 15:31:33.588, 1, 56, 55.62, 58, 8433, 1328, 715, P0, 0x0000000000000000
2026/09/17 15:31:34.597, 0, 52, 67.45, 42, 7908, 1328, 715, P0, 0x0000000000000000
2026/09/17 15:31:34.600, 1, 56, 131.23, 43, 8433, 1328, 715, P0, 0x0000000000000000
2026/09/17 15:31:35.606, 0, 53, 95.77, 49, 7908, 1328, 715, P0, 0x0000000000000000
2026/09/17 15:31:35.609, 1, 56, 143.87, 59, 8433, 1328, 715, P0, 0x0000000000000000
2026/09/17 15:31:36.613, 0, 53, 151.43, 39, 7908, 1328, 715, P0, 0x0000000000000000
2026/09/17 15:31:36.617, 1, 56, 67.15, 42, 8433, 1328, 715, P0, 0x0000000000000000
2026/09/17 15:31:37.622, 0, 53, 60.80, 51, 7908, 1328, 715, P0, 0x0000000000000000
2026/09/17 15:31:37.625, 1, 56, 174.79, 59, 8433, 1328, 715, P0, 0x0000000000000000
2026/09/17 15:31:38.632, 0, 53, 163.75, 38, 7908, 1328, 715, P0, 0x0000000000000000
2026/09/17 15:31:38.635, 1, 56, 91.76, 43, 8433, 1328, 715, P0, 0x0000000000000000
2026/09/17 15:31:39.645, 0, 52, 43.31, 0, 7908, 1328, 715, P0, 0x0000000000000000
2026/09/17 15:31:39.648, 1, 56, 140.62, 99, 8433, 1328, 715, P0, 0x0000000000000000
2026/09/17 15:31:40.658, 0, 53, 159.48, 52, 7908, 1328, 715, P0, 0x0000000000000000
2026/09/17 15:31:40.661, 1, 57, 64.04, 59, 8433, 1328, 715, P0, 0x0000000000000000
2026/09/17 15:31:41.671, 0, 54, 53.56, 38, 7908, 1328, 715, P0, 0x0000000000000000
2026/09/17 15:31:41.674, 1, 57, 161.02, 43, 8433, 1328, 715, P0, 0x0000000000000000
2026/09/17 15:31:42.683, 0, 54, 97.25, 54, 7908, 1328, 715, P0, 0x0000000000000000
2026/09/17 15:31:42.686, 1, 57, 142.93, 57, 8433, 1328, 715, P0, 0x0000000000000000
2026/09/17 15:31:43.696, 0, 54, 158.51, 37, 7908, 1328, 715, P0, 0x0000000000000000
2026/09/17 15:31:43.699, 1, 57, 64.51, 45, 8433, 1328, 715, P0, 0x0000000000000000
2026/09/17 15:31:44.708, 0, 54, 53.56, 54, 7908, 1328, 715, P0, 0x0000000000000000
2026/09/17 15:31:44.710, 1, 58, 161.50, 54, 8433, 1328, 715, P0, 0x0000000000000000
2026/09/17 15:31:45.718, 0, 54, 112.23, 37, 7908, 1328, 715, P0, 0x0000000000000000
2026/09/17 15:31:45.721, 1, 58, 133.33, 50, 8433, 1328, 715, P0, 0x0000000000000000
2026/09/17 15:31:46.729, 0, 54, 149.65, 54, 7908, 1328, 715, P0, 0x0000000000000000
2026/09/17 15:31:46.732, 1, 58, 65.48, 48, 8433, 1328, 715, P0, 0x0000000000000000
2026/09/17 15:31:47.744, 0, 55, 55.01, 39, 7908, 1328, 715, P0, 0x0000000000000000
2026/09/17 15:31:47.747, 1, 58, 175.63, 57, 8433, 1328, 715, P0, 0x0000000000000000
2026/09/17 15:31:48.757, 0, 55, 103.23, 48, 7908, 1328, 715, P0, 0x0000000000000000
2026/09/17 15:31:48.760, 1, 58, 141.30, 44, 8433, 1328, 715, P0, 0x0000000000000000
2026/09/17 15:31:49.770, 0, 55, 158.75, 46, 7908, 1328, 715, P0, 0x0000000000000000
2026/09/17 15:31:49.773, 1, 58, 66.20, 47, 8433, 1328, 715, P0, 0x0000000000000000
2026/09/17 15:31:50.782, 0, 55, 53.80, 41, 7908, 1328, 715, P0, 0x0000000000000000
2026/09/17 15:31:50.785, 1, 59, 164.68, 57, 8433, 1328, 715, P0, 0x0000000000000000
2026/09/17 15:31:51.796, 0, 55, 89.80, 50, 7908, 1328, 715, P0, 0x0000000000000000
2026/09/17 15:31:51.799, 1, 58, 145.50, 44, 8433, 1328, 715, P0, 0x0000000000000000
2026/09/17 15:31:52.810, 0, 55, 168.62, 48, 7908, 1328, 715, P0, 0x0000000000000000
2026/09/17 15:31:52.812, 1, 59, 60.17, 58, 8433, 1328, 715, P0, 0x0000000000000000
2026/09/17 15:31:53.822, 0, 55, 53.83, 42, 7908, 1328, 715, P0, 0x0000000000000000
2026/09/17 15:31:53.824, 1, 59, 145.94, 43, 8433, 1328, 715, P0, 0x0000000000000000
2026/09/17 15:31:54.834, 0, 56, 95.98, 49, 7908, 1328, 715, P0, 0x0000000000000000
2026/09/17 15:31:54.837, 1, 59, 146.11, 59, 8433, 1328, 715, P0, 0x0000000000000000
2026/09/17 15:31:55.845, 0, 56, 162.95, 40, 7908, 1328, 715, P0, 0x0000000000000000
2026/09/17 15:31:55.847, 1, 59, 65.19, 42, 8433, 1328, 715, P0, 0x0000000000000000
2026/09/17 15:31:56.858, 0, 56, 55.73, 50, 7908, 1328, 715, P0, 0x0000000000000000
2026/09/17 15:31:56.861, 1, 59, 171.88, 59, 8433, 1328, 715, P0, 0x0000000000000000
2026/09/17 15:31:57.871, 0, 57, 110.54, 40, 7908, 1328, 715, P0, 0x0000000000000000
2026/09/17 15:31:57.874, 1, 59, 134.83, 42, 8433, 1328, 715, P0, 0x0000000000000000
2026/09/17 15:31:58.883, 0, 56, 160.80, 51, 7908, 1328, 715, P0, 0x0000000000000000
2026/09/17 15:31:58.886, 1, 60, 68.80, 59, 8433, 1328, 715, P0, 0x0000000000000000
2026/09/17 15:31:59.900, 0, 56, 54.08, 39, 7908, 1328, 715, P0, 0x0000000000000000
2026/09/17 15:31:59.903, 1, 60, 145.94, 42, 8433, 1328, 715, P0, 0x0000000000000000
2026/09/17 15:32:00.907, 0, 57, 124.40, 51, 7908, 1328, 715, P0, 0x0000000000000000
2026/09/17 15:32:00.910, 1, 60, 126.06, 59, 8433, 1328, 715, P0, 0x0000000000000000
2026/09/17 15:32:01.923, 0, 57, 161.46, 38, 7908, 1328, 715, P0, 0x0000000000000000
2026/09/17 15:32:01.926, 1, 60, 67.60, 44, 8433, 1328, 715, P0, 0x0000000000000000
2026/09/17 15:32:02.936, 0, 57, 56.20, 52, 7908, 1328, 715, P0, 0x0000000000000000
2026/09/17 15:32:02.939, 1, 60, 176.65, 57, 8433, 1328, 715, P0, 0x0000000000000000
2026/09/17 15:32:03.948, 0, 57, 112.22, 37, 7908, 1328, 715, P0, 0x0000000000000000
2026/09/17 15:32:03.951, 1, 60, 136.22, 45, 8433, 1328, 715, P0, 0x0000000000000000
2026/09/17 15:32:04.961, 0, 57, 158.83, 53, 7908, 1328, 715, P0, 0x0000000000000000
2026/09/17 15:32:04.964, 1, 61, 69.52, 57, 8433, 1328, 715, P0, 0x0000000000000000
2026/09/17 15:32:05.970, 0, 58, 61.73, 37, 7908, 1328, 715, P0, 0x0000000000000000
2026/09/17 15:32:05.973, 1, 61, 173.80, 45, 8433, 1328, 715, P0, 0x0000000000000000
2026/09/17 15:32:06.982, 0, 58, 155.95, 53, 7908, 1328, 715, P0, 0x0000000000000000
2026/09/17 15:32:06.985, 1, 61, 105.14, 42, 8433, 1328, 715, P0, 0x0000000000000000
2026/09/17 15:32:07.994, 0, 58, 135.69, 37, 7908, 1328, 715, P0, 0x0000000000000000
2026/09/17 15:32:07.996, 1, 61, 88.21, 59, 8433, 1328, 715, P0, 0x0000000000000000
2026/09/17 15:32:09.006, 0, 58, 68.42, 53, 7908, 1328, 715, P0, 0x0000000000000000
2026/09/17 15:32:09.008, 1, 61, 166.78, 44, 8433, 1328, 715, P0, 0x0000000000000000
2026/09/17 15:32:10.016, 0, 59, 179.58, 40, 7908, 1328, 715, P0, 0x0000000000000000
2026/09/17 15:32:10.019, 1, 61, 77.40, 57, 8433, 1328, 715, P0, 0x0000000000000000
2026/09/17 15:32:11.028, 0, 58, 112.82, 41, 7908, 1328, 715, P0, 0x0000000000000000
2026/09/17 15:32:11.031, 1, 61, 103.52, 45, 8433, 1328, 715, P0, 0x0000000000000000
2026/09/17 15:32:12.041, 0, 59, 71.31, 48, 7908, 1328, 715, P0, 0x0000000000000000
2026/09/17 15:32:12.047, 1, 61, 164.99, 57, 8433, 1328, 715, P0, 0x0000000000000000
2026/09/17 15:32:13.052, 0, 58, 176.71, 43, 7908, 1328, 715, P0, 0x0000000000000000
2026/09/17 15:32:13.055, 1, 62, 59.68, 46, 8433, 1328, 715, P0, 0x0000000000000000
2026/09/17 15:32:14.066, 0, 58, 83.31, 48, 7908, 1328, 715, P0, 0x0000000000000000
2026/09/17 15:32:14.069, 1, 62, 121.61, 55, 8433, 1328, 715, P0, 0x0000000000000000
2026/09/17 15:32:15.077, 0, 59, 93.28, 42, 7908, 1328, 715, P0, 0x0000000000000000
2026/09/17 15:32:15.080, 1, 62, 152.92, 46, 8433, 1328, 715, P0, 0x0000000000000000
2026/09/17 15:32:16.086, 0, 58, 167.16, 49, 7908, 1328, 715, P0, 0x0000000000000000
2026/09/17 15:32:16.089, 1, 62, 63.98, 50, 8433, 1328, 715, P0, 0x0000000000000000
2026/09/17 15:32:17.099, 0, 59, 74.18, 45, 7908, 1328, 715, P0, 0x0000000000000000
2026/09/17 15:32:17.104, 1, 62, 129.72, 53, 8433, 1328, 715, P0, 0x0000000000000000
2026/09/17 15:32:18.111, 0, 59, 93.53, 44, 7908, 1328, 715, P0, 0x0000000000000000
2026/09/17 15:32:18.113, 1, 62, 151.63, 45, 8433, 1328, 715, P0, 0x0000000000000000
2026/09/17 15:32:19.122, 0, 59, 169.68, 48, 7908, 1328, 715, P0, 0x0000000000000000
2026/09/17 15:32:19.125, 1, 62, 63.29, 59, 8433, 1328, 715, P0, 0x0000000000000000
2026/09/17 15:32:20.131, 0, 60, 57.17, 41, 7908, 1328, 715, P0, 0x0000000000000000
2026/09/17 15:32:20.133, 1, 62, 137.35, 42, 8433, 1328, 715, P0, 0x0000000000000000
2026/09/17 15:32:21.142, 0, 60, 104.57, 50, 7908, 1328, 715, P0, 0x0000000000000000
2026/09/17 15:32:21.145, 1, 62, 141.76, 59, 8433, 1328, 715, P0, 0x0000000000000000
2026/09/17 15:32:22.153, 0, 60, 162.70, 39, 7908, 1328, 715, P0, 0x0000000000000000
2026/09/17 15:32:22.156, 1, 63, 69.96, 43, 8433, 1328, 715, P0, 0x0000000000000000
2026/09/17 15:32:23.164, 0, 60, 58.35, 53, 7908, 1328, 715, P0, 0x0000000000000000
2026/09/17 15:32:23.167, 1, 63, 182.61, 58, 8433, 1328, 715, P0, 0x0000000000000000
2026/09/17 15:32:24.176, 0, 60, 108.37, 37, 7908, 1328, 715, P0, 0x0000000000000000
2026/09/17 15:32:24.180, 1, 63, 143.68, 45, 8433, 1328, 715, P0, 0x0000000000000000
2026/09/17 15:32:25.188, 0, 60, 164.85, 54, 7908, 1328, 715, P0, 0x0000000000000000
2026/09/17 15:32:25.191, 1, 63, 65.91, 55, 8433, 1328, 715, P0, 0x0000000000000000
2026/09/17 15:32:26.199, 0, 60, 58.37, 37, 7908, 1328, 715, P0, 0x0000000000000000
2026/09/17 15:32:26.202, 1, 63, 182.47, 48, 8433, 1328, 715, P0, 0x0000000000000000
2026/09/17 15:32:27.214, 0, 61, 94.77, 53, 7908, 1328, 715, P0, 0x0000000000000000
2026/09/17 15:32:27.218, 1, 63, 150.36, 45, 8433, 1328, 715, P0, 0x0000000000000000
2026/09/17 15:32:28.227, 0, 61, 164.05, 44, 7908, 1328, 715, P0, 0x0000000000000000
2026/09/17 15:32:28.231, 1, 63, 63.06, 55, 8433, 1328, 715, P0, 0x0000000000000000
2026/09/17 15:32:29.241, 0, 61, 97.34, 45, 7908, 1328, 715, P0, 0x0000000000000000
2026/09/17 15:32:29.247, 1, 64, 118.30, 48, 8433, 1328, 715, P0, 0x0000000000000000
2026/09/17 15:32:30.256, 0, 61, 80.15, 47, 7908, 1328, 715, P0, 0x0000000000000000
2026/09/17 15:32:30.259, 1, 63, 160.63, 53, 8433, 1328, 715, P0, 0x0000000000000000
2026/09/17 15:32:31.265, 0, 61, 175.01, 44, 7908, 1328, 715, P0, 0x0000000000000000
2026/09/17 15:32:31.268, 1, 64, 60.64, 50, 8433, 1328, 715, P0, 0x0000000000000000
2026/09/17 15:32:32.276, 0, 61, 71.53, 45, 7908, 1328, 715, P0, 0x0000000000000000
2026/09/17 15:32:32.279, 1, 64, 133.04, 51, 8433, 1328, 715, P0, 0x0000000000000000
2026/09/17 15:32:33.288, 0, 61, 99.35, 45, 7908, 1328, 715, P0, 0x0000000000000000
2026/09/17 15:32:33.290, 1, 64, 149.91, 51, 8433, 1328, 715, P0, 0x0000000000000000
2026/09/17 15:32:34.299, 0, 61, 172.41, 44, 7908, 1328, 715, P0, 0x0000000000000000
2026/09/17 15:32:34.304, 1, 64, 64.74, 49, 8433, 1328, 715, P0, 0x0000000000000000
2026/09/17 15:32:35.311, 0, 61, 57.14, 48, 7908, 1328, 715, P0, 0x0000000000000000
2026/09/17 15:32:35.314, 1, 64, 161.94, 54, 8433, 1328, 715, P0, 0x0000000000000000
2026/09/17 15:32:36.323, 0, 62, 104.75, 41, 7908, 1328, 715, P0, 0x0000000000000000
2026/09/17 15:32:36.326, 1, 64, 153.68, 48, 8433, 1328, 715, P0, 0x0000000000000000
2026/09/17 15:32:37.336, 0, 62, 167.96, 49, 7908, 1328, 715, P0, 0x0000000000000000
2026/09/17 15:32:37.339, 1, 64, 67.12, 55, 8433, 1328, 715, P0, 0x0000000000000000
2026/09/17 15:32:38.348, 0, 62, 58.12, 40, 7908, 1328, 715, P0, 0x0000000000000000
2026/09/17 15:32:38.350, 1, 65, 151.65, 43, 8433, 1328, 715, P0, 0x0000000000000000
2026/09/17 15:32:39.364, 0, 62, 87.07, 52, 7908, 1328, 715, P0, 0x0000000000000000
2026/09/17 15:32:39.367, 1, 65, 159.08, 59, 8433, 1328, 715, P0, 0x0000000000000000
2026/09/17 15:32:40.372, 0, 62, 166.38, 38, 7908, 1328, 715, P0, 0x0000000000000000
2026/09/17 15:32:40.375, 1, 65, 68.55, 45, 8433, 1328, 715, P0, 0x0000000000000000
2026/09/17 15:32:41.383, 0, 62, 59.29, 53, 7908, 1328, 715, P0, 0x0000000000000000
2026/09/17 15:32:41.386, 1, 65, 180.37, 55, 8433, 1328, 715, P0, 0x0000000000000000
2026/09/17 15:32:42.395, 0, 62, 110.28, 37, 7908, 1328, 715, P0, 0x0000000000000000
2026/09/17 15:32:42.400, 1, 65, 146.63, 47, 8433, 1328, 715, P0, 0x0000000000000000
2026/09/17 15:32:43.409, 0, 62, 165.02, 54, 7908, 1328, 715, P0, 0x0000000000000000
2026/09/17 15:32:43.412, 1, 65, 70.20, 53, 8433, 1328, 715, P0, 0x0000000000000000
2026/09/17 15:32:44.424, 0, 63, 58.12, 37, 7908, 1328, 715, P0, 0x0000000000000000
2026/09/17 15:32:44.426, 1, 65, 156.74, 50, 8433, 1328, 715, P0, 0x0000000000000000
2026/09/17 15:32:45.436, 0, 63, 99.29, 52, 7908, 1328, 715, P0, 0x0000000000000000
2026/09/17 15:32:45.441, 1, 65, 160.98, 50, 8433, 1328, 715, P0, 0x0000000000000000
2026/09/17 15:32:46.450, 0, 63, 172.14, 41, 7908, 1328, 715, P0, 0x0000000000000000
2026/09/17 15:32:46.452, 1, 65, 65.19, 51, 8433, 1328, 715, P0, 0x0000000000000000
2026/09/17 15:32:47.462, 0, 63, 57.65, 45, 7908, 1328, 715, P0, 0x0000000000000000
2026/09/17 15:32:47.465, 1, 66, 149.80, 52, 8433, 1328, 715, P0, 0x0000000000000000
2026/09/17 15:32:48.473, 0, 63, 100.29, 46, 7908, 1328, 715, P0, 0x0000000000000000
2026/09/17 15:32:48.476, 1, 65, 149.44, 49, 8433, 1328, 715, P0, 0x0000000000000000
2026/09/17 15:32:49.487, 0, 63, 174.44, 45, 7908, 1328, 715, P0, 0x0000000000000000
2026/09/17 15:32:49.491, 1, 65, 64.71, 53, 8433, 1328, 715, P0, 0x0000000000000000
2026/09/17 15:32:50.501, 0, 63, 59.53, 46, 7908, 1328, 715, P0, 0x0000000000000000
2026/09/17 15:32:50.505, 1, 66, 146.23, 49, 8433, 1328, 715, P0, 0x0000000000000000
2026/09/17 15:32:51.514, 0, 64, 152.21, 100, 7908, 1328, 715, P0, 0x0000000000000000
2026/09/17 15:32:51.516, 1, 65, 49.96, 0, 8433, 1328, 715, P0, 0x0000000000000000
2026/09/17 15:32:52.523, 0, 64, 109.25, 37, 7908, 1328, 715, P0, 0x0000000000000000
2026/09/17 15:32:52.529, 1, 65, 144.95, 46, 8433, 1328, 715, P0, 0x0000000000000000
2026/09/17 15:32:53.537, 0, 63, 164.61, 52, 7908, 1328, 715, P0, 0x0000000000000000
2026/09/17 15:32:53.540, 1, 66, 72.16, 55, 8433, 1328, 715, P0, 0x0000000000000000
2026/09/17 15:32:54.552, 0, 64, 57.88, 40, 7908, 1328, 715, P0, 0x0000000000000000
2026/09/17 15:32:54.555, 1, 66, 152.21, 50, 8433, 1328, 715, P0, 0x0000000000000000
2026/09/17 15:32:55.564, 0, 64, 93.28, 49, 7908, 1328, 715, P0, 0x0000000000000000
2026/09/17 15:32:55.567, 1, 66, 157.42, 48, 8433, 1328, 715, P0, 0x0000000000000000
2026/09/17 15:32:56.574, 0, 64, 170.87, 43, 7908, 1328, 715, P0, 0x0000000000000000
2026/09/17 15:32:56.577, 1, 66, 68.79, 58, 8433, 1328, 715, P0, 0x0000000000000000
2026/09/17 15:32:57.588, 0, 64, 70.35, 46, 7908, 1328, 715, P0, 0x0000000000000000
2026/09/17 15:32:57.591, 1, 67, 130.08, 42, 8433, 1328, 715, P0, 0x0000000000000000
2026/09/17 15:32:58.597, 0, 64, 98.99, 46, 7908, 1328, 715, P0, 0x0000000000000000
2026/09/17 15:32:58.599, 1, 66, 154.46, 58, 8433, 1328, 715, P0, 0x0000000000000000
2026/09/17 15:32:59.608, 0, 64, 171.67, 43, 7908, 1328, 715, P0, 0x0000000000000000
2026/09/17 15:32:59.611, 1, 67, 67.82, 45, 8433, 1328, 715, P0, 0x0000000000000000
2026/09/17 15:33:00.619, 0, 64, 72.97, 49, 7908, 1328, 715, P0, 0x0000000000000000
2026/09/17 15:33:00.626, 1, 67, 136.22, 55, 8433, 1328, 715, P0, 0x0000000000000000
2026/09/17 15:33:01.631, 0, 65, 99.46, 40, 7908, 1328, 715, P0, 0x0000000000000000
2026/09/17 15:33:01.634, 1, 66, 150.77, 48, 8433, 1328, 715, P0, 0x0000000000000000
2026/09/17 15:33:02.645, 0, 65, 176.43, 52, 7908, 1328, 715, P0, 0x0000000000000000
2026/09/17 15:33:02.648, 1, 67, 63.97, 53, 8433, 1328, 715, P0, 0x0000000000000000
2026/09/17 15:33:03.657, 0, 65, 86.84, 37, 7908, 1328, 715, P0, 0x0000000000000000
2026/09/17 15:33:03.660, 1, 67, 126.60, 54, 8433, 1328, 715, P0, 0x0000000000000000
2026/09/17 15:33:04.669, 0, 65, 89.01, 54, 7908, 1328, 715, P0, 0x0000000000000000
2026/09/17 15:33:04.672, 1, 67, 159.27, 49, 8433, 1328, 715, P0, 0x0000000000000000
2026/09/17 15:33:05.681, 0, 65, 178.40, 52, 7908, 1328, 715, P0, 0x0000000000000000
2026/09/17 15:33:05.684, 1, 67, 64.21, 52, 8433, 1328, 715, P0, 0x0000000000000000
2026/09/17 15:33:06.695, 0, 65, 107.60, 37, 7908, 1328, 715, P0, 0x0000000000000000
2026/09/17 15:33:06.698, 1, 67, 112.89, 51, 8433, 1328, 715, P0, 0x0000000000000000
2026/09/17 15:33:07.704, 0, 65, 89.23, 52, 7908, 1328, 715, P0, 0x0000000000000000
2026/09/17 15:33:07.707, 1, 67, 160.26, 50, 8433, 1328, 715, P0, 0x0000000000000000
2026/09/17 15:33:08.714, 0, 65, 170.45, 40, 7908, 1328, 715, P0, 0x0000000000000000
2026/09/17 15:33:08.717, 1, 68, 69.26, 52, 8433, 1328, 715, P0, 0x0000000000000000
2026/09/17 15:33:09.724, 0, 65, 60.98, 46, 7908, 1328, 715, P0, 0x0000000000000000
2026/09/17 15:33:09.727, 1, 68, 183.01, 49, 8433, 1328, 715, P0, 0x0000000000000000
2026/09/17 15:33:10.731, 0, 66, 134.68, 46, 7908, 1328, 715, P0, 0x0000000000000000
2026/09/17 15:33:10.734, 1, 67, 127.27, 54, 8433, 1328, 715, P0, 0x0000000000000000
2026/09/17 15:33:11.745, 0, 65, 155.74, 44, 7908, 1328, 715, P0, 0x0000000000000000
2026/09/17 15:33:11.748, 1, 68, 80.01, 47, 8433, 1328, 715, P0, 0x0000000000000000
2026/09/17 15:33:12.755, 0, 66, 66.24, 48, 7908, 1328, 715, P0, 0x0000000000000000
2026/09/17 15:33:12.758, 1, 68, 177.26, 56, 8433, 1328, 715, P0, 0x0000000000000000
2026/09/17 15:33:13.768, 0, 66, 134.49, 38, 7908, 1328, 715, P0, 0x0000000000000000
2026/09/17 15:33:13.771, 1, 68, 126.38, 45, 8433, 1328, 715, P0, 0x0000000000000000
2026/09/17 15:33:14.775, 0, 65, 137.31, 53, 7908, 1328, 715, P0, 0x0000000000000000
2026/09/17 15:33:14.779, 1, 68, 85.48, 58, 8433, 1328, 715, P0, 0x0000000000000000
2026/09/17 15:33:15.789, 0, 66, 71.29, 37, 7908, 1328, 715, P0, 0x0000000000000000
2026/09/17 15:33:15.792, 1, 68, 173.15, 43, 8433, 1328, 715, P0, 0x0000000000000000
2026/09/17 15:33:16.801, 0, 66, 164.90, 54, 7908, 1328, 715, P0, 0x0000000000000000
2026/09/17 15:33:16.804, 1, 68, 110.17, 59, 8433, 1328, 715, P0, 0x0000000000000000
2026/09/17 15:33:17.814, 0, 66, 148.96, 37, 7908, 1328, 715, P0, 0x0000000000000000
2026/09/17 15:33:17.817, 1, 68, 86.97, 45, 8433, 1328, 715, P0, 0x0000000000000000
2026/09/17 15:33:18.824, 0, 66, 72.45, 52, 7908, 1328, 715, P0, 0x0000000000000000
2026/09/17 15:33:18.827, 1, 68, 175.83, 53, 8433, 1328, 715, P0, 0x0000000000000000
2026/09/17 15:33:19.837, 0, 66, 166.85, 39, 7908, 1328, 715, P0, 0x0000000000000000
2026/09/17 15:33:19.841, 1, 68, 106.66, 52, 8433, 1328, 715, P0, 0x0000000000000000
2026/09/17 15:33:20.848, 0, 66, 132.29, 51, 7908, 1328, 715, P0, 0x0000000000000000
2026/09/17 15:33:20.851, 1, 69, 99.44, 49, 8433, 1328, 715, P0, 0x0000000000000000
2026/09/17 15:33:21.862, 0, 67, 72.97, 40, 7908, 1328, 715, P0, 0x0000000000000000
2026/09/17 15:33:21.865, 1, 68, 173.49, 54, 8433, 1328, 715, P0, 0x0000000000000000
2026/09/17 15:33:22.875, 0, 67, 165.71, 49, 7908, 1328, 715, P0, 0x0000000000000000
2026/09/17 15:33:22.878, 1, 69, 104.57, 47, 8433, 1328, 715, P0, 0x0000000000000000
2026/09/17 15:33:23.887, 0, 66, 137.40, 42, 7908, 1328, 715, P0, 0x0000000000000000
2026/09/17 15:33:23.890, 1, 69, 95.10, 56, 8433, 1328, 715, P0, 0x0000000000000000
2026/09/17 15:33:24.898, 0, 67, 73.21, 48, 7908, 1328, 715, P0, 0x0000000000000000
2026/09/17 15:33:24.902, 1, 69, 174.12, 54, 8433, 1328, 715, P0, 0x0000000000000000
2026/09/17 15:33:25.914, 0, 66, 148.25, 43, 7908, 1328, 715, P0, 0x0000000000000000
2026/09/17 15:33:25.917, 1, 68, 118.38, 47, 8433, 1328, 715, P0, 0x0000000000000000
2026/09/17 15:33:26.926, 0, 67, 139.95, 41, 7908, 1328, 715, P0, 0x0000000000000000
2026/09/17 15:33:26.930, 1, 69, 84.81, 54, 8433, 1328, 715, P0, 0x0000000000000000
2026/09/17 15:33:27.937, 0, 66, 51.23, 24, 7908, 1328, 715, P0, 0x0000000000000000
2026/09/17 15:33:27.940, 1, 68, 149.19, 60, 8433, 1328, 715, P0, 0x0000000000000000
2026/09/17 15:33:28.945, 0, 67, 183.12, 48, 7908, 1328, 715, P0, 0x0000000000000000
2026/09/17 15:33:28.948, 1, 69, 63.48, 56, 8433, 1328, 715, P0, 0x0000000000000000
2026/09/17 15:33:29.959, 0, 67, 123.09, 39, 7908, 1328, 715, P0, 0x0000000000000000
2026/09/17 15:33:29.962, 1, 69, 107.24, 45, 8433, 1328, 715, P0, 0x0000000000000000
2026/09/17 15:33:30.971, 0, 67, 75.10, 54, 7908, 1328, 715, P0, 0x0000000000000000
2026/09/17 15:33:30.974, 1, 69, 173.53, 59, 8433, 1328, 715, P0, 0x0000000000000000
2026/09/17 15:33:31.980, 0, 67, 181.65, 37, 7908, 1328, 715, P0, 0x0000000000000000
2026/09/17 15:33:31.986, 1, 69, 98.53, 42, 8433, 1328, 715, P0, 0x0000000000000000
2026/09/17 15:33:32.991, 0, 67, 123.09, 53, 7908, 1328, 715, P0, 0x0000000000000000
2026/09/17 15:33:32.994, 1, 70, 107.00, 59, 8433, 1328, 715, P0, 0x0000000000000000
2026/09/17 15:33:34.004, 0, 68, 74.36, 39, 7908, 1328, 715, P0, 0x0000000000000000
2026/09/17 15:33:34.007, 1, 70, 175.47, 44, 8433, 1328, 715, P0, 0x0000000000000000
2026/09/17 15:33:35.014, 0, 67, 185.90, 50, 7908, 1328, 715, P0, 0x0000000000000000
2026/09/17 15:33:35.017, 1, 70, 74.25, 57, 8433, 1328, 715, P0, 0x0000000000000000
2026/09/17 15:33:36.024, 0, 67, 114.97, 42, 7908, 1328, 715, P0, 0x0000000000000000
2026/09/17 15:33:36.027, 1, 70, 111.78, 47, 8433, 1328, 715, P0, 0x0000000000000000
2026/09/17 15:33:37.034, 0, 68, 83.47, 47, 7908, 1328, 715, P0, 0x0000000000000000
2026/09/17 15:33:37.038, 1, 70, 166.87, 54, 8433, 1328, 715, P0, 0x0000000000000000
2026/09/17 15:33:38.044, 0, 67, 182.44, 44, 7908, 1328, 715, P0, 0x0000000000000000
2026/09/17 15:33:38.047, 1, 70, 65.62, 49, 8433, 1328, 715, P0, 0x0000000000000000
2026/09/17 15:33:39.058, 0, 68, 121.58, 44, 7908, 1328, 715, P0, 0x0000000000000000
2026/09/17 15:33:39.062, 1, 70, 109.39, 50, 8433, 1328, 715, P0, 0x0000000000000000
2026/09/17 15:33:40.069, 0, 68, 80.86, 48, 7908, 1328, 715, P0, 0x0000000000000000
2026/09/17 15:33:40.072, 1, 70, 173.43, 56, 8433, 1328, 715, P0, 0x0000000000000000
2026/09/17 15:33:41.081, 0, 68, 185.55, 41, 7908, 1328, 715, P0, 0x0000000000000000
2026/09/17 15:33:41.084, 1, 70, 64.92, 42, 8433, 1328, 715, P0, 0x0000000000000000
2026/09/17 15:33:42.092, 0, 68, 115.88, 51, 7908, 1328, 715, P0, 0x0000000000000000
2026/09/17 15:33:42.094, 1, 71, 113.62, 59, 8433, 1328, 715, P0, 0x0000000000000000
2026/09/17 15:33:43.106, 0, 69, 74.85, 38, 7908, 1328, 715, P0, 0x0000000000000000
2026/09/17 15:33:43.109, 1, 71, 178.04, 44, 8433, 1328, 715, P0, 0x0000000000000000
2026/09/17 15:33:44.116, 0, 68, 182.26, 54, 7908, 1328, 715, P0, 0x0000000000000000
2026/09/17 15:33:44.120, 1, 71, 97.22, 43, 8433, 1328, 715, P0, 0x0000000000000000
2026/09/17 15:33:45.127, 0, 68, 115.87, 37, 7908, 1328, 715, P0, 0x0000000000000000
2026/09/17 15:33:45.130, 1, 71, 114.30, 59, 8433, 1328, 715, P0, 0x0000000000000000
2026/09/17 15:33:46.140, 0, 69, 79.18, 54, 7908, 1328, 715, P0, 0x0000000000000000
2026/09/17 15:33:46.143, 1, 70, 175.95, 44, 8433, 1328, 715, P0, 0x0000000000000000
2026/09/17 15:33:47.154, 0, 69, 169.35, 54, 7908, 1328, 715, P0, 0x0000000000000000
2026/09/17 15:33:47.158, 1, 70, 112.69, 57, 8433, 1328, 715, P0, 0x0000000000000000
2026/09/17 15:33:48.169, 0, 69, 146.96, 37, 7908, 1328, 715, P0, 0x0000000000000000
2026/09/17 15:33:48.172, 1, 71, 90.04, 46, 8433, 1328, 715, P0, 0x0000000000000000
2026/09/17 15:33:49.181, 0, 69, 71.04, 54, 7908, 1328, 715, P0, 0x0000000000000000
2026/09/17 15:33:49.185, 1, 71, 181.93, 55, 8433, 1328, 715, P0, 0x0000000000000000
2026/09/17 15:33:50.195, 0, 69, 143.18, 40, 7908, 1328, 715, P0, 0x0000000000000000
2026/09/17 15:33:50.198, 1, 71, 128.13, 48, 8433, 1328, 715, P0, 0x0000000000000000
2026/09/17 15:33:51.206, 0, 69, 152.16, 46, 7908, 1328, 715, P0, 0x0000000000000000
2026/09/17 15:33:51.209, 1, 71, 83.78, 53, 8433, 1328, 715, P0, 0x0000000000000000
2026/09/17 15:33:52.220, 0, 69, 66.67, 48, 7908, 1328, 715, P0, 0x0000000000000000
2026/09/17 15:33:52.223, 1, 71, 189.00, 51, 8433, 1328, 715, P0, 0x0000000000000000
2026/09/17 15:33:53.231, 0, 69, 136.58, 41, 7908, 1328, 715, P0, 0x0000000000000000
2026/09/17 15:33:53.233, 1, 71, 135.34, 50, 8433, 1328, 715, P0, 0x0000000000000000
2026/09/17 15:33:54.238, 0, 69, 143.84, 51, 7908, 1328, 715, P0, 0x0000000000000000
2026/09/17 15:33:54.241, 1, 72, 95.28, 53, 8433, 1328, 715, P0, 0x0000000000000000
2026/09/17 15:33:55.252, 0, 69, 69.85, 38, 7908, 1328, 715, P0, 0x0000000000000000
2026/09/17 15:33:55.255, 1, 71, 182.52, 48, 8433, 1328, 715, P0, 0x0000000000000000
2026/09/17 15:33:56.265, 0, 70, 136.89, 53, 7908, 1328, 715, P0, 0x0000000000000000
2026/09/17 15:33:56.268, 1, 71, 135.34, 56, 8433, 1328, 715, P0, 0x0000000000000000
2026/09/17 15:33:57.276, 0, 69, 152.13, 37, 7908, 1328, 715, P0, 0x0000000000000000
2026/09/17 15:33:57.279, 1, 72, 88.79, 44, 8433, 1328, 715, P0, 0x0000000000000000
2026/09/17 15:33:58.289, 0, 70, 67.88, 54, 7908, 1328, 715, P0, 0x0000000000000000
2026/09/17 15:33:58.292, 1, 72, 190.86, 59, 8433, 1328, 715, P0, 0x0000000000000000
2026/09/17 15:33:59.302, 0, 70, 127.77, 37, 7908, 1328, 715, P0, 0x0000000000000000
2026/09/17 15:33:59.306, 1, 72, 145.06, 46, 8433, 1328, 715, P0, 0x0000000000000000
2026/09/17 15:34:00.315, 0, 69, 164.34, 53, 7908, 1328, 715, P0, 0x0000000000000000
2026/09/17 15:34:00.318, 1, 72, 78.08, 54, 8433, 1328, 715, P0, 0x0000000000000000
2026/09/17 15:34:01.330, 0, 70, 63.10, 38, 7908, 1328, 715, P0, 0x0000000000000000
2026/09/17 15:34:01.333, 1, 72, 175.17, 50, 8433, 1328, 715, P0, 0x0000000000000000
2026/09/17 15:34:02.342, 0, 70, 117.79, 50, 7908, 1328, 715, P0, 0x0000000000000000
2026/09/17 15:34:02.345, 1, 72, 148.31, 47, 8433, 1328, 715, P0, 0x0000000000000000
2026/09/17 15:34:03.352, 0, 70, 162.16, 40, 7908, 1328, 715, P0, 0x0000000000000000
2026/09/17 15:34:03.355, 1, 72, 81.88, 54, 8433, 1328, 715, P0, 0x0000000000000000
2026/09/17 15:34:04.363, 0, 69, 215.30, 0, 7908, 1328, 715, P0, 0x0000000000000000
2026/09/17 15:34:04.366, 1, 71, 55.74, 72, 8433, 1328, 715, P0, 0x0000000000000000
2026/09/17 15:34:05.374, 0, 70, 90.13, 44, 7908, 1328, 715, P0, 0x0000000000000000
2026/09/17 15:34:05.377, 1, 72, 171.64, 44, 8433, 1328, 715, P0, 0x0000000000000000
2026/09/17 15:34:06.389, 0, 70, 188.84, 48, 7908, 1328, 715, P0, 0x0000000000000000
2026/09/17 15:34:06.391, 1, 72, 79.01, 59, 8433, 1328, 715, P0, 0x0000000000000000
2026/09/17 15:34:07.402, 0, 70, 130.84, 41, 7908, 1328, 715, P0, 0x0000000000000000
2026/09/17 15:34:07.405, 1, 73, 107.05, 42, 8433, 1328, 715, P0, 0x0000000000000000
2026/09/17 15:34:08.415, 0, 71, 76.78, 50, 7908, 1328, 715, P0, 0x0000000000000000
2026/09/17 15:34:08.418, 1, 73, 181.04, 59, 8433, 1328, 715, P0, 0x0000000000000000
2026/09/17 15:34:09.425, 0, 70, 189.24, 39, 7908, 1328, 715, P0, 0x0000000000000000
2026/09/17 15:34:09.428, 1, 73, 80.17, 42, 8433, 1328, 715, P0, 0x0000000000000000
2026/09/17 15:34:10.439, 0, 70, 136.01, 52, 7908, 1328, 715, P0, 0x0000000000000000
2026/09/17 15:34:10.441, 1, 73, 101.70, 58, 8433, 1328, 715, P0, 0x0000000000000000
2026/09/17 15:34:11.453, 0, 71, 72.20, 37, 7908, 1328, 715, P0, 0x0000000000000000
2026/09/17 15:34:11.455, 1, 73, 183.21, 45, 8433, 1328, 715, P0, 0x0000000000000000
2026/09/17 15:34:12.467, 0, 71, 148.34, 52, 7908, 1328, 715, P0, 0x0000000000000000
2026/09/17 15:34:12.470, 1, 72, 127.88, 56, 8433, 1328, 715, P0, 0x0000000000000000
2026/09/17 15:34:13.485, 0, 71, 179.29, 39, 7908, 1328, 715, P0, 0x0000000000000000
2026/09/17 15:34:13.488, 1, 73, 74.46, 47, 8433, 1328, 715, P0, 0x0000000000000000
2026/09/17 15:34:14.494, 0, 71, 65.99, 50, 7908, 1328, 715, P0, 0x0000000000000000
2026/09/17 15:34:14.497, 1, 73, 194.49, 53, 8433, 1328, 715, P0, 0x0000000000000000
2026/09/17 15:34:15.508, 0, 71, 114.09, 41, 7908, 1328, 715, P0, 0x0000000000000000
2026/09/17 15:34:15.511, 1, 73, 159.37, 50, 8433, 1328, 715, P0, 0x0000000000000000
2026/09/17 15:34:16.517, 0, 71, 180.01, 48, 7908, 1328, 715, P0, 0x0000000000000000
2026/09/17 15:34:16.522, 1, 73, 75.66, 51, 8433, 1328, 715, P0, 0x0000000000000000
2026/09/17 15:34:17.541, 0, 71, 129.45, 44, 7908, 1328, 715, P0, 0x0000000000000000
2026/09/17 15:34:17.543, 1, 73, 111.47, 53, 8433, 1328, 715, P0, 0x0000000000000000
2026/09/17 15:34:18.553, 0, 72, 81.10, 45, 7908, 1328, 715, P0, 0x0000000000000000
2026/09/17 15:34:18.556, 1, 73, 177.68, 50, 8433, 1328, 715, P0, 0x0000000000000000
2026/09/17 15:34:19.568, 0, 72, 167.27, 47, 7908, 1328, 715, P0, 0x0000000000000000
2026/09/17 15:34:19.571, 1, 73, 127.88, 48, 8433, 1328, 715, P0, 0x0000000000000000
2026/09/17 15:34:20.580, 0, 71, 151.89, 45, 7908, 1328, 715, P0, 0x0000000000000000
2026/09/17 15:34:20.583, 1, 73, 95.01, 57, 8433, 1328, 715, P0, 0x0000000000000000
2026/09/17 15:34:21.588, 0, 72, 86.63, 46, 7908, 1328, 715, P0, 0x0000000000000000
2026/09/17 15:34:21.591, 1, 73, 175.76, 42, 8433, 1328, 715, P0, 0x0000000000000000
2026/09/17 15:34:22.600, 0, 72, 194.76, 46, 7908, 1328, 715, P0, 0x0000000000000000
2026/09/17 15:34:22.603, 1, 74, 78.28, 59, 8433, 1328, 715, P0, 0x0000000000000000
2026/09/17 15:34:23.612, 0, 72, 144.87, 43, 7908, 1328, 715, P0, 0x0000000000000000
2026/09/17 15:34:23.618, 1, 74, 100.29, 44, 8433, 1328, 715, P0, 0x0000000000000000
2026/09/17 15:34:24.623, 0, 72, 89.16, 48, 7908, 1328, 715, P0, 0x0000000000000000
2026/09/17 15:34:24.626, 1, 74, 173.03, 57, 8433, 1328, 715, P0, 0x0000000000000000
2026/09/17 15:34:25.640, 0, 72, 184.18, 41, 7908, 1328, 715, P0, 0x0000000000000000
2026/09/17 15:34:25.643, 1, 73, 102.24, 46, 8433, 1328, 715, P0, 0x0000000000000000
2026/09/17 15:34:26.650, 0, 72, 129.82, 50, 7908, 1328, 715, P0, 0x0000000000000000
2026/09/17 15:34:26.653, 1, 74, 110.74, 55, 8433, 1328, 715, P0, 0x0000000000000000
2026/09/17 15:34:27.664, 0, 73, 78.65, 37, 7908, 1328, 715, P0, 0x0000000000000000
2026/09/17 15:34:27.667, 1, 73, 181.14, 48, 8433, 1328, 715, P0, 0x0000000000000000
2026/09/17 15:34:28.676, 0, 72, 185.79, 54, 7908, 1328, 715, P0, 0x0000000000000000
2026/09/17 15:34:28.679, 1, 74, 111.00, 53, 8433, 1328, 715, P0, 0x0000000000000000
2026/09/17 15:34:29.687, 0, 72, 135.46, 40, 7908, 1328, 715, P0, 0x0000000000000000
2026/09/17 15:34:29.690, 1, 74, 108.63, 50, 8433, 1328, 715, P0, 0x0000000000000000
2026/09/17 15:34:30.696, 0, 73, 87.24, 47, 7908, 1328, 715, P0, 0x0000000000000000
2026/09/17 15:34:30.699, 1, 74, 175.98, 51, 8433, 1328, 715, P0, 0x0000000000000000
2026/09/17 15:34:31.710, 0, 72, 197.03, 44, 7908, 1328, 715, P0, 0x0000000000000000
2026/09/17 15:34:31.713, 1, 74, 86.68, 52, 8433, 1328, 715, P0, 0x0000000000000000
2026/09/17 15:34:32.721, 0, 72, 115.66, 45, 7908, 1328, 715, P0, 0x0000000000000000
2026/09/17 15:34:32.724, 1, 74, 120.21, 49, 8433, 1328, 715, P0, 0x0000000000000000
2026/09/17 15:34:33.732, 0, 73, 91.80, 45, 7908, 1328, 715, P0, 0x0000000000000000
2026/09/17 15:34:33.735, 1, 74, 177.29, 53, 8433, 1328, 715, P0, 0x0000000000000000
2026/09/17 15:34:34.754, 0, 73, 154.65, 44, 7908, 1328, 715, P0, 0x0000000000000000
2026/09/17 15:34:34.757, 1, 74, 128.19, 48, 8433, 1328, 715, P0, 0x0000000000000000
2026/09/17 15:34:35.765, 0, 73, 150.43, 47, 7908, 1328, 715, P0, 0x0000000000000000
2026/09/17 15:34:35.768, 1, 75, 96.15, 51, 8433, 1328, 715, P0, 0x0000000000000000
2026/09/17 15:34:36.777, 0, 73, 75.81, 43, 7908, 1328, 715, P0, 0x0000000000000000
2026/09/17 15:34:36.781, 1, 75, 185.62, 52, 8433, 1328, 715, P0, 0x0000000000000000
2026/09/17 15:34:37.788, 0, 73, 185.25, 48, 7908, 1328, 715, P0, 0x0000000000000000
2026/09/17 15:34:37.791, 1, 75, 122.90, 49, 8433, 1328, 715, P0, 0x0000000000000000
2026/09/17 15:34:38.799, 0, 73, 122.06, 42, 7908, 1328, 715, P0, 0x0000000000000000
2026/09/17 15:34:38.802, 1, 75, 119.56, 52, 8433, 1328, 715, P0, 0x0000000000000000
2026/09/17 15:34:39.808, 0, 73, 161.85, 58, 7908, 1328, 715, P0, 0x0000000000000000
2026/09/17 15:34:39.811, 1, 74, 57.12, 28, 8433, 1328, 715, P0, 0x0000000000000000
2026/09/17 15:34:40.822, 0, 73, 192.40, 46, 7908, 1328, 715, P0, 0x0000000000000000
2026/09/17 15:34:40.825, 1, 74, 68.97, 54, 8433, 1328, 715, P0, 0x0000000000000000
2026/09/17 15:34:41.836, 0, 73, 122.39, 43, 7908, 1328, 715, P0, 0x0000000000000000
2026/09/17 15:34:41.839, 1, 75, 116.66, 45, 8433, 1328, 715, P0, 0x0000000000000000
2026/09/17 15:34:42.849, 0, 74, 82.25, 48, 7908, 1328, 715, P0, 0x0000000000000000
2026/09/17 15:34:42.852, 1, 74, 180.20, 59, 8433, 1328, 715, P0, 0x0000000000000000
2026/09/17 15:34:43.862, 0, 74, 194.43, 40, 7908, 1328, 715, P0, 0x0000000000000000
2026/09/17 15:34:43.865, 1, 75, 100.99, 45, 8433, 1328, 715, P0, 0x0000000000000000
2026/09/17 15:34:44.877, 0, 73, 166.58, 51, 7908, 1328, 715, P0, 0x0000000000000000
2026/09/17 15:34:44.882, 1, 75, 81.60, 54, 8433, 1328, 715, P0, 0x0000000000000000
2026/09/17 15:34:45.901, 0, 74, 87.89, 38, 7908, 1328, 715, P0, 0x0000000000000000
2026/09/17 15:34:45.904, 1, 75, 134.30, 49, 8433, 1328, 715, P0, 0x0000000000000000
2026/09/17 15:34:46.912, 0, 74, 98.42, 54, 7908, 1328, 715, P0, 0x0000000000000000
2026/09/17 15:34:46.915, 1, 75, 169.74, 51, 8433, 1328, 715, P0, 0x0000000000000000
2026/09/17 15:34:47.924, 0, 74, 189.65, 37, 7908, 1328, 715, P0, 0x0000000000000000
2026/09/17 15:34:47.927, 1, 75, 71.36, 52, 8433, 1328, 715, P0, 0x0000000000000000
2026/09/17 15:34:48.937, 0, 74, 109.93, 53, 7908, 1328, 715, P0, 0x0000000000000000
2026/09/17 15:34:48.941, 1, 75, 112.24, 48, 8433, 1328, 715, P0, 0x0000000000000000
2026/09/17 15:34:49.951, 0, 74, 87.05, 40, 7908, 1328, 715, P0, 0x0000000000000000
2026/09/17 15:34:49.954, 1, 75, 178.23, 55, 8433, 1328, 715, P0, 0x0000000000000000
2026/09/17 15:34:50.961, 0, 74, 197.19, 47, 7908, 1328, 715, P0, 0x0000000000000000
2026/09/17 15:34:50.967, 1, 75, 80.65, 46, 8433, 1328, 715, P0, 0x0000000000000000
2026/09/17 15:34:51.971, 0, 74, 95.13, 47, 7908, 1328, 715, P0, 0x0000000000000000
2026/09/17 15:34:51.974, 1, 76, 135.92, 58, 8433, 1328, 715, P0, 0x0000000000000000
2026/09/17 15:34:52.982, 0, 74, 98.95, 40, 7908, 1328, 715, P0, 0x0000000000000000
2026/09/17 15:34:52.985, 1, 75, 166.54, 42, 8433, 1328, 715, P0, 0x0000000000000000
2026/09/17 15:34:53.992, 0, 74, 187.73, 52, 7908, 1328, 715, P0, 0x0000000000000000
2026/09/17 15:34:53.995, 1, 76, 73.48, 44, 8433, 1328, 715, P0, 0x0000000000000000
2026/09/17 15:34:55.004, 0, 74, 85.87, 37, 7908, 1328, 715, P0, 0x0000000000000000
2026/09/17 15:34:55.007, 1, 76, 148.52, 59, 8433, 1328, 715, P0, 0x0000000000000000
2026/09/17 15:34:56.012, 0, 75, 111.12, 54, 7908, 1328, 715, P0, 0x0000000000000000
2026/09/17 15:34:56.015, 1, 75, 159.82, 42, 8433, 1328, 715, P0, 0x0000000000000000
2026/09/17 15:34:57.022, 0, 74, 173.89, 37, 7908, 1328, 715, P0, 0x0000000000000000
2026/09/17 15:34:57.025, 1, 76, 84.72, 58, 8433, 1328, 715, P0, 0x0000000000000000
2026/09/17 15:34:58.033, 0, 75, 71.97, 37, 7908, 1328, 715, P0, 0x0000000000000000
2026/09/17 15:34:58.036, 1, 76, 191.70, 42, 8433, 1328, 715, P0, 0x0000000000000000
2026/09/17 15:34:59.044, 0, 75, 131.29, 54, 7908, 1328, 715, P0, 0x0000000000000000
2026/09/17 15:34:59.049, 1, 76, 148.01, 59, 8433, 1328, 715, P0, 0x0000000000000000
2026/09/17 15:35:00.054, 0, 75, 160.29, 37, 7908, 1328, 715, P0, 0x0000000000000000
2026/09/17 15:35:00.058, 1, 76, 93.51, 46, 8433, 1328, 715, P0, 0x0000000000000000
2026/09/17 15:35:01.065, 0, 75, 76.76, 54, 7908, 1328, 715, P0, 0x0000000000000000
2026/09/17 15:35:01.068, 1, 76, 185.70, 53, 8433, 1328, 715, P0, 0x0000000000000000
2026/09/17 15:35:02.076, 0, 75, 177.08, 37, 7908, 1328, 715, P0, 0x0000000000000000
2026/09/17 15:35:02.079, 1, 76, 117.46, 53, 8433, 1328, 715, P0, 0x0000000000000000
2026/09/17 15:35:03.089, 0, 75, 151.87, 53, 7908, 1328, 715, P0, 0x0000000000000000
2026/09/17 15:35:03.091, 1, 76, 95.71, 47, 8433, 1328, 715, P0, 0x0000000000000000
2026/09/17 15:35:04.101, 0, 75, 74.56, 38, 7908, 1328, 715, P0, 0x0000000000000000
2026/09/17 15:35:04.107, 1, 76, 188.00, 57, 8433, 1328, 715, P0, 0x0000000000000000
2026/09/17 15:35:05.114, 0, 75, 165.87, 51, 7908, 1328, 715, P0, 0x0000000000000000
2026/09/17 15:35:05.117, 1, 76, 120.74, 44, 8433, 1328, 715, P0, 0x0000000000000000
2026/09/17 15:35:06.124, 0, 75, 147.88, 40, 7908, 1328, 715, P0, 0x0000000000000000
2026/09/17 15:35:06.128, 1, 77, 102.15, 59, 8433, 1328, 715, P0, 0x0000000000000000
2026/09/17 15:35:07.135, 0, 76, 83.21, 49, 7908, 1328, 715, P0, 0x0000000000000000
2026/09/17 15:35:07.138, 1, 76, 183.78, 42, 8433, 1328, 715, P0, 0x0000000000000000
2026/09/17 15:35:08.146, 0, 76, 198.73, 42, 7908, 1328, 715, P0, 0x0000000000000000
2026/09/17 15:35:08.149, 1, 76, 106.91, 59, 8433, 1328, 715, P0, 0x0000000000000000
2026/09/17 15:35:09.160, 0, 75, 145.62, 47, 7908, 1328, 715, P0, 0x0000000000000000
2026/09/17 15:35:09.163, 1, 77, 102.86, 42, 8433, 1328, 715, P0, 0x0000000000000000
2026/09/17 15:35:10.173, 0, 76, 81.78, 45, 7908, 1328, 715, P0, 0x0000000000000000
2026/09/17 15:35:10.176, 1, 77, 184.50, 59, 8433, 1328, 715, P0, 0x0000000000000000
2026/09/17 15:35:11.187, 0, 76, 177.70, 45, 7908, 1328, 715, P0, 0x0000000000000000
2026/09/17 15:35:11.191, 1, 77, 117.81, 44, 8433, 1328, 715, P0, 0x0000000000000000
2026/09/17 15:35:12.199, 0, 75, 156.57, 46, 7908, 1328, 715, P0, 0x0000000000000000
2026/09/17 15:35:12.203, 1, 77, 175.61, 57, 8433, 1328, 715, P0, 0x0000000000000000
2026/09/17 15:35:13.211, 0, 76, 80.56, 43, 7908, 1328, 715, P0, 0x0000000000000000
2026/09/17 15:35:13.214, 1, 77, 183.86, 45, 8433, 1328, 715, P0, 0x0000000000000000
2026/09/17 15:35:14.220, 0, 76, 199.90, 48, 7908, 1328, 715, P0, 0x0000000000000000
2026/09/17 15:35:14.223, 1, 77, 89.93, 43, 8433, 1328, 715, P0, 0x0000000000000000
2026/09/17 15:35:15.231, 0, 76, 102.99, 43, 7908, 1328, 715, P0, 0x0000000000000000
2026/09/17 15:35:15.234, 1, 77, 134.41, 59, 8433, 1328, 715, P0, 0x0000000000000000
2026/09/17 15:35:16.241, 0, 76, 165.45, 100, 7908, 1328, 715, P0, 0x0000000000000000
2026/09/17 15:35:16.244, 1, 75, 68.86, 0, 8433, 1328, 715, P0, 0x0000000000000000
2026/09/17 15:35:17.252, 0, 76, 196.34, 48, 7908, 1328, 715, P0, 0x0000000000000000
2026/09/17 15:35:17.255, 1, 77, 70.11, 55, 8433, 1328, 715, P0, 0x0000000000000000
2026/09/17 15:35:18.264, 0, 76, 111.88, 41, 7908, 1328, 715, P0, 0x0000000000000000
2026/09/17 15:35:18.267, 1, 77, 124.96, 48, 8433, 1328, 715, P0, 0x0000000000000000
2026/09/17 15:35:19.276, 0, 76, 90.78, 51, 7908, 1328, 715, P0, 0x0000000000000000
2026/09/17 15:35:19.279, 1, 77, 179.85, 53, 8433, 1328, 715, P0, 0x0000000000000000
2026/09/17 15:35:20.287, 0, 76, 194.98, 38, 7908, 1328, 715, P0, 0x0000000000000000
2026/09/17 15:35:20.290, 1, 77, 71.57, 50, 8433, 1328, 715, P0, 0x0000000000000000
2026/09/17 15:35:21.301, 0, 76, 125.79, 53, 7908, 1328, 715, P0, 0x0000000000000000
2026/09/17 15:35:21.304, 1, 77, 120.74, 50, 8433, 1328, 715, P0, 0x0000000000000000
2026/09/17 15:35:22.312, 0, 76, 83.88, 37, 7908, 1328, 715, P0, 0x0000000000000000
2026/09/17 15:35:22.317, 1, 77, 182.88, 54, 8433, 1328, 715, P0, 0x0000000000000000
2026/09/17 15:35:23.323, 0, 76, 197.90, 54, 7908, 1328, 715, P0, 0x0000000000000000
2026/09/17 15:35:23.325, 1, 77, 70.36, 44, 8433, 1328, 715, P0, 0x0000000000000000
2026/09/17 15:35:24.338, 0, 77, 145.62, 37, 7908, 1328, 715, P0, 0x0000000000000000
2026/09/17 15:35:24.341, 1, 78, 105.18, 59, 8433, 1328, 715, P0, 0x0000000000000000
2026/09/17 15:35:25.350, 0, 77, 79.13, 52, 7908, 1328, 715, P0, 0x0000000000000000
2026/09/17 15:35:25.355, 1, 77, 188.24, 45, 8433, 1328, 715, P0, 0x0000000000000000
2026/09/17 15:35:26.365, 0, 77, 161.63, 40, 7908, 1328, 715, P0, 0x0000000000000000
2026/09/17 15:35:26.368, 1, 77, 128.19, 55, 8433, 1328, 715, P0, 0x0000000000000000
2026/09/17 15:35:27.377, 0, 77, 162.64, 48, 7908, 1328, 715, P0, 0x0000000000000000
2026/09/17 15:35:27.380, 1, 78, 96.19, 48, 8433, 1328, 715, P0, 0x0000000000000000
2026/09/17 15:35:28.391, 0, 77, 75.80, 46, 7908, 1328, 715, P0, 0x0000000000000000
2026/09/17 15:35:28.394, 1, 78, 194.30, 53, 8433, 1328, 715, P0, 0x0000000000000000
2026/09/17 15:35:29.403, 0, 77, 153.44, 41, 7908, 1328, 715, P0, 0x0000000000000000
2026/09/17 15:35:29.406, 1, 78, 135.87, 50, 8433, 1328, 715, P0, 0x0000000000000000
2026/09/17 15:35:30.414, 0, 77, 164.32, 52, 7908, 1328, 715, P0, 0x0000000000000000
2026/09/17 15:35:30.417, 1, 78, 94.29, 51, 8433, 1328, 715, P0, 0x0000000000000000
2026/09/17 15:35:31.425, 0, 77, 76.95, 37, 7908, 1328, 715, P0, 0x0000000000000000
2026/09/17 15:35:31.429, 1, 78, 189.64, 53, 8433, 1328, 715, P0, 0x0000000000000000
2026/09/17 15:35:32.440, 0, 77, 137.75, 54, 7908, 1328, 715, P0, 0x0000000000000000
2026/09/17 15:35:32.443, 1, 78, 144.31, 48, 8433, 1328, 715, P0, 0x0000000000000000
2026/09/17 15:35:33.455, 0, 77, 176.61, 37, 7908, 1328, 715, P0, 0x0000000000000000
2026/09/17 15:35:33.458, 1, 78, 84.20, 51, 8433, 1328, 715, P0, 0x0000000000000000
2026/09/17 15:35:34.465, 0, 78, 73.17, 37, 7908, 1328, 715, P0, 0x0000000000000000
2026/09/17 15:35:34.468, 1, 78, 197.70, 52, 8433, 1328, 715, P0, 0x0000000000000000
2026/09/17 15:35:35.478, 0, 77, 133.65, 54, 7908, 1328, 715, P0, 0x0000000000000000
2026/09/17 15:35:35.481, 1, 78, 150.10, 49, 8433, 1328, 715, P0, 0x0000000000000000
2026/09/17 15:35:36.492, 0, 77, 184.04, 37, 7908, 1328, 715, P0, 0x0000000000000000
2026/09/17 15:35:36.495, 1, 79, 82.31, 54, 8433, 1328, 715, P0, 0x0000000000000000
2026/09/17 15:35:37.503, 0, 77, 71.22, 52, 7908, 1328, 715, P0, 0x0000000000000000
2026/09/17 15:35:37.506, 1, 78, 198.42, 46, 8433, 1328, 715, P0, 0x0000000000000000
2026/09/17 15:35:38.516, 0, 78, 122.74, 39, 7908, 1328, 715, P0, 0x0000000000000000
2026/09/17 15:35:38.519, 1, 78, 162.86, 57, 8433, 1328, 715, P0, 0x0000000000000000
2026/09/17 15:35:39.528, 0, 77, 183.88, 50, 7908, 1328, 715, P0, 0x0000000000000000
2026/09/17 15:35:39.531, 1, 78, 81.36, 44, 8433, 1328, 715, P0, 0x0000000000000000
2026/09/17 15:35:40.538, 0, 78, 70.21, 41, 7908, 1328, 715, P0, 0x0000000000000000
2026/09/17 15:35:40.543, 1, 78, 189.04, 59, 8433, 1328, 715, P0, 0x0000000000000000
2026/09/17 15:35:41.552, 0, 78, 120.08, 48, 7908, 1328, 715, P0, 0x0000000000000000
2026/09/17 15:35:41.555, 1, 78, 160.62, 42, 8433, 1328, 715, P0, 0x0000000000000000
2026/09/17 15:35:42.562, 0, 78, 180.11, 44, 7908, 1328, 715, P0, 0x0000000000000000
2026/09/17 15:35:42.564, 1, 79, 81.11, 59, 8433, 1328, 715, P0, 0x0000000000000000
2026/09/17 15:35:43.577, 0, 78, 69.09, 46, 7908, 1328, 715, P0, 0x0000000000000000
2026/09/17 15:35:43.582, 1, 79, 166.01, 42, 8433, 1328, 715, P0, 0x0000000000000000
2026/09/17 15:35:44.590, 0, 78, 114.22, 45, 7908, 1328, 715, P0, 0x0000000000000000
2026/09/17 15:35:44.593, 1, 79, 165.21, 57, 8433, 1328, 715, P0, 0x0000000000000000
2026/09/17 15:35:45.601, 0, 78, 185.00, 44, 7908, 1328, 715, P0, 0x0000000000000000
2026/09/17 15:35:45.604, 1, 79, 82.33, 47, 8433, 1328, 715, P0, 0x0000000000000000
2026/09/17 15:35:46.614, 0, 78, 73.14, 47, 7908, 1328, 715, P0, 0x0000000000000000
2026/09/17 15:35:46.619, 1, 79, 159.07, 51, 8433, 1328, 715, P0, 0x0000000000000000
2026/09/17 15:35:47.626, 0, 78, 118.03, 43, 7908, 1328, 715, P0, 0x0000000000000000
2026/09/17 15:35:47.629, 1, 79, 164.98, 54, 8433, 1328, 715, P0, 0x0000000000000000
2026/09/17 15:35:48.638, 0, 78, 184.85, 49, 7908, 1328, 715, P0, 0x0000000000000000
2026/09/17 15:35:48.640, 1, 79, 81.59, 46, 8433, 1328, 715, P0, 0x0000000000000000
2026/09/17 15:35:49.651, 0, 78, 69.55, 39, 7908, 1328, 715, P0, 0x0000000000000000
2026/09/17 15:35:49.654, 1, 79, 167.50, 57, 8433, 1328, 715, P0, 0x0000000000000000
2026/09/17 15:35:50.662, 0, 79, 116.71, 54, 7908, 1328, 715, P0, 0x0000000000000000
2026/09/17 15:35:50.664, 1, 79, 166.99, 44, 8433, 1328, 715, P0, 0x0000000000000000
2026/09/17 15:35:51.673, 0, 78, 177.18, 37, 7908, 1328, 715, P0, 0x0000000000000000
2026/09/17 15:35:51.677, 1, 80, 83.93, 48, 8433, 1328, 715, P0, 0x0000000000000000
2026/09/17 15:35:52.687, 0, 78, 59.97, 26, 7908, 1328, 715, P0, 0x0000000000000000
2026/09/17 15:35:52.691, 1, 77, 108.38, 67, 8433, 1101, 715, P0, 0x0000000000000020
2026/09/17 15:35:53.704, 0, 78, 186.01, 41, 7908, 1328, 715, P0, 0x0000000000000000
2026/09/17 15:35:53.711, 1, 78, 60.39, 59, 8433, 1189, 715, P0, 0x0000000000000000
2026/09/17 15:35:54.715, 0, 78, 160.00, 47, 7908, 1328, 715, P0, 0x0000000000000000
2026/09/17 15:35:54.718, 1, 78, 66.82, 52, 8433, 1316, 715, P0, 0x0000000000000020
2026/09/17 15:35:55.725, 0, 79, 134.64, 46, 7908, 1328, 715, P0, 0x0000000000000000
2026/09/17 15:35:55.731, 1, 78, 107.39, 48, 8433, 1328, 715, P0, 0x0000000000000000
2026/09/17 15:35:56.750, 0, 79, 73.14, 46, 7908, 1328, 715, P0, 0x0000000000000000
2026/09/17 15:35:56.753, 1, 79, 198.80, 52, 8433, 1328, 715, P0, 0x0000000000000000
2026/09/17 15:35:57.762, 0, 79, 128.08, 43, 7908, 1328, 715, P0, 0x0000000000000000
2026/09/17 15:35:57.765, 1, 79, 156.01, 51, 8433, 1328, 715, P0, 0x0000000000000000
2026/09/17 15:35:58.777, 0, 78, 189.53, 49, 7908, 1328, 715, P0, 0x0000000000000000
2026/09/17 15:35:58.780, 1, 79, 78.29, 49, 8433, 1328, 715, P0, 0x0000000000000000
2026/09/17 15:35:59.791, 0, 79, 94.78, 40, 7908, 1328, 715, P0, 0x0000000000000000
2026/09/17 15:35:59.794, 1, 79, 144.12, 54, 8433, 1328, 715, P0, 0x0000000000000000
2026/09/17 15:36:00.801, 0, 79, 108.41, 51, 7908, 1328, 715, P0, 0x0000000000000000
2026/09/17 15:36:00.804, 1, 79, 169.74, 47, 8433, 1328, 715, P0, 0x0000000000000000
2026/09/17 15:36:01.812, 0, 79, 190.01, 38, 7908, 1328, 715, P0, 0x0000000000000000
2026/09/17 15:36:01.815, 1, 79, 78.97, 56, 8433, 1328, 715, P0, 0x0000000000000000
2026/09/17 15:36:02.827, 0, 79, 69.36, 52, 7908, 1328, 715, P0, 0x0000000000000000
2026/09/17 15:36:02.830, 1, 79, 152.72, 46, 8433, 1328, 715, P0, 0x0000000000000000
2026/09/17 15:36:03.837, 0, 79, 118.02, 37, 7908, 1328, 715, P0, 0x0000000000000000
2026/09/17 15:36:03.840, 1, 79, 156.35, 57, 8433, 1316, 715, P0, 0x0000000000000000
2026/09/17 15:36:04.854, 0, 79, 195.50, 54, 7908, 1328, 715, P0, 0x0000000000000000
2026/09/17 15:36:04.857, 1, 79, 71.09, 44, 8433, 1328, 715, P0, 0x0000000000000000
2026/09/17 15:36:05.867, 0, 78, 113.00, 52, 7908, 1139, 715, P0, 0x0000000000000020
2026/09/17 15:36:05.872, 1, 79, 132.72, 46, 8433, 1328, 715, P0, 0x0000000000000000
2026/09/17 15:36:06.877, 0, 78, 66.77, 44, 7908, 1278, 715, P0, 0x0000000000000000
2026/09/17 15:36:06.880, 1, 79, 175.67, 54, 8433, 1328, 715, P0, 0x0000000000000000
2026/09/17 15:36:07.890, 0, 78, 173.95, 42, 7908, 1316, 715, P0, 0x0000000000000000
2026/09/17 15:36:07.893, 1, 79, 72.61, 54, 8433, 1328, 715, P0, 0x0000000000000000
2026/09/17 15:36:08.905, 0, 79, 103.41, 37, 7908, 1316, 715, P0, 0x0000000000000020
2026/09/17 15:36:08.911, 1, 79, 119.16, 57, 8433, 1328, 715, P0, 0x0000000000000000
2026/09/17 15:36:09.920, 0, 79, 104.46, 53, 7908, 1328, 715, P0, 0x0000000000000000
2026/09/17 15:36:09.923, 1, 79, 170.83, 43, 8433, 1328, 715, P0, 0x0000000000000000
2026/09/17 15:36:10.930, 0, 79, 186.68, 37, 7908, 1328, 715, P0, 0x0000000000000000
2026/09/17 15:36:10.934, 1, 79, 75.85, 59, 8433, 1303, 715, P0, 0x0000000000000000
2026/09/17 15:36:11.943, 0, 79, 65.29, 54, 7908, 1303, 715, P0, 0x0000000000000000
2026/09/17 15:36:11.947, 1, 79, 168.27, 43, 8433, 1316, 715, P0, 0x0000000000000000
2026/09/17 15:36:12.959, 0, 79, 155.28, 38, 7908, 1290, 715, P0, 0x0000000000000000
2026/09/17 15:36:12.962, 1, 79, 110.64, 58, 8433, 1316, 715, P0, 0x0000000000000020
2026/09/17 15:36:13.974, 0, 79, 96.12, 50, 7908, 1316, 715, P0, 0x0000000000000020
2026/09/17 15:36:13.977, 1, 79, 121.31, 50, 8433, 1265, 715, P0, 0x0000000000000020
2026/09/17 15:36:14.987, 0, 79, 151.16, 45, 7908, 1328, 715, P0, 0x0000000000000000
2026/09/17 15:36:14.990, 1, 79, 110.93, 48, 8433, 1252, 715, P0, 0x0000000000000000
2026/09/17 15:36:16.003, 0, 79, 65.82, 37, 7908, 1328, 715, P0, 0x0000000000000000
2026/09/17 15:36:16.007, 1, 79, 148.92, 59, 8433, 1265, 715, P0, 0x0000000000000000
2026/09/17 15:36:17.014, 0, 79, 185.28, 49, 7908, 1328, 715, P0, 0x0000000000000000
2026/09/17 15:36:17.020, 1, 79, 94.85, 49, 8433, 1265, 715, P0, 0x0000000000000000
2026/09/17 15:36:18.026, 0, 79, 67.66, 44, 7908, 1328, 715, P0, 0x0000000000000000
2026/09/17 15:36:18.029, 1, 79, 143.91, 52, 8433, 1290, 715, P0, 0x0000000000000000
2026/09/17 15:36:19.041, 0, 80, 130.68, 43, 7908, 1328, 715, P0, 0x0000000000000000
2026/09/17 15:36:19.044, 1, 79, 134.53, 53, 8433, 1303, 715, P0, 0x0000000000000000
2026/09/17 15:36:20.054, 0, 79, 160.41, 49, 7908, 1328, 715, P0, 0x0000000000000000
2026/09/17 15:36:20.060, 1, 79, 80.74, 48, 8433, 1303, 715, P0, 0x0000000000000000
2026/09/17 15:36:21.066, 0, 79, 123.04, 42, 7908, 1050, 715, P0, 0x0000000000000020
2026/09/17 15:36:21.069, 1, 79, 106.17, 55, 8433, 1328, 715, P0, 0x0000000000000000
2026/09/17 15:36:22.074, 0, 78, 144.68, 42, 7908, 1189, 715, P0, 0x0000000000000000
2026/09/17 15:36:22.077, 1, 79, 77.28, 53, 8433, 1265, 715, P0, 0x0000000000000000
2026/09/17 15:36:23.085, 0, 79, 96.50, 41, 7908, 1240, 715, P0, 0x0000000000000000
2026/09/17 15:36:23.088, 1, 79, 138.10, 56, 8433, 1290, 715, P0, 0x0000000000000000
2026/09/17 15:36:24.094, 0, 79, 60.53, 41, 7908, 1278, 715, P0, 0x0000000000000000
2026/09/17 15:36:24.097, 1, 79, 151.89, 55, 8433, 1290, 715, P0, 0x0000000000000000
2026/09/17 15:36:25.105, 0, 78, 166.60, 52, 7908, 1303, 715, P0, 0x0000000000000000
2026/09/17 15:36:25.109, 1, 79, 69.50, 43, 8433, 1316, 715, P0, 0x0000000000000000
2026/09/17 15:36:26.122, 0, 79, 73.93, 42, 7908, 1328, 715, P0, 0x0000000000000000
2026/09/17 15:36:26.130, 1, 79, 121.36, 53, 8433, 1278, 715, P0, 0x0000000000000020
2026/09/17 15:36:27.149, 0, 79, 85.40, 49, 7908, 1316, 715, P0, 0x0000000000000000
2026/09/17 15:36:27.152, 1, 79, 160.99, 48, 8433, 1328, 715, P0, 0x0000000000000000
2026/09/17 15:36:28.160, 0, 79, 148.91, 37, 7908, 1303, 715, P0, 0x0000000000000000
2026/09/17 15:36:28.163, 1, 80, 82.19, 57, 8433, 1316, 715, P0, 0x0000000000000000
2026/09/17 15:36:29.173, 0, 79, 165.07, 100, 7908, 1328, 715, P0, 0x0000000000000000
2026/09/17 15:36:29.176, 1, 77, 55.43, 0, 8433, 1303, 715, P0, 0x0000000000000000
2026/09/17 15:36:30.185, 0, 78, 122.34, 50, 7908, 1328, 715, P0, 0x0000000000000000
2026/09/17 15:36:30.189, 1, 79, 96.04, 49, 8433, 1303, 715, P0, 0x0000000000000000
2026/09/17 15:36:31.196, 0, 79, 121.66, 37, 7908, 1328, 715, P0, 0x0000000000000000
2026/09/17 15:36:31.199, 1, 79, 130.80, 56, 8433, 1252, 715, P0, 0x0000000000000000
2026/09/17 15:36:32.207, 0, 79, 136.20, 50, 7908, 1328, 715, P0, 0x0000000000000000
2026/09/17 15:36:32.210, 1, 79, 105.53, 43, 8433, 1328, 715, P0, 0x0000000000000000
2026/09/17 15:36:33.221, 0, 78, 74.07, 46, 7908, 759, 715, P0, 0x0000000000000020
2026/09/17 15:36:33.223, 1, 79, 148.06, 51, 8433, 1316, 715, P0, 0x0000000000000000
2026/09/17 15:36:34.236, 0, 78, 103.45, 53, 7908, 1101, 715, P0, 0x0000000000000020
2026/09/17 15:36:34.239, 1, 79, 127.64, 49, 8433, 1303, 715, P0, 0x0000000000000000
2026/09/17 15:36:35.250, 0, 78, 78.32, 52, 7908, 1215, 715, P0, 0x0000000000000000
2026/09/17 15:36:35.253, 1, 79, 149.52, 49, 8433, 1290, 715, P0, 0x0000000000000000
2026/09/17 15:36:36.263, 0, 78, 59.08, 46, 7908, 1265, 715, P0, 0x0000000000000000
2026/09/17 15:36:36.268, 1, 79, 130.46, 56, 8433, 1290, 715, P0, 0x0000000000000020
2026/09/17 15:36:37.276, 0, 78, 167.64, 38, 7908, 1316, 715, P0, 0x0000000000000000
2026/09/17 15:36:37.279, 1, 79, 101.70, 52, 8433, 1290, 715, P0, 0x0000000000000000
2026/09/17 15:36:38.288, 0, 79, 103.75, 54, 7908, 1316, 715, P0, 0x0000000000000020
2026/09/17 15:36:38.293, 1, 79, 116.07, 49, 8433, 1303, 715, P0, 0x0000000000000020
2026/09/17 15:36:39.299, 0, 79, 124.70, 38, 7908, 1316, 715, P0, 0x0000000000000020
2026/09/17 15:36:39.303, 1, 79, 137.92, 56, 8433, 1303, 715, P0, 0x0000000000000000
2026/09/17 15:36:40.311, 0, 79, 128.95, 48, 7908, 1316, 715, P0, 0x0000000000000000
2026/09/17 15:36:40.314, 1, 80, 104.12, 44, 8433, 1328, 715, P0, 0x0000000000000000
2026/09/17 15:36:41.319, 0, 79, 110.45, 46, 7908, 1316, 715, P0, 0x0000000000000020
2026/09/17 15:36:41.323, 1, 79, 148.60, 58, 8433, 1328, 715, P0, 0x0000000000000000
2026/09/17 15:36:42.329, 0, 79, 139.01, 41, 7908, 1316, 715, P0, 0x0000000000000000
2026/09/17 15:36:42.332, 1, 79, 94.87, 43, 8433, 1316, 715, P0, 0x0000000000000000
2026/09/17 15:36:43.340, 0, 79, 149.85, 48, 7908, 1316, 715, P0, 0x0000000000000000
2026/09/17 15:36:43.343, 1, 78, 94.27, 59, 8433, 1177, 715, P0, 0x0000000000000000
2026/09/17 15:36:44.355, 0, 79, 158.50, 47, 7908, 1328, 715, P0, 0x0000000000000000
2026/09/17 15:36:44.358, 1, 78, 93.29, 49, 8433, 1189, 715, P0, 0x0000000000000000
2026/09/17 15:36:45.366, 0, 79, 107.46, 50, 7908, 1316, 715, P0, 0x0000000000000000
2026/09/17 15:36:45.371, 1, 78, 137.07, 47, 8433, 1227, 715, P0, 0x0000000000000000
2026/09/17 15:36:46.394, 0, 79, 157.40, 39, 7908, 1316, 715, P0, 0x0000000000000000
2026/09/17 15:36:46.398, 1, 79, 75.23, 53, 8433, 1265, 715, P0, 0x0000000000000000
2026/09/17 15:36:47.408, 0, 79, 96.17, 41, 7908, 1328, 715, P0, 0x0000000000000000
2026/09/17 15:36:47.411, 1, 79, 151.44, 44, 8433, 1303, 715, P0, 0x0000000000000000
2026/09/17 15:36:48.416, 0, 79, 100.94, 53, 7908, 1316, 715, P0, 0x0000000000000000
2026/09/17 15:36:48.420, 1, 79, 113.26, 56, 8433, 1303, 715, P0, 0x0000000000000000
2026/09/17 15:36:49.431, 0, 79, 158.14, 45, 7908, 1303, 715, P0, 0x0000000000000020
2026/09/17 15:36:49.434, 1, 79, 111.51, 55, 8433, 1303, 715, P0, 0x0000000000000000
2026/09/17 15:36:50.441, 0, 79, 70.08, 37, 7908, 1328, 715, P0, 0x0000000000000000
2026/09/17 15:36:50.447, 1, 79, 173.28, 43, 8433, 1278, 715, P0, 0x0000000000000020
2026/09/17 15:36:51.453, 0, 79, 177.58, 49, 7908, 1328, 715, P0, 0x0000000000000000
2026/09/17 15:36:51.456, 1, 79, 65.45, 55, 8433, 1290, 715, P0, 0x0000000000000000
2026/09/17 15:36:52.463, 0, 79, 73.50, 48, 7908, 1328, 715, P0, 0x0000000000000000
2026/09/17 15:36:52.470, 1, 79, 152.49, 53, 8433, 1252, 715, P0, 0x0000000000000000
2026/09/17 15:36:53.476, 0, 79, 151.57, 37, 7908, 1316, 715, P0, 0x0000000000000000
2026/09/17 15:36:53.479, 1, 79, 81.96, 44, 8433, 1290, 715, P0, 0x0000000000000000
2026/09/17 15:36:54.491, 0, 80, 92.38, 48, 7908, 1316, 715, P0, 0x0000000000000000
2026/09/17 15:36:54.495, 1, 79, 156.71, 55, 8433, 1303, 715, P0, 0x0000000000000000
2026/09/17 15:36:55.514, 0, 79, 171.57, 49, 7908, 1328, 715, P0, 0x0000000000000000
2026/09/17 15:36:55.517, 1, 79, 71.86, 54, 8433, 1252, 715, P0, 0x0000000000000000
2026/09/17 15:36:56.527, 0, 79, 81.90, 37, 7908, 1227, 715, P0, 0x0000000000000000
2026/09/17 15:36:56.530, 1, 79, 141.94, 43, 8433, 1252, 715, P0, 0x0000000000000000
2026/09/17 15:36:57.540, 0, 79, 62.75, 39, 7908, 1227, 715, P0, 0x0000000000000000
2026/09/17 15:36:57.544, 1, 79, 160.05, 44, 8433, 1265, 715, P0, 0x0000000000000000
2026/09/17 15:36:58.552, 0, 79, 102.18, 43, 7908, 1227, 715, P0, 0x0000000000000000
2026/09/17 15:36:58.556, 1, 79, 98.32, 48, 8433, 1290, 715, P0, 0x0000000000000000
2026/09/17 15:36:59.567, 0, 79, 144.84, 47, 7908, 1240, 715, P0, 0x0000000000000000
2026/09/17 15:36:59.570, 1, 79, 71.76, 50, 8433, 1290, 715, P0, 0x0000000000000000
2026/09/17 15:37:00.578, 0, 78, 155.09, 48, 7908, 1240, 715, P0, 0x0000000000000000
2026/09/17 15:37:00.581, 1, 79, 61.40, 50, 8433, 1265, 715, P0, 0x0000000000000000
2026/09/17 15:37:01.588, 0, 79, 100.76, 53, 7908, 1227, 715, P0, 0x0000000000000000
2026/09/17 15:37:01.595, 1, 79, 139.93, 54, 8433, 1303, 715, P0, 0x0000000000000000
2026/09/17 15:37:02.610, 0, 79, 59.56, 40, 7908, 1215, 715, P0, 0x0000000000000000
2026/09/17 15:37:02.613, 1, 79, 181.65, 57, 8433, 1303, 715, P0, 0x0000000000000000
2026/09/17 15:37:03.627, 0, 79, 156.85, 40, 7908, 1303, 715, P0, 0x0000000000000000
2026/09/17 15:37:03.631, 1, 79, 70.04, 54, 8433, 1265, 715, P0, 0x0000000000000000
2026/09/17 15:37:04.640, 0, 79, 117.25, 47, 7908, 1303, 715, P0, 0x0000000000000000
2026/09/17 15:37:04.644, 1, 79, 147.43, 49, 8433, 1328, 715, P0, 0x0000000000000000
2026/09/17 15:37:05.653, 0, 79, 61.98, 54, 7908, 1240, 715, P0, 0x0000000000000000
2026/09/17 15:37:05.659, 1, 79, 170.08, 56, 8433, 1303, 715, P0, 0x0000000000000000
2026/09/17 15:37:06.665, 0, 78, 56.96, 0, 7908, 1328, 715, P0, 0x0000000000000000
2026/09/17 15:37:06.667, 1, 78, 63.19, 91, 8433, 1328, 715, P0, 0x0000000000000000
2026/09/17 15:37:07.676, 0, 79, 75.63, 44, 7908, 1316, 715, P0, 0x0000000000000020
2026/09/17 15:37:07.679, 1, 79, 169.72, 44, 8433, 1328, 715, P0, 0x0000000000000000
2026/09/17 15:37:08.689, 0, 79, 176.44, 49, 7908, 1303, 715, P0, 0x0000000000000000
2026/09/17 15:37:08.693, 1, 79, 90.27, 58, 8433, 1328, 715, P0, 0x0000000000000000
2026/09/17 15:37:09.699, 0, 79, 108.81, 38, 7908, 1316, 715, P0, 0x0000000000000000
2026/09/17 15:37:09.705, 1, 78, 67.51, 59, 8433, 645, 715, P0, 0x0000000000000020
2026/09/17 15:37:10.709, 0, 79, 84.30, 37, 7908, 1328, 715, P0, 0x0000000000000000
2026/09/17 15:37:10.712, 1, 78, 133.44, 53, 8433, 1189, 715, P0, 0x0000000000000000
2026/09/17 15:37:11.722, 0, 80, 73.50, 40, 7908, 1328, 715, P0, 0x0000000000000000
2026/09/17 15:37:11.725, 1, 78, 146.42, 53, 8433, 1202, 715, P0, 0x0000000000000000
2026/09/17 15:37:12.743, 0, 79, 174.26, 38, 7908, 1278, 715, P0, 0x0000000000000020
2026/09/17 15:37:12.750, 1, 78, 85.02, 43, 8433, 1290, 715, P0, 0x0000000000000000
2026/09/17 15:37:13.756, 0, 79, 72.51, 48, 7908, 1316, 715, P0, 0x0000000000000020
2026/09/17 15:37:13.759, 1, 79, 170.38, 55, 8433, 1316, 715, P0, 0x0000000000000000
2026/09/17 15:37:14.769, 0, 79, 52.91, 52, 7908, 1151, 715, P0, 0x0000000000000000
2026/09/17 15:37:14.772, 1, 78, 161.21, 54, 8433, 1265, 715, P0, 0x0000000000000000
2026/09/17 15:37:15.782, 0, 78, 60.11, 41, 7908, 1189, 715, P0, 0x0000000000000000
2026/09/17 15:37:15.790, 1, 78, 154.52, 46, 8433, 1252, 715, P0, 0x0000000000000000
2026/09/17 15:37:16.808, 0, 79, 81.18, 40, 7908, 1189, 715, P0, 0x0000000000000000
2026/09/17 15:37:16.812, 1, 79, 116.98, 43, 8433, 1252, 715, P0, 0x0000000000000020
2026/09/17 15:37:17.823, 0, 79, 158.88, 40, 7908, 1278, 715, P0, 0x0000000000000000
2026/09/17 15:37:17.827, 1, 79, 68.39, 45, 8433, 1290, 715, P0, 0x0000000000000000
2026/09/17 15:37:18.835, 0, 79, 111.29, 49, 7908, 1316, 715, P0, 0x0000000000000020
2026/09/17 15:37:18.841, 1, 79, 139.93, 54, 8433, 1278, 715, P0, 0x0000000000000000
2026/09/17 15:37:19.846, 0, 79, 64.85, 39, 7908, 1252, 715, P0, 0x0000000000000000
2026/09/17 15:37:19.849, 1, 79, 175.56, 57, 8433, 1303, 715, P0, 0x0000000000000000
2026/09/17 15:37:20.857, 0, 79, 153.73, 43, 7908, 1303, 715, P0, 0x0000000000000000
2026/09/17 15:37:20.860, 1, 79, 74.32, 48, 8433, 1303, 715, P0, 0x0000000000000000
2026/09/17 15:37:21.868, 0, 79, 90.71, 54, 7908, 1303, 715, P0, 0x0000000000000020
2026/09/17 15:37:21.871, 1, 79, 166.65, 45, 8433, 1328, 715, P0, 0x0000000000000000
2026/09/17 15:37:22.894, 0, 79, 136.53, 46, 7908, 1240, 715, P0, 0x0000000000000000
2026/09/17 15:37:22.897, 1, 79, 77.00, 51, 8433, 1290, 715, P0, 0x0000000000000000
2026/09/17 15:37:23.906, 0, 79, 121.52, 38, 7908, 1278, 715, P0, 0x0000000000000020
2026/09/17 15:37:23.909, 1, 79, 132.29, 43, 8433, 1328, 715, P0, 0x0000000000000000
2026/09/17 15:37:24.918, 0, 79, 63.16, 43, 7908, 1316, 715, P0, 0x0000000000000020
2026/09/17 15:37:24.921, 1, 79, 137.24, 52, 8433, 1316, 715, P0, 0x0000000000000000
2026/09/17 15:37:25.932, 0, 79, 143.93, 52, 7908, 1278, 715, P0, 0x0000000000000000
2026/09/17 15:37:25.934, 1, 79, 113.26, 54, 8433, 1316, 715, P0, 0x0000000000000020
2026/09/17 15:37:26.948, 0, 79, 75.99, 38, 7908, 1265, 715, P0, 0x0000000000000000
2026/09/17 15:37:26.951, 1, 79, 131.88, 42, 8433, 1328, 715, P0, 0x0000000000000000
2026/09/17 15:37:27.958, 0, 79, 180.00, 46, 7908, 1328, 715, P0, 0x0000000000000000
2026/09/17 15:37:27.961, 1, 79, 70.74, 56, 8433, 1189, 715, P0, 0x0000000000000000
2026/09/17 15:37:28.983, 0, 79, 128.78, 40, 7908, 1278, 715, P0, 0x0000000000000000
2026/09/17 15:37:28.988, 1, 78, 108.52, 49, 8433, 1189, 715, P0, 0x0000000000000000
2026/09/17 15:37:29.996, 0, 79, 125.88, 38, 7908, 1278, 715, P0, 0x0000000000000000
2026/09/17 15:37:29.999, 1, 78, 108.11, 46, 8433, 1189, 715, P0, 0x0000000000000000
2026/09/17 15:37:31.009, 0, 79, 116.60, 39, 7908, 1202, 715, P0, 0x0000000000000020
2026/09/17 15:37:31.012, 1, 78, 115.79, 45, 8433, 1215, 715, P0, 0x0000000000000000
2026/09/17 15:37:32.021, 0, 79, 78.79, 40, 7908, 1202, 715, P0, 0x0000000000000000
2026/09/17 15:37:32.026, 1, 79, 152.54, 44, 8433, 1290, 715, P0, 0x0000000000000000
2026/09/17 15:37:33.044, 0, 79, 103.92, 38, 7908, 1240, 715, P0, 0x0000000000000000
2026/09/17 15:37:33.049, 1, 79, 104.74, 47, 8433, 1290, 715, P0, 0x0000000000000020
2026/09/17 15:37:34.055, 0, 78, 144.44, 40, 7908, 1215, 715, P0, 0x0000000000000000
2026/09/17 15:37:34.059, 1, 79, 69.83, 51, 8433, 1265, 715, P0, 0x0000000000000000
2026/09/17 15:37:35.081, 0, 79, 69.15, 47, 7908, 1278, 715, P0, 0x0000000000000000
2026/09/17 15:37:35.084, 1, 79, 167.79, 58, 8433, 1303, 715, P0, 0x0000000000000000
2026/09/17 15:37:36.095, 0, 79, 151.82, 38, 7908, 1278, 715, P0, 0x0000000000000000
2026/09/17 15:37:36.098, 1, 79, 72.46, 50, 8433, 1252, 715, P0, 0x0000000000000000
2026/09/17 15:37:37.106, 0, 79, 113.62, 40, 7908, 1240, 715, P0, 0x0000000000000000
2026/09/17 15:37:37.112, 1, 79, 133.91, 43, 8433, 1303, 715, P0, 0x0000000000000000
2026/09/17 15:37:38.118, 0, 79, 67.22, 48, 7908, 1278, 715, P0, 0x0000000000000000
2026/09/17 15:37:38.122, 1, 79, 170.07, 49, 8433, 1290, 715, P0, 0x0000000000000000
2026/09/17 15:37:39.136, 0, 79, 164.06, 54, 7908, 1303, 715, P0, 0x0000000000000000
2026/09/17 15:37:39.141, 1, 79, 69.02, 46, 8433, 1303, 715, P0, 0x0000000000000020
2026/09/17 15:37:40.146, 0, 79, 96.26, 46, 7908, 1240, 715, P0, 0x0000000000000000
2026/09/17 15:37:40.151, 1, 79, 145.16, 43, 8433, 1328, 715, P0, 0x0000000000000000
2026/09/17 15:37:41.160, 0, 79, 59.35, 39, 7908, 1252, 715, P0, 0x0000000000000000
2026/09/17 15:37:41.163, 1, 79, 147.48, 54, 8433, 1316, 715, P0, 0x0000000000000020
2026/09/17 15:37:42.173, 0, 79, 144.14, 39, 7908, 1227, 715, P0, 0x0000000000000000
2026/09/17 15:37:42.177, 1, 79, 70.79, 56, 8433, 1265, 715, P0, 0x0000000000000000
2026/09/17 15:37:43.187, 0, 79, 91.93, 48, 7908, 1265, 715, P0, 0x0000000000000000
2026/09/17 15:37:43.191, 1, 79, 145.20, 51, 8433, 1290, 715, P0, 0x0000000000000000
2026/09/17 15:37:44.200, 0, 78, 133.96, 21, 7908, 1202, 715, P0, 0x0000000000000000
2026/09/17 15:37:44.202, 1, 79, 67.26, 57, 8433, 1202, 715, P0, 0x0000000000000000
2026/09/17 15:37:45.213, 0, 79, 84.49, 40, 7908, 1303, 715, P0, 0x0000000000000000
2026/09/17 15:37:45.219, 1, 79, 164.31, 59, 8433, 1328, 715, P0, 0x0000000000000000
2026/09/17 15:37:46.225, 0, 79, 176.32, 51, 7908, 1328, 715, P0, 0x0000000000000000
2026/09/17 15:37:46.228, 1, 79, 76.36, 42, 8433, 1328, 715, P0, 0x0000000000000000
2026/09/17 15:37:47.238, 0, 79, 132.11, 38, 7908, 1303, 715, P0, 0x0000000000000000
2026/09/17 15:37:47.241, 1, 78, 59.57, 66, 8433, 860, 715, P0, 0x0000000000000000
2026/09/17 15:37:48.263, 0, 79, 70.91, 38, 7908, 1303, 715, P0, 0x0000000000000000
2026/09/17 15:37:48.268, 1, 78, 136.81, 51, 8433, 1126, 715, P0, 0x0000000000000020
2026/09/17 15:37:49.274, 0, 79, 69.95, 44, 7908, 1303, 715, P0, 0x0000000000000000
2026/09/17 15:37:49.277, 1, 78, 142.63, 47, 8433, 1202, 715, P0, 0x0000000000000000
2026/09/17 15:37:50.285, 0, 79, 61.08, 38, 7908, 1303, 715, P0, 0x0000000000000000
2026/09/17 15:37:50.289, 1, 78, 115.53, 49, 8433, 1227, 715, P0, 0x0000000000000020
2026/09/17 15:37:51.310, 0, 79, 166.38, 45, 7908, 1303, 715, P0, 0x0000000000000000
2026/09/17 15:37:51.313, 1, 79, 60.20, 54, 8433, 1240, 715, P0, 0x0000000000000000
2026/09/17 15:37:52.321, 0, 79, 110.55, 50, 7908, 1290, 715, P0, 0x0000000000000020
2026/09/17 15:37:52.324, 1, 79, 136.78, 57, 8433, 1303, 715, P0, 0x0000000000000000
2026/09/17 15:37:53.332, 0, 79, 67.03, 53, 7908, 1316, 715, P0, 0x0000000000000020
2026/09/17 15:37:53.335, 1, 79, 167.57, 55, 8433, 1252, 715, P0, 0x0000000000000000
2026/09/17 15:37:54.344, 0, 79, 131.69, 46, 7908, 1265, 715, P0, 0x0000000000000000
2026/09/17 15:37:54.347, 1, 79, 93.17, 48, 8433, 1316, 715, P0, 0x0000000000000000
2026/09/17 15:37:55.358, 0, 79, 163.26, 41, 7908, 1265, 715, P0, 0x0000000000000000
2026/09/17 15:37:55.361, 1, 79, 91.78, 44, 8433, 1290, 715, P0, 0x0000000000000000
2026/09/17 15:37:56.370, 0, 79, 75.41, 39, 7908, 1215, 715, P0, 0x0000000000000000
2026/09/17 15:37:56.374, 1, 79, 164.32, 48, 8433, 1303, 715, P0, 0x0000000000000000
2026/09/17 15:37:57.380, 0, 79, 60.76, 42, 7908, 1278, 715, P0, 0x0000000000000000
2026/09/17 15:37:57.383, 1, 79, 156.26, 54, 8433, 1303, 715, P0, 0x0000000000000000
2026/09/17 15:37:58.389, 0, 79, 151.53, 50, 7908, 1278, 715, P0, 0x0000000000000000
2026/09/17 15:37:58.396, 1, 79, 70.53, 44, 8433, 1303, 715, P0, 0x0000000000000020
2026/09/17 15:37:59.415, 0, 79, 78.01, 53, 7908, 1278, 715, P0, 0x0000000000000000
2026/09/17 15:37:59.419, 1, 79, 164.59, 45, 8433, 1316, 715, P0, 0x0000000000000000
2026/09/17 15:38:00.424, 0, 79, 86.89, 46, 7908, 1240, 715, P0, 0x0000000000000000
2026/09/17 15:38:00.427, 1, 80, 124.20, 56, 8433, 1328, 715, P0, 0x0000000000000000
2026/09/17 15:38:01.435, 0, 79, 157.84, 39, 7908, 1265, 715, P0, 0x0000000000000000
2026/09/17 15:38:01.439, 1, 79, 67.92, 58, 8433, 1316, 715, P0, 0x0000000000000000
2026/09/17 15:38:02.446, 0, 79, 89.57, 41, 7908, 1265, 715, P0, 0x0000000000000020
2026/09/17 15:38:02.449, 1, 79, 145.44, 46, 8433, 1265, 715, P0, 0x0000000000000000
2026/09/17 15:38:03.456, 0, 79, 72.78, 51, 7908, 1278, 715, P0, 0x0000000000000000
2026/09/17 15:38:03.462, 1, 79, 123.10, 43, 8433, 1290, 715, P0, 0x0000000000000020
2026/09/17 15:38:04.479, 0, 79, 157.02, 53, 7908, 1240, 715, P0, 0x0000000000000000
2026/09/17 15:38:04.482, 1, 79, 74.20, 53, 8433, 1189, 715, P0, 0x0000000000000000
2026/09/17 15:38:05.491, 0, 79, 141.77, 45, 7908, 1278, 715, P0, 0x0000000000000000
2026/09/17 15:38:05.494, 1, 79, 67.24, 46, 8433, 1164, 715, P0, 0x0000000000000000
2026/09/17 15:38:06.503, 0, 79, 111.99, 38, 7908, 1265, 715, P0, 0x0000000000000000
2026/09/17 15:38:06.506, 1, 79, 85.93, 49, 8433, 1189, 715, P0, 0x0000000000000000
2026/09/17 15:38:07.517, 0, 79, 135.09, 45, 7908, 1316, 715, P0, 0x0000000000000020
2026/09/17 15:38:07.522, 1, 79, 77.48, 52, 8433, 1252, 715, P0, 0x0000000000000000
2026/09/17 15:38:08.529, 0, 79, 171.30, 47, 7908, 1303, 715, P0, 0x0000000000000020
2026/09/17 15:38:08.538, 1, 79, 68.11, 51, 8433, 1227, 715, P0, 0x0000000000000000
2026/09/17 15:38:09.543, 0, 79, 126.03, 49, 7908, 1303, 715, P0, 0x0000000000000020
2026/09/17 15:38:09.546, 1, 79, 124.02, 49, 8433, 1252, 715, P0, 0x0000000000000000
2026/09/17 15:38:10.559, 0, 79, 68.71, 53, 7908, 1290, 715, P0, 0x0000000000000000
2026/09/17 15:38:10.562, 1, 79, 164.79, 44, 8433, 1278, 715, P0, 0x0000000000000000
2026/09/17 15:38:11.570, 0, 79, 133.08, 51, 7908, 1316, 715, P0, 0x0000000000000000
2026/09/17 15:38:11.575, 1, 79, 85.57, 45, 8433, 1240, 715, P0, 0x0000000000000000
2026/09/17 15:38:12.582, 0, 79, 164.45, 44, 7908, 1278, 715, P0, 0x0000000000000000
2026/09/17 15:38:12.586, 1, 79, 63.36, 51, 8433, 1265, 715, P0, 0x0000000000000000
2026/09/17 15:38:13.594, 0, 79, 90.00, 38, 7908, 1278, 715, P0, 0x0000000000000000
2026/09/17 15:38:13.597, 1, 79, 152.87, 58, 8433, 1290, 715, P0, 0x0000000000000000
2026/09/17 15:38:14.603, 0, 79, 61.28, 38, 7908, 1227, 715, P0, 0x0000000000000000
2026/09/17 15:38:14.606, 1, 79, 170.27, 58, 8433, 1290, 715, P0, 0x0000000000000000
2026/09/17 15:38:15.614, 0, 79, 137.47, 44, 7908, 1303, 715, P0, 0x0000000000000000
2026/09/17 15:38:15.618, 1, 79, 79.15, 52, 8433, 1252, 715, P0, 0x0000000000000000
2026/09/17 15:38:16.624, 0, 79, 169.69, 49, 7908, 1303, 715, P0, 0x0000000000000000
2026/09/17 15:38:16.627, 1, 79, 62.13, 47, 8433, 1252, 715, P0, 0x0000000000000000
2026/09/17 15:38:17.636, 0, 79, 85.65, 53, 7908, 1278, 715, P0, 0x0000000000000000
2026/09/17 15:38:17.639, 1, 79, 155.92, 43, 8433, 1290, 715, P0, 0x0000000000000000
2026/09/17 15:38:18.646, 0, 79, 60.77, 48, 7908, 1278, 715, P0, 0x0000000000000000
2026/09/17 15:38:18.650, 1, 79, 124.94, 58, 8433, 1316, 715, P0, 0x0000000000000020
2026/09/17 15:38:19.659, 0, 79, 142.06, 43, 7908, 1240, 715, P0, 0x0000000000000000
2026/09/17 15:38:19.662, 1, 79, 74.12, 55, 8433, 1290, 715, P0, 0x0000000000000000
2026/09/17 15:38:20.680, 0, 79, 128.71, 38, 7908, 1278, 715, P0, 0x0000000000000000
2026/09/17 15:38:20.683, 1, 79, 56.52, 49, 8433, 1265, 715, P0, 0x0000000000000000
2026/09/17 15:38:21.696, 0, 79, 160.88, 47, 7908, 1316, 715, P0, 0x0000000000000000
2026/09/17 15:38:21.699, 1, 79, 76.92, 56, 8433, 1316, 715, P0, 0x0000000000000000
2026/09/17 15:38:22.706, 0, 79, 86.63, 49, 7908, 1265, 715, P0, 0x0000000000000000
2026/09/17 15:38:22.709, 1, 79, 155.36, 57, 8433, 1290, 715, P0, 0x0000000000000000
2026/09/17 15:38:23.715, 0, 79, 65.41, 38, 7908, 1278, 715, P0, 0x0000000000000000
2026/09/17 15:38:23.719, 1, 79, 140.69, 50, 8433, 898, 715, P0, 0x0000000000000020
2026/09/17 15:38:24.744, 0, 79, 63.24, 38, 7908, 1290, 715, P0, 0x0000000000000000
2026/09/17 15:38:24.749, 1, 79, 131.37, 58, 8433, 1050, 715, P0, 0x0000000000000020
2026/09/17 15:38:25.760, 0, 79, 63.22, 47, 7908, 1316, 715, P0, 0x0000000000000020
2026/09/17 15:38:25.763, 1, 79, 151.86, 57, 8433, 1189, 715, P0, 0x0000000000000020
2026/09/17 15:38:26.772, 0, 79, 112.18, 48, 7908, 1278, 715, P0, 0x0000000000000000
2026/09/17 15:38:26.779, 1, 79, 97.56, 54, 8433, 1278, 715, P0, 0x0000000000000020
2026/09/17 15:38:27.785, 0, 79, 157.65, 42, 7908, 1303, 715, P0, 0x0000000000000000
2026/09/17 15:38:27.788, 1, 79, 68.88, 58, 8433, 1265, 715, P0, 0x0000000000000000
2026/09/17 15:38:28.798, 0, 79, 134.77, 39, 7908, 1240, 715, P0, 0x0000000000000020
2026/09/17 15:38:28.805, 1, 79, 107.85, 58, 8433, 1227, 715, P0, 0x0000000000000000
2026/09/17 15:38:29.815, 0, 79, 88.63, 39, 7908, 1240, 715, P0, 0x0000000000000020
2026/09/17 15:38:29.818, 1, 79, 140.03, 57, 8433, 1240, 715, P0, 0x0000000000000000
2026/09/17 15:38:30.827, 0, 79, 70.66, 39, 7908, 1240, 715, P0, 0x0000000000000000
2026/09/17 15:38:30.830, 1, 79, 155.12, 55, 8433, 1252, 715, P0, 0x0000000000000000
2026/09/17 15:38:31.839, 0, 79, 86.71, 38, 7908, 1278, 715, P0, 0x0000000000000000
2026/09/17 15:38:31.846, 1, 79, 97.52, 50, 8433, 1227, 715, P0, 0x0000000000000020
2026/09/17 15:38:32.851, 0, 79, 164.43, 42, 7908, 1303, 715, P0, 0x0000000000000000
2026/09/17 15:38:32.854, 1, 79, 69.32, 44, 8433, 1303, 715, P0, 0x0000000000000000
2026/09/17 15:38:33.864, 0, 79, 96.91, 50, 7908, 1265, 715, P0, 0x0000000000000000
2026/09/17 15:38:33.867, 1, 79, 149.11, 46, 8433, 1303, 715, P0, 0x0000000000000000
2026/09/17 15:38:34.877, 0, 79, 82.59, 54, 7908, 1265, 715, P0, 0x0000000000000000
2026/09/17 15:38:34.877, 1, 79, 156.74, 53, 8433, 1290, 715, P0, 0x0000000000000000
2026/09/17 15:38:35.894, 0, 79, 145.17, 49, 7908, 1240, 715, P0, 0x0000000000000000
2026/09/17 15:38:35.899, 1, 79, 68.18, 47, 8433, 1303, 715, P0, 0x0000000000000020
2026/09/17 15:38:36.907, 0, 79, 126.54, 44, 7908, 1227, 715, P0, 0x0000000000000000
2026/09/17 15:38:36.910, 1, 79, 116.42, 43, 8433, 1278, 715, P0, 0x0000000000000000
2026/09/17 15:38:37.919, 0, 79, 71.57, 39, 7908, 1227, 715, P0, 0x0000000000000000
2026/09/17 15:38:37.922, 1, 79, 164.38, 50, 8433, 1316, 715, P0, 0x0000000000000020
2026/09/17 15:38:38.932, 0, 79, 59.55, 39, 7908, 1240, 715, P0, 0x0000000000000000
2026/09/17 15:38:38.935, 1, 79, 156.54, 52, 8433, 1316, 715, P0, 0x0000000000000020
2026/09/17 15:38:39.942, 0, 78, 129.81, 39, 7908, 1227, 715, P0, 0x0000000000000000
2026/09/17 15:38:39.946, 1, 79, 81.83, 57, 8433, 1290, 715, P0, 0x0000000000000000
2026/09/17 15:38:40.951, 0, 79, 158.07, 42, 7908, 1265, 715, P0, 0x0000000000000000
2026/09/17 15:38:40.954, 1, 79, 65.04, 58, 8433, 1265, 715, P0, 0x0000000000000000
2026/09/17 15:38:41.964, 0, 79, 88.61, 50, 7908, 1278, 715, P0, 0x0000000000000000
2026/09/17 15:38:41.969, 1, 79, 154.75, 50, 8433, 1316, 715, P0, 0x0000000000000020
2026/09/17 15:38:42.973, 0, 79, 66.78, 44, 7908, 1240, 715, P0, 0x0000000000000000
2026/09/17 15:38:42.976, 1, 79, 169.30, 45, 8433, 1303, 715, P0, 0x0000000000000000
2026/09/17 15:38:43.984, 0, 79, 109.62, 39, 7908, 1240, 715, P0, 0x0000000000000000
2026/09/17 15:38:43.987, 1, 80, 91.87, 44, 8433, 1290, 715, P0, 0x0000000000000000
2026/09/17 15:38:44.996, 0, 79, 150.68, 39, 7908, 1227, 715, P0, 0x0000000000000000
2026/09/17 15:38:44.999, 1, 79, 65.54, 50, 8433, 1252, 715, P0, 0x0000000000000000
2026/09/17 15:38:46.007, 0, 79, 119.11, 40, 7908, 1240, 715, P0, 0x0000000000000020
2026/09/17 15:38:46.012, 1, 79, 133.08, 53, 8433, 1316, 715, P0, 0x0000000000000020
2026/09/17 15:38:47.024, 0, 80, 64.87, 47, 7908, 1303, 715, P0, 0x0000000000000000
2026/09/17 15:38:47.030, 1, 79, 167.34, 58, 8433, 1265, 715, P0, 0x0000000000000000
2026/09/17 15:38:48.035, 0, 79, 106.51, 54, 7908, 1278, 715, P0, 0x0000000000000000
2026/09/17 15:38:48.039, 1, 79, 97.35, 55, 8433, 1252, 715, P0, 0x0000000000000000
2026/09/17 15:38:49.048, 0, 79, 168.45, 52, 7908, 1303, 715, P0, 0x0000000000000000
2026/09/17 15:38:49.050, 1, 79, 65.27, 48, 8433, 1265, 715, P0, 0x0000000000000000
2026/09/17 15:38:50.060, 0, 79, 111.10, 46, 7908, 1240, 715, P0, 0x0000000000000020
2026/09/17 15:38:50.064, 1, 79, 131.60, 44, 8433, 1290, 715, P0, 0x0000000000000000
2026/09/17 15:38:51.073, 0, 79, 109.10, 42, 7908, 1265, 715, P0, 0x0000000000000000
2026/09/17 15:38:51.080, 1, 78, 95.13, 45, 8433, 1050, 715, P0, 0x0000000000000000
2026/09/17 15:38:52.099, 0, 79, 62.57, 44, 7908, 1290, 715, P0, 0x0000000000000000
2026/09/17 15:38:52.102, 1, 79, 132.79, 47, 8433, 1075, 715, P0, 0x0000000000000020
2026/09/17 15:38:53.113, 0, 79, 77.19, 51, 7908, 1278, 715, P0, 0x0000000000000000
2026/09/17 15:38:53.116, 1, 78, 133.69, 57, 8433, 1189, 715, P0, 0x0000000000000000
2026/09/17 15:38:54.123, 0, 79, 91.54, 43, 7908, 1278, 715, P0, 0x0000000000000000
2026/09/17 15:38:54.126, 1, 79, 125.77, 57, 8433, 1189, 715, P0, 0x0000000000000000
2026/09/17 15:38:55.136, 0, 79, 79.29, 42, 7908, 1278, 715, P0, 0x0000000000000000
2026/09/17 15:38:55.139, 1, 79, 147.15, 57, 8433, 1252, 715, P0, 0x0000000000000000
2026/09/17 15:38:56.150, 0, 79, 61.29, 44, 7908, 1265, 715, P0, 0x0000000000000000
2026/09/17 15:38:56.154, 1, 79, 163.23, 58, 8433, 1252, 715, P0, 0x0000000000000000
2026/09/17 15:38:57.162, 0, 79, 116.05, 50, 7908, 1265, 715, P0, 0x0000000000000000
2026/09/17 15:38:57.165, 1, 79, 88.57, 57, 8433, 1240, 715, P0, 0x0000000000000000
2026/09/17 15:38:58.172, 0, 79, 142.97, 53, 7908, 1265, 715, P0, 0x0000000000000000
2026/09/17 15:38:58.176, 1, 78, 54.58, 49, 8433, 1265, 715, P0, 0x0000000000000000
2026/09/17 15:38:59.185, 0, 79, 70.63, 52, 7908, 1303, 715, P0, 0x0000000000000000
2026/09/17 15:38:59.188, 1, 79, 171.50, 58, 8433, 1316, 715, P0, 0x0000000000000020
2026/09/17 15:39:00.199, 0, 79, 171.20, 40, 7908, 1316, 715, P0, 0x0000000000000020
2026/09/17 15:39:00.202, 1, 79, 73.10, 48, 8433, 1328, 715, P0, 0x0000000000000000
2026/09/17 15:39:01.215, 0, 79, 65.77, 39, 7908, 1290, 715, P0, 0x0000000000000000
2026/09/17 15:39:01.219, 1, 79, 179.95, 50, 8433, 1316, 715, P0, 0x0000000000000020
2026/09/17 15:39:02.227, 0, 78, 75.46, 48, 7908, 1075, 715, P0, 0x0000000000000000
2026/09/17 15:39:02.230, 1, 79, 119.38, 48, 8433, 1328, 715, P0, 0x0000000000000000
2026/09/17 15:39:03.239, 0, 78, 55.27, 49, 7908, 1189, 715, P0, 0x0000000000000000
2026/09/17 15:39:03.244, 1, 79, 174.06, 43, 8433, 1328, 715, P0, 0x0000000000000000
2026/09/17 15:39:04.250, 0, 79, 56.95, 49, 7908, 1189, 715, P0, 0x0000000000000000
2026/09/17 15:39:04.252, 1, 79, 180.94, 43, 8433, 1316, 715, P0, 0x0000000000000000
2026/09/17 15:39:05.262, 0, 78, 149.01, 42, 7908, 1316, 715, P0, 0x0000000000000020
2026/09/17 15:39:05.266, 1, 79, 81.97, 46, 8433, 1303, 715, P0, 0x0000000000000000
2026/09/17 15:39:06.276, 0, 79, 91.34, 43, 7908, 1316, 715, P0, 0x0000000000000020
2026/09/17 15:39:06.279, 1, 79, 169.34, 58, 8433, 1126, 715, P0, 0x0000000000000020
2026/09/17 15:39:07.292, 0, 79, 118.53, 38, 7908, 1278, 715, P0, 0x0000000000000020
2026/09/17 15:39:07.295, 1, 79, 111.93, 53, 8433, 1189, 715, P0, 0x0000000000000000
2026/09/17 15:39:08.301, 0, 79, 166.40, 43, 7908, 1278, 715, P0, 0x0000000000000000
2026/09/17 15:39:08.304, 1, 79, 67.68, 46, 8433, 1189, 715, P0, 0x0000000000000000
2026/09/17 15:39:09.313, 0, 79, 176.64, 49, 7908, 1303, 715, P0, 0x0000000000000020
2026/09/17 15:39:09.316, 1, 78, 58.05, 46, 8433, 1189, 715, P0, 0x0000000000000000
2026/09/17 15:39:10.323, 0, 79, 142.91, 48, 7908, 1303, 715, P0, 0x0000000000000020
2026/09/17 15:39:10.326, 1, 79, 105.66, 45, 8433, 1215, 715, P0, 0x0000000000000000
2026/09/17 15:39:11.334, 0, 79, 72.53, 42, 7908, 1278, 715, P0, 0x0000000000000000
2026/09/17 15:39:11.341, 1, 79, 160.57, 44, 8433, 1290, 715, P0, 0x0000000000000000
2026/09/17 15:39:12.360, 0, 79, 171.34, 38, 7908, 1316, 715, P0, 0x0000000000000020
2026/09/17 15:39:12.363, 1, 79, 68.35, 53, 8433, 1252, 715, P0, 0x0000000000000000
2026/09/17 15:39:13.372, 0, 78, 122.65, 42, 7908, 1189, 715, P0, 0x0000000000000000
2026/09/17 15:39:13.375, 1, 79, 76.11, 48, 8433, 1290, 715, P0, 0x0000000000000000
2026/09/17 15:39:14.385, 0, 78, 104.61, 47, 7908, 1189, 715, P0, 0x0000000000000000
2026/09/17 15:39:14.388, 1, 79, 94.07, 42, 8433, 1265, 715, P0, 0x0000000000000020
2026/09/17 15:39:15.399, 0, 78, 129.84, 49, 7908, 1227, 715, P0, 0x0000000000000000
2026/09/17 15:39:15.402, 1, 79, 76.11, 46, 8433, 1252, 715, P0, 0x0000000000000000
2026/09/17 15:39:16.409, 0, 78, 169.83, 45, 7908, 1303, 715, P0, 0x0000000000000000
2026/09/17 15:39:16.412, 1, 79, 80.80, 43, 8433, 1278, 715, P0, 0x0000000000000000
2026/09/17 15:39:17.434, 0, 79, 86.65, 38, 7908, 1303, 715, P0, 0x0000000000000000
2026/09/17 15:39:17.437, 1, 79, 114.69, 54, 8433, 1303, 715, P0, 0x0000000000000000
2026/09/17 15:39:18.447, 0, 79, 141.89, 51, 7908, 1316, 715, P0, 0x0000000000000000
2026/09/17 15:39:18.453, 1, 79, 120.29, 43, 8433, 1316, 715, P0, 0x0000000000000020
2026/09/17 15:39:19.459, 0, 78, 47.63, 77, 7908, 860, 715, P0, 0x0000000000000000
2026/09/17 15:39:19.462, 1, 78, 165.12, 32, 8433, 1252, 715, P0, 0x0000000000000000
2026/09/17 15:39:20.474, 0, 78, 111.81, 54, 7908, 1037, 715, P0, 0x0000000000000020
2026/09/17 15:39:20.480, 1, 79, 142.57, 45, 8433, 1316, 715, P0, 0x0000000000000000
2026/09/17 15:39:21.502, 0, 79, 61.73, 55, 7908, 1189, 715, P0, 0x0000000000000000
2026/09/17 15:39:21.505, 1, 79, 180.05, 47, 8433, 1328, 715, P0, 0x0000000000000000
2026/09/17 15:39:22.516, 0, 79, 72.12, 51, 7908, 1278, 715, P0, 0x0000000000000000
2026/09/17 15:39:22.519, 1, 79, 140.00, 56, 8433, 1189, 715, P0, 0x0000000000000000
2026/09/17 15:39:23.529, 0, 79, 76.65, 42, 7908, 1316, 715, P0, 0x0000000000000020
2026/09/17 15:39:23.532, 1, 78, 136.80, 58, 8433, 1189, 715, P0, 0x0000000000000020
2026/09/17 15:39:24.539, 0, 79, 72.84, 41, 7908, 1303, 715, P0, 0x0000000000000000
2026/09/17 15:39:24.542, 1, 78, 138.24, 58, 8433, 1189, 715, P0, 0x0000000000000000
2026/09/17 15:39:25.551, 0, 79, 70.65, 38, 7908, 1328, 715, P0, 0x0000000000000000
2026/09/17 15:39:25.554, 1, 79, 150.88, 59, 8433, 1227, 715, P0, 0x0000000000000000
2026/09/17 15:39:26.577, 0, 79, 84.53, 39, 7908, 468, 715, P0, 0x0000000000000020
2026/09/17 15:39:26.591, 1, 79, 63.35, 59, 8433, 1240, 715, P0, 0x0000000000000000
2026/09/17 15:39:27.602, 0, 78, 54.36, 54, 7908, 987, 715, P0, 0x0000000000000000
2026/09/17 15:39:27.605, 1, 78, 150.96, 43, 8433, 1252, 715, P0, 0x0000000000000000
2026/09/17 15:39:28.615, 0, 78, 72.13, 46, 7908, 1101, 715, P0, 0x0000000000000020
2026/09/17 15:39:28.618, 1, 79, 141.29, 52, 8433, 1252, 715, P0, 0x0000000000000000
2026/09/17 15:39:29.625, 0, 78, 72.73, 42, 7908, 1202, 715, P0, 0x0000000000000000
2026/09/17 15:39:29.628, 1, 79, 168.65, 56, 8433, 1328, 715, P0, 0x0000000000000000
2026/09/17 15:39:30.636, 0, 79, 90.71, 46, 7908, 1278, 715, P0, 0x0000000000000000
2026/09/17 15:39:30.643, 1, 79, 119.50, 50, 8433, 1303, 715, P0, 0x0000000000000000
2026/09/17 15:39:31.651, 0, 79, 145.05, 52, 7908, 1278, 715, P0, 0x0000000000000000
2026/09/17 15:39:31.654, 1, 79, 106.61, 43, 8433, 1290, 715, P0, 0x0000000000000000
2026/09/17 15:39:32.662, 0, 79, 68.47, 42, 7908, 1303, 715, P0, 0x0000000000000000
2026/09/17 15:39:32.666, 1, 79, 170.90, 55, 8433, 1290, 715, P0, 0x0000000000000000
2026/09/17 15:39:33.673, 0, 79, 159.45, 40, 7908, 1303, 715, P0, 0x0000000000000000
2026/09/17 15:39:33.676, 1, 79, 71.69, 54, 8433, 1265, 715, P0, 0x0000000000000000
2026/09/17 15:39:34.683, 0, 79, 93.82, 53, 7908, 1290, 715, P0, 0x0000000000000000
2026/09/17 15:39:34.689, 1, 79, 149.16, 43, 8433, 1290, 715, P0, 0x0000000000000000
2026/09/17 15:39:35.694, 0, 79, 62.70, 47, 7908, 1278, 715, P0, 0x0000000000000000
2026/09/17 15:39:35.697, 1, 79, 139.72, 52, 8433, 1303, 715, P0, 0x0000000000000000
2026/09/17 15:39:36.706, 0, 78, 57.22, 0, 7908, 1328, 715, P0, 0x0000000000000000
2026/09/17 15:39:36.710, 1, 78, 59.37, 100, 8433, 405, 715, P0, 0x0000000000000020
2026/09/17 15:39:37.718, 0, 78, 63.53, 37, 7908, 1328, 715, P0, 0x0000000000000000
2026/09/17 15:39:37.721, 1, 78, 81.87, 59, 8433, 772, 715, P0, 0x0000000000000020
2026/09/17 15:39:38.747, 0, 79, 144.55, 46, 7908, 1328, 715, P0, 0x0000000000000000
2026/09/17 15:39:38.753, 1, 78, 81.03, 53, 8433, 1202, 715, P0, 0x0000000000000020
2026/09/17 15:39:39.762, 0, 79, 136.65, 47, 7908, 1189, 715, P0, 0x0000000000000000
2026/09/17 15:39:39.765, 1, 79, 68.71, 54, 8433, 1316, 715, P0, 0x0000000000000020
2026/09/17 15:39:40.771, 0, 78, 131.85, 55, 7908, 1189, 715, P0, 0x0000000000000020
2026/09/17 15:39:40.780, 1, 79, 73.46, 45, 8433, 1328, 715, P0, 0x0000000000000000
2026/09/17 15:39:41.787, 0, 78, 141.51, 53, 7908, 1215, 715, P0, 0x0000000000000000
2026/09/17 15:39:41.790, 1, 79, 69.86, 43, 8433, 1328, 715, P0, 0x0000000000000000
2026/09/17 15:39:42.799, 0, 78, 139.82, 54, 7908, 1202, 715, P0, 0x0000000000000020
2026/09/17 15:39:42.803, 1, 79, 101.64, 46, 8433, 1316, 715, P0, 0x0000000000000020
2026/09/17 15:39:43.814, 0, 79, 66.52, 46, 7908, 1278, 715, P0, 0x0000000000000000
2026/09/17 15:39:43.817, 1, 79, 181.97, 55, 8433, 1328, 715, P0, 0x0000000000000000
2026/09/17 15:39:44.825, 0, 78, 156.68, 38, 7908, 1265, 715, P0, 0x0000000000000000
2026/09/17 15:39:44.828, 1, 80, 72.70, 52, 8433, 1316, 715, P0, 0x0000000000000000
2026/09/17 15:39:45.842, 0, 79, 64.14, 54, 7908, 1303, 715, P0, 0x0000000000000000
2026/09/17 15:39:45.846, 1, 79, 172.73, 45, 8433, 1290, 715, P0, 0x0000000000000000
2026/09/17 15:39:46.853, 0, 79, 164.57, 38, 7908, 1316, 715, P0, 0x0000000000000000
2026/09/17 15:39:46.856, 1, 79, 122.10, 58, 8433, 1316, 715, P0, 0x0000000000000020
2026/09/17 15:39:47.877, 0, 79, 175.49, 52, 7908, 1328, 715, P0, 0x0000000000000000
2026/09/17 15:39:47.883, 1, 80, 74.29, 43, 8433, 1316, 715, P0, 0x0000000000000000
2026/09/17 15:39:48.889, 0, 78, 134.05, 53, 7908, 1101, 715, P0, 0x0000000000000020
2026/09/17 15:39:48.892, 1, 79, 64.64, 47, 8433, 1265, 715, P0, 0x0000000000000000
2026/09/17 15:39:49.900, 0, 78, 128.59, 47, 7908, 1189, 715, P0, 0x0000000000000000
2026/09/17 15:39:49.907, 1, 79, 66.77, 44, 8433, 1202, 715, P0, 0x0000000000000000
2026/09/17 15:39:50.913, 0, 78, 132.96, 42, 7908, 1240, 715, P0, 0x0000000000000000
2026/09/17 15:39:50.917, 1, 79, 77.55, 49, 8433, 1215, 715, P0, 0x0000000000000000
2026/09/17 15:39:51.923, 0, 79, 171.25, 42, 7908, 1303, 715, P0, 0x0000000000000000
2026/09/17 15:39:51.926, 1, 79, 64.06, 46, 8433, 1252, 715, P0, 0x0000000000000000
2026/09/17 15:39:52.932, 0, 79, 106.04, 51, 7908, 1303, 715, P0, 0x0000000000000000
2026/09/17 15:39:52.937, 1, 79, 135.43, 44, 8433, 1252, 715, P0, 0x0000000000000000
2026/09/17 15:39:53.945, 0, 79, 65.12, 37, 7908, 1303, 715, P0, 0x0000000000000000
2026/09/17 15:39:53.948, 1, 79, 154.40, 54, 8433, 1227, 715, P0, 0x0000000000000000
2026/09/17 15:39:54.957, 0, 79, 151.40, 41, 7908, 1328, 715, P0, 0x0000000000000000
2026/09/17 15:39:54.962, 1, 79, 77.69, 48, 8433, 1278, 715, P0, 0x0000000000000020
2026/09/17 15:39:55.969, 0, 79, 135.52, 50, 7908, 1316, 715, P0, 0x0000000000000020
2026/09/17 15:39:55.974, 1, 79, 124.17, 46, 8433, 1303, 715, P0, 0x0000000000000020
2026/09/17 15:39:56.981, 0, 80, 76.82, 51, 7908, 1303, 715, P0, 0x0000000000000000
2026/09/17 15:39:56.984, 1, 79, 156.13, 53, 8433, 1290, 715, P0, 0x0000000000000020
2026/09/17 15:39:57.992, 0, 78, 47.84, 51, 7908, 999, 715, P0, 0x0000000000000000
2026/09/17 15:39:57.995, 1, 79, 170.14, 53, 8433, 1316, 715, P0, 0x0000000000000020
2026/09/17 15:39:59.001, 0, 78, 66.57, 51, 7908, 1189, 715, P0, 0x0000000000000000
2026/09/17 15:39:59.010, 1, 79, 159.68, 43, 8433, 1290, 715, P0, 0x0000000000000000
2026/09/17 15:40:00.030, 0, 78, 60.52, 46, 7908, 1240, 715, P0, 0x0000000000000000
2026/09/17 15:40:00.033, 1, 79, 181.41, 43, 8433, 1290, 715, P0, 0x0000000000000020
2026/09/17 15:40:01.044, 0, 79, 133.46, 47, 7908, 1303, 715, P0, 0x0000000000000000
2026/09/17 15:40:01.047, 1, 79, 91.31, 43, 8433, 1278, 715, P0, 0x0000000000000020
2026/09/17 15:40:02.056, 0, 78, 167.66, 52, 7908, 1303, 715, P0, 0x0000000000000000
2026/09/17 15:40:02.060, 1, 79, 67.18, 47, 8433, 1316, 715, P0, 0x0000000000000020
2026/09/17 15:40:03.070, 0, 79, 131.90, 53, 7908, 1278, 715, P0, 0x0000000000000020
2026/09/17 15:40:03.076, 1, 79, 56.62, 52, 8433, 405, 715, P0, 0x0000000000000020
2026/09/17 15:40:04.083, 0, 78, 131.72, 38, 7908, 1265, 715, P0, 0x0000000000000000
2026/09/17 15:40:04.086, 1, 78, 60.56, 57, 8433, 784, 715, P0, 0x0000000000000000
2026/09/17 15:40:05.096, 0, 79, 86.71, 47, 7908, 1328, 715, P0, 0x0000000000000000
2026/09/17 15:40:05.099, 1, 78, 135.84, 50, 8433, 1126, 715, P0, 0x0000000000000020
2026/09/17 15:40:06.122, 0, 79, 65.15, 43, 7908, 1328, 715, P0, 0x0000000000000000
2026/09/17 15:40:06.125, 1, 78, 118.34, 48, 8433, 1139, 715, P0, 0x0000000000000020
2026/09/17 15:40:07.150, 0, 79, 133.63, 46, 7908, 1164, 715, P0, 0x0000000000000020
2026/09/17 15:40:07.155, 1, 78, 60.55, 49, 8433, 1189, 715, P0, 0x0000000000000000
2026/09/17 15:40:08.162, 0, 78, 115.31, 48, 7908, 1290, 715, P0, 0x0000000000000020
2026/09/17 15:40:08.176, 1, 79, 65.79, 43, 8433, 1227, 715, P0, 0x0000000000000000
2026/09/17 15:40:09.188, 0, 78, 155.90, 50, 7908, 1316, 715, P0, 0x0000000000000020
2026/09/17 15:40:09.193, 1, 79, 101.56, 43, 8433, 1252, 715, P0, 0x0000000000000000
2026/09/17 15:40:10.197, 0, 79, 69.88, 52, 7908, 1278, 715, P0, 0x0000000000000000
2026/09/17 15:40:10.200, 1, 79, 162.03, 48, 8433, 1290, 715, P0, 0x0000000000000000
2026/09/17 15:40:11.211, 0, 79, 147.27, 41, 7908, 1303, 715, P0, 0x0000000000000000
2026/09/17 15:40:11.215, 1, 79, 78.23, 51, 8433, 1265, 715, P0, 0x0000000000000000
2026/09/17 15:40:12.221, 0, 80, 113.90, 40, 7908, 1265, 715, P0, 0x0000000000000020
2026/09/17 15:40:12.224, 1, 79, 136.51, 43, 8433, 1303, 715, P0, 0x0000000000000000
2026/09/17 15:40:13.233, 0, 79, 79.91, 53, 7908, 1316, 715, P0, 0x0000000000000020
2026/09/17 15:40:13.238, 1, 79, 119.71, 55, 8433, 1290, 715, P0, 0x0000000000000020
2026/09/17 15:40:14.258, 0, 80, 131.28, 48, 7908, 1316, 715, P0, 0x0000000000000000
2026/09/17 15:40:14.261, 1, 79, 120.88, 58, 8433, 1252, 715, P0, 0x0000000000000000
2026/09/17 15:40:15.269, 0, 78, 52.91, 12, 7908, 1265, 715, P0, 0x0000000000000000
2026/09/17 15:40:15.272, 1, 79, 147.94, 99, 8433, 1328, 715, P0, 0x0000000000000000
2026/09/17 15:40:16.279, 0, 78, 127.36, 41, 7908, 1240, 715, P0, 0x0000000000000000
2026/09/17 15:40:16.284, 1, 79, 85.43, 42, 8433, 1290, 715, P0, 0x0000000000000000
2026/09/17 15:40:17.289, 0, 79, 158.08, 47, 7908, 1240, 715, P0, 0x0000000000000000
2026/09/17 15:40:17.292, 1, 79, 81.28, 50, 8433, 1328, 715, P0, 0x0000000000000000
2026/09/17 15:40:18.303, 0, 78, 49.95, 9, 7908, 1202, 715, P0, 0x0000000000000000
2026/09/17 15:40:18.306, 1, 78, 62.97, 79, 8433, 405, 715, P0, 0x0000000000000020
2026/09/17 15:40:19.331, 0, 78, 84.46, 41, 7908, 1240, 715, P0, 0x0000000000000000
2026/09/17 15:40:19.334, 1, 78, 108.75, 49, 8433, 1101, 715, P0, 0x0000000000000000
2026/09/17 15:40:20.341, 0, 79, 124.68, 38, 7908, 1316, 715, P0, 0x0000000000000000
2026/09/17 15:40:20.347, 1, 78, 111.21, 51, 8433, 1189, 715, P0, 0x0000000000000000
2026/09/17 15:40:21.351, 0, 79, 90.95, 38, 7908, 1316, 715, P0, 0x0000000000000000
2026/09/17 15:40:21.354, 1, 78, 150.03, 48, 8433, 1278, 715, P0, 0x0000000000000000
2026/09/17 15:40:22.360, 0, 79, 131.76, 43, 7908, 1316, 715, P0, 0x0000000000000000
2026/09/17 15:40:22.363, 1, 79, 96.58, 49, 8433, 1278, 715, P0, 0x0000000000000020
2026/09/17 15:40:23.373, 0, 79, 111.92, 53, 7908, 1303, 715, P0, 0x0000000000000020
2026/09/17 15:40:23.375, 1, 79, 134.86, 59, 8433, 1290, 715, P0, 0x0000000000000000
2026/09/17 15:40:24.385, 0, 79, 90.85, 40, 7908, 1316, 715, P0, 0x0000000000000020
2026/09/17 15:40:24.389, 1, 79, 114.20, 47, 8433, 1290, 715, P0, 0x0000000000000000
2026/09/17 15:40:25.397, 0, 79, 172.31, 53, 7908, 1316, 715, P0, 0x0000000000000020
2026/09/17 15:40:25.402, 1, 79, 92.42, 47, 8433, 1265, 715, P0, 0x0000000000000000
2026/09/17 15:40:26.411, 0, 80, 71.13, 44, 7908, 1278, 715, P0, 0x0000000000000000
2026/09/17 15:40:26.414, 1, 79, 161.71, 58, 8433, 1265, 715, P0, 0x0000000000000000
2026/09/17 15:40:27.422, 0, 79, 137.69, 38, 7908, 1278, 715, P0, 0x0000000000000000
2026/09/17 15:40:27.428, 1, 79, 82.70, 54, 8433, 1278, 715, P0, 0x0000000000000000
2026/09/17 15:40:28.434, 0, 79, 152.13, 42, 7908, 1316, 715, P0, 0x0000000000000020
2026/09/17 15:40:28.437, 1, 79, 103.24, 43, 8433, 1252, 715, P0, 0x0000000000000000
2026/09/17 15:40:29.443, 0, 79, 111.09, 41, 7908, 999, 715, P0, 0x0000000000000020
2026/09/17 15:40:29.455, 1, 79, 126.78, 50, 8433, 1303, 715, P0, 0x0000000000000000
2026/09/17 15:40:30.471, 0, 79, 115.90, 44, 7908, 1075, 715, P0, 0x0000000000000020
2026/09/17 15:40:30.476, 1, 79, 116.03, 44, 8433, 1303, 715, P0, 0x0000000000000000
2026/09/17 15:40:31.484, 0, 79, 142.60, 50, 7908, 1189, 715, P0, 0x0000000000000000
2026/09/17 15:40:31.487, 1, 79, 69.43, 47, 8433, 1265, 715, P0, 0x0000000000000000
2026/09/17 15:40:32.498, 0, 79, 111.22, 50, 7908, 1215, 715, P0, 0x0000000000000020
2026/09/17 15:40:32.501, 1, 79, 136.54, 50, 8433, 1303, 715, P0, 0x0000000000000000
2026/09/17 15:40:33.509, 0, 79, 71.12, 47, 7908, 1265, 715, P0, 0x0000000000000000
2026/09/17 15:40:33.516, 1, 79, 160.97, 46, 8433, 1290, 715, P0, 0x0000000000000000
2026/09/17 15:40:34.524, 0, 79, 122.69, 40, 7908, 1278, 715, P0, 0x0000000000000000
2026/09/17 15:40:34.527, 1, 79, 96.80, 45, 8433, 1265, 715, P0, 0x0000000000000020
2026/09/17 15:40:35.533, 0, 79, 152.36, 39, 7908, 1240, 715, P0, 0x0000000000000000
2026/09/17 15:40:35.536, 1, 79, 66.94, 52, 8433, 1303, 715, P0, 0x0000000000000000
2026/09/17 15:40:36.550, 0, 79, 83.07, 42, 7908, 1278, 715, P0, 0x0000000000000000
2026/09/17 15:40:36.554, 1, 79, 156.98, 58, 8433, 1290, 715, P0, 0x0000000000000000
2026/09/17 15:40:37.562, 0, 79, 103.37, 49, 7908, 1278, 715, P0, 0x0000000000000000
2026/09/17 15:40:37.568, 1, 79, 110.67, 54, 8433, 1252, 715, P0, 0x0000000000000020
2026/09/17 15:40:38.580, 0, 79, 162.03, 52, 7908, 1278, 715, P0, 0x0000000000000000
2026/09/17 15:40:38.582, 1, 79, 64.27, 48, 8433, 1252, 715, P0, 0x0000000000000000
2026/09/17 15:40:39.590, 0, 78, 52.62, 19, 7908, 1240, 715, P0, 0x0000000000000000
2026/09/17 15:40:39.593, 1, 78, 63.49, 93, 8433, 405, 715, P0, 0x0000000000000020
2026/09/17 15:40:40.604, 0, 79, 154.48, 45, 7908, 1328, 715, P0, 0x0000000000000000
2026/09/17 15:40:40.607, 1, 78, 85.87, 52, 8433, 1164, 715, P0, 0x0000000000000000
2026/09/17 15:40:41.615, 0, 79, 176.29, 51, 7908, 1316, 715, P0, 0x0000000000000020
2026/09/17 15:40:41.618, 1, 78, 55.91, 59, 8433, 1189, 715, P0, 0x0000000000000000
2026/09/17 15:40:42.631, 0, 79, 136.01, 52, 7908, 1316, 715, P0, 0x0000000000000020
2026/09/17 15:40:42.633, 1, 78, 112.87, 59, 8433, 1227, 715, P0, 0x0000000000000000
2026/09/17 15:40:43.645, 0, 79, 66.06, 48, 7908, 1316, 715, P0, 0x0000000000000020
2026/09/17 15:40:43.648, 1, 79, 162.64, 53, 8433, 1252, 715, P0, 0x0000000000000000
2026/09/17 15:40:44.664, 0, 79, 175.66, 39, 7908, 1303, 715, P0, 0x0000000000000000
2026/09/17 15:40:44.668, 1, 79, 75.69, 45, 8433, 1290, 715, P0, 0x0000000000000000
2026/09/17 15:40:45.691, 0, 79, 97.11, 42, 7908, 1303, 715, P0, 0x0000000000000000
2026/09/17 15:40:45.695, 1, 79, 115.15, 55, 8433, 1265, 715, P0, 0x0000000000000020
2026/09/17 15:40:46.700, 0, 79, 55.75, 41, 7908, 1177, 715, P0, 0x0000000000000000
2026/09/17 15:40:46.703, 1, 79, 180.34, 55, 8433, 1290, 715, P0, 0x0000000000000020
2026/09/17 15:40:47.727, 0, 79, 52.40, 43, 7908, 1189, 715, P0, 0x0000000000000000
2026/09/17 15:40:47.730, 1, 79, 139.29, 50, 8433, 1265, 715, P0, 0x0000000000000020
2026/09/17 15:40:48.754, 0, 78, 103.28, 47, 7908, 1189, 715, P0, 0x0000000000000000
2026/09/17 15:40:48.757, 1, 79, 94.56, 43, 8433, 1290, 715, P0, 0x0000000000000000
2026/09/17 15:40:49.774, 0, 78, 122.02, 52, 7908, 1189, 715, P0, 0x0000000000000000
2026/09/17 15:40:49.778, 1, 79, 77.08, 43, 8433, 1290, 715, P0, 0x0000000000000000
2026/09/17 15:40:50.789, 0, 78, 132.35, 54, 7908, 1189, 715, P0, 0x0000000000000000
2026/09/17 15:40:50.792, 1, 79, 70.86, 43, 8433, 1290, 715, P0, 0x0000000000000000
2026/09/17 15:40:51.797, 0, 78, 159.04, 52, 7908, 1252, 715, P0, 0x0000000000000000
2026/09/17 15:40:51.800, 1, 79, 66.20, 43, 8433, 1290, 715, P0, 0x0000000000000000
2026/09/17 15:40:52.813, 0, 79, 91.44, 51, 7908, 1240, 715, P0, 0x0000000000000000
2026/09/17 15:40:52.816, 1, 79, 146.60, 43, 8433, 1303, 715, P0, 0x0000000000000000
2026/09/17 15:40:53.827, 0, 78, 141.65, 5, 7908, 1189, 715, P0, 0x0000000000000000
2026/09/17 15:40:53.832, 1, 79, 60.07, 59, 8433, 1227, 715, P0, 0x0000000000000000
2026/09/17 15:40:54.853, 0, 79, 63.66, 45, 7908, 1316, 715, P0, 0x0000000000000020
2026/09/17 15:40:54.856, 1, 79, 171.98, 45, 8433, 1290, 715, P0, 0x0000000000000000
2026/09/17 15:40:55.867, 0, 79, 171.97, 40, 7908, 1265, 715, P0, 0x0000000000000020
2026/09/17 15:40:55.876, 1, 79, 101.47, 48, 8433, 1303, 715, P0, 0x0000000000000000
2026/09/17 15:40:56.892, 0, 79, 87.19, 53, 7908, 1303, 715, P0, 0x0000000000000000
2026/09/17 15:40:56.895, 1, 80, 130.99, 58, 8433, 1303, 715, P0, 0x0000000000000020
2026/09/17 15:40:57.904, 0, 79, 84.61, 44, 7908, 1303, 715, P0, 0x0000000000000000
2026/09/17 15:40:57.907, 1, 78, 71.37, 57, 8433, 898, 715, P0, 0x0000000000000020
2026/09/17 15:40:58.917, 0, 79, 67.34, 38, 7908, 1278, 715, P0, 0x0000000000000000
2026/09/17 15:40:58.923, 1, 79, 144.55, 58, 8433, 1215, 715, P0, 0x0000000000000020
2026/09/17 15:40:59.927, 0, 79, 66.80, 37, 7908, 1290, 715, P0, 0x0000000000000000
2026/09/17 15:40:59.931, 1, 79, 159.56, 58, 8433, 1290, 715, P0, 0x0000000000000020
2026/09/17 15:41:00.939, 0, 79, 149.26, 42, 7908, 1316, 715, P0, 0x0000000000000000
2026/09/17 15:41:00.941, 1, 79, 79.37, 57, 8433, 1290, 715, P0, 0x0000000000000020
2026/09/17 15:41:01.950, 0, 79, 142.65, 50, 7908, 1303, 715, P0, 0x0000000000000000
2026/09/17 15:41:01.954, 1, 79, 109.10, 48, 8433, 1252, 715, P0, 0x0000000000000000
2026/09/17 15:41:02.961, 0, 79, 140.22, 49, 7908, 1075, 715, P0, 0x0000000000000020
2026/09/17 15:41:02.964, 1, 79, 77.87, 50, 8433, 1303, 715, P0, 0x0000000000000000
2026/09/17 15:41:03.974, 0, 78, 135.94, 41, 7908, 1189, 715, P0, 0x0000000000000000
2026/09/17 15:41:03.977, 1, 79, 65.83, 56, 8433, 1290, 715, P0, 0x0000000000000000
2026/09/17 15:41:04.985, 0, 78, 125.43, 41, 7908, 1189, 715, P0, 0x0000000000000000
2026/09/17 15:41:04.988, 1, 79, 78.51, 51, 8433, 1303, 715, P0, 0x0000000000000000
2026/09/17 15:41:05.997, 0, 78, 128.33, 45, 7908, 1189, 715, P0, 0x0000000000000000
2026/09/17 15:41:06.001, 1, 79, 70.87, 49, 8433, 1227, 715, P0, 0x0000000000000000
2026/09/17 15:41:07.009, 0, 78, 145.01, 48, 7908, 1240, 715, P0, 0x0000000000000000
2026/09/17 15:41:07.012, 1, 79, 73.88, 45, 8433, 1278, 715, P0, 0x0000000000000000
2026/09/17 15:41:08.021, 0, 79, 148.37, 48, 7908, 1227, 715, P0, 0x0000000000000000
2026/09/17 15:41:08.024, 1, 79, 65.53, 46, 8433, 1278, 715, P0, 0x0000000000000000
2026/09/17 15:41:09.046, 0, 79, 87.63, 48, 7908, 1265, 715, P0, 0x0000000000000000
2026/09/17 15:41:09.050, 1, 79, 155.53, 48, 8433, 1303, 715, P0, 0x0000000000000000
2026/09/17 15:41:10.059, 0, 79, 60.79, 42, 7908, 1278, 715, P0, 0x0000000000000000
2026/09/17 15:41:10.062, 1, 79, 147.58, 54, 8433, 1290, 715, P0, 0x0000000000000020
2026/09/17 15:41:11.070, 0, 79, 148.56, 47, 7908, 1328, 715, P0, 0x0000000000000000
2026/09/17 15:41:11.075, 1, 79, 75.81, 57, 8433, 1265, 715, P0, 0x0000000000000000
2026/09/17 15:41:12.083, 0, 79, 136.98, 52, 7908, 1316, 715, P0, 0x0000000000000020
2026/09/17 15:41:12.088, 1, 79, 113.30, 56, 8433, 1202, 715, P0, 0x0000000000000000
2026/09/17 15:41:13.108, 0, 79, 63.90, 52, 7908, 1316, 715, P0, 0x0000000000000020
2026/09/17 15:41:13.111, 1, 79, 134.47, 49, 8433, 1215, 715, P0, 0x0000000000000020
2026/09/17 15:41:14.133, 0, 79, 171.28, 46, 7908, 1278, 715, P0, 0x0000000000000000
2026/09/17 15:41:14.136, 1, 79, 63.81, 44, 8433, 1227, 715, P0, 0x0000000000000000
2026/09/17 15:41:15.147, 0, 79, 71.48, 43, 7908, 772, 715, P0, 0x0000000000000020
2026/09/17 15:41:15.156, 1, 79, 139.15, 47, 8433, 1240, 715, P0, 0x0000000000000000
2026/09/17 15:41:16.175, 0, 78, 138.05, 48, 7908, 1113, 715, P0, 0x0000000000000020
2026/09/17 15:41:16.179, 1, 79, 60.33, 44, 8433, 1290, 715, P0, 0x0000000000000000
2026/09/17 15:41:17.189, 0, 78, 133.23, 41, 7908, 1189, 715, P0, 0x0000000000000000
2026/09/17 15:41:17.192, 1, 79, 69.65, 54, 8433, 1265, 715, P0, 0x0000000000000000
2026/09/17 15:41:18.201, 0, 79, 131.85, 42, 7908, 1202, 715, P0, 0x0000000000000000
2026/09/17 15:41:18.205, 1, 79, 75.38, 57, 8433, 1303, 715, P0, 0x0000000000000000
2026/09/17 15:41:19.218, 0, 79, 146.79, 44, 7908, 1227, 715, P0, 0x0000000000000000
2026/09/17 15:41:19.221, 1, 79, 63.89, 57, 8433, 1290, 715, P0, 0x0000000000000000
2026/09/17 15:41:20.244, 0, 79, 105.83, 46, 7908, 1202, 715, P0, 0x0000000000000000
2026/09/17 15:41:20.248, 1, 79, 138.49, 56, 8433, 1303, 715, P0, 0x0000000000000000
2026/09/17 15:41:21.258, 0, 79, 74.93, 45, 7908, 1252, 715, P0, 0x0000000000000000
2026/09/17 15:41:21.261, 1, 79, 162.63, 57, 8433, 1303, 715, P0, 0x0000000000000000
2026/09/17 15:41:22.269, 0, 79, 63.44, 42, 7908, 1290, 715, P0, 0x0000000000000000
2026/09/17 15:41:22.272, 1, 79, 121.19, 58, 8433, 1240, 715, P0, 0x0000000000000000
2026/09/17 15:41:23.285, 0, 79, 163.12, 49, 7908, 1316, 715, P0, 0x0000000000000020
2026/09/17 15:41:23.288, 1, 79, 66.00, 51, 8433, 1252, 715, P0, 0x0000000000000000
2026/09/17 15:41:24.299, 0, 79, 117.53, 52, 7908, 1316, 715, P0, 0x0000000000000020
2026/09/17 15:41:24.302, 1, 79, 117.80, 45, 8433, 1227, 715, P0, 0x0000000000000000
2026/09/17 15:41:25.309, 0, 79, 78.07, 53, 7908, 1316, 715, P0, 0x0000000000000020
2026/09/17 15:41:25.311, 1, 79, 148.73, 43, 8433, 1252, 715, P0, 0x0000000000000000
2026/09/17 15:41:26.324, 0, 79, 91.23, 50, 7908, 1303, 715, P0, 0x0000000000000000
2026/09/17 15:41:26.328, 1, 79, 113.97, 47, 8433, 1265, 715, P0, 0x0000000000000000
2026/09/17 15:41:27.336, 0, 79, 149.17, 46, 7908, 1278, 715, P0, 0x0000000000000000
2026/09/17 15:41:27.339, 1, 79, 71.26, 53, 8433, 1252, 715, P0, 0x0000000000000000
2026/09/17 15:41:28.348, 0, 79, 163.50, 43, 7908, 1278, 715, P0, 0x0000000000000000
2026/09/17 15:41:28.351, 1, 79, 97.54, 56, 8433, 1265, 715, P0, 0x0000000000000000
2026/09/17 15:41:29.364, 0, 79, 79.53, 38, 7908, 1290, 715, P0, 0x0000000000000000
2026/09/17 15:41:29.367, 1, 79, 140.76, 58, 8433, 1202, 715, P0, 0x0000000000000000
2026/09/17 15:41:30.377, 0, 79, 75.69, 38, 7908, 1265, 715, P0, 0x0000000000000000
2026/09/17 15:41:30.384, 1, 79, 122.35, 55, 8433, 1240, 715, P0, 0x0000000000000000
2026/09/17 15:41:31.390, 0, 79, 141.51, 37, 7908, 1189, 715, P0, 0x0000000000000000
2026/09/17 15:41:31.393, 1, 79, 56.49, 91, 8433, 1189, 715, P0, 0x0000000000000000
2026/09/17 15:41:32.403, 0, 79, 92.16, 53, 7908, 1328, 715, P0, 0x0000000000000000
2026/09/17 15:41:32.406, 1, 79, 147.34, 45, 8433, 1265, 715, P0, 0x0000000000000000
2026/09/17 15:41:33.414, 0, 78, 42.05, 78, 7908, 430, 715, P0, 0x0000000000000000
2026/09/17 15:41:33.417, 1, 79, 187.51, 29, 8433, 1290, 715, P0, 0x0000000000000020
2026/09/17 15:41:34.429, 0, 78, 73.33, 49, 7908, 987, 715, P0, 0x0000000000000020
2026/09/17 15:41:34.432, 1, 79, 147.64, 48, 8433, 1316, 715, P0, 0x0000000000000020
2026/09/17 15:41:35.442, 0, 78, 93.18, 41, 7908, 1189, 715, P0, 0x0000000000000000
2026/09/17 15:41:35.448, 1, 79, 82.08, 44, 8433, 784, 715, P0, 0x0000000000000000
2026/09/17 15:41:36.453, 0, 79, 137.78, 39, 7908, 1227, 715, P0, 0x0000000000000000
2026/09/17 15:41:36.456, 1, 78, 85.46, 47, 8433, 1151, 715, P0, 0x0000000000000000
2026/09/17 15:41:37.462, 0, 79, 159.31, 49, 7908, 1278, 715, P0, 0x0000000000000000
2026/09/17 15:41:37.467, 1, 78, 54.26, 58, 8433, 1177, 715, P0, 0x0000000000000000
2026/09/17 15:41:38.479, 0, 79, 166.44, 52, 7908, 1303, 715, P0, 0x0000000000000000
2026/09/17 15:41:38.481, 1, 78, 61.18, 58, 8433, 1189, 715, P0, 0x0000000000000000
2026/09/17 15:41:39.490, 0, 79, 164.10, 47, 7908, 1303, 715, P0, 0x0000000000000000
2026/09/17 15:41:39.493, 1, 78, 64.78, 57, 8433, 1265, 715, P0, 0x0000000000000000
2026/09/17 15:41:40.507, 0, 79, 83.32, 42, 7908, 1278, 715, P0, 0x0000000000000000
2026/09/17 15:41:40.513, 1, 79, 147.05, 58, 8433, 1252, 715, P0, 0x0000000000000000
2026/09/17 15:41:41.534, 0, 79, 151.43, 37, 7908, 1303, 715, P0, 0x0000000000000000
2026/09/17 15:41:41.537, 1, 79, 79.62, 50, 8433, 1265, 715, P0, 0x0000000000000000
2026/09/17 15:41:42.544, 0, 79, 124.42, 47, 7908, 1278, 715, P0, 0x0000000000000020
2026/09/17 15:41:42.547, 1, 79, 124.00, 43, 8433, 1290, 715, P0, 0x0000000000000000
2026/09/17 15:41:43.559, 0, 79, 71.33, 51, 7908, 1278, 715, P0, 0x0000000000000000
2026/09/17 15:41:43.562, 1, 79, 156.45, 49, 8433, 1265, 715, P0, 0x0000000000000000
2026/09/17 15:41:44.572, 0, 79, 60.80, 52, 7908, 1303, 715, P0, 0x0000000000000000
2026/09/17 15:41:44.575, 1, 79, 136.66, 51, 8433, 1252, 715, P0, 0x0000000000000000
2026/09/17 15:41:45.583, 0, 79, 126.91, 53, 7908, 1290, 715, P0, 0x0000000000000000
2026/09/17 15:41:45.586, 1, 79, 90.54, 54, 8433, 1290, 715, P0, 0x0000000000000000
2026/09/17 15:41:46.597, 0, 79, 161.92, 51, 7908, 1265, 715, P0, 0x0000000000000020
2026/09/17 15:41:46.601, 1, 79, 64.06, 58, 8433, 1252, 715, P0, 0x0000000000000000
2026/09/17 15:41:47.621, 0, 79, 76.38, 47, 7908, 1265, 715, P0, 0x0000000000000000
2026/09/17 15:41:47.624, 1, 79, 154.16, 57, 8433, 1252, 715, P0, 0x0000000000000000
2026/09/17 15:41:48.633, 0, 79, 59.36, 43, 7908, 1227, 715, P0, 0x0000000000000000
2026/09/17 15:41:48.637, 1, 79, 148.94, 55, 8433, 1252, 715, P0, 0x0000000000000020
2026/09/17 15:41:49.646, 0, 79, 106.33, 40, 7908, 1227, 715, P0, 0x0000000000000000
2026/09/17 15:41:49.649, 1, 79, 96.41, 51, 8433, 1227, 715, P0, 0x0000000000000000
2026/09/17 15:41:50.661, 0, 78, 125.69, 19, 7908, 1240, 715, P0, 0x0000000000000000
2026/09/17 15:41:50.663, 1, 78, 56.26, 67, 8433, 632, 715, P0, 0x0000000000000000
2026/09/17 15:41:51.672, 0, 79, 171.17, 38, 7908, 1328, 715, P0, 0x0000000000000000
2026/09/17 15:41:51.675, 1, 78, 58.54, 55, 8433, 1050, 715, P0, 0x0000000000000020
2026/09/17 15:41:52.686, 0, 79, 160.00, 45, 7908, 1303, 715, P0, 0x0000000000000000
2026/09/17 15:41:52.693, 1, 78, 58.29, 47, 8433, 1227, 715, P0, 0x0000000000000020
2026/09/17 15:41:53.711, 0, 80, 102.39, 46, 7908, 1303, 715, P0, 0x0000000000000000
2026/09/17 15:41:53.714, 1, 78, 138.38, 45, 8433, 1290, 715, P0, 0x0000000000000000
2026/09/17 15:41:54.722, 0, 79, 73.70, 37, 7908, 1215, 715, P0, 0x0000000000000000
2026/09/17 15:41:54.725, 1, 79, 116.23, 53, 8433, 1303, 715, P0, 0x0000000000000000
2026/09/17 15:41:55.736, 0, 79, 135.91, 39, 7908, 1202, 715, P0, 0x0000000000000000
2026/09/17 15:41:55.739, 1, 79, 78.44, 54, 8433, 1316, 715, P0, 0x0000000000000020
2026/09/17 15:41:56.746, 0, 79, 137.46, 54, 7908, 1278, 715, P0, 0x0000000000000020
2026/09/17 15:41:56.758, 1, 79, 121.43, 57, 8433, 1303, 715, P0, 0x0000000000000000
2026/09/17 15:41:57.774, 0, 79, 62.21, 51, 7908, 1278, 715, P0, 0x0000000000000000
2026/09/17 15:41:57.778, 1, 79, 170.90, 55, 8433, 1278, 715, P0, 0x0000000000000000
2026/09/17 15:41:58.787, 0, 79, 112.17, 47, 7908, 1290, 715, P0, 0x0000000000000000
2026/09/17 15:41:58.790, 1, 79, 105.62, 52, 8433, 1290, 715, P0, 0x0000000000000020
2026/09/17 15:41:59.798, 0, 79, 142.82, 46, 7908, 1278, 715, P0, 0x0000000000000000
2026/09/17 15:41:59.801, 1, 79, 78.67, 50, 8433, 1290, 715, P0, 0x0000000000000000
2026/09/17 15:42:00.808, 0, 79, 154.74, 41, 7908, 1240, 715, P0, 0x0000000000000000
2026/09/17 15:42:00.811, 1, 79, 65.05, 46, 8433, 1303, 715, P0, 0x0000000000000000
2026/09/17 15:42:01.820, 0, 79, 113.88, 40, 7908, 1240, 715, P0, 0x0000000000000000
2026/09/17 15:42:01.824, 1, 79, 126.11, 43, 8433, 1265, 715, P0, 0x0000000000000000
2026/09/17 15:42:02.834, 0, 79, 68.72, 39, 7908, 1227, 715, P0, 0x0000000000000000
2026/09/17 15:42:02.837, 1, 79, 160.98, 43, 8433, 1290, 715, P0, 0x0000000000000000
2026/09/17 15:42:03.846, 0, 79, 63.63, 40, 7908, 1240, 715, P0, 0x0000000000000000
2026/09/17 15:42:03.850, 1, 80, 139.76, 44, 8433, 1290, 715, P0, 0x0000000000000020
2026/09/17 15:42:04.858, 0, 79, 124.47, 44, 7908, 1265, 715, P0, 0x0000000000000000
2026/09/17 15:42:04.861, 1, 79, 84.17, 46, 8433, 1290, 715, P0, 0x0000000000000000
2026/09/17 15:42:05.869, 0, 79, 169.03, 50, 7908, 1265, 715, P0, 0x0000000000000020
2026/09/17 15:42:05.874, 1, 79, 82.27, 51, 8433, 1303, 715, P0, 0x0000000000000000
2026/09/17 15:42:06.893, 0, 79, 70.89, 54, 7908, 1265, 715, P0, 0x0000000000000000
2026/09/17 15:42:06.896, 1, 79, 156.29, 57, 8433, 1252, 715, P0, 0x0000000000000000
2026/09/17 15:42:07.904, 0, 79, 62.68, 53, 7908, 1227, 715, P0, 0x0000000000000000
2026/09/17 15:42:07.909, 1, 79, 123.60, 58, 8433, 1252, 715, P0, 0x0000000000000020
2026/09/17 15:42:08.918, 0, 79, 154.99, 100, 7908, 1328, 715, P0, 0x0000000000000000
2026/09/17 15:42:08.921, 1, 78, 55.96, 0, 8433, 1303, 715, P0, 0x0000000000000000
2026/09/17 15:42:09.943, 0, 79, 67.05, 39, 7908, 1227, 715, P0, 0x0000000000000000
2026/09/17 15:42:09.946, 1, 79, 135.16, 55, 8433, 1328, 715, P0, 0x0000000000000000
2026/09/17 15:42:10.956, 0, 79, 163.34, 50, 7908, 1265, 715, P0, 0x0000000000000000
2026/09/17 15:42:10.960, 1, 79, 82.49, 51, 8433, 1328, 715, P0, 0x0000000000000000
2026/09/17 15:42:11.971, 0, 78, 51.65, 19, 7908, 1240, 715, P0, 0x0000000000000000
2026/09/17 15:42:11.976, 1, 78, 61.79, 79, 8433, 405, 715, P0, 0x0000000000000020
2026/09/17 15:42:12.988, 0, 78, 147.96, 44, 7908, 1328, 715, P0, 0x0000000000000000
2026/09/17 15:42:12.991, 1, 78, 53.06, 58, 8433, 949, 715, P0, 0x0000000000000000
2026/09/17 15:42:14.001, 0, 79, 71.37, 37, 7908, 1328, 715, P0, 0x0000000000000000
2026/09/17 15:42:14.005, 1, 78, 112.43, 46, 8433, 1101, 715, P0, 0x0000000000000020
2026/09/17 15:42:15.013, 0, 78, 84.87, 50, 7908, 1101, 715, P0, 0x0000000000000020
2026/09/17 15:42:15.021, 1, 78, 136.01, 55, 8433, 1252, 715, P0, 0x0000000000000000
2026/09/17 15:42:16.039, 0, 78, 141.73, 41, 7908, 1189, 715, P0, 0x0000000000000020
2026/09/17 15:42:16.042, 1, 78, 59.33, 45, 8433, 1252, 715, P0, 0x0000000000000000
2026/09/17 15:42:17.053, 0, 78, 149.38, 47, 7908, 1240, 715, P0, 0x0000000000000020
2026/09/17 15:42:17.060, 1, 79, 110.80, 49, 8433, 1227, 715, P0, 0x0000000000000000
2026/09/17 15:42:18.067, 0, 79, 112.75, 48, 7908, 1265, 715, P0, 0x0000000000000020
2026/09/17 15:42:18.070, 1, 79, 120.26, 48, 8433, 1227, 715, P0, 0x0000000000000000
2026/09/17 15:42:19.077, 0, 79, 75.67, 45, 7908, 1240, 715, P0, 0x0000000000000000
2026/09/17 15:42:19.082, 1, 79, 148.65, 44, 8433, 1252, 715, P0, 0x0000000000000000
2026/09/17 15:42:20.091, 0, 79, 58.60, 40, 7908, 1240, 715, P0, 0x0000000000000000
2026/09/17 15:42:20.096, 1, 79, 138.81, 44, 8433, 1265, 715, P0, 0x0000000000000020
2026/09/17 15:42:21.104, 0, 79, 136.37, 39, 7908, 1265, 715, P0, 0x0000000000000000
2026/09/17 15:42:21.106, 1, 79, 84.41, 45, 8433, 1265, 715, P0, 0x0000000000000020
2026/09/17 15:42:22.115, 0, 79, 133.93, 44, 7908, 1328, 715, P0, 0x0000000000000000
2026/09/17 15:42:22.118, 1, 79, 115.88, 56, 8433, 1240, 715, P0, 0x0000000000000000
2026/09/17 15:42:23.127, 0, 79, 65.10, 52, 7908, 1316, 715, P0, 0x0000000000000000
2026/09/17 15:42:23.130, 1, 79, 157.68, 53, 8433, 1252, 715, P0, 0x0000000000000000
2026/09/17 15:42:24.139, 0, 79, 174.72, 39, 7908, 1316, 715, P0, 0x0000000000000020
2026/09/17 15:42:24.143, 1, 79, 60.92, 43, 8433, 1252, 715, P0, 0x0000000000000000
2026/09/17 15:42:25.155, 0, 78, 97.14, 50, 7908, 1088, 715, P0, 0x0000000000000000
2026/09/17 15:42:25.158, 1, 79, 76.45, 44, 8433, 1265, 715, P0, 0x0000000000000000
2026/09/17 15:42:26.166, 0, 78, 53.34, 45, 7908, 1189, 715, P0, 0x0000000000000000
2026/09/17 15:42:26.174, 1, 79, 145.49, 54, 8433, 1316, 715, P0, 0x0000000000000020
2026/09/17 15:42:27.195, 0, 78, 115.35, 40, 7908, 1189, 715, P0, 0x0000000000000000
2026/09/17 15:42:27.198, 1, 79, 89.50, 56, 8433, 1252, 715, P0, 0x0000000000000020
2026/09/17 15:42:28.211, 0, 78, 148.79, 53, 7908, 1240, 715, P0, 0x0000000000000020
2026/09/17 15:42:28.221, 1, 79, 63.61, 56, 8433, 1290, 715, P0, 0x0000000000000000
2026/09/17 15:42:29.239, 0, 78, 168.47, 23, 7908, 1265, 715, P0, 0x0000000000000000
2026/09/17 15:42:29.242, 1, 78, 50.49, 79, 8433, 531, 715, P0, 0x0000000000000000
2026/09/17 15:42:30.253, 0, 79, 68.06, 50, 7908, 1328, 715, P0, 0x0000000000000000
2026/09/17 15:42:30.261, 1, 78, 131.16, 57, 8433, 1075, 715, P0, 0x0000000000000020
2026/09/17 15:42:31.267, 0, 79, 77.61, 45, 7908, 1328, 715, P0, 0x0000000000000000
2026/09/17 15:42:31.270, 1, 78, 137.51, 58, 8433, 1189, 715, P0, 0x0000000000000020
2026/09/17 15:42:32.280, 0, 79, 68.48, 44, 7908, 1316, 715, P0, 0x0000000000000000
2026/09/17 15:42:32.283, 1, 79, 157.01, 58, 8433, 1252, 715, P0, 0x0000000000000020
2026/09/17 15:42:33.290, 0, 79, 83.47, 47, 7908, 1316, 715, P0, 0x0000000000000020
2026/09/17 15:42:33.293, 1, 79, 116.61, 58, 8433, 1252, 715, P0, 0x0000000000000020
2026/09/17 15:42:34.301, 0, 79, 168.71, 52, 7908, 1328, 715, P0, 0x0000000000000000
2026/09/17 15:42:34.305, 1, 79, 67.16, 56, 8433, 1227, 715, P0, 0x0000000000000000
2026/09/17 15:42:35.312, 0, 78, 55.34, 58, 7908, 734, 715, P0, 0x0000000000000000
2026/09/17 15:42:35.315, 1, 78, 150.82, 29, 8433, 1240, 715, P0, 0x0000000000000000
2026/09/17 15:42:36.323, 0, 78, 111.81, 54, 7908, 1025, 715, P0, 0x0000000000000020
2026/09/17 15:42:36.335, 1, 79, 134.26, 51, 8433, 1328, 715, P0, 0x0000000000000000
2026/09/17 15:42:37.353, 0, 78, 72.31, 54, 7908, 1189, 715, P0, 0x0000000000000000
2026/09/17 15:42:37.357, 1, 79, 152.95, 55, 8433, 1290, 715, P0, 0x0000000000000000
2026/09/17 15:42:38.363, 0, 79, 65.05, 54, 7908, 1278, 715, P0, 0x0000000000000000
2026/09/17 15:42:38.369, 1, 79, 188.05, 54, 8433, 1316, 715, P0, 0x0000000000000020
2026/09/17 15:42:39.376, 0, 78, 126.21, 47, 7908, 1227, 715, P0, 0x0000000000000000
2026/09/17 15:42:39.379, 1, 79, 68.00, 44, 8433, 860, 715, P0, 0x0000000000000020
2026/09/17 15:42:40.385, 0, 79, 62.52, 49, 7908, 1278, 715, P0, 0x0000000000000000
2026/09/17 15:42:40.388, 1, 79, 138.99, 58, 8433, 1113, 715, P0, 0x0000000000000020
2026/09/17 15:42:41.404, 0, 79, 61.30, 40, 7908, 1278, 715, P0, 0x0000000000000000
2026/09/17 15:42:41.407, 1, 79, 153.96, 58, 8433, 1189, 715, P0, 0x0000000000000000
2026/09/17 15:42:42.417, 0, 79, 103.11, 40, 7908, 1240, 715, P0, 0x0000000000000000
2026/09/17 15:42:42.421, 1, 79, 105.28, 50, 8433, 1252, 715, P0, 0x0000000000000020
2026/09/17 15:42:43.430, 0, 79, 177.11, 50, 7908, 1278, 715, P0, 0x0000000000000020
2026/09/17 15:42:43.443, 1, 79, 114.28, 43, 8433, 1290, 715, P0, 0x0000000000000000
2026/09/17 15:42:44.454, 0, 79, 68.67, 44, 7908, 1278, 715, P0, 0x0000000000000000
2026/09/17 15:42:44.458, 1, 79, 170.17, 48, 8433, 1316, 715, P0, 0x0000000000000020
2026/09/17 15:42:45.465, 0, 79, 114.99, 38, 7908, 1290, 715, P0, 0x0000000000000000
2026/09/17 15:42:45.468, 1, 79, 98.95, 55, 8433, 1303, 715, P0, 0x0000000000000000
2026/09/17 15:42:46.477, 0, 79, 164.69, 39, 7908, 1265, 715, P0, 0x0000000000000000
2026/09/17 15:42:46.480, 1, 79, 62.87, 58, 8433, 1252, 715, P0, 0x0000000000000000
2026/09/17 15:42:47.489, 0, 79, 128.01, 38, 7908, 1278, 715, P0, 0x0000000000000000
2026/09/17 15:42:47.493, 1, 79, 58.65, 54, 8433, 1316, 715, P0, 0x0000000000000000
2026/09/17 15:42:48.502, 0, 78, 122.62, 40, 7908, 1227, 715, P0, 0x0000000000000000
2026/09/17 15:42:48.505, 1, 79, 82.07, 55, 8433, 1316, 715, P0, 0x0000000000000000
2026/09/17 15:42:49.515, 0, 79, 93.54, 38, 7908, 1278, 715, P0, 0x0000000000000000
2026/09/17 15:42:49.521, 1, 79, 153.78, 57, 8433, 1303, 715, P0, 0x0000000000000000
2026/09/17 15:42:50.539, 0, 79, 162.09, 48, 7908, 1316, 715, P0, 0x0000000000000020
2026/09/17 15:42:50.541, 1, 79, 70.28, 49, 8433, 1227, 715, P0, 0x0000000000000000
2026/09/17 15:42:51.548, 0, 79, 174.01, 52, 7908, 1328, 715, P0, 0x0000000000000000
2026/09/17 15:42:51.551, 1, 79, 94.23, 45, 8433, 1227, 715, P0, 0x0000000000000000
2026/09/17 15:42:52.561, 0, 80, 86.38, 52, 7908, 1328, 715, P0, 0x0000000000000000
2026/09/17 15:42:52.564, 1, 79, 153.92, 44, 8433, 1278, 715, P0, 0x0000000000000000
2026/09/17 15:42:53.576, 0, 79, 72.32, 46, 7908, 1303, 715, P0, 0x0000000000000000
2026/09/17 15:42:53.581, 1, 79, 109.02, 50, 8433, 1202, 715, P0, 0x0000000000000020
2026/09/17 15:42:54.593, 0, 79, 165.68, 42, 7908, 1303, 715, P0, 0x0000000000000000
2026/09/17 15:42:54.596, 1, 79, 65.46, 54, 8433, 1252, 715, P0, 0x0000000000000000
2026/09/17 15:42:55.606, 0, 79, 123.95, 49, 7908, 1189, 715, P0, 0x0000000000000000
2026/09/17 15:42:55.610, 1, 79, 72.08, 48, 8433, 1202, 715, P0, 0x0000000000000000
2026/09/17 15:42:56.617, 0, 79, 120.31, 51, 7908, 1252, 715, P0, 0x0000000000000000
2026/09/17 15:42:56.620, 1, 79, 87.32, 45, 8433, 1252, 715, P0, 0x0000000000000000
2026/09/17 15:42:57.629, 0, 79, 119.03, 50, 7908, 1240, 715, P0, 0x0000000000000000
2026/09/17 15:42:57.632, 1, 79, 87.39, 46, 8433, 1227, 715, P0, 0x0000000000000020
2026/09/17 15:42:58.639, 0, 79, 116.55, 48, 7908, 1240, 715, P0, 0x0000000000000000
2026/09/17 15:42:58.642, 1, 79, 83.06, 50, 8433, 1202, 715, P0, 0x0000000000000000
2026/09/17 15:42:59.650, 0, 79, 130.81, 45, 7908, 1240, 715, P0, 0x0000000000000000
2026/09/17 15:42:59.654, 1, 79, 78.23, 54, 8433, 1227, 715, P0, 0x0000000000000000
2026/09/17 15:43:00.665, 0, 79, 155.44, 43, 7908, 1265, 715, P0, 0x0000000000000000
2026/09/17 15:43:00.669, 1, 79, 64.80, 54, 8433, 1189, 715, P0, 0x0000000000000000
2026/09/17 15:43:01.678, 0, 79, 154.14, 51, 7908, 1278, 715, P0, 0x0000000000000020
2026/09/17 15:43:01.683, 1, 79, 58.83, 45, 8433, 1265, 715, P0, 0x0000000000000020
2026/09/17 15:43:02.689, 0, 79, 165.89, 51, 7908, 1278, 715, P0, 0x0000000000000020
2026/09/17 15:43:02.698, 1, 79, 76.97, 45, 8433, 1278, 715, P0, 0x0000000000000000
2026/09/17 15:43:03.716, 0, 79, 99.12, 49, 7908, 1290, 715, P0, 0x0000000000000000
2026/09/17 15:43:03.718, 1, 78, 121.98, 48, 8433, 1189, 715, P0, 0x0000000000000000
2026/09/17 15:43:04.727, 0, 79, 98.91, 44, 7908, 1240, 715, P0, 0x0000000000000020
2026/09/17 15:43:04.731, 1, 79, 134.74, 53, 8433, 1252, 715, P0, 0x0000000000000000
2026/09/17 15:43:05.741, 0, 79, 82.37, 43, 7908, 1278, 715, P0, 0x0000000000000000
2026/09/17 15:43:05.744, 1, 78, 137.17, 56, 8433, 1202, 715, P0, 0x0000000000000000
2026/09/17 15:43:06.755, 0, 79, 66.12, 43, 7908, 1290, 715, P0, 0x0000000000000000
2026/09/17 15:43:06.758, 1, 79, 147.11, 55, 8433, 1202, 715, P0, 0x0000000000000000
2026/09/17 15:43:07.769, 0, 79, 60.33, 42, 7908, 1303, 715, P0, 0x0000000000000000
2026/09/17 15:43:07.772, 1, 79, 116.25, 55, 8433, 1189, 715, P0, 0x0000000000000020
2026/09/17 15:43:08.795, 0, 79, 150.53, 39, 7908, 1240, 715, P0, 0x0000000000000000
2026/09/17 15:43:08.803, 1, 79, 65.30, 57, 8433, 1227, 715, P0, 0x0000000000000000
2026/09/17 15:43:09.807, 0, 79, 150.63, 39, 7908, 1240, 715, P0, 0x0000000000000000
2026/09/17 15:43:09.810, 1, 79, 64.34, 58, 8433, 1240, 715, P0, 0x0000000000000000
2026/09/17 15:43:10.825, 0, 79, 109.94, 42, 7908, 1265, 715, P0, 0x0000000000000000
2026/09/17 15:43:10.830, 1, 79, 121.24, 57, 8433, 1227, 715, P0, 0x0000000000000000
2026/09/17 15:43:11.848, 0, 79, 64.87, 44, 7908, 1278, 715, P0, 0x0000000000000000
2026/09/17 15:43:11.853, 1, 79, 165.13, 54, 8433, 1265, 715, P0, 0x0000000000000000
2026/09/17 15:43:12.861, 0, 79, 65.31, 46, 7908, 1278, 715, P0, 0x0000000000000000
2026/09/17 15:43:12.864, 1, 79, 124.31, 52, 8433, 1252, 715, P0, 0x0000000000000020
2026/09/17 15:43:13.873, 0, 79, 128.70, 46, 7908, 1278, 715, P0, 0x0000000000000000
2026/09/17 15:43:13.876, 1, 79, 86.54, 51, 8433, 1252, 715, P0, 0x0000000000000000
2026/09/17 15:43:14.886, 0, 79, 163.87, 48, 7908, 1278, 715, P0, 0x0000000000000000
2026/09/17 15:43:14.890, 1, 79, 64.07, 48, 8433, 1252, 715, P0, 0x0000000000000000
2026/09/17 15:43:15.902, 0, 79, 127.48, 48, 7908, 1290, 715, P0, 0x0000000000000000
2026/09/17 15:43:15.918, 1, 79, 146.57, 51, 8433, 1316, 715, P0, 0x0000000000000020
2026/09/17 15:43:16.931, 0, 79, 60.76, 47, 7908, 1278, 715, P0, 0x0000000000000000
2026/09/17 15:43:16.940, 1, 79, 148.68, 52, 8433, 1278, 715, P0, 0x0000000000000020
2026/09/17 15:43:17.945, 0, 79, 90.61, 46, 7908, 1303, 715, P0, 0x0000000000000000
2026/09/17 15:43:17.948, 1, 79, 119.74, 54, 8433, 1290, 715, P0, 0x0000000000000020
2026/09/17 15:43:18.955, 0, 79, 137.23, 43, 7908, 1290, 715, P0, 0x0000000000000000
2026/09/17 15:43:18.958, 1, 79, 83.13, 56, 8433, 1290, 715, P0, 0x0000000000000000
2026/09/17 15:43:19.968, 0, 79, 157.38, 39, 7908, 1240, 715, P0, 0x0000000000000000
2026/09/17 15:43:19.971, 1, 79, 65.28, 57, 8433, 1290, 715, P0, 0x0000000000000000
2026/09/17 15:43:20.977, 0, 78, 86.56, 52, 7908, 1088, 715, P0, 0x0000000000000000
2026/09/17 15:43:20.981, 1, 79, 97.96, 44, 8433, 1290, 715, P0, 0x0000000000000000
2026/09/17 15:43:21.989, 0, 78, 86.72, 41, 7908, 999, 715, P0, 0x0000000000000020
2026/09/17 15:43:21.996, 1, 79, 150.10, 55, 8433, 1316, 715, P0, 0x0000000000000000
2026/09/17 15:43:23.014, 0, 79, 92.26, 47, 7908, 1050, 715, P0, 0x0000000000000020
2026/09/17 15:43:23.019, 1, 79, 130.46, 48, 8433, 1265, 715, P0, 0x0000000000000000
2026/09/17 15:43:24.030, 0, 78, 123.84, 53, 7908, 1113, 715, P0, 0x0000000000000020
2026/09/17 15:43:24.039, 1, 79, 117.40, 43, 8433, 1278, 715, P0, 0x0000000000000000
2026/09/17 15:43:25.043, 0, 78, 157.39, 49, 7908, 1240, 715, P0, 0x0000000000000020
2026/09/17 15:43:25.046, 1, 79, 78.93, 51, 8433, 1265, 715, P0, 0x0000000000000000
2026/09/17 15:43:26.053, 0, 78, 69.29, 37, 7908, 1189, 715, P0, 0x0000000000000000
2026/09/17 15:43:26.056, 1, 79, 132.21, 56, 8433, 1189, 715, P0, 0x0000000000000000
2026/09/17 15:43:27.067, 0, 79, 123.87, 45, 7908, 1303, 715, P0, 0x0000000000000000
2026/09/17 15:43:27.071, 1, 79, 93.72, 47, 8433, 1290, 715, P0, 0x0000000000000000
2026/09/17 15:43:28.078, 0, 79, 104.99, 39, 7908, 1290, 715, P0, 0x0000000000000000
2026/09/17 15:43:28.085, 1, 79, 147.85, 58, 8433, 1316, 715, P0, 0x0000000000000000
2026/09/17 15:43:29.091, 0, 79, 103.88, 54, 7908, 1303, 715, P0, 0x0000000000000000
2026/09/17 15:43:29.094, 1, 79, 91.42, 44, 8433, 1189, 715, P0, 0x0000000000000000
2026/09/17 15:43:30.100, 0, 79, 108.37, 51, 7908, 1303, 715, P0, 0x0000000000000000
2026/09/17 15:43:30.106, 1, 79, 84.66, 46, 8433, 1177, 715, P0, 0x0000000000000020
2026/09/17 15:43:31.113, 0, 79, 112.76, 51, 7908, 1290, 715, P0, 0x0000000000000000
2026/09/17 15:43:31.116, 1, 79, 81.78, 47, 8433, 1189, 715, P0, 0x0000000000000000
2026/09/17 15:43:32.128, 0, 79, 149.04, 49, 7908, 1316, 715, P0, 0x0000000000000000
2026/09/17 15:43:32.131, 1, 79, 72.71, 48, 8433, 1189, 715, P0, 0x0000000000000000
2026/09/17 15:43:33.140, 0, 79, 166.33, 46, 7908, 1328, 715, P0, 0x0000000000000000
2026/09/17 15:43:33.143, 1, 79, 66.19, 49, 8433, 1189, 715, P0, 0x0000000000000000
2026/09/17 15:43:34.153, 0, 79, 165.15, 41, 7908, 1316, 715, P0, 0x0000000000000000
2026/09/17 15:43:34.156, 1, 79, 64.28, 52, 8433, 1189, 715, P0, 0x0000000000000000
2026/09/17 15:43:35.167, 0, 79, 175.22, 51, 7908, 1328, 715, P0, 0x0000000000000000
2026/09/17 15:43:35.179, 1, 78, 84.49, 45, 8433, 1290, 715, P0, 0x0000000000000020
2026/09/17 15:43:36.196, 0, 80, 89.74, 51, 7908, 1316, 715, P0, 0x0000000000000020
2026/09/17 15:43:36.199, 1, 78, 152.65, 45, 8433, 1303, 715, P0, 0x0000000000000000
2026/09/17 15:43:37.207, 0, 79, 64.60, 51, 7908, 1290, 715, P0, 0x0000000000000000
2026/09/17 15:43:37.210, 1, 79, 174.02, 48, 8433, 1303, 715, P0, 0x0000000000000020
2026/09/17 15:43:38.217, 0, 78, 61.32, 76, 7908, 405, 715, P0, 0x0000000000000020
2026/09/17 15:43:38.233, 1, 78, 51.87, 22, 8433, 1227, 715, P0, 0x0000000000000000
2026/09/17 15:43:39.245, 0, 78, 73.71, 52, 7908, 1189, 715, P0, 0x0000000000000000
2026/09/17 15:43:39.248, 1, 79, 125.74, 44, 8433, 1328, 715, P0, 0x0000000000000000
2026/09/17 15:43:40.254, 0, 79, 71.11, 47, 7908, 1202, 715, P0, 0x0000000000000000
2026/09/17 15:43:40.257, 1, 79, 130.88, 50, 8433, 1328, 715, P0, 0x0000000000000000
2026/09/17 15:43:41.268, 0, 78, 155.27, 50, 7908, 1303, 715, P0, 0x0000000000000000
2026/09/17 15:43:41.271, 1, 79, 73.13, 46, 8433, 1290, 715, P0, 0x0000000000000000
2026/09/17 15:43:42.277, 0, 79, 108.14, 51, 7908, 1240, 715, P0, 0x0000000000000020
2026/09/17 15:43:42.280, 1, 79, 142.77, 43, 8433, 1328, 715, P0, 0x0000000000000000
2026/09/17 15:43:43.290, 0, 79, 84.57, 38, 7908, 1265, 715, P0, 0x0000000000000000
2026/09/17 15:43:43.293, 1, 79, 98.62, 58, 8433, 1025, 715, P0, 0x0000000000000020
2026/09/17 15:43:44.304, 0, 79, 61.07, 42, 7908, 1278, 715, P0, 0x0000000000000000
2026/09/17 15:43:44.307, 1, 79, 140.18, 50, 8433, 1126, 715, P0, 0x0000000000000020
2026/09/17 15:43:45.314, 0, 79, 64.68, 48, 7908, 1265, 715, P0, 0x0000000000000000
2026/09/17 15:43:45.318, 1, 78, 150.92, 45, 8433, 1177, 715, P0, 0x0000000000000020
2026/09/17 15:43:46.340, 0, 79, 123.83, 52, 7908, 1265, 715, P0, 0x0000000000000000
2026/09/17 15:43:46.343, 1, 79, 85.67, 45, 8433, 1252, 715, P0, 0x0000000000000000
2026/09/17 15:43:47.354, 0, 79, 159.76, 50, 7908, 1278, 715, P0, 0x0000000000000000
2026/09/17 15:43:47.356, 1, 79, 64.56, 45, 8433, 1252, 715, P0, 0x0000000000000000
2026/09/17 15:43:48.362, 0, 79, 147.96, 48, 7908, 1265, 715, P0, 0x0000000000000000
2026/09/17 15:43:48.365, 1, 79, 96.17, 47, 8433, 1252, 715, P0, 0x0000000000000000
2026/09/17 15:43:49.374, 0, 79, 83.08, 44, 7908, 1265, 715, P0, 0x0000000000000000
2026/09/17 15:43:49.376, 1, 79, 152.07, 53, 8433, 1265, 715, P0, 0x0000000000000000
2026/09/17 15:43:50.385, 0, 79, 60.33, 39, 7908, 1252, 715, P0, 0x0000000000000000
2026/09/17 15:43:50.388, 1, 79, 122.54, 59, 8433, 1278, 715, P0, 0x0000000000000000
2026/09/17 15:43:51.409, 0, 79, 174.49, 51, 7908, 1290, 715, P0, 0x0000000000000020
2026/09/17 15:43:51.415, 1, 79, 93.19, 44, 8433, 1290, 715, P0, 0x0000000000000000
2026/09/17 15:43:52.422, 0, 79, 90.27, 53, 7908, 1265, 715, P0, 0x0000000000000020
2026/09/17 15:43:52.425, 1, 79, 140.51, 46, 8433, 1265, 715, P0, 0x0000000000000000
2026/09/17 15:43:53.440, 0, 79, 74.18, 51, 7908, 1316, 715, P0, 0x0000000000000020
2026/09/17 15:43:53.445, 1, 79, 119.65, 53, 8433, 1252, 715, P0, 0x0000000000000020
2026/09/17 15:43:54.450, 0, 79, 152.08, 44, 7908, 1278, 715, P0, 0x0000000000000000
2026/09/17 15:43:54.456, 1, 79, 73.18, 58, 8433, 1303, 715, P0, 0x0000000000000000
2026/09/17 15:43:55.462, 0, 79, 106.22, 38, 7908, 1240, 715, P0, 0x0000000000000020
2026/09/17 15:43:55.465, 1, 79, 139.41, 53, 8433, 1316, 715, P0, 0x0000000000000000
2026/09/17 15:43:56.474, 0, 79, 66.06, 43, 7908, 1303, 715, P0, 0x0000000000000000
2026/09/17 15:43:56.477, 1, 79, 174.20, 44, 8433, 1303, 715, P0, 0x0000000000000000
2026/09/17 15:43:57.486, 0, 79, 126.71, 50, 7908, 961, 715, P0, 0x0000000000000020
2026/09/17 15:43:57.489, 1, 79, 80.73, 53, 8433, 1303, 715, P0, 0x0000000000000000
2026/09/17 15:43:58.497, 0, 78, 110.57, 48, 7908, 1189, 715, P0, 0x0000000000000000
2026/09/17 15:43:58.500, 1, 79, 87.10, 43, 8433, 1290, 715, P0, 0x0000000000000000
2026/09/17 15:43:59.513, 0, 78, 109.20, 41, 7908, 1189, 715, P0, 0x0000000000000000
2026/09/17 15:43:59.519, 1, 79, 85.00, 45, 8433, 1252, 715, P0, 0x0000000000000000
2026/09/17 15:44:00.523, 0, 78, 82.14, 41, 7908, 1189, 715, P0, 0x0000000000000000
2026/09/17 15:44:00.526, 1, 79, 119.29, 53, 8433, 1303, 715, P0, 0x0000000000000020
2026/09/17 15:44:01.539, 0, 78, 138.73, 39, 7908, 1240, 715, P0, 0x0000000000000000
2026/09/17 15:44:01.545, 1, 79, 70.32, 56, 8433, 1227, 715, P0, 0x0000000000000000
2026/09/17 15:44:02.553, 0, 79, 163.35, 38, 7908, 1240, 715, P0, 0x0000000000000000
2026/09/17 15:44:02.557, 1, 79, 82.01, 52, 8433, 1290, 715, P0, 0x0000000000000000
2026/09/17 15:44:03.569, 0, 79, 58.20, 100, 7908, 1328, 715, P0, 0x0000000000000000
2026/09/17 15:44:03.572, 1, 78, 150.29, 0, 8433, 1316, 715, P0, 0x0000000000000000
2026/09/17 15:44:04.582, 0, 79, 125.60, 50, 7908, 1328, 715, P0, 0x0000000000000000
2026/09/17 15:44:04.585, 1, 79, 101.97, 45, 8433, 1316, 715, P0, 0x0000000000000000
2026/09/17 15:44:05.596, 0, 79, 94.00, 46, 7908, 1303, 715, P0, 0x0000000000000000
2026/09/17 15:44:05.599, 1, 79, 158.22, 59, 8433, 1316, 715, P0, 0x0000000000000020
2026/09/17 15:44:06.608, 0, 79, 58.15, 19, 7908, 1303, 715, P0, 0x0000000000000000
2026/09/17 15:44:06.611, 1, 78, 66.84, 80, 8433, 417, 715, P0, 0x0000000000000020
2026/09/17 15:44:07.637, 0, 79, 181.75, 49, 7908, 1328, 715, P0, 0x0000000000000000
2026/09/17 15:44:07.640, 1, 78, 69.14, 49, 8433, 1075, 715, P0, 0x0000000000000000
2026/09/17 15:44:08.648, 0, 79, 177.74, 46, 7908, 1328, 715, P0, 0x0000000000000000
2026/09/17 15:44:08.651, 1, 79, 59.00, 50, 8433, 1189, 715, P0, 0x0000000000000000
2026/09/17 15:44:09.662, 0, 79, 130.58, 45, 7908, 1328, 715, P0, 0x0000000000000000
2026/09/17 15:44:09.665, 1, 78, 118.52, 50, 8433, 1290, 715, P0, 0x0000000000000020
2026/09/17 15:44:10.673, 0, 79, 71.27, 53, 7908, 417, 715, P0, 0x0000000000000020
2026/09/17 15:44:10.683, 1, 78, 126.87, 43, 8433, 1303, 715, P0, 0x0000000000000000
2026/09/17 15:44:11.688, 0, 78, 57.70, 50, 7908, 1012, 715, P0, 0x0000000000000000
2026/09/17 15:44:11.696, 1, 78, 165.68, 47, 8433, 1316, 715, P0, 0x0000000000000020
2026/09/17 15:44:12.715, 0, 79, 62.70, 41, 7908, 1189, 715, P0, 0x0000000000000000
2026/09/17 15:44:12.718, 1, 79, 162.06, 43, 8433, 1290, 715, P0, 0x0000000000000000
2026/09/17 15:44:13.728, 0, 78, 61.28, 41, 7908, 1227, 715, P0, 0x0000000000000000
2026/09/17 15:44:13.734, 1, 79, 174.13, 45, 8433, 1303, 715, P0, 0x0000000000000000
2026/09/17 15:44:14.741, 0, 78, 80.64, 39, 7908, 1202, 715, P0, 0x0000000000000000
2026/09/17 15:44:14.744, 1, 79, 115.92, 43, 8433, 1290, 715, P0, 0x0000000000000000
2026/09/17 15:44:15.754, 0, 78, 150.04, 39, 7908, 1240, 715, P0, 0x0000000000000000
2026/09/17 15:44:15.761, 1, 79, 69.82, 43, 8433, 1290, 715, P0, 0x0000000000000000
2026/09/17 15:44:16.764, 0, 79, 131.21, 46, 7908, 1265, 715, P0, 0x0000000000000020
2026/09/17 15:44:16.766, 1, 79, 123.35, 51, 8433, 1316, 715, P0, 0x0000000000000020
2026/09/17 15:44:17.782, 0, 79, 63.17, 54, 7908, 1278, 715, P0, 0x0000000000000000
2026/09/17 15:44:17.785, 1, 79, 178.80, 57, 8433, 1303, 715, P0, 0x0000000000000000
2026/09/17 15:44:18.793, 0, 79, 132.03, 52, 7908, 1265, 715, P0, 0x0000000000000000
2026/09/17 15:44:18.796, 1, 79, 84.41, 56, 8433, 1303, 715, P0, 0x0000000000000000
2026/09/17 15:44:19.816, 0, 79, 96.75, 44, 7908, 1240, 715, P0, 0x0000000000000020
2026/09/17 15:44:19.820, 1, 79, 143.04, 47, 8433, 1290, 715, P0, 0x0000000000000000
2026/09/17 15:44:20.838, 0, 79, 110.00, 39, 7908, 1240, 715, P0, 0x0000000000000000
2026/09/17 15:44:20.846, 1, 78, 93.70, 56, 8433, 1075, 715, P0, 0x0000000000000000
2026/09/17 15:44:21.854, 0, 79, 132.80, 42, 7908, 1316, 715, P0, 0x0000000000000020
2026/09/17 15:44:21.857, 1, 79, 67.71, 46, 8433, 1164, 715, P0, 0x0000000000000000
2026/09/17 15:44:22.880, 0, 79, 163.10, 38, 7908, 1303, 715, P0, 0x0000000000000000
2026/09/17 15:44:22.887, 1, 78, 57.31, 48, 8433, 1189, 715, P0, 0x0000000000000000
2026/09/17 15:44:23.906, 0, 80, 141.43, 37, 7908, 1303, 715, P0, 0x0000000000000020
2026/09/17 15:44:23.911, 1, 78, 110.72, 49, 8433, 1240, 715, P0, 0x0000000000000000
2026/09/17 15:44:24.919, 0, 79, 98.83, 38, 7908, 1316, 715, P0, 0x0000000000000020
2026/09/17 15:44:24.924, 1, 78, 151.72, 48, 8433, 1290, 715, P0, 0x0000000000000000
2026/09/17 15:44:25.943, 0, 79, 107.15, 38, 7908, 1278, 715, P0, 0x0000000000000000
2026/09/17 15:44:25.946, 1, 79, 96.62, 53, 8433, 1278, 715, P0, 0x0000000000000000
2026/09/17 15:44:26.952, 0, 78, 58.85, 68, 7908, 442, 715, P0, 0x0000000000000020
2026/09/17 15:44:26.955, 1, 79, 66.81, 35, 8433, 1240, 715, P0, 0x0000000000000000
2026/09/17 15:44:27.964, 0, 78, 134.07, 50, 7908, 974, 715, P0, 0x0000000000000020
2026/09/17 15:44:27.970, 1, 79, 93.14, 53, 8433, 1303, 715, P0, 0x0000000000000000
2026/09/17 15:44:28.976, 0, 78, 138.51, 41, 7908, 1189, 715, P0, 0x0000000000000000
2026/09/17 15:44:28.979, 1, 79, 66.31, 49, 8433, 1290, 715, P0, 0x0000000000000000
2026/09/17 15:44:29.987, 0, 78, 140.66, 41, 7908, 1189, 715, P0, 0x0000000000000020
2026/09/17 15:44:29.992, 1, 79, 64.61, 46, 8433, 1316, 715, P0, 0x0000000000000000
2026/09/17 15:44:31.000, 0, 79, 125.39, 40, 7908, 1227, 715, P0, 0x0000000000000020
2026/09/17 15:44:31.003, 1, 79, 121.35, 49, 8433, 1316, 715, P0, 0x0000000000000020
2026/09/17 15:44:32.014, 0, 79, 78.98, 40, 7908, 1240, 715, P0, 0x0000000000000000
2026/09/17 15:44:32.017, 1, 79, 163.43, 51, 8433, 1328, 715, P0, 0x0000000000000000
2026/09/17 15:44:33.023, 0, 79, 59.06, 45, 7908, 1215, 715, P0, 0x0000000000000000
2026/09/17 15:44:33.026, 1, 79, 99.85, 58, 8433, 607, 715, P0, 0x0000000000000020
2026/09/17 15:44:34.049, 0, 79, 134.25, 42, 7908, 1265, 715, P0, 0x0000000000000000
2026/09/17 15:44:34.052, 1, 78, 95.49, 51, 8433, 1177, 715, P0, 0x0000000000000000
2026/09/17 15:44:35.060, 0, 79, 170.09, 45, 7908, 1303, 715, P0, 0x0000000000000000
2026/09/17 15:44:35.063, 1, 79, 59.25, 58, 8433, 1189, 715, P0, 0x0000000000000000
2026/09/17 15:44:36.070, 0, 79, 164.19, 42, 7908, 1278, 715, P0, 0x0000000000000000
2026/09/17 15:44:36.074, 1, 79, 60.22, 57, 8433, 1189, 715, P0, 0x0000000000000000
2026/09/17 15:44:37.093, 0, 79, 148.10, 51, 7908, 1316, 715, P0, 0x0000000000000020
2026/09/17 15:44:37.097, 1, 78, 94.49, 53, 8433, 1189, 715, P0, 0x0000000000000000
2026/09/17 15:44:38.107, 0, 79, 109.36, 49, 7908, 1303, 715, P0, 0x0000000000000020
2026/09/17 15:44:38.110, 1, 78, 116.75, 50, 8433, 1189, 715, P0, 0x0000000000000000
2026/09/17 15:44:39.119, 0, 79, 72.03, 52, 7908, 1316, 715, P0, 0x0000000000000020
2026/09/17 15:44:39.122, 1, 79, 167.54, 54, 8433, 1290, 715, P0, 0x0000000000000000
2026/09/17 15:44:40.132, 0, 79, 149.79, 48, 7908, 1278, 715, P0, 0x0000000000000000
2026/09/17 15:44:40.135, 1, 79, 75.59, 56, 8433, 1290, 715, P0, 0x0000000000000000
2026/09/17 15:44:41.144, 0, 79, 108.12, 38, 7908, 1303, 715, P0, 0x0000000000000020
2026/09/17 15:44:41.147, 1, 79, 139.89, 51, 8433, 1316, 715, P0, 0x0000000000000000
2026/09/17 15:44:42.171, 0, 79, 54.14, 78, 7908, 1290, 715, P0, 0x0000000000000000
2026/09/17 15:44:42.174, 1, 79, 146.01, 59, 8433, 1328, 715, P0, 0x0000000000000000
2026/09/17 15:44:43.182, 0, 78, 105.29, 57, 7908, 885, 715, P0, 0x0000000000000020
2026/09/17 15:44:43.189, 1, 78, 66.16, 41, 8433, 1290, 715, P0, 0x0000000000000000
2026/09/17 15:44:44.195, 0, 78, 57.87, 53, 7908, 1113, 715, P0, 0x0000000000000000
2026/09/17 15:44:44.198, 1, 79, 188.29, 42, 8433, 1328, 715, P0, 0x0000000000000000
2026/09/17 15:44:45.205, 0, 78, 105.76, 41, 7908, 1202, 715, P0, 0x0000000000000000
2026/09/17 15:44:45.208, 1, 78, 69.51, 55, 8433, 696, 715, P0, 0x0000000000000020
2026/09/17 15:44:46.215, 0, 78, 98.03, 46, 7908, 1303, 715, P0, 0x0000000000000020
2026/09/17 15:44:46.217, 1, 78, 123.89, 58, 8433, 1189, 715, P0, 0x0000000000000000
2026/09/17 15:44:47.229, 0, 79, 91.45, 40, 7908, 1265, 715, P0, 0x0000000000000000
2026/09/17 15:44:47.232, 1, 79, 142.25, 58, 8433, 1265, 715, P0, 0x0000000000000000
2026/09/17 15:44:48.239, 0, 79, 70.89, 45, 7908, 1316, 715, P0, 0x0000000000000020
2026/09/17 15:44:48.243, 1, 78, 153.52, 58, 8433, 1252, 715, P0, 0x0000000000000000
2026/09/17 15:44:49.251, 0, 79, 105.31, 51, 7908, 1278, 715, P0, 0x0000000000000000
2026/09/17 15:44:49.254, 1, 79, 99.29, 53, 8433, 1227, 715, P0, 0x0000000000000020
2026/09/17 15:44:50.260, 0, 79, 163.84, 52, 7908, 1278, 715, P0, 0x0000000000000000
2026/09/17 15:44:50.263, 1, 79, 65.67, 47, 8433, 1278, 715, P0, 0x0000000000000000
2026/09/17 15:44:51.274, 0, 79, 88.61, 43, 7908, 1278, 715, P0, 0x0000000000000000
2026/09/17 15:44:51.277, 1, 79, 138.74, 45, 8433, 1252, 715, P0, 0x0000000000000000
2026/09/17 15:44:52.285, 0, 79, 83.82, 38, 7908, 1265, 715, P0, 0x0000000000000000
2026/09/17 15:44:52.289, 1, 79, 123.02, 53, 8433, 1303, 715, P0, 0x0000000000000020
2026/09/17 15:44:53.297, 0, 79, 176.16, 47, 7908, 1303, 715, P0, 0x0000000000000020
2026/09/17 15:44:53.301, 1, 79, 64.05, 58, 8433, 1290, 715, P0, 0x0000000000000000
2026/09/17 15:44:54.308, 0, 79, 71.57, 52, 7908, 1278, 715, P0, 0x0000000000000000
2026/09/17 15:44:54.311, 1, 79, 159.61, 46, 8433, 1290, 715, P0, 0x0000000000000000
2026/09/17 15:44:55.318, 0, 79, 147.97, 44, 7908, 1328, 715, P0, 0x0000000000000000
2026/09/17 15:44:55.322, 1, 79, 85.05, 48, 8433, 1303, 715, P0, 0x0000000000000000
2026/09/17 15:44:56.328, 0, 79, 113.60, 53, 7908, 1278, 715, P0, 0x0000000000000020
2026/09/17 15:44:56.331, 1, 79, 146.26, 58, 8433, 1290, 715, P0, 0x0000000000000000
2026/09/17 15:44:57.341, 0, 79, 66.85, 43, 7908, 1316, 715, P0, 0x0000000000000020
2026/09/17 15:44:57.344, 1, 79, 141.43, 52, 8433, 1189, 715, P0, 0x0000000000000000
2026/09/17 15:44:58.357, 0, 79, 61.54, 48, 7908, 1278, 715, P0, 0x0000000000000000
2026/09/17 15:44:58.364, 1, 79, 131.91, 56, 8433, 1139, 715, P0, 0x0000000000000020
2026/09/17 15:44:59.381, 0, 79, 110.54, 51, 7908, 1290, 715, P0, 0x0000000000000000
2026/09/17 15:44:59.385, 1, 79, 88.10, 58, 8433, 1189, 715, P0, 0x0000000000000020
2026/09/17 15:45:00.391, 0, 79, 107.94, 48, 7908, 1303, 715, P0, 0x0000000000000000
2026/09/17 15:45:00.394, 1, 79, 101.68, 58, 8433, 1227, 715, P0, 0x0000000000000020
2026/09/17 15:45:01.403, 0, 79, 158.67, 51, 7908, 1316, 715, P0, 0x0000000000000020
2026/09/17 15:45:01.406, 1, 79, 71.94, 49, 8433, 1265, 715, P0, 0x0000000000000020
2026/09/17 15:45:02.414, 0, 79, 170.03, 52, 7908, 1278, 715, P0, 0x0000000000000000
2026/09/17 15:45:02.417, 1, 79, 73.20, 46, 8433, 1265, 715, P0, 0x0000000000000020
2026/09/17 15:45:03.426, 0, 79, 90.35, 52, 7908, 683, 715, P0, 0x0000000000000020
2026/09/17 15:45:03.439, 1, 79, 136.48, 45, 8433, 1265, 715, P0, 0x0000000000000000
2026/09/17 15:45:04.451, 0, 78, 94.22, 42, 7908, 1177, 715, P0, 0x0000000000000000
2026/09/17 15:45:04.454, 1, 79, 92.66, 50, 8433, 1265, 715, P0, 0x0000000000000020
2026/09/17 15:45:05.460, 0, 78, 60.59, 52, 7908, 1126, 715, P0, 0x0000000000000000
2026/09/17 15:45:05.463, 1, 78, 157.19, 44, 8433, 1278, 715, P0, 0x0000000000000000
2026/09/17 15:45:06.472, 0, 79, 79.29, 47, 7908, 1189, 715, P0, 0x0000000000000000
2026/09/17 15:45:06.476, 1, 79, 149.28, 55, 8433, 1303, 715, P0, 0x0000000000000000
2026/09/17 15:45:07.485, 0, 79, 100.87, 40, 7908, 1189, 715, P0, 0x0000000000000020
2026/09/17 15:45:07.488, 1, 79, 127.62, 56, 8433, 1290, 715, P0, 0x0000000000000000
2026/09/17 15:45:08.497, 0, 79, 84.05, 39, 7908, 1227, 715, P0, 0x0000000000000000
2026/09/17 15:45:08.501, 1, 79, 150.31, 57, 8433, 1290, 715, P0, 0x0000000000000000
2026/09/17 15:45:09.511, 0, 79, 62.94, 39, 7908, 1240, 715, P0, 0x0000000000000000
2026/09/17 15:45:09.514, 1, 79, 167.90, 58, 8433, 1265, 715, P0, 0x0000000000000000
2026/09/17 15:45:10.525, 0, 79, 114.66, 42, 7908, 1278, 715, P0, 0x0000000000000000
2026/09/17 15:45:10.528, 1, 79, 93.76, 56, 8433, 1252, 715, P0, 0x0000000000000000
2026/09/17 15:45:11.538, 0, 79, 156.75, 45, 7908, 1265, 715, P0, 0x0000000000000000
2026/09/17 15:45:11.541, 1, 79, 60.24, 50, 8433, 1227, 715, P0, 0x0000000000000000
2026/09/17 15:45:12.551, 0, 79, 116.73, 49, 7908, 1278, 715, P0, 0x0000000000000000
2026/09/17 15:45:12.554, 1, 79, 122.87, 46, 8433, 1265, 715, P0, 0x0000000000000000
2026/09/17 15:45:13.565, 0, 79, 71.38, 44, 7908, 1265, 715, P0, 0x0000000000000000
2026/09/17 15:45:13.568, 1, 79, 151.93, 44, 8433, 1240, 715, P0, 0x0000000000000000
2026/09/17 15:45:14.578, 0, 79, 85.50, 40, 7908, 1290, 715, P0, 0x0000000000000000
2026/09/17 15:45:14.582, 1, 79, 117.40, 46, 8433, 1252, 715, P0, 0x0000000000000020
2026/09/17 15:45:15.589, 0, 78, 101.79, 55, 7908, 620, 715, P0, 0x0000000000000020
2026/09/17 15:45:15.593, 1, 78, 55.88, 22, 8433, 1252, 715, P0, 0x0000000000000000
2026/09/17 15:45:16.600, 0, 78, 55.26, 54, 7908, 1189, 715, P0, 0x0000000000000000
2026/09/17 15:45:16.605, 1, 79, 184.89, 46, 8433, 1328, 715, P0, 0x0000000000000000
2026/09/17 15:45:17.615, 0, 78, 63.96, 50, 7908, 1227, 715, P0, 0x0000000000000000
2026/09/17 15:45:17.618, 1, 79, 149.49, 52, 8433, 1202, 715, P0, 0x0000000000000000
2026/09/17 15:45:18.629, 0, 79, 73.78, 41, 7908, 1278, 715, P0, 0x0000000000000000
2026/09/17 15:45:18.632, 1, 79, 154.24, 57, 8433, 1252, 715, P0, 0x0000000000000000
2026/09/17 15:45:19.643, 0, 79, 63.21, 41, 7908, 1303, 715, P0, 0x0000000000000000
2026/09/17 15:45:19.650, 1, 79, 122.65, 58, 8433, 1227, 715, P0, 0x0000000000000020
2026/09/17 15:45:20.668, 0, 79, 157.85, 100, 7908, 1328, 715, P0, 0x0000000000000000
2026/09/17 15:45:20.671, 1, 78, 55.72, 0, 8433, 1303, 715, P0, 0x0000000000000000
2026/09/17 15:45:21.680, 0, 79, 72.95, 49, 7908, 1316, 715, P0, 0x0000000000000020
2026/09/17 15:45:21.683, 1, 79, 168.31, 50, 8433, 1316, 715, P0, 0x0000000000000020
2026/09/17 15:45:22.690, 0, 79, 155.45, 37, 7908, 1303, 715, P0, 0x0000000000000000
2026/09/17 15:45:22.693, 1, 79, 74.85, 59, 8433, 1316, 715, P0, 0x0000000000000020
2026/09/17 15:45:23.700, 0, 79, 93.31, 50, 7908, 1303, 715, P0, 0x0000000000000000
2026/09/17 15:45:23.704, 1, 79, 153.50, 46, 8433, 1316, 715, P0, 0x0000000000000020
2026/09/17 15:45:24.712, 0, 79, 55.99, 54, 7908, 1189, 715, P0, 0x0000000000000000
2026/09/17 15:45:24.715, 1, 79, 172.14, 42, 8433, 1290, 715, P0, 0x0000000000000000
2026/09/17 15:45:25.726, 0, 78, 54.54, 53, 7908, 1189, 715, P0, 0x0000000000000000
2026/09/17 15:45:25.729, 1, 79, 141.12, 43, 8433, 1252, 715, P0, 0x0000000000000020
2026/09/17 15:45:26.750, 0, 79, 143.95, 53, 7908, 1240, 715, P0, 0x0000000000000000
2026/09/17 15:45:26.754, 1, 79, 74.12, 43, 8433, 1290, 715, P0, 0x0000000000000000
2026/09/17 15:45:27.768, 0, 78, 84.29, 24, 7908, 1202, 715, P0, 0x0000000000000000
2026/09/17 15:45:27.770, 1, 77, 93.09, 78, 8433, 670, 715, P0, 0x0000000000000020
2026/09/17 15:45:28.794, 0, 79, 92.01, 42, 7908, 1328, 715, P0, 0x0000000000000000
2026/09/17 15:45:28.799, 1, 78, 131.76, 47, 8433, 1164, 715, P0, 0x0000000000000020
2026/09/17 15:45:29.806, 0, 79, 84.78, 48, 7908, 1328, 715, P0, 0x0000000000000000
2026/09/17 15:45:29.809, 1, 78, 137.20, 48, 8433, 1189, 715, P0, 0x0000000000000000
2026/09/17 15:45:30.833, 0, 79, 117.90, 48, 7908, 1316, 715, P0, 0x0000000000000000
2026/09/17 15:45:30.836, 1, 79, 89.89, 45, 8433, 1215, 715, P0, 0x0000000000000000
2026/09/17 15:45:31.846, 0, 78, 107.13, 50, 7908, 1050, 715, P0, 0x0000000000000020
2026/09/17 15:45:31.849, 1, 79, 77.64, 43, 8433, 1316, 715, P0, 0x0000000000000000
2026/09/17 15:45:32.857, 0, 78, 74.00, 54, 7908, 1189, 715, P0, 0x0000000000000000
2026/09/17 15:45:32.860, 1, 79, 118.66, 50, 8433, 1290, 715, P0, 0x0000000000000000
2026/09/17 15:45:33.871, 0, 78, 112.44, 52, 7908, 1240, 715, P0, 0x0000000000000000
2026/09/17 15:45:33.874, 1, 79, 99.74, 55, 8433, 1290, 715, P0, 0x0000000000000000
2026/09/17 15:45:34.886, 0, 79, 124.06, 50, 7908, 1278, 715, P0, 0x0000000000000000
2026/09/17 15:45:34.889, 1, 79, 136.83, 47, 8433, 1328, 715, P0, 0x0000000000000000
2026/09/17 15:45:35.897, 0, 79, 59.78, 38, 7908, 1265, 715, P0, 0x0000000000000000
2026/09/17 15:45:35.903, 1, 79, 116.81, 58, 8433, 1328, 715, P0, 0x0000000000000000
2026/09/17 15:45:36.923, 0, 79, 111.67, 49, 7908, 1278, 715, P0, 0x0000000000000020
2026/09/17 15:45:36.926, 1, 79, 142.18, 44, 8433, 1328, 715, P0, 0x0000000000000000
2026/09/17 15:45:37.934, 0, 79, 101.44, 50, 7908, 1278, 715, P0, 0x0000000000000000
2026/09/17 15:45:37.941, 1, 79, 112.10, 52, 8433, 1290, 715, P0, 0x0000000000000020
2026/09/17 15:45:38.959, 0, 79, 104.12, 39, 7908, 1278, 715, P0, 0x0000000000000000
2026/09/17 15:45:38.963, 1, 79, 145.40, 58, 8433, 1328, 715, P0, 0x0000000000000000
2026/09/17 15:45:39.971, 0, 79, 75.38, 43, 7908, 1303, 715, P0, 0x0000000000000000
2026/09/17 15:45:39.974, 1, 79, 120.18, 47, 8433, 1290, 715, P0, 0x0000000000000000
2026/09/17 15:45:40.986, 0, 79, 169.09, 52, 7908, 1303, 715, P0, 0x0000000000000000
2026/09/17 15:45:40.989, 1, 79, 64.51, 45, 8433, 1265, 715, P0, 0x0000000000000000
2026/09/17 15:45:41.995, 0, 79, 84.75, 49, 7908, 1278, 715, P0, 0x0000000000000000
2026/09/17 15:45:42.000, 1, 79, 154.12, 55, 8433, 1290, 715, P0, 0x0000000000000000
2026/09/17 15:45:43.020, 0, 79, 146.65, 42, 7908, 1316, 715, P0, 0x0000000000000000
2026/09/17 15:45:43.025, 1, 80, 80.05, 58, 8433, 1290, 715, P0, 0x0000000000000000
2026/09/17 15:45:44.032, 0, 79, 153.18, 51, 7908, 1316, 715, P0, 0x0000000000000020
2026/09/17 15:45:44.035, 1, 79, 96.82, 52, 8433, 1252, 715, P0, 0x0000000000000000
2026/09/17 15:45:45.040, 0, 79, 72.52, 51, 7908, 1265, 715, P0, 0x0000000000000000
2026/09/17 15:45:45.044, 1, 79, 160.25, 44, 8433, 1290, 715, P0, 0x0000000000000020
2026/09/17 15:45:46.050, 0, 79, 61.29, 43, 7908, 1316, 715, P0, 0x0000000000000020
2026/09/17 15:45:46.053, 1, 79, 141.14, 44, 8433, 1240, 715, P0, 0x0000000000000000
2026/09/17 15:45:47.062, 0, 79, 145.33, 39, 7908, 1265, 715, P0, 0x0000000000000000
2026/09/17 15:45:47.068, 1, 79, 71.03, 47, 8433, 1252, 715, P0, 0x0000000000000000
2026/09/17 15:45:48.077, 0, 79, 162.78, 39, 7908, 1252, 715, P0, 0x0000000000000000
2026/09/17 15:45:48.081, 1, 79, 85.39, 50, 8433, 1265, 715, P0, 0x0000000000000000
2026/09/17 15:45:49.089, 0, 79, 84.77, 40, 7908, 1278, 715, P0, 0x0000000000000000
2026/09/17 15:45:49.092, 1, 79, 138.10, 56, 8433, 1215, 715, P0, 0x0000000000000000
2026/09/17 15:45:50.102, 0, 80, 61.97, 45, 7908, 1278, 715, P0, 0x0000000000000000
2026/09/17 15:45:50.108, 1, 79, 139.79, 58, 8433, 1240, 715, P0, 0x0000000000000020
2026/09/17 15:45:51.128, 0, 79, 174.35, 49, 7908, 1303, 715, P0, 0x0000000000000020
2026/09/17 15:45:51.136, 1, 79, 66.17, 43, 8433, 1252, 715, P0, 0x0000000000000020
2026/09/17 15:45:52.152, 0, 79, 79.93, 52, 7908, 1290, 715, P0, 0x0000000000000000
2026/09/17 15:45:52.155, 1, 79, 162.19, 44, 8433, 1316, 715, P0, 0x0000000000000020
2026/09/17 15:45:53.162, 0, 78, 57.68, 78, 7908, 405, 715, P0, 0x0000000000000020
2026/09/17 15:45:53.168, 1, 78, 99.86, 21, 8433, 1227, 715, P0, 0x0000000000000000
2026/09/17 15:45:54.173, 0, 78, 88.94, 47, 7908, 1088, 715, P0, 0x0000000000000000
2026/09/17 15:45:54.180, 1, 79, 85.51, 51, 8433, 1316, 715, P0, 0x0000000000000020
2026/09/17 15:45:55.188, 0, 78, 52.61, 52, 7908, 1189, 715, P0, 0x0000000000000000
2026/09/17 15:45:55.191, 1, 79, 151.19, 43, 8433, 1290, 715, P0, 0x0000000000000020
2026/09/17 15:45:56.203, 0, 78, 80.69, 48, 7908, 1189, 715, P0, 0x0000000000000000
2026/09/17 15:45:56.206, 1, 79, 120.71, 43, 8433, 1328, 715, P0, 0x0000000000000000
2026/09/17 15:45:57.216, 0, 78, 51.59, 51, 7908, 1215, 715, P0, 0x0000000000000000
2026/09/17 15:45:57.222, 1, 79, 93.40, 43, 8433, 556, 715, P0, 0x0000000000000020
2026/09/17 15:45:58.230, 0, 79, 85.59, 38, 7908, 1278, 715, P0, 0x0000000000000000
2026/09/17 15:45:58.234, 1, 78, 133.95, 58, 8433, 1050, 715, P0, 0x0000000000000020
2026/09/17 15:45:59.256, 0, 79, 156.08, 100, 7908, 1328, 715, P0, 0x0000000000000000
2026/09/17 15:45:59.259, 1, 77, 49.74, 0, 8433, 1189, 715, P0, 0x0000000000000000
2026/09/17 15:46:00.268, 0, 79, 64.64, 41, 7908, 1328, 715, P0, 0x0000000000000000
2026/09/17 15:46:00.271, 1, 79, 153.28, 45, 8433, 1202, 715, P0, 0x0000000000000000
2026/09/17 15:46:01.280, 0, 79, 151.21, 37, 7908, 1328, 715, P0, 0x0000000000000000
2026/09/17 15:46:01.286, 1, 79, 82.88, 50, 8433, 1252, 715, P0, 0x0000000000000000
2026/09/17 15:46:02.293, 0, 78, 104.91, 48, 7908, 936, 715, P0, 0x0000000000000020
2026/09/17 15:46:02.296, 1, 79, 119.87, 55, 8433, 1290, 715, P0, 0x0000000000000000
2026/09/17 15:46:03.307, 0, 78, 142.06, 41, 7908, 1101, 715, P0, 0x0000000000000020
2026/09/17 15:46:03.312, 1, 79, 95.94, 53, 8433, 1303, 715, P0, 0x0000000000000000
2026/09/17 15:46:04.317, 0, 78, 153.89, 42, 7908, 1227, 715, P0, 0x0000000000000000
2026/09/17 15:46:04.320, 1, 79, 68.39, 48, 8433, 1290, 715, P0, 0x0000000000000000
2026/09/17 15:46:05.329, 0, 79, 129.62, 42, 7908, 1215, 715, P0, 0x0000000000000020
2026/09/17 15:46:05.333, 1, 79, 117.58, 47, 8433, 1290, 715, P0, 0x0000000000000000
2026/09/17 15:46:06.340, 0, 79, 98.68, 40, 7908, 1215, 715, P0, 0x0000000000000000
2026/09/17 15:46:06.343, 1, 79, 144.48, 47, 8433, 1265, 715, P0, 0x0000000000000000
2026/09/17 15:46:07.352, 0, 79, 62.69, 38, 7908, 1303, 715, P0, 0x0000000000000000
2026/09/17 15:46:07.355, 1, 79, 158.35, 54, 8433, 1265, 715, P0, 0x0000000000000000
2026/09/17 15:46:08.361, 0, 79, 150.01, 49, 7908, 1303, 715, P0, 0x0000000000000000
2026/09/17 15:46:08.364, 1, 79, 71.49, 57, 8433, 1227, 715, P0, 0x0000000000000000
2026/09/17 15:46:09.374, 0, 79, 113.61, 53, 7908, 1278, 715, P0, 0x0000000000000000
2026/09/17 15:46:09.382, 1, 79, 132.78, 45, 8433, 1303, 715, P0, 0x0000000000000020
2026/09/17 15:46:10.386, 0, 79, 79.68, 49, 7908, 1316, 715, P0, 0x0000000000000020
2026/09/17 15:46:10.389, 1, 79, 159.43, 49, 8433, 1303, 715, P0, 0x0000000000000020
2026/09/17 15:46:11.400, 0, 79, 105.03, 41, 7908, 1303, 715, P0, 0x0000000000000000
2026/09/17 15:46:11.403, 1, 80, 111.64, 54, 8433, 1290, 715, P0, 0x0000000000000020
2026/09/17 15:46:12.415, 0, 79, 152.44, 38, 7908, 1278, 715, P0, 0x0000000000000000
2026/09/17 15:46:12.418, 1, 78, 60.26, 58, 8433, 1075, 715, P0, 0x0000000000000000
2026/09/17 15:46:13.428, 0, 79, 109.25, 44, 7908, 1278, 715, P0, 0x0000000000000000
2026/09/17 15:46:13.431, 1, 78, 79.75, 47, 8433, 1088, 715, P0, 0x0000000000000000
2026/09/17 15:46:14.454, 0, 79, 117.69, 50, 7908, 1278, 715, P0, 0x0000000000000000
2026/09/17 15:46:14.460, 1, 78, 73.04, 48, 8433, 1113, 715, P0, 0x0000000000000000
2026/09/17 15:46:15.467, 0, 79, 55.08, 41, 7908, 1189, 715, P0, 0x0000000000000000
2026/09/17 15:46:15.470, 1, 78, 145.39, 56, 8433, 1189, 715, P0, 0x0000000000000000
2026/09/17 15:46:16.475, 0, 79, 112.62, 47, 7908, 1139, 715, P0, 0x0000000000000020
2026/09/17 15:46:16.482, 1, 78, 115.17, 45, 8433, 1215, 715, P0, 0x0000000000000000
2026/09/17 15:46:17.497, 0, 79, 113.24, 53, 7908, 1227, 715, P0, 0x0000000000000020
2026/09/17 15:46:17.501, 1, 79, 115.32, 47, 8433, 1202, 715, P0, 0x0000000000000000
2026/09/17 15:46:18.510, 0, 79, 103.12, 48, 7908, 1265, 715, P0, 0x0000000000000020
2026/09/17 15:46:18.513, 1, 79, 128.75, 50, 8433, 1227, 715, P0, 0x0000000000000000
2026/09/17 15:46:19.521, 0, 79, 85.92, 50, 7908, 1303, 715, P0, 0x0000000000000000
2026/09/17 15:46:19.524, 1, 79, 140.52, 49, 8433, 1227, 715, P0, 0x0000000000000000
2026/09/17 15:46:20.532, 0, 79, 74.28, 48, 7908, 1303, 715, P0, 0x0000000000000000
2026/09/17 15:46:20.535, 1, 79, 143.51, 49, 8433, 1202, 715, P0, 0x0000000000000000
2026/09/17 15:46:21.546, 0, 79, 62.27, 49, 7908, 1265, 715, P0, 0x0000000000000000
2026/09/17 15:46:21.549, 1, 79, 160.53, 51, 8433, 1227, 715, P0, 0x0000000000000020
2026/09/17 15:46:22.560, 0, 79, 80.52, 50, 7908, 1240, 715, P0, 0x0000000000000000
2026/09/17 15:46:22.567, 1, 79, 105.70, 52, 8433, 1227, 715, P0, 0x0000000000000000
2026/09/17 15:46:23.574, 0, 79, 112.60, 50, 7908, 1240, 715, P0, 0x0000000000000000
2026/09/17 15:46:23.577, 1, 79, 90.70, 53, 8433, 1202, 715, P0, 0x0000000000000020
2026/09/17 15:46:24.583, 0, 79, 133.98, 52, 7908, 1278, 715, P0, 0x0000000000000000
2026/09/17 15:46:24.588, 1, 79, 79.20, 52, 8433, 1202, 715, P0, 0x0000000000000020
2026/09/17 15:46:25.594, 0, 79, 156.15, 52, 7908, 1316, 715, P0, 0x0000000000000000
2026/09/17 15:46:25.597, 1, 79, 71.01, 53, 8433, 1202, 715, P0, 0x0000000000000000
2026/09/17 15:46:26.609, 0, 79, 167.07, 52, 7908, 1278, 715, P0, 0x0000000000000020
2026/09/17 15:46:26.612, 1, 79, 59.75, 50, 8433, 1202, 715, P0, 0x0000000000000000
2026/09/17 15:46:27.621, 0, 79, 157.74, 52, 7908, 1240, 715, P0, 0x0000000000000000
2026/09/17 15:46:27.626, 1, 79, 88.25, 45, 8433, 1303, 715, P0, 0x0000000000000020
2026/09/17 15:46:28.632, 0, 79, 118.68, 52, 7908, 1240, 715, P0, 0x0000000000000020
2026/09/17 15:46:28.635, 1, 79, 117.86, 44, 8433, 1303, 715, P0, 0x0000000000000020
2026/09/17 15:46:29.648, 0, 79, 74.93, 52, 7908, 1240, 715, P0, 0x0000000000000000
2026/09/17 15:46:29.651, 1, 79, 161.96, 44, 8433, 1316, 715, P0, 0x0000000000000020
2026/09/17 15:46:30.660, 0, 79, 63.89, 50, 7908, 1252, 715, P0, 0x0000000000000000
2026/09/17 15:46:30.663, 1, 79, 180.32, 45, 8433, 1252, 715, P0, 0x0000000000000020
2026/09/17 15:46:31.674, 0, 79, 92.66, 50, 7908, 1240, 715, P0, 0x0000000000000000
2026/09/17 15:46:31.678, 1, 79, 108.12, 49, 8433, 1252, 715, P0, 0x0000000000000020
2026/09/17 15:46:32.684, 0, 79, 126.04, 50, 7908, 1265, 715, P0, 0x0000000000000000
2026/09/17 15:46:32.687, 1, 79, 83.74, 48, 8433, 1265, 715, P0, 0x0000000000000000
2026/09/17 15:46:33.695, 0, 79, 153.40, 50, 7908, 1265, 715, P0, 0x0000000000000000
2026/09/17 15:46:33.699, 1, 79, 66.46, 53, 8433, 1252, 715, P0, 0x0000000000000000
2026/09/17 15:46:34.707, 0, 79, 163.11, 47, 7908, 1265, 715, P0, 0x0000000000000000
2026/09/17 15:46:34.710, 1, 79, 87.25, 53, 8433, 1290, 715, P0, 0x0000000000000000
2026/09/17 15:46:35.718, 0, 79, 115.80, 47, 7908, 1265, 715, P0, 0x0000000000000000
2026/09/17 15:46:35.721, 1, 79, 118.81, 55, 8433, 1252, 715, P0, 0x0000000000000000
2026/09/17 15:46:36.730, 0, 78, 122.75, 44, 7908, 1252, 715, P0, 0x0000000000000000
2026/09/17 15:46:36.733, 1, 79, 55.08, 57, 8433, 1265, 715, P0, 0x0000000000000000
2026/09/17 15:46:37.740, 0, 78, 111.72, 39, 7908, 1189, 715, P0, 0x0000000000000000
2026/09/17 15:46:37.744, 1, 79, 93.09, 56, 8433, 1290, 715, P0, 0x0000000000000020
2026/09/17 15:46:38.752, 0, 80, 119.57, 51, 7908, 1290, 715, P0, 0x0000000000000020
2026/09/17 15:46:38.755, 1, 79, 142.42, 43, 8433, 1303, 715, P0, 0x0000000000000000
2026/09/17 15:46:39.764, 0, 79, 69.71, 45, 7908, 1189, 715, P0, 0x0000000000000000
2026/09/17 15:46:39.770, 1, 79, 152.59, 43, 8433, 1290, 715, P0, 0x0000000000000000
2026/09/17 15:46:40.774, 0, 79, 86.42, 51, 7908, 1075, 715, P0, 0x0000000000000020
2026/09/17 15:46:40.778, 1, 79, 143.05, 43, 8433, 1303, 715, P0, 0x0000000000000000
2026/09/17 15:46:41.787, 0, 79, 87.21, 54, 7908, 1189, 715, P0, 0x0000000000000000
2026/09/17 15:46:41.796, 1, 79, 141.97, 48, 8433, 1265, 715, P0, 0x0000000000000000
2026/09/17 15:46:42.800, 0, 79, 109.85, 52, 7908, 1227, 715, P0, 0x0000000000000020
2026/09/17 15:46:42.803, 1, 79, 135.27, 52, 8433, 1303, 715, P0, 0x0000000000000000
2026/09/17 15:46:43.810, 0, 79, 101.72, 50, 7908, 1278, 715, P0, 0x0000000000000000
2026/09/17 15:46:43.815, 1, 79, 144.05, 54, 8433, 1290, 715, P0, 0x0000000000000000
2026/09/17 15:46:44.824, 0, 79, 70.15, 51, 7908, 1290, 715, P0, 0x0000000000000000
2026/09/17 15:46:44.827, 1, 80, 163.33, 53, 8433, 1278, 715, P0, 0x0000000000000000
2026/09/17 15:46:45.836, 0, 79, 69.06, 44, 7908, 1265, 715, P0, 0x0000000000000000
2026/09/17 15:46:45.838, 1, 78, 117.17, 53, 8433, 885, 715, P0, 0x0000000000000020
2026/09/17 15:46:46.848, 0, 79, 168.79, 45, 7908, 1316, 715, P0, 0x0000000000000000
2026/09/17 15:46:46.850, 1, 79, 58.06, 47, 8433, 1164, 715, P0, 0x0000000000000000
2026/09/17 15:46:47.860, 0, 79, 144.79, 50, 7908, 1316, 715, P0, 0x0000000000000000
2026/09/17 15:46:47.865, 1, 79, 68.44, 49, 8433, 1126, 715, P0, 0x0000000000000000
2026/09/17 15:46:48.874, 0, 79, 96.25, 40, 7908, 1278, 715, P0, 0x0000000000000000
2026/09/17 15:46:48.877, 1, 79, 84.22, 58, 8433, 1189, 715, P0, 0x0000000000000000
2026/09/17 15:46:49.888, 0, 79, 75.72, 38, 7908, 1265, 715, P0, 0x0000000000000000
2026/09/17 15:46:49.891, 1, 79, 105.77, 59, 8433, 1139, 715, P0, 0x0000000000000020
2026/09/17 15:46:50.900, 0, 79, 84.82, 41, 7908, 1290, 715, P0, 0x0000000000000000
2026/09/17 15:46:50.907, 1, 79, 102.91, 58, 8433, 1240, 715, P0, 0x0000000000000020
2026/09/17 15:46:51.926, 0, 79, 154.48, 45, 7908, 1278, 715, P0, 0x0000000000000000
2026/09/17 15:46:51.930, 1, 79, 66.74, 58, 8433, 1189, 715, P0, 0x0000000000000000
2026/09/17 15:46:52.937, 0, 79, 155.57, 45, 7908, 1265, 715, P0, 0x0000000000000000
2026/09/17 15:46:52.942, 1, 79, 62.88, 58, 8433, 1215, 715, P0, 0x0000000000000000
2026/09/17 15:46:53.950, 0, 79, 167.17, 46, 7908, 1278, 715, P0, 0x0000000000000000
2026/09/17 15:46:53.953, 1, 79, 81.32, 58, 8433, 1215, 715, P0, 0x0000000000000000
2026/09/17 15:46:54.961, 0, 79, 115.33, 44, 7908, 1278, 715, P0, 0x0000000000000000
2026/09/17 15:46:54.965, 1, 79, 117.70, 57, 8433, 1227, 715, P0, 0x0000000000000000
2026/09/17 15:46:55.969, 0, 79, 95.79, 44, 7908, 1278, 715, P0, 0x0000000000000000
2026/09/17 15:46:55.972, 1, 79, 132.83, 57, 8433, 1252, 715, P0, 0x0000000000000000
2026/09/17 15:46:56.981, 0, 79, 74.02, 44, 7908, 1265, 715, P0, 0x0000000000000000
2026/09/17 15:46:56.987, 1, 79, 151.84, 54, 8433, 1252, 715, P0, 0x0000000000000000
2026/09/17 15:46:57.994, 0, 79, 81.20, 44, 7908, 1265, 715, P0, 0x0000000000000000
2026/09/17 15:46:57.995, 1, 79, 149.30, 55, 8433, 1252, 715, P0, 0x0000000000000000
2026/09/17 15:46:59.004, 0, 79, 102.95, 40, 7908, 1265, 715, P0, 0x0000000000000000
2026/09/17 15:46:59.009, 1, 79, 105.21, 52, 8433, 1189, 715, P0, 0x0000000000000020
2026/09/17 15:47:00.017, 0, 79, 132.60, 39, 7908, 1278, 715, P0, 0x0000000000000000
2026/09/17 15:47:00.019, 1, 79, 80.61, 53, 8433, 1227, 715, P0, 0x0000000000000000
2026/09/17 15:47:01.030, 0, 79, 160.99, 39, 7908, 1278, 715, P0, 0x0000000000000000
2026/09/17 15:47:01.033, 1, 79, 66.73, 52, 8433, 1227, 715, P0, 0x0000000000000000
2026/09/17 15:47:02.042, 0, 79, 168.88, 40, 7908, 1265, 715, P0, 0x0000000000000020
2026/09/17 15:47:02.051, 1, 79, 96.84, 50, 8433, 1227, 715, P0, 0x0000000000000000
2026/09/17 15:47:03.069, 0, 79, 81.44, 41, 7908, 1265, 715, P0, 0x0000000000000000
2026/09/17 15:47:03.073, 1, 79, 145.88, 49, 8433, 1240, 715, P0, 0x0000000000000000
2026/09/17 15:47:04.086, 0, 79, 61.78, 39, 7908, 1240, 715, P0, 0x0000000000000000
2026/09/17 15:47:04.093, 1, 79, 165.30, 48, 8433, 1252, 715, P0, 0x0000000000000000
2026/09/17 15:47:05.098, 0, 79, 71.88, 41, 7908, 1189, 715, P0, 0x0000000000000000
2026/09/17 15:47:05.101, 1, 79, 144.54, 55, 8433, 1252, 715, P0, 0x0000000000000000
2026/09/17 15:47:06.112, 0, 79, 100.39, 52, 7908, 1189, 715, P0, 0x0000000000000020
2026/09/17 15:47:06.117, 1, 79, 126.44, 55, 8433, 1265, 715, P0, 0x0000000000000000
2026/09/17 15:47:07.121, 0, 79, 137.81, 50, 7908, 1189, 715, P0, 0x0000000000000000
2026/09/17 15:47:07.125, 1, 79, 60.33, 44, 8433, 1227, 715, P0, 0x0000000000000000
2026/09/17 15:47:08.132, 0, 79, 149.37, 40, 7908, 1227, 715, P0, 0x0000000000000000
2026/09/17 15:47:08.140, 1, 79, 64.10, 45, 8433, 1240, 715, P0, 0x0000000000000000
2026/09/17 15:47:09.148, 0, 79, 148.98, 40, 7908, 1227, 715, P0, 0x0000000000000000
2026/09/17 15:47:09.151, 1, 79, 60.28, 46, 8433, 1202, 715, P0, 0x0000000000000000
2026/09/17 15:47:10.163, 0, 78, 149.91, 40, 7908, 1227, 715, P0, 0x0000000000000000
2026/09/17 15:47:10.166, 1, 79, 60.76, 45, 8433, 1278, 715, P0, 0x0000000000000000
2026/09/17 15:47:11.191, 0, 79, 104.62, 40, 7908, 1227, 715, P0, 0x0000000000000020
2026/09/17 15:47:11.194, 1, 79, 139.33, 45, 8433, 1303, 715, P0, 0x0000000000000000
2026/09/17 15:47:12.206, 0, 79, 72.52, 39, 7908, 1252, 715, P0, 0x0000000000000000
2026/09/17 15:47:12.209, 1, 79, 162.29, 44, 8433, 1303, 715, P0, 0x0000000000000000
2026/09/17 15:47:13.219, 0, 79, 61.48, 38, 7908, 1252, 715, P0, 0x0000000000000000
2026/09/17 15:47:13.222, 1, 79, 167.96, 45, 8433, 1227, 715, P0, 0x0000000000000020
2026/09/17 15:47:14.234, 0, 79, 111.00, 38, 7908, 1252, 715, P0, 0x0000000000000000
2026/09/17 15:47:14.237, 1, 79, 101.86, 44, 8433, 1252, 715, P0, 0x0000000000000020
2026/09/17 15:47:15.244, 0, 78, 56.51, 3, 7908, 1328, 715, P0, 0x0000000000000000
2026/09/17 15:47:15.244, 1, 79, 151.87, 99, 8433, 1328, 715, P0, 0x0000000000000000
2026/09/17 15:47:16.256, 0, 79, 73.97, 42, 7908, 1265, 715, P0, 0x0000000000000000
2026/09/17 15:47:16.259, 1, 79, 163.36, 58, 8433, 1278, 715, P0, 0x0000000000000000
2026/09/17 15:47:17.270, 0, 79, 152.36, 38, 7908, 1303, 715, P0, 0x0000000000000000
2026/09/17 15:47:17.276, 1, 80, 76.98, 50, 8433, 1290, 715, P0, 0x0000000000000000
2026/09/17 15:47:18.280, 0, 78, 120.36, 51, 7908, 873, 715, P0, 0x0000000000000020
2026/09/17 15:47:18.284, 1, 79, 64.71, 43, 8433, 1328, 715, P0, 0x0000000000000000
2026/09/17 15:47:19.292, 0, 78, 113.93, 46, 7908, 1189, 715, P0, 0x0000000000000000
2026/09/17 15:47:19.299, 1, 79, 84.98, 54, 8433, 1290, 715, P0, 0x0000000000000000
2026/09/17 15:47:20.307, 0, 78, 107.44, 49, 7908, 1189, 715, P0, 0x0000000000000000
2026/09/17 15:47:20.309, 1, 79, 82.11, 56, 8433, 1189, 715, P0, 0x0000000000000000
2026/09/17 15:47:21.321, 0, 78, 62.99, 50, 7908, 1290, 715, P0, 0x0000000000000000
2026/09/17 15:47:21.324, 1, 79, 149.50, 48, 8433, 1202, 715, P0, 0x0000000000000000
2026/09/17 15:47:22.332, 0, 79, 66.60, 42, 7908, 1278, 715, P0, 0x0000000000000000
2026/09/17 15:47:22.335, 1, 79, 156.33, 45, 8433, 1189, 715, P0, 0x0000000000000020
2026/09/17 15:47:23.361, 0, 79, 121.42, 37, 7908, 1278, 715, P0, 0x0000000000000000
2026/09/17 15:47:23.366, 1, 79, 82.50, 46, 8433, 1189, 715, P0, 0x0000000000000000
2026/09/17 15:47:24.371, 0, 79, 109.41, 38, 7908, 1278, 715, P0, 0x0000000000000000
2026/09/17 15:47:24.374, 1, 79, 91.67, 47, 8433, 1164, 715, P0, 0x0000000000000020
2026/09/17 15:47:25.381, 0, 79, 120.54, 37, 7908, 1303, 715, P0, 0x0000000000000000
2026/09/17 15:47:25.384, 1, 79, 86.16, 50, 8433, 1189, 715, P0, 0x0000000000000000
2026/09/17 15:47:26.397, 0, 79, 155.46, 38, 7908, 1278, 715, P0, 0x0000000000000000
2026/09/17 15:47:26.400, 1, 79, 61.23, 51, 8433, 1189, 715, P0, 0x0000000000000000
2026/09/17 15:47:27.408, 0, 79, 155.80, 38, 7908, 1278, 715, P0, 0x0000000000000000
2026/09/17 15:47:27.416, 1, 79, 58.79, 53, 8433, 1189, 715, P0, 0x0000000000000000
2026/09/17 15:47:28.423, 0, 79, 168.31, 39, 7908, 1278, 715, P0, 0x0000000000000000
2026/09/17 15:47:28.434, 1, 78, 98.46, 45, 8433, 1252, 715, P0, 0x0000000000000000
2026/09/17 15:47:29.439, 0, 79, 151.20, 41, 7908, 1278, 715, P0, 0x0000000000000000
2026/09/17 15:47:29.442, 1, 78, 100.20, 45, 8433, 1278, 715, P0, 0x0000000000000000
2026/09/17 15:47:30.451, 0, 80, 86.14, 41, 7908, 1278, 715, P0, 0x0000000000000000
2026/09/17 15:47:30.456, 1, 79, 158.56, 44, 8433, 1303, 715, P0, 0x0000000000000000
2026/09/17 15:47:31.467, 0, 79, 57.70, 39, 7908, 696, 715, P0, 0x0000000000000020
2026/09/17 15:47:31.470, 1, 79, 162.31, 44, 8433, 1303, 715, P0, 0x0000000000000020
2026/09/17 15:47:32.484, 0, 78, 136.01, 53, 7908, 1227, 715, P0, 0x0000000000000020
2026/09/17 15:47:32.499, 1, 79, 90.90, 53, 8433, 1290, 715, P0, 0x0000000000000000
2026/09/17 15:47:33.514, 0, 78, 163.67, 43, 7908, 1151, 715, P0, 0x0000000000000020
2026/09/17 15:47:33.523, 1, 79, 97.01, 43, 8433, 1290, 715, P0, 0x0000000000000000
2026/09/17 15:47:34.528, 0, 78, 132.33, 41, 7908, 1189, 715, P0, 0x0000000000000000
2026/09/17 15:47:34.531, 1, 79, 70.37, 47, 8433, 1240, 715, P0, 0x0000000000000000
2026/09/17 15:47:35.541, 0, 78, 124.00, 48, 7908, 1189, 715, P0, 0x0000000000000000
2026/09/17 15:47:35.545, 1, 79, 78.76, 56, 8433, 1278, 715, P0, 0x0000000000000000
2026/09/17 15:47:36.554, 0, 79, 125.14, 54, 7908, 1202, 715, P0, 0x0000000000000000
2026/09/17 15:47:36.557, 1, 79, 76.59, 57, 8433, 1227, 715, P0, 0x0000000000000020
2026/09/17 15:47:37.567, 0, 79, 156.79, 53, 7908, 1265, 715, P0, 0x0000000000000000
2026/09/17 15:47:37.569, 1, 79, 67.88, 58, 8433, 1252, 715, P0, 0x0000000000000000
2026/09/17 15:47:38.579, 0, 79, 162.01, 53, 7908, 1240, 715, P0, 0x0000000000000020
2026/09/17 15:47:38.586, 1, 79, 103.34, 58, 8433, 1227, 715, P0, 0x0000000000000000
2026/09/17 15:47:39.593, 0, 79, 102.63, 52, 7908, 1252, 715, P0, 0x0000000000000020
2026/09/17 15:47:39.596, 1, 79, 131.14, 58, 8433, 1252, 715, P0, 0x0000000000000000
2026/09/17 15:47:40.602, 0, 79, 79.04, 52, 7908, 1252, 715, P0, 0x0000000000000000
2026/09/17 15:47:40.605, 1, 79, 141.74, 56, 8433, 1227, 715, P0, 0x0000000000000000
2026/09/17 15:47:41.610, 0, 79, 69.22, 50, 7908, 1252, 715, P0, 0x0000000000000000
2026/09/17 15:47:41.613, 1, 79, 147.50, 55, 8433, 1227, 715, P0, 0x0000000000000000
2026/09/17 15:47:42.620, 0, 79, 61.06, 49, 7908, 1278, 715, P0, 0x0000000000000000
2026/09/17 15:47:42.626, 1, 79, 153.18, 54, 8433, 1227, 715, P0, 0x0000000000000000
2026/09/17 15:47:43.632, 0, 79, 90.03, 48, 7908, 1265, 715, P0, 0x0000000000000000
2026/09/17 15:47:43.636, 1, 79, 109.50, 53, 8433, 1252, 715, P0, 0x0000000000000000
2026/09/17 15:47:44.643, 0, 79, 134.63, 45, 7908, 1252, 715, P0, 0x0000000000000000
2026/09/17 15:47:44.646, 1, 79, 79.18, 50, 8433, 1252, 715, P0, 0x0000000000000000
2026/09/17 15:47:45.654, 0, 79, 154.37, 43, 7908, 1265, 715, P0, 0x0000000000000000
2026/09/17 15:47:45.657, 1, 79, 62.92, 47, 8433, 1215, 715, P0, 0x0000000000000000
2026/09/17 15:47:46.666, 0, 79, 164.24, 44, 7908, 1227, 715, P0, 0x0000000000000020
2026/09/17 15:47:46.674, 1, 79, 93.78, 47, 8433, 1227, 715, P0, 0x0000000000000000
2026/09/17 15:47:47.682, 0, 79, 113.40, 46, 7908, 1240, 715, P0, 0x0000000000000000
2026/09/17 15:47:47.691, 1, 79, 144.65, 49, 8433, 1316, 715, P0, 0x0000000000000020
2026/09/17 15:47:48.699, 0, 79, 70.13, 46, 7908, 1240, 715, P0, 0x0000000000000000
2026/09/17 15:47:48.702, 1, 79, 163.35, 49, 8433, 1316, 715, P0, 0x0000000000000020
2026/09/17 15:47:49.711, 0, 79, 61.01, 47, 7908, 1240, 715, P0, 0x0000000000000000
2026/09/17 15:47:49.717, 1, 79, 165.37, 51, 8433, 1290, 715, P0, 0x0000000000000020
2026/09/17 15:47:50.724, 0, 79, 94.79, 40, 7908, 1227, 715, P0, 0x0000000000000000
2026/09/17 15:47:50.727, 1, 79, 112.13, 53, 8433, 1290, 715, P0, 0x0000000000000020
2026/09/17 15:47:51.738, 0, 79, 150.86, 42, 7908, 1316, 715, P0, 0x0000000000000020
2026/09/17 15:47:51.741, 1, 79, 77.18, 54, 8433, 1290, 715, P0, 0x0000000000000000
2026/09/17 15:47:52.752, 0, 79, 145.29, 65, 7908, 1328, 715, P0, 0x0000000000000000
2026/09/17 15:47:52.756, 1, 78, 49.27, 26, 8433, 1189, 715, P0, 0x0000000000000000
2026/09/17 15:47:53.764, 0, 79, 66.61, 49, 7908, 1290, 715, P0, 0x0000000000000000
2026/09/17 15:47:53.767, 1, 78, 136.35, 49, 8433, 1139, 715, P0, 0x0000000000000020
2026/09/17 15:47:54.776, 0, 79, 63.66, 52, 7908, 1328, 715, P0, 0x0000000000000000
2026/09/17 15:47:54.785, 1, 79, 124.81, 56, 8433, 1164, 715, P0, 0x0000000000000020
2026/09/17 15:47:55.791, 0, 78, 48.84, 53, 7908, 999, 715, P0, 0x0000000000000000
2026/09/17 15:47:55.794, 1, 79, 155.27, 54, 8433, 1227, 715, P0, 0x0000000000000000
2026/09/17 15:47:56.802, 0, 79, 74.48, 41, 7908, 1126, 715, P0, 0x0000000000000000
2026/09/17 15:47:56.810, 1, 79, 156.20, 48, 8433, 1303, 715, P0, 0x0000000000000000
2026/09/17 15:47:57.817, 0, 79, 105.36, 42, 7908, 1139, 715, P0, 0x0000000000000020
2026/09/17 15:47:57.820, 1, 79, 136.42, 43, 8433, 1278, 715, P0, 0x0000000000000000
2026/09/17 15:47:58.831, 0, 79, 105.32, 47, 7908, 1202, 715, P0, 0x0000000000000020
2026/09/17 15:47:58.834, 1, 79, 124.76, 47, 8433, 1265, 715, P0, 0x0000000000000000
2026/09/17 15:47:59.843, 0, 79, 77.60, 46, 7908, 1265, 715, P0, 0x0000000000000020
2026/09/17 15:47:59.845, 1, 79, 150.19, 45, 8433, 1252, 715, P0, 0x0000000000000000
2026/09/17 15:48:00.867, 0, 79, 63.00, 47, 7908, 1278, 715, P0, 0x0000000000000000
2026/09/17 15:48:00.871, 1, 78, 143.92, 48, 8433, 999, 715, P0, 0x0000000000000020
2026/09/17 15:48:01.894, 0, 79, 72.12, 42, 7908, 1265, 715, P0, 0x0000000000000000
2026/09/17 15:48:01.897, 1, 79, 136.33, 57, 8433, 1126, 715, P0, 0x0000000000000020
2026/09/17 15:48:02.907, 0, 79, 104.65, 39, 7908, 1227, 715, P0, 0x0000000000000000
2026/09/17 15:48:02.912, 1, 78, 114.37, 48, 8433, 1189, 715, P0, 0x0000000000000000
2026/09/17 15:48:03.919, 0, 79, 140.39, 50, 7908, 1227, 715, P0, 0x0000000000000000
2026/09/17 15:48:03.923, 1, 79, 95.73, 46, 8433, 1227, 715, P0, 0x0000000000000000
2026/09/17 15:48:04.931, 0, 79, 119.41, 52, 7908, 1240, 715, P0, 0x0000000000000020
2026/09/17 15:48:04.934, 1, 79, 114.44, 50, 8433, 1316, 715, P0, 0x0000000000000020
2026/09/17 15:48:05.959, 0, 79, 60.07, 38, 7908, 1278, 715, P0, 0x0000000000000000
2026/09/17 15:48:05.962, 1, 79, 141.64, 54, 8433, 1303, 715, P0, 0x0000000000000000
2026/09/17 15:48:06.975, 0, 79, 148.84, 39, 7908, 1240, 715, P0, 0x0000000000000000
2026/09/17 15:48:06.978, 1, 79, 70.55, 58, 8433, 1252, 715, P0, 0x0000000000000000
2026/09/17 15:48:07.986, 0, 79, 136.74, 40, 7908, 1240, 715, P0, 0x0000000000000020
2026/09/17 15:48:07.995, 1, 79, 118.32, 57, 8433, 1252, 715, P0, 0x0000000000000000
2026/09/17 15:48:09.011, 0, 79, 65.58, 46, 7908, 1303, 715, P0, 0x0000000000000000
2026/09/17 15:48:09.014, 1, 79, 179.71, 50, 8433, 1278, 715, P0, 0x0000000000000020
2026/09/17 15:48:10.025, 0, 79, 129.54, 52, 7908, 1303, 715, P0, 0x0000000000000000
2026/09/17 15:48:10.028, 1, 79, 91.80, 46, 8433, 1252, 715, P0, 0x0000000000000020
2026/09/17 15:48:11.039, 0, 79, 154.35, 52, 7908, 1240, 715, P0, 0x0000000000000000
2026/09/17 15:48:11.043, 1, 79, 63.36, 44, 8433, 1278, 715, P0, 0x0000000000000000
2026/09/17 15:48:12.052, 0, 79, 97.17, 49, 7908, 1265, 715, P0, 0x0000000000000020
2026/09/17 15:48:12.055, 1, 79, 144.86, 46, 8433, 1290, 715, P0, 0x0000000000000000
2026/09/17 15:48:13.064, 0, 80, 65.11, 44, 7908, 1252, 715, P0, 0x0000000000000000
2026/09/17 15:48:13.067, 1, 79, 158.10, 52, 8433, 1252, 715, P0, 0x0000000000000000
2026/09/17 15:48:14.079, 0, 79, 118.54, 41, 7908, 1278, 715, P0, 0x0000000000000000
2026/09/17 15:48:14.086, 1, 80, 89.88, 55, 8433, 1265, 715, P0, 0x0000000000000000
2026/09/17 15:48:15.093, 0, 79, 157.02, 39, 7908, 1252, 715, P0, 0x0000000000000000
2026/09/17 15:48:15.096, 1, 78, 54.29, 58, 8433, 1012, 715, P0, 0x0000000000000000
2026/09/17 15:48:16.105, 0, 79, 72.87, 49, 7908, 1227, 715, P0, 0x0000000000000000
2026/09/17 15:48:16.108, 1, 79, 93.64, 47, 8433, 1037, 715, P0, 0x0000000000000020
2026/09/17 15:48:17.119, 0, 79, 62.29, 46, 7908, 1278, 715, P0, 0x0000000000000000
2026/09/17 15:48:17.126, 1, 79, 128.48, 50, 8433, 1126, 715, P0, 0x0000000000000020
2026/09/17 15:48:18.145, 0, 79, 60.61, 39, 7908, 1240, 715, P0, 0x0000000000000000
2026/09/17 15:48:18.149, 1, 78, 153.32, 57, 8433, 1139, 715, P0, 0x0000000000000020
2026/09/17 15:48:19.172, 0, 79, 119.25, 39, 7908, 1240, 715, P0, 0x0000000000000000
2026/09/17 15:48:19.180, 1, 79, 85.44, 55, 8433, 1189, 715, P0, 0x0000000000000020
2026/09/17 15:48:20.187, 0, 79, 114.70, 38, 7908, 1227, 715, P0, 0x0000000000000000
2026/09/17 15:48:20.190, 1, 79, 89.98, 58, 8433, 1227, 715, P0, 0x0000000000000020
2026/09/17 15:48:21.198, 0, 79, 136.07, 39, 7908, 1240, 715, P0, 0x0000000000000000
2026/09/17 15:48:21.200, 1, 79, 75.13, 57, 8433, 1252, 715, P0, 0x0000000000000000
2026/09/17 15:48:22.210, 0, 79, 154.99, 38, 7908, 1240, 715, P0, 0x0000000000000000
2026/09/17 15:48:22.212, 1, 79, 66.70, 55, 8433, 1252, 715, P0, 0x0000000000000000
2026/09/17 15:48:23.223, 0, 79, 110.10, 40, 7908, 1215, 715, P0, 0x0000000000000000
2026/09/17 15:48:23.230, 1, 79, 126.50, 53, 8433, 1265, 715, P0, 0x0000000000000000
2026/09/17 15:48:24.235, 0, 79, 95.78, 40, 7908, 1227, 715, P0, 0x0000000000000020
2026/09/17 15:48:24.238, 1, 79, 142.08, 54, 8433, 1290, 715, P0, 0x0000000000000000
2026/09/17 15:48:25.247, 0, 79, 72.29, 39, 7908, 1227, 715, P0, 0x0000000000000000
2026/09/17 15:48:25.250, 1, 79, 156.99, 52, 8433, 1278, 715, P0, 0x0000000000000000
2026/09/17 15:48:26.263, 0, 79, 67.25, 40, 7908, 1215, 715, P0, 0x0000000000000000
2026/09/17 15:48:26.268, 1, 79, 132.30, 51, 8433, 1252, 715, P0, 0x0000000000000020
2026/09/17 15:48:27.276, 0, 79, 123.28, 40, 7908, 1202, 715, P0, 0x0000000000000000
2026/09/17 15:48:27.279, 1, 79, 80.89, 48, 8433, 1227, 715, P0, 0x0000000000000020
2026/09/17 15:48:28.286, 0, 79, 154.13, 43, 7908, 1240, 715, P0, 0x0000000000000000
2026/09/17 15:48:28.294, 1, 79, 62.40, 45, 8433, 1252, 715, P0, 0x0000000000000000
2026/09/17 15:48:29.303, 0, 79, 164.28, 42, 7908, 1265, 715, P0, 0x0000000000000000
2026/09/17 15:48:29.306, 1, 79, 98.75, 45, 8433, 1265, 715, P0, 0x0000000000000000
2026/09/17 15:48:30.327, 0, 79, 79.50, 42, 7908, 1113, 715, P0, 0x0000000000000020
2026/09/17 15:48:30.330, 1, 79, 150.17, 45, 8433, 1290, 715, P0, 0x0000000000000000
2026/09/17 15:48:31.339, 0, 78, 48.07, 5, 7908, 1189, 715, P0, 0x0000000000000000
2026/09/17 15:48:31.342, 1, 79, 142.45, 89, 8433, 1202, 715, P0, 0x0000000000000020
2026/09/17 15:48:32.352, 0, 79, 129.52, 49, 7908, 1252, 715, P0, 0x0000000000000000
2026/09/17 15:48:32.358, 1, 79, 89.14, 43, 8433, 1303, 715, P0, 0x0000000000000000
2026/09/17 15:48:33.364, 0, 79, 152.37, 54, 7908, 1252, 715, P0, 0x0000000000000000
2026/09/17 15:48:33.366, 1, 79, 61.69, 44, 8433, 1189, 715, P0, 0x0000000000000000
2026/09/17 15:48:34.376, 0, 79, 107.99, 41, 7908, 1227, 715, P0, 0x0000000000000000
2026/09/17 15:48:34.380, 1, 79, 86.20, 48, 8433, 1189, 715, P0, 0x0000000000000020
2026/09/17 15:48:35.389, 0, 79, 57.25, 39, 7908, 1202, 715, P0, 0x0000000000000000
2026/09/17 15:48:35.392, 1, 79, 146.97, 57, 8433, 1189, 715, P0, 0x0000000000000000
2026/09/17 15:48:36.402, 0, 79, 66.81, 39, 7908, 1240, 715, P0, 0x0000000000000000
2026/09/17 15:48:36.404, 1, 79, 143.83, 53, 8433, 1202, 715, P0, 0x0000000000000000
2026/09/17 15:48:37.414, 0, 79, 73.57, 44, 7908, 1290, 715, P0, 0x0000000000000020
2026/09/17 15:48:37.417, 1, 79, 133.21, 48, 8433, 1189, 715, P0, 0x0000000000000000
2026/09/17 15:48:38.426, 0, 79, 78.32, 50, 7908, 1202, 715, P0, 0x0000000000000000
2026/09/17 15:48:38.430, 1, 79, 146.43, 55, 8433, 1316, 715, P0, 0x0000000000000020
2026/09/17 15:48:39.451, 0, 79, 60.76, 53, 7908, 1278, 715, P0, 0x0000000000000000
2026/09/17 15:48:39.454, 1, 79, 173.63, 52, 8433, 1265, 715, P0, 0x0000000000000020
2026/09/17 15:48:40.464, 0, 79, 98.54, 53, 7908, 1290, 715, P0, 0x0000000000000000
2026/09/17 15:48:40.470, 1, 79, 101.85, 53, 8433, 1290, 715, P0, 0x0000000000000000
2026/09/17 15:48:41.476, 0, 79, 120.62, 53, 7908, 1227, 715, P0, 0x0000000000000000
2026/09/17 15:48:41.479, 1, 79, 87.32, 54, 8433, 1290, 715, P0, 0x0000000000000000
2026/09/17 15:48:42.488, 0, 79, 140.87, 53, 7908, 1240, 715, P0, 0x0000000000000000
2026/09/17 15:48:42.496, 1, 79, 71.28, 51, 8433, 1215, 715, P0, 0x0000000000000000
2026/09/17 15:48:43.502, 0, 79, 135.12, 50, 7908, 1240, 715, P0, 0x0000000000000000
2026/09/17 15:48:43.505, 1, 79, 75.14, 48, 8433, 1252, 715, P0, 0x0000000000000000
2026/09/17 15:48:44.514, 0, 79, 142.60, 45, 7908, 1278, 715, P0, 0x0000000000000000
2026/09/17 15:48:44.517, 1, 79, 73.43, 44, 8433, 1227, 715, P0, 0x0000000000000000
2026/09/17 15:48:45.540, 0, 79, 157.07, 43, 7908, 1240, 715, P0, 0x0000000000000020
2026/09/17 15:48:45.543, 1, 79, 95.21, 44, 8433, 1252, 715, P0, 0x0000000000000000
2026/09/17 15:48:46.555, 0, 79, 96.95, 43, 7908, 1215, 715, P0, 0x0000000000000000
2026/09/17 15:48:46.560, 1, 79, 135.73, 44, 8433, 1252, 715, P0, 0x0000000000000000
2026/09/17 15:48:47.582, 0, 79, 65.36, 42, 7908, 1252, 715, P0, 0x0000000000000000
2026/09/17 15:48:47.586, 1, 79, 157.51, 45, 8433, 1252, 715, P0, 0x0000000000000020
2026/09/17 15:48:48.592, 0, 79, 65.89, 39, 7908, 1202, 715, P0, 0x0000000000000000
2026/09/17 15:48:48.595, 1, 79, 150.20, 45, 8433, 1252, 715, P0, 0x0000000000000000
2026/09/17 15:48:49.602, 0, 79, 71.15, 39, 7908, 1215, 715, P0, 0x0000000000000000
2026/09/17 15:48:49.605, 1, 79, 143.11, 52, 8433, 1202, 715, P0, 0x0000000000000000
2026/09/17 15:48:50.629, 0, 79, 81.19, 42, 7908, 1303, 715, P0, 0x0000000000000020
2026/09/17 15:48:50.633, 1, 79, 99.31, 54, 8433, 1227, 715, P0, 0x0000000000000000
2026/09/17 15:48:51.639, 0, 79, 117.68, 42, 7908, 1303, 715, P0, 0x0000000000000020
2026/09/17 15:48:51.643, 1, 79, 88.04, 54, 8433, 1215, 715, P0, 0x0000000000000020
2026/09/17 15:48:52.654, 0, 79, 130.15, 39, 7908, 1240, 715, P0, 0x0000000000000000
2026/09/17 15:48:52.656, 1, 79, 78.28, 54, 8433, 1202, 715, P0, 0x0000000000000000
2026/09/17 15:48:53.668, 0, 79, 130.32, 40, 7908, 1240, 715, P0, 0x0000000000000000
2026/09/17 15:48:53.673, 1, 79, 73.46, 46, 8433, 1252, 715, P0, 0x0000000000000000
2026/09/17 15:48:54.697, 0, 79, 148.80, 39, 7908, 1202, 715, P0, 0x0000000000000000
2026/09/17 15:48:54.700, 1, 79, 75.17, 50, 8433, 1240, 715, P0, 0x0000000000000000
2026/09/17 15:48:55.709, 0, 79, 149.38, 41, 7908, 1265, 715, P0, 0x0000000000000000
2026/09/17 15:48:55.712, 1, 79, 94.89, 53, 8433, 1265, 715, P0, 0x0000000000000000
2026/09/17 15:48:56.721, 0, 79, 113.87, 41, 7908, 1227, 715, P0, 0x0000000000000020
2026/09/17 15:48:56.725, 1, 79, 121.95, 53, 8433, 1240, 715, P0, 0x0000000000000000
2026/09/17 15:48:57.735, 0, 79, 93.65, 44, 7908, 1252, 715, P0, 0x0000000000000000
2026/09/17 15:48:57.740, 1, 79, 131.26, 56, 8433, 1227, 715, P0, 0x0000000000000000
2026/09/17 15:48:58.745, 0, 79, 101.98, 50, 7908, 1202, 715, P0, 0x0000000000000020
2026/09/17 15:48:58.749, 1, 79, 134.90, 57, 8433, 1290, 715, P0, 0x0000000000000000
2026/09/17 15:48:59.755, 0, 79, 101.92, 53, 7908, 1265, 715, P0, 0x0000000000000000
2026/09/17 15:48:59.761, 1, 79, 139.93, 56, 8433, 1290, 715, P0, 0x0000000000000000
2026/09/17 15:49:00.767, 0, 79, 89.83, 53, 7908, 1227, 715, P0, 0x0000000000000000
2026/09/17 15:49:00.770, 1, 79, 144.17, 55, 8433, 1290, 715, P0, 0x0000000000000000
2026/09/17 15:49:01.779, 0, 79, 76.39, 53, 7908, 1215, 715, P0, 0x0000000000000020
2026/09/17 15:49:01.782, 1, 79, 157.94, 54, 8433, 1303, 715, P0, 0x0000000000000000
2026/09/17 15:49:02.793, 0, 79, 71.81, 51, 7908, 1252, 715, P0, 0x0000000000000000
2026/09/17 15:49:02.797, 1, 79, 154.85, 52, 8433, 1265, 715, P0, 0x0000000000000000
2026/09/17 15:49:03.804, 0, 79, 69.69, 48, 7908, 1240, 715, P0, 0x0000000000000000
2026/09/17 15:49:03.808, 1, 79, 160.60, 48, 8433, 1290, 715, P0, 0x0000000000000000
2026/09/17 15:49:04.817, 0, 79, 62.03, 46, 7908, 1227, 715, P0, 0x0000000000000000
2026/09/17 15:49:04.820, 1, 79, 152.45, 45, 8433, 1227, 715, P0, 0x0000000000000000
2026/09/17 15:49:05.832, 0, 79, 79.54, 48, 7908, 1240, 715, P0, 0x0000000000000000
2026/09/17 15:49:05.836, 1, 79, 105.03, 44, 8433, 1227, 715, P0, 0x0000000000000020
2026/09/17 15:49:06.842, 0, 79, 63.23, 43, 7908, 1240, 715, P0, 0x0000000000000000
2026/09/17 15:49:06.845, 1, 79, 131.67, 44, 8433, 1252, 715, P0, 0x0000000000000020
2026/09/17 15:49:07.858, 0, 79, 73.47, 39, 7908, 1202, 715, P0, 0x0000000000000000
2026/09/17 15:49:07.864, 1, 79, 109.29, 45, 8433, 1240, 715, P0, 0x0000000000000020
2026/09/17 15:49:08.872, 0, 78, 56.50, 43, 7908, 1328, 715, P0, 0x0000000000000000
2026/09/17 15:49:08.875, 1, 79, 151.16, 70, 8433, 1328, 715, P0, 0x0000000000000000
2026/09/17 15:49:09.882, 0, 79, 131.30, 48, 7908, 1265, 715, P0, 0x0000000000000020
2026/09/17 15:49:09.885, 1, 79, 118.29, 47, 8433, 1290, 715, P0, 0x0000000000000000
2026/09/17 15:49:10.893, 0, 79, 63.17, 38, 7908, 1278, 715, P0, 0x0000000000000000
2026/09/17 15:49:10.898, 1, 79, 157.94, 58, 8433, 1290, 715, P0, 0x0000000000000000
2026/09/17 15:49:11.907, 0, 79, 165.03, 42, 7908, 1316, 715, P0, 0x0000000000000000
2026/09/17 15:49:11.910, 1, 80, 68.77, 52, 8433, 1303, 715, P0, 0x0000000000000000
2026/09/17 15:49:12.917, 0, 79, 68.32, 43, 7908, 1316, 715, P0, 0x0000000000000020
2026/09/17 15:49:12.921, 1, 79, 119.02, 58, 8433, 949, 715, P0, 0x0000000000000020
2026/09/17 15:49:13.929, 0, 79, 162.66, 39, 7908, 1265, 715, P0, 0x0000000000000000
2026/09/17 15:49:13.935, 1, 78, 52.35, 46, 8433, 1189, 715, P0, 0x0000000000000000
2026/09/17 15:49:14.939, 0, 79, 143.99, 39, 7908, 1265, 715, P0, 0x0000000000000000
2026/09/17 15:49:14.946, 1, 79, 66.03, 54, 8433, 1139, 715, P0, 0x0000000000000020
2026/09/17 15:49:15.953, 0, 79, 92.57, 50, 7908, 1278, 715, P0, 0x0000000000000000
2026/09/17 15:49:15.956, 1, 79, 87.63, 59, 8433, 1177, 715, P0, 0x0000000000000000
2026/09/17 15:49:16.969, 0, 79, 61.78, 47, 7908, 1303, 715, P0, 0x0000000000000000
2026/09/17 15:49:16.972, 1, 79, 150.30, 53, 8433, 1189, 715, P0, 0x0000000000000020
2026/09/17 15:49:17.977, 0, 79, 66.56, 40, 7908, 1265, 715, P0, 0x0000000000000000
2026/09/17 15:49:17.980, 1, 79, 164.32, 46, 8433, 1202, 715, P0, 0x0000000000000020
2026/09/17 15:49:19.001, 0, 79, 119.21, 39, 7908, 1252, 715, P0, 0x0000000000000000
2026/09/17 15:49:19.007, 1, 79, 89.71, 45, 8433, 1252, 715, P0, 0x0000000000000000
2026/09/17 15:49:20.015, 0, 79, 151.35, 39, 7908, 1252, 715, P0, 0x0000000000000000
2026/09/17 15:49:20.018, 1, 79, 71.22, 46, 8433, 1252, 715, P0, 0x0000000000000000
2026/09/17 15:49:21.027, 0, 79, 153.89, 39, 7908, 1240, 715, P0, 0x0000000000000000
2026/09/17 15:49:21.030, 1, 79, 62.17, 48, 8433, 1252, 715, P0, 0x0000000000000000
2026/09/17 15:49:22.039, 0, 79, 121.05, 39, 7908, 1252, 715, P0, 0x0000000000000000
2026/09/17 15:49:22.046, 1, 79, 126.40, 48, 8433, 1290, 715, P0, 0x0000000000000000
2026/09/17 15:49:23.050, 0, 79, 95.71, 38, 7908, 1240, 715, P0, 0x0000000000000020
2026/09/17 15:49:23.053, 1, 79, 141.77, 49, 8433, 1290, 715, P0, 0x0000000000000000
2026/09/17 15:49:24.063, 0, 79, 70.44, 38, 7908, 1265, 715, P0, 0x0000000000000000
2026/09/17 15:49:24.069, 1, 79, 139.78, 49, 8433, 1189, 715, P0, 0x0000000000000000
2026/09/17 15:49:25.074, 0, 78, 41.63, 77, 7908, 430, 715, P0, 0x0000000000000000
2026/09/17 15:49:25.082, 1, 78, 159.73, 22, 8433, 1227, 715, P0, 0x0000000000000000
2026/09/17 15:49:26.088, 0, 78, 78.83, 49, 7908, 898, 715, P0, 0x0000000000000020
2026/09/17 15:49:26.099, 1, 79, 152.57, 48, 8433, 1316, 715, P0, 0x0000000000000020
2026/09/17 15:49:27.117, 0, 78, 65.83, 42, 7908, 1215, 715, P0, 0x0000000000000020
2026/09/17 15:49:27.122, 1, 79, 174.30, 54, 8433, 1316, 715, P0, 0x0000000000000000
2026/09/17 15:49:28.128, 0, 78, 58.12, 40, 7908, 1240, 715, P0, 0x0000000000000000
2026/09/17 15:49:28.131, 1, 79, 167.44, 56, 8433, 1265, 715, P0, 0x0000000000000000
2026/09/17 15:49:29.140, 0, 79, 122.71, 38, 7908, 1265, 715, P0, 0x0000000000000000
2026/09/17 15:49:29.143, 1, 79, 79.44, 52, 8433, 1126, 715, P0, 0x0000000000000020
2026/09/17 15:49:30.151, 0, 79, 84.82, 38, 7908, 1278, 715, P0, 0x0000000000000000
2026/09/17 15:49:30.154, 1, 79, 100.05, 59, 8433, 1189, 715, P0, 0x0000000000000020
2026/09/17 15:49:31.164, 0, 79, 60.13, 47, 7908, 1303, 715, P0, 0x0000000000000000
2026/09/17 15:49:31.167, 1, 79, 128.71, 56, 8433, 1202, 715, P0, 0x0000000000000000
2026/09/17 15:49:32.193, 0, 79, 142.56, 52, 7908, 1265, 715, P0, 0x0000000000000000
2026/09/17 15:49:32.201, 1, 79, 64.34, 58, 8433, 1189, 715, P0, 0x0000000000000000
2026/09/17 15:49:33.221, 0, 79, 158.82, 48, 7908, 1278, 715, P0, 0x0000000000000000
2026/09/17 15:49:33.224, 1, 78, 60.24, 58, 8433, 1227, 715, P0, 0x0000000000000000
2026/09/17 15:49:34.234, 0, 79, 158.71, 39, 7908, 1265, 715, P0, 0x0000000000000000
2026/09/17 15:49:34.238, 1, 79, 63.83, 52, 8433, 1227, 715, P0, 0x0000000000000000
2026/09/17 15:49:35.248, 0, 79, 156.95, 38, 7908, 1265, 715, P0, 0x0000000000000000
2026/09/17 15:49:35.251, 1, 79, 66.24, 46, 8433, 1202, 715, P0, 0x0000000000000000
2026/09/17 15:49:36.259, 0, 79, 137.44, 40, 7908, 1202, 715, P0, 0x0000000000000000
2026/09/17 15:49:36.262, 1, 79, 65.79, 44, 8433, 1240, 715, P0, 0x0000000000000000
2026/09/17 15:49:37.273, 0, 79, 122.39, 48, 7908, 1227, 715, P0, 0x0000000000000000
2026/09/17 15:49:37.275, 1, 79, 76.36, 49, 8433, 1189, 715, P0, 0x0000000000000000
2026/09/17 15:49:38.285, 0, 78, 136.88, 52, 7908, 1202, 715, P0, 0x0000000000000000
2026/09/17 15:49:38.288, 1, 79, 72.73, 52, 8433, 1227, 715, P0, 0x0000000000000000
2026/09/17 15:49:39.299, 0, 79, 163.94, 50, 7908, 1265, 715, P0, 0x0000000000000000
2026/09/17 15:49:39.302, 1, 79, 76.81, 51, 8433, 1252, 715, P0, 0x0000000000000000
2026/09/17 15:49:40.312, 0, 79, 88.62, 45, 7908, 1240, 715, P0, 0x0000000000000000
2026/09/17 15:49:40.315, 1, 79, 145.68, 48, 8433, 1290, 715, P0, 0x0000000000000000
2026/09/17 15:49:41.327, 0, 79, 62.94, 41, 7908, 1240, 715, P0, 0x0000000000000000
2026/09/17 15:49:41.331, 1, 79, 174.71, 44, 8433, 1265, 715, P0, 0x0000000000000020
2026/09/17 15:49:42.352, 0, 79, 151.15, 46, 7908, 1303, 715, P0, 0x0000000000000000
2026/09/17 15:49:42.359, 1, 79, 70.30, 43, 8433, 1252, 715, P0, 0x0000000000000000
2026/09/17 15:49:43.377, 0, 79, 118.01, 49, 7908, 1240, 715, P0, 0x0000000000000020
2026/09/17 15:49:43.380, 1, 79, 123.61, 43, 8433, 1252, 715, P0, 0x0000000000000000
2026/09/17 15:49:44.389, 0, 79, 80.20, 49, 7908, 1278, 715, P0, 0x0000000000000000
2026/09/17 15:49:44.395, 1, 79, 148.01, 45, 8433, 1252, 715, P0, 0x0000000000000000
2026/09/17 15:49:45.401, 0, 79, 68.00, 49, 7908, 1278, 715, P0, 0x0000000000000000
2026/09/17 15:49:45.403, 1, 79, 159.15, 56, 8433, 1290, 715, P0, 0x0000000000000020
2026/09/17 15:49:46.426, 0, 79, 146.65, 51, 7908, 1290, 715, P0, 0x0000000000000000
2026/09/17 15:49:46.430, 1, 79, 74.10, 56, 8433, 1252, 715, P0, 0x0000000000000000
2026/09/17 15:49:47.439, 0, 79, 51.88, 18, 7908, 1189, 715, P0, 0x0000000000000000
2026/09/17 15:49:47.442, 1, 79, 178.73, 58, 8433, 1227, 715, P0, 0x0000000000000020
2026/09/17 15:49:48.450, 0, 79, 91.01, 40, 7908, 1278, 715, P0, 0x0000000000000000
2026/09/17 15:49:48.455, 1, 79, 116.35, 51, 8433, 1316, 715, P0, 0x0000000000000020
2026/09/17 15:49:49.462, 0, 79, 55.74, 38, 7908, 1278, 715, P0, 0x0000000000000000
2026/09/17 15:49:49.465, 1, 79, 66.56, 59, 8433, 405, 715, P0, 0x0000000000000020
2026/09/17 15:49:50.473, 0, 79, 76.96, 46, 7908, 1303, 715, P0, 0x0000000000000000
2026/09/17 15:49:50.476, 1, 78, 131.50, 51, 8433, 974, 715, P0, 0x0000000000000020
2026/09/17 15:49:51.501, 0, 79, 75.72, 38, 7908, 1290, 715, P0, 0x0000000000000000
2026/09/17 15:49:51.505, 1, 78, 137.20, 58, 8433, 1189, 715, P0, 0x0000000000000020
2026/09/17 15:49:52.509, 0, 79, 73.79, 38, 7908, 1303, 715, P0, 0x0000000000000000
2026/09/17 15:49:52.513, 1, 78, 142.69, 59, 8433, 1202, 715, P0, 0x0000000000000000
2026/09/17 15:49:53.522, 0, 79, 62.92, 38, 7908, 1303, 715, P0, 0x0000000000000000
2026/09/17 15:49:53.525, 1, 79, 157.11, 59, 8433, 1227, 715, P0, 0x0000000000000020
2026/09/17 15:49:54.534, 0, 78, 87.47, 52, 7908, 822, 715, P0, 0x0000000000000020
2026/09/17 15:49:54.547, 1, 78, 134.79, 43, 8433, 1278, 715, P0, 0x0000000000000000
2026/09/17 15:49:55.562, 0, 79, 116.86, 53, 7908, 1088, 715, P0, 0x0000000000000020
2026/09/17 15:49:55.568, 1, 79, 105.54, 52, 8433, 1252, 715, P0, 0x0000000000000000
2026/09/17 15:49:56.575, 0, 78, 147.92, 52, 7908, 1252, 715, P0, 0x0000000000000020
2026/09/17 15:49:56.578, 1, 79, 62.88, 56, 8433, 1252, 715, P0, 0x0000000000000000
2026/09/17 15:49:57.588, 0, 78, 161.08, 46, 7908, 1278, 715, P0, 0x0000000000000020
2026/09/17 15:49:57.591, 1, 79, 79.17, 54, 8433, 1290, 715, P0, 0x0000000000000000
2026/09/17 15:49:58.600, 0, 79, 169.13, 44, 7908, 1303, 715, P0, 0x0000000000000000
2026/09/17 15:49:58.603, 1, 79, 80.34, 52, 8433, 1290, 715, P0, 0x0000000000000000
2026/09/17 15:49:59.611, 0, 79, 126.90, 46, 7908, 1278, 715, P0, 0x0000000000000020
2026/09/17 15:49:59.616, 1, 79, 134.22, 52, 8433, 1290, 715, P0, 0x0000000000000000
2026/09/17 15:50:00.622, 0, 79, 102.23, 45, 7908, 1240, 715, P0, 0x0000000000000020
2026/09/17 15:50:00.625, 1, 79, 124.59, 52, 8433, 1227, 715, P0, 0x0000000000000000
2026/09/17 15:50:01.634, 0, 79, 77.83, 47, 7908, 1240, 715, P0, 0x0000000000000000
2026/09/17 15:50:01.639, 1, 79, 152.55, 52, 8433, 1265, 715, P0, 0x0000000000000000
2026/09/17 15:50:02.648, 0, 79, 65.60, 47, 7908, 1278, 715, P0, 0x0000000000000000
2026/09/17 15:50:02.652, 1, 79, 155.44, 54, 8433, 1252, 715, P0, 0x0000000000000000
2026/09/17 15:50:03.662, 0, 79, 109.08, 48, 7908, 1316, 715, P0, 0x0000000000000020
2026/09/17 15:50:03.665, 1, 79, 96.15, 51, 8433, 1290, 715, P0, 0x0000000000000000
2026/09/17 15:50:04.677, 0, 79, 168.47, 53, 7908, 1303, 715, P0, 0x0000000000000020
2026/09/17 15:50:04.679, 1, 79, 98.14, 43, 8433, 1316, 715, P0, 0x0000000000000020
2026/09/17 15:50:05.686, 0, 79, 84.99, 49, 7908, 1303, 715, P0, 0x0000000000000000
2026/09/17 15:50:05.689, 1, 79, 157.45, 49, 8433, 1303, 715, P0, 0x0000000000000000
2026/09/17 15:50:06.697, 0, 79, 102.89, 39, 7908, 1265, 715, P0, 0x0000000000000000
2026/09/17 15:50:06.700, 1, 79, 108.22, 58, 8433, 1252, 715, P0, 0x0000000000000020
2026/09/17 15:50:07.708, 0, 79, 84.67, 38, 7908, 1303, 715, P0, 0x0000000000000000
2026/09/17 15:50:07.711, 1, 79, 67.27, 59, 8433, 847, 715, P0, 0x0000000000000000
2026/09/17 15:50:08.735, 0, 79, 64.93, 48, 7908, 1303, 715, P0, 0x0000000000000000
2026/09/17 15:50:08.741, 1, 79, 141.07, 47, 8433, 1075, 715, P0, 0x0000000000000020
2026/09/17 15:50:09.746, 0, 78, 134.58, 41, 7908, 1101, 715, P0, 0x0000000000000020
2026/09/17 15:50:09.749, 1, 78, 53.63, 56, 8433, 1189, 715, P0, 0x0000000000000000
2026/09/17 15:50:10.758, 0, 78, 52.69, 45, 7908, 1189, 715, P0, 0x0000000000000000
2026/09/17 15:50:10.764, 1, 78, 140.28, 51, 8433, 1151, 715, P0, 0x0000000000000020
2026/09/17 15:50:11.772, 0, 79, 92.74, 46, 7908, 1164, 715, P0, 0x0000000000000020
2026/09/17 15:50:11.775, 1, 78, 126.46, 53, 8433, 1252, 715, P0, 0x0000000000000000
2026/09/17 15:50:12.794, 0, 79, 78.81, 52, 7908, 1265, 715, P0, 0x0000000000000000
2026/09/17 15:50:12.797, 1, 79, 140.14, 47, 8433, 1227, 715, P0, 0x0000000000000000
2026/09/17 15:50:13.807, 0, 79, 60.80, 38, 7908, 1278, 715, P0, 0x0000000000000000
2026/09/17 15:50:13.810, 1, 79, 154.79, 50, 8433, 1252, 715, P0, 0x0000000000000000
2026/09/17 15:50:14.818, 0, 79, 138.74, 40, 7908, 1265, 715, P0, 0x0000000000000000
2026/09/17 15:50:14.821, 1, 79, 81.80, 56, 8433, 1227, 715, P0, 0x0000000000000020
2026/09/17 15:50:15.830, 0, 79, 174.81, 43, 7908, 1316, 715, P0, 0x0000000000000020
2026/09/17 15:50:15.833, 1, 79, 64.97, 58, 8433, 1290, 715, P0, 0x0000000000000000
2026/09/17 15:50:16.840, 0, 79, 96.99, 50, 7908, 1316, 715, P0, 0x0000000000000020
2026/09/17 15:50:16.843, 1, 79, 135.93, 54, 8433, 1252, 715, P0, 0x0000000000000000
2026/09/17 15:50:17.853, 0, 79, 62.26, 53, 7908, 1278, 715, P0, 0x0000000000000000
2026/09/17 15:50:17.856, 1, 79, 161.14, 49, 8433, 1252, 715, P0, 0x0000000000000000
2026/09/17 15:50:18.868, 0, 78, 60.10, 90, 7908, 405, 715, P0, 0x0000000000000020
2026/09/17 15:50:18.880, 1, 79, 57.89, 21, 8433, 1265, 715, P0, 0x0000000000000000
2026/09/17 15:50:19.910, 0, 78, 46.59, 49, 7908, 1037, 715, P0, 0x0000000000000000
2026/09/17 15:50:19.913, 1, 79, 161.55, 49, 8433, 1290, 715, P0, 0x0000000000000020
2026/09/17 15:50:20.923, 0, 78, 57.44, 55, 7908, 1189, 715, P0, 0x0000000000000000
2026/09/17 15:50:20.931, 1, 79, 171.80, 49, 8433, 1316, 715, P0, 0x0000000000000000
2026/09/17 15:50:21.950, 0, 78, 100.31, 54, 7908, 1189, 715, P0, 0x0000000000000000
2026/09/17 15:50:21.956, 1, 80, 95.42, 49, 8433, 1328, 715, P0, 0x0000000000000000
2026/09/17 15:50:22.964, 0, 78, 152.02, 49, 7908, 1227, 715, P0, 0x0000000000000000
2026/09/17 15:50:22.967, 1, 79, 68.40, 56, 8433, 1328, 715, P0, 0x0000000000000000
2026/09/17 15:50:23.979, 0, 79, 91.38, 34, 7908, 1278, 715, P0, 0x0000000000000000
2026/09/17 15:50:23.982, 1, 78, 110.74, 59, 8433, 860, 715, P0, 0x0000000000000020
2026/09/17 15:50:24.994, 0, 79, 143.07, 41, 7908, 1328, 715, P0, 0x0000000000000000
2026/09/17 15:50:24.997, 1, 78, 71.97, 46, 8433, 1050, 715, P0, 0x0000000000000020
2026/09/17 15:50:26.008, 0, 79, 156.68, 100, 7908, 1328, 715, P0, 0x0000000000000000
2026/09/17 15:50:26.011, 1, 78, 49.50, 0, 8433, 1189, 715, P0, 0x0000000000000000
2026/09/17 15:50:27.020, 0, 79, 90.06, 43, 7908, 1328, 715, P0, 0x0000000000000000
2026/09/17 15:50:27.023, 1, 78, 143.77, 50, 8433, 1240, 715, P0, 0x0000000000000000
2026/09/17 15:50:28.035, 0, 79, 123.16, 37, 7908, 1303, 715, P0, 0x0000000000000000
2026/09/17 15:50:28.038, 1, 79, 93.98, 59, 8433, 1240, 715, P0, 0x0000000000000000
2026/09/17 15:50:29.047, 0, 78, 41.63, 90, 7908, 442, 715, P0, 0x0000000000000000
2026/09/17 15:50:29.050, 1, 79, 127.09, 21, 8433, 1252, 715, P0, 0x0000000000000000
2026/09/17 15:50:30.061, 0, 78, 95.55, 47, 7908, 1139, 715, P0, 0x0000000000000000
2026/09/17 15:50:30.064, 1, 79, 101.28, 52, 8433, 1328, 715, P0, 0x0000000000000000
2026/09/17 15:50:31.076, 0, 78, 95.49, 54, 7908, 1189, 715, P0, 0x0000000000000000
2026/09/17 15:50:31.079, 1, 79, 116.44, 43, 8433, 1328, 715, P0, 0x0000000000000000
2026/09/17 15:50:32.088, 0, 78, 136.96, 51, 7908, 1240, 715, P0, 0x0000000000000000
2026/09/17 15:50:32.091, 1, 79, 69.17, 44, 8433, 1202, 715, P0, 0x0000000000000000
2026/09/17 15:50:33.099, 0, 79, 162.30, 48, 7908, 1278, 715, P0, 0x0000000000000020
2026/09/17 15:50:33.103, 1, 79, 61.41, 49, 8433, 1252, 715, P0, 0x0000000000000000
2026/09/17 15:50:34.113, 0, 79, 98.59, 44, 7908, 1303, 715, P0, 0x0000000000000020
2026/09/17 15:50:34.116, 1, 79, 140.15, 52, 8433, 1265, 715, P0, 0x0000000000000000
2026/09/17 15:50:35.124, 0, 79, 64.38, 38, 7908, 1278, 715, P0, 0x0000000000000000
2026/09/17 15:50:35.128, 1, 79, 168.61, 58, 8433, 1252, 715, P0, 0x0000000000000020
2026/09/17 15:50:36.136, 0, 79, 145.21, 40, 7908, 1303, 715, P0, 0x0000000000000000
2026/09/17 15:50:36.139, 1, 79, 76.03, 54, 8433, 1252, 715, P0, 0x0000000000000000
2026/09/17 15:50:37.148, 0, 79, 140.25, 48, 7908, 1303, 715, P0, 0x0000000000000020
2026/09/17 15:50:37.153, 1, 79, 111.83, 46, 8433, 1252, 715, P0, 0x0000000000000000
2026/09/17 15:50:38.160, 0, 79, 69.94, 50, 7908, 1303, 715, P0, 0x0000000000000000
2026/09/17 15:50:38.163, 1, 79, 153.68, 48, 8433, 1227, 715, P0, 0x0000000000000000
2026/09/17 15:50:39.172, 0, 79, 141.76, 43, 7908, 1303, 715, P0, 0x0000000000000000
2026/09/17 15:50:39.175, 1, 79, 83.66, 52, 8433, 1252, 715, P0, 0x0000000000000000
2026/09/17 15:50:40.185, 0, 79, 155.31, 37, 7908, 1290, 715, P0, 0x0000000000000000
2026/09/17 15:50:40.188, 1, 79, 99.90, 45, 8433, 1252, 715, P0, 0x0000000000000000
2026/09/17 15:50:41.196, 0, 80, 76.33, 43, 7908, 1303, 715, P0, 0x0000000000000000
2026/09/17 15:50:41.199, 1, 79, 162.84, 44, 8433, 1303, 715, P0, 0x0000000000000000
2026/09/17 15:50:42.209, 0, 79, 121.69, 52, 7908, 1290, 715, P0, 0x0000000000000000
2026/09/17 15:50:42.211, 1, 79, 89.39, 53, 8433, 1265, 715, P0, 0x0000000000000000
2026/09/17 15:50:43.220, 0, 79, 171.17, 51, 7908, 1303, 715, P0, 0x0000000000000000
2026/09/17 15:50:43.223, 1, 79, 63.07, 58, 8433, 1290, 715, P0, 0x0000000000000000
2026/09/17 15:50:44.233, 0, 79, 139.96, 52, 7908, 999, 715, P0, 0x0000000000000020
2026/09/17 15:50:44.246, 1, 79, 77.78, 53, 8433, 1303, 715, P0, 0x0000000000000000
2026/09/17 15:50:45.258, 0, 78, 130.43, 53, 7908, 1164, 715, P0, 0x0000000000000020
2026/09/17 15:50:45.266, 1, 79, 66.81, 44, 8433, 1252, 715, P0, 0x0000000000000000
2026/09/17 15:50:46.273, 0, 78, 103.32, 41, 7908, 1252, 715, P0, 0x0000000000000000
2026/09/17 15:50:46.276, 1, 79, 101.92, 54, 8433, 1265, 715, P0, 0x0000000000000020
2026/09/17 15:50:47.287, 0, 78, 82.42, 41, 7908, 1227, 715, P0, 0x0000000000000000
2026/09/17 15:50:47.291, 1, 79, 112.90, 55, 8433, 1227, 715, P0, 0x0000000000000020
2026/09/17 15:50:48.296, 0, 79, 55.99, 43, 7908, 1202, 715, P0, 0x0000000000000000
2026/09/17 15:50:48.299, 1, 79, 152.81, 55, 8433, 1252, 715, P0, 0x0000000000000000
2026/09/17 15:50:49.308, 0, 79, 74.00, 44, 7908, 1240, 715, P0, 0x0000000000000000
2026/09/17 15:50:49.311, 1, 79, 123.12, 54, 8433, 1290, 715, P0, 0x0000000000000020
2026/09/17 15:50:50.320, 0, 79, 127.51, 43, 7908, 1240, 715, P0, 0x0000000000000000
2026/09/17 15:50:50.323, 1, 79, 83.51, 55, 8433, 1240, 715, P0, 0x0000000000000020
2026/09/17 15:50:51.329, 0, 79, 154.72, 41, 7908, 1278, 715, P0, 0x0000000000000000
2026/09/17 15:50:51.334, 1, 79, 68.15, 57, 8433, 1278, 715, P0, 0x0000000000000000
2026/09/17 15:50:52.340, 0, 79, 156.18, 39, 7908, 1227, 715, P0, 0x0000000000000000
2026/09/17 15:50:52.343, 1, 79, 65.51, 57, 8433, 1252, 715, P0, 0x0000000000000000
2026/09/17 15:50:53.349, 0, 79, 120.36, 38, 7908, 1215, 715, P0, 0x0000000000000000
2026/09/17 15:50:53.352, 1, 79, 116.91, 58, 8433, 1265, 715, P0, 0x0000000000000000
2026/09/17 15:50:54.362, 0, 79, 82.61, 38, 7908, 1240, 715, P0, 0x0000000000000000
2026/09/17 15:50:54.365, 1, 79, 141.00, 58, 8433, 1227, 715, P0, 0x0000000000000000
2026/09/17 15:50:55.375, 0, 79, 67.96, 38, 7908, 1278, 715, P0, 0x0000000000000000
2026/09/17 15:50:55.378, 1, 79, 154.26, 57, 8433, 1227, 715, P0, 0x0000000000000000
2026/09/17 15:50:56.386, 0, 79, 99.81, 41, 7908, 1278, 715, P0, 0x0000000000000000
2026/09/17 15:50:56.389, 1, 79, 106.12, 51, 8433, 1265, 715, P0, 0x0000000000000000
2026/09/17 15:50:57.400, 0, 79, 157.11, 46, 7908, 1278, 715, P0, 0x0000000000000000
2026/09/17 15:50:57.406, 1, 79, 64.04, 48, 8433, 1252, 715, P0, 0x0000000000000000
2026/09/17 15:50:58.413, 0, 79, 166.13, 48, 7908, 1278, 715, P0, 0x0000000000000000
2026/09/17 15:50:58.416, 1, 79, 80.40, 44, 8433, 1227, 715, P0, 0x0000000000000000
2026/09/17 15:50:59.428, 0, 79, 97.24, 49, 7908, 1290, 715, P0, 0x0000000000000000
2026/09/17 15:50:59.430, 1, 79, 136.69, 55, 8433, 1303, 715, P0, 0x0000000000000000
2026/09/17 15:51:00.441, 0, 78, 161.53, 19, 7908, 1265, 715, P0, 0x0000000000000000
2026/09/17 15:51:00.446, 1, 78, 42.75, 78, 8433, 506, 715, P0, 0x0000000000000000
2026/09/17 15:51:01.452, 0, 79, 71.42, 46, 7908, 1316, 715, P0, 0x0000000000000000
2026/09/17 15:51:01.455, 1, 78, 128.68, 57, 8433, 1050, 715, P0, 0x0000000000000020
2026/09/17 15:51:02.480, 0, 79, 61.54, 37, 7908, 1278, 715, P0, 0x0000000000000000
2026/09/17 15:51:02.485, 1, 79, 137.42, 46, 8433, 1151, 715, P0, 0x0000000000000020
2026/09/17 15:51:03.493, 0, 79, 65.60, 39, 7908, 1290, 715, P0, 0x0000000000000000
2026/09/17 15:51:03.496, 1, 79, 160.36, 46, 8433, 1252, 715, P0, 0x0000000000000000
2026/09/17 15:51:04.504, 0, 80, 74.57, 100, 7908, 1328, 715, P0, 0x0000000000000000
2026/09/17 15:51:04.507, 1, 77, 138.41, 0, 8433, 1316, 715, P0, 0x0000000000000000
2026/09/17 15:51:05.519, 0, 79, 111.43, 54, 7908, 1316, 715, P0, 0x0000000000000020
2026/09/17 15:51:05.524, 1, 79, 143.77, 54, 8433, 1316, 715, P0, 0x0000000000000000
2026/09/17 15:51:06.528, 0, 79, 63.88, 41, 7908, 1328, 715, P0, 0x0000000000000000
2026/09/17 15:51:06.531, 1, 79, 146.34, 55, 8433, 1290, 715, P0, 0x0000000000000020
2026/09/17 15:51:07.546, 0, 80, 140.29, 42, 7908, 1303, 715, P0, 0x0000000000000020
2026/09/17 15:51:07.549, 1, 79, 116.85, 43, 8433, 1265, 715, P0, 0x0000000000000000
2026/09/17 15:51:08.559, 0, 78, 60.11, 53, 7908, 797, 715, P0, 0x0000000000000020
2026/09/17 15:51:08.562, 1, 79, 160.07, 49, 8433, 1303, 715, P0, 0x0000000000000000
2026/09/17 15:51:09.572, 0, 79, 89.13, 41, 7908, 1101, 715, P0, 0x0000000000000020
2026/09/17 15:51:09.575, 1, 79, 128.39, 44, 8433, 1252, 715, P0, 0x0000000000000000
2026/09/17 15:51:10.584, 0, 78, 90.03, 40, 7908, 1189, 715, P0, 0x0000000000000000
2026/09/17 15:51:10.589, 1, 79, 149.04, 45, 8433, 1290, 715, P0, 0x0000000000000000
2026/09/17 15:51:11.610, 0, 79, 77.37, 41, 7908, 1278, 715, P0, 0x0000000000000000
2026/09/17 15:51:11.613, 1, 79, 135.53, 56, 8433, 1189, 715, P0, 0x0000000000000000
2026/09/17 15:51:12.625, 0, 79, 71.39, 47, 7908, 1278, 715, P0, 0x0000000000000000
2026/09/17 15:51:12.631, 1, 79, 141.04, 58, 8433, 1189, 715, P0, 0x0000000000000000
2026/09/17 15:51:13.637, 0, 79, 76.89, 51, 7908, 1278, 715, P0, 0x0000000000000000
2026/09/17 15:51:13.641, 1, 79, 139.29, 58, 8433, 1189, 715, P0, 0x0000000000000000
2026/09/17 15:51:14.650, 0, 79, 83.17, 46, 7908, 1278, 715, P0, 0x0000000000000000
2026/09/17 15:51:14.653, 1, 79, 131.53, 55, 8433, 1189, 715, P0, 0x0000000000000000
2026/09/17 15:51:15.663, 0, 79, 97.72, 40, 7908, 1265, 715, P0, 0x0000000000000020
2026/09/17 15:51:15.667, 1, 78, 125.26, 47, 8433, 1189, 715, P0, 0x0000000000000000
2026/09/17 15:51:16.677, 0, 79, 87.19, 39, 7908, 1265, 715, P0, 0x0000000000000000
2026/09/17 15:51:16.680, 1, 79, 127.92, 45, 8433, 1189, 715, P0, 0x0000000000000000
2026/09/17 15:51:17.703, 0, 79, 66.81, 38, 7908, 1240, 715, P0, 0x0000000000000000
2026/09/17 15:51:17.706, 1, 79, 160.12, 52, 8433, 1303, 715, P0, 0x0000000000000020
2026/09/17 15:51:18.715, 0, 79, 70.41, 42, 7908, 1278, 715, P0, 0x0000000000000000
2026/09/17 15:51:18.720, 1, 79, 159.55, 46, 8433, 1290, 715, P0, 0x0000000000000020
2026/09/17 15:51:19.728, 0, 79, 69.20, 46, 7908, 1252, 715, P0, 0x0000000000000000
2026/09/17 15:51:19.730, 1, 79, 162.74, 45, 8433, 1265, 715, P0, 0x0000000000000020
2026/09/17 15:51:20.740, 0, 79, 61.51, 39, 7908, 1265, 715, P0, 0x0000000000000000
2026/09/17 15:51:20.743, 1, 79, 133.62, 44, 8433, 1252, 715, P0, 0x0000000000000020
2026/09/17 15:51:21.748, 0, 79, 102.06, 38, 7908, 1252, 715, P0, 0x0000000000000000
2026/09/17 15:51:21.751, 1, 79, 106.19, 45, 8433, 1252, 715, P0, 0x0000000000000020
2026/09/17 15:51:22.763, 0, 79, 136.22, 39, 7908, 1265, 715, P0, 0x0000000000000000
2026/09/17 15:51:22.766, 1, 79, 82.29, 45, 8433, 1265, 715, P0, 0x0000000000000000
2026/09/17 15:51:23.772, 0, 79, 159.49, 38, 7908, 1278, 715, P0, 0x0000000000000000
2026/09/17 15:51:23.775, 1, 79, 67.64, 48, 8433, 1252, 715, P0, 0x0000000000000000
2026/09/17 15:51:24.785, 0, 79, 151.99, 40, 7908, 1252, 715, P0, 0x0000000000000020
2026/09/17 15:51:24.789, 1, 79, 96.82, 49, 8433, 1265, 715, P0, 0x0000000000000000
2026/09/17 15:51:25.795, 0, 79, 133.60, 39, 7908, 1278, 715, P0, 0x0000000000000020
2026/09/17 15:51:25.798, 1, 79, 113.92, 49, 8433, 1265, 715, P0, 0x0000000000000000
2026/09/17 15:51:26.809, 0, 80, 86.97, 38, 7908, 1252, 715, P0, 0x0000000000000000
2026/09/17 15:51:26.812, 1, 79, 128.41, 48, 8433, 1189, 715, P0, 0x0000000000000000
2026/09/17 15:51:27.822, 0, 78, 115.33, 53, 7908, 885, 715, P0, 0x0000000000000020
2026/09/17 15:51:27.835, 1, 79, 63.03, 44, 8433, 1265, 715, P0, 0x0000000000000000
2026/09/17 15:51:28.847, 0, 78, 79.27, 42, 7908, 1189, 715, P0, 0x0000000000000000
2026/09/17 15:51:28.850, 1, 79, 115.29, 44, 8433, 1265, 715, P0, 0x0000000000000020
2026/09/17 15:51:29.860, 0, 78, 56.26, 41, 7908, 1189, 715, P0, 0x0000000000000000
2026/09/17 15:51:29.864, 1, 79, 122.91, 43, 8433, 1290, 715, P0, 0x0000000000000000
2026/09/17 15:51:30.877, 0, 78, 98.17, 42, 7908, 1189, 715, P0, 0x0000000000000000
2026/09/17 15:51:30.880, 1, 79, 99.56, 44, 8433, 1265, 715, P0, 0x0000000000000000
2026/09/17 15:51:31.897, 0, 78, 132.57, 43, 7908, 1202, 715, P0, 0x0000000000000000
2026/09/17 15:51:31.900, 1, 79, 73.94, 48, 8433, 1265, 715, P0, 0x0000000000000000
2026/09/17 15:51:32.907, 0, 79, 142.58, 43, 7908, 1202, 715, P0, 0x0000000000000000
2026/09/17 15:51:32.910, 1, 79, 62.93, 47, 8433, 1252, 715, P0, 0x0000000000000000
2026/09/17 15:51:33.920, 0, 79, 108.17, 39, 7908, 1227, 715, P0, 0x0000000000000000
2026/09/17 15:51:33.923, 1, 79, 131.37, 43, 8433, 1290, 715, P0, 0x0000000000000000
2026/09/17 15:51:34.934, 0, 79, 66.18, 42, 7908, 1328, 715, P0, 0x0000000000000000
2026/09/17 15:51:34.937, 1, 78, 81.40, 59, 8433, 670, 715, P0, 0x0000000000000020
2026/09/17 15:51:35.962, 0, 79, 63.27, 40, 7908, 1290, 715, P0, 0x0000000000000000
2026/09/17 15:51:35.966, 1, 78, 144.64, 49, 8433, 1139, 715, P0, 0x0000000000000020
2026/09/17 15:51:36.974, 0, 79, 64.62, 37, 7908, 1303, 715, P0, 0x0000000000000000
2026/09/17 15:51:36.977, 1, 79, 158.98, 46, 8433, 1139, 715, P0, 0x0000000000000020
2026/09/17 15:51:37.998, 0, 79, 159.80, 37, 7908, 1316, 715, P0, 0x0000000000000000
2026/09/17 15:51:38.003, 1, 79, 71.93, 44, 8433, 1215, 715, P0, 0x0000000000000000
2026/09/17 15:51:39.011, 0, 79, 179.38, 38, 7908, 1316, 715, P0, 0x0000000000000000
2026/09/17 15:51:39.014, 1, 78, 67.67, 45, 8433, 1202, 715, P0, 0x0000000000000000
2026/09/17 15:51:40.036, 0, 79, 82.17, 37, 7908, 1316, 715, P0, 0x0000000000000000
2026/09/17 15:51:40.039, 1, 79, 141.64, 48, 8433, 1202, 715, P0, 0x0000000000000000
2026/09/17 15:51:41.060, 0, 78, 41.87, 77, 7908, 455, 715, P0, 0x0000000000000000
2026/09/17 15:51:41.076, 1, 78, 158.01, 22, 8433, 1227, 715, P0, 0x0000000000000000
2026/09/17 15:51:42.089, 0, 78, 85.04, 54, 7908, 847, 715, P0, 0x0000000000000020
2026/09/17 15:51:42.095, 1, 79, 151.35, 53, 8433, 1328, 715, P0, 0x0000000000000000
2026/09/17 15:51:43.104, 0, 78, 121.61, 100, 7908, 1177, 715, P0, 0x0000000000000020
2026/09/17 15:51:43.108, 1, 78, 55.81, 0, 8433, 1303, 715, P0, 0x0000000000000000
2026/09/17 15:51:44.129, 0, 79, 64.13, 41, 7908, 1202, 715, P0, 0x0000000000000000
2026/09/17 15:51:44.132, 1, 79, 175.00, 50, 8433, 1328, 715, P0, 0x0000000000000000
2026/09/17 15:51:45.139, 0, 78, 135.96, 48, 7908, 1265, 715, P0, 0x0000000000000000
2026/09/17 15:51:45.142, 1, 80, 91.06, 57, 8433, 1328, 715, P0, 0x0000000000000000
2026/09/17 15:51:46.150, 0, 79, 99.05, 49, 7908, 1278, 715, P0, 0x0000000000000000
2026/09/17 15:51:46.153, 1, 79, 96.18, 48, 8433, 860, 715, P0, 0x0000000000000000
2026/09/17 15:51:47.177, 0, 79, 61.59, 38, 7908, 1278, 715, P0, 0x0000000000000000
2026/09/17 15:51:47.182, 1, 78, 139.46, 52, 8433, 1063, 715, P0, 0x0000000000000020
2026/09/17 15:51:48.191, 0, 79, 70.68, 38, 7908, 1278, 715, P0, 0x0000000000000000
2026/09/17 15:51:48.194, 1, 78, 139.38, 46, 8433, 1189, 715, P0, 0x0000000000000020
2026/09/17 15:51:49.215, 0, 79, 125.06, 39, 7908, 1303, 715, P0, 0x0000000000000000
2026/09/17 15:51:49.218, 1, 79, 91.81, 44, 8433, 1252, 715, P0, 0x0000000000000000
2026/09/17 15:51:50.226, 0, 79, 171.35, 38, 7908, 1278, 715, P0, 0x0000000000000000
2026/09/17 15:51:50.229, 1, 79, 62.12, 47, 8433, 1252, 715, P0, 0x0000000000000000
2026/09/17 15:51:51.233, 0, 79, 92.40, 43, 7908, 1303, 715, P0, 0x0000000000000000
2026/09/17 15:51:51.238, 1, 79, 151.31, 56, 8433, 1290, 715, P0, 0x0000000000000000
2026/09/17 15:51:52.249, 0, 79, 79.66, 50, 7908, 1303, 715, P0, 0x0000000000000000
2026/09/17 15:51:52.252, 1, 79, 129.96, 58, 8433, 1290, 715, P0, 0x0000000000000020
2026/09/17 15:51:53.262, 0, 79, 173.14, 52, 7908, 1303, 715, P0, 0x0000000000000000
2026/09/17 15:51:53.266, 1, 79, 63.09, 51, 8433, 1252, 715, P0, 0x0000000000000000
2026/09/17 15:51:54.273, 0, 80, 88.56, 45, 7908, 1303, 715, P0, 0x0000000000000000
2026/09/17 15:51:54.276, 1, 79, 151.09, 44, 8433, 1278, 715, P0, 0x0000000000000000
2026/09/17 15:51:55.285, 0, 79, 62.44, 38, 7908, 1278, 715, P0, 0x0000000000000000
2026/09/17 15:51:55.288, 1, 79, 146.10, 46, 8433, 1278, 715, P0, 0x0000000000000020
2026/09/17 15:51:56.299, 0, 78, 61.64, 81, 7908, 468, 715, P0, 0x0000000000000020
2026/09/17 15:51:56.307, 1, 78, 127.18, 8, 8433, 1252, 715, P0, 0x0000000000000000
2026/09/17 15:51:57.311, 0, 78, 50.73, 49, 7908, 1189, 715, P0, 0x0000000000000000
2026/09/17 15:51:57.320, 1, 79, 129.88, 43, 8433, 1290, 715, P0, 0x0000000000000020
2026/09/17 15:51:58.325, 0, 79, 55.26, 53, 7908, 1189, 715, P0, 0x0000000000000000
2026/09/17 15:51:58.329, 1, 79, 168.54, 48, 8433, 1278, 715, P0, 0x0000000000000020
2026/09/17 15:51:59.337, 0, 79, 81.55, 46, 7908, 1278, 715, P0, 0x0000000000000000
2026/09/17 15:51:59.342, 1, 78, 118.75, 57, 8433, 1126, 715, P0, 0x0000000000000020
2026/09/17 15:52:00.349, 0, 79, 169.14, 39, 7908, 1265, 715, P0, 0x0000000000000000
2026/09/17 15:52:00.351, 1, 78, 81.61, 49, 8433, 1189, 715, P0, 0x0000000000000000
2026/09/17 15:52:01.361, 0, 79, 171.85, 44, 7908, 1278, 715, P0, 0x0000000000000020
2026/09/17 15:52:01.364, 1, 78, 81.72, 45, 8433, 1227, 715, P0, 0x0000000000000000
2026/09/17 15:52:02.373, 0, 79, 86.69, 43, 7908, 1303, 715, P0, 0x0000000000000020
2026/09/17 15:52:02.375, 1, 79, 145.46, 46, 8433, 1252, 715, P0, 0x0000000000000000
2026/09/17 15:52:03.386, 0, 79, 59.37, 38, 7908, 1265, 715, P0, 0x0000000000000000
2026/09/17 15:52:03.392, 1, 79, 123.14, 58, 8433, 1265, 715, P0, 0x0000000000000020
2026/09/17 15:52:04.400, 0, 79, 154.60, 38, 7908, 1278, 715, P0, 0x0000000000000000
2026/09/17 15:52:04.403, 1, 79, 73.38, 53, 8433, 1252, 715, P0, 0x0000000000000000
2026/09/17 15:52:05.413, 0, 79, 163.95, 53, 7908, 1316, 715, P0, 0x0000000000000020
2026/09/17 15:52:05.417, 1, 79, 95.62, 50, 8433, 1252, 715, P0, 0x0000000000000000
2026/09/17 15:52:06.425, 0, 79, 83.82, 52, 7908, 1316, 715, P0, 0x0000000000000020
2026/09/17 15:52:06.427, 1, 79, 138.37, 45, 8433, 1215, 715, P0, 0x0000000000000000
2026/09/17 15:52:07.437, 0, 80, 62.88, 48, 7908, 1278, 715, P0, 0x0000000000000000
2026/09/17 15:52:07.444, 1, 79, 142.51, 43, 8433, 1252, 715, P0, 0x0000000000000020
2026/09/17 15:52:08.454, 0, 79, 146.03, 46, 7908, 1278, 715, P0, 0x0000000000000000
2026/09/17 15:52:08.461, 1, 79, 73.90, 45, 8433, 1252, 715, P0, 0x0000000000000000
2026/09/17 15:52:09.467, 0, 79, 163.13, 43, 7908, 1265, 715, P0, 0x0000000000000000
2026/09/17 15:52:09.470, 1, 79, 65.75, 48, 8433, 1215, 715, P0, 0x0000000000000000
2026/09/17 15:52:10.478, 0, 80, 93.54, 38, 7908, 1278, 715, P0, 0x0000000000000000
2026/09/17 15:52:10.483, 1, 79, 153.72, 55, 8433, 1303, 715, P0, 0x0000000000000000
2026/09/17 15:52:11.490, 0, 78, 62.52, 60, 7908, 405, 715, P0, 0x0000000000000020
2026/09/17 15:52:11.497, 1, 79, 56.67, 41, 8433, 1328, 715, P0, 0x0000000000000000
2026/09/17 15:52:12.516, 0, 78, 129.75, 54, 7908, 1075, 715, P0, 0x0000000000000020
2026/09/17 15:52:12.519, 1, 79, 77.85, 44, 8433, 1290, 715, P0, 0x0000000000000000
2026/09/17 15:52:13.530, 0, 78, 141.85, 44, 7908, 1189, 715, P0, 0x0000000000000020
2026/09/17 15:52:13.532, 1, 79, 62.93, 56, 8433, 1290, 715, P0, 0x0000000000000000
2026/09/17 15:52:14.546, 0, 78, 52.80, 40, 7908, 1189, 715, P0, 0x0000000000000000
2026/09/17 15:52:14.549, 1, 79, 97.74, 57, 8433, 569, 715, P0, 0x0000000000000020
2026/09/17 15:52:15.572, 0, 79, 73.14, 39, 7908, 1227, 715, P0, 0x0000000000000000
2026/09/17 15:52:15.577, 1, 78, 127.80, 57, 8433, 1139, 715, P0, 0x0000000000000020
2026/09/17 15:52:16.585, 0, 79, 117.57, 44, 7908, 1278, 715, P0, 0x0000000000000000
2026/09/17 15:52:16.588, 1, 78, 111.54, 48, 8433, 1189, 715, P0, 0x0000000000000000
2026/09/17 15:52:17.595, 0, 79, 166.81, 51, 7908, 1278, 715, P0, 0x0000000000000020
2026/09/17 15:52:17.598, 1, 78, 85.11, 45, 8433, 1202, 715, P0, 0x0000000000000000
2026/09/17 15:52:18.604, 0, 79, 105.75, 51, 7908, 1278, 715, P0, 0x0000000000000020
2026/09/17 15:52:18.607, 1, 79, 137.10, 44, 8433, 1265, 715, P0, 0x0000000000000000
2026/09/17 15:52:19.618, 0, 79, 70.14, 48, 7908, 1265, 715, P0, 0x0000000000000000
2026/09/17 15:52:19.621, 1, 79, 153.04, 58, 8433, 1290, 715, P0, 0x0000000000000020
2026/09/17 15:52:20.642, 0, 79, 136.12, 39, 7908, 1252, 715, P0, 0x0000000000000000
2026/09/17 15:52:20.645, 1, 79, 79.17, 57, 8433, 1290, 715, P0, 0x0000000000000000
2026/09/17 15:52:21.660, 0, 79, 57.48, 40, 7908, 1328, 715, P0, 0x0000000000000000
2026/09/17 15:52:21.663, 1, 78, 147.30, 59, 8433, 1328, 715, P0, 0x0000000000000000
2026/09/17 15:52:22.670, 0, 79, 65.29, 53, 7908, 1316, 715, P0, 0x0000000000000020
2026/09/17 15:52:22.673, 1, 79, 181.38, 43, 8433, 1316, 715, P0, 0x0000000000000000
2026/09/17 15:52:23.682, 0, 79, 169.03, 47, 7908, 1303, 715, P0, 0x0000000000000000
2026/09/17 15:52:23.685, 1, 79, 67.14, 51, 8433, 1252, 715, P0, 0x0000000000000000
2026/09/17 15:52:24.694, 0, 79, 85.72, 38, 7908, 1278, 715, P0, 0x0000000000000000
2026/09/17 15:52:24.697, 1, 79, 148.21, 58, 8433, 1265, 715, P0, 0x0000000000000000
2026/09/17 15:52:25.706, 0, 79, 119.26, 38, 7908, 1265, 715, P0, 0x0000000000000000
2026/09/17 15:52:25.709, 1, 78, 57.36, 59, 8433, 405, 715, P0, 0x0000000000000020
2026/09/17 15:52:26.732, 0, 78, 141.57, 38, 7908, 1265, 715, P0, 0x0000000000000000
2026/09/17 15:52:26.736, 1, 78, 56.93, 59, 8433, 759, 715, P0, 0x0000000000000000
2026/09/17 15:52:27.743, 0, 78, 105.74, 50, 7908, 961, 715, P0, 0x0000000000000020
2026/09/17 15:52:27.749, 1, 78, 106.80, 46, 8433, 1189, 715, P0, 0x0000000000000000
2026/09/17 15:52:28.753, 0, 78, 68.26, 44, 7908, 1189, 715, P0, 0x0000000000000000
2026/09/17 15:52:28.756, 1, 79, 120.82, 55, 8433, 1227, 715, P0, 0x0000000000000020
2026/09/17 15:52:29.763, 0, 78, 61.78, 54, 7908, 1189, 715, P0, 0x0000000000000000
2026/09/17 15:52:29.766, 1, 79, 167.21, 43, 8433, 1290, 715, P0, 0x0000000000000000
2026/09/17 15:52:30.778, 0, 78, 58.15, 54, 7908, 1240, 715, P0, 0x0000000000000000
2026/09/17 15:52:30.781, 1, 79, 152.52, 43, 8433, 1303, 715, P0, 0x0000000000000000
2026/09/17 15:52:31.793, 0, 79, 142.06, 53, 7908, 1240, 715, P0, 0x0000000000000000
2026/09/17 15:52:31.800, 1, 79, 73.19, 46, 8433, 1290, 715, P0, 0x0000000000000000
2026/09/17 15:52:32.817, 0, 79, 97.24, 52, 7908, 1240, 715, P0, 0x0000000000000000
2026/09/17 15:52:32.821, 1, 79, 134.97, 49, 8433, 1265, 715, P0, 0x0000000000000000
2026/09/17 15:52:33.832, 0, 79, 63.89, 46, 7908, 1240, 715, P0, 0x0000000000000000
2026/09/17 15:52:33.835, 1, 79, 177.71, 55, 8433, 1290, 715, P0, 0x0000000000000020
2026/09/17 15:52:34.857, 0, 79, 165.19, 48, 7908, 1303, 715, P0, 0x0000000000000020
2026/09/17 15:52:34.863, 1, 79, 107.78, 43, 8433, 1316, 715, P0, 0x0000000000000020
2026/09/17 15:52:35.867, 0, 79, 67.99, 48, 7908, 1290, 715, P0, 0x0000000000000000
2026/09/17 15:52:35.870, 1, 79, 167.92, 55, 8433, 1316, 715, P0, 0x0000000000000020
2026/09/17 15:52:36.880, 0, 79, 163.35, 38, 7908, 1278, 715, P0, 0x0000000000000000
2026/09/17 15:52:36.885, 1, 79, 68.15, 53, 8433, 1316, 715, P0, 0x0000000000000020
2026/09/17 15:52:37.892, 0, 79, 81.08, 47, 7908, 1316, 715, P0, 0x0000000000000020
2026/09/17 15:52:37.895, 1, 79, 165.32, 42, 8433, 1316, 715, P0, 0x0000000000000000
2026/09/17 15:52:38.903, 0, 79, 155.75, 38, 7908, 1290, 715, P0, 0x0000000000000000
2026/09/17 15:52:38.905, 1, 78, 52.81, 58, 8433, 1037, 715, P0, 0x0000000000000000
2026/09/17 15:52:39.928, 0, 79, 151.45, 50, 7908, 1316, 715, P0, 0x0000000000000000
2026/09/17 15:52:39.934, 1, 79, 64.05, 49, 8433, 1177, 715, P0, 0x0000000000000000
2026/09/17 15:52:40.941, 0, 79, 138.54, 41, 7908, 1316, 715, P0, 0x0000000000000000
2026/09/17 15:52:40.944, 1, 79, 77.97, 46, 8433, 1139, 715, P0, 0x0000000000000020
2026/09/17 15:52:41.954, 0, 79, 63.97, 46, 7908, 1177, 715, P0, 0x0000000000000000
2026/09/17 15:52:41.957, 1, 79, 144.34, 55, 8433, 1227, 715, P0, 0x0000000000000020
2026/09/17 15:52:42.962, 0, 79, 117.11, 51, 7908, 1139, 715, P0, 0x0000000000000020
2026/09/17 15:52:42.969, 1, 78, 115.56, 49, 8433, 1252, 715, P0, 0x0000000000000000
2026/09/17 15:52:43.989, 0, 79, 128.30, 40, 7908, 1189, 715, P0, 0x0000000000000000
2026/09/17 15:52:43.992, 1, 79, 100.22, 44, 8433, 1252, 715, P0, 0x0000000000000000
2026/09/17 15:52:44.999, 0, 79, 112.25, 39, 7908, 1240, 715, P0, 0x0000000000000000
2026/09/17 15:52:45.002, 1, 79, 134.10, 45, 8433, 1265, 715, P0, 0x0000000000000000
2026/09/17 15:52:46.011, 0, 79, 86.69, 39, 7908, 1240, 715, P0, 0x0000000000000000
2026/09/17 15:52:46.014, 1, 79, 144.72, 44, 8433, 1278, 715, P0, 0x0000000000000000
2026/09/17 15:52:47.021, 0, 79, 74.99, 39, 7908, 1240, 715, P0, 0x0000000000000000
2026/09/17 15:52:47.024, 1, 79, 148.27, 45, 8433, 1252, 715, P0, 0x0000000000000000
2026/09/17 15:52:48.033, 0, 79, 64.87, 38, 7908, 1240, 715, P0, 0x0000000000000000
2026/09/17 15:52:48.036, 1, 79, 171.14, 45, 8433, 1240, 715, P0, 0x0000000000000020
2026/09/17 15:52:49.061, 0, 79, 137.42, 50, 7908, 1303, 715, P0, 0x0000000000000020
2026/09/17 15:52:49.072, 1, 79, 63.36, 44, 8433, 1252, 715, P0, 0x0000000000000000
2026/09/17 15:52:50.085, 0, 79, 94.52, 53, 7908, 1265, 715, P0, 0x0000000000000020
2026/09/17 15:52:50.088, 1, 79, 144.14, 50, 8433, 1265, 715, P0, 0x0000000000000000
2026/09/17 15:52:51.097, 0, 79, 68.92, 51, 7908, 1265, 715, P0, 0x0000000000000000
2026/09/17 15:52:51.100, 1, 79, 163.36, 52, 8433, 1278, 715, P0, 0x0000000000000000
2026/09/17 15:52:52.111, 0, 79, 63.38, 50, 7908, 1278, 715, P0, 0x0000000000000000
2026/09/17 15:52:52.115, 1, 79, 134.74, 54, 8433, 1252, 715, P0, 0x0000000000000020
2026/09/17 15:52:53.124, 0, 79, 142.25, 45, 7908, 1316, 715, P0, 0x0000000000000020
2026/09/17 15:52:53.127, 1, 79, 75.02, 50, 8433, 1227, 715, P0, 0x0000000000000000
2026/09/17 15:52:54.137, 0, 79, 173.85, 43, 7908, 1316, 715, P0, 0x0000000000000020
2026/09/17 15:52:54.140, 1, 79, 61.62, 46, 8433, 1227, 715, P0, 0x0000000000000000
2026/09/17 15:52:55.152, 0, 79, 98.91, 39, 7908, 1227, 715, P0, 0x0000000000000020
2026/09/17 15:52:55.155, 1, 79, 134.99, 43, 8433, 1252, 715, P0, 0x0000000000000000
2026/09/17 15:52:56.162, 0, 79, 70.11, 39, 7908, 1240, 715, P0, 0x0000000000000000
2026/09/17 15:52:56.169, 1, 79, 168.34, 43, 8433, 1316, 715, P0, 0x0000000000000020
2026/09/17 15:52:57.174, 0, 79, 60.76, 39, 7908, 1240, 715, P0, 0x0000000000000000
2026/09/17 15:52:57.180, 1, 79, 152.98, 44, 8433, 1252, 715, P0, 0x0000000000000020
2026/09/17 15:52:58.184, 0, 79, 109.07, 39, 7908, 1240, 715, P0, 0x0000000000000000
2026/09/17 15:52:58.188, 1, 79, 101.08, 46, 8433, 1265, 715, P0, 0x0000000000000020
2026/09/17 15:52:59.196, 0, 78, 161.29, 20, 7908, 1240, 715, P0, 0x0000000000000000
2026/09/17 15:52:59.199, 1, 77, 53.41, 79, 8433, 822, 715, P0, 0x0000000000000000
2026/09/17 15:53:00.216, 0, 79, 57.83, 100, 7908, 1328, 715, P0, 0x0000000000000000
2026/09/17 15:53:00.219, 1, 78, 111.26, 8, 8433, 1126, 715, P0, 0x0000000000000020
2026/09/17 15:53:01.228, 0, 79, 134.13, 37, 7908, 1328, 715, P0, 0x0000000000000000
2026/09/17 15:53:01.231, 1, 78, 108.62, 50, 8433, 1189, 715, P0, 0x0000000000000000
2026/09/17 15:53:02.240, 0, 80, 84.29, 38, 7908, 1316, 715, P0, 0x0000000000000000
2026/09/17 15:53:02.243, 1, 78, 149.76, 52, 8433, 1252, 715, P0, 0x0000000000000000
2026/09/17 15:53:03.251, 0, 78, 42.08, 77, 7908, 405, 715, P0, 0x0000000000000020
2026/09/17 15:53:03.258, 1, 78, 164.28, 22, 8433, 1265, 715, P0, 0x0000000000000000
2026/09/17 15:53:04.278, 0, 78, 51.68, 47, 7908, 949, 715, P0, 0x0000000000000000
2026/09/17 15:53:04.281, 1, 78, 190.26, 42, 8433, 1328, 715, P0, 0x0000000000000000
2026/09/17 15:53:05.304, 0, 78, 86.35, 41, 7908, 1202, 715, P0, 0x0000000000000000
2026/09/17 15:53:05.310, 1, 80, 125.18, 47, 8433, 1316, 715, P0, 0x0000000000000020
2026/09/17 15:53:06.319, 0, 78, 128.68, 40, 7908, 1227, 715, P0, 0x0000000000000000
2026/09/17 15:53:06.322, 1, 79, 83.45, 48, 8433, 1303, 715, P0, 0x0000000000000000
2026/09/17 15:53:07.331, 0, 78, 156.08, 43, 7908, 1240, 715, P0, 0x0000000000000020
2026/09/17 15:53:07.338, 1, 79, 126.08, 44, 8433, 1328, 715, P0, 0x0000000000000000
2026/09/17 15:53:08.345, 0, 79, 67.26, 53, 7908, 1303, 715, P0, 0x0000000000000000
2026/09/17 15:53:08.348, 1, 79, 170.19, 58, 8433, 1316, 715, P0, 0x0000000000000020
2026/09/17 15:53:09.358, 0, 78, 170.48, 38, 7908, 1303, 715, P0, 0x0000000000000000
2026/09/17 15:53:09.361, 1, 78, 46.32, 67, 8433, 974, 715, P0, 0x0000000000000000
2026/09/17 15:53:10.385, 0, 79, 68.00, 37, 7908, 1328, 715, P0, 0x0000000000000000
2026/09/17 15:53:10.388, 1, 78, 114.74, 50, 8433, 1050, 715, P0, 0x0000000000000020
2026/09/17 15:53:11.398, 0, 79, 54.56, 39, 7908, 1189, 715, P0, 0x0000000000000000
2026/09/17 15:53:11.401, 1, 78, 147.13, 45, 8433, 1227, 715, P0, 0x0000000000000020
2026/09/17 15:53:12.412, 0, 79, 61.31, 46, 7908, 1202, 715, P0, 0x0000000000000000
2026/09/17 15:53:12.415, 1, 79, 153.88, 47, 8433, 1252, 715, P0, 0x0000000000000000
2026/09/17 15:53:13.425, 0, 78, 78.68, 45, 7908, 1227, 715, P0, 0x0000000000000000
2026/09/17 15:53:13.428, 1, 79, 133.25, 48, 8433, 1328, 715, P0, 0x0000000000000000
2026/09/17 15:53:14.439, 0, 78, 150.73, 39, 7908, 1227, 715, P0, 0x0000000000000000
2026/09/17 15:53:14.442, 1, 79, 70.05, 42, 8433, 1328, 715, P0, 0x0000000000000000
2026/09/17 15:53:15.450, 0, 79, 102.21, 41, 7908, 1240, 715, P0, 0x0000000000000000
2026/09/17 15:53:15.454, 1, 79, 138.96, 45, 8433, 1303, 715, P0, 0x0000000000000000
2026/09/17 15:53:16.466, 0, 79, 61.44, 50, 7908, 1265, 715, P0, 0x0000000000000000
2026/09/17 15:53:16.469, 1, 79, 143.87, 52, 8433, 1290, 715, P0, 0x0000000000000020
2026/09/17 15:53:17.493, 0, 79, 119.28, 51, 7908, 1227, 715, P0, 0x0000000000000020
2026/09/17 15:53:17.497, 1, 79, 137.74, 58, 8433, 1316, 715, P0, 0x0000000000000020
2026/09/17 15:53:18.506, 0, 79, 68.78, 40, 7908, 1265, 715, P0, 0x0000000000000000
2026/09/17 15:53:18.509, 1, 79, 143.59, 49, 8433, 1189, 715, P0, 0x0000000000000000
2026/09/17 15:53:19.517, 0, 79, 69.94, 44, 7908, 1278, 715, P0, 0x0000000000000000
2026/09/17 15:53:19.521, 1, 79, 144.78, 55, 8433, 1202, 715, P0, 0x0000000000000000
2026/09/17 15:53:20.530, 0, 79, 60.33, 44, 7908, 1265, 715, P0, 0x0000000000000000
2026/09/17 15:53:20.533, 1, 79, 148.02, 54, 8433, 1227, 715, P0, 0x0000000000000000
2026/09/17 15:53:21.541, 0, 79, 112.70, 39, 7908, 1265, 715, P0, 0x0000000000000000
2026/09/17 15:53:21.544, 1, 79, 93.34, 53, 8433, 1227, 715, P0, 0x0000000000000020
2026/09/17 15:53:22.555, 0, 79, 145.56, 38, 7908, 1265, 715, P0, 0x0000000000000000
2026/09/17 15:53:22.558, 1, 79, 71.52, 51, 8433, 1252, 715, P0, 0x0000000000000000
2026/09/17 15:53:23.565, 0, 79, 159.53, 40, 7908, 1265, 715, P0, 0x0000000000000000
2026/09/17 15:53:23.568, 1, 79, 59.27, 48, 8433, 1227, 715, P0, 0x0000000000000000
2026/09/17 15:53:24.577, 0, 79, 104.61, 44, 7908, 1303, 715, P0, 0x0000000000000000
2026/09/17 15:53:24.580, 1, 79, 134.48, 44, 8433, 1265, 715, P0, 0x0000000000000000
2026/09/17 15:53:25.588, 0, 79, 68.49, 51, 7908, 1303, 715, P0, 0x0000000000000000
2026/09/17 15:53:25.595, 1, 79, 153.66, 58, 8433, 1265, 715, P0, 0x0000000000000020
2026/09/17 15:53:26.601, 0, 79, 92.86, 53, 7908, 1303, 715, P0, 0x0000000000000000
2026/09/17 15:53:26.604, 1, 79, 110.45, 58, 8433, 1240, 715, P0, 0x0000000000000020
2026/09/17 15:53:27.610, 0, 79, 136.51, 53, 7908, 1278, 715, P0, 0x0000000000000000
2026/09/17 15:53:27.613, 1, 79, 78.68, 56, 8433, 1227, 715, P0, 0x0000000000000000
2026/09/17 15:53:28.626, 0, 79, 177.11, 49, 7908, 1303, 715, P0, 0x0000000000000020
2026/09/17 15:53:28.630, 1, 79, 70.04, 53, 8433, 1227, 715, P0, 0x0000000000000000
2026/09/17 15:53:29.641, 0, 79, 97.88, 45, 7908, 1278, 715, P0, 0x0000000000000020
2026/09/17 15:53:29.645, 1, 79, 141.99, 48, 8433, 1265, 715, P0, 0x0000000000000000
2026/09/17 15:53:30.651, 0, 79, 68.44, 39, 7908, 1265, 715, P0, 0x0000000000000000
2026/09/17 15:53:30.654, 1, 79, 160.97, 44, 8433, 1290, 715, P0, 0x0000000000000000
2026/09/17 15:53:31.666, 0, 79, 55.27, 40, 7908, 1189, 715, P0, 0x0000000000000000
2026/09/17 15:53:31.672, 1, 79, 131.41, 45, 8433, 1252, 715, P0, 0x0000000000000020
2026/09/17 15:53:32.677, 0, 79, 67.25, 40, 7908, 1202, 715, P0, 0x0000000000000000
2026/09/17 15:53:32.680, 1, 79, 130.10, 44, 8433, 1265, 715, P0, 0x0000000000000020
2026/09/17 15:53:33.687, 0, 79, 104.16, 40, 7908, 1240, 715, P0, 0x0000000000000000
2026/09/17 15:53:33.690, 1, 79, 97.07, 43, 8433, 1265, 715, P0, 0x0000000000000000
2026/09/17 15:53:34.702, 0, 79, 133.44, 40, 7908, 1202, 715, P0, 0x0000000000000000
2026/09/17 15:53:34.705, 1, 80, 75.85, 44, 8433, 1265, 715, P0, 0x0000000000000000
2026/09/17 15:53:35.716, 0, 79, 142.50, 43, 7908, 1202, 715, P0, 0x0000000000000000
2026/09/17 15:53:35.721, 1, 79, 63.38, 44, 8433, 1240, 715, P0, 0x0000000000000000
2026/09/17 15:53:36.727, 0, 79, 152.45, 46, 7908, 1240, 715, P0, 0x0000000000000000
2026/09/17 15:53:36.730, 1, 79, 64.33, 45, 8433, 1252, 715, P0, 0x0000000000000000
2026/09/17 15:53:37.742, 0, 79, 160.31, 47, 7908, 1227, 715, P0, 0x0000000000000020
2026/09/17 15:53:37.748, 1, 79, 94.21, 47, 8433, 1189, 715, P0, 0x0000000000000000
2026/09/17 15:53:38.768, 0, 79, 150.58, 87, 7908, 1303, 715, P0, 0x0000000000000000
2026/09/17 15:53:38.771, 1, 78, 56.45, 0, 8433, 1316, 715, P0, 0x0000000000000000
2026/09/17 15:53:39.781, 0, 79, 58.83, 44, 7908, 1240, 715, P0, 0x0000000000000000
2026/09/17 15:53:39.784, 1, 79, 151.94, 45, 8433, 1290, 715, P0, 0x0000000000000020
2026/09/17 15:53:40.791, 0, 79, 162.83, 50, 7908, 1316, 715, P0, 0x0000000000000020
2026/09/17 15:53:40.794, 1, 80, 67.88, 45, 8433, 1290, 715, P0, 0x0000000000000000
2026/09/17 15:53:41.803, 0, 79, 69.55, 39, 7908, 1252, 715, P0, 0x0000000000000000
2026/09/17 15:53:41.810, 1, 78, 115.32, 66, 8433, 873, 715, P0, 0x0000000000000020
2026/09/17 15:53:42.816, 0, 79, 140.51, 37, 7908, 1303, 715, P0, 0x0000000000000000
2026/09/17 15:53:42.819, 1, 79, 60.50, 50, 8433, 1101, 715, P0, 0x0000000000000000
2026/09/17 15:53:43.843, 0, 78, 122.74, 44, 7908, 987, 715, P0, 0x0000000000000020
2026/09/17 15:53:43.848, 1, 78, 75.51, 45, 8433, 1227, 715, P0, 0x0000000000000000
2026/09/17 15:53:44.857, 0, 78, 84.11, 52, 7908, 1189, 715, P0, 0x0000000000000000
2026/09/17 15:53:44.860, 1, 79, 103.01, 56, 8433, 1227, 715, P0, 0x0000000000000020
2026/09/17 15:53:45.871, 0, 78, 59.86, 40, 7908, 1189, 715, P0, 0x0000000000000000
2026/09/17 15:53:45.874, 1, 79, 160.25, 49, 8433, 1290, 715, P0, 0x0000000000000020
2026/09/17 15:53:46.883, 0, 79, 66.56, 38, 7908, 1227, 715, P0, 0x0000000000000000
2026/09/17 15:53:46.886, 1, 79, 167.21, 44, 8433, 1252, 715, P0, 0x0000000000000020
2026/09/17 15:53:47.911, 0, 79, 110.29, 41, 7908, 1265, 715, P0, 0x0000000000000000
2026/09/17 15:53:47.914, 1, 79, 93.28, 44, 8433, 1252, 715, P0, 0x0000000000000000
2026/09/17 15:53:48.923, 0, 79, 109.33, 43, 7908, 1265, 715, P0, 0x0000000000000000
2026/09/17 15:53:48.927, 1, 79, 97.11, 45, 8433, 1215, 715, P0, 0x0000000000000020
2026/09/17 15:53:49.933, 0, 79, 98.49, 48, 7908, 1227, 715, P0, 0x0000000000000000
2026/09/17 15:53:49.937, 1, 79, 89.03, 46, 8433, 1189, 715, P0, 0x0000000000000000
2026/09/17 15:53:50.945, 0, 79, 111.71, 53, 7908, 1278, 715, P0, 0x0000000000000000
2026/09/17 15:53:50.949, 1, 79, 99.23, 53, 8433, 1215, 715, P0, 0x0000000000000020
2026/09/17 15:53:51.957, 0, 79, 134.29, 53, 7908, 1278, 715, P0, 0x0000000000000000
2026/09/17 15:53:51.961, 1, 79, 78.40, 54, 8433, 1202, 715, P0, 0x0000000000000000
2026/09/17 15:53:52.968, 0, 79, 121.43, 51, 7908, 1240, 715, P0, 0x0000000000000000
2026/09/17 15:53:52.971, 1, 79, 78.29, 55, 8433, 1189, 715, P0, 0x0000000000000000
2026/09/17 15:53:53.980, 0, 79, 130.87, 47, 7908, 1265, 715, P0, 0x0000000000000000
2026/09/17 15:53:53.984, 1, 79, 81.62, 57, 8433, 1227, 715, P0, 0x0000000000000000
2026/09/17 15:53:54.991, 0, 79, 124.97, 42, 7908, 1240, 715, P0, 0x0000000000000000
2026/09/17 15:53:54.994, 1, 79, 120.73, 57, 8433, 1189, 715, P0, 0x0000000000000020
2026/09/17 15:53:56.006, 0, 79, 144.12, 40, 7908, 1240, 715, P0, 0x0000000000000000
2026/09/17 15:53:56.009, 1, 79, 70.79, 54, 8433, 1227, 715, P0, 0x0000000000000000
2026/09/17 15:53:57.017, 0, 79, 152.35, 47, 7908, 1303, 715, P0, 0x0000000000000000
2026/09/17 15:53:57.027, 1, 79, 64.57, 49, 8433, 1202, 715, P0, 0x0000000000000000
2026/09/17 15:53:58.041, 0, 79, 166.13, 42, 7908, 1278, 715, P0, 0x0000000000000020
2026/09/17 15:53:58.050, 1, 78, 57.60, 45, 8433, 1202, 715, P0, 0x0000000000000000
2026/09/17 15:53:59.069, 0, 79, 101.28, 39, 7908, 1227, 715, P0, 0x0000000000000000
2026/09/17 15:53:59.072, 1, 79, 120.29, 43, 8433, 1202, 715, P0, 0x0000000000000000
2026/09/17 15:54:00.082, 0, 79, 75.93, 39, 7908, 1227, 715, P0, 0x0000000000000000
2026/09/17 15:54:00.091, 1, 79, 153.24, 55, 8433, 1303, 715, P0, 0x0000000000000000
2026/09/17 15:54:01.109, 0, 79, 86.46, 39, 7908, 1227, 715, P0, 0x0000000000000000
2026/09/17 15:54:01.112, 1, 79, 111.11, 55, 8433, 1303, 715, P0, 0x0000000000000000
2026/09/17 15:54:02.123, 0, 79, 139.34, 39, 7908, 1240, 715, P0, 0x0000000000000000
2026/09/17 15:54:02.129, 1, 79, 76.28, 57, 8433, 1278, 715, P0, 0x0000000000000000
2026/09/17 15:54:03.141, 0, 79, 160.00, 40, 7908, 1252, 715, P0, 0x0000000000000000
2026/09/17 15:54:03.144, 1, 79, 63.35, 57, 8433, 1290, 715, P0, 0x0000000000000000
2026/09/17 15:54:04.151, 0, 79, 140.74, 40, 7908, 1215, 715, P0, 0x0000000000000020
2026/09/17 15:54:04.160, 1, 79, 129.99, 58, 8433, 1290, 715, P0, 0x0000000000000000
2026/09/17 15:54:05.178, 0, 79, 79.47, 39, 7908, 1240, 715, P0, 0x0000000000000000
2026/09/17 15:54:05.181, 1, 79, 155.64, 56, 8433, 1290, 715, P0, 0x0000000000000000
2026/09/17 15:54:06.193, 0, 79, 61.04, 39, 7908, 1227, 715, P0, 0x0000000000000000
2026/09/17 15:54:06.196, 1, 79, 172.25, 57, 8433, 1290, 715, P0, 0x0000000000000000
2026/09/17 15:54:07.203, 0, 79, 76.33, 39, 7908, 1215, 715, P0, 0x0000000000000000
2026/09/17 15:54:07.208, 1, 79, 110.22, 57, 8433, 1240, 715, P0, 0x0000000000000020
2026/09/17 15:54:08.217, 0, 79, 141.49, 40, 7908, 1240, 715, P0, 0x0000000000000000
2026/09/17 15:54:08.220, 1, 79, 76.52, 57, 8433, 1290, 715, P0, 0x0000000000000000
2026/09/17 15:54:09.231, 0, 79, 127.96, 53, 7908, 1240, 715, P0, 0x0000000000000020
2026/09/17 15:54:09.241, 1, 79, 122.42, 57, 8433, 1240, 715, P0, 0x0000000000000000
2026/09/17 15:54:10.258, 0, 79, 67.77, 51, 7908, 1240, 715, P0, 0x0000000000000000
2026/09/17 15:54:10.261, 1, 79, 151.63, 55, 8433, 1227, 715, P0, 0x0000000000000000
2026/09/17 15:54:11.271, 0, 79, 73.99, 49, 7908, 1265, 715, P0, 0x0000000000000000
2026/09/17 15:54:11.277, 1, 79, 118.78, 52, 8433, 1252, 715, P0, 0x0000000000000020
2026/09/17 15:54:12.284, 0, 78, 56.98, 53, 7908, 961, 715, P0, 0x0000000000000000
2026/09/17 15:54:12.287, 1, 79, 162.52, 51, 8433, 1303, 715, P0, 0x0000000000000000
2026/09/17 15:54:13.299, 0, 79, 100.39, 41, 7908, 1012, 715, P0, 0x0000000000000020
2026/09/17 15:54:13.309, 1, 79, 137.09, 51, 8433, 1316, 715, P0, 0x0000000000000020
2026/09/17 15:54:14.326, 0, 79, 120.23, 49, 7908, 1113, 715, P0, 0x0000000000000020
2026/09/17 15:54:14.333, 1, 79, 135.44, 44, 8433, 1316, 715, P0, 0x0000000000000020
2026/09/17 15:54:15.341, 0, 79, 151.96, 52, 7908, 1227, 715, P0, 0x0000000000000000
2026/09/17 15:54:15.344, 1, 79, 87.76, 46, 8433, 1290, 715, P0, 0x0000000000000000
2026/09/17 15:54:16.354, 0, 79, 152.53, 50, 7908, 1240, 715, P0, 0x0000000000000020
2026/09/17 15:54:16.357, 1, 79, 102.39, 52, 8433, 1227, 715, P0, 0x0000000000000000
2026/09/17 15:54:17.367, 0, 78, 192.55, 0, 7908, 1227, 715, P0, 0x0000000000000020
2026/09/17 15:54:17.375, 1, 79, 58.19, 92, 8433, 1328, 715, P0, 0x0000000000000000
2026/09/17 15:54:18.396, 0, 79, 152.06, 51, 7908, 1265, 715, P0, 0x0000000000000000
2026/09/17 15:54:18.399, 1, 79, 74.09, 42, 8433, 1316, 715, P0, 0x0000000000000000
2026/09/17 15:54:19.408, 0, 78, 56.25, 9, 7908, 1316, 715, P0, 0x0000000000000000
2026/09/17 15:54:19.412, 1, 78, 62.48, 80, 8433, 405, 715, P0, 0x0000000000000020
2026/09/17 15:54:20.421, 0, 79, 73.19, 37, 7908, 1316, 715, P0, 0x0000000000000000
2026/09/17 15:54:20.423, 1, 78, 65.10, 72, 8433, 569, 715, P0, 0x0000000000000020
2026/09/17 15:54:21.448, 0, 79, 105.59, 50, 7908, 1328, 715, P0, 0x0000000000000000
2026/09/17 15:54:21.450, 1, 78, 122.21, 50, 8433, 1189, 715, P0, 0x0000000000000000
2026/09/17 15:54:22.460, 0, 79, 150.53, 52, 7908, 1139, 715, P0, 0x0000000000000020
2026/09/17 15:54:22.463, 1, 78, 74.99, 57, 8433, 1189, 715, P0, 0x0000000000000000
2026/09/17 15:54:23.472, 0, 78, 142.78, 46, 7908, 1278, 715, P0, 0x0000000000000020
2026/09/17 15:54:23.475, 1, 79, 71.76, 51, 8433, 1290, 715, P0, 0x0000000000000000
2026/09/17 15:54:24.486, 0, 79, 167.19, 43, 7908, 1290, 715, P0, 0x0000000000000020
2026/09/17 15:54:24.489, 1, 79, 86.39, 50, 8433, 1290, 715, P0, 0x0000000000000000
2026/09/17 15:54:25.498, 0, 79, 99.59, 49, 7908, 1278, 715, P0, 0x0000000000000000
2026/09/17 15:54:25.504, 1, 79, 136.97, 55, 8433, 1265, 715, P0, 0x0000000000000000
2026/09/17 15:54:26.511, 0, 79, 75.42, 50, 7908, 1290, 715, P0, 0x0000000000000000
2026/09/17 15:54:26.514, 1, 79, 154.85, 57, 8433, 1265, 715, P0, 0x0000000000000000
2026/09/17 15:54:27.524, 0, 79, 82.42, 53, 7908, 1265, 715, P0, 0x0000000000000000
2026/09/17 15:54:27.530, 1, 79, 117.43, 57, 8433, 1252, 715, P0, 0x0000000000000020
2026/09/17 15:54:28.534, 0, 79, 154.11, 50, 7908, 1316, 715, P0, 0x0000000000000020
2026/09/17 15:54:28.537, 1, 79, 77.45, 53, 8433, 1290, 715, P0, 0x0000000000000000
2026/09/17 15:54:29.545, 0, 79, 133.77, 51, 7908, 1240, 715, P0, 0x0000000000000000
2026/09/17 15:54:29.551, 1, 79, 65.32, 54, 8433, 1189, 715, P0, 0x0000000000000000
2026/09/17 15:54:30.570, 0, 79, 165.22, 51, 7908, 1303, 715, P0, 0x0000000000000020
2026/09/17 15:54:30.574, 1, 79, 56.89, 48, 8433, 1189, 715, P0, 0x0000000000000000
2026/09/17 15:54:31.581, 0, 79, 162.78, 45, 7908, 1303, 715, P0, 0x0000000000000000
2026/09/17 15:54:31.584, 1, 79, 61.40, 54, 8433, 1189, 715, P0, 0x0000000000000000
2026/09/17 15:54:32.595, 0, 79, 156.45, 42, 7908, 1252, 715, P0, 0x0000000000000000
2026/09/17 15:54:32.598, 1, 79, 59.52, 58, 8433, 1189, 715, P0, 0x0000000000000000
2026/09/17 15:54:33.604, 0, 79, 152.90, 38, 7908, 1265, 715, P0, 0x0000000000000000
2026/09/17 15:54:33.607, 1, 79, 65.06, 58, 8433, 1202, 715, P0, 0x0000000000000000
2026/09/17 15:54:34.613, 0, 79, 143.90, 38, 7908, 1265, 715, P0, 0x0000000000000000
2026/09/17 15:54:34.618, 1, 79, 68.91, 58, 8433, 1189, 715, P0, 0x0000000000000000
2026/09/17 15:54:35.625, 0, 79, 129.38, 43, 7908, 1240, 715, P0, 0x0000000000000000
2026/09/17 15:54:35.628, 1, 79, 78.75, 53, 8433, 1252, 715, P0, 0x0000000000000020
2026/09/17 15:54:36.636, 0, 79, 133.80, 49, 7908, 1252, 715, P0, 0x0000000000000000
2026/09/17 15:54:36.640, 1, 79, 79.36, 48, 8433, 1227, 715, P0, 0x0000000000000000
2026/09/17 15:54:37.651, 0, 79, 141.51, 51, 7908, 1240, 715, P0, 0x0000000000000000
2026/09/17 15:54:37.654, 1, 79, 71.76, 46, 8433, 1227, 715, P0, 0x0000000000000000
2026/09/17 15:54:38.668, 0, 79, 159.23, 51, 7908, 1278, 715, P0, 0x0000000000000000
2026/09/17 15:54:38.672, 1, 79, 64.80, 45, 8433, 1227, 715, P0, 0x0000000000000000
2026/09/17 15:54:39.683, 0, 79, 159.44, 50, 7908, 1252, 715, P0, 0x0000000000000000
2026/09/17 15:54:39.686, 1, 79, 61.92, 44, 8433, 1240, 715, P0, 0x0000000000000000
2026/09/17 15:54:40.693, 0, 79, 140.60, 50, 7908, 1265, 715, P0, 0x0000000000000000
2026/09/17 15:54:40.697, 1, 79, 101.64, 43, 8433, 1252, 715, P0, 0x0000000000000000
2026/09/17 15:54:41.707, 0, 79, 89.35, 45, 7908, 1316, 715, P0, 0x0000000000000020
2026/09/17 15:54:41.713, 1, 79, 140.92, 44, 8433, 1252, 715, P0, 0x0000000000000000
2026/09/17 15:54:42.719, 0, 79, 71.34, 43, 7908, 1316, 715, P0, 0x0000000000000020
2026/09/17 15:54:42.722, 1, 79, 149.93, 44, 8433, 1252, 715, P0, 0x0000000000000000
2026/09/17 15:54:43.728, 0, 79, 67.09, 43, 7908, 1316, 715, P0, 0x0000000000000020
2026/09/17 15:54:43.731, 1, 79, 154.24, 46, 8433, 1252, 715, P0, 0x0000000000000000
2026/09/17 15:54:44.738, 0, 79, 62.02, 46, 7908, 1240, 715, P0, 0x0000000000000000
2026/09/17 15:54:44.741, 1, 79, 147.86, 44, 8433, 1227, 715, P0, 0x0000000000000020
2026/09/17 15:54:45.753, 0, 79, 61.26, 50, 7908, 1303, 715, P0, 0x0000000000000000
2026/09/17 15:54:45.757, 1, 79, 134.97, 45, 8433, 1240, 715, P0, 0x0000000000000020
2026/09/17 15:54:46.763, 0, 79, 85.04, 49, 7908, 1303, 715, P0, 0x0000000000000000
2026/09/17 15:54:46.766, 1, 79, 98.99, 44, 8433, 1215, 715, P0, 0x0000000000000000
2026/09/17 15:54:47.787, 0, 79, 169.04, 48, 7908, 1316, 715, P0, 0x0000000000000000
2026/09/17 15:54:47.791, 1, 79, 64.26, 44, 8433, 1240, 715, P0, 0x0000000000000000
2026/09/17 15:54:48.799, 0, 79, 176.26, 47, 7908, 1278, 715, P0, 0x0000000000000020
2026/09/17 15:54:48.803, 1, 79, 77.71, 45, 8433, 1240, 715, P0, 0x0000000000000000
2026/09/17 15:54:49.808, 0, 79, 128.29, 52, 7908, 1189, 715, P0, 0x0000000000000000
2026/09/17 15:54:49.811, 1, 79, 64.88, 45, 8433, 1227, 715, P0, 0x0000000000000000
2026/09/17 15:54:50.819, 0, 79, 74.02, 42, 7908, 1189, 715, P0, 0x0000000000000000
2026/09/17 15:54:50.825, 1, 79, 114.41, 55, 8433, 1227, 715, P0, 0x0000000000000020
2026/09/17 15:54:51.829, 0, 79, 62.76, 41, 7908, 1189, 715, P0, 0x0000000000000000
2026/09/17 15:54:51.833, 1, 79, 145.68, 51, 8433, 1202, 715, P0, 0x0000000000000000
2026/09/17 15:54:52.840, 0, 79, 79.52, 48, 7908, 1227, 715, P0, 0x0000000000000020
2026/09/17 15:54:52.844, 1, 79, 145.32, 45, 8433, 1252, 715, P0, 0x0000000000000020
2026/09/17 15:54:53.851, 0, 79, 83.40, 49, 7908, 1240, 715, P0, 0x0000000000000000
2026/09/17 15:54:53.857, 1, 79, 135.52, 53, 8433, 1290, 715, P0, 0x0000000000000020
2026/09/17 15:54:54.863, 0, 79, 75.92, 53, 7908, 1227, 715, P0, 0x0000000000000000
2026/09/17 15:54:54.867, 1, 79, 153.58, 50, 8433, 1303, 715, P0, 0x0000000000000000
2026/09/17 15:54:55.878, 0, 79, 80.87, 3, 7908, 1189, 715, P0, 0x0000000000000000
2026/09/17 15:54:55.881, 1, 78, 171.13, 58, 8433, 1328, 715, P0, 0x0000000000000000
2026/09/17 15:54:56.888, 0, 79, 99.42, 40, 7908, 1240, 715, P0, 0x0000000000000000
2026/09/17 15:54:56.895, 1, 79, 130.93, 49, 8433, 1240, 715, P0, 0x0000000000000000
2026/09/17 15:54:57.899, 0, 79, 72.04, 46, 7908, 1265, 715, P0, 0x0000000000000000
2026/09/17 15:54:57.902, 1, 79, 165.71, 44, 8433, 1290, 715, P0, 0x0000000000000000
2026/09/17 15:54:58.910, 0, 79, 94.58, 53, 7908, 1303, 715, P0, 0x0000000000000000
2026/09/17 15:54:58.913, 1, 79, 123.25, 44, 8433, 1265, 715, P0, 0x0000000000000020
2026/09/17 15:54:59.921, 0, 79, 158.82, 53, 7908, 1278, 715, P0, 0x0000000000000000
2026/09/17 15:54:59.924, 1, 79, 71.72, 48, 8433, 1303, 715, P0, 0x0000000000000000
2026/09/17 15:55:00.932, 0, 79, 129.16, 46, 7908, 1240, 715, P0, 0x0000000000000000
2026/09/17 15:55:00.935, 1, 79, 113.03, 52, 8433, 1303, 715, P0, 0x0000000000000000
2026/09/17 15:55:01.941, 0, 79, 78.79, 41, 7908, 1252, 715, P0, 0x0000000000000000
2026/09/17 15:55:01.944, 1, 79, 158.10, 57, 8433, 1290, 715, P0, 0x0000000000000000
2026/09/17 15:55:02.965, 0, 79, 127.90, 38, 7908, 1240, 715, P0, 0x0000000000000000
2026/09/17 15:55:02.969, 1, 80, 86.10, 57, 8433, 1290, 715, P0, 0x0000000000000000
2026/09/17 15:55:03.976, 0, 79, 159.68, 53, 7908, 1316, 715, P0, 0x0000000000000020
2026/09/17 15:55:03.989, 1, 79, 112.34, 54, 8433, 1252, 715, P0, 0x0000000000000000
2026/09/17 15:55:05.004, 0, 79, 66.57, 51, 7908, 1303, 715, P0, 0x0000000000000000
2026/09/17 15:55:05.010, 1, 79, 155.57, 49, 8433, 1252, 715, P0, 0x0000000000000000
2026/09/17 15:55:06.016, 0, 79, 77.60, 48, 7908, 1303, 715, P0, 0x0000000000000000
2026/09/17 15:55:06.019, 1, 79, 129.65, 47, 8433, 1265, 715, P0, 0x0000000000000020
2026/09/17 15:55:07.027, 0, 79, 142.01, 45, 7908, 1290, 715, P0, 0x0000000000000000
2026/09/17 15:55:07.032, 1, 79, 77.24, 43, 8433, 1252, 715, P0, 0x0000000000000000
2026/09/17 15:55:08.036, 0, 79, 149.61, 39, 7908, 1227, 715, P0, 0x0000000000000000
2026/09/17 15:55:08.039, 1, 79, 63.86, 43, 8433, 1227, 715, P0, 0x0000000000000000
2026/09/17 15:55:09.051, 0, 79, 111.64, 39, 7908, 1227, 715, P0, 0x0000000000000000
2026/09/17 15:55:09.056, 1, 79, 117.23, 45, 8433, 1227, 715, P0, 0x0000000000000000
2026/09/17 15:55:10.061, 0, 79, 104.46, 39, 7908, 1227, 715, P0, 0x0000000000000000
2026/09/17 15:55:10.066, 1, 79, 121.32, 45, 8433, 1075, 715, P0, 0x0000000000000020
2026/09/17 15:55:11.074, 0, 78, 159.23, 39, 7908, 1227, 715, P0, 0x0000000000000000
2026/09/17 15:55:11.083, 1, 78, 67.97, 51, 8433, 1113, 715, P0, 0x0000000000000000
2026/09/17 15:55:12.087, 0, 79, 100.92, 41, 7908, 1316, 715, P0, 0x0000000000000020
2026/09/17 15:55:12.091, 1, 78, 95.39, 56, 8433, 1075, 715, P0, 0x0000000000000020
2026/09/17 15:55:13.109, 0, 79, 70.83, 55, 7908, 506, 715, P0, 0x0000000000000020
2026/09/17 15:55:13.114, 1, 78, 108.81, 37, 8433, 1202, 715, P0, 0x0000000000000000
2026/09/17 15:55:14.121, 0, 78, 78.12, 52, 7908, 1088, 715, P0, 0x0000000000000000
2026/09/17 15:55:14.129, 1, 79, 148.13, 45, 8433, 1290, 715, P0, 0x0000000000000000
2026/09/17 15:55:15.136, 0, 78, 143.32, 41, 7908, 1189, 715, P0, 0x0000000000000000
2026/09/17 15:55:15.139, 1, 79, 73.48, 56, 8433, 1303, 715, P0, 0x0000000000000000
2026/09/17 15:55:16.149, 0, 78, 137.31, 42, 7908, 1189, 715, P0, 0x0000000000000000
2026/09/17 15:55:16.152, 1, 79, 66.31, 56, 8433, 1290, 715, P0, 0x0000000000000000
2026/09/17 15:55:17.163, 0, 78, 133.55, 51, 7908, 1189, 715, P0, 0x0000000000000000
2026/09/17 15:55:17.170, 1, 79, 67.97, 46, 8433, 1290, 715, P0, 0x0000000000000000
2026/09/17 15:55:18.190, 0, 79, 140.22, 53, 7908, 1202, 715, P0, 0x0000000000000020
2026/09/17 15:55:18.196, 1, 79, 102.08, 44, 8433, 1252, 715, P0, 0x0000000000000000
2026/09/17 15:55:19.200, 0, 79, 133.48, 53, 7908, 1227, 715, P0, 0x0000000000000020
2026/09/17 15:55:19.202, 1, 79, 108.05, 43, 8433, 1265, 715, P0, 0x0000000000000000
2026/09/17 15:55:20.215, 0, 79, 85.98, 53, 7908, 1215, 715, P0, 0x0000000000000000
2026/09/17 15:55:20.219, 1, 79, 145.94, 43, 8433, 1265, 715, P0, 0x0000000000000000
2026/09/17 15:55:21.227, 0, 79, 67.05, 41, 7908, 1252, 715, P0, 0x0000000000000000
2026/09/17 15:55:21.232, 1, 79, 156.30, 43, 8433, 1265, 715, P0, 0x0000000000000000
2026/09/17 15:55:22.238, 0, 79, 66.07, 42, 7908, 1303, 715, P0, 0x0000000000000000
2026/09/17 15:55:22.241, 1, 79, 160.84, 44, 8433, 1265, 715, P0, 0x0000000000000020
2026/09/17 15:55:23.249, 0, 79, 61.31, 44, 7908, 1240, 715, P0, 0x0000000000000000
2026/09/17 15:55:23.252, 1, 79, 152.59, 44, 8433, 1215, 715, P0, 0x0000000000000000
2026/09/17 15:55:24.263, 0, 79, 59.56, 47, 7908, 1278, 715, P0, 0x0000000000000000
2026/09/17 15:55:24.267, 1, 79, 147.92, 44, 8433, 1227, 715, P0, 0x0000000000000020
2026/09/17 15:55:25.276, 0, 79, 125.33, 47, 7908, 1303, 715, P0, 0x0000000000000000
2026/09/17 15:55:25.282, 1, 79, 83.92, 43, 8433, 1227, 715, P0, 0x0000000000000020
2026/09/17 15:55:26.291, 0, 79, 156.35, 46, 7908, 1316, 715, P0, 0x0000000000000020
2026/09/17 15:55:26.294, 1, 79, 71.21, 43, 8433, 1227, 715, P0, 0x0000000000000000
2026/09/17 15:55:27.303, 0, 79, 158.34, 46, 7908, 1240, 715, P0, 0x0000000000000020
2026/09/17 15:55:27.309, 1, 79, 61.67, 44, 8433, 1240, 715, P0, 0x0000000000000000
2026/09/17 15:55:28.316, 0, 79, 150.15, 51, 7908, 1240, 715, P0, 0x0000000000000000
2026/09/17 15:55:28.319, 1, 79, 62.65, 45, 8433, 1227, 715, P0, 0x0000000000000000
2026/09/17 15:55:29.329, 0, 79, 158.83, 51, 7908, 1265, 715, P0, 0x0000000000000000
2026/09/17 15:55:29.332, 1, 79, 59.06, 47, 8433, 1189, 715, P0, 0x0000000000000000
2026/09/17 15:55:30.340, 0, 79, 160.12, 52, 7908, 1265, 715, P0, 0x0000000000000000
2026/09/17 15:55:30.345, 1, 79, 62.42, 45, 8433, 1265, 715, P0, 0x0000000000000020
2026/09/17 15:55:31.350, 0, 79, 142.00, 44, 7908, 1265, 715, P0, 0x0000000000000000
2026/09/17 15:55:31.353, 1, 79, 67.47, 49, 8433, 1227, 715, P0, 0x0000000000000020
2026/09/17 15:55:32.363, 0, 79, 82.36, 38, 7908, 1240, 715, P0, 0x0000000000000000
2026/09/17 15:55:32.365, 1, 79, 104.57, 57, 8433, 1227, 715, P0, 0x0000000000000000
2026/09/17 15:55:33.376, 0, 79, 153.99, 93, 7908, 1328, 715, P0, 0x0000000000000000
2026/09/17 15:55:33.378, 1, 78, 49.75, 0, 8433, 1189, 715, P0, 0x0000000000000000
2026/09/17 15:55:34.387, 0, 78, 119.10, 46, 7908, 1240, 715, P0, 0x0000000000000000
2026/09/17 15:55:34.390, 1, 79, 88.93, 57, 8433, 1303, 715, P0, 0x0000000000000000
2026/09/17 15:55:35.409, 0, 79, 99.55, 38, 7908, 1265, 715, P0, 0x0000000000000020
2026/09/17 15:55:35.412, 1, 79, 146.54, 55, 8433, 1303, 715, P0, 0x0000000000000000
2026/09/17 15:55:36.422, 0, 79, 61.00, 42, 7908, 1278, 715, P0, 0x0000000000000000
2026/09/17 15:55:36.424, 1, 80, 155.31, 47, 8433, 1290, 715, P0, 0x0000000000000000
2026/09/17 15:55:37.432, 0, 79, 64.46, 41, 7908, 1189, 715, P0, 0x0000000000000000
2026/09/17 15:55:37.435, 1, 79, 136.05, 53, 8433, 1189, 715, P0, 0x0000000000000000
2026/09/17 15:55:38.442, 0, 79, 110.14, 47, 7908, 1151, 715, P0, 0x0000000000000020
2026/09/17 15:55:38.449, 1, 79, 120.85, 53, 8433, 1252, 715, P0, 0x0000000000000000
2026/09/17 15:55:39.456, 0, 79, 140.43, 53, 7908, 1189, 715, P0, 0x0000000000000000
2026/09/17 15:55:39.460, 1, 79, 60.78, 44, 8433, 1252, 715, P0, 0x0000000000000000
2026/09/17 15:55:40.467, 0, 78, 131.31, 44, 7908, 1215, 715, P0, 0x0000000000000000
2026/09/17 15:55:40.470, 1, 79, 70.62, 47, 8433, 1189, 715, P0, 0x0000000000000000
2026/09/17 15:55:41.478, 0, 78, 107.99, 39, 7908, 1202, 715, P0, 0x0000000000000000
2026/09/17 15:55:41.481, 1, 79, 82.59, 57, 8433, 1202, 715, P0, 0x0000000000000000
2026/09/17 15:55:42.501, 0, 79, 138.33, 42, 7908, 1290, 715, P0, 0x0000000000000000
2026/09/17 15:55:42.504, 1, 79, 71.52, 57, 8433, 1202, 715, P0, 0x0000000000000000
2026/09/17 15:55:43.516, 0, 79, 141.59, 39, 7908, 1240, 715, P0, 0x0000000000000000
2026/09/17 15:55:43.519, 1, 79, 69.84, 57, 8433, 1227, 715, P0, 0x0000000000000000
2026/09/17 15:55:44.528, 0, 79, 152.40, 38, 7908, 1265, 715, P0, 0x0000000000000000
2026/09/17 15:55:44.531, 1, 79, 66.93, 56, 8433, 1252, 715, P0, 0x0000000000000000
2026/09/17 15:55:45.541, 0, 79, 170.70, 38, 7908, 1265, 715, P0, 0x0000000000000020
2026/09/17 15:55:45.549, 1, 79, 79.20, 54, 8433, 1202, 715, P0, 0x0000000000000000
2026/09/17 15:55:46.568, 0, 79, 83.39, 38, 7908, 1265, 715, P0, 0x0000000000000000
2026/09/17 15:55:46.571, 1, 79, 135.58, 56, 8433, 1202, 715, P0, 0x0000000000000000
2026/09/17 15:55:47.580, 0, 79, 69.94, 39, 7908, 1278, 715, P0, 0x0000000000000000
2026/09/17 15:55:47.583, 1, 79, 147.64, 56, 8433, 1227, 715, P0, 0x0000000000000000
2026/09/17 15:55:48.592, 0, 79, 58.40, 38, 7908, 1240, 715, P0, 0x0000000000000000
2026/09/17 15:55:48.596, 1, 79, 147.16, 57, 8433, 1215, 715, P0, 0x0000000000000000
2026/09/17 15:55:49.603, 0, 79, 69.91, 39, 7908, 1252, 715, P0, 0x0000000000000000
2026/09/17 15:55:49.608, 1, 79, 105.43, 53, 8433, 1189, 715, P0, 0x0000000000000020
2026/09/17 15:55:50.627, 0, 79, 147.74, 39, 7908, 1240, 715, P0, 0x0000000000000000
2026/09/17 15:55:50.631, 1, 79, 66.99, 52, 8433, 1202, 715, P0, 0x0000000000000000
2026/09/17 15:55:51.637, 0, 79, 160.15, 38, 7908, 1278, 715, P0, 0x0000000000000000
2026/09/17 15:55:51.640, 1, 79, 65.75, 54, 8433, 1227, 715, P0, 0x0000000000000000
2026/09/17 15:55:52.647, 0, 79, 157.00, 38, 7908, 1240, 715, P0, 0x0000000000000000
2026/09/17 15:55:52.650, 1, 79, 58.82, 55, 8433, 1227, 715, P0, 0x0000000000000000
2026/09/17 15:55:53.660, 0, 79, 169.21, 39, 7908, 1252, 715, P0, 0x0000000000000000
2026/09/17 15:55:53.663, 1, 79, 79.63, 55, 8433, 1252, 715, P0, 0x0000000000000000
2026/09/17 15:55:54.670, 0, 79, 125.83, 39, 7908, 1227, 715, P0, 0x0000000000000000
2026/09/17 15:55:54.673, 1, 79, 118.12, 54, 8433, 1227, 715, P0, 0x0000000000000000
2026/09/17 15:55:55.685, 0, 80, 92.20, 39, 7908, 1265, 715, P0, 0x0000000000000000
2026/09/17 15:55:55.688, 1, 79, 128.14, 54, 8433, 1202, 715, P0, 0x0000000000000000
2026/09/17 15:55:56.695, 0, 79, 77.15, 39, 7908, 1240, 715, P0, 0x0000000000000000
2026/09/17 15:55:56.700, 1, 79, 138.25, 53, 8433, 1189, 715, P0, 0x0000000000000000
2026/09/17 15:55:57.722, 0, 79, 59.37, 42, 7908, 1278, 715, P0, 0x0000000000000000
2026/09/17 15:55:57.725, 1, 79, 118.82, 55, 8433, 1189, 715, P0, 0x0000000000000020
2026/09/17 15:55:58.734, 0, 79, 83.84, 38, 7908, 1265, 715, P0, 0x0000000000000000
2026/09/17 15:55:58.737, 1, 79, 115.03, 58, 8433, 1227, 715, P0, 0x0000000000000020
2026/09/17 15:55:59.744, 0, 78, 111.32, 53, 7908, 797, 715, P0, 0x0000000000000020
2026/09/17 15:55:59.754, 1, 79, 60.62, 44, 8433, 1227, 715, P0, 0x0000000000000000
2026/09/17 15:56:00.759, 0, 78, 117.67, 52, 7908, 1075, 715, P0, 0x0000000000000020
2026/09/17 15:56:00.763, 1, 79, 98.40, 45, 8433, 1202, 715, P0, 0x0000000000000000
2026/09/17 15:56:01.767, 0, 78, 103.00, 41, 7908, 1189, 715, P0, 0x0000000000000000
2026/09/17 15:56:01.771, 1, 79, 88.33, 56, 8433, 1227, 715, P0, 0x0000000000000000
2026/09/17 15:56:02.784, 0, 78, 57.94, 53, 7908, 1189, 715, P0, 0x0000000000000000
2026/09/17 15:56:02.787, 1, 79, 149.82, 45, 8433, 1227, 715, P0, 0x0000000000000000
2026/09/17 15:56:03.795, 0, 79, 82.85, 46, 7908, 1290, 715, P0, 0x0000000000000000
2026/09/17 15:56:03.798, 1, 79, 144.42, 49, 8433, 1252, 715, P0, 0x0000000000000000
2026/09/17 15:56:04.805, 0, 79, 76.88, 42, 7908, 1240, 715, P0, 0x0000000000000020
2026/09/17 15:56:04.808, 1, 79, 147.19, 51, 8433, 1202, 715, P0, 0x0000000000000000
2026/09/17 15:56:05.834, 0, 79, 56.99, 41, 7908, 1240, 715, P0, 0x0000000000000000
2026/09/17 15:56:05.837, 1, 79, 110.32, 54, 8433, 1227, 715, P0, 0x0000000000000000
2026/09/17 15:56:06.846, 0, 78, 96.31, 39, 7908, 1202, 715, P0, 0x0000000000000000
2026/09/17 15:56:06.850, 1, 79, 99.55, 57, 8433, 1202, 715, P0, 0x0000000000000020
2026/09/17 15:56:07.864, 0, 79, 117.04, 40, 7908, 1227, 715, P0, 0x0000000000000000
2026/09/17 15:56:07.868, 1, 79, 84.73, 57, 8433, 1227, 715, P0, 0x0000000000000000
2026/09/17 15:56:08.877, 0, 79, 126.15, 39, 7908, 1202, 715, P0, 0x0000000000000000
2026/09/17 15:56:08.882, 1, 79, 74.42, 48, 8433, 1252, 715, P0, 0x0000000000000020
2026/09/17 15:56:09.900, 0, 79, 154.62, 41, 7908, 1240, 715, P0, 0x0000000000000020
2026/09/17 15:56:09.903, 1, 79, 59.55, 49, 8433, 1227, 715, P0, 0x0000000000000000
2026/09/17 15:56:10.911, 0, 79, 155.34, 44, 7908, 1240, 715, P0, 0x0000000000000000
2026/09/17 15:56:10.914, 1, 79, 61.22, 55, 8433, 1252, 715, P0, 0x0000000000000000
2026/09/17 15:56:11.921, 0, 77, 55.27, 0, 9, 1328, 715, P0, 0x0000000000000000
2026/09/17 15:56:11.924, 1, 77, 56.21, 0, 9, 1328, 715, P0, 0x0000000000000000
2026/09/17 15:56:12.936, 0, 77, 54.78, 0, 9, 1328, 715, P0, 0x0000000000000000
2026/09/17 15:56:12.939, 1, 77, 55.48, 0, 9, 1328, 715, P0, 0x0000000000000000
2026/09/17 15:56:13.948, 0, 76, 54.82, 0, 9, 1328, 715, P0, 0x0000000000000000
2026/09/17 15:56:13.951, 1, 77, 55.52, 0, 9, 1328, 715, P0, 0x0000000000000000
2026/09/17 15:56:14.962, 0, 76, 39.62, 0, 9, 797, 715, P0, 0x0000000000000001
2026/09/17 15:56:14.965, 1, 76, 39.13, 0, 9, 405, 715, P0, 0x0000000000000001
2026/09/17 15:56:15.975, 0, 75, 39.38, 0, 9, 797, 715, P0, 0x0000000000000001
2026/09/17 15:56:15.981, 1, 75, 39.13, 0, 9, 405, 715, P0, 0x0000000000000001
2026/09/17 15:56:16.989, 0, 75, 37.46, 0, 9, 405, 715, P0, 0x0000000000000001
2026/09/17 15:56:16.992, 1, 75, 38.67, 0, 9, 405, 715, P0, 0x0000000000000001
