timestamp,index,temperature.gpu,power.draw,utilization.gpu,memory.used,clocks.current.graphics,clocks.current.memory,pstate,clocks_event_reasons.active
2026/09/19 10:45:01.331, 0, 75, 46.14, 0, 7767, 1189, 715, P0, 0x0000000000000000
2026/09/19 10:45:01.334, 1, 46, 39.58, 0, 8309, 1328, 715, P0, 0x0000000000000000
2026/09/19 10:45:02.340, 0, 80, 230.25, 100, 7965, 1328, 715, P0, 0x0000000000000000
2026/09/19 10:45:02.343, 1, 49, 179.52, 100, 8507, 1328, 715, P0, 0x0000000000000000
2026/09/19 10:45:03.353, 0, 79, 157.89, 99, 7965, 1189, 715, P0, 0x0000000000000020
2026/09/19 10:45:03.356, 1, 50, 179.44, 75, 8507, 1328, 715, P0, 0x0000000000000000
2026/09/19 10:45:04.367, 0, 79, 144.73, 100, 7965, 1088, 715, P0, 0x0000000000000020
2026/09/19 10:45:04.376, 1, 51, 164.05, 90, 8507, 1328, 715, P0, 0x0000000000000000
2026/09/19 10:45:05.384, 0, 79, 141.29, 100, 7965, 1113, 715, P0, 0x0000000000000020
2026/09/19 10:45:05.393, 1, 51, 42.74, 100, 8507, 1328, 715, P0, 0x0000000000000000
2026/09/19 10:45:06.400, 0, 79, 142.18, 100, 7965, 1088, 715, P0, 0x0000000000000020
2026/09/19 10:45:06.403, 1, 53, 106.35, 97, 8507, 1328, 715, P0, 0x0000000000000000
2026/09/19 10:45:07.408, 0, 79, 129.08, 100, 7965, 1050, 715, P0, 0x0000000000000000
2026/09/19 10:45:07.417, 1, 53, 172.90, 100, 8507, 1328, 715, P0, 0x0000000000000000
2026/09/19 10:45:08.424, 0, 79, 122.40, 98, 7965, 1050, 715, P0, 0x0000000000000000
2026/09/19 10:45:08.427, 1, 53, 176.64, 83, 8507, 1328, 715, P0, 0x0000000000000000
2026/09/19 10:45:09.439, 0, 79, 110.87, 100, 7965, 1050, 715, P0, 0x0000000000000000
2026/09/19 10:45:09.442, 1, 52, 43.31, 52, 8507, 1328, 715, P0, 0x0000000000000000
2026/09/19 10:45:10.455, 0, 79, 134.42, 100, 7965, 1075, 715, P0, 0x0000000000000000
2026/09/19 10:45:10.459, 1, 54, 171.11, 100, 8507, 1328, 715, P0, 0x0000000000000000
2026/09/19 10:45:11.472, 0, 79, 115.37, 98, 7965, 987, 715, P0, 0x0000000000000000
2026/09/19 10:45:11.478, 1, 54, 180.99, 38, 8507, 1328, 715, P0, 0x0000000000000000
2026/09/19 10:45:12.486, 0, 79, 129.82, 100, 7965, 1050, 715, P0, 0x0000000000000020
2026/09/19 10:45:12.497, 1, 55, 58.64, 100, 8507, 1328, 715, P0, 0x0000000000000000
2026/09/19 10:45:13.502, 0, 80, 132.52, 100, 7965, 1037, 715, P0, 0x0000000000000020
2026/09/19 10:45:13.504, 1, 55, 168.50, 88, 8507, 1328, 715, P0, 0x0000000000000000
2026/09/19 10:45:14.520, 0, 79, 108.52, 100, 7965, 1050, 715, P0, 0x0000000000000000
2026/09/19 10:45:14.523, 1, 54, 44.05, 95, 8507, 1328, 715, P0, 0x0000000000000000
2026/09/19 10:45:15.538, 0, 79, 111.99, 98, 7965, 810, 715, P0, 0x0000000000000020
2026/09/19 10:45:15.542, 1, 55, 153.15, 66, 8507, 1328, 715, P0, 0x0000000000000000
2026/09/19 10:45:16.550, 0, 79, 118.04, 100, 7965, 835, 715, P0, 0x0000000000000020
2026/09/19 10:45:16.562, 1, 56, 180.15, 100, 8507, 1328, 715, P0, 0x0000000000000000
2026/09/19 10:45:17.579, 0, 79, 100.65, 100, 7965, 911, 715, P0, 0x0000000000000000
2026/09/19 10:45:17.582, 1, 55, 44.52, 100, 8507, 1328, 715, P0, 0x0000000000000000
2026/09/19 10:45:18.596, 0, 79, 89.66, 100, 7965, 860, 715, P0, 0x0000000000000000
2026/09/19 10:45:18.601, 1, 54, 43.60, 36, 8507, 1328, 715, P0, 0x0000000000000000
2026/09/19 10:45:19.615, 0, 79, 105.58, 100, 7965, 746, 715, P0, 0x0000000000000020
2026/09/19 10:45:19.622, 1, 55, 181.78, 59, 8507, 1328, 715, P0, 0x0000000000000000
2026/09/19 10:45:20.631, 0, 79, 115.96, 99, 7965, 797, 715, P0, 0x0000000000000000
2026/09/19 10:45:20.644, 1, 56, 187.51, 100, 8507, 1328, 715, P0, 0x0000000000000000
2026/09/19 10:45:21.659, 0, 79, 112.98, 100, 7965, 784, 715, P0, 0x0000000000000020
2026/09/19 10:45:21.662, 1, 57, 193.87, 100, 8507, 1328, 715, P0, 0x0000000000000000
2026/09/19 10:45:22.675, 0, 79, 114.55, 100, 7965, 860, 715, P0, 0x0000000000000020
2026/09/19 10:45:22.684, 1, 56, 44.74, 72, 8507, 1328, 715, P0, 0x0000000000000000
2026/09/19 10:45:23.687, 0, 79, 92.31, 100, 7965, 810, 715, P0, 0x0000000000000000
2026/09/19 10:45:23.691, 1, 56, 44.07, 4, 8507, 1328, 715, P0, 0x0000000000000000
2026/09/19 10:45:24.698, 0, 79, 115.58, 99, 7965, 860, 715, P0, 0x0000000000000000
2026/09/19 10:45:24.702, 1, 55, 167.03, 4, 8507, 1328, 715, P0, 0x0000000000000000
2026/09/19 10:45:25.709, 0, 79, 88.70, 98, 7965, 772, 715, P0, 0x0000000000000000
2026/09/19 10:45:25.713, 1, 57, 180.34, 44, 8507, 1328, 715, P0, 0x0000000000000000
2026/09/19 10:45:26.719, 0, 79, 108.88, 100, 7965, 734, 715, P0, 0x0000000000000020
2026/09/19 10:45:26.726, 1, 58, 185.98, 100, 8507, 1328, 715, P0, 0x0000000000000000
2026/09/19 10:45:27.735, 0, 79, 89.25, 100, 7965, 835, 715, P0, 0x0000000000000000
2026/09/19 10:45:27.746, 1, 58, 158.18, 100, 8507, 1328, 715, P0, 0x0000000000000000
2026/09/19 10:45:28.763, 0, 79, 107.00, 100, 7965, 759, 715, P0, 0x0000000000000020
2026/09/19 10:45:28.766, 1, 58, 169.18, 100, 8507, 1328, 715, P0, 0x0000000000000000
2026/09/19 10:45:29.779, 0, 79, 88.01, 100, 7965, 847, 715, P0, 0x0000000000000000
2026/09/19 10:45:29.787, 1, 58, 47.70, 100, 8507, 1328, 715, P0, 0x0000000000000000
2026/09/19 10:45:30.796, 0, 79, 111.83, 100, 7965, 822, 715, P0, 0x0000000000000020
2026/09/19 10:45:30.807, 1, 58, 45.49, 100, 8507, 1328, 715, P0, 0x0000000000000000
2026/09/19 10:45:31.824, 0, 79, 90.86, 100, 7965, 860, 715, P0, 0x0000000000000000
2026/09/19 10:45:31.828, 1, 57, 45.06, 5, 8507, 1328, 715, P0, 0x0000000000000000
2026/09/19 10:45:32.839, 0, 79, 102.79, 100, 7965, 835, 715, P0, 0x0000000000000020
2026/09/19 10:45:32.848, 1, 57, 87.89, 2, 8507, 1328, 715, P0, 0x0000000000000000
2026/09/19 10:45:33.853, 0, 79, 108.48, 100, 7965, 759, 715, P0, 0x0000000000000020
2026/09/19 10:45:33.856, 1, 58, 156.25, 39, 8507, 1328, 715, P0, 0x0000000000000000
2026/09/19 10:45:34.867, 0, 79, 90.51, 99, 7965, 860, 715, P0, 0x0000000000000000
2026/09/19 10:45:34.871, 1, 59, 189.86, 75, 8507, 1328, 715, P0, 0x0000000000000000
2026/09/19 10:45:35.877, 0, 79, 117.50, 100, 7965, 810, 715, P0, 0x0000000000000020
2026/09/19 10:45:35.891, 1, 59, 159.12, 100, 8507, 1328, 715, P0, 0x0000000000000000
2026/09/19 10:45:36.905, 0, 79, 113.94, 100, 7965, 759, 715, P0, 0x0000000000000020
2026/09/19 10:45:36.912, 1, 60, 193.72, 100, 8507, 1328, 715, P0, 0x0000000000000000
2026/09/19 10:45:37.922, 0, 79, 97.72, 100, 7965, 746, 715, P0, 0x0000000000000020
2026/09/19 10:45:37.933, 1, 60, 171.02, 100, 8507, 1328, 715, P0, 0x0000000000000000
2026/09/19 10:45:38.950, 0, 79, 90.95, 100, 7965, 885, 715, P0, 0x0000000000000000
2026/09/19 10:45:38.953, 1, 60, 156.12, 100, 8507, 1328, 715, P0, 0x0000000000000000
2026/09/19 10:45:39.965, 0, 79, 116.59, 100, 7965, 847, 715, P0, 0x0000000000000020
2026/09/19 10:45:39.973, 1, 61, 188.42, 100, 8507, 1328, 715, P0, 0x0000000000000000
2026/09/19 10:45:40.981, 0, 79, 113.13, 100, 7965, 772, 715, P0, 0x0000000000000020
2026/09/19 10:45:40.994, 1, 61, 183.18, 100, 8507, 1328, 715, P0, 0x0000000000000000
2026/09/19 10:45:42.010, 0, 79, 108.87, 100, 7965, 721, 715, P0, 0x0000000000000020
2026/09/19 10:45:42.014, 1, 61, 164.00, 100, 8507, 1328, 715, P0, 0x0000000000000000
2026/09/19 10:45:43.024, 0, 79, 111.82, 100, 7965, 759, 715, P0, 0x0000000000000020
2026/09/19 10:45:43.034, 1, 61, 158.75, 100, 8507, 1328, 715, P0, 0x0000000000000000
2026/09/19 10:45:44.039, 0, 79, 106.07, 100, 7965, 759, 715, P0, 0x0000000000000020
2026/09/19 10:45:44.042, 1, 62, 180.41, 100, 8507, 1328, 715, P0, 0x0000000000000000
2026/09/19 10:45:45.052, 0, 79, 92.24, 100, 7965, 797, 715, P0, 0x0000000000000000
2026/09/19 10:45:45.055, 1, 62, 185.64, 100, 8507, 1328, 715, P0, 0x0000000000000000
2026/09/19 10:45:46.068, 0, 79, 88.02, 100, 7965, 797, 715, P0, 0x0000000000000000
2026/09/19 10:45:46.075, 1, 62, 80.59, 100, 8507, 1328, 715, P0, 0x0000000000000000
2026/09/19 10:45:47.080, 0, 79, 96.81, 100, 7965, 734, 715, P0, 0x0000000000000000
2026/09/19 10:45:47.083, 1, 62, 179.69, 100, 8507, 1328, 715, P0, 0x0000000000000000
2026/09/19 10:45:48.096, 0, 79, 98.36, 100, 7965, 721, 715, P0, 0x0000000000000020
2026/09/19 10:45:48.099, 1, 62, 174.24, 100, 8507, 1328, 715, P0, 0x0000000000000000
2026/09/19 10:45:49.108, 0, 79, 99.18, 100, 7965, 746, 715, P0, 0x0000000000000000
2026/09/19 10:45:49.117, 1, 63, 156.85, 100, 8507, 1328, 715, P0, 0x0000000000000000
2026/09/19 10:45:50.122, 0, 79, 108.95, 100, 7965, 721, 715, P0, 0x0000000000000020
2026/09/19 10:45:50.125, 1, 63, 160.21, 100, 8507, 1328, 715, P0, 0x0000000000000000
2026/09/19 10:45:51.134, 0, 79, 111.09, 100, 7965, 772, 715, P0, 0x0000000000000020
2026/09/19 10:45:51.139, 1, 63, 161.38, 100, 8507, 1328, 715, P0, 0x0000000000000000
2026/09/19 10:45:52.148, 0, 79, 105.20, 100, 7965, 746, 715, P0, 0x0000000000000020
2026/09/19 10:45:52.158, 1, 63, 175.25, 100, 8507, 1328, 715, P0, 0x0000000000000000
2026/09/19 10:45:53.162, 0, 79, 119.84, 100, 7965, 860, 715, P0, 0x0000000000000020
2026/09/19 10:45:53.165, 1, 63, 197.70, 100, 8507, 1328, 715, P0, 0x0000000000000000
2026/09/19 10:45:54.175, 0, 79, 106.20, 100, 7965, 987, 715, P0, 0x0000000000000000
2026/09/19 10:45:54.178, 1, 63, 181.69, 100, 8507, 1328, 715, P0, 0x0000000000000000
2026/09/19 10:45:55.188, 0, 79, 93.99, 100, 7965, 923, 715, P0, 0x0000000000000000
2026/09/19 10:45:55.199, 1, 63, 160.08, 100, 8507, 1328, 715, P0, 0x0000000000000000
2026/09/19 10:45:56.218, 0, 79, 88.96, 100, 7965, 835, 715, P0, 0x0000000000000000
2026/09/19 10:45:56.221, 1, 63, 167.86, 100, 8507, 1328, 715, P0, 0x0000000000000000
2026/09/19 10:45:57.234, 0, 79, 112.85, 100, 7965, 734, 715, P0, 0x0000000000000020
2026/09/19 10:45:57.242, 1, 64, 194.74, 100, 8507, 1328, 715, P0, 0x0000000000000000
2026/09/19 10:45:58.251, 0, 79, 112.62, 100, 7965, 759, 715, P0, 0x0000000000000020
2026/09/19 10:45:58.263, 1, 64, 172.51, 100, 8507, 1328, 715, P0, 0x0000000000000000
2026/09/19 10:45:59.276, 0, 79, 120.05, 98, 7965, 923, 715, P0, 0x0000000000000020
2026/09/19 10:45:59.282, 1, 64, 161.08, 100, 8507, 1328, 715, P0, 0x0000000000000000
2026/09/19 10:46:00.293, 0, 79, 93.11, 99, 7965, 911, 715, P0, 0x0000000000000000
2026/09/19 10:46:00.304, 1, 64, 189.32, 83, 8507, 1328, 715, P0, 0x0000000000000000
2026/09/19 10:46:01.323, 0, 79, 91.06, 98, 7965, 784, 715, P0, 0x0000000000000000
2026/09/19 10:46:01.326, 1, 64, 179.68, 36, 8507, 1328, 715, P0, 0x0000000000000000
2026/09/19 10:46:02.341, 0, 79, 112.30, 99, 7965, 772, 715, P0, 0x0000000000000020
2026/09/19 10:46:02.347, 1, 63, 160.65, 0, 8507, 1328, 715, P0, 0x0000000000000000
2026/09/19 10:46:03.353, 0, 79, 107.10, 100, 7965, 784, 715, P0, 0x0000000000000020
2026/09/19 10:46:03.366, 1, 63, 135.00, 8, 8507, 1328, 715, P0, 0x0000000000000000
2026/09/19 10:46:04.385, 0, 79, 97.30, 100, 7965, 949, 715, P0, 0x0000000000000000
2026/09/19 10:46:04.388, 1, 63, 48.17, 8, 8507, 1328, 715, P0, 0x0000000000000000
2026/09/19 10:46:05.402, 0, 79, 95.88, 100, 7965, 784, 715, P0, 0x0000000000000000
2026/09/19 10:46:05.407, 1, 64, 46.97, 52, 8507, 1328, 715, P0, 0x0000000000000000
2026/09/19 10:46:06.416, 0, 79, 123.72, 100, 7965, 835, 715, P0, 0x0000000000000020
2026/09/19 10:46:06.428, 1, 64, 49.10, 17, 8507, 1328, 715, P0, 0x0000000000000000
2026/09/19 10:46:07.436, 0, 79, 97.05, 100, 7965, 949, 715, P0, 0x0000000000000000
2026/09/19 10:46:07.447, 1, 65, 53.71, 80, 8507, 1328, 715, P0, 0x0000000000000000
2026/09/19 10:46:08.452, 0, 79, 110.15, 100, 7965, 734, 715, P0, 0x0000000000000020
2026/09/19 10:46:08.456, 1, 66, 162.81, 100, 8507, 1328, 715, P0, 0x0000000000000000
2026/09/19 10:46:09.467, 0, 79, 120.44, 100, 7965, 860, 715, P0, 0x0000000000000020
2026/09/19 10:46:09.470, 1, 66, 187.13, 100, 8507, 1328, 715, P0, 0x0000000000000000
2026/09/19 10:46:10.484, 0, 79, 89.18, 100, 7965, 847, 715, P0, 0x0000000000000000
2026/09/19 10:46:10.489, 1, 66, 170.78, 100, 8507, 1328, 715, P0, 0x0000000000000000
2026/09/19 10:46:11.501, 0, 79, 113.19, 100, 7965, 772, 715, P0, 0x0000000000000020
2026/09/19 10:46:11.510, 1, 66, 161.27, 100, 8507, 1328, 715, P0, 0x0000000000000000
2026/09/19 10:46:12.517, 0, 79, 92.40, 100, 7965, 898, 715, P0, 0x0000000000000000
2026/09/19 10:46:12.529, 1, 65, 189.70, 71, 8507, 1328, 715, P0, 0x0000000000000000
2026/09/19 10:46:13.544, 0, 79, 109.35, 99, 7965, 772, 715, P0, 0x0000000000000000
2026/09/19 10:46:13.551, 1, 65, 167.51, 0, 8507, 1328, 715, P0, 0x0000000000000000
2026/09/19 10:46:14.560, 0, 79, 98.51, 100, 7965, 961, 715, P0, 0x0000000000000020
2026/09/19 10:46:14.569, 1, 65, 48.90, 9, 8507, 1328, 715, P0, 0x0000000000000000
2026/09/19 10:46:15.576, 0, 79, 109.43, 100, 7965, 797, 715, P0, 0x0000000000000000
2026/09/19 10:46:15.580, 1, 65, 49.84, 58, 8507, 1328, 715, P0, 0x0000000000000000
2026/09/19 10:46:16.589, 0, 79, 94.39, 100, 7965, 923, 715, P0, 0x0000000000000000
2026/09/19 10:46:16.592, 1, 66, 59.48, 100, 8507, 1328, 715, P0, 0x0000000000000000
2026/09/19 10:46:17.605, 0, 79, 108.57, 100, 7965, 784, 715, P0, 0x0000000000000000
2026/09/19 10:46:17.614, 1, 67, 200.76, 100, 8507, 1328, 715, P0, 0x0000000000000000
2026/09/19 10:46:18.620, 0, 79, 91.11, 100, 7965, 885, 715, P0, 0x0000000000000000
2026/09/19 10:46:18.633, 1, 67, 164.03, 100, 8507, 1328, 715, P0, 0x0000000000000000
2026/09/19 10:46:19.651, 0, 79, 119.73, 100, 7965, 810, 715, P0, 0x0000000000000020
2026/09/19 10:46:19.654, 1, 67, 162.42, 100, 8507, 1328, 715, P0, 0x0000000000000000
2026/09/19 10:46:20.667, 0, 79, 88.31, 99, 7965, 822, 715, P0, 0x0000000000000000
2026/09/19 10:46:20.674, 1, 67, 157.78, 72, 8507, 1328, 715, P0, 0x0000000000000000
2026/09/19 10:46:21.681, 0, 79, 121.54, 100, 7965, 898, 715, P0, 0x0000000000000020
2026/09/19 10:46:21.695, 1, 65, 49.30, 0, 8507, 1328, 715, P0, 0x0000000000000000
2026/09/19 10:46:22.712, 0, 79, 105.71, 100, 7965, 734, 715, P0, 0x0000000000000020
2026/09/19 10:46:22.718, 1, 66, 50.09, 11, 8507, 1328, 715, P0, 0x0000000000000000
2026/09/19 10:46:23.726, 0, 79, 96.33, 100, 7965, 949, 715, P0, 0x0000000000000000
2026/09/19 10:46:23.736, 1, 68, 56.33, 100, 8507, 1328, 715, P0, 0x0000000000000000
2026/09/19 10:46:24.745, 0, 79, 113.06, 100, 7965, 822, 715, P0, 0x0000000000000020
2026/09/19 10:46:24.757, 1, 68, 190.95, 100, 8507, 1328, 715, P0, 0x0000000000000000
2026/09/19 10:46:25.761, 0, 79, 97.00, 100, 7965, 734, 715, P0, 0x0000000000000020
2026/09/19 10:46:25.765, 1, 68, 191.50, 100, 8507, 1328, 715, P0, 0x0000000000000000
2026/09/19 10:46:26.775, 0, 79, 95.49, 100, 7965, 936, 715, P0, 0x0000000000000000
2026/09/19 10:46:26.778, 1, 68, 201.28, 60, 8507, 1328, 715, P0, 0x0000000000000000
2026/09/19 10:46:27.785, 0, 79, 102.06, 100, 7965, 860, 715, P0, 0x0000000000000000
2026/09/19 10:46:27.798, 1, 66, 158.10, 10, 8507, 1328, 715, P0, 0x0000000000000000
2026/09/19 10:46:28.816, 0, 79, 98.52, 100, 7965, 759, 715, P0, 0x0000000000000000
2026/09/19 10:46:28.820, 1, 67, 50.81, 48, 8507, 1328, 715, P0, 0x0000000000000000
2026/09/19 10:46:29.833, 0, 79, 94.94, 100, 7965, 936, 715, P0, 0x0000000000000000
2026/09/19 10:46:29.838, 1, 69, 79.33, 90, 8507, 1328, 715, P0, 0x0000000000000000
2026/09/19 10:46:30.846, 0, 79, 119.69, 100, 7965, 860, 715, P0, 0x0000000000000020
2026/09/19 10:46:30.860, 1, 69, 199.89, 100, 8507, 1328, 715, P0, 0x0000000000000000
2026/09/19 10:46:31.878, 0, 79, 108.54, 100, 7965, 772, 715, P0, 0x0000000000000020
2026/09/19 10:46:31.882, 1, 69, 183.38, 100, 8507, 1328, 715, P0, 0x0000000000000000
2026/09/19 10:46:32.892, 0, 79, 88.07, 99, 7965, 835, 715, P0, 0x0000000000000000
2026/09/19 10:46:32.900, 1, 68, 178.05, 70, 8507, 1328, 715, P0, 0x0000000000000000
2026/09/19 10:46:33.920, 0, 79, 97.07, 100, 7965, 961, 715, P0, 0x0000000000000000
2026/09/19 10:46:33.924, 1, 67, 50.79, 11, 8507, 1328, 715, P0, 0x0000000000000000
2026/09/19 10:46:34.935, 0, 79, 113.69, 100, 7965, 822, 715, P0, 0x0000000000000020
2026/09/19 10:46:34.943, 1, 68, 51.76, 67, 8507, 1328, 715, P0, 0x0000000000000000
2026/09/19 10:46:35.951, 0, 79, 100.31, 100, 7965, 734, 715, P0, 0x0000000000000000
2026/09/19 10:46:35.963, 1, 70, 166.19, 100, 8507, 1328, 715, P0, 0x0000000000000000
2026/09/19 10:46:36.981, 0, 79, 92.48, 100, 7965, 898, 715, P0, 0x0000000000000000
2026/09/19 10:46:36.984, 1, 70, 168.93, 100, 8507, 1328, 715, P0, 0x0000000000000000
2026/09/19 10:46:37.995, 0, 79, 97.84, 100, 7965, 936, 715, P0, 0x0000000000000020
2026/09/19 10:46:38.000, 1, 69, 200.19, 72, 8507, 1328, 715, P0, 0x0000000000000000
2026/09/19 10:46:39.007, 0, 79, 105.50, 100, 7965, 860, 715, P0, 0x0000000000000020
2026/09/19 10:46:39.010, 1, 68, 90.28, 11, 8507, 1328, 715, P0, 0x0000000000000000
2026/09/19 10:46:40.018, 0, 79, 108.52, 100, 7965, 759, 715, P0, 0x0000000000000000
2026/09/19 10:46:40.025, 1, 69, 52.22, 85, 8507, 1328, 715, P0, 0x0000000000000000
2026/09/19 10:46:41.033, 0, 79, 92.79, 100, 7965, 810, 715, P0, 0x0000000000000000
2026/09/19 10:46:41.044, 1, 70, 166.42, 100, 8507, 1328, 715, P0, 0x0000000000000000
2026/09/19 10:46:42.049, 0, 79, 91.04, 100, 7965, 873, 715, P0, 0x0000000000000000
2026/09/19 10:46:42.053, 1, 71, 175.03, 100, 8507, 1328, 715, P0, 0x0000000000000000
2026/09/19 10:46:43.064, 0, 79, 96.05, 98, 7965, 949, 715, P0, 0x0000000000000000
2026/09/19 10:46:43.067, 1, 70, 201.54, 100, 8507, 1328, 715, P0, 0x0000000000000000
2026/09/19 10:46:44.082, 0, 79, 119.45, 100, 7965, 923, 715, P0, 0x0000000000000020
2026/09/19 10:46:44.085, 1, 69, 51.23, 0, 8507, 1328, 715, P0, 0x0000000000000000
2026/09/19 10:46:45.095, 0, 79, 118.31, 100, 7965, 847, 715, P0, 0x0000000000000020
2026/09/19 10:46:45.107, 1, 70, 52.93, 59, 8507, 1328, 715, P0, 0x0000000000000000
2026/09/19 10:46:46.123, 0, 79, 108.73, 100, 7965, 772, 715, P0, 0x0000000000000020
2026/09/19 10:46:46.128, 1, 71, 203.49, 100, 8507, 1328, 715, P0, 0x0000000000000000
2026/09/19 10:46:47.136, 0, 79, 106.28, 100, 7965, 734, 715, P0, 0x0000000000000020
2026/09/19 10:46:47.147, 1, 71, 187.38, 100, 8507, 1328, 715, P0, 0x0000000000000000
2026/09/19 10:46:48.166, 0, 79, 90.65, 98, 7965, 784, 715, P0, 0x0000000000000000
2026/09/19 10:46:48.169, 1, 70, 164.28, 17, 8507, 1328, 715, P0, 0x0000000000000000
2026/09/19 10:46:49.182, 0, 79, 95.13, 100, 7965, 949, 715, P0, 0x0000000000000000
2026/09/19 10:46:49.187, 1, 70, 52.26, 8, 8507, 1328, 715, P0, 0x0000000000000000
2026/09/19 10:46:50.196, 0, 79, 95.38, 100, 7965, 949, 715, P0, 0x0000000000000000
2026/09/19 10:46:50.207, 1, 72, 130.75, 100, 8507, 1328, 715, P0, 0x0000000000000000
2026/09/19 10:46:51.214, 0, 79, 97.04, 100, 7965, 949, 715, P0, 0x0000000000000000
2026/09/19 10:46:51.228, 1, 72, 167.02, 100, 8507, 1328, 715, P0, 0x0000000000000000
2026/09/19 10:46:52.244, 0, 79, 97.30, 99, 7965, 949, 715, P0, 0x0000000000000000
2026/09/19 10:46:52.247, 1, 71, 198.90, 100, 8507, 1328, 715, P0, 0x0000000000000000
2026/09/19 10:46:53.254, 0, 79, 100.14, 100, 7965, 949, 715, P0, 0x0000000000000020
2026/09/19 10:46:53.258, 1, 70, 52.25, 0, 8507, 1328, 715, P0, 0x0000000000000000
2026/09/19 10:46:54.270, 0, 79, 90.37, 100, 7965, 961, 715, P0, 0x0000000000000020
2026/09/19 10:46:54.273, 1, 71, 54.20, 77, 8507, 1328, 715, P0, 0x0000000000000000
2026/09/19 10:46:55.279, 0, 79, 90.82, 100, 7965, 999, 715, P0, 0x0000000000000000
2026/09/19 10:46:55.288, 1, 72, 159.31, 100, 8507, 1328, 715, P0, 0x0000000000000000
2026/09/19 10:46:56.292, 0, 79, 93.39, 100, 7965, 961, 715, P0, 0x0000000000000020
2026/09/19 10:46:56.296, 1, 72, 170.56, 100, 8507, 1328, 715, P0, 0x0000000000000000
2026/09/19 10:46:57.324, 0, 79, 109.24, 99, 7965, 822, 715, P0, 0x0000000000000020
2026/09/19 10:46:57.330, 1, 70, 95.45, 0, 8507, 1328, 715, P0, 0x0000000000000000
2026/09/19 10:46:58.340, 0, 79, 122.50, 100, 7965, 835, 715, P0, 0x0000000000000020
2026/09/19 10:46:58.351, 1, 72, 53.90, 88, 8507, 1328, 715, P0, 0x0000000000000000
2026/09/19 10:46:59.356, 0, 79, 118.47, 100, 7965, 873, 715, P0, 0x0000000000000020
2026/09/19 10:46:59.359, 1, 73, 200.84, 100, 8507, 1328, 715, P0, 0x0000000000000000
2026/09/19 10:47:00.370, 0, 79, 116.51, 100, 7965, 987, 715, P0, 0x0000000000000000
2026/09/19 10:47:00.373, 1, 72, 166.84, 100, 8507, 1328, 715, P0, 0x0000000000000000
2026/09/19 10:47:01.382, 0, 79, 120.41, 100, 7965, 810, 715, P0, 0x0000000000000020
2026/09/19 10:47:01.392, 1, 71, 65.46, 13, 8507, 1328, 715, P0, 0x0000000000000000
2026/09/19 10:47:02.400, 0, 79, 120.40, 100, 7965, 923, 715, P0, 0x0000000000000020
2026/09/19 10:47:02.412, 1, 72, 54.62, 100, 8507, 1328, 715, P0, 0x0000000000000000
2026/09/19 10:47:03.428, 0, 79, 119.76, 100, 7965, 873, 715, P0, 0x0000000000000020
2026/09/19 10:47:03.432, 1, 73, 182.59, 100, 8507, 1328, 715, P0, 0x0000000000000000
2026/09/19 10:47:04.444, 0, 79, 120.75, 100, 7965, 847, 715, P0, 0x0000000000000020
2026/09/19 10:47:04.454, 1, 73, 167.55, 100, 8507, 1328, 715, P0, 0x0000000000000000
2026/09/19 10:47:05.471, 0, 79, 121.93, 100, 7965, 885, 715, P0, 0x0000000000000020
2026/09/19 10:47:05.474, 1, 71, 53.17, 0, 8507, 1328, 715, P0, 0x0000000000000000
2026/09/19 10:47:06.486, 0, 79, 104.41, 100, 7965, 1025, 715, P0, 0x0000000000000000
2026/09/19 10:47:06.491, 1, 73, 55.11, 77, 8507, 1328, 715, P0, 0x0000000000000000
2026/09/19 10:47:07.499, 0, 79, 98.00, 100, 7965, 949, 715, P0, 0x0000000000000020
2026/09/19 10:47:07.502, 1, 74, 168.93, 100, 8507, 1328, 715, P0, 0x0000000000000000
2026/09/19 10:47:08.513, 0, 79, 97.61, 98, 7965, 961, 715, P0, 0x0000000000000000
2026/09/19 10:47:08.516, 1, 73, 204.71, 100, 8507, 1328, 715, P0, 0x0000000000000000
2026/09/19 10:47:09.528, 0, 79, 98.26, 100, 7965, 974, 715, P0, 0x0000000000000000
2026/09/19 10:47:09.534, 1, 72, 53.94, 14, 8507, 1328, 715, P0, 0x0000000000000000
2026/09/19 10:47:10.541, 0, 79, 95.60, 100, 7965, 936, 715, P0, 0x0000000000000000
2026/09/19 10:47:10.544, 1, 74, 169.62, 100, 8507, 1328, 715, P0, 0x0000000000000000
2026/09/19 10:47:11.561, 0, 79, 90.96, 100, 7965, 860, 715, P0, 0x0000000000000000
2026/09/19 10:47:11.564, 1, 74, 203.13, 100, 8507, 1328, 715, P0, 0x0000000000000000
2026/09/19 10:47:12.569, 0, 79, 103.18, 98, 7965, 746, 715, P0, 0x0000000000000020
2026/09/19 10:47:12.576, 1, 73, 167.02, 7, 8507, 1328, 715, P0, 0x0000000000000000
2026/09/19 10:47:13.593, 0, 79, 109.73, 100, 7965, 759, 715, P0, 0x0000000000000020
2026/09/19 10:47:13.597, 1, 73, 54.88, 58, 8507, 1328, 715, P0, 0x0000000000000000
2026/09/19 10:47:14.605, 0, 79, 112.40, 100, 7965, 746, 715, P0, 0x0000000000000020
2026/09/19 10:47:14.619, 1, 75, 205.10, 100, 8507, 1328, 715, P0, 0x0000000000000000
2026/09/19 10:47:15.635, 0, 79, 116.92, 100, 7965, 898, 715, P0, 0x0000000000000020
2026/09/19 10:47:15.638, 1, 74, 168.52, 100, 8507, 1328, 715, P0, 0x0000000000000000
2026/09/19 10:47:16.646, 0, 79, 123.52, 100, 7965, 949, 715, P0, 0x0000000000000020
2026/09/19 10:47:16.658, 1, 72, 54.10, 0, 8507, 1328, 715, P0, 0x0000000000000000
2026/09/19 10:47:17.675, 0, 79, 99.14, 100, 7965, 961, 715, P0, 0x0000000000000020
2026/09/19 10:47:17.678, 1, 75, 67.13, 100, 8507, 1328, 715, P0, 0x0000000000000000
2026/09/19 10:47:18.691, 0, 79, 95.83, 100, 7965, 936, 715, P0, 0x0000000000000000
2026/09/19 10:47:18.698, 1, 75, 171.54, 100, 8507, 1328, 715, P0, 0x0000000000000000
2026/09/19 10:47:19.705, 0, 79, 87.52, 99, 7965, 784, 715, P0, 0x0000000000000000
2026/09/19 10:47:19.708, 1, 74, 167.85, 57, 8507, 1328, 715, P0, 0x0000000000000000
2026/09/19 10:47:20.719, 0, 79, 111.83, 100, 7965, 772, 715, P0, 0x0000000000000020
2026/09/19 10:47:20.721, 1, 74, 55.60, 17, 8507, 1328, 715, P0, 0x0000000000000000
2026/09/19 10:47:21.735, 0, 79, 116.92, 100, 7965, 797, 715, P0, 0x0000000000000020
2026/09/19 10:47:21.741, 1, 76, 202.45, 100, 8507, 1328, 715, P0, 0x0000000000000000
2026/09/19 10:47:22.749, 0, 79, 97.21, 100, 7965, 974, 715, P0, 0x0000000000000000
2026/09/19 10:47:22.758, 1, 75, 175.73, 100, 8507, 1328, 715, P0, 0x0000000000000000
2026/09/19 10:47:23.764, 0, 79, 99.17, 100, 7965, 974, 715, P0, 0x0000000000000020
2026/09/19 10:47:23.767, 1, 73, 53.92, 15, 8507, 1328, 715, P0, 0x0000000000000000
2026/09/19 10:47:24.782, 0, 79, 92.72, 100, 7965, 898, 715, P0, 0x0000000000000000
2026/09/19 10:47:24.785, 1, 76, 171.08, 100, 8507, 1328, 715, P0, 0x0000000000000000
2026/09/19 10:47:25.797, 0, 79, 106.02, 100, 7965, 746, 715, P0, 0x0000000000000020
2026/09/19 10:47:25.801, 1, 76, 192.09, 100, 8507, 1328, 715, P0, 0x0000000000000000
2026/09/19 10:47:26.812, 0, 79, 120.69, 100, 7965, 847, 715, P0, 0x0000000000000020
2026/09/19 10:47:26.821, 1, 74, 184.25, 0, 8507, 1328, 715, P0, 0x0000000000000000
2026/09/19 10:47:27.840, 0, 79, 104.40, 100, 7965, 1012, 715, P0, 0x0000000000000000
2026/09/19 10:47:27.843, 1, 75, 57.49, 55, 8507, 1328, 715, P0, 0x0000000000000000
2026/09/19 10:47:28.857, 0, 79, 97.51, 100, 7965, 961, 715, P0, 0x0000000000000000
2026/09/19 10:47:28.862, 1, 76, 171.52, 100, 8507, 1328, 715, P0, 0x0000000000000000
2026/09/19 10:47:29.877, 0, 79, 89.43, 99, 7965, 873, 715, P0, 0x0000000000000000
2026/09/19 10:47:29.882, 1, 75, 169.18, 95, 8507, 1328, 715, P0, 0x0000000000000000
2026/09/19 10:47:30.890, 0, 79, 110.86, 100, 7965, 772, 715, P0, 0x0000000000000020
2026/09/19 10:47:30.902, 1, 75, 56.33, 4, 8507, 1328, 715, P0, 0x0000000000000000
2026/09/19 10:47:31.918, 0, 79, 114.75, 100, 7965, 860, 715, P0, 0x0000000000000020
2026/09/19 10:47:31.924, 1, 77, 203.71, 100, 8507, 1328, 715, P0, 0x0000000000000000
2026/09/19 10:47:32.936, 0, 79, 98.80, 98, 7965, 961, 715, P0, 0x0000000000000020
2026/09/19 10:47:32.942, 1, 76, 200.81, 100, 8507, 1328, 715, P0, 0x0000000000000000
2026/09/19 10:47:33.952, 0, 79, 96.81, 100, 7965, 961, 715, P0, 0x0000000000000000
2026/09/19 10:47:33.964, 1, 75, 56.09, 15, 8507, 1328, 715, P0, 0x0000000000000000
2026/09/19 10:47:34.973, 0, 79, 112.86, 100, 7965, 797, 715, P0, 0x0000000000000000
2026/09/19 10:47:34.985, 1, 77, 175.88, 100, 8507, 1328, 715, P0, 0x0000000000000000
2026/09/19 10:47:36.003, 0, 79, 119.32, 100, 7965, 923, 715, P0, 0x0000000000000020
2026/09/19 10:47:36.005, 1, 77, 170.54, 100, 8507, 1328, 715, P0, 0x0000000000000000
2026/09/19 10:47:37.017, 0, 79, 99.88, 100, 7965, 974, 715, P0, 0x0000000000000020
2026/09/19 10:47:37.022, 1, 75, 55.84, 16, 8507, 1328, 715, P0, 0x0000000000000000
2026/09/19 10:47:38.030, 0, 79, 88.47, 100, 7965, 784, 715, P0, 0x0000000000000000
2026/09/19 10:47:38.033, 1, 77, 172.75, 100, 8507, 1328, 715, P0, 0x0000000000000000
2026/09/19 10:47:39.045, 0, 79, 118.11, 100, 7965, 810, 715, P0, 0x0000000000000020
2026/09/19 10:47:39.048, 1, 77, 170.80, 100, 8507, 1328, 715, P0, 0x0000000000000000
2026/09/19 10:47:40.058, 0, 79, 98.98, 100, 7965, 961, 715, P0, 0x0000000000000020
2026/09/19 10:47:40.064, 1, 75, 56.09, 0, 8507, 1328, 715, P0, 0x0000000000000000
2026/09/19 10:47:41.072, 0, 79, 88.95, 100, 7965, 835, 715, P0, 0x0000000000000000
2026/09/19 10:47:41.086, 1, 78, 173.22, 100, 8507, 1328, 715, P0, 0x0000000000000000
2026/09/19 10:47:42.101, 0, 79, 116.49, 100, 7965, 822, 715, P0, 0x0000000000000020
2026/09/19 10:47:42.107, 1, 77, 171.84, 100, 8507, 1328, 715, P0, 0x0000000000000000
2026/09/19 10:47:43.113, 0, 79, 99.88, 100, 7965, 974, 715, P0, 0x0000000000000020
2026/09/19 10:47:43.123, 1, 76, 56.33, 16, 8507, 1328, 715, P0, 0x0000000000000000
2026/09/19 10:47:44.128, 0, 79, 88.71, 100, 7965, 797, 715, P0, 0x0000000000000000
2026/09/19 10:47:44.131, 1, 78, 173.46, 100, 8507, 1328, 715, P0, 0x0000000000000000
2026/09/19 10:47:45.142, 0, 79, 118.83, 100, 7965, 860, 715, P0, 0x0000000000000020
2026/09/19 10:47:45.147, 1, 77, 171.49, 100, 8507, 1328, 715, P0, 0x0000000000000000
2026/09/19 10:47:46.158, 0, 79, 98.43, 100, 7965, 961, 715, P0, 0x0000000000000020
2026/09/19 10:47:46.165, 1, 76, 56.81, 16, 8507, 1328, 715, P0, 0x0000000000000000
2026/09/19 10:47:47.173, 0, 79, 109.32, 100, 7965, 721, 715, P0, 0x0000000000000020
2026/09/19 10:47:47.175, 1, 78, 182.86, 100, 8507, 1328, 715, P0, 0x0000000000000000
2026/09/19 10:47:48.188, 0, 79, 100.33, 100, 7965, 961, 715, P0, 0x0000000000000020
2026/09/19 10:47:48.192, 1, 78, 178.93, 100, 8507, 1328, 715, P0, 0x0000000000000000
2026/09/19 10:47:49.203, 0, 79, 94.88, 100, 7965, 936, 715, P0, 0x0000000000000000
2026/09/19 10:47:49.208, 1, 76, 57.30, 6, 8507, 1328, 715, P0, 0x0000000000000000
2026/09/19 10:47:50.219, 0, 79, 114.18, 100, 7965, 772, 715, P0, 0x0000000000000020
2026/09/19 10:47:50.230, 1, 78, 213.52, 100, 8507, 1328, 715, P0, 0x0000000000000000
2026/09/19 10:47:51.248, 0, 79, 98.76, 100, 7965, 949, 715, P0, 0x0000000000000020
2026/09/19 10:47:51.251, 1, 78, 202.43, 100, 8507, 1328, 715, P0, 0x0000000000000000
2026/09/19 10:47:52.265, 0, 79, 90.36, 100, 7965, 873, 715, P0, 0x0000000000000000
2026/09/19 10:47:52.270, 1, 77, 57.79, 17, 8507, 1328, 715, P0, 0x0000000000000000
2026/09/19 10:47:53.279, 0, 79, 119.33, 100, 7965, 898, 715, P0, 0x0000000000000020
2026/09/19 10:47:53.291, 1, 79, 177.26, 100, 8507, 1328, 715, P0, 0x0000000000000000
2026/09/19 10:47:54.310, 0, 79, 95.92, 98, 7965, 936, 715, P0, 0x0000000000000000
2026/09/19 10:47:54.313, 1, 78, 181.59, 100, 8507, 1328, 715, P0, 0x0000000000000000
2026/09/19 10:47:55.322, 0, 79, 105.38, 100, 7965, 772, 715, P0, 0x0000000000000020
2026/09/19 10:47:55.331, 1, 78, 58.46, 31, 8507, 1328, 715, P0, 0x0000000000000000
2026/09/19 10:47:56.335, 0, 79, 99.61, 100, 7965, 961, 715, P0, 0x0000000000000000
2026/09/19 10:47:56.338, 1, 79, 174.27, 100, 8507, 1328, 715, P0, 0x0000000000000000
2026/09/19 10:47:57.346, 0, 79, 101.33, 100, 7965, 734, 715, P0, 0x0000000000000000
2026/09/19 10:47:57.353, 1, 78, 171.79, 26, 8507, 1328, 715, P0, 0x0000000000000000
2026/09/19 10:47:58.360, 0, 79, 104.89, 100, 7965, 1025, 715, P0, 0x0000000000000000
2026/09/19 10:47:58.370, 1, 78, 59.95, 100, 8507, 1328, 715, P0, 0x0000000000000000
2026/09/19 10:47:59.379, 0, 79, 93.98, 100, 7965, 923, 715, P0, 0x0000000000000000
2026/09/19 10:47:59.393, 1, 79, 211.12, 100, 8507, 1328, 715, P0, 0x0000000000000000
2026/09/19 10:48:00.410, 0, 79, 117.40, 100, 7965, 797, 715, P0, 0x0000000000000020
2026/09/19 10:48:00.414, 1, 77, 197.58, 0, 8507, 1328, 715, P0, 0x0000000000000000
2026/09/19 10:48:01.425, 0, 79, 97.76, 100, 7965, 949, 715, P0, 0x0000000000000020
2026/09/19 10:48:01.430, 1, 79, 164.96, 100, 8507, 1316, 715, P0, 0x0000000000000000
2026/09/19 10:48:02.443, 0, 79, 110.05, 100, 7965, 734, 715, P0, 0x0000000000000020
2026/09/19 10:48:02.455, 1, 79, 173.75, 100, 8507, 1328, 715, P0, 0x0000000000000000
2026/09/19 10:48:03.461, 0, 79, 99.89, 100, 7965, 974, 715, P0, 0x0000000000000020
2026/09/19 10:48:03.471, 1, 77, 55.86, 0, 8507, 1316, 715, P0, 0x0000000000000000
2026/09/19 10:48:04.475, 0, 79, 112.61, 100, 7965, 784, 715, P0, 0x0000000000000000
2026/09/19 10:48:04.477, 1, 79, 175.18, 100, 8507, 1278, 715, P0, 0x0000000000000020
2026/09/19 10:48:05.494, 0, 79, 97.84, 100, 7965, 961, 715, P0, 0x0000000000000000
2026/09/19 10:48:05.497, 1, 79, 187.16, 100, 8507, 1303, 715, P0, 0x0000000000000000
2026/09/19 10:48:06.512, 0, 79, 89.41, 100, 7965, 835, 715, P0, 0x0000000000000000
2026/09/19 10:48:06.515, 1, 77, 50.13, 24, 8507, 1189, 715, P0, 0x0000000000000000
2026/09/19 10:48:07.526, 0, 79, 98.83, 100, 7965, 961, 715, P0, 0x0000000000000000
2026/09/19 10:48:07.532, 1, 79, 141.99, 100, 8507, 1252, 715, P0, 0x0000000000000000
2026/09/19 10:48:08.541, 0, 79, 95.46, 100, 7965, 721, 715, P0, 0x0000000000000020
2026/09/19 10:48:08.544, 1, 78, 160.58, 37, 8507, 1303, 715, P0, 0x0000000000000000
2026/09/19 10:48:09.552, 0, 79, 99.32, 100, 7965, 949, 715, P0, 0x0000000000000020
2026/09/19 10:48:09.556, 1, 79, 71.72, 100, 8507, 1303, 715, P0, 0x0000000000000000
2026/09/19 10:48:10.566, 0, 79, 98.14, 100, 7965, 987, 715, P0, 0x0000000000000000
2026/09/19 10:48:10.574, 1, 79, 197.53, 100, 8507, 1290, 715, P0, 0x0000000000000020
2026/09/19 10:48:11.595, 0, 79, 117.08, 99, 7965, 835, 715, P0, 0x0000000000000020
2026/09/19 10:48:11.598, 1, 78, 177.07, 0, 8507, 1252, 715, P0, 0x0000000000000020
2026/09/19 10:48:12.609, 0, 79, 103.10, 100, 7965, 1025, 715, P0, 0x0000000000000020
2026/09/19 10:48:12.613, 1, 79, 139.59, 100, 8507, 1215, 715, P0, 0x0000000000000000
2026/09/19 10:48:13.625, 0, 79, 98.16, 100, 7965, 987, 715, P0, 0x0000000000000000
2026/09/19 10:48:13.635, 1, 79, 180.41, 100, 8507, 1316, 715, P0, 0x0000000000000000
2026/09/19 10:48:14.641, 0, 79, 121.01, 100, 7965, 873, 715, P0, 0x0000000000000020
2026/09/19 10:48:14.645, 1, 78, 175.18, 0, 8507, 1227, 715, P0, 0x0000000000000020
2026/09/19 10:48:15.653, 0, 79, 102.20, 100, 7965, 1037, 715, P0, 0x0000000000000000
2026/09/19 10:48:15.656, 1, 79, 132.02, 100, 8507, 1189, 715, P0, 0x0000000000000000
2026/09/19 10:48:16.665, 0, 79, 94.82, 100, 7965, 936, 715, P0, 0x0000000000000000
2026/09/19 10:48:16.676, 1, 79, 138.66, 100, 8507, 1290, 715, P0, 0x0000000000000020
2026/09/19 10:48:17.683, 0, 79, 118.79, 100, 7965, 949, 715, P0, 0x0000000000000020
2026/09/19 10:48:17.686, 1, 77, 72.85, 0, 8507, 1189, 715, P0, 0x0000000000000000
2026/09/19 10:48:18.699, 0, 79, 102.44, 100, 7965, 1012, 715, P0, 0x0000000000000020
2026/09/19 10:48:18.702, 1, 79, 131.56, 100, 8507, 1189, 715, P0, 0x0000000000000000
2026/09/19 10:48:19.711, 0, 79, 113.28, 100, 7965, 822, 715, P0, 0x0000000000000020
2026/09/19 10:48:19.719, 1, 79, 150.75, 100, 8507, 1278, 715, P0, 0x0000000000000000
2026/09/19 10:48:20.726, 0, 79, 91.57, 100, 7965, 1063, 715, P0, 0x0000000000000000
2026/09/19 10:48:20.737, 1, 78, 55.84, 0, 8507, 1303, 715, P0, 0x0000000000000000
2026/09/19 10:48:21.754, 0, 79, 99.73, 100, 7965, 999, 715, P0, 0x0000000000000000
2026/09/19 10:48:21.758, 1, 79, 154.67, 100, 8507, 1151, 715, P0, 0x0000000000000020
2026/09/19 10:48:22.769, 0, 79, 124.18, 100, 7965, 847, 715, P0, 0x0000000000000020
2026/09/19 10:48:22.780, 1, 79, 128.60, 100, 8507, 1189, 715, P0, 0x0000000000000000
2026/09/19 10:48:23.797, 0, 79, 102.54, 100, 7965, 1025, 715, P0, 0x0000000000000020
2026/09/19 10:48:23.799, 1, 78, 56.58, 48, 8507, 1328, 715, P0, 0x0000000000000000
2026/09/19 10:48:24.817, 0, 79, 98.22, 100, 7965, 860, 715, P0, 0x0000000000000000
2026/09/19 10:48:24.821, 1, 79, 164.00, 100, 8507, 1252, 715, P0, 0x0000000000000000
2026/09/19 10:48:25.829, 0, 79, 102.99, 100, 7965, 1025, 715, P0, 0x0000000000000020
2026/09/19 10:48:25.837, 1, 79, 165.95, 100, 8507, 1227, 715, P0, 0x0000000000000000
2026/09/19 10:48:26.846, 0, 79, 99.24, 100, 7965, 987, 715, P0, 0x0000000000000000
2026/09/19 10:48:26.849, 1, 78, 49.86, 100, 8507, 1189, 715, P0, 0x0000000000000000
2026/09/19 10:48:27.861, 0, 79, 121.35, 100, 7965, 987, 715, P0, 0x0000000000000020
2026/09/19 10:48:27.866, 1, 79, 114.93, 100, 8507, 1139, 715, P0, 0x0000000000000000
2026/09/19 10:48:28.879, 0, 79, 101.00, 98, 7965, 1025, 715, P0, 0x0000000000000000
2026/09/19 10:48:28.881, 1, 79, 132.98, 100, 8507, 1202, 715, P0, 0x0000000000000020
2026/09/19 10:48:29.894, 0, 79, 119.87, 100, 7965, 860, 715, P0, 0x0000000000000020
2026/09/19 10:48:29.900, 1, 79, 129.38, 100, 8507, 1189, 715, P0, 0x0000000000000020
2026/09/19 10:48:30.911, 0, 79, 102.36, 100, 7965, 1025, 715, P0, 0x0000000000000020
2026/09/19 10:48:30.919, 1, 79, 152.58, 100, 8507, 1177, 715, P0, 0x0000000000000000
2026/09/19 10:48:31.939, 0, 79, 120.28, 100, 7965, 847, 715, P0, 0x0000000000000020
2026/09/19 10:48:31.942, 1, 79, 136.23, 43, 8507, 1227, 715, P0, 0x0000000000000000
2026/09/19 10:48:32.951, 0, 79, 103.42, 100, 7965, 1025, 715, P0, 0x0000000000000020
2026/09/19 10:48:32.959, 1, 79, 129.25, 100, 8507, 1177, 715, P0, 0x0000000000000020
2026/09/19 10:48:33.967, 0, 79, 95.00, 100, 7965, 911, 715, P0, 0x0000000000000000
2026/09/19 10:48:33.970, 1, 79, 137.78, 100, 8507, 1215, 715, P0, 0x0000000000000000
2026/09/19 10:48:34.983, 0, 79, 117.75, 100, 7965, 1063, 715, P0, 0x0000000000000000
2026/09/19 10:48:34.986, 1, 78, 53.42, 0, 8507, 1265, 715, P0, 0x0000000000000000
2026/09/19 10:48:35.999, 0, 79, 98.31, 100, 7965, 999, 715, P0, 0x0000000000000000
2026/09/19 10:48:36.002, 1, 79, 144.50, 100, 8507, 1189, 715, P0, 0x0000000000000000
2026/09/19 10:48:37.010, 0, 79, 86.65, 100, 7965, 1050, 715, P0, 0x0000000000000000
2026/09/19 10:48:37.022, 1, 79, 144.04, 100, 8507, 1126, 715, P0, 0x0000000000000020
2026/09/19 10:48:38.040, 0, 79, 100.14, 100, 7965, 1012, 715, P0, 0x0000000000000000
2026/09/19 10:48:38.043, 1, 79, 50.10, 100, 8507, 1189, 715, P0, 0x0000000000000000
2026/09/19 10:48:39.053, 0, 79, 124.10, 100, 7965, 974, 715, P0, 0x0000000000000020
2026/09/19 10:48:39.064, 1, 79, 128.89, 100, 8507, 1189, 715, P0, 0x0000000000000000
2026/09/19 10:48:40.081, 0, 79, 99.57, 98, 7965, 999, 715, P0, 0x0000000000000000
2026/09/19 10:48:40.084, 1, 79, 132.04, 26, 8507, 1189, 715, P0, 0x0000000000000000
2026/09/19 10:48:41.095, 0, 79, 120.76, 100, 7965, 911, 715, P0, 0x0000000000000020
2026/09/19 10:48:41.104, 1, 79, 115.89, 100, 8507, 1126, 715, P0, 0x0000000000000020
2026/09/19 10:48:42.111, 0, 79, 98.85, 100, 7965, 974, 715, P0, 0x0000000000000000
2026/09/19 10:48:42.115, 1, 79, 128.53, 100, 8507, 1139, 715, P0, 0x0000000000000020
2026/09/19 10:48:43.139, 0, 79, 129.13, 100, 7965, 923, 715, P0, 0x0000000000000020
2026/09/19 10:48:43.146, 1, 78, 56.52, 0, 8507, 1316, 715, P0, 0x0000000000000000
2026/09/19 10:48:44.155, 0, 79, 99.96, 100, 7965, 999, 715, P0, 0x0000000000000000
2026/09/19 10:48:44.166, 1, 79, 154.99, 100, 8507, 1139, 715, P0, 0x0000000000000020
2026/09/19 10:48:45.172, 0, 80, 100.75, 100, 7965, 1025, 715, P0, 0x0000000000000000
2026/09/19 10:48:45.175, 1, 79, 151.84, 100, 8507, 1139, 715, P0, 0x0000000000000020
2026/09/19 10:48:46.200, 0, 79, 99.67, 100, 7965, 999, 715, P0, 0x0000000000000000
2026/09/19 10:48:46.205, 1, 79, 49.86, 100, 8507, 1189, 715, P0, 0x0000000000000000
2026/09/19 10:48:47.212, 0, 79, 102.17, 100, 7965, 1025, 715, P0, 0x0000000000000020
2026/09/19 10:48:47.216, 1, 79, 127.58, 100, 8507, 1075, 715, P0, 0x0000000000000020
2026/09/19 10:48:48.229, 0, 79, 94.35, 98, 7965, 885, 715, P0, 0x0000000000000000
2026/09/19 10:48:48.232, 1, 79, 127.11, 25, 8507, 1189, 715, P0, 0x0000000000000000
2026/09/19 10:48:49.245, 0, 79, 103.36, 100, 7965, 1025, 715, P0, 0x0000000000000020
2026/09/19 10:48:49.247, 1, 79, 128.27, 100, 8507, 1189, 715, P0, 0x0000000000000000
2026/09/19 10:48:50.257, 0, 79, 112.52, 100, 7965, 759, 715, P0, 0x0000000000000020
2026/09/19 10:48:50.270, 1, 79, 135.28, 100, 8507, 1189, 715, P0, 0x0000000000000000
2026/09/19 10:48:51.273, 0, 79, 90.86, 100, 7965, 847, 715, P0, 0x0000000000000000
2026/09/19 10:48:51.276, 1, 78, 50.11, 99, 8507, 1189, 715, P0, 0x0000000000000000
2026/09/19 10:48:52.286, 0, 79, 98.38, 100, 7965, 936, 715, P0, 0x0000000000000020
2026/09/19 10:48:52.292, 1, 79, 137.29, 100, 8507, 1075, 715, P0, 0x0000000000000020
2026/09/19 10:48:53.301, 0, 79, 98.52, 100, 7965, 949, 715, P0, 0x0000000000000000
2026/09/19 10:48:53.305, 1, 78, 50.11, 20, 8507, 1189, 715, P0, 0x0000000000000000
2026/09/19 10:48:54.317, 0, 79, 111.70, 100, 7965, 772, 715, P0, 0x0000000000000020
2026/09/19 10:48:54.329, 1, 80, 130.83, 100, 8507, 1126, 715, P0, 0x0000000000000020
2026/09/19 10:48:55.347, 0, 79, 89.37, 98, 7965, 835, 715, P0, 0x0000000000000000
2026/09/19 10:48:55.350, 1, 79, 126.97, 80, 8507, 1189, 715, P0, 0x0000000000000000
2026/09/19 10:48:56.361, 0, 79, 98.15, 100, 7965, 949, 715, P0, 0x0000000000000000
2026/09/19 10:48:56.370, 1, 79, 125.91, 100, 8507, 1177, 715, P0, 0x0000000000000000
2026/09/19 10:48:57.379, 0, 79, 98.55, 100, 7965, 936, 715, P0, 0x0000000000000020
2026/09/19 10:48:57.390, 1, 79, 137.03, 100, 8507, 1164, 715, P0, 0x0000000000000000
2026/09/19 10:48:58.406, 0, 79, 103.72, 100, 7965, 721, 715, P0, 0x0000000000000000
2026/09/19 10:48:58.412, 1, 79, 50.58, 99, 8507, 1189, 715, P0, 0x0000000000000000
2026/09/19 10:48:59.418, 0, 79, 88.16, 100, 7965, 847, 715, P0, 0x0000000000000000
2026/09/19 10:48:59.430, 1, 79, 130.00, 100, 8507, 1189, 715, P0, 0x0000000000000000
2026/09/19 10:49:00.448, 0, 79, 98.03, 100, 7965, 949, 715, P0, 0x0000000000000020
2026/09/19 10:49:00.451, 1, 78, 50.34, 26, 8507, 1189, 715, P0, 0x0000000000000000
2026/09/19 10:49:01.463, 0, 79, 98.38, 100, 7965, 936, 715, P0, 0x0000000000000020
2026/09/19 10:49:01.469, 1, 79, 130.21, 100, 8507, 1189, 715, P0, 0x0000000000000000
2026/09/19 10:49:02.478, 0, 79, 106.21, 100, 7965, 835, 715, P0, 0x0000000000000000
2026/09/19 10:49:02.491, 1, 78, 141.62, 0, 8507, 1189, 715, P0, 0x0000000000000000
2026/09/19 10:49:03.504, 0, 79, 99.10, 100, 7965, 746, 715, P0, 0x0000000000000020
2026/09/19 10:49:03.514, 1, 79, 148.59, 100, 8507, 1126, 715, P0, 0x0000000000000020
2026/09/19 10:49:04.521, 0, 79, 93.85, 98, 7965, 923, 715, P0, 0x0000000000000000
2026/09/19 10:49:04.532, 1, 79, 134.68, 100, 8507, 1227, 715, P0, 0x0000000000000000
2026/09/19 10:49:05.536, 0, 79, 99.35, 100, 7965, 949, 715, P0, 0x0000000000000000
2026/09/19 10:49:05.539, 1, 80, 126.40, 100, 8507, 1164, 715, P0, 0x0000000000000020
2026/09/19 10:49:06.552, 0, 79, 98.88, 100, 7965, 949, 715, P0, 0x0000000000000000
2026/09/19 10:49:06.555, 1, 79, 125.05, 100, 8507, 1063, 715, P0, 0x0000000000000000
2026/09/19 10:49:07.565, 0, 79, 116.57, 100, 7965, 822, 715, P0, 0x0000000000000020
2026/09/19 10:49:07.573, 1, 79, 102.20, 100, 8507, 1151, 715, P0, 0x0000000000000000
2026/09/19 10:49:08.581, 0, 79, 95.99, 100, 7965, 772, 715, P0, 0x0000000000000020
2026/09/19 10:49:08.591, 1, 79, 129.26, 100, 8507, 1189, 715, P0, 0x0000000000000000
2026/09/19 10:49:09.597, 0, 79, 97.07, 100, 7965, 936, 715, P0, 0x0000000000000000
2026/09/19 10:49:09.601, 1, 78, 50.35, 38, 8507, 1189, 715, P0, 0x0000000000000000
2026/09/19 10:49:10.610, 0, 79, 97.35, 100, 7965, 936, 715, P0, 0x0000000000000000
2026/09/19 10:49:10.613, 1, 80, 135.69, 100, 8507, 1164, 715, P0, 0x0000000000000000
2026/09/19 10:49:11.625, 0, 79, 98.50, 100, 7965, 949, 715, P0, 0x0000000000000000
2026/09/19 10:49:11.630, 1, 78, 56.34, 0, 8507, 1316, 715, P0, 0x0000000000000000
2026/09/19 10:49:12.643, 0, 79, 121.16, 100, 7965, 873, 715, P0, 0x0000000000000020
2026/09/19 10:49:12.653, 1, 79, 125.14, 100, 8507, 1151, 715, P0, 0x0000000000000020
2026/09/19 10:49:13.658, 0, 79, 110.96, 99, 7965, 721, 715, P0, 0x0000000000000020
2026/09/19 10:49:13.661, 1, 78, 119.78, 0, 8507, 1151, 715, P0, 0x0000000000000000
2026/09/19 10:49:14.671, 0, 79, 87.96, 100, 7965, 822, 715, P0, 0x0000000000000000
2026/09/19 10:49:14.675, 1, 79, 120.42, 100, 8507, 860, 715, P0, 0x0000000000000020
2026/09/19 10:49:15.684, 0, 79, 93.40, 98, 7965, 911, 715, P0, 0x0000000000000000
2026/09/19 10:49:15.693, 1, 79, 124.79, 61, 8507, 1164, 715, P0, 0x0000000000000020
2026/09/19 10:49:16.697, 0, 79, 98.22, 100, 7965, 936, 715, P0, 0x0000000000000020
2026/09/19 10:49:16.700, 1, 79, 118.88, 100, 8507, 1139, 715, P0, 0x0000000000000000
2026/09/19 10:49:17.718, 0, 79, 99.00, 100, 7965, 949, 715, P0, 0x0000000000000020
2026/09/19 10:49:17.720, 1, 79, 156.82, 100, 8507, 1164, 715, P0, 0x0000000000000020
2026/09/19 10:49:18.736, 0, 79, 117.86, 100, 7965, 936, 715, P0, 0x0000000000000020
2026/09/19 10:49:18.739, 1, 79, 99.74, 100, 8507, 1088, 715, P0, 0x0000000000000000
2026/09/19 10:49:19.750, 0, 79, 113.10, 100, 7965, 784, 715, P0, 0x0000000000000020
2026/09/19 10:49:19.754, 1, 79, 124.00, 100, 8507, 1164, 715, P0, 0x0000000000000020
2026/09/19 10:49:20.761, 0, 79, 88.68, 100, 7965, 822, 715, P0, 0x0000000000000000
2026/09/19 10:49:20.774, 1, 79, 55.18, 75, 8507, 1303, 715, P0, 0x0000000000000000
2026/09/19 10:49:21.792, 0, 79, 91.14, 100, 7965, 885, 715, P0, 0x0000000000000000
2026/09/19 10:49:21.795, 1, 79, 155.36, 100, 8507, 1202, 715, P0, 0x0000000000000000
2026/09/19 10:49:22.812, 0, 79, 97.53, 100, 7965, 936, 715, P0, 0x0000000000000020
2026/09/19 10:49:22.815, 1, 78, 56.10, 22, 8507, 1303, 715, P0, 0x0000000000000000
2026/09/19 10:49:23.825, 0, 79, 98.15, 100, 7965, 936, 715, P0, 0x0000000000000020
2026/09/19 10:49:23.833, 1, 79, 123.60, 100, 8507, 1139, 715, P0, 0x0000000000000020
2026/09/19 10:49:24.852, 0, 79, 98.76, 100, 7965, 949, 715, P0, 0x0000000000000000
2026/09/19 10:49:24.855, 1, 78, 49.86, 0, 8507, 1189, 715, P0, 0x0000000000000000
2026/09/19 10:49:25.868, 0, 79, 115.49, 100, 7965, 987, 715, P0, 0x0000000000000000
2026/09/19 10:49:25.873, 1, 79, 124.84, 100, 8507, 1164, 715, P0, 0x0000000000000020
2026/09/19 10:49:26.883, 0, 79, 109.44, 100, 7965, 746, 715, P0, 0x0000000000000020
2026/09/19 10:49:26.899, 1, 79, 156.85, 0, 8507, 1139, 715, P0, 0x0000000000000020
2026/09/19 10:49:27.915, 0, 79, 108.11, 100, 7965, 734, 715, P0, 0x0000000000000020
2026/09/19 10:49:27.918, 1, 80, 155.36, 100, 8507, 1126, 715, P0, 0x0000000000000020
2026/09/19 10:49:28.928, 0, 79, 88.15, 99, 7965, 822, 715, P0, 0x0000000000000000
2026/09/19 10:49:28.936, 1, 79, 133.58, 4, 8507, 1189, 715, P0, 0x0000000000000000
2026/09/19 10:49:29.943, 0, 79, 95.66, 100, 7965, 936, 715, P0, 0x0000000000000000
2026/09/19 10:49:29.955, 1, 79, 103.46, 100, 8507, 1050, 715, P0, 0x0000000000000000
2026/09/19 10:49:30.969, 0, 79, 97.72, 98, 7965, 936, 715, P0, 0x0000000000000020
2026/09/19 10:49:30.975, 1, 79, 125.26, 100, 8507, 1151, 715, P0, 0x0000000000000020
2026/09/19 10:49:31.983, 0, 79, 98.63, 100, 7965, 936, 715, P0, 0x0000000000000020
2026/09/19 10:49:31.996, 1, 79, 126.40, 100, 8507, 1151, 715, P0, 0x0000000000000020
2026/09/19 10:49:33.014, 0, 79, 99.00, 100, 7965, 936, 715, P0, 0x0000000000000020
2026/09/19 10:49:33.017, 1, 79, 148.56, 100, 8507, 1139, 715, P0, 0x0000000000000020
2026/09/19 10:49:34.024, 0, 79, 105.59, 100, 7965, 1025, 715, P0, 0x0000000000000000
2026/09/19 10:49:34.036, 1, 79, 106.46, 100, 8507, 1151, 715, P0, 0x0000000000000000
2026/09/19 10:49:35.054, 0, 79, 113.39, 100, 7965, 797, 715, P0, 0x0000000000000020
2026/09/19 10:49:35.060, 1, 79, 127.00, 100, 8507, 1177, 715, P0, 0x0000000000000020
2026/09/19 10:49:36.064, 0, 79, 108.04, 100, 7965, 746, 715, P0, 0x0000000000000020
2026/09/19 10:49:36.078, 1, 79, 51.53, 100, 8507, 1189, 715, P0, 0x0000000000000000
2026/09/19 10:49:37.092, 0, 79, 111.99, 100, 7965, 746, 715, P0, 0x0000000000000020
2026/09/19 10:49:37.097, 1, 79, 120.49, 100, 8507, 1139, 715, P0, 0x0000000000000020
2026/09/19 10:49:38.105, 0, 79, 90.14, 100, 7965, 873, 715, P0, 0x0000000000000000
2026/09/19 10:49:38.117, 1, 78, 49.63, 100, 8507, 1189, 715, P0, 0x0000000000000000
2026/09/19 10:49:39.134, 0, 79, 91.47, 100, 7965, 885, 715, P0, 0x0000000000000000
2026/09/19 10:49:39.139, 1, 80, 143.07, 100, 8507, 1215, 715, P0, 0x0000000000000000
2026/09/19 10:49:40.146, 0, 79, 97.29, 100, 7965, 936, 715, P0, 0x0000000000000020
2026/09/19 10:49:40.156, 1, 78, 55.87, 10, 8507, 1303, 715, P0, 0x0000000000000000
2026/09/19 10:49:41.173, 0, 79, 97.35, 100, 7965, 936, 715, P0, 0x0000000000000020
2026/09/19 10:49:41.178, 1, 79, 142.07, 100, 8507, 1113, 715, P0, 0x0000000000000020
2026/09/19 10:49:42.185, 0, 79, 98.50, 100, 7965, 949, 715, P0, 0x0000000000000000
2026/09/19 10:49:42.188, 1, 78, 56.58, 0, 8507, 1316, 715, P0, 0x0000000000000000
2026/09/19 10:49:43.199, 0, 79, 98.00, 100, 7965, 949, 715, P0, 0x0000000000000000
2026/09/19 10:49:43.202, 1, 79, 111.77, 100, 8507, 1113, 715, P0, 0x0000000000000000
2026/09/19 10:49:44.214, 0, 79, 98.45, 100, 7965, 961, 715, P0, 0x0000000000000000
2026/09/19 10:49:44.220, 1, 78, 52.51, 0, 8507, 1252, 715, P0, 0x0000000000000000
2026/09/19 10:49:45.230, 0, 79, 98.62, 100, 7965, 949, 715, P0, 0x0000000000000020
2026/09/19 10:49:45.238, 1, 79, 128.30, 100, 8507, 1189, 715, P0, 0x0000000000000000
2026/09/19 10:49:46.244, 0, 79, 110.86, 100, 7965, 1012, 715, P0, 0x0000000000000000
2026/09/19 10:49:46.247, 1, 78, 49.85, 0, 8507, 1189, 715, P0, 0x0000000000000000
2026/09/19 10:49:47.257, 0, 79, 118.35, 100, 7965, 961, 715, P0, 0x0000000000000020
2026/09/19 10:49:47.260, 1, 79, 125.54, 100, 8507, 1151, 715, P0, 0x0000000000000020
2026/09/19 10:49:48.271, 0, 79, 106.18, 100, 7965, 835, 715, P0, 0x0000000000000020
2026/09/19 10:49:48.281, 1, 78, 118.35, 0, 8507, 1189, 715, P0, 0x0000000000000000
2026/09/19 10:49:49.300, 0, 79, 110.48, 100, 7965, 784, 715, P0, 0x0000000000000020
2026/09/19 10:49:49.303, 1, 80, 139.35, 100, 8507, 1215, 715, P0, 0x0000000000000000
2026/09/19 10:49:50.317, 0, 79, 117.03, 100, 7965, 772, 715, P0, 0x0000000000000020
2026/09/19 10:49:50.321, 1, 78, 111.71, 0, 8507, 1101, 715, P0, 0x0000000000000000
2026/09/19 10:49:51.346, 0, 79, 88.91, 100, 7965, 784, 715, P0, 0x0000000000000000
2026/09/19 10:49:51.361, 1, 79, 137.57, 100, 8507, 1101, 715, P0, 0x0000000000000020
2026/09/19 10:49:52.375, 0, 79, 88.48, 99, 7965, 835, 715, P0, 0x0000000000000000
2026/09/19 10:49:52.381, 1, 79, 114.90, 84, 8507, 1126, 715, P0, 0x0000000000000020
2026/09/19 10:49:53.403, 0, 79, 93.57, 100, 7965, 898, 715, P0, 0x0000000000000000
2026/09/19 10:49:53.406, 1, 79, 141.52, 100, 8507, 1037, 715, P0, 0x0000000000000020
2026/09/19 10:49:54.418, 0, 79, 93.39, 100, 7965, 898, 715, P0, 0x0000000000000000
2026/09/19 10:49:54.421, 1, 79, 127.83, 100, 8507, 1189, 715, P0, 0x0000000000000000
2026/09/19 10:49:55.434, 0, 79, 95.82, 100, 7965, 936, 715, P0, 0x0000000000000000
2026/09/19 10:49:55.441, 1, 79, 120.02, 100, 8507, 1164, 715, P0, 0x0000000000000000
2026/09/19 10:49:56.460, 0, 79, 95.26, 100, 7965, 923, 715, P0, 0x0000000000000000
2026/09/19 10:49:56.463, 1, 79, 125.69, 93, 8507, 1139, 715, P0, 0x0000000000000020
2026/09/19 10:49:57.474, 0, 79, 101.37, 100, 7965, 1012, 715, P0, 0x0000000000000020
2026/09/19 10:49:57.479, 1, 79, 111.06, 100, 8507, 1063, 715, P0, 0x0000000000000000
2026/09/19 10:49:58.488, 0, 79, 103.52, 100, 7965, 1025, 715, P0, 0x0000000000000000
2026/09/19 10:49:58.501, 1, 79, 153.46, 100, 8507, 1189, 715, P0, 0x0000000000000020
2026/09/19 10:49:59.520, 0, 79, 123.56, 100, 7965, 1037, 715, P0, 0x0000000000000020
2026/09/19 10:49:59.523, 1, 79, 116.84, 100, 8507, 1126, 715, P0, 0x0000000000000020
2026/09/19 10:50:00.535, 0, 79, 121.51, 100, 7965, 873, 715, P0, 0x0000000000000020
2026/09/19 10:50:00.543, 1, 79, 113.99, 100, 8507, 1139, 715, P0, 0x0000000000000000
2026/09/19 10:50:01.556, 0, 79, 93.00, 100, 7965, 923, 715, P0, 0x0000000000000000
2026/09/19 10:50:01.562, 1, 79, 137.99, 100, 8507, 1177, 715, P0, 0x0000000000000000
2026/09/19 10:50:02.584, 0, 79, 100.54, 100, 7965, 999, 715, P0, 0x0000000000000000
2026/09/19 10:50:02.587, 1, 80, 129.73, 100, 8507, 1177, 715, P0, 0x0000000000000020
2026/09/19 10:50:03.598, 0, 79, 102.54, 100, 7965, 1025, 715, P0, 0x0000000000000000
2026/09/19 10:50:03.603, 1, 79, 55.86, 48, 8507, 1303, 715, P0, 0x0000000000000000
2026/09/19 10:50:04.614, 0, 79, 102.18, 100, 7965, 1012, 715, P0, 0x0000000000000020
2026/09/19 10:50:04.623, 1, 79, 129.94, 100, 8507, 1025, 715, P0, 0x0000000000000020
2026/09/19 10:50:05.644, 0, 79, 118.25, 100, 7965, 1063, 715, P0, 0x0000000000000000
2026/09/19 10:50:05.647, 1, 78, 50.28, 3, 8507, 1189, 715, P0, 0x0000000000000000
2026/09/19 10:50:06.657, 0, 79, 122.13, 100, 7965, 873, 715, P0, 0x0000000000000020
2026/09/19 10:50:06.666, 1, 79, 119.89, 100, 8507, 1139, 715, P0, 0x0000000000000020
2026/09/19 10:50:07.683, 0, 79, 113.20, 99, 7965, 810, 715, P0, 0x0000000000000020
2026/09/19 10:50:07.687, 1, 79, 121.60, 1, 8507, 1177, 715, P0, 0x0000000000000000
2026/09/19 10:50:08.698, 0, 79, 97.54, 100, 7965, 987, 715, P0, 0x0000000000000000
2026/09/19 10:50:08.704, 1, 80, 119.33, 100, 8507, 1113, 715, P0, 0x0000000000000000
2026/09/19 10:50:09.726, 0, 79, 101.99, 98, 7965, 1012, 715, P0, 0x0000000000000020
2026/09/19 10:50:09.729, 1, 79, 121.92, 64, 8507, 1139, 715, P0, 0x0000000000000020
2026/09/19 10:50:10.742, 0, 79, 101.28, 100, 7965, 1012, 715, P0, 0x0000000000000020
2026/09/19 10:50:10.745, 1, 79, 123.35, 100, 8507, 911, 715, P0, 0x0000000000000020
2026/09/19 10:50:11.771, 0, 79, 104.57, 100, 7965, 1012, 715, P0, 0x0000000000000020
2026/09/19 10:50:11.784, 1, 79, 128.78, 100, 8507, 987, 715, P0, 0x0000000000000020
2026/09/19 10:50:12.800, 0, 79, 121.80, 100, 7965, 898, 715, P0, 0x0000000000000020
2026/09/19 10:50:12.806, 1, 79, 110.15, 100, 8507, 1101, 715, P0, 0x0000000000000000
2026/09/19 10:50:13.817, 0, 79, 122.23, 100, 7965, 822, 715, P0, 0x0000000000000020
2026/09/19 10:50:13.827, 1, 79, 115.20, 100, 8507, 1126, 715, P0, 0x0000000000000020
2026/09/19 10:50:14.848, 0, 79, 94.38, 100, 7965, 911, 715, P0, 0x0000000000000000
2026/09/19 10:50:14.851, 1, 79, 116.75, 100, 8507, 1113, 715, P0, 0x0000000000000020
2026/09/19 10:50:15.861, 0, 79, 97.01, 100, 7965, 974, 715, P0, 0x0000000000000000
2026/09/19 10:50:15.866, 1, 79, 122.16, 100, 8507, 1139, 715, P0, 0x0000000000000020
2026/09/19 10:50:16.878, 0, 79, 101.35, 100, 7965, 1012, 715, P0, 0x0000000000000020
2026/09/19 10:50:16.884, 1, 79, 49.86, 100, 8507, 1189, 715, P0, 0x0000000000000000
2026/09/19 10:50:17.894, 0, 79, 102.50, 100, 7965, 1012, 715, P0, 0x0000000000000000
2026/09/19 10:50:17.905, 1, 79, 111.99, 100, 8507, 1075, 715, P0, 0x0000000000000020
2026/09/19 10:50:18.924, 0, 79, 102.55, 100, 7965, 1025, 715, P0, 0x0000000000000000
2026/09/19 10:50:18.927, 1, 78, 49.61, 100, 8507, 1189, 715, P0, 0x0000000000000000
2026/09/19 10:50:19.942, 0, 79, 103.88, 100, 7965, 1012, 715, P0, 0x0000000000000020
2026/09/19 10:50:19.945, 1, 79, 124.77, 100, 8507, 1025, 715, P0, 0x0000000000000000
2026/09/19 10:50:20.955, 0, 79, 127.76, 100, 7965, 999, 715, P0, 0x0000000000000020
2026/09/19 10:50:20.966, 1, 78, 56.02, 0, 8507, 1303, 715, P0, 0x0000000000000000
2026/09/19 10:50:21.984, 0, 79, 118.22, 100, 7965, 822, 715, P0, 0x0000000000000020
2026/09/19 10:50:21.989, 1, 79, 115.28, 100, 8507, 1126, 715, P0, 0x0000000000000020
2026/09/19 10:50:23.009, 0, 79, 112.42, 98, 7965, 847, 715, P0, 0x0000000000000020
2026/09/19 10:50:23.012, 1, 79, 102.87, 14, 8507, 1037, 715, P0, 0x0000000000000000
2026/09/19 10:50:24.026, 0, 79, 92.23, 100, 7965, 860, 715, P0, 0x0000000000000000
2026/09/19 10:50:24.029, 1, 79, 112.20, 100, 8507, 1101, 715, P0, 0x0000000000000000
2026/09/19 10:50:25.055, 0, 79, 94.62, 98, 7965, 949, 715, P0, 0x0000000000000000
2026/09/19 10:50:25.067, 1, 79, 113.86, 46, 8507, 1113, 715, P0, 0x0000000000000020
2026/09/19 10:50:26.083, 0, 79, 101.10, 100, 7965, 1012, 715, P0, 0x0000000000000000
2026/09/19 10:50:26.088, 1, 79, 107.44, 100, 8507, 1113, 715, P0, 0x0000000000000020
2026/09/19 10:50:27.097, 0, 79, 101.75, 98, 7965, 1012, 715, P0, 0x0000000000000000
2026/09/19 10:50:27.108, 1, 79, 123.28, 76, 8507, 1139, 715, P0, 0x0000000000000020
2026/09/19 10:50:28.112, 0, 79, 101.75, 100, 7965, 1012, 715, P0, 0x0000000000000020
2026/09/19 10:50:28.115, 1, 79, 132.83, 100, 8507, 1037, 715, P0, 0x0000000000000020
2026/09/19 10:50:29.127, 0, 79, 102.49, 100, 7965, 1012, 715, P0, 0x0000000000000020
2026/09/19 10:50:29.130, 1, 79, 117.20, 100, 8507, 1177, 715, P0, 0x0000000000000020
2026/09/19 10:50:30.142, 0, 79, 102.72, 100, 7965, 999, 715, P0, 0x0000000000000020
2026/09/19 10:50:30.148, 1, 80, 123.52, 100, 8507, 1164, 715, P0, 0x0000000000000000
2026/09/19 10:50:31.154, 0, 79, 102.88, 100, 7965, 1025, 715, P0, 0x0000000000000000
2026/09/19 10:50:31.158, 1, 79, 135.12, 100, 8507, 1025, 715, P0, 0x0000000000000020
2026/09/19 10:50:32.170, 0, 79, 90.11, 100, 7965, 1037, 715, P0, 0x0000000000000000
2026/09/19 10:50:32.173, 1, 79, 114.84, 100, 8507, 1126, 715, P0, 0x0000000000000000
2026/09/19 10:50:33.184, 0, 79, 119.55, 100, 7965, 1063, 715, P0, 0x0000000000000000
2026/09/19 10:50:33.190, 1, 79, 133.40, 100, 8507, 1063, 715, P0, 0x0000000000000020
2026/09/19 10:50:34.201, 0, 79, 119.56, 100, 7965, 873, 715, P0, 0x0000000000000020
2026/09/19 10:50:34.209, 1, 80, 121.60, 100, 8507, 1139, 715, P0, 0x0000000000000000
2026/09/19 10:50:35.227, 0, 79, 118.85, 100, 7965, 797, 715, P0, 0x0000000000000020
2026/09/19 10:50:35.232, 1, 79, 126.53, 100, 8507, 1177, 715, P0, 0x0000000000000000
2026/09/19 10:50:36.242, 0, 79, 119.13, 100, 7965, 860, 715, P0, 0x0000000000000000
2026/09/19 10:50:36.251, 1, 79, 113.80, 100, 8507, 1101, 715, P0, 0x0000000000000020
2026/09/19 10:50:37.258, 0, 79, 103.47, 100, 7965, 822, 715, P0, 0x0000000000000020
2026/09/19 10:50:37.272, 1, 79, 115.78, 100, 8507, 1126, 715, P0, 0x0000000000000020
2026/09/19 10:50:38.283, 0, 79, 94.70, 100, 7965, 949, 715, P0, 0x0000000000000000
2026/09/19 10:50:38.290, 1, 79, 103.94, 100, 8507, 1025, 715, P0, 0x0000000000000000
2026/09/19 10:50:39.298, 0, 79, 97.52, 100, 7965, 974, 715, P0, 0x0000000000000000
2026/09/19 10:50:39.310, 1, 79, 106.98, 100, 8507, 1063, 715, P0, 0x0000000000000020
2026/09/19 10:50:40.329, 0, 79, 100.16, 100, 7965, 999, 715, P0, 0x0000000000000000
2026/09/19 10:50:40.332, 1, 79, 110.08, 100, 8507, 1063, 715, P0, 0x0000000000000020
2026/09/19 10:50:41.345, 0, 79, 101.77, 100, 7965, 999, 715, P0, 0x0000000000000020
2026/09/19 10:50:41.349, 1, 79, 114.10, 100, 8507, 1101, 715, P0, 0x0000000000000020
2026/09/19 10:50:42.355, 0, 79, 102.27, 100, 7965, 1012, 715, P0, 0x0000000000000000
2026/09/19 10:50:42.358, 1, 79, 119.25, 100, 8507, 1151, 715, P0, 0x0000000000000000
2026/09/19 10:50:43.370, 0, 79, 101.05, 100, 7965, 1012, 715, P0, 0x0000000000000000
2026/09/19 10:50:43.373, 1, 79, 115.76, 100, 8507, 1113, 715, P0, 0x0000000000000020
2026/09/19 10:50:44.382, 0, 79, 101.59, 100, 7965, 1025, 715, P0, 0x0000000000000000
2026/09/19 10:50:44.389, 1, 79, 51.55, 87, 8507, 1202, 715, P0, 0x0000000000000000
2026/09/19 10:50:45.408, 0, 79, 102.32, 100, 7965, 1012, 715, P0, 0x0000000000000020
2026/09/19 10:50:45.411, 1, 79, 110.20, 100, 8507, 1151, 715, P0, 0x0000000000000000
2026/09/19 10:50:46.421, 0, 79, 103.02, 100, 7965, 1025, 715, P0, 0x0000000000000000
2026/09/19 10:50:46.429, 1, 79, 56.10, 59, 8507, 1303, 715, P0, 0x0000000000000000
2026/09/19 10:50:47.434, 0, 79, 103.39, 100, 7965, 1012, 715, P0, 0x0000000000000020
2026/09/19 10:50:47.436, 1, 79, 128.04, 100, 8507, 974, 715, P0, 0x0000000000000020
2026/09/19 10:50:48.464, 0, 79, 103.76, 100, 7965, 1025, 715, P0, 0x0000000000000000
2026/09/19 10:50:48.470, 1, 78, 49.61, 85, 8507, 1189, 715, P0, 0x0000000000000000
2026/09/19 10:50:49.480, 0, 79, 103.82, 100, 7965, 1012, 715, P0, 0x0000000000000020
2026/09/19 10:50:49.492, 1, 79, 145.94, 100, 8507, 1088, 715, P0, 0x0000000000000020
2026/09/19 10:50:50.497, 0, 79, 102.55, 100, 7965, 1025, 715, P0, 0x0000000000000000
2026/09/19 10:50:50.501, 1, 78, 50.58, 90, 8507, 1189, 715, P0, 0x0000000000000000
2026/09/19 10:50:51.511, 0, 79, 103.12, 100, 7965, 1012, 715, P0, 0x0000000000000000
2026/09/19 10:50:51.515, 1, 79, 136.57, 100, 8507, 1037, 715, P0, 0x0000000000000020
2026/09/19 10:50:52.520, 0, 79, 105.85, 100, 7965, 1025, 715, P0, 0x0000000000000020
2026/09/19 10:50:52.529, 1, 78, 52.47, 80, 8507, 1227, 715, P0, 0x0000000000000000
2026/09/19 10:50:53.538, 0, 78, 53.18, 0, 7965, 1290, 715, P0, 0x0000000000000000
2026/09/19 10:50:53.541, 1, 79, 130.96, 100, 8507, 1050, 715, P0, 0x0000000000000020
2026/09/19 10:50:54.563, 0, 78, 135.10, 0, 7965, 1189, 715, P0, 0x0000000000000000
2026/09/19 10:50:54.567, 1, 78, 50.48, 27, 8507, 1189, 715, P0, 0x0000000000000000
2026/09/19 10:50:55.573, 0, 79, 105.38, 100, 7965, 1037, 715, P0, 0x0000000000000000
2026/09/19 10:50:55.576, 1, 77, 48.64, 0, 8507, 1189, 715, P0, 0x0000000000000000
2026/09/19 10:50:56.589, 0, 78, 48.15, 0, 7965, 1189, 715, P0, 0x0000000000000000
2026/09/19 10:50:56.592, 1, 79, 123.15, 100, 8507, 1227, 715, P0, 0x0000000000000020
2026/09/19 10:50:57.598, 0, 77, 47.42, 0, 7965, 1189, 715, P0, 0x0000000000000000
2026/09/19 10:50:57.601, 1, 79, 129.55, 100, 8507, 1189, 715, P0, 0x0000000000000000
2026/09/19 10:50:58.609, 0, 79, 147.85, 100, 7965, 1252, 715, P0, 0x0000000000000000
2026/09/19 10:50:58.612, 1, 77, 51.88, 0, 8507, 1252, 715, P0, 0x0000000000000000
2026/09/19 10:50:59.623, 0, 79, 100.39, 100, 7965, 974, 715, P0, 0x0000000000000000
2026/09/19 10:50:59.630, 1, 77, 51.30, 0, 8507, 1252, 715, P0, 0x0000000000000000
2026/09/19 10:51:00.637, 0, 79, 98.52, 100, 7965, 961, 715, P0, 0x0000000000000000
2026/09/19 10:51:00.640, 1, 80, 142.12, 100, 8507, 1189, 715, P0, 0x0000000000000000
2026/09/19 10:51:01.664, 0, 79, 99.66, 100, 7965, 974, 715, P0, 0x0000000000000000
2026/09/19 10:51:01.671, 1, 78, 52.75, 28, 8507, 1252, 715, P0, 0x0000000000000000
2026/09/19 10:51:02.679, 0, 79, 95.46, 100, 7965, 936, 715, P0, 0x0000000000000000
2026/09/19 10:51:02.693, 1, 80, 137.05, 100, 8507, 1265, 715, P0, 0x0000000000000020
2026/09/19 10:51:03.710, 0, 79, 92.55, 100, 7965, 923, 715, P0, 0x0000000000000000
2026/09/19 10:51:03.713, 1, 78, 50.60, 91, 8507, 1189, 715, P0, 0x0000000000000000
2026/09/19 10:51:04.723, 0, 79, 104.36, 100, 7965, 734, 715, P0, 0x0000000000000020
2026/09/19 10:51:04.735, 1, 79, 129.52, 100, 8507, 1177, 715, P0, 0x0000000000000020
2026/09/19 10:51:05.752, 0, 79, 108.84, 100, 7965, 746, 715, P0, 0x0000000000000020
2026/09/19 10:51:05.758, 1, 79, 138.83, 100, 8507, 1202, 715, P0, 0x0000000000000020
2026/09/19 10:51:06.775, 0, 77, 47.66, 0, 7965, 1189, 715, P0, 0x0000000000000000
2026/09/19 10:51:06.778, 1, 79, 133.55, 100, 8507, 1202, 715, P0, 0x0000000000000000
2026/09/19 10:51:07.797, 0, 77, 47.22, 0, 7965, 1189, 715, P0, 0x0000000000000000
2026/09/19 10:51:07.804, 1, 79, 113.64, 100, 8507, 1075, 715, P0, 0x0000000000000020
2026/09/19 10:51:08.810, 0, 78, 154.04, 40, 7965, 1328, 715, P0, 0x0000000000000000
2026/09/19 10:51:08.813, 1, 79, 77.68, 51, 8507, 1189, 715, P0, 0x0000000000000000
2026/09/19 10:51:09.822, 0, 79, 134.07, 40, 7965, 1328, 715, P0, 0x0000000000000000
2026/09/19 10:51:09.827, 1, 79, 117.84, 51, 8507, 1202, 715, P0, 0x0000000000000000
2026/09/19 10:51:10.844, 0, 79, 81.62, 42, 7965, 1328, 715, P0, 0x0000000000000000
2026/09/19 10:51:10.847, 1, 79, 129.18, 51, 8507, 1240, 715, P0, 0x0000000000000020
2026/09/19 10:51:11.859, 0, 78, 70.17, 54, 7965, 1063, 715, P0, 0x0000000000000000
2026/09/19 10:51:11.862, 1, 79, 112.51, 45, 8507, 1303, 715, P0, 0x0000000000000020
2026/09/19 10:51:12.870, 0, 78, 129.92, 44, 7965, 1202, 715, P0, 0x0000000000000000
2026/09/19 10:51:12.872, 1, 79, 81.54, 50, 8507, 1316, 715, P0, 0x0000000000000000
2026/09/19 10:51:13.885, 0, 79, 103.50, 100, 7965, 1025, 715, P0, 0x0000000000000000
2026/09/19 10:51:13.888, 1, 78, 56.09, 0, 8507, 1316, 715, P0, 0x0000000000000000
2026/09/19 10:51:14.895, 0, 79, 113.71, 100, 7965, 1088, 715, P0, 0x0000000000000020
2026/09/19 10:51:14.898, 1, 77, 55.35, 28, 8507, 1316, 715, P0, 0x0000000000000000
2026/09/19 10:51:15.910, 0, 79, 113.94, 100, 7965, 1101, 715, P0, 0x0000000000000000
2026/09/19 10:51:15.915, 1, 80, 164.55, 100, 8507, 1252, 715, P0, 0x0000000000000000
2026/09/19 10:51:16.929, 0, 79, 119.67, 100, 7965, 1101, 715, P0, 0x0000000000000000
2026/09/19 10:51:16.935, 1, 78, 50.05, 100, 8507, 1189, 715, P0, 0x0000000000000000
2026/09/19 10:51:17.942, 0, 79, 100.25, 100, 7965, 1088, 715, P0, 0x0000000000000020
2026/09/19 10:51:17.945, 1, 79, 135.88, 100, 8507, 1063, 715, P0, 0x0000000000000020
2026/09/19 10:51:18.971, 0, 79, 126.46, 100, 7965, 1025, 715, P0, 0x0000000000000020
2026/09/19 10:51:18.978, 1, 79, 148.41, 29, 8507, 1126, 715, P0, 0x0000000000000020
2026/09/19 10:51:19.985, 0, 79, 112.00, 100, 7965, 772, 715, P0, 0x0000000000000020
2026/09/19 10:51:19.985, 1, 79, 114.11, 100, 8507, 1126, 715, P0, 0x0000000000000020
2026/09/19 10:51:20.996, 0, 79, 109.50, 98, 7965, 898, 715, P0, 0x0000000000000000
2026/09/19 10:51:21.000, 1, 78, 140.03, 3, 8507, 1189, 715, P0, 0x0000000000000000
2026/09/19 10:51:22.010, 0, 79, 89.36, 100, 7965, 1025, 715, P0, 0x0000000000000000
2026/09/19 10:51:22.017, 1, 79, 127.87, 100, 8507, 1177, 715, P0, 0x0000000000000020
2026/09/19 10:51:23.026, 0, 79, 102.07, 100, 7965, 987, 715, P0, 0x0000000000000000
2026/09/19 10:51:23.037, 1, 78, 52.03, 0, 8507, 1227, 715, P0, 0x0000000000000000
2026/09/19 10:51:24.052, 0, 79, 100.50, 100, 7965, 974, 715, P0, 0x0000000000000020
2026/09/19 10:51:24.059, 1, 79, 132.05, 100, 8507, 1037, 715, P0, 0x0000000000000020
2026/09/19 10:51:25.069, 0, 79, 99.90, 100, 7965, 987, 715, P0, 0x0000000000000020
2026/09/19 10:51:25.077, 1, 78, 50.58, 39, 8507, 1189, 715, P0, 0x0000000000000000
2026/09/19 10:51:26.081, 0, 79, 98.94, 100, 7965, 961, 715, P0, 0x0000000000000020
2026/09/19 10:51:26.084, 1, 79, 122.16, 100, 8507, 1126, 715, P0, 0x0000000000000020
2026/09/19 10:51:27.095, 0, 79, 91.98, 100, 7965, 898, 715, P0, 0x0000000000000000
2026/09/19 10:51:27.099, 1, 79, 62.37, 100, 8507, 1189, 715, P0, 0x0000000000000000
2026/09/19 10:51:28.113, 0, 79, 106.75, 100, 7965, 772, 715, P0, 0x0000000000000000
2026/09/19 10:51:28.121, 1, 79, 128.29, 100, 8507, 1189, 715, P0, 0x0000000000000000
2026/09/19 10:51:29.128, 0, 79, 114.33, 100, 7965, 772, 715, P0, 0x0000000000000020
2026/09/19 10:51:29.141, 1, 79, 113.54, 100, 8507, 1101, 715, P0, 0x0000000000000000
2026/09/19 10:51:30.158, 0, 79, 91.97, 100, 7965, 974, 715, P0, 0x0000000000000020
2026/09/19 10:51:30.161, 1, 79, 131.28, 100, 8507, 1075, 715, P0, 0x0000000000000020
2026/09/19 10:51:31.173, 0, 79, 101.05, 100, 7965, 974, 715, P0, 0x0000000000000020
2026/09/19 10:51:31.177, 1, 79, 116.72, 100, 8507, 1126, 715, P0, 0x0000000000000020
2026/09/19 10:51:32.186, 0, 79, 101.27, 100, 7965, 974, 715, P0, 0x0000000000000020
2026/09/19 10:51:32.189, 1, 79, 129.73, 100, 8507, 1151, 715, P0, 0x0000000000000020
2026/09/19 10:51:33.200, 0, 79, 99.11, 100, 7965, 974, 715, P0, 0x0000000000000020
2026/09/19 10:51:33.203, 1, 79, 135.73, 100, 8507, 1101, 715, P0, 0x0000000000000020
2026/09/19 10:51:34.219, 0, 79, 93.90, 100, 7965, 923, 715, P0, 0x0000000000000000
2026/09/19 10:51:34.223, 1, 79, 114.11, 100, 8507, 1126, 715, P0, 0x0000000000000020
2026/09/19 10:51:35.229, 0, 79, 99.62, 100, 7965, 759, 715, P0, 0x0000000000000000
2026/09/19 10:51:35.243, 1, 79, 121.95, 100, 8507, 1126, 715, P0, 0x0000000000000020
2026/09/19 10:51:36.259, 0, 79, 119.12, 100, 7965, 784, 715, P0, 0x0000000000000020
2026/09/19 10:51:36.263, 1, 78, 150.12, 0, 8507, 1151, 715, P0, 0x0000000000000020
2026/09/19 10:51:37.277, 0, 79, 95.57, 100, 7965, 987, 715, P0, 0x0000000000000000
2026/09/19 10:51:37.280, 1, 79, 125.53, 100, 8507, 1151, 715, P0, 0x0000000000000020
2026/09/19 10:51:38.289, 0, 79, 101.35, 100, 7965, 987, 715, P0, 0x0000000000000020
2026/09/19 10:51:38.300, 1, 78, 50.34, 1, 8507, 1189, 715, P0, 0x0000000000000000
2026/09/19 10:51:39.317, 0, 79, 100.58, 100, 7965, 974, 715, P0, 0x0000000000000020
2026/09/19 10:51:39.321, 1, 79, 132.02, 100, 8507, 1164, 715, P0, 0x0000000000000000
2026/09/19 10:51:40.331, 0, 79, 99.91, 100, 7965, 974, 715, P0, 0x0000000000000020
2026/09/19 10:51:40.341, 1, 79, 49.86, 100, 8507, 1189, 715, P0, 0x0000000000000000
2026/09/19 10:51:41.345, 0, 79, 91.78, 100, 7965, 873, 715, P0, 0x0000000000000000
2026/09/19 10:51:41.347, 1, 79, 124.81, 100, 8507, 1164, 715, P0, 0x0000000000000020
2026/09/19 10:51:42.359, 0, 79, 111.35, 100, 7965, 810, 715, P0, 0x0000000000000020
2026/09/19 10:51:42.362, 1, 79, 107.93, 100, 8507, 1075, 715, P0, 0x0000000000000020
2026/09/19 10:51:43.372, 0, 79, 115.34, 100, 7965, 1037, 715, P0, 0x0000000000000000
2026/09/19 10:51:43.381, 1, 79, 109.98, 100, 8507, 1088, 715, P0, 0x0000000000000000
2026/09/19 10:51:44.387, 0, 79, 99.67, 100, 7965, 961, 715, P0, 0x0000000000000020
2026/09/19 10:51:44.390, 1, 79, 115.54, 100, 8507, 1126, 715, P0, 0x0000000000000020
2026/09/19 10:51:45.397, 0, 79, 100.07, 100, 7965, 974, 715, P0, 0x0000000000000020
2026/09/19 10:51:45.400, 1, 79, 128.77, 100, 8507, 1177, 715, P0, 0x0000000000000020
2026/09/19 10:51:46.409, 0, 79, 98.88, 100, 7965, 974, 715, P0, 0x0000000000000000
2026/09/19 10:51:46.423, 1, 79, 132.53, 100, 8507, 987, 715, P0, 0x0000000000000020
2026/09/19 10:51:47.443, 0, 79, 91.80, 98, 7965, 797, 715, P0, 0x0000000000000000
2026/09/19 10:51:47.446, 1, 79, 115.38, 61, 8507, 1139, 715, P0, 0x0000000000000000
2026/09/19 10:51:48.457, 0, 79, 112.52, 100, 7965, 797, 715, P0, 0x0000000000000020
2026/09/19 10:51:48.463, 1, 79, 120.24, 100, 8507, 1139, 715, P0, 0x0000000000000020
2026/09/19 10:51:49.474, 0, 79, 87.25, 100, 7965, 1025, 715, P0, 0x0000000000000000
2026/09/19 10:51:49.481, 1, 78, 49.87, 0, 8507, 1189, 715, P0, 0x0000000000000000
2026/09/19 10:51:50.490, 0, 79, 100.01, 100, 7965, 961, 715, P0, 0x0000000000000020
2026/09/19 10:51:50.492, 1, 79, 138.51, 100, 8507, 1101, 715, P0, 0x0000000000000000
2026/09/19 10:51:51.502, 0, 79, 100.87, 100, 7965, 987, 715, P0, 0x0000000000000020
2026/09/19 10:51:51.505, 1, 78, 52.51, 73, 8507, 1240, 715, P0, 0x0000000000000000
2026/09/19 10:51:52.513, 0, 79, 90.35, 100, 7965, 885, 715, P0, 0x0000000000000000
2026/09/19 10:51:52.524, 1, 79, 119.62, 100, 8507, 1139, 715, P0, 0x0000000000000000
2026/09/19 10:51:53.542, 0, 79, 110.36, 100, 7965, 772, 715, P0, 0x0000000000000000
2026/09/19 10:51:53.546, 1, 79, 121.62, 100, 8507, 1126, 715, P0, 0x0000000000000020
2026/09/19 10:51:54.556, 0, 79, 99.14, 100, 7965, 1050, 715, P0, 0x0000000000000000
2026/09/19 10:51:54.563, 1, 79, 115.69, 100, 8507, 1113, 715, P0, 0x0000000000000000
2026/09/19 10:51:55.571, 0, 79, 101.04, 100, 7965, 974, 715, P0, 0x0000000000000000
2026/09/19 10:51:55.584, 1, 80, 124.96, 100, 8507, 1151, 715, P0, 0x0000000000000020
2026/09/19 10:51:56.598, 0, 79, 100.08, 100, 7965, 961, 715, P0, 0x0000000000000020
2026/09/19 10:51:56.603, 1, 79, 121.20, 100, 8507, 1139, 715, P0, 0x0000000000000000
2026/09/19 10:51:57.613, 0, 79, 98.08, 100, 7965, 974, 715, P0, 0x0000000000000000
2026/09/19 10:51:57.625, 1, 79, 119.25, 100, 8507, 1164, 715, P0, 0x0000000000000000
2026/09/19 10:51:58.630, 0, 79, 107.26, 99, 7965, 734, 715, P0, 0x0000000000000020
2026/09/19 10:51:58.633, 1, 79, 110.49, 41, 8507, 1126, 715, P0, 0x0000000000000000
2026/09/19 10:51:59.654, 0, 79, 121.72, 100, 7965, 923, 715, P0, 0x0000000000000020
2026/09/19 10:51:59.666, 1, 79, 120.59, 100, 8507, 1139, 715, P0, 0x0000000000000020
2026/09/19 10:52:00.684, 0, 79, 101.34, 100, 7965, 974, 715, P0, 0x0000000000000020
2026/09/19 10:52:00.687, 1, 78, 56.10, 0, 8507, 1303, 715, P0, 0x0000000000000000
2026/09/19 10:52:01.699, 0, 79, 99.68, 100, 7965, 961, 715, P0, 0x0000000000000020
2026/09/19 10:52:01.705, 1, 79, 110.08, 100, 8507, 1101, 715, P0, 0x0000000000000000
2026/09/19 10:52:02.714, 0, 79, 97.75, 100, 7965, 961, 715, P0, 0x0000000000000000
2026/09/19 10:52:02.727, 1, 79, 129.72, 100, 8507, 1151, 715, P0, 0x0000000000000000
2026/09/19 10:52:03.740, 0, 79, 113.91, 100, 7965, 784, 715, P0, 0x0000000000000020
2026/09/19 10:52:03.748, 1, 79, 114.00, 100, 8507, 1113, 715, P0, 0x0000000000000020
2026/09/19 10:52:04.756, 0, 79, 124.07, 100, 7965, 961, 715, P0, 0x0000000000000020
2026/09/19 10:52:04.766, 1, 79, 116.80, 100, 8507, 1126, 715, P0, 0x0000000000000000
2026/09/19 10:52:05.773, 0, 79, 100.28, 100, 7965, 961, 715, P0, 0x0000000000000020
2026/09/19 10:52:05.776, 1, 79, 145.54, 100, 8507, 1164, 715, P0, 0x0000000000000020
2026/09/19 10:52:06.786, 0, 79, 99.37, 100, 7965, 961, 715, P0, 0x0000000000000020
2026/09/19 10:52:06.789, 1, 79, 117.68, 100, 8507, 949, 715, P0, 0x0000000000000000
2026/09/19 10:52:07.796, 0, 79, 89.21, 99, 7965, 835, 715, P0, 0x0000000000000000
2026/09/19 10:52:07.807, 1, 79, 113.70, 91, 8507, 1126, 715, P0, 0x0000000000000020
2026/09/19 10:52:08.812, 0, 79, 117.58, 100, 7965, 873, 715, P0, 0x0000000000000020
2026/09/19 10:52:08.815, 1, 79, 114.98, 100, 8507, 1139, 715, P0, 0x0000000000000000
2026/09/19 10:52:09.841, 0, 79, 102.07, 100, 7965, 987, 715, P0, 0x0000000000000020
2026/09/19 10:52:09.844, 1, 78, 50.34, 0, 8507, 1189, 715, P0, 0x0000000000000000
2026/09/19 10:52:10.858, 0, 79, 99.04, 100, 7965, 961, 715, P0, 0x0000000000000020
2026/09/19 10:52:10.865, 1, 80, 146.75, 100, 8507, 1126, 715, P0, 0x0000000000000020
2026/09/19 10:52:11.871, 0, 79, 98.04, 100, 7965, 961, 715, P0, 0x0000000000000000
2026/09/19 10:52:11.874, 1, 79, 50.59, 100, 8507, 1189, 715, P0, 0x0000000000000000
2026/09/19 10:52:12.903, 0, 79, 106.60, 100, 7965, 721, 715, P0, 0x0000000000000020
2026/09/19 10:52:12.910, 1, 79, 115.44, 100, 8507, 1126, 715, P0, 0x0000000000000020
2026/09/19 10:52:13.918, 0, 79, 100.98, 100, 7965, 1075, 715, P0, 0x0000000000000000
2026/09/19 10:52:13.925, 1, 79, 121.81, 100, 8507, 1139, 715, P0, 0x0000000000000000
2026/09/19 10:52:14.932, 0, 79, 99.91, 100, 7965, 961, 715, P0, 0x0000000000000020
2026/09/19 10:52:14.935, 1, 79, 109.11, 100, 8507, 1189, 715, P0, 0x0000000000000000
2026/09/19 10:52:15.947, 0, 79, 99.31, 100, 7965, 974, 715, P0, 0x0000000000000020
2026/09/19 10:52:15.950, 1, 79, 88.19, 100, 8507, 810, 715, P0, 0x0000000000000000
2026/09/19 10:52:16.961, 0, 79, 96.67, 100, 7965, 822, 715, P0, 0x0000000000000000
2026/09/19 10:52:16.969, 1, 78, 96.33, 43, 8507, 999, 715, P0, 0x0000000000000000
2026/09/19 10:52:17.977, 0, 79, 121.54, 100, 7965, 847, 715, P0, 0x0000000000000020
2026/09/19 10:52:17.991, 1, 79, 101.44, 100, 8507, 1050, 715, P0, 0x0000000000000000
2026/09/19 10:52:19.003, 0, 79, 100.87, 100, 7965, 974, 715, P0, 0x0000000000000020
2026/09/19 10:52:19.008, 1, 78, 50.58, 4, 8507, 1189, 715, P0, 0x0000000000000000
2026/09/19 10:52:20.014, 0, 79, 99.13, 100, 7965, 961, 715, P0, 0x0000000000000020
2026/09/19 10:52:20.017, 1, 79, 113.37, 100, 8507, 1126, 715, P0, 0x0000000000000020
2026/09/19 10:52:21.030, 0, 79, 89.55, 100, 7965, 860, 715, P0, 0x0000000000000000
2026/09/19 10:52:21.032, 1, 79, 118.45, 100, 8507, 1151, 715, P0, 0x0000000000000000
2026/09/19 10:52:22.043, 0, 79, 122.84, 100, 7965, 936, 715, P0, 0x0000000000000020
2026/09/19 10:52:22.050, 1, 79, 127.94, 100, 8507, 1189, 715, P0, 0x0000000000000000
2026/09/19 10:52:23.054, 0, 79, 98.71, 100, 7965, 961, 715, P0, 0x0000000000000020
2026/09/19 10:52:23.058, 1, 79, 112.01, 100, 8507, 1088, 715, P0, 0x0000000000000020
2026/09/19 10:52:24.069, 0, 79, 98.39, 100, 7965, 961, 715, P0, 0x0000000000000000
2026/09/19 10:52:24.072, 1, 79, 125.26, 100, 8507, 1151, 715, P0, 0x0000000000000020
2026/09/19 10:52:25.083, 0, 79, 108.47, 100, 7965, 746, 715, P0, 0x0000000000000020
2026/09/19 10:52:25.090, 1, 80, 115.30, 100, 8507, 1050, 715, P0, 0x0000000000000020
2026/09/19 10:52:26.101, 0, 79, 89.66, 100, 7965, 1037, 715, P0, 0x0000000000000000
2026/09/19 10:52:26.108, 1, 78, 50.10, 0, 8507, 1189, 715, P0, 0x0000000000000000
2026/09/19 10:52:27.113, 0, 79, 100.28, 100, 7965, 961, 715, P0, 0x0000000000000020
2026/09/19 10:52:27.116, 1, 79, 138.73, 100, 8507, 1075, 715, P0, 0x0000000000000020
2026/09/19 10:52:28.141, 0, 79, 98.22, 100, 7965, 961, 715, P0, 0x0000000000000000
2026/09/19 10:52:28.151, 1, 79, 49.86, 100, 8507, 1189, 715, P0, 0x0000000000000000
2026/09/19 10:52:29.155, 0, 79, 116.98, 100, 7965, 847, 715, P0, 0x0000000000000020
2026/09/19 10:52:29.158, 1, 79, 130.33, 100, 8507, 1189, 715, P0, 0x0000000000000020
2026/09/19 10:52:30.170, 0, 79, 99.91, 100, 7965, 961, 715, P0, 0x0000000000000020
2026/09/19 10:52:30.173, 1, 79, 116.74, 100, 8507, 1126, 715, P0, 0x0000000000000000
2026/09/19 10:52:31.184, 0, 79, 100.03, 99, 7965, 974, 715, P0, 0x0000000000000020
2026/09/19 10:52:31.189, 1, 78, 89.15, 92, 8507, 822, 715, P0, 0x0000000000000020
2026/09/19 10:52:32.198, 0, 79, 90.19, 100, 7965, 873, 715, P0, 0x0000000000000000
2026/09/19 10:52:32.211, 1, 79, 100.64, 100, 8507, 1037, 715, P0, 0x0000000000000000
2026/09/19 10:52:33.230, 0, 79, 125.14, 100, 7965, 860, 715, P0, 0x0000000000000020
2026/09/19 10:52:33.233, 1, 78, 50.58, 27, 8507, 1189, 715, P0, 0x0000000000000000
2026/09/19 10:52:34.248, 0, 79, 101.76, 100, 7965, 974, 715, P0, 0x0000000000000000
2026/09/19 10:52:34.251, 1, 79, 127.33, 100, 8507, 961, 715, P0, 0x0000000000000020
2026/09/19 10:52:35.256, 0, 79, 99.92, 100, 7965, 961, 715, P0, 0x0000000000000020
2026/09/19 10:52:35.259, 1, 79, 89.43, 100, 8507, 1139, 715, P0, 0x0000000000000000
2026/09/19 10:52:36.271, 0, 79, 112.04, 100, 7965, 784, 715, P0, 0x0000000000000020
2026/09/19 10:52:36.274, 1, 79, 116.25, 100, 8507, 1126, 715, P0, 0x0000000000000020
2026/09/19 10:52:37.285, 0, 79, 97.68, 100, 7965, 974, 715, P0, 0x0000000000000000
2026/09/19 10:52:37.289, 1, 79, 120.98, 100, 8507, 1139, 715, P0, 0x0000000000000000
2026/09/19 10:52:38.300, 0, 79, 99.10, 100, 7965, 949, 715, P0, 0x0000000000000020
2026/09/19 10:52:38.312, 1, 79, 130.87, 100, 8507, 1189, 715, P0, 0x0000000000000000
2026/09/19 10:52:39.331, 0, 79, 95.50, 100, 7965, 949, 715, P0, 0x0000000000000000
2026/09/19 10:52:39.334, 1, 79, 138.48, 100, 8507, 1151, 715, P0, 0x0000000000000000
2026/09/19 10:52:40.345, 0, 79, 121.33, 100, 7965, 847, 715, P0, 0x0000000000000020
2026/09/19 10:52:40.354, 1, 78, 132.47, 0, 8507, 1025, 715, P0, 0x0000000000000020
2026/09/19 10:52:41.360, 0, 79, 100.33, 100, 7965, 974, 715, P0, 0x0000000000000020
2026/09/19 10:52:41.373, 1, 79, 127.68, 100, 8507, 949, 715, P0, 0x0000000000000020
2026/09/19 10:52:42.390, 0, 79, 100.16, 100, 7965, 961, 715, P0, 0x0000000000000020
2026/09/19 10:52:42.394, 1, 79, 50.59, 100, 8507, 1189, 715, P0, 0x0000000000000000
2026/09/19 10:52:43.406, 0, 79, 89.15, 100, 7965, 835, 715, P0, 0x0000000000000000
2026/09/19 10:52:43.414, 1, 79, 118.19, 100, 8507, 1126, 715, P0, 0x0000000000000020
2026/09/19 10:52:44.425, 0, 79, 113.18, 100, 7965, 1012, 715, P0, 0x0000000000000020
2026/09/19 10:52:44.432, 1, 79, 116.85, 100, 8507, 1126, 715, P0, 0x0000000000000000
2026/09/19 10:52:45.442, 0, 79, 99.59, 100, 7965, 961, 715, P0, 0x0000000000000020
2026/09/19 10:52:45.452, 1, 79, 124.72, 100, 8507, 1139, 715, P0, 0x0000000000000020
2026/09/19 10:52:46.471, 0, 79, 98.08, 100, 7965, 961, 715, P0, 0x0000000000000000
2026/09/19 10:52:46.474, 1, 79, 138.85, 100, 8507, 1189, 715, P0, 0x0000000000000000
2026/09/19 10:52:47.486, 0, 79, 110.20, 100, 7965, 797, 715, P0, 0x0000000000000020
2026/09/19 10:52:47.493, 1, 79, 139.77, 0, 8507, 1139, 715, P0, 0x0000000000000020
2026/09/19 10:52:48.500, 0, 79, 99.62, 100, 7965, 961, 715, P0, 0x0000000000000020
2026/09/19 10:52:48.514, 1, 79, 111.94, 100, 8507, 1113, 715, P0, 0x0000000000000000
2026/09/19 10:52:49.529, 0, 79, 99.66, 100, 7965, 974, 715, P0, 0x0000000000000020
2026/09/19 10:52:49.532, 1, 78, 51.55, 63, 8507, 1227, 715, P0, 0x0000000000000000
2026/09/19 10:52:50.545, 0, 79, 89.64, 100, 7965, 759, 715, P0, 0x0000000000000000
2026/09/19 10:52:50.556, 1, 79, 114.68, 100, 8507, 1113, 715, P0, 0x0000000000000020
2026/09/19 10:52:51.559, 0, 79, 89.15, 100, 7965, 987, 715, P0, 0x0000000000000000
2026/09/19 10:52:51.563, 1, 79, 113.72, 100, 8507, 1101, 715, P0, 0x0000000000000020
2026/09/19 10:52:52.588, 0, 79, 100.33, 100, 7965, 961, 715, P0, 0x0000000000000020
2026/09/19 10:52:52.593, 1, 79, 116.72, 100, 8507, 1126, 715, P0, 0x0000000000000020
2026/09/19 10:52:53.602, 0, 79, 97.03, 100, 7965, 949, 715, P0, 0x0000000000000000
2026/09/19 10:52:53.614, 1, 79, 114.82, 100, 8507, 1113, 715, P0, 0x0000000000000020
2026/09/19 10:52:54.633, 0, 79, 110.55, 99, 7965, 847, 715, P0, 0x0000000000000000
2026/09/19 10:52:54.636, 1, 78, 164.96, 0, 8507, 1215, 715, P0, 0x0000000000000020
2026/09/19 10:52:55.643, 0, 79, 99.35, 100, 7965, 961, 715, P0, 0x0000000000000000
2026/09/19 10:52:55.654, 1, 79, 131.09, 100, 8507, 1075, 715, P0, 0x0000000000000020
2026/09/19 10:52:56.673, 0, 79, 99.43, 100, 7965, 974, 715, P0, 0x0000000000000000
2026/09/19 10:52:56.676, 1, 79, 49.86, 93, 8507, 1189, 715, P0, 0x0000000000000000
2026/09/19 10:52:57.690, 0, 79, 108.28, 100, 7965, 759, 715, P0, 0x0000000000000020
2026/09/19 10:52:57.696, 1, 79, 115.44, 100, 8507, 1126, 715, P0, 0x0000000000000020
2026/09/19 10:52:58.703, 0, 79, 101.53, 100, 7965, 987, 715, P0, 0x0000000000000000
2026/09/19 10:52:58.713, 1, 79, 116.72, 100, 8507, 1126, 715, P0, 0x0000000000000020
2026/09/19 10:52:59.718, 0, 79, 99.82, 100, 7965, 974, 715, P0, 0x0000000000000020
2026/09/19 10:52:59.722, 1, 79, 126.64, 100, 8507, 1139, 715, P0, 0x0000000000000020
2026/09/19 10:53:00.746, 0, 79, 95.20, 100, 7965, 772, 715, P0, 0x0000000000000000
2026/09/19 10:53:00.756, 1, 79, 102.56, 100, 8507, 1012, 715, P0, 0x0000000000000020
2026/09/19 10:53:01.760, 0, 79, 94.00, 100, 7965, 961, 715, P0, 0x0000000000000020
2026/09/19 10:53:01.763, 1, 78, 50.14, 0, 8507, 1189, 715, P0, 0x0000000000000000
2026/09/19 10:53:02.774, 0, 79, 104.65, 100, 7965, 1037, 715, P0, 0x0000000000000000
2026/09/19 10:53:02.777, 1, 79, 113.60, 100, 8507, 1101, 715, P0, 0x0000000000000020
2026/09/19 10:53:03.790, 0, 79, 102.01, 100, 7965, 1025, 715, P0, 0x0000000000000000
2026/09/19 10:53:03.795, 1, 79, 116.48, 100, 8507, 1101, 715, P0, 0x0000000000000020
2026/09/19 10:53:04.805, 0, 79, 114.86, 100, 7965, 847, 715, P0, 0x0000000000000020
2026/09/19 10:53:04.817, 1, 79, 114.07, 100, 8507, 1126, 715, P0, 0x0000000000000000
2026/09/19 10:53:05.822, 0, 79, 95.82, 100, 7965, 999, 715, P0, 0x0000000000000020
2026/09/19 10:53:05.824, 1, 79, 116.53, 100, 8507, 1126, 715, P0, 0x0000000000000020
2026/09/19 10:53:06.849, 0, 79, 103.53, 100, 7965, 1025, 715, P0, 0x0000000000000020
2026/09/19 10:53:06.854, 1, 79, 108.40, 100, 8507, 1063, 715, P0, 0x0000000000000020
2026/09/19 10:53:07.862, 0, 79, 103.04, 100, 7965, 1025, 715, P0, 0x0000000000000000
2026/09/19 10:53:07.865, 1, 79, 111.93, 100, 8507, 1075, 715, P0, 0x0000000000000000
2026/09/19 10:53:08.876, 0, 79, 100.19, 98, 7965, 822, 715, P0, 0x0000000000000020
2026/09/19 10:53:08.879, 1, 79, 107.53, 39, 8507, 1088, 715, P0, 0x0000000000000000
2026/09/19 10:53:09.891, 0, 79, 131.32, 100, 7965, 1025, 715, P0, 0x0000000000000020
2026/09/19 10:53:09.896, 1, 79, 104.92, 100, 8507, 1075, 715, P0, 0x0000000000000000
2026/09/19 10:53:10.907, 0, 79, 105.44, 100, 7965, 1037, 715, P0, 0x0000000000000020
2026/09/19 10:53:10.913, 1, 79, 50.82, 80, 8507, 1202, 715, P0, 0x0000000000000000
2026/09/19 10:53:11.923, 0, 79, 105.62, 100, 7965, 1025, 715, P0, 0x0000000000000020
2026/09/19 10:53:11.932, 1, 79, 112.64, 100, 8507, 1101, 715, P0, 0x0000000000000020
2026/09/19 10:53:12.939, 0, 79, 100.33, 100, 7965, 1012, 715, P0, 0x0000000000000000
2026/09/19 10:53:12.942, 1, 79, 117.38, 100, 8507, 1101, 715, P0, 0x0000000000000020
2026/09/19 10:53:13.957, 0, 79, 117.04, 100, 7965, 860, 715, P0, 0x0000000000000020
2026/09/19 10:53:13.960, 1, 79, 105.27, 100, 8507, 1063, 715, P0, 0x0000000000000000
2026/09/19 10:53:14.972, 0, 79, 104.92, 100, 7965, 1025, 715, P0, 0x0000000000000020
2026/09/19 10:53:14.976, 1, 79, 107.71, 100, 8507, 1025, 715, P0, 0x0000000000000000
2026/09/19 10:53:15.988, 0, 79, 106.08, 100, 7965, 1025, 715, P0, 0x0000000000000020
2026/09/19 10:53:15.995, 1, 79, 116.95, 100, 8507, 1126, 715, P0, 0x0000000000000020
2026/09/19 10:53:17.002, 0, 79, 102.24, 100, 7965, 1025, 715, P0, 0x0000000000000000
2026/09/19 10:53:17.005, 1, 79, 122.39, 100, 8507, 1126, 715, P0, 0x0000000000000020
2026/09/19 10:53:18.017, 0, 79, 117.91, 99, 7965, 835, 715, P0, 0x0000000000000020
2026/09/19 10:53:18.020, 1, 79, 117.13, 35, 8507, 923, 715, P0, 0x0000000000000020
2026/09/19 10:53:19.031, 0, 79, 105.54, 100, 7965, 1025, 715, P0, 0x0000000000000020
2026/09/19 10:53:19.036, 1, 79, 122.69, 100, 8507, 974, 715, P0, 0x0000000000000020
2026/09/19 10:53:20.046, 0, 79, 105.41, 100, 7965, 1025, 715, P0, 0x0000000000000020
2026/09/19 10:53:20.055, 1, 79, 96.52, 100, 8507, 1075, 715, P0, 0x0000000000000000
2026/09/19 10:53:21.074, 0, 79, 102.09, 100, 7965, 1025, 715, P0, 0x0000000000000000
2026/09/19 10:53:21.077, 1, 79, 106.98, 100, 8507, 1075, 715, P0, 0x0000000000000000
2026/09/19 10:53:22.089, 0, 79, 116.24, 100, 7965, 860, 715, P0, 0x0000000000000020
2026/09/19 10:53:22.096, 1, 79, 106.89, 100, 8507, 1063, 715, P0, 0x0000000000000020
2026/09/19 10:53:23.104, 0, 79, 102.87, 100, 7965, 1012, 715, P0, 0x0000000000000020
2026/09/19 10:53:23.115, 1, 79, 138.01, 100, 8507, 1012, 715, P0, 0x0000000000000020
2026/09/19 10:53:24.133, 0, 79, 104.33, 100, 7965, 1025, 715, P0, 0x0000000000000020
2026/09/19 10:53:24.136, 1, 79, 144.27, 100, 8507, 1151, 715, P0, 0x0000000000000020
2026/09/19 10:53:25.146, 0, 79, 102.50, 98, 7965, 1037, 715, P0, 0x0000000000000000
2026/09/19 10:53:25.155, 1, 79, 114.08, 69, 8507, 1126, 715, P0, 0x0000000000000000
2026/09/19 10:53:26.160, 0, 79, 99.69, 100, 7965, 658, 715, P0, 0x0000000000000000
2026/09/19 10:53:26.163, 1, 79, 115.07, 100, 8507, 1113, 715, P0, 0x0000000000000020
2026/09/19 10:53:27.177, 0, 79, 91.58, 100, 7965, 835, 715, P0, 0x0000000000000000
2026/09/19 10:53:27.180, 1, 78, 51.81, 73, 8507, 1215, 715, P0, 0x0000000000000000
2026/09/19 10:53:28.191, 0, 79, 89.46, 100, 7965, 810, 715, P0, 0x0000000000000020
2026/09/19 10:53:28.198, 1, 79, 106.60, 100, 8507, 1088, 715, P0, 0x0000000000000000
2026/09/19 10:53:29.210, 0, 79, 85.87, 100, 7965, 784, 715, P0, 0x0000000000000000
2026/09/19 10:53:29.219, 1, 79, 100.65, 100, 8507, 1012, 715, P0, 0x0000000000000000
2026/09/19 10:53:30.223, 0, 79, 90.12, 100, 7965, 822, 715, P0, 0x0000000000000020
2026/09/19 10:53:30.227, 1, 78, 55.41, 0, 8507, 1303, 715, P0, 0x0000000000000000
2026/09/19 10:53:31.236, 0, 79, 100.56, 100, 7965, 670, 715, P0, 0x0000000000000020
2026/09/19 10:53:31.239, 1, 79, 129.49, 100, 8507, 1177, 715, P0, 0x0000000000000020
2026/09/19 10:53:32.249, 0, 79, 96.79, 100, 7965, 911, 715, P0, 0x0000000000000000
2026/09/19 10:53:32.255, 1, 79, 112.25, 100, 8507, 1075, 715, P0, 0x0000000000000020
2026/09/19 10:53:33.260, 0, 79, 114.90, 99, 7965, 734, 715, P0, 0x0000000000000020
2026/09/19 10:53:33.263, 1, 78, 106.51, 27, 8507, 1050, 715, P0, 0x0000000000000000
2026/09/19 10:53:34.274, 0, 79, 95.84, 100, 7965, 911, 715, P0, 0x0000000000000000
2026/09/19 10:53:34.277, 1, 79, 112.27, 100, 8507, 1101, 715, P0, 0x0000000000000000
2026/09/19 10:53:35.288, 0, 79, 87.00, 100, 7965, 797, 715, P0, 0x0000000000000000
2026/09/19 10:53:35.298, 1, 79, 50.36, 100, 8507, 1189, 715, P0, 0x0000000000000000
2026/09/19 10:53:36.316, 0, 79, 96.19, 100, 7965, 911, 715, P0, 0x0000000000000020
2026/09/19 10:53:36.319, 1, 79, 148.42, 100, 8507, 1139, 715, P0, 0x0000000000000020
2026/09/19 10:53:37.333, 0, 79, 90.04, 100, 7965, 860, 715, P0, 0x0000000000000000
2026/09/19 10:53:37.340, 1, 79, 129.02, 100, 8507, 1025, 715, P0, 0x0000000000000020
2026/09/19 10:53:38.344, 0, 79, 102.99, 100, 7965, 1063, 715, P0, 0x0000000000000000
2026/09/19 10:53:38.355, 1, 78, 49.82, 0, 8507, 1189, 715, P0, 0x0000000000000000
2026/09/19 10:53:39.361, 0, 79, 100.56, 100, 7965, 974, 715, P0, 0x0000000000000020
2026/09/19 10:53:39.364, 1, 79, 114.33, 100, 8507, 1126, 715, P0, 0x0000000000000020
2026/09/19 10:53:40.375, 0, 79, 92.93, 100, 7965, 898, 715, P0, 0x0000000000000000
2026/09/19 10:53:40.378, 1, 79, 121.94, 100, 8507, 1126, 715, P0, 0x0000000000000020
2026/09/19 10:53:41.392, 0, 79, 101.44, 100, 7965, 974, 715, P0, 0x0000000000000020
2026/09/19 10:53:41.397, 1, 79, 135.70, 100, 8507, 1050, 715, P0, 0x0000000000000020
2026/09/19 10:53:42.404, 0, 79, 101.55, 100, 7965, 987, 715, P0, 0x0000000000000000
2026/09/19 10:53:42.416, 1, 79, 118.00, 100, 8507, 860, 715, P0, 0x0000000000000020
2026/09/19 10:53:43.434, 0, 79, 108.80, 98, 7965, 797, 715, P0, 0x0000000000000020
2026/09/19 10:53:43.438, 1, 78, 100.31, 48, 8507, 1025, 715, P0, 0x0000000000000000
2026/09/19 10:53:44.446, 0, 79, 101.31, 100, 7965, 987, 715, P0, 0x0000000000000000
2026/09/19 10:53:44.456, 1, 79, 119.18, 100, 8507, 949, 715, P0, 0x0000000000000000
2026/09/19 10:53:45.463, 0, 79, 101.61, 100, 7965, 987, 715, P0, 0x0000000000000000
2026/09/19 10:53:45.466, 1, 79, 99.42, 100, 8507, 1075, 715, P0, 0x0000000000000000
2026/09/19 10:53:46.493, 0, 79, 109.42, 100, 7965, 822, 715, P0, 0x0000000000000000
2026/09/19 10:53:46.500, 1, 79, 111.92, 100, 8507, 1113, 715, P0, 0x0000000000000000
2026/09/19 10:53:47.510, 0, 79, 101.86, 100, 7965, 987, 715, P0, 0x0000000000000000
2026/09/19 10:53:47.517, 1, 79, 102.24, 100, 8507, 1050, 715, P0, 0x0000000000000000
2026/09/19 10:53:48.525, 0, 79, 99.12, 98, 7965, 974, 715, P0, 0x0000000000000000
2026/09/19 10:53:48.537, 1, 79, 120.24, 77, 8507, 1139, 715, P0, 0x0000000000000000
2026/09/19 10:53:49.541, 0, 78, 121.49, 100, 7965, 987, 715, P0, 0x0000000000000020
2026/09/19 10:53:49.544, 1, 79, 115.90, 100, 8507, 1126, 715, P0, 0x0000000000000020
2026/09/19 10:53:50.554, 0, 79, 101.66, 100, 7965, 987, 715, P0, 0x0000000000000020
2026/09/19 10:53:50.558, 1, 79, 88.91, 100, 8507, 784, 715, P0, 0x0000000000000020
2026/09/19 10:53:51.568, 0, 79, 89.71, 100, 7965, 885, 715, P0, 0x0000000000000000
2026/09/19 10:53:51.577, 1, 79, 100.16, 100, 8507, 1025, 715, P0, 0x0000000000000000
2026/09/19 10:53:52.584, 0, 79, 102.28, 100, 7965, 974, 715, P0, 0x0000000000000020
2026/09/19 10:53:52.597, 1, 79, 119.85, 100, 8507, 847, 715, P0, 0x0000000000000020
2026/09/19 10:53:53.612, 0, 79, 100.40, 100, 7965, 974, 715, P0, 0x0000000000000020
2026/09/19 10:53:53.616, 1, 79, 107.94, 100, 8507, 1063, 715, P0, 0x0000000000000020
2026/09/19 10:53:54.626, 0, 79, 111.42, 100, 7965, 797, 715, P0, 0x0000000000000020
2026/09/19 10:53:54.638, 1, 79, 107.43, 100, 8507, 1063, 715, P0, 0x0000000000000020
2026/09/19 10:53:55.654, 0, 79, 101.59, 100, 7965, 987, 715, P0, 0x0000000000000020
2026/09/19 10:53:55.657, 1, 78, 49.86, 36, 8507, 1189, 715, P0, 0x0000000000000000
2026/09/19 10:53:56.668, 0, 79, 99.43, 100, 7965, 974, 715, P0, 0x0000000000000020
2026/09/19 10:53:56.676, 1, 79, 112.89, 100, 8507, 1101, 715, P0, 0x0000000000000020
2026/09/19 10:53:57.686, 0, 79, 121.03, 100, 7965, 911, 715, P0, 0x0000000000000020
2026/09/19 10:53:57.697, 1, 79, 113.03, 100, 8507, 1101, 715, P0, 0x0000000000000020
2026/09/19 10:53:58.715, 0, 79, 101.53, 100, 7965, 987, 715, P0, 0x0000000000000000
2026/09/19 10:53:58.718, 1, 79, 121.20, 100, 8507, 1126, 715, P0, 0x0000000000000020
2026/09/19 10:53:59.728, 0, 79, 92.99, 100, 7965, 923, 715, P0, 0x0000000000000000
2026/09/19 10:53:59.736, 1, 79, 119.86, 100, 8507, 1113, 715, P0, 0x0000000000000020
2026/09/19 10:54:00.741, 0, 79, 100.62, 100, 7965, 987, 715, P0, 0x0000000000000000
2026/09/19 10:54:00.744, 1, 78, 53.48, 0, 8507, 1265, 715, P0, 0x0000000000000000
2026/09/19 10:54:01.760, 0, 79, 99.82, 100, 7965, 974, 715, P0, 0x0000000000000020
2026/09/19 10:54:01.763, 1, 79, 123.34, 100, 8507, 1139, 715, P0, 0x0000000000000020
2026/09/19 10:54:02.773, 0, 79, 118.16, 100, 7965, 822, 715, P0, 0x0000000000000020
2026/09/19 10:54:02.779, 1, 80, 108.11, 100, 8507, 1025, 715, P0, 0x0000000000000020
2026/09/19 10:54:03.788, 0, 79, 101.28, 100, 7965, 987, 715, P0, 0x0000000000000000
2026/09/19 10:54:03.794, 1, 79, 120.00, 100, 8507, 1126, 715, P0, 0x0000000000000020
2026/09/19 10:54:04.802, 0, 79, 96.54, 100, 7965, 949, 715, P0, 0x0000000000000000
2026/09/19 10:54:04.805, 1, 79, 116.50, 100, 8507, 1113, 715, P0, 0x0000000000000020
2026/09/19 10:54:05.815, 0, 79, 90.08, 100, 7965, 1037, 715, P0, 0x0000000000000000
2026/09/19 10:54:05.818, 1, 78, 50.10, 0, 8507, 1189, 715, P0, 0x0000000000000000
2026/09/19 10:54:06.833, 0, 79, 100.79, 100, 7965, 974, 715, P0, 0x0000000000000020
2026/09/19 10:54:06.836, 1, 80, 126.64, 100, 8507, 1139, 715, P0, 0x0000000000000020
2026/09/19 10:54:07.850, 0, 79, 111.12, 100, 7965, 784, 715, P0, 0x0000000000000020
2026/09/19 10:54:07.858, 1, 79, 111.00, 100, 8507, 1075, 715, P0, 0x0000000000000000
2026/09/19 10:54:08.874, 0, 79, 101.62, 100, 7965, 974, 715, P0, 0x0000000000000020
2026/09/19 10:54:08.880, 1, 79, 101.52, 100, 8507, 1139, 715, P0, 0x0000000000000000
2026/09/19 10:54:09.888, 0, 79, 99.18, 100, 7965, 961, 715, P0, 0x0000000000000020
2026/09/19 10:54:09.896, 1, 79, 115.30, 100, 8507, 1101, 715, P0, 0x0000000000000020
2026/09/19 10:54:10.901, 0, 79, 123.54, 100, 7965, 1075, 715, P0, 0x0000000000000000
2026/09/19 10:54:10.904, 1, 78, 50.05, 0, 8507, 1189, 715, P0, 0x0000000000000000
2026/09/19 10:54:11.916, 0, 79, 100.40, 100, 7965, 974, 715, P0, 0x0000000000000020
2026/09/19 10:54:11.920, 1, 79, 107.70, 100, 8507, 1075, 715, P0, 0x0000000000000000
2026/09/19 10:54:12.932, 0, 79, 109.67, 100, 7965, 759, 715, P0, 0x0000000000000020
2026/09/19 10:54:12.940, 1, 79, 111.93, 100, 8507, 1075, 715, P0, 0x0000000000000000
2026/09/19 10:54:13.948, 0, 79, 101.29, 100, 7965, 987, 715, P0, 0x0000000000000000
2026/09/19 10:54:13.956, 1, 79, 113.37, 100, 8507, 1113, 715, P0, 0x0000000000000020
2026/09/19 10:54:14.963, 0, 79, 96.30, 100, 7965, 936, 715, P0, 0x0000000000000000
2026/09/19 10:54:14.966, 1, 79, 114.11, 100, 8507, 1101, 715, P0, 0x0000000000000020
2026/09/19 10:54:15.976, 0, 79, 95.87, 100, 7965, 987, 715, P0, 0x0000000000000000
2026/09/19 10:54:15.979, 1, 78, 50.83, 0, 8507, 1202, 715, P0, 0x0000000000000000
2026/09/19 10:54:16.986, 0, 79, 100.65, 100, 7965, 974, 715, P0, 0x0000000000000020
2026/09/19 10:54:16.996, 1, 79, 108.88, 100, 8507, 1075, 715, P0, 0x0000000000000000
2026/09/19 10:54:18.011, 0, 79, 119.21, 100, 7965, 810, 715, P0, 0x0000000000000020
2026/09/19 10:54:18.019, 1, 79, 109.52, 100, 8507, 1075, 715, P0, 0x0000000000000000
2026/09/19 10:54:19.037, 0, 79, 101.76, 100, 7965, 987, 715, P0, 0x0000000000000000
2026/09/19 10:54:19.040, 1, 79, 116.96, 100, 8507, 1126, 715, P0, 0x0000000000000020
2026/09/19 10:54:20.052, 0, 79, 92.28, 100, 7965, 898, 715, P0, 0x0000000000000000
2026/09/19 10:54:20.059, 1, 79, 117.23, 100, 8507, 1126, 715, P0, 0x0000000000000020
2026/09/19 10:54:21.067, 0, 79, 102.55, 100, 7965, 987, 715, P0, 0x0000000000000000
2026/09/19 10:54:21.075, 1, 78, 50.34, 0, 8507, 1189, 715, P0, 0x0000000000000000
2026/09/19 10:54:22.085, 0, 79, 100.16, 100, 7965, 974, 715, P0, 0x0000000000000020
2026/09/19 10:54:22.095, 1, 79, 108.18, 100, 8507, 1063, 715, P0, 0x0000000000000020
2026/09/19 10:54:23.114, 0, 79, 122.71, 100, 7965, 885, 715, P0, 0x0000000000000020
2026/09/19 10:54:23.119, 1, 79, 109.25, 100, 8507, 1075, 715, P0, 0x0000000000000000
2026/09/19 10:54:24.129, 0, 79, 101.29, 100, 7965, 974, 715, P0, 0x0000000000000020
2026/09/19 10:54:24.135, 1, 79, 116.48, 100, 8507, 1126, 715, P0, 0x0000000000000020
2026/09/19 10:54:25.143, 0, 79, 105.37, 100, 7965, 822, 715, P0, 0x0000000000000000
2026/09/19 10:54:25.146, 1, 79, 121.70, 100, 8507, 1139, 715, P0, 0x0000000000000000
2026/09/19 10:54:26.159, 0, 79, 101.59, 100, 7965, 987, 715, P0, 0x0000000000000020
2026/09/19 10:54:26.163, 1, 78, 52.03, 72, 8507, 1227, 715, P0, 0x0000000000000000
2026/09/19 10:54:27.172, 0, 79, 96.54, 100, 7965, 961, 715, P0, 0x0000000000000000
2026/09/19 10:54:27.177, 1, 79, 115.30, 100, 8507, 1126, 715, P0, 0x0000000000000000
2026/09/19 10:54:28.186, 0, 79, 87.76, 100, 7965, 1025, 715, P0, 0x0000000000000000
2026/09/19 10:54:28.195, 1, 79, 114.92, 100, 8507, 1113, 715, P0, 0x0000000000000020
2026/09/19 10:54:29.215, 0, 79, 100.31, 100, 7965, 974, 715, P0, 0x0000000000000020
2026/09/19 10:54:29.217, 1, 79, 123.12, 100, 8507, 1126, 715, P0, 0x0000000000000020
2026/09/19 10:54:30.230, 0, 79, 115.74, 100, 7965, 772, 715, P0, 0x0000000000000020
2026/09/19 10:54:30.241, 1, 79, 121.59, 100, 8507, 1139, 715, P0, 0x0000000000000000
2026/09/19 10:54:31.245, 0, 79, 101.83, 100, 7965, 987, 715, P0, 0x0000000000000020
2026/09/19 10:54:31.248, 1, 78, 50.83, 0, 8507, 1189, 715, P0, 0x0000000000000000
2026/09/19 10:54:32.264, 0, 79, 93.50, 100, 7965, 835, 715, P0, 0x0000000000000000
2026/09/19 10:54:32.267, 1, 79, 105.86, 100, 8507, 1063, 715, P0, 0x0000000000000020
2026/09/19 10:54:33.278, 0, 79, 102.08, 100, 7965, 987, 715, P0, 0x0000000000000020
2026/09/19 10:54:33.280, 1, 79, 106.03, 100, 8507, 885, 715, P0, 0x0000000000000000
2026/09/19 10:54:34.291, 0, 79, 97.50, 100, 7965, 961, 715, P0, 0x0000000000000000
2026/09/19 10:54:34.299, 1, 79, 119.12, 100, 8507, 1139, 715, P0, 0x0000000000000000
2026/09/19 10:54:35.319, 0, 79, 79.15, 100, 7965, 1037, 715, P0, 0x0000000000000000
2026/09/19 10:54:35.323, 1, 79, 114.12, 100, 8507, 1126, 715, P0, 0x0000000000000020
2026/09/19 10:54:36.335, 0, 79, 101.85, 100, 7965, 987, 715, P0, 0x0000000000000020
2026/09/19 10:54:36.338, 1, 79, 49.86, 94, 8507, 1189, 715, P0, 0x0000000000000000
2026/09/19 10:54:37.348, 0, 79, 116.23, 100, 7965, 797, 715, P0, 0x0000000000000020
2026/09/19 10:54:37.360, 1, 79, 124.22, 100, 8507, 1151, 715, P0, 0x0000000000000020
2026/09/19 10:54:38.378, 0, 79, 101.63, 100, 7965, 987, 715, P0, 0x0000000000000000
2026/09/19 10:54:38.381, 1, 79, 102.20, 100, 8507, 923, 715, P0, 0x0000000000000000
2026/09/19 10:54:39.391, 0, 79, 98.44, 100, 7965, 734, 715, P0, 0x0000000000000020
2026/09/19 10:54:39.399, 1, 78, 103.69, 0, 8507, 1088, 715, P0, 0x0000000000000000
2026/09/19 10:54:40.422, 0, 79, 102.43, 100, 7965, 987, 715, P0, 0x0000000000000000
2026/09/19 10:54:40.428, 1, 79, 123.09, 100, 8507, 1050, 715, P0, 0x0000000000000000
2026/09/19 10:54:41.447, 0, 79, 99.61, 100, 7965, 974, 715, P0, 0x0000000000000020
2026/09/19 10:54:41.457, 1, 79, 142.20, 100, 8507, 1139, 715, P0, 0x0000000000000020
2026/09/19 10:54:42.478, 0, 79, 97.43, 100, 7965, 974, 715, P0, 0x0000000000000020
2026/09/19 10:54:42.481, 1, 79, 130.36, 100, 8507, 1113, 715, P0, 0x0000000000000020
2026/09/19 10:54:43.491, 0, 79, 101.39, 100, 7965, 987, 715, P0, 0x0000000000000000
2026/09/19 10:54:43.496, 1, 79, 97.27, 100, 8507, 1139, 715, P0, 0x0000000000000000
2026/09/19 10:54:44.521, 0, 79, 118.74, 100, 7965, 911, 715, P0, 0x0000000000000000
2026/09/19 10:54:44.527, 1, 78, 146.60, 0, 8507, 1050, 715, P0, 0x0000000000000020
2026/09/19 10:54:45.540, 0, 79, 100.40, 100, 7965, 987, 715, P0, 0x0000000000000020
2026/09/19 10:54:45.544, 1, 79, 107.74, 100, 8507, 1113, 715, P0, 0x0000000000000020
2026/09/19 10:54:46.556, 0, 79, 100.59, 100, 7965, 759, 715, P0, 0x0000000000000020
2026/09/19 10:54:46.559, 1, 79, 117.23, 100, 8507, 1113, 715, P0, 0x0000000000000020
2026/09/19 10:54:47.570, 0, 79, 101.04, 100, 7965, 987, 715, P0, 0x0000000000000020
2026/09/19 10:54:47.576, 1, 79, 121.68, 100, 8507, 1139, 715, P0, 0x0000000000000000
2026/09/19 10:54:48.584, 0, 79, 91.07, 100, 7965, 860, 715, P0, 0x0000000000000000
2026/09/19 10:54:48.588, 1, 80, 116.27, 100, 8507, 1126, 715, P0, 0x0000000000000020
2026/09/19 10:54:49.597, 0, 79, 101.83, 100, 7965, 987, 715, P0, 0x0000000000000020
2026/09/19 10:54:49.600, 1, 78, 51.55, 74, 8507, 1215, 715, P0, 0x0000000000000000
2026/09/19 10:54:50.611, 0, 79, 97.34, 100, 7965, 974, 715, P0, 0x0000000000000000
2026/09/19 10:54:50.618, 1, 79, 106.55, 100, 8507, 1075, 715, P0, 0x0000000000000000
2026/09/19 10:54:51.644, 0, 79, 97.59, 100, 7965, 987, 715, P0, 0x0000000000000020
2026/09/19 10:54:51.648, 1, 79, 103.69, 100, 8507, 1050, 715, P0, 0x0000000000000000
2026/09/19 10:54:52.655, 0, 79, 100.39, 100, 7965, 974, 715, P0, 0x0000000000000020
2026/09/19 10:54:52.658, 1, 79, 115.30, 100, 8507, 1126, 715, P0, 0x0000000000000000
2026/09/19 10:54:53.671, 0, 79, 120.78, 100, 7965, 1025, 715, P0, 0x0000000000000020
2026/09/19 10:54:53.678, 1, 79, 112.37, 100, 8507, 1113, 715, P0, 0x0000000000000000
2026/09/19 10:54:54.704, 0, 79, 100.88, 100, 7965, 974, 715, P0, 0x0000000000000020
2026/09/19 10:54:54.707, 1, 79, 49.86, 97, 8507, 1189, 715, P0, 0x0000000000000000
2026/09/19 10:54:55.717, 0, 79, 117.64, 100, 7965, 810, 715, P0, 0x0000000000000020
2026/09/19 10:54:55.721, 1, 79, 93.17, 100, 8507, 923, 715, P0, 0x0000000000000000
2026/09/19 10:54:56.733, 0, 79, 101.79, 100, 7965, 987, 715, P0, 0x0000000000000000
2026/09/19 10:54:56.737, 1, 79, 106.26, 100, 8507, 1037, 715, P0, 0x0000000000000020
2026/09/19 10:54:57.749, 0, 79, 112.58, 100, 7965, 759, 715, P0, 0x0000000000000020
2026/09/19 10:54:57.762, 1, 79, 100.07, 0, 8507, 1050, 715, P0, 0x0000000000000000
2026/09/19 10:54:58.777, 0, 79, 101.76, 100, 7965, 987, 715, P0, 0x0000000000000000
2026/09/19 10:54:58.780, 1, 79, 134.88, 100, 8507, 1075, 715, P0, 0x0000000000000020
2026/09/19 10:54:59.806, 0, 79, 97.28, 100, 7965, 961, 715, P0, 0x0000000000000000
2026/09/19 10:54:59.819, 1, 79, 112.49, 100, 8507, 1063, 715, P0, 0x0000000000000020
2026/09/19 10:55:00.835, 0, 79, 101.04, 100, 7965, 974, 715, P0, 0x0000000000000020
2026/09/19 10:55:00.838, 1, 79, 137.05, 100, 8507, 1075, 715, P0, 0x0000000000000020
2026/09/19 10:55:01.846, 0, 79, 99.18, 100, 7965, 974, 715, P0, 0x0000000000000000
2026/09/19 10:55:01.849, 1, 79, 114.82, 100, 8507, 1101, 715, P0, 0x0000000000000020
2026/09/19 10:55:02.860, 0, 79, 99.73, 100, 7965, 987, 715, P0, 0x0000000000000020
2026/09/19 10:55:02.863, 1, 78, 50.35, 0, 8507, 1189, 715, P0, 0x0000000000000000
2026/09/19 10:55:03.876, 0, 79, 99.42, 100, 7965, 961, 715, P0, 0x0000000000000020
2026/09/19 10:55:03.878, 1, 79, 120.72, 100, 8507, 1139, 715, P0, 0x0000000000000020
2026/09/19 10:55:04.889, 0, 79, 89.47, 100, 7965, 1025, 715, P0, 0x0000000000000000
2026/09/19 10:55:04.899, 1, 79, 102.33, 100, 8507, 1012, 715, P0, 0x0000000000000020
2026/09/19 10:55:05.903, 0, 79, 100.64, 100, 7965, 974, 715, P0, 0x0000000000000020
2026/09/19 10:55:05.906, 1, 79, 112.71, 100, 8507, 1101, 715, P0, 0x0000000000000000
2026/09/19 10:55:06.914, 0, 79, 92.79, 100, 7965, 1050, 715, P0, 0x0000000000000000
2026/09/19 10:55:06.918, 1, 79, 106.64, 100, 8507, 1075, 715, P0, 0x0000000000000000
2026/09/19 10:55:07.942, 0, 79, 101.13, 100, 7965, 987, 715, P0, 0x0000000000000000
2026/09/19 10:55:07.945, 1, 79, 87.26, 100, 8507, 1126, 715, P0, 0x0000000000000020
2026/09/19 10:55:08.958, 0, 79, 123.97, 100, 7965, 1050, 715, P0, 0x0000000000000000
2026/09/19 10:55:08.961, 1, 79, 105.92, 100, 8507, 1088, 715, P0, 0x0000000000000000
2026/09/19 10:55:09.979, 0, 79, 101.53, 100, 7965, 987, 715, P0, 0x0000000000000000
2026/09/19 10:55:09.982, 1, 79, 128.29, 100, 8507, 923, 715, P0, 0x0000000000000020
2026/09/19 10:55:11.008, 0, 79, 114.18, 99, 7965, 784, 715, P0, 0x0000000000000020
2026/09/19 10:55:11.022, 1, 78, 140.62, 30, 8507, 873, 715, P0, 0x0000000000000020
2026/09/19 10:55:12.054, 0, 79, 100.88, 100, 7965, 974, 715, P0, 0x0000000000000020
2026/09/19 10:55:12.057, 1, 79, 111.29, 100, 8507, 1075, 715, P0, 0x0000000000000020
2026/09/19 10:55:13.066, 0, 79, 113.93, 100, 7965, 797, 715, P0, 0x0000000000000020
2026/09/19 10:55:13.069, 1, 79, 108.09, 100, 8507, 1075, 715, P0, 0x0000000000000000
2026/09/19 10:55:14.077, 0, 79, 100.57, 100, 7965, 974, 715, P0, 0x0000000000000020
2026/09/19 10:55:14.080, 1, 79, 116.26, 100, 8507, 1113, 715, P0, 0x0000000000000020
2026/09/19 10:55:15.093, 0, 79, 116.42, 100, 7965, 835, 715, P0, 0x0000000000000000
2026/09/19 10:55:15.101, 1, 79, 114.98, 100, 8507, 1101, 715, P0, 0x0000000000000020
2026/09/19 10:55:16.110, 0, 79, 102.54, 100, 7965, 987, 715, P0, 0x0000000000000000
2026/09/19 10:55:16.118, 1, 78, 56.34, 44, 8507, 1316, 715, P0, 0x0000000000000000
2026/09/19 10:55:17.125, 0, 79, 106.77, 100, 7965, 746, 715, P0, 0x0000000000000020
2026/09/19 10:55:17.128, 1, 79, 115.06, 100, 8507, 1126, 715, P0, 0x0000000000000020
2026/09/19 10:55:18.138, 0, 79, 101.14, 100, 7965, 974, 715, P0, 0x0000000000000020
2026/09/19 10:55:18.141, 1, 79, 102.48, 100, 8507, 923, 715, P0, 0x0000000000000020
2026/09/19 10:55:19.151, 0, 79, 104.25, 100, 7965, 746, 715, P0, 0x0000000000000020
2026/09/19 10:55:19.162, 1, 78, 96.32, 8, 8507, 974, 715, P0, 0x0000000000000000
2026/09/19 10:55:20.167, 0, 79, 101.61, 100, 7965, 974, 715, P0, 0x0000000000000020
2026/09/19 10:55:20.170, 1, 79, 104.40, 100, 8507, 1050, 715, P0, 0x0000000000000020
2026/09/19 10:55:21.181, 0, 79, 90.85, 100, 7965, 873, 715, P0, 0x0000000000000000
2026/09/19 10:55:21.184, 1, 79, 107.77, 100, 8507, 1050, 715, P0, 0x0000000000000020
2026/09/19 10:55:22.195, 0, 79, 101.84, 100, 7965, 987, 715, P0, 0x0000000000000000
2026/09/19 10:55:22.198, 1, 79, 113.13, 100, 8507, 1101, 715, P0, 0x0000000000000000
2026/09/19 10:55:23.208, 0, 79, 91.08, 100, 7965, 873, 715, P0, 0x0000000000000000
2026/09/19 10:55:23.221, 1, 79, 111.06, 100, 8507, 1075, 715, P0, 0x0000000000000020
2026/09/19 10:55:24.241, 0, 79, 102.07, 100, 7965, 987, 715, P0, 0x0000000000000020
2026/09/19 10:55:24.244, 1, 78, 50.58, 15, 8507, 1189, 715, P0, 0x0000000000000000
2026/09/19 10:55:25.254, 0, 79, 90.83, 100, 7965, 873, 715, P0, 0x0000000000000000
2026/09/19 10:55:25.260, 1, 79, 121.23, 100, 8507, 1139, 715, P0, 0x0000000000000000
2026/09/19 10:55:26.272, 0, 79, 101.53, 100, 7965, 987, 715, P0, 0x0000000000000020
2026/09/19 10:55:26.277, 1, 80, 115.28, 100, 8507, 1126, 715, P0, 0x0000000000000000
2026/09/19 10:55:27.288, 0, 79, 86.80, 99, 7965, 822, 715, P0, 0x0000000000000000
2026/09/19 10:55:27.301, 1, 79, 109.63, 58, 8507, 1101, 715, P0, 0x0000000000000000
2026/09/19 10:55:28.319, 0, 79, 101.28, 100, 7965, 987, 715, P0, 0x0000000000000000
2026/09/19 10:55:28.323, 1, 79, 126.77, 100, 8507, 961, 715, P0, 0x0000000000000020
2026/09/19 10:55:29.333, 0, 79, 93.72, 100, 7965, 936, 715, P0, 0x0000000000000000
2026/09/19 10:55:29.341, 1, 79, 113.62, 100, 8507, 1101, 715, P0, 0x0000000000000000
2026/09/19 10:55:30.346, 0, 79, 101.36, 100, 7965, 987, 715, P0, 0x0000000000000000
2026/09/19 10:55:30.349, 1, 79, 108.16, 100, 8507, 1126, 715, P0, 0x0000000000000020
2026/09/19 10:55:31.360, 0, 79, 91.07, 100, 7965, 873, 715, P0, 0x0000000000000000
2026/09/19 10:55:31.363, 1, 79, 115.61, 100, 8507, 1113, 715, P0, 0x0000000000000020
2026/09/19 10:55:32.380, 0, 79, 102.55, 100, 7965, 987, 715, P0, 0x0000000000000020
2026/09/19 10:55:32.383, 1, 78, 50.58, 33, 8507, 1189, 715, P0, 0x0000000000000000
2026/09/19 10:55:33.395, 0, 79, 89.15, 100, 7965, 822, 715, P0, 0x0000000000000000
2026/09/19 10:55:33.401, 1, 79, 120.59, 100, 8507, 1139, 715, P0, 0x0000000000000000
2026/09/19 10:55:34.410, 0, 79, 101.87, 100, 7965, 987, 715, P0, 0x0000000000000000
2026/09/19 10:55:34.419, 1, 79, 98.94, 100, 8507, 999, 715, P0, 0x0000000000000000
2026/09/19 10:55:35.439, 0, 79, 93.20, 98, 7965, 772, 715, P0, 0x0000000000000000
2026/09/19 10:55:35.442, 1, 79, 111.06, 72, 8507, 1113, 715, P0, 0x0000000000000000
2026/09/19 10:55:36.459, 0, 79, 100.76, 100, 7965, 974, 715, P0, 0x0000000000000020
2026/09/19 10:55:36.461, 1, 79, 141.35, 100, 8507, 1075, 715, P0, 0x0000000000000020
2026/09/19 10:55:37.472, 0, 79, 91.59, 100, 7965, 860, 715, P0, 0x0000000000000000
2026/09/19 10:55:37.481, 1, 79, 100.17, 100, 8507, 961, 715, P0, 0x0000000000000020
2026/09/19 10:55:38.485, 0, 79, 101.85, 100, 7965, 987, 715, P0, 0x0000000000000000
2026/09/19 10:55:38.488, 1, 79, 107.93, 100, 8507, 1075, 715, P0, 0x0000000000000020
2026/09/19 10:55:39.500, 0, 79, 115.61, 100, 7965, 810, 715, P0, 0x0000000000000020
2026/09/19 10:55:39.503, 1, 79, 106.50, 100, 8507, 1075, 715, P0, 0x0000000000000000
2026/09/19 10:55:40.513, 0, 79, 99.90, 100, 7965, 999, 715, P0, 0x0000000000000000
2026/09/19 10:55:40.520, 1, 79, 49.86, 97, 8507, 1189, 715, P0, 0x0000000000000000
2026/09/19 10:55:41.530, 0, 79, 106.76, 100, 7965, 772, 715, P0, 0x0000000000000000
2026/09/19 10:55:41.543, 1, 79, 114.51, 100, 8507, 1113, 715, P0, 0x0000000000000020
2026/09/19 10:55:42.562, 0, 79, 99.85, 100, 7965, 961, 715, P0, 0x0000000000000020
2026/09/19 10:55:42.564, 1, 79, 122.39, 100, 8507, 961, 715, P0, 0x0000000000000020
2026/09/19 10:55:43.574, 0, 79, 108.05, 100, 7965, 784, 715, P0, 0x0000000000000020
2026/09/19 10:55:43.581, 1, 79, 130.16, 0, 8507, 1101, 715, P0, 0x0000000000000020
2026/09/19 10:55:44.586, 0, 79, 101.86, 100, 7965, 987, 715, P0, 0x0000000000000000
2026/09/19 10:55:44.589, 1, 79, 100.31, 100, 8507, 1113, 715, P0, 0x0000000000000000
2026/09/19 10:55:45.604, 0, 79, 114.49, 100, 7965, 822, 715, P0, 0x0000000000000020
2026/09/19 10:55:45.607, 1, 79, 98.86, 100, 8507, 961, 715, P0, 0x0000000000000020
2026/09/19 10:55:46.630, 0, 79, 101.36, 100, 7965, 974, 715, P0, 0x0000000000000020
2026/09/19 10:55:46.640, 1, 79, 110.81, 100, 8507, 1075, 715, P0, 0x0000000000000000
2026/09/19 10:55:47.658, 0, 79, 124.15, 100, 7965, 898, 715, P0, 0x0000000000000020
2026/09/19 10:55:47.662, 1, 79, 106.68, 100, 8507, 1063, 715, P0, 0x0000000000000000
2026/09/19 10:55:48.671, 0, 79, 101.15, 100, 7965, 974, 715, P0, 0x0000000000000020
2026/09/19 10:55:48.681, 1, 79, 85.82, 100, 8507, 1101, 715, P0, 0x0000000000000000
2026/09/19 10:55:49.685, 0, 79, 89.40, 100, 7965, 987, 715, P0, 0x0000000000000000
2026/09/19 10:55:49.688, 1, 79, 125.86, 100, 8507, 949, 715, P0, 0x0000000000000020
2026/09/19 10:55:50.713, 0, 79, 101.29, 100, 7965, 987, 715, P0, 0x0000000000000000
2026/09/19 10:55:50.719, 1, 79, 113.19, 100, 8507, 1101, 715, P0, 0x0000000000000020
2026/09/19 10:55:51.724, 0, 79, 90.12, 100, 7965, 999, 715, P0, 0x0000000000000000
2026/09/19 10:55:51.727, 1, 78, 56.63, 0, 8507, 1316, 715, P0, 0x0000000000000000
2026/09/19 10:55:52.740, 0, 79, 98.69, 100, 7965, 974, 715, P0, 0x0000000000000000
2026/09/19 10:55:52.743, 1, 80, 119.06, 100, 8507, 1126, 715, P0, 0x0000000000000020
2026/09/19 10:55:53.752, 0, 79, 100.66, 100, 7965, 974, 715, P0, 0x0000000000000020
2026/09/19 10:55:53.760, 1, 79, 101.52, 100, 8507, 1025, 715, P0, 0x0000000000000000
2026/09/19 10:55:54.767, 0, 79, 93.24, 99, 7965, 898, 715, P0, 0x0000000000000000
2026/09/19 10:55:54.771, 1, 79, 114.82, 45, 8507, 1113, 715, P0, 0x0000000000000020
2026/09/19 10:55:55.783, 0, 79, 101.76, 100, 7965, 974, 715, P0, 0x0000000000000020
2026/09/19 10:55:55.786, 1, 79, 128.77, 100, 8507, 1012, 715, P0, 0x0000000000000020
2026/09/19 10:55:56.798, 0, 79, 89.88, 100, 7965, 873, 715, P0, 0x0000000000000000
2026/09/19 10:55:56.802, 1, 79, 114.84, 100, 8507, 1101, 715, P0, 0x0000000000000000
2026/09/19 10:55:57.814, 0, 79, 100.08, 100, 7965, 961, 715, P0, 0x0000000000000020
2026/09/19 10:55:57.821, 1, 79, 121.68, 100, 8507, 1126, 715, P0, 0x0000000000000020
2026/09/19 10:55:58.827, 0, 79, 113.67, 100, 7965, 772, 715, P0, 0x0000000000000020
2026/09/19 10:55:58.830, 1, 79, 121.43, 100, 8507, 1113, 715, P0, 0x0000000000000020
2026/09/19 10:55:59.856, 0, 79, 102.07, 100, 7965, 974, 715, P0, 0x0000000000000020
2026/09/19 10:55:59.861, 1, 79, 50.34, 17, 8507, 1189, 715, P0, 0x0000000000000000
2026/09/19 10:56:00.870, 0, 79, 128.15, 100, 7965, 898, 715, P0, 0x0000000000000020
2026/09/19 10:56:00.883, 1, 79, 106.13, 100, 8507, 1088, 715, P0, 0x0000000000000000
2026/09/19 10:56:01.902, 0, 79, 101.14, 100, 7965, 987, 715, P0, 0x0000000000000000
2026/09/19 10:56:01.905, 1, 79, 106.09, 100, 8507, 1139, 715, P0, 0x0000000000000000
2026/09/19 10:56:02.913, 0, 79, 128.44, 100, 7965, 911, 715, P0, 0x0000000000000020
2026/09/19 10:56:02.923, 1, 78, 50.04, 0, 8507, 1189, 715, P0, 0x0000000000000000
2026/09/19 10:56:03.927, 0, 79, 99.58, 100, 7965, 961, 715, P0, 0x0000000000000020
2026/09/19 10:56:03.930, 1, 79, 126.64, 100, 8507, 1164, 715, P0, 0x0000000000000000
2026/09/19 10:56:04.954, 0, 79, 100.65, 100, 7965, 974, 715, P0, 0x0000000000000020
2026/09/19 10:56:04.960, 1, 79, 108.42, 100, 8507, 1075, 715, P0, 0x0000000000000000
2026/09/19 10:56:05.968, 0, 79, 95.57, 99, 7965, 936, 715, P0, 0x0000000000000000
2026/09/19 10:56:05.971, 1, 79, 118.42, 62, 8507, 1139, 715, P0, 0x0000000000000000
2026/09/19 10:56:06.984, 0, 79, 101.76, 100, 7965, 987, 715, P0, 0x0000000000000000
2026/09/19 10:56:06.987, 1, 79, 127.65, 100, 8507, 1037, 715, P0, 0x0000000000000000
2026/09/19 10:56:07.998, 0, 79, 92.26, 100, 7965, 911, 715, P0, 0x0000000000000000
2026/09/19 10:56:08.003, 1, 80, 117.23, 100, 8507, 1126, 715, P0, 0x0000000000000020
2026/09/19 10:56:09.013, 0, 79, 102.00, 100, 7965, 974, 715, P0, 0x0000000000000020
2026/09/19 10:56:09.022, 1, 79, 122.40, 100, 8507, 1139, 715, P0, 0x0000000000000020
2026/09/19 10:56:10.034, 0, 79, 114.48, 100, 7965, 784, 715, P0, 0x0000000000000020
2026/09/19 10:56:10.044, 1, 79, 106.23, 100, 8507, 1050, 715, P0, 0x0000000000000000
2026/09/19 10:56:11.054, 0, 79, 101.35, 100, 7965, 987, 715, P0, 0x0000000000000000
2026/09/19 10:56:11.061, 1, 79, 53.21, 63, 8507, 1265, 715, P0, 0x0000000000000000
2026/09/19 10:56:12.069, 0, 79, 116.73, 100, 7965, 847, 715, P0, 0x0000000000000020
2026/09/19 10:56:12.071, 1, 79, 112.87, 100, 8507, 1113, 715, P0, 0x0000000000000000
2026/09/19 10:56:13.083, 0, 79, 101.86, 100, 7965, 987, 715, P0, 0x0000000000000000
2026/09/19 10:56:13.086, 1, 79, 108.90, 100, 8507, 1164, 715, P0, 0x0000000000000000
2026/09/19 10:56:14.095, 0, 79, 126.12, 100, 7965, 1012, 715, P0, 0x0000000000000020
2026/09/19 10:56:14.102, 1, 78, 50.02, 0, 8507, 1189, 715, P0, 0x0000000000000000
2026/09/19 10:56:15.113, 0, 79, 100.08, 100, 7965, 974, 715, P0, 0x0000000000000020
2026/09/19 10:56:15.121, 1, 80, 118.10, 100, 8507, 1126, 715, P0, 0x0000000000000020
2026/09/19 10:56:16.127, 0, 79, 101.38, 100, 7965, 987, 715, P0, 0x0000000000000000
2026/09/19 10:56:16.130, 1, 79, 105.36, 100, 8507, 1050, 715, P0, 0x0000000000000020
2026/09/19 10:56:17.144, 0, 79, 90.83, 98, 7965, 873, 715, P0, 0x0000000000000000
2026/09/19 10:56:17.148, 1, 79, 109.87, 50, 8507, 1101, 715, P0, 0x0000000000000000
2026/09/19 10:56:18.156, 0, 79, 101.52, 100, 7965, 987, 715, P0, 0x0000000000000000
2026/09/19 10:56:18.161, 1, 79, 128.34, 100, 8507, 1139, 715, P0, 0x0000000000000020
2026/09/19 10:56:19.169, 0, 79, 114.64, 100, 7965, 797, 715, P0, 0x0000000000000000
2026/09/19 10:56:19.172, 1, 79, 112.35, 100, 8507, 1075, 715, P0, 0x0000000000000020
2026/09/19 10:56:20.182, 0, 79, 101.04, 100, 7965, 974, 715, P0, 0x0000000000000000
2026/09/19 10:56:20.184, 1, 79, 124.72, 100, 8507, 1139, 715, P0, 0x0000000000000020
2026/09/19 10:56:21.194, 0, 79, 128.50, 100, 7965, 949, 715, P0, 0x0000000000000020
2026/09/19 10:56:21.203, 1, 80, 120.82, 100, 8507, 1139, 715, P0, 0x0000000000000020
2026/09/19 10:56:22.210, 0, 79, 99.66, 100, 7965, 974, 715, P0, 0x0000000000000020
2026/09/19 10:56:22.213, 1, 79, 54.22, 100, 8507, 1189, 715, P0, 0x0000000000000000
2026/09/19 10:56:23.225, 0, 79, 100.08, 100, 7965, 961, 715, P0, 0x0000000000000020
2026/09/19 10:56:23.231, 1, 79, 124.95, 100, 8507, 1012, 715, P0, 0x0000000000000020
2026/09/19 10:56:24.259, 0, 79, 97.50, 100, 7965, 961, 715, P0, 0x0000000000000000
2026/09/19 10:56:24.264, 1, 80, 116.50, 100, 8507, 1113, 715, P0, 0x0000000000000020
2026/09/19 10:56:25.274, 0, 79, 102.07, 100, 7965, 987, 715, P0, 0x0000000000000020
2026/09/19 10:56:25.282, 1, 78, 50.34, 13, 8507, 1189, 715, P0, 0x0000000000000000
2026/09/19 10:56:26.286, 0, 79, 100.92, 100, 7965, 746, 715, P0, 0x0000000000000020
2026/09/19 10:56:26.289, 1, 79, 106.82, 100, 8507, 1075, 715, P0, 0x0000000000000000
2026/09/19 10:56:27.302, 0, 79, 102.01, 100, 7965, 987, 715, P0, 0x0000000000000000
2026/09/19 10:56:27.308, 1, 79, 133.77, 100, 8507, 1101, 715, P0, 0x0000000000000020
2026/09/19 10:56:28.317, 0, 79, 114.81, 100, 7965, 810, 715, P0, 0x0000000000000020
2026/09/19 10:56:28.326, 1, 78, 140.89, 0, 8507, 1075, 715, P0, 0x0000000000000020
2026/09/19 10:56:29.343, 0, 79, 100.63, 100, 7965, 974, 715, P0, 0x0000000000000020
2026/09/19 10:56:29.345, 1, 79, 116.02, 100, 8507, 1126, 715, P0, 0x0000000000000000
2026/09/19 10:56:30.355, 0, 79, 91.56, 100, 7965, 999, 715, P0, 0x0000000000000000
2026/09/19 10:56:30.363, 1, 79, 116.05, 100, 8507, 1101, 715, P0, 0x0000000000000020
2026/09/19 10:56:31.384, 0, 79, 98.94, 98, 7965, 974, 715, P0, 0x0000000000000000
2026/09/19 10:56:31.387, 1, 79, 119.30, 76, 8507, 1139, 715, P0, 0x0000000000000000
2026/09/19 10:56:32.395, 0, 79, 100.98, 100, 7965, 974, 715, P0, 0x0000000000000020
2026/09/19 10:56:32.402, 1, 79, 130.77, 100, 8507, 1050, 715, P0, 0x0000000000000020
2026/09/19 10:56:33.424, 0, 79, 90.62, 100, 7965, 860, 715, P0, 0x0000000000000000
2026/09/19 10:56:33.427, 1, 79, 104.90, 100, 8507, 1037, 715, P0, 0x0000000000000020
2026/09/19 10:56:34.433, 0, 79, 101.12, 100, 7965, 974, 715, P0, 0x0000000000000020
2026/09/19 10:56:34.441, 1, 79, 113.61, 100, 8507, 1101, 715, P0, 0x0000000000000020
2026/09/19 10:56:35.462, 0, 79, 116.48, 100, 7965, 835, 715, P0, 0x0000000000000020
2026/09/19 10:56:35.468, 1, 79, 114.24, 100, 8507, 1101, 715, P0, 0x0000000000000020
2026/09/19 10:56:36.479, 0, 79, 100.68, 100, 7965, 974, 715, P0, 0x0000000000000020
2026/09/19 10:56:36.483, 1, 79, 51.80, 94, 8507, 1189, 715, P0, 0x0000000000000000
2026/09/19 10:56:37.491, 0, 79, 100.74, 100, 7965, 974, 715, P0, 0x0000000000000020
2026/09/19 10:56:37.502, 1, 79, 128.06, 100, 8507, 1063, 715, P0, 0x0000000000000000
2026/09/19 10:56:38.524, 0, 79, 98.94, 100, 7965, 974, 715, P0, 0x0000000000000000
2026/09/19 10:56:38.527, 1, 79, 116.98, 100, 8507, 1126, 715, P0, 0x0000000000000000
2026/09/19 10:56:39.540, 0, 79, 102.06, 100, 7965, 987, 715, P0, 0x0000000000000000
2026/09/19 10:56:39.543, 1, 78, 53.44, 0, 8507, 1265, 715, P0, 0x0000000000000000
2026/09/19 10:56:40.560, 0, 79, 89.37, 100, 7965, 797, 715, P0, 0x0000000000000000
2026/09/19 10:56:40.565, 1, 79, 126.27, 100, 8507, 1151, 715, P0, 0x0000000000000020
2026/09/19 10:56:41.569, 0, 79, 101.29, 100, 7965, 987, 715, P0, 0x0000000000000000
2026/09/19 10:56:41.572, 1, 79, 119.75, 100, 8507, 936, 715, P0, 0x0000000000000020
2026/09/19 10:56:42.583, 0, 79, 113.17, 100, 7965, 873, 715, P0, 0x0000000000000000
2026/09/19 10:56:42.588, 1, 78, 161.01, 0, 8507, 1075, 715, P0, 0x0000000000000020
2026/09/19 10:56:43.599, 0, 79, 100.81, 100, 7965, 987, 715, P0, 0x0000000000000000
2026/09/19 10:56:43.603, 1, 79, 116.25, 100, 8507, 1101, 715, P0, 0x0000000000000020
2026/09/19 10:56:44.613, 0, 79, 102.25, 100, 7965, 974, 715, P0, 0x0000000000000020
2026/09/19 10:56:44.622, 1, 79, 115.28, 100, 8507, 1101, 715, P0, 0x0000000000000020
2026/09/19 10:56:45.643, 0, 79, 94.20, 100, 7965, 936, 715, P0, 0x0000000000000000
2026/09/19 10:56:45.648, 1, 79, 114.82, 100, 8507, 1139, 715, P0, 0x0000000000000000
2026/09/19 10:56:46.662, 0, 79, 101.04, 100, 7965, 974, 715, P0, 0x0000000000000020
2026/09/19 10:56:46.665, 1, 80, 132.83, 100, 8507, 1037, 715, P0, 0x0000000000000020
2026/09/19 10:56:47.687, 0, 79, 111.31, 100, 7965, 822, 715, P0, 0x0000000000000020
2026/09/19 10:56:47.691, 1, 79, 96.49, 100, 8507, 911, 715, P0, 0x0000000000000020
2026/09/19 10:56:48.704, 0, 79, 101.85, 100, 7965, 987, 715, P0, 0x0000000000000020
2026/09/19 10:56:48.707, 1, 79, 105.54, 100, 8507, 1050, 715, P0, 0x0000000000000020
2026/09/19 10:56:49.717, 0, 79, 102.54, 100, 7965, 1063, 715, P0, 0x0000000000000000
2026/09/19 10:56:49.724, 1, 79, 96.46, 100, 8507, 999, 715, P0, 0x0000000000000000
2026/09/19 10:56:50.746, 0, 79, 100.89, 100, 7965, 987, 715, P0, 0x0000000000000000
2026/09/19 10:56:50.751, 1, 79, 109.13, 100, 8507, 1050, 715, P0, 0x0000000000000020
2026/09/19 10:56:51.761, 0, 79, 101.28, 100, 7965, 974, 715, P0, 0x0000000000000020
2026/09/19 10:56:51.764, 1, 79, 134.00, 100, 8507, 1126, 715, P0, 0x0000000000000020
2026/09/19 10:56:52.775, 0, 79, 92.03, 100, 7965, 911, 715, P0, 0x0000000000000000
2026/09/19 10:56:52.785, 1, 79, 114.41, 100, 8507, 1101, 715, P0, 0x0000000000000000
2026/09/19 10:56:53.805, 0, 79, 102.09, 100, 7965, 999, 715, P0, 0x0000000000000000
2026/09/19 10:56:53.808, 1, 79, 49.86, 100, 8507, 1189, 715, P0, 0x0000000000000000
2026/09/19 10:56:54.822, 0, 79, 115.41, 100, 7965, 797, 715, P0, 0x0000000000000020
2026/09/19 10:56:54.829, 1, 79, 119.04, 100, 8507, 1151, 715, P0, 0x0000000000000000
2026/09/19 10:56:55.838, 0, 79, 100.91, 100, 7965, 987, 715, P0, 0x0000000000000000
2026/09/19 10:56:55.843, 1, 79, 87.03, 100, 8507, 1113, 715, P0, 0x0000000000000000
2026/09/19 10:56:56.854, 0, 79, 95.88, 100, 7965, 987, 715, P0, 0x0000000000000020
2026/09/19 10:56:56.863, 1, 78, 50.35, 0, 8507, 1189, 715, P0, 0x0000000000000000
2026/09/19 10:56:57.867, 0, 79, 96.07, 100, 7965, 949, 715, P0, 0x0000000000000000
2026/09/19 10:56:57.870, 1, 79, 112.49, 100, 8507, 1101, 715, P0, 0x0000000000000000
2026/09/19 10:56:58.882, 0, 79, 102.25, 100, 7965, 974, 715, P0, 0x0000000000000020
2026/09/19 10:56:58.885, 1, 79, 121.74, 100, 8507, 923, 715, P0, 0x0000000000000020
2026/09/19 10:56:59.902, 0, 79, 111.14, 100, 7965, 784, 715, P0, 0x0000000000000020
2026/09/19 10:56:59.906, 1, 79, 147.66, 0, 8507, 974, 715, P0, 0x0000000000000020
2026/09/19 10:57:00.917, 0, 79, 101.29, 100, 7965, 974, 715, P0, 0x0000000000000020
2026/09/19 10:57:00.922, 1, 79, 117.20, 100, 8507, 1126, 715, P0, 0x0000000000000000
2026/09/19 10:57:01.944, 0, 79, 102.25, 100, 7965, 987, 715, P0, 0x0000000000000000
2026/09/19 10:57:01.947, 1, 79, 117.20, 100, 8507, 1126, 715, P0, 0x0000000000000020
2026/09/19 10:57:02.960, 0, 79, 94.35, 99, 7965, 936, 715, P0, 0x0000000000000000
2026/09/19 10:57:02.966, 1, 79, 128.55, 56, 8507, 1177, 715, P0, 0x0000000000000020
2026/09/19 10:57:03.977, 0, 79, 100.79, 100, 7965, 987, 715, P0, 0x0000000000000020
2026/09/19 10:57:03.982, 1, 80, 134.19, 100, 8507, 1050, 715, P0, 0x0000000000000020
2026/09/19 10:57:05.005, 0, 79, 110.89, 100, 7965, 810, 715, P0, 0x0000000000000000
2026/09/19 10:57:05.009, 1, 79, 100.79, 100, 8507, 987, 715, P0, 0x0000000000000000
2026/09/19 10:57:06.021, 0, 79, 101.53, 100, 7965, 987, 715, P0, 0x0000000000000000
2026/09/19 10:57:06.024, 1, 79, 115.70, 100, 8507, 1126, 715, P0, 0x0000000000000000
2026/09/19 10:57:07.032, 0, 79, 101.78, 100, 7965, 987, 715, P0, 0x0000000000000000
2026/09/19 10:57:07.046, 1, 79, 110.08, 100, 8507, 1101, 715, P0, 0x0000000000000000
2026/09/19 10:57:08.061, 0, 79, 98.80, 100, 7965, 961, 715, P0, 0x0000000000000020
2026/09/19 10:57:08.064, 1, 79, 96.79, 100, 8507, 923, 715, P0, 0x0000000000000020
2026/09/19 10:57:09.077, 0, 79, 101.61, 100, 7965, 987, 715, P0, 0x0000000000000000
2026/09/19 10:57:09.084, 1, 79, 108.18, 100, 8507, 1050, 715, P0, 0x0000000000000020
2026/09/19 10:57:10.092, 0, 79, 116.40, 100, 7965, 784, 715, P0, 0x0000000000000000
2026/09/19 10:57:10.095, 1, 79, 103.84, 100, 8507, 1050, 715, P0, 0x0000000000000000
2026/09/19 10:57:11.105, 0, 79, 101.37, 100, 7965, 987, 715, P0, 0x0000000000000000
2026/09/19 10:57:11.108, 1, 79, 108.65, 100, 8507, 1050, 715, P0, 0x0000000000000020
2026/09/19 10:57:12.119, 0, 79, 101.66, 100, 7965, 974, 715, P0, 0x0000000000000020
2026/09/19 10:57:12.124, 1, 79, 134.43, 100, 8507, 1025, 715, P0, 0x0000000000000020
2026/09/19 10:57:13.147, 0, 79, 95.10, 100, 7965, 923, 715, P0, 0x0000000000000000
2026/09/19 10:57:13.150, 1, 79, 116.26, 100, 8507, 1113, 715, P0, 0x0000000000000020
2026/09/19 10:57:14.165, 0, 79, 101.81, 100, 7965, 987, 715, P0, 0x0000000000000020
2026/09/19 10:57:14.169, 1, 79, 56.82, 50, 8507, 1316, 715, P0, 0x0000000000000000
2026/09/19 10:57:15.179, 0, 79, 123.55, 100, 7965, 911, 715, P0, 0x0000000000000020
2026/09/19 10:57:15.188, 1, 80, 124.11, 100, 8507, 1164, 715, P0, 0x0000000000000020
2026/09/19 10:57:16.193, 0, 79, 101.37, 100, 7965, 974, 715, P0, 0x0000000000000020
2026/09/19 10:57:16.204, 1, 79, 108.88, 100, 8507, 1075, 715, P0, 0x0000000000000000
2026/09/19 10:57:17.225, 0, 79, 102.80, 100, 7965, 987, 715, P0, 0x0000000000000020
2026/09/19 10:57:17.228, 1, 78, 50.10, 31, 8507, 1189, 715, P0, 0x0000000000000000
2026/09/19 10:57:18.241, 0, 79, 91.56, 100, 7965, 873, 715, P0, 0x0000000000000000
2026/09/19 10:57:18.246, 1, 79, 113.94, 100, 8507, 1113, 715, P0, 0x0000000000000020
2026/09/19 10:57:19.255, 0, 79, 101.44, 100, 7965, 987, 715, P0, 0x0000000000000020
2026/09/19 10:57:19.263, 1, 79, 131.15, 100, 8507, 974, 715, P0, 0x0000000000000020
2026/09/19 10:57:20.286, 0, 79, 121.06, 100, 7965, 898, 715, P0, 0x0000000000000020
2026/09/19 10:57:20.289, 1, 78, 53.15, 0, 8507, 1265, 715, P0, 0x0000000000000000
2026/09/19 10:57:21.301, 0, 79, 99.90, 100, 7965, 974, 715, P0, 0x0000000000000020
2026/09/19 10:57:21.304, 1, 79, 116.00, 100, 8507, 1126, 715, P0, 0x0000000000000020
2026/09/19 10:57:22.314, 0, 79, 101.63, 100, 7965, 987, 715, P0, 0x0000000000000000
2026/09/19 10:57:22.325, 1, 79, 100.31, 100, 8507, 1025, 715, P0, 0x0000000000000000
2026/09/19 10:57:23.343, 0, 79, 114.91, 100, 7965, 797, 715, P0, 0x0000000000000000
2026/09/19 10:57:23.349, 1, 79, 101.45, 11, 8507, 1063, 715, P0, 0x0000000000000000
2026/09/19 10:57:24.356, 0, 79, 100.80, 100, 7965, 974, 715, P0, 0x0000000000000020
2026/09/19 10:57:24.363, 1, 79, 118.58, 100, 8507, 1101, 715, P0, 0x0000000000000020
2026/09/19 10:57:25.384, 0, 79, 88.19, 100, 7965, 1025, 715, P0, 0x0000000000000000
2026/09/19 10:57:25.386, 1, 79, 113.48, 100, 8507, 1101, 715, P0, 0x0000000000000020
2026/09/19 10:57:26.398, 0, 79, 98.32, 100, 7965, 961, 715, P0, 0x0000000000000000
2026/09/19 10:57:26.405, 1, 79, 95.82, 52, 8507, 936, 715, P0, 0x0000000000000020
2026/09/19 10:57:27.415, 0, 79, 101.64, 100, 7965, 987, 715, P0, 0x0000000000000000
2026/09/19 10:57:27.424, 1, 79, 96.54, 100, 8507, 936, 715, P0, 0x0000000000000020
2026/09/19 10:57:28.446, 0, 79, 110.59, 100, 7965, 784, 715, P0, 0x0000000000000020
2026/09/19 10:57:28.449, 1, 79, 104.67, 100, 8507, 797, 715, P0, 0x0000000000000000
2026/09/19 10:57:29.460, 0, 79, 101.14, 100, 7965, 987, 715, P0, 0x0000000000000000
2026/09/19 10:57:29.465, 1, 79, 97.02, 100, 8507, 936, 715, P0, 0x0000000000000020
2026/09/19 10:57:30.488, 0, 79, 101.39, 100, 7965, 987, 715, P0, 0x0000000000000000
2026/09/19 10:57:30.491, 1, 79, 98.17, 100, 8507, 936, 715, P0, 0x0000000000000000
2026/09/19 10:57:31.503, 0, 79, 96.32, 100, 7965, 949, 715, P0, 0x0000000000000000
2026/09/19 10:57:31.508, 1, 79, 109.13, 100, 8507, 734, 715, P0, 0x0000000000000020
2026/09/19 10:57:32.530, 0, 79, 101.88, 100, 7965, 987, 715, P0, 0x0000000000000020
2026/09/19 10:57:32.532, 1, 79, 97.74, 100, 8507, 936, 715, P0, 0x0000000000000020
2026/09/19 10:57:33.545, 0, 79, 127.55, 100, 7965, 949, 715, P0, 0x0000000000000020
2026/09/19 10:57:33.551, 1, 79, 92.60, 100, 8507, 1088, 715, P0, 0x0000000000000000
2026/09/19 10:57:34.559, 0, 79, 101.38, 100, 7965, 987, 715, P0, 0x0000000000000020
2026/09/19 10:57:34.564, 1, 79, 101.76, 100, 8507, 1025, 715, P0, 0x0000000000000000
2026/09/19 10:57:35.589, 0, 79, 101.63, 100, 7965, 974, 715, P0, 0x0000000000000020
2026/09/19 10:57:35.592, 1, 79, 101.53, 100, 8507, 1012, 715, P0, 0x0000000000000020
2026/09/19 10:57:36.606, 0, 79, 101.65, 100, 7965, 772, 715, P0, 0x0000000000000020
2026/09/19 10:57:36.610, 1, 79, 100.40, 100, 8507, 1012, 715, P0, 0x0000000000000000
2026/09/19 10:57:37.618, 0, 79, 101.62, 100, 7965, 974, 715, P0, 0x0000000000000020
2026/09/19 10:57:37.624, 1, 79, 102.72, 100, 8507, 1025, 715, P0, 0x0000000000000000
2026/09/19 10:57:38.636, 0, 79, 101.05, 100, 7965, 974, 715, P0, 0x0000000000000020
2026/09/19 10:57:38.645, 1, 79, 118.49, 100, 8507, 911, 715, P0, 0x0000000000000000
2026/09/19 10:57:39.668, 0, 79, 99.20, 100, 7965, 974, 715, P0, 0x0000000000000000
2026/09/19 10:57:39.671, 1, 79, 106.98, 100, 8507, 1075, 715, P0, 0x0000000000000000
2026/09/19 10:57:40.680, 0, 79, 101.83, 100, 7965, 987, 715, P0, 0x0000000000000000
2026/09/19 10:57:40.684, 1, 78, 51.07, 100, 8507, 1189, 715, P0, 0x0000000000000000
2026/09/19 10:57:41.694, 0, 79, 126.31, 100, 7965, 860, 715, P0, 0x0000000000000020
2026/09/19 10:57:41.708, 1, 79, 105.67, 100, 8507, 1075, 715, P0, 0x0000000000000000
2026/09/19 10:57:42.729, 0, 79, 101.12, 100, 7965, 987, 715, P0, 0x0000000000000000
2026/09/19 10:57:42.732, 1, 79, 113.13, 100, 8507, 1088, 715, P0, 0x0000000000000020
2026/09/19 10:57:43.742, 0, 79, 101.59, 100, 7965, 987, 715, P0, 0x0000000000000020
2026/09/19 10:57:43.744, 1, 78, 50.34, 30, 8507, 1189, 715, P0, 0x0000000000000000
2026/09/19 10:57:44.755, 0, 79, 102.44, 100, 7965, 759, 715, P0, 0x0000000000000020
2026/09/19 10:57:44.767, 1, 79, 118.42, 100, 8507, 1139, 715, P0, 0x0000000000000020
2026/09/19 10:57:45.787, 0, 79, 101.18, 100, 7965, 987, 715, P0, 0x0000000000000000
2026/09/19 10:57:45.793, 1, 80, 136.66, 100, 8507, 1050, 715, P0, 0x0000000000000020
2026/09/19 10:57:46.798, 0, 79, 91.82, 100, 7965, 1012, 715, P0, 0x0000000000000000
2026/09/19 10:57:46.805, 1, 78, 55.18, 0, 8507, 1290, 715, P0, 0x0000000000000000
2026/09/19 10:57:47.823, 0, 79, 95.10, 100, 7965, 936, 715, P0, 0x0000000000000000
2026/09/19 10:57:47.826, 1, 79, 114.82, 100, 8507, 1101, 715, P0, 0x0000000000000020
2026/09/19 10:57:48.838, 0, 79, 101.44, 100, 7965, 987, 715, P0, 0x0000000000000000
2026/09/19 10:57:48.845, 1, 79, 129.97, 100, 8507, 911, 715, P0, 0x0000000000000020
2026/09/19 10:57:49.864, 0, 79, 124.17, 100, 7965, 873, 715, P0, 0x0000000000000020
2026/09/19 10:57:49.869, 1, 78, 50.54, 0, 8507, 1202, 715, P0, 0x0000000000000000
2026/09/19 10:57:50.879, 0, 79, 98.94, 100, 7965, 974, 715, P0, 0x0000000000000000
2026/09/19 10:57:50.887, 1, 79, 122.16, 100, 8507, 1139, 715, P0, 0x0000000000000020
2026/09/19 10:57:51.911, 0, 79, 101.53, 100, 7965, 987, 715, P0, 0x0000000000000020
2026/09/19 10:57:51.915, 1, 79, 116.00, 100, 8507, 1126, 715, P0, 0x0000000000000020
2026/09/19 10:57:52.921, 0, 79, 110.27, 100, 7965, 772, 715, P0, 0x0000000000000020
2026/09/19 10:57:52.930, 1, 78, 133.70, 0, 8507, 974, 715, P0, 0x0000000000000020
2026/09/19 10:57:53.951, 0, 79, 101.53, 100, 7965, 987, 715, P0, 0x0000000000000020
2026/09/19 10:57:53.954, 1, 79, 116.48, 100, 8507, 1126, 715, P0, 0x0000000000000000
2026/09/19 10:57:54.967, 0, 79, 101.35, 100, 7965, 974, 715, P0, 0x0000000000000020
2026/09/19 10:57:54.970, 1, 79, 114.33, 100, 8507, 1113, 715, P0, 0x0000000000000020
2026/09/19 10:57:55.979, 0, 79, 103.72, 98, 7965, 721, 715, P0, 0x0000000000000020
2026/09/19 10:57:55.988, 1, 79, 113.11, 0, 8507, 1151, 715, P0, 0x0000000000000000
2026/09/19 10:57:57.004, 0, 79, 101.06, 100, 7965, 974, 715, P0, 0x0000000000000020
2026/09/19 10:57:57.007, 1, 79, 108.17, 100, 8507, 1075, 715, P0, 0x0000000000000000
2026/09/19 10:57:58.018, 0, 79, 102.02, 100, 7965, 974, 715, P0, 0x0000000000000020
2026/09/19 10:57:58.028, 1, 79, 107.44, 100, 8507, 1063, 715, P0, 0x0000000000000020
2026/09/19 10:57:59.048, 0, 79, 89.88, 98, 7965, 860, 715, P0, 0x0000000000000000
2026/09/19 10:57:59.052, 1, 79, 113.70, 87, 8507, 1126, 715, P0, 0x0000000000000020
2026/09/19 10:58:00.065, 0, 79, 101.04, 100, 7965, 974, 715, P0, 0x0000000000000020
2026/09/19 10:58:00.068, 1, 79, 114.80, 100, 8507, 1139, 715, P0, 0x0000000000000000
2026/09/19 10:58:01.079, 0, 79, 87.46, 100, 7965, 1025, 715, P0, 0x0000000000000000
2026/09/19 10:58:01.085, 1, 80, 122.03, 100, 8507, 1126, 715, P0, 0x0000000000000020
2026/09/19 10:58:02.107, 0, 79, 95.65, 98, 7965, 936, 715, P0, 0x0000000000000000
2026/09/19 10:58:02.110, 1, 79, 106.75, 83, 8507, 1075, 715, P0, 0x0000000000000020
2026/09/19 10:58:03.118, 0, 79, 101.30, 100, 7965, 974, 715, P0, 0x0000000000000020
2026/09/19 10:58:03.127, 1, 79, 112.23, 100, 8507, 1075, 715, P0, 0x0000000000000000
2026/09/19 10:58:04.149, 0, 79, 121.03, 100, 7965, 974, 715, P0, 0x0000000000000020
2026/09/19 10:58:04.151, 1, 79, 107.60, 100, 8507, 1075, 715, P0, 0x0000000000000000
2026/09/19 10:58:05.168, 0, 79, 99.43, 98, 7965, 974, 715, P0, 0x0000000000000000
2026/09/19 10:58:05.171, 1, 79, 114.33, 73, 8507, 1126, 715, P0, 0x0000000000000000
2026/09/19 10:58:06.187, 0, 79, 101.42, 100, 7965, 974, 715, P0, 0x0000000000000020
2026/09/19 10:58:06.189, 1, 79, 141.64, 100, 8507, 1126, 715, P0, 0x0000000000000020
2026/09/19 10:58:07.213, 0, 79, 127.90, 100, 7965, 936, 715, P0, 0x0000000000000020
2026/09/19 10:58:07.216, 1, 80, 113.02, 100, 8507, 1088, 715, P0, 0x0000000000000020
2026/09/19 10:58:08.224, 0, 79, 99.84, 100, 7965, 974, 715, P0, 0x0000000000000020
2026/09/19 10:58:08.227, 1, 79, 120.48, 100, 8507, 1126, 715, P0, 0x0000000000000020
2026/09/19 10:58:09.240, 0, 79, 100.24, 100, 7965, 961, 715, P0, 0x0000000000000020
2026/09/19 10:58:09.245, 1, 79, 139.21, 100, 8507, 1063, 715, P0, 0x0000000000000020
2026/09/19 10:58:10.255, 0, 79, 117.02, 100, 7965, 797, 715, P0, 0x0000000000000020
2026/09/19 10:58:10.267, 1, 80, 117.61, 100, 8507, 1113, 715, P0, 0x0000000000000020
2026/09/19 10:58:11.285, 0, 79, 100.55, 100, 7965, 974, 715, P0, 0x0000000000000020
2026/09/19 10:58:11.288, 1, 79, 121.68, 100, 8507, 1139, 715, P0, 0x0000000000000020
2026/09/19 10:58:12.299, 0, 79, 101.53, 100, 7965, 974, 715, P0, 0x0000000000000020
2026/09/19 10:58:12.304, 1, 79, 121.69, 100, 8507, 885, 715, P0, 0x0000000000000020
2026/09/19 10:58:13.315, 0, 79, 116.97, 100, 7965, 847, 715, P0, 0x0000000000000000
2026/09/19 10:58:13.328, 1, 79, 106.25, 100, 8507, 1050, 715, P0, 0x0000000000000020
2026/09/19 10:58:14.344, 0, 79, 100.88, 98, 7965, 974, 715, P0, 0x0000000000000020
2026/09/19 10:58:14.347, 1, 79, 112.89, 100, 8507, 1101, 715, P0, 0x0000000000000000
2026/09/19 10:58:15.370, 0, 79, 101.44, 100, 7965, 974, 715, P0, 0x0000000000000020
2026/09/19 10:58:15.372, 1, 79, 137.21, 100, 8507, 949, 715, P0, 0x0000000000000020
2026/09/19 10:58:16.384, 0, 79, 118.18, 100, 7965, 746, 715, P0, 0x0000000000000020
2026/09/19 10:58:16.389, 1, 79, 113.12, 100, 8507, 1101, 715, P0, 0x0000000000000000
2026/09/19 10:58:17.412, 0, 79, 101.04, 100, 7965, 974, 715, P0, 0x0000000000000020
2026/09/19 10:58:17.415, 1, 79, 119.78, 100, 8507, 1126, 715, P0, 0x0000000000000020
2026/09/19 10:58:18.425, 0, 79, 100.57, 100, 7965, 974, 715, P0, 0x0000000000000020
2026/09/19 10:58:18.428, 1, 79, 121.92, 100, 8507, 1025, 715, P0, 0x0000000000000000
2026/09/19 10:58:19.445, 0, 79, 112.59, 100, 7965, 746, 715, P0, 0x0000000000000020
2026/09/19 10:58:19.449, 1, 79, 98.16, 100, 8507, 961, 715, P0, 0x0000000000000000
2026/09/19 10:58:20.462, 0, 79, 100.88, 100, 7965, 987, 715, P0, 0x0000000000000000
2026/09/19 10:58:20.467, 1, 79, 111.76, 100, 8507, 1075, 715, P0, 0x0000000000000020
2026/09/19 10:58:21.492, 0, 79, 101.44, 100, 7965, 974, 715, P0, 0x0000000000000020
2026/09/19 10:58:21.497, 1, 79, 137.06, 100, 8507, 987, 715, P0, 0x0000000000000020
2026/09/19 10:58:22.506, 0, 79, 111.11, 100, 7965, 784, 715, P0, 0x0000000000000000
2026/09/19 10:58:22.509, 1, 79, 110.94, 100, 8507, 1075, 715, P0, 0x0000000000000020
2026/09/19 10:58:23.519, 0, 79, 101.11, 100, 7965, 974, 715, P0, 0x0000000000000020
2026/09/19 10:58:23.525, 1, 79, 115.29, 100, 8507, 1126, 715, P0, 0x0000000000000000
2026/09/19 10:58:24.531, 0, 79, 101.04, 100, 7965, 974, 715, P0, 0x0000000000000020
2026/09/19 10:58:24.534, 1, 79, 129.03, 100, 8507, 1025, 715, P0, 0x0000000000000020
2026/09/19 10:58:25.545, 0, 79, 109.21, 100, 7965, 784, 715, P0, 0x0000000000000020
2026/09/19 10:58:25.548, 1, 79, 98.40, 100, 8507, 949, 715, P0, 0x0000000000000020
2026/09/19 10:58:26.575, 0, 79, 100.89, 100, 7965, 974, 715, P0, 0x0000000000000020
2026/09/19 10:58:26.584, 1, 79, 108.18, 100, 8507, 1075, 715, P0, 0x0000000000000000
2026/09/19 10:58:27.591, 0, 79, 100.97, 100, 7965, 974, 715, P0, 0x0000000000000020
2026/09/19 10:58:27.594, 1, 79, 134.96, 100, 8507, 1050, 715, P0, 0x0000000000000020
2026/09/19 10:58:28.606, 0, 79, 113.99, 100, 7965, 797, 715, P0, 0x0000000000000000
2026/09/19 10:58:28.609, 1, 79, 108.41, 100, 8507, 1063, 715, P0, 0x0000000000000020
2026/09/19 10:58:29.622, 0, 79, 100.64, 100, 7965, 974, 715, P0, 0x0000000000000020
2026/09/19 10:58:29.625, 1, 79, 113.86, 100, 8507, 1101, 715, P0, 0x0000000000000020
2026/09/19 10:58:30.635, 0, 79, 100.96, 100, 7965, 987, 715, P0, 0x0000000000000000
2026/09/19 10:58:30.646, 1, 79, 132.36, 100, 8507, 1025, 715, P0, 0x0000000000000020
2026/09/19 10:58:31.663, 0, 79, 105.76, 100, 7965, 746, 715, P0, 0x0000000000000020
2026/09/19 10:58:31.668, 1, 79, 113.13, 100, 8507, 1088, 715, P0, 0x0000000000000020
2026/09/19 10:58:32.692, 0, 79, 101.29, 100, 7965, 987, 715, P0, 0x0000000000000000
2026/09/19 10:58:32.695, 1, 79, 115.04, 100, 8507, 1126, 715, P0, 0x0000000000000020
2026/09/19 10:58:33.707, 0, 79, 99.84, 100, 7965, 961, 715, P0, 0x0000000000000020
2026/09/19 10:58:33.710, 1, 79, 120.96, 100, 8507, 999, 715, P0, 0x0000000000000020
2026/09/19 10:58:34.736, 0, 79, 110.12, 100, 7965, 772, 715, P0, 0x0000000000000000
2026/09/19 10:58:34.749, 1, 80, 106.91, 100, 8507, 898, 715, P0, 0x0000000000000020
2026/09/19 10:58:35.768, 0, 79, 100.88, 100, 7965, 987, 715, P0, 0x0000000000000000
2026/09/19 10:58:35.771, 1, 79, 110.08, 100, 8507, 1075, 715, P0, 0x0000000000000020
2026/09/19 10:58:36.783, 0, 79, 99.59, 100, 7965, 961, 715, P0, 0x0000000000000020
2026/09/19 10:58:36.786, 1, 79, 129.02, 100, 8507, 1101, 715, P0, 0x0000000000000020
2026/09/19 10:58:37.795, 0, 79, 110.87, 100, 7965, 797, 715, P0, 0x0000000000000020
2026/09/19 10:58:37.806, 1, 79, 108.41, 100, 8507, 1075, 715, P0, 0x0000000000000000
2026/09/19 10:58:38.810, 0, 79, 99.42, 100, 7965, 974, 715, P0, 0x0000000000000020
2026/09/19 10:58:38.814, 1, 79, 120.48, 100, 8507, 1139, 715, P0, 0x0000000000000000
2026/09/19 10:58:39.827, 0, 79, 101.20, 100, 7965, 974, 715, P0, 0x0000000000000020
2026/09/19 10:58:39.830, 1, 79, 143.15, 100, 8507, 1126, 715, P0, 0x0000000000000020
2026/09/19 10:58:40.842, 0, 79, 111.24, 100, 7965, 1088, 715, P0, 0x0000000000000000
2026/09/19 10:58:40.846, 1, 80, 121.81, 100, 8507, 1126, 715, P0, 0x0000000000000020
2026/09/19 10:58:41.854, 0, 79, 94.14, 98, 7965, 936, 715, P0, 0x0000000000000000
2026/09/19 10:58:41.868, 1, 78, 115.06, 100, 8507, 1113, 715, P0, 0x0000000000000020
2026/09/19 10:58:42.886, 0, 79, 101.05, 100, 7965, 974, 715, P0, 0x0000000000000020
2026/09/19 10:58:42.889, 1, 79, 117.69, 100, 8507, 1113, 715, P0, 0x0000000000000020
2026/09/19 10:58:43.903, 0, 79, 100.39, 100, 7965, 987, 715, P0, 0x0000000000000020
2026/09/19 10:58:43.906, 1, 79, 115.06, 100, 8507, 1101, 715, P0, 0x0000000000000020
2026/09/19 10:58:44.916, 0, 79, 90.80, 99, 7965, 873, 715, P0, 0x0000000000000000
2026/09/19 10:58:44.927, 1, 79, 126.19, 39, 8507, 1177, 715, P0, 0x0000000000000020
2026/09/19 10:58:45.946, 0, 79, 101.13, 100, 7965, 987, 715, P0, 0x0000000000000000
2026/09/19 10:58:45.949, 1, 79, 108.40, 100, 8507, 1075, 715, P0, 0x0000000000000000
2026/09/19 10:58:46.961, 0, 79, 101.37, 100, 7965, 974, 715, P0, 0x0000000000000020
2026/09/19 10:58:46.964, 1, 79, 108.42, 100, 8507, 1075, 715, P0, 0x0000000000000020
2026/09/19 10:58:47.978, 0, 79, 115.85, 98, 7965, 810, 715, P0, 0x0000000000000020
2026/09/19 10:58:47.987, 1, 78, 108.57, 0, 8507, 1101, 715, P0, 0x0000000000000000
2026/09/19 10:58:49.004, 0, 79, 101.53, 100, 7965, 987, 715, P0, 0x0000000000000020
2026/09/19 10:58:49.007, 1, 79, 118.80, 100, 8507, 1139, 715, P0, 0x0000000000000000
2026/09/19 10:58:50.019, 0, 79, 101.63, 100, 7965, 974, 715, P0, 0x0000000000000020
2026/09/19 10:58:50.025, 1, 79, 99.13, 100, 8507, 999, 715, P0, 0x0000000000000000
2026/09/19 10:58:51.032, 0, 79, 111.88, 100, 7965, 784, 715, P0, 0x0000000000000020
2026/09/19 10:58:51.035, 1, 78, 136.48, 21, 8507, 974, 715, P0, 0x0000000000000020
2026/09/19 10:58:52.060, 0, 79, 98.70, 100, 7965, 974, 715, P0, 0x0000000000000000
2026/09/19 10:58:52.066, 1, 79, 116.02, 100, 8507, 1101, 715, P0, 0x0000000000000020
2026/09/19 10:58:53.072, 0, 79, 100.11, 100, 7965, 961, 715, P0, 0x0000000000000020
2026/09/19 10:58:53.075, 1, 79, 110.80, 100, 8507, 961, 715, P0, 0x0000000000000000
2026/09/19 10:58:54.099, 0, 79, 126.60, 100, 7965, 911, 715, P0, 0x0000000000000020
2026/09/19 10:58:54.107, 1, 78, 50.06, 0, 8507, 1189, 715, P0, 0x0000000000000000
2026/09/19 10:58:55.112, 0, 79, 95.84, 100, 7965, 936, 715, P0, 0x0000000000000000
2026/09/19 10:58:55.115, 1, 79, 108.42, 100, 8507, 1050, 715, P0, 0x0000000000000020
2026/09/19 10:58:56.125, 0, 79, 100.65, 100, 7965, 974, 715, P0, 0x0000000000000020
2026/09/19 10:58:56.128, 1, 79, 108.88, 100, 8507, 1050, 715, P0, 0x0000000000000020
2026/09/19 10:58:57.136, 0, 79, 102.55, 100, 7965, 987, 715, P0, 0x0000000000000000
2026/09/19 10:58:57.144, 1, 78, 50.34, 30, 8507, 1189, 715, P0, 0x0000000000000000
2026/09/19 10:58:58.155, 0, 79, 94.39, 100, 7965, 797, 715, P0, 0x0000000000000000
2026/09/19 10:58:58.168, 1, 79, 116.27, 100, 8507, 1126, 715, P0, 0x0000000000000020
2026/09/19 10:58:59.184, 0, 79, 101.39, 100, 7965, 974, 715, P0, 0x0000000000000020
2026/09/19 10:58:59.187, 1, 79, 103.20, 100, 8507, 1151, 715, P0, 0x0000000000000000
2026/09/19 10:59:00.201, 0, 79, 102.07, 100, 7965, 974, 715, P0, 0x0000000000000020
2026/09/19 10:59:00.208, 1, 78, 50.34, 0, 8507, 1189, 715, P0, 0x0000000000000000
2026/09/19 10:59:01.219, 0, 79, 115.56, 100, 7965, 784, 715, P0, 0x0000000000000020
2026/09/19 10:59:01.230, 1, 80, 128.21, 100, 8507, 1177, 715, P0, 0x0000000000000020
2026/09/19 10:59:02.236, 0, 79, 99.19, 100, 7965, 961, 715, P0, 0x0000000000000020
2026/09/19 10:59:02.246, 1, 79, 112.41, 100, 8507, 1075, 715, P0, 0x0000000000000000
2026/09/19 10:59:03.265, 0, 79, 100.39, 100, 7965, 974, 715, P0, 0x0000000000000000
2026/09/19 10:59:03.268, 1, 79, 50.58, 7, 8507, 1189, 715, P0, 0x0000000000000000
2026/09/19 10:59:04.280, 0, 79, 101.71, 100, 7965, 974, 715, P0, 0x0000000000000020
2026/09/19 10:59:04.286, 1, 79, 127.91, 100, 8507, 1037, 715, P0, 0x0000000000000000
2026/09/19 10:59:05.295, 0, 79, 91.64, 100, 7965, 898, 715, P0, 0x0000000000000000
2026/09/19 10:59:05.308, 1, 79, 100.16, 100, 8507, 974, 715, P0, 0x0000000000000020
2026/09/19 10:59:06.327, 0, 79, 101.83, 100, 7965, 987, 715, P0, 0x0000000000000000
2026/09/19 10:59:06.330, 1, 79, 51.56, 100, 8507, 1151, 715, P0, 0x0000000000000000
2026/09/19 10:59:07.341, 0, 79, 102.41, 100, 7965, 974, 715, P0, 0x0000000000000020
2026/09/19 10:59:07.346, 1, 79, 135.58, 100, 8507, 1189, 715, P0, 0x0000000000000000
2026/09/19 10:59:08.360, 0, 79, 112.04, 100, 7965, 746, 715, P0, 0x0000000000000020
2026/09/19 10:59:08.371, 1, 79, 115.20, 100, 8507, 1126, 715, P0, 0x0000000000000000
2026/09/19 10:59:09.388, 0, 79, 101.00, 100, 7965, 974, 715, P0, 0x0000000000000020
2026/09/19 10:59:09.391, 1, 79, 81.06, 100, 8507, 1037, 715, P0, 0x0000000000000000
2026/09/19 10:59:10.405, 0, 79, 102.09, 100, 7965, 974, 715, P0, 0x0000000000000020
2026/09/19 10:59:10.408, 1, 79, 106.50, 100, 8507, 1037, 715, P0, 0x0000000000000020
2026/09/19 10:59:11.420, 0, 79, 122.10, 100, 7965, 1075, 715, P0, 0x0000000000000000
2026/09/19 10:59:11.426, 1, 79, 95.97, 100, 8507, 961, 715, P0, 0x0000000000000000
2026/09/19 10:59:12.435, 0, 79, 98.01, 100, 7965, 949, 715, P0, 0x0000000000000000
2026/09/19 10:59:12.438, 1, 79, 105.61, 100, 8507, 1037, 715, P0, 0x0000000000000020
2026/09/19 10:59:13.457, 0, 79, 102.32, 100, 7965, 987, 715, P0, 0x0000000000000000
2026/09/19 10:59:13.466, 1, 79, 111.04, 100, 8507, 1075, 715, P0, 0x0000000000000020
2026/09/19 10:59:14.471, 0, 79, 100.82, 100, 7965, 974, 715, P0, 0x0000000000000020
2026/09/19 10:59:14.474, 1, 79, 121.50, 100, 8507, 936, 715, P0, 0x0000000000000000
2026/09/19 10:59:15.500, 0, 79, 92.29, 100, 7965, 810, 715, P0, 0x0000000000000000
2026/09/19 10:59:15.510, 1, 79, 112.04, 100, 8507, 1075, 715, P0, 0x0000000000000000
2026/09/19 10:59:16.528, 0, 79, 101.28, 100, 7965, 974, 715, P0, 0x0000000000000020
2026/09/19 10:59:16.531, 1, 79, 123.04, 100, 8507, 1139, 715, P0, 0x0000000000000000
2026/09/19 10:59:17.540, 0, 79, 101.70, 100, 7965, 974, 715, P0, 0x0000000000000020
2026/09/19 10:59:17.547, 1, 79, 134.43, 100, 8507, 1063, 715, P0, 0x0000000000000020
2026/09/19 10:59:18.554, 0, 79, 125.47, 100, 7965, 949, 715, P0, 0x0000000000000020
2026/09/19 10:59:18.557, 1, 80, 122.02, 100, 8507, 1025, 715, P0, 0x0000000000000020
2026/09/19 10:59:19.566, 0, 79, 96.54, 100, 7965, 949, 715, P0, 0x0000000000000000
2026/09/19 10:59:19.569, 1, 79, 114.57, 55, 8507, 1113, 715, P0, 0x0000000000000020
2026/09/19 10:59:20.579, 0, 79, 101.53, 100, 7965, 974, 715, P0, 0x0000000000000020
2026/09/19 10:59:20.588, 1, 79, 116.00, 100, 8507, 1101, 715, P0, 0x0000000000000020
2026/09/19 10:59:21.597, 0, 79, 100.87, 100, 7965, 987, 715, P0, 0x0000000000000020
2026/09/19 10:59:21.608, 1, 79, 116.00, 100, 8507, 1113, 715, P0, 0x0000000000000020
2026/09/19 10:59:22.624, 0, 79, 111.07, 99, 7965, 759, 715, P0, 0x0000000000000020
2026/09/19 10:59:22.632, 1, 78, 85.11, 63, 8507, 797, 715, P0, 0x0000000000000000
2026/09/19 10:59:23.640, 0, 79, 101.62, 100, 7965, 974, 715, P0, 0x0000000000000020
2026/09/19 10:59:23.647, 1, 79, 102.01, 100, 8507, 1025, 715, P0, 0x0000000000000020
2026/09/19 10:59:24.657, 0, 79, 100.89, 100, 7965, 974, 715, P0, 0x0000000000000000
2026/09/19 10:59:24.668, 1, 79, 105.54, 100, 8507, 1025, 715, P0, 0x0000000000000020
2026/09/19 10:59:25.672, 0, 79, 113.81, 100, 7965, 835, 715, P0, 0x0000000000000020
2026/09/19 10:59:25.673, 1, 78, 134.06, 17, 8507, 1189, 715, P0, 0x0000000000000000
2026/09/19 10:59:26.690, 0, 79, 98.73, 100, 7965, 974, 715, P0, 0x0000000000000000
2026/09/19 10:59:26.693, 1, 79, 105.12, 100, 8507, 1025, 715, P0, 0x0000000000000020
2026/09/19 10:59:27.722, 0, 79, 102.10, 100, 7965, 987, 715, P0, 0x0000000000000000
2026/09/19 10:59:27.727, 1, 79, 103.68, 100, 8507, 1025, 715, P0, 0x0000000000000020
2026/09/19 10:59:28.732, 0, 79, 95.88, 100, 7965, 987, 715, P0, 0x0000000000000000
2026/09/19 10:59:28.735, 1, 78, 49.41, 85, 8507, 1189, 715, P0, 0x0000000000000000
2026/09/19 10:59:29.746, 0, 79, 89.46, 100, 7965, 784, 715, P0, 0x0000000000000000
2026/09/19 10:59:29.751, 1, 79, 106.58, 100, 8507, 1063, 715, P0, 0x0000000000000020
2026/09/19 10:59:30.758, 0, 79, 101.36, 100, 7965, 987, 715, P0, 0x0000000000000000
2026/09/19 10:59:30.767, 1, 79, 110.33, 100, 8507, 1063, 715, P0, 0x0000000000000020
2026/09/19 10:59:31.786, 0, 79, 101.35, 100, 7965, 987, 715, P0, 0x0000000000000020
2026/09/19 10:59:31.789, 1, 78, 50.58, 100, 8507, 1189, 715, P0, 0x0000000000000000
2026/09/19 10:59:32.800, 0, 79, 129.82, 100, 7965, 873, 715, P0, 0x0000000000000020
2026/09/19 10:59:32.810, 1, 79, 109.50, 100, 8507, 1088, 715, P0, 0x0000000000000000
2026/09/19 10:59:33.829, 0, 79, 100.82, 100, 7965, 974, 715, P0, 0x0000000000000020
2026/09/19 10:59:33.832, 1, 79, 111.93, 100, 8507, 1088, 715, P0, 0x0000000000000020
2026/09/19 10:59:34.846, 0, 79, 102.06, 100, 7965, 987, 715, P0, 0x0000000000000000
2026/09/19 10:59:34.850, 1, 79, 54.40, 57, 8507, 1290, 715, P0, 0x0000000000000000
2026/09/19 10:59:35.862, 0, 79, 101.99, 100, 7965, 987, 715, P0, 0x0000000000000000
2026/09/19 10:59:35.865, 1, 79, 130.21, 100, 8507, 1063, 715, P0, 0x0000000000000020
2026/09/19 10:59:36.873, 0, 79, 94.46, 100, 7965, 847, 715, P0, 0x0000000000000000
2026/09/19 10:59:36.876, 1, 79, 111.55, 100, 8507, 1063, 715, P0, 0x0000000000000020
2026/09/19 10:59:37.888, 0, 79, 101.38, 100, 7965, 987, 715, P0, 0x0000000000000000
2026/09/19 10:59:37.891, 1, 79, 112.74, 100, 8507, 1139, 715, P0, 0x0000000000000000
2026/09/19 10:59:38.900, 0, 79, 102.01, 100, 7965, 987, 715, P0, 0x0000000000000000
2026/09/19 10:59:38.906, 1, 79, 116.48, 100, 8507, 1126, 715, P0, 0x0000000000000000
2026/09/19 10:59:39.917, 0, 79, 124.60, 100, 7965, 974, 715, P0, 0x0000000000000020
2026/09/19 10:59:39.928, 1, 79, 116.36, 100, 8507, 1113, 715, P0, 0x0000000000000020
2026/09/19 10:59:40.947, 0, 79, 99.18, 100, 7965, 974, 715, P0, 0x0000000000000000
2026/09/19 10:59:40.950, 1, 79, 115.54, 100, 8507, 1113, 715, P0, 0x0000000000000000
2026/09/19 10:59:41.961, 0, 79, 101.04, 100, 7965, 974, 715, P0, 0x0000000000000020
2026/09/19 10:59:41.967, 1, 79, 120.00, 100, 8507, 1139, 715, P0, 0x0000000000000000
2026/09/19 10:59:42.971, 0, 79, 102.26, 100, 7965, 987, 715, P0, 0x0000000000000020
2026/09/19 10:59:42.974, 1, 79, 108.88, 100, 8507, 1101, 715, P0, 0x0000000000000000
2026/09/19 10:59:43.986, 0, 79, 110.80, 100, 7965, 759, 715, P0, 0x0000000000000020
2026/09/19 10:59:43.994, 1, 78, 57.07, 100, 8507, 442, 715, P0, 0x0000000000000020
2026/09/19 10:59:45.017, 0, 79, 100.42, 100, 7965, 974, 715, P0, 0x0000000000000020
2026/09/19 10:59:45.030, 1, 79, 101.28, 100, 8507, 1050, 715, P0, 0x0000000000000000
2026/09/19 10:59:46.049, 0, 79, 102.09, 100, 7965, 987, 715, P0, 0x0000000000000000
2026/09/19 10:59:46.052, 1, 79, 108.65, 100, 8507, 1050, 715, P0, 0x0000000000000020
2026/09/19 10:59:47.062, 0, 79, 86.80, 100, 7965, 1050, 715, P0, 0x0000000000000000
2026/09/19 10:59:47.068, 1, 79, 118.98, 100, 8507, 860, 715, P0, 0x0000000000000020
2026/09/19 10:59:48.073, 0, 79, 88.02, 99, 7965, 797, 715, P0, 0x0000000000000000
2026/09/19 10:59:48.076, 1, 79, 106.60, 58, 8507, 1075, 715, P0, 0x0000000000000000
2026/09/19 10:59:49.099, 0, 79, 101.85, 100, 7965, 974, 715, P0, 0x0000000000000020
2026/09/19 10:59:49.108, 1, 79, 109.85, 100, 8507, 1075, 715, P0, 0x0000000000000020
2026/09/19 10:59:50.114, 0, 79, 101.80, 100, 7965, 974, 715, P0, 0x0000000000000020
2026/09/19 10:59:50.117, 1, 79, 117.59, 100, 8507, 936, 715, P0, 0x0000000000000000
2026/09/19 10:59:51.130, 0, 79, 110.26, 100, 7965, 822, 715, P0, 0x0000000000000020
2026/09/19 10:59:51.132, 1, 78, 115.28, 0, 8507, 1189, 715, P0, 0x0000000000000000
2026/09/19 10:59:52.140, 0, 79, 96.52, 100, 7965, 961, 715, P0, 0x0000000000000000
2026/09/19 10:59:52.150, 1, 79, 123.36, 100, 8507, 1139, 715, P0, 0x0000000000000000
2026/09/19 10:59:53.158, 0, 79, 101.45, 100, 7965, 987, 715, P0, 0x0000000000000000
2026/09/19 10:59:53.170, 1, 79, 136.09, 100, 8507, 1025, 715, P0, 0x0000000000000020
2026/09/19 10:59:54.189, 0, 79, 101.85, 100, 7965, 987, 715, P0, 0x0000000000000020
2026/09/19 10:59:54.192, 1, 78, 50.10, 32, 8507, 1189, 715, P0, 0x0000000000000000
2026/09/19 10:59:55.200, 0, 79, 111.51, 100, 7965, 797, 715, P0, 0x0000000000000020
2026/09/19 10:59:55.209, 1, 79, 113.84, 100, 8507, 1113, 715, P0, 0x0000000000000020
2026/09/19 10:59:56.218, 0, 79, 99.61, 100, 7965, 961, 715, P0, 0x0000000000000020
2026/09/19 10:59:56.227, 1, 79, 117.46, 100, 8507, 1126, 715, P0, 0x0000000000000000
2026/09/19 10:59:57.245, 0, 79, 102.31, 100, 7965, 987, 715, P0, 0x0000000000000000
2026/09/19 10:59:57.248, 1, 79, 50.83, 20, 8507, 1189, 715, P0, 0x0000000000000000
2026/09/19 10:59:58.258, 0, 79, 100.71, 100, 7965, 974, 715, P0, 0x0000000000000020
2026/09/19 10:59:58.266, 1, 79, 143.43, 100, 8507, 1101, 715, P0, 0x0000000000000020
2026/09/19 10:59:59.278, 0, 79, 108.94, 100, 7965, 784, 715, P0, 0x0000000000000000
2026/09/19 10:59:59.290, 1, 79, 111.47, 100, 8507, 1075, 715, P0, 0x0000000000000000
2026/09/19 11:00:00.305, 0, 79, 100.66, 100, 7965, 987, 715, P0, 0x0000000000000000
2026/09/19 11:00:00.309, 1, 79, 98.69, 100, 8507, 1075, 715, P0, 0x0000000000000000
2026/09/19 11:00:01.320, 0, 79, 100.55, 100, 7965, 961, 715, P0, 0x0000000000000020
2026/09/19 11:00:01.328, 1, 79, 124.96, 100, 8507, 1139, 715, P0, 0x0000000000000020
2026/09/19 11:00:02.334, 0, 79, 101.39, 100, 7965, 987, 715, P0, 0x0000000000000000
2026/09/19 11:00:02.337, 1, 79, 99.61, 100, 8507, 1012, 715, P0, 0x0000000000000000
2026/09/19 11:00:03.347, 0, 79, 95.85, 100, 7965, 847, 715, P0, 0x0000000000000000
2026/09/19 11:00:03.351, 1, 79, 105.80, 100, 8507, 1050, 715, P0, 0x0000000000000000
2026/09/19 11:00:04.360, 0, 79, 100.33, 100, 7965, 974, 715, P0, 0x0000000000000000
2026/09/19 11:00:04.369, 1, 79, 115.30, 100, 8507, 1113, 715, P0, 0x0000000000000020
2026/09/19 11:00:05.375, 0, 79, 100.66, 100, 7965, 974, 715, P0, 0x0000000000000020
2026/09/19 11:00:05.378, 1, 79, 98.94, 100, 8507, 1139, 715, P0, 0x0000000000000000
2026/09/19 11:00:06.387, 0, 79, 99.43, 100, 7965, 987, 715, P0, 0x0000000000000000
2026/09/19 11:00:06.390, 1, 79, 113.62, 100, 8507, 1101, 715, P0, 0x0000000000000020
2026/09/19 11:00:07.395, 0, 79, 113.04, 98, 7965, 759, 715, P0, 0x0000000000000020
2026/09/19 11:00:07.398, 1, 79, 109.55, 75, 8507, 1113, 715, P0, 0x0000000000000000
2026/09/19 11:00:08.413, 0, 79, 100.62, 100, 7965, 974, 715, P0, 0x0000000000000020
2026/09/19 11:00:08.416, 1, 79, 120.48, 100, 8507, 1126, 715, P0, 0x0000000000000020
2026/09/19 11:00:09.426, 0, 79, 102.20, 100, 7965, 987, 715, P0, 0x0000000000000000
2026/09/19 11:00:09.429, 1, 79, 117.68, 100, 8507, 860, 715, P0, 0x0000000000000020
2026/09/19 11:00:10.440, 0, 79, 88.21, 100, 7965, 1025, 715, P0, 0x0000000000000000
2026/09/19 11:00:10.448, 1, 78, 50.11, 0, 8507, 1189, 715, P0, 0x0000000000000000
2026/09/19 11:00:11.457, 0, 79, 94.64, 100, 7965, 797, 715, P0, 0x0000000000000000
2026/09/19 11:00:11.471, 1, 79, 113.94, 100, 8507, 1126, 715, P0, 0x0000000000000000
2026/09/19 11:00:12.487, 0, 79, 101.05, 100, 7965, 987, 715, P0, 0x0000000000000020
2026/09/19 11:00:12.489, 1, 79, 116.25, 100, 8507, 1101, 715, P0, 0x0000000000000020
2026/09/19 11:00:13.501, 0, 79, 102.55, 100, 7965, 987, 715, P0, 0x0000000000000000
2026/09/19 11:00:13.508, 1, 78, 50.58, 29, 8507, 1189, 715, P0, 0x0000000000000000
2026/09/19 11:00:14.515, 0, 79, 95.81, 100, 7965, 974, 715, P0, 0x0000000000000020
2026/09/19 11:00:14.518, 1, 79, 131.45, 100, 8507, 1063, 715, P0, 0x0000000000000020
2026/09/19 11:00:15.528, 0, 79, 91.11, 100, 7965, 860, 715, P0, 0x0000000000000000
2026/09/19 11:00:15.531, 1, 79, 100.89, 100, 8507, 923, 715, P0, 0x0000000000000020
2026/09/19 11:00:16.546, 0, 79, 101.63, 100, 7965, 987, 715, P0, 0x0000000000000000
2026/09/19 11:00:16.549, 1, 79, 100.57, 100, 8507, 987, 715, P0, 0x0000000000000000
2026/09/19 11:00:17.565, 0, 79, 101.13, 100, 7965, 987, 715, P0, 0x0000000000000000
2026/09/19 11:00:17.568, 1, 79, 106.32, 100, 8507, 1050, 715, P0, 0x0000000000000000
2026/09/19 11:00:18.577, 0, 79, 92.72, 100, 7965, 999, 715, P0, 0x0000000000000000
2026/09/19 11:00:18.589, 1, 79, 112.49, 100, 8507, 835, 715, P0, 0x0000000000000000
2026/09/19 11:00:19.603, 0, 79, 93.50, 100, 7965, 923, 715, P0, 0x0000000000000000
2026/09/19 11:00:19.609, 1, 79, 106.09, 100, 8507, 1037, 715, P0, 0x0000000000000020
2026/09/19 11:00:20.616, 0, 79, 101.61, 100, 7965, 987, 715, P0, 0x0000000000000000
2026/09/19 11:00:20.628, 1, 79, 109.13, 100, 8507, 1063, 715, P0, 0x0000000000000020
2026/09/19 11:00:21.634, 0, 79, 101.62, 100, 7965, 974, 715, P0, 0x0000000000000020
2026/09/19 11:00:21.637, 1, 79, 97.73, 100, 8507, 1101, 715, P0, 0x0000000000000000
2026/09/19 11:00:22.649, 0, 79, 89.22, 100, 7965, 1012, 715, P0, 0x0000000000000000
2026/09/19 11:00:22.652, 1, 79, 107.54, 100, 8507, 1063, 715, P0, 0x0000000000000020
2026/09/19 11:00:23.663, 0, 79, 101.63, 99, 7965, 746, 715, P0, 0x0000000000000020
2026/09/19 11:00:23.670, 1, 79, 112.02, 49, 8507, 1113, 715, P0, 0x0000000000000000
2026/09/19 11:00:24.675, 0, 79, 100.39, 100, 7965, 974, 715, P0, 0x0000000000000020
2026/09/19 11:00:24.678, 1, 79, 115.06, 100, 8507, 1126, 715, P0, 0x0000000000000020
2026/09/19 11:00:25.688, 0, 79, 101.79, 100, 7965, 974, 715, P0, 0x0000000000000020
2026/09/19 11:00:25.690, 1, 79, 108.87, 100, 8507, 810, 715, P0, 0x0000000000000020
2026/09/19 11:00:26.703, 0, 79, 101.58, 100, 7965, 974, 715, P0, 0x0000000000000020
2026/09/19 11:00:26.709, 1, 78, 54.41, 0, 8507, 1290, 715, P0, 0x0000000000000000
2026/09/19 11:00:27.717, 0, 79, 110.61, 100, 7965, 772, 715, P0, 0x0000000000000020
2026/09/19 11:00:27.732, 1, 79, 114.31, 100, 8507, 1113, 715, P0, 0x0000000000000020
2026/09/19 11:00:28.751, 0, 79, 100.14, 100, 7965, 974, 715, P0, 0x0000000000000020
2026/09/19 11:00:28.753, 1, 79, 116.97, 100, 8507, 1126, 715, P0, 0x0000000000000000
2026/09/19 11:00:29.763, 0, 79, 101.35, 100, 7965, 987, 715, P0, 0x0000000000000000
2026/09/19 11:00:29.769, 1, 79, 50.58, 90, 8507, 1189, 715, P0, 0x0000000000000000
2026/09/19 11:00:30.777, 0, 79, 100.49, 100, 7965, 961, 715, P0, 0x0000000000000020
2026/09/19 11:00:30.791, 1, 79, 139.40, 100, 8507, 1189, 715, P0, 0x0000000000000000
2026/09/19 11:00:31.805, 0, 79, 129.55, 100, 7965, 873, 715, P0, 0x0000000000000020
2026/09/19 11:00:31.812, 1, 80, 120.87, 100, 8507, 1139, 715, P0, 0x0000000000000000
2026/09/19 11:00:32.819, 0, 79, 98.25, 100, 7965, 974, 715, P0, 0x0000000000000000
2026/09/19 11:00:32.831, 1, 79, 104.64, 100, 8507, 1037, 715, P0, 0x0000000000000020
2026/09/19 11:00:33.846, 0, 79, 100.79, 100, 7965, 974, 715, P0, 0x0000000000000020
2026/09/19 11:00:33.849, 1, 79, 121.92, 100, 8507, 1126, 715, P0, 0x0000000000000020
2026/09/19 11:00:34.864, 0, 79, 101.04, 100, 7965, 974, 715, P0, 0x0000000000000020
2026/09/19 11:00:34.869, 1, 79, 128.04, 100, 8507, 1050, 715, P0, 0x0000000000000000
2026/09/19 11:00:35.878, 0, 79, 123.68, 100, 7965, 999, 715, P0, 0x0000000000000020
2026/09/19 11:00:35.891, 1, 79, 106.88, 100, 8507, 1037, 715, P0, 0x0000000000000020
2026/09/19 11:00:36.904, 0, 79, 88.73, 99, 7965, 847, 715, P0, 0x0000000000000000
2026/09/19 11:00:36.911, 1, 79, 113.00, 46, 8507, 1113, 715, P0, 0x0000000000000000
2026/09/19 11:00:37.918, 0, 79, 99.91, 100, 7965, 974, 715, P0, 0x0000000000000000
2026/09/19 11:00:37.931, 1, 79, 115.54, 100, 8507, 1126, 715, P0, 0x0000000000000000
2026/09/19 11:00:38.948, 0, 79, 101.85, 100, 7965, 974, 715, P0, 0x0000000000000020
2026/09/19 11:00:38.951, 1, 79, 111.30, 100, 8507, 1050, 715, P0, 0x0000000000000000
2026/09/19 11:00:39.965, 0, 79, 91.83, 100, 7965, 999, 715, P0, 0x0000000000000000
2026/09/19 11:00:39.970, 1, 78, 50.14, 0, 8507, 1189, 715, P0, 0x0000000000000000
2026/09/19 11:00:40.976, 0, 79, 109.08, 100, 7965, 746, 715, P0, 0x0000000000000020
2026/09/19 11:00:40.979, 1, 80, 126.88, 100, 8507, 1164, 715, P0, 0x0000000000000020
2026/09/19 11:00:41.988, 0, 79, 99.92, 100, 7965, 974, 715, P0, 0x0000000000000000
2026/09/19 11:00:41.991, 1, 80, 112.42, 100, 8507, 1075, 715, P0, 0x0000000000000020
2026/09/19 11:00:43.004, 0, 79, 101.83, 100, 7965, 987, 715, P0, 0x0000000000000020
2026/09/19 11:00:43.008, 1, 79, 50.10, 25, 8507, 1189, 715, P0, 0x0000000000000000
2026/09/19 11:00:44.019, 0, 79, 100.75, 100, 7965, 987, 715, P0, 0x0000000000000000
2026/09/19 11:00:44.028, 1, 79, 127.55, 100, 8507, 1189, 715, P0, 0x0000000000000000
2026/09/19 11:00:45.033, 0, 79, 126.02, 100, 7965, 987, 715, P0, 0x0000000000000020
2026/09/19 11:00:45.035, 1, 79, 98.78, 100, 8507, 949, 715, P0, 0x0000000000000000
2026/09/19 11:00:46.052, 0, 79, 96.15, 100, 7965, 936, 715, P0, 0x0000000000000000
2026/09/19 11:00:46.055, 1, 79, 100.16, 100, 8507, 949, 715, P0, 0x0000000000000020
2026/09/19 11:00:47.080, 0, 79, 101.30, 100, 7965, 974, 715, P0, 0x0000000000000020
2026/09/19 11:00:47.088, 1, 79, 111.53, 100, 8507, 1075, 715, P0, 0x0000000000000000
2026/09/19 11:00:48.097, 0, 79, 100.74, 100, 7965, 974, 715, P0, 0x0000000000000020
2026/09/19 11:00:48.110, 1, 79, 91.31, 100, 8507, 1101, 715, P0, 0x0000000000000000
2026/09/19 11:00:49.128, 0, 79, 105.39, 100, 7965, 1088, 715, P0, 0x0000000000000000
2026/09/19 11:00:49.131, 1, 79, 107.19, 100, 8507, 1063, 715, P0, 0x0000000000000020
2026/09/19 11:00:50.143, 0, 79, 90.36, 100, 7965, 860, 715, P0, 0x0000000000000000
2026/09/19 11:00:50.151, 1, 79, 111.56, 20, 8507, 1113, 715, P0, 0x0000000000000000
2026/09/19 11:00:51.157, 0, 79, 100.87, 100, 7965, 974, 715, P0, 0x0000000000000000
2026/09/19 11:00:51.160, 1, 79, 115.76, 100, 8507, 1113, 715, P0, 0x0000000000000020
2026/09/19 11:00:52.168, 0, 79, 100.81, 100, 7965, 974, 715, P0, 0x0000000000000020
2026/09/19 11:00:52.171, 1, 79, 126.85, 100, 8507, 999, 715, P0, 0x0000000000000000
2026/09/19 11:00:53.182, 0, 79, 102.30, 100, 7965, 987, 715, P0, 0x0000000000000000
2026/09/19 11:00:53.188, 1, 78, 53.44, 0, 8507, 1252, 715, P0, 0x0000000000000000
2026/09/19 11:00:54.197, 0, 79, 116.23, 100, 7965, 860, 715, P0, 0x0000000000000020
2026/09/19 11:00:54.200, 1, 79, 115.51, 100, 8507, 1126, 715, P0, 0x0000000000000020
2026/09/19 11:00:55.211, 0, 79, 98.94, 100, 7965, 974, 715, P0, 0x0000000000000000
2026/09/19 11:00:55.214, 1, 80, 121.68, 100, 8507, 1126, 715, P0, 0x0000000000000020
2026/09/19 11:00:56.227, 0, 79, 101.83, 100, 7965, 987, 715, P0, 0x0000000000000000
2026/09/19 11:00:56.230, 1, 79, 51.56, 86, 8507, 1189, 715, P0, 0x0000000000000000
2026/09/19 11:00:57.240, 0, 79, 101.77, 100, 7965, 987, 715, P0, 0x0000000000000000
2026/09/19 11:00:57.250, 1, 79, 116.25, 100, 8507, 1113, 715, P0, 0x0000000000000020
2026/09/19 11:00:58.254, 0, 79, 88.00, 100, 7965, 1025, 715, P0, 0x0000000000000000
2026/09/19 11:00:58.257, 1, 79, 115.38, 100, 8507, 1113, 715, P0, 0x0000000000000020
2026/09/19 11:00:59.270, 0, 79, 92.94, 100, 7965, 898, 715, P0, 0x0000000000000000
2026/09/19 11:00:59.273, 1, 80, 117.22, 100, 8507, 1101, 715, P0, 0x0000000000000020
2026/09/19 11:01:00.283, 0, 79, 100.32, 100, 7965, 974, 715, P0, 0x0000000000000020
2026/09/19 11:01:00.289, 1, 79, 121.92, 100, 8507, 1139, 715, P0, 0x0000000000000000
2026/09/19 11:01:01.296, 0, 79, 101.04, 100, 7965, 974, 715, P0, 0x0000000000000020
2026/09/19 11:01:01.296, 1, 80, 113.13, 100, 8507, 1126, 715, P0, 0x0000000000000020
2026/09/19 11:01:02.309, 0, 79, 101.00, 100, 7965, 987, 715, P0, 0x0000000000000000
2026/09/19 11:01:02.312, 1, 79, 85.35, 100, 8507, 734, 715, P0, 0x0000000000000020
2026/09/19 11:01:03.323, 0, 79, 114.75, 100, 7965, 847, 715, P0, 0x0000000000000000
2026/09/19 11:01:03.331, 1, 79, 88.89, 100, 8507, 822, 715, P0, 0x0000000000000020
2026/09/19 11:01:04.351, 0, 79, 98.49, 100, 7965, 961, 715, P0, 0x0000000000000000
2026/09/19 11:01:04.354, 1, 79, 98.48, 100, 8507, 822, 715, P0, 0x0000000000000000
2026/09/19 11:01:05.380, 0, 79, 101.86, 100, 7965, 987, 715, P0, 0x0000000000000000
2026/09/19 11:01:05.389, 1, 79, 100.80, 100, 8507, 999, 715, P0, 0x0000000000000020
2026/09/19 11:01:06.395, 0, 79, 101.87, 100, 7965, 987, 715, P0, 0x0000000000000000
2026/09/19 11:01:06.398, 1, 79, 102.49, 100, 8507, 999, 715, P0, 0x0000000000000020
2026/09/19 11:01:07.411, 0, 79, 89.74, 100, 7965, 974, 715, P0, 0x0000000000000000
2026/09/19 11:01:07.414, 1, 78, 105.18, 100, 8507, 1075, 715, P0, 0x0000000000000000
2026/09/19 11:01:08.428, 0, 79, 93.03, 100, 7965, 847, 715, P0, 0x0000000000000000
2026/09/19 11:01:08.432, 1, 79, 97.52, 100, 8507, 961, 715, P0, 0x0000000000000000
2026/09/19 11:01:09.439, 0, 79, 100.17, 100, 7965, 987, 715, P0, 0x0000000000000000
2026/09/19 11:01:09.448, 1, 79, 102.01, 100, 8507, 1012, 715, P0, 0x0000000000000000
2026/09/19 11:01:10.454, 0, 79, 101.86, 100, 7965, 987, 715, P0, 0x0000000000000000
2026/09/19 11:01:10.457, 1, 79, 105.12, 100, 8507, 1050, 715, P0, 0x0000000000000000
2026/09/19 11:01:11.468, 0, 79, 102.01, 100, 7965, 974, 715, P0, 0x0000000000000020
2026/09/19 11:01:11.472, 1, 79, 127.29, 100, 8507, 1177, 715, P0, 0x0000000000000000
2026/09/19 11:01:12.482, 0, 79, 123.67, 100, 7965, 847, 715, P0, 0x0000000000000020
2026/09/19 11:01:12.493, 1, 79, 106.61, 100, 8507, 1063, 715, P0, 0x0000000000000020
2026/09/19 11:01:13.499, 0, 79, 89.88, 99, 7965, 885, 715, P0, 0x0000000000000000
2026/09/19 11:01:13.513, 1, 79, 109.87, 59, 8507, 1088, 715, P0, 0x0000000000000020
2026/09/19 11:01:14.528, 0, 79, 100.88, 100, 7965, 974, 715, P0, 0x0000000000000020
2026/09/19 11:01:14.531, 1, 79, 111.69, 100, 8507, 1075, 715, P0, 0x0000000000000020
2026/09/19 11:01:15.541, 0, 79, 100.46, 100, 7965, 974, 715, P0, 0x0000000000000020
2026/09/19 11:01:15.552, 1, 79, 142.46, 100, 8507, 1075, 715, P0, 0x0000000000000020
2026/09/19 11:01:16.558, 0, 79, 102.55, 100, 7965, 987, 715, P0, 0x0000000000000000
2026/09/19 11:01:16.561, 1, 78, 50.34, 9, 8507, 1189, 715, P0, 0x0000000000000000
2026/09/19 11:01:17.573, 0, 79, 118.40, 100, 7965, 860, 715, P0, 0x0000000000000020
2026/09/19 11:01:17.576, 1, 79, 114.24, 100, 8507, 1126, 715, P0, 0x0000000000000020
2026/09/19 11:01:18.589, 0, 79, 96.71, 100, 7965, 949, 715, P0, 0x0000000000000000
2026/09/19 11:01:18.592, 1, 79, 122.58, 100, 8507, 1139, 715, P0, 0x0000000000000000
2026/09/19 11:01:19.604, 0, 79, 101.60, 100, 7965, 974, 715, P0, 0x0000000000000020
2026/09/19 11:01:19.609, 1, 79, 50.10, 55, 8507, 1290, 715, P0, 0x0000000000000020
2026/09/19 11:01:20.618, 0, 79, 102.01, 100, 7965, 974, 715, P0, 0x0000000000000020
2026/09/19 11:01:20.629, 1, 79, 112.89, 100, 8507, 1088, 715, P0, 0x0000000000000020
2026/09/19 11:01:21.647, 0, 79, 101.61, 100, 7965, 974, 715, P0, 0x0000000000000020
2026/09/19 11:01:21.651, 1, 79, 106.02, 100, 8507, 1075, 715, P0, 0x0000000000000000
2026/09/19 11:01:22.662, 0, 79, 112.69, 100, 7965, 784, 715, P0, 0x0000000000000020
2026/09/19 11:01:22.673, 1, 79, 117.13, 100, 8507, 1113, 715, P0, 0x0000000000000000
2026/09/19 11:01:23.679, 0, 79, 97.65, 99, 7965, 961, 715, P0, 0x0000000000000000
2026/09/19 11:01:23.690, 1, 79, 126.64, 100, 8507, 1164, 715, P0, 0x0000000000000020
2026/09/19 11:01:24.710, 0, 79, 101.37, 100, 7965, 974, 715, P0, 0x0000000000000020
2026/09/19 11:01:24.713, 1, 79, 107.22, 100, 8507, 1075, 715, P0, 0x0000000000000000
2026/09/19 11:01:25.722, 0, 79, 101.15, 100, 7965, 974, 715, P0, 0x0000000000000020
2026/09/19 11:01:25.730, 1, 79, 100.81, 100, 8507, 1025, 715, P0, 0x0000000000000000
2026/09/19 11:01:26.748, 0, 79, 87.96, 100, 7965, 1050, 715, P0, 0x0000000000000000
2026/09/19 11:01:26.751, 1, 78, 49.88, 0, 8507, 1189, 715, P0, 0x0000000000000000
2026/09/19 11:01:27.764, 0, 79, 114.56, 100, 7965, 797, 715, P0, 0x0000000000000000
2026/09/19 11:01:27.772, 1, 79, 120.18, 100, 8507, 1139, 715, P0, 0x0000000000000000
2026/09/19 11:01:28.791, 0, 79, 100.65, 100, 7965, 974, 715, P0, 0x0000000000000020
2026/09/19 11:01:28.794, 1, 79, 106.74, 100, 8507, 1050, 715, P0, 0x0000000000000000
2026/09/19 11:01:29.806, 0, 79, 101.35, 100, 7965, 987, 715, P0, 0x0000000000000000
2026/09/19 11:01:29.812, 1, 79, 51.79, 62, 8507, 1290, 715, P0, 0x0000000000000020
2026/09/19 11:01:30.821, 0, 79, 101.59, 100, 7965, 974, 715, P0, 0x0000000000000020
2026/09/19 11:01:30.829, 1, 79, 113.37, 100, 8507, 1113, 715, P0, 0x0000000000000020
2026/09/19 11:01:31.837, 0, 79, 86.65, 100, 7965, 1025, 715, P0, 0x0000000000000000
2026/09/19 11:01:31.840, 1, 79, 91.88, 100, 8507, 885, 715, P0, 0x0000000000000000
2026/09/19 11:01:32.855, 0, 79, 92.80, 100, 7965, 873, 715, P0, 0x0000000000000000
2026/09/19 11:01:32.859, 1, 79, 94.64, 100, 8507, 898, 715, P0, 0x0000000000000020
2026/09/19 11:01:33.872, 0, 79, 100.66, 100, 7965, 974, 715, P0, 0x0000000000000020
2026/09/19 11:01:33.875, 1, 79, 100.14, 100, 8507, 999, 715, P0, 0x0000000000000020
2026/09/19 11:01:34.882, 0, 79, 101.86, 100, 7965, 987, 715, P0, 0x0000000000000020
2026/09/19 11:01:34.889, 1, 79, 101.04, 100, 8507, 999, 715, P0, 0x0000000000000000
2026/09/19 11:01:35.898, 0, 79, 101.87, 100, 7965, 974, 715, P0, 0x0000000000000020
2026/09/19 11:01:35.910, 1, 79, 101.28, 100, 8507, 987, 715, P0, 0x0000000000000000
2026/09/19 11:01:36.926, 0, 79, 128.97, 100, 7965, 999, 715, P0, 0x0000000000000020
2026/09/19 11:01:36.931, 1, 78, 54.60, 63, 8507, 1290, 715, P0, 0x0000000000000000
2026/09/19 11:01:37.937, 0, 79, 97.31, 100, 7965, 772, 715, P0, 0x0000000000000020
2026/09/19 11:01:37.940, 1, 79, 106.58, 100, 8507, 1075, 715, P0, 0x0000000000000000
2026/09/19 11:01:38.952, 0, 79, 100.40, 100, 7965, 974, 715, P0, 0x0000000000000020
2026/09/19 11:01:38.956, 1, 79, 107.46, 100, 8507, 1075, 715, P0, 0x0000000000000000
2026/09/19 11:01:39.965, 0, 79, 99.82, 100, 7965, 961, 715, P0, 0x0000000000000020
2026/09/19 11:01:39.970, 1, 79, 124.53, 100, 8507, 1139, 715, P0, 0x0000000000000000
2026/09/19 11:01:40.985, 0, 79, 101.52, 100, 7965, 974, 715, P0, 0x0000000000000000
2026/09/19 11:01:40.989, 1, 79, 122.16, 100, 8507, 1126, 715, P0, 0x0000000000000020
2026/09/19 11:01:42.000, 0, 79, 101.77, 100, 7965, 974, 715, P0, 0x0000000000000020
2026/09/19 11:01:42.010, 1, 79, 114.57, 100, 8507, 1126, 715, P0, 0x0000000000000020
2026/09/19 11:01:43.019, 0, 79, 100.43, 100, 7965, 772, 715, P0, 0x0000000000000020
2026/09/19 11:01:43.033, 1, 79, 105.08, 100, 8507, 1050, 715, P0, 0x0000000000000000
2026/09/19 11:01:44.047, 0, 79, 99.67, 100, 7965, 974, 715, P0, 0x0000000000000020
2026/09/19 11:01:44.050, 1, 79, 116.00, 100, 8507, 1139, 715, P0, 0x0000000000000000
2026/09/19 11:01:45.063, 0, 79, 101.05, 100, 7965, 974, 715, P0, 0x0000000000000020
2026/09/19 11:01:45.068, 1, 79, 117.14, 100, 8507, 1126, 715, P0, 0x0000000000000020
2026/09/19 11:01:46.080, 0, 79, 101.39, 100, 7965, 974, 715, P0, 0x0000000000000020
2026/09/19 11:01:46.090, 1, 79, 96.78, 100, 8507, 987, 715, P0, 0x0000000000000000
2026/09/19 11:01:47.095, 0, 79, 95.15, 100, 7965, 987, 715, P0, 0x0000000000000020
2026/09/19 11:01:47.098, 1, 78, 50.14, 0, 8507, 1189, 715, P0, 0x0000000000000000
2026/09/19 11:01:48.107, 0, 79, 111.10, 100, 7965, 784, 715, P0, 0x0000000000000000
2026/09/19 11:01:48.112, 1, 79, 114.31, 100, 8507, 1113, 715, P0, 0x0000000000000020
2026/09/19 11:01:49.119, 0, 79, 98.46, 100, 7965, 961, 715, P0, 0x0000000000000020
2026/09/19 11:01:49.129, 1, 79, 116.96, 100, 8507, 1113, 715, P0, 0x0000000000000020
2026/09/19 11:01:50.136, 0, 79, 100.87, 100, 7965, 974, 715, P0, 0x0000000000000020
2026/09/19 11:01:50.140, 1, 79, 54.18, 100, 8507, 1189, 715, P0, 0x0000000000000000
2026/09/19 11:01:51.150, 0, 79, 101.04, 100, 7965, 974, 715, P0, 0x0000000000000020
2026/09/19 11:01:51.153, 1, 79, 118.40, 100, 8507, 1126, 715, P0, 0x0000000000000020
2026/09/19 11:01:52.162, 0, 79, 101.87, 100, 7965, 987, 715, P0, 0x0000000000000000
2026/09/19 11:01:52.170, 1, 79, 99.13, 100, 8507, 999, 715, P0, 0x0000000000000000
2026/09/19 11:01:53.180, 0, 79, 130.71, 100, 7965, 810, 715, P0, 0x0000000000000020
2026/09/19 11:01:53.191, 1, 79, 105.92, 100, 8507, 1050, 715, P0, 0x0000000000000020
2026/09/19 11:01:54.206, 0, 79, 90.83, 99, 7965, 885, 715, P0, 0x0000000000000000
2026/09/19 11:01:54.210, 1, 79, 113.93, 100, 8507, 1126, 715, P0, 0x0000000000000020
2026/09/19 11:01:55.222, 0, 79, 101.04, 100, 7965, 974, 715, P0, 0x0000000000000020
2026/09/19 11:01:55.229, 1, 79, 119.54, 100, 8507, 1126, 715, P0, 0x0000000000000000
2026/09/19 11:01:56.236, 0, 79, 101.99, 100, 7965, 974, 715, P0, 0x0000000000000020
2026/09/19 11:01:56.238, 1, 80, 129.49, 100, 8507, 1037, 715, P0, 0x0000000000000020
2026/09/19 11:01:57.251, 0, 79, 102.06, 100, 7965, 987, 715, P0, 0x0000000000000020
2026/09/19 11:01:57.254, 1, 78, 54.65, 0, 8507, 1278, 715, P0, 0x0000000000000000
2026/09/19 11:01:58.267, 0, 79, 87.30, 100, 7965, 1063, 715, P0, 0x0000000000000000
2026/09/19 11:01:58.270, 1, 79, 106.85, 100, 8507, 1037, 715, P0, 0x0000000000000000
2026/09/19 11:01:59.276, 0, 79, 91.08, 100, 7965, 810, 715, P0, 0x0000000000000000
2026/09/19 11:01:59.279, 1, 79, 113.24, 100, 8507, 1088, 715, P0, 0x0000000000000020
2026/09/19 11:02:00.290, 0, 79, 100.40, 100, 7965, 987, 715, P0, 0x0000000000000020
2026/09/19 11:02:00.293, 1, 80, 114.57, 100, 8507, 1088, 715, P0, 0x0000000000000020
2026/09/19 11:02:01.301, 0, 79, 101.28, 100, 7965, 974, 715, P0, 0x0000000000000020
2026/09/19 11:02:01.309, 1, 79, 121.92, 100, 8507, 1126, 715, P0, 0x0000000000000020
2026/09/19 11:02:02.316, 0, 79, 101.94, 100, 7965, 987, 715, P0, 0x0000000000000000
2026/09/19 11:02:02.319, 1, 80, 126.78, 100, 8507, 847, 715, P0, 0x0000000000000020
2026/09/19 11:02:03.346, 0, 79, 89.22, 100, 7965, 1025, 715, P0, 0x0000000000000000
2026/09/19 11:02:03.349, 1, 79, 104.43, 100, 8507, 1037, 715, P0, 0x0000000000000020
2026/09/19 11:02:04.358, 0, 79, 114.67, 98, 7965, 784, 715, P0, 0x0000000000000020
2026/09/19 11:02:04.373, 1, 79, 100.97, 0, 8507, 1037, 715, P0, 0x0000000000000000
2026/09/19 11:02:05.388, 0, 79, 99.67, 100, 7965, 974, 715, P0, 0x0000000000000020
2026/09/19 11:02:05.391, 1, 79, 115.30, 100, 8507, 1113, 715, P0, 0x0000000000000020
2026/09/19 11:02:06.402, 0, 79, 101.87, 100, 7965, 987, 715, P0, 0x0000000000000000
2026/09/19 11:02:06.410, 1, 79, 99.61, 100, 8507, 949, 715, P0, 0x0000000000000020
2026/09/19 11:02:07.428, 0, 79, 101.59, 100, 7965, 987, 715, P0, 0x0000000000000000
2026/09/19 11:02:07.431, 1, 79, 51.31, 73, 8507, 1215, 715, P0, 0x0000000000000000
2026/09/19 11:02:08.442, 0, 79, 101.68, 100, 7965, 974, 715, P0, 0x0000000000000020
2026/09/19 11:02:08.452, 1, 79, 140.84, 100, 8507, 1075, 715, P0, 0x0000000000000020
2026/09/19 11:02:09.461, 0, 79, 114.33, 100, 7965, 822, 715, P0, 0x0000000000000020
2026/09/19 11:02:09.472, 1, 79, 108.82, 100, 8507, 1075, 715, P0, 0x0000000000000000
2026/09/19 11:02:10.489, 0, 79, 98.00, 100, 7965, 974, 715, P0, 0x0000000000000000
2026/09/19 11:02:10.492, 1, 79, 108.64, 100, 8507, 1075, 715, P0, 0x0000000000000000
2026/09/19 11:02:11.501, 0, 79, 101.53, 100, 7965, 987, 715, P0, 0x0000000000000000
2026/09/19 11:02:11.508, 1, 79, 115.76, 100, 8507, 1113, 715, P0, 0x0000000000000020
2026/09/19 11:02:12.516, 0, 79, 101.77, 100, 7965, 974, 715, P0, 0x0000000000000020
2026/09/19 11:02:12.519, 1, 79, 116.48, 100, 8507, 1101, 715, P0, 0x0000000000000020
2026/09/19 11:02:13.530, 0, 79, 101.55, 100, 7965, 974, 715, P0, 0x0000000000000020
2026/09/19 11:02:13.533, 1, 79, 108.64, 100, 8507, 1088, 715, P0, 0x0000000000000000
2026/09/19 11:02:14.545, 0, 79, 117.50, 100, 7965, 1101, 715, P0, 0x0000000000000000
2026/09/19 11:02:14.549, 1, 78, 55.80, 0, 8507, 1303, 715, P0, 0x0000000000000000
2026/09/19 11:02:15.559, 0, 79, 106.15, 100, 7965, 759, 715, P0, 0x0000000000000020
2026/09/19 11:02:15.573, 1, 79, 106.26, 100, 8507, 1063, 715, P0, 0x0000000000000020
2026/09/19 11:02:16.587, 0, 79, 100.16, 100, 7965, 987, 715, P0, 0x0000000000000020
2026/09/19 11:02:16.591, 1, 79, 108.18, 100, 8507, 1050, 715, P0, 0x0000000000000020
2026/09/19 11:02:17.600, 0, 79, 101.31, 100, 7965, 974, 715, P0, 0x0000000000000020
2026/09/19 11:02:17.609, 1, 79, 108.90, 100, 8507, 1063, 715, P0, 0x0000000000000020
2026/09/19 11:02:18.616, 0, 79, 101.30, 100, 7965, 987, 715, P0, 0x0000000000000000
2026/09/19 11:02:18.619, 1, 79, 113.13, 100, 8507, 1088, 715, P0, 0x0000000000000020
2026/09/19 11:02:19.631, 0, 79, 101.57, 100, 7965, 974, 715, P0, 0x0000000000000020
2026/09/19 11:02:19.635, 1, 79, 102.49, 100, 8507, 961, 715, P0, 0x0000000000000000
2026/09/19 11:02:20.642, 0, 79, 117.21, 100, 7965, 759, 715, P0, 0x0000000000000020
2026/09/19 11:02:20.652, 1, 79, 112.57, 100, 8507, 1075, 715, P0, 0x0000000000000000
2026/09/19 11:02:21.658, 0, 79, 91.75, 98, 7965, 873, 715, P0, 0x0000000000000000
2026/09/19 11:02:21.661, 1, 79, 113.14, 82, 8507, 1113, 715, P0, 0x0000000000000000
2026/09/19 11:02:22.667, 0, 79, 100.80, 100, 7965, 999, 715, P0, 0x0000000000000020
2026/09/19 11:02:22.670, 1, 79, 116.00, 100, 8507, 1126, 715, P0, 0x0000000000000000
2026/09/19 11:02:23.677, 0, 79, 101.99, 100, 7965, 999, 715, P0, 0x0000000000000020
2026/09/19 11:02:23.689, 1, 79, 138.21, 100, 8507, 1177, 715, P0, 0x0000000000000020
2026/09/19 11:02:24.708, 0, 79, 102.31, 100, 7965, 987, 715, P0, 0x0000000000000000
2026/09/19 11:02:24.711, 1, 78, 50.58, 18, 8507, 1189, 715, P0, 0x0000000000000000
2026/09/19 11:02:25.722, 0, 79, 98.71, 100, 7965, 974, 715, P0, 0x0000000000000020
2026/09/19 11:02:25.728, 1, 79, 118.89, 100, 8507, 885, 715, P0, 0x0000000000000020
2026/09/19 11:02:26.740, 0, 79, 112.86, 100, 7965, 759, 715, P0, 0x0000000000000020
2026/09/19 11:02:26.751, 1, 79, 107.20, 100, 8507, 1075, 715, P0, 0x0000000000000000
2026/09/19 11:02:27.769, 0, 79, 100.82, 100, 7965, 987, 715, P0, 0x0000000000000020
2026/09/19 11:02:27.772, 1, 79, 108.64, 100, 8507, 1063, 715, P0, 0x0000000000000020
2026/09/19 11:02:28.782, 0, 79, 100.63, 100, 7965, 987, 715, P0, 0x0000000000000000
2026/09/19 11:02:28.789, 1, 79, 114.57, 100, 8507, 1126, 715, P0, 0x0000000000000020
2026/09/19 11:02:29.795, 0, 79, 101.63, 100, 7965, 987, 715, P0, 0x0000000000000000
2026/09/19 11:02:29.798, 1, 79, 97.50, 100, 8507, 1025, 715, P0, 0x0000000000000020
2026/09/19 11:02:30.808, 0, 79, 101.41, 100, 7965, 987, 715, P0, 0x0000000000000000
2026/09/19 11:02:30.812, 1, 79, 90.83, 100, 8507, 873, 715, P0, 0x0000000000000000
2026/09/19 11:02:31.817, 0, 79, 128.20, 100, 7965, 974, 715, P0, 0x0000000000000020
2026/09/19 11:02:31.829, 1, 78, 50.29, 0, 8507, 1189, 715, P0, 0x0000000000000000
2026/09/19 11:02:32.834, 0, 79, 110.15, 100, 7965, 759, 715, P0, 0x0000000000000020
2026/09/19 11:02:32.837, 1, 79, 111.92, 100, 8507, 1101, 715, P0, 0x0000000000000020
2026/09/19 11:02:33.847, 0, 79, 99.43, 100, 7965, 974, 715, P0, 0x0000000000000020
2026/09/19 11:02:33.850, 1, 79, 114.57, 100, 8507, 1088, 715, P0, 0x0000000000000020
2026/09/19 11:02:34.860, 0, 79, 101.72, 100, 7965, 974, 715, P0, 0x0000000000000020
2026/09/19 11:02:34.867, 1, 79, 83.91, 100, 8507, 961, 715, P0, 0x0000000000000000
2026/09/19 11:02:35.887, 0, 79, 102.09, 100, 7965, 987, 715, P0, 0x0000000000000000
2026/09/19 11:02:35.890, 1, 79, 107.22, 100, 8507, 1050, 715, P0, 0x0000000000000000
2026/09/19 11:02:36.906, 0, 79, 101.22, 100, 7965, 987, 715, P0, 0x0000000000000000
2026/09/19 11:02:36.912, 1, 79, 128.75, 100, 8507, 1088, 715, P0, 0x0000000000000020
2026/09/19 11:02:37.919, 0, 79, 127.29, 100, 7965, 911, 715, P0, 0x0000000000000020
2026/09/19 11:02:37.931, 1, 79, 101.90, 100, 8507, 1037, 715, P0, 0x0000000000000000
2026/09/19 11:02:38.937, 0, 79, 105.50, 100, 7965, 708, 715, P0, 0x0000000000000020
2026/09/19 11:02:38.953, 1, 79, 102.98, 15, 8507, 1063, 715, P0, 0x0000000000000000
2026/09/19 11:02:39.957, 0, 79, 99.19, 100, 7965, 974, 715, P0, 0x0000000000000020
2026/09/19 11:02:39.967, 1, 79, 110.32, 100, 8507, 1075, 715, P0, 0x0000000000000020
2026/09/19 11:02:40.986, 0, 79, 101.13, 100, 7965, 974, 715, P0, 0x0000000000000020
2026/09/19 11:02:40.989, 1, 79, 109.37, 100, 8507, 1075, 715, P0, 0x0000000000000000
2026/09/19 11:02:42.002, 0, 79, 102.31, 100, 7965, 987, 715, P0, 0x0000000000000000
2026/09/19 11:02:42.009, 1, 79, 49.86, 100, 8507, 1189, 715, P0, 0x0000000000000000
2026/09/19 11:02:43.016, 0, 79, 102.10, 100, 7965, 974, 715, P0, 0x0000000000000020
2026/09/19 11:02:43.019, 1, 79, 101.76, 100, 8507, 1113, 715, P0, 0x0000000000000020
2026/09/19 11:02:44.034, 0, 79, 93.24, 100, 7965, 987, 715, P0, 0x0000000000000000
2026/09/19 11:02:44.037, 1, 79, 115.32, 100, 8507, 1113, 715, P0, 0x0000000000000020
2026/09/19 11:02:45.050, 0, 79, 111.74, 100, 7965, 772, 715, P0, 0x0000000000000020
2026/09/19 11:02:45.053, 1, 80, 116.19, 100, 8507, 1113, 715, P0, 0x0000000000000020
2026/09/19 11:02:46.064, 0, 79, 96.71, 98, 7965, 949, 715, P0, 0x0000000000000000
2026/09/19 11:02:46.070, 1, 79, 127.33, 100, 8507, 1164, 715, P0, 0x0000000000000020
2026/09/19 11:02:47.078, 0, 79, 101.13, 100, 7965, 974, 715, P0, 0x0000000000000020
2026/09/19 11:02:47.088, 1, 79, 105.29, 100, 8507, 1025, 715, P0, 0x0000000000000000
2026/09/19 11:02:48.094, 0, 79, 102.10, 100, 7965, 987, 715, P0, 0x0000000000000000
2026/09/19 11:02:48.097, 1, 79, 102.96, 100, 8507, 1025, 715, P0, 0x0000000000000000
2026/09/19 11:02:49.107, 0, 79, 101.85, 100, 7965, 974, 715, P0, 0x0000000000000020
2026/09/19 11:02:49.110, 1, 79, 49.62, 83, 8507, 1189, 715, P0, 0x0000000000000000
2026/09/19 11:02:50.123, 0, 79, 101.74, 100, 7965, 987, 715, P0, 0x0000000000000000
2026/09/19 11:02:50.130, 1, 79, 139.81, 100, 8507, 1063, 715, P0, 0x0000000000000020
2026/09/19 11:02:51.141, 0, 79, 123.20, 100, 7965, 847, 715, P0, 0x0000000000000020
2026/09/19 11:02:51.150, 1, 79, 107.58, 100, 8507, 1063, 715, P0, 0x0000000000000020
2026/09/19 11:02:52.157, 0, 79, 95.65, 100, 7965, 936, 715, P0, 0x0000000000000000
2026/09/19 11:02:52.168, 1, 79, 106.75, 100, 8507, 1050, 715, P0, 0x0000000000000020
2026/09/19 11:02:53.176, 0, 79, 101.29, 100, 7965, 974, 715, P0, 0x0000000000000000
2026/09/19 11:02:53.187, 1, 79, 113.37, 100, 8507, 1101, 715, P0, 0x0000000000000020
2026/09/19 11:02:54.191, 0, 79, 103.46, 100, 7965, 987, 715, P0, 0x0000000000000000
2026/09/19 11:02:54.194, 1, 79, 113.13, 100, 8507, 1088, 715, P0, 0x0000000000000020
2026/09/19 11:02:55.200, 0, 79, 94.85, 100, 7965, 923, 715, P0, 0x0000000000000000
2026/09/19 11:02:55.210, 1, 79, 124.79, 100, 8507, 999, 715, P0, 0x0000000000000020
2026/09/19 11:02:56.223, 0, 78, 52.26, 0, 7965, 1265, 715, P0, 0x0000000000000000
2026/09/19 11:02:56.226, 1, 79, 117.15, 100, 8507, 1088, 715, P0, 0x0000000000000020
2026/09/19 11:02:57.234, 0, 77, 51.60, 0, 7965, 1265, 715, P0, 0x0000000000000000
2026/09/19 11:02:57.237, 1, 79, 85.06, 100, 8507, 1012, 715, P0, 0x0000000000000000
2026/09/19 11:02:58.242, 0, 77, 51.34, 0, 7965, 1265, 715, P0, 0x0000000000000000
2026/09/19 11:02:58.245, 1, 79, 100.07, 100, 8507, 961, 715, P0, 0x0000000000000020
2026/09/19 11:02:59.253, 0, 79, 172.27, 100, 7965, 1328, 715, P0, 0x0000000000000000
2026/09/19 11:02:59.256, 1, 78, 56.13, 0, 8507, 1316, 715, P0, 0x0000000000000000
2026/09/19 11:03:00.266, 0, 79, 96.08, 100, 7965, 1101, 715, P0, 0x0000000000000000
2026/09/19 11:03:00.269, 1, 77, 55.61, 0, 8507, 1316, 715, P0, 0x0000000000000000
2026/09/19 11:03:01.288, 0, 79, 106.57, 100, 7965, 1063, 715, P0, 0x0000000000000000
2026/09/19 11:03:01.291, 1, 77, 55.35, 0, 8507, 1316, 715, P0, 0x0000000000000000
2026/09/19 11:03:02.296, 0, 78, 48.06, 0, 7965, 1189, 715, P0, 0x0000000000000000
2026/09/19 11:03:02.301, 1, 79, 163.67, 100, 8507, 1328, 715, P0, 0x0000000000000000
2026/09/19 11:03:03.321, 0, 77, 47.20, 0, 7965, 1189, 715, P0, 0x0000000000000000
2026/09/19 11:03:03.323, 1, 79, 114.34, 100, 8507, 784, 715, P0, 0x0000000000000000
2026/09/19 11:03:04.349, 0, 77, 47.02, 0, 7965, 1189, 715, P0, 0x0000000000000000
2026/09/19 11:03:04.354, 1, 79, 94.89, 100, 8507, 936, 715, P0, 0x0000000000000000
2026/09/19 11:03:05.363, 0, 76, 49.26, 0, 9, 1189, 715, P0, 0x0000000000000000
2026/09/19 11:03:05.366, 1, 78, 52.12, 28, 9, 1189, 715, P0, 0x0000000000000000
2026/09/19 11:03:06.373, 0, 76, 54.31, 0, 9, 1328, 715, P0, 0x0000000000000000
2026/09/19 11:03:06.376, 1, 77, 55.73, 0, 9, 1328, 715, P0, 0x0000000000000000
2026/09/19 11:03:07.388, 0, 76, 54.31, 0, 9, 1328, 715, P0, 0x0000000000000000
2026/09/19 11:03:07.391, 1, 77, 55.49, 0, 9, 1328, 715, P0, 0x0000000000000000
2026/09/19 11:03:08.401, 0, 76, 54.33, 0, 9, 1328, 715, P0, 0x0000000000000000
2026/09/19 11:03:08.404, 1, 76, 55.25, 0, 9, 1328, 715, P0, 0x0000000000000000
2026/09/19 11:03:09.414, 0, 76, 53.85, 0, 9, 1328, 715, P0, 0x0000000000000000
2026/09/19 11:03:09.419, 1, 76, 55.25, 0, 9, 1328, 715, P0, 0x0000000000000000
2026/09/19 11:03:10.425, 0, 76, 53.86, 0, 9, 1328, 715, P0, 0x0000000000000000
2026/09/19 11:03:10.428, 1, 76, 55.00, 0, 9, 1328, 715, P0, 0x0000000000000000
