timestamp,index,temperature.gpu,power.draw,utilization.gpu,memory.used,clocks.current.graphics,clocks.current.memory,pstate,clocks_event_reasons.active
2026/09/19 00:07:08.322, 0, 67, 46.34, 0, 15369, 1290, 715, P0, 0x0000000000000000
2026/09/19 00:07:08.329, 1, 68, 50.19, 0, 15369, 1328, 715, P0, 0x0000000000000000
2026/09/19 00:07:09.337, 0, 68, 94.29, 67, 15531, 1328, 715, P0, 0x0000000000000000
2026/09/19 00:07:09.340, 1, 68, 79.56, 77, 15531, 1328, 715, P0, 0x0000000000000000
2026/09/19 00:07:10.348, 0, 68, 53.51, 45, 15531, 1328, 715, P0, 0x0000000000000000
2026/09/19 00:07:10.351, 1, 69, 93.75, 44, 15531, 1328, 715, P0, 0x0000000000000000
2026/09/19 00:07:11.360, 0, 68, 124.23, 46, 15531, 1328, 715, P0, 0x0000000000000000
2026/09/19 00:07:11.366, 1, 69, 118.98, 46, 15531, 1328, 715, P0, 0x0000000000000000
2026/09/19 00:07:12.370, 0, 69, 100.99, 53, 15531, 1328, 715, P0, 0x0000000000000000
2026/09/19 00:07:12.374, 1, 69, 76.87, 60, 15531, 1328, 715, P0, 0x0000000000000000
2026/09/19 00:07:13.386, 0, 68, 93.89, 62, 15531, 1328, 715, P0, 0x0000000000000000
2026/09/19 00:07:13.389, 1, 69, 137.38, 66, 15531, 1328, 715, P0, 0x0000000000000000
2026/09/19 00:07:14.394, 0, 69, 97.86, 63, 15533, 1328, 715, P0, 0x0000000000000000
2026/09/19 00:07:14.397, 1, 69, 65.91, 71, 15533, 1328, 715, P0, 0x0000000000000000
2026/09/19 00:07:15.407, 0, 69, 96.01, 44, 15533, 1328, 715, P0, 0x0000000000000000
2026/09/19 00:07:15.410, 1, 69, 56.33, 46, 15533, 1328, 715, P0, 0x0000000000000000
2026/09/19 00:07:16.416, 0, 69, 98.01, 47, 15533, 1328, 715, P0, 0x0000000000000000
2026/09/19 00:07:16.419, 1, 69, 62.74, 47, 15533, 1328, 715, P0, 0x0000000000000000
2026/09/19 00:07:17.426, 0, 69, 105.05, 54, 15533, 1328, 715, P0, 0x0000000000000000
2026/09/19 00:07:17.429, 1, 69, 77.63, 62, 15533, 1328, 715, P0, 0x0000000000000000
2026/09/19 00:07:18.439, 0, 69, 89.25, 49, 15533, 1328, 715, P0, 0x0000000000000000
2026/09/19 00:07:18.442, 1, 69, 122.20, 55, 15533, 1328, 715, P0, 0x0000000000000000
2026/09/19 00:07:19.447, 0, 69, 102.42, 67, 15533, 1328, 715, P0, 0x0000000000000000
2026/09/19 00:07:19.450, 1, 69, 69.77, 72, 15533, 1328, 715, P0, 0x0000000000000000
2026/09/19 00:07:20.471, 0, 69, 107.59, 60, 15533, 1328, 715, P0, 0x0000000000000000
2026/09/19 00:07:20.474, 1, 69, 86.45, 66, 15533, 1328, 715, P0, 0x0000000000000000
2026/09/19 00:07:21.494, 0, 69, 101.24, 57, 15533, 1328, 715, P0, 0x0000000000000000
2026/09/19 00:07:21.497, 1, 69, 77.17, 52, 15533, 1328, 715, P0, 0x0000000000000000
2026/09/19 00:07:22.516, 0, 69, 97.93, 53, 15533, 1328, 715, P0, 0x0000000000000000
2026/09/19 00:07:22.519, 1, 69, 64.42, 65, 15533, 1328, 715, P0, 0x0000000000000000
2026/09/19 00:07:23.524, 0, 69, 64.33, 48, 15533, 1328, 715, P0, 0x0000000000000000
2026/09/19 00:07:23.528, 1, 69, 92.47, 62, 15533, 1328, 715, P0, 0x0000000000000000
2026/09/19 00:07:24.535, 0, 69, 96.50, 56, 15533, 1328, 715, P0, 0x0000000000000000
2026/09/19 00:07:24.538, 1, 69, 54.88, 66, 15533, 1328, 715, P0, 0x0000000000000000
2026/09/19 00:07:25.544, 0, 69, 109.79, 43, 15533, 1328, 715, P0, 0x0000000000000000
2026/09/19 00:07:25.547, 1, 69, 142.10, 66, 15533, 1328, 715, P0, 0x0000000000000000
2026/09/19 00:07:26.551, 0, 69, 108.97, 59, 15533, 1328, 715, P0, 0x0000000000000000
2026/09/19 00:07:26.554, 1, 69, 83.41, 55, 15533, 1328, 715, P0, 0x0000000000000000
2026/09/19 00:07:27.562, 0, 69, 96.05, 54, 15533, 1328, 715, P0, 0x0000000000000000
2026/09/19 00:07:27.565, 1, 69, 58.74, 56, 15533, 1328, 715, P0, 0x0000000000000000
2026/09/19 00:07:28.569, 0, 69, 119.07, 52, 15533, 1328, 715, P0, 0x0000000000000000
2026/09/19 00:07:28.572, 1, 69, 114.72, 59, 15533, 1328, 715, P0, 0x0000000000000000
2026/09/19 00:07:29.584, 0, 69, 58.35, 57, 15533, 1328, 715, P0, 0x0000000000000000
2026/09/19 00:07:29.587, 1, 69, 87.84, 56, 15533, 1328, 715, P0, 0x0000000000000000
2026/09/19 00:07:30.592, 0, 69, 101.40, 62, 15533, 1328, 715, P0, 0x0000000000000000
2026/09/19 00:07:30.595, 1, 69, 81.55, 66, 15533, 1328, 715, P0, 0x0000000000000000
2026/09/19 00:07:31.604, 0, 69, 100.99, 48, 15533, 1328, 715, P0, 0x0000000000000000
2026/09/19 00:07:31.611, 1, 69, 80.00, 61, 15533, 1328, 715, P0, 0x0000000000000000
2026/09/19 00:07:32.619, 0, 69, 58.32, 58, 15533, 1328, 715, P0, 0x0000000000000000
2026/09/19 00:07:32.622, 1, 69, 91.94, 58, 15533, 1328, 715, P0, 0x0000000000000000
2026/09/19 00:07:33.631, 0, 70, 101.72, 58, 15533, 1328, 715, P0, 0x0000000000000000
2026/09/19 00:07:33.634, 1, 69, 65.22, 70, 15533, 1328, 715, P0, 0x0000000000000000
2026/09/19 00:07:34.640, 0, 69, 100.09, 55, 15533, 1328, 715, P0, 0x0000000000000000
2026/09/19 00:07:34.643, 1, 69, 63.77, 52, 15533, 1328, 715, P0, 0x0000000000000000
2026/09/19 00:07:35.650, 0, 69, 55.42, 62, 15533, 1328, 715, P0, 0x0000000000000000
2026/09/19 00:07:35.653, 1, 69, 93.87, 65, 15533, 1328, 715, P0, 0x0000000000000000
2026/09/19 00:07:36.660, 0, 70, 98.40, 45, 15533, 1328, 715, P0, 0x0000000000000000
2026/09/19 00:07:36.663, 1, 69, 71.42, 49, 15533, 1328, 715, P0, 0x0000000000000000
2026/09/19 00:07:37.670, 0, 70, 99.72, 53, 15533, 1328, 715, P0, 0x0000000000000000
2026/09/19 00:07:37.673, 1, 69, 64.01, 60, 15533, 1328, 715, P0, 0x0000000000000000
2026/09/19 00:07:38.680, 0, 70, 94.86, 62, 15533, 1328, 715, P0, 0x0000000000000000
2026/09/19 00:07:38.685, 1, 69, 55.36, 66, 15533, 1328, 715, P0, 0x0000000000000000
2026/09/19 00:07:39.694, 0, 70, 97.69, 66, 15533, 1328, 715, P0, 0x0000000000000000
2026/09/19 00:07:39.698, 1, 69, 56.57, 79, 15533, 1328, 715, P0, 0x0000000000000000
2026/09/19 00:07:40.703, 0, 70, 96.54, 63, 15533, 1328, 715, P0, 0x0000000000000000
2026/09/19 00:07:40.706, 1, 70, 58.96, 68, 15533, 1328, 715, P0, 0x0000000000000000
2026/09/19 00:07:41.711, 0, 70, 54.69, 45, 15533, 1328, 715, P0, 0x0000000000000000
2026/09/19 00:07:41.714, 1, 69, 95.74, 66, 15533, 1328, 715, P0, 0x0000000000000000
2026/09/19 00:07:42.723, 0, 70, 103.22, 55, 15533, 1328, 715, P0, 0x0000000000000000
2026/09/19 00:07:42.728, 1, 69, 60.16, 63, 15533, 1328, 715, P0, 0x0000000000000000
2026/09/19 00:07:43.742, 0, 70, 63.36, 54, 15533, 1328, 715, P0, 0x0000000000000000
2026/09/19 00:07:43.745, 1, 70, 88.56, 56, 15533, 1328, 715, P0, 0x0000000000000000
2026/09/19 00:07:44.756, 0, 70, 106.19, 60, 15533, 1328, 715, P0, 0x0000000000000000
2026/09/19 00:07:44.759, 1, 70, 151.32, 69, 15533, 1328, 715, P0, 0x0000000000000000
2026/09/19 00:07:45.766, 0, 70, 95.09, 51, 15533, 1328, 715, P0, 0x0000000000000000
2026/09/19 00:07:45.769, 1, 70, 58.74, 67, 15533, 1328, 715, P0, 0x0000000000000000
2026/09/19 00:07:46.773, 0, 70, 56.39, 53, 15533, 1328, 715, P0, 0x0000000000000000
2026/09/19 00:07:46.776, 1, 69, 90.74, 56, 15533, 1328, 715, P0, 0x0000000000000000
2026/09/19 00:07:47.793, 0, 70, 100.32, 59, 15533, 1328, 715, P0, 0x0000000000000000
2026/09/19 00:07:47.799, 1, 69, 84.70, 61, 15533, 1328, 715, P0, 0x0000000000000000
2026/09/19 00:07:48.809, 0, 70, 106.01, 50, 15533, 1328, 715, P0, 0x0000000000000000
2026/09/19 00:07:48.811, 1, 69, 73.57, 56, 15533, 1328, 715, P0, 0x0000000000000000
2026/09/19 00:07:49.835, 0, 70, 53.82, 44, 15533, 1328, 715, P0, 0x0000000000000000
2026/09/19 00:07:49.838, 1, 69, 53.54, 59, 15533, 1328, 715, P0, 0x0000000000000000
2026/09/19 00:07:50.850, 0, 70, 99.79, 52, 15533, 1328, 715, P0, 0x0000000000000000
2026/09/19 00:07:50.853, 1, 69, 74.07, 63, 15533, 1328, 715, P0, 0x0000000000000000
2026/09/19 00:07:51.858, 0, 70, 100.73, 51, 15533, 1328, 715, P0, 0x0000000000000000
2026/09/19 00:07:51.861, 1, 69, 68.81, 49, 15533, 1328, 715, P0, 0x0000000000000000
2026/09/19 00:07:52.868, 0, 70, 60.46, 50, 15533, 1328, 715, P0, 0x0000000000000000
2026/09/19 00:07:52.871, 1, 69, 91.94, 57, 15533, 1328, 715, P0, 0x0000000000000000
2026/09/19 00:07:53.881, 0, 70, 145.36, 48, 15533, 1328, 715, P0, 0x0000000000000000
2026/09/19 00:07:53.884, 1, 70, 145.55, 55, 15533, 1328, 715, P0, 0x0000000000000000
2026/09/19 00:07:54.893, 0, 70, 100.63, 55, 15533, 1328, 715, P0, 0x0000000000000000
2026/09/19 00:07:54.896, 1, 70, 62.82, 59, 15533, 1328, 715, P0, 0x0000000000000000
2026/09/19 00:07:55.903, 0, 70, 54.92, 59, 15533, 1328, 715, P0, 0x0000000000000000
2026/09/19 00:07:55.906, 1, 70, 93.45, 65, 15533, 1328, 715, P0, 0x0000000000000000
2026/09/19 00:07:56.914, 0, 70, 99.37, 51, 15533, 1328, 715, P0, 0x0000000000000000
2026/09/19 00:07:56.916, 1, 69, 71.17, 47, 15533, 1328, 715, P0, 0x0000000000000000
2026/09/19 00:07:57.923, 0, 70, 106.19, 60, 15533, 1328, 715, P0, 0x0000000000000000
2026/09/19 00:07:57.926, 1, 69, 82.19, 63, 15533, 1328, 715, P0, 0x0000000000000000
2026/09/19 00:07:58.937, 0, 70, 58.56, 57, 15533, 1328, 715, P0, 0x0000000000000000
2026/09/19 00:07:58.940, 1, 70, 94.35, 56, 15533, 1328, 715, P0, 0x0000000000000000
2026/09/19 00:07:59.955, 0, 70, 99.37, 49, 15533, 1328, 715, P0, 0x0000000000000000
2026/09/19 00:07:59.958, 1, 69, 66.83, 65, 15533, 1328, 715, P0, 0x0000000000000000
2026/09/19 00:08:00.962, 0, 70, 94.61, 59, 15533, 1328, 715, P0, 0x0000000000000000
2026/09/19 00:08:00.965, 1, 70, 61.12, 71, 15533, 1328, 715, P0, 0x0000000000000000
2026/09/19 00:08:01.972, 0, 70, 55.68, 47, 15533, 1328, 715, P0, 0x0000000000000000
2026/09/19 00:08:01.975, 1, 69, 94.58, 64, 15533, 1328, 715, P0, 0x0000000000000000
2026/09/19 00:08:02.983, 0, 70, 99.73, 60, 15533, 1328, 715, P0, 0x0000000000000000
2026/09/19 00:08:02.989, 1, 70, 74.03, 63, 15533, 1328, 715, P0, 0x0000000000000000
2026/09/19 00:08:04.006, 0, 70, 105.74, 55, 15533, 1328, 715, P0, 0x0000000000000000
2026/09/19 00:08:04.010, 1, 70, 79.97, 62, 15533, 1328, 715, P0, 0x0000000000000000
2026/09/19 00:08:05.015, 0, 70, 76.36, 61, 15533, 1328, 715, P0, 0x0000000000000000
2026/09/19 00:08:05.018, 1, 69, 86.61, 64, 15533, 1328, 715, P0, 0x0000000000000000
2026/09/19 00:08:06.023, 0, 71, 56.38, 62, 15533, 1328, 715, P0, 0x0000000000000000
2026/09/19 00:08:06.026, 1, 70, 97.14, 61, 15533, 1328, 715, P0, 0x0000000000000000
2026/09/19 00:08:07.032, 0, 70, 56.63, 53, 15533, 1328, 715, P0, 0x0000000000000000
2026/09/19 00:08:07.035, 1, 70, 94.54, 50, 15533, 1328, 715, P0, 0x0000000000000000
2026/09/19 00:08:08.040, 0, 70, 98.41, 61, 15533, 1328, 715, P0, 0x0000000000000000
2026/09/19 00:08:08.044, 1, 70, 70.25, 67, 15533, 1328, 715, P0, 0x0000000000000000
2026/09/19 00:08:09.055, 0, 70, 108.29, 53, 15533, 1328, 715, P0, 0x0000000000000000
2026/09/19 00:08:09.057, 1, 70, 84.82, 60, 15533, 1328, 715, P0, 0x0000000000000000
2026/09/19 00:08:10.063, 0, 71, 57.83, 65, 15533, 1328, 715, P0, 0x0000000000000000
2026/09/19 00:08:10.066, 1, 70, 95.41, 64, 15533, 1328, 715, P0, 0x0000000000000000
2026/09/19 00:08:11.072, 0, 71, 107.50, 62, 15533, 1328, 715, P0, 0x0000000000000000
2026/09/19 00:08:11.074, 1, 70, 74.30, 65, 15533, 1328, 715, P0, 0x0000000000000000
2026/09/19 00:08:12.092, 0, 71, 103.33, 51, 15533, 1328, 715, P0, 0x0000000000000000
2026/09/19 00:08:12.095, 1, 70, 79.76, 56, 15533, 1328, 715, P0, 0x0000000000000000
2026/09/19 00:08:13.111, 0, 71, 100.75, 41, 15533, 1328, 715, P0, 0x0000000000000000
2026/09/19 00:08:13.114, 1, 70, 75.05, 46, 15533, 1328, 715, P0, 0x0000000000000000
2026/09/19 00:08:14.120, 0, 71, 109.47, 53, 15533, 1328, 715, P0, 0x0000000000000000
2026/09/19 00:08:14.122, 1, 70, 97.90, 61, 15533, 1328, 715, P0, 0x0000000000000000
2026/09/19 00:08:15.131, 0, 71, 70.81, 60, 15533, 1328, 715, P0, 0x0000000000000000
2026/09/19 00:08:15.134, 1, 70, 92.83, 70, 15533, 1328, 715, P0, 0x0000000000000000
2026/09/19 00:08:16.145, 0, 71, 124.48, 80, 15533, 1328, 715, P0, 0x0000000000000000
2026/09/19 00:08:16.148, 1, 70, 117.68, 71, 15533, 1328, 715, P0, 0x0000000000000000
2026/09/19 00:08:17.158, 0, 72, 119.52, 81, 15533, 1328, 715, P0, 0x0000000000000000
2026/09/19 00:08:17.160, 1, 71, 114.12, 86, 15533, 1328, 715, P0, 0x0000000000000000
2026/09/19 00:08:18.167, 0, 72, 120.48, 81, 15533, 1328, 715, P0, 0x0000000000000000
2026/09/19 00:08:18.170, 1, 71, 114.70, 86, 15533, 1328, 715, P0, 0x0000000000000000
2026/09/19 00:08:19.182, 0, 72, 133.02, 81, 15533, 1328, 715, P0, 0x0000000000000000
2026/09/19 00:08:19.184, 1, 71, 122.10, 85, 15533, 1328, 715, P0, 0x0000000000000000
2026/09/19 00:08:20.189, 0, 72, 117.75, 80, 15533, 1328, 715, P0, 0x0000000000000000
2026/09/19 00:08:20.192, 1, 71, 112.75, 84, 15533, 1328, 715, P0, 0x0000000000000000
2026/09/19 00:08:21.197, 0, 72, 86.67, 64, 15533, 1328, 715, P0, 0x0000000000000000
2026/09/19 00:08:21.200, 1, 70, 89.21, 54, 15533, 1328, 715, P0, 0x0000000000000000
2026/09/19 00:08:22.204, 0, 71, 111.77, 39, 15533, 1328, 715, P0, 0x0000000000000000
2026/09/19 00:08:22.207, 1, 71, 98.38, 67, 15533, 1328, 715, P0, 0x0000000000000000
2026/09/19 00:08:23.221, 0, 72, 77.99, 56, 15533, 1328, 715, P0, 0x0000000000000000
2026/09/19 00:08:23.225, 1, 70, 90.84, 61, 15533, 1328, 715, P0, 0x0000000000000000
2026/09/19 00:08:24.240, 0, 72, 65.05, 62, 15533, 1328, 715, P0, 0x0000000000000000
2026/09/19 00:08:24.243, 1, 70, 92.89, 66, 15533, 1328, 715, P0, 0x0000000000000000
2026/09/19 00:08:25.248, 0, 72, 73.46, 54, 15533, 1328, 715, P0, 0x0000000000000000
2026/09/19 00:08:25.252, 1, 70, 92.10, 59, 15533, 1328, 715, P0, 0x0000000000000000
2026/09/19 00:08:26.258, 0, 72, 100.10, 53, 15533, 1328, 715, P0, 0x0000000000000000
2026/09/19 00:08:26.261, 1, 70, 57.78, 64, 15533, 1328, 715, P0, 0x0000000000000000
2026/09/19 00:08:27.268, 0, 71, 80.90, 62, 15533, 1328, 715, P0, 0x0000000000000000
2026/09/19 00:08:27.271, 1, 70, 87.77, 68, 15533, 1328, 715, P0, 0x0000000000000000
2026/09/19 00:08:28.278, 0, 72, 63.60, 53, 15533, 1328, 715, P0, 0x0000000000000000
2026/09/19 00:08:28.281, 1, 70, 93.26, 57, 15533, 1328, 715, P0, 0x0000000000000000
2026/09/19 00:08:29.292, 0, 72, 94.52, 51, 15533, 1328, 715, P0, 0x0000000000000000
2026/09/19 00:08:29.295, 1, 70, 86.83, 59, 15533, 1328, 715, P0, 0x0000000000000000
2026/09/19 00:08:30.303, 0, 71, 142.84, 55, 15533, 1328, 715, P0, 0x0000000000000000
2026/09/19 00:08:30.307, 1, 70, 162.86, 57, 15533, 1328, 715, P0, 0x0000000000000000
2026/09/19 00:08:31.315, 0, 71, 71.33, 61, 15533, 1328, 715, P0, 0x0000000000000000
2026/09/19 00:08:31.319, 1, 70, 90.48, 69, 15533, 1328, 715, P0, 0x0000000000000000
2026/09/19 00:08:32.327, 0, 72, 65.77, 62, 15533, 1328, 715, P0, 0x0000000000000000
2026/09/19 00:08:32.330, 1, 70, 89.96, 66, 15533, 1328, 715, P0, 0x0000000000000000
2026/09/19 00:08:33.341, 0, 72, 102.96, 63, 15533, 1328, 715, P0, 0x0000000000000000
2026/09/19 00:08:33.345, 1, 70, 63.49, 69, 15533, 1328, 715, P0, 0x0000000000000000
2026/09/19 00:08:34.350, 0, 72, 104.03, 61, 15533, 1328, 715, P0, 0x0000000000000000
2026/09/19 00:08:34.354, 1, 70, 81.74, 70, 15533, 1328, 715, P0, 0x0000000000000000
2026/09/19 00:08:35.359, 0, 72, 107.32, 63, 15533, 1328, 715, P0, 0x0000000000000000
2026/09/19 00:08:35.363, 1, 70, 84.58, 70, 15533, 1328, 715, P0, 0x0000000000000000
2026/09/19 00:08:36.374, 0, 72, 77.51, 46, 15533, 1328, 715, P0, 0x0000000000000000
2026/09/19 00:08:36.377, 1, 70, 89.02, 45, 15533, 1328, 715, P0, 0x0000000000000000
2026/09/19 00:08:37.386, 0, 72, 96.97, 62, 15533, 1328, 715, P0, 0x0000000000000000
2026/09/19 00:08:37.389, 1, 70, 58.70, 51, 15533, 1328, 715, P0, 0x0000000000000000
2026/09/19 00:08:38.395, 0, 71, 56.86, 49, 15533, 1328, 715, P0, 0x0000000000000000
2026/09/19 00:08:38.398, 1, 70, 97.03, 69, 15533, 1328, 715, P0, 0x0000000000000000
2026/09/19 00:08:39.403, 0, 72, 106.26, 53, 15533, 1328, 715, P0, 0x0000000000000000
2026/09/19 00:08:39.406, 1, 71, 64.70, 71, 15533, 1328, 715, P0, 0x0000000000000000
2026/09/19 00:08:40.421, 0, 72, 69.15, 58, 15533, 1328, 715, P0, 0x0000000000000000
2026/09/19 00:08:40.424, 1, 70, 90.19, 54, 15533, 1328, 715, P0, 0x0000000000000000
2026/09/19 00:08:41.428, 0, 72, 96.71, 56, 15533, 1328, 715, P0, 0x0000000000000000
2026/09/19 00:08:41.431, 1, 70, 66.44, 77, 15533, 1328, 715, P0, 0x0000000000000000
2026/09/19 00:08:42.439, 0, 71, 107.20, 44, 15533, 1328, 715, P0, 0x0000000000000000
2026/09/19 00:08:42.442, 1, 70, 140.51, 63, 15533, 1328, 715, P0, 0x0000000000000000
2026/09/19 00:08:43.451, 0, 72, 102.84, 62, 15533, 1328, 715, P0, 0x0000000000000000
2026/09/19 00:08:43.455, 1, 70, 82.88, 63, 15533, 1328, 715, P0, 0x0000000000000000
2026/09/19 00:08:44.466, 0, 72, 111.87, 57, 15533, 1328, 715, P0, 0x0000000000000000
2026/09/19 00:08:44.470, 1, 71, 81.23, 65, 15533, 1328, 715, P0, 0x0000000000000000
2026/09/19 00:08:45.474, 0, 72, 123.15, 57, 15533, 1328, 715, P0, 0x0000000000000000
2026/09/19 00:08:45.477, 1, 71, 156.56, 66, 15533, 1328, 715, P0, 0x0000000000000000
2026/09/19 00:08:46.496, 0, 72, 97.20, 46, 15533, 1328, 715, P0, 0x0000000000000000
2026/09/19 00:08:46.500, 1, 71, 64.02, 52, 15533, 1328, 715, P0, 0x0000000000000000
2026/09/19 00:08:47.506, 0, 72, 102.17, 44, 15533, 1328, 715, P0, 0x0000000000000000
2026/09/19 00:08:47.509, 1, 71, 70.24, 46, 15533, 1328, 715, P0, 0x0000000000000000
2026/09/19 00:08:48.515, 0, 72, 105.93, 61, 15533, 1328, 715, P0, 0x0000000000000000
2026/09/19 00:08:48.518, 1, 70, 84.86, 66, 15533, 1328, 715, P0, 0x0000000000000000
2026/09/19 00:08:49.536, 0, 72, 107.09, 67, 15533, 1328, 715, P0, 0x0000000000000000
2026/09/19 00:08:49.539, 1, 71, 73.34, 74, 15533, 1328, 715, P0, 0x0000000000000000
2026/09/19 00:08:50.558, 0, 72, 101.61, 55, 15533, 1328, 715, P0, 0x0000000000000000
2026/09/19 00:08:50.562, 1, 71, 86.56, 64, 15533, 1328, 715, P0, 0x0000000000000000
2026/09/19 00:08:51.571, 0, 72, 65.04, 52, 15533, 1328, 715, P0, 0x0000000000000000
2026/09/19 00:08:51.574, 1, 70, 89.27, 64, 15533, 1328, 715, P0, 0x0000000000000000
2026/09/19 00:08:52.581, 0, 72, 99.37, 51, 15533, 1328, 715, P0, 0x0000000000000000
2026/09/19 00:08:52.584, 1, 70, 70.95, 48, 15533, 1328, 715, P0, 0x0000000000000000
2026/09/19 00:08:53.589, 0, 72, 57.11, 56, 15533, 1328, 715, P0, 0x0000000000000000
2026/09/19 00:08:53.592, 1, 71, 96.71, 65, 15533, 1328, 715, P0, 0x0000000000000000
2026/09/19 00:08:54.599, 0, 72, 79.88, 55, 15533, 1328, 715, P0, 0x0000000000000000
2026/09/19 00:08:54.601, 1, 70, 88.48, 58, 15533, 1328, 715, P0, 0x0000000000000000
2026/09/19 00:08:55.614, 0, 72, 107.61, 55, 15533, 1328, 715, P0, 0x0000000000000000
2026/09/19 00:08:55.617, 1, 71, 79.78, 72, 15533, 1328, 715, P0, 0x0000000000000000
2026/09/19 00:08:56.625, 0, 72, 107.34, 52, 15533, 1328, 715, P0, 0x0000000000000000
2026/09/19 00:08:56.628, 1, 70, 84.57, 56, 15533, 1328, 715, P0, 0x0000000000000000
2026/09/19 00:08:57.644, 0, 72, 72.15, 61, 15533, 1328, 715, P0, 0x0000000000000000
2026/09/19 00:08:57.647, 1, 71, 129.00, 70, 15533, 1328, 715, P0, 0x0000000000000000
2026/09/19 00:08:58.657, 0, 72, 103.33, 62, 15533, 1328, 715, P0, 0x0000000000000000
2026/09/19 00:08:58.660, 1, 71, 77.34, 60, 15533, 1328, 715, P0, 0x0000000000000000
2026/09/19 00:08:59.667, 0, 72, 158.89, 43, 15533, 1328, 715, P0, 0x0000000000000000
2026/09/19 00:08:59.670, 1, 71, 169.09, 64, 15533, 1328, 715, P0, 0x0000000000000000
2026/09/19 00:09:00.677, 0, 72, 109.45, 64, 15533, 1328, 715, P0, 0x0000000000000000
2026/09/19 00:09:00.680, 1, 71, 83.32, 63, 15533, 1328, 715, P0, 0x0000000000000000
2026/09/19 00:09:01.699, 0, 72, 59.24, 61, 15533, 1328, 715, P0, 0x0000000000000000
2026/09/19 00:09:01.704, 1, 71, 114.96, 67, 15533, 1328, 715, P0, 0x0000000000000000
2026/09/19 00:09:02.724, 0, 72, 86.63, 56, 15533, 1328, 715, P0, 0x0000000000000000
2026/09/19 00:09:02.727, 1, 71, 87.77, 66, 15533, 1328, 715, P0, 0x0000000000000000
2026/09/19 00:09:03.735, 0, 72, 72.26, 59, 15533, 1328, 715, P0, 0x0000000000000000
2026/09/19 00:09:03.739, 1, 70, 89.75, 66, 15533, 1328, 715, P0, 0x0000000000000000
2026/09/19 00:09:04.747, 0, 72, 99.90, 63, 15533, 1328, 715, P0, 0x0000000000000000
2026/09/19 00:09:04.750, 1, 71, 139.26, 66, 15533, 1328, 715, P0, 0x0000000000000000
2026/09/19 00:09:05.761, 0, 72, 102.86, 68, 15533, 1328, 715, P0, 0x0000000000000000
2026/09/19 00:09:05.765, 1, 71, 66.39, 73, 15533, 1328, 715, P0, 0x0000000000000000
2026/09/19 00:09:06.772, 0, 72, 103.87, 65, 15533, 1328, 715, P0, 0x0000000000000000
2026/09/19 00:09:06.776, 1, 70, 75.76, 71, 15533, 1328, 715, P0, 0x0000000000000000
2026/09/19 00:09:07.794, 0, 72, 81.82, 67, 15533, 1328, 715, P0, 0x0000000000000000
2026/09/19 00:09:07.800, 1, 71, 89.20, 58, 15533, 1328, 715, P0, 0x0000000000000000
2026/09/19 00:09:08.820, 0, 73, 102.17, 64, 15533, 1328, 715, P0, 0x0000000000000000
2026/09/19 00:09:08.823, 1, 70, 85.80, 46, 15533, 1328, 715, P0, 0x0000000000000000
2026/09/19 00:09:09.827, 0, 72, 113.45, 61, 15533, 1328, 715, P0, 0x0000000000000000
2026/09/19 00:09:09.830, 1, 71, 99.85, 66, 15533, 1328, 715, P0, 0x0000000000000000
2026/09/19 00:09:10.836, 0, 72, 88.97, 63, 15533, 1328, 715, P0, 0x0000000000000000
2026/09/19 00:09:10.840, 1, 71, 87.31, 46, 15533, 1328, 715, P0, 0x0000000000000000
2026/09/19 00:09:11.846, 0, 72, 157.50, 53, 15533, 1328, 715, P0, 0x0000000000000000
2026/09/19 00:09:11.849, 1, 71, 165.12, 59, 15533, 1328, 715, P0, 0x0000000000000000
2026/09/19 00:09:12.854, 0, 73, 62.87, 61, 15533, 1328, 715, P0, 0x0000000000000000
2026/09/19 00:09:12.857, 1, 71, 93.09, 56, 15533, 1328, 715, P0, 0x0000000000000000
2026/09/19 00:09:13.865, 0, 73, 96.89, 42, 15533, 1328, 715, P0, 0x0000000000000000
2026/09/19 00:09:13.868, 1, 71, 74.51, 79, 15533, 1328, 715, P0, 0x0000000000000000
2026/09/19 00:09:14.887, 0, 72, 101.17, 43, 15533, 1328, 715, P0, 0x0000000000000000
2026/09/19 00:09:14.890, 1, 71, 65.43, 66, 15533, 1328, 715, P0, 0x0000000000000000
2026/09/19 00:09:15.903, 0, 72, 93.31, 62, 15533, 1328, 715, P0, 0x0000000000000000
2026/09/19 00:09:15.906, 1, 71, 86.11, 65, 15533, 1328, 715, P0, 0x0000000000000000
2026/09/19 00:09:16.913, 0, 73, 98.80, 50, 15533, 1328, 715, P0, 0x0000000000000000
2026/09/19 00:09:16.916, 1, 71, 87.94, 57, 15533, 1328, 715, P0, 0x0000000000000000
2026/09/19 00:09:17.921, 0, 73, 87.58, 64, 15533, 1328, 715, P0, 0x0000000000000000
2026/09/19 00:09:17.924, 1, 71, 90.21, 63, 15533, 1328, 715, P0, 0x0000000000000000
2026/09/19 00:09:18.929, 0, 73, 90.18, 49, 15533, 1328, 715, P0, 0x0000000000000000
2026/09/19 00:09:18.932, 1, 71, 86.82, 56, 15533, 1328, 715, P0, 0x0000000000000000
2026/09/19 00:09:19.939, 0, 73, 57.83, 68, 15533, 1328, 715, P0, 0x0000000000000000
2026/09/19 00:09:19.942, 1, 71, 103.04, 74, 15533, 1328, 715, P0, 0x0000000000000000
2026/09/19 00:09:20.951, 0, 73, 99.86, 52, 15533, 1328, 715, P0, 0x0000000000000000
2026/09/19 00:09:20.954, 1, 71, 62.29, 58, 15533, 1328, 715, P0, 0x0000000000000000
2026/09/19 00:09:21.962, 0, 73, 59.98, 50, 15533, 1328, 715, P0, 0x0000000000000000
2026/09/19 00:09:21.965, 1, 71, 102.93, 57, 15533, 1328, 715, P0, 0x0000000000000000
2026/09/19 00:09:22.971, 0, 73, 84.22, 56, 15533, 1328, 715, P0, 0x0000000000000000
2026/09/19 00:09:22.973, 1, 71, 88.90, 69, 15533, 1328, 715, P0, 0x0000000000000000
2026/09/19 00:09:23.980, 0, 73, 79.92, 53, 15533, 1328, 715, P0, 0x0000000000000000
2026/09/19 00:09:23.983, 1, 71, 93.53, 58, 15533, 1328, 715, P0, 0x0000000000000000
2026/09/19 00:09:24.992, 0, 73, 75.39, 53, 15533, 1328, 715, P0, 0x0000000000000000
2026/09/19 00:09:24.995, 1, 71, 87.77, 56, 15533, 1328, 715, P0, 0x0000000000000000
2026/09/19 00:09:26.002, 0, 73, 64.80, 54, 15533, 1328, 715, P0, 0x0000000000000000
2026/09/19 00:09:26.007, 1, 71, 90.86, 61, 15533, 1328, 715, P0, 0x0000000000000000
2026/09/19 00:09:27.013, 0, 73, 125.04, 51, 15533, 1328, 715, P0, 0x0000000000000000
2026/09/19 00:09:27.016, 1, 71, 141.87, 60, 15533, 1328, 715, P0, 0x0000000000000000
2026/09/19 00:09:28.028, 0, 73, 105.72, 56, 15533, 1328, 715, P0, 0x0000000000000000
2026/09/19 00:09:28.031, 1, 71, 71.12, 60, 15533, 1328, 715, P0, 0x0000000000000000
2026/09/19 00:09:29.044, 0, 73, 140.06, 52, 15533, 1328, 715, P0, 0x0000000000000000
2026/09/19 00:09:29.047, 1, 71, 102.58, 75, 15533, 1328, 715, P0, 0x0000000000000000
2026/09/19 00:09:30.057, 0, 73, 101.31, 62, 15533, 1328, 715, P0, 0x0000000000000000
2026/09/19 00:09:30.060, 1, 71, 56.81, 59, 15533, 1328, 715, P0, 0x0000000000000000
2026/09/19 00:09:31.069, 0, 73, 59.76, 48, 15533, 1328, 715, P0, 0x0000000000000000
2026/09/19 00:09:31.073, 1, 71, 91.65, 59, 15533, 1328, 715, P0, 0x0000000000000000
2026/09/19 00:09:32.086, 0, 73, 74.41, 50, 15533, 1328, 715, P0, 0x0000000000000000
2026/09/19 00:09:32.089, 1, 71, 92.05, 61, 15533, 1328, 715, P0, 0x0000000000000000
2026/09/19 00:09:33.098, 0, 73, 100.75, 66, 15533, 1328, 715, P0, 0x0000000000000000
2026/09/19 00:09:33.104, 1, 71, 60.15, 71, 15533, 1328, 715, P0, 0x0000000000000000
2026/09/19 00:09:34.109, 0, 73, 57.83, 48, 15533, 1328, 715, P0, 0x0000000000000000
2026/09/19 00:09:34.112, 1, 71, 121.19, 51, 15533, 1328, 715, P0, 0x0000000000000000
2026/09/19 00:09:35.119, 0, 74, 108.00, 66, 15533, 1328, 715, P0, 0x0000000000000000
2026/09/19 00:09:35.123, 1, 72, 69.04, 79, 15533, 1328, 715, P0, 0x0000000000000000
2026/09/19 00:09:36.127, 0, 73, 57.10, 43, 15533, 1328, 715, P0, 0x0000000000000000
2026/09/19 00:09:36.130, 1, 71, 100.02, 48, 15533, 1328, 715, P0, 0x0000000000000000
2026/09/19 00:09:37.138, 0, 73, 98.11, 58, 15533, 1328, 715, P0, 0x0000000000000000
2026/09/19 00:09:37.141, 1, 71, 58.01, 67, 15533, 1328, 715, P0, 0x0000000000000000
2026/09/19 00:09:38.149, 0, 73, 79.43, 64, 15533, 1328, 715, P0, 0x0000000000000000
2026/09/19 00:09:38.152, 1, 71, 92.38, 63, 15533, 1328, 715, P0, 0x0000000000000000
2026/09/19 00:09:39.161, 0, 73, 116.09, 57, 15533, 1328, 715, P0, 0x0000000000000000
2026/09/19 00:09:39.164, 1, 71, 99.75, 66, 15533, 1328, 715, P0, 0x0000000000000000
2026/09/19 00:09:40.170, 0, 73, 64.16, 66, 15533, 1328, 715, P0, 0x0000000000000000
2026/09/19 00:09:40.173, 1, 71, 67.01, 75, 15533, 1328, 715, P0, 0x0000000000000000
2026/09/19 00:09:41.180, 0, 73, 60.97, 63, 15533, 1328, 715, P0, 0x0000000000000000
2026/09/19 00:09:41.183, 1, 71, 89.76, 68, 15533, 1328, 715, P0, 0x0000000000000000
2026/09/19 00:09:42.191, 0, 74, 109.56, 44, 15533, 1328, 715, P0, 0x0000000000000000
2026/09/19 00:09:42.194, 1, 71, 68.55, 54, 15533, 1328, 715, P0, 0x0000000000000000
2026/09/19 00:09:43.201, 0, 74, 113.39, 50, 15533, 1328, 715, P0, 0x0000000000000000
2026/09/19 00:09:43.204, 1, 71, 70.18, 62, 15533, 1328, 715, P0, 0x0000000000000000
2026/09/19 00:09:44.214, 0, 73, 82.00, 65, 15533, 1328, 715, P0, 0x0000000000000000
2026/09/19 00:09:44.217, 1, 71, 125.12, 69, 15533, 1328, 715, P0, 0x0000000000000000
2026/09/19 00:09:45.223, 0, 73, 105.35, 65, 15533, 1328, 715, P0, 0x0000000000000000
2026/09/19 00:09:45.226, 1, 71, 73.80, 68, 15533, 1328, 715, P0, 0x0000000000000000
2026/09/19 00:09:46.238, 0, 74, 112.08, 73, 15533, 1328, 715, P0, 0x0000000000000000
2026/09/19 00:09:46.241, 1, 72, 71.84, 79, 15533, 1328, 715, P0, 0x0000000000000000
2026/09/19 00:09:47.249, 0, 73, 141.88, 61, 15533, 1328, 715, P0, 0x0000000000000000
2026/09/19 00:09:47.252, 1, 71, 159.53, 66, 15533, 1328, 715, P0, 0x0000000000000000
2026/09/19 00:09:48.259, 0, 73, 104.74, 54, 15533, 1328, 715, P0, 0x0000000000000000
2026/09/19 00:09:48.262, 1, 71, 84.87, 54, 15533, 1328, 715, P0, 0x0000000000000000
2026/09/19 00:09:49.267, 0, 73, 111.54, 55, 15533, 1328, 715, P0, 0x0000000000000000
2026/09/19 00:09:49.271, 1, 71, 72.82, 72, 15533, 1328, 715, P0, 0x0000000000000000
2026/09/19 00:09:50.278, 0, 73, 103.16, 50, 15533, 1328, 715, P0, 0x0000000000000000
2026/09/19 00:09:50.281, 1, 71, 69.97, 65, 15533, 1328, 715, P0, 0x0000000000000000
2026/09/19 00:09:51.287, 0, 73, 104.25, 53, 15533, 1328, 715, P0, 0x0000000000000000
2026/09/19 00:09:51.290, 1, 71, 79.79, 66, 15533, 1328, 715, P0, 0x0000000000000000
2026/09/19 00:09:52.294, 0, 73, 133.40, 62, 15533, 1328, 715, P0, 0x0000000000000000
2026/09/19 00:09:52.297, 1, 71, 125.63, 67, 15533, 1328, 715, P0, 0x0000000000000000
2026/09/19 00:09:53.305, 0, 74, 109.33, 61, 15533, 1328, 715, P0, 0x0000000000000000
2026/09/19 00:09:53.308, 1, 72, 66.62, 67, 15533, 1328, 715, P0, 0x0000000000000000
2026/09/19 00:09:54.313, 0, 73, 181.54, 58, 15533, 1328, 715, P0, 0x0000000000000000
2026/09/19 00:09:54.317, 1, 71, 179.88, 60, 15533, 1328, 715, P0, 0x0000000000000000
2026/09/19 00:09:55.323, 0, 74, 61.17, 69, 15533, 1328, 715, P0, 0x0000000000000000
2026/09/19 00:09:55.327, 1, 71, 95.48, 51, 15533, 1328, 715, P0, 0x0000000000000000
2026/09/19 00:09:56.334, 0, 73, 107.17, 57, 15533, 1328, 715, P0, 0x0000000000000000
2026/09/19 00:09:56.337, 1, 71, 67.59, 61, 15533, 1328, 715, P0, 0x0000000000000000
2026/09/19 00:09:57.343, 0, 73, 119.15, 63, 15533, 1328, 715, P0, 0x0000000000000000
2026/09/19 00:09:57.346, 1, 71, 114.21, 63, 15533, 1328, 715, P0, 0x0000000000000000
2026/09/19 00:09:58.354, 0, 73, 112.42, 42, 15533, 1328, 715, P0, 0x0000000000000000
2026/09/19 00:09:58.358, 1, 71, 106.46, 48, 15533, 1328, 715, P0, 0x0000000000000000
2026/09/19 00:09:59.365, 0, 73, 106.78, 50, 15533, 1328, 715, P0, 0x0000000000000000
2026/09/19 00:09:59.368, 1, 71, 68.97, 56, 15533, 1328, 715, P0, 0x0000000000000000
2026/09/19 00:10:00.376, 0, 73, 121.95, 56, 15533, 1328, 715, P0, 0x0000000000000000
2026/09/19 00:10:00.382, 1, 71, 116.92, 64, 15533, 1328, 715, P0, 0x0000000000000000
2026/09/19 00:10:01.400, 0, 73, 104.03, 55, 15533, 1328, 715, P0, 0x0000000000000000
2026/09/19 00:10:01.404, 1, 71, 81.20, 67, 15533, 1328, 715, P0, 0x0000000000000000
2026/09/19 00:10:02.412, 0, 73, 99.16, 44, 15533, 1328, 715, P0, 0x0000000000000000
2026/09/19 00:10:02.415, 1, 71, 64.50, 45, 15533, 1328, 715, P0, 0x0000000000000000
2026/09/19 00:10:03.420, 0, 73, 59.52, 63, 15533, 1328, 715, P0, 0x0000000000000000
2026/09/19 00:10:03.423, 1, 71, 95.97, 67, 15533, 1328, 715, P0, 0x0000000000000000
2026/09/19 00:10:04.429, 0, 73, 61.45, 53, 15533, 1328, 715, P0, 0x0000000000000000
2026/09/19 00:10:04.432, 1, 71, 94.78, 59, 15533, 1328, 715, P0, 0x0000000000000000
2026/09/19 00:10:05.442, 0, 74, 105.00, 61, 15533, 1328, 715, P0, 0x0000000000000000
2026/09/19 00:10:05.444, 1, 71, 77.39, 72, 15533, 1328, 715, P0, 0x0000000000000000
2026/09/19 00:10:06.449, 0, 74, 79.43, 51, 15533, 1328, 715, P0, 0x0000000000000000
2026/09/19 00:10:06.452, 1, 71, 93.12, 58, 15533, 1328, 715, P0, 0x0000000000000000
2026/09/19 00:10:07.459, 0, 74, 69.87, 61, 15533, 1328, 715, P0, 0x0000000000000000
2026/09/19 00:10:07.462, 1, 71, 89.27, 67, 15533, 1328, 715, P0, 0x0000000000000000
2026/09/19 00:10:08.469, 0, 74, 103.17, 42, 15533, 1328, 715, P0, 0x0000000000000000
2026/09/19 00:10:08.472, 1, 71, 59.22, 45, 15533, 1328, 715, P0, 0x0000000000000000
2026/09/19 00:10:09.483, 0, 73, 170.41, 60, 15533, 1328, 715, P0, 0x0000000000000000
2026/09/19 00:10:09.486, 1, 71, 173.78, 66, 15533, 1328, 715, P0, 0x0000000000000000
2026/09/19 00:10:10.491, 0, 73, 122.87, 63, 15533, 1328, 715, P0, 0x0000000000000000
2026/09/19 00:10:10.495, 1, 71, 110.32, 62, 15533, 1328, 715, P0, 0x0000000000000000
2026/09/19 00:10:11.501, 0, 74, 139.27, 51, 15533, 1328, 715, P0, 0x0000000000000000
2026/09/19 00:10:11.504, 1, 72, 101.89, 77, 15533, 1328, 715, P0, 0x0000000000000000
2026/09/19 00:10:12.510, 0, 74, 101.38, 49, 15533, 1328, 715, P0, 0x0000000000000000
2026/09/19 00:10:12.514, 1, 72, 74.54, 67, 15533, 1328, 715, P0, 0x0000000000000000
2026/09/19 00:10:13.523, 0, 73, 115.33, 63, 15533, 1328, 715, P0, 0x0000000000000000
2026/09/19 00:10:13.525, 1, 71, 106.52, 66, 15533, 1328, 715, P0, 0x0000000000000000
2026/09/19 00:10:14.536, 0, 74, 106.20, 65, 15533, 1328, 715, P0, 0x0000000000000000
2026/09/19 00:10:14.539, 1, 71, 80.23, 54, 15533, 1328, 715, P0, 0x0000000000000000
2026/09/19 00:10:15.544, 0, 73, 107.03, 68, 15533, 1328, 715, P0, 0x0000000000000000
2026/09/19 00:10:15.547, 1, 71, 71.36, 58, 15533, 1328, 715, P0, 0x0000000000000000
2026/09/19 00:10:16.559, 0, 74, 110.71, 48, 15533, 1328, 715, P0, 0x0000000000000000
2026/09/19 00:10:16.563, 1, 72, 76.83, 76, 15533, 1328, 715, P0, 0x0000000000000000
2026/09/19 00:10:17.571, 0, 74, 61.41, 55, 15533, 1328, 715, P0, 0x0000000000000000
2026/09/19 00:10:17.574, 1, 72, 95.00, 62, 15533, 1328, 715, P0, 0x0000000000000000
2026/09/19 00:10:18.580, 0, 74, 105.95, 62, 15533, 1328, 715, P0, 0x0000000000000000
2026/09/19 00:10:18.584, 1, 71, 81.92, 66, 15533, 1328, 715, P0, 0x0000000000000000
2026/09/19 00:10:19.592, 0, 73, 59.28, 48, 15533, 1328, 715, P0, 0x0000000000000000
2026/09/19 00:10:19.595, 1, 71, 94.54, 46, 15533, 1328, 715, P0, 0x0000000000000000
2026/09/19 00:10:20.605, 0, 74, 106.25, 59, 15533, 1328, 715, P0, 0x0000000000000000
2026/09/19 00:10:20.608, 1, 71, 84.10, 68, 15533, 1328, 715, P0, 0x0000000000000000
2026/09/19 00:10:21.618, 0, 74, 60.69, 67, 15533, 1328, 715, P0, 0x0000000000000000
2026/09/19 00:10:21.621, 1, 72, 120.03, 77, 15533, 1328, 715, P0, 0x0000000000000000
2026/09/19 00:10:22.633, 0, 74, 138.37, 60, 15533, 1328, 715, P0, 0x0000000000000000
2026/09/19 00:10:22.636, 1, 72, 125.05, 66, 15533, 1328, 715, P0, 0x0000000000000000
2026/09/19 00:10:23.645, 0, 75, 79.93, 74, 15533, 1328, 715, P0, 0x0000000000000000
2026/09/19 00:10:23.647, 1, 72, 88.06, 79, 15533, 1328, 715, P0, 0x0000000000000000
2026/09/19 00:10:24.656, 0, 75, 186.12, 43, 15533, 1328, 715, P0, 0x0000000000000000
2026/09/19 00:10:24.659, 1, 72, 128.74, 46, 15533, 1328, 715, P0, 0x0000000000000000
2026/09/19 00:10:25.670, 0, 74, 98.36, 49, 15533, 1328, 715, P0, 0x0000000000000000
2026/09/19 00:10:25.673, 1, 71, 85.61, 58, 15533, 1328, 715, P0, 0x0000000000000000
2026/09/19 00:10:26.687, 0, 74, 62.90, 56, 15533, 1328, 715, P0, 0x0000000000000000
2026/09/19 00:10:26.690, 1, 72, 95.24, 60, 15533, 1328, 715, P0, 0x0000000000000000
2026/09/19 00:10:27.696, 0, 74, 106.99, 52, 15533, 1328, 715, P0, 0x0000000000000000
2026/09/19 00:10:27.699, 1, 72, 69.04, 60, 15533, 1328, 715, P0, 0x0000000000000000
2026/09/19 00:10:28.718, 0, 74, 107.11, 57, 15533, 1328, 715, P0, 0x0000000000000000
2026/09/19 00:10:28.721, 1, 72, 105.99, 64, 15533, 1328, 715, P0, 0x0000000000000000
2026/09/19 00:10:29.728, 0, 75, 129.32, 82, 15533, 1328, 715, P0, 0x0000000000000000
2026/09/19 00:10:29.730, 1, 72, 121.76, 86, 15533, 1328, 715, P0, 0x0000000000000000
2026/09/19 00:10:30.741, 0, 75, 128.49, 82, 15533, 1328, 715, P0, 0x0000000000000000
2026/09/19 00:10:30.745, 1, 73, 127.70, 85, 15533, 1328, 715, P0, 0x0000000000000000
2026/09/19 00:10:31.752, 0, 76, 128.76, 80, 15533, 1328, 715, P0, 0x0000000000000000
2026/09/19 00:10:31.755, 1, 73, 126.62, 84, 15533, 1328, 715, P0, 0x0000000000000000
2026/09/19 00:10:32.770, 0, 75, 124.35, 83, 15533, 1328, 715, P0, 0x0000000000000000
2026/09/19 00:10:32.773, 1, 73, 123.18, 86, 15533, 1328, 715, P0, 0x0000000000000000
2026/09/19 00:10:33.778, 0, 75, 59.97, 61, 15533, 1328, 715, P0, 0x0000000000000000
2026/09/19 00:10:33.781, 1, 72, 97.65, 67, 15533, 1328, 715, P0, 0x0000000000000000
2026/09/19 00:10:34.791, 0, 75, 101.73, 63, 15533, 1328, 715, P0, 0x0000000000000000
2026/09/19 00:10:34.794, 1, 72, 63.97, 68, 15533, 1328, 715, P0, 0x0000000000000000
2026/09/19 00:10:35.806, 0, 74, 154.79, 48, 15533, 1328, 715, P0, 0x0000000000000000
2026/09/19 00:10:35.809, 1, 72, 165.56, 51, 15533, 1328, 715, P0, 0x0000000000000000
2026/09/19 00:10:36.821, 0, 75, 71.52, 70, 15533, 1328, 715, P0, 0x0000000000000000
2026/09/19 00:10:36.827, 1, 72, 93.69, 65, 15533, 1328, 715, P0, 0x0000000000000000
2026/09/19 00:10:37.846, 0, 75, 187.24, 57, 15533, 1328, 715, P0, 0x0000000000000000
2026/09/19 00:10:37.849, 1, 72, 181.99, 64, 15533, 1328, 715, P0, 0x0000000000000000
2026/09/19 00:10:38.856, 0, 75, 94.76, 59, 15533, 1328, 715, P0, 0x0000000000000000
2026/09/19 00:10:38.859, 1, 72, 149.23, 74, 15533, 1328, 715, P0, 0x0000000000000000
2026/09/19 00:10:39.867, 0, 75, 95.29, 64, 15533, 1328, 715, P0, 0x0000000000000000
2026/09/19 00:10:39.869, 1, 72, 137.45, 70, 15533, 1328, 715, P0, 0x0000000000000000
2026/09/19 00:10:40.875, 0, 75, 101.06, 62, 15533, 1328, 715, P0, 0x0000000000000000
2026/09/19 00:10:40.878, 1, 72, 59.91, 65, 15533, 1328, 715, P0, 0x0000000000000000
2026/09/19 00:10:41.887, 0, 75, 97.78, 62, 15533, 1328, 715, P0, 0x0000000000000000
2026/09/19 00:10:41.890, 1, 72, 141.18, 61, 15533, 1328, 715, P0, 0x0000000000000000
2026/09/19 00:10:42.899, 0, 74, 140.46, 43, 15533, 1328, 715, P0, 0x0000000000000000
2026/09/19 00:10:42.905, 1, 72, 166.28, 50, 15533, 1328, 715, P0, 0x0000000000000000
2026/09/19 00:10:43.912, 0, 75, 98.67, 70, 15533, 1328, 715, P0, 0x0000000000000000
2026/09/19 00:10:43.915, 1, 72, 91.39, 76, 15533, 1328, 715, P0, 0x0000000000000000
2026/09/19 00:10:44.918, 0, 75, 104.28, 57, 15533, 1328, 715, P0, 0x0000000000000000
2026/09/19 00:10:44.924, 1, 72, 83.35, 58, 15533, 1328, 715, P0, 0x0000000000000000
2026/09/19 00:10:45.941, 0, 75, 102.44, 63, 15533, 1328, 715, P0, 0x0000000000000000
2026/09/19 00:10:45.944, 1, 72, 61.61, 53, 15533, 1328, 715, P0, 0x0000000000000000
2026/09/19 00:10:46.950, 0, 75, 132.61, 59, 15533, 1328, 715, P0, 0x0000000000000000
2026/09/19 00:10:46.952, 1, 72, 122.60, 72, 15533, 1328, 715, P0, 0x0000000000000000
2026/09/19 00:10:47.965, 0, 75, 198.52, 54, 15533, 1328, 715, P0, 0x0000000000000000
2026/09/19 00:10:47.968, 1, 72, 183.60, 68, 15533, 1328, 715, P0, 0x0000000000000000
2026/09/19 00:10:48.977, 0, 75, 105.32, 51, 15533, 1328, 715, P0, 0x0000000000000000
2026/09/19 00:10:48.981, 1, 72, 66.09, 75, 15533, 1328, 715, P0, 0x0000000000000000
2026/09/19 00:10:50.000, 0, 75, 73.04, 55, 15533, 1328, 715, P0, 0x0000000000000000
2026/09/19 00:10:50.004, 1, 72, 138.60, 60, 15533, 1328, 715, P0, 0x0000000000000000
2026/09/19 00:10:51.013, 0, 75, 106.92, 63, 15533, 1328, 715, P0, 0x0000000000000000
2026/09/19 00:10:51.016, 1, 72, 82.15, 67, 15533, 1328, 715, P0, 0x0000000000000000
2026/09/19 00:10:52.029, 0, 75, 94.20, 61, 15533, 1328, 715, P0, 0x0000000000000000
2026/09/19 00:10:52.033, 1, 72, 88.94, 66, 15533, 1328, 715, P0, 0x0000000000000000
2026/09/19 00:10:53.037, 0, 75, 83.06, 68, 15533, 1328, 715, P0, 0x0000000000000000
2026/09/19 00:10:53.040, 1, 72, 92.58, 74, 15533, 1328, 715, P0, 0x0000000000000000
2026/09/19 00:10:54.049, 0, 75, 104.76, 46, 15533, 1328, 715, P0, 0x0000000000000000
2026/09/19 00:10:54.054, 1, 72, 76.47, 53, 15533, 1328, 715, P0, 0x0000000000000000
2026/09/19 00:10:55.073, 0, 75, 63.83, 69, 15533, 1328, 715, P0, 0x0000000000000000
2026/09/19 00:10:55.076, 1, 72, 99.82, 73, 15533, 1328, 715, P0, 0x0000000000000000
2026/09/19 00:10:56.080, 0, 75, 76.79, 64, 15533, 1328, 715, P0, 0x0000000000000000
2026/09/19 00:10:56.083, 1, 72, 89.17, 72, 15533, 1328, 715, P0, 0x0000000000000000
2026/09/19 00:10:57.090, 0, 75, 120.53, 63, 15533, 1328, 715, P0, 0x0000000000000000
2026/09/19 00:10:57.093, 1, 72, 115.28, 68, 15533, 1328, 715, P0, 0x0000000000000000
2026/09/19 00:10:58.112, 0, 75, 104.37, 48, 15533, 1328, 715, P0, 0x0000000000000000
2026/09/19 00:10:58.115, 1, 72, 59.91, 52, 15533, 1328, 715, P0, 0x0000000000000000
2026/09/19 00:10:59.121, 0, 75, 104.83, 71, 15533, 1328, 715, P0, 0x0000000000000000
2026/09/19 00:10:59.124, 1, 72, 72.85, 68, 15533, 1328, 715, P0, 0x0000000000000000
2026/09/19 00:11:00.133, 0, 76, 126.12, 58, 15533, 1328, 715, P0, 0x0000000000000000
2026/09/19 00:11:00.136, 1, 73, 75.22, 66, 15533, 1328, 715, P0, 0x0000000000000000
2026/09/19 00:11:01.144, 0, 75, 109.06, 51, 15533, 1328, 715, P0, 0x0000000000000000
2026/09/19 00:11:01.150, 1, 72, 85.31, 58, 15533, 1328, 715, P0, 0x0000000000000000
2026/09/19 00:11:02.153, 0, 75, 101.49, 65, 15533, 1328, 715, P0, 0x0000000000000000
2026/09/19 00:11:02.156, 1, 72, 60.63, 47, 15533, 1328, 715, P0, 0x0000000000000000
2026/09/19 00:11:03.163, 0, 76, 106.14, 42, 15533, 1328, 715, P0, 0x0000000000000000
2026/09/19 00:11:03.169, 1, 72, 78.11, 67, 15533, 1328, 715, P0, 0x0000000000000000
2026/09/19 00:11:04.186, 0, 76, 111.02, 53, 15533, 1328, 715, P0, 0x0000000000000000
2026/09/19 00:11:04.190, 1, 73, 71.89, 73, 15533, 1328, 715, P0, 0x0000000000000000
2026/09/19 00:11:05.197, 0, 75, 103.82, 57, 15533, 1328, 715, P0, 0x0000000000000000
2026/09/19 00:11:05.200, 1, 72, 62.07, 72, 15533, 1328, 715, P0, 0x0000000000000000
2026/09/19 00:11:06.207, 0, 75, 108.32, 65, 15533, 1328, 715, P0, 0x0000000000000000
2026/09/19 00:11:06.210, 1, 72, 143.15, 52, 15533, 1328, 715, P0, 0x0000000000000000
2026/09/19 00:11:07.218, 0, 75, 72.03, 73, 15533, 1328, 715, P0, 0x0000000000000000
2026/09/19 00:11:07.221, 1, 72, 83.30, 65, 15533, 1328, 715, P0, 0x0000000000000000
2026/09/19 00:11:08.226, 0, 75, 200.40, 64, 15533, 1328, 715, P0, 0x0000000000000000
2026/09/19 00:11:08.228, 1, 72, 180.99, 66, 15533, 1328, 715, P0, 0x0000000000000000
2026/09/19 00:11:09.240, 0, 75, 108.59, 62, 15533, 1328, 715, P0, 0x0000000000000000
2026/09/19 00:11:09.246, 1, 72, 83.80, 66, 15533, 1328, 715, P0, 0x0000000000000000
2026/09/19 00:11:10.251, 0, 76, 81.35, 71, 15533, 1328, 715, P0, 0x0000000000000000
2026/09/19 00:11:10.254, 1, 72, 91.84, 77, 15533, 1328, 715, P0, 0x0000000000000000
2026/09/19 00:11:11.259, 0, 75, 97.35, 49, 15533, 1328, 715, P0, 0x0000000000000000
2026/09/19 00:11:11.265, 1, 72, 87.74, 56, 15533, 1328, 715, P0, 0x0000000000000000
2026/09/19 00:11:12.270, 0, 76, 177.73, 52, 15533, 1328, 715, P0, 0x0000000000000000
2026/09/19 00:11:12.273, 1, 73, 138.59, 58, 15533, 1328, 715, P0, 0x0000000000000000
2026/09/19 00:11:13.280, 0, 75, 197.93, 45, 15533, 1328, 715, P0, 0x0000000000000000
2026/09/19 00:11:13.283, 1, 73, 184.44, 57, 15533, 1328, 715, P0, 0x0000000000000000
2026/09/19 00:11:14.288, 0, 75, 111.12, 44, 15533, 1328, 715, P0, 0x0000000000000000
2026/09/19 00:11:14.291, 1, 72, 85.50, 49, 15533, 1328, 715, P0, 0x0000000000000000
2026/09/19 00:11:15.301, 0, 75, 105.78, 42, 15533, 1328, 715, P0, 0x0000000000000000
2026/09/19 00:11:15.304, 1, 72, 68.76, 47, 15533, 1328, 715, P0, 0x0000000000000000
2026/09/19 00:11:16.323, 0, 75, 75.14, 49, 15533, 1328, 715, P0, 0x0000000000000000
2026/09/19 00:11:16.326, 1, 72, 91.14, 57, 15533, 1328, 715, P0, 0x0000000000000000
2026/09/19 00:11:17.335, 0, 76, 133.96, 52, 15533, 1328, 715, P0, 0x0000000000000000
2026/09/19 00:11:17.338, 1, 73, 92.55, 64, 15533, 1328, 715, P0, 0x0000000000000000
2026/09/19 00:11:18.348, 0, 75, 114.10, 72, 15533, 1328, 715, P0, 0x0000000000000000
2026/09/19 00:11:18.351, 1, 72, 96.94, 75, 15533, 1328, 715, P0, 0x0000000000000000
2026/09/19 00:11:19.357, 0, 75, 59.76, 65, 15533, 1328, 715, P0, 0x0000000000000000
2026/09/19 00:11:19.360, 1, 72, 99.28, 67, 15533, 1328, 715, P0, 0x0000000000000000
2026/09/19 00:11:20.371, 0, 76, 196.51, 62, 15533, 1328, 715, P0, 0x0000000000000000
2026/09/19 00:11:20.374, 1, 72, 186.80, 66, 15533, 1328, 715, P0, 0x0000000000000000
2026/09/19 00:11:21.379, 0, 75, 78.72, 59, 15533, 1328, 715, P0, 0x0000000000000000
2026/09/19 00:11:21.382, 1, 72, 93.05, 54, 15533, 1328, 715, P0, 0x0000000000000000
2026/09/19 00:11:22.391, 0, 75, 116.16, 61, 15533, 1328, 715, P0, 0x0000000000000000
2026/09/19 00:11:22.394, 1, 73, 95.78, 73, 15533, 1328, 715, P0, 0x0000000000000000
2026/09/19 00:11:23.405, 0, 76, 101.27, 63, 15533, 1328, 715, P0, 0x0000000000000000
2026/09/19 00:11:23.408, 1, 72, 65.91, 72, 15533, 1328, 715, P0, 0x0000000000000000
2026/09/19 00:11:24.414, 0, 76, 98.57, 49, 15533, 1328, 715, P0, 0x0000000000000000
2026/09/19 00:11:24.417, 1, 72, 75.52, 78, 15533, 1328, 715, P0, 0x0000000000000000
2026/09/19 00:11:25.422, 0, 75, 59.48, 46, 15533, 1328, 715, P0, 0x0000000000000000
2026/09/19 00:11:25.426, 1, 72, 102.49, 62, 15533, 1328, 715, P0, 0x0000000000000000
2026/09/19 00:11:26.433, 0, 75, 107.81, 65, 15533, 1328, 715, P0, 0x0000000000000000
2026/09/19 00:11:26.436, 1, 72, 80.75, 65, 15533, 1328, 715, P0, 0x0000000000000000
2026/09/19 00:11:27.442, 0, 76, 102.49, 57, 15533, 1328, 715, P0, 0x0000000000000000
2026/09/19 00:11:27.445, 1, 72, 63.97, 69, 15533, 1328, 715, P0, 0x0000000000000000
2026/09/19 00:11:28.464, 0, 76, 69.83, 59, 15533, 1328, 715, P0, 0x0000000000000000
2026/09/19 00:11:28.467, 1, 72, 91.91, 66, 15533, 1328, 715, P0, 0x0000000000000000
2026/09/19 00:11:29.474, 0, 76, 109.19, 68, 15533, 1328, 715, P0, 0x0000000000000000
2026/09/19 00:11:29.477, 1, 73, 60.86, 73, 15533, 1328, 715, P0, 0x0000000000000000
2026/09/19 00:11:30.488, 0, 76, 104.82, 66, 15533, 1328, 715, P0, 0x0000000000000000
2026/09/19 00:11:30.491, 1, 73, 69.04, 72, 15533, 1328, 715, P0, 0x0000000000000000
2026/09/19 00:11:31.496, 0, 76, 62.17, 65, 15533, 1328, 715, P0, 0x0000000000000000
2026/09/19 00:11:31.499, 1, 72, 96.62, 66, 15533, 1328, 715, P0, 0x0000000000000000
2026/09/19 00:11:32.506, 0, 76, 107.50, 66, 15533, 1328, 715, P0, 0x0000000000000000
2026/09/19 00:11:32.509, 1, 73, 60.87, 68, 15533, 1328, 715, P0, 0x0000000000000000
2026/09/19 00:11:33.516, 0, 76, 114.23, 68, 15533, 1328, 715, P0, 0x0000000000000000
2026/09/19 00:11:33.519, 1, 73, 91.71, 78, 15533, 1328, 715, P0, 0x0000000000000000
2026/09/19 00:11:34.528, 0, 76, 71.76, 46, 15533, 1328, 715, P0, 0x0000000000000000
2026/09/19 00:11:34.533, 1, 72, 91.47, 53, 15533, 1328, 715, P0, 0x0000000000000000
2026/09/19 00:11:35.554, 0, 76, 76.48, 63, 15533, 1328, 715, P0, 0x0000000000000000
2026/09/19 00:11:35.558, 1, 73, 92.54, 62, 15533, 1328, 715, P0, 0x0000000000000000
2026/09/19 00:11:36.564, 0, 76, 104.97, 64, 15533, 1328, 715, P0, 0x0000000000000000
2026/09/19 00:11:36.566, 1, 72, 86.02, 66, 15533, 1328, 715, P0, 0x0000000000000000
2026/09/19 00:11:37.573, 0, 75, 90.13, 62, 15533, 1328, 715, P0, 0x0000000000000000
2026/09/19 00:11:37.575, 1, 72, 128.75, 65, 15533, 1328, 715, P0, 0x0000000000000000
2026/09/19 00:11:38.585, 0, 76, 109.33, 64, 15533, 1328, 715, P0, 0x0000000000000000
2026/09/19 00:11:38.588, 1, 72, 77.82, 70, 15533, 1328, 715, P0, 0x0000000000000000
2026/09/19 00:11:39.603, 0, 76, 115.12, 63, 15533, 1328, 715, P0, 0x0000000000000000
2026/09/19 00:11:39.606, 1, 73, 93.86, 73, 15533, 1328, 715, P0, 0x0000000000000000
2026/09/19 00:11:40.613, 0, 76, 107.64, 68, 15533, 1328, 715, P0, 0x0000000000000000
2026/09/19 00:11:40.616, 1, 72, 82.15, 52, 15533, 1328, 715, P0, 0x0000000000000000
2026/09/19 00:11:41.623, 0, 76, 98.26, 63, 15533, 1328, 715, P0, 0x0000000000000000
2026/09/19 00:11:41.626, 1, 72, 86.44, 65, 15533, 1328, 715, P0, 0x0000000000000000
2026/09/19 00:11:42.630, 0, 76, 60.49, 42, 15533, 1328, 715, P0, 0x0000000000000000
2026/09/19 00:11:42.632, 1, 72, 96.21, 64, 15533, 1328, 715, P0, 0x0000000000000000
2026/09/19 00:11:43.639, 0, 75, 122.60, 64, 15533, 1328, 715, P0, 0x0000000000000000
2026/09/19 00:11:43.642, 1, 73, 118.12, 65, 15533, 1328, 715, P0, 0x0000000000000000
2026/09/19 00:11:44.653, 0, 76, 63.55, 66, 15533, 1328, 715, P0, 0x0000000000000000
2026/09/19 00:11:44.657, 1, 73, 99.96, 61, 15533, 1328, 715, P0, 0x0000000000000000
2026/09/19 00:11:45.665, 0, 76, 117.47, 55, 15533, 1328, 715, P0, 0x0000000000000000
2026/09/19 00:11:45.668, 1, 73, 95.19, 63, 15533, 1328, 715, P0, 0x0000000000000000
2026/09/19 00:11:46.686, 0, 76, 107.85, 52, 15533, 1328, 715, P0, 0x0000000000000000
2026/09/19 00:11:46.689, 1, 73, 62.76, 59, 15533, 1328, 715, P0, 0x0000000000000000
2026/09/19 00:11:47.697, 0, 76, 85.65, 63, 15533, 1328, 715, P0, 0x0000000000000000
2026/09/19 00:11:47.700, 1, 72, 88.95, 67, 15533, 1328, 715, P0, 0x0000000000000000
2026/09/19 00:11:48.706, 0, 75, 62.42, 55, 15533, 1328, 715, P0, 0x0000000000000000
2026/09/19 00:11:48.709, 1, 72, 92.89, 55, 15533, 1328, 715, P0, 0x0000000000000000
2026/09/19 00:11:49.719, 0, 76, 106.23, 42, 15533, 1328, 715, P0, 0x0000000000000000
2026/09/19 00:11:49.722, 1, 73, 62.52, 52, 15533, 1328, 715, P0, 0x0000000000000000
2026/09/19 00:11:50.730, 0, 76, 189.07, 56, 15533, 1328, 715, P0, 0x0000000000000000
2026/09/19 00:11:50.735, 1, 73, 147.81, 60, 15533, 1328, 715, P0, 0x0000000000000000
2026/09/19 00:11:51.741, 0, 76, 83.74, 66, 15533, 1328, 715, P0, 0x0000000000000000
2026/09/19 00:11:51.744, 1, 73, 92.08, 70, 15533, 1328, 715, P0, 0x0000000000000000
2026/09/19 00:11:52.750, 0, 76, 116.94, 71, 15533, 1328, 715, P0, 0x0000000000000000
2026/09/19 00:11:52.753, 1, 73, 103.41, 69, 15533, 1328, 715, P0, 0x0000000000000000
2026/09/19 00:11:53.758, 0, 76, 62.66, 62, 15533, 1328, 715, P0, 0x0000000000000000
2026/09/19 00:11:53.760, 1, 73, 93.07, 68, 15533, 1328, 715, P0, 0x0000000000000000
2026/09/19 00:11:54.770, 0, 76, 120.50, 63, 15533, 1328, 715, P0, 0x0000000000000000
2026/09/19 00:11:54.773, 1, 73, 115.62, 63, 15533, 1328, 715, P0, 0x0000000000000000
2026/09/19 00:11:55.788, 0, 76, 80.15, 58, 15533, 1328, 715, P0, 0x0000000000000000
2026/09/19 00:11:55.793, 1, 73, 93.05, 70, 15533, 1328, 715, P0, 0x0000000000000000
2026/09/19 00:11:56.800, 0, 77, 174.27, 64, 15533, 1328, 715, P0, 0x0000000000000000
2026/09/19 00:11:56.804, 1, 73, 138.36, 69, 15533, 1328, 715, P0, 0x0000000000000000
2026/09/19 00:11:57.812, 0, 76, 67.17, 64, 15533, 1328, 715, P0, 0x0000000000000000
2026/09/19 00:11:57.815, 1, 73, 100.28, 77, 15533, 1328, 715, P0, 0x0000000000000000
2026/09/19 00:11:58.835, 0, 76, 103.29, 58, 15533, 1328, 715, P0, 0x0000000000000000
2026/09/19 00:11:58.838, 1, 73, 86.75, 51, 15533, 1328, 715, P0, 0x0000000000000000
2026/09/19 00:11:59.848, 0, 76, 60.24, 66, 15533, 1328, 715, P0, 0x0000000000000000
2026/09/19 00:11:59.850, 1, 73, 98.56, 66, 15533, 1328, 715, P0, 0x0000000000000000
2026/09/19 00:12:00.856, 0, 76, 104.11, 67, 15533, 1328, 715, P0, 0x0000000000000000
2026/09/19 00:12:00.859, 1, 73, 63.29, 71, 15533, 1328, 715, P0, 0x0000000000000000
2026/09/19 00:12:01.865, 0, 76, 164.51, 57, 15533, 1328, 715, P0, 0x0000000000000000
2026/09/19 00:12:01.868, 1, 73, 170.68, 62, 15533, 1328, 715, P0, 0x0000000000000000
2026/09/19 00:12:02.887, 0, 76, 105.85, 68, 15533, 1328, 715, P0, 0x0000000000000000
2026/09/19 00:12:02.890, 1, 73, 61.35, 60, 15533, 1328, 715, P0, 0x0000000000000000
2026/09/19 00:12:03.897, 0, 76, 152.26, 70, 15533, 1328, 715, P0, 0x0000000000000000
2026/09/19 00:12:03.902, 1, 73, 171.24, 64, 15533, 1328, 715, P0, 0x0000000000000000
2026/09/19 00:12:04.909, 0, 76, 105.71, 62, 15533, 1328, 715, P0, 0x0000000000000000
2026/09/19 00:12:04.912, 1, 73, 81.72, 67, 15533, 1328, 715, P0, 0x0000000000000000
2026/09/19 00:12:05.922, 0, 76, 64.32, 55, 15533, 1328, 715, P0, 0x0000000000000000
2026/09/19 00:12:05.925, 1, 73, 91.68, 60, 15533, 1328, 715, P0, 0x0000000000000000
2026/09/19 00:12:06.932, 0, 76, 189.43, 54, 15533, 1328, 715, P0, 0x0000000000000000
2026/09/19 00:12:06.935, 1, 73, 183.14, 63, 15533, 1328, 715, P0, 0x0000000000000000
2026/09/19 00:12:07.942, 0, 76, 119.97, 59, 15533, 1328, 715, P0, 0x0000000000000000
2026/09/19 00:12:07.945, 1, 73, 110.77, 78, 15533, 1328, 715, P0, 0x0000000000000000
2026/09/19 00:12:08.951, 0, 76, 177.62, 57, 15533, 1328, 715, P0, 0x0000000000000000
2026/09/19 00:12:08.953, 1, 73, 178.67, 59, 15533, 1328, 715, P0, 0x0000000000000000
2026/09/19 00:12:09.959, 0, 76, 173.15, 46, 15533, 1328, 715, P0, 0x0000000000000000
2026/09/19 00:12:09.963, 1, 73, 175.53, 49, 15533, 1328, 715, P0, 0x0000000000000000
2026/09/19 00:12:10.967, 0, 76, 106.85, 43, 15533, 1328, 715, P0, 0x0000000000000000
2026/09/19 00:12:10.969, 1, 73, 74.30, 46, 15533, 1328, 715, P0, 0x0000000000000000
2026/09/19 00:12:11.980, 0, 76, 106.23, 44, 15533, 1328, 715, P0, 0x0000000000000000
2026/09/19 00:12:11.983, 1, 73, 59.42, 46, 15533, 1328, 715, P0, 0x0000000000000000
2026/09/19 00:12:12.992, 0, 77, 204.27, 55, 15533, 1328, 715, P0, 0x0000000000000000
2026/09/19 00:12:12.994, 1, 73, 190.89, 63, 15533, 1328, 715, P0, 0x0000000000000000
2026/09/19 00:12:14.001, 0, 77, 106.75, 70, 15533, 1328, 715, P0, 0x0000000000000000
2026/09/19 00:12:14.004, 1, 73, 61.60, 77, 15533, 1328, 715, P0, 0x0000000000000000
2026/09/19 00:12:15.011, 0, 77, 95.92, 50, 15533, 1328, 715, P0, 0x0000000000000000
2026/09/19 00:12:15.014, 1, 73, 84.63, 55, 15533, 1328, 715, P0, 0x0000000000000000
2026/09/19 00:12:16.027, 0, 76, 60.21, 61, 15533, 1328, 715, P0, 0x0000000000000000
2026/09/19 00:12:16.030, 1, 73, 103.62, 68, 15533, 1328, 715, P0, 0x0000000000000000
2026/09/19 00:12:17.034, 0, 76, 65.28, 66, 15533, 1328, 715, P0, 0x0000000000000000
2026/09/19 00:12:17.038, 1, 73, 93.81, 66, 15533, 1328, 715, P0, 0x0000000000000000
2026/09/19 00:12:18.045, 0, 77, 112.20, 50, 15533, 1328, 715, P0, 0x0000000000000000
2026/09/19 00:12:18.047, 1, 73, 80.74, 59, 15533, 1328, 715, P0, 0x0000000000000000
2026/09/19 00:12:19.066, 0, 76, 105.23, 69, 15533, 1328, 715, P0, 0x0000000000000000
2026/09/19 00:12:19.068, 1, 73, 70.44, 69, 15533, 1328, 715, P0, 0x0000000000000000
2026/09/19 00:12:20.075, 0, 77, 72.96, 65, 15533, 1328, 715, P0, 0x0000000000000000
2026/09/19 00:12:20.078, 1, 73, 93.07, 51, 15533, 1328, 715, P0, 0x0000000000000000
2026/09/19 00:12:21.085, 0, 78, 147.00, 63, 15533, 1328, 715, P0, 0x0000000000000000
2026/09/19 00:12:21.088, 1, 74, 112.25, 81, 15533, 1328, 715, P0, 0x0000000000000000
2026/09/19 00:12:22.095, 0, 76, 104.76, 61, 15533, 1328, 715, P0, 0x0000000000000000
2026/09/19 00:12:22.098, 1, 73, 76.67, 55, 15533, 1328, 715, P0, 0x0000000000000000
2026/09/19 00:12:23.107, 0, 76, 101.73, 60, 15533, 1328, 715, P0, 0x0000000000000000
2026/09/19 00:12:23.110, 1, 73, 58.95, 66, 15533, 1328, 715, P0, 0x0000000000000000
2026/09/19 00:12:24.116, 0, 77, 69.59, 68, 15533, 1328, 715, P0, 0x0000000000000000
2026/09/19 00:12:24.119, 1, 73, 95.22, 67, 15533, 1328, 715, P0, 0x0000000000000000
2026/09/19 00:12:25.125, 0, 77, 161.94, 49, 15533, 1328, 715, P0, 0x0000000000000000
2026/09/19 00:12:25.128, 1, 74, 130.93, 65, 15533, 1328, 715, P0, 0x0000000000000000
2026/09/19 00:12:26.135, 0, 77, 109.76, 50, 15533, 1328, 715, P0, 0x0000000000000000
2026/09/19 00:12:26.138, 1, 73, 79.07, 74, 15533, 1328, 715, P0, 0x0000000000000000
2026/09/19 00:12:27.143, 0, 77, 136.81, 44, 15533, 1328, 715, P0, 0x0000000000000000
2026/09/19 00:12:27.147, 1, 73, 137.03, 46, 15533, 1328, 715, P0, 0x0000000000000000
2026/09/19 00:12:28.151, 0, 77, 109.61, 61, 15533, 1328, 715, P0, 0x0000000000000000
2026/09/19 00:12:28.154, 1, 73, 74.06, 69, 15533, 1328, 715, P0, 0x0000000000000000
2026/09/19 00:12:29.160, 0, 78, 111.43, 65, 15533, 1328, 715, P0, 0x0000000000000000
2026/09/19 00:12:29.164, 1, 73, 68.02, 66, 15533, 1328, 715, P0, 0x0000000000000000
2026/09/19 00:12:30.168, 0, 77, 67.89, 71, 15533, 1328, 715, P0, 0x0000000000000000
2026/09/19 00:12:30.171, 1, 73, 103.29, 76, 15533, 1328, 715, P0, 0x0000000000000000
2026/09/19 00:12:31.181, 0, 77, 68.87, 54, 15533, 1328, 715, P0, 0x0000000000000000
2026/09/19 00:12:31.184, 1, 73, 94.26, 57, 15533, 1328, 715, P0, 0x0000000000000000
2026/09/19 00:12:32.195, 0, 77, 75.82, 73, 15533, 1328, 715, P0, 0x0000000000000000
2026/09/19 00:12:32.199, 1, 74, 84.53, 76, 15533, 1328, 715, P0, 0x0000000000000000
2026/09/19 00:12:33.207, 0, 77, 96.20, 66, 15533, 1328, 715, P0, 0x0000000000000000
2026/09/19 00:12:33.210, 1, 73, 89.94, 69, 15533, 1328, 715, P0, 0x0000000000000000
2026/09/19 00:12:34.215, 0, 77, 106.33, 61, 15533, 1328, 715, P0, 0x0000000000000000
2026/09/19 00:12:34.219, 1, 73, 136.74, 59, 15533, 1328, 715, P0, 0x0000000000000000
2026/09/19 00:12:35.226, 0, 77, 107.42, 54, 15533, 1328, 715, P0, 0x0000000000000000
2026/09/19 00:12:35.229, 1, 73, 65.43, 57, 15533, 1328, 715, P0, 0x0000000000000000
2026/09/19 00:12:36.237, 0, 77, 62.62, 71, 15533, 1328, 715, P0, 0x0000000000000000
2026/09/19 00:12:36.241, 1, 74, 98.85, 71, 15533, 1328, 715, P0, 0x0000000000000000
2026/09/19 00:12:37.249, 0, 77, 106.30, 69, 15533, 1328, 715, P0, 0x0000000000000000
2026/09/19 00:12:37.252, 1, 73, 60.87, 77, 15533, 1328, 715, P0, 0x0000000000000000
2026/09/19 00:12:38.258, 0, 77, 108.36, 62, 15533, 1328, 715, P0, 0x0000000000000000
2026/09/19 00:12:38.262, 1, 73, 74.54, 67, 15533, 1328, 715, P0, 0x0000000000000000
2026/09/19 00:12:39.268, 0, 77, 62.63, 46, 15533, 1328, 715, P0, 0x0000000000000000
2026/09/19 00:12:39.272, 1, 73, 95.72, 57, 15533, 1328, 715, P0, 0x0000000000000000
2026/09/19 00:12:40.279, 0, 77, 60.45, 63, 15533, 1328, 715, P0, 0x0000000000000000
2026/09/19 00:12:40.282, 1, 73, 102.79, 70, 15533, 1328, 715, P0, 0x0000000000000000
2026/09/19 00:12:41.294, 0, 77, 110.08, 68, 15533, 1328, 715, P0, 0x0000000000000000
2026/09/19 00:12:41.297, 1, 73, 71.68, 60, 15533, 1328, 715, P0, 0x0000000000000000
2026/09/19 00:12:42.306, 0, 77, 206.71, 47, 15533, 1328, 715, P0, 0x0000000000000000
2026/09/19 00:12:42.309, 1, 74, 183.91, 78, 15533, 1328, 715, P0, 0x0000000000000000
2026/09/19 00:12:43.315, 0, 77, 85.89, 70, 15533, 1328, 715, P0, 0x0000000000000000
2026/09/19 00:12:43.318, 1, 73, 91.54, 61, 15533, 1328, 715, P0, 0x0000000000000000
2026/09/19 00:12:44.336, 0, 77, 101.89, 65, 15533, 1328, 715, P0, 0x0000000000000000
2026/09/19 00:12:44.339, 1, 73, 63.02, 65, 15533, 1328, 715, P0, 0x0000000000000000
2026/09/19 00:12:45.357, 0, 77, 105.08, 66, 15533, 1328, 715, P0, 0x0000000000000000
2026/09/19 00:12:45.360, 1, 73, 64.93, 68, 15533, 1328, 715, P0, 0x0000000000000000
2026/09/19 00:12:46.378, 0, 78, 142.59, 66, 15533, 1328, 715, P0, 0x0000000000000000
2026/09/19 00:12:46.381, 1, 74, 106.81, 66, 15533, 1328, 715, P0, 0x0000000000000000
2026/09/19 00:12:47.386, 0, 78, 65.74, 66, 15533, 1328, 715, P0, 0x0000000000000000
2026/09/19 00:12:47.390, 1, 74, 100.69, 77, 15533, 1328, 715, P0, 0x0000000000000000
2026/09/19 00:12:48.398, 0, 77, 113.07, 49, 15533, 1328, 715, P0, 0x0000000000000000
2026/09/19 00:12:48.401, 1, 74, 77.89, 66, 15533, 1328, 715, P0, 0x0000000000000000
2026/09/19 00:12:49.405, 0, 77, 110.15, 49, 15533, 1328, 715, P0, 0x0000000000000000
2026/09/19 00:12:49.409, 1, 73, 80.93, 57, 15533, 1328, 715, P0, 0x0000000000000000
2026/09/19 00:12:50.415, 0, 77, 105.79, 43, 15533, 1328, 715, P0, 0x0000000000000000
2026/09/19 00:12:50.418, 1, 73, 65.18, 46, 15533, 1328, 715, P0, 0x0000000000000000
2026/09/19 00:12:51.425, 0, 77, 112.35, 45, 15533, 1328, 715, P0, 0x0000000000000000
2026/09/19 00:12:51.428, 1, 73, 86.95, 49, 15533, 1328, 715, P0, 0x0000000000000000
2026/09/19 00:12:52.437, 0, 77, 113.69, 71, 15533, 1328, 715, P0, 0x0000000000000000
2026/09/19 00:12:52.440, 1, 74, 89.82, 77, 15533, 1328, 715, P0, 0x0000000000000000
2026/09/19 00:12:53.444, 0, 77, 84.94, 54, 15533, 1328, 715, P0, 0x0000000000000000
2026/09/19 00:12:53.447, 1, 73, 95.03, 75, 15533, 1328, 715, P0, 0x0000000000000000
2026/09/19 00:12:54.458, 0, 77, 137.77, 48, 15533, 1328, 715, P0, 0x0000000000000000
2026/09/19 00:12:54.461, 1, 73, 163.08, 56, 15533, 1328, 715, P0, 0x0000000000000000
2026/09/19 00:12:55.471, 0, 78, 76.77, 56, 15533, 1328, 715, P0, 0x0000000000000000
2026/09/19 00:12:55.474, 1, 74, 93.72, 54, 15533, 1328, 715, P0, 0x0000000000000000
2026/09/19 00:12:56.477, 0, 78, 141.27, 43, 15533, 1328, 715, P0, 0x0000000000000000
2026/09/19 00:12:56.480, 1, 74, 101.84, 49, 15533, 1328, 715, P0, 0x0000000000000000
2026/09/19 00:12:57.487, 0, 77, 103.66, 58, 15533, 1328, 715, P0, 0x0000000000000000
2026/09/19 00:12:57.490, 1, 73, 59.91, 54, 15533, 1328, 715, P0, 0x0000000000000000
2026/09/19 00:12:58.495, 0, 77, 109.09, 61, 15533, 1328, 715, P0, 0x0000000000000000
2026/09/19 00:12:58.498, 1, 73, 80.71, 66, 15533, 1328, 715, P0, 0x0000000000000000
2026/09/19 00:12:59.517, 0, 78, 208.93, 52, 15533, 1328, 715, P0, 0x0000000000000000
2026/09/19 00:12:59.520, 1, 74, 189.14, 78, 15533, 1328, 715, P0, 0x0000000000000000
2026/09/19 00:13:00.526, 0, 78, 107.24, 69, 15533, 1328, 715, P0, 0x0000000000000000
2026/09/19 00:13:00.529, 1, 74, 73.73, 62, 15533, 1328, 715, P0, 0x0000000000000000
2026/09/19 00:13:01.548, 0, 78, 127.30, 58, 15533, 1328, 715, P0, 0x0000000000000000
2026/09/19 00:13:01.551, 1, 74, 128.60, 65, 15533, 1328, 715, P0, 0x0000000000000000
2026/09/19 00:13:02.556, 0, 77, 63.10, 66, 15533, 1328, 715, P0, 0x0000000000000000
2026/09/19 00:13:02.559, 1, 73, 98.85, 48, 15533, 1328, 715, P0, 0x0000000000000000
2026/09/19 00:13:03.563, 0, 78, 201.48, 45, 15533, 1328, 715, P0, 0x0000000000000000
2026/09/19 00:13:03.567, 1, 74, 162.39, 71, 15533, 1328, 715, P0, 0x0000000000000000
2026/09/19 00:13:04.572, 0, 78, 72.68, 70, 15533, 1328, 715, P0, 0x0000000000000000
2026/09/19 00:13:04.575, 1, 74, 96.92, 64, 15533, 1328, 715, P0, 0x0000000000000000
2026/09/19 00:13:05.581, 0, 78, 63.83, 60, 15533, 1328, 715, P0, 0x0000000000000000
2026/09/19 00:13:05.584, 1, 74, 97.65, 57, 15533, 1328, 715, P0, 0x0000000000000000
2026/09/19 00:13:06.590, 0, 78, 207.55, 60, 15533, 1328, 715, P0, 0x0000000000000000
2026/09/19 00:13:06.594, 1, 74, 193.60, 77, 15533, 1328, 715, P0, 0x0000000000000000
2026/09/19 00:13:07.602, 0, 77, 102.21, 62, 15533, 1328, 715, P0, 0x0000000000000000
2026/09/19 00:13:07.605, 1, 73, 58.46, 65, 15533, 1328, 715, P0, 0x0000000000000000
2026/09/19 00:13:08.616, 0, 77, 102.43, 55, 15533, 1328, 715, P0, 0x0000000000000000
2026/09/19 00:13:08.619, 1, 74, 62.32, 61, 15533, 1328, 715, P0, 0x0000000000000000
2026/09/19 00:13:09.627, 0, 78, 69.10, 57, 15533, 1328, 715, P0, 0x0000000000000000
2026/09/19 00:13:09.633, 1, 73, 100.71, 59, 15533, 1328, 715, P0, 0x0000000000000000
2026/09/19 00:13:10.640, 0, 79, 118.81, 64, 15533, 1328, 715, P0, 0x0000000000000000
2026/09/19 00:13:10.643, 1, 74, 68.94, 57, 15533, 1328, 715, P0, 0x0000000000000000
2026/09/19 00:13:11.646, 0, 78, 107.66, 54, 15533, 1328, 715, P0, 0x0000000000000000
2026/09/19 00:13:11.652, 1, 74, 62.76, 78, 15533, 1328, 715, P0, 0x0000000000000000
2026/09/19 00:13:12.670, 0, 78, 104.65, 50, 15533, 1328, 715, P0, 0x0000000000000000
2026/09/19 00:13:12.673, 1, 74, 65.69, 54, 15533, 1328, 715, P0, 0x0000000000000000
2026/09/19 00:13:13.682, 0, 77, 117.33, 76, 15533, 1328, 715, P0, 0x0000000000000000
2026/09/19 00:13:13.685, 1, 74, 100.21, 81, 15533, 1328, 715, P0, 0x0000000000000000
2026/09/19 00:13:14.694, 0, 78, 207.31, 48, 15533, 1328, 715, P0, 0x0000000000000000
2026/09/19 00:13:14.697, 1, 74, 192.27, 53, 15533, 1328, 715, P0, 0x0000000000000000
2026/09/19 00:13:15.708, 0, 78, 122.08, 67, 15533, 1328, 715, P0, 0x0000000000000000
2026/09/19 00:13:15.711, 1, 74, 114.41, 58, 15533, 1328, 715, P0, 0x0000000000000000
2026/09/19 00:13:16.718, 0, 78, 66.01, 57, 15533, 1328, 715, P0, 0x0000000000000000
2026/09/19 00:13:16.721, 1, 74, 98.37, 76, 15533, 1328, 715, P0, 0x0000000000000000
2026/09/19 00:13:17.729, 0, 79, 200.50, 54, 15533, 1328, 715, P0, 0x0000000000000000
2026/09/19 00:13:17.732, 1, 74, 174.99, 60, 15533, 1328, 715, P0, 0x0000000000000000
2026/09/19 00:13:18.737, 0, 77, 127.64, 56, 15533, 1328, 715, P0, 0x0000000000000000
2026/09/19 00:13:18.740, 1, 74, 148.95, 66, 15533, 1328, 715, P0, 0x0000000000000000
2026/09/19 00:13:19.749, 0, 78, 70.55, 44, 15533, 1328, 715, P0, 0x0000000000000000
2026/09/19 00:13:19.752, 1, 74, 94.03, 65, 15533, 1328, 715, P0, 0x0000000000000000
2026/09/19 00:13:20.759, 0, 78, 67.70, 73, 15533, 1328, 715, P0, 0x0000000000000000
2026/09/19 00:13:20.762, 1, 74, 92.34, 57, 15533, 1328, 715, P0, 0x0000000000000000
2026/09/19 00:13:21.770, 0, 78, 108.27, 55, 15533, 1328, 715, P0, 0x0000000000000000
2026/09/19 00:13:21.773, 1, 74, 72.57, 63, 15533, 1328, 715, P0, 0x0000000000000000
2026/09/19 00:13:22.783, 0, 79, 115.68, 53, 15533, 1328, 715, P0, 0x0000000000000000
2026/09/19 00:13:22.786, 1, 74, 81.66, 78, 15533, 1328, 715, P0, 0x0000000000000000
2026/09/19 00:13:23.794, 0, 78, 119.96, 74, 15533, 1328, 715, P0, 0x0000000000000000
2026/09/19 00:13:23.797, 1, 74, 85.73, 53, 15533, 1328, 715, P0, 0x0000000000000000
2026/09/19 00:13:24.804, 0, 78, 110.11, 64, 15533, 1328, 715, P0, 0x0000000000000000
2026/09/19 00:13:24.807, 1, 74, 82.89, 69, 15533, 1328, 715, P0, 0x0000000000000000
2026/09/19 00:13:25.812, 0, 78, 204.96, 65, 15533, 1328, 715, P0, 0x0000000000000000
2026/09/19 00:13:25.815, 1, 74, 191.35, 66, 15533, 1328, 715, P0, 0x0000000000000000
2026/09/19 00:13:26.819, 0, 78, 90.17, 60, 15533, 1328, 715, P0, 0x0000000000000000
2026/09/19 00:13:26.822, 1, 74, 91.35, 71, 15533, 1328, 715, P0, 0x0000000000000000
2026/09/19 00:13:27.826, 0, 79, 123.50, 73, 15533, 1328, 715, P0, 0x0000000000000000
2026/09/19 00:13:27.830, 1, 74, 76.16, 73, 15533, 1328, 715, P0, 0x0000000000000000
2026/09/19 00:13:28.836, 0, 78, 107.42, 70, 15533, 1328, 715, P0, 0x0000000000000000
2026/09/19 00:13:28.839, 1, 74, 61.34, 77, 15533, 1328, 715, P0, 0x0000000000000000
2026/09/19 00:13:29.843, 0, 78, 99.70, 42, 15533, 1328, 715, P0, 0x0000000000000000
2026/09/19 00:13:29.846, 1, 74, 156.87, 57, 15533, 1328, 715, P0, 0x0000000000000000
2026/09/19 00:13:30.857, 0, 78, 103.42, 62, 15533, 1328, 715, P0, 0x0000000000000000
2026/09/19 00:13:30.860, 1, 74, 61.07, 70, 15533, 1328, 715, P0, 0x0000000000000000
2026/09/19 00:13:31.870, 0, 79, 115.99, 67, 15533, 1328, 715, P0, 0x0000000000000000
2026/09/19 00:13:31.876, 1, 74, 69.02, 66, 15533, 1328, 715, P0, 0x0000000000000000
2026/09/19 00:13:32.882, 0, 78, 183.44, 58, 15533, 1328, 715, P0, 0x0000000000000000
2026/09/19 00:13:32.885, 1, 74, 180.59, 71, 15533, 1328, 715, P0, 0x0000000000000000
2026/09/19 00:13:33.890, 0, 78, 83.04, 71, 15533, 1328, 715, P0, 0x0000000000000000
2026/09/19 00:13:33.895, 1, 74, 94.49, 67, 15533, 1328, 715, P0, 0x0000000000000000
2026/09/19 00:13:34.899, 0, 78, 117.68, 65, 15533, 1328, 715, P0, 0x0000000000000000
2026/09/19 00:13:34.902, 1, 74, 86.71, 61, 15533, 1328, 715, P0, 0x0000000000000000
2026/09/19 00:13:35.920, 0, 79, 135.20, 83, 15533, 1328, 715, P0, 0x0000000000000000
2026/09/19 00:13:35.923, 1, 75, 128.12, 85, 15533, 1328, 715, P0, 0x0000000000000000
2026/09/19 00:13:36.929, 0, 79, 133.12, 84, 15533, 1328, 715, P0, 0x0000000000000000
2026/09/19 00:13:36.933, 1, 75, 122.90, 87, 15533, 1328, 715, P0, 0x0000000000000000
2026/09/19 00:13:37.945, 0, 79, 115.82, 83, 15533, 1316, 715, P0, 0x0000000000000020
2026/09/19 00:13:37.948, 1, 75, 121.55, 86, 15533, 1328, 715, P0, 0x0000000000000000
2026/09/19 00:13:38.957, 0, 79, 122.14, 83, 15533, 1316, 715, P0, 0x0000000000000020
2026/09/19 00:13:38.959, 1, 75, 126.40, 86, 15533, 1328, 715, P0, 0x0000000000000000
2026/09/19 00:13:39.968, 0, 79, 120.94, 83, 15533, 1316, 715, P0, 0x0000000000000020
2026/09/19 00:13:39.971, 1, 75, 126.54, 86, 15533, 1328, 715, P0, 0x0000000000000000
2026/09/19 00:13:40.980, 0, 78, 98.05, 80, 15533, 1189, 715, P0, 0x0000000000000000
2026/09/19 00:13:40.983, 1, 75, 137.69, 64, 15533, 1328, 715, P0, 0x0000000000000000
2026/09/19 00:13:41.989, 0, 78, 170.45, 62, 15533, 1227, 715, P0, 0x0000000000000020
2026/09/19 00:13:41.992, 1, 75, 191.05, 67, 15533, 1328, 715, P0, 0x0000000000000000
2026/09/19 00:13:42.998, 0, 78, 56.85, 47, 15533, 1328, 715, P0, 0x0000000000000000
2026/09/19 00:13:43.001, 1, 74, 108.49, 65, 15533, 1328, 715, P0, 0x0000000000000000
2026/09/19 00:13:44.005, 0, 78, 97.63, 51, 15533, 1328, 715, P0, 0x0000000000000000
2026/09/19 00:13:44.010, 1, 74, 89.45, 66, 15533, 1328, 715, P0, 0x0000000000000000
2026/09/19 00:13:45.020, 0, 79, 75.14, 50, 15533, 1328, 715, P0, 0x0000000000000000
2026/09/19 00:13:45.023, 1, 75, 95.66, 69, 15533, 1328, 715, P0, 0x0000000000000000
2026/09/19 00:13:46.031, 0, 79, 109.54, 70, 15533, 1328, 715, P0, 0x0000000000000000
2026/09/19 00:13:46.034, 1, 75, 78.82, 59, 15533, 1328, 715, P0, 0x0000000000000000
2026/09/19 00:13:47.041, 0, 78, 106.72, 67, 15533, 1328, 715, P0, 0x0000000000000000
2026/09/19 00:13:47.044, 1, 75, 77.44, 65, 15533, 1328, 715, P0, 0x0000000000000000
2026/09/19 00:13:48.052, 0, 79, 60.69, 61, 15533, 1328, 715, P0, 0x0000000000000000
2026/09/19 00:13:48.055, 1, 75, 104.03, 69, 15533, 1328, 715, P0, 0x0000000000000000
2026/09/19 00:13:49.061, 0, 78, 148.21, 51, 15533, 1328, 715, P0, 0x0000000000000000
2026/09/19 00:13:49.067, 1, 75, 163.68, 54, 15533, 1328, 715, P0, 0x0000000000000000
2026/09/19 00:13:50.085, 0, 80, 119.97, 71, 15533, 1328, 715, P0, 0x0000000000000000
2026/09/19 00:13:50.088, 1, 75, 75.44, 61, 15533, 1328, 715, P0, 0x0000000000000000
2026/09/19 00:13:51.097, 0, 79, 81.36, 70, 15533, 1328, 715, P0, 0x0000000000000000
2026/09/19 00:13:51.100, 1, 75, 94.94, 77, 15533, 1328, 715, P0, 0x0000000000000000
2026/09/19 00:13:52.109, 0, 78, 66.45, 52, 15533, 1328, 715, P0, 0x0000000000000000
2026/09/19 00:13:52.112, 1, 75, 97.36, 58, 15533, 1328, 715, P0, 0x0000000000000000
2026/09/19 00:13:53.125, 0, 78, 56.62, 63, 15533, 1316, 715, P0, 0x0000000000000000
2026/09/19 00:13:53.128, 1, 74, 101.10, 67, 15533, 1328, 715, P0, 0x0000000000000000
2026/09/19 00:13:54.137, 0, 78, 56.13, 66, 15533, 1316, 715, P0, 0x0000000000000000
2026/09/19 00:13:54.140, 1, 74, 99.77, 62, 15533, 1328, 715, P0, 0x0000000000000000
2026/09/19 00:13:55.150, 0, 78, 57.35, 67, 15533, 1265, 715, P0, 0x0000000000000000
2026/09/19 00:13:55.153, 1, 75, 93.09, 69, 15533, 1328, 715, P0, 0x0000000000000000
2026/09/19 00:13:56.167, 0, 78, 101.67, 70, 15533, 1328, 715, P0, 0x0000000000000000
2026/09/19 00:13:56.170, 1, 75, 88.43, 77, 15533, 1328, 715, P0, 0x0000000000000000
2026/09/19 00:13:57.180, 0, 78, 68.14, 54, 15533, 1328, 715, P0, 0x0000000000000000
2026/09/19 00:13:57.183, 1, 75, 93.31, 55, 15533, 1328, 715, P0, 0x0000000000000000
2026/09/19 00:13:58.194, 0, 79, 95.22, 53, 15533, 1328, 715, P0, 0x0000000000000000
2026/09/19 00:13:58.197, 1, 75, 96.15, 70, 15533, 1328, 715, P0, 0x0000000000000000
2026/09/19 00:13:59.204, 0, 79, 123.47, 49, 15533, 1328, 715, P0, 0x0000000000000000
2026/09/19 00:13:59.209, 1, 76, 82.37, 75, 15533, 1328, 715, P0, 0x0000000000000000
2026/09/19 00:14:00.215, 0, 78, 61.45, 41, 15533, 1328, 715, P0, 0x0000000000000000
2026/09/19 00:14:00.219, 1, 74, 100.96, 61, 15533, 1328, 715, P0, 0x0000000000000000
2026/09/19 00:14:01.225, 0, 78, 108.94, 48, 15533, 1328, 715, P0, 0x0000000000000000
2026/09/19 00:14:01.229, 1, 75, 84.14, 70, 15533, 1328, 715, P0, 0x0000000000000000
2026/09/19 00:14:02.239, 0, 79, 122.87, 57, 15533, 1328, 715, P0, 0x0000000000000000
2026/09/19 00:14:02.242, 1, 75, 114.25, 76, 15533, 1328, 715, P0, 0x0000000000000000
2026/09/19 00:14:03.260, 0, 78, 112.65, 71, 15533, 1328, 715, P0, 0x0000000000000000
2026/09/19 00:14:03.263, 1, 75, 93.38, 53, 15533, 1328, 715, P0, 0x0000000000000000
2026/09/19 00:14:04.270, 0, 79, 67.09, 51, 15533, 1328, 715, P0, 0x0000000000000000
2026/09/19 00:14:04.273, 1, 75, 128.64, 60, 15533, 1328, 715, P0, 0x0000000000000000
2026/09/19 00:14:05.281, 0, 78, 54.93, 43, 15533, 1328, 715, P0, 0x0000000000000000
2026/09/19 00:14:05.286, 1, 75, 109.12, 45, 15533, 1328, 715, P0, 0x0000000000000000
2026/09/19 00:14:06.305, 0, 78, 58.08, 86, 15533, 1290, 715, P0, 0x0000000000000000
2026/09/19 00:14:06.311, 1, 75, 93.10, 83, 15533, 1328, 715, P0, 0x0000000000000000
2026/09/19 00:14:07.319, 0, 78, 86.83, 69, 15533, 1202, 715, P0, 0x0000000000000000
2026/09/19 00:14:07.322, 1, 75, 67.64, 60, 15533, 1328, 715, P0, 0x0000000000000000
2026/09/19 00:14:08.332, 0, 78, 98.62, 54, 15533, 1328, 715, P0, 0x0000000000000000
2026/09/19 00:14:08.335, 1, 75, 71.69, 68, 15533, 1328, 715, P0, 0x0000000000000000
2026/09/19 00:14:09.357, 0, 78, 106.69, 53, 15533, 1328, 715, P0, 0x0000000000000000
2026/09/19 00:14:09.360, 1, 75, 78.12, 66, 15533, 1328, 715, P0, 0x0000000000000000
2026/09/19 00:14:10.378, 0, 80, 192.64, 64, 15533, 1328, 715, P0, 0x0000000000000000
2026/09/19 00:14:10.381, 1, 76, 169.51, 75, 15533, 1328, 715, P0, 0x0000000000000000
2026/09/19 00:14:11.396, 0, 78, 101.36, 47, 15533, 1328, 715, P0, 0x0000000000000000
2026/09/19 00:14:11.399, 1, 75, 88.46, 55, 15533, 1328, 715, P0, 0x0000000000000000
2026/09/19 00:14:12.406, 0, 78, 101.54, 64, 15533, 1328, 715, P0, 0x0000000000000000
2026/09/19 00:14:12.409, 1, 75, 59.42, 50, 15533, 1328, 715, P0, 0x0000000000000000
2026/09/19 00:14:13.418, 0, 79, 69.83, 72, 15533, 1328, 715, P0, 0x0000000000000000
2026/09/19 00:14:13.420, 1, 75, 94.22, 59, 15533, 1328, 715, P0, 0x0000000000000000
2026/09/19 00:14:14.433, 0, 79, 199.89, 45, 15533, 1328, 715, P0, 0x0000000000000000
2026/09/19 00:14:14.436, 1, 76, 193.02, 70, 15533, 1328, 715, P0, 0x0000000000000000
2026/09/19 00:14:15.443, 0, 79, 78.94, 49, 15533, 1328, 715, P0, 0x0000000000000000
2026/09/19 00:14:15.447, 1, 75, 94.95, 73, 15533, 1328, 715, P0, 0x0000000000000000
2026/09/19 00:14:16.451, 0, 79, 101.96, 78, 15533, 1328, 715, P0, 0x0000000000000000
2026/09/19 00:14:16.455, 1, 75, 61.81, 73, 15533, 1328, 715, P0, 0x0000000000000000
2026/09/19 00:14:17.464, 0, 80, 109.33, 63, 15533, 1328, 715, P0, 0x0000000000000000
2026/09/19 00:14:17.467, 1, 75, 67.10, 69, 15533, 1328, 715, P0, 0x0000000000000000
2026/09/19 00:14:18.479, 0, 78, 84.68, 60, 15533, 1328, 715, P0, 0x0000000000000000
2026/09/19 00:14:18.485, 1, 75, 91.60, 67, 15533, 1328, 715, P0, 0x0000000000000000
2026/09/19 00:14:19.491, 0, 79, 206.81, 58, 15533, 1328, 715, P0, 0x0000000000000000
2026/09/19 00:14:19.494, 1, 76, 195.01, 61, 15533, 1328, 715, P0, 0x0000000000000000
2026/09/19 00:14:20.497, 0, 79, 107.65, 71, 15533, 1328, 715, P0, 0x0000000000000000
2026/09/19 00:14:20.500, 1, 75, 70.19, 73, 15533, 1328, 715, P0, 0x0000000000000000
2026/09/19 00:14:21.519, 0, 79, 105.21, 52, 15533, 1328, 715, P0, 0x0000000000000000
2026/09/19 00:14:21.523, 1, 75, 86.26, 62, 15533, 1328, 715, P0, 0x0000000000000000
2026/09/19 00:14:22.530, 0, 79, 78.71, 64, 15533, 1328, 715, P0, 0x0000000000000000
2026/09/19 00:14:22.534, 1, 75, 90.64, 67, 15533, 1328, 715, P0, 0x0000000000000000
2026/09/19 00:14:23.542, 0, 79, 89.27, 62, 15533, 1328, 715, P0, 0x0000000000000000
2026/09/19 00:14:23.544, 1, 75, 92.08, 71, 15533, 1328, 715, P0, 0x0000000000000000
2026/09/19 00:14:24.551, 0, 79, 105.50, 66, 15533, 1328, 715, P0, 0x0000000000000000
2026/09/19 00:14:24.554, 1, 75, 75.27, 67, 15533, 1328, 715, P0, 0x0000000000000000
2026/09/19 00:14:25.569, 0, 79, 65.76, 73, 15533, 1328, 715, P0, 0x0000000000000000
2026/09/19 00:14:25.572, 1, 75, 117.66, 69, 15533, 1328, 715, P0, 0x0000000000000000
2026/09/19 00:14:26.578, 0, 79, 109.34, 59, 15533, 1328, 715, P0, 0x0000000000000000
2026/09/19 00:14:26.581, 1, 75, 67.10, 56, 15533, 1328, 715, P0, 0x0000000000000000
2026/09/19 00:14:27.588, 0, 80, 149.73, 55, 15533, 1328, 715, P0, 0x0000000000000000
2026/09/19 00:14:27.591, 1, 76, 111.29, 63, 15533, 1328, 715, P0, 0x0000000000000000
2026/09/19 00:14:28.601, 0, 78, 56.61, 63, 15533, 1328, 715, P0, 0x0000000000000000
2026/09/19 00:14:28.604, 1, 75, 102.13, 64, 15533, 1328, 715, P0, 0x0000000000000000
2026/09/19 00:14:29.607, 0, 78, 91.96, 52, 15533, 1328, 715, P0, 0x0000000000000000
2026/09/19 00:14:29.611, 1, 75, 60.20, 49, 15533, 1328, 715, P0, 0x0000000000000000
2026/09/19 00:14:30.623, 0, 78, 66.63, 67, 15533, 1227, 715, P0, 0x0000000000000000
2026/09/19 00:14:30.626, 1, 75, 129.47, 64, 15533, 1328, 715, P0, 0x0000000000000000
2026/09/19 00:14:31.632, 0, 78, 70.79, 73, 15533, 1316, 715, P0, 0x0000000000000000
2026/09/19 00:14:31.636, 1, 75, 95.24, 61, 15533, 1328, 715, P0, 0x0000000000000000
2026/09/19 00:14:32.646, 0, 78, 172.15, 52, 15533, 1328, 715, P0, 0x0000000000000000
2026/09/19 00:14:32.649, 1, 75, 182.76, 61, 15533, 1328, 715, P0, 0x0000000000000000
2026/09/19 00:14:33.656, 0, 78, 56.20, 62, 15533, 1303, 715, P0, 0x0000000000000000
2026/09/19 00:14:33.660, 1, 76, 61.50, 79, 15533, 1328, 715, P0, 0x0000000000000000
2026/09/19 00:14:34.665, 0, 79, 105.08, 42, 15533, 1328, 715, P0, 0x0000000000000000
2026/09/19 00:14:34.668, 1, 76, 62.08, 87, 15533, 1328, 715, P0, 0x0000000000000000
2026/09/19 00:14:35.672, 0, 78, 83.72, 53, 15533, 1328, 715, P0, 0x0000000000000000
2026/09/19 00:14:35.675, 1, 75, 91.81, 46, 15533, 1328, 715, P0, 0x0000000000000000
2026/09/19 00:14:36.685, 0, 79, 67.94, 63, 15533, 1328, 715, P0, 0x0000000000000000
2026/09/19 00:14:36.688, 1, 75, 97.34, 59, 15533, 1328, 715, P0, 0x0000000000000000
2026/09/19 00:14:37.701, 0, 79, 111.57, 54, 15533, 1328, 715, P0, 0x0000000000000000
2026/09/19 00:14:37.704, 1, 76, 68.79, 78, 15533, 1328, 715, P0, 0x0000000000000000
2026/09/19 00:14:38.710, 0, 79, 103.38, 68, 15533, 1328, 715, P0, 0x0000000000000000
2026/09/19 00:14:38.713, 1, 75, 73.10, 76, 15533, 1328, 715, P0, 0x0000000000000000
2026/09/19 00:14:39.720, 0, 79, 96.59, 59, 15533, 1328, 715, P0, 0x0000000000000000
2026/09/19 00:14:39.722, 1, 75, 86.92, 62, 15533, 1328, 715, P0, 0x0000000000000000
2026/09/19 00:14:40.741, 0, 78, 62.86, 52, 15533, 1328, 715, P0, 0x0000000000000000
2026/09/19 00:14:40.744, 1, 75, 97.11, 67, 15533, 1328, 715, P0, 0x0000000000000000
2026/09/19 00:14:41.751, 0, 79, 92.37, 71, 15533, 1303, 715, P0, 0x0000000000000000
2026/09/19 00:14:41.754, 1, 75, 86.04, 66, 15533, 1328, 715, P0, 0x0000000000000000
2026/09/19 00:14:42.759, 0, 79, 172.93, 56, 15533, 1278, 715, P0, 0x0000000000000020
2026/09/19 00:14:42.764, 1, 76, 190.80, 57, 15533, 1328, 715, P0, 0x0000000000000000
2026/09/19 00:14:43.774, 0, 78, 57.31, 65, 15533, 1328, 715, P0, 0x0000000000000000
2026/09/19 00:14:43.777, 1, 75, 105.84, 76, 15533, 1328, 715, P0, 0x0000000000000000
2026/09/19 00:14:44.783, 0, 78, 66.25, 57, 15533, 1328, 715, P0, 0x0000000000000000
2026/09/19 00:14:44.787, 1, 75, 94.05, 52, 15533, 1328, 715, P0, 0x0000000000000000
2026/09/19 00:14:45.791, 0, 79, 83.24, 63, 15533, 1328, 715, P0, 0x0000000000000000
2026/09/19 00:14:45.794, 1, 75, 111.07, 63, 15533, 1328, 715, P0, 0x0000000000000000
2026/09/19 00:14:46.803, 0, 78, 61.17, 64, 15533, 1328, 715, P0, 0x0000000000000000
2026/09/19 00:14:46.808, 1, 75, 100.91, 67, 15533, 1328, 715, P0, 0x0000000000000000
2026/09/19 00:14:47.815, 0, 78, 62.14, 62, 15533, 1328, 715, P0, 0x0000000000000000
2026/09/19 00:14:47.818, 1, 75, 99.76, 71, 15533, 1328, 715, P0, 0x0000000000000000
2026/09/19 00:14:48.833, 0, 79, 105.67, 72, 15533, 1328, 715, P0, 0x0000000000000000
2026/09/19 00:14:48.836, 1, 75, 72.62, 78, 15533, 1328, 715, P0, 0x0000000000000000
2026/09/19 00:14:49.847, 0, 79, 199.44, 57, 15533, 1328, 715, P0, 0x0000000000000000
2026/09/19 00:14:49.849, 1, 76, 193.25, 76, 15533, 1328, 715, P0, 0x0000000000000000
2026/09/19 00:14:50.857, 0, 79, 135.96, 69, 15533, 1328, 715, P0, 0x0000000000000000
2026/09/19 00:14:50.860, 1, 76, 135.97, 79, 15533, 1328, 715, P0, 0x0000000000000000
2026/09/19 00:14:51.865, 0, 79, 75.63, 79, 15533, 1316, 715, P0, 0x0000000000000000
2026/09/19 00:14:51.869, 1, 75, 93.13, 45, 15533, 1328, 715, P0, 0x0000000000000000
2026/09/19 00:14:52.887, 0, 79, 98.39, 56, 15533, 1303, 715, P0, 0x0000000000000000
2026/09/19 00:14:52.891, 1, 76, 88.02, 79, 15533, 1328, 715, P0, 0x0000000000000000
2026/09/19 00:14:53.907, 0, 78, 107.25, 41, 15533, 1328, 715, P0, 0x0000000000000000
2026/09/19 00:14:53.910, 1, 75, 144.45, 56, 15533, 1328, 715, P0, 0x0000000000000000
2026/09/19 00:14:54.916, 0, 79, 100.48, 52, 15533, 1328, 715, P0, 0x0000000000000000
2026/09/19 00:14:54.919, 1, 76, 92.80, 81, 15533, 1328, 715, P0, 0x0000000000000000
2026/09/19 00:14:55.927, 0, 79, 107.08, 76, 15533, 1316, 715, P0, 0x0000000000000000
2026/09/19 00:14:55.930, 1, 76, 95.04, 58, 15533, 1328, 715, P0, 0x0000000000000000
2026/09/19 00:14:56.938, 0, 79, 102.58, 67, 15533, 1328, 715, P0, 0x0000000000000000
2026/09/19 00:14:56.941, 1, 75, 90.84, 60, 15533, 1328, 715, P0, 0x0000000000000000
2026/09/19 00:14:57.949, 0, 78, 95.10, 50, 15533, 1328, 715, P0, 0x0000000000000000
2026/09/19 00:14:57.952, 1, 75, 64.06, 66, 15533, 1328, 715, P0, 0x0000000000000000
2026/09/19 00:14:58.960, 0, 78, 96.90, 57, 15533, 1328, 715, P0, 0x0000000000000000
2026/09/19 00:14:58.963, 1, 76, 66.67, 50, 15533, 1328, 715, P0, 0x0000000000000000
2026/09/19 00:14:59.982, 0, 79, 109.07, 66, 15533, 1328, 715, P0, 0x0000000000000000
2026/09/19 00:14:59.984, 1, 76, 78.10, 82, 15533, 1328, 715, P0, 0x0000000000000000
2026/09/19 00:15:00.995, 0, 79, 65.77, 53, 15533, 1303, 715, P0, 0x0000000000000000
2026/09/19 00:15:00.998, 1, 75, 94.57, 67, 15533, 1328, 715, P0, 0x0000000000000000
2026/09/19 00:15:02.006, 0, 78, 58.79, 60, 15533, 1328, 715, P0, 0x0000000000000000
2026/09/19 00:15:02.009, 1, 76, 108.57, 41, 15533, 1328, 715, P0, 0x0000000000000000
2026/09/19 00:15:03.018, 0, 78, 102.57, 54, 15533, 1328, 715, P0, 0x0000000000000000
2026/09/19 00:15:03.021, 1, 75, 89.65, 60, 15533, 1328, 715, P0, 0x0000000000000000
2026/09/19 00:15:04.031, 0, 78, 56.38, 63, 15533, 1328, 715, P0, 0x0000000000000000
2026/09/19 00:15:04.033, 1, 76, 101.94, 64, 15533, 1328, 715, P0, 0x0000000000000000
2026/09/19 00:15:05.042, 0, 78, 94.07, 65, 15533, 1328, 715, P0, 0x0000000000000000
2026/09/19 00:15:05.045, 1, 75, 74.80, 82, 15533, 1328, 715, P0, 0x0000000000000000
2026/09/19 00:15:06.051, 0, 79, 189.25, 48, 15533, 1316, 715, P0, 0x0000000000000020
2026/09/19 00:15:06.054, 1, 76, 187.47, 83, 15533, 1328, 715, P0, 0x0000000000000000
2026/09/19 00:15:07.062, 0, 79, 62.63, 73, 15533, 1316, 715, P0, 0x0000000000000000
2026/09/19 00:15:07.065, 1, 76, 99.23, 79, 15533, 1328, 715, P0, 0x0000000000000000
2026/09/19 00:15:08.073, 0, 79, 109.24, 71, 15533, 1328, 715, P0, 0x0000000000000000
2026/09/19 00:15:08.075, 1, 76, 78.11, 66, 15533, 1328, 715, P0, 0x0000000000000000
2026/09/19 00:15:09.080, 0, 79, 84.68, 55, 15533, 1328, 715, P0, 0x0000000000000000
2026/09/19 00:15:09.086, 1, 76, 98.39, 60, 15533, 1328, 715, P0, 0x0000000000000000
2026/09/19 00:15:10.103, 0, 78, 56.13, 59, 15533, 1328, 715, P0, 0x0000000000000000
2026/09/19 00:15:10.107, 1, 76, 112.92, 64, 15533, 1328, 715, P0, 0x0000000000000000
2026/09/19 00:15:11.118, 0, 78, 91.90, 82, 15533, 1290, 715, P0, 0x0000000000000000
2026/09/19 00:15:11.121, 1, 76, 67.37, 59, 15533, 1328, 715, P0, 0x0000000000000000
2026/09/19 00:15:12.126, 0, 78, 177.70, 60, 15533, 1303, 715, P0, 0x0000000000000020
2026/09/19 00:15:12.130, 1, 76, 188.18, 65, 15533, 1328, 715, P0, 0x0000000000000000
2026/09/19 00:15:13.135, 0, 79, 121.48, 54, 15533, 1278, 715, P0, 0x0000000000000020
2026/09/19 00:15:13.138, 1, 76, 107.12, 77, 15533, 1328, 715, P0, 0x0000000000000000
2026/09/19 00:15:14.143, 0, 79, 103.63, 74, 15533, 1328, 715, P0, 0x0000000000000000
2026/09/19 00:15:14.146, 1, 76, 78.37, 78, 15533, 1328, 715, P0, 0x0000000000000000
2026/09/19 00:15:15.157, 0, 79, 105.53, 74, 15533, 1328, 715, P0, 0x0000000000000000
2026/09/19 00:15:15.160, 1, 76, 83.61, 60, 15533, 1328, 715, P0, 0x0000000000000000
2026/09/19 00:15:16.166, 0, 79, 107.39, 65, 15533, 1328, 715, P0, 0x0000000000000000
2026/09/19 00:15:16.169, 1, 76, 86.24, 67, 15533, 1328, 715, P0, 0x0000000000000000
2026/09/19 00:15:17.174, 0, 79, 101.96, 68, 15533, 1328, 715, P0, 0x0000000000000000
2026/09/19 00:15:17.177, 1, 76, 61.84, 70, 15533, 1328, 715, P0, 0x0000000000000000
2026/09/19 00:15:18.184, 0, 80, 126.31, 64, 15533, 1328, 715, P0, 0x0000000000000000
2026/09/19 00:15:18.187, 1, 77, 89.99, 68, 15533, 1328, 715, P0, 0x0000000000000000
2026/09/19 00:15:19.193, 0, 79, 108.06, 58, 15533, 1328, 715, P0, 0x0000000000000000
2026/09/19 00:15:19.196, 1, 76, 75.64, 74, 15533, 1328, 715, P0, 0x0000000000000000
2026/09/19 00:15:20.201, 0, 79, 86.61, 74, 15533, 1328, 715, P0, 0x0000000000000000
2026/09/19 00:15:20.204, 1, 76, 94.91, 58, 15533, 1328, 715, P0, 0x0000000000000000
2026/09/19 00:15:21.210, 0, 79, 74.41, 56, 15533, 1328, 715, P0, 0x0000000000000000
2026/09/19 00:15:21.213, 1, 76, 95.65, 59, 15533, 1328, 715, P0, 0x0000000000000000
2026/09/19 00:15:22.224, 0, 79, 103.39, 59, 15533, 1328, 715, P0, 0x0000000000000000
2026/09/19 00:15:22.227, 1, 76, 62.28, 46, 15533, 1328, 715, P0, 0x0000000000000000
2026/09/19 00:15:23.231, 0, 79, 60.92, 46, 15533, 1328, 715, P0, 0x0000000000000000
2026/09/19 00:15:23.234, 1, 76, 109.00, 68, 15533, 1328, 715, P0, 0x0000000000000000
2026/09/19 00:15:24.240, 0, 79, 81.60, 75, 15533, 1316, 715, P0, 0x0000000000000020
2026/09/19 00:15:24.243, 1, 76, 90.69, 68, 15533, 1328, 715, P0, 0x0000000000000000
2026/09/19 00:15:25.256, 0, 79, 64.56, 71, 15533, 1328, 715, P0, 0x0000000000000000
2026/09/19 00:15:25.258, 1, 76, 103.14, 77, 15533, 1328, 715, P0, 0x0000000000000000
2026/09/19 00:15:26.279, 0, 78, 95.24, 68, 15533, 1278, 715, P0, 0x0000000000000020
2026/09/19 00:15:26.282, 1, 76, 78.65, 64, 15533, 1328, 715, P0, 0x0000000000000000
2026/09/19 00:15:27.291, 0, 78, 97.83, 72, 15533, 1316, 715, P0, 0x0000000000000000
2026/09/19 00:15:27.294, 1, 76, 77.17, 64, 15533, 1328, 715, P0, 0x0000000000000000
2026/09/19 00:15:28.303, 0, 78, 57.11, 66, 15533, 1316, 715, P0, 0x0000000000000000
2026/09/19 00:15:28.306, 1, 76, 99.29, 60, 15533, 1328, 715, P0, 0x0000000000000000
2026/09/19 00:15:29.313, 0, 79, 77.35, 67, 15533, 1189, 715, P0, 0x0000000000000000
2026/09/19 00:15:29.316, 1, 76, 62.64, 88, 15533, 1328, 715, P0, 0x0000000000000000
2026/09/19 00:15:30.335, 0, 78, 96.97, 50, 15533, 1328, 715, P0, 0x0000000000000000
2026/09/19 00:15:30.338, 1, 76, 68.74, 63, 15533, 1328, 715, P0, 0x0000000000000000
2026/09/19 00:15:31.347, 0, 78, 104.36, 57, 15533, 1328, 715, P0, 0x0000000000000000
2026/09/19 00:15:31.350, 1, 76, 146.59, 61, 15533, 1328, 715, P0, 0x0000000000000000
2026/09/19 00:15:32.357, 0, 79, 77.98, 55, 15533, 1328, 715, P0, 0x0000000000000000
2026/09/19 00:15:32.360, 1, 76, 96.37, 77, 15533, 1328, 715, P0, 0x0000000000000000
2026/09/19 00:15:33.366, 0, 79, 61.90, 76, 15533, 1316, 715, P0, 0x0000000000000000
2026/09/19 00:15:33.370, 1, 76, 125.04, 74, 15533, 1328, 715, P0, 0x0000000000000000
2026/09/19 00:15:34.377, 0, 78, 102.85, 66, 15533, 1328, 715, P0, 0x0000000000000000
2026/09/19 00:15:34.380, 1, 76, 86.50, 55, 15533, 1328, 715, P0, 0x0000000000000000
2026/09/19 00:15:35.395, 0, 79, 69.10, 65, 15533, 1328, 715, P0, 0x0000000000000000
2026/09/19 00:15:35.398, 1, 76, 95.72, 91, 15533, 1328, 715, P0, 0x0000000000000000
2026/09/19 00:15:36.409, 0, 78, 60.93, 44, 15533, 1328, 715, P0, 0x0000000000000000
2026/09/19 00:15:36.412, 1, 76, 100.48, 57, 15533, 1328, 715, P0, 0x0000000000000000
2026/09/19 00:15:37.420, 0, 80, 190.60, 53, 15533, 1328, 715, P0, 0x0000000000000000
2026/09/19 00:15:37.423, 1, 77, 152.56, 62, 15533, 1328, 715, P0, 0x0000000000000000
2026/09/19 00:15:38.437, 0, 78, 52.28, 51, 15533, 1189, 715, P0, 0x0000000000000000
2026/09/19 00:15:38.440, 1, 76, 100.32, 78, 15533, 1328, 715, P0, 0x0000000000000000
2026/09/19 00:15:39.447, 0, 78, 86.35, 72, 15533, 1316, 715, P0, 0x0000000000000020
2026/09/19 00:15:39.457, 1, 76, 95.24, 78, 15533, 1328, 715, P0, 0x0000000000000000
2026/09/19 00:15:40.474, 0, 78, 60.01, 63, 15533, 1328, 715, P0, 0x0000000000000000
2026/09/19 00:15:40.477, 1, 76, 96.04, 68, 15533, 1328, 715, P0, 0x0000000000000000
2026/09/19 00:15:41.487, 0, 79, 101.45, 67, 15533, 1303, 715, P0, 0x0000000000000000
2026/09/19 00:15:41.491, 1, 77, 75.27, 59, 15533, 1328, 715, P0, 0x0000000000000000
2026/09/19 00:15:42.496, 0, 78, 99.28, 44, 15533, 1328, 715, P0, 0x0000000000000000
2026/09/19 00:15:42.499, 1, 76, 75.51, 56, 15533, 1328, 715, P0, 0x0000000000000000
2026/09/19 00:15:43.505, 0, 79, 72.04, 53, 15533, 1328, 715, P0, 0x0000000000000000
2026/09/19 00:15:43.508, 1, 76, 99.51, 62, 15533, 1328, 715, P0, 0x0000000000000000
2026/09/19 00:15:44.515, 0, 79, 97.74, 72, 15533, 1303, 715, P0, 0x0000000000000000
2026/09/19 00:15:44.520, 1, 77, 69.10, 78, 15533, 1328, 715, P0, 0x0000000000000000
2026/09/19 00:15:45.534, 0, 79, 78.51, 77, 15533, 1328, 715, P0, 0x0000000000000000
2026/09/19 00:15:45.539, 1, 76, 125.10, 66, 15533, 1328, 715, P0, 0x0000000000000000
2026/09/19 00:15:46.548, 0, 78, 120.42, 66, 15533, 1328, 715, P0, 0x0000000000000000
2026/09/19 00:15:46.551, 1, 76, 122.79, 62, 15533, 1328, 715, P0, 0x0000000000000000
2026/09/19 00:15:47.557, 0, 79, 91.14, 69, 15533, 1328, 715, P0, 0x0000000000000000
2026/09/19 00:15:47.562, 1, 76, 92.56, 84, 15533, 1328, 715, P0, 0x0000000000000000
2026/09/19 00:15:48.582, 0, 78, 73.45, 43, 15533, 1328, 715, P0, 0x0000000000000000
2026/09/19 00:15:48.585, 1, 76, 93.31, 61, 15533, 1328, 715, P0, 0x0000000000000000
2026/09/19 00:15:49.590, 0, 78, 65.53, 60, 15533, 1328, 715, P0, 0x0000000000000000
2026/09/19 00:15:49.594, 1, 76, 127.99, 61, 15533, 1328, 715, P0, 0x0000000000000000
2026/09/19 00:15:50.598, 0, 79, 169.26, 57, 15533, 1278, 715, P0, 0x0000000000000020
2026/09/19 00:15:50.598, 1, 77, 175.45, 66, 15533, 1328, 715, P0, 0x0000000000000000
2026/09/19 00:15:51.608, 0, 79, 78.96, 51, 15533, 1316, 715, P0, 0x0000000000000020
2026/09/19 00:15:51.613, 1, 77, 96.35, 77, 15533, 1328, 715, P0, 0x0000000000000000
2026/09/19 00:15:52.617, 0, 78, 98.55, 78, 15533, 1316, 715, P0, 0x0000000000000000
2026/09/19 00:15:52.620, 1, 77, 74.59, 75, 15533, 1328, 715, P0, 0x0000000000000000
2026/09/19 00:15:53.626, 0, 79, 200.13, 62, 15533, 1328, 715, P0, 0x0000000000000000
2026/09/19 00:15:53.631, 1, 76, 193.96, 57, 15533, 1328, 715, P0, 0x0000000000000000
2026/09/19 00:15:54.652, 0, 78, 61.17, 47, 15533, 1328, 715, P0, 0x0000000000000000
2026/09/19 00:15:54.655, 1, 76, 99.52, 66, 15533, 1328, 715, P0, 0x0000000000000000
2026/09/19 00:15:55.665, 0, 78, 107.94, 72, 15533, 1328, 715, P0, 0x0000000000000000
2026/09/19 00:15:55.670, 1, 76, 80.04, 58, 15533, 1328, 715, P0, 0x0000000000000000
2026/09/19 00:15:56.677, 0, 79, 198.22, 50, 15533, 1328, 715, P0, 0x0000000000000000
2026/09/19 00:15:56.680, 1, 77, 197.39, 64, 15533, 1328, 715, P0, 0x0000000000000000
2026/09/19 00:15:57.691, 0, 79, 67.21, 79, 15533, 1290, 715, P0, 0x0000000000000000
2026/09/19 00:15:57.698, 1, 77, 96.46, 63, 15533, 1328, 715, P0, 0x0000000000000000
2026/09/19 00:15:58.702, 0, 78, 93.58, 68, 15533, 1328, 715, P0, 0x0000000000000000
2026/09/19 00:15:58.705, 1, 77, 68.09, 82, 15533, 1328, 715, P0, 0x0000000000000000
2026/09/19 00:15:59.708, 0, 79, 196.36, 64, 15533, 1328, 715, P0, 0x0000000000000000
2026/09/19 00:15:59.711, 1, 77, 195.63, 61, 15533, 1328, 715, P0, 0x0000000000000000
2026/09/19 00:16:00.720, 0, 78, 60.21, 48, 15533, 1328, 715, P0, 0x0000000000000000
2026/09/19 00:16:00.723, 1, 76, 115.82, 67, 15533, 1328, 715, P0, 0x0000000000000000
2026/09/19 00:16:01.732, 0, 79, 98.29, 52, 15533, 1328, 715, P0, 0x0000000000000000
2026/09/19 00:16:01.735, 1, 76, 91.75, 62, 15533, 1328, 715, P0, 0x0000000000000000
2026/09/19 00:16:02.746, 0, 80, 93.11, 76, 15533, 1278, 715, P0, 0x0000000000000000
2026/09/19 00:16:02.749, 1, 77, 76.93, 80, 15533, 1328, 715, P0, 0x0000000000000000
2026/09/19 00:16:03.761, 0, 79, 75.82, 77, 15533, 1316, 715, P0, 0x0000000000000000
2026/09/19 00:16:03.764, 1, 77, 99.50, 69, 15533, 1328, 715, P0, 0x0000000000000000
2026/09/19 00:16:04.770, 0, 79, 72.97, 65, 15533, 1328, 715, P0, 0x0000000000000000
2026/09/19 00:16:04.773, 1, 76, 94.95, 46, 15533, 1328, 715, P0, 0x0000000000000000
2026/09/19 00:16:05.779, 0, 80, 141.31, 63, 15533, 1328, 715, P0, 0x0000000000000000
2026/09/19 00:16:05.783, 1, 77, 116.28, 71, 15533, 1328, 715, P0, 0x0000000000000000
2026/09/19 00:16:06.788, 0, 78, 123.30, 61, 15533, 1328, 715, P0, 0x0000000000000000
2026/09/19 00:16:06.791, 1, 76, 119.19, 64, 15533, 1328, 715, P0, 0x0000000000000000
2026/09/19 00:16:07.799, 0, 79, 63.11, 50, 15533, 1316, 715, P0, 0x0000000000000020
2026/09/19 00:16:07.802, 1, 77, 97.83, 68, 15533, 1328, 715, P0, 0x0000000000000000
2026/09/19 00:16:08.809, 0, 78, 92.43, 61, 15533, 1316, 715, P0, 0x0000000000000000
2026/09/19 00:16:08.812, 1, 77, 71.14, 63, 15533, 1328, 715, P0, 0x0000000000000000
2026/09/19 00:16:09.820, 0, 78, 96.11, 64, 15533, 1316, 715, P0, 0x0000000000000000
2026/09/19 00:16:09.826, 1, 76, 86.03, 56, 15533, 1328, 715, P0, 0x0000000000000000
2026/09/19 00:16:10.832, 0, 78, 104.56, 47, 15533, 1328, 715, P0, 0x0000000000000000
2026/09/19 00:16:10.835, 1, 77, 87.97, 66, 15533, 1328, 715, P0, 0x0000000000000000
2026/09/19 00:16:11.842, 0, 78, 72.69, 73, 15533, 1316, 715, P0, 0x0000000000000000
2026/09/19 00:16:11.845, 1, 76, 95.72, 66, 15533, 1328, 715, P0, 0x0000000000000000
2026/09/19 00:16:12.855, 0, 79, 94.61, 60, 15533, 1316, 715, P0, 0x0000000000000000
2026/09/19 00:16:12.858, 1, 77, 62.10, 70, 15533, 1328, 715, P0, 0x0000000000000000
2026/09/19 00:16:13.862, 0, 79, 196.61, 45, 15533, 1328, 715, P0, 0x0000000000000000
2026/09/19 00:16:13.865, 1, 77, 193.96, 65, 15533, 1328, 715, P0, 0x0000000000000000
2026/09/19 00:16:14.886, 0, 79, 101.68, 75, 15533, 1328, 715, P0, 0x0000000000000000
2026/09/19 00:16:14.889, 1, 77, 70.24, 78, 15533, 1328, 715, P0, 0x0000000000000000
2026/09/19 00:16:15.896, 0, 79, 101.93, 78, 15533, 1328, 715, P0, 0x0000000000000000
2026/09/19 00:16:15.899, 1, 77, 69.28, 78, 15533, 1328, 715, P0, 0x0000000000000000
2026/09/19 00:16:16.903, 0, 78, 113.85, 50, 15533, 1328, 715, P0, 0x0000000000000000
2026/09/19 00:16:16.906, 1, 77, 162.18, 64, 15533, 1328, 715, P0, 0x0000000000000000
2026/09/19 00:16:17.913, 0, 78, 61.42, 88, 15533, 1316, 715, P0, 0x0000000000000000
2026/09/19 00:16:17.916, 1, 77, 94.78, 66, 15533, 1328, 715, P0, 0x0000000000000000
2026/09/19 00:16:18.926, 0, 79, 107.61, 55, 15533, 1316, 715, P0, 0x0000000000000020
2026/09/19 00:16:18.928, 1, 78, 78.10, 66, 15533, 1328, 715, P0, 0x0000000000000000
2026/09/19 00:16:19.943, 0, 78, 115.08, 49, 15533, 1328, 715, P0, 0x0000000000000000
2026/09/19 00:16:19.946, 1, 77, 147.39, 50, 15533, 1328, 715, P0, 0x0000000000000000
2026/09/19 00:16:20.951, 0, 80, 103.39, 76, 15533, 1328, 715, P0, 0x0000000000000000
2026/09/19 00:16:20.954, 1, 77, 68.07, 76, 15533, 1328, 715, P0, 0x0000000000000000
2026/09/19 00:16:21.974, 0, 79, 112.85, 78, 15533, 1328, 715, P0, 0x0000000000000000
2026/09/19 00:16:21.977, 1, 77, 107.85, 77, 15533, 1328, 715, P0, 0x0000000000000000
2026/09/19 00:16:22.984, 0, 78, 55.72, 85, 15533, 1265, 715, P0, 0x0000000000000000
2026/09/19 00:16:22.987, 1, 77, 70.13, 65, 15533, 1328, 715, P0, 0x0000000000000000
2026/09/19 00:16:23.995, 0, 79, 140.21, 59, 15533, 1139, 715, P0, 0x0000000000000020
2026/09/19 00:16:23.998, 1, 77, 196.86, 70, 15533, 1328, 715, P0, 0x0000000000000000
2026/09/19 00:16:25.004, 0, 78, 58.07, 61, 15533, 1328, 715, P0, 0x0000000000000000
2026/09/19 00:16:25.007, 1, 76, 103.19, 58, 15533, 1328, 715, P0, 0x0000000000000000
2026/09/19 00:16:26.015, 0, 78, 78.96, 65, 15533, 1328, 715, P0, 0x0000000000000000
2026/09/19 00:16:26.018, 1, 77, 93.73, 61, 15533, 1328, 715, P0, 0x0000000000000000
2026/09/19 00:16:27.037, 0, 78, 60.20, 53, 15533, 1328, 715, P0, 0x0000000000000000
2026/09/19 00:16:27.040, 1, 77, 115.03, 61, 15533, 1328, 715, P0, 0x0000000000000000
2026/09/19 00:16:28.052, 0, 78, 80.64, 57, 15533, 1328, 715, P0, 0x0000000000000000
2026/09/19 00:16:28.055, 1, 77, 95.46, 56, 15533, 1328, 715, P0, 0x0000000000000000
2026/09/19 00:16:29.060, 0, 79, 188.79, 52, 15533, 1316, 715, P0, 0x0000000000000020
2026/09/19 00:16:29.067, 1, 78, 194.98, 60, 15533, 1328, 715, P0, 0x0000000000000000
2026/09/19 00:16:30.072, 0, 79, 94.28, 46, 15533, 1328, 715, P0, 0x0000000000000000
2026/09/19 00:16:30.075, 1, 77, 92.02, 67, 15533, 1328, 715, P0, 0x0000000000000000
2026/09/19 00:16:31.083, 0, 79, 104.10, 63, 15533, 1328, 715, P0, 0x0000000000000000
2026/09/19 00:16:31.087, 1, 77, 64.45, 45, 15533, 1328, 715, P0, 0x0000000000000000
2026/09/19 00:16:32.107, 0, 79, 111.83, 70, 15533, 1328, 715, P0, 0x0000000000000000
2026/09/19 00:16:32.110, 1, 77, 88.82, 91, 15533, 1328, 715, P0, 0x0000000000000000
2026/09/19 00:16:33.115, 0, 79, 132.40, 79, 15533, 1328, 715, P0, 0x0000000000000000
2026/09/19 00:16:33.118, 1, 77, 127.65, 80, 15533, 1328, 715, P0, 0x0000000000000000
2026/09/19 00:16:34.129, 0, 78, 95.03, 78, 15533, 1303, 715, P0, 0x0000000000000000
2026/09/19 00:16:34.132, 1, 77, 65.92, 64, 15533, 1328, 715, P0, 0x0000000000000000
2026/09/19 00:16:35.144, 0, 78, 60.70, 72, 15533, 1316, 715, P0, 0x0000000000000000
2026/09/19 00:16:35.147, 1, 77, 101.93, 64, 15533, 1328, 715, P0, 0x0000000000000000
2026/09/19 00:16:36.155, 0, 78, 93.15, 70, 15533, 1316, 715, P0, 0x0000000000000000
2026/09/19 00:16:36.158, 1, 77, 66.17, 67, 15533, 1328, 715, P0, 0x0000000000000000
2026/09/19 00:16:37.164, 0, 78, 54.21, 72, 15533, 1316, 715, P0, 0x0000000000000020
2026/09/19 00:16:37.173, 1, 77, 102.91, 65, 15533, 1328, 715, P0, 0x0000000000000000
2026/09/19 00:16:38.188, 0, 78, 72.43, 43, 15533, 1328, 715, P0, 0x0000000000000000
2026/09/19 00:16:38.191, 1, 77, 127.22, 64, 15533, 1328, 715, P0, 0x0000000000000000
2026/09/19 00:16:39.203, 0, 79, 197.07, 51, 15533, 1328, 715, P0, 0x0000000000000000
2026/09/19 00:16:39.209, 1, 77, 193.49, 65, 15533, 1328, 715, P0, 0x0000000000000000
2026/09/19 00:16:40.225, 0, 79, 79.95, 74, 15533, 1025, 715, P0, 0x0000000000000000
2026/09/19 00:16:40.234, 1, 78, 68.16, 78, 15533, 1328, 715, P0, 0x0000000000000000
2026/09/19 00:16:41.249, 0, 79, 84.99, 63, 15533, 1189, 715, P0, 0x0000000000000000
2026/09/19 00:16:41.252, 1, 78, 74.86, 74, 15533, 1328, 715, P0, 0x0000000000000000
2026/09/19 00:16:42.258, 0, 79, 88.56, 67, 15533, 1202, 715, P0, 0x0000000000000000
2026/09/19 00:16:42.261, 1, 78, 73.89, 81, 15533, 1328, 715, P0, 0x0000000000000000
2026/09/19 00:16:43.272, 0, 78, 90.67, 41, 15533, 1328, 715, P0, 0x0000000000000000
2026/09/19 00:16:43.275, 1, 77, 92.33, 67, 15533, 1328, 715, P0, 0x0000000000000000
2026/09/19 00:16:44.284, 0, 78, 99.43, 63, 15533, 1328, 715, P0, 0x0000000000000000
2026/09/19 00:16:44.288, 1, 77, 85.53, 45, 15533, 1328, 715, P0, 0x0000000000000000
2026/09/19 00:16:45.296, 0, 78, 114.78, 78, 15533, 1328, 715, P0, 0x0000000000000000
2026/09/19 00:16:45.299, 1, 77, 102.41, 79, 15533, 1328, 715, P0, 0x0000000000000000
2026/09/19 00:16:46.313, 0, 79, 106.93, 47, 15533, 1328, 715, P0, 0x0000000000000000
2026/09/19 00:16:46.316, 1, 77, 65.89, 71, 15533, 1328, 715, P0, 0x0000000000000000
2026/09/19 00:16:47.328, 0, 78, 64.08, 62, 15533, 1303, 715, P0, 0x0000000000000000
2026/09/19 00:16:47.332, 1, 77, 95.92, 51, 15533, 1328, 715, P0, 0x0000000000000000
2026/09/19 00:16:48.343, 0, 78, 95.40, 60, 15533, 1328, 715, P0, 0x0000000000000000
2026/09/19 00:16:48.346, 1, 77, 92.48, 61, 15533, 1328, 715, P0, 0x0000000000000000
2026/09/19 00:16:49.357, 0, 78, 92.92, 63, 15533, 1316, 715, P0, 0x0000000000000000
2026/09/19 00:16:49.360, 1, 77, 61.89, 57, 15533, 1328, 715, P0, 0x0000000000000000
2026/09/19 00:16:50.372, 0, 78, 58.08, 65, 15533, 1303, 715, P0, 0x0000000000000000
2026/09/19 00:16:50.375, 1, 77, 99.05, 68, 15533, 1328, 715, P0, 0x0000000000000000
2026/09/19 00:16:51.386, 0, 79, 199.40, 77, 15533, 1328, 715, P0, 0x0000000000000000
2026/09/19 00:16:51.389, 1, 78, 189.52, 80, 15533, 1328, 715, P0, 0x0000000000000000
2026/09/19 00:16:52.393, 0, 79, 111.20, 69, 15533, 1328, 715, P0, 0x0000000000000000
2026/09/19 00:16:52.396, 1, 77, 82.39, 75, 15533, 1328, 715, P0, 0x0000000000000000
2026/09/19 00:16:53.401, 0, 79, 63.58, 56, 15533, 1328, 715, P0, 0x0000000000000000
2026/09/19 00:16:53.404, 1, 77, 102.64, 54, 15533, 1328, 715, P0, 0x0000000000000000
2026/09/19 00:16:54.413, 0, 78, 107.25, 43, 15533, 1328, 715, P0, 0x0000000000000000
2026/09/19 00:16:54.415, 1, 77, 107.41, 65, 15533, 1328, 715, P0, 0x0000000000000000
2026/09/19 00:16:55.423, 0, 78, 60.97, 95, 15533, 1316, 715, P0, 0x0000000000000020
2026/09/19 00:16:55.426, 1, 77, 97.67, 65, 15533, 1328, 715, P0, 0x0000000000000000
2026/09/19 00:16:56.433, 0, 78, 87.34, 62, 15533, 1328, 715, P0, 0x0000000000000000
2026/09/19 00:16:56.437, 1, 77, 94.74, 53, 15533, 1328, 715, P0, 0x0000000000000000
2026/09/19 00:16:57.456, 0, 78, 101.83, 58, 15533, 1328, 715, P0, 0x0000000000000000
2026/09/19 00:16:57.460, 1, 77, 89.86, 51, 15533, 1328, 715, P0, 0x0000000000000000
2026/09/19 00:16:58.464, 0, 79, 112.22, 56, 15533, 1328, 715, P0, 0x0000000000000000
2026/09/19 00:16:58.467, 1, 77, 70.46, 59, 15533, 1328, 715, P0, 0x0000000000000000
2026/09/19 00:16:59.471, 0, 79, 199.67, 56, 15533, 1328, 715, P0, 0x0000000000000000
2026/09/19 00:16:59.476, 1, 78, 193.49, 60, 15533, 1328, 715, P0, 0x0000000000000000
2026/09/19 00:17:00.483, 0, 78, 148.81, 58, 15533, 1177, 715, P0, 0x0000000000000020
2026/09/19 00:17:00.486, 1, 78, 186.90, 62, 15533, 1328, 715, P0, 0x0000000000000000
2026/09/19 00:17:01.493, 0, 78, 58.07, 62, 15533, 1328, 715, P0, 0x0000000000000000
2026/09/19 00:17:01.496, 1, 77, 99.05, 65, 15533, 1328, 715, P0, 0x0000000000000000
2026/09/19 00:17:02.506, 0, 78, 112.92, 90, 15533, 1303, 715, P0, 0x0000000000000000
2026/09/19 00:17:02.509, 1, 77, 126.22, 80, 15533, 1328, 715, P0, 0x0000000000000000
2026/09/19 00:17:03.520, 0, 78, 133.93, 61, 15533, 1328, 715, P0, 0x0000000000000000
2026/09/19 00:17:03.523, 1, 77, 164.42, 62, 15533, 1328, 715, P0, 0x0000000000000000
2026/09/19 00:17:04.528, 0, 79, 190.80, 50, 15533, 1328, 715, P0, 0x0000000000000000
2026/09/19 00:17:04.531, 1, 78, 194.96, 60, 15533, 1328, 715, P0, 0x0000000000000000
2026/09/19 00:17:05.541, 0, 79, 116.60, 50, 15533, 1328, 715, P0, 0x0000000000000000
2026/09/19 00:17:05.544, 1, 78, 78.82, 54, 15533, 1328, 715, P0, 0x0000000000000000
2026/09/19 00:17:06.564, 0, 79, 119.45, 66, 15533, 1328, 715, P0, 0x0000000000000000
2026/09/19 00:17:06.567, 1, 78, 153.24, 74, 15533, 1328, 715, P0, 0x0000000000000000
2026/09/19 00:17:07.576, 0, 78, 61.69, 82, 15533, 1189, 715, P0, 0x0000000000000000
2026/09/19 00:17:07.579, 1, 77, 92.18, 45, 15533, 1328, 715, P0, 0x0000000000000000
2026/09/19 00:17:08.586, 0, 78, 95.75, 60, 15533, 1328, 715, P0, 0x0000000000000000
2026/09/19 00:17:08.589, 1, 77, 64.02, 50, 15533, 1328, 715, P0, 0x0000000000000000
2026/09/19 00:17:09.595, 0, 78, 86.10, 67, 15533, 1202, 715, P0, 0x0000000000000000
2026/09/19 00:17:09.598, 1, 78, 82.77, 58, 15533, 1328, 715, P0, 0x0000000000000000
2026/09/19 00:17:10.607, 0, 79, 167.10, 43, 15533, 1240, 715, P0, 0x0000000000000020
2026/09/19 00:17:10.611, 1, 78, 197.79, 78, 15533, 1328, 715, P0, 0x0000000000000000
2026/09/19 00:17:11.619, 0, 79, 96.94, 80, 15533, 1316, 715, P0, 0x0000000000000020
2026/09/19 00:17:11.629, 1, 78, 85.61, 86, 15533, 1328, 715, P0, 0x0000000000000000
2026/09/19 00:17:12.637, 0, 79, 63.83, 84, 15533, 1328, 715, P0, 0x0000000000000000
2026/09/19 00:17:12.640, 1, 78, 106.97, 78, 15533, 1328, 715, P0, 0x0000000000000000
2026/09/19 00:17:13.654, 0, 78, 113.04, 63, 15533, 1328, 715, P0, 0x0000000000000000
2026/09/19 00:17:13.657, 1, 77, 98.36, 75, 15533, 1328, 715, P0, 0x0000000000000000
2026/09/19 00:17:14.663, 0, 80, 179.33, 66, 15533, 1316, 715, P0, 0x0000000000000020
2026/09/19 00:17:14.666, 1, 78, 180.67, 67, 15533, 1328, 715, P0, 0x0000000000000000
2026/09/19 00:17:15.671, 0, 78, 60.93, 59, 15533, 1328, 715, P0, 0x0000000000000000
2026/09/19 00:17:15.673, 1, 77, 104.28, 49, 15533, 1328, 715, P0, 0x0000000000000000
2026/09/19 00:17:16.694, 0, 79, 109.73, 68, 15533, 1328, 715, P0, 0x0000000000000000
2026/09/19 00:17:16.699, 1, 77, 88.54, 71, 15533, 1328, 715, P0, 0x0000000000000000
2026/09/19 00:17:17.716, 0, 79, 107.45, 69, 15533, 1328, 715, P0, 0x0000000000000000
2026/09/19 00:17:17.719, 1, 78, 72.81, 71, 15533, 1328, 715, P0, 0x0000000000000000
2026/09/19 00:17:18.723, 0, 79, 61.90, 51, 15533, 1328, 715, P0, 0x0000000000000000
2026/09/19 00:17:18.726, 1, 77, 101.87, 55, 15533, 1328, 715, P0, 0x0000000000000000
2026/09/19 00:17:19.734, 0, 79, 94.54, 53, 15533, 1303, 715, P0, 0x0000000000000000
2026/09/19 00:17:19.737, 1, 78, 70.02, 65, 15533, 1328, 715, P0, 0x0000000000000000
2026/09/19 00:17:20.749, 0, 78, 60.73, 67, 15533, 1316, 715, P0, 0x0000000000000000
2026/09/19 00:17:20.752, 1, 77, 95.31, 47, 15533, 1328, 715, P0, 0x0000000000000000
2026/09/19 00:17:21.772, 0, 79, 128.36, 45, 15533, 1126, 715, P0, 0x0000000000000000
2026/09/19 00:17:21.780, 1, 78, 148.84, 57, 15533, 1328, 715, P0, 0x0000000000000000
2026/09/19 00:17:22.793, 0, 78, 58.31, 44, 15533, 1328, 715, P0, 0x0000000000000000
2026/09/19 00:17:22.796, 1, 77, 101.68, 66, 15533, 1328, 715, P0, 0x0000000000000000
2026/09/19 00:17:23.803, 0, 78, 88.83, 73, 15533, 1316, 715, P0, 0x0000000000000000
2026/09/19 00:17:23.806, 1, 77, 94.02, 56, 15533, 1328, 715, P0, 0x0000000000000000
2026/09/19 00:17:24.812, 0, 78, 111.30, 57, 15533, 1328, 715, P0, 0x0000000000000000
2026/09/19 00:17:24.815, 1, 78, 86.95, 69, 15533, 1328, 715, P0, 0x0000000000000000
2026/09/19 00:17:25.828, 0, 78, 99.45, 48, 15533, 1328, 715, P0, 0x0000000000000000
2026/09/19 00:17:25.831, 1, 78, 90.11, 60, 15533, 1328, 715, P0, 0x0000000000000000
2026/09/19 00:17:26.838, 0, 79, 83.96, 58, 15533, 1328, 715, P0, 0x0000000000000000
2026/09/19 00:17:26.842, 1, 78, 104.95, 65, 15533, 1328, 715, P0, 0x0000000000000000
2026/09/19 00:17:27.851, 0, 79, 94.07, 63, 15533, 1328, 715, P0, 0x0000000000000000
2026/09/19 00:17:27.854, 1, 78, 64.43, 68, 15533, 1328, 715, P0, 0x0000000000000000
2026/09/19 00:17:28.864, 0, 79, 62.38, 81, 15533, 1328, 715, P0, 0x0000000000000000
2026/09/19 00:17:28.867, 1, 78, 101.45, 75, 15533, 1328, 715, P0, 0x0000000000000000
2026/09/19 00:17:29.874, 0, 80, 206.08, 73, 15533, 1328, 715, P0, 0x0000000000000000
2026/09/19 00:17:29.877, 1, 79, 195.84, 76, 15533, 1328, 715, P0, 0x0000000000000000
2026/09/19 00:17:30.884, 0, 79, 58.55, 91, 15533, 1316, 715, P0, 0x0000000000000020
2026/09/19 00:17:30.890, 1, 78, 106.40, 87, 15533, 1328, 715, P0, 0x0000000000000000
2026/09/19 00:17:31.906, 0, 79, 95.00, 72, 15533, 1328, 715, P0, 0x0000000000000000
2026/09/19 00:17:31.910, 1, 78, 91.15, 77, 15533, 1328, 715, P0, 0x0000000000000000
2026/09/19 00:17:32.919, 0, 79, 97.34, 52, 15533, 1328, 715, P0, 0x0000000000000000
2026/09/19 00:17:32.922, 1, 78, 162.38, 68, 15533, 1328, 715, P0, 0x0000000000000000
2026/09/19 00:17:33.930, 0, 79, 60.45, 84, 15533, 1316, 715, P0, 0x0000000000000000
2026/09/19 00:17:33.933, 1, 78, 97.85, 97, 15533, 1328, 715, P0, 0x0000000000000000
2026/09/19 00:17:34.942, 0, 78, 68.86, 60, 15533, 1328, 715, P0, 0x0000000000000000
2026/09/19 00:17:34.945, 1, 78, 96.62, 65, 15533, 1328, 715, P0, 0x0000000000000000
2026/09/19 00:17:35.952, 0, 79, 130.33, 61, 15533, 1328, 715, P0, 0x0000000000000000
2026/09/19 00:17:35.955, 1, 78, 129.46, 69, 15533, 1328, 715, P0, 0x0000000000000000
2026/09/19 00:17:36.962, 0, 79, 91.57, 60, 15533, 1328, 715, P0, 0x0000000000000000
2026/09/19 00:17:36.965, 1, 78, 92.45, 65, 15533, 1328, 715, P0, 0x0000000000000000
2026/09/19 00:17:37.969, 0, 78, 59.27, 50, 15533, 1328, 715, P0, 0x0000000000000000
2026/09/19 00:17:37.975, 1, 78, 112.12, 53, 15533, 1328, 715, P0, 0x0000000000000000
2026/09/19 00:17:38.992, 0, 78, 102.10, 51, 15533, 1328, 715, P0, 0x0000000000000000
2026/09/19 00:17:38.995, 1, 78, 77.93, 54, 15533, 1328, 715, P0, 0x0000000000000000
2026/09/19 00:17:40.006, 0, 78, 93.59, 67, 15533, 1316, 715, P0, 0x0000000000000000
2026/09/19 00:17:40.009, 1, 78, 67.17, 63, 15533, 1328, 715, P0, 0x0000000000000000
2026/09/19 00:17:41.017, 0, 79, 86.67, 63, 15533, 1265, 715, P0, 0x0000000000000000
2026/09/19 00:17:41.020, 1, 78, 63.07, 71, 15533, 1328, 715, P0, 0x0000000000000000
2026/09/19 00:17:42.026, 0, 78, 98.63, 61, 15533, 1328, 715, P0, 0x0000000000000000
2026/09/19 00:17:42.029, 1, 78, 67.59, 55, 15533, 1328, 715, P0, 0x0000000000000000
2026/09/19 00:17:43.048, 0, 78, 111.52, 65, 15533, 1328, 715, P0, 0x0000000000000000
2026/09/19 00:17:43.051, 1, 78, 105.01, 56, 15533, 1328, 715, P0, 0x0000000000000000
2026/09/19 00:17:44.058, 0, 78, 65.03, 47, 15533, 1328, 715, P0, 0x0000000000000000
2026/09/19 00:17:44.061, 1, 78, 100.71, 56, 15533, 1328, 715, P0, 0x0000000000000000
2026/09/19 00:17:45.068, 0, 79, 167.90, 64, 15533, 1328, 715, P0, 0x0000000000000000
2026/09/19 00:17:45.071, 1, 78, 187.10, 56, 15533, 1328, 715, P0, 0x0000000000000000
2026/09/19 00:17:46.082, 0, 79, 175.71, 73, 15533, 1328, 715, P0, 0x0000000000000000
2026/09/19 00:17:46.085, 1, 78, 193.24, 64, 15533, 1328, 715, P0, 0x0000000000000000
2026/09/19 00:17:47.094, 0, 79, 96.23, 62, 15533, 1328, 715, P0, 0x0000000000000000
2026/09/19 00:17:47.097, 1, 78, 73.84, 65, 15533, 1328, 715, P0, 0x0000000000000000
2026/09/19 00:17:48.102, 0, 79, 95.66, 95, 15533, 1328, 715, P0, 0x0000000000000000
2026/09/19 00:17:48.105, 1, 78, 95.44, 97, 15533, 1328, 715, P0, 0x0000000000000000
2026/09/19 00:17:49.110, 0, 79, 187.86, 51, 15533, 1328, 715, P0, 0x0000000000000000
2026/09/19 00:17:49.113, 1, 78, 196.14, 57, 15533, 1328, 715, P0, 0x0000000000000000
2026/09/19 00:17:50.125, 0, 80, 99.21, 78, 15533, 1303, 715, P0, 0x0000000000000000
2026/09/19 00:17:50.128, 1, 79, 71.90, 77, 15533, 1328, 715, P0, 0x0000000000000000
2026/09/19 00:17:51.149, 0, 79, 107.99, 90, 15533, 1316, 715, P0, 0x0000000000000020
2026/09/19 00:17:51.152, 1, 79, 113.55, 85, 15533, 1328, 715, P0, 0x0000000000000000
2026/09/19 00:17:52.165, 0, 79, 88.51, 63, 15533, 1328, 715, P0, 0x0000000000000000
2026/09/19 00:17:52.168, 1, 78, 87.20, 80, 15533, 1328, 715, P0, 0x0000000000000000
2026/09/19 00:17:53.179, 0, 80, 91.90, 68, 15533, 1303, 715, P0, 0x0000000000000000
2026/09/19 00:17:53.182, 1, 79, 66.44, 67, 15533, 1328, 715, P0, 0x0000000000000000
2026/09/19 00:17:54.188, 0, 78, 102.89, 60, 15533, 1328, 715, P0, 0x0000000000000000
2026/09/19 00:17:54.191, 1, 78, 76.23, 57, 15533, 1328, 715, P0, 0x0000000000000000
2026/09/19 00:17:55.199, 0, 79, 95.33, 86, 15533, 1328, 715, P0, 0x0000000000000000
2026/09/19 00:17:55.202, 1, 78, 64.02, 80, 15533, 1328, 715, P0, 0x0000000000000000
2026/09/19 00:17:56.212, 0, 79, 114.32, 75, 15533, 1328, 715, P0, 0x0000000000000000
2026/09/19 00:17:56.215, 1, 78, 102.68, 80, 15533, 1328, 715, P0, 0x0000000000000000
2026/09/19 00:17:57.223, 0, 78, 56.38, 91, 15533, 1189, 715, P0, 0x0000000000000000
2026/09/19 00:17:57.227, 1, 78, 97.20, 41, 15533, 1328, 715, P0, 0x0000000000000000
2026/09/19 00:17:58.236, 0, 78, 85.07, 80, 15533, 1189, 715, P0, 0x0000000000000000
2026/09/19 00:17:58.240, 1, 79, 85.14, 51, 15533, 1328, 715, P0, 0x0000000000000000
2026/09/19 00:17:59.262, 0, 78, 53.73, 80, 15533, 1189, 715, P0, 0x0000000000000000
2026/09/19 00:17:59.267, 1, 79, 96.23, 60, 15533, 1328, 715, P0, 0x0000000000000000
2026/09/19 00:18:00.273, 0, 78, 91.67, 63, 15533, 1328, 715, P0, 0x0000000000000000
2026/09/19 00:18:00.276, 1, 78, 92.30, 47, 15533, 1328, 715, P0, 0x0000000000000000
2026/09/19 00:18:01.281, 0, 78, 93.82, 91, 15533, 1303, 715, P0, 0x0000000000000000
2026/09/19 00:18:01.285, 1, 78, 79.53, 50, 15533, 1328, 715, P0, 0x0000000000000000
2026/09/19 00:18:02.303, 0, 79, 104.03, 77, 15533, 1316, 715, P0, 0x0000000000000020
2026/09/19 00:18:02.307, 1, 79, 73.58, 78, 15533, 1328, 715, P0, 0x0000000000000000
2026/09/19 00:18:03.325, 0, 79, 108.68, 79, 15533, 1328, 715, P0, 0x0000000000000000
2026/09/19 00:18:03.328, 1, 79, 158.56, 84, 15533, 1328, 715, P0, 0x0000000000000000
2026/09/19 00:18:04.336, 0, 79, 104.40, 70, 15533, 1328, 715, P0, 0x0000000000000000
2026/09/19 00:18:04.340, 1, 79, 66.86, 78, 15533, 1328, 715, P0, 0x0000000000000000
2026/09/19 00:18:05.345, 0, 79, 91.72, 52, 15533, 1328, 715, P0, 0x0000000000000000
2026/09/19 00:18:05.348, 1, 79, 73.54, 81, 15533, 1328, 715, P0, 0x0000000000000000
2026/09/19 00:18:06.361, 0, 80, 101.19, 68, 15533, 1278, 715, P0, 0x0000000000000000
2026/09/19 00:18:06.367, 1, 79, 76.49, 68, 15533, 1328, 715, P0, 0x0000000000000000
2026/09/19 00:18:07.370, 0, 78, 94.51, 59, 15533, 1328, 715, P0, 0x0000000000000000
2026/09/19 00:18:07.373, 1, 78, 150.04, 57, 15533, 1328, 715, P0, 0x0000000000000000
2026/09/19 00:18:08.382, 0, 78, 99.96, 88, 15533, 1316, 715, P0, 0x0000000000000000
2026/09/19 00:18:08.385, 1, 78, 84.86, 86, 15533, 1328, 715, P0, 0x0000000000000000
2026/09/19 00:18:09.399, 0, 78, 95.29, 96, 15533, 1189, 715, P0, 0x0000000000000000
2026/09/19 00:18:09.402, 1, 78, 118.48, 82, 15533, 1328, 715, P0, 0x0000000000000000
2026/09/19 00:18:10.412, 0, 78, 89.21, 93, 15533, 1227, 715, P0, 0x0000000000000000
2026/09/19 00:18:10.415, 1, 78, 85.38, 81, 15533, 1328, 715, P0, 0x0000000000000000
2026/09/19 00:18:11.422, 0, 78, 92.32, 83, 15533, 1227, 715, P0, 0x0000000000000000
2026/09/19 00:18:11.425, 1, 79, 94.87, 77, 15533, 1328, 715, P0, 0x0000000000000000
2026/09/19 00:18:12.430, 0, 79, 53.49, 79, 15533, 1240, 715, P0, 0x0000000000000000
2026/09/19 00:18:12.435, 1, 79, 101.77, 81, 15533, 1328, 715, P0, 0x0000000000000000
2026/09/19 00:18:13.440, 0, 78, 63.10, 50, 15533, 1328, 715, P0, 0x0000000000000000
2026/09/19 00:18:13.443, 1, 78, 95.96, 65, 15533, 1328, 715, P0, 0x0000000000000000
2026/09/19 00:18:14.449, 0, 78, 59.24, 62, 15533, 1328, 715, P0, 0x0000000000000000
2026/09/19 00:18:14.452, 1, 78, 98.81, 65, 15533, 1328, 715, P0, 0x0000000000000000
2026/09/19 00:18:15.468, 0, 79, 115.66, 78, 15533, 1328, 715, P0, 0x0000000000000000
2026/09/19 00:18:15.471, 1, 79, 104.97, 79, 15533, 1328, 715, P0, 0x0000000000000000
2026/09/19 00:18:16.488, 0, 79, 107.54, 79, 15533, 1328, 715, P0, 0x0000000000000000
2026/09/19 00:18:16.491, 1, 79, 91.72, 57, 15533, 1328, 715, P0, 0x0000000000000000
2026/09/19 00:18:17.500, 0, 79, 59.72, 70, 15533, 1328, 715, P0, 0x0000000000000000
2026/09/19 00:18:17.504, 1, 79, 101.20, 53, 15533, 1328, 715, P0, 0x0000000000000000
2026/09/19 00:18:18.522, 0, 79, 96.23, 43, 15533, 1328, 715, P0, 0x0000000000000000
2026/09/19 00:18:18.525, 1, 79, 80.00, 73, 15533, 1328, 715, P0, 0x0000000000000000
2026/09/19 00:18:19.531, 0, 79, 96.16, 87, 15533, 1316, 715, P0, 0x0000000000000000
2026/09/19 00:18:19.534, 1, 78, 83.22, 65, 15533, 1303, 715, P0, 0x0000000000000000
2026/09/19 00:18:20.546, 0, 79, 196.03, 64, 15533, 1328, 715, P0, 0x0000000000000000
2026/09/19 00:18:20.549, 1, 79, 154.53, 66, 15533, 1177, 715, P0, 0x0000000000000020
2026/09/19 00:18:21.557, 0, 79, 83.49, 63, 15533, 1328, 715, P0, 0x0000000000000000
2026/09/19 00:18:21.562, 1, 78, 88.96, 69, 15533, 1328, 715, P0, 0x0000000000000000
2026/09/19 00:18:22.568, 0, 79, 97.92, 53, 15533, 1316, 715, P0, 0x0000000000000020
2026/09/19 00:18:22.571, 1, 78, 63.99, 58, 15533, 1328, 715, P0, 0x0000000000000000
2026/09/19 00:18:23.580, 0, 78, 82.27, 50, 15533, 1328, 715, P0, 0x0000000000000000
2026/09/19 00:18:23.583, 1, 78, 96.70, 49, 15533, 1328, 715, P0, 0x0000000000000000
2026/09/19 00:18:24.592, 0, 78, 96.71, 59, 15533, 1316, 715, P0, 0x0000000000000000
2026/09/19 00:18:24.595, 1, 78, 69.30, 54, 15533, 1328, 715, P0, 0x0000000000000000
2026/09/19 00:18:25.614, 0, 78, 82.57, 69, 15533, 1316, 715, P0, 0x0000000000000000
2026/09/19 00:18:25.617, 1, 79, 94.74, 65, 15533, 1328, 715, P0, 0x0000000000000000
2026/09/19 00:18:26.623, 0, 79, 142.56, 63, 15533, 1189, 715, P0, 0x0000000000000000
2026/09/19 00:18:26.627, 1, 79, 195.55, 66, 15533, 1328, 715, P0, 0x0000000000000000
2026/09/19 00:18:27.633, 0, 78, 58.08, 61, 15533, 1328, 715, P0, 0x0000000000000000
2026/09/19 00:18:27.637, 1, 78, 100.80, 66, 15533, 1328, 715, P0, 0x0000000000000000
2026/09/19 00:18:28.642, 0, 79, 98.39, 68, 15533, 1328, 715, P0, 0x0000000000000000
2026/09/19 00:18:28.646, 1, 78, 77.15, 76, 15533, 1328, 715, P0, 0x0000000000000000
2026/09/19 00:18:29.653, 0, 78, 100.24, 54, 15533, 1328, 715, P0, 0x0000000000000000
2026/09/19 00:18:29.656, 1, 79, 76.68, 54, 15533, 1328, 715, P0, 0x0000000000000000
2026/09/19 00:18:30.661, 0, 78, 100.89, 63, 15533, 1328, 715, P0, 0x0000000000000000
2026/09/19 00:18:30.665, 1, 78, 89.33, 66, 15533, 1328, 715, P0, 0x0000000000000000
2026/09/19 00:18:31.670, 0, 78, 95.73, 61, 15533, 1328, 715, P0, 0x0000000000000000
2026/09/19 00:18:31.673, 1, 79, 72.64, 66, 15533, 1328, 715, P0, 0x0000000000000000
2026/09/19 00:18:32.683, 0, 78, 78.96, 77, 15533, 1316, 715, P0, 0x0000000000000000
2026/09/19 00:18:32.686, 1, 79, 94.25, 70, 15533, 1328, 715, P0, 0x0000000000000000
2026/09/19 00:18:33.699, 0, 79, 180.62, 61, 15533, 1303, 715, P0, 0x0000000000000020
2026/09/19 00:18:33.705, 1, 79, 199.03, 77, 15533, 1328, 715, P0, 0x0000000000000000
2026/09/19 00:18:34.709, 0, 78, 128.70, 49, 15533, 1328, 715, P0, 0x0000000000000000
2026/09/19 00:18:34.712, 1, 78, 140.63, 65, 15533, 1328, 715, P0, 0x0000000000000000
2026/09/19 00:18:35.722, 0, 79, 183.27, 54, 15533, 1328, 715, P0, 0x0000000000000000
2026/09/19 00:18:35.728, 1, 79, 191.57, 61, 15533, 1328, 715, P0, 0x0000000000000000
2026/09/19 00:18:36.737, 0, 78, 53.53, 51, 15533, 1202, 715, P0, 0x0000000000000000
2026/09/19 00:18:36.740, 1, 78, 88.60, 56, 15533, 1290, 715, P0, 0x0000000000000000
2026/09/19 00:18:37.748, 0, 78, 105.37, 66, 15533, 1316, 715, P0, 0x0000000000000000
2026/09/19 00:18:37.751, 1, 78, 91.29, 56, 15533, 1316, 715, P0, 0x0000000000000020
2026/09/19 00:18:38.770, 0, 78, 55.65, 44, 15533, 1328, 715, P0, 0x0000000000000000
2026/09/19 00:18:38.773, 1, 78, 97.79, 47, 15533, 1328, 715, P0, 0x0000000000000000
2026/09/19 00:18:39.778, 0, 79, 154.55, 68, 15533, 1227, 715, P0, 0x0000000000000020
2026/09/19 00:18:39.781, 1, 79, 163.46, 67, 15533, 1290, 715, P0, 0x0000000000000020
2026/09/19 00:18:40.793, 0, 78, 66.25, 61, 15533, 1328, 715, P0, 0x0000000000000000
2026/09/19 00:18:40.796, 1, 78, 93.14, 57, 15533, 1328, 715, P0, 0x0000000000000000
2026/09/19 00:18:41.800, 0, 79, 111.90, 52, 15533, 1328, 715, P0, 0x0000000000000000
2026/09/19 00:18:41.803, 1, 78, 84.54, 61, 15533, 1328, 715, P0, 0x0000000000000000
2026/09/19 00:18:42.809, 0, 79, 102.48, 51, 15533, 1328, 715, P0, 0x0000000000000000
2026/09/19 00:18:42.812, 1, 78, 70.48, 56, 15533, 1328, 715, P0, 0x0000000000000000
2026/09/19 00:18:43.820, 0, 78, 102.52, 61, 15533, 1303, 715, P0, 0x0000000000000000
2026/09/19 00:18:43.823, 1, 79, 106.51, 55, 15533, 1328, 715, P0, 0x0000000000000000
2026/09/19 00:18:44.832, 0, 78, 87.06, 49, 15533, 1316, 715, P0, 0x0000000000000020
2026/09/19 00:18:44.835, 1, 78, 89.18, 63, 15533, 1328, 715, P0, 0x0000000000000000
2026/09/19 00:18:45.839, 0, 78, 48.01, 76, 15533, 1189, 715, P0, 0x0000000000000000
2026/09/19 00:18:45.842, 1, 78, 63.92, 97, 15533, 847, 715, P0, 0x0000000000000000
2026/09/19 00:18:46.860, 0, 78, 92.95, 44, 15533, 1328, 715, P0, 0x0000000000000000
2026/09/19 00:18:46.863, 1, 77, 57.31, 60, 15533, 1316, 715, P0, 0x0000000000000000
2026/09/19 00:18:47.882, 0, 79, 90.84, 68, 15533, 1303, 715, P0, 0x0000000000000000
2026/09/19 00:18:47.884, 1, 78, 53.49, 68, 15533, 1189, 715, P0, 0x0000000000000000
2026/09/19 00:18:48.891, 0, 80, 112.76, 56, 15533, 1328, 715, P0, 0x0000000000000000
2026/09/19 00:18:48.896, 1, 78, 68.04, 59, 15533, 1252, 715, P0, 0x0000000000000000
2026/09/19 00:18:49.913, 0, 78, 72.56, 79, 15533, 1189, 715, P0, 0x0000000000000000
2026/09/19 00:18:49.916, 1, 78, 86.19, 77, 15533, 1316, 715, P0, 0x0000000000000000
2026/09/19 00:18:50.922, 0, 78, 77.41, 67, 15533, 1189, 715, P0, 0x0000000000000000
2026/09/19 00:18:50.925, 1, 78, 65.21, 73, 15533, 1328, 715, P0, 0x0000000000000000
2026/09/19 00:18:51.931, 0, 79, 109.17, 58, 15533, 1189, 715, P0, 0x0000000000000000
2026/09/19 00:18:51.934, 1, 79, 94.14, 91, 15533, 1328, 715, P0, 0x0000000000000000
2026/09/19 00:18:52.944, 0, 78, 57.82, 44, 15533, 1328, 715, P0, 0x0000000000000000
2026/09/19 00:18:52.947, 1, 78, 102.12, 64, 15533, 1328, 715, P0, 0x0000000000000000
2026/09/19 00:18:53.954, 0, 78, 64.56, 66, 15533, 1316, 715, P0, 0x0000000000000000
2026/09/19 00:18:53.958, 1, 79, 97.66, 68, 15533, 1328, 715, P0, 0x0000000000000000
2026/09/19 00:18:54.964, 0, 78, 136.16, 60, 15533, 1328, 715, P0, 0x0000000000000000
2026/09/19 00:18:54.967, 1, 78, 161.77, 60, 15533, 1328, 715, P0, 0x0000000000000000
2026/09/19 00:18:55.978, 0, 78, 58.99, 52, 15533, 1316, 715, P0, 0x0000000000000000
2026/09/19 00:18:55.981, 1, 78, 116.53, 57, 15533, 1328, 715, P0, 0x0000000000000000
2026/09/19 00:18:56.992, 0, 78, 97.60, 68, 15533, 1316, 715, P0, 0x0000000000000000
2026/09/19 00:18:56.995, 1, 78, 75.04, 53, 15533, 1328, 715, P0, 0x0000000000000000
2026/09/19 00:18:58.004, 0, 78, 61.21, 57, 15533, 1328, 715, P0, 0x0000000000000000
2026/09/19 00:18:58.007, 1, 78, 97.89, 63, 15533, 1328, 715, P0, 0x0000000000000000
2026/09/19 00:18:59.012, 0, 78, 60.49, 56, 15533, 1328, 715, P0, 0x0000000000000000
2026/09/19 00:18:59.015, 1, 78, 90.25, 53, 15533, 1328, 715, P0, 0x0000000000000000
2026/09/19 00:19:00.021, 0, 79, 153.52, 70, 15533, 1316, 715, P0, 0x0000000000000020
2026/09/19 00:19:00.025, 1, 79, 133.95, 69, 15533, 1328, 715, P0, 0x0000000000000000
2026/09/19 00:19:01.033, 0, 78, 66.71, 43, 15533, 1328, 715, P0, 0x0000000000000000
2026/09/19 00:19:01.035, 1, 78, 142.46, 48, 15533, 1328, 715, P0, 0x0000000000000000
2026/09/19 00:19:02.056, 0, 78, 68.87, 53, 15533, 1290, 715, P0, 0x0000000000000000
2026/09/19 00:19:02.059, 1, 78, 101.01, 59, 15533, 1328, 715, P0, 0x0000000000000000
2026/09/19 00:19:03.079, 0, 78, 96.63, 58, 15533, 1316, 715, P0, 0x0000000000000000
2026/09/19 00:19:03.082, 1, 78, 72.40, 41, 15533, 1328, 715, P0, 0x0000000000000000
2026/09/19 00:19:04.103, 0, 78, 56.61, 70, 15533, 1316, 715, P0, 0x0000000000000000
2026/09/19 00:19:04.106, 1, 79, 130.47, 66, 15533, 1328, 715, P0, 0x0000000000000000
2026/09/19 00:19:05.127, 0, 78, 94.39, 83, 15533, 1316, 715, P0, 0x0000000000000000
2026/09/19 00:19:05.130, 1, 78, 84.64, 88, 15533, 1328, 715, P0, 0x0000000000000000
2026/09/19 00:19:06.135, 0, 79, 168.65, 42, 15533, 1278, 715, P0, 0x0000000000000020
2026/09/19 00:19:06.140, 1, 79, 203.78, 52, 15533, 1328, 715, P0, 0x0000000000000000
2026/09/19 00:19:07.145, 0, 78, 66.24, 43, 15533, 1328, 715, P0, 0x0000000000000000
2026/09/19 00:19:07.149, 1, 78, 98.31, 66, 15533, 1328, 715, P0, 0x0000000000000000
2026/09/19 00:19:08.154, 0, 78, 59.54, 63, 15533, 1328, 715, P0, 0x0000000000000000
2026/09/19 00:19:08.162, 1, 78, 83.83, 100, 15533, 708, 715, P0, 0x0000000000000000
2026/09/19 00:19:09.179, 0, 79, 197.12, 49, 15533, 1328, 715, P0, 0x0000000000000000
2026/09/19 00:19:09.182, 1, 78, 138.45, 72, 15533, 1075, 715, P0, 0x0000000000000020
2026/09/19 00:19:10.191, 0, 78, 173.16, 58, 15533, 1328, 715, P0, 0x0000000000000000
2026/09/19 00:19:10.194, 1, 78, 174.56, 61, 15533, 1227, 715, P0, 0x0000000000000020
2026/09/19 00:19:11.216, 0, 78, 61.17, 60, 15533, 1328, 715, P0, 0x0000000000000000
2026/09/19 00:19:11.219, 1, 78, 101.63, 50, 15533, 1328, 715, P0, 0x0000000000000000
2026/09/19 00:19:12.223, 0, 78, 94.04, 71, 15533, 1328, 715, P0, 0x0000000000000000
2026/09/19 00:19:12.227, 1, 78, 86.29, 79, 15533, 1328, 715, P0, 0x0000000000000000
2026/09/19 00:19:13.238, 0, 79, 66.46, 55, 15533, 1328, 715, P0, 0x0000000000000000
2026/09/19 00:19:13.241, 1, 78, 91.40, 52, 15533, 1328, 715, P0, 0x0000000000000000
2026/09/19 00:19:14.246, 0, 80, 208.81, 67, 15533, 1328, 715, P0, 0x0000000000000000
2026/09/19 00:19:14.249, 1, 79, 199.12, 67, 15533, 1328, 715, P0, 0x0000000000000000
2026/09/19 00:19:15.253, 0, 78, 57.79, 59, 15533, 1316, 715, P0, 0x0000000000000020
2026/09/19 00:19:15.256, 1, 78, 102.88, 59, 15533, 1328, 715, P0, 0x0000000000000000
2026/09/19 00:19:16.266, 0, 78, 59.47, 55, 15533, 1328, 715, P0, 0x0000000000000000
2026/09/19 00:19:16.269, 1, 78, 106.78, 56, 15533, 1328, 715, P0, 0x0000000000000000
2026/09/19 00:19:17.274, 0, 78, 70.79, 54, 15533, 1328, 715, P0, 0x0000000000000000
2026/09/19 00:19:17.277, 1, 78, 97.35, 53, 15533, 1328, 715, P0, 0x0000000000000000
2026/09/19 00:19:18.287, 0, 78, 75.09, 54, 15533, 1328, 715, P0, 0x0000000000000000
2026/09/19 00:19:18.291, 1, 78, 95.65, 53, 15533, 1328, 715, P0, 0x0000000000000000
2026/09/19 00:19:19.295, 0, 78, 62.87, 65, 15533, 1328, 715, P0, 0x0000000000000000
2026/09/19 00:19:19.298, 1, 78, 97.36, 69, 15533, 1328, 715, P0, 0x0000000000000000
2026/09/19 00:19:20.306, 0, 79, 176.85, 65, 15533, 1303, 715, P0, 0x0000000000000020
2026/09/19 00:19:20.309, 1, 79, 199.29, 66, 15533, 1328, 715, P0, 0x0000000000000000
2026/09/19 00:19:21.317, 0, 78, 79.19, 60, 15533, 1328, 715, P0, 0x0000000000000000
2026/09/19 00:19:21.319, 1, 78, 93.49, 66, 15533, 1328, 715, P0, 0x0000000000000000
2026/09/19 00:19:22.327, 0, 79, 118.94, 71, 15533, 1328, 715, P0, 0x0000000000000000
2026/09/19 00:19:22.330, 1, 79, 105.19, 80, 15533, 1328, 715, P0, 0x0000000000000000
2026/09/19 00:19:23.350, 0, 79, 76.10, 48, 15533, 1328, 715, P0, 0x0000000000000000
2026/09/19 00:19:23.354, 1, 78, 97.08, 67, 15533, 1328, 715, P0, 0x0000000000000000
2026/09/19 00:19:24.363, 0, 79, 62.38, 49, 15533, 1328, 715, P0, 0x0000000000000000
2026/09/19 00:19:24.365, 1, 78, 95.48, 65, 15533, 1328, 715, P0, 0x0000000000000000
2026/09/19 00:19:25.378, 0, 78, 88.56, 49, 15533, 1328, 715, P0, 0x0000000000000000
2026/09/19 00:19:25.381, 1, 78, 84.14, 59, 15533, 1328, 715, P0, 0x0000000000000000
2026/09/19 00:19:26.386, 0, 79, 56.63, 74, 15533, 1265, 715, P0, 0x0000000000000000
2026/09/19 00:19:26.389, 1, 79, 93.39, 66, 15533, 1328, 715, P0, 0x0000000000000000
2026/09/19 00:19:27.394, 0, 78, 78.70, 44, 15533, 1328, 715, P0, 0x0000000000000000
2026/09/19 00:19:27.398, 1, 78, 97.81, 54, 15533, 1328, 715, P0, 0x0000000000000000
2026/09/19 00:19:28.407, 0, 79, 65.03, 76, 15533, 1328, 715, P0, 0x0000000000000000
2026/09/19 00:19:28.409, 1, 79, 97.84, 56, 15533, 1328, 715, P0, 0x0000000000000000
2026/09/19 00:19:29.417, 0, 79, 101.63, 74, 15533, 1328, 715, P0, 0x0000000000000000
2026/09/19 00:19:29.420, 1, 78, 81.19, 65, 15533, 1328, 715, P0, 0x0000000000000000
2026/09/19 00:19:30.432, 0, 78, 54.24, 96, 15533, 1189, 715, P0, 0x0000000000000000
2026/09/19 00:19:30.435, 1, 78, 98.83, 37, 15533, 1328, 715, P0, 0x0000000000000000
2026/09/19 00:19:31.448, 0, 78, 77.88, 75, 15533, 1189, 715, P0, 0x0000000000000000
2026/09/19 00:19:31.451, 1, 79, 150.34, 65, 15533, 1328, 715, P0, 0x0000000000000000
2026/09/19 00:19:32.470, 0, 79, 82.36, 62, 15533, 1189, 715, P0, 0x0000000000000000
2026/09/19 00:19:32.473, 1, 79, 68.39, 82, 15533, 1328, 715, P0, 0x0000000000000000
2026/09/19 00:19:33.484, 0, 78, 113.44, 46, 15533, 1328, 715, P0, 0x0000000000000000
2026/09/19 00:19:33.487, 1, 78, 111.71, 45, 15533, 1328, 715, P0, 0x0000000000000000
2026/09/19 00:19:34.495, 0, 78, 107.40, 65, 15533, 1328, 715, P0, 0x0000000000000000
2026/09/19 00:19:34.497, 1, 79, 113.13, 76, 15533, 1328, 715, P0, 0x0000000000000000
2026/09/19 00:19:35.506, 0, 79, 196.56, 66, 15533, 1316, 715, P0, 0x0000000000000020
2026/09/19 00:19:35.510, 1, 79, 199.55, 54, 15533, 1328, 715, P0, 0x0000000000000000
2026/09/19 00:19:36.522, 0, 79, 87.22, 84, 15533, 847, 715, P0, 0x0000000000000000
2026/09/19 00:19:36.525, 1, 79, 63.07, 76, 15533, 1328, 715, P0, 0x0000000000000000
2026/09/19 00:19:37.539, 0, 79, 111.55, 64, 15533, 1050, 715, P0, 0x0000000000000000
2026/09/19 00:19:37.542, 1, 80, 200.43, 56, 15533, 1328, 715, P0, 0x0000000000000000
2026/09/19 00:19:38.551, 0, 79, 133.52, 53, 15533, 1139, 715, P0, 0x0000000000000020
2026/09/19 00:19:38.556, 1, 79, 180.19, 64, 15533, 1316, 715, P0, 0x0000000000000020
2026/09/19 00:19:39.562, 0, 78, 61.25, 50, 15533, 1328, 715, P0, 0x0000000000000000
2026/09/19 00:19:39.565, 1, 78, 71.08, 66, 15533, 1139, 715, P0, 0x0000000000000020
2026/09/19 00:19:40.569, 0, 78, 92.61, 50, 15533, 1328, 715, P0, 0x0000000000000000
2026/09/19 00:19:40.572, 1, 77, 77.46, 50, 15533, 1252, 715, P0, 0x0000000000000000
2026/09/19 00:19:41.581, 0, 79, 121.51, 66, 15533, 1328, 715, P0, 0x0000000000000000
2026/09/19 00:19:41.585, 1, 78, 111.67, 66, 15533, 1063, 715, P0, 0x0000000000000020
2026/09/19 00:19:42.596, 0, 78, 75.56, 51, 15533, 1328, 715, P0, 0x0000000000000000
2026/09/19 00:19:42.599, 1, 78, 119.69, 69, 15533, 1328, 715, P0, 0x0000000000000000
2026/09/19 00:19:43.604, 0, 78, 101.76, 49, 15533, 1328, 715, P0, 0x0000000000000000
2026/09/19 00:19:43.607, 1, 78, 71.67, 66, 15533, 1328, 715, P0, 0x0000000000000000
2026/09/19 00:19:44.616, 0, 78, 109.38, 47, 15533, 1328, 715, P0, 0x0000000000000000
2026/09/19 00:19:44.619, 1, 78, 107.70, 59, 15533, 1328, 715, P0, 0x0000000000000000
2026/09/19 00:19:45.624, 0, 78, 60.21, 54, 15533, 1328, 715, P0, 0x0000000000000000
2026/09/19 00:19:45.627, 1, 78, 100.72, 55, 15533, 1328, 715, P0, 0x0000000000000000
2026/09/19 00:19:46.634, 0, 78, 70.07, 69, 15533, 1316, 715, P0, 0x0000000000000000
2026/09/19 00:19:46.640, 1, 78, 96.62, 51, 15533, 1328, 715, P0, 0x0000000000000000
2026/09/19 00:19:47.645, 0, 78, 95.41, 71, 15533, 1316, 715, P0, 0x0000000000000000
2026/09/19 00:19:47.648, 1, 78, 81.73, 59, 15533, 1328, 715, P0, 0x0000000000000000
2026/09/19 00:19:48.658, 0, 78, 91.68, 83, 15533, 1303, 715, P0, 0x0000000000000000
2026/09/19 00:19:48.661, 1, 78, 146.53, 45, 15533, 1328, 715, P0, 0x0000000000000000
2026/09/19 00:19:49.670, 0, 79, 179.43, 55, 15533, 1265, 715, P0, 0x0000000000000020
2026/09/19 00:19:49.673, 1, 79, 200.92, 62, 15533, 1328, 715, P0, 0x0000000000000000
2026/09/19 00:19:50.683, 0, 78, 93.03, 77, 15533, 1278, 715, P0, 0x0000000000000000
2026/09/19 00:19:50.686, 1, 78, 85.54, 78, 15533, 1328, 715, P0, 0x0000000000000000
2026/09/19 00:19:51.692, 0, 78, 107.87, 35, 15533, 1278, 715, P0, 0x0000000000000000
2026/09/19 00:19:51.697, 1, 79, 121.71, 36, 15533, 1328, 715, P0, 0x0000000000000000
2026/09/19 00:19:52.715, 0, 79, 93.97, 64, 15533, 1316, 715, P0, 0x0000000000000000
2026/09/19 00:19:52.718, 1, 79, 93.16, 96, 15533, 1328, 715, P0, 0x0000000000000000
2026/09/19 00:19:53.725, 0, 78, 105.71, 60, 15533, 1328, 715, P0, 0x0000000000000000
2026/09/19 00:19:53.728, 1, 78, 84.80, 64, 15533, 1328, 715, P0, 0x0000000000000000
2026/09/19 00:19:54.732, 0, 79, 107.15, 83, 15533, 1328, 715, P0, 0x0000000000000000
2026/09/19 00:19:54.736, 1, 79, 89.80, 71, 15533, 1328, 715, P0, 0x0000000000000000
2026/09/19 00:19:55.744, 0, 79, 59.72, 54, 15533, 1328, 715, P0, 0x0000000000000000
2026/09/19 00:19:55.747, 1, 79, 101.66, 81, 15533, 1316, 715, P0, 0x0000000000000000
2026/09/19 00:19:56.755, 0, 79, 108.59, 53, 15533, 1328, 715, P0, 0x0000000000000000
2026/09/19 00:19:56.758, 1, 79, 143.55, 77, 15533, 1316, 715, P0, 0x0000000000000000
2026/09/19 00:19:57.770, 0, 79, 101.51, 63, 15533, 1328, 715, P0, 0x0000000000000000
2026/09/19 00:19:57.776, 1, 79, 144.26, 79, 15533, 1316, 715, P0, 0x0000000000000000
2026/09/19 00:19:58.795, 0, 79, 96.71, 80, 15533, 1316, 715, P0, 0x0000000000000000
2026/09/19 00:19:58.798, 1, 79, 79.09, 80, 15533, 1328, 715, P0, 0x0000000000000000
2026/09/19 00:19:59.804, 0, 78, 89.79, 42, 15533, 1290, 715, P0, 0x0000000000000000
2026/09/19 00:19:59.807, 1, 78, 65.00, 48, 15533, 1328, 715, P0, 0x0000000000000000
2026/09/19 00:20:00.817, 0, 78, 83.27, 94, 15533, 1189, 715, P0, 0x0000000000000000
2026/09/19 00:20:00.820, 1, 79, 93.24, 53, 15533, 1328, 715, P0, 0x0000000000000000
2026/09/19 00:20:01.827, 0, 78, 85.90, 43, 15533, 1328, 715, P0, 0x0000000000000000
2026/09/19 00:20:01.830, 1, 78, 97.15, 52, 15533, 1328, 715, P0, 0x0000000000000000
2026/09/19 00:20:02.849, 0, 78, 138.74, 50, 15533, 1328, 715, P0, 0x0000000000000000
2026/09/19 00:20:02.852, 1, 79, 171.71, 57, 15533, 1328, 715, P0, 0x0000000000000000
2026/09/19 00:20:03.866, 0, 78, 117.89, 49, 15533, 1328, 715, P0, 0x0000000000000000
2026/09/19 00:20:03.869, 1, 79, 147.79, 56, 15533, 1328, 715, P0, 0x0000000000000000
2026/09/19 00:20:04.879, 0, 78, 157.13, 52, 15533, 1328, 715, P0, 0x0000000000000000
2026/09/19 00:20:04.883, 1, 78, 170.11, 56, 15533, 1328, 715, P0, 0x0000000000000000
2026/09/19 00:20:05.902, 0, 78, 63.10, 47, 15533, 1328, 715, P0, 0x0000000000000000
2026/09/19 00:20:05.905, 1, 78, 97.12, 57, 15533, 1328, 715, P0, 0x0000000000000000
2026/09/19 00:20:06.911, 0, 79, 87.80, 66, 15533, 1240, 715, P0, 0x0000000000000000
2026/09/19 00:20:06.913, 1, 79, 86.53, 97, 15533, 1328, 715, P0, 0x0000000000000000
2026/09/19 00:20:07.924, 0, 78, 101.45, 54, 15533, 1328, 715, P0, 0x0000000000000000
2026/09/19 00:20:07.927, 1, 78, 71.18, 50, 15533, 1328, 715, P0, 0x0000000000000000
2026/09/19 00:20:08.938, 0, 79, 104.64, 85, 15533, 1328, 715, P0, 0x0000000000000000
2026/09/19 00:20:08.941, 1, 79, 68.07, 71, 15533, 1328, 715, P0, 0x0000000000000000
2026/09/19 00:20:09.949, 0, 78, 54.98, 96, 15533, 1202, 715, P0, 0x0000000000000000
2026/09/19 00:20:09.952, 1, 78, 89.31, 42, 15533, 1316, 715, P0, 0x0000000000000000
2026/09/19 00:20:10.957, 0, 78, 57.66, 69, 15533, 1189, 715, P0, 0x0000000000000000
2026/09/19 00:20:10.961, 1, 78, 74.47, 88, 15533, 1189, 715, P0, 0x0000000000000000
2026/09/19 00:20:11.983, 0, 79, 118.41, 77, 15533, 1126, 715, P0, 0x0000000000000000
2026/09/19 00:20:11.986, 1, 79, 93.62, 60, 15533, 1215, 715, P0, 0x0000000000000000
2026/09/19 00:20:12.990, 0, 78, 96.04, 52, 15533, 1328, 715, P0, 0x0000000000000000
2026/09/19 00:20:12.994, 1, 78, 65.44, 60, 15533, 1328, 715, P0, 0x0000000000000000
2026/09/19 00:20:14.009, 0, 78, 98.56, 66, 15533, 1328, 715, P0, 0x0000000000000000
2026/09/19 00:20:14.011, 1, 79, 71.44, 52, 15533, 1328, 715, P0, 0x0000000000000000
2026/09/19 00:20:15.035, 0, 78, 164.02, 52, 15533, 1328, 715, P0, 0x0000000000000000
2026/09/19 00:20:15.038, 1, 78, 175.30, 67, 15533, 1328, 715, P0, 0x0000000000000000
2026/09/19 00:20:16.045, 0, 79, 64.30, 53, 15533, 1328, 715, P0, 0x0000000000000000
2026/09/19 00:20:16.048, 1, 78, 112.96, 60, 15533, 1328, 715, P0, 0x0000000000000000
2026/09/19 00:20:17.053, 0, 78, 90.69, 57, 15533, 1278, 715, P0, 0x0000000000000000
2026/09/19 00:20:17.056, 1, 79, 80.31, 70, 15533, 1328, 715, P0, 0x0000000000000000
2026/09/19 00:20:18.064, 0, 78, 56.87, 54, 15533, 1328, 715, P0, 0x0000000000000000
2026/09/19 00:20:18.067, 1, 78, 103.17, 51, 15533, 1328, 715, P0, 0x0000000000000000
2026/09/19 00:20:19.075, 0, 78, 92.61, 49, 15533, 1328, 715, P0, 0x0000000000000000
2026/09/19 00:20:19.078, 1, 79, 69.79, 65, 15533, 1328, 715, P0, 0x0000000000000000
2026/09/19 00:20:20.088, 0, 79, 89.01, 68, 15533, 1265, 715, P0, 0x0000000000000000
2026/09/19 00:20:20.091, 1, 79, 81.08, 96, 15533, 1328, 715, P0, 0x0000000000000000
2026/09/19 00:20:21.096, 0, 78, 96.96, 51, 15533, 1328, 715, P0, 0x0000000000000000
2026/09/19 00:20:21.099, 1, 78, 65.69, 66, 15533, 1328, 715, P0, 0x0000000000000000
2026/09/19 00:20:22.105, 0, 78, 96.91, 87, 15533, 1328, 715, P0, 0x0000000000000000
2026/09/19 00:20:22.108, 1, 79, 83.85, 69, 15533, 1328, 715, P0, 0x0000000000000000
2026/09/19 00:20:23.114, 0, 79, 61.89, 86, 15533, 1328, 715, P0, 0x0000000000000000
2026/09/19 00:20:23.117, 1, 79, 105.03, 79, 15533, 1328, 715, P0, 0x0000000000000000
2026/09/19 00:20:24.128, 0, 78, 75.65, 68, 15533, 1328, 715, P0, 0x0000000000000000
2026/09/19 00:20:24.131, 1, 78, 78.49, 78, 15533, 1227, 715, P0, 0x0000000000000000
2026/09/19 00:20:25.142, 0, 79, 99.37, 77, 15533, 1303, 715, P0, 0x0000000000000000
2026/09/19 00:20:25.145, 1, 78, 62.87, 94, 15533, 1189, 715, P0, 0x0000000000000000
2026/09/19 00:20:26.153, 0, 79, 133.82, 84, 15533, 1328, 715, P0, 0x0000000000000000
2026/09/19 00:20:26.156, 1, 79, 132.90, 88, 15533, 1328, 715, P0, 0x0000000000000000
2026/09/19 00:20:27.168, 0, 79, 120.04, 84, 15533, 1303, 715, P0, 0x0000000000000000
2026/09/19 00:20:27.172, 1, 79, 136.70, 87, 15533, 1328, 715, P0, 0x0000000000000000
2026/09/19 00:20:28.181, 0, 79, 124.18, 84, 15533, 1316, 715, P0, 0x0000000000000020
2026/09/19 00:20:28.184, 1, 79, 123.64, 87, 15533, 1328, 715, P0, 0x0000000000000000
2026/09/19 00:20:29.201, 0, 79, 107.81, 84, 15533, 1227, 715, P0, 0x0000000000000000
2026/09/19 00:20:29.204, 1, 79, 120.96, 88, 15533, 1316, 715, P0, 0x0000000000000000
2026/09/19 00:20:30.225, 0, 79, 111.63, 85, 15533, 1252, 715, P0, 0x0000000000000000
2026/09/19 00:20:30.229, 1, 79, 120.16, 84, 15533, 1316, 715, P0, 0x0000000000000000
2026/09/19 00:20:31.239, 0, 78, 80.04, 76, 15533, 1252, 715, P0, 0x0000000000000000
2026/09/19 00:20:31.248, 1, 79, 133.99, 77, 15533, 1316, 715, P0, 0x0000000000000020
2026/09/19 00:20:32.267, 0, 78, 57.40, 96, 15533, 1278, 715, P0, 0x0000000000000000
2026/09/19 00:20:32.270, 1, 78, 83.48, 62, 15533, 1316, 715, P0, 0x0000000000000020
2026/09/19 00:20:33.276, 0, 78, 101.64, 49, 15533, 1328, 715, P0, 0x0000000000000000
2026/09/19 00:20:33.279, 1, 78, 79.05, 53, 15533, 1328, 715, P0, 0x0000000000000000
2026/09/19 00:20:34.284, 0, 78, 118.46, 95, 15533, 1316, 715, P0, 0x0000000000000020
2026/09/19 00:20:34.287, 1, 78, 119.55, 62, 15533, 1328, 715, P0, 0x0000000000000000
2026/09/19 00:20:35.294, 0, 79, 78.76, 79, 15533, 1278, 715, P0, 0x0000000000000000
2026/09/19 00:20:35.297, 1, 79, 91.90, 88, 15533, 1328, 715, P0, 0x0000000000000000
2026/09/19 00:20:36.308, 0, 79, 83.16, 77, 15533, 1202, 715, P0, 0x0000000000000000
2026/09/19 00:20:36.311, 1, 79, 59.27, 98, 15533, 1303, 715, P0, 0x0000000000000000
2026/09/19 00:20:37.320, 0, 80, 157.89, 55, 15533, 1227, 715, P0, 0x0000000000000020
2026/09/19 00:20:37.323, 1, 79, 157.76, 75, 15533, 1303, 715, P0, 0x0000000000000020
2026/09/19 00:20:38.331, 0, 78, 183.01, 64, 15533, 1265, 715, P0, 0x0000000000000020
2026/09/19 00:20:38.340, 1, 79, 190.91, 67, 15533, 1328, 715, P0, 0x0000000000000000
2026/09/19 00:20:39.357, 0, 78, 98.39, 61, 15533, 1328, 715, P0, 0x0000000000000000
2026/09/19 00:20:39.360, 1, 79, 70.51, 54, 15533, 1328, 715, P0, 0x0000000000000000
2026/09/19 00:20:40.368, 0, 80, 160.64, 44, 15533, 1278, 715, P0, 0x0000000000000000
2026/09/19 00:20:40.371, 1, 80, 156.88, 67, 15533, 1316, 715, P0, 0x0000000000000000
2026/09/19 00:20:41.381, 0, 78, 63.35, 58, 15533, 1328, 715, P0, 0x0000000000000000
2026/09/19 00:20:41.384, 1, 78, 92.61, 67, 15533, 1328, 715, P0, 0x0000000000000000
2026/09/19 00:20:42.388, 0, 79, 100.75, 76, 15533, 1316, 715, P0, 0x0000000000000000
2026/09/19 00:20:42.391, 1, 79, 70.50, 70, 15533, 1328, 715, P0, 0x0000000000000000
2026/09/19 00:20:43.396, 0, 79, 84.31, 81, 15533, 1227, 715, P0, 0x0000000000000000
2026/09/19 00:20:43.399, 1, 79, 60.71, 79, 15533, 1316, 715, P0, 0x0000000000000000
2026/09/19 00:20:44.405, 0, 79, 85.81, 52, 15533, 1227, 715, P0, 0x0000000000000000
2026/09/19 00:20:44.408, 1, 79, 64.33, 73, 15533, 1316, 715, P0, 0x0000000000000020
2026/09/19 00:20:45.416, 0, 79, 191.75, 59, 15533, 1328, 715, P0, 0x0000000000000000
2026/09/19 00:20:45.419, 1, 79, 195.20, 71, 15533, 1328, 715, P0, 0x0000000000000000
2026/09/19 00:20:46.428, 0, 78, 99.28, 64, 15533, 1316, 715, P0, 0x0000000000000000
2026/09/19 00:20:46.431, 1, 78, 91.37, 44, 15533, 1328, 715, P0, 0x0000000000000000
2026/09/19 00:20:47.440, 0, 79, 86.67, 53, 15533, 1316, 715, P0, 0x0000000000000020
2026/09/19 00:20:47.452, 1, 79, 81.65, 69, 15533, 1328, 715, P0, 0x0000000000000000
2026/09/19 00:20:48.466, 0, 78, 92.09, 57, 15533, 1328, 715, P0, 0x0000000000000000
2026/09/19 00:20:48.471, 1, 78, 88.28, 53, 15533, 1328, 715, P0, 0x0000000000000000
2026/09/19 00:20:49.479, 0, 78, 91.72, 54, 15533, 1303, 715, P0, 0x0000000000000020
2026/09/19 00:20:49.482, 1, 78, 66.90, 66, 15533, 1328, 715, P0, 0x0000000000000000
2026/09/19 00:20:50.490, 0, 78, 78.93, 72, 15533, 1316, 715, P0, 0x0000000000000020
2026/09/19 00:20:50.493, 1, 78, 87.04, 38, 15533, 1303, 715, P0, 0x0000000000000000
2026/09/19 00:20:51.499, 0, 79, 65.54, 97, 15533, 1215, 715, P0, 0x0000000000000000
2026/09/19 00:20:51.501, 1, 79, 90.97, 67, 15533, 1328, 715, P0, 0x0000000000000000
2026/09/19 00:20:52.509, 0, 79, 140.68, 73, 15533, 1177, 715, P0, 0x0000000000000020
2026/09/19 00:20:52.512, 1, 79, 197.55, 82, 15533, 1328, 715, P0, 0x0000000000000000
2026/09/19 00:20:53.522, 0, 78, 73.70, 56, 15533, 1328, 715, P0, 0x0000000000000000
2026/09/19 00:20:53.525, 1, 78, 89.46, 50, 15533, 1328, 715, P0, 0x0000000000000000
2026/09/19 00:20:54.529, 0, 79, 91.28, 79, 15533, 1290, 715, P0, 0x0000000000000000
2026/09/19 00:20:54.532, 1, 79, 76.45, 93, 15533, 1328, 715, P0, 0x0000000000000000
2026/09/19 00:20:55.540, 0, 78, 97.55, 47, 15533, 1328, 715, P0, 0x0000000000000000
2026/09/19 00:20:55.543, 1, 78, 84.58, 69, 15533, 1328, 715, P0, 0x0000000000000000
2026/09/19 00:20:56.547, 0, 78, 107.26, 52, 15533, 1328, 715, P0, 0x0000000000000000
2026/09/19 00:20:56.550, 1, 79, 99.60, 57, 15533, 1328, 715, P0, 0x0000000000000000
2026/09/19 00:20:57.559, 0, 79, 75.09, 49, 15533, 1328, 715, P0, 0x0000000000000000
2026/09/19 00:20:57.562, 1, 79, 98.74, 65, 15533, 1328, 715, P0, 0x0000000000000000
2026/09/19 00:20:58.571, 0, 78, 102.02, 46, 15533, 1278, 715, P0, 0x0000000000000020
2026/09/19 00:20:58.574, 1, 78, 68.59, 82, 15533, 1189, 715, P0, 0x0000000000000000
2026/09/19 00:20:59.582, 0, 79, 112.19, 57, 15533, 1063, 715, P0, 0x0000000000000000
2026/09/19 00:20:59.594, 1, 78, 113.74, 81, 15533, 1075, 715, P0, 0x0000000000000020
2026/09/19 00:21:00.608, 0, 78, 96.95, 60, 15533, 1328, 715, P0, 0x0000000000000000
2026/09/19 00:21:00.610, 1, 78, 77.41, 61, 15533, 1328, 715, P0, 0x0000000000000000
2026/09/19 00:21:01.622, 0, 79, 93.58, 63, 15533, 1215, 715, P0, 0x0000000000000000
2026/09/19 00:21:01.626, 1, 79, 69.11, 69, 15533, 1215, 715, P0, 0x0000000000000000
2026/09/19 00:21:02.631, 0, 78, 109.50, 40, 15533, 1316, 715, P0, 0x0000000000000000
2026/09/19 00:21:02.634, 1, 78, 109.83, 69, 15533, 1328, 715, P0, 0x0000000000000000
2026/09/19 00:21:03.646, 0, 78, 60.70, 68, 15533, 1328, 715, P0, 0x0000000000000000
2026/09/19 00:21:03.650, 1, 78, 97.83, 53, 15533, 1328, 715, P0, 0x0000000000000000
2026/09/19 00:21:04.654, 0, 78, 79.46, 97, 15533, 1189, 715, P0, 0x0000000000000000
2026/09/19 00:21:04.657, 1, 78, 84.66, 45, 15533, 1328, 715, P0, 0x0000000000000000
2026/09/19 00:21:05.663, 0, 79, 90.30, 45, 15533, 1063, 715, P0, 0x0000000000000020
2026/09/19 00:21:05.667, 1, 79, 62.40, 72, 15533, 1290, 715, P0, 0x0000000000000000
2026/09/19 00:21:06.687, 0, 78, 164.63, 63, 15533, 1164, 715, P0, 0x0000000000000020
2026/09/19 00:21:06.697, 1, 79, 194.86, 81, 15533, 1328, 715, P0, 0x0000000000000000
2026/09/19 00:21:07.714, 0, 78, 56.01, 40, 15533, 1328, 715, P0, 0x0000000000000000
2026/09/19 00:21:07.717, 1, 78, 63.68, 69, 15533, 1025, 715, P0, 0x0000000000000000
2026/09/19 00:21:08.723, 0, 78, 92.48, 48, 15533, 1328, 715, P0, 0x0000000000000000
2026/09/19 00:21:08.727, 1, 77, 49.41, 54, 15533, 1189, 715, P0, 0x0000000000000000
2026/09/19 00:21:09.732, 0, 78, 108.86, 61, 15533, 1328, 715, P0, 0x0000000000000000
2026/09/19 00:21:09.735, 1, 77, 81.52, 45, 15533, 1303, 715, P0, 0x0000000000000000
2026/09/19 00:21:10.745, 0, 79, 119.68, 56, 15533, 1328, 715, P0, 0x0000000000000000
2026/09/19 00:21:10.749, 1, 78, 102.65, 56, 15533, 1316, 715, P0, 0x0000000000000000
2026/09/19 00:21:11.758, 0, 78, 99.35, 71, 15533, 1316, 715, P0, 0x0000000000000000
2026/09/19 00:21:11.762, 1, 78, 84.92, 63, 15533, 1328, 715, P0, 0x0000000000000000
2026/09/19 00:21:12.772, 0, 78, 55.21, 93, 15533, 1278, 715, P0, 0x0000000000000000
2026/09/19 00:21:12.775, 1, 78, 106.36, 75, 15533, 1316, 715, P0, 0x0000000000000000
2026/09/19 00:21:13.780, 0, 79, 97.67, 77, 15533, 1303, 715, P0, 0x0000000000000000
2026/09/19 00:21:13.784, 1, 79, 69.33, 91, 15533, 1328, 715, P0, 0x0000000000000000
2026/09/19 00:21:14.790, 0, 78, 95.08, 45, 15533, 1328, 715, P0, 0x0000000000000000
2026/09/19 00:21:14.793, 1, 78, 64.47, 64, 15533, 1328, 715, P0, 0x0000000000000000
2026/09/19 00:21:15.804, 0, 79, 108.85, 96, 15533, 1328, 715, P0, 0x0000000000000000
2026/09/19 00:21:15.807, 1, 79, 114.81, 69, 15533, 1328, 715, P0, 0x0000000000000000
2026/09/19 00:21:16.818, 0, 78, 69.63, 43, 15533, 1328, 715, P0, 0x0000000000000000
2026/09/19 00:21:16.821, 1, 78, 96.44, 66, 15533, 1328, 715, P0, 0x0000000000000000
2026/09/19 00:21:17.830, 0, 78, 105.82, 73, 15533, 1316, 715, P0, 0x0000000000000020
2026/09/19 00:21:17.832, 1, 79, 101.93, 46, 15533, 1328, 715, P0, 0x0000000000000000
2026/09/19 00:21:18.849, 0, 78, 80.91, 90, 15533, 1189, 715, P0, 0x0000000000000000
2026/09/19 00:21:18.853, 1, 79, 72.45, 80, 15533, 1328, 715, P0, 0x0000000000000000
2026/09/19 00:21:19.858, 0, 79, 90.50, 51, 15533, 1227, 715, P0, 0x0000000000000000
2026/09/19 00:21:19.861, 1, 79, 69.32, 74, 15533, 1328, 715, P0, 0x0000000000000000
2026/09/19 00:21:20.870, 0, 79, 168.79, 58, 15533, 1278, 715, P0, 0x0000000000000020
2026/09/19 00:21:20.873, 1, 80, 191.53, 56, 15533, 1328, 715, P0, 0x0000000000000000
2026/09/19 00:21:21.880, 0, 78, 103.96, 44, 15533, 1328, 715, P0, 0x0000000000000000
2026/09/19 00:21:21.883, 1, 78, 78.12, 64, 15533, 1328, 715, P0, 0x0000000000000000
2026/09/19 00:21:22.887, 0, 79, 111.65, 71, 15533, 1328, 715, P0, 0x0000000000000000
2026/09/19 00:21:22.890, 1, 79, 93.15, 98, 15533, 1328, 715, P0, 0x0000000000000000
2026/09/19 00:21:23.900, 0, 78, 60.97, 43, 15533, 1328, 715, P0, 0x0000000000000000
2026/09/19 00:21:23.903, 1, 78, 99.28, 65, 15533, 1328, 715, P0, 0x0000000000000000
2026/09/19 00:21:24.912, 0, 78, 102.49, 51, 15533, 1328, 715, P0, 0x0000000000000000
2026/09/19 00:21:24.914, 1, 78, 71.67, 60, 15533, 1328, 715, P0, 0x0000000000000000
2026/09/19 00:21:25.925, 0, 78, 161.75, 52, 15533, 1328, 715, P0, 0x0000000000000000
2026/09/19 00:21:25.930, 1, 79, 168.70, 66, 15533, 1328, 715, P0, 0x0000000000000000
2026/09/19 00:21:26.949, 0, 79, 189.59, 49, 15533, 1290, 715, P0, 0x0000000000000020
2026/09/19 00:21:26.956, 1, 79, 173.94, 75, 15533, 1265, 715, P0, 0x0000000000000020
2026/09/19 00:21:27.973, 0, 78, 92.06, 60, 15533, 1328, 715, P0, 0x0000000000000000
2026/09/19 00:21:27.976, 1, 78, 89.03, 79, 15533, 1328, 715, P0, 0x0000000000000000
2026/09/19 00:21:28.985, 0, 78, 99.26, 91, 15533, 1316, 715, P0, 0x0000000000000020
2026/09/19 00:21:28.988, 1, 79, 82.22, 56, 15533, 1328, 715, P0, 0x0000000000000000
2026/09/19 00:21:29.996, 0, 78, 62.90, 60, 15533, 1328, 715, P0, 0x0000000000000000
2026/09/19 00:21:30.000, 1, 78, 94.52, 52, 15533, 1328, 715, P0, 0x0000000000000000
2026/09/19 00:21:31.008, 0, 79, 95.67, 73, 15533, 1316, 715, P0, 0x0000000000000000
2026/09/19 00:21:31.011, 1, 78, 86.26, 64, 15533, 1328, 715, P0, 0x0000000000000000
2026/09/19 00:21:32.017, 0, 78, 158.82, 42, 15533, 1328, 715, P0, 0x0000000000000000
2026/09/19 00:21:32.020, 1, 77, 91.96, 63, 15533, 670, 715, P0, 0x0000000000000020
2026/09/19 00:21:33.025, 0, 79, 195.31, 52, 15533, 1328, 715, P0, 0x0000000000000000
2026/09/19 00:21:33.028, 1, 77, 86.10, 62, 15533, 683, 715, P0, 0x0000000000000020
2026/09/19 00:21:34.048, 0, 78, 66.01, 53, 15533, 1328, 715, P0, 0x0000000000000000
2026/09/19 00:21:34.051, 1, 77, 94.23, 62, 15533, 1316, 715, P0, 0x0000000000000000
2026/09/19 00:21:35.063, 0, 77, 54.81, 100, 15533, 405, 715, P0, 0x0000000000000020
2026/09/19 00:21:35.075, 1, 77, 49.48, 7, 15533, 1189, 715, P0, 0x0000000000000000
2026/09/19 00:21:36.093, 0, 77, 78.01, 48, 15533, 1227, 715, P0, 0x0000000000000000
2026/09/19 00:21:36.096, 1, 77, 83.24, 48, 15533, 1328, 715, P0, 0x0000000000000000
2026/09/19 00:21:37.103, 0, 78, 80.44, 53, 15533, 1189, 715, P0, 0x0000000000000000
2026/09/19 00:21:37.112, 1, 78, 61.93, 68, 15533, 1316, 715, P0, 0x0000000000000000
2026/09/19 00:21:38.129, 0, 78, 71.52, 55, 15533, 1328, 715, P0, 0x0000000000000000
2026/09/19 00:21:38.132, 1, 78, 94.02, 63, 15533, 1328, 715, P0, 0x0000000000000000
2026/09/19 00:21:39.150, 0, 79, 93.46, 96, 15533, 1316, 715, P0, 0x0000000000000020
2026/09/19 00:21:39.153, 1, 79, 62.82, 84, 15533, 1328, 715, P0, 0x0000000000000000
2026/09/19 00:21:40.172, 0, 79, 117.02, 79, 15533, 1303, 715, P0, 0x0000000000000000
2026/09/19 00:21:40.176, 1, 79, 90.27, 91, 15533, 1328, 715, P0, 0x0000000000000000
2026/09/19 00:21:41.196, 0, 79, 71.52, 82, 15533, 1316, 715, P0, 0x0000000000000000
2026/09/19 00:21:41.199, 1, 79, 98.11, 94, 15533, 1328, 715, P0, 0x0000000000000000
2026/09/19 00:21:42.220, 0, 79, 61.56, 82, 15533, 1316, 715, P0, 0x0000000000000000
2026/09/19 00:21:42.223, 1, 79, 128.52, 95, 15533, 1328, 715, P0, 0x0000000000000000
2026/09/19 00:21:43.228, 0, 80, 101.92, 80, 15533, 1303, 715, P0, 0x0000000000000000
2026/09/19 00:21:43.231, 1, 79, 75.03, 88, 15533, 1328, 715, P0, 0x0000000000000000
2026/09/19 00:21:44.238, 0, 78, 93.17, 51, 15533, 1328, 715, P0, 0x0000000000000000
2026/09/19 00:21:44.241, 1, 78, 73.13, 65, 15533, 1328, 715, P0, 0x0000000000000000
2026/09/19 00:21:45.261, 0, 78, 122.42, 59, 15533, 1113, 715, P0, 0x0000000000000000
2026/09/19 00:21:45.265, 1, 79, 164.87, 68, 15533, 1328, 715, P0, 0x0000000000000000
2026/09/19 00:21:46.272, 0, 78, 71.72, 56, 15533, 1328, 715, P0, 0x0000000000000000
2026/09/19 00:21:46.275, 1, 78, 95.65, 58, 15533, 1328, 715, P0, 0x0000000000000000
2026/09/19 00:21:47.284, 0, 78, 105.45, 64, 15533, 1328, 715, P0, 0x0000000000000000
2026/09/19 00:21:47.287, 1, 79, 82.45, 58, 15533, 1328, 715, P0, 0x0000000000000000
2026/09/19 00:21:48.294, 0, 78, 77.25, 53, 15533, 1328, 715, P0, 0x0000000000000000
2026/09/19 00:21:48.297, 1, 78, 99.20, 63, 15533, 1328, 715, P0, 0x0000000000000000
2026/09/19 00:21:49.303, 0, 78, 155.17, 54, 15533, 1328, 715, P0, 0x0000000000000000
2026/09/19 00:21:49.306, 1, 79, 177.22, 61, 15533, 1328, 715, P0, 0x0000000000000000
2026/09/19 00:21:50.312, 0, 78, 95.76, 63, 15533, 1328, 715, P0, 0x0000000000000000
2026/09/19 00:21:50.315, 1, 79, 64.02, 47, 15533, 1328, 715, P0, 0x0000000000000000
2026/09/19 00:21:51.326, 0, 79, 155.38, 43, 15533, 1303, 715, P0, 0x0000000000000000
2026/09/19 00:21:51.330, 1, 79, 120.10, 66, 15533, 1303, 715, P0, 0x0000000000000000
2026/09/19 00:21:52.337, 0, 78, 77.31, 62, 15533, 1328, 715, P0, 0x0000000000000000
2026/09/19 00:21:52.339, 1, 78, 93.55, 48, 15533, 1328, 715, P0, 0x0000000000000000
2026/09/19 00:21:53.347, 0, 79, 94.06, 78, 15533, 1278, 715, P0, 0x0000000000000000
2026/09/19 00:21:53.351, 1, 79, 68.36, 61, 15533, 1328, 715, P0, 0x0000000000000000
2026/09/19 00:21:54.356, 0, 79, 64.09, 89, 15533, 1303, 715, P0, 0x0000000000000000
2026/09/19 00:21:54.359, 1, 79, 90.44, 52, 15533, 1328, 715, P0, 0x0000000000000000
2026/09/19 00:21:55.366, 0, 79, 59.04, 90, 15533, 1240, 715, P0, 0x0000000000000000
2026/09/19 00:21:55.369, 1, 79, 93.39, 48, 15533, 1328, 715, P0, 0x0000000000000000
2026/09/19 00:21:56.377, 0, 78, 85.43, 42, 15533, 1278, 715, P0, 0x0000000000000000
2026/09/19 00:21:56.384, 1, 79, 71.97, 60, 15533, 1328, 715, P0, 0x0000000000000000
2026/09/19 00:21:57.400, 0, 79, 169.37, 68, 15533, 1265, 715, P0, 0x0000000000000020
2026/09/19 00:21:57.407, 1, 79, 150.55, 69, 15533, 1227, 715, P0, 0x0000000000000020
2026/09/19 00:21:58.420, 0, 79, 97.21, 46, 15533, 1328, 715, P0, 0x0000000000000000
2026/09/19 00:21:58.426, 1, 78, 62.83, 65, 15533, 1328, 715, P0, 0x0000000000000000
2026/09/19 00:21:59.431, 0, 79, 151.96, 69, 15533, 1215, 715, P0, 0x0000000000000000
2026/09/19 00:21:59.434, 1, 79, 146.31, 81, 15533, 1316, 715, P0, 0x0000000000000020
2026/09/19 00:22:00.442, 0, 79, 172.94, 54, 15533, 1265, 715, P0, 0x0000000000000020
2026/09/19 00:22:00.448, 1, 79, 190.82, 58, 15533, 1316, 715, P0, 0x0000000000000020
2026/09/19 00:22:01.456, 0, 79, 165.77, 55, 15533, 1252, 715, P0, 0x0000000000000020
2026/09/19 00:22:01.459, 1, 79, 163.20, 66, 15533, 1265, 715, P0, 0x0000000000000000
2026/09/19 00:22:02.462, 0, 79, 165.02, 51, 15533, 1252, 715, P0, 0x0000000000000020
2026/09/19 00:22:02.466, 1, 79, 173.67, 70, 15533, 1303, 715, P0, 0x0000000000000020
2026/09/19 00:22:03.473, 0, 78, 161.95, 73, 15533, 1328, 715, P0, 0x0000000000000000
2026/09/19 00:22:03.476, 1, 79, 178.52, 66, 15533, 1328, 715, P0, 0x0000000000000000
2026/09/19 00:22:04.483, 0, 79, 62.39, 59, 15533, 1328, 715, P0, 0x0000000000000000
2026/09/19 00:22:04.486, 1, 79, 92.12, 62, 15533, 1328, 715, P0, 0x0000000000000000
2026/09/19 00:22:05.498, 0, 79, 130.41, 49, 15533, 873, 715, P0, 0x0000000000000020
2026/09/19 00:22:05.505, 1, 79, 194.94, 55, 15533, 1328, 715, P0, 0x0000000000000000
2026/09/19 00:22:06.523, 0, 78, 64.80, 75, 15533, 1316, 715, P0, 0x0000000000000000
2026/09/19 00:22:06.527, 1, 79, 96.88, 51, 15533, 1328, 715, P0, 0x0000000000000000
2026/09/19 00:22:07.544, 0, 78, 70.80, 97, 15533, 1252, 715, P0, 0x0000000000000000
2026/09/19 00:22:07.547, 1, 79, 91.06, 93, 15533, 1328, 715, P0, 0x0000000000000000
2026/09/19 00:22:08.567, 0, 78, 91.69, 94, 15533, 1240, 715, P0, 0x0000000000000000
2026/09/19 00:22:08.573, 1, 78, 77.29, 56, 15533, 1328, 715, P0, 0x0000000000000000
2026/09/19 00:22:09.591, 0, 78, 95.27, 77, 15533, 1265, 715, P0, 0x0000000000000000
2026/09/19 00:22:09.594, 1, 79, 69.31, 77, 15533, 1316, 715, P0, 0x0000000000000000
2026/09/19 00:22:10.600, 0, 79, 91.73, 59, 15533, 1290, 715, P0, 0x0000000000000000
2026/09/19 00:22:10.606, 1, 79, 69.52, 90, 15533, 1328, 715, P0, 0x0000000000000000
2026/09/19 00:22:11.617, 0, 78, 94.18, 47, 15533, 1328, 715, P0, 0x0000000000000000
2026/09/19 00:22:11.621, 1, 78, 143.15, 64, 15533, 1328, 715, P0, 0x0000000000000000
2026/09/19 00:22:12.628, 0, 78, 78.62, 100, 15533, 999, 715, P0, 0x0000000000000000
2026/09/19 00:22:12.636, 1, 79, 62.66, 97, 15533, 1328, 715, P0, 0x0000000000000000
2026/09/19 00:22:13.641, 0, 78, 99.98, 44, 15533, 1328, 715, P0, 0x0000000000000000
2026/09/19 00:22:13.644, 1, 78, 77.22, 64, 15533, 1278, 715, P0, 0x0000000000000020
2026/09/19 00:22:14.649, 0, 78, 95.50, 70, 15533, 1316, 715, P0, 0x0000000000000000
2026/09/19 00:22:14.656, 1, 78, 80.07, 78, 15533, 1303, 715, P0, 0x0000000000000000
2026/09/19 00:22:15.668, 0, 79, 58.08, 95, 15533, 1316, 715, P0, 0x0000000000000020
2026/09/19 00:22:15.671, 1, 78, 87.61, 97, 15533, 1252, 715, P0, 0x0000000000000000
2026/09/19 00:22:16.680, 0, 80, 123.96, 75, 15533, 1303, 715, P0, 0x0000000000000000
2026/09/19 00:22:16.683, 1, 79, 101.60, 74, 15533, 1316, 715, P0, 0x0000000000000020
2026/09/19 00:22:17.689, 0, 79, 192.70, 60, 15533, 1316, 715, P0, 0x0000000000000020
2026/09/19 00:22:17.696, 1, 79, 195.43, 63, 15533, 1303, 715, P0, 0x0000000000000020
2026/09/19 00:22:18.716, 0, 78, 116.82, 61, 15533, 1328, 715, P0, 0x0000000000000000
2026/09/19 00:22:18.719, 1, 79, 140.16, 52, 15533, 1328, 715, P0, 0x0000000000000000
2026/09/19 00:22:19.731, 0, 78, 106.59, 57, 15533, 1328, 715, P0, 0x0000000000000000
2026/09/19 00:22:19.734, 1, 78, 107.78, 62, 15533, 1189, 715, P0, 0x0000000000000000
2026/09/19 00:22:20.747, 0, 78, 59.11, 92, 15533, 1189, 715, P0, 0x0000000000000000
2026/09/19 00:22:20.750, 1, 78, 72.33, 98, 15533, 1189, 715, P0, 0x0000000000000000
2026/09/19 00:22:21.759, 0, 79, 155.72, 56, 15533, 1227, 715, P0, 0x0000000000000020
2026/09/19 00:22:21.763, 1, 78, 129.31, 61, 15533, 1164, 715, P0, 0x0000000000000000
2026/09/19 00:22:22.781, 0, 79, 192.43, 46, 15533, 1303, 715, P0, 0x0000000000000020
2026/09/19 00:22:22.786, 1, 79, 169.07, 77, 15533, 1252, 715, P0, 0x0000000000000020
2026/09/19 00:22:23.807, 0, 78, 60.98, 67, 15533, 1328, 715, P0, 0x0000000000000000
2026/09/19 00:22:23.810, 1, 78, 93.04, 55, 15533, 1328, 715, P0, 0x0000000000000000
2026/09/19 00:22:24.823, 0, 79, 65.46, 45, 15533, 1328, 715, P0, 0x0000000000000000
2026/09/19 00:22:24.827, 1, 78, 128.22, 62, 15533, 1328, 715, P0, 0x0000000000000000
2026/09/19 00:22:25.833, 0, 79, 73.71, 67, 15533, 1240, 715, P0, 0x0000000000000000
2026/09/19 00:22:25.836, 1, 79, 89.52, 69, 15533, 1328, 715, P0, 0x0000000000000000
2026/09/19 00:22:26.844, 0, 78, 103.56, 58, 15533, 1328, 715, P0, 0x0000000000000000
2026/09/19 00:22:26.849, 1, 78, 74.30, 65, 15533, 1328, 715, P0, 0x0000000000000000
2026/09/19 00:22:27.868, 0, 79, 57.55, 75, 15533, 1328, 715, P0, 0x0000000000000000
2026/09/19 00:22:27.871, 1, 79, 101.93, 72, 15533, 1328, 715, P0, 0x0000000000000000
2026/09/19 00:22:28.877, 0, 80, 96.65, 94, 15533, 1303, 715, P0, 0x0000000000000000
2026/09/19 00:22:28.880, 1, 79, 76.71, 90, 15533, 1328, 715, P0, 0x0000000000000000
2026/09/19 00:22:29.886, 0, 79, 89.36, 91, 15533, 1227, 715, P0, 0x0000000000000000
2026/09/19 00:22:29.889, 1, 80, 67.91, 85, 15533, 1328, 715, P0, 0x0000000000000000
2026/09/19 00:22:30.896, 0, 79, 148.42, 76, 15533, 1202, 715, P0, 0x0000000000000000
2026/09/19 00:22:30.899, 1, 80, 200.47, 76, 15533, 1328, 715, P0, 0x0000000000000000
2026/09/19 00:22:31.907, 0, 78, 79.30, 78, 15533, 1265, 715, P0, 0x0000000000000000
2026/09/19 00:22:31.911, 1, 79, 154.74, 68, 15533, 1328, 715, P0, 0x0000000000000000
2026/09/19 00:22:32.917, 0, 78, 112.11, 74, 15533, 1050, 715, P0, 0x0000000000000000
2026/09/19 00:22:32.920, 1, 79, 76.66, 74, 15533, 1290, 715, P0, 0x0000000000000000
2026/09/19 00:22:33.928, 0, 78, 98.89, 44, 15533, 1328, 715, P0, 0x0000000000000000
2026/09/19 00:22:33.931, 1, 78, 85.82, 48, 15533, 1328, 715, P0, 0x0000000000000000
2026/09/19 00:22:34.940, 0, 79, 152.45, 60, 15533, 1202, 715, P0, 0x0000000000000020
2026/09/19 00:22:34.943, 1, 79, 199.05, 65, 15533, 1328, 715, P0, 0x0000000000000000
2026/09/19 00:22:35.953, 0, 78, 98.07, 52, 15533, 1328, 715, P0, 0x0000000000000000
2026/09/19 00:22:35.956, 1, 79, 92.49, 68, 15533, 1328, 715, P0, 0x0000000000000000
2026/09/19 00:22:36.964, 0, 79, 93.56, 46, 15533, 1328, 715, P0, 0x0000000000000000
2026/09/19 00:22:36.969, 1, 78, 83.01, 64, 15533, 1303, 715, P0, 0x0000000000000000
2026/09/19 00:22:37.984, 0, 79, 77.83, 67, 15533, 1328, 715, P0, 0x0000000000000000
2026/09/19 00:22:37.988, 1, 78, 75.39, 97, 15533, 1189, 715, P0, 0x0000000000000000
2026/09/19 00:22:39.003, 0, 79, 57.46, 89, 15533, 1316, 715, P0, 0x0000000000000000
2026/09/19 00:22:39.012, 1, 78, 52.83, 67, 15533, 1316, 715, P0, 0x0000000000000020
2026/09/19 00:22:40.029, 0, 78, 164.09, 58, 15533, 1328, 715, P0, 0x0000000000000000
2026/09/19 00:22:40.032, 1, 78, 174.73, 65, 15533, 1328, 715, P0, 0x0000000000000000
2026/09/19 00:22:41.042, 0, 78, 84.47, 97, 15533, 1189, 715, P0, 0x0000000000000000
2026/09/19 00:22:41.049, 1, 78, 78.44, 36, 15533, 1316, 715, P0, 0x0000000000000000
2026/09/19 00:22:42.055, 0, 78, 93.35, 61, 15533, 1328, 715, P0, 0x0000000000000000
2026/09/19 00:22:42.058, 1, 78, 62.58, 66, 15533, 1328, 715, P0, 0x0000000000000000
2026/09/19 00:22:43.062, 0, 78, 81.70, 94, 15533, 1189, 715, P0, 0x0000000000000000
2026/09/19 00:22:43.065, 1, 79, 77.93, 63, 15533, 1328, 715, P0, 0x0000000000000000
2026/09/19 00:22:44.086, 0, 78, 84.79, 79, 15533, 1202, 715, P0, 0x0000000000000000
2026/09/19 00:22:44.089, 1, 79, 65.02, 69, 15533, 1316, 715, P0, 0x0000000000000000
2026/09/19 00:22:45.098, 0, 79, 61.71, 85, 15533, 1316, 715, P0, 0x0000000000000020
2026/09/19 00:22:45.101, 1, 79, 92.84, 99, 15533, 1316, 715, P0, 0x0000000000000000
2026/09/19 00:22:46.108, 0, 80, 101.47, 96, 15533, 1316, 715, P0, 0x0000000000000020
2026/09/19 00:22:46.111, 1, 79, 75.09, 80, 15533, 1316, 715, P0, 0x0000000000000000
2026/09/19 00:22:47.117, 0, 78, 127.28, 43, 15533, 1328, 715, P0, 0x0000000000000000
2026/09/19 00:22:47.120, 1, 78, 134.53, 47, 15533, 1328, 715, P0, 0x0000000000000000
2026/09/19 00:22:48.127, 0, 79, 78.08, 98, 15533, 1189, 715, P0, 0x0000000000000000
2026/09/19 00:22:48.130, 1, 79, 64.06, 93, 15533, 1328, 715, P0, 0x0000000000000000
2026/09/19 00:22:49.143, 0, 78, 65.25, 62, 15533, 1328, 715, P0, 0x0000000000000000
2026/09/19 00:22:49.146, 1, 79, 97.61, 64, 15533, 1328, 715, P0, 0x0000000000000000
2026/09/19 00:22:50.158, 0, 79, 104.51, 88, 15533, 1316, 715, P0, 0x0000000000000000
2026/09/19 00:22:50.163, 1, 79, 81.27, 99, 15533, 1290, 715, P0, 0x0000000000000000
2026/09/19 00:22:51.172, 0, 79, 95.47, 76, 15533, 1316, 715, P0, 0x0000000000000000
2026/09/19 00:22:51.175, 1, 79, 75.08, 93, 15533, 1316, 715, P0, 0x0000000000000000
2026/09/19 00:22:52.196, 0, 79, 96.42, 87, 15533, 1316, 715, P0, 0x0000000000000000
2026/09/19 00:22:52.199, 1, 79, 76.97, 99, 15533, 1316, 715, P0, 0x0000000000000000
2026/09/19 00:22:53.209, 0, 78, 55.27, 96, 15533, 1316, 715, P0, 0x0000000000000000
2026/09/19 00:22:53.212, 1, 79, 58.85, 92, 15533, 1316, 715, P0, 0x0000000000000000
2026/09/19 00:22:54.220, 0, 78, 150.18, 60, 15533, 1328, 715, P0, 0x0000000000000000
2026/09/19 00:22:54.223, 1, 79, 169.91, 66, 15533, 1328, 715, P0, 0x0000000000000000
2026/09/19 00:22:55.231, 0, 78, 92.68, 95, 15533, 1316, 715, P0, 0x0000000000000000
2026/09/19 00:22:55.234, 1, 79, 65.23, 47, 15533, 1328, 715, P0, 0x0000000000000000
2026/09/19 00:22:56.246, 0, 78, 64.80, 45, 15533, 1328, 715, P0, 0x0000000000000000
2026/09/19 00:22:56.249, 1, 78, 97.65, 62, 15533, 1328, 715, P0, 0x0000000000000000
2026/09/19 00:22:57.259, 0, 79, 101.14, 70, 15533, 1328, 715, P0, 0x0000000000000000
2026/09/19 00:22:57.263, 1, 79, 84.82, 64, 15533, 1328, 715, P0, 0x0000000000000000
2026/09/19 00:22:58.274, 0, 79, 97.48, 68, 15533, 1316, 715, P0, 0x0000000000000000
2026/09/19 00:22:58.279, 1, 79, 68.10, 64, 15533, 1328, 715, P0, 0x0000000000000000
2026/09/19 00:22:59.287, 0, 79, 73.21, 95, 15533, 1316, 715, P0, 0x0000000000000000
2026/09/19 00:22:59.290, 1, 78, 89.99, 65, 15533, 1328, 715, P0, 0x0000000000000000
2026/09/19 00:23:00.299, 0, 78, 59.78, 86, 15533, 1240, 715, P0, 0x0000000000000000
2026/09/19 00:23:00.302, 1, 78, 89.15, 77, 15533, 1316, 715, P0, 0x0000000000000000
2026/09/19 00:23:01.313, 0, 78, 136.92, 45, 15533, 1328, 715, P0, 0x0000000000000000
2026/09/19 00:23:01.316, 1, 79, 162.90, 60, 15533, 1328, 715, P0, 0x0000000000000000
2026/09/19 00:23:02.323, 0, 78, 81.25, 97, 15533, 1189, 715, P0, 0x0000000000000000
2026/09/19 00:23:02.328, 1, 79, 56.38, 48, 15533, 1189, 715, P0, 0x0000000000000000
2026/09/19 00:23:03.337, 0, 78, 98.64, 60, 15533, 1328, 715, P0, 0x0000000000000000
2026/09/19 00:23:03.342, 1, 78, 64.51, 59, 15533, 1316, 715, P0, 0x0000000000000000
2026/09/19 00:23:04.348, 0, 78, 91.73, 66, 15533, 1328, 715, P0, 0x0000000000000000
2026/09/19 00:23:04.352, 1, 78, 62.11, 80, 15533, 1265, 715, P0, 0x0000000000000000
2026/09/19 00:23:05.362, 0, 78, 92.85, 73, 15533, 1316, 715, P0, 0x0000000000000020
2026/09/19 00:23:05.364, 1, 78, 71.93, 78, 15533, 1303, 715, P0, 0x0000000000000000
2026/09/19 00:23:06.374, 0, 79, 60.74, 96, 15533, 1290, 715, P0, 0x0000000000000000
2026/09/19 00:23:06.377, 1, 79, 91.17, 98, 15533, 1290, 715, P0, 0x0000000000000000
2026/09/19 00:23:07.383, 0, 79, 72.30, 97, 15533, 1278, 715, P0, 0x0000000000000000
2026/09/19 00:23:07.386, 1, 79, 92.64, 81, 15533, 1316, 715, P0, 0x0000000000000000
2026/09/19 00:23:08.407, 0, 79, 88.07, 59, 15533, 1328, 715, P0, 0x0000000000000000
2026/09/19 00:23:08.410, 1, 78, 89.15, 63, 15533, 1328, 715, P0, 0x0000000000000000
2026/09/19 00:23:09.413, 0, 79, 58.32, 95, 15533, 1316, 715, P0, 0x0000000000000000
2026/09/19 00:23:09.417, 1, 79, 90.69, 98, 15533, 1316, 715, P0, 0x0000000000000000
2026/09/19 00:23:10.434, 0, 78, 97.18, 44, 15533, 1328, 715, P0, 0x0000000000000000
2026/09/19 00:23:10.436, 1, 78, 66.67, 58, 15533, 1328, 715, P0, 0x0000000000000000
2026/09/19 00:23:11.445, 0, 79, 62.63, 74, 15533, 1303, 715, P0, 0x0000000000000000
2026/09/19 00:23:11.448, 1, 79, 99.29, 90, 15533, 1328, 715, P0, 0x0000000000000000
2026/09/19 00:23:12.469, 0, 78, 69.25, 79, 15533, 1126, 715, P0, 0x0000000000000000
2026/09/19 00:23:12.479, 1, 79, 58.35, 67, 15533, 1328, 715, P0, 0x0000000000000000
2026/09/19 00:23:13.491, 0, 79, 121.78, 53, 15533, 1050, 715, P0, 0x0000000000000020
2026/09/19 00:23:13.502, 1, 79, 176.94, 77, 15533, 1303, 715, P0, 0x0000000000000020
2026/09/19 00:23:14.520, 0, 78, 121.64, 54, 15533, 1328, 715, P0, 0x0000000000000000
2026/09/19 00:23:14.523, 1, 78, 155.89, 59, 15533, 1328, 715, P0, 0x0000000000000000
2026/09/19 00:23:15.534, 0, 78, 107.98, 74, 15533, 1316, 715, P0, 0x0000000000000000
2026/09/19 00:23:15.537, 1, 78, 143.62, 49, 15533, 1328, 715, P0, 0x0000000000000000
2026/09/19 00:23:16.547, 0, 79, 180.65, 60, 15533, 1290, 715, P0, 0x0000000000000020
2026/09/19 00:23:16.550, 1, 79, 193.72, 65, 15533, 1328, 715, P0, 0x0000000000000000
2026/09/19 00:23:17.558, 0, 78, 70.79, 95, 15533, 1316, 715, P0, 0x0000000000000000
2026/09/19 00:23:17.563, 1, 79, 96.20, 62, 15533, 1328, 715, P0, 0x0000000000000000
2026/09/19 00:23:18.572, 0, 79, 90.22, 74, 15533, 708, 715, P0, 0x0000000000000020
2026/09/19 00:23:18.575, 1, 80, 199.94, 62, 15533, 1328, 715, P0, 0x0000000000000000
2026/09/19 00:23:19.585, 0, 78, 105.86, 52, 15533, 1328, 715, P0, 0x0000000000000000
2026/09/19 00:23:19.588, 1, 79, 104.36, 59, 15533, 1328, 715, P0, 0x0000000000000000
2026/09/19 00:23:20.596, 0, 78, 57.35, 67, 15533, 1316, 715, P0, 0x0000000000000000
2026/09/19 00:23:20.600, 1, 79, 96.41, 63, 15533, 1328, 715, P0, 0x0000000000000000
2026/09/19 00:23:21.608, 0, 78, 60.02, 96, 15533, 1278, 715, P0, 0x0000000000000000
2026/09/19 00:23:21.611, 1, 79, 86.89, 93, 15533, 1278, 715, P0, 0x0000000000000000
2026/09/19 00:23:22.619, 0, 79, 158.51, 80, 15533, 1240, 715, P0, 0x0000000000000000
2026/09/19 00:23:22.626, 1, 80, 162.53, 77, 15533, 1265, 715, P0, 0x0000000000000000
2026/09/19 00:23:23.641, 0, 78, 97.62, 43, 15533, 1328, 715, P0, 0x0000000000000000
2026/09/19 00:23:23.644, 1, 78, 66.69, 59, 15533, 1316, 715, P0, 0x0000000000000000
2026/09/19 00:23:24.655, 0, 79, 178.57, 61, 15533, 1303, 715, P0, 0x0000000000000020
2026/09/19 00:23:24.658, 1, 79, 166.84, 50, 15533, 1290, 715, P0, 0x0000000000000020
2026/09/19 00:23:25.667, 0, 78, 72.81, 59, 15533, 1164, 715, P0, 0x0000000000000000
2026/09/19 00:23:25.674, 1, 78, 63.87, 55, 15533, 1328, 715, P0, 0x0000000000000000
2026/09/19 00:23:26.684, 0, 78, 95.06, 79, 15533, 974, 715, P0, 0x0000000000000000
2026/09/19 00:23:26.687, 1, 79, 61.62, 80, 15533, 1328, 715, P0, 0x0000000000000000
2026/09/19 00:23:27.694, 0, 79, 142.19, 63, 15533, 1101, 715, P0, 0x0000000000000020
2026/09/19 00:23:27.699, 1, 79, 192.96, 75, 15533, 1328, 715, P0, 0x0000000000000000
2026/09/19 00:23:28.705, 0, 78, 94.61, 64, 15533, 1328, 715, P0, 0x0000000000000000
2026/09/19 00:23:28.708, 1, 78, 63.55, 69, 15533, 1328, 715, P0, 0x0000000000000000
2026/09/19 00:23:29.717, 0, 78, 94.71, 43, 15533, 1328, 715, P0, 0x0000000000000000
2026/09/19 00:23:29.721, 1, 79, 74.08, 64, 15533, 1328, 715, P0, 0x0000000000000000
2026/09/19 00:23:30.726, 0, 80, 105.40, 67, 15533, 1290, 715, P0, 0x0000000000000000
2026/09/19 00:23:30.728, 1, 79, 77.64, 98, 15533, 1328, 715, P0, 0x0000000000000000
2026/09/19 00:23:31.738, 0, 78, 78.96, 48, 15533, 1328, 715, P0, 0x0000000000000000
2026/09/19 00:23:31.741, 1, 78, 90.16, 50, 15533, 1328, 715, P0, 0x0000000000000000
2026/09/19 00:23:32.750, 0, 79, 126.39, 62, 15533, 1303, 715, P0, 0x0000000000000000
2026/09/19 00:23:32.753, 1, 80, 98.06, 97, 15533, 1303, 715, P0, 0x0000000000000000
2026/09/19 00:23:33.760, 0, 79, 196.00, 49, 15533, 1328, 715, P0, 0x0000000000000000
2026/09/19 00:23:33.765, 1, 79, 184.67, 57, 15533, 1316, 715, P0, 0x0000000000000020
2026/09/19 00:23:34.774, 0, 78, 147.03, 63, 15533, 1328, 715, P0, 0x0000000000000000
2026/09/19 00:23:34.780, 1, 79, 163.28, 65, 15533, 1328, 715, P0, 0x0000000000000000
2026/09/19 00:23:35.787, 0, 78, 99.59, 49, 15533, 1328, 715, P0, 0x0000000000000000
2026/09/19 00:23:35.790, 1, 78, 68.09, 51, 15533, 1328, 715, P0, 0x0000000000000000
2026/09/19 00:23:36.801, 0, 78, 79.03, 97, 15533, 1189, 715, P0, 0x0000000000000000
2026/09/19 00:23:36.804, 1, 78, 68.64, 59, 15533, 1328, 715, P0, 0x0000000000000000
2026/09/19 00:23:37.812, 0, 79, 157.36, 51, 15533, 1189, 715, P0, 0x0000000000000020
2026/09/19 00:23:37.815, 1, 79, 195.12, 55, 15533, 1328, 715, P0, 0x0000000000000000
2026/09/19 00:23:38.822, 0, 78, 67.00, 55, 15533, 1328, 715, P0, 0x0000000000000000
2026/09/19 00:23:38.827, 1, 79, 83.32, 61, 15533, 1265, 715, P0, 0x0000000000000000
2026/09/19 00:23:39.838, 0, 78, 187.64, 55, 15533, 1328, 715, P0, 0x0000000000000000
2026/09/19 00:23:39.840, 1, 79, 154.58, 56, 15533, 1202, 715, P0, 0x0000000000000020
2026/09/19 00:23:40.846, 0, 78, 102.91, 51, 15533, 1328, 715, P0, 0x0000000000000000
2026/09/19 00:23:40.849, 1, 78, 74.31, 60, 15533, 1328, 715, P0, 0x0000000000000000
2026/09/19 00:23:41.858, 0, 79, 102.18, 49, 15533, 1328, 715, P0, 0x0000000000000000
2026/09/19 00:23:41.861, 1, 78, 66.63, 64, 15533, 1328, 715, P0, 0x0000000000000000
2026/09/19 00:23:42.874, 0, 79, 105.93, 52, 15533, 1328, 715, P0, 0x0000000000000000
2026/09/19 00:23:42.876, 1, 78, 84.58, 57, 15533, 1328, 715, P0, 0x0000000000000000
2026/09/19 00:23:43.883, 0, 78, 109.82, 42, 15533, 1328, 715, P0, 0x0000000000000000
2026/09/19 00:23:43.886, 1, 78, 80.55, 79, 15533, 1290, 715, P0, 0x0000000000000000
2026/09/19 00:23:44.890, 0, 79, 154.53, 62, 15533, 1202, 715, P0, 0x0000000000000020
2026/09/19 00:23:44.892, 1, 79, 126.30, 47, 15533, 1113, 715, P0, 0x0000000000000020
2026/09/19 00:23:45.905, 0, 78, 67.47, 61, 15533, 1328, 715, P0, 0x0000000000000000
2026/09/19 00:23:45.908, 1, 78, 87.83, 64, 15533, 1328, 715, P0, 0x0000000000000000
2026/09/19 00:23:46.932, 0, 79, 176.21, 41, 15533, 1278, 715, P0, 0x0000000000000020
2026/09/19 00:23:46.935, 1, 79, 168.51, 69, 15533, 1265, 715, P0, 0x0000000000000020
2026/09/19 00:23:47.958, 0, 79, 139.87, 52, 15533, 1328, 715, P0, 0x0000000000000000
2026/09/19 00:23:47.961, 1, 78, 162.26, 60, 15533, 1328, 715, P0, 0x0000000000000000
2026/09/19 00:23:48.967, 0, 79, 90.32, 53, 15533, 1328, 715, P0, 0x0000000000000000
2026/09/19 00:23:48.973, 1, 78, 127.09, 57, 15533, 1328, 715, P0, 0x0000000000000000
2026/09/19 00:23:49.980, 0, 79, 98.58, 60, 15533, 1328, 715, P0, 0x0000000000000000
2026/09/19 00:23:49.983, 1, 79, 80.07, 64, 15533, 1328, 715, P0, 0x0000000000000000
2026/09/19 00:23:50.993, 0, 79, 91.47, 43, 15533, 1328, 715, P0, 0x0000000000000000
2026/09/19 00:23:50.997, 1, 79, 68.75, 63, 15533, 1328, 715, P0, 0x0000000000000000
2026/09/19 00:23:52.005, 0, 79, 95.03, 68, 15533, 1240, 715, P0, 0x0000000000000000
2026/09/19 00:23:52.007, 1, 79, 67.63, 97, 15533, 1252, 715, P0, 0x0000000000000000
2026/09/19 00:23:53.012, 0, 79, 62.39, 43, 15533, 1328, 715, P0, 0x0000000000000000
2026/09/19 00:23:53.015, 1, 78, 93.14, 58, 15533, 1328, 715, P0, 0x0000000000000000
2026/09/19 00:23:54.021, 0, 79, 101.37, 65, 15533, 1189, 715, P0, 0x0000000000000000
2026/09/19 00:23:54.026, 1, 79, 77.46, 92, 15533, 1316, 715, P0, 0x0000000000000020
2026/09/19 00:23:55.045, 0, 79, 140.82, 53, 15533, 1177, 715, P0, 0x0000000000000020
2026/09/19 00:23:55.049, 1, 79, 175.30, 61, 15533, 1303, 715, P0, 0x0000000000000020
2026/09/19 00:23:56.067, 0, 79, 160.46, 52, 15533, 1189, 715, P0, 0x0000000000000020
2026/09/19 00:23:56.074, 1, 79, 148.57, 60, 15533, 1189, 715, P0, 0x0000000000000020
2026/09/19 00:23:57.088, 0, 78, 101.04, 46, 15533, 1328, 715, P0, 0x0000000000000000
2026/09/19 00:23:57.092, 1, 78, 138.15, 52, 15533, 1328, 715, P0, 0x0000000000000000
2026/09/19 00:23:58.098, 0, 79, 97.40, 73, 15533, 1328, 715, P0, 0x0000000000000000
2026/09/19 00:23:58.101, 1, 78, 86.07, 55, 15533, 1328, 715, P0, 0x0000000000000000
2026/09/19 00:23:59.114, 0, 79, 74.20, 97, 15533, 1189, 715, P0, 0x0000000000000000
2026/09/19 00:23:59.117, 1, 79, 57.38, 75, 15533, 1303, 715, P0, 0x0000000000000000
2026/09/19 00:24:00.129, 0, 78, 67.42, 63, 15533, 1328, 715, P0, 0x0000000000000000
2026/09/19 00:24:00.136, 1, 78, 93.33, 63, 15533, 1328, 715, P0, 0x0000000000000000
2026/09/19 00:24:01.141, 0, 79, 127.29, 74, 15533, 1202, 715, P0, 0x0000000000000000
2026/09/19 00:24:01.145, 1, 80, 86.96, 96, 15533, 1328, 715, P0, 0x0000000000000000
2026/09/19 00:24:02.165, 0, 80, 158.85, 59, 15533, 1240, 715, P0, 0x0000000000000020
2026/09/19 00:24:02.168, 1, 79, 174.40, 82, 15533, 1303, 715, P0, 0x0000000000000020
2026/09/19 00:24:03.175, 0, 79, 131.96, 53, 15533, 1139, 715, P0, 0x0000000000000020
2026/09/19 00:24:03.182, 1, 79, 167.93, 79, 15533, 1290, 715, P0, 0x0000000000000020
2026/09/19 00:24:04.186, 0, 78, 173.71, 63, 15533, 1316, 715, P0, 0x0000000000000020
2026/09/19 00:24:04.189, 1, 79, 184.42, 62, 15533, 1316, 715, P0, 0x0000000000000020
2026/09/19 00:24:05.216, 0, 79, 99.52, 53, 15533, 1328, 715, P0, 0x0000000000000000
2026/09/19 00:24:05.221, 1, 79, 78.84, 64, 15533, 1328, 715, P0, 0x0000000000000000
2026/09/19 00:24:06.227, 0, 79, 54.00, 98, 15533, 1240, 715, P0, 0x0000000000000000
2026/09/19 00:24:06.230, 1, 79, 93.39, 79, 15533, 1316, 715, P0, 0x0000000000000000
2026/09/19 00:24:07.242, 0, 78, 79.22, 60, 15533, 1189, 715, P0, 0x0000000000000000
2026/09/19 00:24:07.245, 1, 78, 84.87, 65, 15533, 1328, 715, P0, 0x0000000000000000
2026/09/19 00:24:08.263, 0, 79, 73.79, 68, 15533, 1189, 715, P0, 0x0000000000000000
2026/09/19 00:24:08.267, 1, 79, 59.06, 97, 15533, 1316, 715, P0, 0x0000000000000000
2026/09/19 00:24:09.278, 0, 79, 123.58, 52, 15533, 1101, 715, P0, 0x0000000000000020
2026/09/19 00:24:09.287, 1, 80, 191.73, 60, 15533, 1328, 715, P0, 0x0000000000000000
2026/09/19 00:24:10.302, 0, 78, 173.55, 53, 15533, 1227, 715, P0, 0x0000000000000020
2026/09/19 00:24:10.307, 1, 79, 180.63, 63, 15533, 1316, 715, P0, 0x0000000000000020
2026/09/19 00:24:11.313, 0, 79, 75.34, 65, 15533, 1328, 715, P0, 0x0000000000000000
2026/09/19 00:24:11.316, 1, 79, 93.52, 59, 15533, 1328, 715, P0, 0x0000000000000000
2026/09/19 00:24:12.325, 0, 79, 89.05, 53, 15533, 1328, 715, P0, 0x0000000000000000
2026/09/19 00:24:12.328, 1, 79, 80.33, 48, 15533, 1328, 715, P0, 0x0000000000000000
2026/09/19 00:24:13.337, 0, 79, 92.19, 92, 15533, 1177, 715, P0, 0x0000000000000000
2026/09/19 00:24:13.341, 1, 79, 66.46, 69, 15533, 1265, 715, P0, 0x0000000000000000
2026/09/19 00:24:14.361, 0, 78, 64.08, 62, 15533, 1328, 715, P0, 0x0000000000000000
2026/09/19 00:24:14.364, 1, 78, 91.93, 62, 15533, 1328, 715, P0, 0x0000000000000000
2026/09/19 00:24:15.375, 0, 79, 98.63, 74, 15533, 1265, 715, P0, 0x0000000000000000
2026/09/19 00:24:15.378, 1, 80, 67.17, 99, 15533, 1290, 715, P0, 0x0000000000000000
2026/09/19 00:24:16.384, 0, 80, 168.76, 57, 15533, 1278, 715, P0, 0x0000000000000020
2026/09/19 00:24:16.387, 1, 80, 167.84, 80, 15533, 1290, 715, P0, 0x0000000000000020
2026/09/19 00:24:17.398, 0, 79, 153.41, 54, 15533, 1202, 715, P0, 0x0000000000000020
2026/09/19 00:24:17.401, 1, 79, 148.35, 76, 15533, 1202, 715, P0, 0x0000000000000020
2026/09/19 00:24:18.412, 0, 79, 65.28, 50, 15533, 1328, 715, P0, 0x0000000000000000
2026/09/19 00:24:18.415, 1, 79, 92.84, 57, 15533, 1328, 715, P0, 0x0000000000000000
2026/09/19 00:24:19.420, 0, 78, 99.99, 43, 15533, 1316, 715, P0, 0x0000000000000000
2026/09/19 00:24:19.424, 1, 79, 88.21, 61, 15533, 1328, 715, P0, 0x0000000000000000
2026/09/19 00:24:20.440, 0, 80, 122.34, 68, 15533, 1240, 715, P0, 0x0000000000000020
2026/09/19 00:24:20.443, 1, 79, 125.17, 97, 15533, 1189, 715, P0, 0x0000000000000000
2026/09/19 00:24:21.458, 0, 79, 85.68, 54, 15533, 1316, 715, P0, 0x0000000000000020
2026/09/19 00:24:21.461, 1, 78, 84.87, 66, 15533, 1328, 715, P0, 0x0000000000000000
2026/09/19 00:24:22.467, 0, 79, 112.15, 46, 15533, 1063, 715, P0, 0x0000000000000000
2026/09/19 00:24:22.476, 1, 79, 173.89, 69, 15533, 1303, 715, P0, 0x0000000000000020
2026/09/19 00:24:23.492, 0, 78, 68.91, 53, 15533, 1328, 715, P0, 0x0000000000000000
2026/09/19 00:24:23.496, 1, 78, 94.29, 56, 15533, 1328, 715, P0, 0x0000000000000000
2026/09/19 00:24:24.503, 0, 78, 126.80, 68, 15533, 1316, 715, P0, 0x0000000000000000
2026/09/19 00:24:24.506, 1, 78, 127.70, 62, 15533, 1328, 715, P0, 0x0000000000000000
2026/09/19 00:24:25.514, 0, 78, 55.32, 77, 15533, 1316, 715, P0, 0x0000000000000000
2026/09/19 00:24:25.517, 1, 78, 47.31, 64, 15533, 417, 715, P0, 0x0000000000000000
2026/09/19 00:24:26.532, 0, 77, 72.39, 0, 15533, 1278, 715, P0, 0x0000000000000000
2026/09/19 00:24:26.535, 1, 77, 51.86, 100, 15533, 885, 715, P0, 0x0000000000000000
2026/09/19 00:24:27.548, 0, 78, 97.64, 57, 15533, 1328, 715, P0, 0x0000000000000000
2026/09/19 00:24:27.555, 1, 77, 72.58, 69, 15533, 1189, 715, P0, 0x0000000000000000
2026/09/19 00:24:28.566, 0, 79, 71.36, 82, 15533, 1202, 715, P0, 0x0000000000000020
2026/09/19 00:24:28.570, 1, 78, 70.34, 96, 15533, 1303, 715, P0, 0x0000000000000000
2026/09/19 00:24:29.583, 0, 78, 93.65, 44, 15533, 1328, 715, P0, 0x0000000000000000
2026/09/19 00:24:29.586, 1, 78, 63.54, 54, 15533, 1328, 715, P0, 0x0000000000000000
2026/09/19 00:24:30.592, 0, 78, 142.00, 42, 15533, 1101, 715, P0, 0x0000000000000020
2026/09/19 00:24:30.604, 1, 78, 176.73, 68, 15533, 1303, 715, P0, 0x0000000000000020
2026/09/19 00:24:31.617, 0, 78, 103.68, 51, 15533, 1328, 715, P0, 0x0000000000000000
2026/09/19 00:24:31.622, 1, 79, 92.62, 57, 15533, 1328, 715, P0, 0x0000000000000000
2026/09/19 00:24:32.631, 0, 78, 64.56, 52, 15533, 1328, 715, P0, 0x0000000000000000
2026/09/19 00:24:32.634, 1, 78, 96.25, 59, 15533, 1328, 715, P0, 0x0000000000000000
2026/09/19 00:24:33.644, 0, 79, 96.06, 70, 15533, 1328, 715, P0, 0x0000000000000000
2026/09/19 00:24:33.647, 1, 79, 73.36, 61, 15533, 1328, 715, P0, 0x0000000000000000
2026/09/19 00:24:34.652, 0, 78, 87.86, 77, 15533, 1316, 715, P0, 0x0000000000000000
2026/09/19 00:24:34.656, 1, 79, 75.73, 64, 15533, 1328, 715, P0, 0x0000000000000000
2026/09/19 00:24:35.674, 0, 79, 162.84, 54, 15533, 1240, 715, P0, 0x0000000000000020
2026/09/19 00:24:35.677, 1, 80, 200.04, 67, 15533, 1328, 715, P0, 0x0000000000000000
2026/09/19 00:24:36.686, 0, 79, 58.31, 65, 15533, 1328, 715, P0, 0x0000000000000000
2026/09/19 00:24:36.689, 1, 79, 101.45, 46, 15533, 1328, 715, P0, 0x0000000000000000
2026/09/19 00:24:37.704, 0, 79, 172.68, 62, 15533, 1278, 715, P0, 0x0000000000000020
2026/09/19 00:24:37.707, 1, 79, 199.29, 65, 15533, 1328, 715, P0, 0x0000000000000000
2026/09/19 00:24:38.715, 0, 78, 107.57, 66, 15533, 1328, 715, P0, 0x0000000000000000
2026/09/19 00:24:38.718, 1, 79, 92.96, 66, 15533, 1328, 715, P0, 0x0000000000000000
2026/09/19 00:24:39.723, 0, 78, 111.50, 93, 15533, 1316, 715, P0, 0x0000000000000000
2026/09/19 00:24:39.726, 1, 79, 142.24, 67, 15533, 1328, 715, P0, 0x0000000000000000
2026/09/19 00:24:40.735, 0, 79, 98.27, 77, 15533, 1227, 715, P0, 0x0000000000000000
2026/09/19 00:24:40.738, 1, 79, 96.10, 98, 15533, 1290, 715, P0, 0x0000000000000000
2026/09/19 00:24:41.747, 0, 80, 156.75, 93, 15533, 1278, 715, P0, 0x0000000000000020
2026/09/19 00:24:41.750, 1, 80, 145.10, 75, 15533, 1265, 715, P0, 0x0000000000000000
2026/09/19 00:24:42.758, 0, 78, 98.33, 57, 15533, 1328, 715, P0, 0x0000000000000000
2026/09/19 00:24:42.761, 1, 78, 67.12, 51, 15533, 1328, 715, P0, 0x0000000000000000
2026/09/19 00:24:43.768, 0, 78, 90.78, 100, 15533, 784, 715, P0, 0x0000000000000020
2026/09/19 00:24:43.780, 1, 79, 58.05, 97, 15533, 1316, 715, P0, 0x0000000000000000
2026/09/19 00:24:44.787, 0, 78, 55.88, 50, 15533, 1328, 715, P0, 0x0000000000000000
2026/09/19 00:24:44.790, 1, 78, 113.01, 36, 15533, 1328, 715, P0, 0x0000000000000000
2026/09/19 00:24:45.794, 0, 79, 129.58, 79, 15533, 1126, 715, P0, 0x0000000000000020
2026/09/19 00:24:45.800, 1, 80, 159.50, 63, 15533, 1290, 715, P0, 0x0000000000000020
2026/09/19 00:24:46.805, 0, 79, 137.37, 78, 15533, 1164, 715, P0, 0x0000000000000000
2026/09/19 00:24:46.808, 1, 80, 168.06, 60, 15533, 1290, 715, P0, 0x0000000000000020
2026/09/19 00:24:47.817, 0, 79, 160.73, 55, 15533, 1202, 715, P0, 0x0000000000000020
2026/09/19 00:24:47.820, 1, 79, 175.59, 57, 15533, 1303, 715, P0, 0x0000000000000020
2026/09/19 00:24:48.825, 0, 78, 60.70, 52, 15533, 1328, 715, P0, 0x0000000000000000
2026/09/19 00:24:48.828, 1, 79, 122.90, 63, 15533, 1328, 715, P0, 0x0000000000000000
2026/09/19 00:24:49.842, 0, 78, 64.08, 66, 15533, 1316, 715, P0, 0x0000000000000000
2026/09/19 00:24:49.845, 1, 78, 90.43, 60, 15533, 1328, 715, P0, 0x0000000000000000
2026/09/19 00:24:50.862, 0, 79, 180.28, 54, 15533, 1278, 715, P0, 0x0000000000000020
2026/09/19 00:24:50.865, 1, 79, 189.74, 67, 15533, 1328, 715, P0, 0x0000000000000000
2026/09/19 00:24:51.872, 0, 79, 74.67, 66, 15533, 1316, 715, P0, 0x0000000000000000
2026/09/19 00:24:51.875, 1, 79, 91.39, 47, 15533, 1328, 715, P0, 0x0000000000000000
2026/09/19 00:24:52.881, 0, 80, 164.68, 48, 15533, 1252, 715, P0, 0x0000000000000020
2026/09/19 00:24:52.885, 1, 80, 178.30, 76, 15533, 1316, 715, P0, 0x0000000000000020
2026/09/19 00:24:53.901, 0, 79, 150.84, 56, 15533, 1202, 715, P0, 0x0000000000000020
2026/09/19 00:24:53.906, 1, 80, 180.01, 77, 15533, 1316, 715, P0, 0x0000000000000020
2026/09/19 00:24:54.925, 0, 78, 162.34, 59, 15533, 1328, 715, P0, 0x0000000000000000
2026/09/19 00:24:54.928, 1, 79, 174.52, 62, 15533, 1328, 715, P0, 0x0000000000000000
2026/09/19 00:24:55.932, 0, 78, 106.11, 60, 15533, 1316, 715, P0, 0x0000000000000000
2026/09/19 00:24:55.935, 1, 79, 100.57, 56, 15533, 1328, 715, P0, 0x0000000000000000
2026/09/19 00:24:56.952, 0, 78, 80.24, 100, 15533, 1189, 715, P0, 0x0000000000000000
2026/09/19 00:24:56.956, 1, 79, 63.81, 68, 15533, 1316, 715, P0, 0x0000000000000000
2026/09/19 00:24:57.961, 0, 78, 60.73, 58, 15533, 1328, 715, P0, 0x0000000000000000
2026/09/19 00:24:57.964, 1, 78, 98.87, 59, 15533, 1328, 715, P0, 0x0000000000000000
2026/09/19 00:24:58.972, 0, 78, 94.24, 90, 15533, 1278, 715, P0, 0x0000000000000000
2026/09/19 00:24:58.975, 1, 79, 73.61, 69, 15533, 1328, 715, P0, 0x0000000000000000
2026/09/19 00:24:59.995, 0, 79, 164.34, 56, 15533, 1240, 715, P0, 0x0000000000000020
2026/09/19 00:24:59.999, 1, 79, 162.02, 62, 15533, 1252, 715, P0, 0x0000000000000020
2026/09/19 00:25:01.005, 0, 79, 169.66, 58, 15533, 1240, 715, P0, 0x0000000000000020
2026/09/19 00:25:01.012, 1, 79, 168.08, 59, 15533, 1265, 715, P0, 0x0000000000000020
2026/09/19 00:25:02.025, 0, 79, 61.42, 56, 15533, 1328, 715, P0, 0x0000000000000000
2026/09/19 00:25:02.028, 1, 79, 99.76, 59, 15533, 1328, 715, P0, 0x0000000000000000
2026/09/19 00:25:03.046, 0, 79, 66.50, 50, 15533, 1328, 715, P0, 0x0000000000000000
2026/09/19 00:25:03.049, 1, 79, 90.49, 72, 15533, 1316, 715, P0, 0x0000000000000000
2026/09/19 00:25:04.054, 0, 79, 57.61, 96, 15533, 1290, 715, P0, 0x0000000000000000
2026/09/19 00:25:04.057, 1, 79, 84.29, 98, 15533, 1252, 715, P0, 0x0000000000000000
2026/09/19 00:25:05.062, 0, 78, 96.48, 43, 15533, 1328, 715, P0, 0x0000000000000000
2026/09/19 00:25:05.065, 1, 78, 63.30, 66, 15533, 1328, 715, P0, 0x0000000000000000
2026/09/19 00:25:06.075, 0, 79, 87.14, 93, 15533, 1240, 715, P0, 0x0000000000000000
2026/09/19 00:25:06.080, 1, 79, 76.52, 69, 15533, 1316, 715, P0, 0x0000000000000020
2026/09/19 00:25:07.087, 0, 79, 100.68, 62, 15533, 1328, 715, P0, 0x0000000000000000
2026/09/19 00:25:07.092, 1, 79, 76.43, 61, 15533, 1328, 715, P0, 0x0000000000000000
2026/09/19 00:25:08.110, 0, 78, 99.35, 54, 15533, 1328, 715, P0, 0x0000000000000000
2026/09/19 00:25:08.115, 1, 79, 65.68, 62, 15533, 1328, 715, P0, 0x0000000000000000
2026/09/19 00:25:09.135, 0, 79, 104.83, 76, 15533, 1316, 715, P0, 0x0000000000000000
2026/09/19 00:25:09.138, 1, 79, 92.46, 46, 15533, 1328, 715, P0, 0x0000000000000000
2026/09/19 00:25:10.144, 0, 79, 73.77, 76, 15533, 1189, 715, P0, 0x0000000000000000
2026/09/19 00:25:10.147, 1, 79, 82.10, 90, 15533, 1290, 715, P0, 0x0000000000000000
2026/09/19 00:25:11.151, 0, 79, 145.39, 61, 15533, 1139, 715, P0, 0x0000000000000020
2026/09/19 00:25:11.154, 1, 79, 160.79, 78, 15533, 1252, 715, P0, 0x0000000000000020
2026/09/19 00:25:12.162, 0, 79, 84.46, 89, 15533, 1316, 715, P0, 0x0000000000000000
2026/09/19 00:25:12.165, 1, 78, 87.09, 56, 15533, 1328, 715, P0, 0x0000000000000000
2026/09/19 00:25:13.171, 0, 78, 82.64, 43, 15533, 1328, 715, P0, 0x0000000000000000
2026/09/19 00:25:13.174, 1, 78, 132.62, 47, 15533, 1328, 715, P0, 0x0000000000000000
2026/09/19 00:25:14.183, 0, 79, 83.82, 97, 15533, 1189, 715, P0, 0x0000000000000000
2026/09/19 00:25:14.186, 1, 78, 66.70, 68, 15533, 1316, 715, P0, 0x0000000000000000
2026/09/19 00:25:15.192, 0, 79, 89.27, 64, 15533, 1202, 715, P0, 0x0000000000000000
2026/09/19 00:25:15.195, 1, 79, 61.39, 96, 15533, 1290, 715, P0, 0x0000000000000000
2026/09/19 00:25:16.200, 0, 79, 140.23, 51, 15533, 1177, 715, P0, 0x0000000000000000
2026/09/19 00:25:16.203, 1, 80, 153.85, 80, 15533, 1290, 715, P0, 0x0000000000000000
2026/09/19 00:25:17.210, 0, 79, 170.87, 54, 15533, 1202, 715, P0, 0x0000000000000020
2026/09/19 00:25:17.214, 1, 79, 160.60, 52, 15533, 1227, 715, P0, 0x0000000000000020
2026/09/19 00:25:18.220, 0, 78, 77.29, 71, 15533, 1328, 715, P0, 0x0000000000000000
2026/09/19 00:25:18.229, 1, 78, 110.45, 60, 15533, 1328, 715, P0, 0x0000000000000000
2026/09/19 00:25:19.248, 0, 79, 76.69, 97, 15533, 1189, 715, P0, 0x0000000000000000
2026/09/19 00:25:19.251, 1, 79, 56.88, 97, 15533, 1290, 715, P0, 0x0000000000000000
2026/09/19 00:25:20.258, 0, 78, 102.58, 62, 15533, 1328, 715, P0, 0x0000000000000000
2026/09/19 00:25:20.262, 1, 78, 86.03, 61, 15533, 1328, 715, P0, 0x0000000000000000
2026/09/19 00:25:21.268, 0, 79, 157.99, 69, 15533, 1240, 715, P0, 0x0000000000000020
2026/09/19 00:25:21.270, 1, 79, 178.18, 67, 15533, 1316, 715, P0, 0x0000000000000000
2026/09/19 00:25:22.277, 0, 78, 174.77, 57, 15533, 1328, 715, P0, 0x0000000000000000
2026/09/19 00:25:22.280, 1, 79, 177.66, 59, 15533, 1328, 715, P0, 0x0000000000000000
2026/09/19 00:25:23.284, 0, 78, 122.09, 62, 15533, 1328, 715, P0, 0x0000000000000000
2026/09/19 00:25:23.287, 1, 78, 107.93, 76, 15533, 1252, 715, P0, 0x0000000000000000
2026/09/19 00:25:24.293, 0, 79, 80.72, 97, 15533, 1202, 715, P0, 0x0000000000000000
2026/09/19 00:25:24.299, 1, 78, 54.24, 79, 15533, 1189, 715, P0, 0x0000000000000000
2026/09/19 00:25:25.305, 0, 79, 149.61, 54, 15533, 1202, 715, P0, 0x0000000000000020
2026/09/19 00:25:25.308, 1, 79, 133.13, 65, 15533, 1151, 715, P0, 0x0000000000000000
2026/09/19 00:25:26.320, 0, 79, 93.41, 42, 15533, 1328, 715, P0, 0x0000000000000000
2026/09/19 00:25:26.323, 1, 78, 59.47, 44, 15533, 1328, 715, P0, 0x0000000000000000
2026/09/19 00:25:27.344, 0, 79, 147.90, 62, 15533, 1202, 715, P0, 0x0000000000000000
2026/09/19 00:25:27.347, 1, 79, 166.82, 97, 15533, 1290, 715, P0, 0x0000000000000020
2026/09/19 00:25:28.351, 0, 78, 57.35, 62, 15533, 1328, 715, P0, 0x0000000000000000
2026/09/19 00:25:28.354, 1, 78, 98.57, 64, 15533, 1328, 715, P0, 0x0000000000000000
2026/09/19 00:25:29.364, 0, 79, 139.79, 48, 15533, 1177, 715, P0, 0x0000000000000020
2026/09/19 00:25:29.367, 1, 79, 149.10, 80, 15533, 1227, 715, P0, 0x0000000000000000
2026/09/19 00:25:30.378, 0, 79, 172.15, 53, 15533, 1252, 715, P0, 0x0000000000000020
2026/09/19 00:25:30.381, 1, 79, 178.97, 69, 15533, 1316, 715, P0, 0x0000000000000020
2026/09/19 00:25:31.391, 0, 79, 103.52, 48, 15533, 1328, 715, P0, 0x0000000000000000
2026/09/19 00:25:31.394, 1, 79, 80.23, 53, 15533, 1328, 715, P0, 0x0000000000000000
2026/09/19 00:25:32.399, 0, 79, 58.55, 89, 15533, 1290, 715, P0, 0x0000000000000000
2026/09/19 00:25:32.402, 1, 79, 108.43, 55, 15533, 1328, 715, P0, 0x0000000000000000
2026/09/19 00:25:33.408, 0, 80, 125.78, 75, 15533, 1164, 715, P0, 0x0000000000000000
2026/09/19 00:25:33.414, 1, 79, 78.55, 98, 15533, 1303, 715, P0, 0x0000000000000000
2026/09/19 00:25:34.433, 0, 78, 59.08, 89, 15533, 1227, 715, P0, 0x0000000000000000
2026/09/19 00:25:34.437, 1, 78, 72.82, 49, 15533, 1189, 715, P0, 0x0000000000000000
2026/09/19 00:25:35.446, 0, 78, 96.23, 53, 15533, 1328, 715, P0, 0x0000000000000000
2026/09/19 00:25:35.450, 1, 78, 59.46, 58, 15533, 1252, 715, P0, 0x0000000000000000
2026/09/19 00:25:36.459, 0, 79, 99.26, 59, 15533, 1189, 715, P0, 0x0000000000000000
2026/09/19 00:25:36.462, 1, 79, 87.72, 91, 15533, 1177, 715, P0, 0x0000000000000000
2026/09/19 00:25:37.470, 0, 79, 180.58, 57, 15533, 1240, 715, P0, 0x0000000000000020
2026/09/19 00:25:37.478, 1, 78, 171.25, 66, 15533, 1252, 715, P0, 0x0000000000000020
2026/09/19 00:25:38.496, 0, 78, 62.83, 60, 15533, 1328, 715, P0, 0x0000000000000000
2026/09/19 00:25:38.499, 1, 78, 100.48, 52, 15533, 1328, 715, P0, 0x0000000000000000
2026/09/19 00:25:39.503, 0, 78, 78.96, 56, 15533, 1328, 715, P0, 0x0000000000000000
2026/09/19 00:25:39.506, 1, 78, 124.70, 53, 15533, 1328, 715, P0, 0x0000000000000000
2026/09/19 00:25:40.517, 0, 78, 84.30, 42, 15533, 1290, 715, P0, 0x0000000000000000
2026/09/19 00:25:40.520, 1, 78, 75.79, 64, 15533, 1328, 715, P0, 0x0000000000000000
2026/09/19 00:25:41.526, 0, 79, 150.09, 61, 15533, 1189, 715, P0, 0x0000000000000020
2026/09/19 00:25:41.529, 1, 79, 196.34, 49, 15533, 1328, 715, P0, 0x0000000000000000
2026/09/19 00:25:42.541, 0, 79, 72.25, 63, 15533, 1328, 715, P0, 0x0000000000000000
2026/09/19 00:25:42.544, 1, 79, 96.62, 62, 15533, 1328, 715, P0, 0x0000000000000000
2026/09/19 00:25:43.554, 0, 79, 188.34, 46, 15533, 1328, 715, P0, 0x0000000000000000
2026/09/19 00:25:43.557, 1, 79, 191.21, 68, 15533, 1328, 715, P0, 0x0000000000000000
2026/09/19 00:25:44.563, 0, 78, 105.50, 54, 15533, 1328, 715, P0, 0x0000000000000000
2026/09/19 00:25:44.566, 1, 79, 102.20, 65, 15533, 1328, 715, P0, 0x0000000000000000
2026/09/19 00:25:45.577, 0, 78, 125.12, 68, 15533, 1316, 715, P0, 0x0000000000000000
2026/09/19 00:25:45.580, 1, 79, 80.07, 70, 15533, 746, 715, P0, 0x0000000000000020
2026/09/19 00:25:46.600, 0, 79, 164.70, 46, 15533, 1265, 715, P0, 0x0000000000000020
2026/09/19 00:25:46.605, 1, 78, 89.57, 79, 15533, 772, 715, P0, 0x0000000000000000
2026/09/19 00:25:47.625, 0, 79, 73.23, 50, 15533, 1328, 715, P0, 0x0000000000000000
2026/09/19 00:25:47.628, 1, 78, 81.57, 69, 15533, 1290, 715, P0, 0x0000000000000000
2026/09/19 00:25:48.634, 0, 80, 98.66, 82, 15533, 1316, 715, P0, 0x0000000000000000
2026/09/19 00:25:48.637, 1, 78, 64.01, 100, 15533, 1189, 715, P0, 0x0000000000000000
2026/09/19 00:25:49.650, 0, 78, 82.63, 63, 15533, 1240, 715, P0, 0x0000000000000000
2026/09/19 00:25:49.653, 1, 78, 64.76, 64, 15533, 1328, 715, P0, 0x0000000000000000
2026/09/19 00:25:50.657, 0, 79, 111.66, 62, 15533, 1012, 715, P0, 0x0000000000000000
2026/09/19 00:25:50.660, 1, 79, 177.67, 67, 15533, 1316, 715, P0, 0x0000000000000020
2026/09/19 00:25:51.672, 0, 78, 66.93, 95, 15533, 1303, 715, P0, 0x0000000000000000
2026/09/19 00:25:51.675, 1, 78, 97.89, 52, 15533, 1328, 715, P0, 0x0000000000000000
2026/09/19 00:25:52.680, 0, 79, 82.08, 75, 15533, 1189, 715, P0, 0x0000000000000000
2026/09/19 00:25:52.683, 1, 79, 84.97, 99, 15533, 1328, 715, P0, 0x0000000000000000
2026/09/19 00:25:53.701, 0, 79, 141.12, 95, 15533, 1177, 715, P0, 0x0000000000000020
2026/09/19 00:25:53.704, 1, 79, 138.57, 78, 15533, 1189, 715, P0, 0x0000000000000000
2026/09/19 00:25:54.724, 0, 79, 174.56, 47, 15533, 1240, 715, P0, 0x0000000000000020
2026/09/19 00:25:54.733, 1, 79, 164.04, 68, 15533, 1227, 715, P0, 0x0000000000000020
2026/09/19 00:25:55.751, 0, 78, 127.12, 74, 15533, 1328, 715, P0, 0x0000000000000000
2026/09/19 00:25:55.754, 1, 78, 134.06, 62, 15533, 1328, 715, P0, 0x0000000000000000
2026/09/19 00:25:56.758, 0, 79, 81.71, 100, 15533, 1215, 715, P0, 0x0000000000000000
2026/09/19 00:25:56.761, 1, 79, 58.82, 85, 15533, 1316, 715, P0, 0x0000000000000000
2026/09/19 00:25:57.767, 0, 78, 59.52, 62, 15533, 1328, 715, P0, 0x0000000000000000
2026/09/19 00:25:57.770, 1, 78, 102.18, 62, 15533, 1328, 715, P0, 0x0000000000000000
2026/09/19 00:25:58.792, 0, 79, 107.06, 69, 15533, 1227, 715, P0, 0x0000000000000000
2026/09/19 00:25:58.795, 1, 79, 81.50, 99, 15533, 1278, 715, P0, 0x0000000000000000
2026/09/19 00:25:59.812, 0, 79, 176.18, 58, 15533, 1278, 715, P0, 0x0000000000000020
2026/09/19 00:25:59.816, 1, 79, 175.90, 77, 15533, 1290, 715, P0, 0x0000000000000020
2026/09/19 00:26:00.839, 0, 78, 145.17, 56, 15533, 1316, 715, P0, 0x0000000000000000
2026/09/19 00:26:00.842, 1, 79, 166.00, 56, 15533, 1328, 715, P0, 0x0000000000000000
2026/09/19 00:26:01.851, 0, 78, 67.23, 70, 15533, 1316, 715, P0, 0x0000000000000000
2026/09/19 00:26:01.856, 1, 78, 90.74, 66, 15533, 1328, 715, P0, 0x0000000000000000
2026/09/19 00:26:02.861, 0, 78, 89.07, 96, 15533, 1290, 715, P0, 0x0000000000000000
2026/09/19 00:26:02.864, 1, 78, 66.46, 60, 15533, 1328, 715, P0, 0x0000000000000000
2026/09/19 00:26:03.871, 0, 79, 163.72, 61, 15533, 1189, 715, P0, 0x0000000000000020
2026/09/19 00:26:03.881, 1, 79, 178.32, 66, 15533, 1316, 715, P0, 0x0000000000000020
2026/09/19 00:26:04.898, 0, 79, 96.42, 96, 15533, 1303, 715, P0, 0x0000000000000000
2026/09/19 00:26:04.901, 1, 78, 80.75, 60, 15533, 1328, 715, P0, 0x0000000000000000
2026/09/19 00:26:05.911, 0, 78, 132.02, 49, 15533, 1328, 715, P0, 0x0000000000000000
2026/09/19 00:26:05.913, 1, 79, 166.85, 56, 15533, 1328, 715, P0, 0x0000000000000000
2026/09/19 00:26:06.921, 0, 79, 106.13, 55, 15533, 1328, 715, P0, 0x0000000000000000
2026/09/19 00:26:06.924, 1, 79, 87.70, 61, 15533, 1328, 715, P0, 0x0000000000000000
2026/09/19 00:26:07.932, 0, 79, 72.73, 67, 15533, 1316, 715, P0, 0x0000000000000000
2026/09/19 00:26:07.936, 1, 79, 88.32, 66, 15533, 1316, 715, P0, 0x0000000000000000
2026/09/19 00:26:08.949, 0, 79, 88.12, 97, 15533, 1252, 715, P0, 0x0000000000000000
2026/09/19 00:26:08.952, 1, 79, 68.83, 88, 15533, 1227, 715, P0, 0x0000000000000000
2026/09/19 00:26:09.959, 0, 79, 144.19, 65, 15533, 1189, 715, P0, 0x0000000000000020
2026/09/19 00:26:09.962, 1, 79, 162.91, 56, 15533, 1265, 715, P0, 0x0000000000000020
2026/09/19 00:26:10.971, 0, 78, 74.23, 47, 15533, 1164, 715, P0, 0x0000000000000000
2026/09/19 00:26:10.974, 1, 79, 62.41, 50, 15533, 1328, 715, P0, 0x0000000000000000
2026/09/19 00:26:11.986, 0, 78, 60.07, 60, 15533, 1328, 715, P0, 0x0000000000000000
2026/09/19 00:26:11.990, 1, 78, 73.77, 66, 15533, 1189, 715, P0, 0x0000000000000000
2026/09/19 00:26:13.001, 0, 79, 119.12, 75, 15533, 1126, 715, P0, 0x0000000000000020
2026/09/19 00:26:13.008, 1, 78, 104.14, 100, 15533, 1063, 715, P0, 0x0000000000000020
2026/09/19 00:26:14.026, 0, 78, 96.48, 62, 15533, 1328, 715, P0, 0x0000000000000000
2026/09/19 00:26:14.029, 1, 78, 64.02, 65, 15533, 1328, 715, P0, 0x0000000000000000
2026/09/19 00:26:15.038, 0, 79, 110.96, 99, 15533, 1265, 715, P0, 0x0000000000000000
2026/09/19 00:26:15.041, 1, 78, 124.71, 77, 15533, 1316, 715, P0, 0x0000000000000020
2026/09/19 00:26:16.047, 0, 80, 144.55, 72, 15533, 1189, 715, P0, 0x0000000000000020
2026/09/19 00:26:16.050, 1, 79, 145.71, 99, 15533, 1278, 715, P0, 0x0000000000000000
2026/09/19 00:26:17.063, 0, 79, 187.67, 49, 15533, 1252, 715, P0, 0x0000000000000020
2026/09/19 00:26:17.069, 1, 79, 185.32, 66, 15533, 1328, 715, P0, 0x0000000000000000
2026/09/19 00:26:18.088, 0, 79, 95.68, 38, 15533, 1278, 715, P0, 0x0000000000000000
2026/09/19 00:26:18.091, 1, 78, 85.26, 65, 15533, 1328, 715, P0, 0x0000000000000000
2026/09/19 00:26:19.103, 0, 80, 103.85, 65, 15533, 1240, 715, P0, 0x0000000000000000
2026/09/19 00:26:19.108, 1, 80, 72.63, 98, 15533, 1290, 715, P0, 0x0000000000000000
2026/09/19 00:26:20.114, 0, 79, 98.40, 62, 15533, 1328, 715, P0, 0x0000000000000000
2026/09/19 00:26:20.117, 1, 78, 77.88, 64, 15533, 1328, 715, P0, 0x0000000000000000
2026/09/19 00:26:21.131, 0, 78, 84.30, 70, 15533, 645, 715, P0, 0x0000000000000020
2026/09/19 00:26:21.139, 1, 79, 199.75, 62, 15533, 1328, 715, P0, 0x0000000000000000
2026/09/19 00:26:22.158, 0, 78, 89.77, 71, 15533, 1316, 715, P0, 0x0000000000000020
2026/09/19 00:26:22.161, 1, 79, 71.47, 57, 15533, 1328, 715, P0, 0x0000000000000000
2026/09/19 00:26:23.172, 0, 79, 130.13, 76, 15533, 1126, 715, P0, 0x0000000000000020
2026/09/19 00:26:23.180, 1, 80, 201.38, 72, 15533, 1328, 715, P0, 0x0000000000000000
2026/09/19 00:26:24.198, 0, 78, 55.78, 33, 15533, 1328, 715, P0, 0x0000000000000000
2026/09/19 00:26:24.202, 1, 78, 47.31, 86, 15533, 405, 715, P0, 0x0000000000000020
2026/09/19 00:26:25.212, 0, 77, 53.83, 0, 15533, 1303, 715, P0, 0x0000000000000000
2026/09/19 00:26:25.215, 1, 77, 55.76, 100, 15533, 430, 715, P0, 0x0000000000000020
2026/09/19 00:26:26.241, 0, 78, 87.61, 31, 15533, 1328, 715, P0, 0x0000000000000000
2026/09/19 00:26:26.245, 1, 77, 80.35, 53, 15533, 1303, 715, P0, 0x0000000000000000
2026/09/19 00:26:27.252, 0, 79, 119.99, 68, 15533, 1025, 715, P0, 0x0000000000000020
2026/09/19 00:26:27.255, 1, 78, 121.08, 81, 15533, 1101, 715, P0, 0x0000000000000020
2026/09/19 00:26:28.262, 0, 78, 91.25, 95, 15533, 1303, 715, P0, 0x0000000000000000
2026/09/19 00:26:28.265, 1, 78, 64.27, 59, 15533, 1328, 715, P0, 0x0000000000000000
2026/09/19 00:26:29.273, 0, 78, 105.05, 46, 15533, 1328, 715, P0, 0x0000000000000000
2026/09/19 00:26:29.277, 1, 78, 87.18, 53, 15533, 1328, 715, P0, 0x0000000000000000
2026/09/19 00:26:30.287, 0, 79, 82.54, 86, 15533, 1265, 715, P0, 0x0000000000000000
2026/09/19 00:26:30.290, 1, 78, 86.82, 83, 15533, 1328, 715, P0, 0x0000000000000000
2026/09/19 00:26:31.298, 0, 80, 176.48, 59, 15533, 1303, 715, P0, 0x0000000000000020
2026/09/19 00:26:31.301, 1, 79, 199.74, 77, 15533, 1328, 715, P0, 0x0000000000000000
2026/09/19 00:26:32.307, 0, 78, 107.32, 48, 15533, 1316, 715, P0, 0x0000000000000020
2026/09/19 00:26:32.312, 1, 78, 100.79, 49, 15533, 1328, 715, P0, 0x0000000000000000
2026/09/19 00:26:33.317, 0, 78, 82.36, 100, 15533, 1189, 715, P0, 0x0000000000000000
2026/09/19 00:26:33.320, 1, 79, 73.89, 58, 15533, 1328, 715, P0, 0x0000000000000000
2026/09/19 00:26:34.329, 0, 79, 130.85, 55, 15533, 1151, 715, P0, 0x0000000000000000
2026/09/19 00:26:34.337, 1, 80, 194.18, 75, 15533, 1290, 715, P0, 0x0000000000000020
2026/09/19 00:26:35.341, 0, 78, 94.80, 66, 15533, 1328, 715, P0, 0x0000000000000000
2026/09/19 00:26:35.344, 1, 78, 60.44, 65, 15533, 1328, 715, P0, 0x0000000000000000
2026/09/19 00:26:36.353, 0, 79, 165.21, 48, 15533, 1252, 715, P0, 0x0000000000000000
2026/09/19 00:26:36.358, 1, 80, 200.52, 68, 15533, 1328, 715, P0, 0x0000000000000000
2026/09/19 00:26:37.363, 0, 78, 111.67, 69, 15533, 1316, 715, P0, 0x0000000000000000
2026/09/19 00:26:37.366, 1, 79, 113.80, 46, 15533, 1328, 715, P0, 0x0000000000000000
2026/09/19 00:26:38.382, 0, 79, 117.82, 72, 15533, 1063, 715, P0, 0x0000000000000000
2026/09/19 00:26:38.388, 1, 78, 90.74, 54, 15533, 746, 715, P0, 0x0000000000000020
2026/09/19 00:26:39.395, 0, 78, 101.68, 54, 15533, 1328, 715, P0, 0x0000000000000000
2026/09/19 00:26:39.398, 1, 78, 85.14, 67, 15533, 1316, 715, P0, 0x0000000000000000
2026/09/19 00:26:40.406, 0, 79, 58.86, 87, 15533, 1316, 715, P0, 0x0000000000000020
2026/09/19 00:26:40.409, 1, 78, 77.59, 99, 15533, 1189, 715, P0, 0x0000000000000000
2026/09/19 00:26:41.417, 0, 79, 167.93, 74, 15533, 1278, 715, P0, 0x0000000000000020
2026/09/19 00:26:41.420, 1, 79, 156.17, 55, 15533, 1252, 715, P0, 0x0000000000000020
2026/09/19 00:26:42.430, 0, 78, 106.53, 65, 15533, 1328, 715, P0, 0x0000000000000000
2026/09/19 00:26:42.433, 1, 78, 97.70, 63, 15533, 1328, 715, P0, 0x0000000000000000
2026/09/19 00:26:43.450, 0, 79, 80.90, 96, 15533, 1278, 715, P0, 0x0000000000000000
2026/09/19 00:26:43.457, 1, 78, 88.07, 60, 15533, 1328, 715, P0, 0x0000000000000000
2026/09/19 00:26:44.474, 0, 78, 101.92, 53, 15533, 1328, 715, P0, 0x0000000000000000
2026/09/19 00:26:44.476, 1, 78, 76.23, 67, 15533, 1328, 715, P0, 0x0000000000000000
2026/09/19 00:26:45.485, 0, 79, 89.63, 97, 15533, 1290, 715, P0, 0x0000000000000000
2026/09/19 00:26:45.488, 1, 78, 55.15, 94, 15533, 1252, 715, P0, 0x0000000000000000
2026/09/19 00:26:46.495, 0, 80, 167.97, 56, 15533, 1278, 715, P0, 0x0000000000000000
2026/09/19 00:26:46.499, 1, 79, 149.15, 80, 15533, 1227, 715, P0, 0x0000000000000000
2026/09/19 00:26:47.517, 0, 78, 167.33, 43, 15533, 1328, 715, P0, 0x0000000000000000
2026/09/19 00:26:47.520, 1, 78, 173.30, 55, 15533, 1328, 715, P0, 0x0000000000000000
2026/09/19 00:26:48.528, 0, 79, 61.18, 56, 15533, 1328, 715, P0, 0x0000000000000000
2026/09/19 00:26:48.531, 1, 78, 94.77, 58, 15533, 1328, 715, P0, 0x0000000000000000
2026/09/19 00:26:49.540, 0, 78, 52.61, 96, 15533, 1265, 715, P0, 0x0000000000000000
2026/09/19 00:26:49.543, 1, 78, 58.40, 66, 15533, 1328, 715, P0, 0x0000000000000000
2026/09/19 00:26:50.548, 0, 78, 59.03, 45, 15533, 1328, 715, P0, 0x0000000000000000
2026/09/19 00:26:50.551, 1, 78, 102.23, 48, 15533, 1328, 715, P0, 0x0000000000000000
2026/09/19 00:26:51.559, 0, 79, 60.01, 94, 15533, 1227, 715, P0, 0x0000000000000000
2026/09/19 00:26:51.562, 1, 79, 96.95, 79, 15533, 1328, 715, P0, 0x0000000000000000
2026/09/19 00:26:52.569, 0, 78, 95.49, 46, 15533, 1328, 715, P0, 0x0000000000000000
2026/09/19 00:26:52.572, 1, 78, 143.26, 48, 15533, 1328, 715, P0, 0x0000000000000000
2026/09/19 00:26:53.581, 0, 78, 99.75, 87, 15533, 1189, 715, P0, 0x0000000000000000
2026/09/19 00:26:53.584, 1, 79, 137.77, 84, 15533, 1328, 715, P0, 0x0000000000000000
2026/09/19 00:26:54.592, 0, 79, 81.96, 71, 15533, 1189, 715, P0, 0x0000000000000000
2026/09/19 00:26:54.598, 1, 79, 57.37, 98, 15533, 1252, 715, P0, 0x0000000000000000
2026/09/19 00:26:55.616, 0, 79, 151.47, 71, 15533, 1189, 715, P0, 0x0000000000000020
2026/09/19 00:26:55.624, 1, 79, 162.90, 57, 15533, 1265, 715, P0, 0x0000000000000020
2026/09/19 00:26:56.642, 0, 78, 123.78, 60, 15533, 1316, 715, P0, 0x0000000000000020
2026/09/19 00:26:56.645, 1, 78, 121.38, 15, 15533, 1303, 715, P0, 0x0000000000000000
2026/09/19 00:26:57.651, 0, 79, 110.84, 82, 15533, 1050, 715, P0, 0x0000000000000000
2026/09/19 00:26:57.664, 1, 80, 197.60, 78, 15533, 1328, 715, P0, 0x0000000000000000
2026/09/19 00:26:58.677, 0, 78, 57.35, 62, 15533, 1328, 715, P0, 0x0000000000000000
2026/09/19 00:26:58.680, 1, 79, 97.90, 51, 15533, 1328, 715, P0, 0x0000000000000000
2026/09/19 00:26:59.697, 0, 78, 177.34, 58, 15533, 1303, 715, P0, 0x0000000000000020
2026/09/19 00:26:59.705, 1, 79, 180.73, 67, 15533, 1303, 715, P0, 0x0000000000000020
2026/09/19 00:27:00.723, 0, 78, 93.90, 93, 15533, 1316, 715, P0, 0x0000000000000000
2026/09/19 00:27:00.726, 1, 79, 61.62, 61, 15533, 1328, 715, P0, 0x0000000000000000
2026/09/19 00:27:01.734, 0, 79, 64.33, 89, 15533, 1303, 715, P0, 0x0000000000000000
2026/09/19 00:27:01.737, 1, 79, 94.53, 84, 15533, 1316, 715, P0, 0x0000000000000020
2026/09/19 00:27:02.743, 0, 78, 171.20, 45, 15533, 1075, 715, P0, 0x0000000000000020
2026/09/19 00:27:02.750, 1, 78, 178.30, 55, 15533, 1290, 715, P0, 0x0000000000000020
2026/09/19 00:27:03.758, 0, 78, 95.27, 73, 15533, 1316, 715, P0, 0x0000000000000000
2026/09/19 00:27:03.763, 1, 79, 64.75, 56, 15533, 1328, 715, P0, 0x0000000000000000
2026/09/19 00:27:04.782, 0, 78, 53.05, 93, 15533, 1189, 715, P0, 0x0000000000000000
2026/09/19 00:27:04.785, 1, 79, 68.49, 74, 15533, 1316, 715, P0, 0x0000000000000000
2026/09/19 00:27:05.790, 0, 78, 69.59, 64, 15533, 1328, 715, P0, 0x0000000000000000
2026/09/19 00:27:05.793, 1, 78, 93.13, 61, 15533, 1328, 715, P0, 0x0000000000000000
2026/09/19 00:27:06.801, 0, 79, 57.12, 80, 15533, 1265, 715, P0, 0x0000000000000000
2026/09/19 00:27:06.804, 1, 79, 89.11, 83, 15533, 1316, 715, P0, 0x0000000000000000
2026/09/19 00:27:07.809, 0, 78, 99.12, 47, 15533, 1328, 715, P0, 0x0000000000000000
2026/09/19 00:27:07.812, 1, 79, 63.53, 58, 15533, 1328, 715, P0, 0x0000000000000000
2026/09/19 00:27:08.831, 0, 79, 72.24, 54, 15533, 1328, 715, P0, 0x0000000000000000
2026/09/19 00:27:08.834, 1, 79, 117.94, 80, 15533, 1316, 715, P0, 0x0000000000000000
2026/09/19 00:27:09.841, 0, 79, 55.47, 82, 15533, 1316, 715, P0, 0x0000000000000020
2026/09/19 00:27:09.845, 1, 79, 81.16, 100, 15533, 1189, 715, P0, 0x0000000000000000
2026/09/19 00:27:10.852, 0, 79, 148.14, 76, 15533, 1202, 715, P0, 0x0000000000000000
2026/09/19 00:27:10.855, 1, 79, 145.10, 63, 15533, 1202, 715, P0, 0x0000000000000000
2026/09/19 00:27:11.865, 0, 79, 98.54, 49, 15533, 1328, 715, P0, 0x0000000000000000
2026/09/19 00:27:11.868, 1, 78, 87.78, 61, 15533, 1328, 715, P0, 0x0000000000000000
2026/09/19 00:27:12.876, 0, 78, 70.63, 96, 15533, 1227, 715, P0, 0x0000000000000000
2026/09/19 00:27:12.880, 1, 78, 80.71, 100, 15533, 1252, 715, P0, 0x0000000000000000
2026/09/19 00:27:13.886, 0, 78, 111.44, 53, 15533, 1328, 715, P0, 0x0000000000000000
2026/09/19 00:27:13.889, 1, 78, 147.16, 65, 15533, 1328, 715, P0, 0x0000000000000000
2026/09/19 00:27:14.898, 0, 79, 134.40, 83, 15533, 1189, 715, P0, 0x0000000000000020
2026/09/19 00:27:14.901, 1, 80, 102.76, 69, 15533, 1290, 715, P0, 0x0000000000000000
2026/09/19 00:27:15.911, 0, 78, 58.52, 55, 15533, 1328, 715, P0, 0x0000000000000000
2026/09/19 00:27:15.918, 1, 79, 109.86, 46, 15533, 1328, 715, P0, 0x0000000000000000
2026/09/19 00:27:16.926, 0, 79, 71.77, 57, 15533, 1328, 715, P0, 0x0000000000000000
2026/09/19 00:27:16.929, 1, 79, 86.67, 75, 15533, 1265, 715, P0, 0x0000000000000000
2026/09/19 00:27:17.938, 0, 79, 61.26, 95, 15533, 999, 715, P0, 0x0000000000000020
2026/09/19 00:27:17.946, 1, 78, 76.85, 79, 15533, 1278, 715, P0, 0x0000000000000020
2026/09/19 00:27:18.962, 0, 78, 49.90, 50, 15533, 1189, 715, P0, 0x0000000000000000
2026/09/19 00:27:18.965, 1, 78, 89.55, 53, 15533, 1316, 715, P0, 0x0000000000000000
2026/09/19 00:27:19.977, 0, 78, 76.40, 94, 15533, 1189, 715, P0, 0x0000000000000000
2026/09/19 00:27:19.982, 1, 78, 68.65, 75, 15533, 1303, 715, P0, 0x0000000000000000
2026/09/19 00:27:20.992, 0, 78, 95.57, 61, 15533, 1328, 715, P0, 0x0000000000000000
2026/09/19 00:27:20.995, 1, 78, 65.96, 67, 15533, 1328, 715, P0, 0x0000000000000000
2026/09/19 00:27:22.001, 0, 79, 81.18, 70, 15533, 1189, 715, P0, 0x0000000000000000
2026/09/19 00:27:22.004, 1, 79, 59.75, 95, 15533, 1316, 715, P0, 0x0000000000000020
2026/09/19 00:27:23.012, 0, 78, 63.35, 50, 15533, 1328, 715, P0, 0x0000000000000000
2026/09/19 00:27:23.015, 1, 78, 91.88, 46, 15533, 1328, 715, P0, 0x0000000000000000
2026/09/19 00:27:24.023, 0, 79, 118.23, 85, 15533, 1265, 715, P0, 0x0000000000000000
2026/09/19 00:27:24.027, 1, 79, 116.86, 79, 15533, 1316, 715, P0, 0x0000000000000000
2026/09/19 00:27:25.045, 0, 79, 79.60, 81, 15533, 1189, 715, P0, 0x0000000000000000
2026/09/19 00:27:25.050, 1, 79, 129.85, 87, 15533, 1303, 715, P0, 0x0000000000000000
2026/09/19 00:27:26.056, 0, 80, 101.81, 57, 15533, 1240, 715, P0, 0x0000000000000000
2026/09/19 00:27:26.059, 1, 80, 73.84, 92, 15533, 1252, 715, P0, 0x0000000000000000
2026/09/19 00:27:27.069, 0, 80, 165.28, 51, 15533, 1252, 715, P0, 0x0000000000000020
2026/09/19 00:27:27.072, 1, 79, 166.66, 61, 15533, 1278, 715, P0, 0x0000000000000020
2026/09/19 00:27:28.082, 0, 78, 64.39, 54, 15533, 1328, 715, P0, 0x0000000000000000
2026/09/19 00:27:28.087, 1, 78, 73.97, 72, 15533, 1189, 715, P0, 0x0000000000000000
2026/09/19 00:27:29.094, 0, 79, 61.94, 50, 15533, 1328, 715, P0, 0x0000000000000000
2026/09/19 00:27:29.097, 1, 78, 92.90, 67, 15533, 1328, 715, P0, 0x0000000000000000
2026/09/19 00:27:30.103, 0, 79, 91.29, 90, 15533, 1316, 715, P0, 0x0000000000000020
2026/09/19 00:27:30.106, 1, 78, 74.36, 99, 15533, 1202, 715, P0, 0x0000000000000000
2026/09/19 00:27:31.113, 0, 79, 103.08, 46, 15533, 1328, 715, P0, 0x0000000000000000
2026/09/19 00:27:31.116, 1, 78, 81.64, 65, 15533, 1328, 715, P0, 0x0000000000000000
2026/09/19 00:27:32.123, 0, 78, 112.99, 54, 15533, 1328, 715, P0, 0x0000000000000000
2026/09/19 00:27:32.126, 1, 78, 145.32, 63, 15533, 1328, 715, P0, 0x0000000000000000
2026/09/19 00:27:33.131, 0, 78, 114.10, 85, 15533, 1303, 715, P0, 0x0000000000000000
2026/09/19 00:27:33.134, 1, 79, 130.71, 90, 15533, 1316, 715, P0, 0x0000000000000000
2026/09/19 00:27:34.141, 0, 79, 115.41, 72, 15533, 1063, 715, P0, 0x0000000000000000
2026/09/19 00:27:34.144, 1, 79, 177.79, 50, 15533, 1316, 715, P0, 0x0000000000000020
2026/09/19 00:27:35.151, 0, 78, 113.74, 55, 15533, 1328, 715, P0, 0x0000000000000000
2026/09/19 00:27:35.154, 1, 78, 88.71, 54, 15533, 1328, 715, P0, 0x0000000000000000
2026/09/19 00:27:36.159, 0, 79, 141.61, 82, 15533, 1177, 715, P0, 0x0000000000000020
2026/09/19 00:27:36.162, 1, 80, 172.07, 68, 15533, 1328, 715, P0, 0x0000000000000000
2026/09/19 00:27:37.171, 0, 78, 92.94, 44, 15533, 1328, 715, P0, 0x0000000000000000
2026/09/19 00:27:37.176, 1, 78, 60.68, 45, 15533, 1328, 715, P0, 0x0000000000000000
2026/09/19 00:27:38.189, 0, 79, 154.66, 69, 15533, 1227, 715, P0, 0x0000000000000020
2026/09/19 00:27:38.192, 1, 80, 177.87, 97, 15533, 1316, 715, P0, 0x0000000000000020
2026/09/19 00:27:39.202, 0, 78, 164.25, 53, 15533, 1328, 715, P0, 0x0000000000000000
2026/09/19 00:27:39.205, 1, 79, 174.99, 61, 15533, 1278, 715, P0, 0x0000000000000020
2026/09/19 00:27:40.212, 0, 78, 97.67, 60, 15533, 1316, 715, P0, 0x0000000000000000
2026/09/19 00:27:40.215, 1, 78, 77.18, 62, 15533, 1328, 715, P0, 0x0000000000000000
2026/09/19 00:27:41.225, 0, 79, 53.53, 100, 15533, 1189, 715, P0, 0x0000000000000000
2026/09/19 00:27:41.228, 1, 79, 92.21, 56, 15533, 1316, 715, P0, 0x0000000000000000
2026/09/19 00:27:42.238, 0, 79, 122.74, 57, 15533, 1101, 715, P0, 0x0000000000000020
2026/09/19 00:27:42.247, 1, 80, 175.24, 82, 15533, 1303, 715, P0, 0x0000000000000020
2026/09/19 00:27:43.261, 0, 78, 91.72, 70, 15533, 1316, 715, P0, 0x0000000000000000
2026/09/19 00:27:43.264, 1, 78, 67.33, 64, 15533, 1328, 715, P0, 0x0000000000000000
2026/09/19 00:27:44.269, 0, 79, 158.50, 42, 15533, 1240, 715, P0, 0x0000000000000020
2026/09/19 00:27:44.272, 1, 79, 167.15, 69, 15533, 1290, 715, P0, 0x0000000000000020
2026/09/19 00:27:45.276, 0, 78, 57.83, 65, 15533, 1328, 715, P0, 0x0000000000000000
2026/09/19 00:27:45.280, 1, 79, 98.88, 47, 15533, 1328, 715, P0, 0x0000000000000000
2026/09/19 00:27:46.297, 0, 79, 96.46, 61, 15533, 835, 715, P0, 0x0000000000000000
2026/09/19 00:27:46.301, 1, 80, 112.45, 82, 15533, 1265, 715, P0, 0x0000000000000000
2026/09/19 00:27:47.307, 0, 78, 168.12, 56, 15533, 1139, 715, P0, 0x0000000000000020
2026/09/19 00:27:47.317, 1, 79, 182.22, 59, 15533, 1328, 715, P0, 0x0000000000000000
2026/09/19 00:27:48.331, 0, 78, 101.47, 86, 15533, 1303, 715, P0, 0x0000000000000000
2026/09/19 00:27:48.334, 1, 79, 85.61, 55, 15533, 1328, 715, P0, 0x0000000000000000
2026/09/19 00:27:49.353, 0, 78, 90.61, 78, 15533, 1316, 715, P0, 0x0000000000000020
2026/09/19 00:27:49.356, 1, 78, 124.59, 100, 15533, 1215, 715, P0, 0x0000000000000000
2026/09/19 00:27:50.378, 0, 79, 153.90, 80, 15533, 1215, 715, P0, 0x0000000000000000
2026/09/19 00:27:50.381, 1, 79, 149.28, 64, 15533, 1227, 715, P0, 0x0000000000000020
2026/09/19 00:27:51.400, 0, 78, 56.87, 62, 15533, 1328, 715, P0, 0x0000000000000000
2026/09/19 00:27:51.403, 1, 78, 96.97, 67, 15533, 1328, 715, P0, 0x0000000000000000
2026/09/19 00:27:52.425, 0, 79, 164.78, 41, 15533, 1240, 715, P0, 0x0000000000000020
2026/09/19 00:27:52.430, 1, 79, 169.06, 70, 15533, 1278, 715, P0, 0x0000000000000020
2026/09/19 00:27:53.447, 0, 78, 60.46, 67, 15533, 1328, 715, P0, 0x0000000000000000
2026/09/19 00:27:53.450, 1, 79, 95.50, 48, 15533, 1328, 715, P0, 0x0000000000000000
2026/09/19 00:27:54.454, 0, 79, 89.07, 98, 15533, 1202, 715, P0, 0x0000000000000000
2026/09/19 00:27:54.457, 1, 79, 69.79, 78, 15533, 1316, 715, P0, 0x0000000000000020
2026/09/19 00:27:55.464, 0, 79, 93.17, 81, 15533, 1164, 715, P0, 0x0000000000000000
2026/09/19 00:27:55.467, 1, 79, 62.17, 100, 15533, 1252, 715, P0, 0x0000000000000000
2026/09/19 00:27:56.475, 0, 79, 138.65, 60, 15533, 1151, 715, P0, 0x0000000000000020
2026/09/19 00:27:56.484, 1, 79, 156.39, 76, 15533, 1240, 715, P0, 0x0000000000000020
2026/09/19 00:27:57.497, 0, 78, 124.57, 44, 15533, 1328, 715, P0, 0x0000000000000000
2026/09/19 00:27:57.503, 1, 79, 129.88, 60, 15533, 1328, 715, P0, 0x0000000000000000
2026/09/19 00:27:58.521, 0, 79, 96.51, 69, 15533, 1037, 715, P0, 0x0000000000000000
2026/09/19 00:27:58.531, 1, 79, 56.14, 99, 15533, 1278, 715, P0, 0x0000000000000000
2026/09/19 00:27:59.546, 0, 78, 96.75, 49, 15533, 1316, 715, P0, 0x0000000000000000
2026/09/19 00:27:59.549, 1, 78, 65.22, 69, 15533, 1189, 715, P0, 0x0000000000000000
2026/09/19 00:28:00.560, 0, 78, 102.89, 62, 15533, 1328, 715, P0, 0x0000000000000000
2026/09/19 00:28:00.565, 1, 78, 84.34, 56, 15533, 1316, 715, P0, 0x0000000000000000
2026/09/19 00:28:01.584, 0, 79, 88.33, 68, 15533, 1316, 715, P0, 0x0000000000000000
2026/09/19 00:28:01.587, 1, 78, 76.30, 98, 15533, 1215, 715, P0, 0x0000000000000000
2026/09/19 00:28:02.595, 0, 79, 58.08, 95, 15533, 1303, 715, P0, 0x0000000000000000
2026/09/19 00:28:02.598, 1, 78, 85.92, 98, 15533, 1240, 715, P0, 0x0000000000000000
2026/09/19 00:28:03.604, 0, 78, 77.06, 79, 15533, 569, 715, P0, 0x0000000000000000
2026/09/19 00:28:03.608, 1, 79, 167.44, 51, 15533, 1290, 715, P0, 0x0000000000000020
2026/09/19 00:28:04.616, 0, 78, 94.13, 75, 15533, 1303, 715, P0, 0x0000000000000000
2026/09/19 00:28:04.618, 1, 78, 74.73, 69, 15533, 1316, 715, P0, 0x0000000000000000
2026/09/19 00:28:05.628, 0, 79, 117.99, 66, 15533, 1075, 715, P0, 0x0000000000000020
2026/09/19 00:28:05.630, 1, 78, 95.73, 93, 15533, 847, 715, P0, 0x0000000000000000
2026/09/19 00:28:06.640, 0, 78, 123.04, 82, 15533, 1316, 715, P0, 0x0000000000000000
2026/09/19 00:28:06.643, 1, 78, 122.54, 65, 15533, 1316, 715, P0, 0x0000000000000020
2026/09/19 00:28:07.653, 0, 78, 96.01, 42, 15533, 1328, 715, P0, 0x0000000000000000
2026/09/19 00:28:07.658, 1, 78, 67.37, 56, 15533, 1328, 715, P0, 0x0000000000000000
2026/09/19 00:28:08.664, 0, 79, 96.25, 100, 15533, 1303, 715, P0, 0x0000000000000000
2026/09/19 00:28:08.667, 1, 79, 66.13, 91, 15533, 1290, 715, P0, 0x0000000000000000
2026/09/19 00:28:09.674, 0, 80, 176.40, 62, 15533, 1303, 715, P0, 0x0000000000000000
2026/09/19 00:28:09.681, 1, 80, 177.31, 84, 15533, 1316, 715, P0, 0x0000000000000020
2026/09/19 00:28:10.697, 0, 79, 165.13, 58, 15533, 1215, 715, P0, 0x0000000000000020
2026/09/19 00:28:10.705, 1, 79, 179.03, 63, 15533, 1316, 715, P0, 0x0000000000000020
2026/09/19 00:28:11.724, 0, 79, 99.32, 48, 15533, 1328, 715, P0, 0x0000000000000000
2026/09/19 00:28:11.727, 1, 78, 61.15, 53, 15533, 1189, 715, P0, 0x0000000000000000
2026/09/19 00:28:12.731, 0, 79, 53.04, 80, 15533, 1215, 715, P0, 0x0000000000000000
2026/09/19 00:28:12.734, 1, 78, 94.14, 100, 15533, 999, 715, P0, 0x0000000000000000
2026/09/19 00:28:13.740, 0, 79, 59.28, 50, 15533, 1328, 715, P0, 0x0000000000000000
2026/09/19 00:28:13.745, 1, 78, 91.66, 62, 15533, 1303, 715, P0, 0x0000000000000000
2026/09/19 00:28:14.763, 0, 80, 171.53, 56, 15533, 1265, 715, P0, 0x0000000000000020
2026/09/19 00:28:14.768, 1, 79, 144.01, 77, 15533, 1189, 715, P0, 0x0000000000000000
2026/09/19 00:28:15.772, 0, 79, 97.69, 63, 15533, 1328, 715, P0, 0x0000000000000000
2026/09/19 00:28:15.775, 1, 78, 59.96, 49, 15533, 1328, 715, P0, 0x0000000000000000
2026/09/19 00:28:16.780, 0, 79, 93.65, 71, 15533, 1240, 715, P0, 0x0000000000000000
2026/09/19 00:28:16.783, 1, 79, 67.67, 90, 15533, 1316, 715, P0, 0x0000000000000020
2026/09/19 00:28:17.791, 0, 79, 111.73, 59, 15533, 1126, 715, P0, 0x0000000000000000
2026/09/19 00:28:17.796, 1, 79, 67.10, 80, 15533, 1316, 715, P0, 0x0000000000000020
2026/09/19 00:28:18.803, 0, 79, 132.21, 73, 15533, 1101, 715, P0, 0x0000000000000020
2026/09/19 00:28:18.806, 1, 79, 167.48, 63, 15533, 1290, 715, P0, 0x0000000000000020
2026/09/19 00:28:19.811, 0, 78, 121.41, 53, 15533, 1328, 715, P0, 0x0000000000000000
2026/09/19 00:28:19.814, 1, 78, 118.24, 43, 15533, 1328, 715, P0, 0x0000000000000000
2026/09/19 00:28:20.822, 0, 79, 57.36, 89, 15533, 1303, 715, P0, 0x0000000000000000
2026/09/19 00:28:20.826, 1, 79, 90.22, 100, 15533, 1316, 715, P0, 0x0000000000000000
2026/09/19 00:28:21.831, 0, 78, 117.69, 41, 15533, 1328, 715, P0, 0x0000000000000000
2026/09/19 00:28:21.836, 1, 78, 91.19, 68, 15533, 1101, 715, P0, 0x0000000000000020
2026/09/19 00:28:22.843, 0, 78, 143.82, 40, 15533, 1328, 715, P0, 0x0000000000000000
2026/09/19 00:28:22.846, 1, 78, 154.10, 67, 15533, 1316, 715, P0, 0x0000000000000000
2026/09/19 00:28:23.859, 0, 79, 77.59, 80, 15533, 1316, 715, P0, 0x0000000000000000
2026/09/19 00:28:23.865, 1, 78, 78.73, 74, 15533, 1303, 715, P0, 0x0000000000000020
2026/09/19 00:28:24.871, 0, 80, 167.96, 80, 15533, 1240, 715, P0, 0x0000000000000020
2026/09/19 00:28:24.875, 1, 78, 147.10, 99, 15533, 1215, 715, P0, 0x0000000000000020
2026/09/19 00:28:25.883, 0, 79, 154.67, 51, 15533, 1164, 715, P0, 0x0000000000000020
2026/09/19 00:28:25.886, 1, 79, 172.64, 77, 15533, 1290, 715, P0, 0x0000000000000020
2026/09/19 00:28:26.892, 0, 79, 61.22, 53, 15533, 1328, 715, P0, 0x0000000000000000
2026/09/19 00:28:26.895, 1, 78, 92.36, 52, 15533, 1328, 715, P0, 0x0000000000000000
2026/09/19 00:28:27.912, 0, 78, 53.58, 81, 15533, 1303, 715, P0, 0x0000000000000000
2026/09/19 00:28:27.916, 1, 78, 60.30, 53, 15533, 1328, 715, P0, 0x0000000000000000
2026/09/19 00:28:28.931, 0, 78, 59.76, 59, 15533, 1328, 715, P0, 0x0000000000000000
2026/09/19 00:28:28.935, 1, 78, 98.33, 46, 15533, 1328, 715, P0, 0x0000000000000000
2026/09/19 00:28:29.939, 0, 79, 82.75, 100, 15533, 1189, 715, P0, 0x0000000000000000
2026/09/19 00:28:29.942, 1, 79, 80.08, 87, 15533, 1316, 715, P0, 0x0000000000000020
2026/09/19 00:28:30.948, 0, 78, 79.20, 46, 15533, 1328, 715, P0, 0x0000000000000000
2026/09/19 00:28:30.951, 1, 78, 92.34, 60, 15533, 1328, 715, P0, 0x0000000000000000
2026/09/19 00:28:31.963, 0, 80, 101.78, 80, 15533, 1252, 715, P0, 0x0000000000000000
2026/09/19 00:28:31.966, 1, 79, 64.03, 98, 15533, 1290, 715, P0, 0x0000000000000000
2026/09/19 00:28:32.985, 0, 80, 141.57, 54, 15533, 1177, 715, P0, 0x0000000000000020
2026/09/19 00:28:32.988, 1, 79, 145.38, 77, 15533, 1202, 715, P0, 0x0000000000000000
2026/09/19 00:28:33.996, 0, 78, 100.49, 50, 15533, 1328, 715, P0, 0x0000000000000000
2026/09/19 00:28:33.999, 1, 78, 72.15, 69, 15533, 1328, 715, P0, 0x0000000000000000
2026/09/19 00:28:35.005, 0, 79, 99.81, 100, 15533, 1189, 715, P0, 0x0000000000000000
2026/09/19 00:28:35.010, 1, 79, 104.70, 93, 15533, 1265, 715, P0, 0x0000000000000000
2026/09/19 00:28:36.024, 0, 79, 99.37, 68, 15533, 822, 715, P0, 0x0000000000000020
2026/09/19 00:28:36.035, 1, 79, 166.53, 59, 15533, 1278, 715, P0, 0x0000000000000020
2026/09/19 00:28:37.049, 0, 78, 78.27, 90, 15533, 1189, 715, P0, 0x0000000000000000
2026/09/19 00:28:37.052, 1, 78, 83.05, 100, 15533, 1290, 715, P0, 0x0000000000000000
2026/09/19 00:28:38.059, 0, 78, 98.56, 64, 15533, 1316, 715, P0, 0x0000000000000000
2026/09/19 00:28:38.062, 1, 78, 87.25, 46, 15533, 1328, 715, P0, 0x0000000000000000
2026/09/19 00:28:39.082, 0, 79, 142.99, 66, 15533, 1177, 715, P0, 0x0000000000000020
2026/09/19 00:28:39.085, 1, 79, 162.20, 84, 15533, 1265, 715, P0, 0x0000000000000000
2026/09/19 00:28:40.092, 0, 78, 101.99, 50, 15533, 1328, 715, P0, 0x0000000000000000
2026/09/19 00:28:40.097, 1, 78, 87.74, 58, 15533, 1328, 715, P0, 0x0000000000000000
2026/09/19 00:28:41.104, 0, 79, 56.63, 92, 15533, 1316, 715, P0, 0x0000000000000020
2026/09/19 00:28:41.107, 1, 79, 100.99, 63, 15533, 1328, 715, P0, 0x0000000000000000
2026/09/19 00:28:42.117, 0, 79, 158.71, 69, 15533, 1240, 715, P0, 0x0000000000000000
2026/09/19 00:28:42.121, 1, 79, 177.25, 76, 15533, 1316, 715, P0, 0x0000000000000020
2026/09/19 00:28:43.125, 0, 78, 105.92, 60, 15533, 1328, 715, P0, 0x0000000000000000
2026/09/19 00:28:43.128, 1, 79, 90.06, 55, 15533, 1328, 715, P0, 0x0000000000000000
2026/09/19 00:28:44.132, 0, 79, 89.06, 97, 15533, 1265, 715, P0, 0x0000000000000000
2026/09/19 00:28:44.135, 1, 79, 82.51, 82, 15533, 1316, 715, P0, 0x0000000000000020
2026/09/19 00:28:45.142, 0, 78, 80.12, 60, 15533, 1328, 715, P0, 0x0000000000000000
2026/09/19 00:28:45.145, 1, 78, 90.17, 52, 15533, 1328, 715, P0, 0x0000000000000000
2026/09/19 00:28:46.158, 0, 79, 110.12, 64, 15533, 1050, 715, P0, 0x0000000000000000
2026/09/19 00:28:46.170, 1, 79, 149.39, 68, 15533, 1227, 715, P0, 0x0000000000000020
2026/09/19 00:28:47.183, 0, 78, 94.78, 95, 15533, 1303, 715, P0, 0x0000000000000000
2026/09/19 00:28:47.187, 1, 79, 70.51, 54, 15533, 1328, 715, P0, 0x0000000000000000
2026/09/19 00:28:48.193, 0, 79, 142.48, 61, 15533, 1189, 715, P0, 0x0000000000000020
2026/09/19 00:28:48.196, 1, 80, 178.04, 77, 15533, 1316, 715, P0, 0x0000000000000020
2026/09/19 00:28:49.205, 0, 78, 107.10, 45, 15533, 1328, 715, P0, 0x0000000000000000
2026/09/19 00:28:49.209, 1, 78, 90.31, 64, 15533, 1189, 715, P0, 0x0000000000000020
2026/09/19 00:28:50.218, 0, 80, 158.63, 73, 15533, 1227, 715, P0, 0x0000000000000020
2026/09/19 00:28:50.222, 1, 78, 118.74, 77, 15533, 1088, 715, P0, 0x0000000000000020
2026/09/19 00:28:51.245, 0, 79, 103.07, 49, 15533, 1328, 715, P0, 0x0000000000000000
2026/09/19 00:28:51.251, 1, 78, 87.69, 66, 15533, 1328, 715, P0, 0x0000000000000000
2026/09/19 00:28:52.255, 0, 79, 55.47, 99, 15533, 1240, 715, P0, 0x0000000000000000
2026/09/19 00:28:52.258, 1, 78, 80.98, 100, 15533, 1227, 715, P0, 0x0000000000000000
2026/09/19 00:28:53.264, 0, 78, 127.51, 45, 15533, 1328, 715, P0, 0x0000000000000000
2026/09/19 00:28:53.267, 1, 78, 125.69, 66, 15533, 1328, 715, P0, 0x0000000000000000
2026/09/19 00:28:54.273, 0, 80, 154.88, 59, 15533, 1215, 715, P0, 0x0000000000000000
2026/09/19 00:28:54.276, 1, 79, 181.40, 68, 15533, 1316, 715, P0, 0x0000000000000000
2026/09/19 00:28:55.286, 0, 78, 49.16, 100, 15533, 1189, 715, P0, 0x0000000000000000
2026/09/19 00:28:55.289, 1, 78, 103.65, 32, 15533, 1328, 715, P0, 0x0000000000000000
2026/09/19 00:28:56.298, 0, 79, 111.55, 53, 15533, 1012, 715, P0, 0x0000000000000000
2026/09/19 00:28:56.307, 1, 80, 200.20, 78, 15533, 1328, 715, P0, 0x0000000000000000
2026/09/19 00:28:57.323, 0, 78, 138.60, 89, 15533, 1164, 715, P0, 0x0000000000000020
2026/09/19 00:28:57.327, 1, 77, 54.81, 99, 15533, 405, 715, P0, 0x0000000000000020
2026/09/19 00:28:58.350, 0, 77, 176.18, 46, 15533, 1328, 715, P0, 0x0000000000000000
2026/09/19 00:28:58.355, 1, 77, 134.79, 59, 15533, 885, 715, P0, 0x0000000000000020
2026/09/19 00:28:59.360, 0, 78, 60.99, 48, 15533, 1328, 715, P0, 0x0000000000000000
2026/09/19 00:28:59.363, 1, 77, 87.86, 65, 15533, 1290, 715, P0, 0x0000000000000000
2026/09/19 00:29:00.370, 0, 80, 80.41, 100, 15533, 1240, 715, P0, 0x0000000000000000
2026/09/19 00:29:00.373, 1, 78, 76.54, 100, 15533, 1189, 715, P0, 0x0000000000000000
2026/09/19 00:29:01.384, 0, 78, 60.01, 63, 15533, 1328, 715, P0, 0x0000000000000000
2026/09/19 00:29:01.387, 1, 78, 94.82, 49, 15533, 1328, 715, P0, 0x0000000000000000
2026/09/19 00:29:02.396, 0, 80, 169.41, 67, 15533, 1278, 715, P0, 0x0000000000000020
2026/09/19 00:29:02.399, 1, 79, 178.05, 75, 15533, 1316, 715, P0, 0x0000000000000000
2026/09/19 00:29:03.405, 0, 79, 66.45, 61, 15533, 1328, 715, P0, 0x0000000000000000
2026/09/19 00:29:03.409, 1, 78, 97.84, 60, 15533, 1328, 715, P0, 0x0000000000000000
2026/09/19 00:29:04.428, 0, 79, 166.64, 49, 15533, 1265, 715, P0, 0x0000000000000020
2026/09/19 00:29:04.431, 1, 79, 200.26, 55, 15533, 1328, 715, P0, 0x0000000000000000
2026/09/19 00:29:05.438, 0, 78, 59.09, 79, 15533, 1240, 715, P0, 0x0000000000000000
2026/09/19 00:29:05.441, 1, 78, 117.73, 14, 15533, 1316, 715, P0, 0x0000000000000000
2026/09/19 00:29:06.448, 0, 79, 111.55, 65, 15533, 1037, 715, P0, 0x0000000000000020
2026/09/19 00:29:06.456, 1, 80, 201.37, 77, 15533, 1328, 715, P0, 0x0000000000000000
2026/09/19 00:29:07.473, 0, 78, 97.61, 50, 15533, 1328, 715, P0, 0x0000000000000000
2026/09/19 00:29:07.477, 1, 78, 68.09, 69, 15533, 1328, 715, P0, 0x0000000000000000
2026/09/19 00:29:08.482, 0, 78, 56.86, 97, 15533, 1265, 715, P0, 0x0000000000000000
2026/09/19 00:29:08.485, 1, 78, 74.28, 98, 15533, 1215, 715, P0, 0x0000000000000000
2026/09/19 00:29:09.491, 0, 78, 63.83, 46, 15533, 1328, 715, P0, 0x0000000000000000
2026/09/19 00:29:09.494, 1, 78, 94.77, 61, 15533, 1328, 715, P0, 0x0000000000000000
2026/09/19 00:29:10.499, 0, 79, 89.81, 75, 15533, 1265, 715, P0, 0x0000000000000000
2026/09/19 00:29:10.502, 1, 78, 69.76, 97, 15533, 1303, 715, P0, 0x0000000000000000
2026/09/19 00:29:11.509, 0, 79, 96.44, 63, 15533, 1328, 715, P0, 0x0000000000000000
2026/09/19 00:29:11.512, 1, 78, 90.69, 46, 15533, 1328, 715, P0, 0x0000000000000000
2026/09/19 00:29:12.518, 0, 80, 169.58, 54, 15533, 1265, 715, P0, 0x0000000000000000
2026/09/19 00:29:12.521, 1, 80, 151.78, 100, 15533, 1316, 715, P0, 0x0000000000000020
2026/09/19 00:29:13.539, 0, 79, 166.70, 55, 15533, 1240, 715, P0, 0x0000000000000020
2026/09/19 00:29:13.543, 1, 79, 163.68, 76, 15533, 1265, 715, P0, 0x0000000000000020
2026/09/19 00:29:14.562, 0, 79, 66.46, 63, 15533, 1328, 715, P0, 0x0000000000000000
2026/09/19 00:29:14.565, 1, 78, 91.10, 55, 15533, 1328, 715, P0, 0x0000000000000000
2026/09/19 00:29:15.572, 0, 79, 86.17, 96, 15533, 1265, 715, P0, 0x0000000000000000
2026/09/19 00:29:15.575, 1, 79, 84.25, 83, 15533, 1316, 715, P0, 0x0000000000000020
2026/09/19 00:29:16.582, 0, 78, 152.10, 63, 15533, 1328, 715, P0, 0x0000000000000000
2026/09/19 00:29:16.585, 1, 79, 177.38, 66, 15533, 1328, 715, P0, 0x0000000000000000
2026/09/19 00:29:17.599, 0, 79, 57.35, 95, 15533, 1316, 715, P0, 0x0000000000000020
2026/09/19 00:29:17.604, 1, 79, 93.83, 67, 15533, 1316, 715, P0, 0x0000000000000000
2026/09/19 00:29:18.611, 0, 78, 59.28, 61, 15533, 1328, 715, P0, 0x0000000000000000
2026/09/19 00:29:18.614, 1, 78, 92.43, 47, 15533, 1328, 715, P0, 0x0000000000000000
2026/09/19 00:29:19.620, 0, 79, 154.18, 67, 15533, 1227, 715, P0, 0x0000000000000000
2026/09/19 00:29:19.627, 1, 79, 177.01, 68, 15533, 1316, 715, P0, 0x0000000000000020
2026/09/19 00:29:20.643, 0, 78, 54.69, 72, 15533, 1240, 715, P0, 0x0000000000000000
2026/09/19 00:29:20.649, 1, 78, 100.08, 28, 15533, 1328, 715, P0, 0x0000000000000000
2026/09/19 00:29:21.657, 0, 79, 116.14, 80, 15533, 1075, 715, P0, 0x0000000000000000
2026/09/19 00:29:21.660, 1, 80, 77.37, 90, 15533, 1303, 715, P0, 0x0000000000000000
2026/09/19 00:29:22.669, 0, 78, 64.81, 54, 15533, 1328, 715, P0, 0x0000000000000000
2026/09/19 00:29:22.673, 1, 78, 90.90, 55, 15533, 1328, 715, P0, 0x0000000000000000
2026/09/19 00:29:23.679, 0, 79, 99.31, 94, 15533, 1290, 715, P0, 0x0000000000000000
2026/09/19 00:29:23.682, 1, 79, 82.51, 82, 15533, 1290, 715, P0, 0x0000000000000000
2026/09/19 00:29:24.689, 0, 79, 148.02, 58, 15533, 1202, 715, P0, 0x0000000000000000
2026/09/19 00:29:24.692, 1, 79, 157.28, 72, 15533, 1252, 715, P0, 0x0000000000000020
2026/09/19 00:29:25.699, 0, 78, 96.71, 80, 15533, 1316, 715, P0, 0x0000000000000000
2026/09/19 00:29:25.705, 1, 78, 80.49, 65, 15533, 1316, 715, P0, 0x0000000000000000
2026/09/19 00:29:26.724, 0, 78, 92.36, 50, 15533, 1328, 715, P0, 0x0000000000000000
2026/09/19 00:29:26.727, 1, 78, 89.66, 51, 15533, 1328, 715, P0, 0x0000000000000000
2026/09/19 00:29:27.734, 0, 80, 87.50, 69, 15533, 1240, 715, P0, 0x0000000000000000
2026/09/19 00:29:27.737, 1, 79, 58.30, 84, 15533, 1227, 715, P0, 0x0000000000000000
2026/09/19 00:29:28.747, 0, 78, 68.47, 62, 15533, 1328, 715, P0, 0x0000000000000000
2026/09/19 00:29:28.750, 1, 78, 123.25, 61, 15533, 1328, 715, P0, 0x0000000000000000
2026/09/19 00:29:29.757, 0, 78, 57.10, 87, 15533, 1316, 715, P0, 0x0000000000000000
2026/09/19 00:29:29.762, 1, 79, 115.00, 68, 15533, 1328, 715, P0, 0x0000000000000000
2026/09/19 00:29:30.769, 0, 80, 134.05, 68, 15533, 1227, 715, P0, 0x0000000000000000
2026/09/19 00:29:30.772, 1, 80, 88.57, 99, 15533, 1316, 715, P0, 0x0000000000000020
2026/09/19 00:29:31.778, 0, 79, 119.71, 58, 15533, 1290, 715, P0, 0x0000000000000000
2026/09/19 00:29:31.781, 1, 79, 153.66, 60, 15533, 1328, 715, P0, 0x0000000000000000
2026/09/19 00:29:32.790, 0, 79, 90.11, 82, 15533, 1050, 715, P0, 0x0000000000000000
2026/09/19 00:29:32.794, 1, 79, 55.92, 82, 15533, 1290, 715, P0, 0x0000000000000000
2026/09/19 00:29:33.802, 0, 78, 91.93, 45, 15533, 1328, 715, P0, 0x0000000000000000
2026/09/19 00:29:33.806, 1, 78, 139.96, 65, 15533, 1328, 715, P0, 0x0000000000000000
2026/09/19 00:29:34.813, 0, 78, 59.03, 43, 15533, 1328, 715, P0, 0x0000000000000000
2026/09/19 00:29:34.816, 1, 78, 105.00, 64, 15533, 1328, 715, P0, 0x0000000000000000
2026/09/19 00:29:35.823, 0, 79, 92.14, 96, 15533, 1303, 715, P0, 0x0000000000000000
2026/09/19 00:29:35.826, 1, 79, 80.75, 85, 15533, 1316, 715, P0, 0x0000000000000000
2026/09/19 00:29:36.831, 0, 79, 189.00, 52, 15533, 1278, 715, P0, 0x0000000000000020
2026/09/19 00:29:36.840, 1, 79, 169.35, 57, 15533, 1252, 715, P0, 0x0000000000000020
2026/09/19 00:29:37.859, 0, 79, 88.64, 44, 15533, 1328, 715, P0, 0x0000000000000000
2026/09/19 00:29:37.863, 1, 78, 71.04, 75, 15533, 1189, 715, P0, 0x0000000000000000
2026/09/19 00:29:38.868, 0, 79, 154.46, 72, 15533, 1227, 715, P0, 0x0000000000000020
2026/09/19 00:29:38.874, 1, 78, 113.79, 76, 15533, 1088, 715, P0, 0x0000000000000000
2026/09/19 00:29:39.878, 0, 79, 73.46, 47, 15533, 1328, 715, P0, 0x0000000000000000
2026/09/19 00:29:39.881, 1, 78, 89.51, 61, 15533, 1328, 715, P0, 0x0000000000000000
2026/09/19 00:29:40.887, 0, 79, 130.56, 89, 15533, 1139, 715, P0, 0x0000000000000000
2026/09/19 00:29:40.890, 1, 79, 112.71, 98, 15533, 1240, 715, P0, 0x0000000000000000
2026/09/19 00:29:41.908, 0, 78, 107.91, 62, 15533, 1328, 715, P0, 0x0000000000000000
2026/09/19 00:29:41.911, 1, 78, 106.25, 47, 15533, 1328, 715, P0, 0x0000000000000000
2026/09/19 00:29:42.924, 0, 78, 156.39, 62, 15533, 1328, 715, P0, 0x0000000000000000
2026/09/19 00:29:42.927, 1, 78, 175.11, 55, 15533, 1328, 715, P0, 0x0000000000000000
2026/09/19 00:29:43.940, 0, 79, 63.36, 100, 15533, 1202, 715, P0, 0x0000000000000000
2026/09/19 00:29:43.943, 1, 79, 92.43, 100, 15533, 1316, 715, P0, 0x0000000000000000
2026/09/19 00:29:44.963, 0, 79, 134.33, 59, 15533, 1139, 715, P0, 0x0000000000000020
2026/09/19 00:29:44.966, 1, 79, 199.71, 68, 15533, 1328, 715, P0, 0x0000000000000000
2026/09/19 00:29:45.974, 0, 79, 63.35, 65, 15533, 1316, 715, P0, 0x0000000000000000
2026/09/19 00:29:45.977, 1, 79, 90.19, 42, 15533, 1328, 715, P0, 0x0000000000000000
2026/09/19 00:29:46.988, 0, 79, 52.56, 98, 15533, 1189, 715, P0, 0x0000000000000000
2026/09/19 00:29:46.993, 1, 79, 89.54, 66, 15533, 1316, 715, P0, 0x0000000000000020
2026/09/19 00:29:47.999, 0, 79, 149.07, 48, 15533, 1177, 715, P0, 0x0000000000000020
2026/09/19 00:29:48.002, 1, 79, 168.73, 77, 15533, 1278, 715, P0, 0x0000000000000020
2026/09/19 00:29:49.019, 0, 79, 97.42, 96, 15533, 1290, 715, P0, 0x0000000000000000
2026/09/19 00:29:49.022, 1, 79, 86.07, 44, 15533, 1328, 715, P0, 0x0000000000000000
2026/09/19 00:29:50.034, 0, 79, 76.77, 55, 15533, 1328, 715, P0, 0x0000000000000000
2026/09/19 00:29:50.037, 1, 78, 93.54, 47, 15533, 1328, 715, P0, 0x0000000000000000
2026/09/19 00:29:51.047, 0, 79, 89.36, 98, 15533, 1215, 715, P0, 0x0000000000000000
2026/09/19 00:29:51.050, 1, 79, 61.42, 100, 15533, 1303, 715, P0, 0x0000000000000000
2026/09/19 00:29:52.057, 0, 79, 94.85, 57, 15533, 1328, 715, P0, 0x0000000000000000
2026/09/19 00:29:52.060, 1, 79, 67.41, 68, 15533, 1328, 715, P0, 0x0000000000000000
2026/09/19 00:29:53.066, 0, 79, 81.12, 96, 15533, 1265, 715, P0, 0x0000000000000000
2026/09/19 00:29:53.069, 1, 79, 81.35, 94, 15533, 1278, 715, P0, 0x0000000000000000
2026/09/19 00:29:54.076, 0, 79, 140.46, 50, 15533, 1101, 715, P0, 0x0000000000000020
2026/09/19 00:29:54.084, 1, 79, 163.91, 65, 15533, 1252, 715, P0, 0x0000000000000020
2026/09/19 00:29:55.089, 0, 79, 94.80, 47, 15533, 1328, 715, P0, 0x0000000000000000
2026/09/19 00:29:55.095, 1, 79, 61.13, 54, 15533, 1328, 715, P0, 0x0000000000000000
2026/09/19 00:29:56.112, 0, 79, 84.32, 100, 15533, 1202, 715, P0, 0x0000000000000000
2026/09/19 00:29:56.116, 1, 79, 57.37, 100, 15533, 1265, 715, P0, 0x0000000000000000
2026/09/19 00:29:57.126, 0, 78, 60.49, 61, 15533, 1328, 715, P0, 0x0000000000000000
2026/09/19 00:29:57.129, 1, 79, 94.29, 66, 15533, 1328, 715, P0, 0x0000000000000000
2026/09/19 00:29:58.135, 0, 79, 154.48, 62, 15533, 1215, 715, P0, 0x0000000000000000
2026/09/19 00:29:58.141, 1, 79, 145.25, 65, 15533, 1202, 715, P0, 0x0000000000000000
2026/09/19 00:29:59.148, 0, 79, 53.25, 96, 15533, 1278, 715, P0, 0x0000000000000000
2026/09/19 00:29:59.151, 1, 78, 96.73, 79, 15533, 1303, 715, P0, 0x0000000000000000
2026/09/19 00:30:00.159, 0, 78, 100.00, 62, 15533, 1328, 715, P0, 0x0000000000000000
2026/09/19 00:30:00.163, 1, 78, 75.76, 63, 15533, 1328, 715, P0, 0x0000000000000000
2026/09/19 00:30:01.169, 0, 79, 89.30, 96, 15533, 1265, 715, P0, 0x0000000000000000
2026/09/19 00:30:01.172, 1, 79, 69.79, 91, 15533, 1278, 715, P0, 0x0000000000000000
2026/09/19 00:30:02.179, 0, 79, 140.59, 68, 15533, 1177, 715, P0, 0x0000000000000020
2026/09/19 00:30:02.179, 1, 79, 149.58, 77, 15533, 1227, 715, P0, 0x0000000000000000
2026/09/19 00:30:03.187, 0, 79, 95.08, 67, 15533, 1328, 715, P0, 0x0000000000000000
2026/09/19 00:30:03.191, 1, 78, 72.41, 62, 15533, 1328, 715, P0, 0x0000000000000000
2026/09/19 00:30:04.198, 0, 79, 53.58, 95, 15533, 1290, 715, P0, 0x0000000000000000
2026/09/19 00:30:04.202, 1, 78, 81.12, 92, 15533, 1278, 715, P0, 0x0000000000000000
2026/09/19 00:30:05.212, 0, 79, 69.83, 43, 15533, 1328, 715, P0, 0x0000000000000000
2026/09/19 00:30:05.217, 1, 78, 94.03, 56, 15533, 1328, 715, P0, 0x0000000000000000
2026/09/19 00:30:06.222, 0, 80, 97.92, 69, 15533, 1189, 715, P0, 0x0000000000000000
2026/09/19 00:30:06.225, 1, 79, 66.45, 82, 15533, 1303, 715, P0, 0x0000000000000000
2026/09/19 00:30:07.231, 0, 78, 113.90, 61, 15533, 1328, 715, P0, 0x0000000000000000
2026/09/19 00:30:07.234, 1, 79, 140.14, 59, 15533, 1316, 715, P0, 0x0000000000000000
2026/09/19 00:30:08.239, 0, 80, 154.30, 61, 15533, 1215, 715, P0, 0x0000000000000000
2026/09/19 00:30:08.246, 1, 79, 167.89, 86, 15533, 1290, 715, P0, 0x0000000000000020
2026/09/19 00:30:09.263, 0, 79, 99.78, 61, 15533, 1316, 715, P0, 0x0000000000000000
2026/09/19 00:30:09.266, 1, 79, 71.18, 65, 15533, 1328, 715, P0, 0x0000000000000000
2026/09/19 00:30:10.279, 0, 79, 50.62, 93, 15533, 1189, 715, P0, 0x0000000000000000
2026/09/19 00:30:10.283, 1, 79, 97.60, 74, 15533, 1316, 715, P0, 0x0000000000000020
2026/09/19 00:30:11.288, 0, 79, 164.55, 46, 15533, 1202, 715, P0, 0x0000000000000020
2026/09/19 00:30:11.291, 1, 79, 165.83, 72, 15533, 1252, 715, P0, 0x0000000000000020
2026/09/19 00:30:12.299, 0, 79, 78.25, 46, 15533, 1328, 715, P0, 0x0000000000000000
2026/09/19 00:30:12.307, 1, 78, 107.81, 59, 15533, 1328, 715, P0, 0x0000000000000000
2026/09/19 00:30:13.322, 0, 78, 97.93, 65, 15533, 670, 715, P0, 0x0000000000000020
2026/09/19 00:30:13.336, 1, 79, 164.27, 64, 15533, 1265, 715, P0, 0x0000000000000020
2026/09/19 00:30:14.355, 0, 79, 110.19, 96, 15533, 1012, 715, P0, 0x0000000000000020
2026/09/19 00:30:14.358, 1, 80, 80.75, 98, 15533, 1252, 715, P0, 0x0000000000000000
2026/09/19 00:30:15.376, 0, 78, 97.67, 64, 15533, 1316, 715, P0, 0x0000000000000000
2026/09/19 00:30:15.379, 1, 78, 84.58, 44, 15533, 1328, 715, P0, 0x0000000000000000
2026/09/19 00:30:16.393, 0, 78, 138.94, 53, 15533, 1328, 715, P0, 0x0000000000000000
2026/09/19 00:30:16.396, 1, 79, 163.46, 68, 15533, 1328, 715, P0, 0x0000000000000000
2026/09/19 00:30:17.402, 0, 79, 101.68, 70, 15533, 1316, 715, P0, 0x0000000000000000
2026/09/19 00:30:17.405, 1, 79, 78.41, 73, 15533, 1316, 715, P0, 0x0000000000000000
2026/09/19 00:30:18.412, 0, 80, 101.64, 79, 15533, 1227, 715, P0, 0x0000000000000000
2026/09/19 00:30:18.415, 1, 79, 89.15, 78, 15533, 1202, 715, P0, 0x0000000000000000
2026/09/19 00:30:19.424, 0, 79, 62.15, 47, 15533, 1328, 715, P0, 0x0000000000000000
2026/09/19 00:30:19.427, 1, 79, 97.12, 47, 15533, 1328, 715, P0, 0x0000000000000000
2026/09/19 00:30:20.448, 0, 79, 89.00, 71, 15533, 1316, 715, P0, 0x0000000000000000
2026/09/19 00:30:20.454, 1, 78, 82.24, 62, 15533, 1328, 715, P0, 0x0000000000000000
2026/09/19 00:30:21.461, 0, 79, 177.70, 60, 15533, 1265, 715, P0, 0x0000000000000020
2026/09/19 00:30:21.466, 1, 79, 184.75, 68, 15533, 1290, 715, P0, 0x0000000000000020
2026/09/19 00:30:22.478, 0, 79, 65.79, 100, 15533, 1189, 715, P0, 0x0000000000000000
2026/09/19 00:30:22.481, 1, 79, 88.08, 52, 15533, 1328, 715, P0, 0x0000000000000000
2026/09/19 00:30:23.491, 0, 79, 105.66, 60, 15533, 1328, 715, P0, 0x0000000000000000
2026/09/19 00:30:23.494, 1, 78, 88.45, 47, 15533, 1328, 715, P0, 0x0000000000000000
2026/09/19 00:30:24.502, 0, 80, 153.58, 51, 15533, 1215, 715, P0, 0x0000000000000000
2026/09/19 00:30:24.505, 1, 78, 70.82, 87, 15533, 480, 715, P0, 0x0000000000000000
2026/09/19 00:30:25.530, 0, 78, 90.07, 42, 15533, 1328, 715, P0, 0x0000000000000000
2026/09/19 00:30:25.533, 1, 78, 55.13, 100, 15533, 1189, 715, P0, 0x0000000000000000
2026/09/19 00:30:26.547, 0, 78, 146.16, 50, 15533, 1164, 715, P0, 0x0000000000000020
2026/09/19 00:30:26.551, 1, 78, 164.25, 55, 15533, 1189, 715, P0, 0x0000000000000020
2026/09/19 00:30:27.559, 0, 78, 99.47, 83, 15533, 1303, 715, P0, 0x0000000000000000
2026/09/19 00:30:27.563, 1, 78, 81.27, 69, 15533, 1303, 715, P0, 0x0000000000000000
2026/09/19 00:30:28.584, 0, 79, 117.36, 63, 15533, 1088, 715, P0, 0x0000000000000000
2026/09/19 00:30:28.592, 1, 79, 162.17, 65, 15533, 1265, 715, P0, 0x0000000000000020
2026/09/19 00:30:29.611, 0, 79, 87.34, 68, 15533, 1316, 715, P0, 0x0000000000000000
2026/09/19 00:30:29.614, 1, 78, 86.85, 60, 15533, 1316, 715, P0, 0x0000000000000000
2026/09/19 00:30:30.619, 0, 78, 70.56, 50, 15533, 1328, 715, P0, 0x0000000000000000
2026/09/19 00:30:30.622, 1, 78, 93.13, 65, 15533, 1328, 715, P0, 0x0000000000000000
2026/09/19 00:30:31.632, 0, 79, 88.15, 95, 15533, 1278, 715, P0, 0x0000000000000000
2026/09/19 00:30:31.635, 1, 79, 62.88, 97, 15533, 1328, 715, P0, 0x0000000000000000
2026/09/19 00:30:32.643, 0, 78, 64.57, 71, 15533, 1316, 715, P0, 0x0000000000000000
2026/09/19 00:30:32.649, 1, 78, 89.82, 7, 15533, 1290, 715, P0, 0x0000000000000000
2026/09/19 00:30:33.654, 0, 79, 123.21, 77, 15533, 1113, 715, P0, 0x0000000000000000
2026/09/19 00:30:33.660, 1, 80, 157.71, 77, 15533, 1328, 715, P0, 0x0000000000000000
2026/09/19 00:30:34.678, 0, 78, 139.79, 54, 15533, 1328, 715, P0, 0x0000000000000000
2026/09/19 00:30:34.681, 1, 79, 165.30, 62, 15533, 1328, 715, P0, 0x0000000000000000
2026/09/19 00:30:35.700, 0, 79, 96.04, 74, 15533, 1316, 715, P0, 0x0000000000000000
2026/09/19 00:30:35.703, 1, 79, 65.95, 66, 15533, 1328, 715, P0, 0x0000000000000000
2026/09/19 00:30:36.721, 0, 79, 82.87, 76, 15533, 1189, 715, P0, 0x0000000000000000
2026/09/19 00:30:36.724, 1, 79, 59.91, 100, 15533, 1290, 715, P0, 0x0000000000000000
2026/09/19 00:30:37.733, 0, 78, 60.01, 65, 15533, 1328, 715, P0, 0x0000000000000000
2026/09/19 00:30:37.737, 1, 78, 91.70, 46, 15533, 1328, 715, P0, 0x0000000000000000
2026/09/19 00:30:38.743, 0, 79, 148.81, 68, 15533, 1215, 715, P0, 0x0000000000000020
2026/09/19 00:30:38.746, 1, 80, 177.52, 67, 15533, 1316, 715, P0, 0x0000000000000020
2026/09/19 00:30:39.753, 0, 78, 52.33, 25, 15533, 1252, 715, P0, 0x0000000000000000
2026/09/19 00:30:39.757, 1, 78, 83.11, 100, 15533, 658, 715, P0, 0x0000000000000020
2026/09/19 00:30:40.778, 0, 78, 117.74, 40, 15533, 1265, 715, P0, 0x0000000000000000
2026/09/19 00:30:40.781, 1, 78, 107.95, 72, 15533, 1252, 715, P0, 0x0000000000000000
2026/09/19 00:30:41.793, 0, 79, 148.68, 60, 15533, 1202, 715, P0, 0x0000000000000000
2026/09/19 00:30:41.799, 1, 78, 128.38, 58, 15533, 1139, 715, P0, 0x0000000000000020
2026/09/19 00:30:42.819, 0, 78, 102.58, 66, 15533, 1328, 715, P0, 0x0000000000000000
2026/09/19 00:30:42.822, 1, 78, 79.09, 73, 15533, 1328, 715, P0, 0x0000000000000000
2026/09/19 00:30:43.828, 0, 79, 102.76, 96, 15533, 1278, 715, P0, 0x0000000000000000
2026/09/19 00:30:43.831, 1, 78, 134.85, 99, 15533, 1303, 715, P0, 0x0000000000000000
2026/09/19 00:30:44.839, 0, 79, 130.05, 50, 15533, 1126, 715, P0, 0x0000000000000000
2026/09/19 00:30:44.845, 1, 79, 175.11, 55, 15533, 1303, 715, P0, 0x0000000000000020
2026/09/19 00:30:45.850, 0, 79, 94.81, 79, 15533, 1316, 715, P0, 0x0000000000000000
2026/09/19 00:30:45.853, 1, 78, 71.63, 64, 15533, 1316, 715, P0, 0x0000000000000000
2026/09/19 00:30:46.865, 0, 79, 104.92, 43, 15533, 1328, 715, P0, 0x0000000000000000
2026/09/19 00:30:46.868, 1, 78, 88.36, 46, 15533, 1328, 715, P0, 0x0000000000000000
2026/09/19 00:30:47.879, 0, 80, 132.58, 68, 15533, 1202, 715, P0, 0x0000000000000000
2026/09/19 00:30:47.885, 1, 80, 93.79, 93, 15533, 1303, 715, P0, 0x0000000000000000
2026/09/19 00:30:48.906, 0, 78, 102.73, 64, 15533, 1316, 715, P0, 0x0000000000000000
2026/09/19 00:30:48.909, 1, 78, 86.97, 68, 15533, 1328, 715, P0, 0x0000000000000000
2026/09/19 00:30:49.913, 0, 79, 100.48, 77, 15533, 1088, 715, P0, 0x0000000000000000
2026/09/19 00:30:49.916, 1, 79, 83.22, 100, 15533, 1227, 715, P0, 0x0000000000000000
2026/09/19 00:30:50.922, 0, 79, 177.16, 53, 15533, 1164, 715, P0, 0x0000000000000020
2026/09/19 00:30:50.930, 1, 79, 168.33, 70, 15533, 1227, 715, P0, 0x0000000000000020
2026/09/19 00:30:51.948, 0, 79, 95.28, 84, 15533, 1316, 715, P0, 0x0000000000000000
2026/09/19 00:30:51.951, 1, 78, 62.78, 66, 15533, 1328, 715, P0, 0x0000000000000000
2026/09/19 00:30:52.973, 0, 79, 86.00, 97, 15533, 1252, 715, P0, 0x0000000000000000
2026/09/19 00:30:52.976, 1, 79, 65.04, 100, 15533, 1227, 715, P0, 0x0000000000000000
2026/09/19 00:30:53.983, 0, 79, 62.63, 61, 15533, 1328, 715, P0, 0x0000000000000000
2026/09/19 00:30:53.987, 1, 78, 91.32, 54, 15533, 1328, 715, P0, 0x0000000000000000
2026/09/19 00:30:54.993, 0, 79, 133.76, 67, 15533, 1164, 715, P0, 0x0000000000000000
2026/09/19 00:30:54.996, 1, 79, 177.68, 67, 15533, 1316, 715, P0, 0x0000000000000020
2026/09/19 00:30:56.005, 0, 78, 113.24, 79, 15533, 1316, 715, P0, 0x0000000000000000
2026/09/19 00:30:56.011, 1, 79, 95.51, 60, 15533, 1316, 715, P0, 0x0000000000000000
2026/09/19 00:30:57.023, 0, 79, 102.61, 44, 15533, 1328, 715, P0, 0x0000000000000000
2026/09/19 00:30:57.026, 1, 78, 79.52, 48, 15533, 1328, 715, P0, 0x0000000000000000
2026/09/19 00:30:58.033, 0, 79, 65.78, 73, 15533, 1316, 715, P0, 0x0000000000000000
2026/09/19 00:30:58.036, 1, 79, 88.28, 77, 15533, 1303, 715, P0, 0x0000000000000000
2026/09/19 00:30:59.054, 0, 79, 122.88, 81, 15533, 1101, 715, P0, 0x0000000000000020
2026/09/19 00:30:59.060, 1, 79, 148.53, 80, 15533, 1202, 715, P0, 0x0000000000000000
2026/09/19 00:31:00.068, 0, 79, 95.22, 61, 15533, 1328, 715, P0, 0x0000000000000000
2026/09/19 00:31:00.071, 1, 78, 72.63, 66, 15533, 1328, 715, P0, 0x0000000000000000
2026/09/19 00:31:01.079, 0, 79, 52.37, 96, 15533, 1240, 715, P0, 0x0000000000000000
2026/09/19 00:31:01.082, 1, 79, 56.23, 100, 15533, 1252, 715, P0, 0x0000000000000000
2026/09/19 00:31:02.088, 0, 79, 98.88, 59, 15533, 1328, 715, P0, 0x0000000000000000
2026/09/19 00:31:02.091, 1, 79, 64.25, 56, 15533, 1328, 715, P0, 0x0000000000000000
2026/09/19 00:31:03.099, 0, 80, 153.69, 66, 15533, 1202, 715, P0, 0x0000000000000000
2026/09/19 00:31:03.103, 1, 80, 184.49, 66, 15533, 1316, 715, P0, 0x0000000000000020
2026/09/19 00:31:04.107, 0, 78, 75.68, 100, 15533, 1189, 715, P0, 0x0000000000000000
2026/09/19 00:31:04.110, 1, 78, 72.73, 69, 15533, 1316, 715, P0, 0x0000000000000000
2026/09/19 00:31:05.129, 0, 78, 93.17, 62, 15533, 1303, 715, P0, 0x0000000000000000
2026/09/19 00:31:05.132, 1, 78, 63.30, 59, 15533, 1328, 715, P0, 0x0000000000000000
2026/09/19 00:31:06.142, 0, 79, 91.99, 78, 15533, 1189, 715, P0, 0x0000000000000000
2026/09/19 00:31:06.151, 1, 79, 57.33, 95, 15533, 1227, 715, P0, 0x0000000000000000
2026/09/19 00:31:07.165, 0, 79, 173.82, 53, 15533, 1227, 715, P0, 0x0000000000000020
2026/09/19 00:31:07.174, 1, 79, 171.28, 64, 15533, 1265, 715, P0, 0x0000000000000020
2026/09/19 00:31:08.178, 0, 78, 99.25, 87, 15533, 1303, 715, P0, 0x0000000000000000
2026/09/19 00:31:08.181, 1, 78, 76.93, 53, 15533, 1328, 715, P0, 0x0000000000000000
2026/09/19 00:31:09.190, 0, 79, 124.19, 66, 15533, 1189, 715, P0, 0x0000000000000000
2026/09/19 00:31:09.196, 1, 80, 79.04, 100, 15533, 1202, 715, P0, 0x0000000000000000
2026/09/19 00:31:10.216, 0, 78, 100.98, 62, 15533, 1328, 715, P0, 0x0000000000000000
2026/09/19 00:31:10.219, 1, 78, 82.47, 65, 15533, 1328, 715, P0, 0x0000000000000000
2026/09/19 00:31:11.224, 0, 79, 165.54, 68, 15533, 1265, 715, P0, 0x0000000000000020
2026/09/19 00:31:11.226, 1, 79, 162.01, 67, 15533, 1265, 715, P0, 0x0000000000000000
2026/09/19 00:31:12.234, 0, 78, 93.58, 64, 15533, 1316, 715, P0, 0x0000000000000000
2026/09/19 00:31:12.239, 1, 79, 70.51, 55, 15533, 1316, 715, P0, 0x0000000000000000
2026/09/19 00:31:13.257, 0, 78, 89.74, 58, 15533, 1328, 715, P0, 0x0000000000000000
2026/09/19 00:31:13.260, 1, 78, 127.87, 61, 15533, 1328, 715, P0, 0x0000000000000000
2026/09/19 00:31:14.273, 0, 78, 61.80, 33, 15533, 1189, 715, P0, 0x0000000000000000
2026/09/19 00:31:14.277, 1, 78, 47.31, 76, 15533, 405, 715, P0, 0x0000000000000020
2026/09/19 00:31:15.295, 0, 77, 49.26, 0, 15533, 1202, 715, P0, 0x0000000000000000
2026/09/19 00:31:15.298, 1, 77, 55.52, 100, 15533, 405, 715, P0, 0x0000000000000020
2026/09/19 00:31:16.317, 0, 79, 56.87, 93, 15533, 1303, 715, P0, 0x0000000000000000
2026/09/19 00:31:16.320, 1, 78, 98.36, 85, 15533, 885, 715, P0, 0x0000000000000020
2026/09/19 00:31:17.328, 0, 78, 100.77, 57, 15533, 1328, 715, P0, 0x0000000000000000
2026/09/19 00:31:17.331, 1, 77, 58.73, 60, 15533, 1290, 715, P0, 0x0000000000000000
2026/09/19 00:31:18.349, 0, 79, 56.01, 89, 15533, 1316, 715, P0, 0x0000000000000000
2026/09/19 00:31:18.352, 1, 78, 54.04, 65, 15533, 1316, 715, P0, 0x0000000000000020
2026/09/19 00:31:19.359, 0, 79, 69.35, 57, 15533, 1328, 715, P0, 0x0000000000000000
2026/09/19 00:31:19.362, 1, 78, 91.87, 54, 15533, 1328, 715, P0, 0x0000000000000000
2026/09/19 00:31:20.373, 0, 79, 91.18, 81, 15533, 1265, 715, P0, 0x0000000000000000
2026/09/19 00:31:20.376, 1, 78, 81.57, 78, 15533, 1316, 715, P0, 0x0000000000000020
2026/09/19 00:31:21.382, 0, 78, 60.97, 54, 15533, 1328, 715, P0, 0x0000000000000000
2026/09/19 00:31:21.386, 1, 78, 96.93, 57, 15533, 1328, 715, P0, 0x0000000000000000
2026/09/19 00:31:22.403, 0, 80, 97.44, 77, 15533, 1265, 715, P0, 0x0000000000000000
2026/09/19 00:31:22.406, 1, 79, 81.00, 100, 15533, 1316, 715, P0, 0x0000000000000000
2026/09/19 00:31:23.414, 0, 78, 156.23, 56, 15533, 1113, 715, P0, 0x0000000000000020
2026/09/19 00:31:23.426, 1, 79, 189.22, 58, 15533, 1328, 715, P0, 0x0000000000000000
2026/09/19 00:31:24.440, 0, 78, 93.81, 76, 15533, 1303, 715, P0, 0x0000000000000000
2026/09/19 00:31:24.443, 1, 79, 75.30, 53, 15533, 1328, 715, P0, 0x0000000000000000
2026/09/19 00:31:25.449, 0, 79, 130.51, 75, 15533, 1139, 715, P0, 0x0000000000000000
2026/09/19 00:31:25.452, 1, 80, 177.46, 75, 15533, 1316, 715, P0, 0x0000000000000020
2026/09/19 00:31:26.458, 0, 78, 108.96, 45, 15533, 1328, 715, P0, 0x0000000000000000
2026/09/19 00:31:26.461, 1, 78, 90.81, 58, 15533, 1290, 715, P0, 0x0000000000000000
2026/09/19 00:31:27.473, 0, 79, 165.24, 50, 15533, 1240, 715, P0, 0x0000000000000020
2026/09/19 00:31:27.476, 1, 78, 135.39, 59, 15533, 1126, 715, P0, 0x0000000000000020
2026/09/19 00:31:28.485, 0, 79, 57.64, 90, 15533, 1316, 715, P0, 0x0000000000000020
2026/09/19 00:31:28.488, 1, 78, 78.27, 100, 15533, 1189, 715, P0, 0x0000000000000000
2026/09/19 00:31:29.498, 0, 78, 59.04, 61, 15533, 1328, 715, P0, 0x0000000000000000
2026/09/19 00:31:29.501, 1, 78, 99.35, 65, 15533, 1328, 715, P0, 0x0000000000000000
2026/09/19 00:31:30.510, 0, 79, 95.49, 96, 15533, 1177, 715, P0, 0x0000000000000000
2026/09/19 00:31:30.513, 1, 79, 68.36, 89, 15533, 1303, 715, P0, 0x0000000000000000
2026/09/19 00:31:31.524, 0, 79, 136.13, 52, 15533, 1139, 715, P0, 0x0000000000000020
2026/09/19 00:31:31.529, 1, 78, 105.38, 65, 15533, 987, 715, P0, 0x0000000000000000
2026/09/19 00:31:32.539, 0, 79, 60.99, 65, 15533, 1316, 715, P0, 0x0000000000000000
2026/09/19 00:31:32.542, 1, 78, 80.43, 85, 15533, 1227, 715, P0, 0x0000000000000000
2026/09/19 00:31:33.553, 0, 80, 144.34, 72, 15533, 1189, 715, P0, 0x0000000000000000
2026/09/19 00:31:33.557, 1, 79, 138.06, 73, 15533, 1177, 715, P0, 0x0000000000000020
2026/09/19 00:31:34.571, 0, 79, 82.86, 45, 15533, 1328, 715, P0, 0x0000000000000000
2026/09/19 00:31:34.574, 1, 78, 139.32, 79, 15533, 1328, 715, P0, 0x0000000000000000
2026/09/19 00:31:35.582, 0, 79, 130.77, 65, 15533, 1126, 715, P0, 0x0000000000000020
2026/09/19 00:31:35.584, 1, 79, 173.21, 100, 15533, 1290, 715, P0, 0x0000000000000020
2026/09/19 00:31:36.591, 0, 79, 90.77, 95, 15533, 1303, 715, P0, 0x0000000000000000
2026/09/19 00:31:36.594, 1, 78, 64.22, 46, 15533, 1328, 715, P0, 0x0000000000000000
2026/09/19 00:31:37.609, 0, 79, 99.37, 61, 15533, 1328, 715, P0, 0x0000000000000000
2026/09/19 00:31:37.615, 1, 78, 74.28, 56, 15533, 1328, 715, P0, 0x0000000000000000
2026/09/19 00:31:38.622, 0, 79, 83.10, 78, 15533, 1189, 715, P0, 0x0000000000000000
2026/09/19 00:31:38.625, 1, 79, 60.47, 92, 15533, 1328, 715, P0, 0x0000000000000000
2026/09/19 00:31:39.634, 0, 79, 131.82, 53, 15533, 1126, 715, P0, 0x0000000000000020
2026/09/19 00:31:39.639, 1, 80, 194.65, 79, 15533, 1328, 715, P0, 0x0000000000000000
2026/09/19 00:31:40.644, 0, 79, 68.67, 60, 15533, 1328, 715, P0, 0x0000000000000000
2026/09/19 00:31:40.649, 1, 78, 92.61, 67, 15533, 1328, 715, P0, 0x0000000000000000
2026/09/19 00:31:41.667, 0, 79, 81.14, 97, 15533, 1202, 715, P0, 0x0000000000000000
2026/09/19 00:31:41.670, 1, 79, 55.88, 100, 15533, 1227, 715, P0, 0x0000000000000000
2026/09/19 00:31:42.682, 0, 79, 75.55, 73, 15533, 1328, 715, P0, 0x0000000000000000
2026/09/19 00:31:42.685, 1, 78, 129.32, 78, 15533, 1328, 715, P0, 0x0000000000000000
2026/09/19 00:31:43.697, 0, 79, 84.08, 100, 15533, 1189, 715, P0, 0x0000000000000000
2026/09/19 00:31:43.700, 1, 79, 58.79, 100, 15533, 1278, 715, P0, 0x0000000000000000
2026/09/19 00:31:44.705, 0, 78, 56.14, 60, 15533, 1328, 715, P0, 0x0000000000000000
2026/09/19 00:31:44.708, 1, 79, 103.94, 49, 15533, 1328, 715, P0, 0x0000000000000000
2026/09/19 00:31:45.720, 0, 78, 58.07, 61, 15533, 1328, 715, P0, 0x0000000000000000
2026/09/19 00:31:45.723, 1, 78, 103.14, 60, 15533, 1328, 715, P0, 0x0000000000000000
2026/09/19 00:31:46.741, 0, 78, 77.06, 100, 15533, 1189, 715, P0, 0x0000000000000000
2026/09/19 00:31:46.743, 1, 79, 80.14, 94, 15533, 1303, 715, P0, 0x0000000000000000
2026/09/19 00:31:47.752, 0, 79, 115.38, 55, 15533, 1050, 715, P0, 0x0000000000000020
2026/09/19 00:31:47.755, 1, 79, 146.05, 58, 15533, 1202, 715, P0, 0x0000000000000020
2026/09/19 00:31:48.762, 0, 78, 96.96, 68, 15533, 1316, 715, P0, 0x0000000000000000
2026/09/19 00:31:48.765, 1, 79, 63.54, 74, 15533, 1316, 715, P0, 0x0000000000000000
2026/09/19 00:31:49.773, 0, 80, 125.73, 79, 15533, 1177, 715, P0, 0x0000000000000020
2026/09/19 00:31:49.776, 1, 79, 98.61, 77, 15533, 1202, 715, P0, 0x0000000000000000
2026/09/19 00:31:50.783, 0, 79, 91.42, 75, 15533, 1316, 715, P0, 0x0000000000000000
2026/09/19 00:31:50.787, 1, 78, 86.49, 73, 15533, 1328, 715, P0, 0x0000000000000000
2026/09/19 00:31:51.794, 0, 79, 110.43, 69, 15533, 1012, 715, P0, 0x0000000000000020
2026/09/19 00:31:51.798, 1, 79, 87.15, 77, 15533, 1290, 715, P0, 0x0000000000000000
2026/09/19 00:31:52.807, 0, 78, 90.53, 95, 15533, 1303, 715, P0, 0x0000000000000000
2026/09/19 00:31:52.817, 1, 79, 58.28, 48, 15533, 1328, 715, P0, 0x0000000000000000
2026/09/19 00:31:53.833, 0, 78, 98.39, 57, 15533, 1328, 715, P0, 0x0000000000000000
2026/09/19 00:31:53.836, 1, 78, 69.78, 66, 15533, 1328, 715, P0, 0x0000000000000000
2026/09/19 00:31:54.842, 0, 80, 101.22, 76, 15533, 1189, 715, P0, 0x0000000000000000
2026/09/19 00:31:54.848, 1, 79, 68.35, 100, 15533, 1290, 715, P0, 0x0000000000000000
2026/09/19 00:31:55.866, 0, 79, 103.39, 57, 15533, 1328, 715, P0, 0x0000000000000000
2026/09/19 00:31:55.870, 1, 78, 78.83, 65, 15533, 1316, 715, P0, 0x0000000000000020
2026/09/19 00:31:56.876, 0, 79, 88.37, 88, 15533, 1316, 715, P0, 0x0000000000000020
2026/09/19 00:31:56.880, 1, 78, 71.05, 100, 15533, 1189, 715, P0, 0x0000000000000000
2026/09/19 00:31:57.889, 0, 79, 175.84, 46, 15533, 1202, 715, P0, 0x0000000000000020
2026/09/19 00:31:57.897, 1, 78, 183.83, 50, 15533, 1227, 715, P0, 0x0000000000000020
2026/09/19 00:31:58.914, 0, 78, 77.66, 37, 15533, 1189, 715, P0, 0x0000000000000000
2026/09/19 00:31:58.917, 1, 78, 72.28, 57, 15533, 1328, 715, P0, 0x0000000000000000
2026/09/19 00:31:59.934, 0, 78, 91.76, 58, 15533, 1328, 715, P0, 0x0000000000000000
2026/09/19 00:31:59.937, 1, 78, 132.87, 56, 15533, 1328, 715, P0, 0x0000000000000000
2026/09/19 00:32:00.956, 0, 79, 81.24, 100, 15533, 1227, 715, P0, 0x0000000000000000
2026/09/19 00:32:00.961, 1, 79, 57.12, 100, 15533, 1303, 715, P0, 0x0000000000000000
2026/09/19 00:32:01.980, 0, 78, 93.18, 47, 15533, 1328, 715, P0, 0x0000000000000000
2026/09/19 00:32:01.983, 1, 78, 59.45, 47, 15533, 1328, 715, P0, 0x0000000000000000
2026/09/19 00:32:03.000, 0, 79, 148.29, 58, 15533, 1202, 715, P0, 0x0000000000000000
2026/09/19 00:32:03.005, 1, 79, 145.58, 58, 15533, 1202, 715, P0, 0x0000000000000000
2026/09/19 00:32:04.022, 0, 79, 146.07, 56, 15533, 1328, 715, P0, 0x0000000000000000
2026/09/19 00:32:04.027, 1, 78, 162.02, 59, 15533, 1328, 715, P0, 0x0000000000000000
2026/09/19 00:32:05.033, 0, 79, 74.19, 96, 15533, 1290, 715, P0, 0x0000000000000000
2026/09/19 00:32:05.036, 1, 79, 90.67, 47, 15533, 1328, 715, P0, 0x0000000000000000
2026/09/19 00:32:06.040, 0, 79, 119.74, 52, 15533, 1088, 715, P0, 0x0000000000000000
2026/09/19 00:32:06.043, 1, 79, 165.65, 99, 15533, 1278, 715, P0, 0x0000000000000020
2026/09/19 00:32:07.050, 0, 78, 76.39, 36, 15533, 1189, 715, P0, 0x0000000000000000
2026/09/19 00:32:07.053, 1, 79, 67.85, 70, 15533, 1328, 715, P0, 0x0000000000000000
2026/09/19 00:32:08.063, 0, 79, 146.08, 60, 15533, 1164, 715, P0, 0x0000000000000020
2026/09/19 00:32:08.066, 1, 79, 164.25, 66, 15533, 1265, 715, P0, 0x0000000000000020
2026/09/19 00:32:09.086, 0, 79, 73.24, 93, 15533, 1202, 715, P0, 0x0000000000000000
2026/09/19 00:32:09.090, 1, 79, 85.96, 74, 15533, 1316, 715, P0, 0x0000000000000000
2026/09/19 00:32:10.107, 0, 79, 98.88, 60, 15533, 1328, 715, P0, 0x0000000000000000
2026/09/19 00:32:10.110, 1, 78, 81.50, 64, 15533, 1328, 715, P0, 0x0000000000000000
2026/09/19 00:32:11.116, 0, 79, 116.47, 77, 15533, 1088, 715, P0, 0x0000000000000000
2026/09/19 00:32:11.121, 1, 79, 161.96, 77, 15533, 1265, 715, P0, 0x0000000000000000
2026/09/19 00:32:12.128, 0, 79, 62.40, 59, 15533, 1328, 715, P0, 0x0000000000000000
2026/09/19 00:32:12.131, 1, 78, 93.08, 62, 15533, 1328, 715, P0, 0x0000000000000000
2026/09/19 00:32:13.141, 0, 79, 88.60, 100, 15533, 1189, 715, P0, 0x0000000000000000
2026/09/19 00:32:13.144, 1, 79, 61.90, 100, 15533, 1202, 715, P0, 0x0000000000000000
2026/09/19 00:32:14.154, 0, 78, 68.18, 58, 15533, 1328, 715, P0, 0x0000000000000000
2026/09/19 00:32:14.157, 1, 78, 93.56, 61, 15533, 1328, 715, P0, 0x0000000000000000
2026/09/19 00:32:15.165, 0, 78, 80.13, 64, 15533, 1316, 715, P0, 0x0000000000000000
2026/09/19 00:32:15.168, 1, 79, 115.82, 73, 15533, 1316, 715, P0, 0x0000000000000000
2026/09/19 00:32:16.176, 0, 78, 101.14, 60, 15533, 1328, 715, P0, 0x0000000000000000
2026/09/19 00:32:16.177, 1, 78, 85.97, 65, 15533, 1328, 715, P0, 0x0000000000000000
2026/09/19 00:32:17.178, 0, 79, 100.91, 88, 15533, 885, 715, P0, 0x0000000000000020
2026/09/19 00:32:17.192, 1, 80, 140.77, 91, 15533, 1240, 715, P0, 0x0000000000000020
2026/09/19 00:32:18.203, 0, 78, 57.30, 95, 15533, 1278, 715, P0, 0x0000000000000000
2026/09/19 00:32:18.206, 1, 79, 113.59, 73, 15533, 1316, 715, P0, 0x0000000000000000
2026/09/19 00:32:19.212, 0, 78, 58.55, 53, 15533, 1328, 715, P0, 0x0000000000000000
2026/09/19 00:32:19.215, 1, 78, 97.90, 64, 15533, 1328, 715, P0, 0x0000000000000000
2026/09/19 00:32:20.232, 0, 78, 87.64, 99, 15533, 1189, 715, P0, 0x0000000000000000
2026/09/19 00:32:20.235, 1, 79, 118.46, 100, 15533, 1189, 715, P0, 0x0000000000000000
2026/09/19 00:32:21.244, 0, 79, 141.10, 50, 15533, 1177, 715, P0, 0x0000000000000020
2026/09/19 00:32:21.251, 1, 79, 138.55, 55, 15533, 1189, 715, P0, 0x0000000000000020
2026/09/19 00:32:22.256, 0, 78, 58.07, 49, 15533, 1328, 715, P0, 0x0000000000000000
2026/09/19 00:32:22.259, 1, 78, 95.21, 52, 15533, 1316, 715, P0, 0x0000000000000000
2026/09/19 00:32:23.271, 0, 79, 55.51, 100, 15533, 1189, 715, P0, 0x0000000000000000
2026/09/19 00:32:23.279, 1, 79, 63.94, 73, 15533, 1316, 715, P0, 0x0000000000000020
2026/09/19 00:32:24.283, 0, 78, 101.57, 56, 15533, 1328, 715, P0, 0x0000000000000000
2026/09/19 00:32:24.286, 1, 79, 86.49, 66, 15533, 1328, 715, P0, 0x0000000000000000
2026/09/19 00:32:25.291, 0, 80, 155.16, 48, 15533, 1227, 715, P0, 0x0000000000000020
2026/09/19 00:32:25.295, 1, 79, 167.41, 98, 15533, 1290, 715, P0, 0x0000000000000020
2026/09/19 00:32:26.304, 0, 79, 87.62, 96, 15533, 1265, 715, P0, 0x0000000000000000
2026/09/19 00:32:26.307, 1, 79, 61.64, 63, 15533, 1328, 715, P0, 0x0000000000000000
2026/09/19 00:32:27.312, 0, 79, 102.61, 47, 15533, 1328, 715, P0, 0x0000000000000000
2026/09/19 00:32:27.317, 1, 78, 76.44, 68, 15533, 1328, 715, P0, 0x0000000000000000
2026/09/19 00:32:28.322, 0, 79, 83.53, 100, 15533, 1189, 715, P0, 0x0000000000000000
2026/09/19 00:32:28.325, 1, 79, 83.30, 61, 15533, 1316, 715, P0, 0x0000000000000000
2026/09/19 00:32:29.332, 0, 79, 131.74, 48, 15533, 1101, 715, P0, 0x0000000000000020
2026/09/19 00:32:29.335, 1, 79, 135.83, 76, 15533, 1139, 715, P0, 0x0000000000000020
2026/09/19 00:32:30.354, 0, 78, 93.83, 49, 15533, 1328, 715, P0, 0x0000000000000000
2026/09/19 00:32:30.358, 1, 79, 63.80, 54, 15533, 1328, 715, P0, 0x0000000000000000
2026/09/19 00:32:31.363, 0, 79, 87.50, 97, 15533, 1227, 715, P0, 0x0000000000000000
2026/09/19 00:32:31.366, 1, 79, 70.78, 100, 15533, 1227, 715, P0, 0x0000000000000000
2026/09/19 00:32:32.376, 0, 78, 98.14, 61, 15533, 1316, 715, P0, 0x0000000000000020
2026/09/19 00:32:32.381, 1, 78, 84.34, 64, 15533, 1328, 715, P0, 0x0000000000000000
2026/09/19 00:32:33.398, 0, 78, 59.53, 61, 15533, 1328, 715, P0, 0x0000000000000000
2026/09/19 00:32:33.402, 1, 78, 93.33, 55, 15533, 1328, 715, P0, 0x0000000000000000
2026/09/19 00:32:34.420, 0, 79, 122.26, 76, 15533, 1101, 715, P0, 0x0000000000000020
2026/09/19 00:32:34.426, 1, 80, 175.00, 88, 15533, 1303, 715, P0, 0x0000000000000020
2026/09/19 00:32:35.432, 0, 78, 96.71, 86, 15533, 1316, 715, P0, 0x0000000000000000
2026/09/19 00:32:35.435, 1, 79, 69.26, 60, 15533, 1316, 715, P0, 0x0000000000000000
2026/09/19 00:32:36.440, 0, 79, 145.14, 50, 15533, 1189, 715, P0, 0x0000000000000020
2026/09/19 00:32:36.447, 1, 79, 162.44, 56, 15533, 1265, 715, P0, 0x0000000000000000
2026/09/19 00:32:37.464, 0, 79, 98.39, 59, 15533, 1328, 715, P0, 0x0000000000000000
2026/09/19 00:32:37.467, 1, 79, 82.47, 52, 15533, 1328, 715, P0, 0x0000000000000000
2026/09/19 00:32:38.474, 0, 80, 132.99, 83, 15533, 1189, 715, P0, 0x0000000000000020
2026/09/19 00:32:38.477, 1, 79, 114.87, 84, 15533, 1075, 715, P0, 0x0000000000000020
2026/09/19 00:32:39.489, 0, 79, 106.22, 47, 15533, 1328, 715, P0, 0x0000000000000000
2026/09/19 00:32:39.493, 1, 78, 85.52, 55, 15533, 1316, 715, P0, 0x0000000000000000
2026/09/19 00:32:40.502, 0, 80, 101.82, 82, 15533, 1189, 715, P0, 0x0000000000000000
2026/09/19 00:32:40.506, 1, 79, 88.97, 85, 15533, 1189, 715, P0, 0x0000000000000000
2026/09/19 00:32:41.511, 0, 78, 108.78, 60, 15533, 1328, 715, P0, 0x0000000000000000
2026/09/19 00:32:41.514, 1, 78, 96.71, 66, 15533, 1316, 715, P0, 0x0000000000000000
2026/09/19 00:32:42.522, 0, 78, 165.04, 54, 15533, 1328, 715, P0, 0x0000000000000000
2026/09/19 00:32:42.525, 1, 78, 175.68, 68, 15533, 1328, 715, P0, 0x0000000000000000
2026/09/19 00:32:43.535, 0, 79, 80.46, 92, 15533, 1189, 715, P0, 0x0000000000000000
2026/09/19 00:32:43.538, 1, 79, 68.41, 66, 15533, 1316, 715, P0, 0x0000000000000020
2026/09/19 00:32:44.543, 0, 79, 145.81, 52, 15533, 1151, 715, P0, 0x0000000000000020
2026/09/19 00:32:44.547, 1, 79, 175.04, 78, 15533, 1303, 715, P0, 0x0000000000000020
2026/09/19 00:32:45.558, 0, 79, 67.43, 66, 15533, 1316, 715, P0, 0x0000000000000000
2026/09/19 00:32:45.561, 1, 79, 91.45, 52, 15533, 1328, 715, P0, 0x0000000000000000
2026/09/19 00:32:46.573, 0, 79, 56.64, 91, 15533, 1189, 715, P0, 0x0000000000000000
2026/09/19 00:32:46.576, 1, 79, 92.44, 79, 15533, 1303, 715, P0, 0x0000000000000000
2026/09/19 00:32:47.581, 0, 79, 126.17, 52, 15533, 1101, 715, P0, 0x0000000000000020
2026/09/19 00:32:47.586, 1, 79, 157.94, 76, 15533, 1252, 715, P0, 0x0000000000000020
2026/09/19 00:32:48.605, 0, 78, 89.32, 66, 15533, 1316, 715, P0, 0x0000000000000020
2026/09/19 00:32:48.608, 1, 79, 64.04, 61, 15533, 1316, 715, P0, 0x0000000000000000
2026/09/19 00:32:49.628, 0, 78, 102.41, 43, 15533, 1328, 715, P0, 0x0000000000000000
2026/09/19 00:32:49.632, 1, 79, 74.79, 56, 15533, 1328, 715, P0, 0x0000000000000000
2026/09/19 00:32:50.638, 0, 79, 135.22, 69, 15533, 1151, 715, P0, 0x0000000000000000
2026/09/19 00:32:50.641, 1, 79, 167.10, 68, 15533, 1278, 715, P0, 0x0000000000000020
2026/09/19 00:32:51.647, 0, 79, 99.99, 79, 15533, 1316, 715, P0, 0x0000000000000000
2026/09/19 00:32:51.650, 1, 79, 81.02, 60, 15533, 1328, 715, P0, 0x0000000000000000
2026/09/19 00:32:52.661, 0, 78, 185.25, 42, 15533, 1240, 715, P0, 0x0000000000000020
2026/09/19 00:32:52.669, 1, 78, 96.82, 63, 15533, 531, 715, P0, 0x0000000000000020
2026/09/19 00:32:53.679, 0, 78, 102.92, 51, 15533, 1328, 715, P0, 0x0000000000000000
2026/09/19 00:32:53.682, 1, 78, 66.21, 60, 15533, 1189, 715, P0, 0x0000000000000000
2026/09/19 00:32:54.690, 0, 80, 133.08, 89, 15533, 1265, 715, P0, 0x0000000000000000
2026/09/19 00:32:54.693, 1, 78, 113.56, 87, 15533, 1063, 715, P0, 0x0000000000000020
2026/09/19 00:32:55.706, 0, 79, 100.97, 63, 15533, 1328, 715, P0, 0x0000000000000000
2026/09/19 00:32:55.711, 1, 78, 73.07, 64, 15533, 1328, 715, P0, 0x0000000000000000
2026/09/19 00:32:56.716, 0, 79, 60.28, 100, 15533, 1189, 715, P0, 0x0000000000000000
2026/09/19 00:32:56.719, 1, 78, 79.51, 100, 15533, 1227, 715, P0, 0x0000000000000000
2026/09/19 00:32:57.724, 0, 78, 83.11, 45, 15533, 1328, 715, P0, 0x0000000000000000
2026/09/19 00:32:57.727, 1, 78, 89.51, 50, 15533, 1328, 715, P0, 0x0000000000000000
2026/09/19 00:32:58.736, 0, 79, 141.21, 45, 15533, 1164, 715, P0, 0x0000000000000020
2026/09/19 00:32:58.739, 1, 79, 151.22, 48, 15533, 1227, 715, P0, 0x0000000000000000
2026/09/19 00:32:59.747, 0, 79, 53.52, 100, 15533, 1215, 715, P0, 0x0000000000000000
2026/09/19 00:32:59.749, 1, 79, 89.54, 100, 15533, 1290, 715, P0, 0x0000000000000000
2026/09/19 00:33:00.758, 0, 79, 103.39, 47, 15533, 1328, 715, P0, 0x0000000000000000
2026/09/19 00:33:00.761, 1, 79, 72.38, 66, 15533, 1328, 715, P0, 0x0000000000000000
2026/09/19 00:33:01.774, 0, 79, 63.64, 97, 15533, 1252, 715, P0, 0x0000000000000000
2026/09/19 00:33:01.779, 1, 79, 89.19, 53, 15533, 1328, 715, P0, 0x0000000000000000
2026/09/19 00:33:02.785, 0, 79, 122.62, 64, 15533, 1088, 715, P0, 0x0000000000000020
2026/09/19 00:33:02.788, 1, 79, 156.79, 100, 15533, 1227, 715, P0, 0x0000000000000020
2026/09/19 00:33:03.795, 0, 78, 106.37, 52, 15533, 1328, 715, P0, 0x0000000000000000
2026/09/19 00:33:03.798, 1, 78, 87.45, 70, 15533, 1328, 715, P0, 0x0000000000000000
2026/09/19 00:33:04.807, 0, 79, 60.03, 100, 15533, 1189, 715, P0, 0x0000000000000000
2026/09/19 00:33:04.810, 1, 79, 88.35, 67, 15533, 1316, 715, P0, 0x0000000000000020
2026/09/19 00:33:05.815, 0, 78, 60.97, 60, 15533, 1328, 715, P0, 0x0000000000000000
2026/09/19 00:33:05.817, 1, 78, 92.61, 59, 15533, 1328, 715, P0, 0x0000000000000000
2026/09/19 00:33:06.835, 0, 79, 142.72, 69, 15533, 1189, 715, P0, 0x0000000000000020
2026/09/19 00:33:06.839, 1, 79, 177.32, 80, 15533, 1316, 715, P0, 0x0000000000000020
2026/09/19 00:33:07.850, 0, 79, 106.98, 65, 15533, 1316, 715, P0, 0x0000000000000020
2026/09/19 00:33:07.853, 1, 79, 111.92, 58, 15533, 1328, 715, P0, 0x0000000000000000
2026/09/19 00:33:08.866, 0, 78, 85.41, 57, 15533, 1328, 715, P0, 0x0000000000000000
2026/09/19 00:33:08.871, 1, 78, 92.26, 67, 15533, 1328, 715, P0, 0x0000000000000000
2026/09/19 00:33:09.875, 0, 79, 77.53, 73, 15533, 1316, 715, P0, 0x0000000000000020
2026/09/19 00:33:09.879, 1, 79, 90.72, 64, 15533, 1316, 715, P0, 0x0000000000000000
2026/09/19 00:33:10.899, 0, 80, 142.66, 85, 15533, 1189, 715, P0, 0x0000000000000020
2026/09/19 00:33:10.902, 1, 79, 144.90, 80, 15533, 1189, 715, P0, 0x0000000000000000
2026/09/19 00:33:11.910, 0, 78, 102.86, 61, 15533, 1328, 715, P0, 0x0000000000000000
2026/09/19 00:33:11.913, 1, 78, 85.79, 62, 15533, 1328, 715, P0, 0x0000000000000000
2026/09/19 00:33:12.925, 0, 79, 80.69, 100, 15533, 1189, 715, P0, 0x0000000000000000
2026/09/19 00:33:12.928, 1, 79, 74.13, 100, 15533, 1240, 715, P0, 0x0000000000000000
2026/09/19 00:33:13.932, 0, 78, 73.46, 56, 15533, 1328, 715, P0, 0x0000000000000000
2026/09/19 00:33:13.935, 1, 78, 91.20, 65, 15533, 1328, 715, P0, 0x0000000000000000
2026/09/19 00:33:14.946, 0, 79, 142.87, 49, 15533, 1177, 715, P0, 0x0000000000000020
2026/09/19 00:33:14.950, 1, 79, 156.60, 65, 15533, 1252, 715, P0, 0x0000000000000020
2026/09/19 00:33:15.955, 0, 79, 57.13, 97, 15533, 1252, 715, P0, 0x0000000000000000
2026/09/19 00:33:15.958, 1, 79, 82.61, 100, 15533, 1252, 715, P0, 0x0000000000000000
2026/09/19 00:33:16.982, 0, 78, 59.28, 44, 15533, 1328, 715, P0, 0x0000000000000000
2026/09/19 00:33:16.985, 1, 78, 98.39, 45, 15533, 1328, 715, P0, 0x0000000000000000
2026/09/19 00:33:17.990, 0, 79, 82.68, 100, 15533, 1189, 715, P0, 0x0000000000000000
2026/09/19 00:33:17.994, 1, 79, 70.51, 98, 15533, 1290, 715, P0, 0x0000000000000000
2026/09/19 00:33:19.002, 0, 79, 140.50, 60, 15533, 1139, 715, P0, 0x0000000000000020
2026/09/19 00:33:19.005, 1, 79, 153.37, 79, 15533, 1227, 715, P0, 0x0000000000000020
2026/09/19 00:33:20.016, 0, 79, 96.48, 71, 15533, 1316, 715, P0, 0x0000000000000000
2026/09/19 00:33:20.019, 1, 78, 76.44, 51, 15533, 1328, 715, P0, 0x0000000000000000
2026/09/19 00:33:21.025, 0, 79, 91.72, 82, 15533, 1151, 715, P0, 0x0000000000000000
2026/09/19 00:33:21.029, 1, 79, 59.99, 91, 15533, 1290, 715, P0, 0x0000000000000000
2026/09/19 00:33:22.051, 0, 79, 95.90, 65, 15533, 1328, 715, P0, 0x0000000000000000
2026/09/19 00:33:22.055, 1, 79, 87.45, 48, 15533, 1328, 715, P0, 0x0000000000000000
2026/09/19 00:33:23.059, 0, 79, 149.59, 61, 15533, 1189, 715, P0, 0x0000000000000020
2026/09/19 00:33:23.062, 1, 79, 140.59, 68, 15533, 1177, 715, P0, 0x0000000000000020
2026/09/19 00:33:24.071, 0, 78, 68.77, 97, 15533, 1189, 715, P0, 0x0000000000000000
2026/09/19 00:33:24.078, 1, 79, 55.69, 78, 15533, 1303, 715, P0, 0x0000000000000000
2026/09/19 00:33:25.099, 0, 78, 96.49, 51, 15533, 1328, 715, P0, 0x0000000000000000
2026/09/19 00:33:25.102, 1, 79, 61.37, 59, 15533, 1328, 715, P0, 0x0000000000000000
2026/09/19 00:33:26.110, 0, 79, 111.59, 100, 15533, 1151, 715, P0, 0x0000000000000020
2026/09/19 00:33:26.113, 1, 79, 66.17, 100, 15533, 1215, 715, P0, 0x0000000000000000
2026/09/19 00:33:27.124, 0, 78, 169.43, 50, 15533, 1290, 715, P0, 0x0000000000000020
2026/09/19 00:33:27.127, 1, 79, 171.03, 62, 15533, 1278, 715, P0, 0x0000000000000020
2026/09/19 00:33:28.133, 0, 79, 114.58, 65, 15533, 1303, 715, P0, 0x0000000000000000
2026/09/19 00:33:28.140, 1, 79, 109.51, 74, 15533, 1316, 715, P0, 0x0000000000000000
2026/09/19 00:33:29.146, 0, 79, 130.41, 87, 15533, 1101, 715, P0, 0x0000000000000020
2026/09/19 00:33:29.149, 1, 80, 156.73, 80, 15533, 1227, 715, P0, 0x0000000000000020
2026/09/19 00:33:30.155, 0, 78, 93.92, 63, 15533, 1328, 715, P0, 0x0000000000000000
2026/09/19 00:33:30.158, 1, 79, 141.13, 56, 15533, 1328, 715, P0, 0x0000000000000000
2026/09/19 00:33:31.163, 0, 78, 114.87, 61, 15533, 1328, 715, P0, 0x0000000000000000
2026/09/19 00:33:31.167, 1, 78, 147.91, 62, 15533, 1328, 715, P0, 0x0000000000000000
2026/09/19 00:33:32.172, 0, 80, 83.37, 100, 15533, 1202, 715, P0, 0x0000000000000000
2026/09/19 00:33:32.175, 1, 79, 57.35, 99, 15533, 1189, 715, P0, 0x0000000000000000
2026/09/19 00:33:33.193, 0, 79, 77.99, 42, 15533, 1328, 715, P0, 0x0000000000000000
2026/09/19 00:33:33.196, 1, 78, 90.65, 51, 15533, 1328, 715, P0, 0x0000000000000000
2026/09/19 00:33:34.206, 0, 79, 81.71, 100, 15533, 1189, 715, P0, 0x0000000000000000
2026/09/19 00:33:34.209, 1, 79, 60.97, 98, 15533, 1240, 715, P0, 0x0000000000000000
2026/09/19 00:33:35.215, 0, 79, 133.30, 61, 15533, 1075, 715, P0, 0x0000000000000020
2026/09/19 00:33:35.218, 1, 79, 140.28, 66, 15533, 1139, 715, P0, 0x0000000000000020
2026/09/19 00:33:36.227, 0, 78, 124.43, 76, 15533, 1316, 715, P0, 0x0000000000000000
2026/09/19 00:33:36.231, 1, 79, 123.56, 73, 15533, 1303, 715, P0, 0x0000000000000000
2026/09/19 00:33:37.242, 0, 80, 142.06, 79, 15533, 1177, 715, P0, 0x0000000000000020
2026/09/19 00:33:37.245, 1, 79, 139.03, 100, 15533, 1189, 715, P0, 0x0000000000000020
2026/09/19 00:33:38.255, 0, 79, 115.50, 63, 15533, 1316, 715, P0, 0x0000000000000000
2026/09/19 00:33:38.258, 1, 79, 115.45, 66, 15533, 1328, 715, P0, 0x0000000000000000
2026/09/19 00:33:39.266, 0, 78, 65.04, 44, 15533, 1328, 715, P0, 0x0000000000000000
2026/09/19 00:33:39.269, 1, 78, 94.52, 60, 15533, 1328, 715, P0, 0x0000000000000000
2026/09/19 00:33:40.282, 0, 79, 142.42, 66, 15533, 1189, 715, P0, 0x0000000000000000
2026/09/19 00:33:40.285, 1, 79, 148.38, 100, 15533, 1215, 715, P0, 0x0000000000000000
2026/09/19 00:33:41.296, 0, 79, 92.12, 95, 15533, 1290, 715, P0, 0x0000000000000000
2026/09/19 00:33:41.299, 1, 79, 86.29, 51, 15533, 1328, 715, P0, 0x0000000000000000
2026/09/19 00:33:42.311, 0, 79, 137.47, 57, 15533, 1164, 715, P0, 0x0000000000000000
2026/09/19 00:33:42.314, 1, 79, 157.11, 79, 15533, 1252, 715, P0, 0x0000000000000000
2026/09/19 00:33:43.321, 0, 78, 59.04, 67, 15533, 1316, 715, P0, 0x0000000000000000
2026/09/19 00:33:43.324, 1, 79, 98.31, 53, 15533, 1328, 715, P0, 0x0000000000000000
2026/09/19 00:33:44.342, 0, 79, 83.14, 96, 15533, 1290, 715, P0, 0x0000000000000000
2026/09/19 00:33:44.345, 1, 79, 75.38, 100, 15533, 1227, 715, P0, 0x0000000000000000
2026/09/19 00:33:45.353, 0, 79, 150.23, 49, 15533, 1202, 715, P0, 0x0000000000000020
2026/09/19 00:33:45.356, 1, 79, 185.20, 54, 15533, 1265, 715, P0, 0x0000000000000020
2026/09/19 00:33:46.380, 0, 79, 71.63, 100, 15533, 1189, 715, P0, 0x0000000000000000
2026/09/19 00:33:46.385, 1, 79, 54.72, 100, 15533, 1265, 715, P0, 0x0000000000000000
2026/09/19 00:33:47.391, 0, 78, 57.11, 61, 15533, 1328, 715, P0, 0x0000000000000000
2026/09/19 00:33:47.394, 1, 79, 97.38, 51, 15533, 1328, 715, P0, 0x0000000000000000
2026/09/19 00:33:48.404, 0, 78, 100.71, 53, 15533, 1328, 715, P0, 0x0000000000000000
2026/09/19 00:33:48.407, 1, 78, 89.66, 65, 15533, 1328, 715, P0, 0x0000000000000000
2026/09/19 00:33:49.418, 0, 79, 149.10, 68, 15533, 1189, 715, P0, 0x0000000000000000
2026/09/19 00:33:49.426, 1, 80, 162.40, 67, 15533, 1252, 715, P0, 0x0000000000000020
2026/09/19 00:33:50.445, 0, 78, 58.80, 49, 15533, 1328, 715, P0, 0x0000000000000000
2026/09/19 00:33:50.448, 1, 79, 112.17, 56, 15533, 1328, 715, P0, 0x0000000000000000
2026/09/19 00:33:51.459, 0, 79, 54.05, 100, 15533, 1189, 715, P0, 0x0000000000000000
2026/09/19 00:33:51.468, 1, 79, 84.30, 65, 15533, 1316, 715, P0, 0x0000000000000020
2026/09/19 00:33:52.472, 0, 79, 138.57, 54, 15533, 1113, 715, P0, 0x0000000000000020
2026/09/19 00:33:52.475, 1, 79, 159.70, 77, 15533, 1252, 715, P0, 0x0000000000000020
2026/09/19 00:33:53.482, 0, 79, 61.43, 95, 15533, 1278, 715, P0, 0x0000000000000000
2026/09/19 00:33:53.485, 1, 78, 92.56, 49, 15533, 1328, 715, P0, 0x0000000000000000
2026/09/19 00:33:54.496, 0, 79, 130.28, 73, 15533, 1113, 715, P0, 0x0000000000000020
2026/09/19 00:33:54.499, 1, 79, 139.80, 81, 15533, 1189, 715, P0, 0x0000000000000020
2026/09/19 00:33:55.518, 0, 79, 59.78, 100, 15533, 1189, 715, P0, 0x0000000000000000
2026/09/19 00:33:55.522, 1, 79, 88.35, 64, 15533, 1316, 715, P0, 0x0000000000000020
2026/09/19 00:33:56.529, 0, 78, 92.64, 60, 15533, 1316, 715, P0, 0x0000000000000000
2026/09/19 00:33:56.535, 1, 79, 61.90, 64, 15533, 1328, 715, P0, 0x0000000000000000
2026/09/19 00:33:57.542, 0, 78, 131.41, 43, 15533, 1328, 715, P0, 0x0000000000000000
2026/09/19 00:33:57.545, 1, 78, 156.82, 59, 15533, 1328, 715, P0, 0x0000000000000000
2026/09/19 00:33:58.558, 0, 79, 101.74, 76, 15533, 1316, 715, P0, 0x0000000000000020
2026/09/19 00:33:58.562, 1, 79, 98.21, 82, 15533, 1303, 715, P0, 0x0000000000000000
2026/09/19 00:33:59.574, 0, 79, 98.73, 82, 15533, 860, 715, P0, 0x0000000000000000
2026/09/19 00:33:59.577, 1, 80, 157.91, 78, 15533, 1252, 715, P0, 0x0000000000000020
2026/09/19 00:34:00.587, 0, 78, 74.18, 71, 15533, 1316, 715, P0, 0x0000000000000020
2026/09/19 00:34:00.590, 1, 79, 90.96, 45, 15533, 1328, 715, P0, 0x0000000000000000
2026/09/19 00:34:01.600, 0, 79, 116.27, 76, 15533, 1088, 715, P0, 0x0000000000000000
2026/09/19 00:34:01.611, 1, 79, 146.03, 74, 15533, 1202, 715, P0, 0x0000000000000000
2026/09/19 00:34:02.629, 0, 79, 115.10, 38, 15533, 1278, 715, P0, 0x0000000000000000
2026/09/19 00:34:02.632, 1, 79, 141.19, 54, 15533, 1328, 715, P0, 0x0000000000000000
2026/09/19 00:34:03.643, 0, 79, 157.08, 46, 15533, 1215, 715, P0, 0x0000000000000020
2026/09/19 00:34:03.649, 1, 79, 158.57, 48, 15533, 1252, 715, P0, 0x0000000000000020
2026/09/19 00:34:04.658, 0, 79, 58.32, 97, 15533, 1252, 715, P0, 0x0000000000000000
2026/09/19 00:34:04.662, 1, 79, 85.72, 100, 15533, 1290, 715, P0, 0x0000000000000000
2026/09/19 00:34:05.676, 0, 79, 59.77, 51, 15533, 1328, 715, P0, 0x0000000000000000
2026/09/19 00:34:05.680, 1, 78, 92.90, 55, 15533, 1328, 715, P0, 0x0000000000000000
2026/09/19 00:34:06.698, 0, 80, 124.78, 78, 15533, 1075, 715, P0, 0x0000000000000020
2026/09/19 00:34:06.700, 1, 79, 148.77, 100, 15533, 1227, 715, P0, 0x0000000000000020
2026/09/19 00:34:07.711, 0, 79, 177.98, 54, 15533, 1189, 715, P0, 0x0000000000000020
2026/09/19 00:34:07.720, 1, 79, 175.69, 60, 15533, 1252, 715, P0, 0x0000000000000020
2026/09/19 00:34:08.732, 0, 79, 86.40, 97, 15533, 1215, 715, P0, 0x0000000000000000
2026/09/19 00:34:08.736, 1, 79, 84.72, 62, 15533, 1316, 715, P0, 0x0000000000000000
2026/09/19 00:34:09.745, 0, 79, 131.39, 47, 15533, 1139, 715, P0, 0x0000000000000020
2026/09/19 00:34:09.747, 1, 79, 146.13, 91, 15533, 1202, 715, P0, 0x0000000000000000
2026/09/19 00:34:10.757, 0, 78, 75.18, 38, 15533, 1189, 715, P0, 0x0000000000000000
2026/09/19 00:34:10.761, 1, 79, 80.63, 68, 15533, 1328, 715, P0, 0x0000000000000000
2026/09/19 00:34:11.770, 0, 79, 105.56, 59, 15533, 974, 715, P0, 0x0000000000000000
2026/09/19 00:34:11.774, 1, 79, 157.17, 69, 15533, 1252, 715, P0, 0x0000000000000020
2026/09/19 00:34:12.779, 0, 79, 75.73, 91, 15533, 1189, 715, P0, 0x0000000000000000
2026/09/19 00:34:12.783, 1, 79, 56.17, 89, 15533, 1303, 715, P0, 0x0000000000000000
2026/09/19 00:34:13.805, 0, 78, 95.44, 51, 15533, 1328, 715, P0, 0x0000000000000000
2026/09/19 00:34:13.808, 1, 79, 68.33, 55, 15533, 1328, 715, P0, 0x0000000000000000
2026/09/19 00:34:14.816, 0, 79, 140.49, 78, 15533, 1177, 715, P0, 0x0000000000000020
2026/09/19 00:34:14.819, 1, 79, 156.60, 76, 15533, 1240, 715, P0, 0x0000000000000020
2026/09/19 00:34:15.825, 0, 79, 100.94, 54, 15533, 1328, 715, P0, 0x0000000000000000
2026/09/19 00:34:15.828, 1, 79, 75.90, 63, 15533, 1328, 715, P0, 0x0000000000000000
2026/09/19 00:34:16.835, 0, 79, 57.64, 96, 15533, 1265, 715, P0, 0x0000000000000000
2026/09/19 00:34:16.838, 1, 79, 81.45, 100, 15533, 1189, 715, P0, 0x0000000000000000
2026/09/19 00:34:17.847, 0, 79, 123.46, 59, 15533, 1101, 715, P0, 0x0000000000000000
2026/09/19 00:34:17.854, 1, 79, 135.84, 53, 15533, 1177, 715, P0, 0x0000000000000000
2026/09/19 00:34:18.876, 0, 78, 62.58, 37, 15533, 1189, 715, P0, 0x0000000000000000
2026/09/19 00:34:18.879, 1, 78, 121.61, 56, 15533, 1316, 715, P0, 0x0000000000000000
2026/09/19 00:34:19.889, 0, 79, 171.68, 61, 15533, 1240, 715, P0, 0x0000000000000020
2026/09/19 00:34:19.893, 1, 78, 183.15, 66, 15533, 1328, 715, P0, 0x0000000000000000
2026/09/19 00:34:20.901, 0, 79, 95.27, 100, 15533, 1189, 715, P0, 0x0000000000000000
2026/09/19 00:34:20.904, 1, 79, 66.23, 97, 15533, 1252, 715, P0, 0x0000000000000000
2026/09/19 00:34:21.910, 0, 79, 63.12, 61, 15533, 1316, 715, P0, 0x0000000000000000
2026/09/19 00:34:21.913, 1, 78, 91.45, 63, 15533, 1316, 715, P0, 0x0000000000000000
2026/09/19 00:34:22.920, 0, 78, 168.46, 46, 15533, 1328, 715, P0, 0x0000000000000000
2026/09/19 00:34:22.923, 1, 79, 179.12, 75, 15533, 1328, 715, P0, 0x0000000000000000
2026/09/19 00:34:23.929, 0, 79, 90.64, 96, 15533, 1240, 715, P0, 0x0000000000000000
2026/09/19 00:34:23.937, 1, 79, 82.75, 50, 15533, 1328, 715, P0, 0x0000000000000000
2026/09/19 00:34:24.957, 0, 79, 131.39, 55, 15533, 1139, 715, P0, 0x0000000000000000
2026/09/19 00:34:24.962, 1, 79, 148.51, 99, 15533, 1215, 715, P0, 0x0000000000000000
2026/09/19 00:34:25.981, 0, 79, 57.31, 64, 15533, 1316, 715, P0, 0x0000000000000000
2026/09/19 00:34:25.984, 1, 79, 104.86, 48, 15533, 1328, 715, P0, 0x0000000000000000
2026/09/19 00:34:26.995, 0, 79, 81.44, 79, 15533, 1189, 715, P0, 0x0000000000000000
2026/09/19 00:34:26.999, 1, 79, 53.75, 100, 15533, 1227, 715, P0, 0x0000000000000000
2026/09/19 00:34:28.006, 0, 79, 99.05, 63, 15533, 1316, 715, P0, 0x0000000000000000
2026/09/19 00:34:28.009, 1, 78, 82.42, 66, 15533, 1328, 715, P0, 0x0000000000000000
2026/09/19 00:34:29.021, 0, 79, 144.55, 67, 15533, 1101, 715, P0, 0x0000000000000020
2026/09/19 00:34:29.029, 1, 79, 148.96, 66, 15533, 1189, 715, P0, 0x0000000000000020
2026/09/19 00:34:30.049, 0, 79, 85.34, 97, 15533, 1278, 715, P0, 0x0000000000000000
2026/09/19 00:34:30.052, 1, 79, 53.73, 100, 15533, 1240, 715, P0, 0x0000000000000000
2026/09/19 00:34:31.058, 0, 79, 99.06, 50, 15533, 1328, 715, P0, 0x0000000000000000
2026/09/19 00:34:31.064, 1, 78, 81.97, 52, 15533, 1328, 715, P0, 0x0000000000000000
2026/09/19 00:34:32.083, 0, 79, 80.89, 100, 15533, 1189, 715, P0, 0x0000000000000000
2026/09/19 00:34:32.087, 1, 79, 57.61, 100, 15533, 1278, 715, P0, 0x0000000000000000
2026/09/19 00:34:33.099, 0, 79, 131.49, 58, 15533, 949, 715, P0, 0x0000000000000020
2026/09/19 00:34:33.103, 1, 79, 165.35, 65, 15533, 1227, 715, P0, 0x0000000000000020
2026/09/19 00:34:34.114, 0, 78, 72.36, 100, 15533, 1177, 715, P0, 0x0000000000000000
2026/09/19 00:34:34.116, 1, 78, 53.54, 100, 15533, 1240, 715, P0, 0x0000000000000000
2026/09/19 00:34:35.124, 0, 78, 135.77, 51, 15533, 1328, 715, P0, 0x0000000000000000
2026/09/19 00:34:35.127, 1, 79, 164.11, 60, 15533, 1328, 715, P0, 0x0000000000000000
2026/09/19 00:34:36.151, 0, 79, 76.22, 100, 15533, 1189, 715, P0, 0x0000000000000000
2026/09/19 00:34:36.154, 1, 79, 56.88, 75, 15533, 1316, 715, P0, 0x0000000000000020
2026/09/19 00:34:37.163, 0, 78, 96.41, 61, 15533, 1328, 715, P0, 0x0000000000000000
2026/09/19 00:34:37.166, 1, 79, 70.98, 65, 15533, 1328, 715, P0, 0x0000000000000000
2026/09/19 00:34:38.176, 0, 78, 59.03, 44, 15533, 1328, 715, P0, 0x0000000000000000
2026/09/19 00:34:38.179, 1, 78, 101.93, 65, 15533, 1328, 715, P0, 0x0000000000000000
2026/09/19 00:34:39.188, 0, 80, 133.75, 69, 15533, 1227, 715, P0, 0x0000000000000000
2026/09/19 00:34:39.191, 1, 80, 101.15, 100, 15533, 1278, 715, P0, 0x0000000000000000
2026/09/19 00:34:40.200, 0, 78, 52.79, 96, 15533, 1189, 715, P0, 0x0000000000000000
2026/09/19 00:34:40.203, 1, 78, 96.01, 36, 15533, 1278, 715, P0, 0x0000000000000000
2026/09/19 00:34:41.213, 0, 79, 109.75, 56, 15533, 1025, 715, P0, 0x0000000000000000
2026/09/19 00:34:41.217, 1, 80, 182.78, 92, 15533, 1303, 715, P0, 0x0000000000000020
2026/09/19 00:34:42.238, 0, 78, 68.39, 76, 15533, 1316, 715, P0, 0x0000000000000000
2026/09/19 00:34:42.241, 1, 79, 94.03, 61, 15533, 1328, 715, P0, 0x0000000000000000
2026/09/19 00:34:43.248, 0, 79, 125.64, 100, 15533, 1139, 715, P0, 0x0000000000000020
2026/09/19 00:34:43.251, 1, 79, 120.58, 100, 15533, 1113, 715, P0, 0x0000000000000020
2026/09/19 00:34:44.260, 0, 78, 69.83, 68, 15533, 1328, 715, P0, 0x0000000000000000
2026/09/19 00:34:44.263, 1, 78, 109.97, 75, 15533, 1328, 715, P0, 0x0000000000000000
2026/09/19 00:34:45.274, 0, 79, 164.69, 70, 15533, 1252, 715, P0, 0x0000000000000020
2026/09/19 00:34:45.277, 1, 79, 123.88, 69, 15533, 1126, 715, P0, 0x0000000000000020
2026/09/19 00:34:46.284, 0, 79, 66.04, 93, 15533, 1316, 715, P0, 0x0000000000000020
2026/09/19 00:34:46.287, 1, 79, 75.41, 100, 15533, 1189, 715, P0, 0x0000000000000000
2026/09/19 00:34:47.297, 0, 79, 89.56, 53, 15533, 1303, 715, P0, 0x0000000000000000
2026/09/19 00:34:47.300, 1, 79, 61.38, 53, 15533, 1328, 715, P0, 0x0000000000000000
2026/09/19 00:34:48.308, 0, 78, 146.19, 48, 15533, 1139, 715, P0, 0x0000000000000020
2026/09/19 00:34:48.313, 1, 79, 184.57, 66, 15533, 1303, 715, P0, 0x0000000000000020
2026/09/19 00:34:49.321, 0, 78, 96.67, 76, 15533, 1316, 715, P0, 0x0000000000000020
2026/09/19 00:34:49.324, 1, 79, 67.09, 86, 15533, 1290, 715, P0, 0x0000000000000000
2026/09/19 00:34:50.333, 0, 79, 130.42, 74, 15533, 1126, 715, P0, 0x0000000000000020
2026/09/19 00:34:50.341, 1, 79, 149.23, 60, 15533, 1227, 715, P0, 0x0000000000000000
2026/09/19 00:34:51.348, 0, 79, 96.96, 51, 15533, 1328, 715, P0, 0x0000000000000000
2026/09/19 00:34:51.352, 1, 79, 74.77, 65, 15533, 1316, 715, P0, 0x0000000000000000
2026/09/19 00:34:52.365, 0, 80, 119.47, 99, 15533, 1164, 715, P0, 0x0000000000000020
2026/09/19 00:34:52.368, 1, 80, 111.21, 79, 15533, 1215, 715, P0, 0x0000000000000000
2026/09/19 00:34:53.375, 0, 79, 153.96, 63, 15533, 1215, 715, P0, 0x0000000000000000
2026/09/19 00:34:53.381, 1, 77, 55.24, 99, 15533, 405, 715, P0, 0x0000000000000020
2026/09/19 00:34:54.400, 0, 78, 92.85, 47, 15533, 1328, 715, P0, 0x0000000000000000
2026/09/19 00:34:54.403, 1, 77, 78.46, 50, 15533, 1290, 715, P0, 0x0000000000000000
2026/09/19 00:34:55.410, 0, 78, 60.25, 48, 15533, 1328, 715, P0, 0x0000000000000000
2026/09/19 00:34:55.413, 1, 77, 95.19, 66, 15533, 1328, 715, P0, 0x0000000000000000
2026/09/19 00:34:56.419, 0, 80, 184.63, 67, 15533, 1290, 715, P0, 0x0000000000000020
2026/09/19 00:34:56.422, 1, 79, 138.96, 100, 15533, 1189, 715, P0, 0x0000000000000020
2026/09/19 00:34:57.430, 0, 79, 94.47, 92, 15533, 1316, 715, P0, 0x0000000000000000
2026/09/19 00:34:57.433, 1, 78, 86.09, 54, 15533, 1328, 715, P0, 0x0000000000000000
2026/09/19 00:34:58.442, 0, 79, 136.51, 53, 15533, 1151, 715, P0, 0x0000000000000020
2026/09/19 00:34:58.446, 1, 79, 157.56, 93, 15533, 1252, 715, P0, 0x0000000000000000
2026/09/19 00:34:59.457, 0, 79, 107.04, 63, 15533, 1316, 715, P0, 0x0000000000000000
2026/09/19 00:34:59.460, 1, 78, 94.87, 51, 15533, 1328, 715, P0, 0x0000000000000000
2026/09/19 00:35:00.465, 0, 79, 79.06, 84, 15533, 1189, 715, P0, 0x0000000000000000
2026/09/19 00:35:00.468, 1, 79, 55.68, 92, 15533, 1290, 715, P0, 0x0000000000000000
2026/09/19 00:35:01.479, 0, 78, 86.22, 52, 15533, 1328, 715, P0, 0x0000000000000000
2026/09/19 00:35:01.482, 1, 78, 128.16, 59, 15533, 1328, 715, P0, 0x0000000000000000
2026/09/19 00:35:02.487, 0, 79, 85.28, 97, 15533, 1227, 715, P0, 0x0000000000000020
2026/09/19 00:35:02.490, 1, 79, 60.22, 100, 15533, 1303, 715, P0, 0x0000000000000000
2026/09/19 00:35:03.497, 0, 78, 56.86, 44, 15533, 1328, 715, P0, 0x0000000000000000
2026/09/19 00:35:03.500, 1, 78, 100.26, 47, 15533, 1328, 715, P0, 0x0000000000000000
2026/09/19 00:35:04.509, 0, 79, 104.02, 61, 15533, 1328, 715, P0, 0x0000000000000000
2026/09/19 00:35:04.512, 1, 78, 90.05, 65, 15533, 1328, 715, P0, 0x0000000000000000
2026/09/19 00:35:05.524, 0, 80, 154.54, 90, 15533, 1227, 715, P0, 0x0000000000000020
2026/09/19 00:35:05.527, 1, 80, 166.57, 90, 15533, 1252, 715, P0, 0x0000000000000020
2026/09/19 00:35:06.537, 0, 79, 76.55, 50, 15533, 1328, 715, P0, 0x0000000000000000
2026/09/19 00:35:06.540, 1, 78, 90.65, 50, 15533, 1328, 715, P0, 0x0000000000000000
2026/09/19 00:35:07.546, 0, 79, 78.10, 100, 15533, 1189, 715, P0, 0x0000000000000000
2026/09/19 00:35:07.549, 1, 79, 57.61, 100, 15533, 1290, 715, P0, 0x0000000000000000
2026/09/19 00:35:08.556, 0, 79, 84.89, 48, 15533, 1328, 715, P0, 0x0000000000000000
2026/09/19 00:35:08.559, 1, 78, 90.71, 53, 15533, 1328, 715, P0, 0x0000000000000000
2026/09/19 00:35:09.568, 0, 79, 81.05, 100, 15533, 1189, 715, P0, 0x0000000000000000
2026/09/19 00:35:09.572, 1, 79, 53.99, 100, 15533, 1189, 715, P0, 0x0000000000000000
2026/09/19 00:35:10.582, 0, 78, 97.58, 76, 15533, 1316, 715, P0, 0x0000000000000000
2026/09/19 00:35:10.585, 1, 79, 80.30, 74, 15533, 1328, 715, P0, 0x0000000000000000
2026/09/19 00:35:11.594, 0, 80, 153.62, 70, 15533, 1177, 715, P0, 0x0000000000000020
2026/09/19 00:35:11.597, 1, 79, 161.22, 69, 15533, 1252, 715, P0, 0x0000000000000000
2026/09/19 00:35:12.609, 0, 79, 95.53, 91, 15533, 1316, 715, P0, 0x0000000000000000
2026/09/19 00:35:12.612, 1, 79, 64.76, 87, 15533, 1303, 715, P0, 0x0000000000000000
2026/09/19 00:35:13.617, 0, 78, 58.31, 60, 15533, 1328, 715, P0, 0x0000000000000000
2026/09/19 00:35:13.620, 1, 79, 97.53, 65, 15533, 1328, 715, P0, 0x0000000000000000
2026/09/19 00:35:14.628, 0, 79, 147.77, 76, 15533, 1189, 715, P0, 0x0000000000000000
2026/09/19 00:35:14.632, 1, 79, 162.90, 75, 15533, 1252, 715, P0, 0x0000000000000020
2026/09/19 00:35:15.636, 0, 78, 108.67, 50, 15533, 1328, 715, P0, 0x0000000000000000
2026/09/19 00:35:15.639, 1, 79, 99.14, 46, 15533, 1278, 715, P0, 0x0000000000000000
2026/09/19 00:35:16.646, 0, 79, 131.54, 77, 15533, 1139, 715, P0, 0x0000000000000000
2026/09/19 00:35:16.650, 1, 79, 120.08, 100, 15533, 1101, 715, P0, 0x0000000000000020
2026/09/19 00:35:17.659, 0, 79, 61.71, 53, 15533, 1328, 715, P0, 0x0000000000000000
2026/09/19 00:35:17.662, 1, 78, 89.05, 57, 15533, 1328, 715, P0, 0x0000000000000000
2026/09/19 00:35:18.671, 0, 80, 103.79, 81, 15533, 1189, 715, P0, 0x0000000000000000
2026/09/19 00:35:18.678, 1, 79, 77.45, 100, 15533, 1240, 715, P0, 0x0000000000000000
2026/09/19 00:35:19.684, 0, 79, 95.28, 66, 15533, 1328, 715, P0, 0x0000000000000000
2026/09/19 00:35:19.687, 1, 79, 59.72, 56, 15533, 1328, 715, P0, 0x0000000000000000
2026/09/19 00:35:20.693, 0, 78, 47.96, 52, 15533, 1189, 715, P0, 0x0000000000000000
2026/09/19 00:35:20.696, 1, 78, 101.00, 61, 15533, 1328, 715, P0, 0x0000000000000000
2026/09/19 00:35:21.704, 0, 78, 54.00, 73, 15533, 1278, 715, P0, 0x0000000000000000
2026/09/19 00:35:21.707, 1, 78, 97.20, 60, 15533, 1328, 715, P0, 0x0000000000000000
2026/09/19 00:35:22.723, 0, 78, 97.62, 50, 15533, 1328, 715, P0, 0x0000000000000000
2026/09/19 00:35:22.726, 1, 78, 68.77, 65, 15533, 1328, 715, P0, 0x0000000000000000
2026/09/19 00:35:23.736, 0, 79, 131.93, 100, 15533, 1139, 715, P0, 0x0000000000000000
2026/09/19 00:35:23.743, 1, 80, 175.57, 100, 15533, 1328, 715, P0, 0x0000000000000000
2026/09/19 00:35:24.748, 0, 78, 128.98, 53, 15533, 1328, 715, P0, 0x0000000000000000
2026/09/19 00:35:24.751, 1, 79, 154.70, 62, 15533, 1328, 715, P0, 0x0000000000000000
2026/09/19 00:35:25.761, 0, 79, 95.22, 72, 15533, 1316, 715, P0, 0x0000000000000000
2026/09/19 00:35:25.764, 1, 79, 76.18, 77, 15533, 1316, 715, P0, 0x0000000000000000
2026/09/19 00:35:26.777, 0, 79, 136.08, 75, 15533, 1164, 715, P0, 0x0000000000000000
2026/09/19 00:35:26.787, 1, 79, 145.17, 75, 15533, 1202, 715, P0, 0x0000000000000000
2026/09/19 00:35:27.806, 0, 79, 87.88, 35, 15533, 1290, 715, P0, 0x0000000000000000
2026/09/19 00:35:27.809, 1, 79, 155.72, 58, 15533, 1328, 715, P0, 0x0000000000000000
2026/09/19 00:35:28.818, 0, 79, 175.62, 45, 15533, 1303, 715, P0, 0x0000000000000020
2026/09/19 00:35:28.821, 1, 79, 171.01, 47, 15533, 1252, 715, P0, 0x0000000000000020
2026/09/19 00:35:29.831, 0, 79, 89.13, 100, 15533, 1189, 715, P0, 0x0000000000000000
2026/09/19 00:35:29.835, 1, 79, 59.99, 99, 15533, 1252, 715, P0, 0x0000000000000000
2026/09/19 00:35:30.844, 0, 78, 65.79, 61, 15533, 1202, 715, P0, 0x0000000000000000
2026/09/19 00:35:30.847, 1, 79, 91.22, 56, 15533, 1328, 715, P0, 0x0000000000000000
2026/09/19 00:35:31.854, 0, 78, 56.87, 51, 15533, 1328, 715, P0, 0x0000000000000000
2026/09/19 00:35:31.858, 1, 78, 104.05, 63, 15533, 1328, 715, P0, 0x0000000000000000
2026/09/19 00:35:32.869, 0, 79, 113.92, 99, 15533, 1088, 715, P0, 0x0000000000000020
2026/09/19 00:35:32.876, 1, 79, 60.16, 91, 15533, 1189, 715, P0, 0x0000000000000000
2026/09/19 00:35:33.896, 0, 78, 64.08, 65, 15533, 1328, 715, P0, 0x0000000000000000
2026/09/19 00:35:33.899, 1, 79, 96.25, 54, 15533, 1328, 715, P0, 0x0000000000000000
2026/09/19 00:35:34.905, 0, 78, 87.61, 100, 15533, 1189, 715, P0, 0x0000000000000000
2026/09/19 00:35:34.908, 1, 79, 76.04, 76, 15533, 1316, 715, P0, 0x0000000000000020
2026/09/19 00:35:35.917, 0, 79, 151.48, 55, 15533, 1202, 715, P0, 0x0000000000000020
2026/09/19 00:35:35.920, 1, 79, 140.19, 78, 15533, 1189, 715, P0, 0x0000000000000020
2026/09/19 00:35:36.930, 0, 78, 102.15, 100, 15533, 1189, 715, P0, 0x0000000000000000
2026/09/19 00:35:36.933, 1, 79, 127.34, 69, 15533, 1316, 715, P0, 0x0000000000000020
2026/09/19 00:35:37.940, 0, 78, 62.40, 54, 15533, 1328, 715, P0, 0x0000000000000000
2026/09/19 00:35:37.943, 1, 78, 91.51, 53, 15533, 1328, 715, P0, 0x0000000000000000
2026/09/19 00:35:38.951, 0, 79, 155.50, 60, 15533, 1202, 715, P0, 0x0000000000000020
2026/09/19 00:35:38.954, 1, 79, 162.16, 67, 15533, 1252, 715, P0, 0x0000000000000020
2026/09/19 00:35:39.963, 0, 79, 76.94, 79, 15533, 1189, 715, P0, 0x0000000000000000
2026/09/19 00:35:39.966, 1, 79, 53.27, 100, 15533, 1202, 715, P0, 0x0000000000000000
2026/09/19 00:35:40.974, 0, 79, 72.95, 60, 15533, 1328, 715, P0, 0x0000000000000000
2026/09/19 00:35:40.977, 1, 79, 92.76, 67, 15533, 1328, 715, P0, 0x0000000000000000
2026/09/19 00:35:41.988, 0, 79, 90.28, 68, 15533, 1316, 715, P0, 0x0000000000000020
2026/09/19 00:35:41.992, 1, 79, 65.01, 70, 15533, 1316, 715, P0, 0x0000000000000000
2026/09/19 00:35:43.002, 0, 79, 109.97, 77, 15533, 1050, 715, P0, 0x0000000000000000
2026/09/19 00:35:43.011, 1, 79, 134.79, 76, 15533, 1177, 715, P0, 0x0000000000000000
2026/09/19 00:35:44.025, 0, 79, 77.24, 70, 15533, 1316, 715, P0, 0x0000000000000000
2026/09/19 00:35:44.028, 1, 78, 90.23, 59, 15533, 1316, 715, P0, 0x0000000000000000
2026/09/19 00:35:45.048, 0, 79, 153.85, 72, 15533, 1164, 715, P0, 0x0000000000000020
2026/09/19 00:35:45.051, 1, 79, 166.84, 71, 15533, 1202, 715, P0, 0x0000000000000020
2026/09/19 00:35:46.062, 0, 79, 123.69, 100, 15533, 1113, 715, P0, 0x0000000000000020
2026/09/19 00:35:46.070, 1, 79, 85.03, 98, 15533, 1215, 715, P0, 0x0000000000000000
2026/09/19 00:35:47.090, 0, 79, 95.35, 80, 15533, 1316, 715, P0, 0x0000000000000000
2026/09/19 00:35:47.093, 1, 79, 71.43, 55, 15533, 1316, 715, P0, 0x0000000000000000
2026/09/19 00:35:48.102, 0, 78, 57.66, 52, 15533, 1328, 715, P0, 0x0000000000000000
2026/09/19 00:35:48.105, 1, 78, 71.32, 65, 15533, 1126, 715, P0, 0x0000000000000020
2026/09/19 00:35:49.115, 0, 78, 56.20, 42, 15533, 1265, 715, P0, 0x0000000000000000
2026/09/19 00:35:49.118, 1, 78, 73.50, 69, 15533, 1316, 715, P0, 0x0000000000000020
2026/09/19 00:35:50.125, 0, 80, 152.31, 63, 15533, 1202, 715, P0, 0x0000000000000020
2026/09/19 00:35:50.128, 1, 78, 113.09, 100, 15533, 1063, 715, P0, 0x0000000000000020
2026/09/19 00:35:51.136, 0, 79, 98.34, 58, 15533, 1328, 715, P0, 0x0000000000000000
2026/09/19 00:35:51.139, 1, 78, 84.41, 50, 15533, 1328, 715, P0, 0x0000000000000000
2026/09/19 00:35:52.143, 0, 79, 131.64, 78, 15533, 1126, 715, P0, 0x0000000000000020
2026/09/19 00:35:52.146, 1, 79, 147.57, 100, 15533, 1227, 715, P0, 0x0000000000000020
2026/09/19 00:35:53.157, 0, 78, 60.49, 67, 15533, 1316, 715, P0, 0x0000000000000000
2026/09/19 00:35:53.160, 1, 78, 95.02, 53, 15533, 1328, 715, P0, 0x0000000000000000
2026/09/19 00:35:54.166, 0, 79, 136.41, 59, 15533, 1164, 715, P0, 0x0000000000000000
2026/09/19 00:35:54.169, 1, 79, 166.50, 98, 15533, 1278, 715, P0, 0x0000000000000020
2026/09/19 00:35:55.175, 0, 78, 74.28, 100, 15533, 1189, 715, P0, 0x0000000000000000
2026/09/19 00:35:55.178, 1, 79, 137.11, 59, 15533, 1316, 715, P0, 0x0000000000000000
2026/09/19 00:35:56.202, 0, 79, 60.97, 60, 15533, 1328, 715, P0, 0x0000000000000000
2026/09/19 00:35:56.205, 1, 78, 92.61, 48, 15533, 1328, 715, P0, 0x0000000000000000
2026/09/19 00:35:57.215, 0, 79, 162.15, 67, 15533, 1215, 715, P0, 0x0000000000000020
2026/09/19 00:35:57.218, 1, 79, 177.47, 66, 15533, 1316, 715, P0, 0x0000000000000020
2026/09/19 00:35:58.224, 0, 79, 93.37, 70, 15533, 1316, 715, P0, 0x0000000000000000
2026/09/19 00:35:58.228, 1, 79, 69.56, 72, 15533, 1316, 715, P0, 0x0000000000000000
2026/09/19 00:35:59.235, 0, 79, 131.02, 92, 15533, 1126, 715, P0, 0x0000000000000020
2026/09/19 00:35:59.238, 1, 80, 171.66, 79, 15533, 1290, 715, P0, 0x0000000000000020
2026/09/19 00:36:00.248, 0, 79, 86.20, 50, 15533, 1328, 715, P0, 0x0000000000000000
2026/09/19 00:36:00.252, 1, 79, 90.40, 50, 15533, 1328, 715, P0, 0x0000000000000000
2026/09/19 00:36:01.260, 0, 80, 141.31, 100, 15533, 1177, 715, P0, 0x0000000000000000
2026/09/19 00:36:01.264, 1, 80, 148.62, 98, 15533, 1215, 715, P0, 0x0000000000000000
2026/09/19 00:36:02.273, 0, 79, 90.02, 46, 15533, 1328, 715, P0, 0x0000000000000000
2026/09/19 00:36:02.276, 1, 79, 74.13, 53, 15533, 1328, 715, P0, 0x0000000000000000
2026/09/19 00:36:03.284, 0, 78, 81.16, 59, 15533, 1328, 715, P0, 0x0000000000000000
2026/09/19 00:36:03.288, 1, 78, 125.76, 65, 15533, 1328, 715, P0, 0x0000000000000000
2026/09/19 00:36:04.303, 0, 79, 115.76, 82, 15533, 1063, 715, P0, 0x0000000000000020
2026/09/19 00:36:04.306, 1, 80, 153.81, 81, 15533, 1202, 715, P0, 0x0000000000000020
2026/09/19 00:36:05.317, 0, 78, 54.94, 96, 15533, 1278, 715, P0, 0x0000000000000000
2026/09/19 00:36:05.320, 1, 79, 89.79, 96, 15533, 1290, 715, P0, 0x0000000000000000
2026/09/19 00:36:06.329, 0, 79, 59.52, 47, 15533, 1328, 715, P0, 0x0000000000000000
2026/09/19 00:36:06.332, 1, 79, 96.46, 52, 15533, 1328, 715, P0, 0x0000000000000000
2026/09/19 00:36:07.339, 0, 79, 83.41, 100, 15533, 1189, 715, P0, 0x0000000000000000
2026/09/19 00:36:07.342, 1, 79, 57.82, 98, 15533, 1240, 715, P0, 0x0000000000000000
2026/09/19 00:36:08.356, 0, 79, 167.38, 51, 15533, 1189, 715, P0, 0x0000000000000020
2026/09/19 00:36:08.365, 1, 79, 183.39, 77, 15533, 1252, 715, P0, 0x0000000000000020
2026/09/19 00:36:09.379, 0, 79, 65.53, 95, 15533, 1290, 715, P0, 0x0000000000000000
2026/09/19 00:36:09.382, 1, 79, 89.71, 48, 15533, 1328, 715, P0, 0x0000000000000000
2026/09/19 00:36:10.388, 0, 79, 131.42, 52, 15533, 1139, 715, P0, 0x0000000000000000
2026/09/19 00:36:10.391, 1, 79, 138.44, 98, 15533, 1177, 715, P0, 0x0000000000000020
2026/09/19 00:36:11.402, 0, 78, 84.01, 98, 15533, 1189, 715, P0, 0x0000000000000000
2026/09/19 00:36:11.405, 1, 79, 71.01, 62, 15533, 1316, 715, P0, 0x0000000000000000
2026/09/19 00:36:12.412, 0, 78, 57.33, 44, 15533, 1328, 715, P0, 0x0000000000000000
2026/09/19 00:36:12.415, 1, 78, 101.96, 65, 15533, 1328, 715, P0, 0x0000000000000000
2026/09/19 00:36:13.420, 0, 79, 151.46, 62, 15533, 1202, 715, P0, 0x0000000000000020
2026/09/19 00:36:13.423, 1, 79, 167.76, 69, 15533, 1290, 715, P0, 0x0000000000000020
2026/09/19 00:36:14.429, 0, 79, 84.37, 88, 15533, 1215, 715, P0, 0x0000000000000000
2026/09/19 00:36:14.432, 1, 79, 57.09, 90, 15533, 1303, 715, P0, 0x0000000000000000
2026/09/19 00:36:15.439, 0, 79, 71.28, 52, 15533, 1328, 715, P0, 0x0000000000000000
2026/09/19 00:36:15.443, 1, 79, 93.01, 68, 15533, 1328, 715, P0, 0x0000000000000000
2026/09/19 00:36:16.449, 0, 79, 88.26, 68, 15533, 1316, 715, P0, 0x0000000000000020
2026/09/19 00:36:16.454, 1, 79, 83.25, 62, 15533, 1316, 715, P0, 0x0000000000000000
2026/09/19 00:36:17.465, 0, 79, 121.06, 72, 15533, 1075, 715, P0, 0x0000000000000020
2026/09/19 00:36:17.471, 1, 79, 140.87, 67, 15533, 1189, 715, P0, 0x0000000000000020
2026/09/19 00:36:18.476, 0, 79, 93.30, 73, 15533, 1316, 715, P0, 0x0000000000000020
2026/09/19 00:36:18.479, 1, 79, 66.18, 78, 15533, 1278, 715, P0, 0x0000000000000000
2026/09/19 00:36:19.492, 0, 79, 147.20, 65, 15533, 1075, 715, P0, 0x0000000000000020
2026/09/19 00:36:19.499, 1, 79, 139.15, 69, 15533, 1101, 715, P0, 0x0000000000000020
2026/09/19 00:36:20.505, 0, 78, 59.78, 66, 15533, 1316, 715, P0, 0x0000000000000000
2026/09/19 00:36:20.509, 1, 78, 91.95, 65, 15533, 1316, 715, P0, 0x0000000000000000
2026/09/19 00:36:21.517, 0, 79, 128.15, 73, 15533, 1126, 715, P0, 0x0000000000000000
2026/09/19 00:36:21.521, 1, 79, 138.44, 72, 15533, 1189, 715, P0, 0x0000000000000020
2026/09/19 00:36:22.532, 0, 78, 59.45, 55, 15533, 1328, 715, P0, 0x0000000000000000
2026/09/19 00:36:22.535, 1, 78, 119.81, 58, 15533, 1328, 715, P0, 0x0000000000000000
2026/09/19 00:36:23.544, 0, 79, 116.38, 57, 15533, 1316, 715, P0, 0x0000000000000000
2026/09/19 00:36:23.548, 1, 79, 116.62, 60, 15533, 1316, 715, P0, 0x0000000000000000
2026/09/19 00:36:24.556, 0, 79, 89.47, 69, 15533, 1316, 715, P0, 0x0000000000000000
2026/09/19 00:36:24.559, 1, 79, 86.83, 74, 15533, 1316, 715, P0, 0x0000000000000000
2026/09/19 00:36:25.571, 0, 79, 96.64, 76, 15533, 1316, 715, P0, 0x0000000000000000
2026/09/19 00:36:25.574, 1, 79, 70.71, 82, 15533, 1252, 715, P0, 0x0000000000000000
2026/09/19 00:36:26.588, 0, 79, 91.86, 61, 15533, 772, 715, P0, 0x0000000000000000
2026/09/19 00:36:26.591, 1, 79, 148.04, 60, 15533, 1215, 715, P0, 0x0000000000000020
2026/09/19 00:36:27.598, 0, 79, 109.62, 74, 15533, 1025, 715, P0, 0x0000000000000000
2026/09/19 00:36:27.608, 1, 79, 157.54, 100, 15533, 1252, 715, P0, 0x0000000000000020
2026/09/19 00:36:28.612, 0, 78, 51.14, 99, 15533, 1189, 715, P0, 0x0000000000000000
2026/09/19 00:36:28.615, 1, 79, 90.05, 39, 15533, 1290, 715, P0, 0x0000000000000000
2026/09/19 00:36:29.638, 0, 78, 94.85, 61, 15533, 1328, 715, P0, 0x0000000000000000
2026/09/19 00:36:29.641, 1, 78, 61.13, 57, 15533, 1328, 715, P0, 0x0000000000000000
2026/09/19 00:36:30.651, 0, 79, 144.28, 52, 15533, 1164, 715, P0, 0x0000000000000020
2026/09/19 00:36:30.654, 1, 79, 151.70, 75, 15533, 1227, 715, P0, 0x0000000000000020
2026/09/19 00:36:31.663, 0, 79, 56.63, 96, 15533, 1252, 715, P0, 0x0000000000000000
2026/09/19 00:36:31.669, 1, 79, 110.73, 45, 15533, 1328, 715, P0, 0x0000000000000000
2026/09/19 00:36:32.674, 0, 79, 122.83, 48, 15533, 1101, 715, P0, 0x0000000000000020
2026/09/19 00:36:32.677, 1, 80, 165.14, 92, 15533, 1265, 715, P0, 0x0000000000000020
2026/09/19 00:36:33.687, 0, 78, 94.32, 79, 15533, 1303, 715, P0, 0x0000000000000000
2026/09/19 00:36:33.691, 1, 79, 61.38, 57, 15533, 1328, 715, P0, 0x0000000000000000
2026/09/19 00:36:34.713, 0, 80, 141.83, 100, 15533, 1177, 715, P0, 0x0000000000000020
2026/09/19 00:36:34.716, 1, 79, 135.95, 96, 15533, 1164, 715, P0, 0x0000000000000000
2026/09/19 00:36:35.736, 0, 79, 104.03, 77, 15533, 1316, 715, P0, 0x0000000000000000
2026/09/19 00:36:35.739, 1, 79, 82.71, 84, 15533, 1278, 715, P0, 0x0000000000000000
2026/09/19 00:36:36.762, 0, 78, 56.12, 62, 15533, 1328, 715, P0, 0x0000000000000000
2026/09/19 00:36:36.765, 1, 78, 115.50, 64, 15533, 1328, 715, P0, 0x0000000000000000
2026/09/19 00:36:37.774, 0, 79, 139.26, 53, 15533, 1151, 715, P0, 0x0000000000000020
2026/09/19 00:36:37.784, 1, 79, 165.93, 54, 15533, 1278, 715, P0, 0x0000000000000020
2026/09/19 00:36:38.797, 0, 79, 82.39, 100, 15533, 1189, 715, P0, 0x0000000000000000
2026/09/19 00:36:38.801, 1, 79, 64.07, 100, 15533, 1227, 715, P0, 0x0000000000000000
2026/09/19 00:36:39.809, 0, 79, 69.10, 56, 15533, 1328, 715, P0, 0x0000000000000000
2026/09/19 00:36:39.812, 1, 79, 94.71, 67, 15533, 1328, 715, P0, 0x0000000000000000
2026/09/19 00:36:40.821, 0, 79, 55.24, 100, 15533, 1189, 715, P0, 0x0000000000000000
2026/09/19 00:36:40.830, 1, 79, 82.82, 57, 15533, 1316, 715, P0, 0x0000000000000020
2026/09/19 00:36:41.848, 0, 79, 161.71, 48, 15533, 1151, 715, P0, 0x0000000000000020
2026/09/19 00:36:41.851, 1, 79, 169.19, 75, 15533, 1227, 715, P0, 0x0000000000000020
2026/09/19 00:36:42.871, 0, 79, 83.33, 100, 15533, 1189, 715, P0, 0x0000000000000000
2026/09/19 00:36:42.875, 1, 79, 67.39, 69, 15533, 1316, 715, P0, 0x0000000000000000
2026/09/19 00:36:43.882, 0, 79, 87.19, 75, 15533, 1316, 715, P0, 0x0000000000000000
2026/09/19 00:36:43.885, 1, 78, 76.07, 64, 15533, 1215, 715, P0, 0x0000000000000000
2026/09/19 00:36:44.893, 0, 79, 123.85, 59, 15533, 1113, 715, P0, 0x0000000000000000
2026/09/19 00:36:44.896, 1, 78, 110.19, 68, 15533, 1063, 715, P0, 0x0000000000000000
2026/09/19 00:36:45.904, 0, 79, 79.38, 73, 15533, 1189, 715, P0, 0x0000000000000000
2026/09/19 00:36:45.907, 1, 79, 93.56, 100, 15533, 1164, 715, P0, 0x0000000000000000
2026/09/19 00:36:46.915, 0, 79, 96.25, 96, 15533, 1303, 715, P0, 0x0000000000000000
2026/09/19 00:36:46.918, 1, 78, 73.32, 63, 15533, 1316, 715, P0, 0x0000000000000000
2026/09/19 00:36:47.926, 0, 79, 101.15, 63, 15533, 1328, 715, P0, 0x0000000000000000
2026/09/19 00:36:47.929, 1, 78, 81.93, 65, 15533, 1328, 715, P0, 0x0000000000000000
2026/09/19 00:36:48.935, 0, 79, 75.65, 97, 15533, 1189, 715, P0, 0x0000000000000000
2026/09/19 00:36:48.939, 1, 79, 56.16, 93, 15533, 1303, 715, P0, 0x0000000000000000
2026/09/19 00:36:49.946, 0, 78, 61.18, 58, 15533, 1328, 715, P0, 0x0000000000000000
2026/09/19 00:36:49.949, 1, 78, 97.12, 69, 15533, 1328, 715, P0, 0x0000000000000000
2026/09/19 00:36:50.954, 0, 79, 88.58, 96, 15533, 1265, 715, P0, 0x0000000000000000
2026/09/19 00:36:50.957, 1, 79, 81.35, 100, 15533, 1303, 715, P0, 0x0000000000000000
2026/09/19 00:36:51.964, 0, 78, 97.72, 60, 15533, 1328, 715, P0, 0x0000000000000000
2026/09/19 00:36:51.967, 1, 78, 132.03, 56, 15533, 1328, 715, P0, 0x0000000000000000
2026/09/19 00:36:52.976, 0, 79, 128.49, 100, 15533, 1139, 715, P0, 0x0000000000000000
2026/09/19 00:36:52.983, 1, 79, 127.20, 100, 15533, 1189, 715, P0, 0x0000000000000000
2026/09/19 00:36:53.986, 0, 78, 97.31, 61, 15533, 1316, 715, P0, 0x0000000000000000
2026/09/19 00:36:53.989, 1, 78, 83.88, 58, 15533, 1316, 715, P0, 0x0000000000000000
2026/09/19 00:36:54.999, 0, 78, 95.75, 43, 15533, 1328, 715, P0, 0x0000000000000000
2026/09/19 00:36:55.004, 1, 78, 65.23, 48, 15533, 1328, 715, P0, 0x0000000000000000
2026/09/19 00:36:56.008, 0, 79, 148.01, 68, 15533, 1202, 715, P0, 0x0000000000000000
2026/09/19 00:36:56.011, 1, 79, 157.20, 67, 15533, 1252, 715, P0, 0x0000000000000020
2026/09/19 00:36:57.018, 0, 79, 58.08, 71, 15533, 1303, 715, P0, 0x0000000000000000
2026/09/19 00:36:57.021, 1, 79, 99.97, 80, 15533, 1303, 715, P0, 0x0000000000000000
2026/09/19 00:36:58.032, 0, 79, 115.63, 78, 15533, 1063, 715, P0, 0x0000000000000020
2026/09/19 00:36:58.035, 1, 79, 144.38, 76, 15533, 1189, 715, P0, 0x0000000000000000
2026/09/19 00:36:59.045, 0, 78, 99.09, 71, 15533, 1316, 715, P0, 0x0000000000000000
2026/09/19 00:36:59.048, 1, 79, 73.37, 60, 15533, 1316, 715, P0, 0x0000000000000000
2026/09/19 00:37:00.057, 0, 79, 122.87, 73, 15533, 1101, 715, P0, 0x0000000000000020
2026/09/19 00:37:00.060, 1, 79, 151.89, 67, 15533, 1227, 715, P0, 0x0000000000000000
2026/09/19 00:37:01.068, 0, 78, 65.25, 36, 15533, 1189, 715, P0, 0x0000000000000000
2026/09/19 00:37:01.071, 1, 78, 116.82, 67, 15533, 1328, 715, P0, 0x0000000000000000
2026/09/19 00:37:02.081, 0, 78, 60.70, 50, 15533, 1328, 715, P0, 0x0000000000000000
2026/09/19 00:37:02.084, 1, 78, 95.25, 66, 15533, 1328, 715, P0, 0x0000000000000000
2026/09/19 00:37:03.093, 0, 79, 131.41, 67, 15533, 1139, 715, P0, 0x0000000000000020
2026/09/19 00:37:03.096, 1, 79, 144.79, 100, 15533, 1202, 715, P0, 0x0000000000000020
2026/09/19 00:37:04.102, 0, 79, 50.38, 97, 15533, 1189, 715, P0, 0x0000000000000000
2026/09/19 00:37:04.105, 1, 79, 97.70, 54, 15533, 1328, 715, P0, 0x0000000000000000
2026/09/19 00:37:05.117, 0, 78, 59.28, 49, 15533, 1328, 715, P0, 0x0000000000000000
2026/09/19 00:37:05.120, 1, 79, 98.83, 51, 15533, 1328, 715, P0, 0x0000000000000000
2026/09/19 00:37:06.130, 0, 79, 79.30, 94, 15533, 1126, 715, P0, 0x0000000000000000
2026/09/19 00:37:06.133, 1, 79, 59.28, 99, 15533, 1290, 715, P0, 0x0000000000000000
2026/09/19 00:37:07.142, 0, 78, 149.75, 64, 15533, 1328, 715, P0, 0x0000000000000000
2026/09/19 00:37:07.145, 1, 79, 167.02, 56, 15533, 1328, 715, P0, 0x0000000000000000
2026/09/19 00:37:08.155, 0, 79, 80.43, 100, 15533, 1189, 715, P0, 0x0000000000000000
2026/09/19 00:37:08.160, 1, 79, 67.43, 70, 15533, 1316, 715, P0, 0x0000000000000020
2026/09/19 00:37:09.178, 0, 79, 132.73, 77, 15533, 1139, 715, P0, 0x0000000000000020
2026/09/19 00:37:09.186, 1, 79, 124.05, 67, 15533, 1126, 715, P0, 0x0000000000000000
2026/09/19 00:37:10.193, 0, 80, 115.37, 86, 15533, 1215, 715, P0, 0x0000000000000020
2026/09/19 00:37:10.196, 1, 80, 136.50, 88, 15533, 1328, 715, P0, 0x0000000000000000
2026/09/19 00:37:11.209, 0, 79, 113.61, 87, 15533, 1240, 715, P0, 0x0000000000000020
2026/09/19 00:37:11.212, 1, 79, 120.68, 88, 15533, 1278, 715, P0, 0x0000000000000000
2026/09/19 00:37:12.224, 0, 79, 117.68, 87, 15533, 1215, 715, P0, 0x0000000000000020
2026/09/19 00:37:12.231, 1, 79, 120.74, 87, 15533, 1278, 715, P0, 0x0000000000000020
2026/09/19 00:37:13.236, 0, 79, 108.16, 88, 15533, 1202, 715, P0, 0x0000000000000000
2026/09/19 00:37:13.239, 1, 79, 116.55, 87, 15533, 1265, 715, P0, 0x0000000000000000
2026/09/19 00:37:14.251, 0, 79, 111.21, 87, 15533, 1227, 715, P0, 0x0000000000000000
2026/09/19 00:37:14.255, 1, 79, 120.06, 85, 15533, 1252, 715, P0, 0x0000000000000020
2026/09/19 00:37:15.266, 0, 79, 110.67, 88, 15533, 1227, 715, P0, 0x0000000000000000
2026/09/19 00:37:15.269, 1, 79, 101.75, 85, 15533, 1151, 715, P0, 0x0000000000000020
2026/09/19 00:37:16.291, 0, 78, 58.87, 100, 9, 1328, 715, P0, 0x0000000000000000
2026/09/19 00:37:16.294, 1, 78, 59.57, 100, 9, 1328, 715, P0, 0x0000000000000000
2026/09/19 00:37:17.299, 0, 77, 55.03, 0, 9, 1328, 715, P0, 0x0000000000000000
2026/09/19 00:37:17.302, 1, 77, 56.69, 0, 9, 1328, 715, P0, 0x0000000000000000
2026/09/19 00:37:18.313, 0, 77, 54.78, 0, 9, 1328, 715, P0, 0x0000000000000000
2026/09/19 00:37:18.316, 1, 77, 56.21, 0, 9, 1328, 715, P0, 0x0000000000000000
2026/09/19 00:37:19.325, 0, 76, 38.43, 0, 9, 405, 715, P0, 0x0000000000000001
2026/09/19 00:37:19.329, 1, 76, 40.58, 0, 9, 670, 715, P0, 0x0000000000000001
2026/09/19 00:37:20.337, 0, 76, 37.94, 0, 9, 405, 715, P0, 0x0000000000000001
2026/09/19 00:37:20.340, 1, 76, 40.34, 0, 9, 670, 715, P0, 0x0000000000000001
2026/09/19 00:37:21.351, 0, 75, 37.68, 0, 9, 405, 715, P0, 0x0000000000000001
2026/09/19 00:37:21.354, 1, 76, 40.34, 0, 9, 670, 715, P0, 0x0000000000000001
2026/09/19 00:37:22.363, 0, 75, 37.71, 0, 9, 405, 715, P0, 0x0000000000000001
2026/09/19 00:37:22.367, 1, 75, 38.89, 0, 9, 405, 715, P0, 0x0000000000000001
2026/09/19 00:37:23.379, 0, 75, 37.46, 0, 9, 405, 715, P0, 0x0000000000000001
2026/09/19 00:37:23.382, 1, 75, 38.65, 0, 9, 405, 715, P0, 0x0000000000000001
