timestamp,index,temperature.gpu,power.draw,utilization.gpu,memory.used,clocks.current.graphics,clocks.current.memory,pstate,clocks_event_reasons.active
2026/09/18 19:53:02.881, 0, 77, 54.55, 6, 9, 1328, 715, P0, 0x0000000000000000
2026/09/18 19:53:02.886, 1, 77, 55.73, 6, 9, 1328, 715, P0, 0x0000000000000000
2026/09/18 19:53:03.893, 0, 76, 45.87, 0, 265, 1189, 715, P0, 0x0000000000000000
2026/09/18 19:53:03.896, 1, 76, 47.55, 0, 265, 1189, 715, P0, 0x0000000000000000
2026/09/18 19:53:04.902, 0, 76, 47.08, 0, 265, 1189, 715, P0, 0x0000000000000000
2026/09/18 19:53:04.905, 1, 76, 48.03, 0, 265, 1189, 715, P0, 0x0000000000000000
2026/09/18 19:53:05.925, 0, 76, 47.08, 0, 265, 1189, 715, P0, 0x0000000000000000
2026/09/18 19:53:05.928, 1, 76, 47.79, 0, 265, 1189, 715, P0, 0x0000000000000000
2026/09/18 19:53:06.937, 0, 76, 47.08, 0, 265, 1189, 715, P0, 0x0000000000000000
2026/09/18 19:53:09.254, 1, 75, 47.55, 0, 265, 1189, 715, P0, 0x0000000000000000
2026/09/18 19:53:10.270, 0, 75, 46.60, 0, 265, 1189, 715, P0, 0x0000000000000000
2026/09/18 19:53:10.273, 1, 75, 47.30, 0, 265, 1189, 715, P0, 0x0000000000000000
2026/09/18 19:53:11.279, 0, 75, 47.12, 9, 8623, 1189, 715, P0, 0x0000000000000000
2026/09/18 19:53:11.282, 1, 75, 47.33, 0, 9601, 1189, 715, P0, 0x0000000000000000
2026/09/18 19:53:12.290, 0, 74, 46.86, 26, 8623, 1189, 715, P0, 0x0000000000000000
2026/09/18 19:53:12.293, 1, 74, 47.09, 0, 9601, 1189, 715, P0, 0x0000000000000000
2026/09/18 19:53:13.307, 0, 74, 46.84, 26, 8623, 1189, 715, P0, 0x0000000000000000
2026/09/18 19:53:13.310, 1, 74, 47.09, 0, 9601, 1189, 715, P0, 0x0000000000000000
2026/09/18 19:53:14.316, 0, 74, 46.10, 0, 8623, 1189, 715, P0, 0x0000000000000000
2026/09/18 19:53:14.321, 1, 74, 53.83, 99, 9601, 1316, 715, P0, 0x0000000000000000
2026/09/18 19:53:15.325, 0, 74, 46.10, 0, 8623, 1189, 715, P0, 0x0000000000000000
2026/09/18 19:53:15.328, 1, 74, 54.32, 99, 9601, 1328, 715, P0, 0x0000000000000000
2026/09/18 19:53:16.335, 0, 74, 45.86, 0, 8623, 1189, 715, P0, 0x0000000000000000
2026/09/18 19:53:16.341, 1, 74, 54.05, 98, 9601, 1328, 715, P0, 0x0000000000000000
2026/09/18 19:53:17.347, 0, 73, 45.86, 0, 8623, 1189, 715, P0, 0x0000000000000000
2026/09/18 19:53:17.350, 1, 74, 54.08, 92, 9601, 1328, 715, P0, 0x0000000000000000
2026/09/18 19:53:18.358, 0, 76, 173.14, 91, 14059, 1328, 715, P0, 0x0000000000000000
2026/09/18 19:53:18.361, 1, 74, 54.20, 0, 13169, 1328, 715, P0, 0x0000000000000000
2026/09/18 19:53:19.371, 0, 78, 188.54, 100, 14059, 1328, 715, P0, 0x0000000000000000
2026/09/18 19:53:19.374, 1, 77, 112.44, 100, 13169, 1328, 715, P0, 0x0000000000000000
2026/09/18 19:53:20.383, 0, 79, 195.91, 100, 14059, 1328, 715, P0, 0x0000000000000000
2026/09/18 19:53:20.386, 1, 78, 178.34, 100, 13169, 1328, 715, P0, 0x0000000000000000
2026/09/18 19:53:21.392, 0, 79, 173.98, 100, 14059, 1290, 715, P0, 0x0000000000000000
2026/09/18 19:53:21.395, 1, 78, 168.84, 100, 13169, 1328, 715, P0, 0x0000000000000000
2026/09/18 19:53:22.407, 0, 79, 175.45, 99, 14059, 1303, 715, P0, 0x0000000000000020
2026/09/18 19:53:22.410, 1, 79, 164.21, 100, 13169, 1328, 715, P0, 0x0000000000000000
2026/09/18 19:53:23.420, 0, 79, 160.88, 100, 14059, 1265, 715, P0, 0x0000000000000000
2026/09/18 19:53:23.423, 1, 79, 170.32, 100, 13169, 1328, 715, P0, 0x0000000000000000
2026/09/18 19:53:24.435, 0, 80, 165.11, 100, 14059, 1265, 715, P0, 0x0000000000000020
2026/09/18 19:53:24.438, 1, 80, 159.58, 100, 13169, 1328, 715, P0, 0x0000000000000000
2026/09/18 19:53:25.452, 0, 79, 145.00, 100, 14059, 1202, 715, P0, 0x0000000000000020
2026/09/18 19:53:25.457, 1, 79, 135.22, 100, 13169, 1303, 715, P0, 0x0000000000000000
2026/09/18 19:53:26.465, 0, 79, 140.84, 100, 14059, 1189, 715, P0, 0x0000000000000020
2026/09/18 19:53:26.468, 1, 80, 149.04, 100, 13169, 1303, 715, P0, 0x0000000000000020
2026/09/18 19:53:27.480, 0, 79, 149.29, 100, 14059, 1202, 715, P0, 0x0000000000000020
2026/09/18 19:53:27.483, 1, 79, 52.64, 100, 13169, 1189, 715, P0, 0x0000000000000000
2026/09/18 19:53:28.494, 0, 79, 149.59, 100, 14059, 1139, 715, P0, 0x0000000000000020
2026/09/18 19:53:28.505, 1, 79, 132.22, 100, 13169, 1189, 715, P0, 0x0000000000000020
2026/09/18 19:53:29.512, 0, 79, 129.51, 100, 14059, 1189, 715, P0, 0x0000000000000000
2026/09/18 19:53:29.515, 1, 79, 133.93, 100, 13169, 1189, 715, P0, 0x0000000000000000
2026/09/18 19:53:30.524, 0, 78, 92.54, 99, 14059, 1012, 715, P0, 0x0000000000000000
2026/09/18 19:53:30.526, 1, 79, 118.63, 75, 13169, 1189, 715, P0, 0x0000000000000000
2026/09/18 19:53:31.537, 0, 79, 114.32, 100, 14059, 1075, 715, P0, 0x0000000000000020
2026/09/18 19:53:31.547, 1, 79, 121.37, 100, 13169, 1164, 715, P0, 0x0000000000000020
2026/09/18 19:53:32.553, 0, 79, 122.08, 100, 14059, 1113, 715, P0, 0x0000000000000000
2026/09/18 19:53:32.556, 1, 79, 74.00, 100, 13169, 1202, 715, P0, 0x0000000000000000
2026/09/18 19:53:33.565, 0, 79, 120.14, 100, 14059, 1050, 715, P0, 0x0000000000000020
2026/09/18 19:53:33.569, 1, 79, 145.37, 48, 13169, 1202, 715, P0, 0x0000000000000000
2026/09/18 19:53:34.579, 0, 79, 113.85, 100, 14059, 1050, 715, P0, 0x0000000000000020
2026/09/18 19:53:34.585, 1, 79, 132.43, 100, 13169, 1215, 715, P0, 0x0000000000000000
2026/09/18 19:53:35.590, 0, 79, 112.13, 100, 14059, 1050, 715, P0, 0x0000000000000020
2026/09/18 19:53:35.593, 1, 79, 141.64, 100, 13169, 1189, 715, P0, 0x0000000000000020
2026/09/18 19:53:36.609, 0, 79, 106.41, 99, 14059, 1075, 715, P0, 0x0000000000000000
2026/09/18 19:53:36.619, 1, 79, 155.84, 46, 13169, 1303, 715, P0, 0x0000000000000020
2026/09/18 19:53:37.643, 0, 79, 110.57, 100, 14059, 1113, 715, P0, 0x0000000000000000
2026/09/18 19:53:37.648, 1, 79, 150.80, 100, 13169, 1265, 715, P0, 0x0000000000000000
2026/09/18 19:53:38.660, 0, 79, 107.50, 100, 14059, 1113, 715, P0, 0x0000000000000000
2026/09/18 19:53:38.668, 1, 79, 122.33, 100, 13169, 1189, 715, P0, 0x0000000000000000
2026/09/18 19:53:39.675, 0, 79, 109.52, 100, 14059, 1088, 715, P0, 0x0000000000000020
2026/09/18 19:53:39.678, 1, 79, 135.29, 100, 13169, 1177, 715, P0, 0x0000000000000020
2026/09/18 19:53:40.690, 0, 79, 119.74, 100, 14059, 1101, 715, P0, 0x0000000000000020
2026/09/18 19:53:40.693, 1, 79, 127.94, 45, 13169, 1202, 715, P0, 0x0000000000000020
2026/09/18 19:53:41.705, 0, 79, 108.38, 99, 14059, 1101, 715, P0, 0x0000000000000020
2026/09/18 19:53:41.708, 1, 79, 131.07, 100, 13169, 1189, 715, P0, 0x0000000000000020
2026/09/18 19:53:42.720, 0, 79, 118.07, 100, 14059, 1101, 715, P0, 0x0000000000000000
2026/09/18 19:53:42.727, 1, 79, 128.40, 100, 13169, 1151, 715, P0, 0x0000000000000000
2026/09/18 19:53:43.748, 0, 79, 100.10, 100, 14059, 1063, 715, P0, 0x0000000000000000
2026/09/18 19:53:43.752, 1, 79, 124.76, 100, 13169, 1189, 715, P0, 0x0000000000000000
2026/09/18 19:53:44.765, 0, 79, 114.94, 100, 14059, 1075, 715, P0, 0x0000000000000000
2026/09/18 19:53:44.770, 1, 78, 123.95, 99, 13169, 1227, 715, P0, 0x0000000000000000
2026/09/18 19:53:45.784, 0, 79, 110.24, 100, 14059, 1025, 715, P0, 0x0000000000000000
2026/09/18 19:53:45.790, 1, 79, 134.43, 34, 13169, 1075, 715, P0, 0x0000000000000020
2026/09/18 19:53:46.818, 0, 79, 129.50, 100, 14059, 1075, 715, P0, 0x0000000000000020
2026/09/18 19:53:46.831, 1, 79, 129.34, 100, 13169, 1151, 715, P0, 0x0000000000000000
2026/09/18 19:53:47.848, 0, 79, 118.85, 100, 14059, 1101, 715, P0, 0x0000000000000020
2026/09/18 19:53:47.851, 1, 79, 118.25, 100, 13169, 1151, 715, P0, 0x0000000000000000
2026/09/18 19:53:48.875, 0, 79, 117.08, 100, 14059, 1088, 715, P0, 0x0000000000000000
2026/09/18 19:53:48.881, 1, 79, 119.39, 100, 13169, 1151, 715, P0, 0x0000000000000000
2026/09/18 19:53:49.890, 0, 79, 121.63, 100, 14059, 1025, 715, P0, 0x0000000000000020
2026/09/18 19:53:49.892, 1, 78, 54.64, 73, 13169, 1278, 715, P0, 0x0000000000000000
2026/09/18 19:53:50.905, 0, 79, 121.92, 99, 14059, 1088, 715, P0, 0x0000000000000020
2026/09/18 19:53:50.910, 1, 79, 119.25, 42, 13169, 1139, 715, P0, 0x0000000000000020
2026/09/18 19:53:51.921, 0, 79, 108.86, 99, 14059, 1101, 715, P0, 0x0000000000000020
2026/09/18 19:53:51.930, 1, 79, 134.19, 100, 13169, 1177, 715, P0, 0x0000000000000020
2026/09/18 19:53:52.935, 0, 79, 118.90, 100, 14059, 1012, 715, P0, 0x0000000000000020
2026/09/18 19:53:52.939, 1, 79, 115.06, 100, 13169, 1189, 715, P0, 0x0000000000000000
2026/09/18 19:53:53.952, 0, 79, 119.03, 100, 14059, 1101, 715, P0, 0x0000000000000000
2026/09/18 19:53:53.955, 1, 79, 133.84, 100, 13169, 1189, 715, P0, 0x0000000000000000
2026/09/18 19:53:54.969, 0, 79, 107.69, 100, 14059, 1037, 715, P0, 0x0000000000000000
2026/09/18 19:53:54.974, 1, 79, 119.07, 100, 13169, 1164, 715, P0, 0x0000000000000020
2026/09/18 19:53:55.982, 0, 79, 110.67, 100, 14059, 1088, 715, P0, 0x0000000000000020
2026/09/18 19:53:55.993, 1, 79, 52.02, 100, 13169, 1189, 715, P0, 0x0000000000000000
2026/09/18 19:53:56.998, 0, 79, 110.96, 99, 14059, 1050, 715, P0, 0x0000000000000000
2026/09/18 19:53:57.002, 1, 79, 132.49, 83, 13169, 1240, 715, P0, 0x0000000000000000
2026/09/18 19:53:58.015, 0, 79, 91.57, 99, 14059, 974, 715, P0, 0x0000000000000000
2026/09/18 19:53:58.018, 1, 79, 118.46, 82, 13169, 1063, 715, P0, 0x0000000000000020
2026/09/18 19:53:59.027, 0, 79, 100.82, 99, 14059, 1012, 715, P0, 0x0000000000000000
2026/09/18 19:53:59.036, 1, 79, 115.53, 46, 13169, 1075, 715, P0, 0x0000000000000020
2026/09/18 19:54:00.042, 0, 79, 92.70, 99, 14059, 974, 715, P0, 0x0000000000000000
2026/09/18 19:54:00.045, 1, 79, 122.39, 41, 13169, 1101, 715, P0, 0x0000000000000020
2026/09/18 19:54:01.071, 0, 79, 103.64, 99, 14059, 1025, 715, P0, 0x0000000000000000
2026/09/18 19:54:01.079, 1, 79, 119.29, 30, 13169, 1139, 715, P0, 0x0000000000000020
2026/09/18 19:54:02.088, 0, 79, 98.56, 100, 14059, 1012, 715, P0, 0x0000000000000000
2026/09/18 19:54:02.099, 1, 79, 133.87, 14, 13169, 1164, 715, P0, 0x0000000000000020
2026/09/18 19:54:03.115, 0, 79, 93.07, 100, 14059, 961, 715, P0, 0x0000000000000000
2026/09/18 19:54:03.120, 1, 79, 155.84, 0, 13169, 1252, 715, P0, 0x0000000000000020
2026/09/18 19:54:04.129, 0, 79, 102.61, 100, 14059, 949, 715, P0, 0x0000000000000000
2026/09/18 19:54:04.141, 1, 79, 145.66, 0, 13169, 1290, 715, P0, 0x0000000000000020
2026/09/18 19:54:05.146, 0, 79, 98.31, 100, 14059, 847, 715, P0, 0x0000000000000020
2026/09/18 19:54:05.149, 1, 78, 119.51, 0, 13169, 1290, 715, P0, 0x0000000000000000
2026/09/18 19:54:06.164, 0, 79, 107.13, 100, 14059, 873, 715, P0, 0x0000000000000020
2026/09/18 19:54:06.167, 1, 78, 50.82, 3, 13169, 1202, 715, P0, 0x0000000000000000
2026/09/18 19:54:07.180, 0, 79, 110.20, 100, 14059, 1012, 715, P0, 0x0000000000000000
2026/09/18 19:54:07.183, 1, 78, 50.54, 31, 13169, 1189, 715, P0, 0x0000000000000000
2026/09/18 19:54:08.194, 0, 79, 101.84, 100, 14059, 961, 715, P0, 0x0000000000000020
2026/09/18 19:54:08.203, 1, 78, 53.72, 75, 13169, 1265, 715, P0, 0x0000000000000000
2026/09/18 19:54:09.208, 0, 79, 96.36, 100, 14059, 974, 715, P0, 0x0000000000000020
2026/09/18 19:54:09.211, 1, 79, 50.84, 100, 13169, 1189, 715, P0, 0x0000000000000000
2026/09/18 19:54:10.225, 0, 79, 91.05, 100, 14059, 987, 715, P0, 0x0000000000000000
2026/09/18 19:54:10.228, 1, 79, 52.53, 100, 13169, 1215, 715, P0, 0x0000000000000000
2026/09/18 19:54:11.236, 0, 79, 93.97, 100, 14059, 873, 715, P0, 0x0000000000000000
2026/09/18 19:54:11.245, 1, 79, 109.88, 100, 13169, 1126, 715, P0, 0x0000000000000020
2026/09/18 19:54:12.251, 0, 79, 110.95, 100, 14059, 974, 715, P0, 0x0000000000000020
2026/09/18 19:54:12.255, 1, 79, 134.44, 100, 13169, 1189, 715, P0, 0x0000000000000000
2026/09/18 19:54:13.264, 0, 79, 101.93, 100, 14059, 961, 715, P0, 0x0000000000000020
2026/09/18 19:54:13.271, 1, 79, 140.20, 100, 13169, 1202, 715, P0, 0x0000000000000020
2026/09/18 19:54:14.277, 0, 79, 106.25, 100, 14059, 974, 715, P0, 0x0000000000000020
2026/09/18 19:54:14.286, 1, 79, 140.14, 100, 13169, 1202, 715, P0, 0x0000000000000000
2026/09/18 19:54:15.307, 0, 79, 94.46, 100, 14059, 923, 715, P0, 0x0000000000000000
2026/09/18 19:54:15.310, 1, 79, 122.72, 100, 13169, 1164, 715, P0, 0x0000000000000000
2026/09/18 19:54:16.333, 0, 79, 104.31, 100, 14059, 847, 715, P0, 0x0000000000000020
2026/09/18 19:54:16.336, 1, 79, 132.05, 100, 13169, 1088, 715, P0, 0x0000000000000020
2026/09/18 19:54:17.351, 0, 79, 101.03, 100, 14059, 974, 715, P0, 0x0000000000000020
2026/09/18 19:54:17.353, 1, 79, 135.92, 100, 13169, 1189, 715, P0, 0x0000000000000020
2026/09/18 19:54:18.366, 0, 79, 106.51, 100, 14059, 1012, 715, P0, 0x0000000000000000
2026/09/18 19:54:18.369, 1, 79, 119.29, 100, 13169, 1189, 715, P0, 0x0000000000000000
2026/09/18 19:54:19.379, 0, 79, 101.97, 99, 14059, 847, 715, P0, 0x0000000000000020
2026/09/18 19:54:19.389, 1, 79, 133.73, 78, 13169, 1189, 715, P0, 0x0000000000000020
2026/09/18 19:54:20.394, 0, 79, 95.25, 99, 14059, 974, 715, P0, 0x0000000000000020
2026/09/18 19:54:20.398, 1, 79, 142.99, 15, 13169, 1265, 715, P0, 0x0000000000000000
2026/09/18 19:54:21.411, 0, 79, 100.69, 99, 14059, 961, 715, P0, 0x0000000000000000
2026/09/18 19:54:21.415, 1, 78, 146.44, 0, 13169, 1316, 715, P0, 0x0000000000000000
2026/09/18 19:54:22.430, 0, 79, 109.20, 100, 14059, 923, 715, P0, 0x0000000000000020
2026/09/18 19:54:22.433, 1, 78, 56.81, 44, 13169, 1316, 715, P0, 0x0000000000000000
2026/09/18 19:54:23.449, 0, 79, 110.36, 100, 14059, 1063, 715, P0, 0x0000000000000000
2026/09/18 19:54:23.452, 1, 78, 55.60, 77, 13169, 1290, 715, P0, 0x0000000000000000
2026/09/18 19:54:24.460, 0, 79, 112.07, 100, 14059, 1063, 715, P0, 0x0000000000000000
2026/09/18 19:54:24.471, 1, 79, 50.78, 100, 13169, 1189, 715, P0, 0x0000000000000000
2026/09/18 19:54:25.490, 0, 79, 110.43, 100, 14059, 1050, 715, P0, 0x0000000000000000
2026/09/18 19:54:25.492, 1, 79, 53.68, 65, 13169, 1290, 715, P0, 0x0000000000000000
2026/09/18 19:54:26.504, 0, 79, 96.06, 100, 14059, 949, 715, P0, 0x0000000000000000
2026/09/18 19:54:26.512, 1, 79, 66.70, 100, 13169, 1227, 715, P0, 0x0000000000000000
2026/09/18 19:54:27.519, 0, 79, 116.29, 100, 14059, 1050, 715, P0, 0x0000000000000020
2026/09/18 19:54:27.522, 1, 79, 107.17, 100, 13169, 1075, 715, P0, 0x0000000000000020
2026/09/18 19:54:28.530, 0, 79, 109.89, 100, 14059, 1063, 715, P0, 0x0000000000000000
2026/09/18 19:54:28.533, 1, 79, 118.48, 100, 13169, 1113, 715, P0, 0x0000000000000020
2026/09/18 19:54:29.540, 0, 79, 94.47, 100, 14059, 987, 715, P0, 0x0000000000000000
2026/09/18 19:54:29.543, 1, 79, 105.61, 100, 13169, 1050, 715, P0, 0x0000000000000020
2026/09/18 19:54:30.557, 0, 79, 110.47, 100, 14059, 911, 715, P0, 0x0000000000000020
2026/09/18 19:54:30.559, 1, 79, 138.18, 100, 13169, 1177, 715, P0, 0x0000000000000000
2026/09/18 19:54:31.568, 0, 79, 113.62, 100, 14059, 1025, 715, P0, 0x0000000000000020
2026/09/18 19:54:31.574, 1, 79, 120.24, 100, 13169, 1189, 715, P0, 0x0000000000000000
2026/09/18 19:54:32.584, 0, 79, 92.75, 99, 14059, 1037, 715, P0, 0x0000000000000000
2026/09/18 19:54:32.594, 1, 79, 135.20, 100, 13169, 1189, 715, P0, 0x0000000000000000
2026/09/18 19:54:33.599, 0, 79, 111.90, 99, 14059, 936, 715, P0, 0x0000000000000020
2026/09/18 19:54:33.601, 1, 79, 135.53, 57, 13169, 1126, 715, P0, 0x0000000000000020
2026/09/18 19:54:34.614, 0, 79, 111.70, 99, 14059, 1063, 715, P0, 0x0000000000000000
2026/09/18 19:54:34.619, 1, 79, 123.27, 0, 13169, 1151, 715, P0, 0x0000000000000020
2026/09/18 19:54:35.626, 0, 79, 108.26, 100, 14059, 911, 715, P0, 0x0000000000000020
2026/09/18 19:54:35.637, 1, 78, 50.33, 7, 13169, 1189, 715, P0, 0x0000000000000000
2026/09/18 19:54:36.644, 0, 79, 103.03, 100, 14059, 1037, 715, P0, 0x0000000000000020
2026/09/18 19:54:36.654, 1, 78, 55.39, 75, 13169, 1290, 715, P0, 0x0000000000000000
2026/09/18 19:54:37.669, 0, 79, 96.12, 100, 14059, 1037, 715, P0, 0x0000000000000000
2026/09/18 19:54:37.676, 1, 79, 50.11, 100, 13169, 1189, 715, P0, 0x0000000000000000
2026/09/18 19:54:38.682, 0, 79, 116.24, 100, 14059, 1012, 715, P0, 0x0000000000000020
2026/09/18 19:54:38.686, 1, 79, 122.54, 100, 13169, 1151, 715, P0, 0x0000000000000020
2026/09/18 19:54:39.695, 0, 79, 112.39, 100, 14059, 1050, 715, P0, 0x0000000000000020
2026/09/18 19:54:39.698, 1, 79, 136.25, 100, 13169, 1189, 715, P0, 0x0000000000000020
2026/09/18 19:54:40.711, 0, 79, 107.82, 100, 14059, 911, 715, P0, 0x0000000000000020
2026/09/18 19:54:40.717, 1, 80, 138.86, 100, 13169, 1139, 715, P0, 0x0000000000000020
2026/09/18 19:54:41.725, 0, 79, 114.09, 100, 14059, 1075, 715, P0, 0x0000000000000000
2026/09/18 19:54:41.728, 1, 79, 128.93, 100, 13169, 1227, 715, P0, 0x0000000000000000
2026/09/18 19:54:42.738, 0, 79, 98.51, 99, 14059, 898, 715, P0, 0x0000000000000020
2026/09/18 19:54:42.741, 1, 79, 116.28, 100, 13169, 1164, 715, P0, 0x0000000000000000
2026/09/18 19:54:43.755, 0, 79, 103.36, 100, 14059, 1012, 715, P0, 0x0000000000000020
2026/09/18 19:54:43.759, 1, 79, 136.79, 43, 13169, 1189, 715, P0, 0x0000000000000000
2026/09/18 19:54:44.774, 0, 79, 107.29, 100, 14059, 911, 715, P0, 0x0000000000000020
2026/09/18 19:54:44.778, 1, 78, 56.56, 0, 13169, 1316, 715, P0, 0x0000000000000000
2026/09/18 19:54:45.785, 0, 79, 99.42, 100, 14059, 1025, 715, P0, 0x0000000000000020
2026/09/18 19:54:45.789, 1, 78, 55.62, 53, 13169, 1303, 715, P0, 0x0000000000000000
2026/09/18 19:54:46.803, 0, 79, 107.47, 100, 14059, 898, 715, P0, 0x0000000000000020
2026/09/18 19:54:46.806, 1, 79, 121.62, 100, 13169, 1151, 715, P0, 0x0000000000000000
2026/09/18 19:54:47.820, 0, 79, 100.55, 100, 14059, 1037, 715, P0, 0x0000000000000020
2026/09/18 19:54:47.822, 1, 79, 126.72, 100, 13169, 1164, 715, P0, 0x0000000000000020
2026/09/18 19:54:48.833, 0, 79, 108.13, 100, 14059, 898, 715, P0, 0x0000000000000020
2026/09/18 19:54:48.842, 1, 79, 134.91, 100, 13169, 1126, 715, P0, 0x0000000000000020
2026/09/18 19:54:49.847, 0, 79, 112.39, 100, 14059, 1063, 715, P0, 0x0000000000000000
2026/09/18 19:54:49.850, 1, 79, 127.96, 100, 13169, 1189, 715, P0, 0x0000000000000020
2026/09/18 19:54:50.861, 0, 79, 115.44, 99, 14059, 999, 715, P0, 0x0000000000000020
2026/09/18 19:54:50.864, 1, 79, 138.17, 29, 13169, 1189, 715, P0, 0x0000000000000000
2026/09/18 19:54:51.875, 0, 79, 106.62, 100, 14059, 911, 715, P0, 0x0000000000000020
2026/09/18 19:54:51.881, 1, 78, 55.85, 0, 13169, 1303, 715, P0, 0x0000000000000000
2026/09/18 19:54:52.888, 0, 79, 110.92, 100, 14059, 1037, 715, P0, 0x0000000000000020
2026/09/18 19:54:52.891, 1, 79, 52.03, 91, 13169, 1215, 715, P0, 0x0000000000000000
2026/09/18 19:54:53.905, 0, 79, 112.23, 100, 14059, 949, 715, P0, 0x0000000000000020
2026/09/18 19:54:53.908, 1, 79, 121.19, 100, 13169, 1139, 715, P0, 0x0000000000000020
2026/09/18 19:54:54.919, 0, 79, 97.98, 100, 14059, 999, 715, P0, 0x0000000000000000
2026/09/18 19:54:54.922, 1, 79, 120.34, 100, 13169, 1189, 715, P0, 0x0000000000000000
2026/09/18 19:54:55.935, 0, 79, 101.91, 100, 14059, 1037, 715, P0, 0x0000000000000020
2026/09/18 19:54:55.941, 1, 79, 144.15, 100, 13169, 1252, 715, P0, 0x0000000000000020
2026/09/18 19:54:56.947, 0, 79, 105.96, 99, 14059, 898, 715, P0, 0x0000000000000020
2026/09/18 19:54:56.950, 1, 79, 145.47, 100, 13169, 1189, 715, P0, 0x0000000000000020
2026/09/18 19:54:57.964, 0, 79, 105.26, 100, 14059, 1012, 715, P0, 0x0000000000000000
2026/09/18 19:54:57.967, 1, 78, 139.60, 3, 13169, 1278, 715, P0, 0x0000000000000000
2026/09/18 19:54:58.977, 0, 79, 111.16, 100, 14059, 1050, 715, P0, 0x0000000000000020
2026/09/18 19:54:58.981, 1, 78, 50.33, 30, 13169, 1189, 715, P0, 0x0000000000000000
2026/09/18 19:54:59.991, 0, 79, 109.53, 100, 14059, 911, 715, P0, 0x0000000000000020
2026/09/18 19:55:00.005, 1, 79, 131.54, 100, 13169, 1177, 715, P0, 0x0000000000000000
2026/09/18 19:55:01.023, 0, 79, 94.41, 100, 14059, 999, 715, P0, 0x0000000000000000
2026/09/18 19:55:01.026, 1, 79, 115.10, 100, 13169, 1189, 715, P0, 0x0000000000000000
2026/09/18 19:55:02.034, 0, 79, 113.62, 100, 14059, 1037, 715, P0, 0x0000000000000020
2026/09/18 19:55:02.044, 1, 79, 127.25, 100, 13169, 1202, 715, P0, 0x0000000000000000
2026/09/18 19:55:03.061, 0, 79, 107.57, 100, 14059, 898, 715, P0, 0x0000000000000020
2026/09/18 19:55:03.067, 1, 79, 144.99, 61, 13169, 1164, 715, P0, 0x0000000000000020
2026/09/18 19:55:04.073, 0, 79, 105.60, 100, 14059, 898, 715, P0, 0x0000000000000020
2026/09/18 19:55:04.084, 1, 78, 55.85, 0, 13169, 1303, 715, P0, 0x0000000000000000
2026/09/18 19:55:05.099, 0, 79, 110.91, 100, 14059, 1050, 715, P0, 0x0000000000000020
2026/09/18 19:55:05.104, 1, 79, 55.36, 89, 13169, 1278, 715, P0, 0x0000000000000000
2026/09/18 19:55:06.113, 0, 79, 100.31, 100, 14059, 1025, 715, P0, 0x0000000000000020
2026/09/18 19:55:06.116, 1, 80, 121.24, 100, 13169, 1126, 715, P0, 0x0000000000000020
2026/09/18 19:55:07.128, 0, 79, 108.29, 100, 14059, 911, 715, P0, 0x0000000000000020
2026/09/18 19:55:07.133, 1, 79, 139.34, 100, 13169, 1126, 715, P0, 0x0000000000000020
2026/09/18 19:55:08.142, 0, 79, 102.97, 100, 14059, 999, 715, P0, 0x0000000000000000
2026/09/18 19:55:08.146, 1, 79, 118.43, 100, 13169, 1202, 715, P0, 0x0000000000000000
2026/09/18 19:55:09.159, 0, 79, 104.72, 100, 14059, 1063, 715, P0, 0x0000000000000000
2026/09/18 19:55:09.166, 1, 79, 142.84, 34, 13169, 1227, 715, P0, 0x0000000000000000
2026/09/18 19:55:10.185, 0, 79, 112.76, 100, 14059, 1025, 715, P0, 0x0000000000000020
2026/09/18 19:55:10.188, 1, 78, 57.06, 0, 13169, 1316, 715, P0, 0x0000000000000000
2026/09/18 19:55:11.202, 0, 79, 114.46, 100, 14059, 923, 715, P0, 0x0000000000000020
2026/09/18 19:55:11.209, 1, 79, 142.35, 100, 13169, 1177, 715, P0, 0x0000000000000020
2026/09/18 19:55:12.233, 0, 79, 106.33, 100, 14059, 898, 715, P0, 0x0000000000000020
2026/09/18 19:55:12.239, 1, 79, 116.65, 100, 13169, 1126, 715, P0, 0x0000000000000000
2026/09/18 19:55:13.246, 0, 79, 110.73, 100, 14059, 1075, 715, P0, 0x0000000000000000
2026/09/18 19:55:13.249, 1, 79, 136.01, 100, 13169, 1189, 715, P0, 0x0000000000000000
2026/09/18 19:55:14.257, 0, 79, 113.98, 99, 14059, 1025, 715, P0, 0x0000000000000020
2026/09/18 19:55:14.268, 1, 79, 147.80, 0, 13169, 1240, 715, P0, 0x0000000000000000
2026/09/18 19:55:15.285, 0, 79, 102.08, 100, 14059, 1025, 715, P0, 0x0000000000000020
2026/09/18 19:55:15.289, 1, 78, 52.28, 5, 13169, 1227, 715, P0, 0x0000000000000000
2026/09/18 19:55:16.304, 0, 79, 114.66, 100, 14059, 936, 715, P0, 0x0000000000000020
2026/09/18 19:55:16.309, 1, 79, 109.77, 100, 13169, 1101, 715, P0, 0x0000000000000020
2026/09/18 19:55:17.319, 0, 79, 106.08, 100, 14059, 898, 715, P0, 0x0000000000000000
2026/09/18 19:55:17.331, 1, 79, 119.28, 100, 13169, 1050, 715, P0, 0x0000000000000020
2026/09/18 19:55:18.347, 0, 79, 97.76, 100, 14059, 1012, 715, P0, 0x0000000000000000
2026/09/18 19:55:18.350, 1, 79, 114.67, 96, 13169, 1177, 715, P0, 0x0000000000000000
2026/09/18 19:55:19.363, 0, 79, 100.69, 100, 14059, 1037, 715, P0, 0x0000000000000000
2026/09/18 19:55:19.368, 1, 78, 153.43, 23, 13169, 1252, 715, P0, 0x0000000000000020
2026/09/18 19:55:20.379, 0, 79, 99.92, 100, 14059, 1050, 715, P0, 0x0000000000000000
2026/09/18 19:55:20.389, 1, 78, 50.35, 8, 13169, 1189, 715, P0, 0x0000000000000000
2026/09/18 19:55:21.408, 0, 79, 102.38, 100, 14059, 1012, 715, P0, 0x0000000000000020
2026/09/18 19:55:21.411, 1, 79, 142.14, 100, 13169, 1227, 715, P0, 0x0000000000000000
2026/09/18 19:55:22.420, 0, 79, 119.28, 100, 14059, 987, 715, P0, 0x0000000000000020
2026/09/18 19:55:22.431, 1, 80, 170.20, 100, 13169, 1252, 715, P0, 0x0000000000000020
2026/09/18 19:55:23.449, 0, 79, 106.96, 100, 14059, 911, 715, P0, 0x0000000000000020
2026/09/18 19:55:23.453, 1, 79, 126.14, 85, 13169, 1101, 715, P0, 0x0000000000000020
2026/09/18 19:55:24.464, 0, 79, 107.29, 100, 14059, 911, 715, P0, 0x0000000000000020
2026/09/18 19:55:24.471, 1, 78, 56.58, 0, 13169, 1316, 715, P0, 0x0000000000000000
2026/09/18 19:55:25.478, 0, 79, 106.82, 100, 14059, 911, 715, P0, 0x0000000000000020
2026/09/18 19:55:25.480, 1, 79, 52.51, 100, 13169, 1215, 715, P0, 0x0000000000000000
2026/09/18 19:55:26.490, 0, 79, 90.32, 100, 14059, 898, 715, P0, 0x0000000000000020
2026/09/18 19:55:26.493, 1, 80, 136.15, 100, 13169, 1189, 715, P0, 0x0000000000000000
2026/09/18 19:55:27.503, 0, 79, 95.60, 100, 14059, 1037, 715, P0, 0x0000000000000000
2026/09/18 19:55:27.511, 1, 79, 128.62, 100, 13169, 1189, 715, P0, 0x0000000000000000
2026/09/18 19:55:28.519, 0, 79, 104.82, 100, 14059, 1025, 715, P0, 0x0000000000000000
2026/09/18 19:55:28.523, 1, 78, 120.49, 0, 13169, 1189, 715, P0, 0x0000000000000000
2026/09/18 19:55:29.552, 0, 79, 112.59, 100, 14059, 1063, 715, P0, 0x0000000000000000
2026/09/18 19:55:29.554, 1, 79, 52.47, 98, 13169, 1227, 715, P0, 0x0000000000000000
2026/09/18 19:55:30.567, 0, 79, 108.65, 100, 14059, 1012, 715, P0, 0x0000000000000020
2026/09/18 19:55:30.574, 1, 79, 117.71, 100, 13169, 1139, 715, P0, 0x0000000000000020
2026/09/18 19:55:31.581, 0, 79, 108.55, 100, 14059, 1063, 715, P0, 0x0000000000000000
2026/09/18 19:55:31.593, 1, 79, 137.03, 100, 13169, 1202, 715, P0, 0x0000000000000020
2026/09/18 19:55:32.600, 0, 79, 111.53, 100, 14059, 1050, 715, P0, 0x0000000000000000
2026/09/18 19:55:32.603, 1, 78, 124.06, 35, 13169, 1189, 715, P0, 0x0000000000000000
2026/09/18 19:55:33.617, 0, 79, 99.25, 100, 14059, 1037, 715, P0, 0x0000000000000020
2026/09/18 19:55:33.620, 1, 78, 51.54, 1, 13169, 1215, 715, P0, 0x0000000000000000
2026/09/18 19:55:34.629, 0, 79, 103.76, 100, 14059, 1050, 715, P0, 0x0000000000000000
2026/09/18 19:55:34.635, 1, 79, 102.44, 100, 13169, 1101, 715, P0, 0x0000000000000000
2026/09/18 19:55:35.644, 0, 79, 110.97, 100, 14059, 1050, 715, P0, 0x0000000000000020
2026/09/18 19:55:35.655, 1, 79, 121.43, 100, 13169, 1151, 715, P0, 0x0000000000000020
2026/09/18 19:55:36.672, 0, 79, 104.78, 99, 14059, 1012, 715, P0, 0x0000000000000020
2026/09/18 19:55:36.675, 1, 78, 139.31, 10, 13169, 1189, 715, P0, 0x0000000000000000
2026/09/18 19:55:37.684, 0, 79, 102.80, 100, 14059, 1050, 715, P0, 0x0000000000000020
2026/09/18 19:55:37.692, 1, 78, 51.07, 33, 13169, 1202, 715, P0, 0x0000000000000000
2026/09/18 19:55:38.701, 0, 79, 101.66, 100, 14059, 1025, 715, P0, 0x0000000000000020
2026/09/18 19:55:38.704, 1, 79, 140.57, 100, 13169, 1252, 715, P0, 0x0000000000000020
2026/09/18 19:55:39.713, 0, 79, 100.54, 100, 14059, 1037, 715, P0, 0x0000000000000020
2026/09/18 19:55:39.717, 1, 79, 133.50, 100, 13169, 1189, 715, P0, 0x0000000000000000
2026/09/18 19:55:40.725, 0, 79, 96.35, 100, 14059, 1050, 715, P0, 0x0000000000000000
2026/09/18 19:55:40.734, 1, 79, 167.96, 0, 13169, 1227, 715, P0, 0x0000000000000020
2026/09/18 19:55:41.742, 0, 79, 96.10, 100, 14059, 1012, 715, P0, 0x0000000000000000
2026/09/18 19:55:41.745, 1, 78, 56.36, 74, 13169, 1303, 715, P0, 0x0000000000000000
2026/09/18 19:55:42.754, 0, 79, 101.85, 100, 14059, 1012, 715, P0, 0x0000000000000000
2026/09/18 19:55:42.757, 1, 79, 106.29, 100, 13169, 1113, 715, P0, 0x0000000000000000
2026/09/18 19:55:43.771, 0, 79, 103.44, 100, 14059, 1025, 715, P0, 0x0000000000000000
2026/09/18 19:55:43.776, 1, 79, 117.47, 100, 13169, 1189, 715, P0, 0x0000000000000000
2026/09/18 19:55:44.785, 0, 79, 106.56, 100, 14059, 911, 715, P0, 0x0000000000000020
2026/09/18 19:55:44.796, 1, 78, 56.81, 0, 13169, 1316, 715, P0, 0x0000000000000000
2026/09/18 19:55:45.815, 0, 79, 105.84, 100, 14059, 898, 715, P0, 0x0000000000000020
2026/09/18 19:55:45.818, 1, 79, 56.58, 55, 13169, 1316, 715, P0, 0x0000000000000020
2026/09/18 19:55:46.829, 0, 79, 105.03, 100, 14059, 885, 715, P0, 0x0000000000000020
2026/09/18 19:55:46.836, 1, 80, 114.81, 100, 13169, 1139, 715, P0, 0x0000000000000020
2026/09/18 19:55:47.845, 0, 79, 105.65, 100, 14059, 898, 715, P0, 0x0000000000000020
2026/09/18 19:55:47.857, 1, 79, 144.04, 100, 13169, 1189, 715, P0, 0x0000000000000020
2026/09/18 19:55:48.874, 0, 79, 113.49, 100, 14059, 936, 715, P0, 0x0000000000000020
2026/09/18 19:55:48.878, 1, 78, 50.08, 0, 13169, 1189, 715, P0, 0x0000000000000000
2026/09/18 19:55:49.885, 0, 79, 114.71, 100, 14059, 1050, 715, P0, 0x0000000000000000
2026/09/18 19:55:49.888, 1, 79, 144.18, 100, 13169, 1215, 715, P0, 0x0000000000000000
2026/09/18 19:55:50.897, 0, 79, 99.29, 100, 14059, 1025, 715, P0, 0x0000000000000020
2026/09/18 19:55:50.900, 1, 80, 149.27, 100, 13169, 1265, 715, P0, 0x0000000000000000
2026/09/18 19:55:51.908, 0, 79, 113.86, 99, 14059, 1037, 715, P0, 0x0000000000000020
2026/09/18 19:55:51.919, 1, 78, 120.46, 0, 13169, 1189, 715, P0, 0x0000000000000000
2026/09/18 19:55:52.938, 0, 79, 106.10, 100, 14059, 1037, 715, P0, 0x0000000000000000
2026/09/18 19:55:52.941, 1, 78, 56.10, 71, 13169, 1303, 715, P0, 0x0000000000000000
2026/09/18 19:55:53.954, 0, 79, 99.98, 100, 14059, 999, 715, P0, 0x0000000000000000
2026/09/18 19:55:53.959, 1, 79, 136.34, 100, 13169, 1189, 715, P0, 0x0000000000000000
2026/09/18 19:55:54.965, 0, 79, 105.96, 100, 14059, 911, 715, P0, 0x0000000000000000
2026/09/18 19:55:54.968, 1, 79, 140.78, 89, 13169, 1215, 715, P0, 0x0000000000000000
2026/09/18 19:55:55.976, 0, 79, 107.77, 100, 14059, 911, 715, P0, 0x0000000000000020
2026/09/18 19:55:55.979, 1, 78, 57.05, 0, 13169, 1316, 715, P0, 0x0000000000000000
2026/09/18 19:55:56.992, 0, 79, 117.00, 100, 14059, 949, 715, P0, 0x0000000000000020
2026/09/18 19:55:57.000, 1, 80, 90.55, 100, 13169, 1164, 715, P0, 0x0000000000000000
2026/09/18 19:55:58.020, 0, 79, 112.04, 100, 14059, 1075, 715, P0, 0x0000000000000000
2026/09/18 19:55:58.024, 1, 79, 123.27, 100, 13169, 1202, 715, P0, 0x0000000000000000
2026/09/18 19:55:59.034, 0, 79, 109.73, 100, 14059, 1012, 715, P0, 0x0000000000000020
2026/09/18 19:55:59.039, 1, 78, 149.38, 34, 13169, 1240, 715, P0, 0x0000000000000000
2026/09/18 19:56:00.048, 0, 79, 96.11, 100, 14059, 1037, 715, P0, 0x0000000000000000
2026/09/18 19:56:00.059, 1, 78, 53.00, 17, 13169, 1240, 715, P0, 0x0000000000000000
2026/09/18 19:56:01.069, 0, 79, 93.71, 100, 14059, 898, 715, P0, 0x0000000000000020
2026/09/18 19:56:01.080, 1, 79, 117.10, 100, 13169, 1189, 715, P0, 0x0000000000000000
2026/09/18 19:56:02.086, 0, 79, 106.85, 100, 14059, 911, 715, P0, 0x0000000000000020
2026/09/18 19:56:02.099, 1, 79, 143.56, 100, 13169, 1189, 715, P0, 0x0000000000000000
2026/09/18 19:56:03.105, 0, 79, 116.36, 100, 14059, 1025, 715, P0, 0x0000000000000020
2026/09/18 19:56:03.108, 1, 78, 51.98, 0, 13169, 1227, 715, P0, 0x0000000000000000
2026/09/18 19:56:04.116, 0, 79, 110.08, 100, 14059, 1025, 715, P0, 0x0000000000000020
2026/09/18 19:56:04.120, 1, 79, 133.34, 100, 13169, 1189, 715, P0, 0x0000000000000000
2026/09/18 19:56:05.128, 0, 79, 109.91, 100, 14059, 1025, 715, P0, 0x0000000000000020
2026/09/18 19:56:05.140, 1, 79, 142.38, 100, 13169, 1189, 715, P0, 0x0000000000000000
2026/09/18 19:56:06.156, 0, 79, 105.60, 100, 14059, 911, 715, P0, 0x0000000000000000
2026/09/18 19:56:06.161, 1, 78, 56.80, 0, 13169, 1316, 715, P0, 0x0000000000000000
2026/09/18 19:56:07.171, 0, 79, 106.16, 100, 14059, 898, 715, P0, 0x0000000000000020
2026/09/18 19:56:07.180, 1, 79, 52.27, 100, 13169, 1189, 715, P0, 0x0000000000000000
2026/09/18 19:56:08.197, 0, 79, 114.43, 100, 14059, 923, 715, P0, 0x0000000000000020
2026/09/18 19:56:08.202, 1, 79, 152.91, 100, 13169, 1189, 715, P0, 0x0000000000000020
2026/09/18 19:56:09.207, 0, 79, 106.23, 100, 14059, 1037, 715, P0, 0x0000000000000020
2026/09/18 19:56:09.211, 1, 78, 141.76, 60, 13169, 1215, 715, P0, 0x0000000000000020
2026/09/18 19:56:10.236, 0, 79, 97.79, 100, 14059, 1012, 715, P0, 0x0000000000000000
2026/09/18 19:56:10.241, 1, 78, 51.79, 6, 13169, 1215, 715, P0, 0x0000000000000000
2026/09/18 19:56:11.250, 0, 79, 106.12, 100, 14059, 898, 715, P0, 0x0000000000000020
2026/09/18 19:56:11.264, 1, 79, 109.53, 100, 13169, 1151, 715, P0, 0x0000000000000000
2026/09/18 19:56:12.280, 0, 79, 105.96, 100, 14059, 898, 715, P0, 0x0000000000000020
2026/09/18 19:56:12.283, 1, 79, 141.67, 100, 13169, 1164, 715, P0, 0x0000000000000020
2026/09/18 19:56:13.300, 0, 79, 105.85, 100, 14059, 1025, 715, P0, 0x0000000000000020
2026/09/18 19:56:13.304, 1, 78, 57.06, 0, 13169, 1316, 715, P0, 0x0000000000000000
2026/09/18 19:56:14.309, 0, 79, 100.49, 100, 14059, 1050, 715, P0, 0x0000000000000000
2026/09/18 19:56:14.312, 1, 80, 132.27, 100, 13169, 1189, 715, P0, 0x0000000000000020
2026/09/18 19:56:15.323, 0, 79, 106.56, 100, 14059, 911, 715, P0, 0x0000000000000000
2026/09/18 19:56:15.327, 1, 79, 119.99, 100, 13169, 1189, 715, P0, 0x0000000000000000
2026/09/18 19:56:16.336, 0, 79, 116.61, 100, 14059, 949, 715, P0, 0x0000000000000020
2026/09/18 19:56:16.344, 1, 78, 49.84, 0, 13169, 1189, 715, P0, 0x0000000000000000
2026/09/18 19:56:17.365, 0, 79, 110.88, 100, 14059, 1050, 715, P0, 0x0000000000000000
2026/09/18 19:56:17.368, 1, 79, 147.51, 100, 13169, 1227, 715, P0, 0x0000000000000000
2026/09/18 19:56:18.380, 0, 79, 96.86, 100, 14059, 1050, 715, P0, 0x0000000000000000
2026/09/18 19:56:18.383, 1, 79, 141.85, 100, 13169, 1202, 715, P0, 0x0000000000000000
2026/09/18 19:56:19.396, 0, 79, 107.07, 100, 14059, 911, 715, P0, 0x0000000000000020
2026/09/18 19:56:19.403, 1, 78, 49.85, 0, 13169, 1189, 715, P0, 0x0000000000000000
2026/09/18 19:56:20.414, 0, 79, 109.54, 100, 14059, 1063, 715, P0, 0x0000000000000000
2026/09/18 19:56:20.424, 1, 79, 142.35, 100, 13169, 1252, 715, P0, 0x0000000000000020
2026/09/18 19:56:21.442, 0, 79, 105.19, 100, 14059, 1012, 715, P0, 0x0000000000000020
2026/09/18 19:56:21.445, 1, 79, 143.20, 100, 13169, 1290, 715, P0, 0x0000000000000020
2026/09/18 19:56:22.453, 0, 79, 106.89, 100, 14059, 911, 715, P0, 0x0000000000000020
2026/09/18 19:56:22.464, 1, 78, 49.61, 0, 13169, 1189, 715, P0, 0x0000000000000000
2026/09/18 19:56:23.470, 0, 79, 115.41, 100, 14059, 974, 715, P0, 0x0000000000000020
2026/09/18 19:56:23.473, 1, 79, 81.74, 100, 13169, 1240, 715, P0, 0x0000000000000000
2026/09/18 19:56:24.488, 0, 79, 112.46, 100, 14059, 1075, 715, P0, 0x0000000000000000
2026/09/18 19:56:24.491, 1, 79, 167.85, 100, 13169, 1303, 715, P0, 0x0000000000000000
2026/09/18 19:56:25.506, 0, 79, 106.89, 100, 14059, 911, 715, P0, 0x0000000000000020
2026/09/18 19:56:25.508, 1, 78, 49.61, 0, 13169, 1189, 715, P0, 0x0000000000000000
2026/09/18 19:56:26.522, 0, 79, 108.15, 100, 14059, 898, 715, P0, 0x0000000000000020
2026/09/18 19:56:26.527, 1, 79, 71.68, 100, 13169, 1189, 715, P0, 0x0000000000000000
2026/09/18 19:56:27.537, 0, 79, 113.48, 100, 14059, 1037, 715, P0, 0x0000000000000020
2026/09/18 19:56:27.546, 1, 79, 152.17, 100, 13169, 1252, 715, P0, 0x0000000000000000
2026/09/18 19:56:28.564, 0, 79, 102.30, 100, 14059, 911, 715, P0, 0x0000000000000020
2026/09/18 19:56:28.567, 1, 77, 52.76, 0, 13169, 1252, 715, P0, 0x0000000000000000
2026/09/18 19:56:29.577, 0, 79, 107.79, 100, 14059, 898, 715, P0, 0x0000000000000020
2026/09/18 19:56:29.587, 1, 79, 50.09, 100, 13169, 1189, 715, P0, 0x0000000000000000
2026/09/18 19:56:30.593, 0, 79, 111.31, 100, 14059, 1050, 715, P0, 0x0000000000000020
2026/09/18 19:56:30.596, 1, 79, 120.49, 100, 13169, 1189, 715, P0, 0x0000000000000000
2026/09/18 19:56:31.621, 0, 79, 107.12, 100, 14059, 911, 715, P0, 0x0000000000000020
2026/09/18 19:56:31.627, 1, 77, 52.75, 0, 13169, 1265, 715, P0, 0x0000000000000000
2026/09/18 19:56:32.637, 0, 79, 108.25, 100, 14059, 911, 715, P0, 0x0000000000000020
2026/09/18 19:56:32.647, 1, 79, 56.09, 79, 13169, 1290, 715, P0, 0x0000000000000000
2026/09/18 19:56:33.652, 0, 79, 113.00, 100, 14059, 1063, 715, P0, 0x0000000000000000
2026/09/18 19:56:33.655, 1, 79, 159.48, 100, 13169, 1290, 715, P0, 0x0000000000000000
2026/09/18 19:56:34.668, 0, 79, 106.80, 100, 14059, 911, 715, P0, 0x0000000000000020
2026/09/18 19:56:34.671, 1, 78, 56.81, 0, 13169, 1316, 715, P0, 0x0000000000000000
2026/09/18 19:56:35.677, 0, 79, 116.47, 100, 14059, 961, 715, P0, 0x0000000000000020
2026/09/18 19:56:35.688, 1, 79, 70.45, 100, 13169, 1227, 715, P0, 0x0000000000000000
2026/09/18 19:56:36.707, 0, 79, 109.17, 100, 14059, 1025, 715, P0, 0x0000000000000020
2026/09/18 19:56:36.709, 1, 79, 148.27, 100, 13169, 1290, 715, P0, 0x0000000000000020
2026/09/18 19:56:37.724, 0, 79, 107.05, 100, 14059, 911, 715, P0, 0x0000000000000020
2026/09/18 19:56:37.728, 1, 78, 55.61, 0, 13169, 1303, 715, P0, 0x0000000000000000
2026/09/18 19:56:38.739, 0, 79, 103.26, 100, 14059, 1037, 715, P0, 0x0000000000000020
2026/09/18 19:56:38.746, 1, 80, 145.48, 100, 13169, 1252, 715, P0, 0x0000000000000020
2026/09/18 19:56:39.754, 0, 79, 101.15, 100, 14059, 987, 715, P0, 0x0000000000000000
2026/09/18 19:56:39.756, 1, 79, 149.30, 100, 13169, 1252, 715, P0, 0x0000000000000000
2026/09/18 19:56:40.769, 0, 79, 113.08, 100, 14059, 923, 715, P0, 0x0000000000000020
2026/09/18 19:56:40.772, 1, 78, 49.85, 0, 13169, 1189, 715, P0, 0x0000000000000000
2026/09/18 19:56:41.783, 0, 79, 110.71, 100, 14059, 1050, 715, P0, 0x0000000000000020
2026/09/18 19:56:41.787, 1, 79, 140.79, 100, 13169, 1189, 715, P0, 0x0000000000000000
2026/09/18 19:56:42.798, 0, 79, 106.36, 99, 14059, 911, 715, P0, 0x0000000000000020
2026/09/18 19:56:42.809, 1, 79, 150.63, 91, 13169, 1202, 715, P0, 0x0000000000000000
2026/09/18 19:56:43.830, 0, 79, 111.63, 100, 14059, 1037, 715, P0, 0x0000000000000020
2026/09/18 19:56:43.834, 1, 78, 54.39, 0, 13169, 1278, 715, P0, 0x0000000000000000
2026/09/18 19:56:44.844, 0, 79, 106.02, 100, 14059, 898, 715, P0, 0x0000000000000020
2026/09/18 19:56:44.853, 1, 79, 140.67, 100, 13169, 1265, 715, P0, 0x0000000000000000
2026/09/18 19:56:45.862, 0, 79, 108.18, 100, 14059, 898, 715, P0, 0x0000000000000020
2026/09/18 19:56:45.871, 1, 79, 167.23, 100, 13169, 1252, 715, P0, 0x0000000000000020
2026/09/18 19:56:46.878, 0, 79, 103.51, 100, 14059, 1037, 715, P0, 0x0000000000000000
2026/09/18 19:56:46.889, 1, 78, 54.90, 0, 13169, 1278, 715, P0, 0x0000000000000000
2026/09/18 19:56:47.905, 0, 79, 106.45, 100, 14059, 898, 715, P0, 0x0000000000000020
2026/09/18 19:56:47.910, 1, 79, 134.67, 100, 13169, 1139, 715, P0, 0x0000000000000020
2026/09/18 19:56:48.914, 0, 79, 109.91, 99, 14059, 1050, 715, P0, 0x0000000000000000
2026/09/18 19:56:48.918, 1, 78, 152.04, 11, 13169, 1265, 715, P0, 0x0000000000000020
2026/09/18 19:56:49.929, 0, 79, 107.05, 100, 14059, 911, 715, P0, 0x0000000000000020
2026/09/18 19:56:49.933, 1, 79, 56.82, 68, 13169, 1316, 715, P0, 0x0000000000000000
2026/09/18 19:56:50.942, 0, 79, 113.47, 100, 14059, 1037, 715, P0, 0x0000000000000020
2026/09/18 19:56:50.950, 1, 80, 150.15, 100, 13169, 1316, 715, P0, 0x0000000000000000
2026/09/18 19:56:51.959, 0, 79, 105.92, 100, 14059, 911, 715, P0, 0x0000000000000000
2026/09/18 19:56:51.971, 1, 78, 49.61, 0, 13169, 1189, 715, P0, 0x0000000000000000
2026/09/18 19:56:52.981, 0, 79, 101.90, 100, 14059, 1025, 715, P0, 0x0000000000000020
2026/09/18 19:56:52.989, 1, 79, 151.72, 100, 13169, 1240, 715, P0, 0x0000000000000000
2026/09/18 19:56:53.995, 0, 79, 102.44, 100, 14059, 911, 715, P0, 0x0000000000000000
2026/09/18 19:56:53.998, 1, 79, 131.69, 100, 13169, 1227, 715, P0, 0x0000000000000000
2026/09/18 19:56:55.008, 0, 79, 97.79, 100, 14059, 1050, 715, P0, 0x0000000000000000
2026/09/18 19:56:55.011, 1, 78, 54.93, 0, 13169, 1290, 715, P0, 0x0000000000000000
2026/09/18 19:56:56.022, 0, 79, 102.24, 100, 14059, 898, 715, P0, 0x0000000000000020
2026/09/18 19:56:56.032, 1, 79, 118.46, 100, 13169, 1189, 715, P0, 0x0000000000000000
2026/09/18 19:56:57.050, 0, 79, 111.14, 99, 14059, 911, 715, P0, 0x0000000000000020
2026/09/18 19:56:57.053, 1, 78, 152.91, 17, 13169, 1202, 715, P0, 0x0000000000000000
2026/09/18 19:56:58.071, 0, 79, 84.57, 100, 14059, 949, 715, P0, 0x0000000000000000
2026/09/18 19:56:58.074, 1, 78, 57.11, 0, 13169, 1316, 715, P0, 0x0000000000000000
2026/09/18 19:56:59.083, 0, 79, 109.86, 100, 14059, 898, 715, P0, 0x0000000000000020
2026/09/18 19:56:59.095, 1, 79, 116.87, 100, 13169, 1063, 715, P0, 0x0000000000000000
2026/09/18 19:57:00.114, 0, 79, 101.18, 100, 14059, 1012, 715, P0, 0x0000000000000000
2026/09/18 19:57:00.117, 1, 78, 145.24, 0, 13169, 1316, 715, P0, 0x0000000000000000
2026/09/18 19:57:01.130, 0, 79, 111.55, 100, 14059, 911, 715, P0, 0x0000000000000020
2026/09/18 19:57:01.134, 1, 79, 58.24, 100, 13169, 1189, 715, P0, 0x0000000000000000
2026/09/18 19:57:02.145, 0, 79, 109.30, 100, 14059, 1075, 715, P0, 0x0000000000000000
2026/09/18 19:57:02.153, 1, 79, 133.46, 100, 13169, 1252, 715, P0, 0x0000000000000000
2026/09/18 19:57:03.158, 0, 79, 113.46, 100, 14059, 949, 715, P0, 0x0000000000000020
2026/09/18 19:57:03.161, 1, 78, 55.59, 0, 13169, 1303, 715, P0, 0x0000000000000000
2026/09/18 19:57:04.170, 0, 79, 99.97, 100, 14059, 1012, 715, P0, 0x0000000000000000
2026/09/18 19:57:04.173, 1, 80, 145.02, 100, 13169, 1227, 715, P0, 0x0000000000000000
2026/09/18 19:57:05.185, 0, 79, 107.59, 99, 14059, 898, 715, P0, 0x0000000000000020
2026/09/18 19:57:05.194, 1, 79, 136.49, 64, 13169, 1126, 715, P0, 0x0000000000000020
2026/09/18 19:57:06.215, 0, 79, 91.75, 100, 14059, 961, 715, P0, 0x0000000000000000
2026/09/18 19:57:06.218, 1, 78, 56.59, 49, 13169, 1316, 715, P0, 0x0000000000000000
2026/09/18 19:57:07.230, 0, 79, 112.52, 100, 14059, 911, 715, P0, 0x0000000000000020
2026/09/18 19:57:07.235, 1, 79, 147.06, 100, 13169, 1189, 715, P0, 0x0000000000000020
2026/09/18 19:57:08.248, 0, 79, 105.92, 100, 14059, 898, 715, P0, 0x0000000000000020
2026/09/18 19:57:08.252, 1, 77, 49.37, 0, 13169, 1189, 715, P0, 0x0000000000000000
2026/09/18 19:57:09.261, 0, 79, 107.83, 100, 14059, 1037, 715, P0, 0x0000000000000000
2026/09/18 19:57:09.273, 1, 79, 139.09, 100, 13169, 1240, 715, P0, 0x0000000000000000
2026/09/18 19:57:10.290, 0, 79, 88.39, 100, 14059, 898, 715, P0, 0x0000000000000020
2026/09/18 19:57:10.293, 1, 79, 138.41, 100, 13169, 1278, 715, P0, 0x0000000000000000
2026/09/18 19:57:11.304, 0, 79, 99.18, 100, 14059, 1050, 715, P0, 0x0000000000000000
2026/09/18 19:57:11.312, 1, 78, 55.62, 0, 13169, 1303, 715, P0, 0x0000000000000000
2026/09/18 19:57:12.319, 0, 79, 106.48, 100, 14059, 898, 715, P0, 0x0000000000000020
2026/09/18 19:57:12.322, 1, 79, 125.89, 100, 13169, 1189, 715, P0, 0x0000000000000000
2026/09/18 19:57:13.335, 0, 79, 102.99, 99, 14059, 1012, 715, P0, 0x0000000000000020
2026/09/18 19:57:13.338, 1, 78, 167.61, 37, 13169, 1290, 715, P0, 0x0000000000000020
2026/09/18 19:57:14.350, 0, 79, 107.29, 100, 14059, 911, 715, P0, 0x0000000000000020
2026/09/18 19:57:14.353, 1, 79, 56.57, 57, 13169, 1316, 715, P0, 0x0000000000000000
2026/09/18 19:57:15.367, 0, 79, 101.58, 100, 14059, 1050, 715, P0, 0x0000000000000000
2026/09/18 19:57:15.373, 1, 79, 163.14, 100, 13169, 1303, 715, P0, 0x0000000000000000
2026/09/18 19:57:16.381, 0, 79, 108.26, 100, 14059, 911, 715, P0, 0x0000000000000020
2026/09/18 19:57:16.384, 1, 77, 52.23, 0, 13169, 1252, 715, P0, 0x0000000000000000
2026/09/18 19:57:17.399, 0, 79, 99.91, 100, 14059, 1012, 715, P0, 0x0000000000000000
2026/09/18 19:57:17.402, 1, 79, 119.14, 100, 13169, 1189, 715, P0, 0x0000000000000000
2026/09/18 19:57:18.414, 0, 79, 109.38, 99, 14059, 911, 715, P0, 0x0000000000000020
2026/09/18 19:57:18.417, 1, 79, 161.85, 51, 13169, 1227, 715, P0, 0x0000000000000020
2026/09/18 19:57:19.426, 0, 79, 107.29, 100, 14059, 911, 715, P0, 0x0000000000000020
2026/09/18 19:57:19.433, 1, 78, 56.56, 51, 13169, 1316, 715, P0, 0x0000000000000000
2026/09/18 19:57:20.439, 0, 79, 107.66, 100, 14059, 1012, 715, P0, 0x0000000000000020
2026/09/18 19:57:20.441, 1, 79, 135.87, 100, 13169, 1189, 715, P0, 0x0000000000000020
2026/09/18 19:57:21.454, 0, 79, 106.15, 100, 14059, 898, 715, P0, 0x0000000000000020
2026/09/18 19:57:21.457, 1, 77, 52.72, 0, 13169, 1265, 715, P0, 0x0000000000000000
2026/09/18 19:57:22.468, 0, 79, 106.26, 100, 14059, 1075, 715, P0, 0x0000000000000000
2026/09/18 19:57:22.474, 1, 79, 128.70, 100, 13169, 1189, 715, P0, 0x0000000000000000
2026/09/18 19:57:23.484, 0, 79, 106.57, 100, 14059, 898, 715, P0, 0x0000000000000020
2026/09/18 19:57:23.495, 1, 79, 165.43, 29, 13169, 1252, 715, P0, 0x0000000000000020
2026/09/18 19:57:24.514, 0, 79, 107.05, 100, 14059, 911, 715, P0, 0x0000000000000000
2026/09/18 19:57:24.517, 1, 78, 56.81, 0, 13169, 1316, 715, P0, 0x0000000000000000
2026/09/18 19:57:25.525, 0, 79, 102.01, 100, 14059, 1037, 715, P0, 0x0000000000000020
2026/09/18 19:57:25.533, 1, 78, 109.40, 100, 13169, 1113, 715, P0, 0x0000000000000000
2026/09/18 19:57:26.556, 0, 79, 107.06, 100, 14059, 911, 715, P0, 0x0000000000000020
2026/09/18 19:57:26.559, 1, 77, 53.91, 0, 13169, 1278, 715, P0, 0x0000000000000000
2026/09/18 19:57:27.569, 0, 79, 113.03, 100, 14059, 1063, 715, P0, 0x0000000000000020
2026/09/18 19:57:27.573, 1, 79, 137.19, 100, 13169, 1227, 715, P0, 0x0000000000000000
2026/09/18 19:57:28.585, 0, 79, 106.35, 99, 14059, 885, 715, P0, 0x0000000000000020
2026/09/18 19:57:28.597, 1, 79, 155.76, 86, 13169, 1215, 715, P0, 0x0000000000000020
2026/09/18 19:57:29.616, 0, 79, 106.80, 100, 14059, 911, 715, P0, 0x0000000000000000
2026/09/18 19:57:29.619, 1, 78, 55.37, 8, 13169, 1290, 715, P0, 0x0000000000000000
2026/09/18 19:57:30.633, 0, 79, 113.36, 100, 14059, 1025, 715, P0, 0x0000000000000020
2026/09/18 19:57:30.636, 1, 79, 139.59, 100, 13169, 1227, 715, P0, 0x0000000000000000
2026/09/18 19:57:31.647, 0, 79, 106.82, 100, 14059, 911, 715, P0, 0x0000000000000020
2026/09/18 19:57:31.656, 1, 77, 52.74, 0, 13169, 1265, 715, P0, 0x0000000000000000
2026/09/18 19:57:32.664, 0, 79, 91.71, 100, 14059, 999, 715, P0, 0x0000000000000000
2026/09/18 19:57:32.674, 1, 79, 133.50, 100, 13169, 1189, 715, P0, 0x0000000000000000
2026/09/18 19:57:33.681, 0, 79, 116.60, 99, 14059, 1063, 715, P0, 0x0000000000000000
2026/09/18 19:57:33.684, 1, 78, 154.49, 1, 13169, 1290, 715, P0, 0x0000000000000000
2026/09/18 19:57:34.698, 0, 79, 105.91, 100, 14059, 898, 715, P0, 0x0000000000000020
2026/09/18 19:57:34.701, 1, 78, 53.93, 100, 13169, 1252, 715, P0, 0x0000000000000000
2026/09/18 19:57:35.710, 0, 79, 95.52, 100, 14059, 1050, 715, P0, 0x0000000000000000
2026/09/18 19:57:35.716, 1, 79, 146.16, 100, 13169, 1290, 715, P0, 0x0000000000000020
2026/09/18 19:57:36.726, 0, 79, 96.84, 100, 14059, 1050, 715, P0, 0x0000000000000000
2026/09/18 19:57:36.736, 1, 78, 50.31, 0, 13169, 1202, 715, P0, 0x0000000000000000
2026/09/18 19:57:37.745, 0, 79, 106.47, 100, 14059, 898, 715, P0, 0x0000000000000020
2026/09/18 19:57:37.756, 1, 80, 120.29, 100, 13169, 1227, 715, P0, 0x0000000000000020
2026/09/18 19:57:38.761, 0, 79, 101.49, 100, 14059, 1025, 715, P0, 0x0000000000000000
2026/09/18 19:57:38.765, 1, 77, 143.78, 0, 13169, 1316, 715, P0, 0x0000000000000000
2026/09/18 19:57:39.772, 0, 79, 101.68, 100, 14059, 1050, 715, P0, 0x0000000000000000
2026/09/18 19:57:39.778, 1, 79, 137.69, 100, 13169, 1227, 715, P0, 0x0000000000000000
2026/09/18 19:57:40.788, 0, 79, 107.30, 100, 14059, 911, 715, P0, 0x0000000000000020
2026/09/18 19:57:40.797, 1, 79, 160.67, 100, 13169, 1227, 715, P0, 0x0000000000000020
2026/09/18 19:57:41.812, 0, 79, 98.27, 100, 14059, 1025, 715, P0, 0x0000000000000000
2026/09/18 19:57:41.818, 1, 78, 55.65, 0, 13169, 1303, 715, P0, 0x0000000000000000
2026/09/18 19:57:42.825, 0, 79, 115.57, 100, 14059, 1063, 715, P0, 0x0000000000000000
2026/09/18 19:57:42.828, 1, 79, 150.60, 100, 13169, 1189, 715, P0, 0x0000000000000020
2026/09/18 19:57:43.842, 0, 79, 105.92, 100, 14059, 898, 715, P0, 0x0000000000000020
2026/09/18 19:57:43.845, 1, 77, 51.30, 0, 13169, 1227, 715, P0, 0x0000000000000000
2026/09/18 19:57:44.854, 0, 79, 95.38, 100, 14059, 999, 715, P0, 0x0000000000000000
2026/09/18 19:57:44.857, 1, 80, 164.28, 100, 13169, 1278, 715, P0, 0x0000000000000000
2026/09/18 19:57:45.870, 0, 79, 111.35, 99, 14059, 1050, 715, P0, 0x0000000000000000
2026/09/18 19:57:45.877, 1, 78, 153.48, 10, 13169, 1290, 715, P0, 0x0000000000000000
2026/09/18 19:57:46.884, 0, 79, 106.39, 100, 14059, 898, 715, P0, 0x0000000000000020
2026/09/18 19:57:46.887, 1, 79, 54.17, 100, 13169, 1265, 715, P0, 0x0000000000000000
2026/09/18 19:57:47.895, 0, 79, 86.62, 100, 14059, 999, 715, P0, 0x0000000000000000
2026/09/18 19:57:47.898, 1, 79, 161.30, 100, 13169, 1278, 715, P0, 0x0000000000000000
2026/09/18 19:57:48.909, 0, 79, 98.93, 100, 14059, 1050, 715, P0, 0x0000000000000000
2026/09/18 19:57:48.917, 1, 78, 56.33, 0, 13169, 1316, 715, P0, 0x0000000000000000
2026/09/18 19:57:49.925, 0, 79, 105.96, 100, 14059, 885, 715, P0, 0x0000000000000020
2026/09/18 19:57:49.938, 1, 80, 137.69, 100, 13169, 1139, 715, P0, 0x0000000000000020
2026/09/18 19:57:50.954, 0, 79, 105.92, 100, 14059, 898, 715, P0, 0x0000000000000020
2026/09/18 19:57:50.958, 1, 77, 51.78, 0, 13169, 1240, 715, P0, 0x0000000000000000
2026/09/18 19:57:51.968, 0, 79, 113.34, 100, 14059, 1025, 715, P0, 0x0000000000000020
2026/09/18 19:57:51.979, 1, 79, 131.78, 100, 13169, 1215, 715, P0, 0x0000000000000020
2026/09/18 19:57:52.982, 0, 79, 110.82, 99, 14059, 936, 715, P0, 0x0000000000000020
2026/09/18 19:57:52.986, 1, 79, 166.99, 89, 13169, 1202, 715, P0, 0x0000000000000020
2026/09/18 19:57:53.996, 0, 79, 107.07, 100, 14059, 911, 715, P0, 0x0000000000000020
2026/09/18 19:57:53.999, 1, 78, 50.33, 40, 13169, 1189, 715, P0, 0x0000000000000000
2026/09/18 19:57:55.010, 0, 79, 100.69, 100, 14059, 1025, 715, P0, 0x0000000000000000
2026/09/18 19:57:55.019, 1, 79, 140.34, 100, 13169, 1202, 715, P0, 0x0000000000000000
2026/09/18 19:57:56.038, 0, 79, 112.36, 100, 14059, 1063, 715, P0, 0x0000000000000000
2026/09/18 19:57:56.041, 1, 78, 51.53, 0, 13169, 1227, 715, P0, 0x0000000000000000
2026/09/18 19:57:57.054, 0, 79, 106.11, 100, 14059, 898, 715, P0, 0x0000000000000020
2026/09/18 19:57:57.058, 1, 80, 156.72, 100, 13169, 1227, 715, P0, 0x0000000000000000
2026/09/18 19:57:58.072, 0, 79, 106.80, 100, 14059, 911, 715, P0, 0x0000000000000020
2026/09/18 19:57:58.078, 1, 77, 55.61, 0, 13169, 1316, 715, P0, 0x0000000000000000
2026/09/18 19:57:59.085, 0, 79, 109.45, 100, 14059, 1063, 715, P0, 0x0000000000000000
2026/09/18 19:57:59.088, 1, 80, 151.95, 100, 13169, 1252, 715, P0, 0x0000000000000020
2026/09/18 19:58:00.103, 0, 79, 113.37, 99, 14059, 974, 715, P0, 0x0000000000000020
2026/09/18 19:58:00.106, 1, 78, 165.56, 22, 13169, 1252, 715, P0, 0x0000000000000000
2026/09/18 19:58:01.117, 0, 79, 106.57, 100, 14059, 898, 715, P0, 0x0000000000000020
2026/09/18 19:58:01.120, 1, 78, 56.56, 87, 13169, 1303, 715, P0, 0x0000000000000000
2026/09/18 19:58:02.128, 0, 79, 88.04, 100, 14059, 911, 715, P0, 0x0000000000000000
2026/09/18 19:58:02.140, 1, 79, 160.17, 100, 13169, 1265, 715, P0, 0x0000000000000000
2026/09/18 19:58:03.146, 0, 79, 113.24, 100, 14059, 1063, 715, P0, 0x0000000000000000
2026/09/18 19:58:03.150, 1, 78, 56.29, 0, 13169, 1316, 715, P0, 0x0000000000000000
2026/09/18 19:58:04.161, 0, 79, 116.41, 100, 14059, 1025, 715, P0, 0x0000000000000020
2026/09/18 19:58:04.164, 1, 80, 172.10, 100, 13169, 1265, 715, P0, 0x0000000000000000
2026/09/18 19:58:05.177, 0, 79, 106.58, 100, 14059, 911, 715, P0, 0x0000000000000020
2026/09/18 19:58:05.180, 1, 78, 51.30, 0, 13169, 1227, 715, P0, 0x0000000000000000
2026/09/18 19:58:06.190, 0, 79, 106.11, 100, 14059, 898, 715, P0, 0x0000000000000020
2026/09/18 19:58:06.203, 1, 79, 142.47, 100, 13169, 1227, 715, P0, 0x0000000000000020
2026/09/18 19:58:07.217, 0, 79, 111.44, 100, 14059, 1050, 715, P0, 0x0000000000000020
2026/09/18 19:58:07.222, 1, 78, 131.31, 19, 13169, 1215, 715, P0, 0x0000000000000000
2026/09/18 19:58:08.229, 0, 79, 118.93, 100, 14059, 987, 715, P0, 0x0000000000000020
2026/09/18 19:58:08.242, 1, 79, 54.62, 97, 13169, 1265, 715, P0, 0x0000000000000000
2026/09/18 19:58:09.258, 0, 79, 105.55, 99, 14059, 898, 715, P0, 0x0000000000000000
2026/09/18 19:58:09.262, 1, 79, 163.19, 100, 13169, 1252, 715, P0, 0x0000000000000020
2026/09/18 19:58:10.273, 0, 79, 107.06, 100, 14059, 911, 715, P0, 0x0000000000000020
2026/09/18 19:58:10.281, 1, 78, 52.72, 0, 13169, 1240, 715, P0, 0x0000000000000000
2026/09/18 19:58:11.290, 0, 79, 107.18, 100, 14059, 999, 715, P0, 0x0000000000000020
2026/09/18 19:58:11.302, 1, 79, 135.34, 100, 13169, 1252, 715, P0, 0x0000000000000000
2026/09/18 19:58:12.319, 0, 79, 109.97, 100, 14059, 1063, 715, P0, 0x0000000000000000
2026/09/18 19:58:12.322, 1, 77, 52.71, 0, 13169, 1265, 715, P0, 0x0000000000000000
2026/09/18 19:58:13.334, 0, 79, 104.51, 100, 14059, 885, 715, P0, 0x0000000000000020
2026/09/18 19:58:13.341, 1, 80, 144.78, 100, 13169, 1189, 715, P0, 0x0000000000000020
2026/09/18 19:58:14.351, 0, 79, 107.05, 100, 14059, 911, 715, P0, 0x0000000000000020
2026/09/18 19:58:14.361, 1, 77, 55.84, 0, 13169, 1316, 715, P0, 0x0000000000000000
2026/09/18 19:58:15.365, 0, 79, 97.67, 100, 14059, 1063, 715, P0, 0x0000000000000000
2026/09/18 19:58:15.382, 1, 79, 128.54, 100, 13169, 1227, 715, P0, 0x0000000000000000
2026/09/18 19:58:16.393, 0, 79, 111.60, 99, 14059, 1063, 715, P0, 0x0000000000000000
2026/09/18 19:58:16.401, 1, 79, 154.83, 60, 13169, 1328, 715, P0, 0x0000000000000000
2026/09/18 19:58:17.420, 0, 79, 109.92, 100, 14059, 911, 715, P0, 0x0000000000000020
2026/09/18 19:58:17.424, 1, 79, 56.81, 61, 13169, 1316, 715, P0, 0x0000000000000020
2026/09/18 19:58:18.434, 0, 79, 107.42, 100, 14059, 911, 715, P0, 0x0000000000000020
2026/09/18 19:58:18.443, 1, 78, 86.48, 100, 13169, 632, 715, P0, 0x0000000000000020
2026/09/18 19:58:19.449, 0, 79, 106.11, 100, 14059, 898, 715, P0, 0x0000000000000020
2026/09/18 19:58:19.453, 1, 78, 114.27, 100, 13169, 1113, 715, P0, 0x0000000000000000
2026/09/18 19:58:20.462, 0, 79, 112.65, 100, 14059, 1050, 715, P0, 0x0000000000000020
2026/09/18 19:58:20.465, 1, 78, 128.85, 100, 13169, 1189, 715, P0, 0x0000000000000000
2026/09/18 19:58:21.476, 0, 79, 111.40, 100, 14059, 1025, 715, P0, 0x0000000000000020
2026/09/18 19:58:21.482, 1, 77, 49.61, 0, 13169, 1189, 715, P0, 0x0000000000000000
2026/09/18 19:58:22.493, 0, 79, 106.35, 100, 14059, 898, 715, P0, 0x0000000000000020
2026/09/18 19:58:22.501, 1, 79, 156.25, 100, 13169, 1227, 715, P0, 0x0000000000000020
2026/09/18 19:58:23.520, 0, 79, 107.10, 100, 14059, 911, 715, P0, 0x0000000000000020
2026/09/18 19:58:23.523, 1, 77, 55.85, 0, 13169, 1316, 715, P0, 0x0000000000000000
2026/09/18 19:58:24.532, 0, 79, 106.14, 100, 14059, 898, 715, P0, 0x0000000000000020
2026/09/18 19:58:24.542, 1, 80, 147.85, 100, 13169, 1215, 715, P0, 0x0000000000000000
2026/09/18 19:58:25.546, 0, 79, 106.03, 100, 14059, 1037, 715, P0, 0x0000000000000020
2026/09/18 19:58:25.549, 1, 77, 123.15, 0, 13169, 1025, 715, P0, 0x0000000000000020
2026/09/18 19:58:26.567, 0, 79, 105.73, 100, 14059, 1025, 715, P0, 0x0000000000000020
2026/09/18 19:58:26.570, 1, 78, 85.34, 100, 13169, 1012, 715, P0, 0x0000000000000000
2026/09/18 19:58:27.579, 0, 79, 105.98, 99, 14059, 898, 715, P0, 0x0000000000000020
2026/09/18 19:58:27.584, 1, 78, 132.51, 100, 13169, 1126, 715, P0, 0x0000000000000020
2026/09/18 19:58:28.590, 0, 79, 107.06, 100, 14059, 911, 715, P0, 0x0000000000000020
2026/09/18 19:58:28.593, 1, 78, 53.71, 25, 13169, 1252, 715, P0, 0x0000000000000000
2026/09/18 19:58:29.606, 0, 79, 105.47, 100, 14059, 898, 715, P0, 0x0000000000000020
2026/09/18 19:58:29.609, 1, 79, 142.69, 100, 13169, 1252, 715, P0, 0x0000000000000000
2026/09/18 19:58:30.620, 0, 79, 93.92, 100, 14059, 1025, 715, P0, 0x0000000000000000
2026/09/18 19:58:30.623, 1, 78, 57.06, 0, 13169, 1328, 715, P0, 0x0000000000000000
2026/09/18 19:58:31.635, 0, 79, 109.69, 100, 14059, 1063, 715, P0, 0x0000000000000000
2026/09/18 19:58:31.643, 1, 79, 153.35, 100, 13169, 1328, 715, P0, 0x0000000000000000
2026/09/18 19:58:32.650, 0, 79, 98.28, 100, 14059, 1025, 715, P0, 0x0000000000000020
2026/09/18 19:58:32.653, 1, 77, 52.04, 0, 13169, 1240, 715, P0, 0x0000000000000000
2026/09/18 19:58:33.660, 0, 79, 106.08, 100, 14059, 898, 715, P0, 0x0000000000000020
2026/09/18 19:58:33.663, 1, 80, 171.42, 100, 13169, 1265, 715, P0, 0x0000000000000020
2026/09/18 19:58:34.671, 0, 79, 105.68, 100, 14059, 911, 715, P0, 0x0000000000000000
2026/09/18 19:58:34.684, 1, 77, 50.09, 0, 13169, 1202, 715, P0, 0x0000000000000000
2026/09/18 19:58:35.691, 0, 79, 106.24, 100, 14059, 898, 715, P0, 0x0000000000000020
2026/09/18 19:58:35.704, 1, 79, 133.90, 100, 13169, 1189, 715, P0, 0x0000000000000000
2026/09/18 19:58:36.709, 0, 79, 77.67, 100, 14059, 911, 715, P0, 0x0000000000000000
2026/09/18 19:58:36.712, 1, 77, 55.18, 0, 13169, 1278, 715, P0, 0x0000000000000000
2026/09/18 19:58:37.723, 0, 79, 112.97, 100, 14059, 1037, 715, P0, 0x0000000000000020
2026/09/18 19:58:37.726, 1, 79, 127.98, 100, 13169, 1189, 715, P0, 0x0000000000000000
2026/09/18 19:58:38.735, 0, 79, 114.06, 99, 14059, 1063, 715, P0, 0x0000000000000000
2026/09/18 19:58:38.743, 1, 78, 124.38, 14, 13169, 1189, 715, P0, 0x0000000000000000
2026/09/18 19:58:39.751, 0, 79, 111.86, 100, 14059, 923, 715, P0, 0x0000000000000020
2026/09/18 19:58:39.765, 1, 79, 54.64, 100, 13169, 1265, 715, P0, 0x0000000000000000
2026/09/18 19:58:40.781, 0, 79, 91.76, 100, 14059, 708, 715, P0, 0x0000000000000020
2026/09/18 19:58:40.785, 1, 79, 182.78, 80, 13169, 1303, 715, P0, 0x0000000000000020
2026/09/18 19:58:41.797, 0, 79, 98.44, 100, 14059, 835, 715, P0, 0x0000000000000020
2026/09/18 19:58:41.805, 1, 78, 56.59, 0, 13169, 1316, 715, P0, 0x0000000000000000
2026/09/18 19:58:42.815, 0, 79, 92.41, 100, 14059, 936, 715, P0, 0x0000000000000000
2026/09/18 19:58:42.823, 1, 77, 145.72, 4, 13169, 1316, 715, P0, 0x0000000000000000
2026/09/18 19:58:43.829, 0, 79, 92.97, 100, 14059, 721, 715, P0, 0x0000000000000000
2026/09/18 19:58:43.832, 1, 80, 168.72, 100, 13169, 1303, 715, P0, 0x0000000000000000
2026/09/18 19:58:44.844, 0, 79, 92.53, 100, 14059, 721, 715, P0, 0x0000000000000020
2026/09/18 19:58:44.847, 1, 77, 53.96, 0, 13169, 1290, 715, P0, 0x0000000000000000
2026/09/18 19:58:45.861, 0, 79, 99.86, 100, 14059, 898, 715, P0, 0x0000000000000000
2026/09/18 19:58:45.866, 1, 80, 175.27, 100, 13169, 1290, 715, P0, 0x0000000000000020
2026/09/18 19:58:46.875, 0, 78, 87.49, 100, 14059, 923, 715, P0, 0x0000000000000000
2026/09/18 19:58:46.886, 1, 77, 53.74, 0, 13169, 1290, 715, P0, 0x0000000000000000
2026/09/18 19:58:47.892, 0, 78, 97.29, 100, 14059, 949, 715, P0, 0x0000000000000000
2026/09/18 19:58:47.895, 1, 79, 169.52, 100, 13169, 1316, 715, P0, 0x0000000000000000
2026/09/18 19:58:48.912, 0, 79, 98.50, 100, 14059, 797, 715, P0, 0x0000000000000000
2026/09/18 19:58:48.915, 1, 77, 56.12, 0, 13169, 1316, 715, P0, 0x0000000000000000
2026/09/18 19:58:49.925, 0, 79, 96.07, 100, 14059, 772, 715, P0, 0x0000000000000020
2026/09/18 19:58:49.928, 1, 79, 180.63, 100, 13169, 1316, 715, P0, 0x0000000000000000
2026/09/18 19:58:50.940, 0, 79, 98.03, 100, 14059, 797, 715, P0, 0x0000000000000020
2026/09/18 19:58:50.947, 1, 77, 49.86, 0, 13169, 1189, 715, P0, 0x0000000000000000
2026/09/18 19:58:51.956, 0, 79, 101.38, 100, 14059, 847, 715, P0, 0x0000000000000020
2026/09/18 19:58:51.966, 1, 78, 157.94, 100, 13169, 1227, 715, P0, 0x0000000000000000
2026/09/18 19:58:52.972, 0, 79, 101.34, 100, 14059, 847, 715, P0, 0x0000000000000020
2026/09/18 19:58:52.975, 1, 78, 55.38, 28, 13169, 1290, 715, P0, 0x0000000000000000
2026/09/18 19:58:53.989, 0, 79, 101.21, 100, 14059, 847, 715, P0, 0x0000000000000020
2026/09/18 19:58:53.993, 1, 79, 182.86, 100, 13169, 1303, 715, P0, 0x0000000000000020
2026/09/18 19:58:55.002, 0, 79, 101.11, 100, 14059, 847, 715, P0, 0x0000000000000020
2026/09/18 19:58:55.006, 1, 78, 52.03, 11, 13169, 1227, 715, P0, 0x0000000000000000
2026/09/18 19:58:56.015, 0, 79, 101.79, 100, 14059, 847, 715, P0, 0x0000000000000020
2026/09/18 19:58:56.027, 1, 79, 166.40, 100, 13169, 1252, 715, P0, 0x0000000000000020
2026/09/18 19:58:57.044, 0, 79, 101.34, 100, 14059, 847, 715, P0, 0x0000000000000020
2026/09/18 19:58:57.047, 1, 78, 55.16, 0, 13169, 1290, 715, P0, 0x0000000000000000
2026/09/18 19:58:58.060, 0, 79, 101.30, 100, 14059, 847, 715, P0, 0x0000000000000020
2026/09/18 19:58:58.067, 1, 79, 171.78, 100, 13169, 1278, 715, P0, 0x0000000000000020
2026/09/18 19:58:59.075, 0, 79, 102.29, 100, 14059, 860, 715, P0, 0x0000000000000020
2026/09/18 19:58:59.087, 1, 78, 56.58, 0, 13169, 1316, 715, P0, 0x0000000000000000
2026/09/18 19:59:00.092, 0, 79, 101.51, 100, 14059, 847, 715, P0, 0x0000000000000020
2026/09/18 19:59:00.095, 1, 79, 184.53, 100, 13169, 1303, 715, P0, 0x0000000000000020
2026/09/18 19:59:01.109, 0, 79, 101.57, 100, 14059, 847, 715, P0, 0x0000000000000020
2026/09/18 19:59:01.112, 1, 78, 56.81, 0, 13169, 1316, 715, P0, 0x0000000000000000
2026/09/18 19:59:02.123, 0, 79, 102.03, 100, 14059, 860, 715, P0, 0x0000000000000000
2026/09/18 19:59:02.127, 1, 79, 161.65, 100, 13169, 1240, 715, P0, 0x0000000000000000
2026/09/18 19:59:03.139, 0, 79, 102.54, 100, 14059, 860, 715, P0, 0x0000000000000020
2026/09/18 19:59:03.148, 1, 78, 53.95, 0, 13169, 1278, 715, P0, 0x0000000000000000
2026/09/18 19:59:04.154, 0, 79, 102.35, 100, 14059, 860, 715, P0, 0x0000000000000000
2026/09/18 19:59:04.157, 1, 79, 153.26, 100, 13169, 1215, 715, P0, 0x0000000000000000
2026/09/18 19:59:05.166, 0, 79, 102.07, 100, 14059, 860, 715, P0, 0x0000000000000000
2026/09/18 19:59:05.170, 1, 78, 50.10, 0, 13169, 1189, 715, P0, 0x0000000000000000
2026/09/18 19:59:06.185, 0, 79, 102.27, 100, 14059, 860, 715, P0, 0x0000000000000000
2026/09/18 19:59:06.188, 1, 78, 159.85, 100, 13169, 1227, 715, P0, 0x0000000000000000
2026/09/18 19:59:07.199, 0, 79, 107.76, 100, 14059, 923, 715, P0, 0x0000000000000020
2026/09/18 19:59:07.209, 1, 78, 55.84, 13, 13169, 1303, 715, P0, 0x0000000000000000
2026/09/18 19:59:08.213, 0, 79, 106.56, 100, 14059, 911, 715, P0, 0x0000000000000020
2026/09/18 19:59:08.216, 1, 79, 164.24, 100, 13169, 1316, 715, P0, 0x0000000000000020
2026/09/18 19:59:09.230, 0, 79, 107.77, 100, 14059, 911, 715, P0, 0x0000000000000020
2026/09/18 19:59:09.233, 1, 78, 55.84, 0, 13169, 1303, 715, P0, 0x0000000000000000
2026/09/18 19:59:10.244, 0, 79, 97.83, 100, 14059, 1063, 715, P0, 0x0000000000000000
2026/09/18 19:59:10.249, 1, 79, 153.68, 100, 13169, 1316, 715, P0, 0x0000000000000020
2026/09/18 19:59:11.255, 0, 79, 98.70, 100, 14059, 1063, 715, P0, 0x0000000000000000
2026/09/18 19:59:11.259, 1, 78, 55.60, 0, 13169, 1303, 715, P0, 0x0000000000000000
2026/09/18 19:59:12.283, 0, 79, 114.21, 100, 14059, 1037, 715, P0, 0x0000000000000020
2026/09/18 19:59:12.290, 1, 79, 141.87, 100, 13169, 1290, 715, P0, 0x0000000000000020
2026/09/18 19:59:13.298, 0, 79, 100.86, 100, 14059, 1063, 715, P0, 0x0000000000000000
2026/09/18 19:59:13.311, 1, 77, 54.45, 0, 13169, 1290, 715, P0, 0x0000000000000000
2026/09/18 19:59:14.328, 0, 79, 110.82, 100, 14059, 936, 715, P0, 0x0000000000000020
2026/09/18 19:59:14.331, 1, 80, 156.49, 100, 13169, 1227, 715, P0, 0x0000000000000020
2026/09/18 19:59:15.347, 0, 79, 109.24, 100, 14059, 911, 715, P0, 0x0000000000000020
2026/09/18 19:59:15.353, 1, 77, 49.36, 0, 13169, 1189, 715, P0, 0x0000000000000000
2026/09/18 19:59:16.366, 0, 79, 106.92, 100, 14059, 911, 715, P0, 0x0000000000000020
2026/09/18 19:59:16.371, 1, 79, 143.56, 100, 13169, 1177, 715, P0, 0x0000000000000020
2026/09/18 19:59:17.383, 0, 79, 108.00, 100, 14059, 936, 715, P0, 0x0000000000000000
2026/09/18 19:59:17.391, 1, 77, 54.40, 0, 13169, 1290, 715, P0, 0x0000000000000000
2026/09/18 19:59:18.398, 0, 79, 105.98, 100, 14059, 898, 715, P0, 0x0000000000000020
2026/09/18 19:59:18.401, 1, 79, 137.19, 100, 13169, 1227, 715, P0, 0x0000000000000000
2026/09/18 19:59:19.410, 0, 79, 108.26, 100, 14059, 911, 715, P0, 0x0000000000000020
2026/09/18 19:59:19.413, 1, 77, 49.12, 0, 13169, 1189, 715, P0, 0x0000000000000000
2026/09/18 19:59:20.428, 0, 79, 108.08, 100, 14059, 911, 715, P0, 0x0000000000000020
2026/09/18 19:59:20.432, 1, 79, 144.24, 100, 13169, 1215, 715, P0, 0x0000000000000000
2026/09/18 19:59:21.441, 0, 79, 107.77, 100, 14059, 923, 715, P0, 0x0000000000000020
2026/09/18 19:59:21.451, 1, 77, 53.67, 0, 13169, 1278, 715, P0, 0x0000000000000000
2026/09/18 19:59:22.470, 0, 79, 88.98, 100, 14059, 1025, 715, P0, 0x0000000000000000
2026/09/18 19:59:22.473, 1, 80, 156.33, 100, 13169, 1227, 715, P0, 0x0000000000000020
2026/09/18 19:59:23.483, 0, 79, 105.73, 100, 14059, 1050, 715, P0, 0x0000000000000000
2026/09/18 19:59:23.491, 1, 77, 139.27, 0, 13169, 1290, 715, P0, 0x0000000000000000
2026/09/18 19:59:24.495, 0, 79, 114.22, 100, 14059, 1075, 715, P0, 0x0000000000000000
2026/09/18 19:59:24.499, 1, 79, 157.53, 100, 13169, 1278, 715, P0, 0x0000000000000000
2026/09/18 19:59:25.511, 0, 79, 113.90, 99, 14059, 1075, 715, P0, 0x0000000000000000
2026/09/18 19:59:25.514, 1, 78, 153.63, 15, 13169, 1303, 715, P0, 0x0000000000000000
2026/09/18 19:59:26.526, 0, 79, 97.28, 100, 14059, 1050, 715, P0, 0x0000000000000000
2026/09/18 19:59:26.531, 1, 80, 101.73, 100, 13169, 1227, 715, P0, 0x0000000000000000
2026/09/18 19:59:27.538, 0, 79, 99.98, 99, 14059, 1025, 715, P0, 0x0000000000000020
2026/09/18 19:59:27.541, 1, 78, 149.48, 25, 13169, 1227, 715, P0, 0x0000000000000000
2026/09/18 19:59:28.556, 0, 79, 109.36, 100, 14059, 1050, 715, P0, 0x0000000000000020
2026/09/18 19:59:28.558, 1, 80, 67.61, 100, 13169, 1252, 715, P0, 0x0000000000000000
2026/09/18 19:59:29.569, 0, 79, 117.47, 99, 14059, 1025, 715, P0, 0x0000000000000020
2026/09/18 19:59:29.573, 1, 78, 159.36, 37, 13169, 1252, 715, P0, 0x0000000000000000
2026/09/18 19:59:30.588, 0, 79, 114.21, 100, 14059, 1063, 715, P0, 0x0000000000000000
2026/09/18 19:59:30.592, 1, 79, 50.08, 100, 13169, 1189, 715, P0, 0x0000000000000000
2026/09/18 19:59:31.599, 0, 79, 110.45, 99, 14059, 923, 715, P0, 0x0000000000000020
2026/09/18 19:59:31.603, 1, 78, 148.25, 40, 13169, 1189, 715, P0, 0x0000000000000000
2026/09/18 19:59:32.617, 0, 79, 113.71, 100, 14059, 961, 715, P0, 0x0000000000000020
2026/09/18 19:59:32.620, 1, 79, 55.12, 100, 13169, 1265, 715, P0, 0x0000000000000000
2026/09/18 19:59:33.632, 0, 79, 107.93, 99, 14059, 911, 715, P0, 0x0000000000000020
2026/09/18 19:59:33.635, 1, 79, 173.79, 39, 13169, 1290, 715, P0, 0x0000000000000020
2026/09/18 19:59:34.646, 0, 79, 110.19, 100, 14059, 923, 715, P0, 0x0000000000000020
2026/09/18 19:59:34.654, 1, 78, 50.57, 100, 13169, 1189, 715, P0, 0x0000000000000000
2026/09/18 19:59:35.662, 0, 79, 106.36, 99, 14059, 911, 715, P0, 0x0000000000000000
2026/09/18 19:59:35.674, 1, 78, 150.87, 100, 13169, 1202, 715, P0, 0x0000000000000000
2026/09/18 19:59:36.679, 0, 79, 108.50, 100, 14059, 911, 715, P0, 0x0000000000000020
2026/09/18 19:59:36.682, 1, 79, 55.37, 40, 13169, 1278, 715, P0, 0x0000000000000000
2026/09/18 19:59:37.697, 0, 79, 105.77, 99, 14059, 898, 715, P0, 0x0000000000000020
2026/09/18 19:59:37.700, 1, 79, 173.32, 100, 13169, 1290, 715, P0, 0x0000000000000020
2026/09/18 19:59:38.709, 0, 79, 108.26, 100, 14059, 911, 715, P0, 0x0000000000000020
2026/09/18 19:59:38.715, 1, 78, 50.81, 22, 13169, 1189, 715, P0, 0x0000000000000000
2026/09/18 19:59:39.724, 0, 79, 106.11, 100, 14059, 898, 715, P0, 0x0000000000000020
2026/09/18 19:59:39.732, 1, 78, 154.12, 100, 13169, 1227, 715, P0, 0x0000000000000000
2026/09/18 19:59:40.738, 0, 79, 107.05, 100, 14059, 898, 715, P0, 0x0000000000000020
2026/09/18 19:59:40.741, 1, 78, 56.58, 49, 13169, 1328, 715, P0, 0x0000000000000000
2026/09/18 19:59:41.754, 0, 79, 106.24, 100, 14059, 911, 715, P0, 0x0000000000000020
2026/09/18 19:59:41.757, 1, 79, 181.27, 100, 13169, 1303, 715, P0, 0x0000000000000020
2026/09/18 19:59:42.771, 0, 79, 108.32, 100, 14059, 923, 715, P0, 0x0000000000000020
2026/09/18 19:59:42.774, 1, 78, 52.51, 40, 13169, 1227, 715, P0, 0x0000000000000000
2026/09/18 19:59:43.784, 0, 79, 106.50, 100, 14059, 911, 715, P0, 0x0000000000000020
2026/09/18 19:59:43.792, 1, 79, 171.90, 100, 13169, 1278, 715, P0, 0x0000000000000020
2026/09/18 19:59:44.798, 0, 79, 107.29, 100, 14059, 911, 715, P0, 0x0000000000000020
2026/09/18 19:59:44.802, 1, 78, 55.85, 61, 13169, 1303, 715, P0, 0x0000000000000000
2026/09/18 19:59:45.816, 0, 79, 106.93, 100, 14059, 923, 715, P0, 0x0000000000000000
2026/09/18 19:59:45.819, 1, 79, 143.56, 100, 13169, 1189, 715, P0, 0x0000000000000000
2026/09/18 19:59:46.828, 0, 79, 107.27, 100, 14059, 911, 715, P0, 0x0000000000000020
2026/09/18 19:59:46.832, 1, 78, 57.05, 74, 13169, 1316, 715, P0, 0x0000000000000000
2026/09/18 19:59:47.843, 0, 79, 106.24, 100, 14059, 911, 715, P0, 0x0000000000000020
2026/09/18 19:59:47.852, 1, 79, 179.63, 93, 13169, 1290, 715, P0, 0x0000000000000020
2026/09/18 19:59:48.871, 0, 79, 107.05, 100, 14059, 911, 715, P0, 0x0000000000000020
2026/09/18 19:59:48.875, 1, 78, 54.88, 0, 13169, 1278, 715, P0, 0x0000000000000000
2026/09/18 19:59:49.884, 0, 79, 106.36, 99, 14059, 923, 715, P0, 0x0000000000000000
2026/09/18 19:59:49.893, 1, 79, 148.96, 100, 13169, 1189, 715, P0, 0x0000000000000020
2026/09/18 19:59:50.901, 0, 79, 108.25, 100, 14059, 923, 715, P0, 0x0000000000000020
2026/09/18 19:59:50.912, 1, 78, 55.12, 19, 13169, 1278, 715, P0, 0x0000000000000000
2026/09/18 19:59:51.931, 0, 79, 107.70, 100, 14059, 923, 715, P0, 0x0000000000000000
2026/09/18 19:59:51.933, 1, 79, 172.36, 100, 13169, 1278, 715, P0, 0x0000000000000020
2026/09/18 19:59:52.944, 0, 79, 107.06, 100, 14059, 923, 715, P0, 0x0000000000000000
2026/09/18 19:59:52.955, 1, 78, 54.40, 0, 13169, 1278, 715, P0, 0x0000000000000000
2026/09/18 19:59:53.960, 0, 79, 107.21, 100, 14059, 923, 715, P0, 0x0000000000000000
2026/09/18 19:59:53.963, 1, 79, 176.31, 100, 13169, 1290, 715, P0, 0x0000000000000000
2026/09/18 19:59:54.975, 0, 79, 107.13, 100, 14059, 911, 715, P0, 0x0000000000000020
2026/09/18 19:59:54.978, 1, 78, 50.58, 20, 13169, 1189, 715, P0, 0x0000000000000000
2026/09/18 19:59:55.989, 0, 79, 106.59, 100, 14059, 911, 715, P0, 0x0000000000000020
2026/09/18 19:59:55.994, 1, 79, 154.10, 100, 13169, 1227, 715, P0, 0x0000000000000020
2026/09/18 19:59:57.008, 0, 79, 107.29, 100, 14059, 911, 715, P0, 0x0000000000000020
2026/09/18 19:59:57.014, 1, 79, 56.58, 64, 13169, 1316, 715, P0, 0x0000000000000000
2026/09/18 19:59:58.022, 0, 79, 106.59, 100, 14059, 923, 715, P0, 0x0000000000000000
2026/09/18 19:59:58.035, 1, 79, 154.59, 99, 13169, 1227, 715, P0, 0x0000000000000020
2026/09/18 19:59:59.049, 0, 79, 107.05, 100, 14059, 911, 715, P0, 0x0000000000000020
2026/09/18 19:59:59.054, 1, 78, 57.06, 75, 13169, 1316, 715, P0, 0x0000000000000000
2026/09/18 20:00:00.063, 0, 79, 105.99, 99, 14059, 898, 715, P0, 0x0000000000000020
2026/09/18 20:00:00.073, 1, 79, 185.20, 71, 13169, 1316, 715, P0, 0x0000000000000020
2026/09/18 20:00:01.082, 0, 79, 108.26, 100, 14059, 911, 715, P0, 0x0000000000000020
2026/09/18 20:00:01.085, 1, 78, 51.30, 100, 13169, 1202, 715, P0, 0x0000000000000000
2026/09/18 20:00:02.096, 0, 79, 106.60, 99, 14059, 898, 715, P0, 0x0000000000000020
2026/09/18 20:00:02.099, 1, 78, 153.88, 100, 13169, 1227, 715, P0, 0x0000000000000020
2026/09/18 20:00:03.112, 0, 79, 114.92, 100, 14059, 936, 715, P0, 0x0000000000000020
2026/09/18 20:00:03.116, 1, 79, 56.32, 50, 13169, 1316, 715, P0, 0x0000000000000020
2026/09/18 20:00:04.125, 0, 79, 110.24, 100, 14059, 923, 715, P0, 0x0000000000000020
2026/09/18 20:00:04.135, 1, 79, 174.87, 100, 13169, 1265, 715, P0, 0x0000000000000020
2026/09/18 20:00:05.142, 0, 79, 112.37, 100, 14059, 1050, 715, P0, 0x0000000000000000
2026/09/18 20:00:05.145, 1, 79, 52.23, 88, 13169, 1227, 715, P0, 0x0000000000000000
2026/09/18 20:00:06.163, 0, 79, 118.21, 99, 14059, 987, 715, P0, 0x0000000000000020
2026/09/18 20:00:06.175, 1, 78, 146.79, 60, 13169, 1227, 715, P0, 0x0000000000000000
2026/09/18 20:00:07.191, 0, 79, 102.81, 100, 14059, 1050, 715, P0, 0x0000000000000020
2026/09/18 20:00:07.194, 1, 79, 97.59, 100, 13169, 1240, 715, P0, 0x0000000000000000
2026/09/18 20:00:08.201, 0, 79, 99.14, 99, 14059, 999, 715, P0, 0x0000000000000020
2026/09/18 20:00:08.204, 1, 78, 174.75, 18, 13169, 1316, 715, P0, 0x0000000000000000
2026/09/18 20:00:09.223, 0, 79, 97.79, 100, 14059, 1037, 715, P0, 0x0000000000000000
2026/09/18 20:00:09.234, 1, 80, 83.19, 100, 13169, 1227, 715, P0, 0x0000000000000000
2026/09/18 20:00:10.241, 0, 79, 106.21, 100, 14059, 1063, 715, P0, 0x0000000000000000
2026/09/18 20:00:10.247, 1, 78, 166.35, 0, 13169, 1303, 715, P0, 0x0000000000000020
2026/09/18 20:00:11.256, 0, 79, 97.76, 100, 14059, 1063, 715, P0, 0x0000000000000000
2026/09/18 20:00:11.259, 1, 79, 120.91, 100, 13169, 1113, 715, P0, 0x0000000000000000
2026/09/18 20:00:12.282, 0, 79, 107.93, 100, 14059, 1063, 715, P0, 0x0000000000000000
2026/09/18 20:00:12.295, 1, 77, 119.75, 20, 13169, 1189, 715, P0, 0x0000000000000000
2026/09/18 20:00:13.311, 0, 79, 101.90, 100, 14059, 1050, 715, P0, 0x0000000000000000
2026/09/18 20:00:13.314, 1, 79, 143.01, 100, 13169, 1240, 715, P0, 0x0000000000000000
2026/09/18 20:00:14.328, 0, 79, 98.51, 100, 14059, 911, 715, P0, 0x0000000000000020
2026/09/18 20:00:14.335, 1, 77, 52.04, 0, 13169, 1252, 715, P0, 0x0000000000000000
2026/09/18 20:00:15.341, 0, 79, 107.35, 100, 14059, 911, 715, P0, 0x0000000000000020
2026/09/18 20:00:15.344, 1, 79, 148.27, 100, 13169, 1252, 715, P0, 0x0000000000000000
2026/09/18 20:00:16.354, 0, 79, 108.26, 100, 14059, 923, 715, P0, 0x0000000000000020
2026/09/18 20:00:16.357, 1, 77, 51.05, 0, 13169, 1227, 715, P0, 0x0000000000000000
2026/09/18 20:00:17.370, 0, 79, 106.26, 100, 14059, 898, 715, P0, 0x0000000000000020
2026/09/18 20:00:17.376, 1, 79, 115.53, 100, 13169, 1113, 715, P0, 0x0000000000000020
2026/09/18 20:00:18.383, 0, 79, 107.13, 100, 14059, 911, 715, P0, 0x0000000000000020
2026/09/18 20:00:18.386, 1, 77, 50.32, 0, 13169, 1215, 715, P0, 0x0000000000000000
2026/09/18 20:00:19.402, 0, 79, 106.38, 100, 14059, 911, 715, P0, 0x0000000000000020
2026/09/18 20:00:19.405, 1, 79, 144.04, 100, 13169, 1177, 715, P0, 0x0000000000000020
2026/09/18 20:00:20.417, 0, 79, 107.05, 100, 14059, 911, 715, P0, 0x0000000000000020
2026/09/18 20:00:20.420, 1, 77, 55.60, 0, 13169, 1316, 715, P0, 0x0000000000000000
2026/09/18 20:00:21.429, 0, 79, 107.52, 100, 14059, 898, 715, P0, 0x0000000000000020
2026/09/18 20:00:21.438, 1, 80, 167.23, 100, 13169, 1240, 715, P0, 0x0000000000000000
2026/09/18 20:00:22.445, 0, 79, 120.13, 100, 14059, 961, 715, P0, 0x0000000000000020
2026/09/18 20:00:22.458, 1, 77, 54.38, 0, 13169, 1290, 715, P0, 0x0000000000000000
2026/09/18 20:00:23.476, 0, 79, 116.65, 100, 14059, 1050, 715, P0, 0x0000000000000020
2026/09/18 20:00:23.478, 1, 80, 171.16, 100, 13169, 1265, 715, P0, 0x0000000000000020
2026/09/18 20:00:24.489, 0, 79, 112.34, 100, 14059, 1050, 715, P0, 0x0000000000000020
2026/09/18 20:00:24.496, 1, 77, 55.84, 0, 13169, 1316, 715, P0, 0x0000000000000000
2026/09/18 20:00:25.501, 0, 79, 102.99, 100, 14059, 1012, 715, P0, 0x0000000000000020
2026/09/18 20:00:25.504, 1, 79, 160.81, 100, 13169, 1290, 715, P0, 0x0000000000000000
2026/09/18 20:00:26.520, 0, 79, 100.62, 100, 14059, 1050, 715, P0, 0x0000000000000000
2026/09/18 20:00:26.523, 1, 77, 50.09, 0, 13169, 1202, 715, P0, 0x0000000000000000
2026/09/18 20:00:27.532, 0, 79, 91.59, 100, 14059, 708, 715, P0, 0x0000000000000020
2026/09/18 20:00:27.539, 1, 79, 167.16, 100, 13169, 1316, 715, P0, 0x0000000000000020
2026/09/18 20:00:28.549, 0, 79, 96.09, 100, 14059, 746, 715, P0, 0x0000000000000020
2026/09/18 20:00:28.561, 1, 78, 55.17, 0, 13169, 1290, 715, P0, 0x0000000000000000
2026/09/18 20:00:29.579, 0, 79, 96.27, 100, 14059, 999, 715, P0, 0x0000000000000000
2026/09/18 20:00:29.582, 1, 77, 137.54, 0, 13169, 1290, 715, P0, 0x0000000000000000
2026/09/18 20:00:30.597, 0, 79, 93.56, 100, 14059, 734, 715, P0, 0x0000000000000020
2026/09/18 20:00:30.601, 1, 79, 100.88, 100, 13169, 1025, 715, P0, 0x0000000000000020
2026/09/18 20:00:31.610, 0, 79, 94.91, 100, 14059, 974, 715, P0, 0x0000000000000000
2026/09/18 20:00:31.617, 1, 77, 48.90, 0, 13169, 1189, 715, P0, 0x0000000000000000
2026/09/18 20:00:32.627, 0, 79, 95.52, 100, 14059, 974, 715, P0, 0x0000000000000020
2026/09/18 20:00:32.638, 1, 78, 146.78, 100, 13169, 1252, 715, P0, 0x0000000000000000
2026/09/18 20:00:33.657, 0, 79, 98.99, 100, 14059, 810, 715, P0, 0x0000000000000020
2026/09/18 20:00:33.660, 1, 77, 53.24, 0, 13169, 1265, 715, P0, 0x0000000000000000
2026/09/18 20:00:34.671, 0, 79, 97.92, 99, 14059, 797, 715, P0, 0x0000000000000020
2026/09/18 20:00:34.678, 1, 79, 183.92, 67, 13169, 1316, 715, P0, 0x0000000000000020
2026/09/18 20:00:35.687, 0, 79, 106.09, 100, 14059, 923, 715, P0, 0x0000000000000020
2026/09/18 20:00:35.700, 1, 78, 56.58, 100, 13169, 1303, 715, P0, 0x0000000000000000
2026/09/18 20:00:36.718, 0, 79, 98.03, 100, 14059, 797, 715, P0, 0x0000000000000020
2026/09/18 20:00:36.721, 1, 77, 54.20, 0, 13169, 1303, 715, P0, 0x0000000000000000
2026/09/18 20:00:37.735, 0, 79, 97.40, 100, 14059, 797, 715, P0, 0x0000000000000020
2026/09/18 20:00:37.739, 1, 79, 141.29, 100, 13169, 1151, 715, P0, 0x0000000000000020
2026/09/18 20:00:38.751, 0, 79, 95.63, 100, 14059, 1025, 715, P0, 0x0000000000000000
2026/09/18 20:00:38.758, 1, 77, 51.32, 0, 13169, 1252, 715, P0, 0x0000000000000000
2026/09/18 20:00:39.763, 0, 79, 109.38, 100, 14059, 1025, 715, P0, 0x0000000000000020
2026/09/18 20:00:39.766, 1, 79, 172.24, 100, 13169, 1328, 715, P0, 0x0000000000000000
2026/09/18 20:00:40.781, 0, 79, 103.50, 100, 14059, 873, 715, P0, 0x0000000000000020
2026/09/18 20:00:40.784, 1, 77, 55.61, 0, 13169, 1316, 715, P0, 0x0000000000000000
2026/09/18 20:00:41.790, 0, 79, 102.75, 100, 14059, 860, 715, P0, 0x0000000000000020
2026/09/18 20:00:41.800, 1, 79, 161.65, 100, 13169, 1227, 715, P0, 0x0000000000000000
2026/09/18 20:00:42.804, 0, 79, 102.78, 100, 14059, 860, 715, P0, 0x0000000000000020
2026/09/18 20:00:42.807, 1, 78, 55.86, 0, 13169, 1303, 715, P0, 0x0000000000000000
2026/09/18 20:00:43.816, 0, 79, 111.19, 99, 14059, 936, 715, P0, 0x0000000000000020
2026/09/18 20:00:43.820, 1, 78, 180.32, 47, 13169, 1328, 715, P0, 0x0000000000000000
2026/09/18 20:00:44.834, 0, 79, 109.88, 100, 14059, 1050, 715, P0, 0x0000000000000020
2026/09/18 20:00:44.838, 1, 79, 57.07, 100, 13169, 1189, 715, P0, 0x0000000000000000
2026/09/18 20:00:45.848, 0, 79, 103.50, 100, 14059, 873, 715, P0, 0x0000000000000000
2026/09/18 20:00:45.859, 1, 77, 55.12, 0, 13169, 1316, 715, P0, 0x0000000000000000
2026/09/18 20:00:46.877, 0, 79, 102.17, 100, 14059, 847, 715, P0, 0x0000000000000020
2026/09/18 20:00:46.880, 1, 79, 143.96, 100, 13169, 1215, 715, P0, 0x0000000000000000
2026/09/18 20:00:47.885, 0, 79, 103.51, 100, 14059, 860, 715, P0, 0x0000000000000020
2026/09/18 20:00:47.888, 1, 77, 53.95, 0, 13169, 1290, 715, P0, 0x0000000000000000
2026/09/18 20:00:48.903, 0, 79, 111.45, 100, 14059, 1037, 715, P0, 0x0000000000000000
2026/09/18 20:00:48.907, 1, 80, 180.32, 100, 13169, 1290, 715, P0, 0x0000000000000020
2026/09/18 20:00:49.922, 0, 79, 105.94, 100, 14059, 1050, 715, P0, 0x0000000000000000
2026/09/18 20:00:49.925, 1, 77, 51.03, 0, 13169, 1227, 715, P0, 0x0000000000000000
2026/09/18 20:00:50.934, 0, 79, 102.03, 100, 14059, 860, 715, P0, 0x0000000000000000
2026/09/18 20:00:50.939, 1, 79, 159.13, 100, 13169, 1316, 715, P0, 0x0000000000000020
2026/09/18 20:00:51.949, 0, 79, 103.02, 100, 14059, 873, 715, P0, 0x0000000000000000
2026/09/18 20:00:51.960, 1, 77, 55.61, 0, 13169, 1303, 715, P0, 0x0000000000000000
2026/09/18 20:00:52.979, 0, 79, 102.39, 100, 14059, 860, 715, P0, 0x0000000000000020
2026/09/18 20:00:52.982, 1, 79, 193.40, 100, 13169, 1328, 715, P0, 0x0000000000000000
2026/09/18 20:00:53.997, 0, 79, 98.52, 100, 14059, 1012, 715, P0, 0x0000000000000020
2026/09/18 20:00:54.000, 1, 78, 56.12, 48, 13169, 1316, 715, P0, 0x0000000000000020
2026/09/18 20:00:55.015, 0, 79, 102.51, 100, 14059, 1025, 715, P0, 0x0000000000000020
2026/09/18 20:00:55.022, 1, 77, 168.33, 0, 13169, 1278, 715, P0, 0x0000000000000020
2026/09/18 20:00:56.033, 0, 79, 103.94, 100, 14059, 873, 715, P0, 0x0000000000000000
2026/09/18 20:00:56.041, 1, 79, 158.66, 100, 13169, 1303, 715, P0, 0x0000000000000020
2026/09/18 20:00:57.060, 0, 79, 102.54, 100, 14059, 860, 715, P0, 0x0000000000000020
2026/09/18 20:00:57.063, 1, 77, 54.40, 0, 13169, 1303, 715, P0, 0x0000000000000000
2026/09/18 20:00:58.077, 0, 79, 106.96, 100, 14059, 923, 715, P0, 0x0000000000000000
2026/09/18 20:00:58.081, 1, 80, 176.77, 100, 13169, 1290, 715, P0, 0x0000000000000020
2026/09/18 20:00:59.094, 0, 79, 115.15, 100, 14059, 949, 715, P0, 0x0000000000000020
2026/09/18 20:00:59.101, 1, 77, 56.29, 0, 13169, 1316, 715, P0, 0x0000000000000000
2026/09/18 20:01:00.109, 0, 79, 104.34, 100, 14059, 1075, 715, P0, 0x0000000000000000
2026/09/18 20:01:00.119, 1, 80, 183.77, 100, 13169, 1303, 715, P0, 0x0000000000000020
2026/09/18 20:01:01.137, 0, 79, 105.43, 100, 14059, 1050, 715, P0, 0x0000000000000020
2026/09/18 20:01:01.140, 1, 77, 55.86, 0, 13169, 1316, 715, P0, 0x0000000000000000
2026/09/18 20:01:02.152, 0, 79, 112.63, 100, 14059, 1088, 715, P0, 0x0000000000000000
2026/09/18 20:01:02.159, 1, 79, 158.09, 100, 13169, 1328, 715, P0, 0x0000000000000000
2026/09/18 20:01:03.167, 0, 79, 108.50, 100, 14059, 923, 715, P0, 0x0000000000000020
2026/09/18 20:01:03.170, 1, 78, 56.09, 0, 13169, 1316, 715, P0, 0x0000000000000000
2026/09/18 20:01:04.182, 0, 79, 106.72, 100, 14059, 911, 715, P0, 0x0000000000000020
2026/09/18 20:01:04.185, 1, 79, 131.77, 100, 13169, 1290, 715, P0, 0x0000000000000000
2026/09/18 20:01:05.201, 0, 79, 108.50, 100, 14059, 936, 715, P0, 0x0000000000000020
2026/09/18 20:01:05.204, 1, 78, 55.12, 0, 13169, 1290, 715, P0, 0x0000000000000000
2026/09/18 20:01:06.217, 0, 79, 107.57, 100, 14059, 923, 715, P0, 0x0000000000000020
2026/09/18 20:01:06.220, 1, 78, 143.56, 100, 13169, 1189, 715, P0, 0x0000000000000020
2026/09/18 20:01:07.236, 0, 79, 116.11, 100, 14059, 974, 715, P0, 0x0000000000000020
2026/09/18 20:01:07.241, 1, 78, 54.63, 95, 13169, 1278, 715, P0, 0x0000000000000000
2026/09/18 20:01:08.249, 0, 79, 106.60, 99, 14059, 1075, 715, P0, 0x0000000000000000
2026/09/18 20:01:08.259, 1, 78, 146.49, 20, 13169, 1278, 715, P0, 0x0000000000000000
2026/09/18 20:01:09.279, 0, 79, 116.57, 100, 14059, 1050, 715, P0, 0x0000000000000020
2026/09/18 20:01:09.282, 1, 80, 157.20, 100, 13169, 1303, 715, P0, 0x0000000000000000
2026/09/18 20:01:10.298, 0, 79, 96.08, 100, 14059, 936, 715, P0, 0x0000000000000000
2026/09/18 20:01:10.301, 1, 77, 55.90, 0, 13169, 1328, 715, P0, 0x0000000000000000
2026/09/18 20:01:11.312, 0, 79, 107.31, 100, 14059, 911, 715, P0, 0x0000000000000020
2026/09/18 20:01:11.319, 1, 80, 161.15, 100, 13169, 1278, 715, P0, 0x0000000000000000
2026/09/18 20:01:12.328, 0, 79, 108.25, 100, 14059, 936, 715, P0, 0x0000000000000020
2026/09/18 20:01:12.340, 1, 77, 53.67, 0, 13169, 1278, 715, P0, 0x0000000000000000
2026/09/18 20:01:13.359, 0, 79, 108.02, 100, 14059, 923, 715, P0, 0x0000000000000020
2026/09/18 20:01:13.362, 1, 79, 159.09, 100, 13169, 1202, 715, P0, 0x0000000000000020
2026/09/18 20:01:14.372, 0, 79, 111.62, 100, 14059, 949, 715, P0, 0x0000000000000020
2026/09/18 20:01:14.381, 1, 77, 51.04, 0, 13169, 1227, 715, P0, 0x0000000000000000
2026/09/18 20:01:15.399, 0, 79, 111.96, 100, 14059, 1063, 715, P0, 0x0000000000000000
2026/09/18 20:01:15.402, 1, 80, 174.03, 100, 13169, 1265, 715, P0, 0x0000000000000020
2026/09/18 20:01:16.415, 0, 79, 117.57, 100, 14059, 1075, 715, P0, 0x0000000000000020
2026/09/18 20:01:16.420, 1, 77, 51.26, 0, 13169, 1227, 715, P0, 0x0000000000000000
2026/09/18 20:01:17.431, 0, 79, 104.53, 100, 14059, 1063, 715, P0, 0x0000000000000020
2026/09/18 20:01:17.440, 1, 77, 86.07, 100, 13169, 670, 715, P0, 0x0000000000000000
2026/09/18 20:01:18.449, 0, 79, 108.20, 100, 14059, 936, 715, P0, 0x0000000000000020
2026/09/18 20:01:18.461, 1, 78, 116.90, 100, 13169, 1126, 715, P0, 0x0000000000000000
2026/09/18 20:01:19.479, 0, 79, 107.17, 100, 14059, 911, 715, P0, 0x0000000000000020
2026/09/18 20:01:19.483, 1, 78, 138.62, 100, 13169, 1151, 715, P0, 0x0000000000000020
2026/09/18 20:01:20.491, 0, 79, 108.25, 100, 14059, 923, 715, P0, 0x0000000000000020
2026/09/18 20:01:20.499, 1, 78, 55.84, 83, 13169, 1303, 715, P0, 0x0000000000000000
2026/09/18 20:01:21.507, 0, 79, 108.17, 99, 14059, 923, 715, P0, 0x0000000000000020
2026/09/18 20:01:21.510, 1, 78, 174.03, 55, 13169, 1290, 715, P0, 0x0000000000000020
2026/09/18 20:01:22.522, 0, 79, 110.60, 100, 14059, 1050, 715, P0, 0x0000000000000020
2026/09/18 20:01:22.525, 1, 79, 55.86, 100, 13169, 1278, 715, P0, 0x0000000000000000
2026/09/18 20:01:23.536, 0, 79, 106.10, 99, 14059, 1063, 715, P0, 0x0000000000000020
2026/09/18 20:01:23.540, 1, 77, 164.66, 0, 13169, 1316, 715, P0, 0x0000000000000000
2026/09/18 20:01:24.549, 0, 79, 109.38, 100, 14059, 936, 715, P0, 0x0000000000000020
2026/09/18 20:01:24.562, 1, 79, 123.54, 100, 13169, 1164, 715, P0, 0x0000000000000000
2026/09/18 20:01:25.576, 0, 79, 109.69, 100, 14059, 949, 715, P0, 0x0000000000000020
2026/09/18 20:01:25.581, 1, 77, 53.91, 0, 13169, 1290, 715, P0, 0x0000000000000000
2026/09/18 20:01:26.595, 0, 79, 107.79, 100, 14059, 923, 715, P0, 0x0000000000000020
2026/09/18 20:01:26.601, 1, 79, 155.76, 100, 13169, 1215, 715, P0, 0x0000000000000020
2026/09/18 20:01:27.608, 0, 79, 110.66, 100, 14059, 949, 715, P0, 0x0000000000000020
2026/09/18 20:01:27.612, 1, 77, 54.15, 0, 13169, 1290, 715, P0, 0x0000000000000000
2026/09/18 20:01:28.623, 0, 79, 110.02, 100, 14059, 1063, 715, P0, 0x0000000000000000
2026/09/18 20:01:28.627, 1, 80, 182.85, 100, 13169, 1303, 715, P0, 0x0000000000000020
2026/09/18 20:01:29.636, 0, 79, 115.90, 100, 14059, 1101, 715, P0, 0x0000000000000000
2026/09/18 20:01:29.641, 1, 77, 50.07, 0, 13169, 1202, 715, P0, 0x0000000000000000
2026/09/18 20:01:30.648, 0, 79, 89.01, 100, 14059, 923, 715, P0, 0x0000000000000020
2026/09/18 20:01:30.651, 1, 79, 158.10, 100, 13169, 1252, 715, P0, 0x0000000000000000
2026/09/18 20:01:31.662, 0, 79, 108.50, 100, 14059, 923, 715, P0, 0x0000000000000020
2026/09/18 20:01:31.665, 1, 78, 53.67, 0, 13169, 1278, 715, P0, 0x0000000000000000
2026/09/18 20:01:32.677, 0, 79, 107.56, 100, 14059, 923, 715, P0, 0x0000000000000020
2026/09/18 20:01:32.680, 1, 78, 150.86, 100, 13169, 1189, 715, P0, 0x0000000000000020
2026/09/18 20:01:33.692, 0, 79, 115.64, 100, 14059, 949, 715, P0, 0x0000000000000020
2026/09/18 20:01:33.702, 1, 78, 55.35, 100, 13169, 1278, 715, P0, 0x0000000000000000
2026/09/18 20:01:34.718, 0, 79, 99.41, 99, 14059, 1050, 715, P0, 0x0000000000000000
2026/09/18 20:01:34.721, 1, 78, 163.55, 0, 13169, 1278, 715, P0, 0x0000000000000000
2026/09/18 20:01:35.737, 0, 79, 104.89, 100, 14059, 1063, 715, P0, 0x0000000000000000
2026/09/18 20:01:35.742, 1, 79, 109.37, 100, 13169, 1113, 715, P0, 0x0000000000000020
2026/09/18 20:01:36.749, 0, 79, 108.51, 100, 14059, 923, 715, P0, 0x0000000000000020
2026/09/18 20:01:36.760, 1, 77, 48.88, 0, 13169, 1189, 715, P0, 0x0000000000000000
2026/09/18 20:01:37.779, 0, 79, 107.55, 100, 14059, 923, 715, P0, 0x0000000000000000
2026/09/18 20:01:37.782, 1, 79, 157.36, 100, 13169, 1202, 715, P0, 0x0000000000000020
2026/09/18 20:01:38.796, 0, 79, 108.74, 100, 14059, 923, 715, P0, 0x0000000000000020
2026/09/18 20:01:38.800, 1, 77, 53.91, 0, 13169, 1290, 715, P0, 0x0000000000000000
2026/09/18 20:01:39.811, 0, 79, 119.01, 100, 14059, 1025, 715, P0, 0x0000000000000020
2026/09/18 20:01:39.821, 1, 80, 182.05, 100, 13169, 1303, 715, P0, 0x0000000000000020
2026/09/18 20:01:40.827, 0, 79, 114.62, 100, 14059, 1088, 715, P0, 0x0000000000000000
2026/09/18 20:01:40.830, 1, 77, 56.52, 0, 13169, 1316, 715, P0, 0x0000000000000000
2026/09/18 20:01:41.842, 0, 79, 106.55, 100, 14059, 936, 715, P0, 0x0000000000000020
2026/09/18 20:01:41.845, 1, 79, 117.94, 100, 13169, 1189, 715, P0, 0x0000000000000000
2026/09/18 20:01:42.858, 0, 79, 109.45, 100, 14059, 949, 715, P0, 0x0000000000000000
2026/09/18 20:01:42.861, 1, 78, 52.94, 0, 13169, 1252, 715, P0, 0x0000000000000000
2026/09/18 20:01:43.872, 0, 79, 108.17, 99, 14059, 923, 715, P0, 0x0000000000000020
2026/09/18 20:01:43.881, 1, 79, 172.84, 100, 13169, 1278, 715, P0, 0x0000000000000000
2026/09/18 20:01:44.887, 0, 79, 116.11, 100, 14059, 1075, 715, P0, 0x0000000000000000
2026/09/18 20:01:44.891, 1, 79, 55.10, 100, 13169, 1290, 715, P0, 0x0000000000000000
2026/09/18 20:01:45.902, 0, 79, 106.04, 100, 14059, 1075, 715, P0, 0x0000000000000020
2026/09/18 20:01:45.905, 1, 78, 164.12, 0, 13169, 1265, 715, P0, 0x0000000000000020
2026/09/18 20:01:46.917, 0, 79, 108.30, 100, 14059, 923, 715, P0, 0x0000000000000020
2026/09/18 20:01:46.920, 1, 79, 144.94, 100, 13169, 1215, 715, P0, 0x0000000000000000
2026/09/18 20:01:47.934, 0, 79, 108.72, 100, 14059, 949, 715, P0, 0x0000000000000000
2026/09/18 20:01:47.942, 1, 77, 56.08, 0, 13169, 1316, 715, P0, 0x0000000000000000
2026/09/18 20:01:48.947, 0, 79, 107.07, 100, 14059, 911, 715, P0, 0x0000000000000020
2026/09/18 20:01:48.950, 1, 80, 154.59, 100, 13169, 1202, 715, P0, 0x0000000000000020
2026/09/18 20:01:49.962, 0, 79, 98.94, 100, 14059, 1075, 715, P0, 0x0000000000000000
2026/09/18 20:01:49.965, 1, 77, 55.12, 0, 13169, 1303, 715, P0, 0x0000000000000000
2026/09/18 20:01:50.977, 0, 79, 114.08, 100, 14059, 1050, 715, P0, 0x0000000000000020
2026/09/18 20:01:50.985, 1, 80, 181.62, 100, 13169, 1328, 715, P0, 0x0000000000000000
2026/09/18 20:01:51.990, 0, 79, 108.96, 100, 14059, 936, 715, P0, 0x0000000000000000
2026/09/18 20:01:52.001, 1, 78, 56.32, 0, 13169, 1316, 715, P0, 0x0000000000000000
2026/09/18 20:01:53.004, 0, 79, 108.29, 100, 14059, 923, 715, P0, 0x0000000000000020
2026/09/18 20:01:53.007, 1, 79, 146.65, 100, 13169, 1189, 715, P0, 0x0000000000000020
2026/09/18 20:01:54.019, 0, 79, 109.68, 100, 14059, 923, 715, P0, 0x0000000000000020
2026/09/18 20:01:54.023, 1, 78, 56.33, 42, 13169, 1316, 715, P0, 0x0000000000000000
2026/09/18 20:01:55.029, 0, 79, 98.44, 99, 14059, 1050, 715, P0, 0x0000000000000000
2026/09/18 20:01:55.041, 1, 78, 158.93, 44, 13169, 1328, 715, P0, 0x0000000000000000
2026/09/18 20:01:56.046, 0, 79, 83.14, 100, 14059, 999, 715, P0, 0x0000000000000000
2026/09/18 20:01:56.049, 1, 79, 144.41, 100, 13169, 1227, 715, P0, 0x0000000000000020
2026/09/18 20:01:57.061, 0, 79, 109.69, 100, 14059, 949, 715, P0, 0x0000000000000020
2026/09/18 20:01:57.063, 1, 77, 53.19, 0, 13169, 1278, 715, P0, 0x0000000000000000
2026/09/18 20:01:58.073, 0, 79, 106.51, 100, 14059, 911, 715, P0, 0x0000000000000020
2026/09/18 20:01:58.082, 1, 80, 164.72, 100, 13169, 1252, 715, P0, 0x0000000000000020
2026/09/18 20:01:59.086, 0, 79, 109.16, 100, 14059, 1050, 715, P0, 0x0000000000000000
2026/09/18 20:01:59.089, 1, 77, 56.29, 0, 13169, 1316, 715, P0, 0x0000000000000000
2026/09/18 20:02:00.100, 0, 79, 113.85, 100, 14059, 1075, 715, P0, 0x0000000000000020
2026/09/18 20:02:00.103, 1, 79, 171.14, 100, 13169, 1316, 715, P0, 0x0000000000000000
2026/09/18 20:02:01.111, 0, 79, 108.25, 100, 14059, 923, 715, P0, 0x0000000000000020
2026/09/18 20:02:01.120, 1, 78, 54.88, 0, 13169, 1290, 715, P0, 0x0000000000000000
2026/09/18 20:02:02.130, 0, 79, 108.38, 100, 14059, 923, 715, P0, 0x0000000000000020
2026/09/18 20:02:02.141, 1, 79, 180.56, 100, 13169, 1290, 715, P0, 0x0000000000000020
2026/09/18 20:02:03.156, 0, 79, 111.15, 100, 14059, 923, 715, P0, 0x0000000000000020
2026/09/18 20:02:03.162, 1, 78, 53.68, 84, 13169, 1265, 715, P0, 0x0000000000000000
2026/09/18 20:02:04.168, 0, 79, 117.73, 99, 14059, 1088, 715, P0, 0x0000000000000000
2026/09/18 20:02:04.171, 1, 78, 143.29, 0, 13169, 1265, 715, P0, 0x0000000000000000
2026/09/18 20:02:05.182, 0, 79, 91.70, 100, 14059, 708, 715, P0, 0x0000000000000020
2026/09/18 20:02:05.184, 1, 79, 143.48, 100, 13169, 1215, 715, P0, 0x0000000000000000
2026/09/18 20:02:06.196, 0, 79, 103.68, 100, 14059, 847, 715, P0, 0x0000000000000020
2026/09/18 20:02:06.204, 1, 77, 55.84, 0, 13169, 1316, 715, P0, 0x0000000000000000
2026/09/18 20:02:07.210, 0, 79, 91.20, 100, 14059, 708, 715, P0, 0x0000000000000020
2026/09/18 20:02:07.223, 1, 79, 195.82, 100, 13169, 1328, 715, P0, 0x0000000000000000
2026/09/18 20:02:08.240, 0, 79, 72.16, 100, 14059, 898, 715, P0, 0x0000000000000000
2026/09/18 20:02:08.243, 1, 78, 56.41, 0, 13169, 1303, 715, P0, 0x0000000000000000
2026/09/18 20:02:09.253, 0, 79, 98.26, 100, 14059, 797, 715, P0, 0x0000000000000020
2026/09/18 20:02:09.263, 1, 77, 54.45, 0, 13169, 1303, 715, P0, 0x0000000000000000
2026/09/18 20:02:10.282, 0, 79, 96.97, 100, 14059, 898, 715, P0, 0x0000000000000020
2026/09/18 20:02:10.286, 1, 80, 183.86, 100, 13169, 1303, 715, P0, 0x0000000000000000
2026/09/18 20:02:11.298, 0, 79, 98.27, 100, 14059, 797, 715, P0, 0x0000000000000020
2026/09/18 20:02:11.303, 1, 77, 53.24, 0, 13169, 1265, 715, P0, 0x0000000000000000
2026/09/18 20:02:12.314, 0, 79, 98.10, 100, 14059, 974, 715, P0, 0x0000000000000000
2026/09/18 20:02:12.322, 1, 78, 141.21, 27, 13169, 1265, 715, P0, 0x0000000000000000
2026/09/18 20:02:13.338, 0, 79, 97.32, 100, 14059, 797, 715, P0, 0x0000000000000000
2026/09/18 20:02:13.345, 1, 79, 158.91, 100, 13169, 1278, 715, P0, 0x0000000000000000
2026/09/18 20:02:14.354, 0, 79, 110.18, 100, 14059, 898, 715, P0, 0x0000000000000020
2026/09/18 20:02:14.364, 1, 77, 53.91, 0, 13169, 1290, 715, P0, 0x0000000000000000
2026/09/18 20:02:15.371, 0, 79, 83.23, 100, 14059, 860, 715, P0, 0x0000000000000020
2026/09/18 20:02:15.382, 1, 79, 168.52, 100, 13169, 1316, 715, P0, 0x0000000000000000
2026/09/18 20:02:16.389, 0, 79, 102.05, 100, 14059, 860, 715, P0, 0x0000000000000000
2026/09/18 20:02:16.393, 1, 78, 56.33, 0, 13169, 1316, 715, P0, 0x0000000000000000
2026/09/18 20:02:17.402, 0, 79, 96.35, 99, 14059, 1012, 715, P0, 0x0000000000000000
2026/09/18 20:02:17.406, 1, 78, 160.75, 0, 13169, 1316, 715, P0, 0x0000000000000000
2026/09/18 20:02:18.417, 0, 79, 102.71, 100, 14059, 860, 715, P0, 0x0000000000000020
2026/09/18 20:02:18.425, 1, 80, 116.51, 100, 13169, 1126, 715, P0, 0x0000000000000020
2026/09/18 20:02:19.430, 0, 79, 107.30, 100, 14059, 911, 715, P0, 0x0000000000000020
2026/09/18 20:02:19.433, 1, 77, 50.81, 0, 13169, 1227, 715, P0, 0x0000000000000000
2026/09/18 20:02:20.444, 0, 79, 114.70, 100, 14059, 1063, 715, P0, 0x0000000000000000
2026/09/18 20:02:20.447, 1, 80, 187.53, 100, 13169, 1290, 715, P0, 0x0000000000000020
2026/09/18 20:02:21.459, 0, 79, 92.96, 100, 14059, 1088, 715, P0, 0x0000000000000000
2026/09/18 20:02:21.462, 1, 77, 54.64, 0, 13169, 1290, 715, P0, 0x0000000000000000
2026/09/18 20:02:22.467, 0, 79, 108.38, 100, 14059, 936, 715, P0, 0x0000000000000020
2026/09/18 20:02:22.471, 1, 79, 181.27, 100, 13169, 1290, 715, P0, 0x0000000000000020
2026/09/18 20:02:23.485, 0, 79, 108.24, 100, 14059, 923, 715, P0, 0x0000000000000020
2026/09/18 20:02:23.488, 1, 78, 57.29, 0, 13169, 1316, 715, P0, 0x0000000000000000
2026/09/18 20:02:24.502, 0, 79, 111.73, 100, 14059, 1075, 715, P0, 0x0000000000000000
2026/09/18 20:02:24.505, 1, 78, 158.54, 40, 13169, 1316, 715, P0, 0x0000000000000000
2026/09/18 20:02:25.513, 0, 79, 81.72, 100, 14059, 987, 715, P0, 0x0000000000000000
2026/09/18 20:02:25.524, 1, 80, 118.48, 100, 13169, 1189, 715, P0, 0x0000000000000000
2026/09/18 20:02:26.532, 0, 79, 108.50, 100, 14059, 936, 715, P0, 0x0000000000000000
2026/09/18 20:02:26.541, 1, 77, 52.01, 0, 13169, 1252, 715, P0, 0x0000000000000000
2026/09/18 20:02:27.561, 0, 79, 107.47, 100, 14059, 923, 715, P0, 0x0000000000000020
2026/09/18 20:02:27.564, 1, 79, 163.28, 100, 13169, 1227, 715, P0, 0x0000000000000020
2026/09/18 20:02:28.575, 0, 79, 110.91, 100, 14059, 1063, 715, P0, 0x0000000000000000
2026/09/18 20:02:28.582, 1, 77, 55.59, 0, 13169, 1303, 715, P0, 0x0000000000000000
2026/09/18 20:02:29.588, 0, 79, 88.78, 100, 14059, 923, 715, P0, 0x0000000000000020
2026/09/18 20:02:29.591, 1, 79, 158.76, 100, 13169, 1328, 715, P0, 0x0000000000000000
2026/09/18 20:02:30.597, 0, 79, 108.50, 100, 14059, 923, 715, P0, 0x0000000000000020
2026/09/18 20:02:30.602, 1, 78, 50.57, 0, 13169, 1202, 715, P0, 0x0000000000000000
2026/09/18 20:02:31.610, 0, 79, 108.68, 99, 14059, 911, 715, P0, 0x0000000000000020
2026/09/18 20:02:31.624, 1, 78, 156.72, 30, 13169, 1202, 715, P0, 0x0000000000000000
2026/09/18 20:02:32.642, 0, 79, 115.88, 100, 14059, 1088, 715, P0, 0x0000000000000000
2026/09/18 20:02:32.648, 1, 79, 155.25, 100, 13169, 1252, 715, P0, 0x0000000000000020
2026/09/18 20:02:33.657, 0, 79, 108.50, 100, 14059, 936, 715, P0, 0x0000000000000020
2026/09/18 20:02:33.662, 1, 77, 51.98, 0, 13169, 1252, 715, P0, 0x0000000000000000
2026/09/18 20:02:34.673, 0, 79, 107.55, 100, 14059, 923, 715, P0, 0x0000000000000000
2026/09/18 20:02:34.682, 1, 80, 152.52, 100, 13169, 1202, 715, P0, 0x0000000000000000
2026/09/18 20:02:35.689, 0, 79, 99.49, 100, 14059, 1050, 715, P0, 0x0000000000000020
2026/09/18 20:02:35.692, 1, 77, 49.14, 0, 13169, 1189, 715, P0, 0x0000000000000000
2026/09/18 20:02:36.710, 0, 79, 102.49, 100, 14059, 1063, 715, P0, 0x0000000000000000
2026/09/18 20:02:36.712, 1, 79, 170.61, 100, 13169, 1328, 715, P0, 0x0000000000000000
2026/09/18 20:02:37.722, 0, 79, 108.50, 100, 14059, 936, 715, P0, 0x0000000000000000
2026/09/18 20:02:37.725, 1, 78, 53.19, 0, 13169, 1252, 715, P0, 0x0000000000000000
2026/09/18 20:02:38.736, 0, 79, 106.97, 100, 14059, 911, 715, P0, 0x0000000000000020
2026/09/18 20:02:38.743, 1, 79, 173.08, 98, 13169, 1290, 715, P0, 0x0000000000000020
2026/09/18 20:02:39.752, 0, 79, 99.38, 100, 14059, 1050, 715, P0, 0x0000000000000000
2026/09/18 20:02:39.762, 1, 79, 65.74, 100, 13169, 1227, 715, P0, 0x0000000000000000
2026/09/18 20:02:40.782, 0, 79, 108.74, 100, 14059, 949, 715, P0, 0x0000000000000000
2026/09/18 20:02:40.785, 1, 77, 55.84, 0, 13169, 1316, 715, P0, 0x0000000000000000
2026/09/18 20:02:41.793, 0, 79, 106.60, 100, 14059, 911, 715, P0, 0x0000000000000020
2026/09/18 20:02:41.802, 1, 80, 152.77, 100, 13169, 1202, 715, P0, 0x0000000000000000
2026/09/18 20:02:42.823, 0, 79, 115.65, 100, 14059, 1050, 715, P0, 0x0000000000000020
2026/09/18 20:02:42.825, 1, 77, 51.74, 0, 13169, 1240, 715, P0, 0x0000000000000000
2026/09/18 20:02:43.835, 0, 79, 97.15, 100, 14059, 1075, 715, P0, 0x0000000000000000
2026/09/18 20:02:43.842, 1, 79, 151.97, 100, 13169, 1290, 715, P0, 0x0000000000000020
2026/09/18 20:02:44.862, 0, 79, 108.50, 100, 14059, 923, 715, P0, 0x0000000000000020
2026/09/18 20:02:44.865, 1, 78, 52.95, 0, 13169, 1265, 715, P0, 0x0000000000000000
2026/09/18 20:02:45.875, 0, 79, 106.73, 99, 14059, 911, 715, P0, 0x0000000000000020
2026/09/18 20:02:45.881, 1, 79, 172.84, 100, 13169, 1290, 715, P0, 0x0000000000000000
2026/09/18 20:02:46.894, 0, 79, 97.80, 100, 14059, 1063, 715, P0, 0x0000000000000000
2026/09/18 20:02:46.901, 1, 79, 53.93, 100, 13169, 1189, 715, P0, 0x0000000000000000
2026/09/18 20:02:47.909, 0, 79, 108.27, 100, 14059, 923, 715, P0, 0x0000000000000020
2026/09/18 20:02:47.921, 1, 76, 48.88, 0, 13169, 1189, 715, P0, 0x0000000000000000
2026/09/18 20:02:48.937, 0, 79, 107.79, 100, 14059, 923, 715, P0, 0x0000000000000000
2026/09/18 20:02:48.941, 1, 79, 155.05, 100, 13169, 1189, 715, P0, 0x0000000000000020
2026/09/18 20:02:49.951, 0, 79, 109.23, 100, 14059, 1063, 715, P0, 0x0000000000000000
2026/09/18 20:02:49.962, 1, 77, 56.07, 0, 13169, 1316, 715, P0, 0x0000000000000000
2026/09/18 20:02:50.967, 0, 79, 106.79, 100, 14059, 1063, 715, P0, 0x0000000000000000
2026/09/18 20:02:50.970, 1, 79, 168.30, 100, 13169, 1316, 715, P0, 0x0000000000000000
2026/09/18 20:02:51.983, 0, 79, 107.53, 100, 14059, 911, 715, P0, 0x0000000000000020
2026/09/18 20:02:51.985, 1, 78, 55.61, 0, 13169, 1303, 715, P0, 0x0000000000000000
2026/09/18 20:02:52.998, 0, 79, 108.02, 99, 14059, 923, 715, P0, 0x0000000000000020
2026/09/18 20:02:53.002, 1, 78, 156.72, 52, 13169, 1227, 715, P0, 0x0000000000000020
2026/09/18 20:02:54.011, 0, 79, 99.74, 100, 14059, 1088, 715, P0, 0x0000000000000000
2026/09/18 20:02:54.022, 1, 79, 151.11, 100, 13169, 1227, 715, P0, 0x0000000000000000
2026/09/18 20:02:55.026, 0, 79, 108.99, 100, 14059, 936, 715, P0, 0x0000000000000020
2026/09/18 20:02:55.029, 1, 77, 50.57, 0, 13169, 1227, 715, P0, 0x0000000000000000
2026/09/18 20:02:56.041, 0, 79, 107.91, 100, 14059, 923, 715, P0, 0x0000000000000020
2026/09/18 20:02:56.044, 1, 80, 183.32, 100, 13169, 1290, 715, P0, 0x0000000000000020
2026/09/18 20:02:57.053, 0, 79, 118.04, 100, 14059, 1075, 715, P0, 0x0000000000000020
2026/09/18 20:02:57.062, 1, 77, 52.22, 0, 13169, 1252, 715, P0, 0x0000000000000000
2026/09/18 20:02:58.067, 0, 79, 108.15, 100, 14059, 923, 715, P0, 0x0000000000000000
2026/09/18 20:02:58.070, 1, 79, 136.47, 100, 13169, 1290, 715, P0, 0x0000000000000000
2026/09/18 20:02:59.080, 0, 79, 108.50, 100, 14059, 936, 715, P0, 0x0000000000000020
2026/09/18 20:02:59.083, 1, 78, 56.81, 0, 13169, 1316, 715, P0, 0x0000000000000000
2026/09/18 20:03:00.090, 0, 79, 104.60, 100, 14059, 1025, 715, P0, 0x0000000000000020
2026/09/18 20:03:00.103, 1, 78, 171.21, 42, 13169, 1328, 715, P0, 0x0000000000000000
2026/09/18 20:03:01.107, 0, 79, 108.50, 100, 14059, 923, 715, P0, 0x0000000000000000
2026/09/18 20:03:01.112, 1, 79, 110.98, 100, 13169, 1050, 715, P0, 0x0000000000000020
2026/09/18 20:03:02.120, 0, 79, 108.09, 100, 14059, 923, 715, P0, 0x0000000000000020
2026/09/18 20:03:02.123, 1, 77, 48.88, 0, 13169, 1189, 715, P0, 0x0000000000000000
2026/09/18 20:03:03.135, 0, 79, 101.86, 100, 14059, 1063, 715, P0, 0x0000000000000000
2026/09/18 20:03:03.142, 1, 79, 164.53, 100, 13169, 1265, 715, P0, 0x0000000000000020
2026/09/18 20:03:04.161, 0, 79, 108.25, 100, 14059, 923, 715, P0, 0x0000000000000020
2026/09/18 20:03:04.164, 1, 77, 54.64, 0, 13169, 1290, 715, P0, 0x0000000000000000
2026/09/18 20:03:05.177, 0, 79, 106.48, 100, 14059, 911, 715, P0, 0x0000000000000020
2026/09/18 20:03:05.182, 1, 79, 180.32, 100, 13169, 1290, 715, P0, 0x0000000000000020
2026/09/18 20:03:06.190, 0, 79, 98.46, 100, 14059, 1063, 715, P0, 0x0000000000000000
2026/09/18 20:03:06.200, 1, 78, 54.88, 93, 13169, 1290, 715, P0, 0x0000000000000000
2026/09/18 20:03:07.219, 0, 79, 108.74, 100, 14059, 936, 715, P0, 0x0000000000000000
2026/09/18 20:03:07.222, 1, 77, 53.67, 0, 13169, 1290, 715, P0, 0x0000000000000000
2026/09/18 20:03:08.232, 0, 79, 108.53, 100, 14059, 923, 715, P0, 0x0000000000000020
2026/09/18 20:03:08.240, 1, 77, 98.21, 100, 13169, 1075, 715, P0, 0x0000000000000000
2026/09/18 20:03:09.264, 0, 79, 116.61, 100, 14059, 999, 715, P0, 0x0000000000000020
2026/09/18 20:03:09.266, 1, 77, 49.36, 0, 13169, 1189, 715, P0, 0x0000000000000000
2026/09/18 20:03:10.281, 0, 79, 99.87, 100, 14059, 1063, 715, P0, 0x0000000000000020
2026/09/18 20:03:10.284, 1, 79, 178.12, 100, 13169, 1328, 715, P0, 0x0000000000000000
2026/09/18 20:03:11.296, 0, 79, 108.50, 100, 14059, 923, 715, P0, 0x0000000000000020
2026/09/18 20:03:11.300, 1, 77, 51.78, 0, 13169, 1227, 715, P0, 0x0000000000000000
2026/09/18 20:03:12.312, 0, 79, 108.31, 99, 14059, 898, 715, P0, 0x0000000000000020
2026/09/18 20:03:12.322, 1, 78, 184.24, 100, 13169, 1328, 715, P0, 0x0000000000000000
2026/09/18 20:03:13.327, 0, 79, 104.70, 100, 14059, 1063, 715, P0, 0x0000000000000000
2026/09/18 20:03:13.330, 1, 80, 145.97, 100, 13169, 1265, 715, P0, 0x0000000000000020
2026/09/18 20:03:14.340, 0, 79, 106.88, 100, 14059, 911, 715, P0, 0x0000000000000020
2026/09/18 20:03:14.343, 1, 77, 54.64, 0, 13169, 1303, 715, P0, 0x0000000000000000
2026/09/18 20:03:15.354, 0, 79, 112.74, 100, 14059, 911, 715, P0, 0x0000000000000020
2026/09/18 20:03:15.363, 1, 80, 153.63, 100, 13169, 1202, 715, P0, 0x0000000000000000
2026/09/18 20:03:16.383, 0, 79, 94.41, 100, 14059, 1050, 715, P0, 0x0000000000000000
2026/09/18 20:03:16.387, 1, 77, 51.31, 0, 13169, 1227, 715, P0, 0x0000000000000000
2026/09/18 20:03:17.395, 0, 79, 107.09, 100, 14059, 911, 715, P0, 0x0000000000000020
2026/09/18 20:03:17.400, 1, 79, 199.43, 100, 13169, 1328, 715, P0, 0x0000000000000000
2026/09/18 20:03:18.411, 0, 79, 120.11, 100, 14059, 961, 715, P0, 0x0000000000000020
2026/09/18 20:03:18.423, 1, 78, 56.77, 67, 13169, 1303, 715, P0, 0x0000000000000000
2026/09/18 20:03:19.429, 0, 79, 80.32, 100, 14059, 1012, 715, P0, 0x0000000000000000
2026/09/18 20:03:19.440, 1, 77, 54.50, 0, 13169, 1303, 715, P0, 0x0000000000000000
2026/09/18 20:03:20.447, 0, 79, 108.63, 100, 14059, 911, 715, P0, 0x0000000000000020
2026/09/18 20:03:20.461, 1, 80, 101.72, 100, 13169, 1151, 715, P0, 0x0000000000000000
2026/09/18 20:03:21.479, 0, 79, 118.52, 100, 14059, 987, 715, P0, 0x0000000000000020
2026/09/18 20:03:21.482, 1, 77, 54.15, 0, 13169, 1290, 715, P0, 0x0000000000000000
2026/09/18 20:03:22.494, 0, 79, 93.94, 100, 14059, 746, 715, P0, 0x0000000000000020
2026/09/18 20:03:22.502, 1, 79, 168.85, 100, 13169, 1316, 715, P0, 0x0000000000000020
2026/09/18 20:03:23.521, 0, 79, 103.53, 100, 14059, 923, 715, P0, 0x0000000000000000
2026/09/18 20:03:23.524, 1, 78, 53.24, 0, 13169, 1252, 715, P0, 0x0000000000000000
2026/09/18 20:03:24.536, 0, 79, 93.45, 100, 14059, 746, 715, P0, 0x0000000000000020
2026/09/18 20:03:24.541, 1, 76, 51.79, 0, 13169, 1252, 715, P0, 0x0000000000000000
2026/09/18 20:03:25.551, 0, 78, 102.63, 100, 14059, 999, 715, P0, 0x0000000000000020
2026/09/18 20:03:25.560, 1, 80, 199.96, 100, 13169, 1328, 715, P0, 0x0000000000000000
2026/09/18 20:03:26.582, 0, 79, 98.27, 100, 14059, 797, 715, P0, 0x0000000000000020
2026/09/18 20:03:26.585, 1, 77, 52.75, 0, 13169, 1265, 715, P0, 0x0000000000000000
2026/09/18 20:03:27.598, 0, 79, 98.94, 100, 14059, 810, 715, P0, 0x0000000000000020
2026/09/18 20:03:27.601, 1, 76, 51.78, 0, 13169, 1265, 715, P0, 0x0000000000000000
2026/09/18 20:03:28.613, 0, 79, 97.20, 100, 14059, 784, 715, P0, 0x0000000000000020
2026/09/18 20:03:28.622, 1, 80, 180.25, 100, 13169, 1290, 715, P0, 0x0000000000000000
2026/09/18 20:03:29.626, 0, 79, 99.48, 100, 14059, 810, 715, P0, 0x0000000000000020
2026/09/18 20:03:29.629, 1, 77, 49.14, 0, 13169, 1189, 715, P0, 0x0000000000000000
2026/09/18 20:03:30.642, 0, 79, 98.14, 99, 14059, 797, 715, P0, 0x0000000000000020
2026/09/18 20:03:30.644, 1, 78, 193.18, 54, 13169, 1316, 715, P0, 0x0000000000000000
2026/09/18 20:03:31.657, 0, 79, 99.12, 100, 14059, 797, 715, P0, 0x0000000000000020
2026/09/18 20:03:31.663, 1, 79, 70.52, 95, 13169, 1189, 715, P0, 0x0000000000000000
2026/09/18 20:03:32.677, 0, 79, 111.88, 100, 14059, 911, 715, P0, 0x0000000000000020
2026/09/18 20:03:32.682, 1, 76, 48.88, 0, 13169, 1189, 715, P0, 0x0000000000000000
2026/09/18 20:03:33.690, 0, 79, 99.92, 100, 14059, 810, 715, P0, 0x0000000000000000
2026/09/18 20:03:33.701, 1, 79, 177.67, 100, 13169, 1328, 715, P0, 0x0000000000000000
2026/09/18 20:03:34.720, 0, 79, 109.42, 100, 14059, 999, 715, P0, 0x0000000000000000
2026/09/18 20:03:34.723, 1, 78, 55.85, 0, 13169, 1303, 715, P0, 0x0000000000000000
2026/09/18 20:03:35.733, 0, 79, 100.13, 100, 14059, 822, 715, P0, 0x0000000000000020
2026/09/18 20:03:35.742, 1, 76, 54.17, 0, 13169, 1303, 715, P0, 0x0000000000000000
2026/09/18 20:03:36.748, 0, 79, 112.99, 100, 14059, 987, 715, P0, 0x0000000000000020
2026/09/18 20:03:36.751, 1, 80, 205.40, 100, 13169, 1328, 715, P0, 0x0000000000000000
2026/09/18 20:03:37.766, 0, 79, 104.47, 100, 14059, 885, 715, P0, 0x0000000000000020
2026/09/18 20:03:37.769, 1, 77, 54.43, 0, 13169, 1290, 715, P0, 0x0000000000000000
2026/09/18 20:03:38.780, 0, 79, 103.35, 100, 14059, 873, 715, P0, 0x0000000000000020
2026/09/18 20:03:38.783, 1, 79, 188.29, 100, 13169, 1328, 715, P0, 0x0000000000000000
2026/09/18 20:03:39.791, 0, 79, 100.39, 100, 14059, 1063, 715, P0, 0x0000000000000000
2026/09/18 20:03:39.801, 1, 79, 53.24, 100, 13169, 1227, 715, P0, 0x0000000000000000
2026/09/18 20:03:40.817, 0, 79, 104.23, 100, 14059, 885, 715, P0, 0x0000000000000020
2026/09/18 20:03:40.821, 1, 77, 50.57, 0, 13169, 1227, 715, P0, 0x0000000000000000
2026/09/18 20:03:41.834, 0, 79, 111.20, 100, 14059, 1012, 715, P0, 0x0000000000000020
2026/09/18 20:03:41.841, 1, 79, 176.06, 100, 13169, 1290, 715, P0, 0x0000000000000020
2026/09/18 20:03:42.863, 0, 79, 106.09, 100, 14059, 898, 715, P0, 0x0000000000000000
2026/09/18 20:03:42.866, 1, 77, 52.74, 0, 13169, 1265, 715, P0, 0x0000000000000000
2026/09/18 20:03:43.878, 0, 79, 105.76, 99, 14059, 885, 715, P0, 0x0000000000000020
2026/09/18 20:03:43.883, 1, 78, 182.22, 100, 13169, 1328, 715, P0, 0x0000000000000000
2026/09/18 20:03:44.896, 0, 79, 104.17, 100, 14059, 873, 715, P0, 0x0000000000000020
2026/09/18 20:03:44.901, 1, 80, 169.87, 100, 13169, 1303, 715, P0, 0x0000000000000000
2026/09/18 20:03:45.908, 0, 79, 103.68, 100, 14059, 873, 715, P0, 0x0000000000000020
2026/09/18 20:03:45.911, 1, 77, 54.40, 0, 13169, 1303, 715, P0, 0x0000000000000000
2026/09/18 20:03:46.920, 0, 79, 97.42, 100, 14059, 1063, 715, P0, 0x0000000000000000
2026/09/18 20:03:46.923, 1, 80, 149.84, 100, 13169, 1290, 715, P0, 0x0000000000000000
2026/09/18 20:03:47.932, 0, 79, 104.72, 100, 14059, 885, 715, P0, 0x0000000000000020
2026/09/18 20:03:47.940, 1, 77, 49.85, 0, 13169, 1189, 715, P0, 0x0000000000000000
2026/09/18 20:03:48.959, 0, 79, 104.81, 99, 14059, 999, 715, P0, 0x0000000000000020
2026/09/18 20:03:48.962, 1, 77, 139.01, 12, 13169, 1189, 715, P0, 0x0000000000000000
2026/09/18 20:03:49.974, 0, 79, 104.32, 100, 14059, 873, 715, P0, 0x0000000000000020
2026/09/18 20:03:49.980, 1, 80, 134.71, 100, 13169, 1189, 715, P0, 0x0000000000000020
2026/09/18 20:03:50.989, 0, 79, 113.48, 100, 14059, 1025, 715, P0, 0x0000000000000020
2026/09/18 20:03:51.000, 1, 77, 56.07, 0, 13169, 1316, 715, P0, 0x0000000000000000
2026/09/18 20:03:52.019, 0, 79, 103.94, 100, 14059, 885, 715, P0, 0x0000000000000000
2026/09/18 20:03:52.022, 1, 79, 161.74, 100, 13169, 1265, 715, P0, 0x0000000000000000
2026/09/18 20:03:53.033, 0, 79, 105.19, 100, 14059, 885, 715, P0, 0x0000000000000020
2026/09/18 20:03:53.040, 1, 78, 55.13, 21, 13169, 1290, 715, P0, 0x0000000000000000
2026/09/18 20:03:54.045, 0, 79, 103.74, 100, 14059, 873, 715, P0, 0x0000000000000020
2026/09/18 20:03:54.048, 1, 76, 53.72, 0, 13169, 1290, 715, P0, 0x0000000000000000
2026/09/18 20:03:55.062, 0, 79, 102.47, 100, 14059, 860, 715, P0, 0x0000000000000020
2026/09/18 20:03:55.065, 1, 80, 177.98, 100, 13169, 1265, 715, P0, 0x0000000000000020
2026/09/18 20:03:56.075, 0, 78, 98.52, 100, 14059, 1063, 715, P0, 0x0000000000000000
2026/09/18 20:03:56.081, 1, 77, 54.92, 0, 13169, 1303, 715, P0, 0x0000000000000000
2026/09/18 20:03:57.088, 0, 79, 103.58, 100, 14059, 873, 715, P0, 0x0000000000000020
2026/09/18 20:03:57.090, 1, 79, 196.93, 100, 13169, 1328, 715, P0, 0x0000000000000000
2026/09/18 20:03:58.104, 0, 79, 100.14, 100, 14059, 1063, 715, P0, 0x0000000000000000
2026/09/18 20:03:58.108, 1, 78, 55.38, 56, 13169, 1303, 715, P0, 0x0000000000000000
2026/09/18 20:03:59.121, 0, 79, 108.98, 100, 14059, 949, 715, P0, 0x0000000000000020
2026/09/18 20:03:59.124, 1, 77, 54.40, 0, 13169, 1303, 715, P0, 0x0000000000000000
2026/09/18 20:04:00.136, 0, 79, 108.29, 100, 14059, 936, 715, P0, 0x0000000000000020
2026/09/18 20:04:00.141, 1, 79, 144.04, 100, 13169, 1189, 715, P0, 0x0000000000000000
2026/09/18 20:04:01.151, 0, 79, 105.44, 100, 14059, 1101, 715, P0, 0x0000000000000020
2026/09/18 20:04:01.158, 1, 77, 52.26, 0, 13169, 1252, 715, P0, 0x0000000000000000
2026/09/18 20:04:02.164, 0, 79, 108.53, 100, 14059, 936, 715, P0, 0x0000000000000020
2026/09/18 20:04:02.167, 1, 79, 199.04, 100, 13169, 1328, 715, P0, 0x0000000000000000
2026/09/18 20:04:03.179, 0, 79, 119.25, 100, 14059, 999, 715, P0, 0x0000000000000020
2026/09/18 20:04:03.182, 1, 78, 54.63, 80, 13169, 1290, 715, P0, 0x0000000000000000
2026/09/18 20:04:04.194, 0, 79, 109.45, 100, 14059, 949, 715, P0, 0x0000000000000020
2026/09/18 20:04:04.199, 1, 77, 53.67, 0, 13169, 1290, 715, P0, 0x0000000000000000
2026/09/18 20:04:05.206, 0, 79, 108.03, 100, 14059, 936, 715, P0, 0x0000000000000020
2026/09/18 20:04:05.209, 1, 80, 156.25, 100, 13169, 1227, 715, P0, 0x0000000000000000
2026/09/18 20:04:06.219, 0, 79, 114.22, 100, 14059, 1063, 715, P0, 0x0000000000000000
2026/09/18 20:04:06.222, 1, 77, 49.11, 0, 13169, 1189, 715, P0, 0x0000000000000000
2026/09/18 20:04:07.236, 0, 79, 108.43, 100, 14059, 923, 715, P0, 0x0000000000000020
2026/09/18 20:04:07.240, 1, 79, 169.84, 100, 13169, 1328, 715, P0, 0x0000000000000000
2026/09/18 20:04:08.250, 0, 79, 108.72, 100, 14059, 936, 715, P0, 0x0000000000000020
2026/09/18 20:04:08.259, 1, 78, 57.05, 52, 13169, 1316, 715, P0, 0x0000000000000000
2026/09/18 20:04:09.264, 0, 79, 113.32, 100, 14059, 1113, 715, P0, 0x0000000000000000
2026/09/18 20:04:09.267, 1, 77, 144.72, 0, 13169, 1316, 715, P0, 0x0000000000000000
2026/09/18 20:04:10.277, 0, 79, 108.97, 100, 14059, 936, 715, P0, 0x0000000000000000
2026/09/18 20:04:10.280, 1, 80, 103.87, 100, 13169, 1189, 715, P0, 0x0000000000000000
2026/09/18 20:04:11.291, 0, 79, 101.82, 100, 14059, 1075, 715, P0, 0x0000000000000000
2026/09/18 20:04:11.299, 1, 77, 55.84, 0, 13169, 1316, 715, P0, 0x0000000000000000
2026/09/18 20:04:12.306, 0, 79, 107.95, 100, 14059, 936, 715, P0, 0x0000000000000020
2026/09/18 20:04:12.309, 1, 79, 169.74, 100, 13169, 1316, 715, P0, 0x0000000000000020
2026/09/18 20:04:13.317, 0, 79, 108.50, 100, 14059, 936, 715, P0, 0x0000000000000020
2026/09/18 20:04:13.320, 1, 78, 56.81, 0, 13169, 1316, 715, P0, 0x0000000000000000
2026/09/18 20:04:14.335, 0, 79, 105.14, 100, 14059, 1075, 715, P0, 0x0000000000000020
2026/09/18 20:04:14.338, 1, 77, 174.62, 8, 13169, 1316, 715, P0, 0x0000000000000000
2026/09/18 20:04:15.347, 0, 79, 108.76, 100, 14059, 936, 715, P0, 0x0000000000000020
2026/09/18 20:04:15.358, 1, 80, 140.71, 100, 13169, 1252, 715, P0, 0x0000000000000000
2026/09/18 20:04:16.364, 0, 79, 116.59, 100, 14059, 1012, 715, P0, 0x0000000000000020
2026/09/18 20:04:16.367, 1, 77, 55.58, 0, 13169, 1316, 715, P0, 0x0000000000000000
2026/09/18 20:04:17.378, 0, 79, 93.29, 100, 14059, 936, 715, P0, 0x0000000000000020
2026/09/18 20:04:17.381, 1, 79, 163.99, 100, 13169, 1328, 715, P0, 0x0000000000000000
2026/09/18 20:04:18.394, 0, 79, 108.50, 100, 14059, 936, 715, P0, 0x0000000000000020
2026/09/18 20:04:18.399, 1, 78, 56.57, 0, 13169, 1316, 715, P0, 0x0000000000000000
2026/09/18 20:04:19.410, 0, 79, 118.90, 99, 14059, 1075, 715, P0, 0x0000000000000020
2026/09/18 20:04:19.419, 1, 78, 153.04, 0, 13169, 1316, 715, P0, 0x0000000000000000
2026/09/18 20:04:20.425, 0, 79, 108.68, 100, 14059, 936, 715, P0, 0x0000000000000020
2026/09/18 20:04:20.428, 1, 79, 111.90, 100, 13169, 1189, 715, P0, 0x0000000000000000
2026/09/18 20:04:21.436, 0, 79, 118.29, 100, 14059, 1012, 715, P0, 0x0000000000000020
2026/09/18 20:04:21.440, 1, 77, 49.11, 0, 13169, 1189, 715, P0, 0x0000000000000000
2026/09/18 20:04:22.449, 0, 79, 97.29, 100, 14059, 936, 715, P0, 0x0000000000000020
2026/09/18 20:04:22.459, 1, 79, 162.52, 100, 13169, 1328, 715, P0, 0x0000000000000000
2026/09/18 20:04:23.463, 0, 79, 108.75, 100, 14059, 936, 715, P0, 0x0000000000000020
2026/09/18 20:04:23.466, 1, 78, 50.81, 1, 13169, 1202, 715, P0, 0x0000000000000000
2026/09/18 20:04:24.473, 0, 79, 102.87, 100, 14059, 1088, 715, P0, 0x0000000000000000
2026/09/18 20:04:24.479, 1, 77, 141.64, 0, 13169, 1202, 715, P0, 0x0000000000000000
2026/09/18 20:04:25.490, 0, 79, 109.11, 100, 14059, 936, 715, P0, 0x0000000000000000
2026/09/18 20:04:25.504, 1, 80, 139.01, 100, 13169, 1265, 715, P0, 0x0000000000000000
2026/09/18 20:04:26.522, 0, 79, 118.20, 100, 14059, 1050, 715, P0, 0x0000000000000020
2026/09/18 20:04:26.524, 1, 77, 55.58, 0, 13169, 1316, 715, P0, 0x0000000000000000
2026/09/18 20:04:27.536, 0, 79, 108.72, 100, 14059, 949, 715, P0, 0x0000000000000000
2026/09/18 20:04:27.538, 1, 79, 163.30, 100, 13169, 1316, 715, P0, 0x0000000000000020
2026/09/18 20:04:28.547, 0, 79, 108.50, 100, 14059, 936, 715, P0, 0x0000000000000020
2026/09/18 20:04:28.558, 1, 78, 53.20, 0, 13169, 1252, 715, P0, 0x0000000000000000
2026/09/18 20:04:29.575, 0, 79, 103.47, 99, 14059, 1088, 715, P0, 0x0000000000000000
2026/09/18 20:04:29.578, 1, 77, 155.52, 0, 13169, 1252, 715, P0, 0x0000000000000000
2026/09/18 20:04:30.589, 0, 79, 108.60, 100, 14059, 923, 715, P0, 0x0000000000000020
2026/09/18 20:04:30.598, 1, 80, 128.28, 100, 13169, 1177, 715, P0, 0x0000000000000020
2026/09/18 20:04:31.605, 0, 79, 112.80, 100, 14059, 1063, 715, P0, 0x0000000000000000
2026/09/18 20:04:31.608, 1, 77, 51.04, 0, 13169, 1227, 715, P0, 0x0000000000000000
2026/09/18 20:04:32.618, 0, 79, 108.53, 100, 14059, 936, 715, P0, 0x0000000000000020
2026/09/18 20:04:32.622, 1, 79, 159.19, 100, 13169, 1290, 715, P0, 0x0000000000000000
2026/09/18 20:04:33.632, 0, 79, 108.50, 100, 14059, 923, 715, P0, 0x0000000000000020
2026/09/18 20:04:33.637, 1, 78, 50.06, 28, 13169, 1189, 715, P0, 0x0000000000000000
2026/09/18 20:04:34.649, 0, 79, 102.34, 100, 14059, 1126, 715, P0, 0x0000000000000000
2026/09/18 20:04:34.656, 1, 76, 117.56, 0, 13169, 1189, 715, P0, 0x0000000000000000
2026/09/18 20:04:35.665, 0, 79, 108.66, 100, 14059, 923, 715, P0, 0x0000000000000020
2026/09/18 20:04:35.678, 1, 80, 154.35, 100, 13169, 1290, 715, P0, 0x0000000000000000
2026/09/18 20:04:36.696, 0, 79, 113.71, 100, 14059, 1050, 715, P0, 0x0000000000000020
2026/09/18 20:04:36.699, 1, 77, 54.15, 0, 13169, 1290, 715, P0, 0x0000000000000000
2026/09/18 20:04:37.712, 0, 79, 108.40, 100, 14059, 923, 715, P0, 0x0000000000000020
2026/09/18 20:04:37.717, 1, 79, 133.86, 100, 13169, 1278, 715, P0, 0x0000000000000000
2026/09/18 20:04:38.725, 0, 79, 109.69, 100, 14059, 936, 715, P0, 0x0000000000000020
2026/09/18 20:04:38.736, 1, 78, 52.26, 0, 13169, 1227, 715, P0, 0x0000000000000000
2026/09/18 20:04:39.754, 0, 79, 108.50, 100, 14059, 949, 715, P0, 0x0000000000000020
2026/09/18 20:04:39.757, 1, 76, 50.57, 0, 13169, 1227, 715, P0, 0x0000000000000000
2026/09/18 20:04:40.770, 0, 79, 108.15, 100, 14059, 923, 715, P0, 0x0000000000000020
2026/09/18 20:04:40.779, 1, 80, 176.86, 100, 13169, 1290, 715, P0, 0x0000000000000000
2026/09/18 20:04:41.785, 0, 79, 120.22, 100, 14059, 1101, 715, P0, 0x0000000000000020
2026/09/18 20:04:41.788, 1, 77, 49.32, 0, 13169, 1189, 715, P0, 0x0000000000000000
2026/09/18 20:04:42.800, 0, 79, 109.04, 100, 14059, 936, 715, P0, 0x0000000000000020
2026/09/18 20:04:42.803, 1, 79, 185.43, 100, 13169, 1328, 715, P0, 0x0000000000000000
2026/09/18 20:04:43.815, 0, 79, 111.15, 100, 14059, 1075, 715, P0, 0x0000000000000000
2026/09/18 20:04:43.818, 1, 78, 57.05, 66, 13169, 1328, 715, P0, 0x0000000000000000
2026/09/18 20:04:44.827, 0, 79, 108.48, 100, 14059, 949, 715, P0, 0x0000000000000000
2026/09/18 20:04:44.838, 1, 77, 55.84, 0, 13169, 1328, 715, P0, 0x0000000000000000
2026/09/18 20:04:45.858, 0, 79, 108.37, 100, 14059, 923, 715, P0, 0x0000000000000020
2026/09/18 20:04:45.861, 1, 79, 136.32, 100, 13169, 1126, 715, P0, 0x0000000000000020
2026/09/18 20:04:46.873, 0, 79, 78.16, 100, 14059, 999, 715, P0, 0x0000000000000000
2026/09/18 20:04:46.877, 1, 77, 49.91, 0, 13169, 1202, 715, P0, 0x0000000000000000
2026/09/18 20:04:47.887, 0, 79, 108.06, 100, 14059, 923, 715, P0, 0x0000000000000020
2026/09/18 20:04:47.897, 1, 79, 195.17, 100, 13169, 1328, 715, P0, 0x0000000000000000
2026/09/18 20:04:48.915, 0, 79, 105.60, 100, 14059, 1025, 715, P0, 0x0000000000000020
2026/09/18 20:04:48.918, 1, 79, 58.04, 67, 13169, 1316, 715, P0, 0x0000000000000020
2026/09/18 20:04:49.933, 0, 79, 108.96, 100, 14059, 949, 715, P0, 0x0000000000000020
2026/09/18 20:04:49.937, 1, 77, 55.84, 0, 13169, 1316, 715, P0, 0x0000000000000000
2026/09/18 20:04:50.945, 0, 79, 122.74, 100, 14059, 1050, 715, P0, 0x0000000000000020
2026/09/18 20:04:50.957, 1, 80, 185.98, 100, 13169, 1316, 715, P0, 0x0000000000000020
2026/09/18 20:04:51.976, 0, 79, 109.23, 100, 14059, 936, 715, P0, 0x0000000000000020
2026/09/18 20:04:51.979, 1, 77, 49.60, 0, 13169, 1189, 715, P0, 0x0000000000000000
2026/09/18 20:04:52.992, 0, 79, 108.31, 100, 14059, 936, 715, P0, 0x0000000000000020
2026/09/18 20:04:52.996, 1, 78, 184.96, 100, 13169, 1316, 715, P0, 0x0000000000000000
2026/09/18 20:04:54.009, 0, 79, 75.58, 100, 14059, 1025, 715, P0, 0x0000000000000000
2026/09/18 20:04:54.015, 1, 79, 114.27, 100, 13169, 1139, 715, P0, 0x0000000000000000
2026/09/18 20:04:55.026, 0, 79, 108.26, 100, 14059, 936, 715, P0, 0x0000000000000020
2026/09/18 20:04:55.036, 1, 77, 50.81, 0, 13169, 1227, 715, P0, 0x0000000000000000
2026/09/18 20:04:56.052, 0, 79, 103.12, 100, 14059, 1050, 715, P0, 0x0000000000000020
2026/09/18 20:04:56.056, 1, 80, 188.69, 100, 13169, 1328, 715, P0, 0x0000000000000000
2026/09/18 20:04:57.069, 0, 79, 108.50, 100, 14059, 936, 715, P0, 0x0000000000000020
2026/09/18 20:04:57.075, 1, 78, 50.33, 0, 13169, 1202, 715, P0, 0x0000000000000000
2026/09/18 20:04:58.080, 0, 79, 112.57, 99, 14059, 1063, 715, P0, 0x0000000000000000
2026/09/18 20:04:58.083, 1, 77, 129.90, 5, 13169, 1202, 715, P0, 0x0000000000000000
2026/09/18 20:04:59.096, 0, 79, 107.85, 100, 14059, 911, 715, P0, 0x0000000000000020
2026/09/18 20:04:59.099, 1, 79, 140.83, 100, 13169, 1202, 715, P0, 0x0000000000000000
2026/09/18 20:05:00.109, 0, 79, 119.90, 100, 14059, 987, 715, P0, 0x0000000000000020
2026/09/18 20:05:00.116, 1, 77, 52.93, 0, 13169, 1265, 715, P0, 0x0000000000000000
2026/09/18 20:05:01.122, 0, 79, 107.32, 100, 14059, 923, 715, P0, 0x0000000000000000
2026/09/18 20:05:01.123, 1, 79, 169.66, 100, 13169, 1316, 715, P0, 0x0000000000000000
2026/09/18 20:05:02.135, 0, 79, 108.74, 100, 14059, 936, 715, P0, 0x0000000000000020
2026/09/18 20:05:02.138, 1, 78, 56.81, 0, 13169, 1316, 715, P0, 0x0000000000000000
2026/09/18 20:05:03.148, 0, 79, 108.50, 100, 14059, 936, 715, P0, 0x0000000000000020
2026/09/18 20:05:03.155, 1, 77, 55.84, 0, 13169, 1316, 715, P0, 0x0000000000000000
2026/09/18 20:05:04.173, 0, 79, 107.95, 100, 14059, 923, 715, P0, 0x0000000000000000
2026/09/18 20:05:04.177, 1, 80, 165.43, 100, 13169, 1252, 715, P0, 0x0000000000000020
2026/09/18 20:05:05.186, 0, 79, 109.95, 100, 14059, 1113, 715, P0, 0x0000000000000000
2026/09/18 20:05:05.192, 1, 77, 49.36, 0, 13169, 1189, 715, P0, 0x0000000000000000
2026/09/18 20:05:06.199, 0, 80, 107.80, 100, 14059, 923, 715, P0, 0x0000000000000020
2026/09/18 20:05:06.202, 1, 78, 153.01, 100, 13169, 1215, 715, P0, 0x0000000000000000
2026/09/18 20:05:07.212, 0, 79, 103.86, 100, 14059, 1050, 715, P0, 0x0000000000000020
2026/09/18 20:05:07.214, 1, 79, 81.99, 100, 13169, 1303, 715, P0, 0x0000000000000000
2026/09/18 20:05:08.228, 0, 79, 108.74, 100, 14059, 936, 715, P0, 0x0000000000000020
2026/09/18 20:05:08.235, 1, 77, 54.40, 0, 13169, 1303, 715, P0, 0x0000000000000000
2026/09/18 20:05:09.247, 0, 79, 98.62, 100, 14059, 987, 715, P0, 0x0000000000000000
2026/09/18 20:05:09.257, 1, 79, 126.96, 100, 13169, 1088, 715, P0, 0x0000000000000020
2026/09/18 20:05:10.280, 0, 79, 103.27, 100, 14059, 810, 715, P0, 0x0000000000000020
2026/09/18 20:05:10.283, 1, 77, 51.54, 0, 13169, 1227, 715, P0, 0x0000000000000000
2026/09/18 20:05:11.296, 0, 79, 95.86, 100, 14059, 772, 715, P0, 0x0000000000000000
2026/09/18 20:05:11.298, 1, 76, 50.34, 0, 13169, 1227, 715, P0, 0x0000000000000000
2026/09/18 20:05:12.309, 0, 79, 94.89, 100, 14059, 759, 715, P0, 0x0000000000000020
2026/09/18 20:05:12.316, 1, 79, 166.22, 100, 13169, 1328, 715, P0, 0x0000000000000000
2026/09/18 20:05:13.322, 0, 79, 102.29, 100, 14059, 898, 715, P0, 0x0000000000000020
2026/09/18 20:05:13.325, 1, 78, 56.82, 0, 13169, 1316, 715, P0, 0x0000000000000000
2026/09/18 20:05:14.334, 0, 79, 94.64, 100, 14059, 759, 715, P0, 0x0000000000000020
2026/09/18 20:05:14.337, 1, 77, 55.65, 0, 13169, 1316, 715, P0, 0x0000000000000000
2026/09/18 20:05:15.350, 0, 79, 98.64, 100, 14059, 810, 715, P0, 0x0000000000000020
2026/09/18 20:05:15.356, 1, 79, 187.59, 100, 13169, 1328, 715, P0, 0x0000000000000000
2026/09/18 20:05:16.363, 0, 79, 109.25, 100, 14059, 1050, 715, P0, 0x0000000000000000
2026/09/18 20:05:16.374, 1, 78, 50.55, 0, 13169, 1202, 715, P0, 0x0000000000000000
2026/09/18 20:05:17.391, 0, 79, 105.92, 100, 14059, 898, 715, P0, 0x0000000000000020
2026/09/18 20:05:17.394, 1, 76, 49.12, 0, 13169, 1202, 715, P0, 0x0000000000000000
2026/09/18 20:05:18.407, 0, 79, 108.02, 100, 14059, 1037, 715, P0, 0x0000000000000000
2026/09/18 20:05:18.414, 1, 80, 199.79, 100, 13169, 1290, 715, P0, 0x0000000000000020
2026/09/18 20:05:19.422, 0, 79, 105.67, 100, 14059, 898, 715, P0, 0x0000000000000000
2026/09/18 20:05:19.425, 1, 77, 52.50, 0, 13169, 1252, 715, P0, 0x0000000000000000
2026/09/18 20:05:20.435, 0, 79, 99.02, 99, 14059, 999, 715, P0, 0x0000000000000020
2026/09/18 20:05:20.438, 1, 77, 155.65, 27, 13169, 1252, 715, P0, 0x0000000000000000
2026/09/18 20:05:21.447, 0, 79, 105.37, 100, 14059, 885, 715, P0, 0x0000000000000020
2026/09/18 20:05:21.454, 1, 80, 171.21, 100, 13169, 1316, 715, P0, 0x0000000000000000
2026/09/18 20:05:22.463, 0, 79, 106.81, 100, 14059, 987, 715, P0, 0x0000000000000020
2026/09/18 20:05:22.475, 1, 77, 56.09, 0, 13169, 1316, 715, P0, 0x0000000000000000
2026/09/18 20:05:23.490, 0, 79, 104.54, 100, 14059, 885, 715, P0, 0x0000000000000020
2026/09/18 20:05:23.494, 1, 79, 189.86, 100, 13169, 1316, 715, P0, 0x0000000000000000
2026/09/18 20:05:24.505, 0, 79, 113.73, 100, 14059, 1050, 715, P0, 0x0000000000000020
2026/09/18 20:05:24.515, 1, 79, 53.43, 100, 13169, 1240, 715, P0, 0x0000000000000000
2026/09/18 20:05:25.532, 0, 79, 106.15, 100, 14059, 911, 715, P0, 0x0000000000000020
2026/09/18 20:05:25.535, 1, 77, 51.29, 0, 13169, 1240, 715, P0, 0x0000000000000000
2026/09/18 20:05:26.549, 0, 79, 107.88, 100, 14059, 1075, 715, P0, 0x0000000000000000
2026/09/18 20:05:26.554, 1, 80, 191.86, 100, 13169, 1328, 715, P0, 0x0000000000000000
2026/09/18 20:05:27.565, 0, 79, 104.65, 100, 14059, 885, 715, P0, 0x0000000000000020
2026/09/18 20:05:27.575, 1, 78, 54.88, 0, 13169, 1290, 715, P0, 0x0000000000000000
2026/09/18 20:05:28.592, 0, 79, 72.88, 100, 14059, 999, 715, P0, 0x0000000000000000
2026/09/18 20:05:28.595, 1, 76, 53.54, 0, 13169, 1290, 715, P0, 0x0000000000000000
2026/09/18 20:05:29.604, 0, 79, 104.68, 100, 14059, 885, 715, P0, 0x0000000000000020
2026/09/18 20:05:29.615, 1, 80, 148.34, 100, 13169, 1189, 715, P0, 0x0000000000000020
2026/09/18 20:05:30.635, 0, 79, 105.91, 100, 14059, 898, 715, P0, 0x0000000000000020
2026/09/18 20:05:30.638, 1, 77, 53.47, 0, 13169, 1278, 715, P0, 0x0000000000000000
2026/09/18 20:05:31.650, 0, 79, 103.59, 100, 14059, 873, 715, P0, 0x0000000000000020
2026/09/18 20:05:31.655, 1, 79, 185.46, 100, 13169, 1328, 715, P0, 0x0000000000000000
2026/09/18 20:05:32.675, 0, 79, 105.02, 100, 14059, 885, 715, P0, 0x0000000000000020
2026/09/18 20:05:32.678, 1, 79, 136.26, 100, 13169, 1177, 715, P0, 0x0000000000000020
2026/09/18 20:05:33.694, 0, 79, 106.15, 100, 14059, 898, 715, P0, 0x0000000000000020
2026/09/18 20:05:33.697, 1, 77, 53.94, 0, 13169, 1290, 715, P0, 0x0000000000000000
2026/09/18 20:05:34.715, 0, 79, 104.68, 100, 14059, 885, 715, P0, 0x0000000000000020
2026/09/18 20:05:34.718, 1, 79, 160.08, 100, 13169, 1265, 715, P0, 0x0000000000000000
2026/09/18 20:05:35.730, 0, 79, 110.65, 100, 14059, 911, 715, P0, 0x0000000000000020
2026/09/18 20:05:35.735, 1, 78, 54.88, 42, 13169, 1278, 715, P0, 0x0000000000000000
2026/09/18 20:05:36.743, 0, 79, 105.85, 100, 14059, 898, 715, P0, 0x0000000000000020
2026/09/18 20:05:36.753, 1, 77, 52.95, 0, 13169, 1278, 715, P0, 0x0000000000000000
2026/09/18 20:05:37.773, 0, 79, 117.81, 100, 14059, 987, 715, P0, 0x0000000000000020
2026/09/18 20:05:37.776, 1, 80, 180.51, 100, 13169, 1316, 715, P0, 0x0000000000000020
2026/09/18 20:05:38.786, 0, 79, 109.23, 100, 14059, 949, 715, P0, 0x0000000000000020
2026/09/18 20:05:38.793, 1, 77, 52.71, 0, 13169, 1252, 715, P0, 0x0000000000000000
2026/09/18 20:05:39.804, 0, 79, 109.04, 100, 14059, 949, 715, P0, 0x0000000000000020
2026/09/18 20:05:39.812, 1, 78, 184.24, 100, 13169, 1328, 715, P0, 0x0000000000000000
2026/09/18 20:05:40.818, 0, 79, 109.24, 100, 14059, 949, 715, P0, 0x0000000000000020
2026/09/18 20:05:40.821, 1, 80, 152.27, 100, 13169, 1252, 715, P0, 0x0000000000000000
2026/09/18 20:05:41.832, 0, 79, 109.45, 100, 14059, 949, 715, P0, 0x0000000000000020
2026/09/18 20:05:41.835, 1, 77, 54.88, 0, 13169, 1303, 715, P0, 0x0000000000000000
2026/09/18 20:05:42.844, 0, 79, 71.12, 100, 14059, 1088, 715, P0, 0x0000000000000000
2026/09/18 20:05:42.849, 1, 78, 98.96, 100, 13169, 1164, 715, P0, 0x0000000000000000
2026/09/18 20:05:43.858, 0, 79, 109.45, 100, 14059, 949, 715, P0, 0x0000000000000020
2026/09/18 20:05:43.861, 1, 78, 55.36, 82, 13169, 1303, 715, P0, 0x0000000000000000
2026/09/18 20:05:44.872, 0, 79, 74.05, 100, 14059, 1075, 715, P0, 0x0000000000000000
2026/09/18 20:05:44.874, 1, 76, 73.08, 0, 13169, 1303, 715, P0, 0x0000000000000000
2026/09/18 20:05:45.882, 0, 79, 108.42, 100, 14059, 949, 715, P0, 0x0000000000000000
2026/09/18 20:05:45.893, 1, 80, 164.48, 100, 13169, 1227, 715, P0, 0x0000000000000020
2026/09/18 20:05:46.898, 0, 79, 111.37, 100, 14059, 1113, 715, P0, 0x0000000000000020
2026/09/18 20:05:46.901, 1, 77, 54.88, 0, 13169, 1303, 715, P0, 0x0000000000000000
2026/09/18 20:05:47.914, 0, 79, 110.08, 100, 14059, 961, 715, P0, 0x0000000000000020
2026/09/18 20:05:47.917, 1, 79, 169.83, 100, 13169, 1252, 715, P0, 0x0000000000000020
2026/09/18 20:05:48.926, 0, 79, 117.43, 100, 14059, 1050, 715, P0, 0x0000000000000020
2026/09/18 20:05:48.932, 1, 79, 70.25, 100, 13169, 1265, 715, P0, 0x0000000000000000
2026/09/18 20:05:49.941, 0, 79, 109.92, 100, 14059, 949, 715, P0, 0x0000000000000020
2026/09/18 20:05:49.953, 1, 76, 55.84, 0, 13169, 1316, 715, P0, 0x0000000000000000
2026/09/18 20:05:50.971, 0, 79, 117.92, 100, 14059, 1063, 715, P0, 0x0000000000000020
2026/09/18 20:05:50.974, 1, 80, 160.18, 100, 13169, 1227, 715, P0, 0x0000000000000020
2026/09/18 20:05:51.982, 0, 79, 110.65, 100, 14059, 961, 715, P0, 0x0000000000000020
2026/09/18 20:05:51.991, 1, 77, 56.08, 0, 13169, 1316, 715, P0, 0x0000000000000000
2026/09/18 20:05:53.010, 0, 79, 117.57, 99, 14059, 1012, 715, P0, 0x0000000000000020
2026/09/18 20:05:53.013, 1, 78, 181.61, 78, 13169, 1328, 715, P0, 0x0000000000000000
2026/09/18 20:05:54.026, 0, 79, 109.88, 100, 14059, 949, 715, P0, 0x0000000000000020
2026/09/18 20:05:54.032, 1, 79, 157.42, 100, 13169, 1265, 715, P0, 0x0000000000000000
2026/09/18 20:05:55.042, 0, 79, 123.26, 100, 14059, 1050, 715, P0, 0x0000000000000020
2026/09/18 20:05:55.052, 1, 77, 53.42, 0, 13169, 1278, 715, P0, 0x0000000000000000
2026/09/18 20:05:56.070, 0, 79, 108.74, 100, 14059, 949, 715, P0, 0x0000000000000020
2026/09/18 20:05:56.073, 1, 79, 156.96, 100, 13169, 1328, 715, P0, 0x0000000000000000
2026/09/18 20:05:57.084, 0, 79, 112.99, 100, 14059, 949, 715, P0, 0x0000000000000020
2026/09/18 20:05:57.093, 1, 78, 55.60, 36, 13169, 1290, 715, P0, 0x0000000000000000
2026/09/18 20:05:58.099, 0, 79, 109.22, 100, 14059, 949, 715, P0, 0x0000000000000020
2026/09/18 20:05:58.110, 1, 77, 53.67, 0, 13169, 1290, 715, P0, 0x0000000000000000
2026/09/18 20:05:59.117, 0, 79, 109.39, 100, 14059, 936, 715, P0, 0x0000000000000020
2026/09/18 20:05:59.120, 1, 80, 162.81, 100, 13169, 1240, 715, P0, 0x0000000000000000
2026/09/18 20:06:00.132, 0, 79, 109.44, 100, 14059, 961, 715, P0, 0x0000000000000000
2026/09/18 20:06:00.134, 1, 77, 56.56, 0, 13169, 1316, 715, P0, 0x0000000000000000
2026/09/18 20:06:01.144, 0, 79, 108.18, 100, 14059, 936, 715, P0, 0x0000000000000020
2026/09/18 20:06:01.151, 1, 79, 170.09, 68, 13169, 1265, 715, P0, 0x0000000000000020
2026/09/18 20:06:02.160, 0, 79, 109.10, 100, 14059, 936, 715, P0, 0x0000000000000020
2026/09/18 20:06:02.172, 1, 79, 125.19, 100, 13169, 1139, 715, P0, 0x0000000000000020
2026/09/18 20:06:03.191, 0, 79, 109.45, 100, 14059, 949, 715, P0, 0x0000000000000020
2026/09/18 20:06:03.194, 1, 77, 53.43, 0, 13169, 1278, 715, P0, 0x0000000000000000
2026/09/18 20:06:04.206, 0, 79, 99.05, 100, 14059, 949, 715, P0, 0x0000000000000020
2026/09/18 20:06:04.210, 1, 79, 146.97, 100, 13169, 1316, 715, P0, 0x0000000000000020
2026/09/18 20:06:05.220, 0, 79, 109.68, 100, 14059, 949, 715, P0, 0x0000000000000020
2026/09/18 20:06:05.229, 1, 78, 56.81, 0, 13169, 1316, 715, P0, 0x0000000000000000
2026/09/18 20:06:06.233, 0, 79, 110.65, 100, 14059, 961, 715, P0, 0x0000000000000000
2026/09/18 20:06:06.236, 1, 77, 55.60, 0, 13169, 1316, 715, P0, 0x0000000000000000
2026/09/18 20:06:07.246, 0, 79, 88.43, 100, 14059, 936, 715, P0, 0x0000000000000000
2026/09/18 20:06:07.250, 1, 79, 129.62, 100, 13169, 1126, 715, P0, 0x0000000000000020
2026/09/18 20:06:08.265, 0, 79, 96.35, 100, 14059, 784, 715, P0, 0x0000000000000000
2026/09/18 20:06:08.273, 1, 77, 52.52, 0, 13169, 1265, 715, P0, 0x0000000000000000
2026/09/18 20:06:09.277, 0, 79, 96.82, 100, 14059, 784, 715, P0, 0x0000000000000000
2026/09/18 20:06:09.280, 1, 76, 51.55, 0, 13169, 1265, 715, P0, 0x0000000000000000
2026/09/18 20:06:10.295, 0, 79, 97.14, 100, 14059, 987, 715, P0, 0x0000000000000000
2026/09/18 20:06:10.298, 1, 80, 204.78, 100, 13169, 1328, 715, P0, 0x0000000000000000
2026/09/18 20:06:11.310, 0, 79, 101.10, 100, 14059, 797, 715, P0, 0x0000000000000020
2026/09/18 20:06:11.313, 1, 77, 54.69, 0, 13169, 1290, 715, P0, 0x0000000000000000
2026/09/18 20:06:12.324, 0, 79, 97.05, 100, 14059, 784, 715, P0, 0x0000000000000020
2026/09/18 20:06:12.331, 1, 76, 53.69, 0, 13169, 1290, 715, P0, 0x0000000000000000
2026/09/18 20:06:13.341, 0, 79, 96.06, 100, 14059, 772, 715, P0, 0x0000000000000020
2026/09/18 20:06:13.351, 1, 79, 184.44, 100, 13169, 1328, 715, P0, 0x0000000000000000
2026/09/18 20:06:14.369, 0, 79, 90.15, 100, 14059, 949, 715, P0, 0x0000000000000000
2026/09/18 20:06:14.372, 1, 78, 53.26, 0, 13169, 1265, 715, P0, 0x0000000000000000
2026/09/18 20:06:15.384, 0, 79, 101.10, 100, 14059, 847, 715, P0, 0x0000000000000020
2026/09/18 20:06:15.390, 1, 76, 51.78, 0, 13169, 1265, 715, P0, 0x0000000000000000
2026/09/18 20:06:16.397, 0, 79, 100.81, 100, 14059, 847, 715, P0, 0x0000000000000000
2026/09/18 20:06:16.400, 1, 79, 172.04, 100, 13169, 1328, 715, P0, 0x0000000000000000
2026/09/18 20:06:17.412, 0, 79, 107.05, 100, 14059, 1012, 715, P0, 0x0000000000000000
2026/09/18 20:06:17.415, 1, 78, 56.81, 0, 13169, 1316, 715, P0, 0x0000000000000000
2026/09/18 20:06:18.429, 0, 79, 101.34, 100, 14059, 847, 715, P0, 0x0000000000000020
2026/09/18 20:06:18.432, 1, 77, 54.88, 0, 13169, 1316, 715, P0, 0x0000000000000000
2026/09/18 20:06:19.440, 0, 79, 101.06, 100, 14059, 847, 715, P0, 0x0000000000000020
2026/09/18 20:06:19.451, 1, 79, 179.30, 100, 13169, 1328, 715, P0, 0x0000000000000000
2026/09/18 20:06:20.455, 0, 79, 116.31, 100, 14059, 1063, 715, P0, 0x0000000000000000
2026/09/18 20:06:20.458, 1, 78, 53.18, 0, 13169, 1252, 715, P0, 0x0000000000000000
2026/09/18 20:06:21.466, 0, 79, 106.64, 100, 14059, 911, 715, P0, 0x0000000000000020
2026/09/18 20:06:21.470, 1, 77, 51.53, 0, 13169, 1252, 715, P0, 0x0000000000000000
2026/09/18 20:06:22.480, 0, 79, 111.31, 100, 14059, 1025, 715, P0, 0x0000000000000020
2026/09/18 20:06:22.490, 1, 80, 206.50, 100, 13169, 1328, 715, P0, 0x0000000000000000
2026/09/18 20:06:23.499, 0, 79, 108.24, 100, 14059, 923, 715, P0, 0x0000000000000000
2026/09/18 20:06:23.510, 1, 77, 56.80, 0, 13169, 1316, 715, P0, 0x0000000000000000
2026/09/18 20:06:24.514, 0, 79, 104.83, 100, 14059, 1075, 715, P0, 0x0000000000000020
2026/09/18 20:06:24.517, 1, 77, 175.67, 0, 13169, 1316, 715, P0, 0x0000000000000000
2026/09/18 20:06:25.527, 0, 79, 107.56, 100, 14059, 923, 715, P0, 0x0000000000000000
2026/09/18 20:06:25.530, 1, 79, 153.97, 100, 13169, 1189, 715, P0, 0x0000000000000000
2026/09/18 20:06:26.543, 0, 79, 90.55, 100, 14059, 1101, 715, P0, 0x0000000000000000
2026/09/18 20:06:26.547, 1, 77, 56.09, 0, 13169, 1316, 715, P0, 0x0000000000000000
2026/09/18 20:06:27.557, 0, 79, 106.63, 100, 14059, 911, 715, P0, 0x0000000000000020
2026/09/18 20:06:27.569, 1, 79, 194.81, 100, 13169, 1328, 715, P0, 0x0000000000000000
2026/09/18 20:06:28.587, 0, 79, 107.45, 100, 14059, 911, 715, P0, 0x0000000000000020
2026/09/18 20:06:28.590, 1, 79, 126.12, 100, 13169, 1139, 715, P0, 0x0000000000000000
2026/09/18 20:06:29.601, 0, 79, 106.34, 100, 14059, 898, 715, P0, 0x0000000000000020
2026/09/18 20:06:29.609, 1, 77, 48.88, 0, 13169, 1189, 715, P0, 0x0000000000000000
2026/09/18 20:06:30.627, 0, 79, 107.20, 100, 14059, 911, 715, P0, 0x0000000000000020
2026/09/18 20:06:30.630, 1, 79, 184.99, 100, 13169, 1328, 715, P0, 0x0000000000000000
2026/09/18 20:06:31.639, 0, 79, 114.44, 100, 14059, 949, 715, P0, 0x0000000000000020
2026/09/18 20:06:31.651, 1, 78, 52.94, 0, 13169, 1252, 715, P0, 0x0000000000000000
2026/09/18 20:06:32.658, 0, 79, 108.26, 100, 14059, 923, 715, P0, 0x0000000000000000
2026/09/18 20:06:32.669, 1, 77, 51.29, 0, 13169, 1252, 715, P0, 0x0000000000000000
2026/09/18 20:06:33.674, 0, 79, 101.75, 100, 14059, 1012, 715, P0, 0x0000000000000020
2026/09/18 20:06:33.677, 1, 79, 128.82, 100, 13169, 1126, 715, P0, 0x0000000000000020
2026/09/18 20:06:34.686, 0, 79, 107.54, 100, 14059, 911, 715, P0, 0x0000000000000020
2026/09/18 20:06:34.690, 1, 77, 53.92, 0, 13169, 1278, 715, P0, 0x0000000000000000
2026/09/18 20:06:35.696, 0, 79, 114.03, 100, 14059, 1101, 715, P0, 0x0000000000000020
2026/09/18 20:06:35.700, 1, 77, 151.98, 0, 13169, 1278, 715, P0, 0x0000000000000000
2026/09/18 20:06:36.706, 0, 79, 105.64, 100, 14059, 898, 715, P0, 0x0000000000000020
2026/09/18 20:06:36.709, 1, 80, 152.79, 100, 13169, 1202, 715, P0, 0x0000000000000000
2026/09/18 20:06:37.718, 0, 79, 107.03, 100, 14059, 911, 715, P0, 0x0000000000000020
2026/09/18 20:06:37.729, 1, 77, 56.08, 0, 13169, 1316, 715, P0, 0x0000000000000000
2026/09/18 20:06:38.747, 0, 79, 105.40, 100, 14059, 911, 715, P0, 0x0000000000000000
2026/09/18 20:06:38.751, 1, 78, 151.35, 99, 13169, 1202, 715, P0, 0x0000000000000000
2026/09/18 20:06:39.761, 0, 79, 106.24, 100, 14059, 898, 715, P0, 0x0000000000000020
2026/09/18 20:06:39.769, 1, 79, 136.25, 100, 13169, 1189, 715, P0, 0x0000000000000000
2026/09/18 20:06:40.776, 0, 79, 109.15, 100, 14059, 1050, 715, P0, 0x0000000000000000
2026/09/18 20:06:40.779, 1, 77, 55.80, 0, 13169, 1316, 715, P0, 0x0000000000000000
2026/09/18 20:06:41.785, 0, 79, 105.90, 100, 14059, 911, 715, P0, 0x0000000000000000
2026/09/18 20:06:41.789, 1, 79, 199.43, 100, 13169, 1328, 715, P0, 0x0000000000000000
2026/09/18 20:06:42.799, 0, 79, 111.88, 100, 14059, 1025, 715, P0, 0x0000000000000020
2026/09/18 20:06:42.810, 1, 79, 51.06, 100, 13169, 1189, 715, P0, 0x0000000000000000
2026/09/18 20:06:43.828, 0, 79, 108.03, 100, 14059, 923, 715, P0, 0x0000000000000000
2026/09/18 20:06:43.831, 1, 77, 48.88, 0, 13169, 1189, 715, P0, 0x0000000000000000
2026/09/18 20:06:44.842, 0, 79, 105.54, 100, 14059, 1075, 715, P0, 0x0000000000000020
2026/09/18 20:06:44.849, 1, 79, 184.40, 100, 13169, 1328, 715, P0, 0x0000000000000000
2026/09/18 20:06:45.857, 0, 79, 107.12, 100, 14059, 911, 715, P0, 0x0000000000000020
2026/09/18 20:06:45.860, 1, 78, 53.92, 0, 13169, 1265, 715, P0, 0x0000000000000000
2026/09/18 20:06:46.870, 0, 79, 108.26, 100, 14059, 923, 715, P0, 0x0000000000000000
2026/09/18 20:06:46.874, 1, 76, 52.49, 0, 13169, 1265, 715, P0, 0x0000000000000000
2026/09/18 20:06:47.885, 0, 79, 111.29, 100, 14059, 911, 715, P0, 0x0000000000000020
2026/09/18 20:06:47.890, 1, 80, 171.17, 100, 13169, 1252, 715, P0, 0x0000000000000020
2026/09/18 20:06:48.902, 0, 79, 106.82, 100, 14059, 911, 715, P0, 0x0000000000000020
2026/09/18 20:06:48.908, 1, 77, 49.37, 0, 13169, 1189, 715, P0, 0x0000000000000000
2026/09/18 20:06:49.917, 0, 79, 99.33, 100, 14059, 1050, 715, P0, 0x0000000000000000
2026/09/18 20:06:49.929, 1, 77, 139.64, 21, 13169, 1189, 715, P0, 0x0000000000000000
2026/09/18 20:06:50.933, 0, 79, 107.55, 100, 14059, 911, 715, P0, 0x0000000000000020
2026/09/18 20:06:50.936, 1, 80, 155.40, 100, 13169, 1189, 715, P0, 0x0000000000000020
2026/09/18 20:06:51.944, 0, 79, 91.10, 100, 14059, 1101, 715, P0, 0x0000000000000000
2026/09/18 20:06:51.946, 1, 77, 49.86, 0, 13169, 1215, 715, P0, 0x0000000000000000
2026/09/18 20:06:52.959, 0, 79, 105.73, 100, 14059, 898, 715, P0, 0x0000000000000020
2026/09/18 20:06:52.969, 1, 79, 191.97, 100, 13169, 1328, 715, P0, 0x0000000000000000
2026/09/18 20:06:53.982, 0, 79, 107.31, 100, 14059, 911, 715, P0, 0x0000000000000020
2026/09/18 20:06:53.989, 1, 80, 152.07, 100, 13169, 1290, 715, P0, 0x0000000000000020
2026/09/18 20:06:55.000, 0, 79, 114.68, 100, 14059, 923, 715, P0, 0x0000000000000020
2026/09/18 20:06:55.010, 1, 77, 53.91, 0, 13169, 1290, 715, P0, 0x0000000000000000
2026/09/18 20:06:56.030, 0, 79, 105.63, 100, 14059, 898, 715, P0, 0x0000000000000020
2026/09/18 20:06:56.033, 1, 80, 144.74, 100, 13169, 1328, 715, P0, 0x0000000000000000
2026/09/18 20:06:57.042, 0, 79, 110.93, 100, 14059, 1050, 715, P0, 0x0000000000000000
2026/09/18 20:06:57.049, 1, 78, 50.81, 13, 13169, 1189, 715, P0, 0x0000000000000000
2026/09/18 20:06:58.058, 0, 79, 108.33, 100, 14059, 923, 715, P0, 0x0000000000000000
2026/09/18 20:06:58.068, 1, 76, 48.88, 0, 13169, 1189, 715, P0, 0x0000000000000000
2026/09/18 20:06:59.077, 0, 79, 104.89, 100, 14059, 1088, 715, P0, 0x0000000000000020
2026/09/18 20:06:59.087, 1, 79, 165.62, 100, 13169, 1328, 715, P0, 0x0000000000000000
2026/09/18 20:07:00.106, 0, 79, 107.10, 100, 14059, 911, 715, P0, 0x0000000000000020
2026/09/18 20:07:00.110, 1, 78, 55.85, 0, 13169, 1303, 715, P0, 0x0000000000000000
2026/09/18 20:07:01.119, 0, 79, 106.57, 100, 14059, 923, 715, P0, 0x0000000000000000
2026/09/18 20:07:01.131, 1, 77, 54.15, 0, 13169, 1303, 715, P0, 0x0000000000000000
2026/09/18 20:07:02.148, 0, 79, 108.03, 100, 14059, 911, 715, P0, 0x0000000000000020
2026/09/18 20:07:02.152, 1, 79, 155.30, 100, 13169, 1227, 715, P0, 0x0000000000000020
2026/09/18 20:07:03.164, 0, 79, 108.01, 100, 14059, 923, 715, P0, 0x0000000000000000
2026/09/18 20:07:03.169, 1, 77, 56.33, 0, 13169, 1316, 715, P0, 0x0000000000000000
2026/09/18 20:07:04.181, 0, 79, 98.19, 99, 14059, 1037, 715, P0, 0x0000000000000000
2026/09/18 20:07:04.190, 1, 78, 169.06, 0, 13169, 1316, 715, P0, 0x0000000000000000
2026/09/18 20:07:05.199, 0, 79, 106.51, 100, 14059, 911, 715, P0, 0x0000000000000000
2026/09/18 20:07:05.208, 1, 80, 123.74, 100, 13169, 1252, 715, P0, 0x0000000000000000
2026/09/18 20:07:06.213, 0, 79, 81.31, 100, 14059, 911, 715, P0, 0x0000000000000020
2026/09/18 20:07:06.216, 1, 77, 49.19, 0, 13169, 1189, 715, P0, 0x0000000000000000
2026/09/18 20:07:07.223, 0, 79, 105.25, 100, 14059, 898, 715, P0, 0x0000000000000020
2026/09/18 20:07:07.229, 1, 78, 192.68, 77, 13169, 1316, 715, P0, 0x0000000000000000
2026/09/18 20:07:08.237, 0, 79, 107.40, 100, 14059, 911, 715, P0, 0x0000000000000000
2026/09/18 20:07:08.249, 1, 79, 143.99, 100, 13169, 1215, 715, P0, 0x0000000000000000
2026/09/18 20:07:09.267, 0, 79, 104.58, 100, 14059, 1050, 715, P0, 0x0000000000000000
2026/09/18 20:07:09.270, 1, 77, 56.09, 0, 13169, 1316, 715, P0, 0x0000000000000000
2026/09/18 20:07:10.282, 0, 79, 106.85, 100, 14059, 911, 715, P0, 0x0000000000000020
2026/09/18 20:07:10.287, 1, 80, 202.60, 100, 13169, 1328, 715, P0, 0x0000000000000000
2026/09/18 20:07:11.295, 0, 79, 118.69, 100, 14059, 1075, 715, P0, 0x0000000000000020
2026/09/18 20:07:11.307, 1, 79, 55.36, 90, 13169, 1278, 715, P0, 0x0000000000000000
2026/09/18 20:07:12.325, 0, 79, 108.02, 100, 14059, 911, 715, P0, 0x0000000000000020
2026/09/18 20:07:12.329, 1, 76, 52.47, 0, 13169, 1278, 715, P0, 0x0000000000000000
2026/09/18 20:07:13.339, 0, 79, 106.64, 100, 14059, 911, 715, P0, 0x0000000000000000
2026/09/18 20:07:13.346, 1, 79, 182.25, 100, 13169, 1328, 715, P0, 0x0000000000000000
2026/09/18 20:07:14.352, 0, 79, 110.11, 100, 14059, 936, 715, P0, 0x0000000000000020
2026/09/18 20:07:14.354, 1, 78, 54.88, 0, 13169, 1278, 715, P0, 0x0000000000000000
2026/09/18 20:07:15.368, 0, 79, 108.08, 100, 14059, 923, 715, P0, 0x0000000000000000
2026/09/18 20:07:15.371, 1, 77, 52.98, 0, 13169, 1278, 715, P0, 0x0000000000000000
2026/09/18 20:07:16.381, 0, 79, 110.33, 100, 14059, 1037, 715, P0, 0x0000000000000000
2026/09/18 20:07:16.388, 1, 79, 182.58, 100, 13169, 1303, 715, P0, 0x0000000000000020
2026/09/18 20:07:17.397, 0, 79, 106.57, 100, 14059, 911, 715, P0, 0x0000000000000000
2026/09/18 20:07:17.409, 1, 77, 56.56, 0, 13169, 1316, 715, P0, 0x0000000000000000
2026/09/18 20:07:18.416, 0, 79, 107.53, 100, 14059, 911, 715, P0, 0x0000000000000020
2026/09/18 20:07:18.427, 1, 76, 55.35, 0, 13169, 1316, 715, P0, 0x0000000000000000
2026/09/18 20:07:19.446, 0, 79, 105.62, 100, 14059, 885, 715, P0, 0x0000000000000020
2026/09/18 20:07:19.449, 1, 79, 162.60, 100, 13169, 1227, 715, P0, 0x0000000000000020
2026/09/18 20:07:20.463, 0, 79, 108.25, 100, 14059, 898, 715, P0, 0x0000000000000020
2026/09/18 20:07:20.470, 1, 77, 53.67, 0, 13169, 1278, 715, P0, 0x0000000000000000
2026/09/18 20:07:21.474, 0, 79, 97.31, 99, 14059, 1037, 715, P0, 0x0000000000000000
2026/09/18 20:07:21.477, 1, 77, 158.66, 58, 13169, 1328, 715, P0, 0x0000000000000000
2026/09/18 20:07:22.489, 0, 79, 105.63, 100, 14059, 898, 715, P0, 0x0000000000000020
2026/09/18 20:07:22.492, 1, 80, 141.02, 100, 13169, 1227, 715, P0, 0x0000000000000020
2026/09/18 20:07:23.501, 0, 79, 98.76, 100, 14059, 911, 715, P0, 0x0000000000000020
2026/09/18 20:07:23.509, 1, 77, 49.17, 0, 13169, 1189, 715, P0, 0x0000000000000000
2026/09/18 20:07:24.516, 0, 79, 106.23, 99, 14059, 911, 715, P0, 0x0000000000000020
2026/09/18 20:07:24.526, 1, 78, 184.24, 100, 13169, 1316, 715, P0, 0x0000000000000000
2026/09/18 20:07:25.541, 0, 79, 106.82, 100, 14059, 898, 715, P0, 0x0000000000000020
2026/09/18 20:07:25.547, 1, 80, 158.07, 100, 13169, 1316, 715, P0, 0x0000000000000000
2026/09/18 20:07:26.556, 0, 79, 107.55, 100, 14059, 1025, 715, P0, 0x0000000000000020
2026/09/18 20:07:26.567, 1, 77, 51.78, 0, 13169, 1252, 715, P0, 0x0000000000000000
2026/09/18 20:07:27.583, 0, 79, 106.62, 100, 14059, 911, 715, P0, 0x0000000000000020
2026/09/18 20:07:27.587, 1, 79, 199.18, 100, 13169, 1328, 715, P0, 0x0000000000000000
2026/09/18 20:07:28.597, 0, 79, 116.92, 100, 14059, 1101, 715, P0, 0x0000000000000020
2026/09/18 20:07:28.606, 1, 79, 105.29, 100, 13169, 1202, 715, P0, 0x0000000000000000
2026/09/18 20:07:29.625, 0, 79, 107.05, 100, 14059, 911, 715, P0, 0x0000000000000020
2026/09/18 20:07:29.628, 1, 77, 54.40, 0, 13169, 1303, 715, P0, 0x0000000000000000
2026/09/18 20:07:30.638, 0, 79, 106.46, 100, 14059, 911, 715, P0, 0x0000000000000020
2026/09/18 20:07:30.646, 1, 79, 187.46, 100, 13169, 1328, 715, P0, 0x0000000000000000
2026/09/18 20:07:31.664, 0, 79, 101.11, 100, 14059, 1050, 715, P0, 0x0000000000000000
2026/09/18 20:07:31.667, 1, 78, 56.79, 0, 13169, 1316, 715, P0, 0x0000000000000000
2026/09/18 20:07:32.679, 0, 79, 107.05, 100, 14059, 911, 715, P0, 0x0000000000000020
2026/09/18 20:07:32.687, 1, 77, 55.11, 0, 13169, 1316, 715, P0, 0x0000000000000000
2026/09/18 20:07:33.692, 0, 79, 107.78, 100, 14059, 1088, 715, P0, 0x0000000000000000
2026/09/18 20:07:33.694, 1, 80, 162.38, 100, 13169, 1328, 715, P0, 0x0000000000000000
2026/09/18 20:07:34.711, 0, 79, 106.39, 100, 14059, 898, 715, P0, 0x0000000000000020
2026/09/18 20:07:34.713, 1, 78, 52.99, 0, 13169, 1252, 715, P0, 0x0000000000000000
2026/09/18 20:07:35.724, 0, 79, 107.12, 100, 14059, 911, 715, P0, 0x0000000000000020
2026/09/18 20:07:35.727, 1, 76, 51.78, 0, 13169, 1252, 715, P0, 0x0000000000000000
2026/09/18 20:07:36.741, 0, 79, 108.04, 100, 14059, 1012, 715, P0, 0x0000000000000020
2026/09/18 20:07:36.746, 1, 79, 144.78, 100, 13169, 1189, 715, P0, 0x0000000000000020
2026/09/18 20:07:37.756, 0, 79, 108.26, 100, 14059, 923, 715, P0, 0x0000000000000000
2026/09/18 20:07:37.766, 1, 77, 51.05, 0, 13169, 1215, 715, P0, 0x0000000000000000
2026/09/18 20:07:38.785, 0, 79, 102.07, 100, 14059, 923, 715, P0, 0x0000000000000000
2026/09/18 20:07:38.788, 1, 76, 49.65, 0, 13169, 1215, 715, P0, 0x0000000000000000
2026/09/18 20:07:39.801, 0, 79, 106.01, 100, 14059, 898, 715, P0, 0x0000000000000020
2026/09/18 20:07:39.806, 1, 80, 176.18, 100, 13169, 1290, 715, P0, 0x0000000000000000
2026/09/18 20:07:40.814, 0, 79, 108.26, 100, 14059, 923, 715, P0, 0x0000000000000000
2026/09/18 20:07:40.826, 1, 77, 50.57, 0, 13169, 1215, 715, P0, 0x0000000000000000
2026/09/18 20:07:41.832, 0, 79, 101.24, 99, 14059, 1012, 715, P0, 0x0000000000000020
2026/09/18 20:07:41.835, 1, 77, 145.03, 0, 13169, 1215, 715, P0, 0x0000000000000000
2026/09/18 20:07:42.850, 0, 79, 106.68, 100, 14059, 911, 715, P0, 0x0000000000000020
2026/09/18 20:07:42.854, 1, 79, 144.06, 100, 13169, 1177, 715, P0, 0x0000000000000020
2026/09/18 20:07:43.865, 0, 79, 108.02, 100, 14059, 923, 715, P0, 0x0000000000000000
2026/09/18 20:07:43.868, 1, 77, 51.53, 0, 13169, 1240, 715, P0, 0x0000000000000000
2026/09/18 20:07:44.880, 0, 79, 107.20, 99, 14059, 911, 715, P0, 0x0000000000000020
2026/09/18 20:07:44.886, 1, 78, 180.56, 100, 13169, 1328, 715, P0, 0x0000000000000000
2026/09/18 20:07:45.892, 0, 79, 106.95, 100, 14059, 911, 715, P0, 0x0000000000000020
2026/09/18 20:07:45.895, 1, 79, 131.33, 100, 13169, 1075, 715, P0, 0x0000000000000020
2026/09/18 20:07:46.906, 0, 79, 111.08, 100, 14059, 1101, 715, P0, 0x0000000000000020
2026/09/18 20:07:46.909, 1, 77, 54.62, 0, 13169, 1303, 715, P0, 0x0000000000000000
2026/09/18 20:07:47.923, 0, 79, 106.86, 100, 14059, 911, 715, P0, 0x0000000000000020
2026/09/18 20:07:47.926, 1, 79, 198.00, 100, 13169, 1328, 715, P0, 0x0000000000000000
2026/09/18 20:07:48.931, 0, 79, 107.32, 100, 14059, 911, 715, P0, 0x0000000000000020
2026/09/18 20:07:48.934, 1, 80, 144.27, 100, 13169, 1265, 715, P0, 0x0000000000000020
2026/09/18 20:07:49.947, 0, 79, 100.39, 100, 14059, 1050, 715, P0, 0x0000000000000020
2026/09/18 20:07:49.950, 1, 77, 54.45, 0, 13169, 1303, 715, P0, 0x0000000000000000
2026/09/18 20:07:50.960, 0, 79, 106.86, 100, 14059, 911, 715, P0, 0x0000000000000020
2026/09/18 20:07:50.964, 1, 79, 199.67, 100, 13169, 1328, 715, P0, 0x0000000000000000
2026/09/18 20:07:51.973, 0, 79, 71.91, 100, 14059, 1050, 715, P0, 0x0000000000000000
2026/09/18 20:07:51.982, 1, 79, 56.66, 100, 13169, 1240, 715, P0, 0x0000000000000000
2026/09/18 20:07:52.989, 0, 79, 107.83, 100, 14059, 911, 715, P0, 0x0000000000000020
2026/09/18 20:07:52.992, 1, 77, 51.29, 0, 13169, 1240, 715, P0, 0x0000000000000000
2026/09/18 20:07:54.001, 0, 79, 106.23, 100, 14059, 885, 715, P0, 0x0000000000000020
2026/09/18 20:07:54.005, 1, 80, 159.59, 100, 13169, 1328, 715, P0, 0x0000000000000000
2026/09/18 20:07:55.020, 0, 79, 111.40, 100, 14059, 1025, 715, P0, 0x0000000000000020
2026/09/18 20:07:55.024, 1, 78, 49.85, 100, 13169, 1189, 715, P0, 0x0000000000000000
2026/09/18 20:07:56.034, 0, 79, 105.92, 100, 14059, 898, 715, P0, 0x0000000000000020
2026/09/18 20:07:56.044, 1, 76, 48.64, 0, 13169, 1189, 715, P0, 0x0000000000000000
2026/09/18 20:07:57.048, 0, 79, 105.30, 100, 14059, 898, 715, P0, 0x0000000000000020
2026/09/18 20:07:57.051, 1, 79, 180.25, 100, 13169, 1328, 715, P0, 0x0000000000000000
2026/09/18 20:07:58.062, 0, 79, 100.14, 100, 14059, 1050, 715, P0, 0x0000000000000000
2026/09/18 20:07:58.065, 1, 78, 55.62, 70, 13169, 1290, 715, P0, 0x0000000000000000
2026/09/18 20:07:59.078, 0, 79, 107.82, 100, 14059, 923, 715, P0, 0x0000000000000000
2026/09/18 20:07:59.083, 1, 76, 53.70, 0, 13169, 1290, 715, P0, 0x0000000000000000
2026/09/18 20:08:00.087, 0, 79, 74.43, 100, 14059, 961, 715, P0, 0x0000000000000000
2026/09/18 20:08:00.090, 1, 79, 175.53, 100, 13169, 1328, 715, P0, 0x0000000000000000
2026/09/18 20:08:01.104, 0, 79, 108.33, 100, 14059, 898, 715, P0, 0x0000000000000020
2026/09/18 20:08:01.107, 1, 78, 50.33, 0, 13169, 1189, 715, P0, 0x0000000000000000
2026/09/18 20:08:02.117, 0, 79, 107.37, 100, 14059, 911, 715, P0, 0x0000000000000020
2026/09/18 20:08:02.124, 1, 76, 48.64, 0, 13169, 1189, 715, P0, 0x0000000000000000
2026/09/18 20:08:03.128, 0, 79, 117.06, 100, 14059, 1075, 715, P0, 0x0000000000000020
2026/09/18 20:08:03.131, 1, 80, 200.69, 100, 13169, 1328, 715, P0, 0x0000000000000000
2026/09/18 20:08:04.144, 0, 79, 106.15, 100, 14059, 898, 715, P0, 0x0000000000000020
2026/09/18 20:08:04.147, 1, 78, 54.40, 0, 13169, 1278, 715, P0, 0x0000000000000000
2026/09/18 20:08:05.160, 0, 79, 106.88, 100, 14059, 911, 715, P0, 0x0000000000000020
2026/09/18 20:08:05.163, 1, 77, 52.98, 0, 13169, 1278, 715, P0, 0x0000000000000000
2026/09/18 20:08:06.174, 0, 79, 98.43, 100, 14059, 1025, 715, P0, 0x0000000000000000
2026/09/18 20:08:06.184, 1, 80, 175.54, 100, 13169, 1290, 715, P0, 0x0000000000000000
2026/09/18 20:08:07.196, 0, 79, 107.06, 100, 14059, 911, 715, P0, 0x0000000000000020
2026/09/18 20:08:07.203, 1, 78, 54.88, 0, 13169, 1290, 715, P0, 0x0000000000000000
2026/09/18 20:08:08.209, 0, 79, 108.25, 100, 14059, 923, 715, P0, 0x0000000000000000
2026/09/18 20:08:08.212, 1, 76, 53.70, 0, 13169, 1290, 715, P0, 0x0000000000000000
2026/09/18 20:08:09.222, 0, 79, 109.35, 100, 14059, 923, 715, P0, 0x0000000000000020
2026/09/18 20:08:09.224, 1, 80, 172.84, 100, 13169, 1252, 715, P0, 0x0000000000000020
2026/09/18 20:08:10.236, 0, 79, 107.29, 100, 14059, 911, 715, P0, 0x0000000000000020
2026/09/18 20:08:10.244, 1, 77, 56.58, 0, 13169, 1316, 715, P0, 0x0000000000000000
2026/09/18 20:08:11.248, 0, 79, 101.19, 100, 14059, 1088, 715, P0, 0x0000000000000000
2026/09/18 20:08:11.251, 1, 76, 136.94, 0, 13169, 1316, 715, P0, 0x0000000000000000
2026/09/18 20:08:12.263, 0, 79, 107.08, 100, 14059, 911, 715, P0, 0x0000000000000020
2026/09/18 20:08:12.267, 1, 79, 146.19, 100, 13169, 1189, 715, P0, 0x0000000000000000
2026/09/18 20:08:13.280, 0, 79, 107.06, 100, 14059, 911, 715, P0, 0x0000000000000020
2026/09/18 20:08:13.283, 1, 77, 52.50, 0, 13169, 1265, 715, P0, 0x0000000000000000
2026/09/18 20:08:14.293, 0, 79, 112.53, 100, 14059, 1012, 715, P0, 0x0000000000000020
2026/09/18 20:08:14.303, 1, 77, 153.89, 0, 13169, 1265, 715, P0, 0x0000000000000000
2026/09/18 20:08:15.307, 0, 79, 106.62, 100, 14059, 911, 715, P0, 0x0000000000000000
2026/09/18 20:08:15.311, 1, 79, 144.99, 100, 13169, 1189, 715, P0, 0x0000000000000000
2026/09/18 20:08:16.322, 0, 79, 107.06, 100, 14059, 911, 715, P0, 0x0000000000000020
2026/09/18 20:08:16.325, 1, 77, 52.26, 0, 13169, 1252, 715, P0, 0x0000000000000000
2026/09/18 20:08:17.340, 0, 79, 116.01, 100, 14059, 1050, 715, P0, 0x0000000000000020
2026/09/18 20:08:17.343, 1, 78, 168.11, 79, 13169, 1328, 715, P0, 0x0000000000000000
2026/09/18 20:08:18.354, 0, 79, 106.71, 100, 14059, 911, 715, P0, 0x0000000000000000
2026/09/18 20:08:18.361, 1, 80, 119.56, 100, 13169, 1252, 715, P0, 0x0000000000000000
2026/09/18 20:08:19.369, 0, 79, 107.61, 100, 14059, 923, 715, P0, 0x0000000000000000
2026/09/18 20:08:19.372, 1, 77, 49.12, 0, 13169, 1189, 715, P0, 0x0000000000000000
2026/09/18 20:08:20.383, 0, 79, 108.14, 100, 14059, 898, 715, P0, 0x0000000000000020
2026/09/18 20:08:20.386, 1, 78, 182.61, 90, 13169, 1316, 715, P0, 0x0000000000000000
2026/09/18 20:08:21.396, 0, 79, 107.18, 100, 14059, 911, 715, P0, 0x0000000000000020
2026/09/18 20:08:21.402, 1, 80, 133.23, 100, 13169, 1252, 715, P0, 0x0000000000000000
2026/09/18 20:08:22.412, 0, 79, 73.36, 100, 14059, 1025, 715, P0, 0x0000000000000000
2026/09/18 20:08:22.421, 1, 77, 53.98, 0, 13169, 1290, 715, P0, 0x0000000000000000
2026/09/18 20:08:23.440, 0, 79, 105.51, 100, 14059, 898, 715, P0, 0x0000000000000020
2026/09/18 20:08:23.443, 1, 79, 186.62, 100, 13169, 1328, 715, P0, 0x0000000000000000
2026/09/18 20:08:24.455, 0, 79, 107.65, 100, 14059, 911, 715, P0, 0x0000000000000000
2026/09/18 20:08:24.461, 1, 79, 136.09, 100, 13169, 1189, 715, P0, 0x0000000000000000
2026/09/18 20:08:25.480, 0, 79, 117.51, 100, 14059, 1075, 715, P0, 0x0000000000000020
2026/09/18 20:08:25.483, 1, 77, 51.98, 0, 13169, 1265, 715, P0, 0x0000000000000000
2026/09/18 20:08:26.491, 0, 79, 106.38, 100, 14059, 911, 715, P0, 0x0000000000000020
2026/09/18 20:08:26.502, 1, 79, 196.12, 100, 13169, 1328, 715, P0, 0x0000000000000000
2026/09/18 20:08:27.508, 0, 79, 106.45, 100, 14059, 898, 715, P0, 0x0000000000000020
2026/09/18 20:08:27.511, 1, 80, 139.06, 100, 13169, 1202, 715, P0, 0x0000000000000000
2026/09/18 20:08:28.524, 0, 79, 114.27, 100, 14059, 1063, 715, P0, 0x0000000000000000
2026/09/18 20:08:28.527, 1, 77, 56.07, 0, 13169, 1316, 715, P0, 0x0000000000000000
2026/09/18 20:08:29.537, 0, 79, 106.47, 100, 14059, 911, 715, P0, 0x0000000000000020
2026/09/18 20:08:29.542, 1, 79, 183.65, 100, 13169, 1290, 715, P0, 0x0000000000000020
2026/09/18 20:08:30.551, 0, 79, 107.21, 100, 14059, 911, 715, P0, 0x0000000000000020
2026/09/18 20:08:30.562, 1, 80, 136.38, 100, 13169, 1189, 715, P0, 0x0000000000000000
2026/09/18 20:08:31.578, 0, 79, 115.17, 100, 14059, 1063, 715, P0, 0x0000000000000000
2026/09/18 20:08:31.583, 1, 77, 55.79, 0, 13169, 1316, 715, P0, 0x0000000000000000
2026/09/18 20:08:32.592, 0, 79, 105.89, 100, 14059, 898, 715, P0, 0x0000000000000020
2026/09/18 20:08:32.603, 1, 80, 200.13, 100, 13169, 1328, 715, P0, 0x0000000000000000
2026/09/18 20:08:33.608, 0, 79, 107.79, 100, 14059, 911, 715, P0, 0x0000000000000020
2026/09/18 20:08:33.611, 1, 79, 158.76, 100, 13169, 1240, 715, P0, 0x0000000000000020
2026/09/18 20:08:34.638, 0, 79, 111.13, 100, 14059, 923, 715, P0, 0x0000000000000020
2026/09/18 20:08:34.644, 1, 77, 55.83, 0, 13169, 1316, 715, P0, 0x0000000000000000
2026/09/18 20:08:35.647, 0, 79, 106.65, 100, 14059, 911, 715, P0, 0x0000000000000000
2026/09/18 20:08:35.651, 1, 79, 185.67, 100, 13169, 1328, 715, P0, 0x0000000000000000
2026/09/18 20:08:36.664, 0, 79, 77.38, 100, 14059, 1050, 715, P0, 0x0000000000000000
2026/09/18 20:08:36.667, 1, 79, 55.67, 100, 13169, 1252, 715, P0, 0x0000000000000000
2026/09/18 20:08:37.677, 0, 79, 108.75, 100, 14059, 911, 715, P0, 0x0000000000000020
2026/09/18 20:08:37.683, 1, 77, 51.74, 0, 13169, 1252, 715, P0, 0x0000000000000000
2026/09/18 20:08:38.690, 0, 79, 106.86, 100, 14059, 911, 715, P0, 0x0000000000000020
2026/09/18 20:08:38.700, 1, 80, 199.18, 100, 13169, 1328, 715, P0, 0x0000000000000000
2026/09/18 20:08:39.719, 0, 79, 104.64, 100, 14059, 1075, 715, P0, 0x0000000000000020
2026/09/18 20:08:39.722, 1, 79, 58.04, 100, 13169, 1227, 715, P0, 0x0000000000000000
2026/09/18 20:08:40.731, 0, 79, 108.50, 100, 14059, 911, 715, P0, 0x0000000000000020
2026/09/18 20:08:40.742, 1, 77, 54.39, 0, 13169, 1303, 715, P0, 0x0000000000000000
2026/09/18 20:08:41.761, 0, 79, 107.64, 100, 14059, 911, 715, P0, 0x0000000000000020
2026/09/18 20:08:41.764, 1, 80, 133.94, 100, 13169, 1328, 715, P0, 0x0000000000000000
2026/09/18 20:08:42.774, 0, 79, 122.04, 100, 14059, 1075, 715, P0, 0x0000000000000020
2026/09/18 20:08:42.781, 1, 78, 56.28, 61, 13169, 1316, 715, P0, 0x0000000000000020
2026/09/18 20:08:43.791, 0, 79, 107.05, 100, 14059, 911, 715, P0, 0x0000000000000020
2026/09/18 20:08:43.799, 1, 77, 55.60, 0, 13169, 1316, 715, P0, 0x0000000000000000
2026/09/18 20:08:44.804, 0, 79, 106.80, 100, 14059, 911, 715, P0, 0x0000000000000020
2026/09/18 20:08:44.807, 1, 79, 168.69, 100, 13169, 1328, 715, P0, 0x0000000000000000
2026/09/18 20:08:45.816, 0, 79, 98.52, 100, 14059, 1050, 715, P0, 0x0000000000000000
2026/09/18 20:08:45.820, 1, 78, 55.63, 61, 13169, 1303, 715, P0, 0x0000000000000000
2026/09/18 20:08:46.832, 0, 79, 107.10, 100, 14059, 911, 715, P0, 0x0000000000000020
2026/09/18 20:08:46.841, 1, 77, 54.39, 0, 13169, 1303, 715, P0, 0x0000000000000000
2026/09/18 20:08:47.859, 0, 79, 106.47, 100, 14059, 911, 715, P0, 0x0000000000000020
2026/09/18 20:08:47.863, 1, 79, 186.15, 100, 13169, 1328, 715, P0, 0x0000000000000000
2026/09/18 20:08:48.872, 0, 79, 112.76, 100, 14059, 1063, 715, P0, 0x0000000000000000
2026/09/18 20:08:48.878, 1, 78, 57.01, 56, 13169, 1316, 715, P0, 0x0000000000000000
2026/09/18 20:08:49.887, 0, 79, 108.00, 100, 14059, 923, 715, P0, 0x0000000000000020
2026/09/18 20:08:49.891, 1, 77, 55.84, 0, 13169, 1316, 715, P0, 0x0000000000000000
2026/09/18 20:08:50.901, 0, 79, 107.06, 100, 14059, 911, 715, P0, 0x0000000000000020
2026/09/18 20:08:50.904, 1, 79, 162.82, 100, 13169, 1278, 715, P0, 0x0000000000000000
2026/09/18 20:08:51.910, 0, 79, 108.50, 100, 14059, 1025, 715, P0, 0x0000000000000020
2026/09/18 20:08:51.920, 1, 78, 57.30, 78, 13169, 1316, 715, P0, 0x0000000000000000
2026/09/18 20:08:52.939, 0, 79, 107.05, 100, 14059, 911, 715, P0, 0x0000000000000020
2026/09/18 20:08:52.942, 1, 77, 55.84, 0, 13169, 1316, 715, P0, 0x0000000000000000
2026/09/18 20:08:53.950, 0, 79, 107.23, 100, 14059, 911, 715, P0, 0x0000000000000020
2026/09/18 20:08:53.960, 1, 79, 171.06, 100, 13169, 1328, 715, P0, 0x0000000000000000
2026/09/18 20:08:54.966, 0, 79, 100.46, 100, 14059, 1050, 715, P0, 0x0000000000000020
2026/09/18 20:08:54.969, 1, 78, 50.35, 14, 13169, 1189, 715, P0, 0x0000000000000000
2026/09/18 20:08:55.974, 0, 79, 108.33, 100, 14059, 923, 715, P0, 0x0000000000000000
2026/09/18 20:08:55.979, 1, 76, 48.40, 0, 13169, 1189, 715, P0, 0x0000000000000000
2026/09/18 20:08:56.992, 0, 79, 107.22, 100, 14059, 911, 715, P0, 0x0000000000000020
2026/09/18 20:08:56.999, 1, 79, 179.98, 100, 13169, 1328, 715, P0, 0x0000000000000000
2026/09/18 20:08:58.006, 0, 79, 100.88, 100, 14059, 1063, 715, P0, 0x0000000000000000
2026/09/18 20:08:58.006, 1, 78, 50.34, 10, 13169, 1189, 715, P0, 0x0000000000000000
2026/09/18 20:08:59.023, 0, 79, 108.03, 100, 14059, 923, 715, P0, 0x0000000000000000
2026/09/18 20:08:59.026, 1, 76, 48.64, 0, 13169, 1189, 715, P0, 0x0000000000000000
2026/09/18 20:09:00.042, 0, 79, 106.47, 100, 14059, 911, 715, P0, 0x0000000000000020
2026/09/18 20:09:00.046, 1, 79, 186.38, 100, 13169, 1328, 715, P0, 0x0000000000000000
2026/09/18 20:09:01.056, 0, 79, 113.50, 100, 14059, 1050, 715, P0, 0x0000000000000020
2026/09/18 20:09:01.059, 1, 78, 50.08, 17, 13169, 1189, 715, P0, 0x0000000000000000
2026/09/18 20:09:02.069, 0, 79, 108.03, 100, 14059, 923, 715, P0, 0x0000000000000020
2026/09/18 20:09:02.078, 1, 76, 48.63, 0, 13169, 1189, 715, P0, 0x0000000000000000
2026/09/18 20:09:03.097, 0, 79, 104.89, 100, 14059, 911, 715, P0, 0x0000000000000000
2026/09/18 20:09:03.100, 1, 79, 165.97, 100, 13169, 1328, 715, P0, 0x0000000000000000
2026/09/18 20:09:04.106, 0, 79, 118.71, 100, 14059, 999, 715, P0, 0x0000000000000020
2026/09/18 20:09:04.119, 1, 78, 51.97, 20, 13169, 1227, 715, P0, 0x0000000000000000
2026/09/18 20:09:05.135, 0, 79, 106.82, 100, 14059, 911, 715, P0, 0x0000000000000020
2026/09/18 20:09:05.139, 1, 76, 50.33, 0, 13169, 1227, 715, P0, 0x0000000000000000
2026/09/18 20:09:06.147, 0, 79, 106.71, 100, 14059, 911, 715, P0, 0x0000000000000000
2026/09/18 20:09:06.158, 1, 79, 187.34, 100, 13169, 1328, 715, P0, 0x0000000000000000
2026/09/18 20:09:07.162, 0, 79, 114.93, 100, 14059, 1075, 715, P0, 0x0000000000000000
2026/09/18 20:09:07.165, 1, 78, 56.04, 0, 13169, 1303, 715, P0, 0x0000000000000000
2026/09/18 20:09:08.175, 0, 79, 108.00, 100, 14059, 923, 715, P0, 0x0000000000000000
2026/09/18 20:09:08.178, 1, 76, 54.40, 0, 13169, 1303, 715, P0, 0x0000000000000000
2026/09/18 20:09:09.190, 0, 79, 106.65, 100, 14059, 911, 715, P0, 0x0000000000000020
2026/09/18 20:09:09.197, 1, 80, 187.58, 100, 13169, 1328, 715, P0, 0x0000000000000000
2026/09/18 20:09:10.203, 0, 79, 99.92, 100, 14059, 1037, 715, P0, 0x0000000000000020
2026/09/18 20:09:10.206, 1, 78, 51.55, 6, 13169, 1215, 715, P0, 0x0000000000000000
2026/09/18 20:09:11.218, 0, 79, 108.27, 100, 14059, 923, 715, P0, 0x0000000000000000
2026/09/18 20:09:11.221, 1, 76, 49.84, 0, 13169, 1215, 715, P0, 0x0000000000000000
2026/09/18 20:09:12.232, 0, 79, 106.26, 100, 14059, 911, 715, P0, 0x0000000000000020
2026/09/18 20:09:12.237, 1, 79, 170.09, 100, 13169, 1328, 715, P0, 0x0000000000000000
2026/09/18 20:09:13.245, 0, 79, 107.06, 100, 14059, 1025, 715, P0, 0x0000000000000020
2026/09/18 20:09:13.257, 1, 78, 52.27, 41, 13169, 1252, 715, P0, 0x0000000000000000
2026/09/18 20:09:14.276, 0, 79, 108.08, 100, 14059, 923, 715, P0, 0x0000000000000000
2026/09/18 20:09:14.279, 1, 76, 51.53, 0, 13169, 1252, 715, P0, 0x0000000000000000
2026/09/18 20:09:15.292, 0, 79, 107.41, 100, 14059, 911, 715, P0, 0x0000000000000000
2026/09/18 20:09:15.297, 1, 79, 186.02, 100, 13169, 1328, 715, P0, 0x0000000000000000
2026/09/18 20:09:16.305, 0, 79, 113.25, 100, 14059, 1075, 715, P0, 0x0000000000000000
2026/09/18 20:09:16.308, 1, 78, 54.88, 68, 13169, 1278, 715, P0, 0x0000000000000000
2026/09/18 20:09:17.320, 0, 79, 107.06, 100, 14059, 911, 715, P0, 0x0000000000000020
2026/09/18 20:09:17.323, 1, 76, 52.98, 0, 13169, 1278, 715, P0, 0x0000000000000000
2026/09/18 20:09:18.334, 0, 79, 105.63, 100, 14059, 898, 715, P0, 0x0000000000000020
2026/09/18 20:09:18.337, 1, 79, 162.38, 100, 13169, 1328, 715, P0, 0x0000000000000000
2026/09/18 20:09:19.350, 0, 79, 105.44, 100, 14059, 1063, 715, P0, 0x0000000000000020
2026/09/18 20:09:19.355, 1, 78, 52.27, 100, 13169, 1227, 715, P0, 0x0000000000000000
2026/09/18 20:09:20.362, 0, 79, 107.55, 100, 14059, 923, 715, P0, 0x0000000000000000
2026/09/18 20:09:20.365, 1, 76, 50.32, 0, 13169, 1227, 715, P0, 0x0000000000000000
2026/09/18 20:09:21.377, 0, 79, 106.97, 100, 14059, 911, 715, P0, 0x0000000000000020
2026/09/18 20:09:21.380, 1, 80, 166.13, 100, 13169, 1328, 715, P0, 0x0000000000000000
2026/09/18 20:09:22.391, 0, 79, 118.76, 100, 14059, 1075, 715, P0, 0x0000000000000020
2026/09/18 20:09:22.395, 1, 78, 55.84, 51, 13169, 1316, 715, P0, 0x0000000000000020
2026/09/18 20:09:23.406, 0, 79, 107.51, 100, 14059, 911, 715, P0, 0x0000000000000020
2026/09/18 20:09:23.415, 1, 77, 55.60, 0, 13169, 1316, 715, P0, 0x0000000000000000
2026/09/18 20:09:24.422, 0, 79, 106.97, 100, 14059, 911, 715, P0, 0x0000000000000020
2026/09/18 20:09:24.426, 1, 80, 174.60, 100, 13169, 1278, 715, P0, 0x0000000000000000
2026/09/18 20:09:25.436, 0, 79, 110.18, 100, 14059, 1101, 715, P0, 0x0000000000000020
2026/09/18 20:09:25.440, 1, 79, 55.37, 87, 13169, 1290, 715, P0, 0x0000000000000000
2026/09/18 20:09:26.451, 0, 79, 107.06, 100, 14059, 911, 715, P0, 0x0000000000000020
2026/09/18 20:09:26.455, 1, 77, 53.67, 0, 13169, 1290, 715, P0, 0x0000000000000000
2026/09/18 20:09:27.467, 0, 79, 106.60, 100, 14059, 911, 715, P0, 0x0000000000000020
2026/09/18 20:09:27.475, 1, 80, 202.60, 100, 13169, 1328, 715, P0, 0x0000000000000000
2026/09/18 20:09:28.482, 0, 79, 80.75, 100, 14059, 1139, 715, P0, 0x0000000000000000
2026/09/18 20:09:28.492, 1, 79, 57.80, 100, 13169, 1227, 715, P0, 0x0000000000000000
2026/09/18 20:09:29.512, 0, 79, 107.60, 100, 14059, 911, 715, P0, 0x0000000000000020
2026/09/18 20:09:29.515, 1, 77, 51.78, 0, 13169, 1265, 715, P0, 0x0000000000000000
2026/09/18 20:09:30.529, 0, 79, 105.65, 100, 14059, 898, 715, P0, 0x0000000000000020
2026/09/18 20:09:30.535, 1, 79, 200.36, 100, 13169, 1328, 715, P0, 0x0000000000000000
2026/09/18 20:09:31.545, 0, 79, 95.37, 100, 14059, 911, 715, P0, 0x0000000000000020
2026/09/18 20:09:31.556, 1, 79, 55.92, 100, 13169, 1189, 715, P0, 0x0000000000000000
2026/09/18 20:09:32.564, 0, 79, 117.08, 100, 14059, 936, 715, P0, 0x0000000000000020
2026/09/18 20:09:32.577, 1, 77, 53.18, 0, 13169, 1278, 715, P0, 0x0000000000000000
2026/09/18 20:09:33.596, 0, 79, 72.62, 100, 14059, 1088, 715, P0, 0x0000000000000000
2026/09/18 20:09:33.600, 1, 80, 202.59, 100, 13169, 1328, 715, P0, 0x0000000000000000
2026/09/18 20:09:34.610, 0, 79, 71.82, 100, 14059, 1139, 715, P0, 0x0000000000000000
2026/09/18 20:09:34.613, 1, 78, 76.80, 100, 13169, 696, 715, P0, 0x0000000000000020
2026/09/18 20:09:35.623, 0, 79, 115.78, 100, 14059, 1025, 715, P0, 0x0000000000000020
2026/09/18 20:09:35.636, 1, 78, 113.86, 100, 13169, 1164, 715, P0, 0x0000000000000020
2026/09/18 20:09:36.651, 0, 79, 108.02, 100, 14059, 1025, 715, P0, 0x0000000000000020
2026/09/18 20:09:36.657, 1, 77, 52.51, 0, 13169, 1252, 715, P0, 0x0000000000000000
2026/09/18 20:09:37.664, 0, 79, 99.28, 100, 14059, 1037, 715, P0, 0x0000000000000000
2026/09/18 20:09:37.675, 1, 79, 156.32, 100, 13169, 1303, 715, P0, 0x0000000000000000
2026/09/18 20:09:38.690, 0, 79, 113.26, 100, 14059, 1063, 715, P0, 0x0000000000000000
2026/09/18 20:09:38.696, 1, 77, 56.32, 0, 13169, 1316, 715, P0, 0x0000000000000000
2026/09/18 20:09:39.702, 0, 79, 109.99, 100, 14059, 923, 715, P0, 0x0000000000000020
2026/09/18 20:09:39.705, 1, 79, 182.34, 99, 13169, 1303, 715, P0, 0x0000000000000020
2026/09/18 20:09:40.713, 0, 79, 109.15, 100, 14059, 923, 715, P0, 0x0000000000000020
2026/09/18 20:09:40.717, 1, 77, 56.30, 0, 13169, 1316, 715, P0, 0x0000000000000000
2026/09/18 20:09:41.737, 0, 77, 47.54, 0, 14059, 1189, 715, P0, 0x0000000000000000
2026/09/18 20:09:41.740, 1, 80, 187.78, 99, 13169, 1303, 715, P0, 0x0000000000000000
2026/09/18 20:09:42.752, 0, 79, 137.15, 100, 14059, 1189, 715, P0, 0x0000000000000000
2026/09/18 20:09:42.757, 1, 78, 151.27, 0, 13169, 1227, 715, P0, 0x0000000000000020
2026/09/18 20:09:43.766, 0, 80, 115.04, 100, 14059, 1075, 715, P0, 0x0000000000000020
2026/09/18 20:09:43.777, 1, 79, 125.91, 100, 13169, 1227, 715, P0, 0x0000000000000000
2026/09/18 20:09:44.796, 0, 79, 113.29, 100, 14059, 1025, 715, P0, 0x0000000000000020
2026/09/18 20:09:44.799, 1, 79, 104.03, 47, 13169, 1316, 715, P0, 0x0000000000000020
2026/09/18 20:09:45.814, 0, 79, 113.71, 100, 14059, 1050, 715, P0, 0x0000000000000020
2026/09/18 20:09:45.819, 1, 79, 150.22, 100, 13169, 1252, 715, P0, 0x0000000000000020
2026/09/18 20:09:46.827, 0, 79, 112.04, 100, 14059, 1012, 715, P0, 0x0000000000000020
2026/09/18 20:09:46.841, 1, 79, 144.04, 100, 13169, 1227, 715, P0, 0x0000000000000020
2026/09/18 20:09:47.852, 0, 79, 104.24, 99, 14059, 1050, 715, P0, 0x0000000000000020
2026/09/18 20:09:47.857, 1, 79, 146.21, 49, 13169, 1227, 715, P0, 0x0000000000000020
2026/09/18 20:09:48.864, 0, 79, 114.59, 100, 14059, 1037, 715, P0, 0x0000000000000020
2026/09/18 20:09:48.868, 1, 79, 120.46, 100, 13169, 1126, 715, P0, 0x0000000000000020
2026/09/18 20:09:49.877, 0, 79, 110.82, 100, 14059, 1063, 715, P0, 0x0000000000000000
2026/09/18 20:09:49.880, 1, 79, 120.70, 100, 13169, 1101, 715, P0, 0x0000000000000020
2026/09/18 20:09:50.905, 0, 79, 98.19, 99, 14059, 1050, 715, P0, 0x0000000000000000
2026/09/18 20:09:50.910, 1, 79, 120.95, 73, 13169, 1113, 715, P0, 0x0000000000000020
2026/09/18 20:09:51.921, 0, 79, 117.70, 100, 14059, 1050, 715, P0, 0x0000000000000020
2026/09/18 20:09:51.924, 1, 79, 124.47, 100, 13169, 1126, 715, P0, 0x0000000000000020
2026/09/18 20:09:52.937, 0, 79, 107.31, 100, 14059, 974, 715, P0, 0x0000000000000020
2026/09/18 20:09:52.942, 1, 79, 106.74, 100, 13169, 1101, 715, P0, 0x0000000000000020
2026/09/18 20:09:53.951, 0, 79, 99.84, 100, 14059, 1050, 715, P0, 0x0000000000000000
2026/09/18 20:09:53.962, 1, 78, 134.96, 100, 13169, 1189, 715, P0, 0x0000000000000020
2026/09/18 20:09:54.971, 0, 79, 96.33, 100, 14059, 1063, 715, P0, 0x0000000000000000
2026/09/18 20:09:54.984, 1, 79, 108.65, 83, 13169, 1113, 715, P0, 0x0000000000000020
2026/09/18 20:09:56.002, 0, 79, 115.31, 100, 14059, 1075, 715, P0, 0x0000000000000000
2026/09/18 20:09:56.005, 1, 79, 127.74, 100, 13169, 1151, 715, P0, 0x0000000000000000
2026/09/18 20:09:57.017, 0, 79, 115.03, 100, 14059, 1063, 715, P0, 0x0000000000000020
2026/09/18 20:09:57.023, 1, 79, 84.40, 100, 13169, 1189, 715, P0, 0x0000000000000000
2026/09/18 20:09:58.035, 0, 79, 98.40, 99, 14059, 1050, 715, P0, 0x0000000000000000
2026/09/18 20:09:58.046, 1, 79, 127.83, 61, 13169, 1164, 715, P0, 0x0000000000000020
2026/09/18 20:09:59.065, 0, 79, 101.54, 100, 14059, 1050, 715, P0, 0x0000000000000020
2026/09/18 20:09:59.068, 1, 79, 118.20, 100, 13169, 1189, 715, P0, 0x0000000000000020
2026/09/18 20:10:00.082, 0, 79, 112.44, 100, 14059, 1050, 715, P0, 0x0000000000000020
2026/09/18 20:10:00.086, 1, 79, 123.53, 100, 13169, 1189, 715, P0, 0x0000000000000000
2026/09/18 20:10:01.100, 0, 79, 104.36, 100, 14059, 1025, 715, P0, 0x0000000000000020
2026/09/18 20:10:01.107, 1, 79, 74.59, 100, 13169, 1177, 715, P0, 0x0000000000000000
2026/09/18 20:10:02.113, 0, 79, 97.15, 100, 14059, 987, 715, P0, 0x0000000000000000
2026/09/18 20:10:02.117, 1, 79, 153.28, 50, 13169, 1164, 715, P0, 0x0000000000000020
2026/09/18 20:10:03.144, 0, 79, 108.46, 99, 14059, 1063, 715, P0, 0x0000000000000000
2026/09/18 20:10:03.148, 1, 79, 125.15, 80, 13169, 1177, 715, P0, 0x0000000000000000
2026/09/18 20:10:04.156, 0, 79, 116.28, 100, 14059, 1025, 715, P0, 0x0000000000000020
2026/09/18 20:10:04.159, 1, 79, 112.64, 100, 13169, 1164, 715, P0, 0x0000000000000000
2026/09/18 20:10:05.185, 0, 79, 102.47, 100, 14059, 1050, 715, P0, 0x0000000000000020
2026/09/18 20:10:05.188, 1, 79, 134.25, 100, 13169, 1189, 715, P0, 0x0000000000000000
2026/09/18 20:10:06.201, 0, 79, 103.82, 100, 14059, 1050, 715, P0, 0x0000000000000020
2026/09/18 20:10:06.210, 1, 79, 75.31, 100, 13169, 1189, 715, P0, 0x0000000000000000
2026/09/18 20:10:07.216, 0, 79, 108.66, 100, 14059, 1012, 715, P0, 0x0000000000000000
2026/09/18 20:10:07.219, 1, 79, 120.92, 100, 13169, 1189, 715, P0, 0x0000000000000000
2026/09/18 20:10:08.234, 0, 79, 116.93, 99, 14059, 999, 715, P0, 0x0000000000000020
2026/09/18 20:10:08.237, 1, 79, 137.69, 95, 13169, 1151, 715, P0, 0x0000000000000020
2026/09/18 20:10:09.262, 0, 79, 113.76, 100, 14059, 1050, 715, P0, 0x0000000000000020
2026/09/18 20:10:09.273, 1, 79, 95.57, 100, 13169, 1075, 715, P0, 0x0000000000000000
2026/09/18 20:10:10.277, 0, 79, 104.03, 100, 14059, 961, 715, P0, 0x0000000000000000
2026/09/18 20:10:10.280, 1, 79, 106.28, 100, 13169, 1088, 715, P0, 0x0000000000000000
2026/09/18 20:10:11.292, 0, 79, 110.93, 100, 14059, 1050, 715, P0, 0x0000000000000020
2026/09/18 20:10:11.297, 1, 79, 107.64, 100, 13169, 1075, 715, P0, 0x0000000000000000
2026/09/18 20:10:12.306, 0, 79, 100.19, 100, 14059, 999, 715, P0, 0x0000000000000000
2026/09/18 20:10:12.314, 1, 79, 110.85, 100, 13169, 1101, 715, P0, 0x0000000000000000
2026/09/18 20:10:13.320, 0, 79, 111.32, 100, 14059, 1050, 715, P0, 0x0000000000000020
2026/09/18 20:10:13.323, 1, 79, 57.04, 100, 13169, 1189, 715, P0, 0x0000000000000000
2026/09/18 20:10:14.335, 0, 79, 105.05, 100, 14059, 987, 715, P0, 0x0000000000000000
2026/09/18 20:10:14.338, 1, 78, 123.02, 74, 13169, 1227, 715, P0, 0x0000000000000000
2026/09/18 20:10:15.346, 0, 79, 98.81, 100, 14059, 1050, 715, P0, 0x0000000000000000
2026/09/18 20:10:15.358, 1, 79, 129.68, 17, 13169, 1139, 715, P0, 0x0000000000000020
2026/09/18 20:10:16.362, 0, 79, 103.67, 99, 14059, 961, 715, P0, 0x0000000000000000
2026/09/18 20:10:16.365, 1, 79, 122.87, 64, 13169, 1126, 715, P0, 0x0000000000000020
2026/09/18 20:10:17.378, 0, 79, 97.71, 99, 14059, 1050, 715, P0, 0x0000000000000000
2026/09/18 20:10:17.383, 1, 79, 131.78, 100, 13169, 1189, 715, P0, 0x0000000000000000
2026/09/18 20:10:18.391, 0, 79, 118.86, 100, 14059, 1025, 715, P0, 0x0000000000000020
2026/09/18 20:10:18.398, 1, 79, 134.78, 100, 13169, 1164, 715, P0, 0x0000000000000020
2026/09/18 20:10:19.407, 0, 79, 93.97, 100, 14059, 1037, 715, P0, 0x0000000000000000
2026/09/18 20:10:19.417, 1, 79, 114.82, 100, 13169, 1101, 715, P0, 0x0000000000000000
2026/09/18 20:10:20.439, 0, 79, 112.21, 100, 14059, 1063, 715, P0, 0x0000000000000000
2026/09/18 20:10:20.442, 1, 79, 123.45, 100, 13169, 1189, 715, P0, 0x0000000000000000
2026/09/18 20:10:21.455, 0, 79, 118.28, 100, 14059, 987, 715, P0, 0x0000000000000020
2026/09/18 20:10:21.459, 1, 79, 143.53, 100, 13169, 1189, 715, P0, 0x0000000000000020
2026/09/18 20:10:22.470, 0, 79, 101.76, 100, 14059, 987, 715, P0, 0x0000000000000000
2026/09/18 20:10:22.479, 1, 79, 107.79, 100, 13169, 1037, 715, P0, 0x0000000000000020
2026/09/18 20:10:23.490, 0, 79, 104.18, 100, 14059, 1025, 715, P0, 0x0000000000000020
2026/09/18 20:10:23.499, 1, 79, 108.01, 100, 13169, 1050, 715, P0, 0x0000000000000020
2026/09/18 20:10:24.523, 0, 79, 99.97, 100, 14059, 1063, 715, P0, 0x0000000000000000
2026/09/18 20:10:24.527, 1, 78, 50.59, 100, 13169, 1189, 715, P0, 0x0000000000000000
2026/09/18 20:10:25.536, 0, 79, 117.57, 100, 14059, 949, 715, P0, 0x0000000000000020
2026/09/18 20:10:25.541, 1, 78, 51.02, 78, 13169, 1227, 715, P0, 0x0000000000000000
2026/09/18 20:10:26.554, 0, 79, 105.24, 100, 14059, 999, 715, P0, 0x0000000000000000
2026/09/18 20:10:26.561, 1, 78, 145.26, 44, 13169, 1316, 715, P0, 0x0000000000000000
2026/09/18 20:10:27.580, 0, 79, 110.81, 99, 14059, 1050, 715, P0, 0x0000000000000000
2026/09/18 20:10:27.583, 1, 79, 117.20, 10, 13169, 1164, 715, P0, 0x0000000000000000
2026/09/18 20:10:28.596, 0, 79, 98.15, 99, 14059, 1050, 715, P0, 0x0000000000000000
2026/09/18 20:10:28.601, 1, 79, 134.44, 0, 13169, 1189, 715, P0, 0x0000000000000020
2026/09/18 20:10:29.610, 0, 79, 118.97, 99, 14059, 999, 715, P0, 0x0000000000000020
2026/09/18 20:10:29.622, 1, 79, 137.43, 12, 13169, 1189, 715, P0, 0x0000000000000000
2026/09/18 20:10:30.639, 0, 79, 109.50, 99, 14059, 911, 715, P0, 0x0000000000000020
2026/09/18 20:10:30.644, 1, 79, 138.15, 23, 13169, 1139, 715, P0, 0x0000000000000020
2026/09/18 20:10:31.649, 0, 79, 98.85, 99, 14059, 911, 715, P0, 0x0000000000000020
2026/09/18 20:10:31.653, 1, 79, 136.35, 100, 13169, 1126, 715, P0, 0x0000000000000020
2026/09/18 20:10:32.664, 0, 79, 101.99, 99, 14059, 961, 715, P0, 0x0000000000000000
2026/09/18 20:10:32.667, 1, 79, 122.16, 100, 13169, 1151, 715, P0, 0x0000000000000000
2026/09/18 20:10:33.693, 0, 79, 93.21, 100, 14059, 1050, 715, P0, 0x0000000000000000
2026/09/18 20:10:33.703, 1, 79, 120.99, 100, 13169, 1189, 715, P0, 0x0000000000000000
2026/09/18 20:10:34.720, 0, 79, 111.31, 100, 14059, 1050, 715, P0, 0x0000000000000020
2026/09/18 20:10:34.724, 1, 79, 124.33, 100, 13169, 1164, 715, P0, 0x0000000000000000
2026/09/18 20:10:35.737, 0, 79, 113.03, 99, 14059, 1050, 715, P0, 0x0000000000000020
2026/09/18 20:10:35.747, 1, 79, 135.51, 100, 13169, 1189, 715, P0, 0x0000000000000020
2026/09/18 20:10:36.753, 0, 79, 112.17, 99, 14059, 1063, 715, P0, 0x0000000000000000
2026/09/18 20:10:36.757, 1, 79, 135.27, 100, 13169, 1189, 715, P0, 0x0000000000000020
2026/09/18 20:10:37.765, 0, 79, 111.20, 99, 14059, 1063, 715, P0, 0x0000000000000000
2026/09/18 20:10:37.768, 1, 79, 134.09, 100, 13169, 1189, 715, P0, 0x0000000000000000
2026/09/18 20:10:38.780, 0, 79, 105.54, 99, 14059, 1063, 715, P0, 0x0000000000000000
2026/09/18 20:10:38.788, 1, 79, 135.29, 100, 13169, 1189, 715, P0, 0x0000000000000000
2026/09/18 20:10:39.794, 0, 79, 95.12, 100, 14059, 999, 715, P0, 0x0000000000000000
2026/09/18 20:10:39.797, 1, 79, 132.66, 88, 13169, 1189, 715, P0, 0x0000000000000000
2026/09/18 20:10:40.809, 0, 79, 101.55, 100, 14059, 961, 715, P0, 0x0000000000000000
2026/09/18 20:10:40.812, 1, 79, 107.20, 70, 13169, 936, 715, P0, 0x0000000000000020
2026/09/18 20:10:41.825, 0, 79, 98.71, 100, 14059, 974, 715, P0, 0x0000000000000000
2026/09/18 20:10:41.830, 1, 79, 110.81, 52, 13169, 987, 715, P0, 0x0000000000000020
2026/09/18 20:10:42.838, 0, 79, 108.63, 99, 14059, 911, 715, P0, 0x0000000000000020
2026/09/18 20:10:42.852, 1, 79, 126.12, 28, 13169, 1050, 715, P0, 0x0000000000000020
2026/09/18 20:10:43.872, 0, 79, 112.63, 99, 14059, 936, 715, P0, 0x0000000000000020
2026/09/18 20:10:43.875, 1, 79, 134.90, 100, 13169, 1075, 715, P0, 0x0000000000000020
2026/09/18 20:10:44.900, 0, 79, 117.11, 99, 14059, 961, 715, P0, 0x0000000000000020
2026/09/18 20:10:44.912, 1, 79, 138.38, 72, 13169, 1189, 715, P0, 0x0000000000000000
2026/09/18 20:10:45.930, 0, 79, 110.99, 99, 14059, 1050, 715, P0, 0x0000000000000000
2026/09/18 20:10:45.932, 1, 79, 127.32, 41, 13169, 1177, 715, P0, 0x0000000000000020
2026/09/18 20:10:46.946, 0, 79, 113.86, 100, 14059, 1050, 715, P0, 0x0000000000000020
2026/09/18 20:10:46.952, 1, 79, 121.66, 5, 13169, 1189, 715, P0, 0x0000000000000020
2026/09/18 20:10:47.965, 0, 79, 101.89, 100, 14059, 999, 715, P0, 0x0000000000000000
2026/09/18 20:10:47.973, 1, 79, 160.83, 0, 13169, 1290, 715, P0, 0x0000000000000020
2026/09/18 20:10:48.978, 0, 79, 107.13, 100, 14059, 898, 715, P0, 0x0000000000000020
2026/09/18 20:10:48.980, 1, 78, 50.34, 8, 13169, 1189, 715, P0, 0x0000000000000000
2026/09/18 20:10:49.994, 0, 79, 117.46, 100, 14059, 1012, 715, P0, 0x0000000000000020
2026/09/18 20:10:49.997, 1, 78, 78.84, 100, 13169, 847, 715, P0, 0x0000000000000000
2026/09/18 20:10:51.006, 0, 79, 114.17, 100, 14059, 1025, 715, P0, 0x0000000000000020
2026/09/18 20:10:51.014, 1, 79, 119.09, 100, 13169, 1037, 715, P0, 0x0000000000000020
2026/09/18 20:10:52.028, 0, 79, 110.82, 100, 14059, 1037, 715, P0, 0x0000000000000020
2026/09/18 20:10:52.034, 1, 79, 122.09, 100, 13169, 1139, 715, P0, 0x0000000000000000
2026/09/18 20:10:53.044, 0, 79, 98.45, 100, 14059, 974, 715, P0, 0x0000000000000000
2026/09/18 20:10:53.055, 1, 79, 116.92, 100, 13169, 1101, 715, P0, 0x0000000000000020
2026/09/18 20:10:54.061, 0, 79, 117.89, 100, 14059, 1037, 715, P0, 0x0000000000000020
2026/09/18 20:10:54.063, 1, 79, 133.67, 100, 13169, 1164, 715, P0, 0x0000000000000020
2026/09/18 20:10:55.091, 0, 79, 113.09, 100, 14059, 1050, 715, P0, 0x0000000000000020
2026/09/18 20:10:55.096, 1, 79, 134.34, 100, 13169, 1189, 715, P0, 0x0000000000000020
2026/09/18 20:10:56.107, 0, 79, 98.91, 100, 14059, 1050, 715, P0, 0x0000000000000000
2026/09/18 20:10:56.116, 1, 79, 131.61, 100, 13169, 1189, 715, P0, 0x0000000000000000
2026/09/18 20:10:57.125, 0, 79, 108.76, 100, 14059, 898, 715, P0, 0x0000000000000020
2026/09/18 20:10:57.140, 1, 79, 142.12, 100, 13169, 1139, 715, P0, 0x0000000000000020
2026/09/18 20:10:58.153, 0, 79, 98.28, 100, 14059, 1050, 715, P0, 0x0000000000000000
2026/09/18 20:10:58.158, 1, 79, 150.88, 100, 13169, 1252, 715, P0, 0x0000000000000020
2026/09/18 20:10:59.165, 0, 79, 109.57, 99, 14059, 1050, 715, P0, 0x0000000000000000
2026/09/18 20:10:59.168, 1, 78, 51.78, 100, 13169, 405, 715, P0, 0x0000000000000020
2026/09/18 20:11:00.195, 0, 79, 108.38, 100, 14059, 898, 715, P0, 0x0000000000000020
2026/09/18 20:11:00.201, 1, 77, 87.70, 100, 13169, 670, 715, P0, 0x0000000000000020
2026/09/18 20:11:01.210, 0, 79, 99.94, 99, 14059, 1050, 715, P0, 0x0000000000000000
2026/09/18 20:11:01.220, 1, 78, 102.08, 100, 13169, 1025, 715, P0, 0x0000000000000020
2026/09/18 20:11:02.240, 0, 79, 85.40, 100, 14059, 898, 715, P0, 0x0000000000000020
2026/09/18 20:11:02.243, 1, 79, 144.08, 100, 13169, 1189, 715, P0, 0x0000000000000000
2026/09/18 20:11:03.254, 0, 79, 97.71, 100, 14059, 1063, 715, P0, 0x0000000000000000
2026/09/18 20:11:03.261, 1, 79, 128.89, 100, 13169, 1202, 715, P0, 0x0000000000000020
2026/09/18 20:11:04.282, 0, 79, 106.82, 100, 14059, 1050, 715, P0, 0x0000000000000000
2026/09/18 20:11:04.285, 1, 79, 60.42, 97, 13169, 1189, 715, P0, 0x0000000000000000
2026/09/18 20:11:05.295, 0, 79, 113.99, 100, 14059, 911, 715, P0, 0x0000000000000020
2026/09/18 20:11:05.303, 1, 79, 141.65, 100, 13169, 1189, 715, P0, 0x0000000000000000
2026/09/18 20:11:06.313, 0, 79, 98.85, 100, 14059, 1050, 715, P0, 0x0000000000000000
2026/09/18 20:11:06.322, 1, 79, 143.93, 100, 13169, 1227, 715, P0, 0x0000000000000000
2026/09/18 20:11:07.340, 0, 79, 106.68, 100, 14059, 898, 715, P0, 0x0000000000000020
2026/09/18 20:11:07.343, 1, 79, 142.38, 100, 13169, 1164, 715, P0, 0x0000000000000020
2026/09/18 20:11:08.355, 0, 79, 114.33, 100, 14059, 1037, 715, P0, 0x0000000000000020
2026/09/18 20:11:08.363, 1, 79, 137.28, 100, 13169, 1252, 715, P0, 0x0000000000000000
2026/09/18 20:11:09.368, 0, 79, 105.72, 99, 14059, 911, 715, P0, 0x0000000000000000
2026/09/18 20:11:09.371, 1, 79, 137.92, 95, 13169, 1202, 715, P0, 0x0000000000000020
2026/09/18 20:11:10.380, 0, 79, 113.76, 100, 14059, 1025, 715, P0, 0x0000000000000020
2026/09/18 20:11:10.385, 1, 79, 145.15, 1, 13169, 1252, 715, P0, 0x0000000000000000
2026/09/18 20:11:11.395, 0, 79, 109.69, 100, 14059, 923, 715, P0, 0x0000000000000020
2026/09/18 20:11:11.405, 1, 78, 53.43, 0, 13169, 1252, 715, P0, 0x0000000000000000
2026/09/18 20:11:12.410, 0, 79, 111.16, 100, 14059, 1050, 715, P0, 0x0000000000000020
2026/09/18 20:11:12.413, 1, 78, 51.30, 97, 13169, 1202, 715, P0, 0x0000000000000000
2026/09/18 20:11:13.425, 0, 79, 115.62, 100, 14059, 949, 715, P0, 0x0000000000000020
2026/09/18 20:11:13.430, 1, 80, 142.81, 100, 13169, 1227, 715, P0, 0x0000000000000020
2026/09/18 20:11:14.434, 0, 79, 97.66, 100, 14059, 1050, 715, P0, 0x0000000000000000
2026/09/18 20:11:14.444, 1, 79, 129.02, 100, 13169, 1164, 715, P0, 0x0000000000000020
2026/09/18 20:11:15.464, 0, 79, 118.03, 100, 14059, 1037, 715, P0, 0x0000000000000020
2026/09/18 20:11:15.467, 1, 79, 153.13, 100, 13169, 1240, 715, P0, 0x0000000000000000
2026/09/18 20:11:16.479, 0, 79, 95.25, 100, 14059, 1050, 715, P0, 0x0000000000000000
2026/09/18 20:11:16.491, 1, 79, 152.46, 100, 13169, 1290, 715, P0, 0x0000000000000020
2026/09/18 20:11:17.508, 0, 79, 115.56, 99, 14059, 1063, 715, P0, 0x0000000000000000
2026/09/18 20:11:17.512, 1, 79, 118.78, 71, 13169, 1177, 715, P0, 0x0000000000000000
2026/09/18 20:11:18.535, 0, 79, 107.05, 100, 14059, 911, 715, P0, 0x0000000000000020
2026/09/18 20:11:18.546, 1, 78, 57.05, 0, 13169, 1316, 715, P0, 0x0000000000000000
2026/09/18 20:11:19.565, 0, 79, 103.26, 100, 14059, 1063, 715, P0, 0x0000000000000020
2026/09/18 20:11:19.568, 1, 78, 56.33, 46, 13169, 1316, 715, P0, 0x0000000000000000
2026/09/18 20:11:20.579, 0, 79, 112.37, 100, 14059, 911, 715, P0, 0x0000000000000020
2026/09/18 20:11:20.589, 1, 79, 142.12, 100, 13169, 1202, 715, P0, 0x0000000000000000
2026/09/18 20:11:21.594, 0, 79, 96.06, 100, 14059, 1012, 715, P0, 0x0000000000000000
2026/09/18 20:11:21.597, 1, 79, 132.66, 100, 13169, 1189, 715, P0, 0x0000000000000000
2026/09/18 20:11:22.612, 0, 79, 100.04, 100, 14059, 1037, 715, P0, 0x0000000000000020
2026/09/18 20:11:22.615, 1, 79, 139.37, 100, 13169, 1227, 715, P0, 0x0000000000000000
2026/09/18 20:11:23.630, 0, 79, 107.66, 100, 14059, 911, 715, P0, 0x0000000000000020
2026/09/18 20:11:23.633, 1, 79, 128.76, 79, 13169, 1126, 715, P0, 0x0000000000000020
2026/09/18 20:11:24.643, 0, 79, 102.70, 99, 14059, 1037, 715, P0, 0x0000000000000020
2026/09/18 20:11:24.648, 1, 78, 136.07, 0, 13169, 1189, 715, P0, 0x0000000000000000
2026/09/18 20:11:25.663, 0, 79, 103.92, 100, 14059, 1037, 715, P0, 0x0000000000000020
2026/09/18 20:11:25.670, 1, 78, 55.37, 62, 13169, 1290, 715, P0, 0x0000000000000000
2026/09/18 20:11:26.678, 0, 79, 107.69, 100, 14059, 911, 715, P0, 0x0000000000000020
2026/09/18 20:11:26.690, 1, 79, 121.93, 100, 13169, 1126, 715, P0, 0x0000000000000020
2026/09/18 20:11:27.694, 0, 79, 93.51, 100, 14059, 1012, 715, P0, 0x0000000000000000
2026/09/18 20:11:27.697, 1, 79, 109.71, 100, 13169, 1139, 715, P0, 0x0000000000000000
2026/09/18 20:11:28.704, 0, 79, 111.70, 100, 14059, 1025, 715, P0, 0x0000000000000020
2026/09/18 20:11:28.711, 1, 79, 137.55, 100, 13169, 1189, 715, P0, 0x0000000000000000
2026/09/18 20:11:29.716, 0, 79, 108.76, 99, 14059, 936, 715, P0, 0x0000000000000020
2026/09/18 20:11:29.720, 1, 79, 146.89, 100, 13169, 1189, 715, P0, 0x0000000000000020
2026/09/18 20:11:30.729, 0, 79, 108.09, 100, 14059, 923, 715, P0, 0x0000000000000020
2026/09/18 20:11:30.731, 1, 78, 49.85, 0, 13169, 1189, 715, P0, 0x0000000000000000
2026/09/18 20:11:31.745, 0, 79, 110.42, 100, 14059, 1063, 715, P0, 0x0000000000000000
2026/09/18 20:11:31.751, 1, 79, 56.09, 54, 13169, 1316, 715, P0, 0x0000000000000020
2026/09/18 20:11:32.762, 0, 79, 100.22, 100, 14059, 1050, 715, P0, 0x0000000000000000
2026/09/18 20:11:32.772, 1, 79, 145.11, 100, 13169, 1215, 715, P0, 0x0000000000000020
2026/09/18 20:11:33.778, 0, 79, 108.04, 100, 14059, 911, 715, P0, 0x0000000000000020
2026/09/18 20:11:33.781, 1, 80, 145.47, 100, 13169, 1164, 715, P0, 0x0000000000000020
2026/09/18 20:11:34.793, 0, 79, 101.76, 99, 14059, 974, 715, P0, 0x0000000000000000
2026/09/18 20:11:34.799, 1, 79, 117.20, 100, 13169, 1189, 715, P0, 0x0000000000000000
2026/09/18 20:11:35.823, 0, 79, 110.88, 99, 14059, 1037, 715, P0, 0x0000000000000020
2026/09/18 20:11:35.831, 1, 78, 131.07, 0, 13169, 1202, 715, P0, 0x0000000000000000
2026/09/18 20:11:36.842, 0, 79, 106.16, 100, 14059, 1025, 715, P0, 0x0000000000000020
2026/09/18 20:11:36.853, 1, 78, 51.07, 34, 13169, 1202, 715, P0, 0x0000000000000000
2026/09/18 20:11:37.858, 0, 79, 113.98, 100, 14059, 961, 715, P0, 0x0000000000000020
2026/09/18 20:11:37.861, 1, 80, 137.91, 100, 13169, 1227, 715, P0, 0x0000000000000020
2026/09/18 20:11:38.872, 0, 79, 107.20, 100, 14059, 911, 715, P0, 0x0000000000000020
2026/09/18 20:11:38.875, 1, 78, 72.92, 100, 13169, 721, 715, P0, 0x0000000000000000
2026/09/18 20:11:39.899, 0, 79, 107.27, 100, 14059, 1050, 715, P0, 0x0000000000000000
2026/09/18 20:11:39.902, 1, 78, 106.95, 100, 13169, 936, 715, P0, 0x0000000000000020
2026/09/18 20:11:40.915, 0, 79, 111.49, 100, 14059, 1037, 715, P0, 0x0000000000000020
2026/09/18 20:11:40.919, 1, 78, 110.97, 49, 13169, 1126, 715, P0, 0x0000000000000020
2026/09/18 20:11:41.933, 0, 79, 113.01, 100, 14059, 1050, 715, P0, 0x0000000000000020
2026/09/18 20:11:41.936, 1, 78, 50.81, 0, 13169, 1202, 715, P0, 0x0000000000000000
2026/09/18 20:11:42.947, 0, 79, 119.29, 100, 14059, 999, 715, P0, 0x0000000000000020
2026/09/18 20:11:42.955, 1, 79, 134.74, 100, 13169, 1202, 715, P0, 0x0000000000000000
2026/09/18 20:11:43.976, 0, 79, 108.53, 100, 14059, 911, 715, P0, 0x0000000000000020
2026/09/18 20:11:43.982, 1, 79, 142.13, 100, 13169, 1177, 715, P0, 0x0000000000000000
2026/09/18 20:11:44.989, 0, 79, 99.11, 99, 14059, 987, 715, P0, 0x0000000000000000
2026/09/18 20:11:44.995, 1, 79, 142.25, 100, 13169, 1215, 715, P0, 0x0000000000000000
2026/09/18 20:11:46.018, 0, 79, 107.57, 99, 14059, 1025, 715, P0, 0x0000000000000000
2026/09/18 20:11:46.021, 1, 78, 153.64, 0, 13169, 1316, 715, P0, 0x0000000000000000
2026/09/18 20:11:47.033, 0, 79, 113.02, 100, 14059, 1037, 715, P0, 0x0000000000000020
2026/09/18 20:11:47.037, 1, 78, 50.57, 32, 13169, 1189, 715, P0, 0x0000000000000000
2026/09/18 20:11:48.049, 0, 79, 111.38, 100, 14059, 1050, 715, P0, 0x0000000000000020
2026/09/18 20:11:48.056, 1, 79, 144.69, 100, 13169, 1240, 715, P0, 0x0000000000000000
2026/09/18 20:11:49.065, 0, 79, 111.28, 100, 14059, 1063, 715, P0, 0x0000000000000000
2026/09/18 20:11:49.076, 1, 79, 164.40, 100, 13169, 1265, 715, P0, 0x0000000000000020
2026/09/18 20:11:50.093, 0, 79, 109.16, 99, 14059, 911, 715, P0, 0x0000000000000020
2026/09/18 20:11:50.099, 1, 79, 162.09, 30, 13169, 1189, 715, P0, 0x0000000000000020
2026/09/18 20:11:51.105, 0, 79, 113.71, 100, 14059, 923, 715, P0, 0x0000000000000020
2026/09/18 20:11:51.118, 1, 78, 55.12, 0, 13169, 1290, 715, P0, 0x0000000000000000
2026/09/18 20:11:52.124, 0, 79, 107.85, 100, 14059, 911, 715, P0, 0x0000000000000020
2026/09/18 20:11:52.130, 1, 79, 51.54, 73, 13169, 1240, 715, P0, 0x0000000000000000
2026/09/18 20:11:53.139, 0, 79, 106.56, 100, 14059, 898, 715, P0, 0x0000000000000020
2026/09/18 20:11:53.142, 1, 79, 120.47, 100, 13169, 1075, 715, P0, 0x0000000000000020
2026/09/18 20:11:54.152, 0, 79, 101.75, 99, 14059, 911, 715, P0, 0x0000000000000020
2026/09/18 20:11:54.158, 1, 79, 111.85, 100, 13169, 1126, 715, P0, 0x0000000000000020
2026/09/18 20:11:55.166, 0, 79, 106.82, 100, 14059, 911, 715, P0, 0x0000000000000020
2026/09/18 20:11:55.178, 1, 78, 52.73, 0, 13169, 1252, 715, P0, 0x0000000000000000
2026/09/18 20:11:56.197, 0, 79, 94.65, 100, 14059, 961, 715, P0, 0x0000000000000000
2026/09/18 20:11:56.200, 1, 79, 56.59, 67, 13169, 1316, 715, P0, 0x0000000000000000
2026/09/18 20:11:57.212, 0, 79, 95.60, 100, 14059, 1025, 715, P0, 0x0000000000000000
2026/09/18 20:11:57.219, 1, 80, 113.42, 100, 13169, 1126, 715, P0, 0x0000000000000020
2026/09/18 20:11:58.227, 0, 79, 110.47, 100, 14059, 1063, 715, P0, 0x0000000000000000
2026/09/18 20:11:58.239, 1, 79, 126.12, 100, 13169, 1164, 715, P0, 0x0000000000000020
2026/09/18 20:11:59.257, 0, 79, 98.29, 99, 14059, 1050, 715, P0, 0x0000000000000000
2026/09/18 20:11:59.260, 1, 78, 155.32, 0, 13169, 1265, 715, P0, 0x0000000000000020
2026/09/18 20:12:00.273, 0, 79, 113.48, 100, 14059, 1050, 715, P0, 0x0000000000000020
2026/09/18 20:12:00.280, 1, 78, 56.80, 71, 13169, 1316, 715, P0, 0x0000000000000000
2026/09/18 20:12:01.288, 0, 79, 113.02, 100, 14059, 1037, 715, P0, 0x0000000000000020
2026/09/18 20:12:01.300, 1, 79, 135.36, 100, 13169, 1189, 715, P0, 0x0000000000000000
2026/09/18 20:12:02.307, 0, 79, 98.86, 100, 14059, 1050, 715, P0, 0x0000000000000000
2026/09/18 20:12:02.319, 1, 79, 134.72, 100, 13169, 1240, 715, P0, 0x0000000000000000
2026/09/18 20:12:03.338, 0, 79, 111.90, 100, 14059, 1050, 715, P0, 0x0000000000000000
2026/09/18 20:12:03.341, 1, 79, 145.22, 44, 13169, 1290, 715, P0, 0x0000000000000020
2026/09/18 20:12:04.355, 0, 79, 112.59, 100, 14059, 1050, 715, P0, 0x0000000000000020
2026/09/18 20:12:04.361, 1, 78, 53.67, 0, 13169, 1252, 715, P0, 0x0000000000000000
2026/09/18 20:12:05.368, 0, 79, 110.73, 100, 14059, 1050, 715, P0, 0x0000000000000000
2026/09/18 20:12:05.371, 1, 79, 141.35, 100, 13169, 1252, 715, P0, 0x0000000000000000
2026/09/18 20:12:06.382, 0, 79, 112.76, 100, 14059, 1037, 715, P0, 0x0000000000000020
2026/09/18 20:12:06.385, 1, 79, 153.00, 100, 13169, 1278, 715, P0, 0x0000000000000000
2026/09/18 20:12:07.394, 0, 79, 105.06, 100, 14059, 1025, 715, P0, 0x0000000000000000
2026/09/18 20:12:07.402, 1, 78, 126.78, 0, 13169, 1227, 715, P0, 0x0000000000000000
2026/09/18 20:12:08.422, 0, 79, 98.74, 100, 14059, 987, 715, P0, 0x0000000000000000
2026/09/18 20:12:08.425, 1, 78, 56.58, 51, 13169, 1316, 715, P0, 0x0000000000000000
2026/09/18 20:12:09.437, 0, 79, 94.50, 100, 14059, 999, 715, P0, 0x0000000000000000
2026/09/18 20:12:09.444, 1, 80, 140.07, 100, 13169, 1139, 715, P0, 0x0000000000000020
2026/09/18 20:12:10.454, 0, 79, 95.57, 100, 14059, 999, 715, P0, 0x0000000000000000
2026/09/18 20:12:10.463, 1, 79, 121.69, 100, 13169, 1177, 715, P0, 0x0000000000000000
2026/09/18 20:12:11.471, 0, 79, 107.07, 100, 14059, 911, 715, P0, 0x0000000000000020
2026/09/18 20:12:11.483, 1, 77, 49.85, 0, 13169, 1189, 715, P0, 0x0000000000000000
2026/09/18 20:12:12.496, 0, 79, 106.40, 100, 14059, 898, 715, P0, 0x0000000000000020
2026/09/18 20:12:12.504, 1, 79, 54.17, 100, 13169, 1252, 715, P0, 0x0000000000000000
2026/09/18 20:12:13.511, 0, 79, 106.11, 100, 14059, 898, 715, P0, 0x0000000000000020
2026/09/18 20:12:13.514, 1, 80, 152.52, 100, 13169, 1202, 715, P0, 0x0000000000000000
2026/09/18 20:12:14.527, 0, 79, 106.14, 99, 14059, 898, 715, P0, 0x0000000000000020
2026/09/18 20:12:14.530, 1, 79, 144.51, 36, 13169, 1164, 715, P0, 0x0000000000000020
2026/09/18 20:12:15.545, 0, 79, 116.85, 100, 14059, 1050, 715, P0, 0x0000000000000020
2026/09/18 20:12:15.547, 1, 78, 51.74, 0, 13169, 1227, 715, P0, 0x0000000000000000
2026/09/18 20:12:16.560, 0, 79, 100.09, 100, 14059, 1050, 715, P0, 0x0000000000000000
2026/09/18 20:12:16.566, 1, 79, 133.77, 100, 13169, 1189, 715, P0, 0x0000000000000000
2026/09/18 20:12:17.576, 0, 79, 111.58, 100, 14059, 1012, 715, P0, 0x0000000000000020
2026/09/18 20:12:17.585, 1, 79, 151.35, 100, 13169, 1252, 715, P0, 0x0000000000000020
2026/09/18 20:12:18.604, 0, 79, 111.92, 100, 14059, 1063, 715, P0, 0x0000000000000000
2026/09/18 20:12:18.607, 1, 78, 131.06, 16, 13169, 1202, 715, P0, 0x0000000000000000
2026/09/18 20:12:19.620, 0, 79, 96.12, 100, 14059, 1037, 715, P0, 0x0000000000000000
2026/09/18 20:12:19.625, 1, 78, 52.53, 29, 13169, 1227, 715, P0, 0x0000000000000000
2026/09/18 20:12:20.637, 0, 79, 96.77, 100, 14059, 987, 715, P0, 0x0000000000000000
2026/09/18 20:12:20.645, 1, 79, 133.76, 100, 13169, 1189, 715, P0, 0x0000000000000000
2026/09/18 20:12:21.651, 0, 79, 106.50, 100, 14059, 911, 715, P0, 0x0000000000000020
2026/09/18 20:12:21.655, 1, 79, 121.43, 100, 13169, 1189, 715, P0, 0x0000000000000000
2026/09/18 20:12:22.666, 0, 79, 108.99, 100, 14059, 923, 715, P0, 0x0000000000000020
2026/09/18 20:12:22.669, 1, 78, 49.84, 0, 13169, 1189, 715, P0, 0x0000000000000000
2026/09/18 20:12:23.680, 0, 79, 118.68, 100, 14059, 999, 715, P0, 0x0000000000000020
2026/09/18 20:12:23.686, 1, 79, 141.46, 100, 13169, 1227, 715, P0, 0x0000000000000020
2026/09/18 20:12:24.695, 0, 79, 99.09, 100, 14059, 1050, 715, P0, 0x0000000000000000
2026/09/18 20:12:24.705, 1, 79, 137.10, 100, 13169, 1252, 715, P0, 0x0000000000000000
2026/09/18 20:12:25.724, 0, 79, 111.60, 100, 14059, 1063, 715, P0, 0x0000000000000000
2026/09/18 20:12:25.727, 1, 78, 137.91, 0, 13169, 1227, 715, P0, 0x0000000000000000
2026/09/18 20:12:26.737, 0, 79, 100.61, 100, 14059, 1012, 715, P0, 0x0000000000000000
2026/09/18 20:12:26.747, 1, 78, 55.13, 0, 13169, 1278, 715, P0, 0x0000000000000000
2026/09/18 20:12:27.765, 0, 79, 107.04, 100, 14059, 911, 715, P0, 0x0000000000000020
2026/09/18 20:12:27.769, 1, 80, 120.73, 100, 13169, 1202, 715, P0, 0x0000000000000000
2026/09/18 20:12:28.780, 0, 79, 106.72, 99, 14059, 911, 715, P0, 0x0000000000000020
2026/09/18 20:12:28.788, 1, 79, 126.36, 100, 13169, 1113, 715, P0, 0x0000000000000020
2026/09/18 20:12:29.809, 0, 79, 117.57, 100, 14059, 1037, 715, P0, 0x0000000000000020
2026/09/18 20:12:29.812, 1, 78, 52.46, 0, 13169, 1252, 715, P0, 0x0000000000000000
2026/09/18 20:12:30.824, 0, 79, 113.96, 100, 14059, 1025, 715, P0, 0x0000000000000020
2026/09/18 20:12:30.829, 1, 79, 157.93, 100, 13169, 1265, 715, P0, 0x0000000000000020
2026/09/18 20:12:31.838, 0, 79, 103.96, 100, 14059, 1025, 715, P0, 0x0000000000000020
2026/09/18 20:12:31.849, 1, 79, 152.32, 100, 13169, 1278, 715, P0, 0x0000000000000000
2026/09/18 20:12:32.866, 0, 79, 107.05, 100, 14059, 923, 715, P0, 0x0000000000000000
2026/09/18 20:12:32.871, 1, 77, 54.67, 0, 13169, 1290, 715, P0, 0x0000000000000000
2026/09/18 20:12:33.877, 0, 79, 107.54, 100, 14059, 911, 715, P0, 0x0000000000000020
2026/09/18 20:12:33.880, 1, 79, 53.47, 100, 13169, 1252, 715, P0, 0x0000000000000000
2026/09/18 20:12:34.890, 0, 79, 117.97, 100, 14059, 1012, 715, P0, 0x0000000000000020
2026/09/18 20:12:34.894, 1, 79, 143.32, 100, 13169, 1202, 715, P0, 0x0000000000000000
2026/09/18 20:12:35.909, 0, 79, 107.83, 99, 14059, 1025, 715, P0, 0x0000000000000020
2026/09/18 20:12:35.912, 1, 78, 143.57, 0, 13169, 1215, 715, P0, 0x0000000000000000
2026/09/18 20:12:36.924, 0, 79, 101.33, 100, 14059, 1012, 715, P0, 0x0000000000000000
2026/09/18 20:12:36.930, 1, 78, 57.06, 72, 13169, 1316, 715, P0, 0x0000000000000000
2026/09/18 20:12:37.948, 0, 79, 107.19, 100, 14059, 911, 715, P0, 0x0000000000000020
2026/09/18 20:12:37.951, 1, 80, 126.14, 100, 13169, 1189, 715, P0, 0x0000000000000000
2026/09/18 20:12:38.966, 0, 79, 107.31, 99, 14059, 911, 715, P0, 0x0000000000000020
2026/09/18 20:12:38.972, 1, 79, 156.72, 100, 13169, 1215, 715, P0, 0x0000000000000020
2026/09/18 20:12:39.977, 0, 79, 110.39, 100, 14059, 1050, 715, P0, 0x0000000000000000
2026/09/18 20:12:39.980, 1, 78, 51.98, 0, 13169, 1227, 715, P0, 0x0000000000000000
2026/09/18 20:12:40.992, 0, 79, 101.91, 100, 14059, 1012, 715, P0, 0x0000000000000000
2026/09/18 20:12:40.995, 1, 79, 141.32, 100, 13169, 1278, 715, P0, 0x0000000000000020
2026/09/18 20:12:42.008, 0, 79, 105.82, 99, 14059, 898, 715, P0, 0x0000000000000020
2026/09/18 20:12:42.012, 1, 79, 126.85, 100, 13169, 1113, 715, P0, 0x0000000000000020
2026/09/18 20:12:43.023, 0, 79, 112.31, 100, 14059, 1063, 715, P0, 0x0000000000000000
2026/09/18 20:12:43.032, 1, 78, 52.22, 0, 13169, 1252, 715, P0, 0x0000000000000000
2026/09/18 20:12:44.037, 0, 79, 110.37, 100, 14059, 1050, 715, P0, 0x0000000000000020
2026/09/18 20:12:44.041, 1, 79, 142.00, 100, 13169, 1252, 715, P0, 0x0000000000000020
2026/09/18 20:12:45.050, 0, 79, 85.03, 100, 14059, 923, 715, P0, 0x0000000000000000
2026/09/18 20:12:45.053, 1, 79, 132.90, 100, 13169, 1227, 715, P0, 0x0000000000000000
2026/09/18 20:12:46.063, 0, 79, 110.67, 100, 14059, 923, 715, P0, 0x0000000000000020
2026/09/18 20:12:46.074, 1, 78, 49.60, 0, 13169, 1189, 715, P0, 0x0000000000000000
2026/09/18 20:12:47.092, 0, 79, 113.33, 100, 14059, 1025, 715, P0, 0x0000000000000020
2026/09/18 20:12:47.095, 1, 79, 141.88, 100, 13169, 1202, 715, P0, 0x0000000000000000
2026/09/18 20:12:48.107, 0, 79, 111.54, 100, 14059, 1063, 715, P0, 0x0000000000000000
2026/09/18 20:12:48.113, 1, 79, 130.20, 100, 13169, 1215, 715, P0, 0x0000000000000000
2026/09/18 20:12:49.122, 0, 79, 106.82, 100, 14059, 911, 715, P0, 0x0000000000000020
2026/09/18 20:12:49.133, 1, 78, 52.26, 0, 13169, 1240, 715, P0, 0x0000000000000000
2026/09/18 20:12:50.151, 0, 79, 115.04, 100, 14059, 1037, 715, P0, 0x0000000000000020
2026/09/18 20:12:50.155, 1, 79, 133.46, 100, 13169, 1227, 715, P0, 0x0000000000000000
2026/09/18 20:12:51.167, 0, 79, 102.39, 100, 14059, 1050, 715, P0, 0x0000000000000020
2026/09/18 20:12:51.172, 1, 79, 137.72, 100, 13169, 1316, 715, P0, 0x0000000000000020
2026/09/18 20:12:52.195, 0, 79, 107.06, 100, 14059, 923, 715, P0, 0x0000000000000000
2026/09/18 20:12:52.197, 1, 78, 49.60, 0, 13169, 1189, 715, P0, 0x0000000000000000
2026/09/18 20:12:53.209, 0, 79, 114.32, 100, 14059, 923, 715, P0, 0x0000000000000020
2026/09/18 20:12:53.216, 1, 79, 131.56, 100, 13169, 1202, 715, P0, 0x0000000000000000
2026/09/18 20:12:54.221, 0, 79, 106.41, 100, 14059, 1050, 715, P0, 0x0000000000000000
2026/09/18 20:12:54.225, 1, 79, 142.48, 100, 13169, 1278, 715, P0, 0x0000000000000000
2026/09/18 20:12:55.239, 0, 79, 107.06, 100, 14059, 911, 715, P0, 0x0000000000000020
2026/09/18 20:12:55.242, 1, 78, 54.16, 0, 13169, 1278, 715, P0, 0x0000000000000000
2026/09/18 20:12:56.257, 0, 79, 114.27, 100, 14059, 936, 715, P0, 0x0000000000000020
2026/09/18 20:12:56.260, 1, 79, 51.29, 100, 13169, 1189, 715, P0, 0x0000000000000000
2026/09/18 20:12:57.272, 0, 79, 97.88, 100, 14059, 1050, 715, P0, 0x0000000000000000
2026/09/18 20:12:57.275, 1, 79, 139.40, 100, 13169, 1252, 715, P0, 0x0000000000000020
2026/09/18 20:12:58.284, 0, 79, 107.29, 100, 14059, 923, 715, P0, 0x0000000000000000
2026/09/18 20:12:58.297, 1, 77, 56.08, 0, 13169, 1316, 715, P0, 0x0000000000000000
2026/09/18 20:12:59.316, 0, 79, 115.78, 100, 14059, 1025, 715, P0, 0x0000000000000020
2026/09/18 20:12:59.319, 1, 79, 66.87, 100, 13169, 1215, 715, P0, 0x0000000000000000
2026/09/18 20:13:00.330, 0, 79, 114.46, 100, 14059, 1025, 715, P0, 0x0000000000000020
2026/09/18 20:13:00.337, 1, 79, 140.54, 100, 13169, 1189, 715, P0, 0x0000000000000000
2026/09/18 20:13:01.345, 0, 79, 106.81, 100, 14059, 911, 715, P0, 0x0000000000000020
2026/09/18 20:13:01.356, 1, 78, 54.16, 0, 13169, 1278, 715, P0, 0x0000000000000000
2026/09/18 20:13:02.373, 0, 79, 111.43, 100, 14059, 1063, 715, P0, 0x0000000000000000
2026/09/18 20:13:02.377, 1, 79, 140.43, 100, 13169, 1202, 715, P0, 0x0000000000000000
2026/09/18 20:13:03.390, 0, 79, 93.41, 100, 14059, 1050, 715, P0, 0x0000000000000000
2026/09/18 20:13:03.396, 1, 79, 133.02, 100, 13169, 1252, 715, P0, 0x0000000000000020
2026/09/18 20:13:04.407, 0, 79, 107.29, 100, 14059, 911, 715, P0, 0x0000000000000020
2026/09/18 20:13:04.416, 1, 78, 56.56, 0, 13169, 1316, 715, P0, 0x0000000000000000
2026/09/18 20:13:05.423, 0, 79, 99.82, 100, 14059, 1025, 715, P0, 0x0000000000000020
2026/09/18 20:13:05.426, 1, 79, 134.54, 100, 13169, 1164, 715, P0, 0x0000000000000020
2026/09/18 20:13:06.452, 0, 79, 106.50, 100, 14059, 911, 715, P0, 0x0000000000000020
2026/09/18 20:13:06.456, 1, 79, 120.95, 100, 13169, 1189, 715, P0, 0x0000000000000000
2026/09/18 20:13:07.465, 0, 79, 115.00, 100, 14059, 1050, 715, P0, 0x0000000000000020
2026/09/18 20:13:07.476, 1, 78, 51.98, 0, 13169, 1240, 715, P0, 0x0000000000000000
2026/09/18 20:13:08.493, 0, 79, 95.65, 100, 14059, 1037, 715, P0, 0x0000000000000000
2026/09/18 20:13:08.498, 1, 80, 162.01, 100, 13169, 1278, 715, P0, 0x0000000000000000
2026/09/18 20:13:09.504, 0, 79, 105.71, 100, 14059, 898, 715, P0, 0x0000000000000020
2026/09/18 20:13:09.507, 1, 79, 150.87, 91, 13169, 1202, 715, P0, 0x0000000000000020
2026/09/18 20:13:10.514, 0, 79, 112.93, 100, 14059, 1063, 715, P0, 0x0000000000000020
2026/09/18 20:13:10.517, 1, 78, 55.11, 0, 13169, 1290, 715, P0, 0x0000000000000000
2026/09/18 20:13:11.529, 0, 79, 106.49, 100, 14059, 898, 715, P0, 0x0000000000000020
2026/09/18 20:13:11.539, 1, 80, 110.78, 100, 13169, 1126, 715, P0, 0x0000000000000020
2026/09/18 20:13:12.548, 0, 79, 108.34, 99, 14059, 1063, 715, P0, 0x0000000000000000
2026/09/18 20:13:12.559, 1, 78, 131.07, 3, 13169, 1202, 715, P0, 0x0000000000000000
2026/09/18 20:13:13.576, 0, 79, 107.77, 100, 14059, 911, 715, P0, 0x0000000000000020
2026/09/18 20:13:13.580, 1, 78, 56.09, 76, 13169, 1303, 715, P0, 0x0000000000000000
2026/09/18 20:13:14.589, 0, 79, 116.02, 100, 14059, 949, 715, P0, 0x0000000000000020
2026/09/18 20:13:14.600, 1, 80, 154.32, 100, 13169, 1202, 715, P0, 0x0000000000000020
2026/09/18 20:13:15.616, 0, 79, 96.81, 100, 14059, 1025, 715, P0, 0x0000000000000000
2026/09/18 20:13:15.619, 1, 77, 121.19, 0, 13169, 1278, 715, P0, 0x0000000000000000
2026/09/18 20:13:16.629, 0, 79, 108.25, 100, 14059, 911, 715, P0, 0x0000000000000020
2026/09/18 20:13:16.639, 1, 79, 57.06, 94, 13169, 1265, 715, P0, 0x0000000000000000
2026/09/18 20:13:17.649, 0, 79, 111.89, 100, 14059, 1025, 715, P0, 0x0000000000000020
2026/09/18 20:13:17.661, 1, 79, 142.41, 100, 13169, 1290, 715, P0, 0x0000000000000000
2026/09/18 20:13:18.676, 0, 79, 107.07, 100, 14059, 911, 715, P0, 0x0000000000000020
2026/09/18 20:13:18.679, 1, 78, 49.60, 0, 13169, 1189, 715, P0, 0x0000000000000000
2026/09/18 20:13:19.692, 0, 79, 100.74, 100, 14059, 1050, 715, P0, 0x0000000000000000
2026/09/18 20:13:19.701, 1, 79, 139.81, 100, 13169, 1202, 715, P0, 0x0000000000000000
2026/09/18 20:13:20.707, 0, 79, 107.07, 100, 14059, 923, 715, P0, 0x0000000000000000
2026/09/18 20:13:20.710, 1, 79, 155.76, 100, 13169, 1202, 715, P0, 0x0000000000000020
2026/09/18 20:13:21.721, 0, 79, 109.00, 100, 14059, 1050, 715, P0, 0x0000000000000000
2026/09/18 20:13:21.724, 1, 78, 56.53, 0, 13169, 1316, 715, P0, 0x0000000000000000
2026/09/18 20:13:22.737, 0, 79, 107.16, 100, 14059, 911, 715, P0, 0x0000000000000020
2026/09/18 20:13:22.741, 1, 80, 140.78, 100, 13169, 1227, 715, P0, 0x0000000000000000
2026/09/18 20:13:23.752, 0, 79, 108.83, 99, 14059, 1050, 715, P0, 0x0000000000000000
2026/09/18 20:13:23.761, 1, 78, 123.27, 10, 13169, 1177, 715, P0, 0x0000000000000020
2026/09/18 20:13:24.769, 0, 79, 107.12, 100, 14059, 923, 715, P0, 0x0000000000000000
2026/09/18 20:13:24.782, 1, 78, 52.26, 92, 13169, 1227, 715, P0, 0x0000000000000000
2026/09/18 20:13:25.798, 0, 79, 112.67, 100, 14059, 1063, 715, P0, 0x0000000000000000
2026/09/18 20:13:25.802, 1, 79, 169.74, 100, 13169, 1252, 715, P0, 0x0000000000000020
2026/09/18 20:13:26.811, 0, 79, 106.65, 100, 14059, 923, 715, P0, 0x0000000000000000
2026/09/18 20:13:26.823, 1, 77, 49.37, 0, 13169, 1189, 715, P0, 0x0000000000000000
2026/09/18 20:13:27.828, 0, 79, 98.53, 100, 14059, 1037, 715, P0, 0x0000000000000000
2026/09/18 20:13:27.831, 1, 79, 148.52, 100, 13169, 1265, 715, P0, 0x0000000000000000
2026/09/18 20:13:28.841, 0, 79, 97.15, 100, 14059, 898, 715, P0, 0x0000000000000020
2026/09/18 20:13:28.844, 1, 79, 140.14, 100, 13169, 1290, 715, P0, 0x0000000000000000
2026/09/18 20:13:29.852, 0, 79, 103.03, 100, 14059, 1037, 715, P0, 0x0000000000000020
2026/09/18 20:13:29.860, 1, 78, 54.89, 0, 13169, 1290, 715, P0, 0x0000000000000000
2026/09/18 20:13:30.865, 0, 79, 107.28, 100, 14059, 911, 715, P0, 0x0000000000000020
2026/09/18 20:13:30.868, 1, 79, 120.47, 100, 13169, 1189, 715, P0, 0x0000000000000000
2026/09/18 20:13:31.882, 0, 79, 102.39, 99, 14059, 1050, 715, P0, 0x0000000000000000
2026/09/18 20:13:31.885, 1, 78, 144.78, 46, 13169, 1278, 715, P0, 0x0000000000000020
2026/09/18 20:13:32.893, 0, 79, 107.06, 100, 14059, 911, 715, P0, 0x0000000000000020
2026/09/18 20:13:32.902, 1, 78, 54.64, 37, 13169, 1265, 715, P0, 0x0000000000000000
2026/09/18 20:13:33.906, 0, 79, 112.53, 100, 14059, 1063, 715, P0, 0x0000000000000000
2026/09/18 20:13:33.909, 1, 79, 149.69, 100, 13169, 1328, 715, P0, 0x0000000000000000
2026/09/18 20:13:34.921, 0, 79, 108.33, 100, 14059, 923, 715, P0, 0x0000000000000020
2026/09/18 20:13:34.924, 1, 77, 50.81, 0, 13169, 1215, 715, P0, 0x0000000000000000
2026/09/18 20:13:35.934, 0, 79, 99.74, 100, 14059, 1050, 715, P0, 0x0000000000000000
2026/09/18 20:13:35.943, 1, 79, 151.72, 100, 13169, 1252, 715, P0, 0x0000000000000000
2026/09/18 20:13:36.960, 0, 79, 108.18, 100, 14059, 923, 715, P0, 0x0000000000000020
2026/09/18 20:13:36.963, 1, 79, 169.53, 100, 13169, 1265, 715, P0, 0x0000000000000020
2026/09/18 20:13:37.974, 0, 79, 112.54, 100, 14059, 1063, 715, P0, 0x0000000000000020
2026/09/18 20:13:37.982, 1, 78, 50.08, 0, 13169, 1189, 715, P0, 0x0000000000000000
2026/09/18 20:13:38.987, 0, 79, 107.44, 100, 14059, 911, 715, P0, 0x0000000000000020
2026/09/18 20:13:38.989, 1, 79, 126.60, 100, 13169, 1101, 715, P0, 0x0000000000000020
2026/09/18 20:13:39.999, 0, 79, 108.43, 100, 14059, 1050, 715, P0, 0x0000000000000000
2026/09/18 20:13:40.004, 1, 77, 119.03, 0, 13169, 1189, 715, P0, 0x0000000000000000
2026/09/18 20:13:41.016, 0, 79, 111.31, 100, 14059, 936, 715, P0, 0x0000000000000020
2026/09/18 20:13:41.025, 1, 79, 57.78, 100, 13169, 1227, 715, P0, 0x0000000000000000
2026/09/18 20:13:42.030, 0, 79, 103.24, 100, 14059, 1012, 715, P0, 0x0000000000000000
2026/09/18 20:13:42.033, 1, 79, 149.54, 100, 13169, 1316, 715, P0, 0x0000000000000020
2026/09/18 20:13:43.048, 0, 79, 109.24, 100, 14059, 1050, 715, P0, 0x0000000000000000
2026/09/18 20:13:43.051, 1, 77, 54.88, 0, 13169, 1290, 715, P0, 0x0000000000000000
2026/09/18 20:13:44.064, 0, 79, 108.36, 100, 14059, 923, 715, P0, 0x0000000000000000
2026/09/18 20:13:44.067, 1, 79, 135.12, 100, 13169, 1189, 715, P0, 0x0000000000000000
2026/09/18 20:13:45.077, 0, 79, 104.47, 99, 14059, 1075, 715, P0, 0x0000000000000000
2026/09/18 20:13:45.083, 1, 79, 150.48, 58, 13169, 1316, 715, P0, 0x0000000000000020
2026/09/18 20:13:46.094, 0, 79, 108.26, 100, 14059, 923, 715, P0, 0x0000000000000020
2026/09/18 20:13:46.103, 1, 78, 50.81, 20, 13169, 1189, 715, P0, 0x0000000000000000
2026/09/18 20:13:47.108, 0, 79, 97.91, 100, 14059, 1050, 715, P0, 0x0000000000000000
2026/09/18 20:13:47.111, 1, 79, 131.37, 100, 13169, 1227, 715, P0, 0x0000000000000000
2026/09/18 20:13:48.122, 0, 79, 108.48, 100, 14059, 923, 715, P0, 0x0000000000000020
2026/09/18 20:13:48.126, 1, 77, 56.56, 0, 13169, 1316, 715, P0, 0x0000000000000000
2026/09/18 20:13:49.138, 0, 79, 102.78, 100, 14059, 1037, 715, P0, 0x0000000000000000
2026/09/18 20:13:49.144, 1, 79, 157.73, 100, 13169, 1265, 715, P0, 0x0000000000000000
2026/09/18 20:13:50.151, 0, 79, 113.10, 99, 14059, 949, 715, P0, 0x0000000000000020
2026/09/18 20:13:50.154, 1, 79, 181.49, 61, 13169, 1278, 715, P0, 0x0000000000000020
2026/09/18 20:13:51.182, 0, 79, 106.82, 100, 14059, 911, 715, P0, 0x0000000000000020
2026/09/18 20:13:51.184, 1, 78, 54.16, 26, 13169, 1265, 715, P0, 0x0000000000000000
2026/09/18 20:13:52.198, 0, 79, 111.56, 100, 14059, 1025, 715, P0, 0x0000000000000020
2026/09/18 20:13:52.204, 1, 79, 165.88, 100, 13169, 1303, 715, P0, 0x0000000000000000
2026/09/18 20:13:53.213, 0, 79, 107.29, 100, 14059, 911, 715, P0, 0x0000000000000020
2026/09/18 20:13:53.223, 1, 77, 55.84, 0, 13169, 1316, 715, P0, 0x0000000000000000
2026/09/18 20:13:54.230, 0, 79, 96.31, 100, 14059, 1025, 715, P0, 0x0000000000000000
2026/09/18 20:13:54.234, 1, 79, 118.68, 100, 13169, 1189, 715, P0, 0x0000000000000000
2026/09/18 20:13:55.243, 0, 79, 110.82, 100, 14059, 923, 715, P0, 0x0000000000000020
2026/09/18 20:13:55.249, 1, 79, 163.76, 21, 13169, 1227, 715, P0, 0x0000000000000020
2026/09/18 20:13:56.254, 0, 79, 107.29, 100, 14059, 911, 715, P0, 0x0000000000000020
2026/09/18 20:13:56.265, 1, 78, 56.81, 0, 13169, 1316, 715, P0, 0x0000000000000000
2026/09/18 20:13:57.283, 0, 79, 111.59, 100, 14059, 1050, 715, P0, 0x0000000000000000
2026/09/18 20:13:57.286, 1, 79, 149.45, 100, 13169, 1328, 715, P0, 0x0000000000000000
2026/09/18 20:13:58.294, 0, 79, 108.24, 100, 14059, 911, 715, P0, 0x0000000000000020
2026/09/18 20:13:58.307, 1, 78, 56.08, 0, 13169, 1316, 715, P0, 0x0000000000000000
2026/09/18 20:13:59.314, 0, 79, 87.78, 100, 14059, 1025, 715, P0, 0x0000000000000000
2026/09/18 20:13:59.324, 1, 78, 107.03, 100, 13169, 898, 715, P0, 0x0000000000000020
2026/09/18 20:14:00.341, 0, 79, 118.36, 99, 14059, 1025, 715, P0, 0x0000000000000020
2026/09/18 20:14:00.346, 1, 78, 129.65, 54, 13169, 1189, 715, P0, 0x0000000000000000
2026/09/18 20:14:01.356, 0, 79, 107.78, 100, 14059, 923, 715, P0, 0x0000000000000020
2026/09/18 20:14:01.366, 1, 78, 53.67, 82, 13169, 1265, 715, P0, 0x0000000000000000
2026/09/18 20:14:02.382, 0, 79, 113.25, 100, 14059, 1025, 715, P0, 0x0000000000000020
2026/09/18 20:14:02.388, 1, 79, 144.99, 100, 13169, 1278, 715, P0, 0x0000000000000000
2026/09/18 20:14:03.399, 0, 79, 116.60, 100, 14059, 974, 715, P0, 0x0000000000000020
2026/09/18 20:14:03.408, 1, 77, 56.06, 0, 13169, 1316, 715, P0, 0x0000000000000000
2026/09/18 20:14:04.414, 0, 79, 107.02, 100, 14059, 911, 715, P0, 0x0000000000000000
2026/09/18 20:14:04.417, 1, 80, 139.66, 100, 13169, 1202, 715, P0, 0x0000000000000000
2026/09/18 20:14:05.426, 0, 79, 111.83, 100, 14059, 1075, 715, P0, 0x0000000000000000
2026/09/18 20:14:05.429, 1, 78, 140.77, 0, 13169, 1240, 715, P0, 0x0000000000000000
2026/09/18 20:14:06.441, 0, 79, 110.16, 100, 14059, 923, 715, P0, 0x0000000000000020
2026/09/18 20:14:06.448, 1, 79, 56.81, 100, 13169, 1303, 715, P0, 0x0000000000000000
2026/09/18 20:14:07.455, 0, 79, 92.08, 100, 14059, 923, 715, P0, 0x0000000000000020
2026/09/18 20:14:07.466, 1, 79, 162.29, 100, 13169, 1290, 715, P0, 0x0000000000000000
2026/09/18 20:14:08.485, 0, 79, 112.12, 100, 14059, 1075, 715, P0, 0x0000000000000000
2026/09/18 20:14:08.488, 1, 78, 56.05, 0, 13169, 1316, 715, P0, 0x0000000000000000
2026/09/18 20:14:09.499, 0, 79, 107.82, 100, 14059, 923, 715, P0, 0x0000000000000020
2026/09/18 20:14:09.506, 1, 79, 142.38, 100, 13169, 1151, 715, P0, 0x0000000000000020
2026/09/18 20:14:10.511, 0, 79, 108.08, 100, 14059, 923, 715, P0, 0x0000000000000000
2026/09/18 20:14:10.515, 1, 77, 51.05, 0, 13169, 1227, 715, P0, 0x0000000000000000
2026/09/18 20:14:11.526, 0, 79, 112.78, 100, 14059, 1050, 715, P0, 0x0000000000000020
2026/09/18 20:14:11.529, 1, 79, 139.73, 100, 13169, 1227, 715, P0, 0x0000000000000020
2026/09/18 20:14:12.540, 0, 79, 105.38, 100, 14059, 898, 715, P0, 0x0000000000000020
2026/09/18 20:14:12.546, 1, 79, 163.54, 100, 13169, 1252, 715, P0, 0x0000000000000020
2026/09/18 20:14:13.555, 0, 79, 108.50, 100, 14059, 923, 715, P0, 0x0000000000000000
2026/09/18 20:14:13.566, 1, 78, 55.84, 0, 13169, 1303, 715, P0, 0x0000000000000000
2026/09/18 20:14:14.583, 0, 79, 111.22, 100, 14059, 1025, 715, P0, 0x0000000000000020
2026/09/18 20:14:14.587, 1, 79, 178.23, 100, 13169, 1328, 715, P0, 0x0000000000000000
2026/09/18 20:14:15.597, 0, 79, 107.07, 100, 14059, 911, 715, P0, 0x0000000000000020
2026/09/18 20:14:15.606, 1, 77, 49.37, 0, 13169, 1189, 715, P0, 0x0000000000000000
2026/09/18 20:14:16.614, 0, 79, 107.70, 100, 14059, 911, 715, P0, 0x0000000000000020
2026/09/18 20:14:16.617, 1, 79, 129.55, 100, 13169, 1189, 715, P0, 0x0000000000000000
2026/09/18 20:14:17.628, 0, 79, 108.99, 100, 14059, 1025, 715, P0, 0x0000000000000020
2026/09/18 20:14:17.630, 1, 78, 163.34, 0, 13169, 1278, 715, P0, 0x0000000000000000
2026/09/18 20:14:18.639, 0, 79, 109.45, 100, 14059, 911, 715, P0, 0x0000000000000020
2026/09/18 20:14:18.649, 1, 79, 54.16, 100, 13169, 1252, 715, P0, 0x0000000000000000
2026/09/18 20:14:19.666, 0, 79, 103.87, 100, 14059, 911, 715, P0, 0x0000000000000020
2026/09/18 20:14:19.669, 1, 79, 136.86, 100, 13169, 1252, 715, P0, 0x0000000000000000
2026/09/18 20:14:20.682, 0, 79, 102.29, 100, 14059, 1063, 715, P0, 0x0000000000000000
2026/09/18 20:14:20.689, 1, 78, 57.06, 0, 13169, 1316, 715, P0, 0x0000000000000000
2026/09/18 20:14:21.697, 0, 79, 107.68, 100, 14059, 911, 715, P0, 0x0000000000000020
2026/09/18 20:14:21.709, 1, 80, 171.42, 100, 13169, 1265, 715, P0, 0x0000000000000000
2026/09/18 20:14:22.728, 0, 79, 108.27, 100, 14059, 936, 715, P0, 0x0000000000000020
2026/09/18 20:14:22.731, 1, 77, 49.36, 0, 13169, 1189, 715, P0, 0x0000000000000000
2026/09/18 20:14:23.743, 0, 79, 112.13, 100, 14059, 1025, 715, P0, 0x0000000000000020
2026/09/18 20:14:23.749, 1, 79, 149.48, 100, 13169, 1265, 715, P0, 0x0000000000000000
2026/09/18 20:14:24.755, 0, 79, 108.89, 99, 14059, 923, 715, P0, 0x0000000000000020
2026/09/18 20:14:24.758, 1, 79, 170.57, 88, 13169, 1252, 715, P0, 0x0000000000000020
2026/09/18 20:14:25.768, 0, 79, 108.32, 100, 14059, 923, 715, P0, 0x0000000000000020
2026/09/18 20:14:25.771, 1, 78, 53.68, 20, 13169, 1265, 715, P0, 0x0000000000000000
2026/09/18 20:14:26.782, 0, 79, 96.36, 100, 14059, 1063, 715, P0, 0x0000000000000000
2026/09/18 20:14:26.789, 1, 79, 166.93, 100, 13169, 1303, 715, P0, 0x0000000000000000
2026/09/18 20:14:27.796, 0, 79, 113.00, 100, 14059, 1063, 715, P0, 0x0000000000000000
2026/09/18 20:14:27.799, 1, 78, 52.94, 0, 13169, 1265, 715, P0, 0x0000000000000000
2026/09/18 20:14:28.804, 0, 79, 107.40, 100, 14059, 898, 715, P0, 0x0000000000000020
2026/09/18 20:14:28.811, 1, 79, 145.23, 100, 13169, 1189, 715, P0, 0x0000000000000020
2026/09/18 20:14:29.820, 0, 79, 108.25, 100, 14059, 911, 715, P0, 0x0000000000000020
2026/09/18 20:14:29.831, 1, 77, 55.60, 0, 13169, 1316, 715, P0, 0x0000000000000000
2026/09/18 20:14:30.849, 0, 79, 112.63, 100, 14059, 1075, 715, P0, 0x0000000000000000
2026/09/18 20:14:30.853, 1, 80, 143.58, 100, 13169, 1265, 715, P0, 0x0000000000000000
2026/09/18 20:14:31.865, 0, 79, 115.52, 99, 14059, 961, 715, P0, 0x0000000000000020
2026/09/18 20:14:31.871, 1, 78, 172.11, 11, 13169, 1278, 715, P0, 0x0000000000000000
2026/09/18 20:14:32.879, 0, 79, 107.13, 100, 14059, 911, 715, P0, 0x0000000000000020
2026/09/18 20:14:32.888, 1, 78, 50.81, 100, 13169, 1189, 715, P0, 0x0000000000000000
2026/09/18 20:14:33.908, 0, 79, 107.89, 100, 14059, 911, 715, P0, 0x0000000000000020
2026/09/18 20:14:33.911, 1, 79, 138.13, 100, 13169, 1215, 715, P0, 0x0000000000000000
2026/09/18 20:14:34.922, 0, 79, 112.83, 100, 14059, 1075, 715, P0, 0x0000000000000000
2026/09/18 20:14:34.929, 1, 78, 52.95, 0, 13169, 1252, 715, P0, 0x0000000000000000
2026/09/18 20:14:35.941, 0, 79, 115.76, 100, 14059, 987, 715, P0, 0x0000000000000020
2026/09/18 20:14:35.950, 1, 80, 171.16, 100, 13169, 1265, 715, P0, 0x0000000000000020
2026/09/18 20:14:36.956, 0, 79, 107.10, 100, 14059, 911, 715, P0, 0x0000000000000020
2026/09/18 20:14:36.959, 1, 77, 55.36, 0, 13169, 1303, 715, P0, 0x0000000000000000
2026/09/18 20:14:37.970, 0, 79, 106.80, 100, 14059, 911, 715, P0, 0x0000000000000020
2026/09/18 20:14:37.974, 1, 79, 117.85, 100, 13169, 1189, 715, P0, 0x0000000000000000
2026/09/18 20:14:38.987, 0, 79, 108.54, 100, 14059, 1037, 715, P0, 0x0000000000000020
2026/09/18 20:14:38.990, 1, 78, 144.52, 0, 13169, 1303, 715, P0, 0x0000000000000000
2026/09/18 20:14:40.005, 0, 79, 104.21, 100, 14059, 1025, 715, P0, 0x0000000000000020
2026/09/18 20:14:40.010, 1, 79, 105.86, 100, 13169, 936, 715, P0, 0x0000000000000020
2026/09/18 20:14:41.039, 0, 79, 106.50, 100, 14059, 911, 715, P0, 0x0000000000000000
2026/09/18 20:14:41.052, 1, 78, 118.32, 86, 13169, 1063, 715, P0, 0x0000000000000020
2026/09/18 20:14:42.064, 0, 79, 107.13, 100, 14059, 923, 715, P0, 0x0000000000000000
2026/09/18 20:14:42.072, 1, 78, 50.81, 92, 13169, 1202, 715, P0, 0x0000000000000000
2026/09/18 20:14:43.078, 0, 79, 96.95, 100, 14059, 1037, 715, P0, 0x0000000000000000
2026/09/18 20:14:43.081, 1, 79, 134.07, 100, 13169, 1227, 715, P0, 0x0000000000000000
2026/09/18 20:14:44.092, 0, 79, 107.78, 100, 14059, 1050, 715, P0, 0x0000000000000000
2026/09/18 20:14:44.094, 1, 78, 56.53, 0, 13169, 1328, 715, P0, 0x0000000000000000
2026/09/18 20:14:45.108, 0, 79, 109.62, 100, 14059, 923, 715, P0, 0x0000000000000020
2026/09/18 20:14:45.113, 1, 80, 163.76, 100, 13169, 1227, 715, P0, 0x0000000000000020
2026/09/18 20:14:46.122, 0, 79, 106.81, 100, 14059, 911, 715, P0, 0x0000000000000020
2026/09/18 20:14:46.131, 1, 77, 54.40, 0, 13169, 1290, 715, P0, 0x0000000000000000
2026/09/18 20:14:47.138, 0, 79, 108.29, 100, 14059, 923, 715, P0, 0x0000000000000000
2026/09/18 20:14:47.142, 1, 80, 146.20, 100, 13169, 1316, 715, P0, 0x0000000000000020
2026/09/18 20:14:48.153, 0, 79, 105.35, 100, 14059, 1037, 715, P0, 0x0000000000000020
2026/09/18 20:14:48.156, 1, 78, 120.03, 2, 13169, 759, 715, P0, 0x0000000000000020
2026/09/18 20:14:49.172, 0, 79, 106.37, 100, 14059, 1025, 715, P0, 0x0000000000000020
2026/09/18 20:14:49.175, 1, 78, 97.01, 100, 13169, 810, 715, P0, 0x0000000000000020
2026/09/18 20:14:50.188, 0, 79, 107.75, 99, 14059, 923, 715, P0, 0x0000000000000020
2026/09/18 20:14:50.192, 1, 78, 119.75, 100, 13169, 1075, 715, P0, 0x0000000000000020
2026/09/18 20:14:51.204, 0, 79, 108.01, 100, 14059, 923, 715, P0, 0x0000000000000000
2026/09/18 20:14:51.212, 1, 78, 54.16, 77, 13169, 1290, 715, P0, 0x0000000000000000
2026/09/18 20:14:52.231, 0, 79, 95.48, 100, 14059, 1037, 715, P0, 0x0000000000000000
2026/09/18 20:14:52.234, 1, 79, 141.73, 100, 13169, 1215, 715, P0, 0x0000000000000000
2026/09/18 20:14:53.243, 0, 79, 113.31, 100, 14059, 1075, 715, P0, 0x0000000000000020
2026/09/18 20:14:53.250, 1, 78, 54.88, 0, 13169, 1290, 715, P0, 0x0000000000000000
2026/09/18 20:14:54.256, 0, 79, 98.42, 100, 14059, 1050, 715, P0, 0x0000000000000000
2026/09/18 20:14:54.259, 1, 79, 181.43, 100, 13169, 1278, 715, P0, 0x0000000000000020
2026/09/18 20:14:55.270, 0, 79, 112.09, 100, 14059, 923, 715, P0, 0x0000000000000020
2026/09/18 20:14:55.274, 1, 77, 54.39, 0, 13169, 1290, 715, P0, 0x0000000000000000
2026/09/18 20:14:56.281, 0, 79, 106.95, 100, 14059, 911, 715, P0, 0x0000000000000000
2026/09/18 20:14:56.291, 1, 80, 118.12, 100, 13169, 1227, 715, P0, 0x0000000000000000
2026/09/18 20:14:57.297, 0, 79, 108.01, 100, 14059, 923, 715, P0, 0x0000000000000000
2026/09/18 20:14:57.300, 1, 77, 54.16, 0, 13169, 1290, 715, P0, 0x0000000000000000
2026/09/18 20:14:58.310, 0, 79, 103.33, 100, 14059, 1037, 715, P0, 0x0000000000000000
2026/09/18 20:14:58.312, 1, 79, 140.66, 100, 13169, 1215, 715, P0, 0x0000000000000000
2026/09/18 20:14:59.322, 0, 79, 115.05, 99, 14059, 1025, 715, P0, 0x0000000000000020
2026/09/18 20:14:59.338, 1, 78, 174.27, 56, 13169, 1328, 715, P0, 0x0000000000000000
2026/09/18 20:15:00.348, 0, 79, 114.70, 100, 14059, 1050, 715, P0, 0x0000000000000020
2026/09/18 20:15:00.351, 1, 79, 53.67, 69, 13169, 1278, 715, P0, 0x0000000000000000
2026/09/18 20:15:01.364, 0, 79, 105.71, 99, 14059, 898, 715, P0, 0x0000000000000020
2026/09/18 20:15:01.372, 1, 79, 143.82, 100, 13169, 1189, 715, P0, 0x0000000000000020
2026/09/18 20:15:02.378, 0, 79, 106.57, 100, 14059, 911, 715, P0, 0x0000000000000020
2026/09/18 20:15:02.381, 1, 78, 54.16, 5, 13169, 1265, 715, P0, 0x0000000000000000
2026/09/18 20:15:03.388, 0, 79, 107.59, 100, 14059, 923, 715, P0, 0x0000000000000000
2026/09/18 20:15:03.392, 1, 79, 140.07, 100, 13169, 1278, 715, P0, 0x0000000000000000
2026/09/18 20:15:04.400, 0, 79, 84.15, 100, 14059, 911, 715, P0, 0x0000000000000020
2026/09/18 20:15:04.403, 1, 77, 49.90, 0, 13169, 1189, 715, P0, 0x0000000000000000
2026/09/18 20:15:05.417, 0, 79, 99.01, 100, 14059, 1012, 715, P0, 0x0000000000000020
2026/09/18 20:15:05.420, 1, 79, 158.36, 100, 13169, 1303, 715, P0, 0x0000000000000000
2026/09/18 20:15:06.430, 0, 79, 113.24, 100, 14059, 1037, 715, P0, 0x0000000000000020
2026/09/18 20:15:06.434, 1, 77, 56.08, 0, 13169, 1316, 715, P0, 0x0000000000000000
2026/09/18 20:15:07.445, 0, 79, 110.83, 100, 14059, 923, 715, P0, 0x0000000000000020
2026/09/18 20:15:07.455, 1, 80, 157.42, 100, 13169, 1227, 715, P0, 0x0000000000000020
2026/09/18 20:15:08.460, 0, 79, 108.09, 100, 14059, 923, 715, P0, 0x0000000000000020
2026/09/18 20:15:08.463, 1, 77, 49.12, 0, 13169, 1189, 715, P0, 0x0000000000000000
2026/09/18 20:15:09.475, 0, 79, 107.09, 100, 14059, 911, 715, P0, 0x0000000000000020
2026/09/18 20:15:09.478, 1, 79, 145.95, 100, 13169, 1164, 715, P0, 0x0000000000000020
2026/09/18 20:15:10.489, 0, 79, 108.01, 100, 14059, 936, 715, P0, 0x0000000000000020
2026/09/18 20:15:10.493, 1, 77, 55.84, 0, 13169, 1316, 715, P0, 0x0000000000000000
2026/09/18 20:15:11.509, 0, 79, 104.06, 100, 14059, 1050, 715, P0, 0x0000000000000000
2026/09/18 20:15:11.514, 1, 79, 137.09, 100, 13169, 1240, 715, P0, 0x0000000000000000
2026/09/18 20:15:12.519, 0, 79, 115.16, 99, 14059, 1075, 715, P0, 0x0000000000000000
2026/09/18 20:15:12.522, 1, 78, 151.71, 0, 13169, 1290, 715, P0, 0x0000000000000020
2026/09/18 20:15:13.535, 0, 79, 103.66, 100, 14059, 1025, 715, P0, 0x0000000000000020
2026/09/18 20:15:13.539, 1, 79, 68.59, 100, 13169, 1252, 715, P0, 0x0000000000000000
2026/09/18 20:15:14.549, 0, 79, 108.18, 99, 14059, 911, 715, P0, 0x0000000000000020
2026/09/18 20:15:14.555, 1, 79, 165.81, 31, 13169, 1252, 715, P0, 0x0000000000000020
2026/09/18 20:15:15.564, 0, 79, 108.50, 100, 14059, 936, 715, P0, 0x0000000000000020
2026/09/18 20:15:15.572, 1, 78, 55.60, 0, 13169, 1290, 715, P0, 0x0000000000000000
2026/09/18 20:15:16.583, 0, 79, 106.96, 100, 14059, 911, 715, P0, 0x0000000000000020
2026/09/18 20:15:16.592, 1, 79, 181.06, 100, 13169, 1290, 715, P0, 0x0000000000000020
2026/09/18 20:15:17.597, 0, 79, 108.50, 100, 14059, 923, 715, P0, 0x0000000000000000
2026/09/18 20:15:17.600, 1, 78, 53.43, 0, 13169, 1252, 715, P0, 0x0000000000000000
2026/09/18 20:15:18.613, 0, 79, 104.94, 100, 14059, 1037, 715, P0, 0x0000000000000000
2026/09/18 20:15:18.616, 1, 79, 147.84, 100, 13169, 1303, 715, P0, 0x0000000000000000
2026/09/18 20:15:19.626, 0, 79, 107.73, 100, 14059, 1075, 715, P0, 0x0000000000000000
2026/09/18 20:15:19.632, 1, 78, 54.88, 0, 13169, 1290, 715, P0, 0x0000000000000000
2026/09/18 20:15:20.652, 0, 79, 106.72, 100, 14059, 1037, 715, P0, 0x0000000000000020
2026/09/18 20:15:20.656, 1, 79, 182.18, 100, 13169, 1290, 715, P0, 0x0000000000000020
2026/09/18 20:15:21.668, 0, 79, 113.73, 100, 14059, 1063, 715, P0, 0x0000000000000000
2026/09/18 20:15:21.673, 1, 77, 52.46, 0, 13169, 1265, 715, P0, 0x0000000000000000
2026/09/18 20:15:22.682, 0, 79, 107.33, 100, 14059, 911, 715, P0, 0x0000000000000020
2026/09/18 20:15:22.692, 1, 79, 144.27, 100, 13169, 1189, 715, P0, 0x0000000000000020
2026/09/18 20:15:23.698, 0, 79, 108.00, 100, 14059, 923, 715, P0, 0x0000000000000020
2026/09/18 20:15:23.701, 1, 77, 53.67, 0, 13169, 1290, 715, P0, 0x0000000000000000
2026/09/18 20:15:24.712, 0, 79, 108.16, 100, 14059, 911, 715, P0, 0x0000000000000020
2026/09/18 20:15:24.716, 1, 80, 128.04, 100, 13169, 1202, 715, P0, 0x0000000000000000
2026/09/18 20:15:25.728, 0, 79, 108.25, 100, 14059, 923, 715, P0, 0x0000000000000020
2026/09/18 20:15:25.734, 1, 77, 53.67, 0, 13169, 1290, 715, P0, 0x0000000000000000
2026/09/18 20:15:26.746, 0, 79, 107.19, 100, 14059, 911, 715, P0, 0x0000000000000020
2026/09/18 20:15:26.755, 1, 79, 134.34, 100, 13169, 1177, 715, P0, 0x0000000000000000
2026/09/18 20:15:27.760, 0, 79, 97.94, 100, 14059, 1012, 715, P0, 0x0000000000000000
2026/09/18 20:15:27.763, 1, 77, 119.75, 0, 13169, 1252, 715, P0, 0x0000000000000000
2026/09/18 20:15:28.779, 0, 79, 113.74, 100, 14059, 1075, 715, P0, 0x0000000000000020
2026/09/18 20:15:28.782, 1, 79, 150.85, 100, 13169, 1278, 715, P0, 0x0000000000000000
2026/09/18 20:15:29.792, 0, 79, 104.35, 100, 14059, 1012, 715, P0, 0x0000000000000020
2026/09/18 20:15:29.796, 1, 78, 172.62, 53, 13169, 1328, 715, P0, 0x0000000000000000
2026/09/18 20:15:30.803, 0, 79, 103.20, 100, 14059, 1050, 715, P0, 0x0000000000000020
2026/09/18 20:15:30.812, 1, 79, 58.51, 85, 13169, 1316, 715, P0, 0x0000000000000020
2026/09/18 20:15:31.828, 0, 79, 109.28, 99, 14059, 911, 715, P0, 0x0000000000000020
2026/09/18 20:15:31.836, 1, 79, 183.29, 88, 13169, 1303, 715, P0, 0x0000000000000020
2026/09/18 20:15:32.842, 0, 79, 110.40, 100, 14059, 936, 715, P0, 0x0000000000000020
2026/09/18 20:15:32.846, 1, 78, 56.57, 47, 13169, 1316, 715, P0, 0x0000000000000000
2026/09/18 20:15:33.858, 0, 79, 107.33, 99, 14059, 923, 715, P0, 0x0000000000000000
2026/09/18 20:15:33.861, 1, 79, 143.58, 100, 13169, 1189, 715, P0, 0x0000000000000000
2026/09/18 20:15:34.873, 0, 79, 108.50, 100, 14059, 923, 715, P0, 0x0000000000000020
2026/09/18 20:15:34.876, 1, 78, 53.71, 35, 13169, 1265, 715, P0, 0x0000000000000000
2026/09/18 20:15:35.884, 0, 79, 108.01, 100, 14059, 923, 715, P0, 0x0000000000000000
2026/09/18 20:15:35.895, 1, 79, 147.13, 100, 13169, 1290, 715, P0, 0x0000000000000020
2026/09/18 20:15:36.915, 0, 79, 107.05, 100, 14059, 923, 715, P0, 0x0000000000000000
2026/09/18 20:15:36.918, 1, 78, 55.12, 0, 13169, 1290, 715, P0, 0x0000000000000000
2026/09/18 20:15:37.927, 0, 79, 81.47, 100, 14059, 1025, 715, P0, 0x0000000000000000
2026/09/18 20:15:37.934, 1, 79, 146.25, 100, 13169, 1215, 715, P0, 0x0000000000000000
2026/09/18 20:15:38.952, 0, 79, 93.26, 100, 14059, 1050, 715, P0, 0x0000000000000000
2026/09/18 20:15:38.954, 1, 78, 55.17, 0, 13169, 1290, 715, P0, 0x0000000000000000
2026/09/18 20:15:39.967, 0, 79, 113.76, 100, 14059, 1037, 715, P0, 0x0000000000000020
2026/09/18 20:15:39.976, 1, 79, 135.31, 100, 13169, 1227, 715, P0, 0x0000000000000000
2026/09/18 20:15:40.982, 0, 79, 113.72, 100, 14059, 1063, 715, P0, 0x0000000000000020
2026/09/18 20:15:40.986, 1, 78, 54.87, 0, 13169, 1290, 715, P0, 0x0000000000000000
2026/09/18 20:15:41.996, 0, 79, 114.11, 100, 14059, 1075, 715, P0, 0x0000000000000000
2026/09/18 20:15:41.999, 1, 79, 179.40, 100, 13169, 1328, 715, P0, 0x0000000000000000
2026/09/18 20:15:43.008, 0, 79, 111.56, 100, 14059, 1050, 715, P0, 0x0000000000000020
2026/09/18 20:15:43.014, 1, 77, 52.71, 0, 13169, 1265, 715, P0, 0x0000000000000000
2026/09/18 20:15:44.022, 0, 79, 110.13, 100, 14059, 1050, 715, P0, 0x0000000000000000
2026/09/18 20:15:44.025, 1, 79, 163.68, 100, 13169, 1227, 715, P0, 0x0000000000000020
2026/09/18 20:15:45.035, 0, 79, 114.27, 100, 14059, 1050, 715, P0, 0x0000000000000020
2026/09/18 20:15:45.039, 1, 77, 55.35, 0, 13169, 1303, 715, P0, 0x0000000000000000
2026/09/18 20:15:46.051, 0, 79, 111.92, 100, 14059, 923, 715, P0, 0x0000000000000020
2026/09/18 20:15:46.057, 1, 80, 175.20, 100, 13169, 1290, 715, P0, 0x0000000000000020
2026/09/18 20:15:47.064, 0, 79, 110.89, 100, 14059, 936, 715, P0, 0x0000000000000020
2026/09/18 20:15:47.077, 1, 77, 55.12, 0, 13169, 1303, 715, P0, 0x0000000000000000
2026/09/18 20:15:48.089, 0, 79, 107.09, 100, 14059, 911, 715, P0, 0x0000000000000020
2026/09/18 20:15:48.096, 1, 79, 144.27, 100, 13169, 1189, 715, P0, 0x0000000000000020
2026/09/18 20:15:49.103, 0, 79, 107.05, 100, 14059, 911, 715, P0, 0x0000000000000020
2026/09/18 20:15:49.106, 1, 77, 54.42, 0, 13169, 1290, 715, P0, 0x0000000000000000
2026/09/18 20:15:50.120, 0, 79, 105.96, 100, 14059, 898, 715, P0, 0x0000000000000020
2026/09/18 20:15:50.122, 1, 80, 148.96, 100, 13169, 1189, 715, P0, 0x0000000000000020
2026/09/18 20:15:51.137, 0, 79, 107.05, 100, 14059, 911, 715, P0, 0x0000000000000020
2026/09/18 20:15:51.139, 1, 77, 56.32, 0, 13169, 1316, 715, P0, 0x0000000000000000
2026/09/18 20:15:52.153, 0, 79, 106.11, 100, 14059, 911, 715, P0, 0x0000000000000000
2026/09/18 20:15:52.159, 1, 80, 156.73, 100, 13169, 1215, 715, P0, 0x0000000000000020
2026/09/18 20:15:53.173, 0, 79, 107.05, 100, 14059, 911, 715, P0, 0x0000000000000020
2026/09/18 20:15:53.176, 1, 77, 56.56, 0, 13169, 1316, 715, P0, 0x0000000000000000
2026/09/18 20:15:54.185, 0, 79, 107.42, 100, 14059, 911, 715, P0, 0x0000000000000020
2026/09/18 20:15:54.197, 1, 79, 134.64, 100, 13169, 1139, 715, P0, 0x0000000000000000
2026/09/18 20:15:55.203, 0, 79, 107.37, 100, 14059, 911, 715, P0, 0x0000000000000020
2026/09/18 20:15:55.206, 1, 77, 49.85, 0, 13169, 1202, 715, P0, 0x0000000000000000
2026/09/18 20:15:56.221, 0, 79, 106.48, 100, 14059, 898, 715, P0, 0x0000000000000020
2026/09/18 20:15:56.224, 1, 80, 131.79, 100, 13169, 1215, 715, P0, 0x0000000000000000
2026/09/18 20:15:57.235, 0, 79, 107.77, 100, 14059, 911, 715, P0, 0x0000000000000020
2026/09/18 20:15:57.238, 1, 77, 55.61, 0, 13169, 1316, 715, P0, 0x0000000000000000
2026/09/18 20:15:58.248, 0, 79, 107.33, 100, 14059, 911, 715, P0, 0x0000000000000020
2026/09/18 20:15:58.257, 1, 80, 143.79, 100, 13169, 1202, 715, P0, 0x0000000000000020
2026/09/18 20:15:59.264, 0, 79, 107.37, 100, 14059, 911, 715, P0, 0x0000000000000020
2026/09/18 20:15:59.267, 1, 77, 49.12, 0, 13169, 1189, 715, P0, 0x0000000000000000
2026/09/18 20:16:00.285, 0, 79, 107.09, 100, 14059, 898, 715, P0, 0x0000000000000020
2026/09/18 20:16:00.298, 1, 79, 147.94, 100, 13169, 1227, 715, P0, 0x0000000000000000
2026/09/18 20:16:01.317, 0, 79, 108.48, 100, 14059, 923, 715, P0, 0x0000000000000020
2026/09/18 20:16:01.321, 1, 77, 55.60, 0, 13169, 1316, 715, P0, 0x0000000000000000
2026/09/18 20:16:02.332, 0, 79, 107.44, 100, 14059, 911, 715, P0, 0x0000000000000020
2026/09/18 20:16:02.337, 1, 80, 133.96, 100, 13169, 1202, 715, P0, 0x0000000000000000
2026/09/18 20:16:03.345, 0, 79, 108.01, 100, 14059, 923, 715, P0, 0x0000000000000020
2026/09/18 20:16:03.348, 1, 77, 55.60, 0, 13169, 1316, 715, P0, 0x0000000000000000
2026/09/18 20:16:04.361, 0, 79, 107.33, 100, 14059, 911, 715, P0, 0x0000000000000020
2026/09/18 20:16:04.365, 1, 79, 140.76, 100, 13169, 1189, 715, P0, 0x0000000000000000
2026/09/18 20:16:05.376, 0, 79, 106.57, 100, 14059, 911, 715, P0, 0x0000000000000020
2026/09/18 20:16:05.379, 1, 77, 55.36, 0, 13169, 1316, 715, P0, 0x0000000000000000
2026/09/18 20:16:06.391, 0, 79, 107.59, 100, 14059, 911, 715, P0, 0x0000000000000000
2026/09/18 20:16:06.397, 1, 79, 136.56, 100, 13169, 1189, 715, P0, 0x0000000000000000
2026/09/18 20:16:07.402, 0, 79, 108.02, 100, 14059, 923, 715, P0, 0x0000000000000000
2026/09/18 20:16:07.405, 1, 77, 53.70, 0, 13169, 1278, 715, P0, 0x0000000000000000
2026/09/18 20:16:08.420, 0, 79, 106.93, 100, 14059, 911, 715, P0, 0x0000000000000020
2026/09/18 20:16:08.423, 1, 80, 153.20, 100, 13169, 1316, 715, P0, 0x0000000000000020
2026/09/18 20:16:09.436, 0, 79, 108.58, 100, 14059, 923, 715, P0, 0x0000000000000000
2026/09/18 20:16:09.439, 1, 77, 49.12, 0, 13169, 1189, 715, P0, 0x0000000000000000
2026/09/18 20:16:10.449, 0, 79, 107.00, 100, 14059, 911, 715, P0, 0x0000000000000020
2026/09/18 20:16:10.458, 1, 79, 161.85, 100, 13169, 1290, 715, P0, 0x0000000000000000
2026/09/18 20:16:11.466, 0, 79, 107.13, 100, 14059, 911, 715, P0, 0x0000000000000020
2026/09/18 20:16:11.469, 1, 77, 49.85, 0, 13169, 1202, 715, P0, 0x0000000000000000
2026/09/18 20:16:12.479, 0, 79, 107.32, 100, 14059, 911, 715, P0, 0x0000000000000020
2026/09/18 20:16:12.482, 1, 79, 151.58, 100, 13169, 1227, 715, P0, 0x0000000000000000
2026/09/18 20:16:13.494, 0, 79, 108.25, 100, 14059, 923, 715, P0, 0x0000000000000000
2026/09/18 20:16:13.498, 1, 77, 55.60, 0, 13169, 1316, 715, P0, 0x0000000000000000
2026/09/18 20:16:14.507, 0, 79, 107.42, 100, 14059, 911, 715, P0, 0x0000000000000020
2026/09/18 20:16:14.519, 1, 79, 136.25, 100, 13169, 1189, 715, P0, 0x0000000000000000
2026/09/18 20:16:15.538, 0, 79, 108.00, 100, 14059, 923, 715, P0, 0x0000000000000000
2026/09/18 20:16:15.541, 1, 77, 56.08, 0, 13169, 1316, 715, P0, 0x0000000000000000
2026/09/18 20:16:16.550, 0, 79, 107.12, 100, 14059, 911, 715, P0, 0x0000000000000020
2026/09/18 20:16:16.559, 1, 79, 135.08, 100, 13169, 1189, 715, P0, 0x0000000000000000
2026/09/18 20:16:17.567, 0, 79, 108.25, 100, 14059, 923, 715, P0, 0x0000000000000020
2026/09/18 20:16:17.578, 1, 77, 54.88, 0, 13169, 1303, 715, P0, 0x0000000000000000
2026/09/18 20:16:18.592, 0, 79, 107.35, 100, 14059, 911, 715, P0, 0x0000000000000020
2026/09/18 20:16:18.598, 1, 80, 141.03, 100, 13169, 1202, 715, P0, 0x0000000000000000
2026/09/18 20:16:19.605, 0, 79, 107.54, 100, 14059, 923, 715, P0, 0x0000000000000000
2026/09/18 20:16:19.607, 1, 77, 52.26, 0, 13169, 1252, 715, P0, 0x0000000000000000
2026/09/18 20:16:20.622, 0, 79, 107.20, 100, 14059, 911, 715, P0, 0x0000000000000020
2026/09/18 20:16:20.624, 1, 80, 125.40, 100, 13169, 1189, 715, P0, 0x0000000000000000
2026/09/18 20:16:21.636, 0, 79, 108.26, 100, 14059, 923, 715, P0, 0x0000000000000020
2026/09/18 20:16:21.639, 1, 77, 51.05, 0, 13169, 1227, 715, P0, 0x0000000000000000
2026/09/18 20:16:22.649, 0, 79, 106.14, 100, 14059, 898, 715, P0, 0x0000000000000020
2026/09/18 20:16:22.659, 1, 80, 139.85, 100, 13169, 1189, 715, P0, 0x0000000000000000
2026/09/18 20:16:23.681, 0, 79, 107.07, 100, 14059, 911, 715, P0, 0x0000000000000020
2026/09/18 20:16:23.684, 1, 77, 50.57, 0, 13169, 1215, 715, P0, 0x0000000000000000
2026/09/18 20:16:24.697, 0, 79, 107.08, 100, 14059, 911, 715, P0, 0x0000000000000020
2026/09/18 20:16:24.700, 1, 79, 145.47, 100, 13169, 1177, 715, P0, 0x0000000000000020
2026/09/18 20:16:25.713, 0, 79, 107.05, 100, 14059, 911, 715, P0, 0x0000000000000020
2026/09/18 20:16:25.719, 1, 77, 54.16, 0, 13169, 1290, 715, P0, 0x0000000000000000
2026/09/18 20:16:26.730, 0, 79, 105.96, 100, 14059, 898, 715, P0, 0x0000000000000020
2026/09/18 20:16:26.738, 1, 80, 143.10, 100, 13169, 1177, 715, P0, 0x0000000000000000
2026/09/18 20:16:27.760, 0, 79, 107.29, 100, 14059, 911, 715, P0, 0x0000000000000020
2026/09/18 20:16:27.763, 1, 77, 55.85, 0, 13169, 1316, 715, P0, 0x0000000000000000
2026/09/18 20:16:28.771, 0, 79, 108.29, 100, 14059, 923, 715, P0, 0x0000000000000020
2026/09/18 20:16:28.778, 1, 79, 144.27, 100, 13169, 1189, 715, P0, 0x0000000000000020
2026/09/18 20:16:29.786, 0, 79, 112.99, 100, 14059, 949, 715, P0, 0x0000000000000020
2026/09/18 20:16:29.789, 1, 77, 53.91, 0, 13169, 1278, 715, P0, 0x0000000000000000
2026/09/18 20:16:30.799, 0, 79, 115.37, 100, 14059, 949, 715, P0, 0x0000000000000020
2026/09/18 20:16:30.802, 1, 80, 157.66, 100, 13169, 1227, 715, P0, 0x0000000000000020
2026/09/18 20:16:31.814, 0, 79, 96.12, 100, 14059, 1050, 715, P0, 0x0000000000000000
2026/09/18 20:16:31.819, 1, 77, 49.82, 0, 13169, 1202, 715, P0, 0x0000000000000000
2026/09/18 20:16:32.824, 0, 79, 101.06, 100, 14059, 1025, 715, P0, 0x0000000000000020
2026/09/18 20:16:32.826, 1, 79, 176.22, 100, 13169, 1252, 715, P0, 0x0000000000000020
2026/09/18 20:16:33.847, 0, 79, 110.14, 100, 14059, 1050, 715, P0, 0x0000000000000000
2026/09/18 20:16:33.849, 1, 77, 55.37, 0, 13169, 1303, 715, P0, 0x0000000000000000
2026/09/18 20:16:34.862, 0, 79, 97.39, 100, 14059, 1050, 715, P0, 0x0000000000000000
2026/09/18 20:16:34.865, 1, 79, 158.39, 100, 13169, 1328, 715, P0, 0x0000000000000000
2026/09/18 20:16:35.878, 0, 79, 113.58, 100, 14059, 1075, 715, P0, 0x0000000000000000
2026/09/18 20:16:35.881, 1, 78, 51.50, 0, 13169, 1227, 715, P0, 0x0000000000000000
2026/09/18 20:16:36.890, 0, 79, 107.74, 100, 14059, 1075, 715, P0, 0x0000000000000000
2026/09/18 20:16:36.899, 1, 79, 156.04, 100, 13169, 1316, 715, P0, 0x0000000000000020
2026/09/18 20:16:37.915, 0, 79, 83.41, 100, 14059, 961, 715, P0, 0x0000000000000000
2026/09/18 20:16:37.920, 1, 78, 54.23, 0, 13169, 1278, 715, P0, 0x0000000000000000
2026/09/18 20:16:38.933, 0, 79, 85.42, 100, 14059, 949, 715, P0, 0x0000000000000000
2026/09/18 20:16:38.942, 1, 79, 156.45, 100, 13169, 1240, 715, P0, 0x0000000000000000
2026/09/18 20:16:39.946, 0, 79, 108.27, 100, 14059, 923, 715, P0, 0x0000000000000000
2026/09/18 20:16:39.949, 1, 78, 49.85, 0, 13169, 1189, 715, P0, 0x0000000000000000
2026/09/18 20:16:40.961, 0, 79, 107.54, 100, 14059, 911, 715, P0, 0x0000000000000020
2026/09/18 20:16:40.963, 1, 79, 163.06, 100, 13169, 1252, 715, P0, 0x0000000000000020
2026/09/18 20:16:41.979, 0, 79, 107.13, 100, 14059, 911, 715, P0, 0x0000000000000020
2026/09/18 20:16:41.982, 1, 78, 50.09, 6, 13169, 1189, 715, P0, 0x0000000000000000
2026/09/18 20:16:42.994, 0, 79, 105.39, 100, 14059, 911, 715, P0, 0x0000000000000000
2026/09/18 20:16:43.001, 1, 78, 158.88, 100, 13169, 1215, 715, P0, 0x0000000000000020
2026/09/18 20:16:44.022, 0, 79, 106.14, 100, 14059, 898, 715, P0, 0x0000000000000020
2026/09/18 20:16:44.026, 1, 78, 57.06, 83, 13169, 1316, 715, P0, 0x0000000000000000
2026/09/18 20:16:45.032, 0, 79, 107.18, 99, 14059, 911, 715, P0, 0x0000000000000020
2026/09/18 20:16:45.040, 1, 79, 182.37, 47, 13169, 1303, 715, P0, 0x0000000000000020
2026/09/18 20:16:46.045, 0, 79, 114.47, 100, 14059, 1075, 715, P0, 0x0000000000000000
2026/09/18 20:16:46.049, 1, 79, 50.08, 100, 13169, 1189, 715, P0, 0x0000000000000000
2026/09/18 20:16:47.057, 0, 79, 98.32, 100, 14059, 1050, 715, P0, 0x0000000000000000
2026/09/18 20:16:47.061, 1, 78, 140.24, 0, 13169, 1189, 715, P0, 0x0000000000000000
2026/09/18 20:16:48.071, 0, 79, 113.95, 100, 14059, 1025, 715, P0, 0x0000000000000020
2026/09/18 20:16:48.080, 1, 79, 147.15, 100, 13169, 1252, 715, P0, 0x0000000000000020
2026/09/18 20:16:49.097, 0, 79, 107.67, 99, 14059, 1063, 715, P0, 0x0000000000000000
2026/09/18 20:16:49.100, 1, 77, 130.83, 2, 13169, 1252, 715, P0, 0x0000000000000000
2026/09/18 20:16:50.115, 0, 79, 85.49, 100, 14059, 936, 715, P0, 0x0000000000000000
2026/09/18 20:16:50.119, 1, 79, 141.23, 100, 13169, 1278, 715, P0, 0x0000000000000000
2026/09/18 20:16:51.131, 0, 79, 108.26, 100, 14059, 923, 715, P0, 0x0000000000000000
2026/09/18 20:16:51.139, 1, 77, 51.98, 0, 13169, 1252, 715, P0, 0x0000000000000000
2026/09/18 20:16:52.148, 0, 79, 107.40, 100, 14059, 911, 715, P0, 0x0000000000000000
2026/09/18 20:16:52.159, 1, 79, 141.40, 100, 13169, 1202, 715, P0, 0x0000000000000000
2026/09/18 20:16:53.176, 0, 80, 108.25, 100, 14059, 923, 715, P0, 0x0000000000000000
2026/09/18 20:16:53.179, 1, 77, 56.32, 0, 13169, 1316, 715, P0, 0x0000000000000000
2026/09/18 20:16:54.191, 0, 79, 104.68, 100, 14059, 898, 715, P0, 0x0000000000000000
2026/09/18 20:16:54.202, 1, 80, 151.83, 100, 13169, 1202, 715, P0, 0x0000000000000000
2026/09/18 20:16:55.219, 0, 79, 108.25, 100, 14059, 911, 715, P0, 0x0000000000000020
2026/09/18 20:16:55.223, 1, 77, 54.40, 0, 13169, 1290, 715, P0, 0x0000000000000000
2026/09/18 20:16:56.230, 0, 79, 109.74, 100, 14059, 911, 715, P0, 0x0000000000000020
2026/09/18 20:16:56.243, 1, 78, 94.86, 100, 13169, 1063, 715, P0, 0x0000000000000000
2026/09/18 20:16:57.261, 0, 79, 105.65, 100, 14059, 1050, 715, P0, 0x0000000000000000
2026/09/18 20:16:57.264, 1, 77, 49.37, 0, 13169, 1189, 715, P0, 0x0000000000000000
2026/09/18 20:16:58.274, 0, 79, 100.52, 100, 14059, 835, 715, P0, 0x0000000000000020
2026/09/18 20:16:58.283, 1, 78, 140.73, 100, 13169, 1278, 715, P0, 0x0000000000000000
2026/09/18 20:16:59.290, 0, 79, 91.81, 100, 14059, 708, 715, P0, 0x0000000000000020
2026/09/18 20:16:59.303, 1, 77, 53.49, 0, 13169, 1278, 715, P0, 0x0000000000000000
2026/09/18 20:17:00.319, 0, 79, 97.78, 99, 14059, 847, 715, P0, 0x0000000000000020
2026/09/18 20:17:00.324, 1, 78, 163.09, 39, 13169, 1278, 715, P0, 0x0000000000000000
2026/09/18 20:17:01.338, 0, 79, 93.34, 100, 14059, 721, 715, P0, 0x0000000000000000
2026/09/18 20:17:01.343, 1, 80, 79.18, 100, 13169, 1189, 715, P0, 0x0000000000000000
2026/09/18 20:17:02.352, 0, 79, 93.95, 100, 14059, 936, 715, P0, 0x0000000000000000
2026/09/18 20:17:02.363, 1, 77, 48.93, 0, 13169, 1189, 715, P0, 0x0000000000000000
2026/09/18 20:17:03.379, 0, 79, 96.53, 100, 14059, 1050, 715, P0, 0x0000000000000000
2026/09/18 20:17:03.382, 1, 79, 177.18, 100, 13169, 1328, 715, P0, 0x0000000000000000
2026/09/18 20:17:04.393, 0, 79, 102.05, 100, 14059, 847, 715, P0, 0x0000000000000020
2026/09/18 20:17:04.402, 1, 78, 56.09, 0, 13169, 1316, 715, P0, 0x0000000000000000
2026/09/18 20:17:05.406, 0, 79, 101.13, 100, 14059, 847, 715, P0, 0x0000000000000020
2026/09/18 20:17:05.409, 1, 79, 165.21, 100, 13169, 1240, 715, P0, 0x0000000000000000
2026/09/18 20:17:06.418, 0, 79, 115.15, 100, 14059, 974, 715, P0, 0x0000000000000020
2026/09/18 20:17:06.424, 1, 78, 57.05, 73, 13169, 1316, 715, P0, 0x0000000000000000
2026/09/18 20:17:07.427, 0, 79, 99.14, 100, 14059, 1037, 715, P0, 0x0000000000000000
2026/09/18 20:17:07.431, 1, 78, 168.68, 0, 13169, 1316, 715, P0, 0x0000000000000000
2026/09/18 20:17:08.442, 0, 79, 100.92, 100, 14059, 835, 715, P0, 0x0000000000000020
2026/09/18 20:17:08.445, 1, 80, 150.42, 100, 13169, 1290, 715, P0, 0x0000000000000020
2026/09/18 20:17:09.456, 0, 79, 102.54, 100, 14059, 873, 715, P0, 0x0000000000000000
2026/09/18 20:17:09.464, 1, 77, 53.46, 0, 13169, 1278, 715, P0, 0x0000000000000000
2026/09/18 20:17:10.470, 0, 79, 101.99, 100, 14059, 847, 715, P0, 0x0000000000000020
2026/09/18 20:17:10.482, 1, 80, 182.25, 100, 13169, 1290, 715, P0, 0x0000000000000020
2026/09/18 20:17:11.499, 0, 79, 109.73, 100, 14059, 1025, 715, P0, 0x0000000000000020
2026/09/18 20:17:11.502, 1, 77, 52.47, 0, 13169, 1265, 715, P0, 0x0000000000000000
2026/09/18 20:17:12.515, 0, 79, 97.80, 100, 14059, 1025, 715, P0, 0x0000000000000020
2026/09/18 20:17:12.521, 1, 79, 163.84, 100, 13169, 1328, 715, P0, 0x0000000000000000
2026/09/18 20:17:13.530, 0, 79, 103.00, 100, 14059, 860, 715, P0, 0x0000000000000000
2026/09/18 20:17:13.542, 1, 78, 56.81, 0, 13169, 1316, 715, P0, 0x0000000000000000
2026/09/18 20:17:14.557, 0, 79, 100.96, 100, 14059, 847, 715, P0, 0x0000000000000020
2026/09/18 20:17:14.563, 1, 79, 191.27, 100, 13169, 1316, 715, P0, 0x0000000000000000
2026/09/18 20:17:15.572, 0, 79, 111.33, 100, 14059, 1025, 715, P0, 0x0000000000000020
2026/09/18 20:17:15.583, 1, 78, 50.54, 36, 13169, 1189, 715, P0, 0x0000000000000000
2026/09/18 20:17:16.602, 0, 79, 100.95, 100, 14059, 1075, 715, P0, 0x0000000000000000
2026/09/18 20:17:16.606, 1, 77, 138.30, 0, 13169, 1189, 715, P0, 0x0000000000000000
2026/09/18 20:17:17.617, 0, 79, 85.24, 100, 14059, 1050, 715, P0, 0x0000000000000000
2026/09/18 20:17:17.622, 1, 79, 152.58, 100, 13169, 1252, 715, P0, 0x0000000000000000
2026/09/18 20:17:18.643, 0, 79, 108.02, 100, 14059, 923, 715, P0, 0x0000000000000020
2026/09/18 20:17:18.646, 1, 77, 53.67, 0, 13169, 1290, 715, P0, 0x0000000000000000
2026/09/18 20:17:19.660, 0, 79, 107.40, 100, 14059, 911, 715, P0, 0x0000000000000020
2026/09/18 20:17:19.663, 1, 80, 143.85, 100, 13169, 1227, 715, P0, 0x0000000000000000
2026/09/18 20:17:20.669, 0, 79, 108.09, 100, 14059, 923, 715, P0, 0x0000000000000020
2026/09/18 20:17:20.672, 1, 77, 49.12, 0, 13169, 1189, 715, P0, 0x0000000000000000
2026/09/18 20:17:21.683, 0, 79, 107.96, 100, 14059, 923, 715, P0, 0x0000000000000020
2026/09/18 20:17:21.685, 1, 79, 155.54, 100, 13169, 1227, 715, P0, 0x0000000000000020
2026/09/18 20:17:22.698, 0, 79, 98.46, 100, 14059, 1063, 715, P0, 0x0000000000000000
2026/09/18 20:17:22.703, 1, 77, 54.40, 0, 13169, 1290, 715, P0, 0x0000000000000000
2026/09/18 20:17:23.709, 0, 79, 99.18, 100, 14059, 1050, 715, P0, 0x0000000000000020
2026/09/18 20:17:23.712, 1, 79, 154.53, 100, 13169, 1328, 715, P0, 0x0000000000000000
2026/09/18 20:17:24.722, 0, 79, 73.80, 100, 14059, 1012, 715, P0, 0x0000000000000000
2026/09/18 20:17:24.725, 1, 77, 54.46, 0, 13169, 1290, 715, P0, 0x0000000000000000
2026/09/18 20:17:25.733, 0, 79, 107.68, 100, 14059, 923, 715, P0, 0x0000000000000020
2026/09/18 20:17:25.743, 1, 78, 127.56, 100, 13169, 1189, 715, P0, 0x0000000000000000
2026/09/18 20:17:26.762, 0, 79, 107.77, 100, 14059, 911, 715, P0, 0x0000000000000020
2026/09/18 20:17:26.765, 1, 78, 55.60, 0, 13169, 1303, 715, P0, 0x0000000000000000
2026/09/18 20:17:27.777, 0, 79, 108.41, 100, 14059, 923, 715, P0, 0x0000000000000020
2026/09/18 20:17:27.782, 1, 79, 172.12, 100, 13169, 1278, 715, P0, 0x0000000000000000
2026/09/18 20:17:28.794, 0, 79, 109.92, 100, 14059, 923, 715, P0, 0x0000000000000020
2026/09/18 20:17:28.805, 1, 78, 56.33, 49, 13169, 1316, 715, P0, 0x0000000000000000
2026/09/18 20:17:29.823, 0, 79, 117.20, 99, 14059, 999, 715, P0, 0x0000000000000020
2026/09/18 20:17:29.826, 1, 78, 165.79, 29, 13169, 1290, 715, P0, 0x0000000000000000
2026/09/18 20:17:30.834, 0, 79, 114.21, 100, 14059, 1025, 715, P0, 0x0000000000000020
2026/09/18 20:17:30.844, 1, 79, 144.05, 100, 13169, 1252, 715, P0, 0x0000000000000020
2026/09/18 20:17:31.849, 0, 79, 107.77, 100, 14059, 923, 715, P0, 0x0000000000000020
2026/09/18 20:17:31.852, 1, 77, 54.40, 0, 13169, 1303, 715, P0, 0x0000000000000000
2026/09/18 20:17:32.861, 0, 79, 107.57, 100, 14059, 911, 715, P0, 0x0000000000000020
2026/09/18 20:17:32.864, 1, 80, 148.47, 100, 13169, 1215, 715, P0, 0x0000000000000000
2026/09/18 20:17:33.874, 0, 79, 108.27, 100, 14059, 936, 715, P0, 0x0000000000000020
2026/09/18 20:17:33.883, 1, 77, 49.60, 0, 13169, 1202, 715, P0, 0x0000000000000000
2026/09/18 20:17:34.892, 0, 79, 107.07, 100, 14059, 911, 715, P0, 0x0000000000000020
2026/09/18 20:17:34.904, 1, 79, 156.73, 100, 13169, 1215, 715, P0, 0x0000000000000020
2026/09/18 20:17:35.923, 0, 79, 117.32, 100, 14059, 1063, 715, P0, 0x0000000000000020
2026/09/18 20:17:35.926, 1, 77, 53.66, 0, 13169, 1278, 715, P0, 0x0000000000000000
2026/09/18 20:17:36.934, 0, 79, 111.23, 100, 14059, 1063, 715, P0, 0x0000000000000000
2026/09/18 20:17:36.943, 1, 79, 176.30, 100, 13169, 1328, 715, P0, 0x0000000000000000
2026/09/18 20:17:37.948, 0, 79, 74.54, 100, 14059, 949, 715, P0, 0x0000000000000000
2026/09/18 20:17:37.951, 1, 77, 49.67, 0, 13169, 1189, 715, P0, 0x0000000000000000
2026/09/18 20:17:38.962, 0, 79, 106.69, 100, 14059, 911, 715, P0, 0x0000000000000020
2026/09/18 20:17:38.965, 1, 79, 138.15, 100, 13169, 1227, 715, P0, 0x0000000000000000
2026/09/18 20:17:39.977, 0, 79, 108.72, 100, 14059, 923, 715, P0, 0x0000000000000000
2026/09/18 20:17:39.983, 1, 78, 57.05, 0, 13169, 1316, 715, P0, 0x0000000000000000
2026/09/18 20:17:40.992, 0, 79, 106.72, 100, 14059, 911, 715, P0, 0x0000000000000020
2026/09/18 20:17:41.004, 1, 79, 181.51, 100, 13169, 1303, 715, P0, 0x0000000000000000
2026/09/18 20:17:42.018, 0, 79, 111.39, 100, 14059, 1075, 715, P0, 0x0000000000000000
2026/09/18 20:17:42.023, 1, 78, 54.88, 82, 13169, 1290, 715, P0, 0x0000000000000000
2026/09/18 20:17:43.033, 0, 79, 115.41, 100, 14059, 1063, 715, P0, 0x0000000000000020
2026/09/18 20:17:43.041, 1, 78, 150.12, 0, 13169, 1290, 715, P0, 0x0000000000000000
2026/09/18 20:17:44.062, 0, 79, 81.41, 100, 14059, 1012, 715, P0, 0x0000000000000000
2026/09/18 20:17:44.065, 1, 79, 153.19, 100, 13169, 1240, 715, P0, 0x0000000000000000
2026/09/18 20:17:45.076, 0, 79, 108.75, 100, 14059, 936, 715, P0, 0x0000000000000020
2026/09/18 20:17:45.083, 1, 77, 50.81, 0, 13169, 1227, 715, P0, 0x0000000000000000
2026/09/18 20:17:46.103, 0, 79, 108.50, 100, 14059, 923, 715, P0, 0x0000000000000020
2026/09/18 20:17:46.106, 1, 80, 158.63, 100, 13169, 1202, 715, P0, 0x0000000000000020
2026/09/18 20:17:47.121, 0, 79, 108.25, 100, 14059, 911, 715, P0, 0x0000000000000020
2026/09/18 20:17:47.125, 1, 77, 54.87, 0, 13169, 1303, 715, P0, 0x0000000000000000
2026/09/18 20:17:48.132, 0, 79, 113.65, 100, 14059, 1037, 715, P0, 0x0000000000000020
2026/09/18 20:17:48.142, 1, 79, 165.32, 100, 13169, 1252, 715, P0, 0x0000000000000020
2026/09/18 20:17:49.158, 0, 79, 113.97, 100, 14059, 1063, 715, P0, 0x0000000000000020
2026/09/18 20:17:49.164, 1, 77, 52.70, 0, 13169, 1265, 715, P0, 0x0000000000000000
2026/09/18 20:17:50.175, 0, 79, 85.24, 100, 14059, 949, 715, P0, 0x0000000000000000
2026/09/18 20:17:50.183, 1, 79, 146.89, 100, 13169, 1303, 715, P0, 0x0000000000000000
2026/09/18 20:17:51.198, 0, 79, 107.06, 100, 14059, 911, 715, P0, 0x0000000000000020
2026/09/18 20:17:51.203, 1, 78, 55.12, 0, 13169, 1290, 715, P0, 0x0000000000000000
2026/09/18 20:17:52.214, 0, 79, 106.52, 100, 14059, 923, 715, P0, 0x0000000000000000
2026/09/18 20:17:52.225, 1, 79, 166.29, 100, 13169, 1240, 715, P0, 0x0000000000000000
2026/09/18 20:17:53.243, 0, 79, 117.82, 100, 14059, 999, 715, P0, 0x0000000000000020
2026/09/18 20:17:53.247, 1, 78, 49.57, 100, 13169, 1189, 715, P0, 0x0000000000000000
2026/09/18 20:17:54.258, 0, 79, 114.24, 100, 14059, 1075, 715, P0, 0x0000000000000020
2026/09/18 20:17:54.261, 1, 77, 132.06, 0, 13169, 1139, 715, P0, 0x0000000000000020
2026/09/18 20:17:55.271, 0, 79, 92.96, 100, 14059, 911, 715, P0, 0x0000000000000020
2026/09/18 20:17:55.284, 1, 79, 133.71, 100, 13169, 1189, 715, P0, 0x0000000000000000
2026/09/18 20:17:56.296, 0, 79, 106.65, 100, 14059, 911, 715, P0, 0x0000000000000020
2026/09/18 20:17:56.303, 1, 77, 50.81, 0, 13169, 1227, 715, P0, 0x0000000000000000
2026/09/18 20:17:57.323, 0, 79, 106.74, 100, 14059, 911, 715, P0, 0x0000000000000020
2026/09/18 20:17:57.326, 1, 80, 167.71, 100, 13169, 1252, 715, P0, 0x0000000000000020
2026/09/18 20:17:58.341, 0, 79, 118.05, 100, 14059, 1025, 715, P0, 0x0000000000000020
2026/09/18 20:17:58.344, 1, 77, 52.22, 0, 13169, 1252, 715, P0, 0x0000000000000000
2026/09/18 20:17:59.360, 0, 79, 97.75, 100, 14059, 1050, 715, P0, 0x0000000000000000
2026/09/18 20:17:59.364, 1, 79, 164.28, 100, 13169, 1328, 715, P0, 0x0000000000000000
2026/09/18 20:18:00.372, 0, 79, 107.53, 100, 14059, 911, 715, P0, 0x0000000000000020
2026/09/18 20:18:00.384, 1, 77, 55.84, 0, 13169, 1316, 715, P0, 0x0000000000000000
2026/09/18 20:18:01.401, 0, 79, 106.50, 100, 14059, 911, 715, P0, 0x0000000000000000
2026/09/18 20:18:01.406, 1, 79, 172.39, 100, 13169, 1265, 715, P0, 0x0000000000000020
2026/09/18 20:18:02.416, 0, 79, 106.65, 100, 14059, 898, 715, P0, 0x0000000000000020
2026/09/18 20:18:02.425, 1, 78, 50.34, 32, 13169, 1189, 715, P0, 0x0000000000000000
2026/09/18 20:18:03.431, 0, 79, 114.99, 99, 14059, 1063, 715, P0, 0x0000000000000000
2026/09/18 20:18:03.434, 1, 77, 123.65, 25, 13169, 1189, 715, P0, 0x0000000000000000
2026/09/18 20:18:04.447, 0, 79, 104.05, 100, 14059, 1063, 715, P0, 0x0000000000000000
2026/09/18 20:18:04.450, 1, 79, 151.58, 100, 13169, 1252, 715, P0, 0x0000000000000000
2026/09/18 20:18:05.459, 0, 79, 107.06, 100, 14059, 911, 715, P0, 0x0000000000000020
2026/09/18 20:18:05.464, 1, 77, 52.01, 0, 13169, 1265, 715, P0, 0x0000000000000000
2026/09/18 20:18:06.471, 0, 79, 106.36, 100, 14059, 911, 715, P0, 0x0000000000000000
2026/09/18 20:18:06.474, 1, 80, 152.68, 100, 13169, 1202, 715, P0, 0x0000000000000000
2026/09/18 20:18:07.482, 0, 79, 114.21, 100, 14059, 1050, 715, P0, 0x0000000000000020
2026/09/18 20:18:07.486, 1, 77, 55.60, 0, 13169, 1316, 715, P0, 0x0000000000000000
2026/09/18 20:18:08.496, 0, 79, 118.10, 100, 14059, 1063, 715, P0, 0x0000000000000020
2026/09/18 20:18:08.504, 1, 80, 173.26, 100, 13169, 1328, 715, P0, 0x0000000000000000
2026/09/18 20:18:09.514, 0, 79, 107.54, 100, 14059, 911, 715, P0, 0x0000000000000020
2026/09/18 20:18:09.523, 1, 77, 51.78, 0, 13169, 1227, 715, P0, 0x0000000000000000
2026/09/18 20:18:10.528, 0, 79, 106.68, 100, 14059, 911, 715, P0, 0x0000000000000020
2026/09/18 20:18:10.531, 1, 78, 142.86, 100, 13169, 1189, 715, P0, 0x0000000000000000
2026/09/18 20:18:11.545, 0, 79, 115.39, 100, 14059, 974, 715, P0, 0x0000000000000020
2026/09/18 20:18:11.548, 1, 78, 56.32, 59, 13169, 1316, 715, P0, 0x0000000000000020
2026/09/18 20:18:12.561, 0, 79, 114.76, 99, 14059, 1075, 715, P0, 0x0000000000000020
2026/09/18 20:18:12.564, 1, 78, 162.25, 23, 13169, 1316, 715, P0, 0x0000000000000000
2026/09/18 20:18:13.572, 0, 79, 107.40, 100, 14059, 898, 715, P0, 0x0000000000000020
2026/09/18 20:18:13.586, 1, 79, 135.56, 100, 13169, 1252, 715, P0, 0x0000000000000000
2026/09/18 20:18:14.599, 0, 79, 107.53, 100, 14059, 911, 715, P0, 0x0000000000000020
2026/09/18 20:18:14.604, 1, 77, 54.64, 0, 13169, 1303, 715, P0, 0x0000000000000000
2026/09/18 20:18:15.611, 0, 79, 107.90, 100, 14059, 911, 715, P0, 0x0000000000000020
2026/09/18 20:18:15.614, 1, 80, 188.99, 100, 13169, 1240, 715, P0, 0x0000000000000020
2026/09/18 20:18:16.639, 0, 79, 100.86, 100, 14059, 1050, 715, P0, 0x0000000000000000
2026/09/18 20:18:16.644, 1, 77, 56.38, 0, 13169, 1328, 715, P0, 0x0000000000000000
2026/09/18 20:18:17.653, 0, 79, 81.12, 100, 14059, 961, 715, P0, 0x0000000000000000
2026/09/18 20:18:17.664, 1, 79, 176.64, 100, 13169, 1328, 715, P0, 0x0000000000000000
2026/09/18 20:18:18.683, 0, 79, 107.06, 100, 14059, 911, 715, P0, 0x0000000000000020
2026/09/18 20:18:18.686, 1, 78, 53.23, 0, 13169, 1265, 715, P0, 0x0000000000000000
2026/09/18 20:18:19.696, 0, 79, 106.68, 100, 14059, 911, 715, P0, 0x0000000000000020
2026/09/18 20:18:19.703, 1, 78, 140.54, 59, 13169, 1164, 715, P0, 0x0000000000000020
2026/09/18 20:18:20.716, 0, 79, 112.40, 100, 14059, 1063, 715, P0, 0x0000000000000000
2026/09/18 20:18:20.724, 1, 79, 131.07, 100, 13169, 1227, 715, P0, 0x0000000000000000
2026/09/18 20:18:21.730, 0, 79, 107.61, 100, 14059, 911, 715, P0, 0x0000000000000020
2026/09/18 20:18:21.733, 1, 77, 50.57, 0, 13169, 1227, 715, P0, 0x0000000000000000
2026/09/18 20:18:22.747, 0, 79, 106.95, 100, 14059, 911, 715, P0, 0x0000000000000020
2026/09/18 20:18:22.749, 1, 79, 132.73, 100, 13169, 1215, 715, P0, 0x0000000000000000
2026/09/18 20:18:23.762, 0, 79, 108.96, 100, 14059, 911, 715, P0, 0x0000000000000020
2026/09/18 20:18:23.766, 1, 77, 56.05, 0, 13169, 1316, 715, P0, 0x0000000000000000
2026/09/18 20:18:24.772, 0, 79, 96.20, 100, 14059, 1037, 715, P0, 0x0000000000000000
2026/09/18 20:18:24.775, 1, 80, 190.57, 100, 13169, 1328, 715, P0, 0x0000000000000000
2026/09/18 20:18:25.786, 0, 79, 106.88, 100, 14059, 911, 715, P0, 0x0000000000000020
2026/09/18 20:18:25.790, 1, 78, 51.53, 0, 13169, 1227, 715, P0, 0x0000000000000000
2026/09/18 20:18:26.803, 0, 79, 107.06, 100, 14059, 911, 715, P0, 0x0000000000000020
2026/09/18 20:18:26.807, 1, 79, 163.05, 100, 13169, 1240, 715, P0, 0x0000000000000000
2026/09/18 20:18:27.820, 0, 79, 112.57, 100, 14059, 936, 715, P0, 0x0000000000000020
2026/09/18 20:18:27.825, 1, 78, 56.56, 62, 13169, 1316, 715, P0, 0x0000000000000000
2026/09/18 20:18:28.833, 0, 79, 105.85, 100, 14059, 1075, 715, P0, 0x0000000000000000
2026/09/18 20:18:28.846, 1, 78, 163.05, 0, 13169, 1265, 715, P0, 0x0000000000000020
2026/09/18 20:18:29.863, 0, 79, 107.36, 100, 14059, 911, 715, P0, 0x0000000000000020
2026/09/18 20:18:29.866, 1, 79, 145.62, 100, 13169, 1227, 715, P0, 0x0000000000000000
2026/09/18 20:18:30.877, 0, 79, 106.57, 100, 14059, 911, 715, P0, 0x0000000000000020
2026/09/18 20:18:30.885, 1, 77, 55.37, 0, 13169, 1316, 715, P0, 0x0000000000000000
2026/09/18 20:18:31.889, 0, 79, 114.33, 100, 14059, 987, 715, P0, 0x0000000000000020
2026/09/18 20:18:31.892, 1, 80, 164.61, 100, 13169, 1252, 715, P0, 0x0000000000000020
2026/09/18 20:18:32.904, 0, 79, 103.74, 100, 14059, 1063, 715, P0, 0x0000000000000000
2026/09/18 20:18:32.908, 1, 77, 55.86, 0, 13169, 1316, 715, P0, 0x0000000000000000
2026/09/18 20:18:33.919, 0, 79, 106.69, 100, 14059, 911, 715, P0, 0x0000000000000020
2026/09/18 20:18:33.926, 1, 79, 116.46, 100, 13169, 1252, 715, P0, 0x0000000000000020
2026/09/18 20:18:34.932, 0, 79, 106.08, 100, 14059, 898, 715, P0, 0x0000000000000020
2026/09/18 20:18:34.945, 1, 78, 56.81, 0, 13169, 1316, 715, P0, 0x0000000000000000
2026/09/18 20:18:35.962, 0, 79, 115.90, 99, 14059, 1063, 715, P0, 0x0000000000000000
2026/09/18 20:18:35.965, 1, 78, 155.13, 60, 13169, 1328, 715, P0, 0x0000000000000000
2026/09/18 20:18:36.973, 0, 79, 79.94, 100, 14059, 987, 715, P0, 0x0000000000000000
2026/09/18 20:18:36.983, 1, 80, 157.51, 100, 13169, 1290, 715, P0, 0x0000000000000020
2026/09/18 20:18:37.990, 0, 79, 107.29, 100, 14059, 911, 715, P0, 0x0000000000000000
2026/09/18 20:18:37.994, 1, 77, 55.60, 0, 13169, 1316, 715, P0, 0x0000000000000000
2026/09/18 20:18:39.007, 0, 79, 106.83, 100, 14059, 898, 715, P0, 0x0000000000000020
2026/09/18 20:18:39.010, 1, 80, 156.25, 100, 13169, 1202, 715, P0, 0x0000000000000020
2026/09/18 20:18:40.020, 0, 79, 117.57, 100, 14059, 1050, 715, P0, 0x0000000000000020
2026/09/18 20:18:40.025, 1, 77, 49.36, 0, 13169, 1189, 715, P0, 0x0000000000000000
2026/09/18 20:18:41.035, 0, 79, 106.96, 100, 14059, 911, 715, P0, 0x0000000000000020
2026/09/18 20:18:41.045, 1, 78, 113.66, 100, 13169, 1113, 715, P0, 0x0000000000000020
2026/09/18 20:18:42.052, 0, 79, 107.05, 100, 14059, 911, 715, P0, 0x0000000000000020
2026/09/18 20:18:42.055, 1, 78, 55.61, 61, 13169, 1303, 715, P0, 0x0000000000000000
2026/09/18 20:18:43.065, 0, 79, 115.29, 99, 14059, 999, 715, P0, 0x0000000000000020
2026/09/18 20:18:43.068, 1, 78, 167.83, 26, 13169, 1290, 715, P0, 0x0000000000000000
2026/09/18 20:18:44.074, 0, 79, 72.18, 100, 14059, 1025, 715, P0, 0x0000000000000000
2026/09/18 20:18:44.083, 1, 79, 121.35, 100, 13169, 1189, 715, P0, 0x0000000000000000
2026/09/18 20:18:45.088, 0, 79, 107.13, 100, 14059, 911, 715, P0, 0x0000000000000020
2026/09/18 20:18:45.091, 1, 77, 48.88, 0, 13169, 1189, 715, P0, 0x0000000000000000
2026/09/18 20:18:46.101, 0, 79, 107.73, 100, 14059, 898, 715, P0, 0x0000000000000020
2026/09/18 20:18:46.106, 1, 80, 205.08, 100, 13169, 1328, 715, P0, 0x0000000000000000
2026/09/18 20:18:47.118, 0, 79, 101.77, 100, 14059, 1088, 715, P0, 0x0000000000000000
2026/09/18 20:18:47.124, 1, 77, 52.47, 0, 13169, 1265, 715, P0, 0x0000000000000000
2026/09/18 20:18:48.131, 0, 79, 107.10, 100, 14059, 911, 715, P0, 0x0000000000000000
2026/09/18 20:18:48.136, 1, 79, 145.46, 100, 13169, 1303, 715, P0, 0x0000000000000000
2026/09/18 20:18:49.145, 0, 79, 106.32, 100, 14059, 898, 715, P0, 0x0000000000000020
2026/09/18 20:18:49.148, 1, 78, 56.81, 0, 13169, 1316, 715, P0, 0x0000000000000000
2026/09/18 20:18:50.155, 0, 79, 107.00, 99, 14059, 1012, 715, P0, 0x0000000000000020
2026/09/18 20:18:50.167, 1, 78, 170.74, 45, 13169, 1328, 715, P0, 0x0000000000000000
2026/09/18 20:18:51.186, 0, 79, 106.25, 100, 14059, 911, 715, P0, 0x0000000000000000
2026/09/18 20:18:51.189, 1, 79, 128.00, 100, 13169, 1164, 715, P0, 0x0000000000000000
2026/09/18 20:18:52.197, 0, 79, 94.41, 100, 14059, 708, 715, P0, 0x0000000000000020
2026/09/18 20:18:52.209, 1, 77, 51.31, 0, 13169, 1240, 715, P0, 0x0000000000000000
2026/09/18 20:18:53.213, 0, 79, 90.96, 100, 14059, 696, 715, P0, 0x0000000000000020
2026/09/18 20:18:53.228, 1, 79, 140.62, 100, 13169, 1252, 715, P0, 0x0000000000000000
2026/09/18 20:18:54.246, 0, 79, 94.65, 100, 14059, 847, 715, P0, 0x0000000000000020
2026/09/18 20:18:54.249, 1, 78, 56.38, 0, 13169, 1316, 715, P0, 0x0000000000000000
2026/09/18 20:18:55.263, 0, 79, 92.29, 100, 14059, 721, 715, P0, 0x0000000000000020
2026/09/18 20:18:55.267, 1, 76, 54.93, 0, 13169, 1316, 715, P0, 0x0000000000000000
2026/09/18 20:18:56.279, 0, 79, 75.12, 100, 14059, 822, 715, P0, 0x0000000000000000
2026/09/18 20:18:56.286, 1, 79, 178.13, 100, 13169, 1328, 715, P0, 0x0000000000000000
2026/09/18 20:18:57.294, 0, 79, 97.54, 100, 14059, 784, 715, P0, 0x0000000000000020
2026/09/18 20:18:57.306, 1, 77, 52.76, 0, 13169, 1252, 715, P0, 0x0000000000000000
2026/09/18 20:18:58.312, 0, 79, 97.07, 100, 14059, 784, 715, P0, 0x0000000000000020
2026/09/18 20:18:58.314, 1, 76, 51.79, 0, 13169, 1252, 715, P0, 0x0000000000000000
2026/09/18 20:18:59.331, 0, 79, 101.51, 100, 14059, 847, 715, P0, 0x0000000000000020
2026/09/18 20:18:59.334, 1, 80, 130.45, 100, 13169, 1316, 715, P0, 0x0000000000000020
2026/09/18 20:19:00.361, 0, 79, 97.55, 100, 14059, 1050, 715, P0, 0x0000000000000000
2026/09/18 20:19:00.365, 1, 77, 55.41, 0, 13169, 1316, 715, P0, 0x0000000000000000
2026/09/18 20:19:01.374, 0, 79, 101.55, 100, 14059, 847, 715, P0, 0x0000000000000020
2026/09/18 20:19:01.386, 1, 79, 161.89, 100, 13169, 1240, 715, P0, 0x0000000000000020
2026/09/18 20:19:02.392, 0, 79, 100.38, 100, 14059, 1025, 715, P0, 0x0000000000000000
2026/09/18 20:19:02.395, 1, 78, 55.38, 8, 13169, 1290, 715, P0, 0x0000000000000000
2026/09/18 20:19:03.404, 0, 79, 102.30, 100, 14059, 860, 715, P0, 0x0000000000000020
2026/09/18 20:19:03.407, 1, 76, 53.24, 0, 13169, 1290, 715, P0, 0x0000000000000000
2026/09/18 20:19:04.418, 0, 79, 101.17, 100, 14059, 847, 715, P0, 0x0000000000000020
2026/09/18 20:19:04.425, 1, 79, 145.26, 100, 13169, 1189, 715, P0, 0x0000000000000000
2026/09/18 20:19:05.437, 0, 79, 99.25, 100, 14059, 1037, 715, P0, 0x0000000000000020
2026/09/18 20:19:05.444, 1, 77, 51.55, 0, 13169, 1240, 715, P0, 0x0000000000000000
2026/09/18 20:19:06.451, 0, 79, 101.18, 100, 14059, 835, 715, P0, 0x0000000000000020
2026/09/18 20:19:06.453, 1, 79, 199.01, 100, 13169, 1328, 715, P0, 0x0000000000000000
2026/09/18 20:19:07.464, 0, 79, 101.60, 100, 14059, 999, 715, P0, 0x0000000000000020
2026/09/18 20:19:07.467, 1, 78, 51.55, 41, 13169, 1227, 715, P0, 0x0000000000000000
2026/09/18 20:19:08.480, 0, 79, 108.50, 100, 14059, 936, 715, P0, 0x0000000000000020
2026/09/18 20:19:08.486, 1, 76, 50.57, 0, 13169, 1227, 715, P0, 0x0000000000000000
2026/09/18 20:19:09.493, 0, 79, 106.02, 100, 14059, 911, 715, P0, 0x0000000000000000
2026/09/18 20:19:09.496, 1, 80, 167.96, 100, 13169, 1227, 715, P0, 0x0000000000000020
2026/09/18 20:19:10.505, 0, 79, 105.19, 100, 14059, 1025, 715, P0, 0x0000000000000020
2026/09/18 20:19:10.508, 1, 77, 55.61, 0, 13169, 1316, 715, P0, 0x0000000000000000
2026/09/18 20:19:11.518, 0, 79, 87.52, 100, 14059, 949, 715, P0, 0x0000000000000000
2026/09/18 20:19:11.527, 1, 79, 170.35, 100, 13169, 1316, 715, P0, 0x0000000000000000
2026/09/18 20:19:12.539, 0, 79, 107.30, 100, 14059, 911, 715, P0, 0x0000000000000020
2026/09/18 20:19:12.546, 1, 78, 52.47, 0, 13169, 1252, 715, P0, 0x0000000000000000
2026/09/18 20:19:13.554, 0, 79, 113.13, 99, 14059, 999, 715, P0, 0x0000000000000020
2026/09/18 20:19:13.557, 1, 78, 173.54, 97, 13169, 1328, 715, P0, 0x0000000000000000
2026/09/18 20:19:14.566, 0, 79, 80.74, 100, 14059, 936, 715, P0, 0x0000000000000000
2026/09/18 20:19:14.570, 1, 80, 137.15, 100, 13169, 1202, 715, P0, 0x0000000000000000
2026/09/18 20:19:15.587, 0, 79, 107.55, 100, 14059, 923, 715, P0, 0x0000000000000000
2026/09/18 20:19:15.590, 1, 77, 49.12, 0, 13169, 1189, 715, P0, 0x0000000000000000
2026/09/18 20:19:16.599, 0, 79, 112.00, 100, 14059, 923, 715, P0, 0x0000000000000020
2026/09/18 20:19:16.608, 1, 80, 163.43, 100, 13169, 1240, 715, P0, 0x0000000000000020
2026/09/18 20:19:17.613, 0, 79, 86.51, 100, 14059, 999, 715, P0, 0x0000000000000000
2026/09/18 20:19:17.616, 1, 77, 52.52, 0, 13169, 1265, 715, P0, 0x0000000000000000
2026/09/18 20:19:18.626, 0, 79, 107.70, 100, 14059, 923, 715, P0, 0x0000000000000020
2026/09/18 20:19:18.630, 1, 79, 172.12, 100, 13169, 1278, 715, P0, 0x0000000000000020
2026/09/18 20:19:19.641, 0, 79, 110.65, 100, 14059, 936, 715, P0, 0x0000000000000020
2026/09/18 20:19:19.647, 1, 78, 56.33, 48, 13169, 1316, 715, P0, 0x0000000000000000
2026/09/18 20:19:20.653, 0, 79, 112.54, 100, 14059, 1088, 715, P0, 0x0000000000000020
2026/09/18 20:19:20.664, 1, 77, 145.12, 0, 13169, 1316, 715, P0, 0x0000000000000000
2026/09/18 20:19:21.668, 0, 79, 107.19, 100, 14059, 911, 715, P0, 0x0000000000000020
2026/09/18 20:19:21.671, 1, 79, 136.24, 100, 13169, 1227, 715, P0, 0x0000000000000000
2026/09/18 20:19:22.682, 0, 79, 109.69, 100, 14059, 923, 715, P0, 0x0000000000000020
2026/09/18 20:19:22.687, 1, 77, 54.15, 0, 13169, 1290, 715, P0, 0x0000000000000000
2026/09/18 20:19:23.697, 0, 79, 113.89, 100, 14059, 1063, 715, P0, 0x0000000000000020
2026/09/18 20:19:23.705, 1, 79, 154.58, 100, 13169, 1328, 715, P0, 0x0000000000000000
2026/09/18 20:19:24.710, 0, 79, 107.55, 100, 14059, 911, 715, P0, 0x0000000000000020
2026/09/18 20:19:24.713, 1, 77, 49.85, 0, 13169, 1189, 715, P0, 0x0000000000000000
2026/09/18 20:19:25.727, 0, 79, 106.63, 100, 14059, 911, 715, P0, 0x0000000000000020
2026/09/18 20:19:25.731, 1, 78, 192.92, 60, 13169, 1316, 715, P0, 0x0000000000000000
2026/09/18 20:19:26.745, 0, 79, 111.93, 100, 14059, 1088, 715, P0, 0x0000000000000000
2026/09/18 20:19:26.748, 1, 79, 75.25, 91, 13169, 1227, 715, P0, 0x0000000000000020
2026/09/18 20:19:27.760, 0, 79, 106.58, 100, 14059, 911, 715, P0, 0x0000000000000020
2026/09/18 20:19:27.764, 1, 77, 50.81, 0, 13169, 1227, 715, P0, 0x0000000000000000
2026/09/18 20:19:28.770, 0, 79, 107.21, 100, 14059, 898, 715, P0, 0x0000000000000020
2026/09/18 20:19:28.774, 1, 80, 176.42, 100, 13169, 1290, 715, P0, 0x0000000000000000
2026/09/18 20:19:29.782, 0, 79, 99.40, 100, 14059, 1075, 715, P0, 0x0000000000000000
2026/09/18 20:19:29.784, 1, 77, 55.85, 0, 13169, 1316, 715, P0, 0x0000000000000000
2026/09/18 20:19:30.799, 0, 79, 106.75, 100, 14059, 911, 715, P0, 0x0000000000000020
2026/09/18 20:19:30.806, 1, 79, 164.24, 100, 13169, 1227, 715, P0, 0x0000000000000020
2026/09/18 20:19:31.815, 0, 79, 112.52, 100, 14059, 936, 715, P0, 0x0000000000000020
2026/09/18 20:19:31.827, 1, 78, 51.26, 36, 13169, 1202, 715, P0, 0x0000000000000000
2026/09/18 20:19:32.843, 0, 79, 94.71, 100, 14059, 1088, 715, P0, 0x0000000000000000
2026/09/18 20:19:32.846, 1, 76, 105.27, 0, 13169, 1202, 715, P0, 0x0000000000000000
2026/09/18 20:19:33.856, 0, 79, 107.22, 100, 14059, 911, 715, P0, 0x0000000000000020
2026/09/18 20:19:33.865, 1, 79, 119.97, 100, 13169, 1215, 715, P0, 0x0000000000000000
2026/09/18 20:19:34.884, 0, 79, 114.27, 100, 14059, 949, 715, P0, 0x0000000000000020
2026/09/18 20:19:34.887, 1, 77, 49.84, 0, 13169, 1202, 715, P0, 0x0000000000000000
2026/09/18 20:19:35.900, 0, 79, 102.52, 100, 14059, 1050, 715, P0, 0x0000000000000020
2026/09/18 20:19:35.906, 1, 79, 177.34, 100, 13169, 1328, 715, P0, 0x0000000000000000
2026/09/18 20:19:36.925, 0, 79, 106.89, 100, 14059, 911, 715, P0, 0x0000000000000020
2026/09/18 20:19:36.928, 1, 77, 51.05, 0, 13169, 1215, 715, P0, 0x0000000000000000
2026/09/18 20:19:37.936, 0, 79, 113.94, 99, 14059, 936, 715, P0, 0x0000000000000020
2026/09/18 20:19:37.947, 1, 78, 155.06, 12, 13169, 1215, 715, P0, 0x0000000000000000
2026/09/18 20:19:38.965, 0, 79, 106.27, 100, 14059, 898, 715, P0, 0x0000000000000020
2026/09/18 20:19:38.968, 1, 80, 174.10, 100, 13169, 1252, 715, P0, 0x0000000000000020
2026/09/18 20:19:39.978, 0, 79, 107.54, 100, 14059, 911, 715, P0, 0x0000000000000020
2026/09/18 20:19:39.987, 1, 77, 49.60, 0, 13169, 1202, 715, P0, 0x0000000000000000
2026/09/18 20:19:41.006, 0, 79, 96.98, 100, 14059, 1037, 715, P0, 0x0000000000000000
2026/09/18 20:19:41.009, 1, 80, 182.86, 100, 13169, 1303, 715, P0, 0x0000000000000020
2026/09/18 20:19:42.019, 0, 79, 108.02, 100, 14059, 923, 715, P0, 0x0000000000000020
2026/09/18 20:19:42.025, 1, 77, 52.02, 0, 13169, 1240, 715, P0, 0x0000000000000000
2026/09/18 20:19:43.035, 0, 79, 106.72, 100, 14059, 911, 715, P0, 0x0000000000000020
2026/09/18 20:19:43.046, 1, 79, 179.87, 100, 13169, 1290, 715, P0, 0x0000000000000020
2026/09/18 20:19:44.063, 0, 79, 111.64, 100, 14059, 1037, 715, P0, 0x0000000000000020
2026/09/18 20:19:44.066, 1, 79, 51.30, 100, 13169, 1202, 715, P0, 0x0000000000000000
2026/09/18 20:19:45.078, 0, 79, 107.79, 100, 14059, 923, 715, P0, 0x0000000000000020
2026/09/18 20:19:45.085, 1, 77, 49.36, 0, 13169, 1202, 715, P0, 0x0000000000000000
2026/09/18 20:19:46.103, 0, 79, 106.96, 100, 14059, 911, 715, P0, 0x0000000000000020
2026/09/18 20:19:46.106, 1, 80, 178.68, 100, 13169, 1278, 715, P0, 0x0000000000000000
2026/09/18 20:19:47.117, 0, 79, 103.52, 100, 14059, 1050, 715, P0, 0x0000000000000020
2026/09/18 20:19:47.124, 1, 77, 55.14, 0, 13169, 1303, 715, P0, 0x0000000000000000
2026/09/18 20:19:48.128, 0, 79, 106.84, 100, 14059, 911, 715, P0, 0x0000000000000020
2026/09/18 20:19:48.131, 1, 79, 159.72, 100, 13169, 1316, 715, P0, 0x0000000000000000
2026/09/18 20:19:49.145, 0, 79, 108.74, 100, 14059, 936, 715, P0, 0x0000000000000020
2026/09/18 20:19:49.148, 1, 78, 56.09, 56, 13169, 1303, 715, P0, 0x0000000000000000
2026/09/18 20:19:50.156, 0, 79, 115.88, 100, 14059, 1075, 715, P0, 0x0000000000000020
2026/09/18 20:19:50.165, 1, 77, 150.87, 18, 13169, 1303, 715, P0, 0x0000000000000000
2026/09/18 20:19:51.170, 0, 79, 108.73, 100, 14059, 923, 715, P0, 0x0000000000000000
2026/09/18 20:19:51.176, 1, 79, 119.98, 100, 13169, 1189, 715, P0, 0x0000000000000000
2026/09/18 20:19:52.183, 0, 79, 117.79, 100, 14059, 1025, 715, P0, 0x0000000000000020
2026/09/18 20:19:52.186, 1, 77, 56.31, 0, 13169, 1316, 715, P0, 0x0000000000000000
2026/09/18 20:19:53.195, 0, 79, 75.89, 100, 14059, 1012, 715, P0, 0x0000000000000000
2026/09/18 20:19:53.204, 1, 79, 169.62, 100, 13169, 1316, 715, P0, 0x0000000000000000
2026/09/18 20:19:54.220, 0, 79, 107.31, 100, 14059, 911, 715, P0, 0x0000000000000020
2026/09/18 20:19:54.225, 1, 78, 48.88, 0, 13169, 1189, 715, P0, 0x0000000000000000
2026/09/18 20:19:55.233, 0, 79, 97.24, 99, 14059, 1037, 715, P0, 0x0000000000000000
2026/09/18 20:19:55.246, 1, 77, 71.24, 32, 13169, 658, 715, P0, 0x0000000000000000
2026/09/18 20:19:56.262, 0, 79, 107.47, 100, 14059, 923, 715, P0, 0x0000000000000000
2026/09/18 20:19:56.268, 1, 78, 112.64, 100, 13169, 987, 715, P0, 0x0000000000000020
2026/09/18 20:19:57.280, 0, 79, 106.09, 100, 14059, 911, 715, P0, 0x0000000000000000
2026/09/18 20:19:57.287, 1, 77, 52.95, 0, 13169, 1278, 715, P0, 0x0000000000000000
2026/09/18 20:19:58.295, 0, 79, 115.41, 100, 14059, 1025, 715, P0, 0x0000000000000020
2026/09/18 20:19:58.307, 1, 78, 150.86, 100, 13169, 1265, 715, P0, 0x0000000000000000
2026/09/18 20:19:59.322, 0, 79, 107.53, 100, 14059, 923, 715, P0, 0x0000000000000000
2026/09/18 20:19:59.328, 1, 78, 56.09, 0, 13169, 1316, 715, P0, 0x0000000000000000
2026/09/18 20:20:00.337, 0, 79, 107.44, 100, 14059, 911, 715, P0, 0x0000000000000020
2026/09/18 20:20:00.346, 1, 79, 176.39, 37, 13169, 1290, 715, P0, 0x0000000000000020
2026/09/18 20:20:01.365, 0, 79, 75.22, 100, 14059, 987, 715, P0, 0x0000000000000000
2026/09/18 20:20:01.371, 1, 79, 138.21, 100, 13169, 1215, 715, P0, 0x0000000000000020
2026/09/18 20:20:02.382, 0, 79, 107.13, 100, 14059, 923, 715, P0, 0x0000000000000000
2026/09/18 20:20:02.386, 1, 77, 50.09, 0, 13169, 1215, 715, P0, 0x0000000000000000
2026/09/18 20:20:03.392, 0, 79, 110.01, 100, 14059, 1025, 715, P0, 0x0000000000000020
2026/09/18 20:20:03.395, 1, 80, 177.61, 100, 13169, 1290, 715, P0, 0x0000000000000020
2026/09/18 20:20:04.404, 0, 79, 108.50, 100, 14059, 923, 715, P0, 0x0000000000000020
2026/09/18 20:20:04.407, 1, 77, 52.01, 0, 13169, 1240, 715, P0, 0x0000000000000000
2026/09/18 20:20:05.420, 0, 79, 105.51, 99, 14059, 898, 715, P0, 0x0000000000000020
2026/09/18 20:20:05.426, 1, 78, 184.27, 100, 13169, 1328, 715, P0, 0x0000000000000000
2026/09/18 20:20:06.435, 0, 79, 101.07, 100, 14059, 1075, 715, P0, 0x0000000000000000
2026/09/18 20:20:06.445, 1, 79, 109.40, 100, 13169, 1113, 715, P0, 0x0000000000000000
2026/09/18 20:20:07.463, 0, 79, 107.77, 100, 14059, 923, 715, P0, 0x0000000000000020
2026/09/18 20:20:07.466, 1, 77, 55.11, 0, 13169, 1316, 715, P0, 0x0000000000000000
2026/09/18 20:20:08.475, 0, 79, 117.72, 100, 14059, 1025, 715, P0, 0x0000000000000020
2026/09/18 20:20:08.486, 1, 79, 152.40, 100, 13169, 1202, 715, P0, 0x0000000000000020
2026/09/18 20:20:09.506, 0, 79, 106.57, 100, 14059, 911, 715, P0, 0x0000000000000020
2026/09/18 20:20:09.509, 1, 77, 55.85, 0, 13169, 1316, 715, P0, 0x0000000000000000
2026/09/18 20:20:10.519, 0, 79, 105.51, 100, 14059, 898, 715, P0, 0x0000000000000020
2026/09/18 20:20:10.525, 1, 79, 188.29, 100, 13169, 1303, 715, P0, 0x0000000000000020
2026/09/18 20:20:11.532, 0, 79, 114.70, 100, 14059, 1075, 715, P0, 0x0000000000000000
2026/09/18 20:20:11.535, 1, 79, 55.13, 100, 13169, 1189, 715, P0, 0x0000000000000000
2026/09/18 20:20:12.544, 0, 79, 108.50, 100, 14059, 936, 715, P0, 0x0000000000000000
2026/09/18 20:20:12.547, 1, 77, 55.11, 0, 13169, 1316, 715, P0, 0x0000000000000000
2026/09/18 20:20:13.556, 0, 79, 114.83, 100, 14059, 936, 715, P0, 0x0000000000000020
2026/09/18 20:20:13.566, 1, 79, 163.97, 100, 13169, 1252, 715, P0, 0x0000000000000020
2026/09/18 20:20:14.575, 0, 79, 108.25, 100, 14059, 923, 715, P0, 0x0000000000000000
2026/09/18 20:20:14.585, 1, 77, 55.12, 0, 13169, 1303, 715, P0, 0x0000000000000000
2026/09/18 20:20:15.603, 0, 79, 106.62, 100, 14059, 911, 715, P0, 0x0000000000000020
2026/09/18 20:20:15.607, 1, 79, 196.12, 100, 13169, 1328, 715, P0, 0x0000000000000000
2026/09/18 20:20:16.617, 0, 79, 103.76, 100, 14059, 1050, 715, P0, 0x0000000000000020
2026/09/18 20:20:16.623, 1, 79, 56.12, 100, 13169, 1189, 715, P0, 0x0000000000000000
2026/09/18 20:20:17.633, 0, 79, 107.13, 100, 14059, 911, 715, P0, 0x0000000000000020
2026/09/18 20:20:17.636, 1, 77, 48.64, 0, 13169, 1189, 715, P0, 0x0000000000000000
2026/09/18 20:20:18.646, 0, 79, 110.84, 100, 14059, 923, 715, P0, 0x0000000000000020
2026/09/18 20:20:18.649, 1, 79, 155.54, 100, 13169, 1227, 715, P0, 0x0000000000000000
2026/09/18 20:20:19.661, 0, 79, 107.29, 100, 14059, 923, 715, P0, 0x0000000000000000
2026/09/18 20:20:19.667, 1, 77, 55.12, 0, 13169, 1303, 715, P0, 0x0000000000000000
2026/09/18 20:20:20.674, 0, 79, 105.99, 100, 14059, 898, 715, P0, 0x0000000000000020
2026/09/18 20:20:20.686, 1, 79, 185.43, 100, 13169, 1316, 715, P0, 0x0000000000000020
2026/09/18 20:20:21.690, 0, 79, 114.46, 100, 14059, 1075, 715, P0, 0x0000000000000020
2026/09/18 20:20:21.692, 1, 79, 51.99, 100, 13169, 1202, 715, P0, 0x0000000000000000
2026/09/18 20:20:22.705, 0, 79, 108.27, 100, 14059, 923, 715, P0, 0x0000000000000000
2026/09/18 20:20:22.708, 1, 76, 49.36, 0, 13169, 1202, 715, P0, 0x0000000000000000
2026/09/18 20:20:23.716, 0, 79, 115.54, 100, 14059, 999, 715, P0, 0x0000000000000020
2026/09/18 20:20:23.726, 1, 80, 204.35, 100, 13169, 1328, 715, P0, 0x0000000000000000
2026/09/18 20:20:24.730, 0, 79, 107.29, 100, 14059, 911, 715, P0, 0x0000000000000020
2026/09/18 20:20:24.733, 1, 77, 55.84, 0, 13169, 1316, 715, P0, 0x0000000000000000
2026/09/18 20:20:25.744, 0, 79, 106.58, 100, 14059, 911, 715, P0, 0x0000000000000020
2026/09/18 20:20:25.747, 1, 79, 163.54, 86, 13169, 1252, 715, P0, 0x0000000000000000
2026/09/18 20:20:26.756, 0, 79, 101.31, 100, 14059, 1063, 715, P0, 0x0000000000000000
2026/09/18 20:20:26.765, 1, 80, 155.40, 100, 13169, 1252, 715, P0, 0x0000000000000020
2026/09/18 20:20:27.774, 0, 79, 108.25, 100, 14059, 923, 715, P0, 0x0000000000000020
2026/09/18 20:20:27.784, 1, 77, 53.92, 0, 13169, 1290, 715, P0, 0x0000000000000000
2026/09/18 20:20:28.790, 0, 79, 109.03, 100, 14059, 1025, 715, P0, 0x0000000000000020
2026/09/18 20:20:28.793, 1, 80, 188.77, 100, 13169, 1303, 715, P0, 0x0000000000000020
2026/09/18 20:20:29.804, 0, 79, 107.85, 100, 14059, 911, 715, P0, 0x0000000000000020
2026/09/18 20:20:29.807, 1, 77, 49.60, 0, 13169, 1189, 715, P0, 0x0000000000000000
2026/09/18 20:20:30.819, 0, 79, 108.64, 99, 14059, 911, 715, P0, 0x0000000000000020
2026/09/18 20:20:30.826, 1, 78, 181.03, 100, 13169, 1316, 715, P0, 0x0000000000000000
2026/09/18 20:20:31.830, 0, 79, 107.89, 100, 14059, 911, 715, P0, 0x0000000000000020
2026/09/18 20:20:31.833, 1, 80, 133.96, 100, 13169, 1189, 715, P0, 0x0000000000000020
2026/09/18 20:20:32.843, 0, 79, 107.29, 100, 14059, 911, 715, P0, 0x0000000000000020
2026/09/18 20:20:32.846, 1, 77, 54.63, 0, 13169, 1303, 715, P0, 0x0000000000000000
2026/09/18 20:20:33.859, 0, 79, 106.63, 100, 14059, 1012, 715, P0, 0x0000000000000020
2026/09/18 20:20:33.864, 1, 79, 150.82, 100, 13169, 1303, 715, P0, 0x0000000000000000
2026/09/18 20:20:34.875, 0, 79, 107.77, 100, 14059, 923, 715, P0, 0x0000000000000020
2026/09/18 20:20:34.884, 1, 78, 54.88, 0, 13169, 1290, 715, P0, 0x0000000000000000
2026/09/18 20:20:35.893, 0, 79, 114.23, 99, 14059, 936, 715, P0, 0x0000000000000020
2026/09/18 20:20:35.906, 1, 78, 182.34, 54, 13169, 1303, 715, P0, 0x0000000000000020
2026/09/18 20:20:36.923, 0, 80, 106.94, 100, 14059, 911, 715, P0, 0x0000000000000020
2026/09/18 20:20:36.927, 1, 79, 135.64, 100, 13169, 1252, 715, P0, 0x0000000000000000
2026/09/18 20:20:37.937, 0, 80, 107.30, 100, 14059, 911, 715, P0, 0x0000000000000020
2026/09/18 20:20:37.944, 1, 77, 52.26, 0, 13169, 1252, 715, P0, 0x0000000000000000
2026/09/18 20:20:38.952, 0, 79, 112.61, 100, 14059, 1075, 715, P0, 0x0000000000000020
2026/09/18 20:20:38.962, 1, 79, 170.51, 100, 13169, 1316, 715, P0, 0x0000000000000000
2026/09/18 20:20:39.979, 0, 79, 93.92, 100, 14059, 746, 715, P0, 0x0000000000000020
2026/09/18 20:20:39.985, 1, 78, 56.38, 0, 13169, 1316, 715, P0, 0x0000000000000000
2026/09/18 20:20:40.995, 0, 79, 94.16, 100, 14059, 734, 715, P0, 0x0000000000000020
2026/09/18 20:20:41.006, 1, 77, 55.17, 0, 13169, 1316, 715, P0, 0x0000000000000000
2026/09/18 20:20:42.012, 0, 79, 99.35, 100, 14059, 923, 715, P0, 0x0000000000000000
2026/09/18 20:20:42.025, 1, 80, 181.08, 100, 13169, 1303, 715, P0, 0x0000000000000020
2026/09/18 20:20:43.041, 0, 79, 94.18, 100, 14059, 746, 715, P0, 0x0000000000000020
2026/09/18 20:20:43.045, 1, 77, 54.45, 0, 13169, 1290, 715, P0, 0x0000000000000000
2026/09/18 20:20:44.056, 0, 79, 93.94, 100, 14059, 746, 715, P0, 0x0000000000000020
2026/09/18 20:20:44.065, 1, 76, 53.48, 0, 13169, 1290, 715, P0, 0x0000000000000000
2026/09/18 20:20:45.079, 0, 78, 92.41, 100, 14059, 999, 715, P0, 0x0000000000000000
2026/09/18 20:20:45.084, 1, 80, 203.40, 100, 13169, 1328, 715, P0, 0x0000000000000000
2026/09/18 20:20:46.095, 0, 79, 102.79, 100, 14059, 860, 715, P0, 0x0000000000000020
2026/09/18 20:20:46.104, 1, 77, 52.03, 0, 13169, 1240, 715, P0, 0x0000000000000000
2026/09/18 20:20:47.110, 0, 79, 99.02, 99, 14059, 1037, 715, P0, 0x0000000000000020
2026/09/18 20:20:47.113, 1, 77, 151.63, 0, 13169, 1240, 715, P0, 0x0000000000000000
2026/09/18 20:20:48.128, 0, 79, 101.25, 100, 14059, 847, 715, P0, 0x0000000000000020
2026/09/18 20:20:48.131, 1, 80, 132.06, 100, 13169, 1227, 715, P0, 0x0000000000000000
2026/09/18 20:20:49.143, 0, 79, 99.97, 100, 14059, 1063, 715, P0, 0x0000000000000020
2026/09/18 20:20:49.146, 1, 77, 49.14, 0, 13169, 1189, 715, P0, 0x0000000000000000
2026/09/18 20:20:50.157, 0, 79, 102.55, 100, 14059, 860, 715, P0, 0x0000000000000020
2026/09/18 20:20:50.163, 1, 79, 196.36, 100, 13169, 1328, 715, P0, 0x0000000000000000
2026/09/18 20:20:51.184, 0, 79, 103.96, 100, 14059, 1075, 715, P0, 0x0000000000000000
2026/09/18 20:20:51.187, 1, 79, 50.79, 100, 13169, 1189, 715, P0, 0x0000000000000000
2026/09/18 20:20:52.198, 0, 79, 102.31, 100, 14059, 860, 715, P0, 0x0000000000000020
2026/09/18 20:20:52.204, 1, 77, 48.65, 0, 13169, 1189, 715, P0, 0x0000000000000000
2026/09/18 20:20:53.210, 0, 79, 98.93, 100, 14059, 1050, 715, P0, 0x0000000000000020
2026/09/18 20:20:53.213, 1, 79, 171.16, 100, 13169, 1328, 715, P0, 0x0000000000000000
2026/09/18 20:20:54.225, 0, 79, 102.54, 100, 14059, 860, 715, P0, 0x0000000000000020
2026/09/18 20:20:54.228, 1, 77, 54.16, 0, 13169, 1278, 715, P0, 0x0000000000000000
2026/09/18 20:20:55.237, 0, 79, 87.28, 100, 14059, 860, 715, P0, 0x0000000000000020
2026/09/18 20:20:55.243, 1, 76, 53.05, 0, 13169, 1278, 715, P0, 0x0000000000000000
2026/09/18 20:20:56.255, 0, 79, 102.35, 100, 14059, 847, 715, P0, 0x0000000000000020
2026/09/18 20:20:56.266, 1, 80, 153.02, 100, 13169, 1202, 715, P0, 0x0000000000000000
2026/09/18 20:20:57.285, 0, 79, 102.29, 100, 14059, 873, 715, P0, 0x0000000000000000
2026/09/18 20:20:57.289, 1, 77, 54.44, 0, 13169, 1290, 715, P0, 0x0000000000000000
2026/09/18 20:20:58.298, 0, 79, 101.45, 99, 14059, 847, 715, P0, 0x0000000000000020
2026/09/18 20:20:58.304, 1, 79, 185.94, 100, 13169, 1328, 715, P0, 0x0000000000000000
2026/09/18 20:20:59.312, 0, 79, 102.13, 100, 14059, 847, 715, P0, 0x0000000000000020
2026/09/18 20:20:59.325, 1, 79, 140.32, 100, 13169, 1252, 715, P0, 0x0000000000000000
2026/09/18 20:21:00.329, 0, 79, 104.71, 100, 14059, 873, 715, P0, 0x0000000000000020
2026/09/18 20:21:00.333, 1, 77, 55.12, 0, 13169, 1316, 715, P0, 0x0000000000000000
2026/09/18 20:21:01.346, 0, 79, 102.28, 100, 14059, 860, 715, P0, 0x0000000000000000
2026/09/18 20:21:01.349, 1, 79, 170.87, 100, 13169, 1316, 715, P0, 0x0000000000000000
2026/09/18 20:21:02.363, 0, 79, 107.37, 100, 14059, 885, 715, P0, 0x0000000000000020
2026/09/18 20:21:02.366, 1, 78, 50.09, 0, 13169, 1189, 715, P0, 0x0000000000000000
2026/09/18 20:21:03.379, 0, 79, 103.52, 100, 14059, 873, 715, P0, 0x0000000000000020
2026/09/18 20:21:03.385, 1, 76, 48.65, 0, 13169, 1189, 715, P0, 0x0000000000000000
2026/09/18 20:21:04.389, 0, 79, 110.47, 100, 14059, 923, 715, P0, 0x0000000000000020
2026/09/18 20:21:04.392, 1, 80, 182.43, 100, 13169, 1290, 715, P0, 0x0000000000000020
2026/09/18 20:21:05.405, 0, 79, 103.75, 100, 14059, 873, 715, P0, 0x0000000000000020
2026/09/18 20:21:05.408, 1, 77, 51.30, 0, 13169, 1227, 715, P0, 0x0000000000000000
2026/09/18 20:21:06.417, 0, 79, 113.14, 99, 14059, 911, 715, P0, 0x0000000000000020
2026/09/18 20:21:06.425, 1, 78, 169.74, 98, 13169, 1328, 715, P0, 0x0000000000000000
2026/09/18 20:21:07.433, 0, 79, 102.53, 100, 14059, 847, 715, P0, 0x0000000000000020
2026/09/18 20:21:07.444, 1, 80, 153.51, 100, 13169, 1316, 715, P0, 0x0000000000000020
2026/09/18 20:21:08.461, 0, 79, 100.15, 100, 14059, 999, 715, P0, 0x0000000000000020
2026/09/18 20:21:08.466, 1, 77, 53.48, 0, 13169, 1278, 715, P0, 0x0000000000000000
2026/09/18 20:21:09.477, 0, 79, 102.75, 100, 14059, 847, 715, P0, 0x0000000000000020
2026/09/18 20:21:09.486, 1, 80, 139.83, 100, 13169, 1328, 715, P0, 0x0000000000000000
2026/09/18 20:21:10.490, 0, 79, 110.43, 100, 14059, 1037, 715, P0, 0x0000000000000000
2026/09/18 20:21:10.493, 1, 78, 52.96, 36, 13169, 1252, 715, P0, 0x0000000000000000
2026/09/18 20:21:11.505, 0, 79, 103.51, 100, 14059, 873, 715, P0, 0x0000000000000020
2026/09/18 20:21:11.508, 1, 76, 51.06, 0, 13169, 1252, 715, P0, 0x0000000000000000
2026/09/18 20:21:12.520, 0, 79, 102.75, 100, 14059, 1025, 715, P0, 0x0000000000000000
2026/09/18 20:21:12.523, 1, 80, 203.59, 100, 13169, 1328, 715, P0, 0x0000000000000000
2026/09/18 20:21:13.534, 0, 79, 103.74, 100, 14059, 873, 715, P0, 0x0000000000000020
2026/09/18 20:21:13.544, 1, 77, 53.92, 0, 13169, 1278, 715, P0, 0x0000000000000000
2026/09/18 20:21:14.563, 0, 79, 101.57, 99, 14059, 1050, 715, P0, 0x0000000000000020
2026/09/18 20:21:14.566, 1, 77, 161.26, 0, 13169, 1278, 715, P0, 0x0000000000000000
2026/09/18 20:21:15.581, 0, 79, 102.32, 100, 14059, 860, 715, P0, 0x0000000000000020
2026/09/18 20:21:15.584, 1, 79, 117.92, 100, 13169, 1189, 715, P0, 0x0000000000000000
2026/09/18 20:21:16.598, 0, 78, 103.98, 100, 14059, 1063, 715, P0, 0x0000000000000000
2026/09/18 20:21:16.603, 1, 77, 53.68, 0, 13169, 1290, 715, P0, 0x0000000000000000
2026/09/18 20:21:17.613, 0, 79, 109.13, 100, 14059, 949, 715, P0, 0x0000000000000020
2026/09/18 20:21:17.623, 1, 78, 118.79, 100, 13169, 1075, 715, P0, 0x0000000000000000
2026/09/18 20:21:18.628, 0, 79, 105.02, 100, 14059, 1063, 715, P0, 0x0000000000000000
2026/09/18 20:21:18.631, 1, 79, 140.45, 100, 13169, 1227, 715, P0, 0x0000000000000020
2026/09/18 20:21:19.645, 0, 79, 109.22, 100, 14059, 936, 715, P0, 0x0000000000000020
2026/09/18 20:21:19.648, 1, 77, 55.11, 0, 13169, 1316, 715, P0, 0x0000000000000000
2026/09/18 20:21:20.663, 0, 79, 117.43, 100, 14059, 1012, 715, P0, 0x0000000000000020
2026/09/18 20:21:20.667, 1, 79, 170.92, 100, 13169, 1265, 715, P0, 0x0000000000000020
2026/09/18 20:21:21.679, 0, 79, 109.22, 100, 14059, 949, 715, P0, 0x0000000000000020
2026/09/18 20:21:21.683, 1, 77, 54.63, 0, 13169, 1290, 715, P0, 0x0000000000000000
2026/09/18 20:21:22.698, 0, 79, 106.88, 99, 14059, 911, 715, P0, 0x0000000000000020
2026/09/18 20:21:22.703, 1, 78, 186.62, 100, 13169, 1328, 715, P0, 0x0000000000000000
2026/09/18 20:21:23.715, 0, 79, 103.28, 100, 14059, 923, 715, P0, 0x0000000000000000
2026/09/18 20:21:23.724, 1, 79, 118.43, 100, 13169, 1164, 715, P0, 0x0000000000000000
2026/09/18 20:21:24.742, 0, 79, 108.08, 100, 14059, 936, 715, P0, 0x0000000000000020
2026/09/18 20:21:24.746, 1, 76, 51.30, 0, 13169, 1240, 715, P0, 0x0000000000000000
2026/09/18 20:21:25.754, 0, 79, 113.23, 100, 14059, 1088, 715, P0, 0x0000000000000000
2026/09/18 20:21:25.765, 1, 80, 159.62, 100, 13169, 1328, 715, P0, 0x0000000000000000
2026/09/18 20:21:26.770, 0, 79, 108.50, 100, 14059, 936, 715, P0, 0x0000000000000020
2026/09/18 20:21:26.773, 1, 78, 55.12, 0, 13169, 1290, 715, P0, 0x0000000000000000
2026/09/18 20:21:27.782, 0, 79, 115.64, 99, 14059, 1063, 715, P0, 0x0000000000000020
2026/09/18 20:21:27.785, 1, 77, 149.89, 0, 13169, 1290, 715, P0, 0x0000000000000000
2026/09/18 20:21:28.796, 0, 79, 108.53, 100, 14059, 923, 715, P0, 0x0000000000000000
2026/09/18 20:21:28.806, 1, 80, 106.65, 100, 13169, 1189, 715, P0, 0x0000000000000000
2026/09/18 20:21:29.824, 0, 79, 109.72, 100, 14059, 1037, 715, P0, 0x0000000000000020
2026/09/18 20:21:29.827, 1, 77, 49.61, 0, 13169, 1202, 715, P0, 0x0000000000000000
2026/09/18 20:21:30.839, 0, 79, 107.10, 100, 14059, 911, 715, P0, 0x0000000000000020
2026/09/18 20:21:30.843, 1, 80, 165.42, 100, 13169, 1328, 715, P0, 0x0000000000000000
2026/09/18 20:21:31.856, 0, 79, 120.13, 100, 14059, 1012, 715, P0, 0x0000000000000020
2026/09/18 20:21:31.864, 1, 78, 55.32, 16, 13169, 1278, 715, P0, 0x0000000000000000
2026/09/18 20:21:32.883, 0, 79, 108.50, 100, 14059, 936, 715, P0, 0x0000000000000020
2026/09/18 20:21:32.887, 1, 77, 52.95, 0, 13169, 1278, 715, P0, 0x0000000000000000
2026/09/18 20:21:33.895, 0, 79, 108.41, 100, 14059, 923, 715, P0, 0x0000000000000020
2026/09/18 20:21:33.903, 1, 80, 169.38, 100, 13169, 1252, 715, P0, 0x0000000000000020
2026/09/18 20:21:34.920, 0, 79, 108.50, 100, 14059, 923, 715, P0, 0x0000000000000020
2026/09/18 20:21:34.922, 1, 77, 52.02, 0, 13169, 1252, 715, P0, 0x0000000000000000
2026/09/18 20:21:35.929, 0, 79, 107.94, 100, 14059, 923, 715, P0, 0x0000000000000020
2026/09/18 20:21:35.932, 1, 79, 169.38, 100, 13169, 1252, 715, P0, 0x0000000000000020
2026/09/18 20:21:36.942, 0, 79, 76.64, 100, 14059, 974, 715, P0, 0x0000000000000000
2026/09/18 20:21:36.945, 1, 79, 144.35, 100, 13169, 1290, 715, P0, 0x0000000000000020
2026/09/18 20:21:37.956, 0, 79, 107.77, 100, 14059, 936, 715, P0, 0x0000000000000020
2026/09/18 20:21:37.962, 1, 77, 54.64, 0, 13169, 1303, 715, P0, 0x0000000000000000
2026/09/18 20:21:38.974, 0, 79, 117.30, 100, 14059, 1088, 715, P0, 0x0000000000000020
2026/09/18 20:21:38.979, 1, 79, 157.09, 100, 13169, 1316, 715, P0, 0x0000000000000020
2026/09/18 20:21:39.990, 0, 79, 108.24, 100, 14059, 936, 715, P0, 0x0000000000000000
2026/09/18 20:21:40.001, 1, 78, 56.32, 0, 13169, 1316, 715, P0, 0x0000000000000000
2026/09/18 20:21:41.021, 0, 79, 115.62, 100, 14059, 1075, 715, P0, 0x0000000000000020
2026/09/18 20:21:41.024, 1, 78, 156.24, 0, 13169, 1316, 715, P0, 0x0000000000000000
2026/09/18 20:21:42.035, 0, 79, 107.80, 100, 14059, 911, 715, P0, 0x0000000000000020
2026/09/18 20:21:42.043, 1, 80, 105.98, 100, 13169, 1252, 715, P0, 0x0000000000000020
2026/09/18 20:21:43.061, 0, 79, 111.88, 100, 14059, 1050, 715, P0, 0x0000000000000020
2026/09/18 20:21:43.064, 1, 77, 49.12, 0, 13169, 1189, 715, P0, 0x0000000000000000
2026/09/18 20:21:44.078, 0, 79, 92.63, 100, 14059, 721, 715, P0, 0x0000000000000020
2026/09/18 20:21:44.084, 1, 79, 198.78, 100, 13169, 1328, 715, P0, 0x0000000000000000
2026/09/18 20:21:45.090, 0, 79, 93.68, 100, 14059, 734, 715, P0, 0x0000000000000020
2026/09/18 20:21:45.104, 1, 78, 56.59, 50, 13169, 1316, 715, P0, 0x0000000000000020
2026/09/18 20:21:46.115, 0, 79, 93.45, 100, 14059, 974, 715, P0, 0x0000000000000000
2026/09/18 20:21:46.122, 1, 77, 54.94, 0, 13169, 1316, 715, P0, 0x0000000000000000
2026/09/18 20:21:47.141, 0, 79, 96.70, 100, 14059, 797, 715, P0, 0x0000000000000000
2026/09/18 20:21:47.144, 1, 79, 199.23, 100, 13169, 1328, 715, P0, 0x0000000000000000
2026/09/18 20:21:48.154, 0, 79, 97.80, 100, 14059, 784, 715, P0, 0x0000000000000020
2026/09/18 20:21:48.163, 1, 79, 51.79, 100, 13169, 1202, 715, P0, 0x0000000000000000
2026/09/18 20:21:49.183, 0, 79, 99.25, 100, 14059, 949, 715, P0, 0x0000000000000020
2026/09/18 20:21:49.186, 1, 76, 49.40, 0, 13169, 1202, 715, P0, 0x0000000000000000
2026/09/18 20:21:50.200, 0, 79, 97.66, 100, 14059, 797, 715, P0, 0x0000000000000020
2026/09/18 20:21:50.203, 1, 79, 199.94, 100, 13169, 1328, 715, P0, 0x0000000000000000
2026/09/18 20:21:51.211, 0, 79, 88.45, 100, 14059, 860, 715, P0, 0x0000000000000020
2026/09/18 20:21:51.225, 1, 78, 51.13, 100, 13169, 1189, 715, P0, 0x0000000000000000
2026/09/18 20:21:52.241, 0, 79, 103.76, 100, 14059, 860, 715, P0, 0x0000000000000020
2026/09/18 20:21:52.245, 1, 76, 48.88, 0, 13169, 1189, 715, P0, 0x0000000000000000
2026/09/18 20:21:53.256, 0, 79, 102.72, 100, 14059, 860, 715, P0, 0x0000000000000000
2026/09/18 20:21:53.262, 1, 79, 171.08, 100, 13169, 1328, 715, P0, 0x0000000000000000
2026/09/18 20:21:54.273, 0, 79, 112.35, 100, 14059, 987, 715, P0, 0x0000000000000020
2026/09/18 20:21:54.282, 1, 78, 56.80, 0, 13169, 1316, 715, P0, 0x0000000000000000
2026/09/18 20:21:55.301, 0, 79, 103.74, 100, 14059, 873, 715, P0, 0x0000000000000020
2026/09/18 20:21:55.304, 1, 77, 55.12, 0, 13169, 1316, 715, P0, 0x0000000000000000
2026/09/18 20:21:56.313, 0, 79, 108.35, 100, 14059, 1012, 715, P0, 0x0000000000000020
2026/09/18 20:21:56.320, 1, 80, 181.18, 100, 13169, 1303, 715, P0, 0x0000000000000000
2026/09/18 20:21:57.342, 0, 79, 103.50, 100, 14059, 873, 715, P0, 0x0000000000000020
2026/09/18 20:21:57.345, 1, 77, 56.09, 0, 13169, 1316, 715, P0, 0x0000000000000000
2026/09/18 20:21:58.357, 0, 79, 70.47, 100, 14059, 1050, 715, P0, 0x0000000000000000
2026/09/18 20:21:58.359, 1, 77, 102.87, 0, 13169, 1316, 715, P0, 0x0000000000000000
2026/09/18 20:21:59.370, 0, 79, 107.94, 100, 14059, 923, 715, P0, 0x0000000000000020
2026/09/18 20:21:59.380, 1, 80, 169.76, 100, 13169, 1252, 715, P0, 0x0000000000000020
2026/09/18 20:22:00.400, 0, 79, 104.71, 100, 14059, 1101, 715, P0, 0x0000000000000000
2026/09/18 20:22:00.403, 1, 77, 54.89, 0, 13169, 1303, 715, P0, 0x0000000000000000
2026/09/18 20:22:01.415, 0, 79, 108.41, 100, 14059, 923, 715, P0, 0x0000000000000020
2026/09/18 20:22:01.420, 1, 79, 172.60, 100, 13169, 1278, 715, P0, 0x0000000000000020
2026/09/18 20:22:02.431, 0, 79, 119.64, 100, 14059, 1063, 715, P0, 0x0000000000000020
2026/09/18 20:22:02.441, 1, 79, 58.26, 80, 13169, 1278, 715, P0, 0x0000000000000000
2026/09/18 20:22:03.462, 0, 79, 108.74, 100, 14059, 949, 715, P0, 0x0000000000000020
2026/09/18 20:22:03.465, 1, 77, 53.19, 0, 13169, 1278, 715, P0, 0x0000000000000000
2026/09/18 20:22:04.479, 0, 79, 110.50, 100, 14059, 1075, 715, P0, 0x0000000000000000
2026/09/18 20:22:04.482, 1, 79, 182.82, 100, 13169, 1328, 715, P0, 0x0000000000000000
2026/09/18 20:22:05.489, 0, 79, 108.50, 100, 14059, 936, 715, P0, 0x0000000000000020
2026/09/18 20:22:05.500, 1, 77, 54.16, 0, 13169, 1278, 715, P0, 0x0000000000000000
2026/09/18 20:22:06.519, 0, 79, 103.24, 99, 14059, 1025, 715, P0, 0x0000000000000020
2026/09/18 20:22:06.523, 1, 77, 162.15, 26, 13169, 1278, 715, P0, 0x0000000000000000
2026/09/18 20:22:07.528, 0, 79, 108.16, 100, 14059, 923, 715, P0, 0x0000000000000020
2026/09/18 20:22:07.540, 1, 80, 126.60, 100, 13169, 1189, 715, P0, 0x0000000000000000
2026/09/18 20:22:08.559, 0, 79, 111.31, 100, 14059, 1050, 715, P0, 0x0000000000000020
2026/09/18 20:22:08.562, 1, 77, 54.63, 0, 13169, 1303, 715, P0, 0x0000000000000000
2026/09/18 20:22:09.574, 0, 79, 107.90, 100, 14059, 923, 715, P0, 0x0000000000000000
2026/09/18 20:22:09.580, 1, 79, 185.43, 100, 13169, 1303, 715, P0, 0x0000000000000000
2026/09/18 20:22:10.586, 0, 79, 111.31, 100, 14059, 1050, 715, P0, 0x0000000000000020
2026/09/18 20:22:10.589, 1, 78, 56.57, 98, 13169, 1303, 715, P0, 0x0000000000000000
2026/09/18 20:22:11.615, 0, 79, 108.98, 100, 14059, 949, 715, P0, 0x0000000000000020
2026/09/18 20:22:11.619, 1, 77, 54.39, 0, 13169, 1303, 715, P0, 0x0000000000000000
2026/09/18 20:22:12.639, 0, 79, 99.19, 100, 14059, 1050, 715, P0, 0x0000000000000000
2026/09/18 20:22:12.641, 1, 80, 156.03, 100, 13169, 1215, 715, P0, 0x0000000000000000
2026/09/18 20:22:13.653, 0, 79, 108.50, 100, 14059, 936, 715, P0, 0x0000000000000020
2026/09/18 20:22:13.659, 1, 77, 51.54, 0, 13169, 1227, 715, P0, 0x0000000000000000
2026/09/18 20:22:14.670, 0, 79, 116.82, 100, 14059, 1050, 715, P0, 0x0000000000000020
2026/09/18 20:22:14.680, 1, 78, 161.82, 75, 13169, 1328, 715, P0, 0x0000000000000000
2026/09/18 20:22:15.684, 0, 79, 107.80, 100, 14059, 911, 715, P0, 0x0000000000000020
2026/09/18 20:22:15.687, 1, 80, 107.64, 100, 13169, 987, 715, P0, 0x0000000000000020
2026/09/18 20:22:16.698, 0, 79, 113.32, 100, 14059, 1050, 715, P0, 0x0000000000000020
2026/09/18 20:22:16.701, 1, 77, 51.50, 0, 13169, 1252, 715, P0, 0x0000000000000000
2026/09/18 20:22:17.709, 0, 79, 108.29, 100, 14059, 936, 715, P0, 0x0000000000000020
2026/09/18 20:22:17.720, 1, 78, 142.84, 100, 13169, 1189, 715, P0, 0x0000000000000020
2026/09/18 20:22:18.725, 0, 79, 112.76, 100, 14059, 1050, 715, P0, 0x0000000000000020
2026/09/18 20:22:18.727, 1, 79, 55.13, 100, 13169, 1252, 715, P0, 0x0000000000000000
2026/09/18 20:22:19.741, 0, 79, 108.50, 100, 14059, 936, 715, P0, 0x0000000000000020
2026/09/18 20:22:19.743, 1, 77, 51.27, 0, 13169, 1252, 715, P0, 0x0000000000000000
2026/09/18 20:22:20.757, 0, 79, 105.94, 100, 14059, 1037, 715, P0, 0x0000000000000020
2026/09/18 20:22:20.760, 1, 80, 187.83, 100, 13169, 1252, 715, P0, 0x0000000000000020
2026/09/18 20:22:21.770, 0, 79, 108.98, 100, 14059, 949, 715, P0, 0x0000000000000020
2026/09/18 20:22:21.779, 1, 77, 55.60, 0, 13169, 1303, 715, P0, 0x0000000000000000
2026/09/18 20:22:22.797, 0, 79, 109.67, 99, 14059, 1075, 715, P0, 0x0000000000000000
2026/09/18 20:22:22.800, 1, 78, 152.91, 10, 13169, 1303, 715, P0, 0x0000000000000000
2026/09/18 20:22:23.812, 0, 79, 109.74, 100, 14059, 923, 715, P0, 0x0000000000000020
2026/09/18 20:22:23.820, 1, 80, 149.35, 100, 13169, 1240, 715, P0, 0x0000000000000000
2026/09/18 20:22:24.828, 0, 79, 115.68, 100, 14059, 1063, 715, P0, 0x0000000000000020
2026/09/18 20:22:24.837, 1, 77, 49.11, 0, 13169, 1189, 715, P0, 0x0000000000000000
2026/09/18 20:22:25.841, 0, 79, 107.10, 100, 14059, 911, 715, P0, 0x0000000000000020
2026/09/18 20:22:25.845, 1, 79, 196.09, 100, 13169, 1328, 715, P0, 0x0000000000000000
2026/09/18 20:22:26.856, 0, 79, 101.35, 100, 14059, 1063, 715, P0, 0x0000000000000000
2026/09/18 20:22:26.860, 1, 79, 53.46, 29, 13169, 1227, 715, P0, 0x0000000000000000
2026/09/18 20:22:27.870, 0, 79, 109.47, 100, 14059, 949, 715, P0, 0x0000000000000000
2026/09/18 20:22:27.879, 1, 77, 50.81, 0, 13169, 1227, 715, P0, 0x0000000000000000
2026/09/18 20:22:28.899, 0, 79, 109.45, 100, 14059, 1063, 715, P0, 0x0000000000000000
2026/09/18 20:22:28.902, 1, 80, 200.96, 100, 13169, 1328, 715, P0, 0x0000000000000000
2026/09/18 20:22:29.915, 0, 79, 109.23, 100, 14059, 949, 715, P0, 0x0000000000000020
2026/09/18 20:22:29.920, 1, 78, 52.23, 0, 13169, 1252, 715, P0, 0x0000000000000000
2026/09/18 20:22:30.930, 0, 79, 118.28, 99, 14059, 1075, 715, P0, 0x0000000000000020
2026/09/18 20:22:30.938, 1, 77, 146.57, 7, 13169, 1252, 715, P0, 0x0000000000000000
2026/09/18 20:22:31.943, 0, 79, 108.25, 100, 14059, 923, 715, P0, 0x0000000000000020
2026/09/18 20:22:31.946, 1, 80, 163.31, 100, 13169, 1227, 715, P0, 0x0000000000000020
2026/09/18 20:22:32.958, 0, 79, 115.90, 100, 14059, 1101, 715, P0, 0x0000000000000020
2026/09/18 20:22:32.961, 1, 77, 51.74, 0, 13169, 1252, 715, P0, 0x0000000000000000
2026/09/18 20:22:33.973, 0, 79, 107.91, 100, 14059, 923, 715, P0, 0x0000000000000020
2026/09/18 20:22:33.979, 1, 79, 183.56, 100, 13169, 1316, 715, P0, 0x0000000000000000
2026/09/18 20:22:34.986, 0, 79, 105.85, 100, 14059, 1088, 715, P0, 0x0000000000000000
2026/09/18 20:22:34.989, 1, 79, 89.87, 100, 13169, 1265, 715, P0, 0x0000000000000000
2026/09/18 20:22:36.001, 0, 79, 108.24, 100, 14059, 936, 715, P0, 0x0000000000000020
2026/09/18 20:22:36.003, 1, 77, 55.11, 0, 13169, 1316, 715, P0, 0x0000000000000000
2026/09/18 20:22:37.016, 0, 79, 104.10, 100, 14059, 1075, 715, P0, 0x0000000000000000
2026/09/18 20:22:37.019, 1, 79, 173.78, 100, 13169, 1328, 715, P0, 0x0000000000000000
2026/09/18 20:22:38.029, 0, 79, 108.50, 100, 14059, 936, 715, P0, 0x0000000000000020
2026/09/18 20:22:38.040, 1, 78, 52.02, 0, 13169, 1227, 715, P0, 0x0000000000000000
2026/09/18 20:22:39.045, 0, 79, 108.99, 100, 14059, 949, 715, P0, 0x0000000000000020
2026/09/18 20:22:39.048, 1, 76, 50.57, 0, 13169, 1227, 715, P0, 0x0000000000000000
2026/09/18 20:22:40.061, 0, 79, 108.19, 100, 14059, 923, 715, P0, 0x0000000000000020
2026/09/18 20:22:40.064, 1, 79, 163.06, 100, 13169, 1227, 715, P0, 0x0000000000000020
2026/09/18 20:22:41.072, 0, 80, 109.20, 100, 14059, 936, 715, P0, 0x0000000000000020
2026/09/18 20:22:41.078, 1, 77, 55.60, 0, 13169, 1316, 715, P0, 0x0000000000000000
2026/09/18 20:22:42.086, 0, 79, 101.43, 99, 14059, 797, 715, P0, 0x0000000000000020
2026/09/18 20:22:42.088, 1, 78, 192.48, 100, 13169, 1303, 715, P0, 0x0000000000000020
2026/09/18 20:22:43.113, 0, 79, 93.61, 100, 14059, 746, 715, P0, 0x0000000000000020
2026/09/18 20:22:43.120, 1, 79, 139.03, 100, 13169, 1290, 715, P0, 0x0000000000000000
2026/09/18 20:22:44.126, 0, 79, 94.66, 100, 14059, 746, 715, P0, 0x0000000000000020
2026/09/18 20:22:44.139, 1, 77, 51.56, 0, 13169, 1240, 715, P0, 0x0000000000000000
2026/09/18 20:22:45.143, 0, 79, 94.22, 100, 14059, 746, 715, P0, 0x0000000000000020
2026/09/18 20:22:45.146, 1, 76, 50.83, 0, 13169, 1240, 715, P0, 0x0000000000000000
2026/09/18 20:22:46.171, 0, 79, 107.10, 100, 14059, 987, 715, P0, 0x0000000000000020
2026/09/18 20:22:46.177, 1, 80, 155.54, 100, 13169, 1215, 715, P0, 0x0000000000000000
2026/09/18 20:22:47.187, 0, 79, 98.94, 100, 14059, 810, 715, P0, 0x0000000000000020
2026/09/18 20:22:47.198, 1, 77, 51.07, 0, 13169, 1227, 715, P0, 0x0000000000000000
2026/09/18 20:22:48.218, 0, 79, 99.01, 100, 14059, 810, 715, P0, 0x0000000000000000
2026/09/18 20:22:48.221, 1, 76, 50.34, 0, 13169, 1227, 715, P0, 0x0000000000000000
2026/09/18 20:22:49.230, 0, 79, 108.46, 100, 14059, 949, 715, P0, 0x0000000000000020
2026/09/18 20:22:49.240, 1, 80, 204.54, 100, 13169, 1290, 715, P0, 0x0000000000000020
2026/09/18 20:22:50.247, 0, 79, 99.48, 100, 14059, 810, 715, P0, 0x0000000000000020
2026/09/18 20:22:50.260, 1, 77, 49.37, 0, 13169, 1189, 715, P0, 0x0000000000000000
2026/09/18 20:22:51.277, 0, 79, 99.25, 100, 14059, 810, 715, P0, 0x0000000000000020
2026/09/18 20:22:51.281, 1, 76, 48.41, 0, 13169, 1189, 715, P0, 0x0000000000000000
2026/09/18 20:22:52.287, 0, 79, 95.70, 100, 14059, 1037, 715, P0, 0x0000000000000000
2026/09/18 20:22:52.302, 1, 80, 197.25, 100, 13169, 1265, 715, P0, 0x0000000000000020
2026/09/18 20:22:53.321, 0, 79, 101.10, 100, 14059, 822, 715, P0, 0x0000000000000020
2026/09/18 20:22:53.324, 1, 77, 54.68, 0, 13169, 1290, 715, P0, 0x0000000000000000
2026/09/18 20:22:54.342, 0, 79, 105.19, 100, 14059, 885, 715, P0, 0x0000000000000020
2026/09/18 20:22:54.345, 1, 76, 53.44, 0, 13169, 1290, 715, P0, 0x0000000000000000
2026/09/18 20:22:55.359, 0, 79, 103.04, 100, 14059, 974, 715, P0, 0x0000000000000020
2026/09/18 20:22:55.362, 1, 80, 204.30, 100, 13169, 1328, 715, P0, 0x0000000000000000
2026/09/18 20:22:56.373, 0, 79, 103.74, 100, 14059, 873, 715, P0, 0x0000000000000020
2026/09/18 20:22:56.379, 1, 78, 54.89, 0, 13169, 1290, 715, P0, 0x0000000000000000
2026/09/18 20:22:57.391, 0, 79, 104.47, 100, 14059, 885, 715, P0, 0x0000000000000000
2026/09/18 20:22:57.399, 1, 76, 53.43, 0, 13169, 1290, 715, P0, 0x0000000000000000
2026/09/18 20:22:58.404, 0, 79, 112.41, 100, 14059, 1025, 715, P0, 0x0000000000000020
2026/09/18 20:22:58.407, 1, 79, 126.83, 100, 13169, 1126, 715, P0, 0x0000000000000000
2026/09/18 20:22:59.419, 0, 79, 104.00, 100, 14059, 873, 715, P0, 0x0000000000000020
2026/09/18 20:22:59.422, 1, 77, 49.85, 0, 13169, 1202, 715, P0, 0x0000000000000000
2026/09/18 20:23:00.435, 0, 79, 94.79, 100, 14059, 1101, 715, P0, 0x0000000000000000
2026/09/18 20:23:00.438, 1, 76, 103.41, 0, 13169, 1202, 715, P0, 0x0000000000000000
2026/09/18 20:23:01.452, 0, 79, 102.64, 100, 14059, 860, 715, P0, 0x0000000000000020
2026/09/18 20:23:01.459, 1, 80, 182.73, 100, 13169, 1290, 715, P0, 0x0000000000000000
2026/09/18 20:23:02.468, 0, 79, 103.98, 100, 14059, 873, 715, P0, 0x0000000000000020
2026/09/18 20:23:02.478, 1, 77, 55.61, 0, 13169, 1316, 715, P0, 0x0000000000000000
2026/09/18 20:23:03.483, 0, 79, 94.93, 100, 14059, 999, 715, P0, 0x0000000000000000
2026/09/18 20:23:03.486, 1, 77, 160.96, 0, 13169, 1316, 715, P0, 0x0000000000000000
2026/09/18 20:23:04.498, 0, 79, 102.20, 100, 14059, 860, 715, P0, 0x0000000000000020
2026/09/18 20:23:04.501, 1, 79, 135.85, 100, 13169, 1227, 715, P0, 0x0000000000000000
2026/09/18 20:23:05.515, 0, 79, 105.45, 100, 14059, 885, 715, P0, 0x0000000000000020
2026/09/18 20:23:05.518, 1, 77, 48.88, 0, 13169, 1189, 715, P0, 0x0000000000000000
2026/09/18 20:23:06.528, 0, 79, 104.08, 100, 14059, 873, 715, P0, 0x0000000000000020
2026/09/18 20:23:06.537, 1, 78, 181.27, 100, 13169, 1316, 715, P0, 0x0000000000000000
2026/09/18 20:23:07.546, 0, 79, 104.19, 100, 14059, 873, 715, P0, 0x0000000000000000
2026/09/18 20:23:07.558, 1, 79, 109.38, 100, 13169, 1037, 715, P0, 0x0000000000000020
2026/09/18 20:23:08.575, 0, 79, 112.84, 100, 14059, 999, 715, P0, 0x0000000000000020
2026/09/18 20:23:08.578, 1, 77, 48.88, 0, 13169, 1189, 715, P0, 0x0000000000000000
2026/09/18 20:23:09.591, 0, 79, 102.39, 100, 14059, 860, 715, P0, 0x0000000000000020
2026/09/18 20:23:09.598, 1, 79, 184.99, 100, 13169, 1328, 715, P0, 0x0000000000000000
2026/09/18 20:23:10.607, 0, 79, 102.90, 100, 14059, 860, 715, P0, 0x0000000000000020
2026/09/18 20:23:10.618, 1, 79, 76.50, 100, 13169, 1189, 715, P0, 0x0000000000000000
2026/09/18 20:23:11.636, 0, 79, 114.67, 100, 14059, 999, 715, P0, 0x0000000000000020
2026/09/18 20:23:11.639, 1, 77, 55.59, 0, 13169, 1316, 715, P0, 0x0000000000000000
2026/09/18 20:23:12.651, 0, 79, 103.09, 100, 14059, 873, 715, P0, 0x0000000000000020
2026/09/18 20:23:12.659, 1, 79, 199.68, 100, 13169, 1328, 715, P0, 0x0000000000000000
2026/09/18 20:23:13.675, 0, 78, 100.63, 100, 14059, 1063, 715, P0, 0x0000000000000020
2026/09/18 20:23:13.678, 1, 79, 53.00, 100, 13169, 1227, 715, P0, 0x0000000000000000
2026/09/18 20:23:14.695, 0, 79, 104.47, 100, 14059, 885, 715, P0, 0x0000000000000020
2026/09/18 20:23:14.699, 1, 76, 50.57, 0, 13169, 1227, 715, P0, 0x0000000000000000
2026/09/18 20:23:15.712, 0, 79, 102.90, 100, 14059, 860, 715, P0, 0x0000000000000020
2026/09/18 20:23:15.719, 1, 79, 183.80, 100, 13169, 1328, 715, P0, 0x0000000000000000
2026/09/18 20:23:16.727, 0, 79, 110.19, 100, 14059, 1012, 715, P0, 0x0000000000000020
2026/09/18 20:23:16.738, 1, 78, 52.26, 3, 13169, 1227, 715, P0, 0x0000000000000000
2026/09/18 20:23:17.756, 0, 79, 104.47, 100, 14059, 885, 715, P0, 0x0000000000000020
2026/09/18 20:23:17.759, 1, 76, 50.33, 0, 13169, 1227, 715, P0, 0x0000000000000000
2026/09/18 20:23:18.768, 0, 79, 74.63, 100, 14059, 974, 715, P0, 0x0000000000000000
2026/09/18 20:23:18.777, 1, 79, 186.52, 100, 13169, 1328, 715, P0, 0x0000000000000000
2026/09/18 20:23:19.795, 0, 79, 106.08, 100, 14059, 873, 715, P0, 0x0000000000000020
2026/09/18 20:23:19.800, 1, 78, 57.05, 0, 13169, 1328, 715, P0, 0x0000000000000000
2026/09/18 20:23:20.811, 0, 79, 104.22, 100, 14059, 885, 715, P0, 0x0000000000000000
2026/09/18 20:23:20.818, 1, 77, 55.60, 0, 13169, 1328, 715, P0, 0x0000000000000000
2026/09/18 20:23:21.825, 0, 79, 113.83, 100, 14059, 1025, 715, P0, 0x0000000000000020
2026/09/18 20:23:21.838, 1, 79, 129.66, 100, 13169, 1075, 715, P0, 0x0000000000000020
2026/09/18 20:23:22.853, 0, 79, 103.75, 100, 14059, 873, 715, P0, 0x0000000000000020
2026/09/18 20:23:22.858, 1, 77, 52.50, 0, 13169, 1252, 715, P0, 0x0000000000000000
2026/09/18 20:23:23.871, 0, 79, 104.96, 100, 14059, 885, 715, P0, 0x0000000000000000
2026/09/18 20:23:23.877, 1, 76, 51.53, 0, 13169, 1252, 715, P0, 0x0000000000000000
2026/09/18 20:23:24.883, 0, 79, 101.22, 100, 14059, 999, 715, P0, 0x0000000000000020
2026/09/18 20:23:24.888, 1, 80, 180.63, 100, 13169, 1278, 715, P0, 0x0000000000000020
2026/09/18 20:23:25.898, 0, 79, 103.75, 100, 14059, 873, 715, P0, 0x0000000000000020
2026/09/18 20:23:25.901, 1, 77, 54.65, 0, 13169, 1290, 715, P0, 0x0000000000000000
2026/09/18 20:23:26.911, 0, 79, 104.47, 100, 14059, 885, 715, P0, 0x0000000000000020
2026/09/18 20:23:26.917, 1, 76, 53.43, 0, 13169, 1290, 715, P0, 0x0000000000000000
2026/09/18 20:23:27.923, 0, 79, 109.00, 100, 14059, 911, 715, P0, 0x0000000000000020
2026/09/18 20:23:27.926, 1, 79, 144.44, 100, 13169, 1177, 715, P0, 0x0000000000000020
2026/09/18 20:23:28.939, 0, 79, 103.99, 100, 14059, 873, 715, P0, 0x0000000000000020
2026/09/18 20:23:28.942, 1, 77, 52.26, 0, 13169, 1252, 715, P0, 0x0000000000000000
2026/09/18 20:23:29.949, 0, 79, 68.54, 100, 14059, 1037, 715, P0, 0x0000000000000000
2026/09/18 20:23:29.954, 1, 76, 51.37, 0, 13169, 1252, 715, P0, 0x0000000000000000
2026/09/18 20:23:30.962, 0, 79, 104.07, 100, 14059, 873, 715, P0, 0x0000000000000020
2026/09/18 20:23:30.965, 1, 80, 187.34, 100, 13169, 1316, 715, P0, 0x0000000000000020
2026/09/18 20:23:31.974, 0, 79, 104.95, 100, 14059, 885, 715, P0, 0x0000000000000020
2026/09/18 20:23:31.977, 1, 77, 55.61, 0, 13169, 1316, 715, P0, 0x0000000000000000
2026/09/18 20:23:32.985, 0, 79, 100.58, 100, 14059, 1050, 715, P0, 0x0000000000000020
2026/09/18 20:23:32.995, 1, 77, 171.90, 0, 13169, 1316, 715, P0, 0x0000000000000000
2026/09/18 20:23:34.004, 0, 79, 102.62, 100, 14059, 860, 715, P0, 0x0000000000000020
2026/09/18 20:23:34.007, 1, 79, 134.19, 100, 13169, 1151, 715, P0, 0x0000000000000000
2026/09/18 20:23:35.019, 0, 79, 104.88, 100, 14059, 873, 715, P0, 0x0000000000000020
2026/09/18 20:23:35.022, 1, 77, 56.09, 0, 13169, 1316, 715, P0, 0x0000000000000000
2026/09/18 20:23:36.032, 0, 79, 107.02, 99, 14059, 1037, 715, P0, 0x0000000000000000
2026/09/18 20:23:36.038, 1, 78, 157.13, 20, 13169, 1316, 715, P0, 0x0000000000000000
2026/09/18 20:23:37.045, 0, 79, 102.93, 100, 14059, 885, 715, P0, 0x0000000000000000
2026/09/18 20:23:37.058, 1, 80, 135.60, 100, 13169, 1227, 715, P0, 0x0000000000000000
2026/09/18 20:23:38.075, 0, 79, 104.47, 100, 14059, 885, 715, P0, 0x0000000000000020
2026/09/18 20:23:38.078, 1, 77, 49.85, 0, 13169, 1202, 715, P0, 0x0000000000000000
2026/09/18 20:23:39.090, 0, 79, 105.15, 99, 14059, 860, 715, P0, 0x0000000000000020
2026/09/18 20:23:39.098, 1, 77, 152.77, 39, 13169, 1202, 715, P0, 0x0000000000000000
2026/09/18 20:23:40.116, 0, 79, 104.67, 100, 14059, 873, 715, P0, 0x0000000000000020
2026/09/18 20:23:40.119, 1, 80, 156.74, 100, 13169, 1303, 715, P0, 0x0000000000000020
2026/09/18 20:23:41.129, 0, 79, 82.21, 100, 14059, 1088, 715, P0, 0x0000000000000000
2026/09/18 20:23:41.134, 1, 77, 52.03, 0, 13169, 1252, 715, P0, 0x0000000000000000
2026/09/18 20:23:42.140, 0, 79, 102.38, 100, 14059, 860, 715, P0, 0x0000000000000020
2026/09/18 20:23:42.144, 1, 79, 196.36, 100, 13169, 1328, 715, P0, 0x0000000000000000
2026/09/18 20:23:43.152, 0, 79, 104.80, 100, 14059, 885, 715, P0, 0x0000000000000000
2026/09/18 20:23:43.156, 1, 80, 127.11, 100, 13169, 1202, 715, P0, 0x0000000000000000
2026/09/18 20:23:44.165, 0, 79, 103.69, 100, 14059, 1075, 715, P0, 0x0000000000000020
2026/09/18 20:23:44.174, 1, 77, 52.71, 0, 13169, 1278, 715, P0, 0x0000000000000000
2026/09/18 20:23:45.179, 0, 79, 103.34, 100, 14059, 873, 715, P0, 0x0000000000000020
2026/09/18 20:23:45.182, 1, 79, 198.97, 100, 13169, 1328, 715, P0, 0x0000000000000000
2026/09/18 20:23:46.192, 0, 79, 102.95, 100, 14059, 873, 715, P0, 0x0000000000000000
2026/09/18 20:23:46.198, 1, 80, 116.25, 100, 13169, 1101, 715, P0, 0x0000000000000020
2026/09/18 20:23:47.206, 0, 79, 109.73, 100, 14059, 1037, 715, P0, 0x0000000000000000
2026/09/18 20:23:47.215, 1, 77, 51.26, 0, 13169, 1240, 715, P0, 0x0000000000000000
2026/09/18 20:23:48.234, 0, 79, 102.39, 100, 14059, 860, 715, P0, 0x0000000000000020
2026/09/18 20:23:48.237, 1, 79, 198.50, 100, 13169, 1328, 715, P0, 0x0000000000000000
2026/09/18 20:23:49.245, 0, 79, 104.04, 100, 14059, 873, 715, P0, 0x0000000000000020
2026/09/18 20:23:49.256, 1, 80, 146.45, 100, 13169, 1265, 715, P0, 0x0000000000000000
2026/09/18 20:23:50.274, 0, 79, 111.80, 100, 14059, 1037, 715, P0, 0x0000000000000000
2026/09/18 20:23:50.278, 1, 77, 55.83, 0, 13169, 1316, 715, P0, 0x0000000000000000
2026/09/18 20:23:51.288, 0, 79, 102.79, 100, 14059, 860, 715, P0, 0x0000000000000020
2026/09/18 20:23:51.295, 1, 79, 200.74, 100, 13169, 1328, 715, P0, 0x0000000000000000
2026/09/18 20:23:52.314, 0, 79, 80.28, 100, 14059, 898, 715, P0, 0x0000000000000000
2026/09/18 20:23:52.317, 1, 79, 51.61, 100, 13169, 1189, 715, P0, 0x0000000000000000
2026/09/18 20:23:53.328, 0, 79, 107.53, 100, 14059, 885, 715, P0, 0x0000000000000020
2026/09/18 20:23:53.336, 1, 77, 55.84, 0, 13169, 1316, 715, P0, 0x0000000000000000
2026/09/18 20:23:54.343, 0, 79, 108.03, 100, 14059, 936, 715, P0, 0x0000000000000020
2026/09/18 20:23:54.354, 1, 80, 203.32, 100, 13169, 1265, 715, P0, 0x0000000000000020
2026/09/18 20:23:55.369, 0, 79, 101.11, 100, 14059, 1063, 715, P0, 0x0000000000000000
2026/09/18 20:23:55.374, 1, 78, 56.78, 58, 13169, 1316, 715, P0, 0x0000000000000000
2026/09/18 20:23:56.394, 0, 79, 108.74, 100, 14059, 949, 715, P0, 0x0000000000000020
2026/09/18 20:23:56.397, 1, 77, 55.60, 0, 13169, 1316, 715, P0, 0x0000000000000000
2026/09/18 20:23:57.406, 0, 79, 110.22, 100, 14059, 1101, 715, P0, 0x0000000000000020
2026/09/18 20:23:57.414, 1, 80, 173.58, 100, 13169, 1328, 715, P0, 0x0000000000000000
2026/09/18 20:23:58.423, 0, 79, 108.74, 100, 14059, 936, 715, P0, 0x0000000000000020
2026/09/18 20:23:58.426, 1, 78, 55.37, 0, 13169, 1290, 715, P0, 0x0000000000000000
2026/09/18 20:23:59.437, 0, 79, 110.42, 100, 14059, 961, 715, P0, 0x0000000000000000
2026/09/18 20:23:59.441, 1, 77, 53.19, 0, 13169, 1290, 715, P0, 0x0000000000000000
2026/09/18 20:24:00.449, 0, 79, 116.71, 100, 14059, 974, 715, P0, 0x0000000000000020
2026/09/18 20:24:00.457, 1, 79, 165.53, 100, 13169, 1252, 715, P0, 0x0000000000000020
2026/09/18 20:24:01.462, 0, 79, 109.45, 100, 14059, 949, 715, P0, 0x0000000000000020
2026/09/18 20:24:01.465, 1, 77, 53.43, 0, 13169, 1278, 715, P0, 0x0000000000000000
2026/09/18 20:24:02.478, 0, 79, 115.39, 100, 14059, 1075, 715, P0, 0x0000000000000020
2026/09/18 20:24:02.481, 1, 77, 154.77, 0, 13169, 1278, 715, P0, 0x0000000000000000
2026/09/18 20:24:03.491, 0, 79, 108.15, 100, 14059, 936, 715, P0, 0x0000000000000020
2026/09/18 20:24:03.494, 1, 79, 129.24, 100, 13169, 1139, 715, P0, 0x0000000000000000
2026/09/18 20:24:04.505, 0, 79, 109.95, 100, 14059, 949, 715, P0, 0x0000000000000020
2026/09/18 20:24:04.516, 1, 77, 49.84, 0, 13169, 1202, 715, P0, 0x0000000000000000
2026/09/18 20:24:05.534, 0, 79, 108.31, 100, 14059, 936, 715, P0, 0x0000000000000020
2026/09/18 20:24:05.538, 1, 79, 192.55, 100, 13169, 1328, 715, P0, 0x0000000000000000
2026/09/18 20:24:06.549, 0, 79, 109.25, 100, 14059, 936, 715, P0, 0x0000000000000020
2026/09/18 20:24:06.554, 1, 79, 146.81, 100, 13169, 1240, 715, P0, 0x0000000000000020
2026/09/18 20:24:07.574, 0, 79, 101.84, 100, 14059, 1063, 715, P0, 0x0000000000000000
2026/09/18 20:24:07.577, 1, 77, 50.82, 0, 13169, 1227, 715, P0, 0x0000000000000000
2026/09/18 20:24:08.589, 0, 79, 108.28, 100, 14059, 936, 715, P0, 0x0000000000000020
2026/09/18 20:24:08.593, 1, 79, 199.04, 100, 13169, 1328, 715, P0, 0x0000000000000000
2026/09/18 20:24:09.600, 0, 79, 111.84, 100, 14059, 1113, 715, P0, 0x0000000000000020
2026/09/18 20:24:09.603, 1, 79, 108.36, 100, 13169, 1202, 715, P0, 0x0000000000000000
2026/09/18 20:24:10.614, 0, 79, 108.33, 100, 14059, 936, 715, P0, 0x0000000000000020
2026/09/18 20:24:10.617, 1, 77, 49.37, 0, 13169, 1202, 715, P0, 0x0000000000000000
2026/09/18 20:24:11.635, 0, 79, 108.15, 100, 14059, 923, 715, P0, 0x0000000000000020
2026/09/18 20:24:11.639, 1, 80, 173.55, 100, 13169, 1328, 715, P0, 0x0000000000000000
2026/09/18 20:24:12.648, 0, 79, 114.67, 100, 14059, 949, 715, P0, 0x0000000000000020
2026/09/18 20:24:12.655, 1, 78, 55.35, 60, 13169, 1303, 715, P0, 0x0000000000000000
2026/09/18 20:24:13.662, 0, 79, 108.98, 100, 14059, 936, 715, P0, 0x0000000000000020
2026/09/18 20:24:13.673, 1, 76, 54.15, 0, 13169, 1303, 715, P0, 0x0000000000000000
2026/09/18 20:24:14.693, 0, 79, 101.95, 100, 14059, 1050, 715, P0, 0x0000000000000000
2026/09/18 20:24:14.696, 1, 80, 181.69, 100, 13169, 1303, 715, P0, 0x0000000000000000
2026/09/18 20:24:15.710, 0, 79, 108.50, 100, 14059, 949, 715, P0, 0x0000000000000000
2026/09/18 20:24:15.713, 1, 78, 56.09, 0, 13169, 1316, 715, P0, 0x0000000000000000
2026/09/18 20:24:16.727, 0, 79, 109.20, 100, 14059, 949, 715, P0, 0x0000000000000020
2026/09/18 20:24:16.731, 1, 77, 54.88, 0, 13169, 1316, 715, P0, 0x0000000000000000
2026/09/18 20:24:17.743, 0, 79, 108.19, 100, 14059, 936, 715, P0, 0x0000000000000020
2026/09/18 20:24:17.752, 1, 80, 159.72, 100, 13169, 1227, 715, P0, 0x0000000000000020
2026/09/18 20:24:18.759, 0, 79, 109.69, 100, 14059, 949, 715, P0, 0x0000000000000000
2026/09/18 20:24:18.762, 1, 77, 55.12, 0, 13169, 1303, 715, P0, 0x0000000000000000
2026/09/18 20:24:19.773, 0, 79, 109.40, 99, 14059, 1037, 715, P0, 0x0000000000000020
2026/09/18 20:24:19.776, 1, 78, 167.50, 39, 13169, 1303, 715, P0, 0x0000000000000000
2026/09/18 20:24:20.786, 0, 79, 108.52, 100, 14059, 936, 715, P0, 0x0000000000000020
2026/09/18 20:24:20.792, 1, 80, 146.89, 100, 13169, 1164, 715, P0, 0x0000000000000020
2026/09/18 20:24:21.815, 0, 79, 102.13, 100, 14059, 949, 715, P0, 0x0000000000000000
2026/09/18 20:24:21.817, 1, 77, 49.16, 0, 13169, 1189, 715, P0, 0x0000000000000000
2026/09/18 20:24:22.829, 0, 79, 107.90, 99, 14059, 923, 715, P0, 0x0000000000000020
2026/09/18 20:24:22.832, 1, 78, 184.72, 100, 13169, 1316, 715, P0, 0x0000000000000000
2026/09/18 20:24:23.844, 0, 79, 108.56, 100, 14059, 923, 715, P0, 0x0000000000000020
2026/09/18 20:24:23.852, 1, 80, 149.22, 100, 13169, 1265, 715, P0, 0x0000000000000000
2026/09/18 20:24:24.869, 0, 79, 114.45, 100, 14059, 1063, 715, P0, 0x0000000000000020
2026/09/18 20:24:24.873, 1, 77, 54.87, 0, 13169, 1303, 715, P0, 0x0000000000000000
2026/09/18 20:24:25.884, 0, 79, 109.42, 100, 14059, 923, 715, P0, 0x0000000000000020
2026/09/18 20:24:25.894, 1, 79, 199.28, 100, 13169, 1328, 715, P0, 0x0000000000000000
2026/09/18 20:24:26.899, 0, 79, 85.83, 100, 14059, 949, 715, P0, 0x0000000000000000
2026/09/18 20:24:26.902, 1, 80, 117.35, 100, 13169, 1151, 715, P0, 0x0000000000000000
2026/09/18 20:24:27.929, 0, 79, 108.75, 100, 14059, 936, 715, P0, 0x0000000000000020
2026/09/18 20:24:27.932, 1, 77, 51.29, 0, 13169, 1240, 715, P0, 0x0000000000000000
2026/09/18 20:24:28.944, 0, 79, 108.04, 100, 14059, 923, 715, P0, 0x0000000000000020
2026/09/18 20:24:28.951, 1, 79, 156.85, 100, 13169, 1328, 715, P0, 0x0000000000000000
2026/09/18 20:24:29.956, 0, 79, 114.22, 100, 14059, 1063, 715, P0, 0x0000000000000020
2026/09/18 20:24:29.959, 1, 78, 51.02, 67, 13169, 1278, 715, P0, 0x0000000000000020
2026/09/18 20:24:30.967, 0, 79, 109.45, 100, 14059, 949, 715, P0, 0x0000000000000000
2026/09/18 20:24:30.970, 1, 77, 52.95, 0, 13169, 1278, 715, P0, 0x0000000000000000
2026/09/18 20:24:31.981, 0, 79, 76.87, 100, 14059, 1151, 715, P0, 0x0000000000000000
2026/09/18 20:24:31.988, 1, 78, 146.45, 100, 13169, 1290, 715, P0, 0x0000000000000020
2026/09/18 20:24:32.997, 0, 79, 102.54, 100, 14059, 810, 715, P0, 0x0000000000000020
2026/09/18 20:24:33.000, 1, 78, 53.48, 15, 13169, 1252, 715, P0, 0x0000000000000000
2026/09/18 20:24:34.014, 0, 79, 95.14, 100, 14059, 759, 715, P0, 0x0000000000000020
2026/09/18 20:24:34.017, 1, 76, 51.79, 0, 13169, 1252, 715, P0, 0x0000000000000000
2026/09/18 20:24:35.026, 0, 79, 94.95, 100, 14059, 759, 715, P0, 0x0000000000000000
2026/09/18 20:24:35.033, 1, 80, 203.13, 100, 13169, 1328, 715, P0, 0x0000000000000000
2026/09/18 20:24:36.038, 0, 79, 95.39, 100, 14059, 759, 715, P0, 0x0000000000000020
2026/09/18 20:24:36.051, 1, 78, 50.35, 92, 13169, 1189, 715, P0, 0x0000000000000000
2026/09/18 20:24:37.067, 0, 79, 95.39, 100, 14059, 772, 715, P0, 0x0000000000000000
2026/09/18 20:24:37.072, 1, 77, 48.65, 0, 13169, 1189, 715, P0, 0x0000000000000000
2026/09/18 20:24:38.080, 0, 79, 92.20, 100, 14059, 961, 715, P0, 0x0000000000000000
2026/09/18 20:24:38.090, 1, 77, 138.90, 0, 13169, 1189, 715, P0, 0x0000000000000000
2026/09/18 20:24:39.108, 0, 79, 105.29, 100, 14059, 835, 715, P0, 0x0000000000000020
2026/09/18 20:24:39.112, 1, 80, 175.49, 100, 13169, 1290, 715, P0, 0x0000000000000000
2026/09/18 20:24:40.124, 0, 79, 100.19, 100, 14059, 835, 715, P0, 0x0000000000000020
2026/09/18 20:24:40.130, 1, 77, 52.26, 0, 13169, 1252, 715, P0, 0x0000000000000000
2026/09/18 20:24:41.136, 0, 79, 104.72, 100, 14059, 885, 715, P0, 0x0000000000000020
2026/09/18 20:24:41.139, 1, 76, 51.29, 0, 13169, 1252, 715, P0, 0x0000000000000000
2026/09/18 20:24:42.147, 0, 79, 106.73, 100, 14059, 1037, 715, P0, 0x0000000000000000
2026/09/18 20:24:42.150, 1, 80, 203.79, 100, 13169, 1328, 715, P0, 0x0000000000000000
2026/09/18 20:24:43.164, 0, 79, 104.71, 100, 14059, 885, 715, P0, 0x0000000000000020
2026/09/18 20:24:43.171, 1, 77, 52.72, 0, 13169, 1265, 715, P0, 0x0000000000000000
2026/09/18 20:24:44.179, 0, 79, 104.89, 100, 14059, 885, 715, P0, 0x0000000000000020
2026/09/18 20:24:44.191, 1, 76, 51.78, 0, 13169, 1265, 715, P0, 0x0000000000000000
2026/09/18 20:24:45.208, 0, 79, 100.42, 100, 14059, 1037, 715, P0, 0x0000000000000000
2026/09/18 20:24:45.211, 1, 80, 204.73, 100, 13169, 1328, 715, P0, 0x0000000000000000
2026/09/18 20:24:46.225, 0, 79, 104.95, 100, 14059, 898, 715, P0, 0x0000000000000000
2026/09/18 20:24:46.233, 1, 77, 54.16, 0, 13169, 1278, 715, P0, 0x0000000000000000
2026/09/18 20:24:47.240, 0, 79, 104.95, 100, 14059, 885, 715, P0, 0x0000000000000020
2026/09/18 20:24:47.251, 1, 76, 52.74, 0, 13169, 1278, 715, P0, 0x0000000000000000
2026/09/18 20:24:48.269, 0, 79, 94.66, 100, 14059, 1025, 715, P0, 0x0000000000000000
2026/09/18 20:24:48.272, 1, 80, 167.26, 100, 13169, 1252, 715, P0, 0x0000000000000020
2026/09/18 20:24:49.285, 0, 79, 104.72, 100, 14059, 885, 715, P0, 0x0000000000000020
2026/09/18 20:24:49.291, 1, 77, 49.61, 0, 13169, 1189, 715, P0, 0x0000000000000000
2026/09/18 20:24:50.297, 0, 79, 105.93, 100, 14059, 898, 715, P0, 0x0000000000000000
2026/09/18 20:24:50.301, 1, 76, 48.40, 0, 13169, 1189, 715, P0, 0x0000000000000000
2026/09/18 20:24:51.314, 0, 79, 100.72, 100, 14059, 974, 715, P0, 0x0000000000000020
2026/09/18 20:24:51.317, 1, 80, 199.46, 100, 13169, 1328, 715, P0, 0x0000000000000000
2026/09/18 20:24:52.324, 0, 79, 103.99, 100, 14059, 873, 715, P0, 0x0000000000000020
2026/09/18 20:24:52.330, 1, 77, 51.06, 0, 13169, 1215, 715, P0, 0x0000000000000000
2026/09/18 20:24:53.336, 0, 79, 105.68, 100, 14059, 898, 715, P0, 0x0000000000000000
2026/09/18 20:24:53.339, 1, 76, 49.61, 0, 13169, 1215, 715, P0, 0x0000000000000000
2026/09/18 20:24:54.348, 0, 79, 104.00, 100, 14059, 1075, 715, P0, 0x0000000000000020
2026/09/18 20:24:54.351, 1, 80, 200.30, 100, 13169, 1328, 715, P0, 0x0000000000000000
2026/09/18 20:24:55.362, 0, 79, 104.22, 100, 14059, 873, 715, P0, 0x0000000000000020
2026/09/18 20:24:55.369, 1, 77, 54.40, 0, 13169, 1278, 715, P0, 0x0000000000000000
2026/09/18 20:24:56.376, 0, 79, 106.40, 100, 14059, 898, 715, P0, 0x0000000000000020
2026/09/18 20:24:56.380, 1, 76, 52.98, 0, 13169, 1278, 715, P0, 0x0000000000000000
2026/09/18 20:24:57.388, 0, 79, 80.27, 100, 14059, 1050, 715, P0, 0x0000000000000000
2026/09/18 20:24:57.394, 1, 79, 140.36, 100, 13169, 1202, 715, P0, 0x0000000000000020
2026/09/18 20:24:58.402, 0, 79, 110.18, 100, 14059, 911, 715, P0, 0x0000000000000020
2026/09/18 20:24:58.410, 1, 77, 54.88, 0, 13169, 1290, 715, P0, 0x0000000000000000
2026/09/18 20:24:59.417, 0, 79, 105.67, 100, 14059, 898, 715, P0, 0x0000000000000000
2026/09/18 20:24:59.428, 1, 76, 53.19, 0, 13169, 1290, 715, P0, 0x0000000000000000
2026/09/18 20:25:00.433, 0, 79, 104.55, 100, 14059, 885, 715, P0, 0x0000000000000020
2026/09/18 20:25:00.435, 1, 79, 129.67, 100, 13169, 1215, 715, P0, 0x0000000000000020
2026/09/18 20:25:01.448, 0, 79, 107.81, 100, 14059, 1050, 715, P0, 0x0000000000000000
2026/09/18 20:25:01.450, 1, 78, 51.78, 10, 13169, 1227, 715, P0, 0x0000000000000000
2026/09/18 20:25:02.462, 0, 79, 104.72, 100, 14059, 885, 715, P0, 0x0000000000000020
2026/09/18 20:25:02.469, 1, 76, 50.33, 0, 13169, 1227, 715, P0, 0x0000000000000000
2026/09/18 20:25:03.487, 0, 79, 103.44, 100, 14059, 873, 715, P0, 0x0000000000000020
2026/09/18 20:25:03.490, 1, 79, 179.22, 100, 13169, 1328, 715, P0, 0x0000000000000000
2026/09/18 20:25:04.504, 0, 79, 111.16, 100, 14059, 1037, 715, P0, 0x0000000000000000
2026/09/18 20:25:04.507, 1, 78, 54.16, 14, 13169, 1265, 715, P0, 0x0000000000000000
2026/09/18 20:25:05.520, 0, 79, 104.72, 100, 14059, 885, 715, P0, 0x0000000000000020
2026/09/18 20:25:05.529, 1, 76, 52.26, 0, 13169, 1265, 715, P0, 0x0000000000000000
2026/09/18 20:25:06.547, 0, 79, 103.40, 100, 14059, 873, 715, P0, 0x0000000000000020
2026/09/18 20:25:06.550, 1, 79, 182.05, 100, 13169, 1328, 715, P0, 0x0000000000000000
2026/09/18 20:25:07.555, 0, 79, 115.87, 100, 14059, 1063, 715, P0, 0x0000000000000020
2026/09/18 20:25:07.558, 1, 78, 55.60, 77, 13169, 1290, 715, P0, 0x0000000000000000
2026/09/18 20:25:08.571, 0, 79, 105.67, 100, 14059, 898, 715, P0, 0x0000000000000020
2026/09/18 20:25:08.574, 1, 76, 53.67, 0, 13169, 1290, 715, P0, 0x0000000000000000
2026/09/18 20:25:09.583, 0, 79, 103.78, 100, 14059, 873, 715, P0, 0x0000000000000020
2026/09/18 20:25:09.589, 1, 79, 139.33, 100, 13169, 1328, 715, P0, 0x0000000000000000
2026/09/18 20:25:10.596, 0, 79, 105.67, 100, 14059, 1075, 715, P0, 0x0000000000000020
2026/09/18 20:25:10.608, 1, 78, 54.18, 30, 13169, 1252, 715, P0, 0x0000000000000000
2026/09/18 20:25:11.625, 0, 79, 105.92, 100, 14059, 898, 715, P0, 0x0000000000000020
2026/09/18 20:25:11.628, 1, 77, 51.78, 0, 13169, 1252, 715, P0, 0x0000000000000000
2026/09/18 20:25:12.639, 0, 79, 104.46, 100, 14059, 885, 715, P0, 0x0000000000000000
2026/09/18 20:25:12.649, 1, 80, 202.64, 100, 13169, 1328, 715, P0, 0x0000000000000000
2026/09/18 20:25:13.652, 0, 79, 86.56, 100, 14059, 885, 715, P0, 0x0000000000000000
2026/09/18 20:25:13.656, 1, 79, 51.84, 95, 13169, 1202, 715, P0, 0x0000000000000000
2026/09/18 20:25:14.668, 0, 79, 115.18, 100, 14059, 999, 715, P0, 0x0000000000000020
2026/09/18 20:25:14.671, 1, 77, 49.33, 0, 13169, 1202, 715, P0, 0x0000000000000000
2026/09/18 20:25:15.680, 0, 79, 103.27, 100, 14059, 873, 715, P0, 0x0000000000000020
2026/09/18 20:25:15.688, 1, 79, 199.45, 100, 13169, 1328, 715, P0, 0x0000000000000000
2026/09/18 20:25:16.706, 0, 79, 105.01, 100, 14059, 885, 715, P0, 0x0000000000000020
2026/09/18 20:25:16.709, 1, 79, 88.43, 100, 13169, 860, 715, P0, 0x0000000000000000
2026/09/18 20:25:17.719, 0, 79, 109.00, 100, 14059, 1012, 715, P0, 0x0000000000000020
2026/09/18 20:25:17.727, 1, 76, 48.65, 0, 13169, 1189, 715, P0, 0x0000000000000000
2026/09/18 20:25:18.736, 0, 79, 103.58, 100, 14059, 873, 715, P0, 0x0000000000000020
2026/09/18 20:25:18.746, 1, 79, 195.88, 100, 13169, 1328, 715, P0, 0x0000000000000000
2026/09/18 20:25:19.756, 0, 79, 105.49, 100, 14059, 885, 715, P0, 0x0000000000000000
2026/09/18 20:25:19.766, 1, 79, 136.49, 100, 13169, 1189, 715, P0, 0x0000000000000020
2026/09/18 20:25:20.789, 0, 79, 104.23, 100, 14059, 999, 715, P0, 0x0000000000000020
2026/09/18 20:25:20.792, 1, 77, 53.72, 0, 13169, 1290, 715, P0, 0x0000000000000000
2026/09/18 20:25:21.801, 0, 79, 103.82, 100, 14059, 873, 715, P0, 0x0000000000000020
2026/09/18 20:25:21.807, 1, 79, 196.36, 100, 13169, 1328, 715, P0, 0x0000000000000000
2026/09/18 20:25:22.813, 0, 79, 104.94, 100, 14059, 885, 715, P0, 0x0000000000000000
2026/09/18 20:25:22.816, 1, 79, 149.22, 100, 13169, 1252, 715, P0, 0x0000000000000000
2026/09/18 20:25:23.825, 0, 79, 69.99, 100, 14059, 999, 715, P0, 0x0000000000000000
2026/09/18 20:25:23.829, 1, 77, 51.13, 0, 13169, 1240, 715, P0, 0x0000000000000000
2026/09/18 20:25:24.846, 0, 79, 103.59, 99, 14059, 873, 715, P0, 0x0000000000000020
2026/09/18 20:25:24.849, 1, 78, 186.62, 100, 13169, 1328, 715, P0, 0x0000000000000000
2026/09/18 20:25:25.860, 0, 79, 104.78, 100, 14059, 885, 715, P0, 0x0000000000000000
2026/09/18 20:25:25.868, 1, 80, 150.04, 100, 13169, 1252, 715, P0, 0x0000000000000000
2026/09/18 20:25:26.874, 0, 79, 105.91, 100, 14059, 898, 715, P0, 0x0000000000000000
2026/09/18 20:25:26.877, 1, 77, 54.64, 0, 13169, 1303, 715, P0, 0x0000000000000000
2026/09/18 20:25:27.888, 0, 79, 107.73, 100, 14059, 1037, 715, P0, 0x0000000000000000
2026/09/18 20:25:27.891, 1, 77, 158.80, 28, 13169, 1303, 715, P0, 0x0000000000000000
2026/09/18 20:25:28.900, 0, 79, 103.23, 100, 14059, 873, 715, P0, 0x0000000000000020
2026/09/18 20:25:28.908, 1, 80, 163.06, 100, 13169, 1227, 715, P0, 0x0000000000000000
2026/09/18 20:25:29.915, 0, 79, 105.92, 100, 14059, 898, 715, P0, 0x0000000000000000
2026/09/18 20:25:29.927, 1, 77, 49.12, 0, 13169, 1189, 715, P0, 0x0000000000000000
2026/09/18 20:25:30.946, 0, 79, 114.08, 99, 14059, 1063, 715, P0, 0x0000000000000000
2026/09/18 20:25:30.948, 1, 77, 138.54, 0, 13169, 1189, 715, P0, 0x0000000000000000
2026/09/18 20:25:31.958, 0, 79, 103.60, 100, 14059, 873, 715, P0, 0x0000000000000020
2026/09/18 20:25:31.967, 1, 80, 182.49, 100, 13169, 1290, 715, P0, 0x0000000000000000
2026/09/18 20:25:32.972, 0, 79, 105.68, 100, 14059, 898, 715, P0, 0x0000000000000000
2026/09/18 20:25:32.975, 1, 77, 51.54, 0, 13169, 1240, 715, P0, 0x0000000000000000
2026/09/18 20:25:33.988, 0, 79, 103.75, 100, 14059, 898, 715, P0, 0x0000000000000020
2026/09/18 20:25:33.991, 1, 76, 50.82, 0, 13169, 1240, 715, P0, 0x0000000000000000
2026/09/18 20:25:35.000, 0, 79, 112.14, 100, 14059, 923, 715, P0, 0x0000000000000020
2026/09/18 20:25:35.008, 1, 80, 185.42, 100, 13169, 1316, 715, P0, 0x0000000000000020
2026/09/18 20:25:36.018, 0, 79, 104.72, 100, 14059, 898, 715, P0, 0x0000000000000000
2026/09/18 20:25:36.029, 1, 77, 52.02, 0, 13169, 1252, 715, P0, 0x0000000000000000
2026/09/18 20:25:37.047, 0, 79, 105.92, 100, 14059, 898, 715, P0, 0x0000000000000020
2026/09/18 20:25:37.050, 1, 76, 50.81, 0, 13169, 1252, 715, P0, 0x0000000000000000
2026/09/18 20:25:38.057, 0, 79, 110.26, 100, 14059, 1025, 715, P0, 0x0000000000000020
2026/09/18 20:25:38.067, 1, 80, 171.66, 100, 13169, 1265, 715, P0, 0x0000000000000000
2026/09/18 20:25:39.071, 0, 79, 104.69, 100, 14059, 885, 715, P0, 0x0000000000000020
2026/09/18 20:25:39.074, 1, 77, 56.57, 0, 13169, 1316, 715, P0, 0x0000000000000000
2026/09/18 20:25:40.086, 0, 79, 105.84, 100, 14059, 898, 715, P0, 0x0000000000000000
2026/09/18 20:25:40.089, 1, 76, 55.60, 0, 13169, 1316, 715, P0, 0x0000000000000000
2026/09/18 20:25:41.102, 0, 79, 104.24, 100, 14059, 1088, 715, P0, 0x0000000000000020
2026/09/18 20:25:41.108, 1, 80, 195.90, 100, 13169, 1290, 715, P0, 0x0000000000000020
2026/09/18 20:25:42.116, 0, 79, 107.29, 100, 14059, 885, 715, P0, 0x0000000000000020
2026/09/18 20:25:42.127, 1, 78, 56.56, 0, 13169, 1316, 715, P0, 0x0000000000000000
2026/09/18 20:25:43.145, 0, 79, 105.43, 100, 14059, 898, 715, P0, 0x0000000000000000
2026/09/18 20:25:43.148, 1, 77, 54.88, 0, 13169, 1316, 715, P0, 0x0000000000000000
2026/09/18 20:25:44.159, 0, 79, 103.70, 100, 14059, 873, 715, P0, 0x0000000000000020
2026/09/18 20:25:44.165, 1, 80, 167.27, 100, 13169, 1328, 715, P0, 0x0000000000000000
2026/09/18 20:25:45.172, 0, 79, 113.00, 100, 14059, 1063, 715, P0, 0x0000000000000000
2026/09/18 20:25:45.175, 1, 78, 56.80, 49, 13169, 1316, 715, P0, 0x0000000000000000
2026/09/18 20:25:46.184, 0, 79, 104.95, 100, 14059, 885, 715, P0, 0x0000000000000020
2026/09/18 20:25:46.187, 1, 77, 55.12, 0, 13169, 1316, 715, P0, 0x0000000000000000
2026/09/18 20:25:47.194, 0, 79, 103.95, 100, 14059, 873, 715, P0, 0x0000000000000020
2026/09/18 20:25:47.205, 1, 80, 171.66, 100, 13169, 1227, 715, P0, 0x0000000000000020
2026/09/18 20:25:48.224, 0, 79, 103.03, 100, 14059, 1075, 715, P0, 0x0000000000000020
2026/09/18 20:25:48.227, 1, 78, 54.18, 82, 13169, 1265, 715, P0, 0x0000000000000000
2026/09/18 20:25:49.238, 0, 79, 106.09, 100, 14059, 898, 715, P0, 0x0000000000000020
2026/09/18 20:25:49.246, 1, 76, 51.78, 0, 13169, 1265, 715, P0, 0x0000000000000000
2026/09/18 20:25:50.263, 0, 79, 104.71, 100, 14059, 873, 715, P0, 0x0000000000000020
2026/09/18 20:25:50.267, 1, 79, 199.18, 100, 13169, 1328, 715, P0, 0x0000000000000000
2026/09/18 20:25:51.277, 0, 79, 104.69, 100, 14059, 885, 715, P0, 0x0000000000000020
2026/09/18 20:25:51.285, 1, 79, 58.03, 100, 13169, 1265, 715, P0, 0x0000000000000000
2026/09/18 20:25:52.294, 0, 79, 99.42, 100, 14059, 1037, 715, P0, 0x0000000000000000
2026/09/18 20:25:52.305, 1, 76, 52.03, 0, 13169, 1265, 715, P0, 0x0000000000000000
2026/09/18 20:25:53.320, 0, 79, 103.58, 100, 14059, 873, 715, P0, 0x0000000000000020
2026/09/18 20:25:53.325, 1, 79, 196.59, 100, 13169, 1328, 715, P0, 0x0000000000000000
2026/09/18 20:25:54.333, 0, 79, 105.02, 100, 14059, 885, 715, P0, 0x0000000000000020
2026/09/18 20:25:54.346, 1, 79, 139.13, 100, 13169, 1189, 715, P0, 0x0000000000000020
2026/09/18 20:25:55.363, 0, 79, 109.47, 100, 14059, 1075, 715, P0, 0x0000000000000020
2026/09/18 20:25:55.366, 1, 77, 49.36, 0, 13169, 1202, 715, P0, 0x0000000000000000
2026/09/18 20:25:56.375, 0, 79, 103.75, 100, 14059, 873, 715, P0, 0x0000000000000020
2026/09/18 20:25:56.384, 1, 78, 196.83, 71, 13169, 1328, 715, P0, 0x0000000000000000
2026/09/18 20:25:57.389, 0, 79, 106.07, 100, 14059, 885, 715, P0, 0x0000000000000020
2026/09/18 20:25:57.393, 1, 79, 120.01, 100, 13169, 1290, 715, P0, 0x0000000000000020
2026/09/18 20:25:58.404, 0, 79, 104.96, 100, 14059, 898, 715, P0, 0x0000000000000000
2026/09/18 20:25:58.408, 1, 77, 51.53, 0, 13169, 1252, 715, P0, 0x0000000000000000
2026/09/18 20:25:59.416, 0, 79, 111.79, 99, 14059, 1050, 715, P0, 0x0000000000000020
2026/09/18 20:25:59.422, 1, 77, 163.57, 79, 13169, 1328, 715, P0, 0x0000000000000000
2026/09/18 20:26:00.431, 0, 79, 104.42, 100, 14059, 885, 715, P0, 0x0000000000000020
2026/09/18 20:26:00.434, 1, 80, 165.21, 100, 13169, 1252, 715, P0, 0x0000000000000000
2026/09/18 20:26:01.447, 0, 79, 106.08, 100, 14059, 898, 715, P0, 0x0000000000000000
2026/09/18 20:26:01.450, 1, 77, 54.88, 0, 13169, 1303, 715, P0, 0x0000000000000000
2026/09/18 20:26:02.461, 0, 79, 103.97, 100, 14059, 1113, 715, P0, 0x0000000000000000
2026/09/18 20:26:02.464, 1, 76, 140.28, 0, 13169, 1303, 715, P0, 0x0000000000000000
2026/09/18 20:26:03.477, 0, 79, 105.15, 100, 14059, 885, 715, P0, 0x0000000000000020
2026/09/18 20:26:03.483, 1, 80, 153.88, 100, 13169, 1189, 715, P0, 0x0000000000000020
2026/09/18 20:26:04.490, 0, 79, 104.95, 100, 14059, 885, 715, P0, 0x0000000000000020
2026/09/18 20:26:04.493, 1, 77, 53.93, 0, 13169, 1278, 715, P0, 0x0000000000000000
2026/09/18 20:26:05.503, 0, 79, 106.33, 100, 14059, 911, 715, P0, 0x0000000000000000
2026/09/18 20:26:05.506, 1, 76, 52.23, 0, 13169, 1278, 715, P0, 0x0000000000000000
2026/09/18 20:26:06.519, 0, 79, 97.00, 100, 14059, 1037, 715, P0, 0x0000000000000000
2026/09/18 20:26:06.522, 1, 80, 174.52, 100, 13169, 1290, 715, P0, 0x0000000000000000
2026/09/18 20:26:07.531, 0, 79, 106.10, 100, 14059, 1113, 715, P0, 0x0000000000000000
2026/09/18 20:26:07.542, 1, 78, 109.37, 100, 13169, 1075, 715, P0, 0x0000000000000020
2026/09/18 20:26:08.557, 0, 79, 112.04, 100, 14059, 1088, 715, P0, 0x0000000000000000
2026/09/18 20:26:08.565, 1, 79, 115.44, 100, 13169, 1151, 715, P0, 0x0000000000000000
2026/09/18 20:26:09.570, 0, 79, 102.75, 99, 14059, 1075, 715, P0, 0x0000000000000020
2026/09/18 20:26:09.573, 1, 79, 110.59, 100, 13169, 1164, 715, P0, 0x0000000000000000
2026/09/18 20:26:10.588, 0, 79, 109.04, 100, 14059, 1101, 715, P0, 0x0000000000000020
2026/09/18 20:26:10.591, 1, 79, 133.71, 100, 13169, 1177, 715, P0, 0x0000000000000000
2026/09/18 20:26:11.601, 0, 79, 124.47, 99, 14059, 1101, 715, P0, 0x0000000000000020
2026/09/18 20:26:11.606, 1, 79, 133.69, 100, 13169, 1189, 715, P0, 0x0000000000000000
2026/09/18 20:26:12.614, 0, 79, 101.28, 100, 14059, 1050, 715, P0, 0x0000000000000020
2026/09/18 20:26:12.617, 1, 79, 131.82, 100, 13169, 1139, 715, P0, 0x0000000000000020
2026/09/18 20:26:13.640, 0, 79, 110.56, 100, 14059, 1088, 715, P0, 0x0000000000000020
2026/09/18 20:26:13.645, 1, 79, 130.85, 100, 13169, 1151, 715, P0, 0x0000000000000020
2026/09/18 20:26:14.652, 0, 79, 107.67, 99, 14059, 1075, 715, P0, 0x0000000000000020
2026/09/18 20:26:14.656, 1, 79, 131.82, 100, 13169, 1139, 715, P0, 0x0000000000000020
2026/09/18 20:26:15.681, 0, 79, 122.13, 100, 14059, 1088, 715, P0, 0x0000000000000020
2026/09/18 20:26:15.688, 1, 79, 136.21, 100, 13169, 1139, 715, P0, 0x0000000000000020
2026/09/18 20:26:16.699, 0, 79, 104.82, 100, 14059, 1012, 715, P0, 0x0000000000000000
2026/09/18 20:26:16.709, 1, 79, 134.11, 100, 13169, 1177, 715, P0, 0x0000000000000020
2026/09/18 20:26:17.719, 0, 79, 99.12, 100, 14059, 961, 715, P0, 0x0000000000000020
2026/09/18 20:26:17.730, 1, 79, 131.39, 100, 13169, 1164, 715, P0, 0x0000000000000000
2026/09/18 20:26:18.737, 0, 79, 93.44, 100, 14059, 961, 715, P0, 0x0000000000000000
2026/09/18 20:26:18.741, 1, 79, 133.96, 100, 13169, 1177, 715, P0, 0x0000000000000000
2026/09/18 20:26:19.753, 0, 79, 104.79, 100, 14059, 923, 715, P0, 0x0000000000000020
2026/09/18 20:26:19.756, 1, 79, 129.25, 100, 13169, 1164, 715, P0, 0x0000000000000020
2026/09/18 20:26:20.768, 0, 79, 107.75, 100, 14059, 1025, 715, P0, 0x0000000000000000
2026/09/18 20:26:20.772, 1, 78, 50.33, 100, 13169, 1189, 715, P0, 0x0000000000000000
2026/09/18 20:26:21.783, 0, 79, 106.03, 99, 14059, 1037, 715, P0, 0x0000000000000000
2026/09/18 20:26:21.791, 1, 79, 126.08, 11, 13169, 1189, 715, P0, 0x0000000000000000
2026/09/18 20:26:22.796, 0, 79, 98.17, 100, 14059, 999, 715, P0, 0x0000000000000000
2026/09/18 20:26:22.800, 1, 79, 135.81, 90, 13169, 1189, 715, P0, 0x0000000000000000
2026/09/18 20:26:23.807, 0, 79, 89.88, 100, 14059, 987, 715, P0, 0x0000000000000000
2026/09/18 20:26:23.813, 1, 79, 123.63, 100, 13169, 1177, 715, P0, 0x0000000000000020
2026/09/18 20:26:24.823, 0, 79, 114.58, 100, 14059, 949, 715, P0, 0x0000000000000020
2026/09/18 20:26:24.835, 1, 79, 115.68, 100, 13169, 1063, 715, P0, 0x0000000000000020
2026/09/18 20:26:25.840, 0, 79, 109.87, 100, 14059, 1037, 715, P0, 0x0000000000000000
2026/09/18 20:26:25.843, 1, 79, 61.87, 100, 13169, 1113, 715, P0, 0x0000000000000000
2026/09/18 20:26:26.854, 0, 79, 95.28, 100, 14059, 923, 715, P0, 0x0000000000000000
2026/09/18 20:26:26.857, 1, 79, 136.66, 25, 13169, 1189, 715, P0, 0x0000000000000020
2026/09/18 20:26:27.868, 0, 79, 110.50, 99, 14059, 885, 715, P0, 0x0000000000000020
2026/09/18 20:26:27.877, 1, 79, 125.45, 79, 13169, 1126, 715, P0, 0x0000000000000020
2026/09/18 20:26:28.883, 0, 79, 93.93, 99, 14059, 1012, 715, P0, 0x0000000000000000
2026/09/18 20:26:28.897, 1, 79, 125.45, 100, 13169, 1164, 715, P0, 0x0000000000000000
2026/09/18 20:26:29.911, 0, 79, 104.39, 100, 14059, 873, 715, P0, 0x0000000000000020
2026/09/18 20:26:29.918, 1, 79, 128.27, 100, 13169, 1164, 715, P0, 0x0000000000000000
2026/09/18 20:26:30.924, 0, 79, 94.85, 100, 14059, 961, 715, P0, 0x0000000000000020
2026/09/18 20:26:30.927, 1, 79, 130.49, 100, 13169, 1139, 715, P0, 0x0000000000000020
2026/09/18 20:26:31.951, 0, 79, 110.81, 100, 14059, 885, 715, P0, 0x0000000000000020
2026/09/18 20:26:31.960, 1, 79, 117.85, 100, 13169, 1139, 715, P0, 0x0000000000000020
2026/09/18 20:26:32.966, 0, 79, 105.59, 100, 14059, 999, 715, P0, 0x0000000000000000
2026/09/18 20:26:32.972, 1, 79, 62.84, 100, 13169, 1189, 715, P0, 0x0000000000000000
2026/09/18 20:26:33.982, 0, 79, 97.57, 100, 14059, 961, 715, P0, 0x0000000000000020
2026/09/18 20:26:33.985, 1, 78, 49.63, 100, 13169, 1189, 715, P0, 0x0000000000000000
2026/09/18 20:26:34.996, 0, 79, 100.94, 100, 14059, 949, 715, P0, 0x0000000000000000
2026/09/18 20:26:35.001, 1, 78, 140.95, 72, 13169, 1290, 715, P0, 0x0000000000000000
2026/09/18 20:26:36.014, 0, 79, 103.13, 99, 14059, 961, 715, P0, 0x0000000000000020
2026/09/18 20:26:36.022, 1, 79, 134.95, 68, 13169, 1202, 715, P0, 0x0000000000000020
2026/09/18 20:26:37.044, 0, 79, 100.04, 99, 14059, 873, 715, P0, 0x0000000000000020
2026/09/18 20:26:37.048, 1, 79, 133.56, 100, 13169, 1126, 715, P0, 0x0000000000000020
2026/09/18 20:26:38.060, 0, 79, 106.74, 99, 14059, 1012, 715, P0, 0x0000000000000000
2026/09/18 20:26:38.063, 1, 79, 135.08, 100, 13169, 1189, 715, P0, 0x0000000000000000
2026/09/18 20:26:39.077, 0, 79, 108.90, 100, 14059, 999, 715, P0, 0x0000000000000020
2026/09/18 20:26:39.084, 1, 79, 120.01, 100, 13169, 1177, 715, P0, 0x0000000000000020
2026/09/18 20:26:40.095, 0, 79, 109.40, 100, 14059, 1012, 715, P0, 0x0000000000000000
2026/09/18 20:26:40.105, 1, 79, 117.85, 100, 13169, 1189, 715, P0, 0x0000000000000000
2026/09/18 20:26:41.115, 0, 79, 99.32, 100, 14059, 847, 715, P0, 0x0000000000000020
2026/09/18 20:26:41.128, 1, 80, 135.18, 100, 13169, 1139, 715, P0, 0x0000000000000020
2026/09/18 20:26:42.133, 0, 79, 92.76, 100, 14059, 999, 715, P0, 0x0000000000000000
2026/09/18 20:26:42.146, 1, 79, 118.17, 100, 13169, 1151, 715, P0, 0x0000000000000000
2026/09/18 20:26:43.151, 0, 79, 99.84, 100, 14059, 961, 715, P0, 0x0000000000000020
2026/09/18 20:26:43.154, 1, 79, 130.95, 100, 13169, 1164, 715, P0, 0x0000000000000020
2026/09/18 20:26:44.169, 0, 79, 108.34, 100, 14059, 1037, 715, P0, 0x0000000000000000
2026/09/18 20:26:44.172, 1, 79, 135.56, 100, 13169, 1189, 715, P0, 0x0000000000000000
2026/09/18 20:26:45.185, 0, 79, 94.61, 100, 14059, 999, 715, P0, 0x0000000000000000
2026/09/18 20:26:45.188, 1, 79, 131.89, 100, 13169, 1189, 715, P0, 0x0000000000000000
2026/09/18 20:26:46.197, 0, 79, 112.18, 100, 14059, 974, 715, P0, 0x0000000000000020
2026/09/18 20:26:46.209, 1, 79, 120.00, 100, 13169, 1189, 715, P0, 0x0000000000000000
2026/09/18 20:26:47.225, 0, 79, 105.74, 100, 14059, 860, 715, P0, 0x0000000000000020
2026/09/18 20:26:47.231, 1, 79, 136.08, 100, 13169, 1189, 715, P0, 0x0000000000000020
2026/09/18 20:26:48.238, 0, 79, 96.28, 100, 14059, 885, 715, P0, 0x0000000000000000
2026/09/18 20:26:48.251, 1, 79, 123.38, 100, 13169, 1164, 715, P0, 0x0000000000000020
2026/09/18 20:26:49.257, 0, 79, 97.94, 100, 14059, 898, 715, P0, 0x0000000000000000
2026/09/18 20:26:49.260, 1, 80, 67.43, 100, 13169, 1189, 715, P0, 0x0000000000000000
2026/09/18 20:26:50.268, 0, 79, 96.39, 100, 14059, 885, 715, P0, 0x0000000000000000
2026/09/18 20:26:50.273, 1, 79, 98.24, 100, 13169, 1025, 715, P0, 0x0000000000000020
2026/09/18 20:26:51.288, 0, 79, 96.54, 100, 14059, 911, 715, P0, 0x0000000000000000
2026/09/18 20:26:51.293, 1, 79, 120.28, 100, 13169, 1113, 715, P0, 0x0000000000000020
2026/09/18 20:26:52.303, 0, 79, 94.86, 100, 14059, 911, 715, P0, 0x0000000000000000
2026/09/18 20:26:52.315, 1, 79, 113.49, 100, 13169, 1113, 715, P0, 0x0000000000000020
2026/09/18 20:26:53.334, 0, 79, 92.61, 100, 14059, 911, 715, P0, 0x0000000000000000
2026/09/18 20:26:53.337, 1, 79, 86.61, 100, 13169, 1151, 715, P0, 0x0000000000000000
2026/09/18 20:26:54.352, 0, 79, 96.80, 100, 14059, 911, 715, P0, 0x0000000000000000
2026/09/18 20:26:54.356, 1, 79, 62.86, 100, 13169, 1189, 715, P0, 0x0000000000000000
2026/09/18 20:26:55.366, 0, 79, 95.79, 100, 14059, 898, 715, P0, 0x0000000000000000
2026/09/18 20:26:55.377, 1, 79, 59.50, 100, 13169, 1189, 715, P0, 0x0000000000000000
2026/09/18 20:26:56.394, 0, 79, 92.21, 100, 14059, 835, 715, P0, 0x0000000000000020
2026/09/18 20:26:56.399, 1, 80, 68.60, 100, 13169, 1189, 715, P0, 0x0000000000000000
2026/09/18 20:26:57.413, 0, 79, 108.91, 100, 14059, 873, 715, P0, 0x0000000000000020
2026/09/18 20:26:57.419, 1, 79, 111.05, 100, 13169, 1101, 715, P0, 0x0000000000000020
2026/09/18 20:26:58.430, 0, 79, 111.44, 100, 14059, 949, 715, P0, 0x0000000000000020
2026/09/18 20:26:58.439, 1, 79, 123.80, 100, 13169, 1139, 715, P0, 0x0000000000000020
2026/09/18 20:26:59.447, 0, 79, 94.39, 100, 14059, 987, 715, P0, 0x0000000000000000
2026/09/18 20:26:59.459, 1, 79, 131.40, 100, 13169, 1177, 715, P0, 0x0000000000000000
2026/09/18 20:27:00.465, 0, 79, 106.50, 100, 14059, 999, 715, P0, 0x0000000000000000
2026/09/18 20:27:00.468, 1, 79, 136.04, 100, 13169, 1189, 715, P0, 0x0000000000000020
2026/09/18 20:27:01.481, 0, 79, 107.22, 100, 14059, 999, 715, P0, 0x0000000000000020
2026/09/18 20:27:01.484, 1, 79, 123.29, 100, 13169, 1202, 715, P0, 0x0000000000000000
2026/09/18 20:27:02.500, 0, 79, 90.22, 100, 14059, 987, 715, P0, 0x0000000000000000
2026/09/18 20:27:02.504, 1, 79, 104.19, 100, 13169, 1025, 715, P0, 0x0000000000000000
2026/09/18 20:27:03.510, 0, 79, 93.23, 100, 14059, 847, 715, P0, 0x0000000000000000
2026/09/18 20:27:03.525, 1, 79, 116.98, 100, 13169, 1025, 715, P0, 0x0000000000000020
2026/09/18 20:27:04.540, 0, 79, 108.40, 100, 14059, 885, 715, P0, 0x0000000000000020
2026/09/18 20:27:04.545, 1, 79, 134.62, 100, 13169, 1177, 715, P0, 0x0000000000000000
2026/09/18 20:27:05.557, 0, 79, 93.65, 100, 14059, 987, 715, P0, 0x0000000000000000
2026/09/18 20:27:05.564, 1, 79, 135.19, 100, 13169, 1164, 715, P0, 0x0000000000000020
2026/09/18 20:27:06.574, 0, 79, 95.75, 100, 14059, 1037, 715, P0, 0x0000000000000000
2026/09/18 20:27:06.582, 1, 79, 129.43, 100, 13169, 1189, 715, P0, 0x0000000000000020
2026/09/18 20:27:07.589, 0, 79, 91.25, 100, 14059, 974, 715, P0, 0x0000000000000000
2026/09/18 20:27:07.592, 1, 79, 135.99, 100, 13169, 1189, 715, P0, 0x0000000000000000
2026/09/18 20:27:08.603, 0, 79, 102.70, 100, 14059, 835, 715, P0, 0x0000000000000020
2026/09/18 20:27:08.610, 1, 79, 124.94, 57, 13169, 1151, 715, P0, 0x0000000000000000
2026/09/18 20:27:09.622, 0, 79, 99.38, 99, 14059, 1012, 715, P0, 0x0000000000000000
2026/09/18 20:27:09.625, 1, 79, 119.78, 0, 13169, 1177, 715, P0, 0x0000000000000000
2026/09/18 20:27:10.639, 0, 79, 93.11, 100, 14059, 974, 715, P0, 0x0000000000000000
2026/09/18 20:27:10.645, 1, 78, 140.21, 0, 13169, 1164, 715, P0, 0x0000000000000020
2026/09/18 20:27:11.659, 0, 79, 108.27, 100, 14059, 923, 715, P0, 0x0000000000000020
2026/09/18 20:27:11.664, 1, 78, 50.34, 0, 13169, 1189, 715, P0, 0x0000000000000000
2026/09/18 20:27:12.674, 0, 79, 112.76, 100, 14059, 911, 715, P0, 0x0000000000000020
2026/09/18 20:27:12.688, 1, 78, 53.67, 0, 13169, 1265, 715, P0, 0x0000000000000000
2026/09/18 20:27:13.700, 0, 79, 114.06, 100, 14059, 1050, 715, P0, 0x0000000000000020
2026/09/18 20:27:13.706, 1, 78, 50.78, 16, 13169, 1189, 715, P0, 0x0000000000000000
2026/09/18 20:27:14.717, 0, 79, 113.24, 100, 14059, 1025, 715, P0, 0x0000000000000020
2026/09/18 20:27:14.728, 1, 79, 56.57, 52, 13169, 1316, 715, P0, 0x0000000000000000
2026/09/18 20:27:15.746, 0, 79, 104.00, 100, 14059, 1025, 715, P0, 0x0000000000000020
2026/09/18 20:27:15.750, 1, 79, 51.55, 88, 13169, 1215, 715, P0, 0x0000000000000000
2026/09/18 20:27:16.765, 0, 79, 94.50, 100, 14059, 1012, 715, P0, 0x0000000000000000
2026/09/18 20:27:16.772, 1, 79, 75.13, 100, 13169, 1189, 715, P0, 0x0000000000000000
2026/09/18 20:27:17.791, 0, 79, 106.43, 100, 14059, 885, 715, P0, 0x0000000000000020
2026/09/18 20:27:17.794, 1, 79, 130.40, 100, 13169, 1151, 715, P0, 0x0000000000000020
2026/09/18 20:27:18.810, 0, 79, 117.12, 100, 14059, 1050, 715, P0, 0x0000000000000020
2026/09/18 20:27:18.813, 1, 79, 130.83, 100, 13169, 1164, 715, P0, 0x0000000000000020
2026/09/18 20:27:19.823, 0, 79, 112.89, 100, 14059, 1063, 715, P0, 0x0000000000000020
2026/09/18 20:27:19.830, 1, 79, 135.03, 100, 13169, 1189, 715, P0, 0x0000000000000020
2026/09/18 20:27:20.849, 0, 79, 110.98, 100, 14059, 1050, 715, P0, 0x0000000000000000
2026/09/18 20:27:20.852, 1, 79, 134.82, 100, 13169, 1189, 715, P0, 0x0000000000000000
2026/09/18 20:27:21.864, 0, 79, 106.47, 100, 14059, 898, 715, P0, 0x0000000000000020
2026/09/18 20:27:21.872, 1, 79, 130.60, 100, 13169, 1126, 715, P0, 0x0000000000000020
2026/09/18 20:27:22.879, 0, 79, 108.13, 100, 14059, 1037, 715, P0, 0x0000000000000000
2026/09/18 20:27:22.883, 1, 79, 124.73, 100, 13169, 1139, 715, P0, 0x0000000000000020
2026/09/18 20:27:23.892, 0, 79, 104.17, 100, 14059, 1025, 715, P0, 0x0000000000000020
2026/09/18 20:27:23.894, 1, 79, 112.52, 100, 13169, 1164, 715, P0, 0x0000000000000000
2026/09/18 20:27:24.918, 0, 79, 101.35, 99, 14059, 987, 715, P0, 0x0000000000000000
2026/09/18 20:27:24.923, 1, 79, 119.04, 100, 13169, 1151, 715, P0, 0x0000000000000000
2026/09/18 20:27:25.935, 0, 79, 115.44, 99, 14059, 1012, 715, P0, 0x0000000000000020
2026/09/18 20:27:25.938, 1, 79, 137.35, 61, 13169, 1189, 715, P0, 0x0000000000000000
2026/09/18 20:27:26.951, 0, 79, 96.95, 100, 14059, 1037, 715, P0, 0x0000000000000000
2026/09/18 20:27:26.955, 1, 79, 142.43, 0, 13169, 1202, 715, P0, 0x0000000000000000
2026/09/18 20:27:27.968, 0, 79, 111.40, 100, 14059, 923, 715, P0, 0x0000000000000020
2026/09/18 20:27:27.976, 1, 78, 50.33, 8, 13169, 1189, 715, P0, 0x0000000000000000
2026/09/18 20:27:28.981, 0, 79, 99.25, 100, 14059, 1025, 715, P0, 0x0000000000000020
2026/09/18 20:27:28.986, 1, 79, 52.05, 100, 13169, 1189, 715, P0, 0x0000000000000000
2026/09/18 20:27:29.997, 0, 79, 106.83, 100, 14059, 911, 715, P0, 0x0000000000000020
2026/09/18 20:27:30.000, 1, 79, 102.50, 100, 13169, 1101, 715, P0, 0x0000000000000000
2026/09/18 20:27:31.024, 0, 79, 98.40, 100, 14059, 1037, 715, P0, 0x0000000000000000
2026/09/18 20:27:31.036, 1, 79, 125.95, 100, 13169, 1139, 715, P0, 0x0000000000000020
2026/09/18 20:27:32.056, 0, 79, 93.51, 100, 14059, 1050, 715, P0, 0x0000000000000000
2026/09/18 20:27:32.059, 1, 79, 108.20, 100, 13169, 1126, 715, P0, 0x0000000000000000
2026/09/18 20:27:33.069, 0, 79, 114.22, 100, 14059, 936, 715, P0, 0x0000000000000020
2026/09/18 20:27:33.078, 1, 79, 149.90, 100, 13169, 1227, 715, P0, 0x0000000000000020
2026/09/18 20:27:34.096, 0, 79, 103.60, 100, 14059, 1025, 715, P0, 0x0000000000000020
2026/09/18 20:27:34.100, 1, 79, 142.53, 100, 13169, 1227, 715, P0, 0x0000000000000000
2026/09/18 20:27:35.117, 0, 79, 106.48, 99, 14059, 898, 715, P0, 0x0000000000000020
2026/09/18 20:27:35.120, 1, 79, 123.35, 100, 13169, 1075, 715, P0, 0x0000000000000020
2026/09/18 20:27:36.131, 0, 79, 111.04, 100, 14059, 1050, 715, P0, 0x0000000000000000
2026/09/18 20:27:36.138, 1, 78, 123.75, 13, 13169, 1139, 715, P0, 0x0000000000000020
2026/09/18 20:27:37.147, 0, 79, 110.66, 100, 14059, 923, 715, P0, 0x0000000000000020
2026/09/18 20:27:37.160, 1, 78, 52.47, 0, 13169, 1240, 715, P0, 0x0000000000000000
2026/09/18 20:27:38.171, 0, 79, 111.08, 100, 14059, 1025, 715, P0, 0x0000000000000020
2026/09/18 20:27:38.181, 1, 79, 56.09, 72, 13169, 1303, 715, P0, 0x0000000000000000
2026/09/18 20:27:39.186, 0, 79, 111.42, 100, 14059, 936, 715, P0, 0x0000000000000020
2026/09/18 20:27:39.190, 1, 79, 142.36, 100, 13169, 1202, 715, P0, 0x0000000000000000
2026/09/18 20:27:40.197, 0, 79, 110.49, 100, 14059, 1063, 715, P0, 0x0000000000000000
2026/09/18 20:27:40.202, 1, 79, 132.03, 100, 13169, 1189, 715, P0, 0x0000000000000000
2026/09/18 20:27:41.210, 0, 79, 116.97, 100, 14059, 961, 715, P0, 0x0000000000000020
2026/09/18 20:27:41.223, 1, 80, 161.74, 100, 13169, 1240, 715, P0, 0x0000000000000020
2026/09/18 20:27:42.237, 0, 79, 107.17, 100, 14059, 1050, 715, P0, 0x0000000000000000
2026/09/18 20:27:42.241, 1, 79, 134.61, 100, 13169, 1189, 715, P0, 0x0000000000000000
2026/09/18 20:27:43.255, 0, 79, 116.65, 99, 14059, 974, 715, P0, 0x0000000000000020
2026/09/18 20:27:43.264, 1, 79, 136.31, 5, 13169, 1189, 715, P0, 0x0000000000000000
2026/09/18 20:27:44.269, 0, 79, 107.61, 100, 14059, 911, 715, P0, 0x0000000000000020
2026/09/18 20:27:44.272, 1, 78, 50.09, 8, 13169, 1189, 715, P0, 0x0000000000000000
2026/09/18 20:27:45.280, 0, 79, 102.33, 100, 14059, 1050, 715, P0, 0x0000000000000020
2026/09/18 20:27:45.283, 1, 79, 51.08, 9, 13169, 1202, 715, P0, 0x0000000000000000
2026/09/18 20:27:46.296, 0, 79, 110.43, 100, 14059, 923, 715, P0, 0x0000000000000020
2026/09/18 20:27:46.305, 1, 77, 57.06, 100, 13169, 417, 715, P0, 0x0000000000000020
2026/09/18 20:27:47.311, 0, 79, 94.01, 100, 14059, 1012, 715, P0, 0x0000000000000000
2026/09/18 20:27:47.314, 1, 78, 97.77, 100, 13169, 1037, 715, P0, 0x0000000000000000
2026/09/18 20:27:48.326, 0, 79, 97.99, 100, 14059, 1050, 715, P0, 0x0000000000000000
2026/09/18 20:27:48.329, 1, 79, 119.56, 100, 13169, 1139, 715, P0, 0x0000000000000020
2026/09/18 20:27:49.343, 0, 79, 105.52, 99, 14059, 898, 715, P0, 0x0000000000000020
2026/09/18 20:27:49.346, 1, 79, 125.89, 100, 13169, 1075, 715, P0, 0x0000000000000020
2026/09/18 20:27:50.362, 0, 79, 99.34, 100, 14059, 1025, 715, P0, 0x0000000000000000
2026/09/18 20:27:50.365, 1, 78, 135.11, 0, 13169, 1189, 715, P0, 0x0000000000000000
2026/09/18 20:27:51.379, 0, 79, 101.84, 100, 14059, 1063, 715, P0, 0x0000000000000000
2026/09/18 20:27:51.385, 1, 78, 50.34, 25, 13169, 1189, 715, P0, 0x0000000000000000
2026/09/18 20:27:52.397, 0, 79, 108.23, 100, 14059, 911, 715, P0, 0x0000000000000020
2026/09/18 20:27:52.406, 1, 79, 60.66, 100, 13169, 1189, 715, P0, 0x0000000000000000
2026/09/18 20:27:53.425, 0, 79, 112.58, 100, 14059, 1050, 715, P0, 0x0000000000000020
2026/09/18 20:27:53.429, 1, 79, 136.76, 100, 13169, 1189, 715, P0, 0x0000000000000000
2026/09/18 20:27:54.443, 0, 79, 117.18, 100, 14059, 1025, 715, P0, 0x0000000000000020
2026/09/18 20:27:54.448, 1, 79, 142.40, 100, 13169, 1202, 715, P0, 0x0000000000000000
2026/09/18 20:27:55.456, 0, 79, 91.80, 100, 14059, 911, 715, P0, 0x0000000000000020
2026/09/18 20:27:55.467, 1, 79, 110.06, 77, 13169, 1113, 715, P0, 0x0000000000000020
2026/09/18 20:27:56.470, 0, 79, 103.31, 100, 14059, 1012, 715, P0, 0x0000000000000020
2026/09/18 20:27:56.473, 1, 78, 161.78, 0, 13169, 1290, 715, P0, 0x0000000000000020
2026/09/18 20:27:57.484, 0, 79, 113.01, 100, 14059, 1063, 715, P0, 0x0000000000000000
2026/09/18 20:27:57.488, 1, 78, 55.84, 75, 13169, 1290, 715, P0, 0x0000000000000000
2026/09/18 20:27:58.500, 0, 79, 116.63, 100, 14059, 961, 715, P0, 0x0000000000000020
2026/09/18 20:27:58.508, 1, 79, 125.80, 100, 13169, 1177, 715, P0, 0x0000000000000020
2026/09/18 20:27:59.516, 0, 79, 106.95, 100, 14059, 911, 715, P0, 0x0000000000000020
2026/09/18 20:27:59.527, 1, 79, 119.81, 100, 13169, 1139, 715, P0, 0x0000000000000020
2026/09/18 20:28:00.531, 0, 79, 112.16, 100, 14059, 1063, 715, P0, 0x0000000000000000
2026/09/18 20:28:00.535, 1, 79, 129.88, 100, 13169, 1240, 715, P0, 0x0000000000000000
2026/09/18 20:28:01.547, 0, 79, 100.46, 100, 14059, 1050, 715, P0, 0x0000000000000000
2026/09/18 20:28:01.550, 1, 79, 144.07, 50, 13169, 1202, 715, P0, 0x0000000000000020
2026/09/18 20:28:02.562, 0, 79, 114.69, 100, 14059, 1050, 715, P0, 0x0000000000000020
2026/09/18 20:28:02.568, 1, 78, 56.05, 0, 13169, 1303, 715, P0, 0x0000000000000000
2026/09/18 20:28:03.577, 0, 79, 108.00, 100, 14059, 911, 715, P0, 0x0000000000000020
2026/09/18 20:28:03.579, 1, 80, 56.10, 100, 13169, 1202, 715, P0, 0x0000000000000000
2026/09/18 20:28:04.591, 0, 79, 98.71, 100, 14059, 987, 715, P0, 0x0000000000000000
2026/09/18 20:28:04.595, 1, 79, 125.49, 100, 13169, 1189, 715, P0, 0x0000000000000000
2026/09/18 20:28:05.608, 0, 79, 107.48, 100, 14059, 1012, 715, P0, 0x0000000000000020
2026/09/18 20:28:05.611, 1, 79, 114.76, 100, 13169, 1189, 715, P0, 0x0000000000000000
2026/09/18 20:28:06.621, 0, 79, 99.10, 99, 14059, 1025, 715, P0, 0x0000000000000000
2026/09/18 20:28:06.631, 1, 79, 131.36, 13, 13169, 1189, 715, P0, 0x0000000000000020
2026/09/18 20:28:07.653, 0, 79, 115.18, 100, 14059, 1063, 715, P0, 0x0000000000000000
2026/09/18 20:28:07.656, 1, 78, 50.29, 14, 13169, 1189, 715, P0, 0x0000000000000000
2026/09/18 20:28:08.666, 0, 79, 107.20, 100, 14059, 898, 715, P0, 0x0000000000000020
2026/09/18 20:28:08.670, 1, 80, 112.78, 100, 13169, 1202, 715, P0, 0x0000000000000000
2026/09/18 20:28:09.680, 0, 79, 107.05, 100, 14059, 911, 715, P0, 0x0000000000000020
2026/09/18 20:28:09.690, 1, 80, 114.79, 100, 13169, 1113, 715, P0, 0x0000000000000020
2026/09/18 20:28:10.696, 0, 79, 94.49, 100, 14059, 1012, 715, P0, 0x0000000000000000
2026/09/18 20:28:10.698, 1, 79, 99.69, 100, 13169, 1101, 715, P0, 0x0000000000000000
2026/09/18 20:28:11.708, 0, 79, 101.66, 100, 14059, 1025, 715, P0, 0x0000000000000000
2026/09/18 20:28:11.712, 1, 78, 150.21, 0, 13169, 1252, 715, P0, 0x0000000000000020
2026/09/18 20:28:12.721, 0, 79, 104.65, 100, 14059, 1025, 715, P0, 0x0000000000000020
2026/09/18 20:28:12.732, 1, 78, 50.34, 5, 13169, 1189, 715, P0, 0x0000000000000000
2026/09/18 20:28:13.747, 0, 79, 113.53, 100, 14059, 1037, 715, P0, 0x0000000000000020
2026/09/18 20:28:13.753, 1, 79, 139.34, 100, 13169, 1202, 715, P0, 0x0000000000000000
2026/09/18 20:28:14.760, 0, 79, 115.82, 100, 14059, 1063, 715, P0, 0x0000000000000000
2026/09/18 20:28:14.764, 1, 79, 151.88, 100, 13169, 1240, 715, P0, 0x0000000000000000
2026/09/18 20:28:15.778, 0, 79, 108.29, 99, 14059, 911, 715, P0, 0x0000000000000020
2026/09/18 20:28:15.782, 1, 79, 142.60, 93, 13169, 1126, 715, P0, 0x0000000000000020
2026/09/18 20:28:16.793, 0, 79, 110.92, 100, 14059, 923, 715, P0, 0x0000000000000020
2026/09/18 20:28:16.796, 1, 78, 50.06, 0, 13169, 1189, 715, P0, 0x0000000000000000
2026/09/18 20:28:17.805, 0, 79, 107.31, 100, 14059, 911, 715, P0, 0x0000000000000020
2026/09/18 20:28:17.812, 1, 79, 51.54, 100, 13169, 1189, 715, P0, 0x0000000000000000
2026/09/18 20:28:18.818, 0, 79, 106.32, 100, 14059, 898, 715, P0, 0x0000000000000020
2026/09/18 20:28:18.821, 1, 79, 119.99, 100, 13169, 1075, 715, P0, 0x0000000000000020
2026/09/18 20:28:19.832, 0, 79, 91.08, 100, 14059, 936, 715, P0, 0x0000000000000000
2026/09/18 20:28:19.835, 1, 79, 113.14, 100, 13169, 1126, 715, P0, 0x0000000000000020
2026/09/18 20:28:20.846, 0, 79, 106.82, 100, 14059, 923, 715, P0, 0x0000000000000000
2026/09/18 20:28:20.856, 1, 78, 50.34, 0, 13169, 1202, 715, P0, 0x0000000000000000
2026/09/18 20:28:21.874, 0, 79, 98.51, 100, 14059, 999, 715, P0, 0x0000000000000000
2026/09/18 20:28:21.876, 1, 79, 54.18, 93, 13169, 1265, 715, P0, 0x0000000000000000
2026/09/18 20:28:22.890, 0, 79, 95.14, 100, 14059, 1037, 715, P0, 0x0000000000000000
2026/09/18 20:28:22.896, 1, 80, 104.44, 100, 13169, 1075, 715, P0, 0x0000000000000020
2026/09/18 20:28:23.907, 0, 79, 110.47, 100, 14059, 1063, 715, P0, 0x0000000000000000
2026/09/18 20:28:23.916, 1, 79, 130.81, 100, 13169, 1189, 715, P0, 0x0000000000000020
2026/09/18 20:28:24.926, 0, 79, 96.71, 100, 14059, 1050, 715, P0, 0x0000000000000000
2026/09/18 20:28:24.936, 1, 78, 139.40, 34, 13169, 1189, 715, P0, 0x0000000000000000
2026/09/18 20:28:25.953, 0, 79, 111.09, 100, 14059, 1050, 715, P0, 0x0000000000000020
2026/09/18 20:28:25.957, 1, 78, 52.47, 8, 13169, 1227, 715, P0, 0x0000000000000000
2026/09/18 20:28:26.970, 0, 79, 111.05, 100, 14059, 1025, 715, P0, 0x0000000000000020
2026/09/18 20:28:26.978, 1, 80, 116.25, 100, 13169, 1025, 715, P0, 0x0000000000000020
2026/09/18 20:28:27.982, 0, 79, 104.19, 100, 14059, 1025, 715, P0, 0x0000000000000020
2026/09/18 20:28:27.985, 1, 79, 112.69, 100, 13169, 1177, 715, P0, 0x0000000000000000
2026/09/18 20:28:29.014, 0, 79, 110.49, 99, 14059, 1063, 715, P0, 0x0000000000000000
2026/09/18 20:28:29.018, 1, 78, 133.45, 0, 13169, 1189, 715, P0, 0x0000000000000020
2026/09/18 20:28:30.028, 0, 79, 111.15, 100, 14059, 1050, 715, P0, 0x0000000000000020
2026/09/18 20:28:30.037, 1, 78, 56.33, 48, 13169, 1316, 715, P0, 0x0000000000000000
2026/09/18 20:28:31.056, 0, 79, 110.25, 100, 14059, 1050, 715, P0, 0x0000000000000020
2026/09/18 20:28:31.058, 1, 79, 137.60, 100, 13169, 1189, 715, P0, 0x0000000000000000
2026/09/18 20:28:32.072, 0, 79, 113.76, 100, 14059, 1025, 715, P0, 0x0000000000000020
2026/09/18 20:28:32.079, 1, 79, 144.02, 100, 13169, 1202, 715, P0, 0x0000000000000000
2026/09/18 20:28:33.089, 0, 79, 103.26, 100, 14059, 999, 715, P0, 0x0000000000000000
2026/09/18 20:28:33.099, 1, 78, 156.08, 0, 13169, 1290, 715, P0, 0x0000000000000000
2026/09/18 20:28:34.118, 0, 79, 98.04, 100, 14059, 999, 715, P0, 0x0000000000000000
2026/09/18 20:28:34.121, 1, 78, 50.59, 98, 13169, 1189, 715, P0, 0x0000000000000000
2026/09/18 20:28:35.132, 0, 79, 102.74, 100, 14059, 1012, 715, P0, 0x0000000000000000
2026/09/18 20:28:35.140, 1, 79, 115.07, 100, 13169, 1189, 715, P0, 0x0000000000000000
2026/09/18 20:28:36.148, 0, 79, 102.39, 100, 14059, 1025, 715, P0, 0x0000000000000000
2026/09/18 20:28:36.160, 1, 79, 144.04, 100, 13169, 1240, 715, P0, 0x0000000000000000
2026/09/18 20:28:37.176, 0, 79, 106.57, 100, 14059, 911, 715, P0, 0x0000000000000020
2026/09/18 20:28:37.179, 1, 78, 56.82, 0, 13169, 1316, 715, P0, 0x0000000000000000
2026/09/18 20:28:38.194, 0, 79, 107.05, 100, 14059, 911, 715, P0, 0x0000000000000020
2026/09/18 20:28:38.199, 1, 79, 56.82, 62, 13169, 1316, 715, P0, 0x0000000000000000
2026/09/18 20:28:39.208, 0, 79, 107.33, 100, 14059, 911, 715, P0, 0x0000000000000020
2026/09/18 20:28:39.220, 1, 80, 138.96, 100, 13169, 1227, 715, P0, 0x0000000000000000
2026/09/18 20:28:40.235, 0, 79, 107.18, 100, 14059, 911, 715, P0, 0x0000000000000020
2026/09/18 20:28:40.240, 1, 79, 133.95, 100, 13169, 1151, 715, P0, 0x0000000000000000
2026/09/18 20:28:41.264, 0, 79, 107.77, 100, 14059, 911, 715, P0, 0x0000000000000020
2026/09/18 20:28:41.267, 1, 78, 55.13, 0, 13169, 1290, 715, P0, 0x0000000000000000
2026/09/18 20:28:42.281, 0, 79, 99.08, 100, 14059, 885, 715, P0, 0x0000000000000000
2026/09/18 20:28:42.285, 1, 80, 82.97, 100, 13169, 1252, 715, P0, 0x0000000000000000
2026/09/18 20:28:43.299, 0, 79, 87.78, 100, 14059, 746, 715, P0, 0x0000000000000020
2026/09/18 20:28:43.303, 1, 78, 103.56, 100, 13169, 1050, 715, P0, 0x0000000000000000
2026/09/18 20:28:44.314, 0, 79, 91.06, 100, 14059, 898, 715, P0, 0x0000000000000000
2026/09/18 20:28:44.322, 1, 77, 52.28, 0, 13169, 1240, 715, P0, 0x0000000000000000
2026/09/18 20:28:45.329, 0, 79, 93.65, 100, 14059, 734, 715, P0, 0x0000000000000020
2026/09/18 20:28:45.333, 1, 79, 132.09, 100, 13169, 1189, 715, P0, 0x0000000000000000
2026/09/18 20:28:46.346, 0, 79, 100.92, 100, 14059, 898, 715, P0, 0x0000000000000020
2026/09/18 20:28:46.351, 1, 78, 155.11, 62, 13169, 1290, 715, P0, 0x0000000000000020
2026/09/18 20:28:47.360, 0, 79, 97.78, 100, 14059, 797, 715, P0, 0x0000000000000020
2026/09/18 20:28:47.364, 1, 78, 55.38, 0, 13169, 1290, 715, P0, 0x0000000000000000
2026/09/18 20:28:48.375, 0, 79, 103.28, 100, 14059, 987, 715, P0, 0x0000000000000000
2026/09/18 20:28:48.384, 1, 79, 156.60, 100, 13169, 1215, 715, P0, 0x0000000000000020
2026/09/18 20:28:49.402, 0, 79, 82.94, 100, 14059, 885, 715, P0, 0x0000000000000000
2026/09/18 20:28:49.405, 1, 77, 93.64, 0, 13169, 1202, 715, P0, 0x0000000000000000
2026/09/18 20:28:50.420, 0, 79, 104.89, 100, 14059, 822, 715, P0, 0x0000000000000020
2026/09/18 20:28:50.426, 1, 78, 56.59, 56, 13169, 1316, 715, P0, 0x0000000000000000
2026/09/18 20:28:51.440, 0, 79, 101.30, 100, 14059, 911, 715, P0, 0x0000000000000020
2026/09/18 20:28:51.444, 1, 79, 168.91, 100, 13169, 1303, 715, P0, 0x0000000000000000
2026/09/18 20:28:52.455, 0, 79, 98.93, 100, 14059, 810, 715, P0, 0x0000000000000020
2026/09/18 20:28:52.466, 1, 77, 54.66, 0, 13169, 1290, 715, P0, 0x0000000000000000
2026/09/18 20:28:53.484, 0, 79, 92.88, 100, 14059, 936, 715, P0, 0x0000000000000000
2026/09/18 20:28:53.487, 1, 80, 74.15, 100, 13169, 1303, 715, P0, 0x0000000000000000
2026/09/18 20:28:54.501, 0, 79, 96.83, 100, 14059, 784, 715, P0, 0x0000000000000000
2026/09/18 20:28:54.505, 1, 79, 152.56, 100, 13169, 1290, 715, P0, 0x0000000000000000
2026/09/18 20:28:55.517, 0, 79, 105.21, 100, 14059, 987, 715, P0, 0x0000000000000000
2026/09/18 20:28:55.526, 1, 78, 52.97, 0, 13169, 1252, 715, P0, 0x0000000000000000
2026/09/18 20:28:56.532, 0, 79, 97.50, 100, 14059, 784, 715, P0, 0x0000000000000020
2026/09/18 20:28:56.534, 1, 79, 119.15, 100, 13169, 1189, 715, P0, 0x0000000000000000
2026/09/18 20:28:57.546, 0, 79, 90.93, 100, 14059, 923, 715, P0, 0x0000000000000000
2026/09/18 20:28:57.550, 1, 78, 147.46, 0, 13169, 1278, 715, P0, 0x0000000000000000
2026/09/18 20:28:58.560, 0, 79, 102.54, 100, 14059, 860, 715, P0, 0x0000000000000020
2026/09/18 20:28:58.567, 1, 78, 56.10, 0, 13169, 1303, 715, P0, 0x0000000000000000
2026/09/18 20:28:59.573, 0, 79, 109.73, 100, 14059, 911, 715, P0, 0x0000000000000020
2026/09/18 20:28:59.576, 1, 79, 143.79, 100, 13169, 1151, 715, P0, 0x0000000000000020
2026/09/18 20:29:00.589, 0, 79, 107.61, 100, 14059, 1037, 715, P0, 0x0000000000000000
2026/09/18 20:29:00.592, 1, 78, 140.71, 33, 13169, 1227, 715, P0, 0x0000000000000000
2026/09/18 20:29:01.618, 0, 79, 102.55, 100, 14059, 860, 715, P0, 0x0000000000000020
2026/09/18 20:29:01.627, 1, 78, 51.30, 14, 13169, 1202, 715, P0, 0x0000000000000000
2026/09/18 20:29:02.645, 0, 79, 104.21, 100, 14059, 860, 715, P0, 0x0000000000000020
2026/09/18 20:29:02.649, 1, 80, 152.55, 100, 13169, 1202, 715, P0, 0x0000000000000000
2026/09/18 20:29:03.660, 0, 79, 107.20, 99, 14059, 974, 715, P0, 0x0000000000000020
2026/09/18 20:29:03.667, 1, 78, 143.46, 14, 13169, 1202, 715, P0, 0x0000000000000000
2026/09/18 20:29:04.677, 0, 79, 102.31, 100, 14059, 860, 715, P0, 0x0000000000000020
2026/09/18 20:29:04.687, 1, 78, 51.06, 39, 13169, 1202, 715, P0, 0x0000000000000000
2026/09/18 20:29:05.705, 0, 79, 104.27, 100, 14059, 860, 715, P0, 0x0000000000000020
2026/09/18 20:29:05.709, 1, 80, 152.79, 100, 13169, 1202, 715, P0, 0x0000000000000020
2026/09/18 20:29:06.731, 0, 79, 107.71, 100, 14059, 974, 715, P0, 0x0000000000000020
2026/09/18 20:29:06.734, 1, 78, 172.63, 0, 13169, 1328, 715, P0, 0x0000000000000000
2026/09/18 20:29:07.749, 0, 79, 102.30, 100, 14059, 860, 715, P0, 0x0000000000000020
2026/09/18 20:29:07.752, 1, 78, 55.86, 63, 13169, 1290, 715, P0, 0x0000000000000000
2026/09/18 20:29:08.764, 0, 79, 112.38, 100, 14059, 898, 715, P0, 0x0000000000000020
2026/09/18 20:29:08.771, 1, 79, 136.00, 100, 13169, 1126, 715, P0, 0x0000000000000020
2026/09/18 20:29:09.792, 0, 79, 94.78, 99, 14059, 1012, 715, P0, 0x0000000000000000
2026/09/18 20:29:09.796, 1, 78, 143.21, 25, 13169, 1202, 715, P0, 0x0000000000000000
2026/09/18 20:29:10.810, 0, 79, 102.54, 100, 14059, 860, 715, P0, 0x0000000000000020
2026/09/18 20:29:10.813, 1, 78, 53.93, 34, 13169, 1252, 715, P0, 0x0000000000000000
2026/09/18 20:29:11.822, 0, 79, 92.98, 100, 14059, 1025, 715, P0, 0x0000000000000000
2026/09/18 20:29:11.830, 1, 80, 175.18, 100, 13169, 1252, 715, P0, 0x0000000000000020
2026/09/18 20:29:12.852, 0, 79, 89.93, 100, 14059, 923, 715, P0, 0x0000000000000000
2026/09/18 20:29:12.855, 1, 78, 103.20, 0, 13169, 1303, 715, P0, 0x0000000000000000
2026/09/18 20:29:13.871, 0, 79, 107.37, 100, 14059, 873, 715, P0, 0x0000000000000020
2026/09/18 20:29:13.874, 1, 79, 52.02, 100, 13169, 1202, 715, P0, 0x0000000000000000
2026/09/18 20:29:14.886, 0, 79, 93.57, 100, 14059, 1012, 715, P0, 0x0000000000000000
2026/09/18 20:29:14.891, 1, 79, 153.70, 100, 13169, 1265, 715, P0, 0x0000000000000000
2026/09/18 20:29:15.906, 0, 79, 102.54, 100, 14059, 860, 715, P0, 0x0000000000000020
2026/09/18 20:29:15.913, 1, 78, 56.57, 0, 13169, 1316, 715, P0, 0x0000000000000000
2026/09/18 20:29:16.922, 0, 79, 113.69, 100, 14059, 1063, 715, P0, 0x0000000000000000
2026/09/18 20:29:16.932, 1, 80, 62.78, 100, 13169, 1290, 715, P0, 0x0000000000000000
2026/09/18 20:29:17.952, 0, 79, 102.01, 100, 14059, 1063, 715, P0, 0x0000000000000000
2026/09/18 20:29:17.956, 1, 79, 123.29, 100, 13169, 1189, 715, P0, 0x0000000000000000
2026/09/18 20:29:18.965, 0, 79, 107.78, 100, 14059, 936, 715, P0, 0x0000000000000000
2026/09/18 20:29:18.974, 1, 77, 49.60, 0, 13169, 1189, 715, P0, 0x0000000000000000
2026/09/18 20:29:19.980, 0, 79, 108.25, 100, 14059, 923, 715, P0, 0x0000000000000020
2026/09/18 20:29:19.991, 1, 79, 57.06, 87, 13169, 1278, 715, P0, 0x0000000000000000
2026/09/18 20:29:20.996, 0, 79, 99.01, 100, 14059, 1050, 715, P0, 0x0000000000000000
2026/09/18 20:29:20.999, 1, 79, 161.32, 100, 13169, 1290, 715, P0, 0x0000000000000000
2026/09/18 20:29:22.010, 0, 79, 103.76, 99, 14059, 1025, 715, P0, 0x0000000000000000
2026/09/18 20:29:22.013, 1, 78, 145.89, 0, 13169, 1316, 715, P0, 0x0000000000000000
2026/09/18 20:29:23.026, 0, 79, 108.01, 100, 14059, 923, 715, P0, 0x0000000000000020
2026/09/18 20:29:23.032, 1, 79, 56.33, 72, 13169, 1303, 715, P0, 0x0000000000000000
2026/09/18 20:29:24.040, 0, 79, 118.79, 100, 14059, 999, 715, P0, 0x0000000000000020
2026/09/18 20:29:24.054, 1, 80, 167.67, 100, 13169, 1227, 715, P0, 0x0000000000000020
2026/09/18 20:29:25.070, 0, 79, 97.73, 100, 14059, 1050, 715, P0, 0x0000000000000000
2026/09/18 20:29:25.072, 1, 78, 173.60, 0, 13169, 1316, 715, P0, 0x0000000000000000
2026/09/18 20:29:26.084, 0, 79, 108.03, 100, 14059, 923, 715, P0, 0x0000000000000020
2026/09/18 20:29:26.093, 1, 79, 49.85, 83, 13169, 1189, 715, P0, 0x0000000000000000
2026/09/18 20:29:27.101, 0, 79, 113.76, 100, 14059, 936, 715, P0, 0x0000000000000020
2026/09/18 20:29:27.114, 1, 79, 138.07, 100, 13169, 1177, 715, P0, 0x0000000000000020
2026/09/18 20:29:28.133, 0, 79, 111.44, 100, 14059, 1050, 715, P0, 0x0000000000000020
2026/09/18 20:29:28.136, 1, 78, 128.28, 0, 13169, 1189, 715, P0, 0x0000000000000020
2026/09/18 20:29:29.146, 0, 79, 106.82, 100, 14059, 923, 715, P0, 0x0000000000000000
2026/09/18 20:29:29.155, 1, 78, 52.02, 100, 13169, 1215, 715, P0, 0x0000000000000000
2026/09/18 20:29:30.160, 0, 79, 112.03, 100, 14059, 936, 715, P0, 0x0000000000000020
2026/09/18 20:29:30.163, 1, 79, 154.58, 100, 13169, 1202, 715, P0, 0x0000000000000020
2026/09/18 20:29:31.177, 0, 79, 110.72, 100, 14059, 1063, 715, P0, 0x0000000000000000
2026/09/18 20:29:31.180, 1, 78, 140.45, 42, 13169, 1189, 715, P0, 0x0000000000000020
2026/09/18 20:29:32.192, 0, 79, 108.02, 100, 14059, 923, 715, P0, 0x0000000000000020
2026/09/18 20:29:32.195, 1, 79, 53.44, 51, 13169, 1316, 715, P0, 0x0000000000000020
2026/09/18 20:29:33.207, 0, 79, 116.73, 100, 14059, 974, 715, P0, 0x0000000000000020
2026/09/18 20:29:33.216, 1, 80, 155.03, 100, 13169, 1189, 715, P0, 0x0000000000000020
2026/09/18 20:29:34.221, 0, 79, 109.28, 99, 14059, 1050, 715, P0, 0x0000000000000000
2026/09/18 20:29:34.224, 1, 78, 136.20, 6, 13169, 1265, 715, P0, 0x0000000000000000
2026/09/18 20:29:35.238, 0, 79, 108.26, 100, 14059, 936, 715, P0, 0x0000000000000020
2026/09/18 20:29:35.241, 1, 79, 54.64, 69, 13169, 1278, 715, P0, 0x0000000000000000
2026/09/18 20:29:36.255, 0, 79, 99.59, 100, 14059, 1050, 715, P0, 0x0000000000000000
2026/09/18 20:29:36.257, 1, 79, 135.83, 100, 13169, 1164, 715, P0, 0x0000000000000020
2026/09/18 20:29:37.269, 0, 79, 91.83, 100, 14059, 936, 715, P0, 0x0000000000000020
2026/09/18 20:29:37.274, 1, 77, 49.42, 0, 13169, 1189, 715, P0, 0x0000000000000000
2026/09/18 20:29:38.283, 0, 79, 108.48, 100, 14059, 911, 715, P0, 0x0000000000000020
2026/09/18 20:29:38.297, 1, 79, 58.27, 100, 13169, 1227, 715, P0, 0x0000000000000000
2026/09/18 20:29:39.312, 0, 79, 113.46, 100, 14059, 1050, 715, P0, 0x0000000000000020
2026/09/18 20:29:39.316, 1, 79, 160.34, 100, 13169, 1290, 715, P0, 0x0000000000000000
2026/09/18 20:29:40.325, 0, 79, 107.77, 100, 14059, 923, 715, P0, 0x0000000000000020
2026/09/18 20:29:40.336, 1, 78, 56.81, 0, 13169, 1316, 715, P0, 0x0000000000000000
2026/09/18 20:29:41.341, 0, 79, 116.39, 100, 14059, 1050, 715, P0, 0x0000000000000020
2026/09/18 20:29:41.346, 1, 80, 136.15, 100, 13169, 1227, 715, P0, 0x0000000000000000
2026/09/18 20:29:42.350, 0, 79, 112.36, 100, 14059, 1075, 715, P0, 0x0000000000000000
2026/09/18 20:29:42.355, 1, 79, 142.30, 100, 13169, 1215, 715, P0, 0x0000000000000000
2026/09/18 20:29:43.365, 0, 79, 108.27, 100, 14059, 923, 715, P0, 0x0000000000000020
2026/09/18 20:29:43.375, 1, 78, 49.84, 0, 13169, 1189, 715, P0, 0x0000000000000000
2026/09/18 20:29:44.393, 0, 79, 111.44, 100, 14059, 1063, 715, P0, 0x0000000000000000
2026/09/18 20:29:44.396, 1, 79, 140.49, 100, 13169, 1189, 715, P0, 0x0000000000000000
2026/09/18 20:29:45.405, 0, 79, 107.08, 100, 14059, 911, 715, P0, 0x0000000000000020
2026/09/18 20:29:45.417, 1, 79, 140.30, 100, 13169, 1227, 715, P0, 0x0000000000000000
2026/09/18 20:29:46.433, 0, 79, 96.77, 100, 14059, 1050, 715, P0, 0x0000000000000000
2026/09/18 20:29:46.436, 1, 78, 54.66, 0, 13169, 1278, 715, P0, 0x0000000000000000
2026/09/18 20:29:47.446, 0, 79, 95.58, 100, 14059, 1012, 715, P0, 0x0000000000000000
2026/09/18 20:29:47.455, 1, 79, 116.51, 100, 13169, 1189, 715, P0, 0x0000000000000000
2026/09/18 20:29:48.462, 0, 79, 108.04, 99, 14059, 911, 715, P0, 0x0000000000000020
2026/09/18 20:29:48.465, 1, 79, 149.20, 100, 13169, 1189, 715, P0, 0x0000000000000020
2026/09/18 20:29:49.477, 0, 79, 96.59, 100, 14059, 1037, 715, P0, 0x0000000000000000
2026/09/18 20:29:49.480, 1, 78, 53.01, 0, 13169, 1240, 715, P0, 0x0000000000000000
2026/09/18 20:29:50.491, 0, 79, 107.18, 100, 14059, 911, 715, P0, 0x0000000000000020
2026/09/18 20:29:50.496, 1, 79, 135.12, 100, 13169, 1139, 715, P0, 0x0000000000000020
2026/09/18 20:29:51.506, 0, 79, 111.65, 100, 14059, 1050, 715, P0, 0x0000000000000020
2026/09/18 20:29:51.516, 1, 79, 143.57, 0, 13169, 1265, 715, P0, 0x0000000000000000
2026/09/18 20:29:52.520, 0, 79, 108.27, 100, 14059, 923, 715, P0, 0x0000000000000020
2026/09/18 20:29:52.522, 1, 79, 49.86, 98, 13169, 1189, 715, P0, 0x0000000000000000
2026/09/18 20:29:53.532, 0, 79, 112.39, 100, 14059, 1050, 715, P0, 0x0000000000000020
2026/09/18 20:29:53.537, 1, 79, 147.79, 100, 13169, 1252, 715, P0, 0x0000000000000000
2026/09/18 20:29:54.547, 0, 79, 108.24, 100, 14059, 923, 715, P0, 0x0000000000000020
2026/09/18 20:29:54.557, 1, 78, 56.08, 0, 13169, 1316, 715, P0, 0x0000000000000000
2026/09/18 20:29:55.574, 0, 79, 111.58, 100, 14059, 1063, 715, P0, 0x0000000000000000
2026/09/18 20:29:55.579, 1, 80, 152.91, 100, 13169, 1265, 715, P0, 0x0000000000000000
2026/09/18 20:29:56.587, 0, 79, 108.04, 99, 14059, 923, 715, P0, 0x0000000000000000
2026/09/18 20:29:56.598, 1, 79, 131.15, 100, 13169, 1202, 715, P0, 0x0000000000000020
2026/09/18 20:29:57.604, 0, 79, 108.74, 100, 14059, 1050, 715, P0, 0x0000000000000020
2026/09/18 20:29:57.607, 1, 78, 54.65, 0, 13169, 1278, 715, P0, 0x0000000000000000
2026/09/18 20:29:58.616, 0, 79, 108.47, 100, 14059, 923, 715, P0, 0x0000000000000000
2026/09/18 20:29:58.622, 1, 79, 126.12, 100, 13169, 1227, 715, P0, 0x0000000000000020
2026/09/18 20:29:59.631, 0, 79, 118.79, 99, 14059, 987, 715, P0, 0x0000000000000020
2026/09/18 20:29:59.640, 1, 79, 171.60, 91, 13169, 1278, 715, P0, 0x0000000000000020
2026/09/18 20:30:00.643, 0, 79, 108.27, 100, 14059, 923, 715, P0, 0x0000000000000020
2026/09/18 20:30:00.646, 1, 78, 50.57, 4, 13169, 1189, 715, P0, 0x0000000000000000
2026/09/18 20:30:01.658, 0, 79, 115.09, 100, 14059, 1075, 715, P0, 0x0000000000000000
2026/09/18 20:30:01.662, 1, 79, 122.74, 100, 13169, 1189, 715, P0, 0x0000000000000000
2026/09/18 20:30:02.674, 0, 79, 108.02, 100, 14059, 936, 715, P0, 0x0000000000000000
2026/09/18 20:30:02.680, 1, 77, 49.60, 0, 13169, 1189, 715, P0, 0x0000000000000000
2026/09/18 20:30:03.688, 0, 79, 107.83, 100, 14059, 1075, 715, P0, 0x0000000000000000
2026/09/18 20:30:03.698, 1, 79, 149.40, 100, 13169, 1252, 715, P0, 0x0000000000000020
2026/09/18 20:30:04.707, 0, 79, 82.45, 100, 14059, 987, 715, P0, 0x0000000000000000
2026/09/18 20:30:04.718, 1, 79, 138.72, 100, 13169, 1227, 715, P0, 0x0000000000000000
2026/09/18 20:30:05.736, 0, 79, 101.12, 100, 14059, 1063, 715, P0, 0x0000000000000000
2026/09/18 20:30:05.739, 1, 78, 50.54, 0, 13169, 1202, 715, P0, 0x0000000000000000
2026/09/18 20:30:06.750, 0, 80, 107.21, 100, 14059, 911, 715, P0, 0x0000000000000020
2026/09/18 20:30:06.758, 1, 79, 117.85, 100, 13169, 1189, 715, P0, 0x0000000000000000
2026/09/18 20:30:07.776, 0, 79, 117.34, 99, 14059, 1025, 715, P0, 0x0000000000000020
2026/09/18 20:30:07.779, 1, 78, 138.45, 22, 13169, 1202, 715, P0, 0x0000000000000000
2026/09/18 20:30:08.790, 0, 79, 108.25, 100, 14059, 923, 715, P0, 0x0000000000000020
2026/09/18 20:30:08.799, 1, 78, 56.33, 77, 13169, 1303, 715, P0, 0x0000000000000000
2026/09/18 20:30:09.806, 0, 79, 101.95, 100, 14059, 1012, 715, P0, 0x0000000000000020
2026/09/18 20:30:09.809, 1, 80, 189.05, 100, 13169, 1265, 715, P0, 0x0000000000000020
2026/09/18 20:30:10.822, 0, 79, 107.31, 100, 14059, 911, 715, P0, 0x0000000000000020
2026/09/18 20:30:10.825, 1, 78, 51.54, 0, 13169, 1227, 715, P0, 0x0000000000000000
2026/09/18 20:30:11.834, 0, 79, 98.65, 100, 14059, 1050, 715, P0, 0x0000000000000000
2026/09/18 20:30:11.840, 1, 79, 123.80, 100, 13169, 1189, 715, P0, 0x0000000000000000
2026/09/18 20:30:12.851, 0, 79, 107.08, 100, 14059, 923, 715, P0, 0x0000000000000000
2026/09/18 20:30:12.861, 1, 79, 152.68, 100, 13169, 1215, 715, P0, 0x0000000000000020
2026/09/18 20:30:13.867, 0, 79, 110.62, 100, 14059, 1063, 715, P0, 0x0000000000000000
2026/09/18 20:30:13.870, 1, 78, 50.79, 0, 13169, 1202, 715, P0, 0x0000000000000000
2026/09/18 20:30:14.880, 0, 79, 108.29, 100, 14059, 911, 715, P0, 0x0000000000000020
2026/09/18 20:30:14.883, 1, 79, 145.23, 100, 13169, 1189, 715, P0, 0x0000000000000020
2026/09/18 20:30:15.895, 0, 79, 94.18, 100, 14059, 746, 715, P0, 0x0000000000000000
2026/09/18 20:30:15.902, 1, 77, 52.52, 0, 13169, 1252, 715, P0, 0x0000000000000000
2026/09/18 20:30:16.912, 0, 79, 93.26, 100, 14059, 721, 715, P0, 0x0000000000000020
2026/09/18 20:30:16.922, 1, 78, 106.10, 100, 13169, 949, 715, P0, 0x0000000000000000
2026/09/18 20:30:17.941, 0, 79, 93.92, 100, 14059, 746, 715, P0, 0x0000000000000020
2026/09/18 20:30:17.945, 1, 77, 55.41, 0, 13169, 1316, 715, P0, 0x0000000000000000
2026/09/18 20:30:18.955, 0, 79, 93.38, 100, 14059, 721, 715, P0, 0x0000000000000020
2026/09/18 20:30:18.963, 1, 79, 139.88, 100, 13169, 1202, 715, P0, 0x0000000000000000
2026/09/18 20:30:19.968, 0, 79, 95.14, 100, 14059, 759, 715, P0, 0x0000000000000020
2026/09/18 20:30:19.972, 1, 77, 49.62, 0, 13169, 1202, 715, P0, 0x0000000000000000
2026/09/18 20:30:20.986, 0, 79, 86.48, 100, 14059, 746, 715, P0, 0x0000000000000020
2026/09/18 20:30:20.990, 1, 79, 130.37, 100, 13169, 1139, 715, P0, 0x0000000000000020
2026/09/18 20:30:21.997, 0, 79, 92.53, 100, 14059, 759, 715, P0, 0x0000000000000000
2026/09/18 20:30:22.005, 1, 77, 52.08, 0, 13169, 1265, 715, P0, 0x0000000000000000
2026/09/18 20:30:23.016, 0, 79, 83.04, 100, 14059, 860, 715, P0, 0x0000000000000000
2026/09/18 20:30:23.022, 1, 80, 123.46, 100, 13169, 1278, 715, P0, 0x0000000000000000
2026/09/18 20:30:24.029, 0, 79, 76.94, 100, 14059, 759, 715, P0, 0x0000000000000020
2026/09/18 20:30:24.032, 1, 77, 55.47, 0, 13169, 1316, 715, P0, 0x0000000000000000
2026/09/18 20:30:25.041, 0, 79, 87.22, 100, 14059, 885, 715, P0, 0x0000000000000000
2026/09/18 20:30:25.044, 1, 80, 61.91, 100, 13169, 1316, 715, P0, 0x0000000000000000
2026/09/18 20:30:26.054, 0, 79, 94.67, 99, 14059, 987, 715, P0, 0x0000000000000000
2026/09/18 20:30:26.062, 1, 78, 162.88, 44, 13169, 1328, 715, P0, 0x0000000000000000
2026/09/18 20:30:27.071, 0, 79, 99.96, 100, 14059, 898, 715, P0, 0x0000000000000020
2026/09/18 20:30:27.082, 1, 78, 53.01, 30, 13169, 1227, 715, P0, 0x0000000000000000
2026/09/18 20:30:28.097, 0, 79, 99.55, 99, 14059, 810, 715, P0, 0x0000000000000020
2026/09/18 20:30:28.102, 1, 78, 140.80, 100, 13169, 1164, 715, P0, 0x0000000000000020
2026/09/18 20:30:29.112, 0, 79, 98.03, 100, 14059, 797, 715, P0, 0x0000000000000020
2026/09/18 20:30:29.123, 1, 78, 52.03, 5, 13169, 1227, 715, P0, 0x0000000000000000
2026/09/18 20:30:30.140, 0, 79, 98.51, 100, 14059, 810, 715, P0, 0x0000000000000020
2026/09/18 20:30:30.143, 1, 79, 158.55, 100, 13169, 1278, 715, P0, 0x0000000000000000
2026/09/18 20:30:31.154, 0, 79, 101.84, 100, 14059, 1025, 715, P0, 0x0000000000000000
2026/09/18 20:30:31.162, 1, 77, 49.86, 0, 13169, 1189, 715, P0, 0x0000000000000000
2026/09/18 20:30:32.171, 0, 79, 94.69, 100, 14059, 1037, 715, P0, 0x0000000000000000
2026/09/18 20:30:32.182, 1, 79, 164.17, 100, 13169, 1252, 715, P0, 0x0000000000000020
2026/09/18 20:30:33.186, 0, 79, 103.75, 100, 14059, 873, 715, P0, 0x0000000000000020
2026/09/18 20:30:33.189, 1, 77, 52.50, 0, 13169, 1265, 715, P0, 0x0000000000000000
2026/09/18 20:30:34.200, 0, 79, 103.33, 100, 14059, 873, 715, P0, 0x0000000000000020
2026/09/18 20:30:34.204, 1, 80, 140.71, 100, 13169, 1202, 715, P0, 0x0000000000000000
2026/09/18 20:30:35.216, 0, 79, 110.37, 99, 14059, 1025, 715, P0, 0x0000000000000020
2026/09/18 20:30:35.223, 1, 78, 151.49, 0, 13169, 1303, 715, P0, 0x0000000000000020
2026/09/18 20:30:36.230, 0, 79, 114.45, 100, 14059, 1025, 715, P0, 0x0000000000000020
2026/09/18 20:30:36.234, 1, 79, 56.08, 100, 13169, 1290, 715, P0, 0x0000000000000000
2026/09/18 20:30:37.241, 0, 79, 103.37, 100, 14059, 873, 715, P0, 0x0000000000000000
2026/09/18 20:30:37.244, 1, 79, 177.26, 100, 13169, 1290, 715, P0, 0x0000000000000020
2026/09/18 20:30:38.254, 0, 79, 81.49, 100, 14059, 987, 715, P0, 0x0000000000000000
2026/09/18 20:30:38.263, 1, 78, 56.63, 0, 13169, 1316, 715, P0, 0x0000000000000000
2026/09/18 20:30:39.282, 0, 79, 103.09, 100, 14059, 987, 715, P0, 0x0000000000000020
2026/09/18 20:30:39.286, 1, 80, 145.51, 100, 13169, 1139, 715, P0, 0x0000000000000020
2026/09/18 20:30:40.297, 0, 79, 106.08, 100, 14059, 873, 715, P0, 0x0000000000000020
2026/09/18 20:30:40.307, 1, 78, 54.64, 0, 13169, 1290, 715, P0, 0x0000000000000000
2026/09/18 20:30:41.312, 0, 79, 103.18, 100, 14059, 860, 715, P0, 0x0000000000000000
2026/09/18 20:30:41.316, 1, 79, 123.83, 100, 13169, 1189, 715, P0, 0x0000000000000000
2026/09/18 20:30:42.327, 0, 79, 100.07, 100, 14059, 1012, 715, P0, 0x0000000000000000
2026/09/18 20:30:42.331, 1, 77, 143.11, 0, 13169, 1316, 715, P0, 0x0000000000000000
2026/09/18 20:30:43.340, 0, 79, 110.81, 100, 14059, 987, 715, P0, 0x0000000000000020
2026/09/18 20:30:43.345, 1, 79, 64.02, 100, 13169, 1290, 715, P0, 0x0000000000000000
2026/09/18 20:30:44.354, 0, 79, 102.61, 99, 14059, 860, 715, P0, 0x0000000000000020
2026/09/18 20:30:44.365, 1, 79, 143.58, 100, 13169, 1189, 715, P0, 0x0000000000000020
2026/09/18 20:30:45.383, 0, 79, 104.47, 100, 14059, 885, 715, P0, 0x0000000000000000
2026/09/18 20:30:45.386, 1, 78, 53.71, 12, 13169, 1252, 715, P0, 0x0000000000000000
2026/09/18 20:30:46.397, 0, 79, 108.30, 100, 14059, 1063, 715, P0, 0x0000000000000000
2026/09/18 20:30:46.405, 1, 79, 148.97, 100, 13169, 1303, 715, P0, 0x0000000000000000
2026/09/18 20:30:47.415, 0, 79, 109.94, 100, 14059, 1012, 715, P0, 0x0000000000000020
2026/09/18 20:30:47.426, 1, 78, 55.37, 0, 13169, 1303, 715, P0, 0x0000000000000000
2026/09/18 20:30:48.445, 0, 79, 102.02, 100, 14059, 847, 715, P0, 0x0000000000000020
2026/09/18 20:30:48.448, 1, 80, 170.59, 100, 13169, 1252, 715, P0, 0x0000000000000020
2026/09/18 20:30:49.458, 0, 79, 103.74, 100, 14059, 873, 715, P0, 0x0000000000000020
2026/09/18 20:30:49.466, 1, 77, 54.89, 0, 13169, 1303, 715, P0, 0x0000000000000000
2026/09/18 20:30:50.472, 0, 79, 94.58, 100, 14059, 961, 715, P0, 0x0000000000000000
2026/09/18 20:30:50.475, 1, 79, 131.42, 100, 13169, 1189, 715, P0, 0x0000000000000020
2026/09/18 20:30:51.499, 0, 79, 98.76, 99, 14059, 1012, 715, P0, 0x0000000000000000
2026/09/18 20:30:51.506, 1, 78, 152.90, 57, 13169, 1265, 715, P0, 0x0000000000000020
2026/09/18 20:30:52.515, 0, 79, 109.92, 100, 14059, 898, 715, P0, 0x0000000000000020
2026/09/18 20:30:52.527, 1, 79, 56.57, 62, 13169, 1316, 715, P0, 0x0000000000000020
2026/09/18 20:30:53.531, 0, 79, 101.36, 100, 14059, 847, 715, P0, 0x0000000000000020
2026/09/18 20:30:53.535, 1, 79, 161.18, 100, 13169, 1240, 715, P0, 0x0000000000000020
2026/09/18 20:30:54.548, 0, 79, 104.22, 100, 14059, 873, 715, P0, 0x0000000000000020
2026/09/18 20:30:54.551, 1, 78, 56.82, 0, 13169, 1316, 715, P0, 0x0000000000000000
2026/09/18 20:30:55.563, 0, 79, 109.91, 100, 14059, 1025, 715, P0, 0x0000000000000020
2026/09/18 20:30:55.567, 1, 79, 156.76, 100, 13169, 1303, 715, P0, 0x0000000000000000
2026/09/18 20:30:56.575, 0, 79, 110.67, 100, 14059, 1012, 715, P0, 0x0000000000000020
2026/09/18 20:30:56.587, 1, 78, 55.36, 0, 13169, 1303, 715, P0, 0x0000000000000000
2026/09/18 20:30:57.605, 0, 79, 104.28, 100, 14059, 860, 715, P0, 0x0000000000000020
2026/09/18 20:30:57.610, 1, 79, 144.06, 100, 13169, 1177, 715, P0, 0x0000000000000020
2026/09/18 20:30:58.623, 0, 79, 103.50, 100, 14059, 885, 715, P0, 0x0000000000000000
2026/09/18 20:30:58.629, 1, 77, 54.89, 0, 13169, 1303, 715, P0, 0x0000000000000000
2026/09/18 20:30:59.634, 0, 79, 102.92, 100, 14059, 860, 715, P0, 0x0000000000000020
2026/09/18 20:30:59.637, 1, 79, 137.06, 100, 13169, 1189, 715, P0, 0x0000000000000020
2026/09/18 20:31:00.648, 0, 79, 99.41, 99, 14059, 1025, 715, P0, 0x0000000000000020
2026/09/18 20:31:00.654, 1, 78, 167.17, 0, 13169, 1303, 715, P0, 0x0000000000000020
2026/09/18 20:31:01.661, 0, 79, 110.80, 100, 14059, 1012, 715, P0, 0x0000000000000020
2026/09/18 20:31:01.669, 1, 79, 66.17, 100, 13169, 1215, 715, P0, 0x0000000000000000
2026/09/18 20:31:02.674, 0, 79, 103.47, 100, 14059, 860, 715, P0, 0x0000000000000020
2026/09/18 20:31:02.676, 1, 79, 156.51, 39, 13169, 1227, 715, P0, 0x0000000000000020
2026/09/18 20:31:03.693, 0, 79, 102.54, 100, 14059, 860, 715, P0, 0x0000000000000020
2026/09/18 20:31:03.696, 1, 78, 56.33, 0, 13169, 1303, 715, P0, 0x0000000000000000
2026/09/18 20:31:04.708, 0, 79, 101.63, 100, 14059, 847, 715, P0, 0x0000000000000020
2026/09/18 20:31:04.711, 1, 79, 152.99, 100, 13169, 1290, 715, P0, 0x0000000000000000
2026/09/18 20:31:05.719, 0, 79, 81.98, 100, 14059, 898, 715, P0, 0x0000000000000000
2026/09/18 20:31:05.730, 1, 78, 50.64, 0, 13169, 1202, 715, P0, 0x0000000000000000
2026/09/18 20:31:06.750, 0, 79, 95.16, 100, 14059, 1012, 715, P0, 0x0000000000000000
2026/09/18 20:31:06.753, 1, 79, 154.75, 100, 13169, 1290, 715, P0, 0x0000000000000020
2026/09/18 20:31:07.761, 0, 79, 98.29, 100, 14059, 1012, 715, P0, 0x0000000000000000
2026/09/18 20:31:07.769, 1, 77, 50.11, 0, 13169, 1202, 715, P0, 0x0000000000000000
2026/09/18 20:31:08.775, 0, 79, 105.40, 100, 14059, 873, 715, P0, 0x0000000000000020
2026/09/18 20:31:08.779, 1, 79, 155.55, 100, 13169, 1215, 715, P0, 0x0000000000000020
2026/09/18 20:31:09.789, 0, 79, 102.78, 100, 14059, 860, 715, P0, 0x0000000000000020
2026/09/18 20:31:09.792, 1, 77, 56.58, 0, 13169, 1328, 715, P0, 0x0000000000000000
2026/09/18 20:31:10.801, 0, 79, 103.42, 100, 14059, 873, 715, P0, 0x0000000000000000
2026/09/18 20:31:10.810, 1, 79, 124.07, 100, 13169, 1075, 715, P0, 0x0000000000000020
2026/09/18 20:31:11.816, 0, 79, 103.52, 100, 14059, 873, 715, P0, 0x0000000000000020
2026/09/18 20:31:11.819, 1, 77, 49.12, 0, 13169, 1189, 715, P0, 0x0000000000000000
2026/09/18 20:31:12.830, 0, 79, 106.86, 100, 14059, 1037, 715, P0, 0x0000000000000000
2026/09/18 20:31:12.834, 1, 79, 156.16, 100, 13169, 1265, 715, P0, 0x0000000000000000
2026/09/18 20:31:13.842, 0, 79, 100.44, 99, 14059, 974, 715, P0, 0x0000000000000020
2026/09/18 20:31:13.851, 1, 78, 156.76, 0, 13169, 1252, 715, P0, 0x0000000000000000
2026/09/18 20:31:14.859, 0, 79, 113.81, 100, 14059, 1025, 715, P0, 0x0000000000000020
2026/09/18 20:31:14.870, 1, 78, 50.08, 100, 13169, 1189, 715, P0, 0x0000000000000000
2026/09/18 20:31:15.889, 0, 79, 102.37, 100, 14059, 860, 715, P0, 0x0000000000000020
2026/09/18 20:31:15.892, 1, 78, 142.69, 64, 13169, 1177, 715, P0, 0x0000000000000020
2026/09/18 20:31:16.904, 0, 79, 102.54, 100, 14059, 860, 715, P0, 0x0000000000000020
2026/09/18 20:31:16.911, 1, 78, 56.81, 78, 13169, 1316, 715, P0, 0x0000000000000000
2026/09/18 20:31:17.918, 0, 79, 102.37, 100, 14059, 860, 715, P0, 0x0000000000000020
2026/09/18 20:31:17.921, 1, 79, 140.80, 100, 13169, 1303, 715, P0, 0x0000000000000000
2026/09/18 20:31:18.947, 0, 79, 97.32, 100, 14059, 860, 715, P0, 0x0000000000000020
2026/09/18 20:31:18.951, 1, 78, 50.14, 0, 13169, 1189, 715, P0, 0x0000000000000000
2026/09/18 20:31:19.960, 0, 79, 110.69, 100, 14059, 974, 715, P0, 0x0000000000000020
2026/09/18 20:31:19.972, 1, 79, 138.65, 100, 13169, 1265, 715, P0, 0x0000000000000000
2026/09/18 20:31:20.989, 0, 79, 112.05, 100, 14059, 1037, 715, P0, 0x0000000000000020
2026/09/18 20:31:20.992, 1, 78, 55.83, 0, 13169, 1316, 715, P0, 0x0000000000000000
2026/09/18 20:31:22.008, 0, 79, 112.73, 100, 14059, 949, 715, P0, 0x0000000000000020
2026/09/18 20:31:22.014, 1, 80, 163.68, 100, 13169, 1252, 715, P0, 0x0000000000000020
2026/09/18 20:31:23.021, 0, 79, 106.80, 100, 14059, 860, 715, P0, 0x0000000000000020
2026/09/18 20:31:23.035, 1, 77, 55.85, 0, 13169, 1316, 715, P0, 0x0000000000000000
2026/09/18 20:31:24.049, 0, 79, 102.10, 100, 14059, 860, 715, P0, 0x0000000000000020
2026/09/18 20:31:24.053, 1, 80, 137.54, 100, 13169, 1252, 715, P0, 0x0000000000000020
2026/09/18 20:31:25.063, 0, 79, 102.31, 100, 14059, 860, 715, P0, 0x0000000000000020
2026/09/18 20:31:25.073, 1, 77, 49.13, 0, 13169, 1189, 715, P0, 0x0000000000000000
2026/09/18 20:31:26.091, 0, 79, 103.36, 100, 14059, 860, 715, P0, 0x0000000000000020
2026/09/18 20:31:26.094, 1, 79, 135.80, 100, 13169, 1189, 715, P0, 0x0000000000000000
2026/09/18 20:31:27.105, 0, 79, 93.02, 100, 14059, 873, 715, P0, 0x0000000000000000
2026/09/18 20:31:27.114, 1, 77, 52.32, 0, 13169, 1265, 715, P0, 0x0000000000000000
2026/09/18 20:31:28.120, 0, 79, 93.35, 100, 14059, 999, 715, P0, 0x0000000000000000
2026/09/18 20:31:28.125, 1, 80, 147.60, 100, 13169, 1240, 715, P0, 0x0000000000000020
2026/09/18 20:31:29.150, 0, 79, 110.72, 100, 14059, 987, 715, P0, 0x0000000000000020
2026/09/18 20:31:29.155, 1, 78, 141.35, 39, 13169, 1227, 715, P0, 0x0000000000000000
2026/09/18 20:31:30.167, 0, 79, 100.52, 100, 14059, 999, 715, P0, 0x0000000000000020
2026/09/18 20:31:30.172, 1, 79, 70.48, 100, 13169, 1227, 715, P0, 0x0000000000000000
2026/09/18 20:31:31.183, 0, 79, 105.53, 99, 14059, 860, 715, P0, 0x0000000000000020
2026/09/18 20:31:31.196, 1, 78, 171.90, 85, 13169, 1252, 715, P0, 0x0000000000000020
2026/09/18 20:31:32.207, 0, 79, 104.47, 100, 14059, 873, 715, P0, 0x0000000000000020
2026/09/18 20:31:32.213, 1, 78, 51.30, 44, 13169, 1227, 715, P0, 0x0000000000000000
2026/09/18 20:31:33.222, 0, 79, 102.61, 100, 14059, 860, 715, P0, 0x0000000000000020
2026/09/18 20:31:33.234, 1, 77, 89.15, 100, 13169, 582, 715, P0, 0x0000000000000020
2026/09/18 20:31:34.253, 0, 79, 102.34, 100, 14059, 860, 715, P0, 0x0000000000000020
2026/09/18 20:31:34.256, 1, 78, 101.76, 100, 13169, 885, 715, P0, 0x0000000000000020
2026/09/18 20:31:35.269, 0, 79, 103.18, 100, 14059, 873, 715, P0, 0x0000000000000020
2026/09/18 20:31:35.274, 1, 78, 126.62, 100, 13169, 1126, 715, P0, 0x0000000000000000
2026/09/18 20:31:36.287, 0, 79, 103.51, 100, 14059, 873, 715, P0, 0x0000000000000020
2026/09/18 20:31:36.295, 1, 77, 51.78, 25, 13169, 1227, 715, P0, 0x0000000000000000
2026/09/18 20:31:37.305, 0, 79, 100.93, 100, 14059, 1012, 715, P0, 0x0000000000000000
2026/09/18 20:31:37.314, 1, 79, 152.67, 100, 13169, 1240, 715, P0, 0x0000000000000020
2026/09/18 20:31:38.338, 0, 79, 95.87, 100, 14059, 1025, 715, P0, 0x0000000000000000
2026/09/18 20:31:38.341, 1, 77, 54.69, 0, 13169, 1290, 715, P0, 0x0000000000000000
2026/09/18 20:31:39.352, 0, 79, 96.11, 100, 14059, 1012, 715, P0, 0x0000000000000000
2026/09/18 20:31:39.355, 1, 79, 154.09, 100, 13169, 1328, 715, P0, 0x0000000000000000
2026/09/18 20:31:40.365, 0, 79, 97.82, 100, 14059, 1025, 715, P0, 0x0000000000000000
2026/09/18 20:31:40.374, 1, 77, 50.31, 0, 13169, 1215, 715, P0, 0x0000000000000000
2026/09/18 20:31:41.379, 0, 79, 99.39, 100, 14059, 987, 715, P0, 0x0000000000000020
2026/09/18 20:31:41.382, 1, 79, 172.04, 100, 13169, 1227, 715, P0, 0x0000000000000020
2026/09/18 20:31:42.393, 0, 79, 96.82, 100, 14059, 1025, 715, P0, 0x0000000000000000
2026/09/18 20:31:42.396, 1, 77, 56.38, 0, 13169, 1316, 715, P0, 0x0000000000000000
2026/09/18 20:31:43.406, 0, 79, 111.42, 100, 14059, 898, 715, P0, 0x0000000000000020
2026/09/18 20:31:43.418, 1, 80, 186.85, 100, 13169, 1316, 715, P0, 0x0000000000000000
2026/09/18 20:31:44.436, 0, 79, 108.72, 100, 14059, 898, 715, P0, 0x0000000000000020
2026/09/18 20:31:44.440, 1, 77, 56.32, 0, 13169, 1316, 715, P0, 0x0000000000000000
2026/09/18 20:31:45.450, 0, 79, 102.76, 100, 14059, 860, 715, P0, 0x0000000000000020
2026/09/18 20:31:45.456, 1, 79, 160.08, 100, 13169, 1227, 715, P0, 0x0000000000000000
2026/09/18 20:31:46.464, 0, 79, 103.50, 100, 14059, 873, 715, P0, 0x0000000000000020
2026/09/18 20:31:46.467, 1, 77, 56.33, 0, 13169, 1328, 715, P0, 0x0000000000000000
2026/09/18 20:31:47.476, 0, 79, 100.19, 100, 14059, 847, 715, P0, 0x0000000000000000
2026/09/18 20:31:47.479, 1, 80, 153.26, 100, 13169, 1290, 715, P0, 0x0000000000000000
2026/09/18 20:31:48.491, 0, 79, 107.78, 100, 14059, 923, 715, P0, 0x0000000000000020
2026/09/18 20:31:48.496, 1, 77, 51.50, 0, 13169, 1240, 715, P0, 0x0000000000000000
2026/09/18 20:31:49.502, 0, 79, 107.77, 100, 14059, 911, 715, P0, 0x0000000000000020
2026/09/18 20:31:49.505, 1, 80, 125.04, 100, 13169, 1126, 715, P0, 0x0000000000000020
2026/09/18 20:31:50.515, 0, 79, 108.27, 100, 14059, 936, 715, P0, 0x0000000000000020
2026/09/18 20:31:50.518, 1, 77, 49.12, 0, 13169, 1189, 715, P0, 0x0000000000000000
2026/09/18 20:31:51.530, 0, 79, 98.55, 100, 14059, 1075, 715, P0, 0x0000000000000000
2026/09/18 20:31:51.537, 1, 79, 140.96, 100, 13169, 1189, 715, P0, 0x0000000000000000
2026/09/18 20:31:52.549, 0, 79, 102.52, 99, 14059, 1050, 715, P0, 0x0000000000000020
2026/09/18 20:31:52.556, 1, 78, 167.48, 61, 13169, 1303, 715, P0, 0x0000000000000000
2026/09/18 20:31:53.565, 0, 79, 118.21, 100, 14059, 1050, 715, P0, 0x0000000000000020
2026/09/18 20:31:53.577, 1, 79, 56.53, 78, 13169, 1303, 715, P0, 0x0000000000000000
2026/09/18 20:31:54.591, 0, 79, 106.51, 99, 14059, 911, 715, P0, 0x0000000000000020
2026/09/18 20:31:54.597, 1, 79, 163.28, 100, 13169, 1252, 715, P0, 0x0000000000000020
2026/09/18 20:31:55.604, 0, 79, 107.78, 100, 14059, 923, 715, P0, 0x0000000000000020
2026/09/18 20:31:55.607, 1, 78, 51.05, 6, 13169, 1202, 715, P0, 0x0000000000000000
2026/09/18 20:31:56.615, 0, 79, 108.01, 100, 14059, 911, 715, P0, 0x0000000000000020
2026/09/18 20:31:56.618, 1, 79, 162.82, 100, 13169, 1252, 715, P0, 0x0000000000000020
2026/09/18 20:31:57.626, 0, 79, 108.25, 100, 14059, 923, 715, P0, 0x0000000000000020
2026/09/18 20:31:57.636, 1, 78, 56.56, 0, 13169, 1316, 715, P0, 0x0000000000000000
2026/09/18 20:31:58.643, 0, 79, 97.31, 100, 14059, 1050, 715, P0, 0x0000000000000000
2026/09/18 20:31:58.646, 1, 79, 169.29, 100, 13169, 1303, 715, P0, 0x0000000000000000
2026/09/18 20:31:59.656, 0, 79, 114.21, 100, 14059, 1075, 715, P0, 0x0000000000000020
2026/09/18 20:31:59.659, 1, 78, 53.19, 0, 13169, 1265, 715, P0, 0x0000000000000000
2026/09/18 20:32:00.670, 0, 79, 102.04, 100, 14059, 1050, 715, P0, 0x0000000000000000
2026/09/18 20:32:00.677, 1, 79, 167.99, 100, 13169, 1265, 715, P0, 0x0000000000000020
2026/09/18 20:32:01.699, 0, 79, 117.31, 100, 14059, 999, 715, P0, 0x0000000000000020
2026/09/18 20:32:01.702, 1, 77, 56.76, 0, 13169, 1328, 715, P0, 0x0000000000000000
2026/09/18 20:32:02.713, 0, 79, 106.98, 100, 14059, 911, 715, P0, 0x0000000000000020
2026/09/18 20:32:02.717, 1, 80, 173.55, 100, 13169, 1265, 715, P0, 0x0000000000000000
2026/09/18 20:32:03.728, 0, 79, 108.02, 100, 14059, 923, 715, P0, 0x0000000000000020
2026/09/18 20:32:03.736, 1, 77, 52.73, 0, 13169, 1265, 715, P0, 0x0000000000000000
2026/09/18 20:32:04.742, 0, 79, 107.81, 100, 14059, 911, 715, P0, 0x0000000000000020
2026/09/18 20:32:04.745, 1, 79, 144.76, 100, 13169, 1189, 715, P0, 0x0000000000000000
2026/09/18 20:32:05.757, 0, 79, 108.50, 100, 14059, 936, 715, P0, 0x0000000000000020
2026/09/18 20:32:05.760, 1, 77, 55.60, 0, 13169, 1316, 715, P0, 0x0000000000000000
2026/09/18 20:32:06.773, 0, 79, 76.02, 100, 14059, 999, 715, P0, 0x0000000000000000
2026/09/18 20:32:06.777, 1, 79, 121.00, 100, 13169, 1101, 715, P0, 0x0000000000000020
2026/09/18 20:32:07.798, 0, 79, 103.20, 100, 14059, 1050, 715, P0, 0x0000000000000020
2026/09/18 20:32:07.801, 1, 77, 135.19, 6, 13169, 1189, 715, P0, 0x0000000000000000
2026/09/18 20:32:08.814, 0, 79, 98.77, 100, 14059, 1050, 715, P0, 0x0000000000000000
2026/09/18 20:32:08.818, 1, 79, 151.11, 100, 13169, 1227, 715, P0, 0x0000000000000020
2026/09/18 20:32:09.828, 0, 79, 117.23, 99, 14059, 1050, 715, P0, 0x0000000000000020
2026/09/18 20:32:09.839, 1, 78, 169.52, 50, 13169, 1316, 715, P0, 0x0000000000000020
2026/09/18 20:32:10.858, 0, 79, 115.88, 100, 14059, 974, 715, P0, 0x0000000000000020
2026/09/18 20:32:10.861, 1, 79, 52.22, 100, 13169, 1202, 715, P0, 0x0000000000000000
2026/09/18 20:32:11.873, 0, 79, 106.09, 100, 14059, 898, 715, P0, 0x0000000000000020
2026/09/18 20:32:11.880, 1, 78, 164.00, 86, 13169, 1252, 715, P0, 0x0000000000000020
2026/09/18 20:32:12.885, 0, 79, 108.25, 100, 14059, 923, 715, P0, 0x0000000000000020
2026/09/18 20:32:12.887, 1, 78, 56.57, 70, 13169, 1316, 715, P0, 0x0000000000000000
2026/09/18 20:32:13.902, 0, 79, 106.70, 100, 14059, 911, 715, P0, 0x0000000000000020
2026/09/18 20:32:13.905, 1, 79, 187.81, 100, 13169, 1303, 715, P0, 0x0000000000000020
2026/09/18 20:32:14.916, 0, 79, 108.02, 100, 14059, 923, 715, P0, 0x0000000000000020
2026/09/18 20:32:14.920, 1, 78, 51.05, 15, 13169, 1202, 715, P0, 0x0000000000000000
2026/09/18 20:32:15.930, 0, 79, 108.63, 100, 14059, 936, 715, P0, 0x0000000000000020
2026/09/18 20:32:15.941, 1, 77, 82.68, 100, 13169, 632, 715, P0, 0x0000000000000000
2026/09/18 20:32:16.958, 0, 79, 106.83, 100, 14059, 911, 715, P0, 0x0000000000000020
2026/09/18 20:32:16.960, 1, 78, 112.62, 100, 13169, 1101, 715, P0, 0x0000000000000000
2026/09/18 20:32:17.970, 0, 79, 103.22, 100, 14059, 1050, 715, P0, 0x0000000000000000
2026/09/18 20:32:17.979, 1, 78, 131.53, 100, 13169, 1215, 715, P0, 0x0000000000000000
2026/09/18 20:32:18.986, 0, 79, 103.75, 100, 14059, 1037, 715, P0, 0x0000000000000000
2026/09/18 20:32:18.990, 1, 77, 50.34, 0, 13169, 1202, 715, P0, 0x0000000000000000
2026/09/18 20:32:20.000, 0, 79, 112.78, 100, 14059, 1025, 715, P0, 0x0000000000000020
2026/09/18 20:32:20.003, 1, 79, 150.12, 100, 13169, 1316, 715, P0, 0x0000000000000020
2026/09/18 20:32:21.012, 0, 79, 108.97, 100, 14059, 1037, 715, P0, 0x0000000000000020
2026/09/18 20:32:21.020, 1, 78, 56.57, 0, 13169, 1328, 715, P0, 0x0000000000000000
2026/09/18 20:32:22.025, 0, 79, 112.63, 100, 14059, 1063, 715, P0, 0x0000000000000000
2026/09/18 20:32:22.029, 1, 79, 183.51, 100, 13169, 1328, 715, P0, 0x0000000000000000
2026/09/18 20:32:23.041, 0, 79, 113.08, 100, 14059, 1050, 715, P0, 0x0000000000000020
2026/09/18 20:32:23.044, 1, 77, 49.60, 0, 13169, 1189, 715, P0, 0x0000000000000000
2026/09/18 20:32:24.057, 0, 79, 118.21, 100, 14059, 1050, 715, P0, 0x0000000000000020
2026/09/18 20:32:24.060, 1, 79, 149.32, 100, 13169, 1227, 715, P0, 0x0000000000000020
2026/09/18 20:32:25.072, 0, 79, 119.65, 100, 14059, 987, 715, P0, 0x0000000000000020
2026/09/18 20:32:25.081, 1, 77, 55.80, 0, 13169, 1316, 715, P0, 0x0000000000000000
2026/09/18 20:32:26.086, 0, 79, 108.03, 100, 14059, 911, 715, P0, 0x0000000000000020
2026/09/18 20:32:26.089, 1, 79, 156.01, 100, 13169, 1227, 715, P0, 0x0000000000000000
2026/09/18 20:32:27.096, 0, 79, 109.44, 100, 14059, 923, 715, P0, 0x0000000000000020
2026/09/18 20:32:27.103, 1, 77, 55.84, 0, 13169, 1316, 715, P0, 0x0000000000000000
2026/09/18 20:32:28.118, 0, 79, 107.21, 100, 14059, 911, 715, P0, 0x0000000000000020
2026/09/18 20:32:28.122, 1, 80, 174.27, 100, 13169, 1265, 715, P0, 0x0000000000000020
2026/09/18 20:32:29.133, 0, 79, 108.00, 100, 14059, 923, 715, P0, 0x0000000000000020
2026/09/18 20:32:29.140, 1, 77, 55.12, 0, 13169, 1303, 715, P0, 0x0000000000000000
2026/09/18 20:32:30.149, 0, 79, 108.76, 100, 14059, 911, 715, P0, 0x0000000000000020
2026/09/18 20:32:30.162, 1, 79, 145.47, 100, 13169, 1177, 715, P0, 0x0000000000000020
2026/09/18 20:32:31.168, 0, 79, 108.74, 100, 14059, 923, 715, P0, 0x0000000000000020
2026/09/18 20:32:31.171, 1, 77, 54.15, 0, 13169, 1290, 715, P0, 0x0000000000000000
2026/09/18 20:32:32.183, 0, 79, 107.45, 100, 14059, 911, 715, P0, 0x0000000000000020
2026/09/18 20:32:32.186, 1, 80, 124.06, 100, 13169, 1290, 715, P0, 0x0000000000000020
2026/09/18 20:32:33.197, 0, 79, 108.26, 100, 14059, 923, 715, P0, 0x0000000000000020
2026/09/18 20:32:33.200, 1, 77, 50.57, 0, 13169, 1215, 715, P0, 0x0000000000000000
2026/09/18 20:32:34.212, 0, 79, 108.39, 100, 14059, 911, 715, P0, 0x0000000000000020
2026/09/18 20:32:34.222, 1, 79, 128.94, 100, 13169, 1252, 715, P0, 0x0000000000000000
2026/09/18 20:32:35.227, 0, 79, 108.72, 100, 14059, 923, 715, P0, 0x0000000000000000
2026/09/18 20:32:35.229, 1, 77, 55.60, 0, 13169, 1316, 715, P0, 0x0000000000000000
2026/09/18 20:32:36.240, 0, 79, 107.44, 100, 14059, 911, 715, P0, 0x0000000000000020
2026/09/18 20:32:36.244, 1, 79, 121.91, 100, 13169, 1189, 715, P0, 0x0000000000000000
2026/09/18 20:32:37.253, 0, 79, 108.25, 100, 14059, 923, 715, P0, 0x0000000000000020
2026/09/18 20:32:37.261, 1, 77, 55.60, 0, 13169, 1316, 715, P0, 0x0000000000000000
2026/09/18 20:32:38.268, 0, 79, 94.34, 100, 14059, 734, 715, P0, 0x0000000000000020
2026/09/18 20:32:38.282, 1, 80, 132.80, 100, 13169, 1252, 715, P0, 0x0000000000000000
2026/09/18 20:32:39.295, 0, 79, 98.03, 100, 14059, 759, 715, P0, 0x0000000000000020
2026/09/18 20:32:39.304, 1, 77, 51.55, 0, 13169, 1240, 715, P0, 0x0000000000000000
2026/09/18 20:32:40.323, 0, 79, 91.13, 100, 14059, 860, 715, P0, 0x0000000000000020
2026/09/18 20:32:40.326, 1, 80, 165.76, 100, 13169, 1252, 715, P0, 0x0000000000000020
2026/09/18 20:32:41.339, 0, 79, 95.39, 100, 14059, 759, 715, P0, 0x0000000000000000
2026/09/18 20:32:41.343, 1, 77, 49.38, 0, 13169, 1189, 715, P0, 0x0000000000000000
2026/09/18 20:32:42.350, 0, 79, 93.54, 100, 14059, 734, 715, P0, 0x0000000000000020
2026/09/18 20:32:42.363, 1, 79, 153.78, 98, 13169, 1227, 715, P0, 0x0000000000000000
2026/09/18 20:32:43.381, 0, 79, 96.60, 100, 14059, 936, 715, P0, 0x0000000000000020
2026/09/18 20:32:43.384, 1, 78, 50.11, 94, 13169, 1189, 715, P0, 0x0000000000000000
2026/09/18 20:32:44.395, 0, 79, 99.83, 100, 14059, 961, 715, P0, 0x0000000000000020
2026/09/18 20:32:44.403, 1, 77, 134.60, 23, 13169, 1189, 715, P0, 0x0000000000000000
2026/09/18 20:32:45.427, 0, 79, 98.11, 100, 14059, 797, 715, P0, 0x0000000000000020
2026/09/18 20:32:45.430, 1, 79, 146.14, 100, 13169, 1252, 715, P0, 0x0000000000000000
2026/09/18 20:32:46.443, 0, 79, 99.46, 100, 14059, 810, 715, P0, 0x0000000000000020
2026/09/18 20:32:46.446, 1, 77, 53.47, 0, 13169, 1290, 715, P0, 0x0000000000000000
2026/09/18 20:32:47.459, 0, 79, 103.56, 100, 14059, 873, 715, P0, 0x0000000000000020
2026/09/18 20:32:47.463, 1, 80, 148.49, 100, 13169, 1290, 715, P0, 0x0000000000000000
2026/09/18 20:32:48.474, 0, 79, 105.61, 100, 14059, 873, 715, P0, 0x0000000000000020
2026/09/18 20:32:48.484, 1, 77, 53.68, 0, 13169, 1278, 715, P0, 0x0000000000000000
2026/09/18 20:32:49.490, 0, 79, 108.03, 100, 14059, 898, 715, P0, 0x0000000000000020
2026/09/18 20:32:49.494, 1, 79, 154.58, 100, 13169, 1215, 715, P0, 0x0000000000000000
2026/09/18 20:32:50.499, 0, 79, 96.11, 100, 14059, 1037, 715, P0, 0x0000000000000000
2026/09/18 20:32:50.503, 1, 77, 55.62, 0, 13169, 1316, 715, P0, 0x0000000000000000
2026/09/18 20:32:51.514, 0, 79, 105.76, 100, 14059, 987, 715, P0, 0x0000000000000020
2026/09/18 20:32:51.524, 1, 80, 185.70, 100, 13169, 1316, 715, P0, 0x0000000000000020
2026/09/18 20:32:52.543, 0, 79, 105.93, 100, 14059, 1025, 715, P0, 0x0000000000000020
2026/09/18 20:32:52.546, 1, 77, 49.37, 0, 13169, 1189, 715, P0, 0x0000000000000000
2026/09/18 20:32:53.561, 0, 79, 110.61, 100, 14059, 1025, 715, P0, 0x0000000000000020
2026/09/18 20:32:53.564, 1, 79, 156.65, 100, 13169, 1265, 715, P0, 0x0000000000000000
2026/09/18 20:32:54.578, 0, 79, 78.88, 100, 14059, 949, 715, P0, 0x0000000000000000
2026/09/18 20:32:54.583, 1, 77, 54.75, 0, 13169, 1290, 715, P0, 0x0000000000000000
2026/09/18 20:32:55.591, 0, 79, 103.45, 100, 14059, 873, 715, P0, 0x0000000000000020
2026/09/18 20:32:55.594, 1, 79, 161.26, 100, 13169, 1303, 715, P0, 0x0000000000000000
2026/09/18 20:32:56.606, 0, 79, 104.00, 100, 14059, 885, 715, P0, 0x0000000000000000
2026/09/18 20:32:56.610, 1, 77, 49.85, 0, 13169, 1189, 715, P0, 0x0000000000000000
2026/09/18 20:32:57.617, 0, 79, 102.39, 100, 14059, 860, 715, P0, 0x0000000000000020
2026/09/18 20:32:57.623, 1, 79, 187.13, 100, 13169, 1328, 715, P0, 0x0000000000000000
2026/09/18 20:32:58.632, 0, 79, 103.73, 100, 14059, 873, 715, P0, 0x0000000000000020
2026/09/18 20:32:58.644, 1, 78, 56.81, 0, 13169, 1316, 715, P0, 0x0000000000000000
2026/09/18 20:32:59.658, 0, 79, 103.23, 100, 14059, 873, 715, P0, 0x0000000000000020
2026/09/18 20:32:59.663, 1, 79, 163.55, 100, 13169, 1252, 715, P0, 0x0000000000000020
2026/09/18 20:33:00.670, 0, 79, 115.63, 100, 14059, 1037, 715, P0, 0x0000000000000020
2026/09/18 20:33:00.674, 1, 78, 56.55, 46, 13169, 1316, 715, P0, 0x0000000000000000
2026/09/18 20:33:01.684, 0, 79, 111.12, 99, 14059, 1037, 715, P0, 0x0000000000000000
2026/09/18 20:33:01.687, 1, 78, 155.94, 46, 13169, 1328, 715, P0, 0x0000000000000000
2026/09/18 20:33:02.699, 0, 79, 103.43, 100, 14059, 987, 715, P0, 0x0000000000000020
2026/09/18 20:33:02.705, 1, 79, 58.53, 100, 13169, 1189, 715, P0, 0x0000000000000000
2026/09/18 20:33:03.713, 0, 79, 109.61, 100, 14059, 1050, 715, P0, 0x0000000000000020
2026/09/18 20:33:03.724, 1, 77, 119.50, 0, 13169, 1189, 715, P0, 0x0000000000000000
2026/09/18 20:33:04.730, 0, 79, 87.37, 100, 14059, 873, 715, P0, 0x0000000000000020
2026/09/18 20:33:04.733, 1, 80, 154.48, 100, 13169, 1290, 715, P0, 0x0000000000000000
2026/09/18 20:33:05.743, 0, 79, 104.72, 100, 14059, 885, 715, P0, 0x0000000000000020
2026/09/18 20:33:05.746, 1, 77, 52.26, 0, 13169, 1265, 715, P0, 0x0000000000000000
2026/09/18 20:33:06.755, 0, 79, 104.05, 100, 14059, 873, 715, P0, 0x0000000000000020
2026/09/18 20:33:06.766, 1, 79, 141.50, 100, 13169, 1139, 715, P0, 0x0000000000000020
2026/09/18 20:33:07.773, 0, 79, 103.97, 100, 14059, 885, 715, P0, 0x0000000000000020
2026/09/18 20:33:07.784, 1, 77, 55.36, 0, 13169, 1316, 715, P0, 0x0000000000000000
2026/09/18 20:33:08.801, 0, 79, 103.54, 100, 14059, 873, 715, P0, 0x0000000000000020
2026/09/18 20:33:08.805, 1, 80, 156.27, 100, 13169, 1227, 715, P0, 0x0000000000000000
2026/09/18 20:33:09.814, 0, 79, 108.98, 100, 14059, 898, 715, P0, 0x0000000000000020
2026/09/18 20:33:09.825, 1, 77, 55.60, 0, 13169, 1316, 715, P0, 0x0000000000000000
2026/09/18 20:33:10.841, 0, 79, 111.39, 100, 14059, 1037, 715, P0, 0x0000000000000000
2026/09/18 20:33:10.844, 1, 80, 174.85, 100, 13169, 1290, 715, P0, 0x0000000000000020
2026/09/18 20:33:11.859, 0, 79, 99.90, 100, 14059, 1037, 715, P0, 0x0000000000000000
2026/09/18 20:33:11.864, 1, 77, 56.56, 0, 13169, 1316, 715, P0, 0x0000000000000000
2026/09/18 20:33:12.878, 0, 79, 113.40, 100, 14059, 1012, 715, P0, 0x0000000000000020
2026/09/18 20:33:12.885, 1, 79, 159.96, 100, 13169, 1290, 715, P0, 0x0000000000000000
2026/09/18 20:33:13.894, 0, 79, 87.03, 100, 14059, 885, 715, P0, 0x0000000000000000
2026/09/18 20:33:13.904, 1, 78, 56.16, 0, 13169, 1316, 715, P0, 0x0000000000000000
2026/09/18 20:33:14.911, 0, 79, 103.29, 100, 14059, 873, 715, P0, 0x0000000000000020
2026/09/18 20:33:14.915, 1, 79, 164.15, 100, 13169, 1290, 715, P0, 0x0000000000000000
2026/09/18 20:33:15.923, 0, 79, 104.95, 100, 14059, 885, 715, P0, 0x0000000000000020
2026/09/18 20:33:15.926, 1, 78, 56.33, 0, 13169, 1316, 715, P0, 0x0000000000000000
2026/09/18 20:33:16.938, 0, 79, 102.76, 100, 14059, 860, 715, P0, 0x0000000000000020
2026/09/18 20:33:16.945, 1, 79, 158.87, 100, 13169, 1215, 715, P0, 0x0000000000000000
2026/09/18 20:33:17.954, 0, 79, 108.48, 100, 14059, 885, 715, P0, 0x0000000000000020
2026/09/18 20:33:17.967, 1, 78, 57.05, 60, 13169, 1316, 715, P0, 0x0000000000000000
2026/09/18 20:33:18.974, 0, 79, 113.25, 99, 14059, 923, 715, P0, 0x0000000000000020
2026/09/18 20:33:18.989, 1, 78, 187.93, 17, 13169, 1278, 715, P0, 0x0000000000000020
2026/09/18 20:33:20.004, 0, 79, 97.31, 100, 14059, 1037, 715, P0, 0x0000000000000000
2026/09/18 20:33:20.009, 1, 79, 57.33, 100, 13169, 1252, 715, P0, 0x0000000000000000
2026/09/18 20:33:21.018, 0, 79, 105.97, 100, 14059, 1050, 715, P0, 0x0000000000000000
2026/09/18 20:33:21.025, 1, 77, 146.57, 15, 13169, 1316, 715, P0, 0x0000000000000000
2026/09/18 20:33:22.032, 0, 79, 103.75, 100, 14059, 873, 715, P0, 0x0000000000000020
2026/09/18 20:33:22.046, 1, 79, 147.79, 100, 13169, 1252, 715, P0, 0x0000000000000000
2026/09/18 20:33:23.062, 0, 79, 104.71, 100, 14059, 885, 715, P0, 0x0000000000000020
2026/09/18 20:33:23.065, 1, 77, 55.60, 0, 13169, 1316, 715, P0, 0x0000000000000000
2026/09/18 20:33:24.076, 0, 79, 103.58, 100, 14059, 873, 715, P0, 0x0000000000000020
2026/09/18 20:33:24.085, 1, 80, 135.60, 100, 13169, 1215, 715, P0, 0x0000000000000000
2026/09/18 20:33:25.092, 0, 79, 104.95, 100, 14059, 885, 715, P0, 0x0000000000000020
2026/09/18 20:33:25.096, 1, 77, 54.88, 0, 13169, 1303, 715, P0, 0x0000000000000000
2026/09/18 20:33:26.109, 0, 79, 112.96, 100, 14059, 936, 715, P0, 0x0000000000000020
2026/09/18 20:33:26.112, 1, 80, 164.61, 100, 13169, 1252, 715, P0, 0x0000000000000020
2026/09/18 20:33:27.119, 0, 79, 96.82, 100, 14059, 1037, 715, P0, 0x0000000000000000
2026/09/18 20:33:27.125, 1, 78, 54.66, 0, 13169, 1290, 715, P0, 0x0000000000000000
2026/09/18 20:33:28.136, 0, 79, 107.48, 100, 14059, 1063, 715, P0, 0x0000000000000000
2026/09/18 20:33:28.146, 1, 80, 170.15, 100, 13169, 1316, 715, P0, 0x0000000000000000
2026/09/18 20:33:29.153, 0, 79, 104.72, 100, 14059, 885, 715, P0, 0x0000000000000000
2026/09/18 20:33:29.166, 1, 78, 51.54, 0, 13169, 1227, 715, P0, 0x0000000000000000
2026/09/18 20:33:30.169, 0, 79, 103.78, 100, 14059, 873, 715, P0, 0x0000000000000020
2026/09/18 20:33:30.172, 1, 79, 154.45, 100, 13169, 1227, 715, P0, 0x0000000000000000
2026/09/18 20:33:31.182, 0, 79, 104.47, 100, 14059, 885, 715, P0, 0x0000000000000020
2026/09/18 20:33:31.185, 1, 78, 53.47, 26, 13169, 1252, 715, P0, 0x0000000000000000
2026/09/18 20:33:32.194, 0, 79, 103.70, 99, 14059, 860, 715, P0, 0x0000000000000020
2026/09/18 20:33:32.207, 1, 79, 170.09, 57, 13169, 1265, 715, P0, 0x0000000000000020
2026/09/18 20:33:33.211, 0, 79, 109.47, 100, 14059, 1025, 715, P0, 0x0000000000000020
2026/09/18 20:33:33.214, 1, 79, 53.44, 100, 13169, 1252, 715, P0, 0x0000000000000000
2026/09/18 20:33:34.223, 0, 79, 108.86, 100, 14059, 1050, 715, P0, 0x0000000000000020
2026/09/18 20:33:34.226, 1, 77, 133.71, 0, 13169, 1252, 715, P0, 0x0000000000000000
2026/09/18 20:33:35.238, 0, 79, 103.11, 100, 14059, 860, 715, P0, 0x0000000000000020
2026/09/18 20:33:35.248, 1, 79, 133.25, 100, 13169, 1290, 715, P0, 0x0000000000000020
2026/09/18 20:33:36.265, 0, 79, 104.71, 100, 14059, 885, 715, P0, 0x0000000000000020
2026/09/18 20:33:36.268, 1, 77, 55.60, 0, 13169, 1316, 715, P0, 0x0000000000000000
2026/09/18 20:33:37.276, 0, 79, 103.24, 100, 14059, 873, 715, P0, 0x0000000000000020
2026/09/18 20:33:37.286, 1, 79, 152.23, 100, 13169, 1189, 715, P0, 0x0000000000000020
2026/09/18 20:33:38.304, 0, 79, 107.54, 100, 14059, 885, 715, P0, 0x0000000000000020
2026/09/18 20:33:38.308, 1, 77, 52.47, 0, 13169, 1265, 715, P0, 0x0000000000000000
2026/09/18 20:33:39.318, 0, 79, 97.96, 100, 14059, 1037, 715, P0, 0x0000000000000000
2026/09/18 20:33:39.326, 1, 80, 174.52, 100, 13169, 1290, 715, P0, 0x0000000000000020
2026/09/18 20:33:40.333, 0, 79, 100.88, 100, 14059, 1050, 715, P0, 0x0000000000000000
2026/09/18 20:33:40.336, 1, 77, 49.58, 0, 13169, 1189, 715, P0, 0x0000000000000000
2026/09/18 20:33:41.348, 0, 79, 85.50, 100, 14059, 873, 715, P0, 0x0000000000000020
2026/09/18 20:33:41.351, 1, 79, 141.45, 100, 13169, 1202, 715, P0, 0x0000000000000000
2026/09/18 20:33:42.363, 0, 79, 104.69, 100, 14059, 885, 715, P0, 0x0000000000000020
2026/09/18 20:33:42.367, 1, 78, 56.57, 0, 13169, 1316, 715, P0, 0x0000000000000000
2026/09/18 20:33:43.376, 0, 79, 102.66, 100, 14059, 873, 715, P0, 0x0000000000000000
2026/09/18 20:33:43.390, 1, 79, 180.11, 100, 13169, 1290, 715, P0, 0x0000000000000000
2026/09/18 20:33:44.405, 0, 79, 109.48, 100, 14059, 898, 715, P0, 0x0000000000000020
2026/09/18 20:33:44.409, 1, 78, 49.36, 100, 13169, 1189, 715, P0, 0x0000000000000000
2026/09/18 20:33:45.421, 0, 79, 94.80, 100, 14059, 1025, 715, P0, 0x0000000000000000
2026/09/18 20:33:45.427, 1, 78, 127.36, 0, 13169, 1177, 715, P0, 0x0000000000000020
2026/09/18 20:33:46.438, 0, 79, 97.13, 100, 14059, 1063, 715, P0, 0x0000000000000000
2026/09/18 20:33:46.447, 1, 79, 138.37, 100, 13169, 1227, 715, P0, 0x0000000000000000
2026/09/18 20:33:47.467, 0, 79, 104.47, 100, 14059, 885, 715, P0, 0x0000000000000000
2026/09/18 20:33:47.470, 1, 77, 55.36, 0, 13169, 1316, 715, P0, 0x0000000000000000
2026/09/18 20:33:48.478, 0, 79, 103.64, 100, 14059, 873, 715, P0, 0x0000000000000020
2026/09/18 20:33:48.487, 1, 79, 131.09, 100, 13169, 1240, 715, P0, 0x0000000000000000
2026/09/18 20:33:49.506, 0, 79, 102.78, 100, 14059, 860, 715, P0, 0x0000000000000020
2026/09/18 20:33:49.510, 1, 77, 55.60, 0, 13169, 1316, 715, P0, 0x0000000000000000
2026/09/18 20:33:50.524, 0, 79, 117.82, 100, 14059, 974, 715, P0, 0x0000000000000020
2026/09/18 20:33:50.531, 1, 80, 170.67, 100, 13169, 1227, 715, P0, 0x0000000000000020
2026/09/18 20:33:51.537, 0, 79, 113.02, 100, 14059, 1025, 715, P0, 0x0000000000000020
2026/09/18 20:33:51.547, 1, 77, 49.36, 0, 13169, 1189, 715, P0, 0x0000000000000000
2026/09/18 20:33:52.554, 0, 79, 81.95, 100, 14059, 949, 715, P0, 0x0000000000000000
2026/09/18 20:33:52.556, 1, 79, 133.38, 100, 13169, 1189, 715, P0, 0x0000000000000000
2026/09/18 20:33:53.566, 0, 79, 104.46, 100, 14059, 885, 715, P0, 0x0000000000000020
2026/09/18 20:33:53.569, 1, 78, 57.06, 0, 13169, 1316, 715, P0, 0x0000000000000000
2026/09/18 20:33:54.583, 0, 79, 103.60, 100, 14059, 873, 715, P0, 0x0000000000000020
2026/09/18 20:33:54.588, 1, 79, 179.63, 100, 13169, 1290, 715, P0, 0x0000000000000000
2026/09/18 20:33:55.596, 0, 79, 115.86, 100, 14059, 936, 715, P0, 0x0000000000000020
2026/09/18 20:33:55.608, 1, 78, 57.00, 67, 13169, 1316, 715, P0, 0x0000000000000000
2026/09/18 20:33:56.623, 0, 79, 110.98, 100, 14059, 1037, 715, P0, 0x0000000000000020
2026/09/18 20:33:56.628, 1, 78, 121.37, 0, 13169, 1164, 715, P0, 0x0000000000000020
2026/09/18 20:33:57.634, 0, 79, 99.32, 100, 14059, 873, 715, P0, 0x0000000000000020
2026/09/18 20:33:57.638, 1, 79, 139.48, 100, 13169, 1189, 715, P0, 0x0000000000000000
2026/09/18 20:33:58.648, 0, 79, 104.22, 100, 14059, 885, 715, P0, 0x0000000000000000
2026/09/18 20:33:58.651, 1, 77, 54.64, 0, 13169, 1303, 715, P0, 0x0000000000000000
2026/09/18 20:33:59.663, 0, 79, 103.54, 100, 14059, 873, 715, P0, 0x0000000000000020
2026/09/18 20:33:59.671, 1, 80, 155.55, 100, 13169, 1227, 715, P0, 0x0000000000000020
2026/09/18 20:34:00.675, 0, 79, 96.36, 100, 14059, 1025, 715, P0, 0x0000000000000020
2026/09/18 20:34:00.679, 1, 77, 49.14, 0, 13169, 1189, 715, P0, 0x0000000000000000
2026/09/18 20:34:01.689, 0, 79, 110.71, 100, 14059, 1050, 715, P0, 0x0000000000000020
2026/09/18 20:34:01.692, 1, 78, 140.31, 100, 13169, 1202, 715, P0, 0x0000000000000000
2026/09/18 20:34:02.707, 0, 79, 103.52, 100, 14059, 873, 715, P0, 0x0000000000000020
2026/09/18 20:34:02.710, 1, 77, 50.09, 0, 13169, 1202, 715, P0, 0x0000000000000000
2026/09/18 20:34:03.724, 0, 79, 102.98, 100, 14059, 860, 715, P0, 0x0000000000000020
2026/09/18 20:34:03.729, 1, 79, 162.34, 100, 13169, 1252, 715, P0, 0x0000000000000000
2026/09/18 20:34:04.738, 0, 79, 106.09, 100, 14059, 885, 715, P0, 0x0000000000000020
2026/09/18 20:34:04.748, 1, 78, 55.37, 16, 13169, 1290, 715, P0, 0x0000000000000000
2026/09/18 20:34:05.752, 0, 79, 106.84, 99, 14059, 987, 715, P0, 0x0000000000000020
2026/09/18 20:34:05.755, 1, 78, 165.84, 20, 13169, 1290, 715, P0, 0x0000000000000000
2026/09/18 20:34:06.767, 0, 79, 94.24, 100, 14059, 873, 715, P0, 0x0000000000000020
2026/09/18 20:34:06.771, 1, 80, 162.38, 100, 13169, 1290, 715, P0, 0x0000000000000000
2026/09/18 20:34:07.780, 0, 79, 103.50, 100, 14059, 873, 715, P0, 0x0000000000000020
2026/09/18 20:34:07.789, 1, 77, 55.85, 0, 13169, 1316, 715, P0, 0x0000000000000000
2026/09/18 20:34:08.797, 0, 79, 102.73, 100, 14059, 860, 715, P0, 0x0000000000000020
2026/09/18 20:34:08.808, 1, 80, 167.27, 100, 13169, 1252, 715, P0, 0x0000000000000020
2026/09/18 20:34:09.813, 0, 79, 109.44, 100, 14059, 1025, 715, P0, 0x0000000000000020
2026/09/18 20:34:09.816, 1, 77, 56.33, 0, 13169, 1316, 715, P0, 0x0000000000000000
2026/09/18 20:34:10.829, 0, 79, 97.18, 100, 14059, 1050, 715, P0, 0x0000000000000000
2026/09/18 20:34:10.832, 1, 79, 145.77, 100, 13169, 1278, 715, P0, 0x0000000000000000
2026/09/18 20:34:11.844, 0, 79, 103.75, 100, 14059, 873, 715, P0, 0x0000000000000020
2026/09/18 20:34:11.849, 1, 77, 54.65, 0, 13169, 1290, 715, P0, 0x0000000000000000
2026/09/18 20:34:12.861, 0, 79, 103.34, 100, 14059, 873, 715, P0, 0x0000000000000020
2026/09/18 20:34:12.869, 1, 78, 137.93, 100, 13169, 1151, 715, P0, 0x0000000000000000
2026/09/18 20:34:13.877, 0, 79, 116.12, 100, 14059, 936, 715, P0, 0x0000000000000020
2026/09/18 20:34:13.890, 1, 78, 53.67, 100, 13169, 1252, 715, P0, 0x0000000000000000
2026/09/18 20:34:14.907, 0, 79, 111.83, 99, 14059, 1063, 715, P0, 0x0000000000000000
2026/09/18 20:34:14.911, 1, 77, 147.26, 35, 13169, 1252, 715, P0, 0x0000000000000000
2026/09/18 20:34:15.925, 0, 79, 103.71, 100, 14059, 873, 715, P0, 0x0000000000000020
2026/09/18 20:34:15.929, 1, 79, 165.91, 100, 13169, 1303, 715, P0, 0x0000000000000000
2026/09/18 20:34:16.937, 0, 79, 103.73, 100, 14059, 873, 715, P0, 0x0000000000000020
2026/09/18 20:34:16.949, 1, 77, 56.09, 0, 13169, 1328, 715, P0, 0x0000000000000000
2026/09/18 20:34:17.961, 0, 79, 104.65, 100, 14059, 873, 715, P0, 0x0000000000000020
2026/09/18 20:34:17.971, 1, 80, 164.96, 100, 13169, 1227, 715, P0, 0x0000000000000020
2026/09/18 20:34:18.976, 0, 79, 97.55, 100, 14059, 1025, 715, P0, 0x0000000000000020
2026/09/18 20:34:18.980, 1, 77, 55.60, 0, 13169, 1316, 715, P0, 0x0000000000000000
2026/09/18 20:34:19.990, 0, 79, 73.24, 100, 14059, 949, 715, P0, 0x0000000000000000
2026/09/18 20:34:19.994, 1, 79, 171.43, 100, 13169, 1316, 715, P0, 0x0000000000000000
2026/09/18 20:34:21.006, 0, 79, 104.47, 100, 14059, 885, 715, P0, 0x0000000000000020
2026/09/18 20:34:21.010, 1, 78, 55.13, 0, 13169, 1290, 715, P0, 0x0000000000000000
2026/09/18 20:34:22.020, 0, 79, 102.76, 99, 14059, 860, 715, P0, 0x0000000000000020
2026/09/18 20:34:22.030, 1, 79, 154.35, 89, 13169, 1227, 715, P0, 0x0000000000000000
2026/09/18 20:34:23.035, 0, 79, 97.31, 100, 14059, 1025, 715, P0, 0x0000000000000020
2026/09/18 20:34:23.038, 1, 79, 57.08, 100, 13169, 1303, 715, P0, 0x0000000000000000
2026/09/18 20:34:24.048, 0, 79, 104.47, 100, 14059, 885, 715, P0, 0x0000000000000020
2026/09/18 20:34:24.051, 1, 77, 54.40, 0, 13169, 1303, 715, P0, 0x0000000000000000
2026/09/18 20:34:25.064, 0, 79, 103.57, 100, 14059, 873, 715, P0, 0x0000000000000020
2026/09/18 20:34:25.070, 1, 80, 147.10, 100, 13169, 1227, 715, P0, 0x0000000000000000
2026/09/18 20:34:26.075, 0, 79, 108.50, 100, 14059, 911, 715, P0, 0x0000000000000020
2026/09/18 20:34:26.078, 1, 77, 51.05, 0, 13169, 1227, 715, P0, 0x0000000000000000
2026/09/18 20:34:27.088, 0, 79, 95.79, 100, 14059, 1012, 715, P0, 0x0000000000000000
2026/09/18 20:34:27.091, 1, 79, 183.62, 100, 13169, 1303, 715, P0, 0x0000000000000020
2026/09/18 20:34:28.103, 0, 79, 104.71, 100, 14059, 885, 715, P0, 0x0000000000000000
2026/09/18 20:34:28.109, 1, 77, 53.67, 0, 13169, 1278, 715, P0, 0x0000000000000000
2026/09/18 20:34:29.118, 0, 79, 103.42, 100, 14059, 873, 715, P0, 0x0000000000000020
2026/09/18 20:34:29.129, 1, 78, 126.14, 100, 13169, 1113, 715, P0, 0x0000000000000020
2026/09/18 20:34:30.146, 0, 79, 108.25, 100, 14059, 885, 715, P0, 0x0000000000000020
2026/09/18 20:34:30.151, 1, 78, 55.60, 55, 13169, 1316, 715, P0, 0x0000000000000020
2026/09/18 20:34:31.160, 0, 79, 111.56, 100, 14059, 1012, 715, P0, 0x0000000000000020
2026/09/18 20:34:31.170, 1, 78, 158.87, 26, 13169, 1316, 715, P0, 0x0000000000000000
2026/09/18 20:34:32.188, 0, 79, 102.93, 100, 14059, 860, 715, P0, 0x0000000000000020
2026/09/18 20:34:32.191, 1, 79, 135.87, 100, 13169, 1189, 715, P0, 0x0000000000000000
2026/09/18 20:34:33.207, 0, 79, 103.52, 100, 14059, 873, 715, P0, 0x0000000000000020
2026/09/18 20:34:33.210, 1, 77, 49.37, 0, 13169, 1202, 715, P0, 0x0000000000000000
2026/09/18 20:34:34.221, 0, 79, 106.74, 100, 14059, 885, 715, P0, 0x0000000000000020
2026/09/18 20:34:34.230, 1, 80, 171.66, 100, 13169, 1265, 715, P0, 0x0000000000000000
2026/09/18 20:34:35.236, 0, 79, 97.32, 100, 14059, 1050, 715, P0, 0x0000000000000000
2026/09/18 20:34:35.239, 1, 77, 51.31, 0, 13169, 1227, 715, P0, 0x0000000000000000
2026/09/18 20:34:36.250, 0, 79, 103.11, 100, 14059, 873, 715, P0, 0x0000000000000020
2026/09/18 20:34:36.253, 1, 79, 136.72, 100, 13169, 1227, 715, P0, 0x0000000000000000
2026/09/18 20:34:37.263, 0, 79, 103.74, 100, 14059, 873, 715, P0, 0x0000000000000020
2026/09/18 20:34:37.268, 1, 78, 55.85, 10, 13169, 1303, 715, P0, 0x0000000000000000
2026/09/18 20:34:38.276, 0, 79, 112.87, 99, 14059, 961, 715, P0, 0x0000000000000020
2026/09/18 20:34:38.289, 1, 78, 181.86, 12, 13169, 1303, 715, P0, 0x0000000000000000
2026/09/18 20:34:39.305, 0, 79, 91.79, 100, 14059, 1050, 715, P0, 0x0000000000000000
2026/09/18 20:34:39.309, 1, 79, 120.76, 100, 13169, 1177, 715, P0, 0x0000000000000000
2026/09/18 20:34:40.323, 0, 79, 103.52, 100, 14059, 873, 715, P0, 0x0000000000000020
2026/09/18 20:34:40.329, 1, 77, 48.88, 0, 13169, 1189, 715, P0, 0x0000000000000000
2026/09/18 20:34:41.338, 0, 79, 102.66, 100, 14059, 860, 715, P0, 0x0000000000000020
2026/09/18 20:34:41.349, 1, 80, 178.70, 100, 13169, 1290, 715, P0, 0x0000000000000020
2026/09/18 20:34:42.368, 0, 79, 106.84, 100, 14059, 1037, 715, P0, 0x0000000000000000
2026/09/18 20:34:42.370, 1, 77, 49.37, 0, 13169, 1189, 715, P0, 0x0000000000000000
2026/09/18 20:34:43.380, 0, 79, 86.15, 100, 14059, 873, 715, P0, 0x0000000000000020
2026/09/18 20:34:43.389, 1, 79, 146.62, 100, 13169, 1303, 715, P0, 0x0000000000000000
2026/09/18 20:34:44.395, 0, 79, 104.47, 100, 14059, 885, 715, P0, 0x0000000000000020
2026/09/18 20:34:44.398, 1, 78, 51.78, 0, 13169, 1227, 715, P0, 0x0000000000000000
2026/09/18 20:34:45.408, 0, 79, 106.23, 99, 14059, 885, 715, P0, 0x0000000000000020
2026/09/18 20:34:45.411, 1, 78, 185.43, 83, 13169, 1316, 715, P0, 0x0000000000000020
2026/09/18 20:34:46.423, 0, 79, 95.29, 100, 14059, 1063, 715, P0, 0x0000000000000000
2026/09/18 20:34:46.429, 1, 79, 68.83, 100, 13169, 1189, 715, P0, 0x0000000000000000
2026/09/18 20:34:47.448, 0, 79, 104.24, 100, 14059, 885, 715, P0, 0x0000000000000020
2026/09/18 20:34:47.451, 1, 77, 48.88, 0, 13169, 1189, 715, P0, 0x0000000000000000
2026/09/18 20:34:48.463, 0, 79, 103.39, 100, 14059, 873, 715, P0, 0x0000000000000020
2026/09/18 20:34:48.469, 1, 80, 170.95, 100, 13169, 1252, 715, P0, 0x0000000000000020
2026/09/18 20:34:49.480, 0, 79, 111.38, 100, 14059, 999, 715, P0, 0x0000000000000020
2026/09/18 20:34:49.490, 1, 77, 55.60, 0, 13169, 1316, 715, P0, 0x0000000000000000
2026/09/18 20:34:50.509, 0, 79, 88.79, 100, 14059, 1037, 715, P0, 0x0000000000000000
2026/09/18 20:34:50.512, 1, 79, 149.25, 100, 13169, 1290, 715, P0, 0x0000000000000000
2026/09/18 20:34:51.521, 0, 79, 104.88, 100, 14059, 885, 715, P0, 0x0000000000000020
2026/09/18 20:34:51.529, 1, 78, 57.05, 0, 13169, 1328, 715, P0, 0x0000000000000000
2026/09/18 20:34:52.536, 0, 79, 105.18, 99, 14059, 885, 715, P0, 0x0000000000000020
2026/09/18 20:34:52.539, 1, 78, 145.95, 100, 13169, 1189, 715, P0, 0x0000000000000020
2026/09/18 20:34:53.553, 0, 79, 112.49, 100, 14059, 1075, 715, P0, 0x0000000000000000
2026/09/18 20:34:53.557, 1, 80, 138.96, 100, 13169, 1290, 715, P0, 0x0000000000000000
2026/09/18 20:34:54.569, 0, 79, 104.71, 100, 14059, 885, 715, P0, 0x0000000000000020
2026/09/18 20:34:54.572, 1, 77, 53.91, 0, 13169, 1290, 715, P0, 0x0000000000000000
2026/09/18 20:34:55.583, 0, 79, 103.23, 100, 14059, 873, 715, P0, 0x0000000000000020
2026/09/18 20:34:55.590, 1, 80, 162.83, 100, 13169, 1240, 715, P0, 0x0000000000000000
2026/09/18 20:34:56.599, 0, 79, 101.57, 100, 14059, 999, 715, P0, 0x0000000000000020
2026/09/18 20:34:56.610, 1, 77, 54.89, 0, 13169, 1303, 715, P0, 0x0000000000000000
2026/09/18 20:34:57.617, 0, 79, 86.06, 100, 14059, 974, 715, P0, 0x0000000000000000
2026/09/18 20:34:57.620, 1, 79, 165.76, 100, 13169, 1316, 715, P0, 0x0000000000000000
2026/09/18 20:34:58.632, 0, 79, 104.72, 100, 14059, 885, 715, P0, 0x0000000000000020
2026/09/18 20:34:58.634, 1, 78, 50.09, 0, 13169, 1189, 715, P0, 0x0000000000000000
2026/09/18 20:34:59.647, 0, 79, 106.09, 99, 14059, 885, 715, P0, 0x0000000000000020
2026/09/18 20:34:59.652, 1, 78, 165.10, 70, 13169, 1227, 715, P0, 0x0000000000000020
2026/09/18 20:35:00.674, 0, 79, 96.04, 100, 14059, 1050, 715, P0, 0x0000000000000000
2026/09/18 20:35:00.678, 1, 79, 134.21, 100, 13169, 1227, 715, P0, 0x0000000000000000
2026/09/18 20:35:01.689, 0, 79, 104.89, 100, 14059, 885, 715, P0, 0x0000000000000020
2026/09/18 20:35:01.692, 1, 77, 54.64, 0, 13169, 1303, 715, P0, 0x0000000000000000
2026/09/18 20:35:02.704, 0, 79, 102.64, 100, 14059, 860, 715, P0, 0x0000000000000020
2026/09/18 20:35:02.710, 1, 80, 182.73, 100, 13169, 1290, 715, P0, 0x0000000000000020
2026/09/18 20:35:03.719, 0, 79, 101.36, 100, 14059, 1025, 715, P0, 0x0000000000000020
2026/09/18 20:35:03.728, 1, 77, 49.86, 0, 13169, 1202, 715, P0, 0x0000000000000000
2026/09/18 20:35:04.734, 0, 79, 104.30, 100, 14059, 885, 715, P0, 0x0000000000000020
2026/09/18 20:35:04.737, 1, 78, 137.19, 100, 13169, 1202, 715, P0, 0x0000000000000000
2026/09/18 20:35:05.752, 0, 79, 104.45, 100, 14059, 885, 715, P0, 0x0000000000000020
2026/09/18 20:35:05.755, 1, 78, 56.58, 44, 13169, 1316, 715, P0, 0x0000000000000000
2026/09/18 20:35:06.766, 0, 79, 109.37, 99, 14059, 1037, 715, P0, 0x0000000000000000
2026/09/18 20:35:06.771, 1, 78, 165.12, 78, 13169, 1328, 715, P0, 0x0000000000000000
2026/09/18 20:35:07.778, 0, 79, 104.55, 100, 14059, 885, 715, P0, 0x0000000000000020
2026/09/18 20:35:07.789, 1, 79, 136.04, 100, 13169, 1189, 715, P0, 0x0000000000000020
2026/09/18 20:35:08.808, 0, 79, 104.24, 100, 14059, 885, 715, P0, 0x0000000000000020
2026/09/18 20:35:08.811, 1, 77, 48.88, 0, 13169, 1189, 715, P0, 0x0000000000000000
2026/09/18 20:35:09.823, 0, 79, 115.03, 100, 14059, 936, 715, P0, 0x0000000000000020
2026/09/18 20:35:09.831, 1, 80, 175.32, 100, 13169, 1278, 715, P0, 0x0000000000000000
2026/09/18 20:35:10.837, 0, 79, 70.71, 100, 14059, 1025, 715, P0, 0x0000000000000000
2026/09/18 20:35:10.847, 1, 77, 55.19, 0, 13169, 1303, 715, P0, 0x0000000000000000
2026/09/18 20:35:11.853, 0, 79, 103.92, 100, 14059, 873, 715, P0, 0x0000000000000020
2026/09/18 20:35:11.856, 1, 79, 172.15, 100, 13169, 1278, 715, P0, 0x0000000000000000
2026/09/18 20:35:12.871, 0, 79, 109.22, 100, 14059, 898, 715, P0, 0x0000000000000020
2026/09/18 20:35:12.874, 1, 78, 53.67, 33, 13169, 1252, 715, P0, 0x0000000000000000
2026/09/18 20:35:13.883, 0, 79, 108.63, 99, 14059, 1063, 715, P0, 0x0000000000000020
2026/09/18 20:35:13.887, 1, 77, 132.26, 0, 13169, 1252, 715, P0, 0x0000000000000000
2026/09/18 20:35:14.897, 0, 79, 104.51, 100, 14059, 873, 715, P0, 0x0000000000000020
2026/09/18 20:35:14.910, 1, 80, 136.76, 100, 13169, 1215, 715, P0, 0x0000000000000020
2026/09/18 20:35:15.922, 0, 79, 105.67, 100, 14059, 885, 715, P0, 0x0000000000000020
2026/09/18 20:35:15.930, 1, 77, 52.95, 0, 13169, 1278, 715, P0, 0x0000000000000000
2026/09/18 20:35:16.938, 0, 79, 100.93, 100, 14059, 1025, 715, P0, 0x0000000000000020
2026/09/18 20:35:16.947, 1, 79, 160.39, 100, 13169, 1303, 715, P0, 0x0000000000000000
2026/09/18 20:35:17.955, 0, 79, 104.47, 100, 14059, 873, 715, P0, 0x0000000000000020
2026/09/18 20:35:17.958, 1, 77, 52.74, 0, 13169, 1252, 715, P0, 0x0000000000000000
2026/09/18 20:35:18.971, 0, 79, 102.73, 100, 14059, 860, 715, P0, 0x0000000000000020
2026/09/18 20:35:18.974, 1, 79, 173.09, 100, 13169, 1290, 715, P0, 0x0000000000000020
2026/09/18 20:35:19.982, 0, 79, 113.71, 100, 14059, 1025, 715, P0, 0x0000000000000020
2026/09/18 20:35:19.990, 1, 79, 57.05, 68, 13169, 1316, 715, P0, 0x0000000000000020
2026/09/18 20:35:20.995, 0, 79, 104.22, 100, 14059, 873, 715, P0, 0x0000000000000020
2026/09/18 20:35:20.998, 1, 77, 56.09, 0, 13169, 1316, 715, P0, 0x0000000000000000
2026/09/18 20:35:22.007, 0, 79, 103.45, 100, 14059, 873, 715, P0, 0x0000000000000020
2026/09/18 20:35:22.010, 1, 80, 171.52, 100, 13169, 1252, 715, P0, 0x0000000000000020
2026/09/18 20:35:23.023, 0, 79, 104.49, 100, 14059, 1063, 715, P0, 0x0000000000000020
2026/09/18 20:35:23.027, 1, 77, 49.37, 0, 13169, 1189, 715, P0, 0x0000000000000000
2026/09/18 20:35:24.040, 0, 79, 83.97, 100, 14059, 999, 715, P0, 0x0000000000000000
2026/09/18 20:35:24.049, 1, 79, 162.40, 100, 13169, 1290, 715, P0, 0x0000000000000000
2026/09/18 20:35:25.057, 0, 79, 110.16, 100, 14059, 949, 715, P0, 0x0000000000000000
2026/09/18 20:35:25.068, 1, 78, 56.57, 0, 13169, 1316, 715, P0, 0x0000000000000000
2026/09/18 20:35:26.073, 0, 79, 107.93, 99, 14059, 923, 715, P0, 0x0000000000000020
2026/09/18 20:35:26.077, 1, 79, 173.08, 94, 13169, 1290, 715, P0, 0x0000000000000020
2026/09/18 20:35:27.088, 0, 79, 100.86, 100, 14059, 1063, 715, P0, 0x0000000000000000
2026/09/18 20:35:27.091, 1, 79, 60.71, 100, 13169, 1202, 715, P0, 0x0000000000000000
2026/09/18 20:35:28.098, 0, 79, 108.74, 100, 14059, 949, 715, P0, 0x0000000000000020
2026/09/18 20:35:28.108, 1, 77, 54.63, 0, 13169, 1303, 715, P0, 0x0000000000000000
2026/09/18 20:35:29.114, 0, 79, 108.77, 100, 14059, 936, 715, P0, 0x0000000000000020
2026/09/18 20:35:29.117, 1, 80, 145.00, 100, 13169, 1189, 715, P0, 0x0000000000000020
2026/09/18 20:35:30.129, 0, 79, 113.78, 100, 14059, 949, 715, P0, 0x0000000000000020
2026/09/18 20:35:30.132, 1, 77, 52.94, 0, 13169, 1265, 715, P0, 0x0000000000000000
2026/09/18 20:35:31.141, 0, 79, 102.52, 100, 14059, 1063, 715, P0, 0x0000000000000000
2026/09/18 20:35:31.150, 1, 79, 171.07, 100, 13169, 1316, 715, P0, 0x0000000000000000
2026/09/18 20:35:32.167, 0, 79, 110.19, 100, 14059, 961, 715, P0, 0x0000000000000020
2026/09/18 20:35:32.170, 1, 78, 49.60, 0, 13169, 1189, 715, P0, 0x0000000000000000
2026/09/18 20:35:33.179, 0, 79, 108.03, 100, 14059, 923, 715, P0, 0x0000000000000020
2026/09/18 20:35:33.191, 1, 78, 155.05, 100, 13169, 1227, 715, P0, 0x0000000000000020
2026/09/18 20:35:34.195, 0, 79, 116.85, 100, 14059, 1025, 715, P0, 0x0000000000000020
2026/09/18 20:35:34.197, 1, 79, 53.91, 61, 13169, 1316, 715, P0, 0x0000000000000020
2026/09/18 20:35:35.210, 0, 79, 117.55, 100, 14059, 1101, 715, P0, 0x0000000000000020
2026/09/18 20:35:35.213, 1, 77, 150.04, 10, 13169, 1316, 715, P0, 0x0000000000000000
2026/09/18 20:35:36.223, 0, 79, 108.76, 100, 14059, 936, 715, P0, 0x0000000000000020
2026/09/18 20:35:36.227, 1, 79, 154.31, 100, 13169, 1265, 715, P0, 0x0000000000000000
2026/09/18 20:35:37.237, 0, 79, 108.26, 100, 14059, 936, 715, P0, 0x0000000000000020
2026/09/18 20:35:37.247, 1, 77, 49.60, 0, 13169, 1202, 715, P0, 0x0000000000000000
2026/09/18 20:35:38.254, 0, 79, 110.11, 100, 14059, 1050, 715, P0, 0x0000000000000000
2026/09/18 20:35:38.257, 1, 79, 170.47, 100, 13169, 1252, 715, P0, 0x0000000000000020
2026/09/18 20:35:39.266, 0, 79, 86.54, 100, 14059, 923, 715, P0, 0x0000000000000020
2026/09/18 20:35:39.269, 1, 77, 56.16, 0, 13169, 1316, 715, P0, 0x0000000000000000
2026/09/18 20:35:40.278, 0, 79, 108.41, 100, 14059, 923, 715, P0, 0x0000000000000020
2026/09/18 20:35:40.286, 1, 79, 172.12, 100, 13169, 1265, 715, P0, 0x0000000000000000
2026/09/18 20:35:41.296, 0, 79, 108.98, 100, 14059, 923, 715, P0, 0x0000000000000020
2026/09/18 20:35:41.307, 1, 78, 53.92, 37, 13169, 1265, 715, P0, 0x0000000000000000
2026/09/18 20:35:42.316, 0, 79, 115.36, 99, 14059, 1025, 715, P0, 0x0000000000000020
2026/09/18 20:35:42.328, 1, 78, 151.49, 0, 13169, 1265, 715, P0, 0x0000000000000000
2026/09/18 20:35:43.332, 0, 79, 108.65, 100, 14059, 936, 715, P0, 0x0000000000000020
2026/09/18 20:35:43.336, 1, 79, 131.84, 100, 13169, 1189, 715, P0, 0x0000000000000000
2026/09/18 20:35:44.345, 0, 79, 108.50, 100, 14059, 936, 715, P0, 0x0000000000000020
2026/09/18 20:35:44.348, 1, 77, 55.60, 0, 13169, 1316, 715, P0, 0x0000000000000000
2026/09/18 20:35:45.359, 0, 79, 118.89, 100, 14059, 1025, 715, P0, 0x0000000000000020
2026/09/18 20:35:45.366, 1, 80, 157.05, 100, 13169, 1227, 715, P0, 0x0000000000000020
2026/09/18 20:35:46.371, 0, 79, 76.23, 100, 14059, 999, 715, P0, 0x0000000000000000
2026/09/18 20:35:46.374, 1, 77, 53.26, 0, 13169, 1278, 715, P0, 0x0000000000000000
2026/09/18 20:35:47.386, 0, 79, 108.42, 100, 14059, 923, 715, P0, 0x0000000000000020
2026/09/18 20:35:47.388, 1, 79, 169.38, 100, 13169, 1252, 715, P0, 0x0000000000000020
2026/09/18 20:35:48.400, 0, 79, 109.23, 100, 14059, 936, 715, P0, 0x0000000000000020
2026/09/18 20:35:48.407, 1, 78, 50.33, 100, 13169, 1189, 715, P0, 0x0000000000000000
2026/09/18 20:35:49.414, 0, 79, 113.26, 100, 14059, 1075, 715, P0, 0x0000000000000020
2026/09/18 20:35:49.417, 1, 77, 137.18, 43, 13169, 1202, 715, P0, 0x0000000000000000
2026/09/18 20:35:50.440, 0, 79, 109.36, 100, 14059, 936, 715, P0, 0x0000000000000020
2026/09/18 20:35:50.447, 1, 79, 142.18, 100, 13169, 1252, 715, P0, 0x0000000000000000
2026/09/18 20:35:51.461, 0, 79, 108.50, 100, 14059, 936, 715, P0, 0x0000000000000020
2026/09/18 20:35:51.468, 1, 77, 52.22, 0, 13169, 1252, 715, P0, 0x0000000000000000
2026/09/18 20:35:52.474, 0, 79, 113.88, 100, 14059, 1063, 715, P0, 0x0000000000000000
2026/09/18 20:35:52.477, 1, 80, 175.79, 100, 13169, 1290, 715, P0, 0x0000000000000020
2026/09/18 20:35:53.488, 0, 79, 103.34, 100, 14059, 949, 715, P0, 0x0000000000000000
2026/09/18 20:35:53.491, 1, 77, 49.41, 0, 13169, 1189, 715, P0, 0x0000000000000000
2026/09/18 20:35:54.499, 0, 79, 108.53, 100, 14059, 936, 715, P0, 0x0000000000000020
2026/09/18 20:35:54.507, 1, 78, 143.32, 100, 13169, 1189, 715, P0, 0x0000000000000000
2026/09/18 20:35:55.514, 0, 79, 112.57, 100, 14059, 949, 715, P0, 0x0000000000000020
2026/09/18 20:35:55.517, 1, 78, 56.80, 82, 13169, 1316, 715, P0, 0x0000000000000000
2026/09/18 20:35:56.527, 0, 79, 114.89, 99, 14059, 1088, 715, P0, 0x0000000000000020
2026/09/18 20:35:56.530, 1, 77, 163.90, 0, 13169, 1316, 715, P0, 0x0000000000000000
2026/09/18 20:35:57.538, 0, 79, 109.00, 100, 14059, 936, 715, P0, 0x0000000000000020
2026/09/18 20:35:57.548, 1, 79, 98.40, 100, 13169, 810, 715, P0, 0x0000000000000020
2026/09/18 20:35:58.565, 0, 79, 109.23, 100, 14059, 936, 715, P0, 0x0000000000000020
2026/09/18 20:35:58.568, 1, 77, 49.12, 0, 13169, 1189, 715, P0, 0x0000000000000000
2026/09/18 20:35:59.579, 0, 79, 80.90, 100, 14059, 759, 715, P0, 0x0000000000000020
2026/09/18 20:35:59.588, 1, 79, 157.19, 100, 13169, 1328, 715, P0, 0x0000000000000000
2026/09/18 20:36:00.595, 0, 79, 102.07, 100, 14059, 810, 715, P0, 0x0000000000000020
2026/09/18 20:36:00.598, 1, 77, 49.86, 0, 13169, 1189, 715, P0, 0x0000000000000000
2026/09/18 20:36:01.605, 0, 79, 95.63, 100, 14059, 772, 715, P0, 0x0000000000000000
2026/09/18 20:36:01.608, 1, 76, 48.68, 0, 13169, 1189, 715, P0, 0x0000000000000000
2026/09/18 20:36:02.621, 0, 79, 104.30, 100, 14059, 898, 715, P0, 0x0000000000000020
2026/09/18 20:36:02.629, 1, 80, 188.67, 100, 13169, 1278, 715, P0, 0x0000000000000020
2026/09/18 20:36:03.633, 0, 79, 96.08, 100, 14059, 772, 715, P0, 0x0000000000000000
2026/09/18 20:36:03.636, 1, 77, 55.62, 0, 13169, 1316, 715, P0, 0x0000000000000000
2026/09/18 20:36:04.648, 0, 79, 97.35, 100, 14059, 1037, 715, P0, 0x0000000000000000
2026/09/18 20:36:04.651, 1, 77, 143.16, 7, 13169, 1316, 715, P0, 0x0000000000000000
2026/09/18 20:36:05.664, 0, 79, 95.00, 100, 14059, 759, 715, P0, 0x0000000000000020
2026/09/18 20:36:05.669, 1, 79, 141.70, 100, 13169, 1303, 715, P0, 0x0000000000000000
2026/09/18 20:36:06.681, 0, 79, 96.27, 100, 14059, 772, 715, P0, 0x0000000000000000
2026/09/18 20:36:06.688, 1, 77, 55.37, 0, 13169, 1303, 715, P0, 0x0000000000000000
2026/09/18 20:36:07.697, 0, 79, 103.59, 100, 14059, 873, 715, P0, 0x0000000000000020
2026/09/18 20:36:07.707, 1, 79, 185.46, 100, 13169, 1328, 715, P0, 0x0000000000000000
2026/09/18 20:36:08.724, 0, 79, 97.56, 100, 14059, 1063, 715, P0, 0x0000000000000000
2026/09/18 20:36:08.728, 1, 79, 54.70, 100, 13169, 1252, 715, P0, 0x0000000000000000
2026/09/18 20:36:09.736, 0, 79, 107.06, 100, 14059, 911, 715, P0, 0x0000000000000000
2026/09/18 20:36:09.747, 1, 77, 52.02, 0, 13169, 1252, 715, P0, 0x0000000000000000
2026/09/18 20:36:10.762, 0, 79, 112.38, 100, 14059, 911, 715, P0, 0x0000000000000020
2026/09/18 20:36:10.770, 1, 80, 184.48, 100, 13169, 1303, 715, P0, 0x0000000000000020
2026/09/18 20:36:11.785, 0, 79, 105.90, 100, 14059, 898, 715, P0, 0x0000000000000020
2026/09/18 20:36:11.789, 1, 77, 55.12, 0, 13169, 1303, 715, P0, 0x0000000000000000
2026/09/18 20:36:12.799, 0, 79, 105.25, 100, 14059, 898, 715, P0, 0x0000000000000000
2026/09/18 20:36:12.809, 1, 78, 140.30, 100, 13169, 1151, 715, P0, 0x0000000000000020
2026/09/18 20:36:13.814, 0, 79, 107.94, 100, 14059, 1037, 715, P0, 0x0000000000000000
2026/09/18 20:36:13.817, 1, 79, 65.68, 100, 13169, 1227, 715, P0, 0x0000000000000000
2026/09/18 20:36:14.828, 0, 79, 106.09, 100, 14059, 898, 715, P0, 0x0000000000000020
2026/09/18 20:36:14.831, 1, 77, 54.64, 0, 13169, 1303, 715, P0, 0x0000000000000000
2026/09/18 20:36:15.846, 0, 79, 104.56, 100, 14059, 873, 715, P0, 0x0000000000000020
2026/09/18 20:36:15.849, 1, 80, 178.68, 100, 13169, 1316, 715, P0, 0x0000000000000020
2026/09/18 20:36:16.860, 0, 79, 91.10, 100, 14059, 1075, 715, P0, 0x0000000000000000
2026/09/18 20:36:16.867, 1, 77, 52.51, 0, 13169, 1252, 715, P0, 0x0000000000000000
2026/09/18 20:36:17.877, 0, 79, 104.80, 100, 14059, 885, 715, P0, 0x0000000000000020
2026/09/18 20:36:17.888, 1, 79, 180.59, 100, 13169, 1290, 715, P0, 0x0000000000000020
2026/09/18 20:36:18.904, 0, 79, 97.56, 100, 14059, 1037, 715, P0, 0x0000000000000000
2026/09/18 20:36:18.908, 1, 78, 52.49, 41, 13169, 1252, 715, P0, 0x0000000000000000
2026/09/18 20:36:19.916, 0, 79, 105.61, 100, 14059, 898, 715, P0, 0x0000000000000020
2026/09/18 20:36:19.929, 1, 77, 51.29, 0, 13169, 1252, 715, P0, 0x0000000000000000
2026/09/18 20:36:20.945, 0, 79, 103.80, 100, 14059, 873, 715, P0, 0x0000000000000020
2026/09/18 20:36:20.948, 1, 79, 145.02, 100, 13169, 1189, 715, P0, 0x0000000000000000
2026/09/18 20:36:21.958, 0, 79, 101.83, 100, 14059, 1063, 715, P0, 0x0000000000000000
2026/09/18 20:36:21.968, 1, 77, 55.84, 0, 13169, 1316, 715, P0, 0x0000000000000000
2026/09/18 20:36:22.987, 0, 79, 104.88, 100, 14059, 885, 715, P0, 0x0000000000000020
2026/09/18 20:36:22.990, 1, 79, 172.63, 100, 13169, 1290, 715, P0, 0x0000000000000000
2026/09/18 20:36:24.002, 0, 79, 115.63, 100, 14059, 987, 715, P0, 0x0000000000000020
2026/09/18 20:36:24.008, 1, 78, 57.01, 58, 13169, 1316, 715, P0, 0x0000000000000000
2026/09/18 20:36:25.019, 0, 79, 106.08, 100, 14059, 898, 715, P0, 0x0000000000000000
2026/09/18 20:36:25.027, 1, 77, 55.12, 0, 13169, 1316, 715, P0, 0x0000000000000000
2026/09/18 20:36:26.030, 0, 79, 104.40, 100, 14059, 885, 715, P0, 0x0000000000000020
2026/09/18 20:36:26.033, 1, 80, 171.76, 100, 13169, 1265, 715, P0, 0x0000000000000020
2026/09/18 20:36:27.046, 0, 79, 112.53, 100, 14059, 1075, 715, P0, 0x0000000000000000
2026/09/18 20:36:27.049, 1, 77, 55.35, 0, 13169, 1303, 715, P0, 0x0000000000000000
2026/09/18 20:36:28.062, 0, 79, 105.12, 100, 14059, 873, 715, P0, 0x0000000000000020
2026/09/18 20:36:28.069, 1, 79, 174.27, 100, 13169, 1290, 715, P0, 0x0000000000000020
2026/09/18 20:36:29.078, 0, 79, 113.02, 100, 14059, 1037, 715, P0, 0x0000000000000020
2026/09/18 20:36:29.086, 1, 78, 51.02, 9, 13169, 1202, 715, P0, 0x0000000000000000
2026/09/18 20:36:30.095, 0, 79, 105.92, 100, 14059, 898, 715, P0, 0x0000000000000020
2026/09/18 20:36:30.106, 1, 76, 49.37, 0, 13169, 1202, 715, P0, 0x0000000000000000
2026/09/18 20:36:31.122, 0, 79, 103.30, 100, 14059, 873, 715, P0, 0x0000000000000020
2026/09/18 20:36:31.128, 1, 80, 156.03, 100, 13169, 1202, 715, P0, 0x0000000000000020
2026/09/18 20:36:32.134, 0, 79, 103.99, 100, 14059, 1075, 715, P0, 0x0000000000000020
2026/09/18 20:36:32.137, 1, 77, 54.43, 0, 13169, 1290, 715, P0, 0x0000000000000000
2026/09/18 20:36:33.148, 0, 79, 104.63, 100, 14059, 885, 715, P0, 0x0000000000000020
2026/09/18 20:36:33.151, 1, 78, 122.87, 100, 13169, 1101, 715, P0, 0x0000000000000000
2026/09/18 20:36:34.164, 0, 79, 99.90, 100, 14059, 1037, 715, P0, 0x0000000000000000
2026/09/18 20:36:34.168, 1, 79, 58.05, 100, 13169, 1215, 715, P0, 0x0000000000000000
2026/09/18 20:36:35.180, 0, 79, 105.68, 100, 14059, 898, 715, P0, 0x0000000000000020
2026/09/18 20:36:35.188, 1, 77, 49.85, 0, 13169, 1215, 715, P0, 0x0000000000000000
2026/09/18 20:36:36.196, 0, 79, 103.68, 100, 14059, 873, 715, P0, 0x0000000000000020
2026/09/18 20:36:36.209, 1, 80, 171.42, 100, 13169, 1252, 715, P0, 0x0000000000000020
2026/09/18 20:36:37.227, 0, 79, 99.41, 100, 14059, 1075, 715, P0, 0x0000000000000000
2026/09/18 20:36:37.231, 1, 77, 52.50, 0, 13169, 1265, 715, P0, 0x0000000000000000
2026/09/18 20:36:38.249, 0, 79, 104.53, 100, 14059, 885, 715, P0, 0x0000000000000020
2026/09/18 20:36:38.252, 1, 79, 198.73, 100, 13169, 1328, 715, P0, 0x0000000000000000
2026/09/18 20:36:39.262, 0, 79, 111.40, 100, 14059, 1025, 715, P0, 0x0000000000000020
2026/09/18 20:36:39.268, 1, 78, 50.33, 29, 13169, 1189, 715, P0, 0x0000000000000000
2026/09/18 20:36:40.278, 0, 79, 106.40, 100, 14059, 898, 715, P0, 0x0000000000000020
2026/09/18 20:36:40.287, 1, 76, 48.64, 0, 13169, 1189, 715, P0, 0x0000000000000000
2026/09/18 20:36:41.306, 0, 79, 104.22, 100, 14059, 873, 715, P0, 0x0000000000000020
2026/09/18 20:36:41.309, 1, 80, 205.22, 100, 13169, 1328, 715, P0, 0x0000000000000000
2026/09/18 20:36:42.320, 0, 79, 85.34, 100, 14059, 898, 715, P0, 0x0000000000000020
2026/09/18 20:36:42.327, 1, 77, 55.91, 0, 13169, 1316, 715, P0, 0x0000000000000000
2026/09/18 20:36:43.333, 0, 79, 103.70, 100, 14059, 873, 715, P0, 0x0000000000000020
2026/09/18 20:36:43.338, 1, 79, 169.63, 100, 13169, 1265, 715, P0, 0x0000000000000000
2026/09/18 20:36:44.348, 0, 79, 106.82, 100, 14059, 1025, 715, P0, 0x0000000000000020
2026/09/18 20:36:44.351, 1, 79, 51.56, 100, 13169, 1202, 715, P0, 0x0000000000000000
2026/09/18 20:36:45.364, 0, 79, 105.69, 100, 14059, 898, 715, P0, 0x0000000000000020
2026/09/18 20:36:45.367, 1, 77, 49.37, 0, 13169, 1202, 715, P0, 0x0000000000000000
2026/09/18 20:36:46.378, 0, 79, 114.42, 100, 14059, 987, 715, P0, 0x0000000000000020
2026/09/18 20:36:46.388, 1, 80, 203.88, 100, 13169, 1328, 715, P0, 0x0000000000000000
2026/09/18 20:36:47.396, 0, 79, 104.96, 100, 14059, 885, 715, P0, 0x0000000000000020
2026/09/18 20:36:47.407, 1, 77, 52.74, 0, 13169, 1252, 715, P0, 0x0000000000000000
2026/09/18 20:36:48.412, 0, 79, 104.75, 99, 14059, 885, 715, P0, 0x0000000000000020
2026/09/18 20:36:48.415, 1, 78, 144.30, 76, 13169, 1189, 715, P0, 0x0000000000000020
2026/09/18 20:36:49.427, 0, 79, 72.59, 100, 14059, 923, 715, P0, 0x0000000000000000
2026/09/18 20:36:49.431, 1, 79, 147.10, 100, 13169, 1265, 715, P0, 0x0000000000000000
2026/09/18 20:36:50.439, 0, 79, 103.75, 100, 14059, 885, 715, P0, 0x0000000000000000
2026/09/18 20:36:50.448, 1, 77, 52.02, 0, 13169, 1265, 715, P0, 0x0000000000000000
2026/09/18 20:36:51.453, 0, 79, 104.26, 100, 14059, 1012, 715, P0, 0x0000000000000020
2026/09/18 20:36:51.456, 1, 80, 190.81, 100, 13169, 1328, 715, P0, 0x0000000000000000
2026/09/18 20:36:52.467, 0, 79, 105.86, 100, 14059, 898, 715, P0, 0x0000000000000000
2026/09/18 20:36:52.470, 1, 78, 49.61, 0, 13169, 1189, 715, P0, 0x0000000000000000
2026/09/18 20:36:53.482, 0, 79, 112.76, 100, 14059, 1050, 715, P0, 0x0000000000000000
2026/09/18 20:36:53.487, 1, 77, 156.34, 77, 13169, 1316, 715, P0, 0x0000000000000000
2026/09/18 20:36:54.493, 0, 79, 104.91, 100, 14059, 885, 715, P0, 0x0000000000000020
2026/09/18 20:36:54.497, 1, 79, 160.29, 100, 13169, 1278, 715, P0, 0x0000000000000000
2026/09/18 20:36:55.511, 0, 79, 106.86, 100, 14059, 898, 715, P0, 0x0000000000000020
2026/09/18 20:36:55.513, 1, 77, 55.36, 0, 13169, 1316, 715, P0, 0x0000000000000000
2026/09/18 20:36:56.525, 0, 79, 73.76, 100, 14059, 987, 715, P0, 0x0000000000000000
2026/09/18 20:36:56.529, 1, 79, 154.11, 100, 13169, 1303, 715, P0, 0x0000000000000000
2026/09/18 20:36:57.538, 0, 79, 105.84, 100, 14059, 898, 715, P0, 0x0000000000000020
2026/09/18 20:36:57.548, 1, 78, 56.58, 0, 13169, 1316, 715, P0, 0x0000000000000000
2026/09/18 20:36:58.551, 0, 79, 104.43, 100, 14059, 1050, 715, P0, 0x0000000000000020
2026/09/18 20:36:58.554, 1, 77, 164.68, 0, 13169, 1316, 715, P0, 0x0000000000000000
2026/09/18 20:36:59.563, 0, 79, 105.52, 100, 14059, 885, 715, P0, 0x0000000000000020
2026/09/18 20:36:59.569, 1, 80, 139.10, 100, 13169, 1202, 715, P0, 0x0000000000000000
2026/09/18 20:37:00.591, 0, 79, 107.07, 100, 14059, 1025, 715, P0, 0x0000000000000000
2026/09/18 20:37:00.593, 1, 77, 50.78, 0, 13169, 1227, 715, P0, 0x0000000000000000
2026/09/18 20:37:01.607, 0, 79, 103.85, 100, 14059, 873, 715, P0, 0x0000000000000020
2026/09/18 20:37:01.610, 1, 79, 179.87, 100, 13169, 1290, 715, P0, 0x0000000000000020
2026/09/18 20:37:02.617, 0, 79, 114.21, 100, 14059, 1025, 715, P0, 0x0000000000000020
2026/09/18 20:37:02.627, 1, 78, 57.74, 62, 13169, 1328, 715, P0, 0x0000000000000000
2026/09/18 20:37:03.633, 0, 79, 104.69, 100, 14059, 885, 715, P0, 0x0000000000000020
2026/09/18 20:37:03.636, 1, 77, 55.84, 0, 13169, 1328, 715, P0, 0x0000000000000000
2026/09/18 20:37:04.645, 0, 79, 106.00, 100, 14059, 885, 715, P0, 0x0000000000000020
2026/09/18 20:37:04.649, 1, 80, 182.01, 100, 13169, 1290, 715, P0, 0x0000000000000020
2026/09/18 20:37:05.664, 0, 79, 104.47, 100, 14059, 885, 715, P0, 0x0000000000000020
2026/09/18 20:37:05.667, 1, 77, 52.03, 0, 13169, 1240, 715, P0, 0x0000000000000000
2026/09/18 20:37:06.680, 0, 79, 103.56, 99, 14059, 873, 715, P0, 0x0000000000000020
2026/09/18 20:37:06.689, 1, 77, 91.05, 100, 13169, 696, 715, P0, 0x0000000000000020
2026/09/18 20:37:07.696, 0, 79, 82.52, 100, 14059, 1088, 715, P0, 0x0000000000000000
2026/09/18 20:37:07.705, 1, 78, 112.27, 100, 13169, 1025, 715, P0, 0x0000000000000020
2026/09/18 20:37:08.710, 0, 79, 103.49, 100, 14059, 873, 715, P0, 0x0000000000000020
2026/09/18 20:37:08.713, 1, 77, 55.36, 0, 13169, 1316, 715, P0, 0x0000000000000000
2026/09/18 20:37:09.723, 0, 79, 111.60, 100, 14059, 1050, 715, P0, 0x0000000000000020
2026/09/18 20:37:09.726, 1, 80, 196.70, 100, 13169, 1328, 715, P0, 0x0000000000000000
2026/09/18 20:37:10.739, 0, 79, 104.96, 100, 14059, 885, 715, P0, 0x0000000000000020
2026/09/18 20:37:10.746, 1, 77, 52.26, 0, 13169, 1252, 715, P0, 0x0000000000000000
2026/09/18 20:37:11.756, 0, 79, 111.89, 99, 14059, 999, 715, P0, 0x0000000000000020
2026/09/18 20:37:11.768, 1, 77, 150.41, 14, 13169, 1252, 715, P0, 0x0000000000000000
2026/09/18 20:37:12.786, 0, 79, 103.58, 100, 14059, 860, 715, P0, 0x0000000000000020
2026/09/18 20:37:12.788, 1, 80, 137.95, 100, 13169, 1252, 715, P0, 0x0000000000000000
2026/09/18 20:37:13.800, 0, 79, 98.70, 100, 14059, 1025, 715, P0, 0x0000000000000000
2026/09/18 20:37:13.807, 1, 77, 55.39, 0, 13169, 1316, 715, P0, 0x0000000000000000
2026/09/18 20:37:14.811, 0, 79, 104.01, 100, 14059, 885, 715, P0, 0x0000000000000000
2026/09/18 20:37:14.813, 1, 79, 101.44, 100, 13169, 1227, 715, P0, 0x0000000000000000
2026/09/18 20:37:15.824, 0, 79, 115.63, 100, 14059, 974, 715, P0, 0x0000000000000020
2026/09/18 20:37:15.828, 1, 78, 56.80, 60, 13169, 1316, 715, P0, 0x0000000000000000
2026/09/18 20:37:16.840, 0, 79, 105.42, 100, 14059, 898, 715, P0, 0x0000000000000000
2026/09/18 20:37:16.848, 1, 77, 55.60, 0, 13169, 1316, 715, P0, 0x0000000000000000
2026/09/18 20:37:17.853, 0, 79, 105.99, 100, 14059, 898, 715, P0, 0x0000000000000020
2026/09/18 20:37:17.856, 1, 80, 130.59, 100, 13169, 1126, 715, P0, 0x0000000000000020
2026/09/18 20:37:18.866, 0, 79, 104.96, 100, 14059, 885, 715, P0, 0x0000000000000020
2026/09/18 20:37:18.869, 1, 77, 50.58, 0, 13169, 1215, 715, P0, 0x0000000000000000
2026/09/18 20:37:19.882, 0, 79, 103.82, 99, 14059, 873, 715, P0, 0x0000000000000020
2026/09/18 20:37:19.888, 1, 79, 196.12, 100, 13169, 1328, 715, P0, 0x0000000000000000
2026/09/18 20:37:20.894, 0, 79, 85.36, 100, 14059, 873, 715, P0, 0x0000000000000020
2026/09/18 20:37:20.899, 1, 79, 107.82, 100, 13169, 1075, 715, P0, 0x0000000000000020
2026/09/18 20:37:21.909, 0, 79, 103.76, 100, 14059, 873, 715, P0, 0x0000000000000020
2026/09/18 20:37:21.912, 1, 77, 48.89, 0, 13169, 1189, 715, P0, 0x0000000000000000
2026/09/18 20:37:22.924, 0, 79, 98.25, 100, 14059, 1063, 715, P0, 0x0000000000000000
2026/09/18 20:37:22.928, 1, 79, 164.55, 100, 13169, 1328, 715, P0, 0x0000000000000000
2026/09/18 20:37:23.938, 0, 79, 105.92, 100, 14059, 898, 715, P0, 0x0000000000000020
2026/09/18 20:37:23.948, 1, 77, 49.85, 0, 13169, 1189, 715, P0, 0x0000000000000000
2026/09/18 20:37:24.958, 0, 79, 102.57, 99, 14059, 1050, 715, P0, 0x0000000000000000
2026/09/18 20:37:24.967, 1, 77, 138.79, 3, 13169, 1189, 715, P0, 0x0000000000000000
2026/09/18 20:37:25.987, 0, 79, 105.12, 100, 14059, 885, 715, P0, 0x0000000000000000
2026/09/18 20:37:25.990, 1, 80, 123.97, 100, 13169, 1075, 715, P0, 0x0000000000000020
2026/09/18 20:37:27.015, 0, 79, 109.49, 100, 14059, 1025, 715, P0, 0x0000000000000020
2026/09/18 20:37:27.026, 1, 77, 49.12, 0, 13169, 1189, 715, P0, 0x0000000000000000
2026/09/18 20:37:28.045, 0, 79, 104.06, 100, 14059, 860, 715, P0, 0x0000000000000020
2026/09/18 20:37:28.049, 1, 79, 194.49, 100, 13169, 1328, 715, P0, 0x0000000000000000
2026/09/18 20:37:29.059, 0, 79, 96.12, 100, 14059, 1037, 715, P0, 0x0000000000000000
2026/09/18 20:37:29.066, 1, 78, 50.34, 92, 13169, 1189, 715, P0, 0x0000000000000000
2026/09/18 20:37:30.086, 0, 79, 104.97, 100, 14059, 885, 715, P0, 0x0000000000000020
2026/09/18 20:37:30.089, 1, 76, 48.64, 0, 13169, 1189, 715, P0, 0x0000000000000000
2026/09/18 20:37:31.099, 0, 79, 109.73, 100, 14059, 898, 715, P0, 0x0000000000000020
2026/09/18 20:37:31.108, 1, 80, 186.62, 100, 13169, 1290, 715, P0, 0x0000000000000020
2026/09/18 20:37:32.115, 0, 79, 104.95, 100, 14059, 885, 715, P0, 0x0000000000000020
2026/09/18 20:37:32.127, 1, 77, 55.85, 0, 13169, 1316, 715, P0, 0x0000000000000000
2026/09/18 20:37:33.142, 0, 79, 103.87, 100, 14059, 873, 715, P0, 0x0000000000000020
2026/09/18 20:37:33.147, 1, 79, 172.85, 100, 13169, 1290, 715, P0, 0x0000000000000020
2026/09/18 20:37:34.152, 0, 79, 105.41, 100, 14059, 885, 715, P0, 0x0000000000000020
2026/09/18 20:37:34.155, 1, 79, 103.39, 100, 13169, 923, 715, P0, 0x0000000000000020
2026/09/18 20:37:35.181, 0, 79, 104.72, 100, 14059, 885, 715, P0, 0x0000000000000020
2026/09/18 20:37:35.186, 1, 76, 48.88, 0, 13169, 1189, 715, P0, 0x0000000000000000
2026/09/18 20:37:36.193, 0, 79, 75.11, 100, 14059, 885, 715, P0, 0x0000000000000000
2026/09/18 20:37:36.196, 1, 79, 177.12, 100, 13169, 1328, 715, P0, 0x0000000000000000
2026/09/18 20:37:37.208, 0, 79, 104.71, 100, 14059, 885, 715, P0, 0x0000000000000020
2026/09/18 20:37:37.211, 1, 78, 55.85, 0, 13169, 1303, 715, P0, 0x0000000000000000
2026/09/18 20:37:38.220, 0, 79, 88.67, 100, 14059, 885, 715, P0, 0x0000000000000020
2026/09/18 20:37:38.227, 1, 77, 54.22, 0, 13169, 1303, 715, P0, 0x0000000000000000
2026/09/18 20:37:39.235, 0, 79, 103.59, 100, 14059, 873, 715, P0, 0x0000000000000020
2026/09/18 20:37:39.238, 1, 80, 188.77, 100, 13169, 1303, 715, P0, 0x0000000000000000
2026/09/18 20:37:40.249, 0, 79, 70.71, 100, 14059, 987, 715, P0, 0x0000000000000000
2026/09/18 20:37:40.252, 1, 77, 54.26, 0, 13169, 1290, 715, P0, 0x0000000000000000
2026/09/18 20:37:41.263, 0, 79, 104.50, 100, 14059, 885, 715, P0, 0x0000000000000020
2026/09/18 20:37:41.268, 1, 78, 150.39, 100, 13169, 1189, 715, P0, 0x0000000000000020
2026/09/18 20:37:42.276, 0, 79, 99.25, 100, 14059, 1050, 715, P0, 0x0000000000000020
2026/09/18 20:37:42.288, 1, 79, 147.42, 100, 13169, 1252, 715, P0, 0x0000000000000020
2026/09/18 20:37:43.307, 0, 79, 105.20, 100, 14059, 898, 715, P0, 0x0000000000000020
2026/09/18 20:37:43.310, 1, 77, 52.02, 0, 13169, 1252, 715, P0, 0x0000000000000000
2026/09/18 20:37:44.322, 0, 79, 114.19, 100, 14059, 1025, 715, P0, 0x0000000000000020
2026/09/18 20:37:44.328, 1, 80, 199.30, 100, 13169, 1328, 715, P0, 0x0000000000000000
2026/09/18 20:37:45.336, 0, 79, 105.84, 100, 14059, 898, 715, P0, 0x0000000000000020
2026/09/18 20:37:45.347, 1, 78, 54.88, 0, 13169, 1290, 715, P0, 0x0000000000000000
2026/09/18 20:37:46.352, 0, 79, 110.15, 99, 14059, 1050, 715, P0, 0x0000000000000000
2026/09/18 20:37:46.356, 1, 78, 153.94, 14, 13169, 1290, 715, P0, 0x0000000000000020
2026/09/18 20:37:47.367, 0, 79, 105.35, 100, 14059, 885, 715, P0, 0x0000000000000020
2026/09/18 20:37:47.370, 1, 79, 113.11, 100, 13169, 1177, 715, P0, 0x0000000000000020
2026/09/18 20:37:48.379, 0, 79, 108.98, 100, 14059, 999, 715, P0, 0x0000000000000020
2026/09/18 20:37:48.388, 1, 77, 54.16, 0, 13169, 1290, 715, P0, 0x0000000000000000
2026/09/18 20:37:49.394, 0, 79, 104.57, 100, 14059, 885, 715, P0, 0x0000000000000020
2026/09/18 20:37:49.397, 1, 79, 178.44, 100, 13169, 1290, 715, P0, 0x0000000000000000
2026/09/18 20:37:50.411, 0, 79, 97.97, 100, 14059, 1037, 715, P0, 0x0000000000000000
2026/09/18 20:37:50.414, 1, 79, 56.83, 83, 13169, 1316, 715, P0, 0x0000000000000000
2026/09/18 20:37:51.421, 0, 79, 105.60, 100, 14059, 898, 715, P0, 0x0000000000000020
2026/09/18 20:37:51.428, 1, 77, 55.36, 0, 13169, 1316, 715, P0, 0x0000000000000000
2026/09/18 20:37:52.435, 0, 79, 110.73, 100, 14059, 1025, 715, P0, 0x0000000000000020
2026/09/18 20:37:52.447, 1, 80, 172.10, 100, 13169, 1265, 715, P0, 0x0000000000000020
2026/09/18 20:37:53.465, 0, 79, 104.72, 100, 14059, 898, 715, P0, 0x0000000000000000
2026/09/18 20:37:53.469, 1, 77, 49.61, 0, 13169, 1189, 715, P0, 0x0000000000000000
2026/09/18 20:37:54.480, 0, 79, 96.70, 100, 14059, 1037, 715, P0, 0x0000000000000000
2026/09/18 20:37:54.487, 1, 77, 136.90, 0, 13169, 1189, 715, P0, 0x0000000000000000
2026/09/18 20:37:55.491, 0, 79, 103.92, 100, 14059, 873, 715, P0, 0x0000000000000020
2026/09/18 20:37:55.494, 1, 79, 123.53, 100, 13169, 1189, 715, P0, 0x0000000000000000
2026/09/18 20:37:56.505, 0, 79, 102.50, 100, 14059, 1025, 715, P0, 0x0000000000000000
2026/09/18 20:37:56.508, 1, 77, 52.26, 0, 13169, 1252, 715, P0, 0x0000000000000000
2026/09/18 20:37:57.523, 0, 79, 103.27, 100, 14059, 873, 715, P0, 0x0000000000000020
2026/09/18 20:37:57.527, 1, 80, 202.16, 100, 13169, 1328, 715, P0, 0x0000000000000000
2026/09/18 20:37:58.534, 0, 79, 96.84, 100, 14059, 1037, 715, P0, 0x0000000000000000
2026/09/18 20:37:58.545, 1, 78, 50.59, 30, 13169, 1189, 715, P0, 0x0000000000000000
2026/09/18 20:37:59.561, 0, 79, 104.96, 100, 14059, 885, 715, P0, 0x0000000000000020
2026/09/18 20:37:59.566, 1, 76, 48.88, 0, 13169, 1189, 715, P0, 0x0000000000000000
2026/09/18 20:38:00.576, 0, 79, 100.42, 100, 14059, 1050, 715, P0, 0x0000000000000000
2026/09/18 20:38:00.587, 1, 80, 200.03, 100, 13169, 1328, 715, P0, 0x0000000000000000
2026/09/18 20:38:01.604, 0, 79, 104.69, 100, 14059, 885, 715, P0, 0x0000000000000020
2026/09/18 20:38:01.607, 1, 78, 56.09, 0, 13169, 1316, 715, P0, 0x0000000000000000
2026/09/18 20:38:02.627, 0, 79, 111.79, 100, 14059, 1050, 715, P0, 0x0000000000000020
2026/09/18 20:38:02.630, 1, 78, 159.25, 0, 13169, 1316, 715, P0, 0x0000000000000000
2026/09/18 20:38:03.643, 0, 79, 104.54, 100, 14059, 898, 715, P0, 0x0000000000000000
2026/09/18 20:38:03.648, 1, 79, 140.06, 100, 13169, 1227, 715, P0, 0x0000000000000000
2026/09/18 20:38:04.659, 0, 79, 113.73, 100, 14059, 1063, 715, P0, 0x0000000000000020
2026/09/18 20:38:04.664, 1, 77, 51.74, 0, 13169, 1252, 715, P0, 0x0000000000000000
2026/09/18 20:38:05.675, 0, 79, 104.23, 100, 14059, 885, 715, P0, 0x0000000000000000
2026/09/18 20:38:05.686, 1, 79, 201.21, 100, 13169, 1328, 715, P0, 0x0000000000000000
2026/09/18 20:38:06.703, 0, 79, 117.59, 100, 14059, 1063, 715, P0, 0x0000000000000020
2026/09/18 20:38:06.708, 1, 79, 52.22, 67, 13169, 1303, 715, P0, 0x0000000000000020
2026/09/18 20:38:07.719, 0, 79, 104.47, 100, 14059, 885, 715, P0, 0x0000000000000020
2026/09/18 20:38:07.726, 1, 77, 54.40, 0, 13169, 1303, 715, P0, 0x0000000000000000
2026/09/18 20:38:08.732, 0, 79, 113.74, 100, 14059, 1075, 715, P0, 0x0000000000000000
2026/09/18 20:38:08.735, 1, 80, 196.23, 100, 13169, 1328, 715, P0, 0x0000000000000000
2026/09/18 20:38:09.747, 0, 79, 105.67, 100, 14059, 898, 715, P0, 0x0000000000000000
2026/09/18 20:38:09.750, 1, 78, 52.99, 0, 13169, 1265, 715, P0, 0x0000000000000000
2026/09/18 20:38:10.761, 0, 79, 97.98, 100, 14059, 1088, 715, P0, 0x0000000000000000
2026/09/18 20:38:10.765, 1, 77, 126.38, 0, 13169, 1265, 715, P0, 0x0000000000000000
2026/09/18 20:38:11.778, 0, 79, 104.44, 100, 14059, 885, 715, P0, 0x0000000000000020
2026/09/18 20:38:11.786, 1, 80, 155.55, 100, 13169, 1215, 715, P0, 0x0000000000000000
2026/09/18 20:38:12.809, 0, 79, 106.39, 100, 14059, 1113, 715, P0, 0x0000000000000000
2026/09/18 20:38:12.812, 1, 77, 51.05, 0, 13169, 1227, 715, P0, 0x0000000000000000
2026/09/18 20:38:13.821, 0, 79, 104.47, 100, 14059, 885, 715, P0, 0x0000000000000020
2026/09/18 20:38:13.825, 1, 79, 199.41, 100, 13169, 1328, 715, P0, 0x0000000000000000
2026/09/18 20:38:14.832, 0, 79, 76.71, 100, 14059, 974, 715, P0, 0x0000000000000000
2026/09/18 20:38:14.835, 1, 79, 130.53, 100, 13169, 1215, 715, P0, 0x0000000000000000
2026/09/18 20:38:15.846, 0, 79, 104.47, 100, 14059, 885, 715, P0, 0x0000000000000020
2026/09/18 20:38:15.849, 1, 77, 55.36, 0, 13169, 1316, 715, P0, 0x0000000000000000
2026/09/18 20:38:16.857, 0, 79, 68.01, 100, 14059, 1037, 715, P0, 0x0000000000000000
2026/09/18 20:38:16.863, 1, 79, 162.34, 100, 13169, 1316, 715, P0, 0x0000000000000000
2026/09/18 20:38:17.872, 0, 79, 104.71, 100, 14059, 885, 715, P0, 0x0000000000000020
2026/09/18 20:38:17.875, 1, 78, 55.85, 0, 13169, 1303, 715, P0, 0x0000000000000000
2026/09/18 20:38:18.885, 0, 79, 105.91, 100, 14059, 898, 715, P0, 0x0000000000000020
2026/09/18 20:38:18.888, 1, 76, 54.40, 0, 13169, 1303, 715, P0, 0x0000000000000000
2026/09/18 20:38:19.899, 0, 79, 104.65, 100, 14059, 885, 715, P0, 0x0000000000000020
2026/09/18 20:38:19.904, 1, 80, 167.01, 100, 13169, 1252, 715, P0, 0x0000000000000020
2026/09/18 20:38:20.915, 0, 79, 105.92, 100, 14059, 898, 715, P0, 0x0000000000000020
2026/09/18 20:38:20.924, 1, 77, 49.37, 0, 13169, 1189, 715, P0, 0x0000000000000000
2026/09/18 20:38:21.928, 0, 79, 105.14, 100, 14059, 885, 715, P0, 0x0000000000000020
2026/09/18 20:38:21.932, 1, 78, 169.14, 100, 13169, 1316, 715, P0, 0x0000000000000000
2026/09/18 20:38:22.936, 0, 79, 105.10, 100, 14059, 885, 715, P0, 0x0000000000000000
2026/09/18 20:38:22.945, 1, 80, 161.12, 100, 13169, 1316, 715, P0, 0x0000000000000020
2026/09/18 20:38:23.952, 0, 79, 113.95, 100, 14059, 1050, 715, P0, 0x0000000000000000
2026/09/18 20:38:23.955, 1, 77, 56.07, 0, 13169, 1328, 715, P0, 0x0000000000000000
2026/09/18 20:38:24.966, 0, 79, 104.65, 100, 14059, 885, 715, P0, 0x0000000000000020
2026/09/18 20:38:24.968, 1, 79, 169.99, 100, 13169, 1290, 715, P0, 0x0000000000000020
2026/09/18 20:38:25.981, 0, 79, 98.95, 100, 14059, 1025, 715, P0, 0x0000000000000000
2026/09/18 20:38:25.985, 1, 78, 53.73, 27, 13169, 1252, 715, P0, 0x0000000000000000
2026/09/18 20:38:26.994, 0, 79, 104.72, 100, 14059, 885, 715, P0, 0x0000000000000020
2026/09/18 20:38:27.005, 1, 76, 51.78, 0, 13169, 1252, 715, P0, 0x0000000000000000
2026/09/18 20:38:28.024, 0, 79, 106.60, 100, 14059, 1025, 715, P0, 0x0000000000000020
2026/09/18 20:38:28.027, 1, 80, 204.78, 100, 13169, 1290, 715, P0, 0x0000000000000020
2026/09/18 20:38:29.036, 0, 79, 105.84, 100, 14059, 898, 715, P0, 0x0000000000000020
2026/09/18 20:38:29.045, 1, 77, 54.88, 0, 13169, 1290, 715, P0, 0x0000000000000000
2026/09/18 20:38:30.050, 0, 79, 113.73, 100, 14059, 1063, 715, P0, 0x0000000000000000
2026/09/18 20:38:30.054, 1, 77, 150.76, 0, 13169, 1290, 715, P0, 0x0000000000000020
2026/09/18 20:38:31.063, 0, 79, 104.66, 100, 14059, 885, 715, P0, 0x0000000000000020
2026/09/18 20:38:31.066, 1, 79, 162.83, 100, 13169, 1227, 715, P0, 0x0000000000000020
2026/09/18 20:38:32.078, 0, 79, 100.62, 100, 14059, 1075, 715, P0, 0x0000000000000020
2026/09/18 20:38:32.083, 1, 77, 54.17, 0, 13169, 1290, 715, P0, 0x0000000000000000
2026/09/18 20:38:33.092, 0, 79, 104.30, 100, 14059, 885, 715, P0, 0x0000000000000000
2026/09/18 20:38:33.104, 1, 79, 195.41, 100, 13169, 1328, 715, P0, 0x0000000000000000
2026/09/18 20:38:34.121, 0, 79, 93.45, 100, 14059, 1113, 715, P0, 0x0000000000000000
2026/09/18 20:38:34.125, 1, 79, 51.55, 66, 13169, 1290, 715, P0, 0x0000000000000000
2026/09/18 20:38:35.138, 0, 79, 104.71, 100, 14059, 885, 715, P0, 0x0000000000000020
2026/09/18 20:38:35.144, 1, 77, 53.91, 0, 13169, 1290, 715, P0, 0x0000000000000000
2026/09/18 20:38:36.154, 0, 79, 81.34, 100, 14059, 961, 715, P0, 0x0000000000000000
2026/09/18 20:38:36.164, 1, 79, 168.52, 100, 13169, 1316, 715, P0, 0x0000000000000000
2026/09/18 20:38:37.181, 0, 79, 105.65, 100, 14059, 885, 715, P0, 0x0000000000000020
2026/09/18 20:38:37.184, 1, 78, 56.58, 0, 13169, 1316, 715, P0, 0x0000000000000000
2026/09/18 20:38:38.193, 0, 79, 106.08, 100, 14059, 898, 715, P0, 0x0000000000000020
2026/09/18 20:38:38.203, 1, 77, 55.12, 0, 13169, 1316, 715, P0, 0x0000000000000000
2026/09/18 20:38:39.221, 0, 79, 104.91, 100, 14059, 885, 715, P0, 0x0000000000000020
2026/09/18 20:38:39.224, 1, 80, 164.25, 100, 13169, 1240, 715, P0, 0x0000000000000000
2026/09/18 20:38:40.235, 0, 79, 105.13, 100, 14059, 885, 715, P0, 0x0000000000000020
2026/09/18 20:38:40.243, 1, 77, 53.91, 0, 13169, 1278, 715, P0, 0x0000000000000000
2026/09/18 20:38:41.249, 0, 79, 109.75, 99, 14059, 911, 715, P0, 0x0000000000000020
2026/09/18 20:38:41.252, 1, 78, 183.56, 48, 13169, 1328, 715, P0, 0x0000000000000000
2026/09/18 20:38:42.265, 0, 79, 105.50, 100, 14059, 885, 715, P0, 0x0000000000000020
2026/09/18 20:38:42.268, 1, 79, 133.95, 100, 13169, 1189, 715, P0, 0x0000000000000000
2026/09/18 20:38:43.280, 0, 79, 112.77, 100, 14059, 1050, 715, P0, 0x0000000000000020
2026/09/18 20:38:43.283, 1, 77, 54.12, 0, 13169, 1290, 715, P0, 0x0000000000000000
2026/09/18 20:38:44.294, 0, 79, 104.56, 100, 14059, 885, 715, P0, 0x0000000000000020
2026/09/18 20:38:44.302, 1, 79, 180.82, 100, 13169, 1290, 715, P0, 0x0000000000000020
2026/09/18 20:38:45.320, 0, 79, 103.99, 100, 14059, 999, 715, P0, 0x0000000000000020
2026/09/18 20:38:45.324, 1, 79, 54.20, 100, 13169, 1252, 715, P0, 0x0000000000000000
2026/09/18 20:38:46.335, 0, 79, 105.91, 100, 14059, 898, 715, P0, 0x0000000000000020
2026/09/18 20:38:46.342, 1, 77, 52.02, 0, 13169, 1252, 715, P0, 0x0000000000000000
2026/09/18 20:38:47.351, 0, 79, 99.57, 100, 14059, 1063, 715, P0, 0x0000000000000000
2026/09/18 20:38:47.363, 1, 79, 194.33, 100, 13169, 1328, 715, P0, 0x0000000000000000
2026/09/18 20:38:48.381, 0, 79, 104.69, 100, 14059, 885, 715, P0, 0x0000000000000020
2026/09/18 20:38:48.384, 1, 78, 55.85, 0, 13169, 1303, 715, P0, 0x0000000000000000
2026/09/18 20:38:49.398, 0, 79, 105.67, 100, 14059, 898, 715, P0, 0x0000000000000020
2026/09/18 20:38:49.403, 1, 77, 54.40, 0, 13169, 1303, 715, P0, 0x0000000000000000
2026/09/18 20:38:50.412, 0, 79, 103.71, 100, 14059, 873, 715, P0, 0x0000000000000020
2026/09/18 20:38:50.423, 1, 80, 153.88, 100, 13169, 1202, 715, P0, 0x0000000000000000
2026/09/18 20:38:51.441, 0, 79, 104.97, 100, 14059, 885, 715, P0, 0x0000000000000020
2026/09/18 20:38:51.444, 1, 77, 49.37, 0, 13169, 1189, 715, P0, 0x0000000000000000
2026/09/18 20:38:52.453, 0, 79, 105.44, 99, 14059, 873, 715, P0, 0x0000000000000020
2026/09/18 20:38:52.466, 1, 78, 188.16, 67, 13169, 1316, 715, P0, 0x0000000000000000
2026/09/18 20:38:53.482, 0, 79, 104.56, 100, 14059, 873, 715, P0, 0x0000000000000020
2026/09/18 20:38:53.485, 1, 80, 125.21, 100, 13169, 1189, 715, P0, 0x0000000000000000
2026/09/18 20:38:54.494, 0, 79, 100.62, 100, 14059, 1025, 715, P0, 0x0000000000000020
2026/09/18 20:38:54.501, 1, 77, 55.38, 0, 13169, 1316, 715, P0, 0x0000000000000000
2026/09/18 20:38:55.508, 0, 79, 104.57, 100, 14059, 885, 715, P0, 0x0000000000000020
2026/09/18 20:38:55.511, 1, 79, 180.11, 100, 13169, 1290, 715, P0, 0x0000000000000020
2026/09/18 20:38:56.524, 0, 79, 102.56, 100, 14059, 999, 715, P0, 0x0000000000000020
2026/09/18 20:38:56.527, 1, 79, 52.28, 100, 13169, 1215, 715, P0, 0x0000000000000000
2026/09/18 20:38:57.542, 0, 79, 104.47, 100, 14059, 885, 715, P0, 0x0000000000000020
2026/09/18 20:38:57.545, 1, 77, 50.09, 0, 13169, 1215, 715, P0, 0x0000000000000000
2026/09/18 20:38:58.559, 0, 79, 100.44, 100, 14059, 1075, 715, P0, 0x0000000000000020
2026/09/18 20:38:58.562, 1, 80, 152.12, 100, 13169, 1290, 715, P0, 0x0000000000000020
2026/09/18 20:38:59.573, 0, 79, 104.96, 100, 14059, 898, 715, P0, 0x0000000000000000
2026/09/18 20:38:59.584, 1, 78, 51.05, 0, 13169, 1215, 715, P0, 0x0000000000000000
2026/09/18 20:39:00.602, 0, 79, 105.92, 100, 14059, 898, 715, P0, 0x0000000000000020
2026/09/18 20:39:00.605, 1, 76, 50.09, 0, 13169, 1215, 715, P0, 0x0000000000000000
2026/09/18 20:39:01.619, 0, 79, 105.50, 100, 14059, 885, 715, P0, 0x0000000000000020
2026/09/18 20:39:01.621, 1, 79, 134.11, 100, 13169, 1139, 715, P0, 0x0000000000000000
2026/09/18 20:39:02.633, 0, 79, 105.92, 100, 14059, 898, 715, P0, 0x0000000000000020
2026/09/18 20:39:02.642, 1, 77, 50.57, 0, 13169, 1215, 715, P0, 0x0000000000000000
2026/09/18 20:39:03.648, 0, 79, 111.18, 99, 14059, 936, 715, P0, 0x0000000000000020
2026/09/18 20:39:03.651, 1, 78, 182.34, 59, 13169, 1328, 715, P0, 0x0000000000000000
2026/09/18 20:39:04.659, 0, 79, 105.25, 100, 14059, 885, 715, P0, 0x0000000000000000
2026/09/18 20:39:04.662, 1, 80, 147.88, 100, 13169, 1290, 715, P0, 0x0000000000000000
2026/09/18 20:39:05.671, 0, 79, 108.74, 100, 14059, 974, 715, P0, 0x0000000000000020
2026/09/18 20:39:05.681, 1, 77, 55.36, 0, 13169, 1316, 715, P0, 0x0000000000000000
2026/09/18 20:39:06.690, 0, 79, 104.46, 100, 14059, 885, 715, P0, 0x0000000000000000
2026/09/18 20:39:06.701, 1, 79, 199.41, 100, 13169, 1328, 715, P0, 0x0000000000000000
2026/09/18 20:39:07.708, 0, 79, 80.35, 100, 14059, 999, 715, P0, 0x0000000000000000
2026/09/18 20:39:07.711, 1, 79, 95.45, 100, 13169, 1202, 715, P0, 0x0000000000000000
2026/09/18 20:39:08.725, 0, 79, 105.91, 100, 14059, 898, 715, P0, 0x0000000000000020
2026/09/18 20:39:08.728, 1, 77, 54.40, 0, 13169, 1303, 715, P0, 0x0000000000000000
2026/09/18 20:39:09.741, 0, 79, 104.75, 100, 14059, 885, 715, P0, 0x0000000000000020
2026/09/18 20:39:09.744, 1, 79, 150.12, 100, 13169, 1290, 715, P0, 0x0000000000000000
2026/09/18 20:39:10.754, 0, 79, 114.43, 100, 14059, 923, 715, P0, 0x0000000000000020
2026/09/18 20:39:10.764, 1, 78, 56.53, 0, 13169, 1316, 715, P0, 0x0000000000000000
2026/09/18 20:39:11.770, 0, 79, 105.60, 100, 14059, 898, 715, P0, 0x0000000000000020
2026/09/18 20:39:11.782, 1, 77, 55.12, 0, 13169, 1316, 715, P0, 0x0000000000000000
2026/09/18 20:39:12.799, 0, 79, 110.99, 100, 14059, 1025, 715, P0, 0x0000000000000020
2026/09/18 20:39:12.803, 1, 79, 164.37, 100, 13169, 1252, 715, P0, 0x0000000000000020
2026/09/18 20:39:13.810, 0, 79, 104.71, 100, 14059, 885, 715, P0, 0x0000000000000020
2026/09/18 20:39:13.822, 1, 77, 55.61, 0, 13169, 1303, 715, P0, 0x0000000000000000
2026/09/18 20:39:14.835, 0, 79, 97.99, 100, 14059, 1075, 715, P0, 0x0000000000000000
2026/09/18 20:39:14.841, 1, 77, 138.13, 0, 13169, 1303, 715, P0, 0x0000000000000000
2026/09/18 20:39:15.858, 0, 79, 104.42, 100, 14059, 885, 715, P0, 0x0000000000000020
2026/09/18 20:39:15.863, 1, 80, 164.03, 100, 13169, 1240, 715, P0, 0x0000000000000000
2026/09/18 20:39:16.873, 0, 79, 106.16, 100, 14059, 885, 715, P0, 0x0000000000000020
2026/09/18 20:39:16.884, 1, 77, 51.05, 0, 13169, 1227, 715, P0, 0x0000000000000000
2026/09/18 20:39:17.899, 0, 79, 105.26, 99, 14059, 885, 715, P0, 0x0000000000000020
2026/09/18 20:39:17.902, 1, 78, 190.78, 73, 13169, 1328, 715, P0, 0x0000000000000000
2026/09/18 20:39:18.911, 0, 79, 105.28, 100, 14059, 885, 715, P0, 0x0000000000000020
2026/09/18 20:39:18.923, 1, 79, 134.43, 100, 13169, 1189, 715, P0, 0x0000000000000000
2026/09/18 20:39:19.927, 0, 79, 110.69, 100, 14059, 1037, 715, P0, 0x0000000000000000
2026/09/18 20:39:19.931, 1, 77, 49.12, 0, 13169, 1189, 715, P0, 0x0000000000000000
2026/09/18 20:39:20.943, 0, 79, 104.54, 100, 14059, 885, 715, P0, 0x0000000000000000
2026/09/18 20:39:20.945, 1, 79, 195.64, 100, 13169, 1328, 715, P0, 0x0000000000000000
2026/09/18 20:39:21.954, 0, 79, 93.69, 100, 14059, 1075, 715, P0, 0x0000000000000000
2026/09/18 20:39:21.961, 1, 79, 50.82, 100, 13169, 1189, 715, P0, 0x0000000000000000
2026/09/18 20:39:22.968, 0, 79, 104.71, 100, 14059, 885, 715, P0, 0x0000000000000020
2026/09/18 20:39:22.971, 1, 77, 54.64, 0, 13169, 1303, 715, P0, 0x0000000000000000
2026/09/18 20:39:23.985, 0, 79, 104.18, 100, 14059, 885, 715, P0, 0x0000000000000000
2026/09/18 20:39:23.988, 1, 79, 166.08, 100, 13169, 1316, 715, P0, 0x0000000000000020
2026/09/18 20:39:24.995, 0, 79, 112.52, 100, 14059, 1050, 715, P0, 0x0000000000000000
2026/09/18 20:39:25.001, 1, 78, 56.32, 0, 13169, 1303, 715, P0, 0x0000000000000000
2026/09/18 20:39:26.011, 0, 79, 106.08, 100, 14059, 898, 715, P0, 0x0000000000000020
2026/09/18 20:39:26.020, 1, 77, 54.40, 0, 13169, 1303, 715, P0, 0x0000000000000000
2026/09/18 20:39:27.038, 0, 79, 99.56, 100, 14059, 1037, 715, P0, 0x0000000000000000
2026/09/18 20:39:27.041, 1, 80, 184.77, 100, 13169, 1328, 715, P0, 0x0000000000000000
2026/09/18 20:39:28.052, 0, 79, 105.84, 100, 14059, 898, 715, P0, 0x0000000000000020
2026/09/18 20:39:28.060, 1, 78, 56.32, 0, 13169, 1316, 715, P0, 0x0000000000000000
2026/09/18 20:39:29.064, 0, 79, 106.40, 100, 14059, 898, 715, P0, 0x0000000000000020
2026/09/18 20:39:29.068, 1, 77, 55.12, 0, 13169, 1316, 715, P0, 0x0000000000000000
2026/09/18 20:39:30.078, 0, 79, 105.62, 100, 14059, 885, 715, P0, 0x0000000000000020
2026/09/18 20:39:30.080, 1, 80, 164.49, 100, 13169, 1240, 715, P0, 0x0000000000000000
2026/09/18 20:39:31.092, 0, 79, 106.09, 100, 14059, 898, 715, P0, 0x0000000000000000
2026/09/18 20:39:31.100, 1, 77, 52.47, 0, 13169, 1265, 715, P0, 0x0000000000000000
2026/09/18 20:39:32.108, 0, 79, 107.60, 99, 14059, 1025, 715, P0, 0x0000000000000000
2026/09/18 20:39:32.111, 1, 77, 144.75, 12, 13169, 1265, 715, P0, 0x0000000000000000
2026/09/18 20:39:33.120, 0, 79, 103.95, 100, 14059, 885, 715, P0, 0x0000000000000000
2026/09/18 20:39:33.123, 1, 78, 109.37, 100, 13169, 974, 715, P0, 0x0000000000000020
2026/09/18 20:39:34.130, 0, 79, 71.68, 100, 14059, 1025, 715, P0, 0x0000000000000000
2026/09/18 20:39:34.139, 1, 77, 49.23, 0, 13169, 1189, 715, P0, 0x0000000000000000
2026/09/18 20:39:35.144, 0, 79, 102.87, 100, 14059, 860, 715, P0, 0x0000000000000020
2026/09/18 20:39:35.147, 1, 79, 191.97, 87, 13169, 1316, 715, P0, 0x0000000000000000
2026/09/18 20:39:36.156, 0, 79, 105.25, 100, 14059, 885, 715, P0, 0x0000000000000020
2026/09/18 20:39:36.161, 1, 79, 136.82, 100, 13169, 1189, 715, P0, 0x0000000000000000
2026/09/18 20:39:37.169, 0, 79, 97.98, 100, 14059, 1037, 715, P0, 0x0000000000000000
2026/09/18 20:39:37.180, 1, 77, 50.83, 0, 13169, 1227, 715, P0, 0x0000000000000000
2026/09/18 20:39:38.187, 0, 79, 104.42, 100, 14059, 885, 715, P0, 0x0000000000000020
2026/09/18 20:39:38.190, 1, 79, 164.25, 100, 13169, 1227, 715, P0, 0x0000000000000020
2026/09/18 20:39:39.201, 0, 79, 107.06, 100, 14059, 1101, 715, P0, 0x0000000000000020
2026/09/18 20:39:39.207, 1, 79, 55.14, 77, 13169, 1290, 715, P0, 0x0000000000000000
2026/09/18 20:39:40.212, 0, 79, 103.74, 100, 14059, 885, 715, P0, 0x0000000000000000
2026/09/18 20:39:40.220, 1, 77, 53.22, 0, 13169, 1290, 715, P0, 0x0000000000000000
2026/09/18 20:39:41.229, 0, 79, 104.17, 100, 14059, 873, 715, P0, 0x0000000000000020
2026/09/18 20:39:41.239, 1, 79, 168.47, 100, 13169, 1328, 715, P0, 0x0000000000000000
2026/09/18 20:39:42.245, 0, 79, 109.00, 100, 14059, 1037, 715, P0, 0x0000000000000000
2026/09/18 20:39:42.248, 1, 78, 55.37, 0, 13169, 1290, 715, P0, 0x0000000000000000
2026/09/18 20:39:43.266, 0, 79, 104.95, 100, 14059, 885, 715, P0, 0x0000000000000020
2026/09/18 20:39:43.268, 1, 77, 53.68, 0, 13169, 1290, 715, P0, 0x0000000000000000
2026/09/18 20:39:44.280, 0, 79, 99.29, 100, 14059, 1063, 715, P0, 0x0000000000000020
2026/09/18 20:39:44.283, 1, 80, 198.41, 100, 13169, 1328, 715, P0, 0x0000000000000000
2026/09/18 20:39:45.293, 0, 79, 103.75, 100, 14059, 873, 715, P0, 0x0000000000000020
2026/09/18 20:39:45.298, 1, 78, 52.03, 0, 13169, 1227, 715, P0, 0x0000000000000000
2026/09/18 20:39:46.309, 0, 79, 105.14, 100, 14059, 885, 715, P0, 0x0000000000000020
2026/09/18 20:39:46.318, 1, 76, 50.57, 0, 13169, 1227, 715, P0, 0x0000000000000000
2026/09/18 20:39:47.326, 0, 79, 95.73, 100, 14059, 1012, 715, P0, 0x0000000000000000
2026/09/18 20:39:47.329, 1, 79, 145.53, 100, 13169, 1189, 715, P0, 0x0000000000000020
2026/09/18 20:39:48.342, 0, 79, 105.43, 100, 14059, 885, 715, P0, 0x0000000000000020
2026/09/18 20:39:48.345, 1, 77, 54.64, 0, 13169, 1290, 715, P0, 0x0000000000000000
2026/09/18 20:39:49.351, 0, 79, 93.50, 100, 14059, 885, 715, P0, 0x0000000000000020
2026/09/18 20:39:49.359, 1, 76, 53.73, 0, 13169, 1290, 715, P0, 0x0000000000000000
2026/09/18 20:39:50.366, 0, 79, 104.04, 100, 14059, 873, 715, P0, 0x0000000000000020
2026/09/18 20:39:50.378, 1, 80, 140.80, 100, 13169, 1126, 715, P0, 0x0000000000000020
2026/09/18 20:39:51.395, 0, 79, 104.24, 100, 14059, 873, 715, P0, 0x0000000000000020
2026/09/18 20:39:51.399, 1, 77, 49.85, 0, 13169, 1202, 715, P0, 0x0000000000000000
2026/09/18 20:39:52.407, 0, 79, 102.63, 99, 14059, 999, 715, P0, 0x0000000000000020
2026/09/18 20:39:52.409, 1, 77, 142.51, 0, 13169, 1202, 715, P0, 0x0000000000000000
2026/09/18 20:39:53.419, 0, 79, 104.53, 100, 14059, 885, 715, P0, 0x0000000000000020
2026/09/18 20:39:53.424, 1, 80, 123.10, 100, 13169, 1328, 715, P0, 0x0000000000000000
2026/09/18 20:39:54.430, 0, 79, 106.80, 100, 14059, 911, 715, P0, 0x0000000000000000
2026/09/18 20:39:54.439, 1, 77, 54.88, 0, 13169, 1303, 715, P0, 0x0000000000000000
2026/09/18 20:39:55.445, 0, 79, 105.27, 99, 14059, 885, 715, P0, 0x0000000000000020
2026/09/18 20:39:55.449, 1, 79, 186.86, 100, 13169, 1328, 715, P0, 0x0000000000000000
2026/09/18 20:39:56.457, 0, 79, 104.91, 100, 14059, 873, 715, P0, 0x0000000000000020
2026/09/18 20:39:56.464, 1, 79, 160.21, 100, 13169, 1265, 715, P0, 0x0000000000000020
2026/09/18 20:39:57.471, 0, 79, 106.33, 100, 14059, 1075, 715, P0, 0x0000000000000020
2026/09/18 20:39:57.479, 1, 77, 51.54, 0, 13169, 1252, 715, P0, 0x0000000000000000
2026/09/18 20:39:58.489, 0, 79, 102.79, 100, 14059, 873, 715, P0, 0x0000000000000000
2026/09/18 20:39:58.502, 1, 79, 199.45, 100, 13169, 1328, 715, P0, 0x0000000000000000
2026/09/18 20:39:59.521, 0, 79, 104.25, 100, 14059, 873, 715, P0, 0x0000000000000020
2026/09/18 20:39:59.526, 1, 79, 115.32, 100, 13169, 1139, 715, P0, 0x0000000000000000
2026/09/18 20:40:00.535, 0, 79, 102.08, 100, 14059, 987, 715, P0, 0x0000000000000020
2026/09/18 20:40:00.540, 1, 77, 50.82, 0, 13169, 1227, 715, P0, 0x0000000000000000
2026/09/18 20:40:01.552, 0, 79, 102.79, 100, 14059, 860, 715, P0, 0x0000000000000020
2026/09/18 20:40:01.559, 1, 79, 199.21, 100, 13169, 1328, 715, P0, 0x0000000000000000
2026/09/18 20:40:02.565, 0, 79, 104.23, 100, 14059, 873, 715, P0, 0x0000000000000020
2026/09/18 20:40:02.568, 1, 79, 95.37, 100, 13169, 1215, 715, P0, 0x0000000000000000
2026/09/18 20:40:03.583, 0, 79, 109.45, 100, 14059, 898, 715, P0, 0x0000000000000020
2026/09/18 20:40:03.586, 1, 77, 54.63, 0, 13169, 1303, 715, P0, 0x0000000000000000
2026/09/18 20:40:04.593, 0, 79, 104.47, 100, 14059, 885, 715, P0, 0x0000000000000000
2026/09/18 20:40:04.599, 1, 80, 200.98, 100, 13169, 1328, 715, P0, 0x0000000000000000
2026/09/18 20:40:05.608, 0, 79, 114.22, 100, 14059, 1050, 715, P0, 0x0000000000000020
2026/09/18 20:40:05.618, 1, 78, 51.05, 100, 13169, 1189, 715, P0, 0x0000000000000000
2026/09/18 20:40:06.634, 0, 79, 104.72, 100, 14059, 885, 715, P0, 0x0000000000000020
2026/09/18 20:40:06.639, 1, 76, 48.64, 0, 13169, 1189, 715, P0, 0x0000000000000000
2026/09/18 20:40:07.660, 0, 79, 103.96, 100, 14059, 873, 715, P0, 0x0000000000000020
2026/09/18 20:40:07.663, 1, 79, 152.32, 100, 13169, 1316, 715, P0, 0x0000000000000020
2026/09/18 20:40:08.669, 0, 79, 97.98, 100, 14059, 1037, 715, P0, 0x0000000000000000
2026/09/18 20:40:08.678, 1, 78, 56.12, 0, 13169, 1303, 715, P0, 0x0000000000000000
2026/09/18 20:40:09.688, 0, 79, 105.66, 100, 14059, 898, 715, P0, 0x0000000000000020
2026/09/18 20:40:09.697, 1, 77, 54.40, 0, 13169, 1303, 715, P0, 0x0000000000000000
2026/09/18 20:40:10.715, 0, 79, 111.07, 100, 14059, 1088, 715, P0, 0x0000000000000000
2026/09/18 20:40:10.718, 1, 79, 166.21, 100, 13169, 1328, 715, P0, 0x0000000000000000
2026/09/18 20:40:11.732, 0, 79, 104.88, 100, 14059, 885, 715, P0, 0x0000000000000020
2026/09/18 20:40:11.737, 1, 78, 56.58, 0, 13169, 1316, 715, P0, 0x0000000000000000
2026/09/18 20:40:12.750, 0, 79, 105.84, 100, 14059, 885, 715, P0, 0x0000000000000020
2026/09/18 20:40:12.760, 1, 77, 55.12, 0, 13169, 1316, 715, P0, 0x0000000000000000
2026/09/18 20:40:13.777, 0, 79, 111.38, 100, 14059, 1050, 715, P0, 0x0000000000000000
2026/09/18 20:40:13.780, 1, 79, 136.23, 100, 13169, 1139, 715, P0, 0x0000000000000020
2026/09/18 20:40:14.792, 0, 79, 104.89, 100, 14059, 885, 715, P0, 0x0000000000000020
2026/09/18 20:40:14.797, 1, 78, 55.37, 0, 13169, 1303, 715, P0, 0x0000000000000000
2026/09/18 20:40:15.805, 0, 79, 105.13, 100, 14059, 885, 715, P0, 0x0000000000000020
2026/09/18 20:40:15.808, 1, 76, 54.40, 0, 13169, 1303, 715, P0, 0x0000000000000000
2026/09/18 20:40:16.817, 0, 79, 114.17, 100, 14059, 961, 715, P0, 0x0000000000000020
2026/09/18 20:40:16.821, 1, 80, 157.90, 100, 13169, 1227, 715, P0, 0x0000000000000020
2026/09/18 20:40:17.833, 0, 79, 105.84, 100, 14059, 898, 715, P0, 0x0000000000000000
2026/09/18 20:40:17.838, 1, 77, 56.09, 0, 13169, 1316, 715, P0, 0x0000000000000000
2026/09/18 20:40:18.845, 0, 79, 69.97, 100, 14059, 961, 715, P0, 0x0000000000000000
2026/09/18 20:40:18.848, 1, 76, 54.99, 0, 13169, 1316, 715, P0, 0x0000000000000000
2026/09/18 20:40:19.862, 0, 79, 104.88, 100, 14059, 885, 715, P0, 0x0000000000000020
2026/09/18 20:40:19.865, 1, 80, 168.20, 100, 13169, 1227, 715, P0, 0x0000000000000020
2026/09/18 20:40:20.874, 0, 79, 106.32, 100, 14059, 885, 715, P0, 0x0000000000000020
2026/09/18 20:40:20.879, 1, 77, 55.11, 0, 13169, 1303, 715, P0, 0x0000000000000000
2026/09/18 20:40:21.890, 0, 79, 111.82, 100, 14059, 1050, 715, P0, 0x0000000000000020
2026/09/18 20:40:21.895, 1, 77, 153.88, 18, 13169, 1290, 715, P0, 0x0000000000000020
2026/09/18 20:40:22.914, 0, 79, 103.70, 100, 14059, 873, 715, P0, 0x0000000000000020
2026/09/18 20:40:22.917, 1, 80, 164.49, 100, 13169, 1189, 715, P0, 0x0000000000000020
2026/09/18 20:40:23.942, 0, 79, 106.08, 100, 14059, 898, 715, P0, 0x0000000000000020
2026/09/18 20:40:23.945, 1, 77, 55.60, 0, 13169, 1316, 715, P0, 0x0000000000000000
2026/09/18 20:40:24.955, 0, 79, 111.21, 99, 14059, 1050, 715, P0, 0x0000000000000000
2026/09/18 20:40:24.959, 1, 78, 184.50, 36, 13169, 1316, 715, P0, 0x0000000000000000
2026/09/18 20:40:25.966, 0, 79, 105.11, 100, 14059, 885, 715, P0, 0x0000000000000020
2026/09/18 20:40:25.977, 1, 79, 112.48, 100, 13169, 1126, 715, P0, 0x0000000000000000
2026/09/18 20:40:26.994, 0, 79, 104.72, 100, 14059, 885, 715, P0, 0x0000000000000020
2026/09/18 20:40:26.998, 1, 77, 49.12, 0, 13169, 1189, 715, P0, 0x0000000000000000
2026/09/18 20:40:28.006, 0, 79, 105.19, 99, 14059, 873, 715, P0, 0x0000000000000020
2026/09/18 20:40:28.019, 1, 78, 193.76, 49, 13169, 1328, 715, P0, 0x0000000000000000
2026/09/18 20:40:29.034, 0, 79, 105.02, 100, 14059, 885, 715, P0, 0x0000000000000020
2026/09/18 20:40:29.037, 1, 80, 138.18, 100, 13169, 1252, 715, P0, 0x0000000000000000
2026/09/18 20:40:30.048, 0, 79, 114.43, 100, 14059, 1101, 715, P0, 0x0000000000000020
2026/09/18 20:40:30.057, 1, 77, 51.49, 0, 13169, 1252, 715, P0, 0x0000000000000000
2026/09/18 20:40:31.065, 0, 79, 103.82, 99, 14059, 873, 715, P0, 0x0000000000000020
2026/09/18 20:40:31.076, 1, 79, 196.36, 100, 13169, 1328, 715, P0, 0x0000000000000000
2026/09/18 20:40:32.090, 0, 79, 104.39, 100, 14059, 873, 715, P0, 0x0000000000000020
2026/09/18 20:40:32.096, 1, 79, 127.13, 100, 13169, 1215, 715, P0, 0x0000000000000020
2026/09/18 20:40:33.104, 0, 79, 96.11, 100, 14059, 1037, 715, P0, 0x0000000000000000
2026/09/18 20:40:33.115, 1, 77, 52.27, 0, 13169, 1265, 715, P0, 0x0000000000000000
2026/09/18 20:40:34.134, 0, 79, 104.78, 100, 14059, 885, 715, P0, 0x0000000000000000
2026/09/18 20:40:34.137, 1, 79, 195.17, 100, 13169, 1328, 715, P0, 0x0000000000000000
2026/09/18 20:40:35.147, 0, 79, 106.00, 100, 14059, 885, 715, P0, 0x0000000000000020
2026/09/18 20:40:35.156, 1, 79, 129.01, 100, 13169, 1189, 715, P0, 0x0000000000000020
2026/09/18 20:40:36.167, 0, 79, 109.41, 100, 14059, 1063, 715, P0, 0x0000000000000000
2026/09/18 20:40:36.176, 1, 77, 54.65, 0, 13169, 1303, 715, P0, 0x0000000000000000
2026/09/18 20:40:37.193, 0, 79, 105.29, 100, 14059, 885, 715, P0, 0x0000000000000020
2026/09/18 20:40:37.196, 1, 79, 176.42, 100, 13169, 1278, 715, P0, 0x0000000000000000
2026/09/18 20:40:38.210, 0, 79, 74.70, 100, 14059, 987, 715, P0, 0x0000000000000000
2026/09/18 20:40:38.215, 1, 79, 68.68, 100, 13169, 1189, 715, P0, 0x0000000000000000
2026/09/18 20:40:39.223, 0, 79, 108.00, 100, 14059, 911, 715, P0, 0x0000000000000020
2026/09/18 20:40:39.226, 1, 77, 53.91, 0, 13169, 1290, 715, P0, 0x0000000000000000
2026/09/18 20:40:40.235, 0, 79, 103.09, 100, 14059, 860, 715, P0, 0x0000000000000020
2026/09/18 20:40:40.238, 1, 80, 201.45, 100, 13169, 1328, 715, P0, 0x0000000000000000
2026/09/18 20:40:41.249, 0, 79, 91.10, 100, 14059, 1088, 715, P0, 0x0000000000000000
2026/09/18 20:40:41.254, 1, 79, 54.66, 100, 13169, 1265, 715, P0, 0x0000000000000000
2026/09/18 20:40:42.265, 0, 79, 104.96, 100, 14059, 885, 715, P0, 0x0000000000000020
2026/09/18 20:40:42.276, 1, 77, 52.02, 0, 13169, 1265, 715, P0, 0x0000000000000000
2026/09/18 20:40:43.291, 0, 79, 103.27, 100, 14059, 860, 715, P0, 0x0000000000000020
2026/09/18 20:40:43.296, 1, 80, 192.43, 100, 13169, 1328, 715, P0, 0x0000000000000000
2026/09/18 20:40:44.301, 0, 79, 103.68, 100, 14059, 1075, 715, P0, 0x0000000000000020
2026/09/18 20:40:44.304, 1, 79, 56.83, 43, 13169, 1316, 715, P0, 0x0000000000000000
2026/09/18 20:40:45.311, 0, 79, 105.19, 100, 14059, 885, 715, P0, 0x0000000000000020
2026/09/18 20:40:45.316, 1, 77, 55.36, 0, 13169, 1316, 715, P0, 0x0000000000000000
2026/09/18 20:40:46.323, 0, 79, 103.35, 100, 14059, 860, 715, P0, 0x0000000000000020
2026/09/18 20:40:46.326, 1, 80, 182.71, 100, 13169, 1316, 715, P0, 0x0000000000000020
2026/09/18 20:40:47.341, 0, 79, 106.57, 100, 14059, 1075, 715, P0, 0x0000000000000020
2026/09/18 20:40:47.342, 1, 78, 56.10, 78, 13169, 1303, 715, P0, 0x0000000000000000
2026/09/18 20:40:48.355, 0, 79, 104.71, 100, 14059, 873, 715, P0, 0x0000000000000020
2026/09/18 20:40:48.358, 1, 77, 54.64, 0, 13169, 1303, 715, P0, 0x0000000000000000
2026/09/18 20:40:49.369, 0, 79, 103.79, 100, 14059, 873, 715, P0, 0x0000000000000000
2026/09/18 20:40:49.377, 1, 80, 137.27, 100, 13169, 1278, 715, P0, 0x0000000000000020
2026/09/18 20:40:50.387, 0, 79, 100.15, 100, 14059, 1088, 715, P0, 0x0000000000000000
2026/09/18 20:40:50.395, 1, 79, 54.65, 82, 13169, 1290, 715, P0, 0x0000000000000000
2026/09/18 20:40:51.402, 0, 79, 104.47, 100, 14059, 873, 715, P0, 0x0000000000000020
2026/09/18 20:40:51.405, 1, 77, 53.93, 0, 13169, 1290, 715, P0, 0x0000000000000000
2026/09/18 20:40:52.415, 0, 79, 104.08, 100, 14059, 873, 715, P0, 0x0000000000000020
2026/09/18 20:40:52.418, 1, 80, 141.92, 100, 13169, 1328, 715, P0, 0x0000000000000000
2026/09/18 20:40:53.427, 0, 79, 119.52, 100, 14059, 1063, 715, P0, 0x0000000000000020
2026/09/18 20:40:53.434, 1, 78, 49.81, 100, 13169, 1189, 715, P0, 0x0000000000000000
2026/09/18 20:40:54.445, 0, 79, 104.24, 100, 14059, 873, 715, P0, 0x0000000000000020
2026/09/18 20:40:54.455, 1, 76, 48.88, 0, 13169, 1189, 715, P0, 0x0000000000000000
2026/09/18 20:40:55.460, 0, 79, 102.99, 100, 14059, 860, 715, P0, 0x0000000000000020
2026/09/18 20:40:55.463, 1, 79, 168.41, 100, 13169, 1328, 715, P0, 0x0000000000000000
2026/09/18 20:40:56.473, 0, 79, 117.83, 100, 14059, 1050, 715, P0, 0x0000000000000020
2026/09/18 20:40:56.476, 1, 78, 49.36, 100, 13169, 1189, 715, P0, 0x0000000000000000
2026/09/18 20:40:57.482, 0, 79, 103.76, 100, 14059, 873, 715, P0, 0x0000000000000020
2026/09/18 20:40:57.485, 1, 76, 48.88, 0, 13169, 1189, 715, P0, 0x0000000000000000
2026/09/18 20:40:58.495, 0, 79, 105.01, 100, 14059, 885, 715, P0, 0x0000000000000000
2026/09/18 20:40:58.498, 1, 79, 129.71, 100, 13169, 1328, 715, P0, 0x0000000000000000
2026/09/18 20:40:59.511, 0, 79, 115.24, 100, 14059, 1012, 715, P0, 0x0000000000000020
2026/09/18 20:40:59.516, 1, 78, 49.85, 39, 13169, 1189, 715, P0, 0x0000000000000000
2026/09/18 20:41:00.523, 0, 79, 104.72, 100, 14059, 885, 715, P0, 0x0000000000000020
2026/09/18 20:41:00.536, 1, 76, 48.64, 0, 13169, 1189, 715, P0, 0x0000000000000000
2026/09/18 20:41:01.555, 0, 79, 102.50, 100, 14059, 860, 715, P0, 0x0000000000000020
2026/09/18 20:41:01.558, 1, 79, 163.18, 100, 13169, 1328, 715, P0, 0x0000000000000000
2026/09/18 20:41:02.567, 0, 79, 103.04, 100, 14059, 987, 715, P0, 0x0000000000000020
2026/09/18 20:41:02.577, 1, 78, 50.59, 39, 13169, 1189, 715, P0, 0x0000000000000000
2026/09/18 20:41:03.582, 0, 79, 103.76, 100, 14059, 873, 715, P0, 0x0000000000000020
2026/09/18 20:41:03.586, 1, 76, 48.89, 0, 13169, 1189, 715, P0, 0x0000000000000000
2026/09/18 20:41:04.597, 0, 79, 104.19, 100, 14059, 873, 715, P0, 0x0000000000000020
2026/09/18 20:41:04.600, 1, 79, 165.42, 100, 13169, 1328, 715, P0, 0x0000000000000000
2026/09/18 20:41:05.611, 0, 79, 114.91, 100, 14059, 1012, 715, P0, 0x0000000000000020
2026/09/18 20:41:05.616, 1, 78, 56.33, 70, 13169, 1303, 715, P0, 0x0000000000000000
2026/09/18 20:41:06.626, 0, 79, 104.71, 100, 14059, 885, 715, P0, 0x0000000000000020
2026/09/18 20:41:06.635, 1, 77, 54.40, 0, 13169, 1303, 715, P0, 0x0000000000000000
2026/09/18 20:41:07.652, 0, 79, 103.64, 100, 14059, 873, 715, P0, 0x0000000000000020
2026/09/18 20:41:07.655, 1, 79, 149.34, 100, 13169, 1290, 715, P0, 0x0000000000000000
2026/09/18 20:41:08.668, 0, 79, 98.52, 100, 14059, 1025, 715, P0, 0x0000000000000000
2026/09/18 20:41:08.676, 1, 78, 56.59, 83, 13169, 1303, 715, P0, 0x0000000000000000
2026/09/18 20:41:09.684, 0, 79, 103.98, 100, 14059, 873, 715, P0, 0x0000000000000020
2026/09/18 20:41:09.696, 1, 77, 54.40, 0, 13169, 1303, 715, P0, 0x0000000000000000
2026/09/18 20:41:10.714, 0, 79, 104.00, 100, 14059, 873, 715, P0, 0x0000000000000020
2026/09/18 20:41:10.717, 1, 79, 168.72, 100, 13169, 1316, 715, P0, 0x0000000000000020
2026/09/18 20:41:11.731, 0, 79, 97.32, 100, 14059, 1037, 715, P0, 0x0000000000000000
2026/09/18 20:41:11.736, 1, 78, 53.25, 12, 13169, 1252, 715, P0, 0x0000000000000000
2026/09/18 20:41:12.745, 0, 79, 104.72, 100, 14059, 885, 715, P0, 0x0000000000000020
2026/09/18 20:41:12.756, 1, 76, 51.29, 0, 13169, 1252, 715, P0, 0x0000000000000000
2026/09/18 20:41:13.760, 0, 79, 103.41, 100, 14059, 873, 715, P0, 0x0000000000000020
2026/09/18 20:41:13.764, 1, 79, 177.18, 100, 13169, 1328, 715, P0, 0x0000000000000000
2026/09/18 20:41:14.778, 0, 79, 96.34, 100, 14059, 1025, 715, P0, 0x0000000000000000
2026/09/18 20:41:14.781, 1, 78, 56.35, 56, 13169, 1316, 715, P0, 0x0000000000000000
2026/09/18 20:41:15.793, 0, 79, 103.74, 100, 14059, 873, 715, P0, 0x0000000000000020
2026/09/18 20:41:15.796, 1, 77, 55.12, 0, 13169, 1316, 715, P0, 0x0000000000000000
2026/09/18 20:41:16.808, 0, 79, 103.63, 100, 14059, 873, 715, P0, 0x0000000000000020
2026/09/18 20:41:16.815, 1, 79, 184.65, 100, 13169, 1328, 715, P0, 0x0000000000000000
2026/09/18 20:41:17.819, 0, 79, 108.26, 100, 14059, 1025, 715, P0, 0x0000000000000020
2026/09/18 20:41:17.823, 1, 78, 54.65, 79, 13169, 1278, 715, P0, 0x0000000000000000
2026/09/18 20:41:18.832, 0, 79, 104.71, 100, 14059, 885, 715, P0, 0x0000000000000020
2026/09/18 20:41:18.835, 1, 76, 52.74, 0, 13169, 1278, 715, P0, 0x0000000000000000
2026/09/18 20:41:19.850, 0, 79, 103.92, 100, 14059, 873, 715, P0, 0x0000000000000020
2026/09/18 20:41:19.857, 1, 79, 156.28, 100, 13169, 1113, 715, P0, 0x0000000000000020
2026/09/18 20:41:20.864, 0, 79, 112.52, 100, 14059, 999, 715, P0, 0x0000000000000020
2026/09/18 20:41:20.876, 1, 78, 55.14, 100, 13169, 1189, 715, P0, 0x0000000000000000
2026/09/18 20:41:21.891, 0, 79, 104.47, 100, 14059, 898, 715, P0, 0x0000000000000000
2026/09/18 20:41:21.898, 1, 76, 52.95, 0, 13169, 1290, 715, P0, 0x0000000000000000
2026/09/18 20:41:22.904, 0, 79, 104.43, 100, 14059, 885, 715, P0, 0x0000000000000000
2026/09/18 20:41:22.916, 1, 79, 161.19, 100, 13169, 1328, 715, P0, 0x0000000000000000
2026/09/18 20:41:23.921, 0, 79, 111.16, 100, 14059, 1037, 715, P0, 0x0000000000000020
2026/09/18 20:41:23.924, 1, 78, 50.58, 22, 13169, 1189, 715, P0, 0x0000000000000000
2026/09/18 20:41:24.933, 0, 79, 104.72, 100, 14059, 885, 715, P0, 0x0000000000000020
2026/09/18 20:41:24.936, 1, 76, 48.88, 0, 13169, 1189, 715, P0, 0x0000000000000000
2026/09/18 20:41:25.946, 0, 79, 105.43, 100, 14059, 885, 715, P0, 0x0000000000000000
2026/09/18 20:41:25.955, 1, 79, 150.39, 100, 13169, 1328, 715, P0, 0x0000000000000000
2026/09/18 20:41:26.963, 0, 79, 117.56, 100, 14059, 1088, 715, P0, 0x0000000000000000
2026/09/18 20:41:26.966, 1, 78, 56.77, 49, 13169, 1328, 715, P0, 0x0000000000000000
2026/09/18 20:41:27.975, 0, 79, 105.65, 100, 14059, 898, 715, P0, 0x0000000000000020
2026/09/18 20:41:27.978, 1, 77, 55.85, 0, 13169, 1328, 715, P0, 0x0000000000000000
2026/09/18 20:41:28.987, 0, 79, 105.15, 100, 14059, 885, 715, P0, 0x0000000000000020
2026/09/18 20:41:28.995, 1, 79, 159.48, 100, 13169, 1328, 715, P0, 0x0000000000000000
2026/09/18 20:41:30.003, 0, 79, 119.20, 100, 14059, 1088, 715, P0, 0x0000000000000020
2026/09/18 20:41:30.006, 1, 78, 56.08, 68, 13169, 1303, 715, P0, 0x0000000000000000
2026/09/18 20:41:31.017, 0, 79, 105.19, 100, 14059, 873, 715, P0, 0x0000000000000020
2026/09/18 20:41:31.020, 1, 77, 54.64, 0, 13169, 1303, 715, P0, 0x0000000000000000
2026/09/18 20:41:32.030, 0, 79, 105.05, 100, 14059, 885, 715, P0, 0x0000000000000020
2026/09/18 20:41:32.035, 1, 79, 175.07, 100, 13169, 1290, 715, P0, 0x0000000000000020
2026/09/18 20:41:33.041, 0, 79, 103.74, 100, 14059, 1075, 715, P0, 0x0000000000000000
2026/09/18 20:41:33.044, 1, 79, 57.54, 100, 13169, 1316, 715, P0, 0x0000000000000000
2026/09/18 20:41:34.053, 0, 79, 105.65, 100, 14059, 885, 715, P0, 0x0000000000000020
2026/09/18 20:41:34.057, 1, 77, 55.36, 0, 13169, 1316, 715, P0, 0x0000000000000000
2026/09/18 20:41:35.063, 0, 79, 103.81, 100, 14059, 873, 715, P0, 0x0000000000000020
2026/09/18 20:41:35.074, 1, 80, 199.21, 100, 13169, 1328, 715, P0, 0x0000000000000000
2026/09/18 20:41:36.093, 0, 79, 69.26, 100, 14059, 1012, 715, P0, 0x0000000000000000
2026/09/18 20:41:36.096, 1, 79, 55.00, 100, 13169, 1265, 715, P0, 0x0000000000000000
2026/09/18 20:41:37.109, 0, 79, 109.22, 100, 14059, 898, 715, P0, 0x0000000000000020
2026/09/18 20:41:37.115, 1, 77, 55.12, 0, 13169, 1316, 715, P0, 0x0000000000000000
2026/09/18 20:41:38.124, 0, 79, 103.99, 100, 14059, 873, 715, P0, 0x0000000000000020
2026/09/18 20:41:38.133, 1, 80, 202.60, 100, 13169, 1328, 715, P0, 0x0000000000000000
2026/09/18 20:41:39.137, 0, 79, 105.12, 100, 14059, 885, 715, P0, 0x0000000000000000
2026/09/18 20:41:39.140, 1, 79, 58.73, 96, 13169, 1189, 715, P0, 0x0000000000000000
2026/09/18 20:41:40.153, 0, 79, 112.54, 100, 14059, 1050, 715, P0, 0x0000000000000000
2026/09/18 20:41:40.156, 1, 77, 48.39, 0, 13169, 1189, 715, P0, 0x0000000000000000
2026/09/18 20:41:41.166, 0, 79, 104.07, 100, 14059, 873, 715, P0, 0x0000000000000020
2026/09/18 20:41:41.174, 1, 79, 184.99, 100, 13169, 1328, 715, P0, 0x0000000000000000
2026/09/18 20:41:42.179, 0, 79, 102.85, 100, 14059, 860, 715, P0, 0x0000000000000020
2026/09/18 20:41:42.182, 1, 80, 135.64, 100, 13169, 1075, 715, P0, 0x0000000000000020
2026/09/18 20:41:43.205, 0, 79, 109.47, 100, 14059, 1025, 715, P0, 0x0000000000000000
2026/09/18 20:41:43.213, 1, 77, 54.64, 0, 13169, 1303, 715, P0, 0x0000000000000000
2026/09/18 20:41:44.223, 0, 79, 103.27, 100, 14059, 873, 715, P0, 0x0000000000000020
2026/09/18 20:41:44.235, 1, 79, 200.13, 100, 13169, 1328, 715, P0, 0x0000000000000000
2026/09/18 20:41:45.239, 0, 79, 103.82, 100, 14059, 860, 715, P0, 0x0000000000000020
2026/09/18 20:41:45.242, 1, 79, 141.68, 100, 13169, 1202, 715, P0, 0x0000000000000000
2026/09/18 20:41:46.257, 0, 79, 114.05, 100, 14059, 1075, 715, P0, 0x0000000000000020
2026/09/18 20:41:46.260, 1, 77, 50.05, 0, 13169, 1215, 715, P0, 0x0000000000000000
2026/09/18 20:41:47.270, 0, 79, 102.80, 99, 14059, 860, 715, P0, 0x0000000000000020
2026/09/18 20:41:47.275, 1, 78, 193.74, 96, 13169, 1328, 715, P0, 0x0000000000000000
2026/09/18 20:41:48.284, 0, 79, 104.19, 100, 14059, 873, 715, P0, 0x0000000000000020
2026/09/18 20:41:48.294, 1, 80, 161.63, 100, 13169, 1265, 715, P0, 0x0000000000000000
2026/09/18 20:41:49.311, 0, 79, 88.73, 100, 14059, 898, 715, P0, 0x0000000000000000
2026/09/18 20:41:49.316, 1, 77, 53.76, 0, 13169, 1290, 715, P0, 0x0000000000000000
2026/09/18 20:41:50.324, 0, 79, 106.24, 100, 14059, 885, 715, P0, 0x0000000000000020
2026/09/18 20:41:50.336, 1, 78, 180.79, 100, 13169, 1328, 715, P0, 0x0000000000000000
2026/09/18 20:41:51.353, 0, 79, 104.53, 100, 14059, 885, 715, P0, 0x0000000000000020
2026/09/18 20:41:51.356, 1, 80, 143.21, 100, 13169, 1303, 715, P0, 0x0000000000000000
2026/09/18 20:41:52.368, 0, 79, 103.98, 100, 14059, 873, 715, P0, 0x0000000000000020
2026/09/18 20:41:52.374, 1, 77, 55.60, 0, 13169, 1316, 715, P0, 0x0000000000000000
2026/09/18 20:41:53.382, 0, 79, 107.53, 99, 14059, 1037, 715, P0, 0x0000000000000000
2026/09/18 20:41:53.394, 1, 78, 155.50, 49, 13169, 1328, 715, P0, 0x0000000000000000
2026/09/18 20:41:54.411, 0, 79, 104.30, 100, 14059, 885, 715, P0, 0x0000000000000020
2026/09/18 20:41:54.414, 1, 79, 136.73, 100, 13169, 1139, 715, P0, 0x0000000000000020
2026/09/18 20:41:55.424, 0, 79, 104.71, 100, 14059, 885, 715, P0, 0x0000000000000000
2026/09/18 20:41:55.434, 1, 77, 55.61, 0, 13169, 1316, 715, P0, 0x0000000000000000
2026/09/18 20:41:56.439, 0, 79, 103.48, 100, 14059, 1037, 715, P0, 0x0000000000000020
2026/09/18 20:41:56.443, 1, 77, 169.78, 0, 13169, 1316, 715, P0, 0x0000000000000000
2026/09/18 20:41:57.452, 0, 79, 103.43, 100, 14059, 873, 715, P0, 0x0000000000000020
2026/09/18 20:41:57.455, 1, 80, 178.46, 100, 13169, 1278, 715, P0, 0x0000000000000000
2026/09/18 20:41:58.465, 0, 79, 104.72, 100, 14059, 885, 715, P0, 0x0000000000000020
2026/09/18 20:41:58.474, 1, 77, 50.09, 0, 13169, 1202, 715, P0, 0x0000000000000000
2026/09/18 20:41:59.479, 0, 79, 105.92, 100, 14059, 898, 715, P0, 0x0000000000000020
2026/09/18 20:41:59.482, 1, 76, 49.12, 0, 13169, 1202, 715, P0, 0x0000000000000000
2026/09/18 20:42:00.494, 0, 79, 112.13, 100, 14059, 923, 715, P0, 0x0000000000000020
2026/09/18 20:42:00.498, 1, 79, 144.74, 100, 13169, 1177, 715, P0, 0x0000000000000020
2026/09/18 20:42:01.508, 0, 79, 105.92, 100, 14059, 885, 715, P0, 0x0000000000000020
2026/09/18 20:42:01.514, 1, 77, 49.61, 0, 13169, 1189, 715, P0, 0x0000000000000000
2026/09/18 20:42:02.526, 0, 79, 105.93, 100, 14059, 898, 715, P0, 0x0000000000000020
2026/09/18 20:42:02.532, 1, 76, 48.40, 0, 13169, 1189, 715, P0, 0x0000000000000000
2026/09/18 20:42:03.538, 0, 79, 110.27, 100, 14059, 1037, 715, P0, 0x0000000000000000
2026/09/18 20:42:03.543, 1, 80, 172.60, 100, 13169, 1278, 715, P0, 0x0000000000000020
2026/09/18 20:42:04.552, 0, 79, 104.72, 100, 14059, 885, 715, P0, 0x0000000000000020
2026/09/18 20:42:04.554, 1, 77, 51.30, 0, 13169, 1227, 715, P0, 0x0000000000000000
2026/09/18 20:42:05.562, 0, 79, 106.10, 100, 14059, 898, 715, P0, 0x0000000000000000
2026/09/18 20:42:05.574, 1, 76, 50.57, 0, 13169, 1227, 715, P0, 0x0000000000000000
2026/09/18 20:42:06.579, 0, 79, 112.82, 100, 14059, 1075, 715, P0, 0x0000000000000020
2026/09/18 20:42:06.584, 1, 79, 140.22, 100, 13169, 1139, 715, P0, 0x0000000000000020
2026/09/18 20:42:07.590, 0, 79, 106.08, 100, 14059, 885, 715, P0, 0x0000000000000020
2026/09/18 20:42:07.596, 1, 77, 55.60, 0, 13169, 1303, 715, P0, 0x0000000000000000
2026/09/18 20:42:08.604, 0, 79, 106.09, 100, 14059, 898, 715, P0, 0x0000000000000020
2026/09/18 20:42:08.614, 1, 76, 54.15, 0, 13169, 1303, 715, P0, 0x0000000000000000
2026/09/18 20:42:09.633, 0, 79, 84.90, 100, 14059, 885, 715, P0, 0x0000000000000020
2026/09/18 20:42:09.636, 1, 80, 175.92, 100, 13169, 1290, 715, P0, 0x0000000000000020
2026/09/18 20:42:10.649, 0, 79, 113.98, 100, 14059, 1050, 715, P0, 0x0000000000000020
2026/09/18 20:42:10.653, 1, 78, 50.81, 12, 13169, 1202, 715, P0, 0x0000000000000000
2026/09/18 20:42:11.663, 0, 79, 104.47, 100, 14059, 885, 715, P0, 0x0000000000000020
2026/09/18 20:42:11.674, 1, 76, 49.12, 0, 13169, 1202, 715, P0, 0x0000000000000000
2026/09/18 20:42:12.690, 0, 79, 104.34, 100, 14059, 885, 715, P0, 0x0000000000000000
2026/09/18 20:42:12.694, 1, 79, 171.32, 100, 13169, 1328, 715, P0, 0x0000000000000000
2026/09/18 20:42:13.707, 0, 79, 95.14, 100, 14059, 1025, 715, P0, 0x0000000000000000
2026/09/18 20:42:13.714, 1, 78, 56.82, 58, 13169, 1316, 715, P0, 0x0000000000000000
2026/09/18 20:42:14.722, 0, 79, 103.91, 100, 14059, 873, 715, P0, 0x0000000000000020
2026/09/18 20:42:14.735, 1, 77, 55.12, 0, 13169, 1316, 715, P0, 0x0000000000000000
2026/09/18 20:42:15.749, 0, 79, 105.00, 100, 14059, 885, 715, P0, 0x0000000000000000
2026/09/18 20:42:15.754, 1, 80, 133.94, 100, 13169, 1328, 715, P0, 0x0000000000000000
2026/09/18 20:42:16.763, 0, 79, 109.68, 100, 14059, 1088, 715, P0, 0x0000000000000020
2026/09/18 20:42:16.771, 1, 78, 56.08, 50, 13169, 1316, 715, P0, 0x0000000000000020
2026/09/18 20:42:17.784, 0, 79, 107.53, 100, 14059, 885, 715, P0, 0x0000000000000020
2026/09/18 20:42:17.795, 1, 77, 55.12, 0, 13169, 1316, 715, P0, 0x0000000000000000
2026/09/18 20:42:18.814, 0, 79, 104.29, 100, 14059, 885, 715, P0, 0x0000000000000000
2026/09/18 20:42:18.817, 1, 80, 199.21, 100, 13169, 1328, 715, P0, 0x0000000000000000
2026/09/18 20:42:19.829, 0, 79, 105.12, 100, 14059, 885, 715, P0, 0x0000000000000020
2026/09/18 20:42:19.832, 1, 79, 121.69, 100, 13169, 1177, 715, P0, 0x0000000000000000
2026/09/18 20:42:20.842, 0, 79, 100.38, 100, 14059, 1025, 715, P0, 0x0000000000000020
2026/09/18 20:42:20.851, 1, 77, 55.13, 0, 13169, 1316, 715, P0, 0x0000000000000000
2026/09/18 20:42:21.857, 0, 79, 103.57, 100, 14059, 873, 715, P0, 0x0000000000000020
2026/09/18 20:42:21.860, 1, 79, 198.97, 100, 13169, 1328, 715, P0, 0x0000000000000000
2026/09/18 20:42:22.870, 0, 79, 105.99, 100, 14059, 885, 715, P0, 0x0000000000000020
2026/09/18 20:42:22.875, 1, 79, 125.19, 100, 13169, 1164, 715, P0, 0x0000000000000020
2026/09/18 20:42:23.885, 0, 79, 104.98, 100, 14059, 1075, 715, P0, 0x0000000000000020
2026/09/18 20:42:23.891, 1, 77, 48.85, 0, 13169, 1189, 715, P0, 0x0000000000000000
2026/09/18 20:42:24.900, 0, 79, 104.07, 99, 14059, 873, 715, P0, 0x0000000000000020
2026/09/18 20:42:24.912, 1, 78, 192.21, 88, 13169, 1316, 715, P0, 0x0000000000000000
2026/09/18 20:42:25.928, 0, 79, 105.50, 100, 14059, 885, 715, P0, 0x0000000000000020
2026/09/18 20:42:25.932, 1, 80, 134.43, 100, 13169, 1227, 715, P0, 0x0000000000000000
2026/09/18 20:42:26.941, 0, 79, 105.20, 100, 14059, 885, 715, P0, 0x0000000000000020
2026/09/18 20:42:26.952, 1, 77, 51.06, 0, 13169, 1227, 715, P0, 0x0000000000000000
2026/09/18 20:42:27.968, 0, 79, 113.12, 99, 14059, 923, 715, P0, 0x0000000000000020
2026/09/18 20:42:27.974, 1, 78, 178.19, 95, 13169, 1328, 715, P0, 0x0000000000000000
2026/09/18 20:42:28.980, 0, 79, 104.18, 100, 14059, 885, 715, P0, 0x0000000000000020
2026/09/18 20:42:28.983, 1, 80, 165.12, 100, 13169, 1252, 715, P0, 0x0000000000000020
2026/09/18 20:42:29.996, 0, 79, 106.16, 100, 14059, 898, 715, P0, 0x0000000000000020
2026/09/18 20:42:29.999, 1, 77, 51.78, 0, 13169, 1252, 715, P0, 0x0000000000000000
2026/09/18 20:42:31.007, 0, 79, 103.98, 100, 14059, 1075, 715, P0, 0x0000000000000020
2026/09/18 20:42:31.010, 1, 77, 150.87, 4, 13169, 1252, 715, P0, 0x0000000000000000
2026/09/18 20:42:32.018, 0, 79, 104.28, 100, 14059, 873, 715, P0, 0x0000000000000020
2026/09/18 20:42:32.021, 1, 79, 145.47, 100, 13169, 1189, 715, P0, 0x0000000000000000
2026/09/18 20:42:33.035, 0, 79, 106.15, 100, 14059, 898, 715, P0, 0x0000000000000020
2026/09/18 20:42:33.039, 1, 77, 52.50, 0, 13169, 1252, 715, P0, 0x0000000000000000
2026/09/18 20:42:34.048, 0, 79, 104.72, 100, 14059, 898, 715, P0, 0x0000000000000000
2026/09/18 20:42:34.054, 1, 76, 51.53, 0, 13169, 1252, 715, P0, 0x0000000000000000
2026/09/18 20:42:35.059, 0, 79, 113.07, 100, 14059, 1037, 715, P0, 0x0000000000000000
2026/09/18 20:42:35.062, 1, 80, 176.06, 100, 13169, 1290, 715, P0, 0x0000000000000000
2026/09/18 20:42:36.073, 0, 79, 104.71, 100, 14059, 885, 715, P0, 0x0000000000000020
2026/09/18 20:42:36.076, 1, 77, 55.37, 0, 13169, 1303, 715, P0, 0x0000000000000000
2026/09/18 20:42:37.086, 0, 79, 106.15, 100, 14059, 885, 715, P0, 0x0000000000000020
2026/09/18 20:42:37.093, 1, 76, 54.16, 0, 13169, 1303, 715, P0, 0x0000000000000000
2026/09/18 20:42:38.104, 0, 79, 118.70, 100, 14059, 1075, 715, P0, 0x0000000000000020
2026/09/18 20:42:38.111, 1, 79, 140.67, 100, 13169, 1113, 715, P0, 0x0000000000000020
2026/09/18 20:42:39.132, 0, 79, 106.65, 100, 14059, 898, 715, P0, 0x0000000000000020
2026/09/18 20:42:39.135, 1, 77, 49.85, 29, 13169, 1189, 715, P0, 0x0000000000000000
2026/09/18 20:42:40.147, 0, 79, 104.96, 100, 14059, 885, 715, P0, 0x0000000000000020
2026/09/18 20:42:40.152, 1, 76, 48.64, 0, 13169, 1189, 715, P0, 0x0000000000000000
2026/09/18 20:42:41.162, 0, 79, 107.61, 100, 14059, 885, 715, P0, 0x0000000000000020
2026/09/18 20:42:41.174, 1, 79, 178.07, 100, 13169, 1328, 715, P0, 0x0000000000000000
2026/09/18 20:42:42.192, 0, 79, 109.68, 100, 14059, 898, 715, P0, 0x0000000000000020
2026/09/18 20:42:42.194, 1, 78, 57.53, 0, 13169, 1328, 715, P0, 0x0000000000000000
2026/09/18 20:42:43.205, 0, 79, 105.50, 100, 14059, 898, 715, P0, 0x0000000000000020
2026/09/18 20:42:43.211, 1, 77, 82.94, 100, 13169, 658, 715, P0, 0x0000000000000000
2026/09/18 20:42:44.239, 0, 79, 105.89, 100, 14059, 898, 715, P0, 0x0000000000000020
2026/09/18 20:42:44.242, 1, 78, 102.49, 100, 13169, 1101, 715, P0, 0x0000000000000000
2026/09/18 20:42:45.258, 0, 79, 105.99, 100, 14059, 898, 715, P0, 0x0000000000000020
2026/09/18 20:42:45.271, 1, 78, 132.75, 100, 13169, 1151, 715, P0, 0x0000000000000000
2026/09/18 20:42:46.290, 0, 79, 105.90, 100, 14059, 898, 715, P0, 0x0000000000000020
2026/09/18 20:42:46.293, 1, 77, 54.64, 0, 13169, 1303, 715, P0, 0x0000000000000000
2026/09/18 20:42:47.307, 0, 79, 105.26, 100, 14059, 885, 715, P0, 0x0000000000000020
2026/09/18 20:42:47.311, 1, 79, 147.26, 100, 13169, 1278, 715, P0, 0x0000000000000000
2026/09/18 20:42:48.318, 0, 79, 104.95, 100, 14059, 885, 715, P0, 0x0000000000000020
2026/09/18 20:42:48.322, 1, 77, 53.91, 0, 13169, 1290, 715, P0, 0x0000000000000000
2026/09/18 20:42:49.332, 0, 79, 98.53, 99, 14059, 1012, 715, P0, 0x0000000000000000
2026/09/18 20:42:49.335, 1, 79, 144.56, 100, 13169, 1227, 715, P0, 0x0000000000000000
2026/09/18 20:42:50.347, 0, 79, 99.87, 100, 14059, 1050, 715, P0, 0x0000000000000000
2026/09/18 20:42:50.353, 1, 79, 121.10, 100, 13169, 1164, 715, P0, 0x0000000000000000
2026/09/18 20:42:51.360, 0, 79, 110.05, 100, 14059, 1037, 715, P0, 0x0000000000000020
2026/09/18 20:42:51.365, 1, 79, 127.34, 100, 13169, 1164, 715, P0, 0x0000000000000020
2026/09/18 20:42:52.376, 0, 79, 109.39, 100, 14059, 1050, 715, P0, 0x0000000000000000
2026/09/18 20:42:52.378, 1, 79, 119.52, 100, 13169, 1164, 715, P0, 0x0000000000000000
2026/09/18 20:42:53.392, 0, 79, 95.26, 100, 14059, 1037, 715, P0, 0x0000000000000000
2026/09/18 20:42:53.395, 1, 79, 136.26, 100, 13169, 1164, 715, P0, 0x0000000000000020
2026/09/18 20:42:54.421, 0, 79, 98.29, 100, 14059, 999, 715, P0, 0x0000000000000020
2026/09/18 20:42:54.426, 1, 79, 155.68, 57, 13169, 1202, 715, P0, 0x0000000000000020
2026/09/18 20:42:55.437, 0, 79, 110.48, 100, 14059, 1025, 715, P0, 0x0000000000000020
2026/09/18 20:42:55.440, 1, 79, 134.32, 100, 13169, 1164, 715, P0, 0x0000000000000020
2026/09/18 20:42:56.463, 0, 79, 105.05, 100, 14059, 1037, 715, P0, 0x0000000000000000
2026/09/18 20:42:56.466, 1, 79, 132.76, 100, 13169, 1164, 715, P0, 0x0000000000000020
2026/09/18 20:42:57.478, 0, 79, 110.50, 100, 14059, 1037, 715, P0, 0x0000000000000000
2026/09/18 20:42:57.481, 1, 79, 123.31, 95, 13169, 1215, 715, P0, 0x0000000000000000
2026/09/18 20:42:58.491, 0, 79, 110.48, 99, 14059, 1012, 715, P0, 0x0000000000000020
2026/09/18 20:42:58.499, 1, 79, 135.05, 89, 13169, 1177, 715, P0, 0x0000000000000020
2026/09/18 20:42:59.508, 0, 79, 108.76, 100, 14059, 1025, 715, P0, 0x0000000000000020
2026/09/18 20:42:59.518, 1, 79, 124.23, 100, 13169, 1177, 715, P0, 0x0000000000000000
2026/09/18 20:43:00.525, 0, 79, 104.82, 100, 14059, 999, 715, P0, 0x0000000000000020
2026/09/18 20:43:00.528, 1, 79, 120.02, 100, 13169, 1189, 715, P0, 0x0000000000000000
2026/09/18 20:43:01.551, 0, 79, 101.75, 99, 14059, 1025, 715, P0, 0x0000000000000020
2026/09/18 20:43:01.560, 1, 79, 133.98, 63, 13169, 1177, 715, P0, 0x0000000000000000
2026/09/18 20:43:02.565, 0, 79, 111.43, 100, 14059, 1050, 715, P0, 0x0000000000000000
2026/09/18 20:43:02.568, 1, 79, 134.32, 100, 13169, 1164, 715, P0, 0x0000000000000020
2026/09/18 20:43:03.583, 0, 79, 98.32, 100, 14059, 1050, 715, P0, 0x0000000000000000
2026/09/18 20:43:03.586, 1, 79, 135.15, 100, 13169, 1177, 715, P0, 0x0000000000000020
2026/09/18 20:43:04.595, 0, 79, 109.36, 100, 14059, 1025, 715, P0, 0x0000000000000020
2026/09/18 20:43:04.600, 1, 79, 124.02, 100, 13169, 1189, 715, P0, 0x0000000000000020
2026/09/18 20:43:05.612, 0, 79, 105.22, 99, 14059, 1050, 715, P0, 0x0000000000000000
2026/09/18 20:43:05.621, 1, 79, 135.77, 32, 13169, 1151, 715, P0, 0x0000000000000020
2026/09/18 20:43:06.638, 0, 79, 110.24, 100, 14059, 1025, 715, P0, 0x0000000000000020
2026/09/18 20:43:06.641, 1, 79, 134.34, 100, 13169, 1177, 715, P0, 0x0000000000000020
2026/09/18 20:43:07.653, 0, 79, 98.36, 100, 14059, 974, 715, P0, 0x0000000000000000
2026/09/18 20:43:07.662, 1, 79, 140.84, 100, 13169, 1139, 715, P0, 0x0000000000000020
2026/09/18 20:43:08.671, 0, 79, 116.63, 100, 14059, 987, 715, P0, 0x0000000000000020
2026/09/18 20:43:08.682, 1, 79, 93.65, 100, 13169, 1050, 715, P0, 0x0000000000000000
2026/09/18 20:43:09.701, 0, 79, 106.19, 100, 14059, 1025, 715, P0, 0x0000000000000020
2026/09/18 20:43:09.705, 1, 79, 99.44, 100, 13169, 1012, 715, P0, 0x0000000000000020
2026/09/18 20:43:10.716, 0, 79, 110.86, 100, 14059, 1025, 715, P0, 0x0000000000000020
2026/09/18 20:43:10.723, 1, 79, 102.72, 89, 13169, 1063, 715, P0, 0x0000000000000020
2026/09/18 20:43:11.729, 0, 79, 92.31, 99, 14059, 974, 715, P0, 0x0000000000000000
2026/09/18 20:43:11.733, 1, 79, 104.20, 67, 13169, 999, 715, P0, 0x0000000000000000
2026/09/18 20:43:12.744, 0, 79, 109.69, 100, 14059, 1050, 715, P0, 0x0000000000000000
2026/09/18 20:43:12.748, 1, 79, 99.83, 100, 13169, 1088, 715, P0, 0x0000000000000000
2026/09/18 20:43:13.761, 0, 79, 101.87, 100, 14059, 999, 715, P0, 0x0000000000000020
2026/09/18 20:43:13.767, 1, 79, 104.90, 100, 13169, 999, 715, P0, 0x0000000000000000
2026/09/18 20:43:14.778, 0, 79, 107.76, 100, 14059, 923, 715, P0, 0x0000000000000020
2026/09/18 20:43:14.787, 1, 79, 121.39, 100, 13169, 1139, 715, P0, 0x0000000000000000
2026/09/18 20:43:15.794, 0, 79, 110.32, 100, 14059, 1037, 715, P0, 0x0000000000000000
2026/09/18 20:43:15.797, 1, 79, 78.15, 98, 13169, 1189, 715, P0, 0x0000000000000000
2026/09/18 20:43:16.824, 0, 79, 105.36, 100, 14059, 961, 715, P0, 0x0000000000000020
2026/09/18 20:43:16.828, 1, 78, 121.19, 24, 13169, 1189, 715, P0, 0x0000000000000000
2026/09/18 20:43:17.839, 0, 79, 117.95, 99, 14059, 1025, 715, P0, 0x0000000000000020
2026/09/18 20:43:17.848, 1, 79, 124.07, 66, 13169, 1177, 715, P0, 0x0000000000000000
2026/09/18 20:43:18.865, 0, 79, 110.01, 100, 14059, 1025, 715, P0, 0x0000000000000020
2026/09/18 20:43:18.872, 1, 79, 133.38, 100, 13169, 1164, 715, P0, 0x0000000000000020
2026/09/18 20:43:19.883, 0, 79, 103.87, 100, 14059, 1063, 715, P0, 0x0000000000000000
2026/09/18 20:43:19.890, 1, 79, 129.92, 100, 13169, 1164, 715, P0, 0x0000000000000000
2026/09/18 20:43:20.902, 0, 79, 91.57, 100, 14059, 1012, 715, P0, 0x0000000000000000
2026/09/18 20:43:20.912, 1, 79, 115.72, 100, 13169, 1101, 715, P0, 0x0000000000000000
2026/09/18 20:43:21.917, 0, 79, 111.55, 100, 14059, 1050, 715, P0, 0x0000000000000020
2026/09/18 20:43:21.920, 1, 80, 115.22, 100, 13169, 1139, 715, P0, 0x0000000000000020
2026/09/18 20:43:22.931, 0, 79, 115.25, 100, 14059, 949, 715, P0, 0x0000000000000020
2026/09/18 20:43:22.937, 1, 79, 130.35, 100, 13169, 1139, 715, P0, 0x0000000000000020
2026/09/18 20:43:23.946, 0, 79, 99.82, 100, 14059, 1037, 715, P0, 0x0000000000000000
2026/09/18 20:43:23.954, 1, 79, 107.26, 100, 13169, 1164, 715, P0, 0x0000000000000000
2026/09/18 20:43:24.962, 0, 79, 111.57, 100, 14059, 1025, 715, P0, 0x0000000000000020
2026/09/18 20:43:24.973, 1, 79, 50.31, 100, 13169, 1189, 715, P0, 0x0000000000000000
2026/09/18 20:43:25.991, 0, 79, 114.45, 100, 14059, 911, 715, P0, 0x0000000000000020
2026/09/18 20:43:25.995, 1, 79, 50.81, 6, 13169, 1189, 715, P0, 0x0000000000000000
2026/09/18 20:43:27.004, 0, 79, 101.48, 100, 14059, 961, 715, P0, 0x0000000000000000
2026/09/18 20:43:27.015, 1, 79, 140.50, 19, 13169, 1202, 715, P0, 0x0000000000000020
2026/09/18 20:43:28.021, 0, 79, 108.44, 99, 14059, 1025, 715, P0, 0x0000000000000000
2026/09/18 20:43:28.024, 1, 79, 116.43, 45, 13169, 1151, 715, P0, 0x0000000000000000
2026/09/18 20:43:29.036, 0, 79, 112.85, 99, 14059, 1050, 715, P0, 0x0000000000000000
2026/09/18 20:43:29.039, 1, 79, 122.55, 67, 13169, 1177, 715, P0, 0x0000000000000020
2026/09/18 20:43:30.047, 0, 79, 110.57, 99, 14059, 911, 715, P0, 0x0000000000000020
2026/09/18 20:43:30.059, 1, 79, 123.78, 89, 13169, 1050, 715, P0, 0x0000000000000020
2026/09/18 20:43:31.075, 0, 79, 93.76, 99, 14059, 1025, 715, P0, 0x0000000000000000
2026/09/18 20:43:31.080, 1, 79, 102.32, 100, 13169, 1012, 715, P0, 0x0000000000000000
2026/09/18 20:43:32.095, 0, 79, 101.31, 100, 14059, 999, 715, P0, 0x0000000000000020
2026/09/18 20:43:32.098, 1, 79, 116.52, 100, 13169, 1101, 715, P0, 0x0000000000000020
2026/09/18 20:43:33.106, 0, 79, 111.79, 100, 14059, 1037, 715, P0, 0x0000000000000020
2026/09/18 20:43:33.116, 1, 79, 120.65, 100, 13169, 1126, 715, P0, 0x0000000000000020
2026/09/18 20:43:34.136, 0, 79, 99.94, 100, 14059, 1025, 715, P0, 0x0000000000000020
2026/09/18 20:43:34.141, 1, 79, 107.01, 100, 13169, 1151, 715, P0, 0x0000000000000000
2026/09/18 20:43:35.152, 0, 79, 103.23, 100, 14059, 1050, 715, P0, 0x0000000000000000
2026/09/18 20:43:35.160, 1, 79, 125.95, 100, 13169, 1151, 715, P0, 0x0000000000000000
2026/09/18 20:43:36.164, 0, 79, 114.11, 100, 14059, 1050, 715, P0, 0x0000000000000000
2026/09/18 20:43:36.167, 1, 79, 131.06, 100, 13169, 1151, 715, P0, 0x0000000000000020
2026/09/18 20:43:37.180, 0, 79, 115.32, 100, 14059, 961, 715, P0, 0x0000000000000020
2026/09/18 20:43:37.182, 1, 79, 114.32, 100, 13169, 1139, 715, P0, 0x0000000000000020
2026/09/18 20:43:38.197, 0, 79, 112.54, 100, 14059, 911, 715, P0, 0x0000000000000020
2026/09/18 20:43:38.204, 1, 79, 120.91, 100, 13169, 1151, 715, P0, 0x0000000000000000
2026/09/18 20:43:39.212, 0, 79, 111.68, 100, 14059, 911, 715, P0, 0x0000000000000020
2026/09/18 20:43:39.224, 1, 79, 136.02, 100, 13169, 1177, 715, P0, 0x0000000000000000
2026/09/18 20:43:40.228, 0, 79, 111.90, 100, 14059, 936, 715, P0, 0x0000000000000020
2026/09/18 20:43:40.231, 1, 79, 140.95, 100, 13169, 1189, 715, P0, 0x0000000000000000
2026/09/18 20:43:41.239, 0, 79, 112.04, 100, 14059, 911, 715, P0, 0x0000000000000020
2026/09/18 20:43:41.246, 1, 79, 104.81, 100, 13169, 1075, 715, P0, 0x0000000000000020
2026/09/18 20:43:42.253, 0, 79, 116.25, 100, 14059, 936, 715, P0, 0x0000000000000020
2026/09/18 20:43:42.267, 1, 79, 114.55, 100, 13169, 1101, 715, P0, 0x0000000000000020
2026/09/18 20:43:43.284, 0, 79, 114.91, 100, 14059, 999, 715, P0, 0x0000000000000020
2026/09/18 20:43:43.288, 1, 79, 112.16, 100, 13169, 1139, 715, P0, 0x0000000000000020
2026/09/18 20:43:44.301, 0, 79, 108.11, 100, 14059, 1050, 715, P0, 0x0000000000000000
2026/09/18 20:43:44.307, 1, 79, 127.98, 100, 13169, 1164, 715, P0, 0x0000000000000020
2026/09/18 20:43:45.316, 0, 79, 99.20, 100, 14059, 1025, 715, P0, 0x0000000000000000
2026/09/18 20:43:45.328, 1, 79, 129.48, 100, 13169, 1189, 715, P0, 0x0000000000000000
2026/09/18 20:43:46.347, 0, 79, 110.58, 100, 14059, 1025, 715, P0, 0x0000000000000020
2026/09/18 20:43:46.352, 1, 79, 116.97, 100, 13169, 1189, 715, P0, 0x0000000000000000
2026/09/18 20:43:47.359, 0, 79, 103.27, 100, 14059, 1063, 715, P0, 0x0000000000000000
2026/09/18 20:43:47.366, 1, 79, 99.83, 100, 13169, 1101, 715, P0, 0x0000000000000000
2026/09/18 20:43:48.375, 0, 79, 110.83, 100, 14059, 1012, 715, P0, 0x0000000000000020
2026/09/18 20:43:48.387, 1, 79, 115.29, 100, 13169, 1088, 715, P0, 0x0000000000000020
2026/09/18 20:43:49.406, 0, 79, 93.07, 100, 14059, 1025, 715, P0, 0x0000000000000000
2026/09/18 20:43:49.409, 1, 79, 96.10, 100, 13169, 1088, 715, P0, 0x0000000000000000
2026/09/18 20:43:50.420, 0, 79, 98.06, 100, 14059, 936, 715, P0, 0x0000000000000000
2026/09/18 20:43:50.430, 1, 79, 107.46, 100, 13169, 1088, 715, P0, 0x0000000000000000
2026/09/18 20:43:51.446, 0, 79, 107.66, 99, 14059, 885, 715, P0, 0x0000000000000020
2026/09/18 20:43:51.450, 1, 79, 130.38, 100, 13169, 1075, 715, P0, 0x0000000000000020
2026/09/18 20:43:52.462, 0, 79, 109.47, 99, 14059, 1050, 715, P0, 0x0000000000000000
2026/09/18 20:43:52.469, 1, 79, 116.65, 60, 13169, 1189, 715, P0, 0x0000000000000000
2026/09/18 20:43:53.489, 0, 79, 109.08, 100, 14059, 1025, 715, P0, 0x0000000000000020
2026/09/18 20:43:53.491, 1, 79, 120.25, 14, 13169, 1177, 715, P0, 0x0000000000000000
2026/09/18 20:43:54.507, 0, 79, 100.52, 100, 14059, 949, 715, P0, 0x0000000000000000
2026/09/18 20:43:54.511, 1, 78, 140.79, 0, 13169, 1290, 715, P0, 0x0000000000000000
2026/09/18 20:43:55.519, 0, 79, 111.40, 100, 14059, 898, 715, P0, 0x0000000000000020
2026/09/18 20:43:55.533, 1, 78, 50.33, 11, 13169, 1189, 715, P0, 0x0000000000000000
2026/09/18 20:43:56.550, 0, 79, 101.60, 100, 14059, 1012, 715, P0, 0x0000000000000020
2026/09/18 20:43:56.553, 1, 78, 52.76, 83, 13169, 1240, 715, P0, 0x0000000000000000
2026/09/18 20:43:57.567, 0, 79, 110.68, 100, 14059, 1025, 715, P0, 0x0000000000000020
2026/09/18 20:43:57.574, 1, 79, 50.33, 100, 13169, 1189, 715, P0, 0x0000000000000000
2026/09/18 20:43:58.582, 0, 79, 96.79, 100, 14059, 961, 715, P0, 0x0000000000000000
2026/09/18 20:43:58.594, 1, 79, 116.03, 100, 13169, 1139, 715, P0, 0x0000000000000020
2026/09/18 20:43:59.613, 0, 79, 114.82, 100, 14059, 949, 715, P0, 0x0000000000000020
2026/09/18 20:43:59.617, 1, 79, 118.32, 100, 13169, 1189, 715, P0, 0x0000000000000000
2026/09/18 20:44:00.628, 0, 79, 110.71, 100, 14059, 1037, 715, P0, 0x0000000000000020
2026/09/18 20:44:00.633, 1, 79, 136.08, 100, 13169, 1189, 715, P0, 0x0000000000000020
2026/09/18 20:44:01.641, 0, 79, 95.60, 100, 14059, 987, 715, P0, 0x0000000000000000
2026/09/18 20:44:01.644, 1, 80, 121.43, 100, 13169, 1189, 715, P0, 0x0000000000000000
2026/09/18 20:44:02.654, 0, 79, 112.24, 100, 14059, 911, 715, P0, 0x0000000000000020
2026/09/18 20:44:02.657, 1, 79, 131.51, 100, 13169, 1177, 715, P0, 0x0000000000000000
2026/09/18 20:44:03.682, 0, 79, 113.37, 100, 14059, 1063, 715, P0, 0x0000000000000000
2026/09/18 20:44:03.688, 1, 79, 121.59, 100, 13169, 1164, 715, P0, 0x0000000000000020
2026/09/18 20:44:04.694, 0, 79, 101.53, 100, 14059, 987, 715, P0, 0x0000000000000000
2026/09/18 20:44:04.697, 1, 79, 117.22, 100, 13169, 1151, 715, P0, 0x0000000000000000
2026/09/18 20:44:05.707, 0, 79, 118.79, 99, 14059, 974, 715, P0, 0x0000000000000020
2026/09/18 20:44:05.717, 1, 79, 138.37, 54, 13169, 1189, 715, P0, 0x0000000000000000
2026/09/18 20:44:06.724, 0, 79, 99.58, 100, 14059, 987, 715, P0, 0x0000000000000020
2026/09/18 20:44:06.738, 1, 78, 132.40, 0, 13169, 1113, 715, P0, 0x0000000000000020
2026/09/18 20:44:07.755, 0, 79, 115.66, 100, 14059, 936, 715, P0, 0x0000000000000020
2026/09/18 20:44:07.758, 1, 78, 49.12, 90, 13169, 1189, 715, P0, 0x0000000000000000
2026/09/18 20:44:08.769, 0, 79, 107.78, 100, 14059, 1025, 715, P0, 0x0000000000000020
2026/09/18 20:44:08.778, 1, 79, 50.34, 100, 13169, 1189, 715, P0, 0x0000000000000000
2026/09/18 20:44:09.785, 0, 79, 107.19, 100, 14059, 898, 715, P0, 0x0000000000000020
2026/09/18 20:44:09.788, 1, 79, 131.07, 100, 13169, 1139, 715, P0, 0x0000000000000020
2026/09/18 20:44:10.813, 0, 79, 112.01, 100, 14059, 1037, 715, P0, 0x0000000000000020
2026/09/18 20:44:10.817, 1, 79, 135.80, 100, 13169, 1189, 715, P0, 0x0000000000000020
2026/09/18 20:44:11.826, 0, 79, 103.90, 100, 14059, 885, 715, P0, 0x0000000000000020
2026/09/18 20:44:11.829, 1, 80, 128.40, 100, 13169, 1189, 715, P0, 0x0000000000000000
2026/09/18 20:44:12.841, 0, 79, 112.27, 100, 14059, 1025, 715, P0, 0x0000000000000020
2026/09/18 20:44:12.844, 1, 79, 114.33, 100, 13169, 1164, 715, P0, 0x0000000000000000
2026/09/18 20:44:13.854, 0, 79, 97.68, 100, 14059, 961, 715, P0, 0x0000000000000000
2026/09/18 20:44:13.862, 1, 79, 124.54, 100, 13169, 1164, 715, P0, 0x0000000000000000
2026/09/18 20:44:14.873, 0, 79, 99.33, 99, 14059, 1037, 715, P0, 0x0000000000000000
2026/09/18 20:44:14.881, 1, 79, 141.69, 53, 13169, 1202, 715, P0, 0x0000000000000000
2026/09/18 20:44:15.890, 0, 79, 107.29, 100, 14059, 898, 715, P0, 0x0000000000000020
2026/09/18 20:44:15.902, 1, 78, 55.85, 0, 13169, 1303, 715, P0, 0x0000000000000000
2026/09/18 20:44:16.917, 0, 79, 102.07, 100, 14059, 1037, 715, P0, 0x0000000000000000
2026/09/18 20:44:16.922, 1, 79, 55.86, 44, 13169, 1303, 715, P0, 0x0000000000000000
2026/09/18 20:44:17.933, 0, 79, 107.65, 100, 14059, 898, 715, P0, 0x0000000000000020
2026/09/18 20:44:17.943, 1, 79, 125.43, 100, 13169, 1126, 715, P0, 0x0000000000000020
2026/09/18 20:44:18.949, 0, 79, 109.53, 100, 14059, 1025, 715, P0, 0x0000000000000020
2026/09/18 20:44:18.952, 1, 79, 121.22, 100, 13169, 1177, 715, P0, 0x0000000000000000
2026/09/18 20:44:19.979, 0, 79, 108.05, 100, 14059, 898, 715, P0, 0x0000000000000020
2026/09/18 20:44:19.986, 1, 79, 140.06, 100, 13169, 1139, 715, P0, 0x0000000000000020
2026/09/18 20:44:20.995, 0, 79, 109.07, 100, 14059, 1025, 715, P0, 0x0000000000000020
2026/09/18 20:44:21.003, 1, 79, 126.39, 100, 13169, 1189, 715, P0, 0x0000000000000000
2026/09/18 20:44:22.012, 0, 79, 114.22, 99, 14059, 1025, 715, P0, 0x0000000000000020
2026/09/18 20:44:22.025, 1, 78, 94.12, 0, 13169, 911, 715, P0, 0x0000000000000020
2026/09/18 20:44:23.043, 0, 79, 104.96, 100, 14059, 885, 715, P0, 0x0000000000000020
2026/09/18 20:44:23.046, 1, 78, 50.34, 0, 13169, 1189, 715, P0, 0x0000000000000000
2026/09/18 20:44:24.061, 0, 79, 101.35, 100, 14059, 1025, 715, P0, 0x0000000000000020
2026/09/18 20:44:24.064, 1, 78, 54.66, 51, 13169, 1316, 715, P0, 0x0000000000000020
2026/09/18 20:44:25.074, 0, 79, 113.14, 100, 14059, 911, 715, P0, 0x0000000000000020
2026/09/18 20:44:25.088, 1, 79, 130.38, 100, 13169, 1189, 715, P0, 0x0000000000000000
2026/09/18 20:44:26.102, 0, 79, 99.92, 100, 14059, 999, 715, P0, 0x0000000000000000
2026/09/18 20:44:26.106, 1, 79, 115.32, 100, 13169, 1189, 715, P0, 0x0000000000000000
2026/09/18 20:44:27.116, 0, 79, 113.12, 100, 14059, 1025, 715, P0, 0x0000000000000020
2026/09/18 20:44:27.126, 1, 79, 137.76, 100, 13169, 1202, 715, P0, 0x0000000000000000
2026/09/18 20:44:28.132, 0, 79, 105.96, 99, 14059, 885, 715, P0, 0x0000000000000020
2026/09/18 20:44:28.135, 1, 79, 139.13, 81, 13169, 1139, 715, P0, 0x0000000000000020
2026/09/18 20:44:29.146, 0, 79, 84.86, 100, 14059, 898, 715, P0, 0x0000000000000020
2026/09/18 20:44:29.149, 1, 78, 73.14, 0, 13169, 1227, 715, P0, 0x0000000000000000
2026/09/18 20:44:30.164, 0, 79, 101.35, 100, 14059, 1025, 715, P0, 0x0000000000000020
2026/09/18 20:44:30.167, 1, 78, 56.59, 44, 13169, 1316, 715, P0, 0x0000000000000000
2026/09/18 20:44:31.179, 0, 79, 115.48, 100, 14059, 999, 715, P0, 0x0000000000000020
2026/09/18 20:44:31.188, 1, 79, 112.63, 100, 13169, 1113, 715, P0, 0x0000000000000000
2026/09/18 20:44:32.207, 0, 79, 91.98, 100, 14059, 898, 715, P0, 0x0000000000000020
2026/09/18 20:44:32.210, 1, 79, 120.10, 100, 13169, 1075, 715, P0, 0x0000000000000020
2026/09/18 20:44:33.220, 0, 79, 99.29, 100, 14059, 1012, 715, P0, 0x0000000000000020
2026/09/18 20:44:33.227, 1, 79, 134.72, 100, 13169, 1189, 715, P0, 0x0000000000000020
2026/09/18 20:44:34.250, 0, 79, 114.47, 99, 14059, 1025, 715, P0, 0x0000000000000020
2026/09/18 20:44:34.255, 1, 79, 138.21, 95, 13169, 1215, 715, P0, 0x0000000000000020
2026/09/18 20:44:35.270, 0, 79, 106.82, 100, 14059, 885, 715, P0, 0x0000000000000020
2026/09/18 20:44:35.273, 1, 78, 50.33, 0, 13169, 1189, 715, P0, 0x0000000000000000
2026/09/18 20:44:36.280, 0, 79, 92.29, 100, 14059, 987, 715, P0, 0x0000000000000000
2026/09/18 20:44:36.288, 1, 79, 56.59, 63, 13169, 1316, 715, P0, 0x0000000000000020
2026/09/18 20:44:37.295, 0, 79, 108.45, 100, 14059, 1025, 715, P0, 0x0000000000000020
2026/09/18 20:44:37.298, 1, 79, 154.19, 100, 13169, 1265, 715, P0, 0x0000000000000020
2026/09/18 20:44:38.309, 0, 79, 101.90, 100, 14059, 999, 715, P0, 0x0000000000000020
2026/09/18 20:44:38.312, 1, 79, 142.92, 100, 13169, 1290, 715, P0, 0x0000000000000000
2026/09/18 20:44:39.322, 0, 79, 107.67, 99, 14059, 885, 715, P0, 0x0000000000000020
2026/09/18 20:44:39.331, 1, 79, 128.52, 89, 13169, 1101, 715, P0, 0x0000000000000020
2026/09/18 20:44:40.349, 0, 79, 106.14, 100, 14059, 898, 715, P0, 0x0000000000000020
2026/09/18 20:44:40.353, 1, 78, 57.05, 0, 13169, 1316, 715, P0, 0x0000000000000000
2026/09/18 20:44:41.367, 0, 79, 100.16, 100, 14059, 987, 715, P0, 0x0000000000000000
2026/09/18 20:44:41.372, 1, 79, 49.86, 100, 13169, 1189, 715, P0, 0x0000000000000000
2026/09/18 20:44:42.386, 0, 79, 104.18, 100, 14059, 1012, 715, P0, 0x0000000000000020
2026/09/18 20:44:42.392, 1, 79, 116.52, 100, 13169, 1177, 715, P0, 0x0000000000000020
2026/09/18 20:44:43.398, 0, 79, 103.11, 100, 14059, 999, 715, P0, 0x0000000000000020
2026/09/18 20:44:43.401, 1, 79, 140.56, 100, 13169, 1202, 715, P0, 0x0000000000000000
2026/09/18 20:44:44.415, 0, 79, 110.46, 99, 14059, 911, 715, P0, 0x0000000000000020
2026/09/18 20:44:44.417, 1, 79, 138.16, 31, 13169, 1101, 715, P0, 0x0000000000000020
2026/09/18 20:44:45.427, 0, 79, 111.88, 100, 14059, 911, 715, P0, 0x0000000000000020
2026/09/18 20:44:45.435, 1, 78, 50.09, 16, 13169, 1189, 715, P0, 0x0000000000000000
2026/09/18 20:44:46.442, 0, 79, 104.89, 100, 14059, 885, 715, P0, 0x0000000000000020
2026/09/18 20:44:46.453, 1, 79, 54.90, 100, 13169, 1189, 715, P0, 0x0000000000000000
2026/09/18 20:44:47.460, 0, 79, 89.14, 100, 14059, 885, 715, P0, 0x0000000000000020
2026/09/18 20:44:47.464, 1, 79, 122.67, 100, 13169, 1215, 715, P0, 0x0000000000000020
2026/09/18 20:44:48.474, 0, 79, 94.78, 100, 14059, 1037, 715, P0, 0x0000000000000000
2026/09/18 20:44:48.477, 1, 79, 137.22, 100, 13169, 1265, 715, P0, 0x0000000000000000
2026/09/18 20:44:49.489, 0, 79, 96.46, 100, 14059, 1037, 715, P0, 0x0000000000000000
2026/09/18 20:44:49.494, 1, 78, 141.53, 23, 13169, 1202, 715, P0, 0x0000000000000000
2026/09/18 20:44:50.499, 0, 79, 110.67, 100, 14059, 1037, 715, P0, 0x0000000000000020
2026/09/18 20:44:50.502, 1, 78, 53.20, 0, 13169, 1240, 715, P0, 0x0000000000000000
2026/09/18 20:44:51.514, 0, 79, 99.48, 100, 14059, 1037, 715, P0, 0x0000000000000000
2026/09/18 20:44:51.516, 1, 79, 92.69, 100, 13169, 1037, 715, P0, 0x0000000000000000
2026/09/18 20:44:52.531, 0, 79, 99.15, 100, 14059, 1037, 715, P0, 0x0000000000000000
2026/09/18 20:44:52.535, 1, 79, 121.90, 100, 13169, 1139, 715, P0, 0x0000000000000000
2026/09/18 20:44:53.546, 0, 79, 113.52, 99, 14059, 911, 715, P0, 0x0000000000000020
2026/09/18 20:44:53.557, 1, 78, 139.58, 62, 13169, 1189, 715, P0, 0x0000000000000000
2026/09/18 20:44:54.566, 0, 79, 118.78, 100, 14059, 987, 715, P0, 0x0000000000000020
2026/09/18 20:44:54.576, 1, 78, 50.05, 0, 13169, 1189, 715, P0, 0x0000000000000000
2026/09/18 20:44:55.583, 0, 79, 110.97, 100, 14059, 923, 715, P0, 0x0000000000000020
2026/09/18 20:44:55.587, 1, 79, 125.43, 100, 13169, 1189, 715, P0, 0x0000000000000000
2026/09/18 20:44:56.598, 0, 79, 87.14, 100, 14059, 810, 715, P0, 0x0000000000000020
2026/09/18 20:44:56.601, 1, 79, 156.91, 100, 13169, 1240, 715, P0, 0x0000000000000020
2026/09/18 20:44:57.625, 0, 79, 92.53, 100, 14059, 708, 715, P0, 0x0000000000000020
2026/09/18 20:44:57.640, 1, 77, 54.69, 0, 13169, 1290, 715, P0, 0x0000000000000000
2026/09/18 20:44:58.655, 0, 79, 86.53, 100, 14059, 847, 715, P0, 0x0000000000000000
2026/09/18 20:44:58.659, 1, 79, 51.61, 100, 13169, 1189, 715, P0, 0x0000000000000000
2026/09/18 20:44:59.666, 0, 79, 91.23, 100, 14059, 708, 715, P0, 0x0000000000000020
2026/09/18 20:44:59.679, 1, 79, 139.76, 100, 13169, 1278, 715, P0, 0x0000000000000020
2026/09/18 20:45:00.700, 0, 79, 103.51, 100, 14059, 911, 715, P0, 0x0000000000000020
2026/09/18 20:45:00.702, 1, 78, 52.97, 0, 13169, 1265, 715, P0, 0x0000000000000000
2026/09/18 20:45:01.711, 0, 79, 85.46, 100, 14059, 936, 715, P0, 0x0000000000000000
2026/09/18 20:45:01.718, 1, 79, 149.54, 100, 13169, 1240, 715, P0, 0x0000000000000000
2026/09/18 20:45:02.728, 0, 79, 89.75, 100, 14059, 936, 715, P0, 0x0000000000000000
2026/09/18 20:45:02.738, 1, 79, 154.02, 100, 13169, 1240, 715, P0, 0x0000000000000000
2026/09/18 20:45:03.745, 0, 79, 102.07, 100, 14059, 847, 715, P0, 0x0000000000000020
2026/09/18 20:45:03.748, 1, 78, 51.06, 0, 13169, 1215, 715, P0, 0x0000000000000000
2026/09/18 20:45:04.763, 0, 79, 104.28, 100, 14059, 847, 715, P0, 0x0000000000000020
2026/09/18 20:45:04.766, 1, 78, 93.88, 100, 13169, 784, 715, P0, 0x0000000000000000
2026/09/18 20:45:05.777, 0, 79, 108.86, 100, 14059, 885, 715, P0, 0x0000000000000020
2026/09/18 20:45:05.781, 1, 79, 133.72, 100, 13169, 1164, 715, P0, 0x0000000000000000
2026/09/18 20:45:06.791, 0, 79, 112.89, 99, 14059, 911, 715, P0, 0x0000000000000020
2026/09/18 20:45:06.802, 1, 78, 140.72, 42, 13169, 1189, 715, P0, 0x0000000000000000
2026/09/18 20:45:07.808, 0, 79, 106.60, 100, 14059, 1025, 715, P0, 0x0000000000000000
2026/09/18 20:45:07.811, 1, 78, 52.03, 3, 13169, 1227, 715, P0, 0x0000000000000000
2026/09/18 20:45:08.820, 0, 79, 108.29, 100, 14059, 999, 715, P0, 0x0000000000000020
2026/09/18 20:45:08.823, 1, 79, 156.20, 100, 13169, 1265, 715, P0, 0x0000000000000000
2026/09/18 20:45:09.839, 0, 79, 90.28, 100, 14059, 999, 715, P0, 0x0000000000000000
2026/09/18 20:45:09.842, 1, 79, 142.62, 100, 13169, 1227, 715, P0, 0x0000000000000000
2026/09/18 20:45:10.853, 0, 79, 101.09, 100, 14059, 847, 715, P0, 0x0000000000000020
2026/09/18 20:45:10.862, 1, 78, 54.89, 0, 13169, 1290, 715, P0, 0x0000000000000000
2026/09/18 20:45:11.867, 0, 79, 103.03, 100, 14059, 860, 715, P0, 0x0000000000000020
2026/09/18 20:45:11.870, 1, 79, 53.24, 100, 13169, 1227, 715, P0, 0x0000000000000000
2026/09/18 20:45:12.888, 0, 79, 108.76, 100, 14059, 898, 715, P0, 0x0000000000000020
2026/09/18 20:45:12.891, 1, 80, 146.19, 100, 13169, 1189, 715, P0, 0x0000000000000020
2026/09/18 20:45:13.900, 0, 79, 110.33, 99, 14059, 999, 715, P0, 0x0000000000000020
2026/09/18 20:45:13.905, 1, 79, 164.63, 84, 13169, 1316, 715, P0, 0x0000000000000020
2026/09/18 20:45:14.911, 0, 79, 105.38, 100, 14059, 987, 715, P0, 0x0000000000000020
2026/09/18 20:45:14.923, 1, 78, 50.34, 0, 13169, 1189, 715, P0, 0x0000000000000000
2026/09/18 20:45:15.937, 0, 79, 92.93, 100, 14059, 987, 715, P0, 0x0000000000000000
2026/09/18 20:45:15.944, 1, 79, 125.97, 100, 13169, 1227, 715, P0, 0x0000000000000000
2026/09/18 20:45:16.951, 0, 79, 100.05, 100, 14059, 835, 715, P0, 0x0000000000000020
2026/09/18 20:45:16.954, 1, 79, 132.17, 100, 13169, 1215, 715, P0, 0x0000000000000000
2026/09/18 20:45:17.968, 0, 79, 106.08, 100, 14059, 873, 715, P0, 0x0000000000000020
2026/09/18 20:45:17.971, 1, 78, 56.33, 0, 13169, 1316, 715, P0, 0x0000000000000000
2026/09/18 20:45:18.982, 0, 79, 107.25, 100, 14059, 1037, 715, P0, 0x0000000000000000
2026/09/18 20:45:18.988, 1, 79, 56.07, 100, 13169, 1189, 715, P0, 0x0000000000000000
2026/09/18 20:45:19.999, 0, 79, 107.96, 100, 14059, 1050, 715, P0, 0x0000000000000000
2026/09/18 20:45:20.006, 1, 79, 134.58, 100, 13169, 1202, 715, P0, 0x0000000000000000
2026/09/18 20:45:21.011, 0, 79, 97.24, 99, 14059, 949, 715, P0, 0x0000000000000000
2026/09/18 20:45:21.014, 1, 77, 114.55, 0, 13169, 1215, 715, P0, 0x0000000000000000
2026/09/18 20:45:22.029, 0, 79, 101.57, 100, 14059, 847, 715, P0, 0x0000000000000020
2026/09/18 20:45:22.032, 1, 79, 56.10, 77, 13169, 1303, 715, P0, 0x0000000000000000
2026/09/18 20:45:23.043, 0, 79, 107.90, 100, 14059, 873, 715, P0, 0x0000000000000020
2026/09/18 20:45:23.048, 1, 80, 129.72, 100, 13169, 1126, 715, P0, 0x0000000000000020
2026/09/18 20:45:24.055, 0, 79, 108.66, 99, 14059, 1025, 715, P0, 0x0000000000000000
2026/09/18 20:45:24.068, 1, 79, 127.04, 10, 13169, 1202, 715, P0, 0x0000000000000000
2026/09/18 20:45:25.074, 0, 79, 106.90, 100, 14059, 1025, 715, P0, 0x0000000000000000
2026/09/18 20:45:25.077, 1, 78, 50.34, 38, 13169, 1189, 715, P0, 0x0000000000000000
2026/09/18 20:45:26.088, 0, 79, 101.53, 100, 14059, 847, 715, P0, 0x0000000000000020
2026/09/18 20:45:26.091, 1, 79, 113.95, 100, 13169, 1139, 715, P0, 0x0000000000000000
2026/09/18 20:45:27.100, 0, 79, 101.41, 100, 14059, 847, 715, P0, 0x0000000000000020
2026/09/18 20:45:27.110, 1, 79, 143.11, 56, 13169, 1177, 715, P0, 0x0000000000000020
2026/09/18 20:45:28.128, 0, 79, 93.75, 100, 14059, 1012, 715, P0, 0x0000000000000000
2026/09/18 20:45:28.131, 1, 78, 55.18, 0, 13169, 1290, 715, P0, 0x0000000000000000
2026/09/18 20:45:29.140, 0, 79, 103.51, 100, 14059, 974, 715, P0, 0x0000000000000020
2026/09/18 20:45:29.150, 1, 80, 145.03, 100, 13169, 1240, 715, P0, 0x0000000000000020
2026/09/18 20:45:30.156, 0, 79, 99.22, 100, 14059, 949, 715, P0, 0x0000000000000000
2026/09/18 20:45:30.159, 1, 79, 159.61, 100, 13169, 1278, 715, P0, 0x0000000000000000
2026/09/18 20:45:31.170, 0, 79, 103.26, 100, 14059, 860, 715, P0, 0x0000000000000020
2026/09/18 20:45:31.173, 1, 78, 56.33, 0, 13169, 1316, 715, P0, 0x0000000000000000
2026/09/18 20:45:32.183, 0, 79, 107.99, 100, 14059, 1037, 715, P0, 0x0000000000000000
2026/09/18 20:45:32.190, 1, 80, 87.24, 100, 13169, 1202, 715, P0, 0x0000000000000000
2026/09/18 20:45:33.195, 0, 79, 98.84, 100, 14059, 987, 715, P0, 0x0000000000000020
2026/09/18 20:45:33.197, 1, 79, 139.16, 100, 13169, 1252, 715, P0, 0x0000000000000000
2026/09/18 20:45:34.207, 0, 79, 103.28, 100, 14059, 873, 715, P0, 0x0000000000000020
2026/09/18 20:45:34.211, 1, 77, 49.61, 0, 13169, 1189, 715, P0, 0x0000000000000000
2026/09/18 20:45:35.221, 0, 79, 104.72, 100, 14059, 860, 715, P0, 0x0000000000000020
2026/09/18 20:45:35.233, 1, 79, 53.48, 100, 13169, 1227, 715, P0, 0x0000000000000000
2026/09/18 20:45:36.250, 0, 79, 96.83, 100, 14059, 1025, 715, P0, 0x0000000000000000
2026/09/18 20:45:36.253, 1, 79, 165.66, 100, 13169, 1290, 715, P0, 0x0000000000000000
2026/09/18 20:45:37.266, 0, 79, 103.43, 100, 14059, 999, 715, P0, 0x0000000000000000
2026/09/18 20:45:37.272, 1, 78, 122.56, 0, 13169, 1202, 715, P0, 0x0000000000000000
2026/09/18 20:45:38.283, 0, 79, 103.51, 100, 14059, 873, 715, P0, 0x0000000000000020
2026/09/18 20:45:38.292, 1, 79, 52.76, 100, 13169, 1227, 715, P0, 0x0000000000000000
2026/09/18 20:45:39.301, 0, 79, 112.76, 100, 14059, 911, 715, P0, 0x0000000000000020
2026/09/18 20:45:39.314, 1, 80, 147.27, 100, 13169, 1189, 715, P0, 0x0000000000000020
2026/09/18 20:45:40.333, 0, 79, 107.84, 100, 14059, 1025, 715, P0, 0x0000000000000000
2026/09/18 20:45:40.336, 1, 78, 132.75, 51, 13169, 1265, 715, P0, 0x0000000000000020
2026/09/18 20:45:41.345, 0, 79, 101.35, 100, 14059, 847, 715, P0, 0x0000000000000020
2026/09/18 20:45:41.354, 1, 78, 53.24, 0, 13169, 1240, 715, P0, 0x0000000000000000
2026/09/18 20:45:42.363, 0, 79, 108.29, 100, 14059, 860, 715, P0, 0x0000000000000020
2026/09/18 20:45:42.376, 1, 79, 145.71, 100, 13169, 1189, 715, P0, 0x0000000000000020
2026/09/18 20:45:43.393, 0, 79, 110.24, 100, 14059, 999, 715, P0, 0x0000000000000020
2026/09/18 20:45:43.397, 1, 78, 133.62, 27, 13169, 1227, 715, P0, 0x0000000000000000
2026/09/18 20:45:44.406, 0, 79, 102.54, 100, 14059, 860, 715, P0, 0x0000000000000020
2026/09/18 20:45:44.416, 1, 78, 52.76, 15, 13169, 1227, 715, P0, 0x0000000000000000
2026/09/18 20:45:45.422, 0, 79, 108.03, 100, 14059, 885, 715, P0, 0x0000000000000020
2026/09/18 20:45:45.425, 1, 80, 156.97, 100, 13169, 1227, 715, P0, 0x0000000000000020
2026/09/18 20:45:46.438, 0, 79, 99.29, 99, 14059, 1012, 715, P0, 0x0000000000000000
2026/09/18 20:45:46.441, 1, 78, 138.40, 0, 13169, 1189, 715, P0, 0x0000000000000000
2026/09/18 20:45:47.450, 0, 79, 102.05, 100, 14059, 847, 715, P0, 0x0000000000000020
2026/09/18 20:45:47.457, 1, 79, 55.61, 75, 13169, 1303, 715, P0, 0x0000000000000000
2026/09/18 20:45:48.463, 0, 79, 107.48, 100, 14059, 1025, 715, P0, 0x0000000000000000
2026/09/18 20:45:48.466, 1, 80, 162.57, 100, 13169, 1227, 715, P0, 0x0000000000000020
2026/09/18 20:45:49.481, 0, 79, 99.59, 100, 14059, 974, 715, P0, 0x0000000000000000
2026/09/18 20:45:49.484, 1, 78, 130.21, 0, 13169, 1265, 715, P0, 0x0000000000000000
2026/09/18 20:45:50.497, 0, 79, 103.51, 100, 14059, 847, 715, P0, 0x0000000000000020
2026/09/18 20:45:50.501, 1, 79, 54.17, 100, 13169, 1265, 715, P0, 0x0000000000000000
2026/09/18 20:45:51.511, 0, 79, 96.95, 100, 14059, 1050, 715, P0, 0x0000000000000000
2026/09/18 20:45:51.518, 1, 79, 124.49, 100, 13169, 1202, 715, P0, 0x0000000000000000
2026/09/18 20:45:52.542, 0, 79, 96.83, 100, 14059, 1037, 715, P0, 0x0000000000000000
2026/09/18 20:45:52.545, 1, 78, 152.52, 0, 13169, 1227, 715, P0, 0x0000000000000020
2026/09/18 20:45:53.559, 0, 79, 108.08, 100, 14059, 923, 715, P0, 0x0000000000000020
2026/09/18 20:45:53.562, 1, 79, 51.54, 23, 13169, 1202, 715, P0, 0x0000000000000000
2026/09/18 20:45:54.570, 0, 79, 106.71, 100, 14059, 911, 715, P0, 0x0000000000000020
2026/09/18 20:45:54.578, 1, 77, 81.01, 100, 13169, 582, 715, P0, 0x0000000000000020
2026/09/18 20:45:55.588, 0, 79, 115.82, 99, 14059, 949, 715, P0, 0x0000000000000020
2026/09/18 20:45:55.601, 1, 78, 108.09, 100, 13169, 1088, 715, P0, 0x0000000000000000
2026/09/18 20:45:56.605, 0, 79, 113.12, 100, 14059, 1063, 715, P0, 0x0000000000000020
2026/09/18 20:45:56.608, 1, 79, 130.10, 100, 13169, 1126, 715, P0, 0x0000000000000020
2026/09/18 20:45:57.619, 0, 79, 107.30, 100, 14059, 911, 715, P0, 0x0000000000000020
2026/09/18 20:45:57.622, 1, 79, 101.09, 100, 13169, 1101, 715, P0, 0x0000000000000020
2026/09/18 20:45:58.635, 0, 79, 107.82, 100, 14059, 923, 715, P0, 0x0000000000000020
2026/09/18 20:45:58.639, 1, 79, 141.67, 100, 13169, 1177, 715, P0, 0x0000000000000000
2026/09/18 20:45:59.650, 0, 79, 113.46, 100, 14059, 1037, 715, P0, 0x0000000000000020
2026/09/18 20:45:59.660, 1, 78, 56.57, 0, 13169, 1316, 715, P0, 0x0000000000000000
2026/09/18 20:46:00.680, 0, 79, 95.69, 100, 14059, 1063, 715, P0, 0x0000000000000000
2026/09/18 20:46:00.683, 1, 80, 150.33, 100, 13169, 1252, 715, P0, 0x0000000000000000
2026/09/18 20:46:01.691, 0, 79, 108.05, 100, 14059, 911, 715, P0, 0x0000000000000020
2026/09/18 20:46:01.701, 1, 79, 143.08, 100, 13169, 1177, 715, P0, 0x0000000000000020
2026/09/18 20:46:02.707, 0, 79, 116.36, 100, 14059, 1063, 715, P0, 0x0000000000000000
2026/09/18 20:46:02.710, 1, 78, 57.01, 0, 13169, 1316, 715, P0, 0x0000000000000000
2026/09/18 20:46:03.721, 0, 79, 112.89, 100, 14059, 1063, 715, P0, 0x0000000000000020
2026/09/18 20:46:03.725, 1, 79, 128.27, 100, 13169, 1189, 715, P0, 0x0000000000000020
2026/09/18 20:46:04.734, 0, 79, 106.72, 100, 14059, 911, 715, P0, 0x0000000000000020
2026/09/18 20:46:04.740, 1, 79, 128.69, 100, 13169, 1189, 715, P0, 0x0000000000000000
2026/09/18 20:46:05.749, 0, 79, 118.28, 100, 14059, 1012, 715, P0, 0x0000000000000020
2026/09/18 20:46:05.761, 1, 78, 55.08, 0, 13169, 1290, 715, P0, 0x0000000000000000
2026/09/18 20:46:06.779, 0, 79, 107.89, 100, 14059, 1037, 715, P0, 0x0000000000000020
2026/09/18 20:46:06.782, 1, 79, 144.51, 100, 13169, 1240, 715, P0, 0x0000000000000000
2026/09/18 20:46:07.794, 0, 79, 105.74, 100, 14059, 911, 715, P0, 0x0000000000000000
2026/09/18 20:46:07.801, 1, 79, 138.62, 100, 13169, 1202, 715, P0, 0x0000000000000000
2026/09/18 20:46:08.810, 0, 79, 118.21, 100, 14059, 1050, 715, P0, 0x0000000000000020
2026/09/18 20:46:08.820, 1, 78, 55.80, 0, 13169, 1303, 715, P0, 0x0000000000000000
2026/09/18 20:46:09.840, 0, 79, 112.87, 100, 14059, 1050, 715, P0, 0x0000000000000020
2026/09/18 20:46:09.845, 1, 80, 129.23, 100, 13169, 1139, 715, P0, 0x0000000000000020
2026/09/18 20:46:10.857, 0, 79, 106.38, 100, 14059, 923, 715, P0, 0x0000000000000000
2026/09/18 20:46:10.863, 1, 79, 128.27, 100, 13169, 1164, 715, P0, 0x0000000000000020
2026/09/18 20:46:11.872, 0, 79, 116.38, 100, 14059, 1063, 715, P0, 0x0000000000000020
2026/09/18 20:46:11.880, 1, 78, 50.77, 0, 13169, 1202, 715, P0, 0x0000000000000000
2026/09/18 20:46:12.884, 0, 79, 99.21, 100, 14059, 1063, 715, P0, 0x0000000000000000
2026/09/18 20:46:12.886, 1, 79, 132.27, 100, 13169, 1189, 715, P0, 0x0000000000000000
2026/09/18 20:46:13.897, 0, 79, 107.82, 100, 14059, 923, 715, P0, 0x0000000000000020
2026/09/18 20:46:13.901, 1, 79, 143.79, 100, 13169, 1189, 715, P0, 0x0000000000000020
2026/09/18 20:46:14.909, 0, 79, 111.63, 100, 14059, 1050, 715, P0, 0x0000000000000020
2026/09/18 20:46:14.912, 1, 78, 53.20, 0, 13169, 1265, 715, P0, 0x0000000000000000
2026/09/18 20:46:15.923, 0, 79, 92.20, 100, 14059, 999, 715, P0, 0x0000000000000000
2026/09/18 20:46:15.928, 1, 79, 123.38, 100, 13169, 1189, 715, P0, 0x0000000000000000
2026/09/18 20:46:16.935, 0, 79, 106.61, 99, 14059, 898, 715, P0, 0x0000000000000020
2026/09/18 20:46:16.944, 1, 79, 142.12, 55, 13169, 1164, 715, P0, 0x0000000000000020
2026/09/18 20:46:17.951, 0, 79, 113.97, 100, 14059, 1063, 715, P0, 0x0000000000000020
2026/09/18 20:46:17.954, 1, 78, 52.23, 30, 13169, 1227, 715, P0, 0x0000000000000000
2026/09/18 20:46:18.967, 0, 79, 106.80, 100, 14059, 911, 715, P0, 0x0000000000000000
2026/09/18 20:46:18.970, 1, 80, 118.38, 100, 13169, 1189, 715, P0, 0x0000000000000000
2026/09/18 20:46:19.984, 0, 79, 117.32, 99, 14059, 999, 715, P0, 0x0000000000000020
2026/09/18 20:46:19.992, 1, 79, 150.28, 95, 13169, 1252, 715, P0, 0x0000000000000020
2026/09/18 20:46:21.010, 0, 79, 99.66, 100, 14059, 999, 715, P0, 0x0000000000000000
2026/09/18 20:46:21.013, 1, 78, 52.99, 0, 13169, 1240, 715, P0, 0x0000000000000000
2026/09/18 20:46:22.025, 0, 79, 107.08, 100, 14059, 911, 715, P0, 0x0000000000000020
2026/09/18 20:46:22.029, 1, 80, 152.77, 100, 13169, 1202, 715, P0, 0x0000000000000000
2026/09/18 20:46:23.038, 0, 79, 111.20, 99, 14059, 1063, 715, P0, 0x0000000000000000
2026/09/18 20:46:23.044, 1, 78, 127.72, 23, 13169, 1189, 715, P0, 0x0000000000000020
2026/09/18 20:46:24.050, 0, 79, 106.57, 100, 14059, 911, 715, P0, 0x0000000000000020
2026/09/18 20:46:24.053, 1, 79, 54.16, 80, 13169, 1265, 715, P0, 0x0000000000000000
2026/09/18 20:46:25.064, 0, 79, 101.03, 100, 14059, 1037, 715, P0, 0x0000000000000020
2026/09/18 20:46:25.066, 1, 79, 131.13, 100, 13169, 1252, 715, P0, 0x0000000000000000
2026/09/18 20:46:26.082, 0, 79, 107.78, 100, 14059, 923, 715, P0, 0x0000000000000000
2026/09/18 20:46:26.085, 1, 78, 52.71, 0, 13169, 1265, 715, P0, 0x0000000000000000
2026/09/18 20:46:27.096, 0, 79, 119.42, 100, 14059, 999, 715, P0, 0x0000000000000020
2026/09/18 20:46:27.105, 1, 79, 84.09, 100, 13169, 1139, 715, P0, 0x0000000000000000
2026/09/18 20:46:28.110, 0, 79, 95.08, 100, 14059, 1025, 715, P0, 0x0000000000000000
2026/09/18 20:46:28.114, 1, 79, 135.67, 100, 13169, 1189, 715, P0, 0x0000000000000000
2026/09/18 20:46:29.125, 0, 79, 112.82, 100, 14059, 936, 715, P0, 0x0000000000000020
2026/09/18 20:46:29.128, 1, 78, 50.32, 0, 13169, 1202, 715, P0, 0x0000000000000000
2026/09/18 20:46:30.136, 0, 79, 112.49, 100, 14059, 1075, 715, P0, 0x0000000000000000
2026/09/18 20:46:30.144, 1, 79, 137.38, 100, 13169, 1189, 715, P0, 0x0000000000000000
2026/09/18 20:46:31.152, 0, 79, 106.60, 100, 14059, 911, 715, P0, 0x0000000000000020
2026/09/18 20:46:31.155, 1, 79, 151.58, 86, 13169, 1202, 715, P0, 0x0000000000000000
2026/09/18 20:46:32.169, 0, 79, 75.75, 100, 14059, 493, 715, P0, 0x0000000000000020
2026/09/18 20:46:32.172, 1, 78, 50.16, 1, 13169, 1189, 715, P0, 0x0000000000000000
2026/09/18 20:46:33.187, 0, 78, 98.56, 99, 14059, 822, 715, P0, 0x0000000000000020
2026/09/18 20:46:33.191, 1, 78, 144.79, 100, 13169, 1164, 715, P0, 0x0000000000000020
2026/09/18 20:46:34.216, 0, 79, 101.57, 100, 14059, 797, 715, P0, 0x0000000000000020
2026/09/18 20:46:34.228, 1, 78, 55.37, 0, 13169, 1290, 715, P0, 0x0000000000000000
2026/09/18 20:46:35.247, 0, 79, 95.96, 100, 14059, 759, 715, P0, 0x0000000000000020
2026/09/18 20:46:35.251, 1, 79, 139.64, 100, 13169, 1252, 715, P0, 0x0000000000000000
2026/09/18 20:46:36.262, 0, 79, 96.11, 100, 14059, 772, 715, P0, 0x0000000000000020
2026/09/18 20:46:36.268, 1, 78, 49.62, 0, 13169, 1189, 715, P0, 0x0000000000000000
2026/09/18 20:46:37.278, 0, 79, 98.77, 100, 14059, 1025, 715, P0, 0x0000000000000000
2026/09/18 20:46:37.288, 1, 79, 153.30, 100, 13169, 1252, 715, P0, 0x0000000000000020
2026/09/18 20:46:38.294, 0, 79, 105.91, 100, 14059, 873, 715, P0, 0x0000000000000020
2026/09/18 20:46:38.297, 1, 77, 52.74, 0, 13169, 1252, 715, P0, 0x0000000000000000
2026/09/18 20:46:39.309, 0, 79, 100.51, 100, 14059, 835, 715, P0, 0x0000000000000000
2026/09/18 20:46:39.312, 1, 79, 143.84, 100, 13169, 1227, 715, P0, 0x0000000000000000
2026/09/18 20:46:40.322, 0, 79, 106.21, 99, 14059, 961, 715, P0, 0x0000000000000020
2026/09/18 20:46:40.329, 1, 78, 142.38, 6, 13169, 1215, 715, P0, 0x0000000000000000
2026/09/18 20:46:41.336, 0, 79, 102.06, 100, 14059, 835, 715, P0, 0x0000000000000020
2026/09/18 20:46:41.350, 1, 79, 53.21, 99, 13169, 1252, 715, P0, 0x0000000000000000
2026/09/18 20:46:42.366, 0, 79, 87.85, 100, 14059, 949, 715, P0, 0x0000000000000000
2026/09/18 20:46:42.371, 1, 79, 138.93, 100, 13169, 1240, 715, P0, 0x0000000000000000
2026/09/18 20:46:43.378, 0, 79, 92.02, 100, 14059, 999, 715, P0, 0x0000000000000000
2026/09/18 20:46:43.387, 1, 78, 52.96, 0, 13169, 1252, 715, P0, 0x0000000000000000
2026/09/18 20:46:44.407, 0, 79, 100.50, 100, 14059, 822, 715, P0, 0x0000000000000020
2026/09/18 20:46:44.411, 1, 80, 136.76, 100, 13169, 1252, 715, P0, 0x0000000000000000
2026/09/18 20:46:45.422, 0, 79, 99.95, 100, 14059, 847, 715, P0, 0x0000000000000000
2026/09/18 20:46:45.430, 1, 77, 54.89, 0, 13169, 1303, 715, P0, 0x0000000000000000
2026/09/18 20:46:46.435, 0, 79, 95.72, 100, 14059, 961, 715, P0, 0x0000000000000020
2026/09/18 20:46:46.438, 1, 79, 150.21, 100, 13169, 1252, 715, P0, 0x0000000000000020
2026/09/18 20:46:47.450, 0, 79, 100.65, 100, 14059, 835, 715, P0, 0x0000000000000020
2026/09/18 20:46:47.453, 1, 79, 163.33, 100, 13169, 1240, 715, P0, 0x0000000000000020
2026/09/18 20:46:48.462, 0, 79, 100.13, 100, 14059, 835, 715, P0, 0x0000000000000020
2026/09/18 20:46:48.470, 1, 78, 54.65, 0, 13169, 1278, 715, P0, 0x0000000000000000
2026/09/18 20:46:49.475, 0, 79, 108.32, 100, 14059, 1025, 715, P0, 0x0000000000000020
2026/09/18 20:46:49.478, 1, 79, 132.68, 100, 13169, 1252, 715, P0, 0x0000000000000000
2026/09/18 20:46:50.488, 0, 79, 97.74, 100, 14059, 1012, 715, P0, 0x0000000000000000
2026/09/18 20:46:50.491, 1, 77, 51.51, 0, 13169, 1227, 715, P0, 0x0000000000000000
2026/09/18 20:46:51.501, 0, 79, 100.32, 100, 14059, 835, 715, P0, 0x0000000000000020
2026/09/18 20:46:51.509, 1, 79, 119.06, 100, 13169, 1189, 715, P0, 0x0000000000000000
2026/09/18 20:46:52.527, 0, 79, 79.36, 100, 14059, 835, 715, P0, 0x0000000000000020
2026/09/18 20:46:52.530, 1, 77, 54.99, 0, 13169, 1303, 715, P0, 0x0000000000000000
2026/09/18 20:46:53.544, 0, 79, 106.35, 100, 14059, 1012, 715, P0, 0x0000000000000000
2026/09/18 20:46:53.550, 1, 79, 51.76, 100, 13169, 1189, 715, P0, 0x0000000000000000
2026/09/18 20:46:54.560, 0, 79, 99.02, 99, 14059, 810, 715, P0, 0x0000000000000020
2026/09/18 20:46:54.572, 1, 79, 142.87, 81, 13169, 1177, 715, P0, 0x0000000000000020
2026/09/18 20:46:55.577, 0, 79, 100.13, 100, 14059, 835, 715, P0, 0x0000000000000020
2026/09/18 20:46:55.580, 1, 78, 53.21, 28, 13169, 1252, 715, P0, 0x0000000000000000
2026/09/18 20:46:56.591, 0, 79, 107.58, 100, 14059, 1025, 715, P0, 0x0000000000000000
2026/09/18 20:46:56.594, 1, 79, 156.41, 100, 13169, 1290, 715, P0, 0x0000000000000000
2026/09/18 20:46:57.607, 0, 79, 108.69, 100, 14059, 1063, 715, P0, 0x0000000000000000
2026/09/18 20:46:57.611, 1, 78, 55.34, 0, 13169, 1303, 715, P0, 0x0000000000000000
2026/09/18 20:46:58.628, 0, 79, 106.13, 100, 14059, 898, 715, P0, 0x0000000000000020
2026/09/18 20:46:58.631, 1, 79, 94.14, 100, 13169, 923, 715, P0, 0x0000000000000000
2026/09/18 20:46:59.646, 0, 79, 107.24, 99, 14059, 1025, 715, P0, 0x0000000000000020
2026/09/18 20:46:59.655, 1, 78, 119.50, 55, 13169, 1139, 715, P0, 0x0000000000000000
2026/09/18 20:47:00.661, 0, 79, 104.72, 100, 14059, 885, 715, P0, 0x0000000000000020
2026/09/18 20:47:00.671, 1, 79, 51.79, 91, 13169, 1189, 715, P0, 0x0000000000000000
2026/09/18 20:47:01.690, 0, 79, 97.19, 100, 14059, 1050, 715, P0, 0x0000000000000000
2026/09/18 20:47:01.693, 1, 79, 133.02, 100, 13169, 1252, 715, P0, 0x0000000000000000
2026/09/18 20:47:02.708, 0, 79, 114.21, 100, 14059, 1037, 715, P0, 0x0000000000000020
2026/09/18 20:47:02.711, 1, 78, 56.78, 0, 13169, 1316, 715, P0, 0x0000000000000000
2026/09/18 20:47:03.721, 0, 79, 104.78, 100, 14059, 885, 715, P0, 0x0000000000000020
2026/09/18 20:47:03.734, 1, 80, 145.42, 100, 13169, 1202, 715, P0, 0x0000000000000020
2026/09/18 20:47:04.752, 0, 79, 112.89, 99, 14059, 1025, 715, P0, 0x0000000000000020
2026/09/18 20:47:04.755, 1, 78, 135.31, 0, 13169, 1215, 715, P0, 0x0000000000000000
2026/09/18 20:47:05.770, 0, 79, 106.65, 100, 14059, 898, 715, P0, 0x0000000000000020
2026/09/18 20:47:05.773, 1, 78, 52.00, 100, 13169, 1227, 715, P0, 0x0000000000000000
2026/09/18 20:47:06.787, 0, 79, 103.24, 100, 14059, 1025, 715, P0, 0x0000000000000000
2026/09/18 20:47:06.792, 1, 79, 151.10, 100, 13169, 1240, 715, P0, 0x0000000000000000
2026/09/18 20:47:07.803, 0, 79, 107.78, 100, 14059, 1025, 715, P0, 0x0000000000000020
2026/09/18 20:47:07.812, 1, 77, 52.72, 0, 13169, 1252, 715, P0, 0x0000000000000000
2026/09/18 20:47:08.818, 0, 79, 105.64, 100, 14059, 898, 715, P0, 0x0000000000000020
2026/09/18 20:47:08.821, 1, 80, 138.13, 100, 13169, 1227, 715, P0, 0x0000000000000000
2026/09/18 20:47:09.833, 0, 79, 102.13, 100, 14059, 1037, 715, P0, 0x0000000000000000
2026/09/18 20:47:09.836, 1, 77, 141.41, 14, 13169, 1303, 715, P0, 0x0000000000000000
2026/09/18 20:47:10.843, 0, 79, 112.85, 100, 14059, 1050, 715, P0, 0x0000000000000020
2026/09/18 20:47:10.850, 1, 79, 135.53, 100, 13169, 1227, 715, P0, 0x0000000000000020
2026/09/18 20:47:11.859, 0, 79, 105.15, 100, 14059, 885, 715, P0, 0x0000000000000020
2026/09/18 20:47:11.862, 1, 79, 159.36, 100, 13169, 1240, 715, P0, 0x0000000000000020
2026/09/18 20:47:12.872, 0, 79, 97.25, 100, 14059, 1025, 715, P0, 0x0000000000000000
2026/09/18 20:47:12.875, 1, 78, 55.18, 0, 13169, 1290, 715, P0, 0x0000000000000000
2026/09/18 20:47:13.883, 0, 79, 116.00, 100, 14059, 974, 715, P0, 0x0000000000000020
2026/09/18 20:47:13.892, 1, 80, 171.16, 100, 13169, 1265, 715, P0, 0x0000000000000020
2026/09/18 20:47:14.897, 0, 79, 105.66, 100, 14059, 898, 715, P0, 0x0000000000000020
2026/09/18 20:47:14.900, 1, 77, 56.58, 0, 13169, 1316, 715, P0, 0x0000000000000000
2026/09/18 20:47:15.911, 0, 79, 95.25, 100, 14059, 1050, 715, P0, 0x0000000000000000
2026/09/18 20:47:15.914, 1, 79, 151.17, 100, 13169, 1252, 715, P0, 0x0000000000000020
2026/09/18 20:47:16.926, 0, 79, 111.91, 99, 14059, 911, 715, P0, 0x0000000000000020
2026/09/18 20:47:16.935, 1, 78, 176.74, 67, 13169, 1252, 715, P0, 0x0000000000000020
2026/09/18 20:47:17.954, 0, 79, 105.43, 100, 14059, 898, 715, P0, 0x0000000000000020
2026/09/18 20:47:17.957, 1, 78, 54.41, 42, 13169, 1278, 715, P0, 0x0000000000000000
2026/09/18 20:47:18.966, 0, 79, 111.41, 100, 14059, 1063, 715, P0, 0x0000000000000000
2026/09/18 20:47:18.973, 1, 79, 141.41, 100, 13169, 1265, 715, P0, 0x0000000000000000
2026/09/18 20:47:19.983, 0, 79, 109.49, 100, 14059, 1063, 715, P0, 0x0000000000000000
2026/09/18 20:47:19.993, 1, 77, 49.57, 0, 13169, 1189, 715, P0, 0x0000000000000000
2026/09/18 20:47:21.013, 0, 79, 105.01, 100, 14059, 885, 715, P0, 0x0000000000000020
2026/09/18 20:47:21.016, 1, 79, 141.19, 100, 13169, 1164, 715, P0, 0x0000000000000020
2026/09/18 20:47:22.029, 0, 79, 92.45, 100, 14059, 1050, 715, P0, 0x0000000000000000
2026/09/18 20:47:22.031, 1, 77, 127.74, 0, 13169, 1316, 715, P0, 0x0000000000000000
2026/09/18 20:47:23.042, 0, 79, 101.27, 100, 14059, 1037, 715, P0, 0x0000000000000000
2026/09/18 20:47:23.055, 1, 79, 60.46, 86, 13169, 1278, 715, P0, 0x0000000000000000
2026/09/18 20:47:24.073, 0, 79, 104.42, 100, 14059, 885, 715, P0, 0x0000000000000020
2026/09/18 20:47:24.076, 1, 79, 162.10, 100, 13169, 1240, 715, P0, 0x0000000000000000
2026/09/18 20:47:25.083, 0, 79, 101.34, 100, 14059, 911, 715, P0, 0x0000000000000020
2026/09/18 20:47:25.095, 1, 78, 53.49, 0, 13169, 1252, 715, P0, 0x0000000000000000
2026/09/18 20:47:26.113, 0, 79, 110.47, 100, 14059, 1025, 715, P0, 0x0000000000000020
2026/09/18 20:47:26.116, 1, 79, 132.03, 100, 13169, 1227, 715, P0, 0x0000000000000020
2026/09/18 20:47:27.132, 0, 79, 106.82, 100, 14059, 885, 715, P0, 0x0000000000000020
2026/09/18 20:47:27.136, 1, 77, 51.30, 0, 13169, 1227, 715, P0, 0x0000000000000000
2026/09/18 20:47:28.146, 0, 79, 104.79, 100, 14059, 885, 715, P0, 0x0000000000000020
2026/09/18 20:47:28.154, 1, 79, 135.16, 100, 13169, 1189, 715, P0, 0x0000000000000000
2026/09/18 20:47:29.159, 0, 79, 101.81, 100, 14059, 1012, 715, P0, 0x0000000000000020
2026/09/18 20:47:29.163, 1, 78, 167.32, 0, 13169, 1316, 715, P0, 0x0000000000000000
2026/09/18 20:47:30.173, 0, 79, 97.25, 100, 14059, 1037, 715, P0, 0x0000000000000000
2026/09/18 20:47:30.176, 1, 79, 58.05, 100, 13169, 1303, 715, P0, 0x0000000000000000
2026/09/18 20:47:31.186, 0, 79, 104.92, 99, 14059, 885, 715, P0, 0x0000000000000020
2026/09/18 20:47:31.194, 1, 79, 155.07, 100, 13169, 1227, 715, P0, 0x0000000000000020
2026/09/18 20:47:32.201, 0, 79, 105.68, 100, 14059, 898, 715, P0, 0x0000000000000020
2026/09/18 20:47:32.204, 1, 78, 52.26, 17, 13169, 1227, 715, P0, 0x0000000000000000
2026/09/18 20:47:33.216, 0, 79, 103.23, 100, 14059, 999, 715, P0, 0x0000000000000020
2026/09/18 20:47:33.219, 1, 79, 163.45, 100, 13169, 1303, 715, P0, 0x0000000000000000
2026/09/18 20:47:34.232, 0, 79, 109.64, 100, 14059, 1063, 715, P0, 0x0000000000000000
2026/09/18 20:47:34.235, 1, 78, 56.08, 0, 13169, 1316, 715, P0, 0x0000000000000000
2026/09/18 20:47:35.251, 0, 79, 105.98, 100, 14059, 898, 715, P0, 0x0000000000000020
2026/09/18 20:47:35.254, 1, 79, 135.05, 100, 13169, 1139, 715, P0, 0x0000000000000000
2026/09/18 20:47:36.262, 0, 79, 105.41, 100, 14059, 898, 715, P0, 0x0000000000000020
2026/09/18 20:47:36.265, 1, 77, 56.33, 0, 13169, 1316, 715, P0, 0x0000000000000000
2026/09/18 20:47:37.274, 0, 79, 112.39, 100, 14059, 1050, 715, P0, 0x0000000000000020
2026/09/18 20:47:37.280, 1, 80, 130.36, 100, 13169, 1227, 715, P0, 0x0000000000000020
2026/09/18 20:47:38.291, 0, 79, 110.37, 99, 14059, 911, 715, P0, 0x0000000000000020
2026/09/18 20:47:38.297, 1, 78, 146.33, 97, 13169, 1151, 715, P0, 0x0000000000000020
2026/09/18 20:47:39.304, 0, 79, 104.71, 100, 14059, 885, 715, P0, 0x0000000000000020
2026/09/18 20:47:39.307, 1, 78, 55.37, 43, 13169, 1303, 715, P0, 0x0000000000000000
2026/09/18 20:47:40.319, 0, 79, 104.32, 100, 14059, 885, 715, P0, 0x0000000000000020
2026/09/18 20:47:40.322, 1, 79, 137.07, 100, 13169, 1252, 715, P0, 0x0000000000000000
2026/09/18 20:47:41.332, 0, 79, 100.94, 100, 14059, 1063, 715, P0, 0x0000000000000000
2026/09/18 20:47:41.336, 1, 78, 50.58, 0, 13169, 1202, 715, P0, 0x0000000000000000
2026/09/18 20:47:42.345, 0, 79, 110.07, 100, 14059, 1050, 715, P0, 0x0000000000000000
2026/09/18 20:47:42.356, 1, 79, 166.51, 100, 13169, 1227, 715, P0, 0x0000000000000020
2026/09/18 20:47:43.373, 0, 79, 106.65, 100, 14059, 898, 715, P0, 0x0000000000000020
2026/09/18 20:47:43.377, 1, 77, 49.61, 0, 13169, 1189, 715, P0, 0x0000000000000000
2026/09/18 20:47:44.384, 0, 79, 105.25, 100, 14059, 885, 715, P0, 0x0000000000000020
2026/09/18 20:47:44.397, 1, 79, 129.90, 100, 13169, 1189, 715, P0, 0x0000000000000000
2026/09/18 20:47:45.411, 0, 79, 101.68, 100, 14059, 1050, 715, P0, 0x0000000000000000
2026/09/18 20:47:45.417, 1, 77, 131.30, 0, 13169, 1265, 715, P0, 0x0000000000000000
2026/09/18 20:47:46.428, 0, 79, 111.20, 100, 14059, 1025, 715, P0, 0x0000000000000020
2026/09/18 20:47:46.438, 1, 79, 129.46, 100, 13169, 1215, 715, P0, 0x0000000000000000
2026/09/18 20:47:47.456, 0, 79, 105.15, 99, 14059, 885, 715, P0, 0x0000000000000020
2026/09/18 20:47:47.459, 1, 79, 155.55, 51, 13169, 1227, 715, P0, 0x0000000000000020
2026/09/18 20:47:48.473, 0, 79, 104.95, 100, 14059, 885, 715, P0, 0x0000000000000020
2026/09/18 20:47:48.478, 1, 78, 55.61, 74, 13169, 1290, 715, P0, 0x0000000000000000
2026/09/18 20:47:49.484, 0, 79, 79.53, 100, 14059, 885, 715, P0, 0x0000000000000020
2026/09/18 20:47:49.490, 1, 79, 153.64, 100, 13169, 1290, 715, P0, 0x0000000000000020
2026/09/18 20:47:50.497, 0, 79, 110.42, 100, 14059, 1063, 715, P0, 0x0000000000000000
2026/09/18 20:47:50.500, 1, 78, 55.60, 0, 13169, 1303, 715, P0, 0x0000000000000000
2026/09/18 20:47:51.506, 0, 79, 106.55, 100, 14059, 1050, 715, P0, 0x0000000000000000
2026/09/18 20:47:51.516, 1, 80, 160.67, 100, 13169, 1227, 715, P0, 0x0000000000000020
2026/09/18 20:47:52.534, 0, 79, 108.24, 100, 14059, 898, 715, P0, 0x0000000000000020
2026/09/18 20:47:52.539, 1, 77, 55.84, 0, 13169, 1316, 715, P0, 0x0000000000000000
2026/09/18 20:47:53.549, 0, 79, 104.80, 100, 14059, 885, 715, P0, 0x0000000000000020
2026/09/18 20:47:53.557, 1, 79, 123.11, 100, 13169, 1189, 715, P0, 0x0000000000000000
2026/09/18 20:47:54.576, 0, 79, 105.85, 100, 14059, 898, 715, P0, 0x0000000000000020
2026/09/18 20:47:54.579, 1, 77, 55.12, 0, 13169, 1303, 715, P0, 0x0000000000000000
2026/09/18 20:47:55.591, 0, 79, 113.12, 100, 14059, 1025, 715, P0, 0x0000000000000020
2026/09/18 20:47:55.598, 1, 79, 126.89, 100, 13169, 1202, 715, P0, 0x0000000000000000
2026/09/18 20:47:56.619, 0, 79, 113.46, 99, 14059, 961, 715, P0, 0x0000000000000020
2026/09/18 20:47:56.623, 1, 78, 154.96, 29, 13169, 1227, 715, P0, 0x0000000000000000
2026/09/18 20:47:57.633, 0, 79, 106.58, 100, 14059, 898, 715, P0, 0x0000000000000020
2026/09/18 20:47:57.637, 1, 78, 49.85, 100, 13169, 1189, 715, P0, 0x0000000000000000
2026/09/18 20:47:58.652, 0, 79, 105.01, 100, 14059, 885, 715, P0, 0x0000000000000020
2026/09/18 20:47:58.657, 1, 79, 142.86, 100, 13169, 1177, 715, P0, 0x0000000000000020
2026/09/18 20:47:59.666, 0, 79, 106.82, 100, 14059, 911, 715, P0, 0x0000000000000020
2026/09/18 20:47:59.678, 1, 78, 54.16, 29, 13169, 1265, 715, P0, 0x0000000000000000
2026/09/18 20:48:00.697, 0, 79, 109.28, 100, 14059, 1012, 715, P0, 0x0000000000000020
2026/09/18 20:48:00.700, 1, 79, 136.91, 100, 13169, 1189, 715, P0, 0x0000000000000000
2026/09/18 20:48:01.712, 0, 79, 108.74, 100, 14059, 999, 715, P0, 0x0000000000000020
2026/09/18 20:48:01.719, 1, 77, 54.65, 0, 13169, 1290, 715, P0, 0x0000000000000000
2026/09/18 20:48:02.725, 0, 79, 107.57, 100, 14059, 898, 715, P0, 0x0000000000000020
2026/09/18 20:48:02.728, 1, 79, 144.04, 100, 13169, 1177, 715, P0, 0x0000000000000020
2026/09/18 20:48:03.742, 0, 79, 105.60, 100, 14059, 898, 715, P0, 0x0000000000000020
2026/09/18 20:48:03.744, 1, 77, 56.57, 0, 13169, 1316, 715, P0, 0x0000000000000000
2026/09/18 20:48:04.753, 0, 79, 105.25, 100, 14059, 885, 715, P0, 0x0000000000000020
2026/09/18 20:48:04.759, 1, 80, 142.97, 100, 13169, 1202, 715, P0, 0x0000000000000020
2026/09/18 20:48:05.768, 0, 79, 105.84, 100, 14059, 898, 715, P0, 0x0000000000000020
2026/09/18 20:48:05.780, 1, 77, 54.88, 0, 13169, 1303, 715, P0, 0x0000000000000000
2026/09/18 20:48:06.798, 0, 79, 113.24, 100, 14059, 1063, 715, P0, 0x0000000000000020
2026/09/18 20:48:06.801, 1, 79, 149.65, 100, 13169, 1252, 715, P0, 0x0000000000000000
2026/09/18 20:48:07.812, 0, 79, 101.61, 99, 14059, 1050, 715, P0, 0x0000000000000000
2026/09/18 20:48:07.819, 1, 78, 143.96, 13, 13169, 1265, 715, P0, 0x0000000000000000
2026/09/18 20:48:08.823, 0, 79, 114.94, 100, 14059, 1037, 715, P0, 0x0000000000000020
2026/09/18 20:48:08.827, 1, 79, 50.06, 100, 13169, 1189, 715, P0, 0x0000000000000000
2026/09/18 20:48:09.840, 0, 79, 104.75, 99, 14059, 885, 715, P0, 0x0000000000000020
2026/09/18 20:48:09.843, 1, 79, 143.82, 81, 13169, 1189, 715, P0, 0x0000000000000020
2026/09/18 20:48:10.854, 0, 79, 105.84, 100, 14059, 898, 715, P0, 0x0000000000000020
2026/09/18 20:48:10.860, 1, 78, 57.06, 73, 13169, 1316, 715, P0, 0x0000000000000000
2026/09/18 20:48:11.869, 0, 79, 103.76, 100, 14059, 873, 715, P0, 0x0000000000000020
2026/09/18 20:48:11.881, 1, 79, 153.92, 100, 13169, 1265, 715, P0, 0x0000000000000000
2026/09/18 20:48:12.895, 0, 79, 87.96, 100, 14059, 1037, 715, P0, 0x0000000000000000
2026/09/18 20:48:12.898, 1, 78, 51.32, 0, 13169, 1215, 715, P0, 0x0000000000000000
2026/09/18 20:48:13.909, 0, 79, 97.68, 100, 14059, 1037, 715, P0, 0x0000000000000000
2026/09/18 20:48:13.919, 1, 79, 121.00, 100, 13169, 1202, 715, P0, 0x0000000000000000
2026/09/18 20:48:14.938, 0, 79, 110.40, 100, 14059, 1012, 715, P0, 0x0000000000000020
2026/09/18 20:48:14.941, 1, 78, 56.56, 0, 13169, 1316, 715, P0, 0x0000000000000000
2026/09/18 20:48:15.951, 0, 79, 111.31, 100, 14059, 911, 715, P0, 0x0000000000000020
2026/09/18 20:48:15.962, 1, 79, 155.30, 100, 13169, 1215, 715, P0, 0x0000000000000020
2026/09/18 20:48:16.967, 0, 79, 107.29, 100, 14059, 898, 715, P0, 0x0000000000000020
2026/09/18 20:48:16.970, 1, 77, 55.12, 0, 13169, 1303, 715, P0, 0x0000000000000000
2026/09/18 20:48:17.979, 0, 79, 104.77, 100, 14059, 885, 715, P0, 0x0000000000000020
2026/09/18 20:48:17.982, 1, 79, 141.90, 100, 13169, 1164, 715, P0, 0x0000000000000020
2026/09/18 20:48:18.994, 0, 79, 107.06, 100, 14059, 911, 715, P0, 0x0000000000000020
2026/09/18 20:48:19.000, 1, 77, 52.47, 0, 13169, 1252, 715, P0, 0x0000000000000000
2026/09/18 20:48:20.006, 0, 79, 105.18, 100, 14059, 885, 715, P0, 0x0000000000000020
2026/09/18 20:48:20.009, 1, 80, 153.74, 100, 13169, 1265, 715, P0, 0x0000000000000000
2026/09/18 20:48:21.021, 0, 79, 76.75, 100, 14059, 974, 715, P0, 0x0000000000000000
2026/09/18 20:48:21.024, 1, 77, 75.27, 0, 13169, 1252, 715, P0, 0x0000000000000000
2026/09/18 20:48:22.030, 0, 79, 112.89, 100, 14059, 1063, 715, P0, 0x0000000000000020
2026/09/18 20:48:22.038, 1, 79, 128.75, 100, 13169, 1202, 715, P0, 0x0000000000000000
2026/09/18 20:48:23.059, 0, 79, 99.09, 100, 14059, 1037, 715, P0, 0x0000000000000000
2026/09/18 20:48:23.064, 1, 78, 143.11, 0, 13169, 1202, 715, P0, 0x0000000000000000
2026/09/18 20:48:24.079, 0, 79, 114.71, 100, 14059, 1050, 715, P0, 0x0000000000000000
2026/09/18 20:48:24.082, 1, 79, 54.88, 100, 13169, 1227, 715, P0, 0x0000000000000000
2026/09/18 20:48:25.095, 0, 79, 105.38, 100, 14059, 885, 715, P0, 0x0000000000000020
2026/09/18 20:48:25.101, 1, 79, 163.78, 41, 13169, 1252, 715, P0, 0x0000000000000020
2026/09/18 20:48:26.110, 0, 79, 104.72, 100, 14059, 885, 715, P0, 0x0000000000000020
2026/09/18 20:48:26.121, 1, 78, 50.58, 10, 13169, 1189, 715, P0, 0x0000000000000000
2026/09/18 20:48:27.125, 0, 79, 104.51, 100, 14059, 885, 715, P0, 0x0000000000000020
2026/09/18 20:48:27.128, 1, 79, 143.82, 100, 13169, 1189, 715, P0, 0x0000000000000000
2026/09/18 20:48:28.144, 0, 79, 105.19, 100, 14059, 898, 715, P0, 0x0000000000000000
2026/09/18 20:48:28.148, 1, 78, 56.09, 0, 13169, 1303, 715, P0, 0x0000000000000000
2026/09/18 20:48:29.161, 0, 79, 104.54, 100, 14059, 885, 715, P0, 0x0000000000000020
2026/09/18 20:48:29.164, 1, 79, 152.09, 100, 13169, 1265, 715, P0, 0x0000000000000000
2026/09/18 20:48:30.174, 0, 79, 105.92, 100, 14059, 898, 715, P0, 0x0000000000000000
2026/09/18 20:48:30.182, 1, 78, 51.30, 0, 13169, 1215, 715, P0, 0x0000000000000000
2026/09/18 20:48:31.187, 0, 79, 99.50, 100, 14059, 1037, 715, P0, 0x0000000000000000
2026/09/18 20:48:31.190, 1, 79, 162.49, 100, 13169, 1303, 715, P0, 0x0000000000000000
2026/09/18 20:48:32.211, 0, 79, 109.01, 100, 14059, 1063, 715, P0, 0x0000000000000000
2026/09/18 20:48:32.222, 1, 78, 49.85, 0, 13169, 1189, 715, P0, 0x0000000000000000
2026/09/18 20:48:33.227, 0, 79, 108.48, 100, 14059, 1025, 715, P0, 0x0000000000000000
2026/09/18 20:48:33.230, 1, 79, 152.19, 100, 13169, 1265, 715, P0, 0x0000000000000020
2026/09/18 20:48:34.237, 0, 79, 110.91, 100, 14059, 1037, 715, P0, 0x0000000000000020
2026/09/18 20:48:34.240, 1, 78, 55.12, 0, 13169, 1303, 715, P0, 0x0000000000000000
2026/09/18 20:48:35.250, 0, 79, 112.29, 100, 14059, 1037, 715, P0, 0x0000000000000000
2026/09/18 20:48:35.262, 1, 80, 164.13, 100, 13169, 1227, 715, P0, 0x0000000000000020
2026/09/18 20:48:36.278, 0, 79, 114.22, 100, 14059, 936, 715, P0, 0x0000000000000020
2026/09/18 20:48:36.283, 1, 77, 49.36, 0, 13169, 1189, 715, P0, 0x0000000000000000
2026/09/18 20:48:37.292, 0, 79, 104.54, 100, 14059, 873, 715, P0, 0x0000000000000020
2026/09/18 20:48:37.302, 1, 79, 134.67, 100, 13169, 1139, 715, P0, 0x0000000000000020
2026/09/18 20:48:38.320, 0, 79, 104.96, 100, 14059, 885, 715, P0, 0x0000000000000020
2026/09/18 20:48:38.323, 1, 77, 49.37, 0, 13169, 1189, 715, P0, 0x0000000000000000
2026/09/18 20:48:39.335, 0, 79, 104.90, 100, 14059, 885, 715, P0, 0x0000000000000020
2026/09/18 20:48:39.341, 1, 80, 150.23, 100, 13169, 1240, 715, P0, 0x0000000000000020
2026/09/18 20:48:40.351, 0, 79, 104.69, 100, 14059, 898, 715, P0, 0x0000000000000000
2026/09/18 20:48:40.363, 1, 77, 56.33, 0, 13169, 1316, 715, P0, 0x0000000000000000
2026/09/18 20:48:41.378, 0, 79, 104.42, 100, 14059, 873, 715, P0, 0x0000000000000020
2026/09/18 20:48:41.382, 1, 80, 161.87, 100, 13169, 1278, 715, P0, 0x0000000000000000
2026/09/18 20:48:42.394, 0, 79, 105.68, 100, 14059, 898, 715, P0, 0x0000000000000020
2026/09/18 20:48:42.402, 1, 77, 49.12, 0, 13169, 1189, 715, P0, 0x0000000000000000
2026/09/18 20:48:43.420, 0, 79, 86.73, 100, 14059, 898, 715, P0, 0x0000000000000000
2026/09/18 20:48:43.424, 1, 77, 67.97, 100, 13169, 721, 715, P0, 0x0000000000000000
2026/09/18 20:48:44.431, 0, 79, 75.55, 100, 14059, 999, 715, P0, 0x0000000000000000
2026/09/18 20:48:44.441, 1, 78, 52.79, 100, 13169, 1189, 715, P0, 0x0000000000000000
2026/09/18 20:48:45.445, 0, 79, 105.50, 100, 14059, 1037, 715, P0, 0x0000000000000020
2026/09/18 20:48:45.448, 1, 79, 124.33, 100, 13169, 1177, 715, P0, 0x0000000000000020
2026/09/18 20:48:46.459, 0, 79, 106.62, 100, 14059, 1025, 715, P0, 0x0000000000000020
2026/09/18 20:48:46.463, 1, 77, 154.69, 0, 13169, 1303, 715, P0, 0x0000000000000000
2026/09/18 20:48:47.473, 0, 79, 112.98, 100, 14059, 1037, 715, P0, 0x0000000000000020
2026/09/18 20:48:47.483, 1, 79, 161.61, 100, 13169, 1265, 715, P0, 0x0000000000000000
2026/09/18 20:48:48.489, 0, 79, 109.58, 99, 14059, 1050, 715, P0, 0x0000000000000000
2026/09/18 20:48:48.492, 1, 78, 161.15, 0, 13169, 1303, 715, P0, 0x0000000000000000
2026/09/18 20:48:49.497, 0, 79, 105.82, 100, 14059, 999, 715, P0, 0x0000000000000020
2026/09/18 20:48:49.503, 1, 79, 71.03, 100, 13169, 1189, 715, P0, 0x0000000000000000
2026/09/18 20:48:50.511, 0, 79, 104.04, 99, 14059, 999, 715, P0, 0x0000000000000020
2026/09/18 20:48:50.524, 1, 78, 143.83, 0, 13169, 1227, 715, P0, 0x0000000000000000
2026/09/18 20:48:51.529, 0, 79, 110.93, 100, 14059, 1050, 715, P0, 0x0000000000000000
2026/09/18 20:48:51.532, 1, 79, 142.60, 100, 13169, 1227, 715, P0, 0x0000000000000020
2026/09/18 20:48:52.543, 0, 79, 108.56, 99, 14059, 1050, 715, P0, 0x0000000000000000
2026/09/18 20:48:52.548, 1, 78, 140.46, 75, 13169, 1316, 715, P0, 0x0000000000000020
2026/09/18 20:48:53.557, 0, 79, 101.81, 100, 14059, 1037, 715, P0, 0x0000000000000020
2026/09/18 20:48:53.562, 1, 79, 57.55, 68, 13169, 1316, 715, P0, 0x0000000000000020
2026/09/18 20:48:54.569, 0, 79, 114.30, 99, 14059, 1025, 715, P0, 0x0000000000000020
2026/09/18 20:48:54.573, 1, 78, 180.69, 79, 13169, 1328, 715, P0, 0x0000000000000000
2026/09/18 20:48:55.588, 0, 79, 115.59, 100, 14059, 1063, 715, P0, 0x0000000000000000
2026/09/18 20:48:55.591, 1, 79, 54.87, 70, 13169, 1290, 715, P0, 0x0000000000000000
2026/09/18 20:48:56.605, 0, 79, 110.11, 99, 14059, 898, 715, P0, 0x0000000000000020
2026/09/18 20:48:56.610, 1, 78, 155.05, 80, 13169, 1202, 715, P0, 0x0000000000000020
2026/09/18 20:48:57.614, 0, 79, 118.69, 100, 14059, 987, 715, P0, 0x0000000000000020
2026/09/18 20:48:57.625, 1, 79, 55.12, 89, 13169, 1290, 715, P0, 0x0000000000000000
2026/09/18 20:48:58.631, 0, 79, 106.72, 99, 14059, 873, 715, P0, 0x0000000000000020
2026/09/18 20:48:58.647, 1, 79, 175.70, 74, 13169, 1278, 715, P0, 0x0000000000000020
2026/09/18 20:48:59.660, 0, 79, 112.82, 100, 14059, 911, 715, P0, 0x0000000000000020
2026/09/18 20:48:59.664, 1, 78, 52.71, 88, 13169, 1252, 715, P0, 0x0000000000000000
2026/09/18 20:49:00.675, 0, 79, 105.07, 100, 14059, 885, 715, P0, 0x0000000000000020
2026/09/18 20:49:00.683, 1, 79, 163.31, 68, 13169, 1252, 715, P0, 0x0000000000000020
2026/09/18 20:49:01.704, 0, 79, 108.50, 100, 14059, 898, 715, P0, 0x0000000000000020
2026/09/18 20:49:01.708, 1, 78, 55.61, 85, 13169, 1290, 715, P0, 0x0000000000000000
2026/09/18 20:49:02.722, 0, 79, 103.70, 100, 14059, 873, 715, P0, 0x0000000000000020
2026/09/18 20:49:02.724, 1, 79, 164.49, 63, 13169, 1252, 715, P0, 0x0000000000000020
2026/09/18 20:49:03.734, 0, 79, 105.68, 100, 14059, 885, 715, P0, 0x0000000000000020
2026/09/18 20:49:03.743, 1, 78, 50.34, 8, 13169, 1189, 715, P0, 0x0000000000000000
2026/09/18 20:49:04.751, 0, 79, 104.78, 100, 14059, 885, 715, P0, 0x0000000000000020
2026/09/18 20:49:04.762, 1, 78, 137.69, 100, 13169, 1151, 715, P0, 0x0000000000000000
2026/09/18 20:49:05.781, 0, 79, 106.82, 100, 14059, 898, 715, P0, 0x0000000000000020
2026/09/18 20:49:05.784, 1, 78, 53.95, 39, 13169, 1252, 715, P0, 0x0000000000000000
2026/09/18 20:49:06.795, 0, 79, 103.45, 99, 14059, 873, 715, P0, 0x0000000000000020
2026/09/18 20:49:06.803, 1, 79, 169.65, 100, 13169, 1265, 715, P0, 0x0000000000000000
2026/09/18 20:49:07.824, 0, 79, 104.96, 100, 14059, 885, 715, P0, 0x0000000000000020
2026/09/18 20:49:07.827, 1, 78, 50.58, 31, 13169, 1189, 715, P0, 0x0000000000000000
2026/09/18 20:49:08.835, 0, 79, 103.47, 99, 14059, 873, 715, P0, 0x0000000000000020
2026/09/18 20:49:08.843, 1, 78, 154.12, 100, 13169, 1215, 715, P0, 0x0000000000000020
2026/09/18 20:49:09.852, 0, 79, 104.72, 100, 14059, 873, 715, P0, 0x0000000000000020
2026/09/18 20:49:09.864, 1, 78, 49.13, 95, 13169, 1189, 715, P0, 0x0000000000000000
2026/09/18 20:49:10.871, 0, 79, 104.88, 99, 14059, 885, 715, P0, 0x0000000000000020
2026/09/18 20:49:10.874, 1, 78, 118.87, 88, 13169, 1075, 715, P0, 0x0000000000000020
2026/09/18 20:49:11.887, 0, 79, 107.30, 100, 14059, 885, 715, P0, 0x0000000000000020
2026/09/18 20:49:11.890, 1, 78, 52.26, 100, 13169, 1227, 715, P0, 0x0000000000000000
2026/09/18 20:49:12.899, 0, 79, 104.20, 100, 14059, 873, 715, P0, 0x0000000000000020
2026/09/18 20:49:12.904, 1, 79, 155.31, 62, 13169, 1227, 715, P0, 0x0000000000000020
2026/09/18 20:49:13.909, 0, 79, 111.37, 100, 14059, 923, 715, P0, 0x0000000000000020
2026/09/18 20:49:13.912, 1, 79, 57.30, 88, 13169, 1316, 715, P0, 0x0000000000000000
2026/09/18 20:49:14.926, 0, 79, 107.65, 99, 14059, 885, 715, P0, 0x0000000000000020
2026/09/18 20:49:14.929, 1, 79, 180.94, 34, 13169, 1290, 715, P0, 0x0000000000000020
2026/09/18 20:49:15.939, 0, 79, 115.42, 100, 14059, 1025, 715, P0, 0x0000000000000020
2026/09/18 20:49:15.944, 1, 78, 49.81, 100, 13169, 1189, 715, P0, 0x0000000000000000
2026/09/18 20:49:16.952, 0, 79, 114.44, 99, 14059, 923, 715, P0, 0x0000000000000020
2026/09/18 20:49:16.966, 1, 78, 149.65, 98, 13169, 1278, 715, P0, 0x0000000000000020
2026/09/18 20:49:17.982, 0, 79, 97.97, 100, 14059, 1050, 715, P0, 0x0000000000000000
2026/09/18 20:49:17.984, 1, 79, 58.53, 84, 13169, 1316, 715, P0, 0x0000000000000020
2026/09/18 20:49:18.998, 0, 79, 113.88, 99, 14059, 1025, 715, P0, 0x0000000000000020
2026/09/18 20:49:19.004, 1, 78, 172.35, 65, 13169, 1328, 715, P0, 0x0000000000000000
2026/09/18 20:49:20.023, 0, 79, 112.53, 100, 14059, 1025, 715, P0, 0x0000000000000020
2026/09/18 20:49:20.026, 1, 79, 53.44, 89, 13169, 1240, 715, P0, 0x0000000000000000
2026/09/18 20:49:21.038, 0, 79, 102.13, 100, 14059, 1025, 715, P0, 0x0000000000000020
2026/09/18 20:49:21.041, 1, 78, 153.28, 22, 13169, 1240, 715, P0, 0x0000000000000000
2026/09/18 20:49:22.053, 0, 79, 96.68, 100, 14059, 1025, 715, P0, 0x0000000000000000
2026/09/18 20:49:22.062, 1, 79, 143.38, 100, 13169, 1265, 715, P0, 0x0000000000000000
2026/09/18 20:49:23.068, 0, 79, 112.45, 100, 14059, 1063, 715, P0, 0x0000000000000000
2026/09/18 20:49:23.071, 1, 78, 164.61, 0, 13169, 1316, 715, P0, 0x0000000000000000
2026/09/18 20:49:24.084, 0, 79, 90.77, 100, 14059, 696, 715, P0, 0x0000000000000020
2026/09/18 20:49:24.087, 1, 79, 136.20, 100, 13169, 1189, 715, P0, 0x0000000000000000
2026/09/18 20:49:25.097, 0, 79, 100.14, 100, 14059, 746, 715, P0, 0x0000000000000020
2026/09/18 20:49:25.107, 1, 77, 50.10, 0, 13169, 1215, 715, P0, 0x0000000000000000
2026/09/18 20:49:26.111, 0, 79, 90.80, 100, 14059, 911, 715, P0, 0x0000000000000000
2026/09/18 20:49:26.114, 1, 79, 183.49, 100, 13169, 1290, 715, P0, 0x0000000000000020
2026/09/18 20:49:27.128, 0, 79, 94.88, 100, 14059, 759, 715, P0, 0x0000000000000020
2026/09/18 20:49:27.130, 1, 77, 55.86, 0, 13169, 1316, 715, P0, 0x0000000000000000
2026/09/18 20:49:28.142, 0, 79, 105.68, 99, 14059, 835, 715, P0, 0x0000000000000020
2026/09/18 20:49:28.147, 1, 78, 190.54, 13, 13169, 1316, 715, P0, 0x0000000000000000
2026/09/18 20:49:29.155, 0, 79, 96.82, 100, 14059, 949, 715, P0, 0x0000000000000000
2026/09/18 20:49:29.166, 1, 78, 51.08, 35, 13169, 1189, 715, P0, 0x0000000000000000
2026/09/18 20:49:30.172, 0, 79, 96.59, 100, 14059, 784, 715, P0, 0x0000000000000000
2026/09/18 20:49:30.185, 1, 77, 48.90, 0, 13169, 1189, 715, P0, 0x0000000000000000
2026/09/18 20:49:31.189, 0, 79, 95.11, 100, 14059, 759, 715, P0, 0x0000000000000020
2026/09/18 20:49:31.192, 1, 80, 171.57, 100, 13169, 1328, 715, P0, 0x0000000000000000
2026/09/18 20:49:32.203, 0, 79, 100.86, 100, 14059, 898, 715, P0, 0x0000000000000020
2026/09/18 20:49:32.206, 1, 77, 55.87, 0, 13169, 1316, 715, P0, 0x0000000000000000
2026/09/18 20:49:33.216, 0, 79, 75.61, 100, 14059, 987, 715, P0, 0x0000000000000000
2026/09/18 20:49:33.223, 1, 79, 157.30, 100, 13169, 1316, 715, P0, 0x0000000000000000
2026/09/18 20:49:34.233, 0, 79, 100.12, 100, 14059, 847, 715, P0, 0x0000000000000000
2026/09/18 20:49:34.246, 1, 78, 56.10, 0, 13169, 1316, 715, P0, 0x0000000000000000
2026/09/18 20:49:35.262, 0, 79, 99.92, 100, 14059, 835, 715, P0, 0x0000000000000000
2026/09/18 20:49:35.268, 1, 78, 110.81, 100, 13169, 1037, 715, P0, 0x0000000000000000
2026/09/18 20:49:36.277, 0, 79, 101.59, 100, 14059, 835, 715, P0, 0x0000000000000020
2026/09/18 20:49:36.286, 1, 78, 51.30, 96, 13169, 1227, 715, P0, 0x0000000000000000
2026/09/18 20:49:37.293, 0, 79, 107.06, 99, 14059, 873, 715, P0, 0x0000000000000020
2026/09/18 20:49:37.307, 1, 78, 160.45, 40, 13169, 1227, 715, P0, 0x0000000000000000
2026/09/18 20:49:38.320, 0, 79, 95.63, 100, 14059, 1012, 715, P0, 0x0000000000000000
2026/09/18 20:49:38.325, 1, 79, 53.01, 100, 13169, 1227, 715, P0, 0x0000000000000000
2026/09/18 20:49:39.337, 0, 79, 69.75, 100, 14059, 987, 715, P0, 0x0000000000000000
2026/09/18 20:49:39.344, 1, 77, 57.82, 0, 13169, 1227, 715, P0, 0x0000000000000000
2026/09/18 20:49:40.349, 0, 79, 100.29, 100, 14059, 822, 715, P0, 0x0000000000000020
2026/09/18 20:49:40.352, 1, 79, 133.72, 100, 13169, 1202, 715, P0, 0x0000000000000000
2026/09/18 20:49:41.361, 0, 79, 99.89, 100, 14059, 847, 715, P0, 0x0000000000000000
2026/09/18 20:49:41.368, 1, 77, 55.37, 0, 13169, 1316, 715, P0, 0x0000000000000000
2026/09/18 20:49:42.377, 0, 79, 100.55, 100, 14059, 835, 715, P0, 0x0000000000000020
2026/09/18 20:49:42.388, 1, 80, 181.55, 100, 13169, 1278, 715, P0, 0x0000000000000020
2026/09/18 20:49:43.393, 0, 79, 114.21, 100, 14059, 961, 715, P0, 0x0000000000000020
2026/09/18 20:49:43.406, 1, 77, 49.08, 0, 13169, 1189, 715, P0, 0x0000000000000000
2026/09/18 20:49:44.423, 0, 79, 109.25, 100, 14059, 949, 715, P0, 0x0000000000000020
2026/09/18 20:49:44.426, 1, 79, 141.16, 100, 13169, 1164, 715, P0, 0x0000000000000020
2026/09/18 20:49:45.439, 0, 79, 108.75, 100, 14059, 949, 715, P0, 0x0000000000000020
2026/09/18 20:49:45.444, 1, 77, 51.77, 0, 13169, 1240, 715, P0, 0x0000000000000000
2026/09/18 20:49:46.451, 0, 79, 107.94, 100, 14059, 936, 715, P0, 0x0000000000000020
2026/09/18 20:49:46.455, 1, 79, 168.18, 100, 13169, 1252, 715, P0, 0x0000000000000020
2026/09/18 20:49:47.464, 0, 79, 108.50, 100, 14059, 949, 715, P0, 0x0000000000000020
2026/09/18 20:49:47.468, 1, 77, 55.60, 0, 13169, 1316, 715, P0, 0x0000000000000000
2026/09/18 20:49:48.479, 0, 79, 108.66, 100, 14059, 949, 715, P0, 0x0000000000000020
2026/09/18 20:49:48.484, 1, 80, 170.78, 100, 13169, 1252, 715, P0, 0x0000000000000020
2026/09/18 20:49:49.493, 0, 79, 110.18, 100, 14059, 974, 715, P0, 0x0000000000000000
2026/09/18 20:49:49.505, 1, 77, 54.15, 0, 13169, 1290, 715, P0, 0x0000000000000000
2026/09/18 20:49:50.523, 0, 79, 109.24, 100, 14059, 961, 715, P0, 0x0000000000000000
2026/09/18 20:49:50.526, 1, 79, 152.52, 100, 13169, 1189, 715, P0, 0x0000000000000020
2026/09/18 20:49:51.540, 0, 79, 109.69, 100, 14059, 961, 715, P0, 0x0000000000000020
2026/09/18 20:49:51.545, 1, 77, 54.15, 0, 13169, 1290, 715, P0, 0x0000000000000000
2026/09/18 20:49:52.555, 0, 79, 109.73, 100, 14059, 949, 715, P0, 0x0000000000000020
2026/09/18 20:49:52.565, 1, 80, 145.22, 100, 13169, 1202, 715, P0, 0x0000000000000020
2026/09/18 20:49:53.584, 0, 79, 110.42, 100, 14059, 961, 715, P0, 0x0000000000000020
2026/09/18 20:49:53.587, 1, 77, 55.12, 0, 13169, 1303, 715, P0, 0x0000000000000000
2026/09/18 20:49:54.601, 0, 79, 109.00, 100, 14059, 961, 715, P0, 0x0000000000000000
2026/09/18 20:49:54.607, 1, 79, 145.85, 100, 13169, 1189, 715, P0, 0x0000000000000020
2026/09/18 20:49:55.615, 0, 79, 109.69, 100, 14059, 949, 715, P0, 0x0000000000000020
2026/09/18 20:49:55.624, 1, 77, 52.47, 0, 13169, 1252, 715, P0, 0x0000000000000000
2026/09/18 20:49:56.645, 0, 79, 109.11, 100, 14059, 961, 715, P0, 0x0000000000000000
2026/09/18 20:49:56.648, 1, 79, 129.40, 100, 13169, 1139, 715, P0, 0x0000000000000000
2026/09/18 20:49:57.660, 0, 79, 110.67, 100, 14059, 961, 715, P0, 0x0000000000000020
2026/09/18 20:49:57.665, 1, 77, 51.04, 0, 13169, 1227, 715, P0, 0x0000000000000000
2026/09/18 20:49:58.677, 0, 79, 110.09, 100, 14059, 961, 715, P0, 0x0000000000000020
2026/09/18 20:49:58.685, 1, 80, 163.43, 100, 13169, 1240, 715, P0, 0x0000000000000000
2026/09/18 20:49:59.706, 0, 79, 111.13, 100, 14059, 974, 715, P0, 0x0000000000000020
2026/09/18 20:49:59.709, 1, 77, 55.83, 0, 13169, 1316, 715, P0, 0x0000000000000000
2026/09/18 20:50:00.718, 0, 79, 110.47, 100, 14059, 961, 715, P0, 0x0000000000000020
2026/09/18 20:50:00.724, 1, 80, 130.35, 100, 13169, 1126, 715, P0, 0x0000000000000020
2026/09/18 20:50:01.735, 0, 80, 111.06, 100, 14059, 974, 715, P0, 0x0000000000000020
2026/09/18 20:50:01.745, 1, 77, 53.67, 0, 13169, 1278, 715, P0, 0x0000000000000000
2026/09/18 20:50:02.767, 0, 79, 96.42, 100, 14059, 772, 715, P0, 0x0000000000000020
2026/09/18 20:50:02.770, 1, 80, 142.49, 100, 13169, 1177, 715, P0, 0x0000000000000000
2026/09/18 20:50:03.785, 0, 79, 106.89, 100, 14059, 923, 715, P0, 0x0000000000000020
2026/09/18 20:50:03.788, 1, 77, 52.47, 0, 13169, 1265, 715, P0, 0x0000000000000000
2026/09/18 20:50:04.796, 0, 79, 96.82, 100, 14059, 784, 715, P0, 0x0000000000000000
2026/09/18 20:50:04.807, 1, 79, 164.28, 100, 13169, 1303, 715, P0, 0x0000000000000000
2026/09/18 20:50:05.813, 0, 79, 97.54, 100, 14059, 784, 715, P0, 0x0000000000000020
2026/09/18 20:50:05.816, 1, 78, 54.45, 0, 13169, 1278, 715, P0, 0x0000000000000000
2026/09/18 20:50:06.827, 0, 79, 106.60, 100, 14059, 923, 715, P0, 0x0000000000000020
2026/09/18 20:50:06.830, 1, 78, 161.29, 38, 13169, 1278, 715, P0, 0x0000000000000000
2026/09/18 20:50:07.842, 0, 79, 97.15, 100, 14059, 784, 715, P0, 0x0000000000000020
2026/09/18 20:50:07.846, 1, 79, 145.03, 100, 13169, 1215, 715, P0, 0x0000000000000020
2026/09/18 20:50:08.858, 0, 79, 102.29, 100, 14059, 860, 715, P0, 0x0000000000000020
2026/09/18 20:50:08.865, 1, 77, 55.37, 0, 13169, 1316, 715, P0, 0x0000000000000000
2026/09/18 20:50:09.882, 0, 79, 108.41, 100, 14059, 860, 715, P0, 0x0000000000000020
2026/09/18 20:50:09.888, 1, 80, 171.89, 100, 13169, 1215, 715, P0, 0x0000000000000020
2026/09/18 20:50:10.898, 0, 79, 100.62, 100, 14059, 974, 715, P0, 0x0000000000000020
2026/09/18 20:50:10.906, 1, 77, 55.87, 0, 13169, 1316, 715, P0, 0x0000000000000000
2026/09/18 20:50:11.911, 0, 79, 71.32, 100, 14059, 847, 715, P0, 0x0000000000000020
2026/09/18 20:50:11.914, 1, 79, 159.32, 100, 13169, 1316, 715, P0, 0x0000000000000000
2026/09/18 20:50:12.928, 0, 79, 101.83, 100, 14059, 847, 715, P0, 0x0000000000000020
2026/09/18 20:50:12.932, 1, 78, 49.86, 0, 13169, 1189, 715, P0, 0x0000000000000000
2026/09/18 20:50:13.945, 0, 79, 101.15, 100, 14059, 847, 715, P0, 0x0000000000000020
2026/09/18 20:50:13.948, 1, 78, 154.22, 93, 13169, 1215, 715, P0, 0x0000000000000020
2026/09/18 20:50:14.959, 0, 79, 96.17, 100, 14059, 1012, 715, P0, 0x0000000000000000
2026/09/18 20:50:14.967, 1, 78, 52.47, 100, 13169, 1227, 715, P0, 0x0000000000000000
2026/09/18 20:50:15.978, 0, 79, 98.61, 100, 14059, 1025, 715, P0, 0x0000000000000000
2026/09/18 20:50:15.987, 1, 77, 147.51, 0, 13169, 1227, 715, P0, 0x0000000000000000
2026/09/18 20:50:17.004, 0, 79, 100.78, 100, 14059, 835, 715, P0, 0x0000000000000020
2026/09/18 20:50:17.007, 1, 79, 131.18, 100, 13169, 1151, 715, P0, 0x0000000000000020
2026/09/18 20:50:18.022, 0, 79, 101.33, 100, 14059, 847, 715, P0, 0x0000000000000020
2026/09/18 20:50:18.028, 1, 77, 54.88, 0, 13169, 1303, 715, P0, 0x0000000000000000
2026/09/18 20:50:19.038, 0, 79, 101.13, 100, 14059, 835, 715, P0, 0x0000000000000020
2026/09/18 20:50:19.047, 1, 80, 156.51, 100, 13169, 1227, 715, P0, 0x0000000000000020
2026/09/18 20:50:20.066, 0, 79, 108.02, 100, 14059, 999, 715, P0, 0x0000000000000020
2026/09/18 20:50:20.069, 1, 77, 50.58, 0, 13169, 1215, 715, P0, 0x0000000000000000
2026/09/18 20:50:21.080, 0, 79, 94.20, 100, 14059, 1050, 715, P0, 0x0000000000000000
2026/09/18 20:50:21.087, 1, 79, 171.10, 100, 13169, 1316, 715, P0, 0x0000000000000000
2026/09/18 20:50:22.093, 0, 79, 101.57, 100, 14059, 847, 715, P0, 0x0000000000000000
2026/09/18 20:50:22.097, 1, 78, 56.09, 0, 13169, 1316, 715, P0, 0x0000000000000000
2026/09/18 20:50:23.110, 0, 79, 100.08, 100, 14059, 835, 715, P0, 0x0000000000000000
2026/09/18 20:50:23.113, 1, 79, 180.36, 100, 13169, 1290, 715, P0, 0x0000000000000020
2026/09/18 20:50:24.125, 0, 79, 110.36, 100, 14059, 1012, 715, P0, 0x0000000000000020
2026/09/18 20:50:24.128, 1, 78, 56.81, 53, 13169, 1316, 715, P0, 0x0000000000000000
2026/09/18 20:50:25.138, 0, 79, 101.07, 100, 14059, 1025, 715, P0, 0x0000000000000020
2026/09/18 20:50:25.147, 1, 77, 174.10, 0, 13169, 1316, 715, P0, 0x0000000000000020
2026/09/18 20:50:26.165, 0, 79, 100.46, 100, 14059, 822, 715, P0, 0x0000000000000020
2026/09/18 20:50:26.168, 1, 79, 135.65, 100, 13169, 1202, 715, P0, 0x0000000000000000
2026/09/18 20:50:27.180, 0, 79, 101.09, 100, 14059, 847, 715, P0, 0x0000000000000020
2026/09/18 20:50:27.187, 1, 77, 55.61, 0, 13169, 1316, 715, P0, 0x0000000000000000
2026/09/18 20:50:28.196, 0, 79, 103.93, 100, 14059, 847, 715, P0, 0x0000000000000020
2026/09/18 20:50:28.209, 1, 80, 166.29, 100, 13169, 1252, 715, P0, 0x0000000000000020
2026/09/18 20:50:29.225, 0, 79, 112.12, 100, 14059, 987, 715, P0, 0x0000000000000020
2026/09/18 20:50:29.228, 1, 77, 49.37, 0, 13169, 1189, 715, P0, 0x0000000000000000
2026/09/18 20:50:30.236, 0, 79, 100.44, 100, 14059, 835, 715, P0, 0x0000000000000000
2026/09/18 20:50:30.247, 1, 79, 148.39, 100, 13169, 1316, 715, P0, 0x0000000000000020
2026/09/18 20:50:31.254, 0, 79, 100.62, 100, 14059, 835, 715, P0, 0x0000000000000020
2026/09/18 20:50:31.257, 1, 78, 52.99, 0, 13169, 1265, 715, P0, 0x0000000000000000
2026/09/18 20:50:32.266, 0, 79, 103.60, 99, 14059, 835, 715, P0, 0x0000000000000020
2026/09/18 20:50:32.270, 1, 78, 183.08, 98, 13169, 1303, 715, P0, 0x0000000000000020
2026/09/18 20:50:33.277, 0, 79, 104.22, 100, 14059, 974, 715, P0, 0x0000000000000020
2026/09/18 20:50:33.288, 1, 79, 57.06, 93, 13169, 1303, 715, P0, 0x0000000000000000
2026/09/18 20:50:34.306, 0, 79, 102.29, 100, 14059, 860, 715, P0, 0x0000000000000000
2026/09/18 20:50:34.309, 1, 77, 54.67, 0, 13169, 1303, 715, P0, 0x0000000000000000
2026/09/18 20:50:35.325, 0, 79, 100.63, 100, 14059, 835, 715, P0, 0x0000000000000020
2026/09/18 20:50:35.328, 1, 79, 121.47, 100, 13169, 1189, 715, P0, 0x0000000000000000
2026/09/18 20:50:36.340, 0, 79, 108.74, 100, 14059, 860, 715, P0, 0x0000000000000020
2026/09/18 20:50:36.349, 1, 77, 54.15, 0, 13169, 1290, 715, P0, 0x0000000000000000
2026/09/18 20:50:37.356, 0, 79, 94.30, 100, 14059, 1025, 715, P0, 0x0000000000000000
2026/09/18 20:50:37.368, 1, 79, 185.94, 100, 13169, 1290, 715, P0, 0x0000000000000020
2026/09/18 20:50:38.384, 0, 79, 92.72, 100, 14059, 1050, 715, P0, 0x0000000000000000
2026/09/18 20:50:38.387, 1, 77, 56.11, 0, 13169, 1316, 715, P0, 0x0000000000000000
2026/09/18 20:50:39.399, 0, 79, 105.87, 100, 14059, 911, 715, P0, 0x0000000000000000
2026/09/18 20:50:39.410, 1, 79, 160.67, 100, 13169, 1316, 715, P0, 0x0000000000000020
2026/09/18 20:50:40.415, 0, 79, 107.07, 100, 14059, 911, 715, P0, 0x0000000000000020
2026/09/18 20:50:40.419, 1, 78, 50.09, 0, 13169, 1189, 715, P0, 0x0000000000000000
2026/09/18 20:50:41.430, 0, 79, 105.63, 100, 14059, 898, 715, P0, 0x0000000000000020
2026/09/18 20:50:41.433, 1, 79, 157.45, 100, 13169, 1227, 715, P0, 0x0000000000000020
2026/09/18 20:50:42.444, 0, 79, 109.23, 100, 14059, 911, 715, P0, 0x0000000000000020
2026/09/18 20:50:42.449, 1, 78, 52.47, 32, 13169, 1227, 715, P0, 0x0000000000000000
2026/09/18 20:50:43.457, 0, 79, 116.94, 99, 14059, 961, 715, P0, 0x0000000000000020
2026/09/18 20:50:43.468, 1, 78, 176.01, 71, 13169, 1316, 715, P0, 0x0000000000000000
2026/09/18 20:50:44.486, 0, 79, 102.56, 100, 14059, 1012, 715, P0, 0x0000000000000020
2026/09/18 20:50:44.489, 1, 80, 94.42, 100, 13169, 1240, 715, P0, 0x0000000000000000
2026/09/18 20:50:45.502, 0, 79, 75.26, 100, 14059, 1012, 715, P0, 0x0000000000000000
2026/09/18 20:50:45.507, 1, 77, 51.36, 0, 13169, 1240, 715, P0, 0x0000000000000000
2026/09/18 20:50:46.518, 0, 79, 107.89, 100, 14059, 911, 715, P0, 0x0000000000000000
2026/09/18 20:50:46.527, 1, 79, 141.03, 100, 13169, 1189, 715, P0, 0x0000000000000000
2026/09/18 20:50:47.549, 0, 79, 106.80, 100, 14059, 911, 715, P0, 0x0000000000000020
2026/09/18 20:50:47.552, 1, 77, 55.60, 0, 13169, 1316, 715, P0, 0x0000000000000000
2026/09/18 20:50:48.562, 0, 79, 106.60, 100, 14059, 911, 715, P0, 0x0000000000000020
2026/09/18 20:50:48.568, 1, 79, 152.77, 100, 13169, 1189, 715, P0, 0x0000000000000000
2026/09/18 20:50:49.578, 0, 79, 116.83, 100, 14059, 974, 715, P0, 0x0000000000000020
2026/09/18 20:50:49.588, 1, 77, 55.82, 0, 13169, 1316, 715, P0, 0x0000000000000000
2026/09/18 20:50:50.592, 0, 79, 110.94, 100, 14059, 1037, 715, P0, 0x0000000000000020
2026/09/18 20:50:50.597, 1, 80, 189.83, 100, 13169, 1303, 715, P0, 0x0000000000000020
2026/09/18 20:50:51.607, 0, 79, 99.23, 100, 14059, 1050, 715, P0, 0x0000000000000000
2026/09/18 20:50:51.610, 1, 78, 53.71, 0, 13169, 1278, 715, P0, 0x0000000000000000
2026/09/18 20:50:52.623, 0, 79, 106.94, 100, 14059, 911, 715, P0, 0x0000000000000000
2026/09/18 20:50:52.629, 1, 79, 147.71, 100, 13169, 1303, 715, P0, 0x0000000000000020
2026/09/18 20:50:53.639, 0, 79, 106.82, 100, 14059, 911, 715, P0, 0x0000000000000020
2026/09/18 20:50:53.647, 1, 78, 50.09, 0, 13169, 1189, 715, P0, 0x0000000000000000
2026/09/18 20:50:54.655, 0, 79, 105.64, 99, 14059, 898, 715, P0, 0x0000000000000020
2026/09/18 20:50:54.667, 1, 79, 151.11, 100, 13169, 1202, 715, P0, 0x0000000000000020
2026/09/18 20:50:55.672, 0, 79, 108.76, 100, 14059, 1050, 715, P0, 0x0000000000000000
2026/09/18 20:50:55.675, 1, 79, 52.47, 97, 13169, 1202, 715, P0, 0x0000000000000000
2026/09/18 20:50:56.684, 0, 79, 101.66, 99, 14059, 1063, 715, P0, 0x0000000000000020
2026/09/18 20:50:56.686, 1, 77, 140.56, 6, 13169, 1202, 715, P0, 0x0000000000000000
2026/09/18 20:50:57.699, 0, 79, 104.93, 100, 14059, 885, 715, P0, 0x0000000000000020
2026/09/18 20:50:57.706, 1, 79, 150.85, 100, 13169, 1252, 715, P0, 0x0000000000000020
2026/09/18 20:50:58.713, 0, 79, 107.37, 100, 14059, 911, 715, P0, 0x0000000000000020
2026/09/18 20:50:58.716, 1, 77, 50.81, 0, 13169, 1227, 715, P0, 0x0000000000000000
2026/09/18 20:50:59.727, 0, 79, 105.71, 100, 14059, 898, 715, P0, 0x0000000000000020
2026/09/18 20:50:59.731, 1, 80, 145.23, 100, 13169, 1177, 715, P0, 0x0000000000000020
2026/09/18 20:51:00.741, 0, 79, 113.72, 100, 14059, 1050, 715, P0, 0x0000000000000020
2026/09/18 20:51:00.746, 1, 77, 55.83, 0, 13169, 1316, 715, P0, 0x0000000000000000
2026/09/18 20:51:01.756, 0, 79, 96.61, 100, 14059, 1037, 715, P0, 0x0000000000000000
2026/09/18 20:51:01.768, 1, 80, 169.45, 100, 13169, 1316, 715, P0, 0x0000000000000000
2026/09/18 20:51:02.786, 0, 79, 107.10, 100, 14059, 911, 715, P0, 0x0000000000000020
2026/09/18 20:51:02.789, 1, 78, 55.60, 0, 13169, 1303, 715, P0, 0x0000000000000000
2026/09/18 20:51:03.802, 0, 79, 106.49, 100, 14059, 911, 715, P0, 0x0000000000000000
2026/09/18 20:51:03.807, 1, 80, 131.53, 100, 13169, 1278, 715, P0, 0x0000000000000000
2026/09/18 20:51:04.819, 0, 79, 107.27, 100, 14059, 911, 715, P0, 0x0000000000000020
2026/09/18 20:51:04.828, 1, 78, 56.81, 0, 13169, 1316, 715, P0, 0x0000000000000000
2026/09/18 20:51:05.838, 0, 79, 107.32, 99, 14059, 898, 715, P0, 0x0000000000000020
2026/09/18 20:51:05.850, 1, 78, 145.68, 100, 13169, 1164, 715, P0, 0x0000000000000020
2026/09/18 20:51:06.867, 0, 79, 111.20, 100, 14059, 1063, 715, P0, 0x0000000000000000
2026/09/18 20:51:06.870, 1, 79, 138.40, 100, 13169, 1252, 715, P0, 0x0000000000000000
2026/09/18 20:51:07.882, 0, 79, 74.06, 100, 14059, 1025, 715, P0, 0x0000000000000000
2026/09/18 20:51:07.886, 1, 77, 51.33, 0, 13169, 1252, 715, P0, 0x0000000000000000
2026/09/18 20:51:08.896, 0, 79, 107.22, 100, 14059, 911, 715, P0, 0x0000000000000000
2026/09/18 20:51:08.909, 1, 80, 111.05, 100, 13169, 1050, 715, P0, 0x0000000000000020
2026/09/18 20:51:09.924, 0, 79, 106.82, 100, 14059, 911, 715, P0, 0x0000000000000020
2026/09/18 20:51:09.928, 1, 77, 54.16, 0, 13169, 1290, 715, P0, 0x0000000000000000
2026/09/18 20:51:10.938, 0, 79, 108.06, 100, 14059, 885, 715, P0, 0x0000000000000020
2026/09/18 20:51:10.950, 1, 79, 140.06, 100, 13169, 1164, 715, P0, 0x0000000000000000
2026/09/18 20:51:11.964, 0, 79, 110.21, 100, 14059, 1063, 715, P0, 0x0000000000000000
2026/09/18 20:51:11.967, 1, 77, 51.53, 0, 13169, 1227, 715, P0, 0x0000000000000000
2026/09/18 20:51:12.979, 0, 79, 102.75, 100, 14059, 1050, 715, P0, 0x0000000000000020
2026/09/18 20:51:12.987, 1, 79, 152.80, 100, 13169, 1265, 715, P0, 0x0000000000000000
2026/09/18 20:51:13.994, 0, 79, 106.08, 100, 14059, 898, 715, P0, 0x0000000000000020
2026/09/18 20:51:13.997, 1, 78, 55.61, 0, 13169, 1303, 715, P0, 0x0000000000000000
2026/09/18 20:51:15.023, 0, 79, 106.27, 100, 14059, 911, 715, P0, 0x0000000000000000
2026/09/18 20:51:15.027, 1, 79, 168.68, 100, 13169, 1252, 715, P0, 0x0000000000000020
2026/09/18 20:51:16.035, 0, 79, 114.92, 100, 14059, 1025, 715, P0, 0x0000000000000020
2026/09/18 20:51:16.038, 1, 78, 52.71, 29, 13169, 1227, 715, P0, 0x0000000000000000
2026/09/18 20:51:17.052, 0, 79, 113.75, 100, 14059, 1063, 715, P0, 0x0000000000000000
2026/09/18 20:51:17.055, 1, 77, 149.41, 30, 13169, 1227, 715, P0, 0x0000000000000000
2026/09/18 20:51:18.066, 0, 79, 106.57, 100, 14059, 898, 715, P0, 0x0000000000000020
2026/09/18 20:51:18.069, 1, 80, 159.48, 100, 13169, 1139, 715, P0, 0x0000000000000020
2026/09/18 20:51:19.078, 0, 79, 106.89, 100, 14059, 911, 715, P0, 0x0000000000000020
2026/09/18 20:51:19.088, 1, 77, 49.12, 0, 13169, 1189, 715, P0, 0x0000000000000000
2026/09/18 20:51:20.106, 0, 79, 105.24, 100, 14059, 885, 715, P0, 0x0000000000000020
2026/09/18 20:51:20.109, 1, 79, 144.27, 100, 13169, 1189, 715, P0, 0x0000000000000020
2026/09/18 20:51:21.121, 0, 79, 109.72, 100, 14059, 1050, 715, P0, 0x0000000000000000
2026/09/18 20:51:21.128, 1, 77, 54.39, 0, 13169, 1290, 715, P0, 0x0000000000000000
2026/09/18 20:51:22.136, 0, 79, 96.09, 100, 14059, 1050, 715, P0, 0x0000000000000000
2026/09/18 20:51:22.148, 1, 79, 172.70, 100, 13169, 1316, 715, P0, 0x0000000000000000
2026/09/18 20:51:23.164, 0, 79, 107.06, 100, 14059, 911, 715, P0, 0x0000000000000020
2026/09/18 20:51:23.169, 1, 78, 53.20, 0, 13169, 1265, 715, P0, 0x0000000000000000
2026/09/18 20:51:24.180, 0, 79, 105.62, 100, 14059, 898, 715, P0, 0x0000000000000020
2026/09/18 20:51:24.189, 1, 79, 162.10, 100, 13169, 1240, 715, P0, 0x0000000000000000
2026/09/18 20:51:25.196, 0, 79, 98.94, 100, 14059, 1012, 715, P0, 0x0000000000000020
2026/09/18 20:51:25.199, 1, 79, 53.72, 100, 13169, 1252, 715, P0, 0x0000000000000000
2026/09/18 20:51:26.209, 0, 79, 97.52, 100, 14059, 1050, 715, P0, 0x0000000000000000
2026/09/18 20:51:26.212, 1, 77, 116.63, 0, 13169, 1252, 715, P0, 0x0000000000000000
2026/09/18 20:51:27.218, 0, 79, 106.60, 100, 14059, 898, 715, P0, 0x0000000000000020
2026/09/18 20:51:27.230, 1, 80, 141.90, 100, 13169, 1227, 715, P0, 0x0000000000000000
2026/09/18 20:51:28.237, 0, 79, 106.09, 100, 14059, 898, 715, P0, 0x0000000000000020
2026/09/18 20:51:28.249, 1, 77, 52.47, 0, 13169, 1265, 715, P0, 0x0000000000000000
2026/09/18 20:51:29.265, 0, 79, 115.52, 100, 14059, 949, 715, P0, 0x0000000000000020
2026/09/18 20:51:29.271, 1, 80, 170.92, 100, 13169, 1265, 715, P0, 0x0000000000000020
2026/09/18 20:51:30.282, 0, 79, 97.99, 100, 14059, 1075, 715, P0, 0x0000000000000000
2026/09/18 20:51:30.288, 1, 77, 49.37, 0, 13169, 1189, 715, P0, 0x0000000000000000
2026/09/18 20:51:31.296, 0, 79, 106.47, 100, 14059, 911, 715, P0, 0x0000000000000000
2026/09/18 20:51:31.299, 1, 79, 132.49, 100, 13169, 1202, 715, P0, 0x0000000000000000
2026/09/18 20:51:32.312, 0, 79, 106.57, 100, 14059, 911, 715, P0, 0x0000000000000000
2026/09/18 20:51:32.316, 1, 78, 56.09, 0, 13169, 1303, 715, P0, 0x0000000000000000
2026/09/18 20:51:33.325, 0, 79, 108.55, 99, 14059, 898, 715, P0, 0x0000000000000020
2026/09/18 20:51:33.333, 1, 79, 186.59, 74, 13169, 1316, 715, P0, 0x0000000000000020
2026/09/18 20:51:34.337, 0, 79, 110.75, 100, 14059, 1088, 715, P0, 0x0000000000000000
2026/09/18 20:51:34.348, 1, 79, 60.41, 100, 13169, 1189, 715, P0, 0x0000000000000000
2026/09/18 20:51:35.369, 0, 79, 107.13, 100, 14059, 911, 715, P0, 0x0000000000000020
2026/09/18 20:51:35.372, 1, 77, 49.12, 0, 13169, 1189, 715, P0, 0x0000000000000000
2026/09/18 20:51:36.384, 0, 79, 104.78, 100, 14059, 885, 715, P0, 0x0000000000000020
2026/09/18 20:51:36.388, 1, 80, 136.01, 100, 13169, 1139, 715, P0, 0x0000000000000020
2026/09/18 20:51:37.400, 0, 79, 118.20, 100, 14059, 1012, 715, P0, 0x0000000000000020
2026/09/18 20:51:37.409, 1, 77, 55.82, 0, 13169, 1316, 715, P0, 0x0000000000000000
2026/09/18 20:51:38.414, 0, 79, 114.10, 100, 14059, 1075, 715, P0, 0x0000000000000000
2026/09/18 20:51:38.417, 1, 79, 172.57, 100, 13169, 1303, 715, P0, 0x0000000000000000
2026/09/18 20:51:39.431, 0, 79, 107.29, 100, 14059, 911, 715, P0, 0x0000000000000020
2026/09/18 20:51:39.434, 1, 78, 56.33, 0, 13169, 1316, 715, P0, 0x0000000000000000
2026/09/18 20:51:40.447, 0, 79, 105.78, 100, 14059, 898, 715, P0, 0x0000000000000020
2026/09/18 20:51:40.450, 1, 79, 169.14, 100, 13169, 1252, 715, P0, 0x0000000000000020
2026/09/18 20:51:41.464, 0, 79, 116.14, 100, 14059, 1075, 715, P0, 0x0000000000000000
2026/09/18 20:51:41.468, 1, 78, 53.67, 42, 13169, 1290, 715, P0, 0x0000000000000000
2026/09/18 20:51:42.479, 0, 79, 103.83, 99, 14059, 1063, 715, P0, 0x0000000000000000
2026/09/18 20:51:42.488, 1, 77, 138.89, 0, 13169, 1290, 715, P0, 0x0000000000000000
2026/09/18 20:51:43.494, 0, 79, 106.69, 100, 14059, 898, 715, P0, 0x0000000000000020
2026/09/18 20:51:43.497, 1, 79, 135.40, 100, 13169, 1265, 715, P0, 0x0000000000000000
2026/09/18 20:51:44.507, 0, 79, 106.39, 100, 14059, 898, 715, P0, 0x0000000000000020
2026/09/18 20:51:44.511, 1, 77, 55.85, 0, 13169, 1316, 715, P0, 0x0000000000000000
2026/09/18 20:51:45.526, 0, 79, 110.06, 100, 14059, 999, 715, P0, 0x0000000000000020
2026/09/18 20:51:45.530, 1, 80, 175.46, 100, 13169, 1252, 715, P0, 0x0000000000000020
2026/09/18 20:51:46.541, 0, 79, 107.29, 100, 14059, 911, 715, P0, 0x0000000000000020
2026/09/18 20:51:46.549, 1, 78, 56.08, 0, 13169, 1316, 715, P0, 0x0000000000000000
2026/09/18 20:51:47.556, 0, 80, 105.40, 100, 14059, 898, 715, P0, 0x0000000000000020
2026/09/18 20:51:47.559, 1, 79, 154.12, 100, 13169, 1215, 715, P0, 0x0000000000000000
2026/09/18 20:51:48.571, 0, 79, 110.90, 100, 14059, 923, 715, P0, 0x0000000000000020
2026/09/18 20:51:48.574, 1, 78, 52.71, 77, 13169, 1252, 715, P0, 0x0000000000000000
2026/09/18 20:51:49.589, 0, 79, 99.73, 100, 14059, 1063, 715, P0, 0x0000000000000000
2026/09/18 20:51:49.593, 1, 77, 152.92, 0, 13169, 1252, 715, P0, 0x0000000000000000
2026/09/18 20:51:50.608, 0, 79, 106.24, 100, 14059, 898, 715, P0, 0x0000000000000020
2026/09/18 20:51:50.611, 1, 79, 126.14, 100, 13169, 1189, 715, P0, 0x0000000000000000
2026/09/18 20:51:51.622, 0, 79, 106.57, 100, 14059, 911, 715, P0, 0x0000000000000020
2026/09/18 20:51:51.630, 1, 77, 54.16, 0, 13169, 1290, 715, P0, 0x0000000000000000
2026/09/18 20:51:52.636, 0, 79, 108.11, 100, 14059, 1037, 715, P0, 0x0000000000000000
2026/09/18 20:51:52.639, 1, 80, 171.41, 100, 13169, 1265, 715, P0, 0x0000000000000020
2026/09/18 20:51:53.651, 0, 79, 73.85, 100, 14059, 987, 715, P0, 0x0000000000000000
2026/09/18 20:51:53.654, 1, 77, 49.42, 0, 13169, 1189, 715, P0, 0x0000000000000000
2026/09/18 20:51:54.669, 0, 80, 106.48, 100, 14059, 898, 715, P0, 0x0000000000000020
2026/09/18 20:51:54.672, 1, 78, 126.39, 100, 13169, 1113, 715, P0, 0x0000000000000020
2026/09/18 20:51:55.684, 0, 79, 90.80, 100, 14059, 873, 715, P0, 0x0000000000000020
2026/09/18 20:51:55.689, 1, 78, 55.18, 47, 13169, 1316, 715, P0, 0x0000000000000020
2026/09/18 20:51:56.697, 0, 79, 93.44, 100, 14059, 721, 715, P0, 0x0000000000000020
2026/09/18 20:51:56.712, 1, 77, 55.13, 0, 13169, 1316, 715, P0, 0x0000000000000000
2026/09/18 20:51:57.724, 0, 79, 90.56, 100, 14059, 936, 715, P0, 0x0000000000000000
2026/09/18 20:51:57.730, 1, 79, 181.55, 100, 13169, 1290, 715, P0, 0x0000000000000020
2026/09/18 20:51:58.737, 0, 79, 94.64, 100, 14059, 734, 715, P0, 0x0000000000000020
2026/09/18 20:51:58.753, 1, 77, 54.45, 0, 13169, 1290, 715, P0, 0x0000000000000000
2026/09/18 20:51:59.769, 0, 79, 92.77, 100, 14059, 721, 715, P0, 0x0000000000000020
2026/09/18 20:51:59.773, 1, 76, 53.72, 0, 13169, 1290, 715, P0, 0x0000000000000000
2026/09/18 20:52:00.781, 0, 79, 107.67, 100, 14059, 847, 715, P0, 0x0000000000000020
2026/09/18 20:52:00.791, 1, 80, 182.13, 100, 13169, 1290, 715, P0, 0x0000000000000000
2026/09/18 20:52:01.797, 0, 79, 97.30, 100, 14059, 784, 715, P0, 0x0000000000000020
2026/09/18 20:52:01.810, 1, 77, 54.45, 0, 13169, 1290, 715, P0, 0x0000000000000000
2026/09/18 20:52:02.827, 0, 79, 98.01, 99, 14059, 784, 715, P0, 0x0000000000000020
2026/09/18 20:52:02.832, 1, 78, 162.85, 56, 13169, 1240, 715, P0, 0x0000000000000020
2026/09/18 20:52:03.839, 0, 79, 97.69, 100, 14059, 784, 715, P0, 0x0000000000000020
2026/09/18 20:52:03.850, 1, 79, 69.32, 100, 13169, 1240, 715, P0, 0x0000000000000000
2026/09/18 20:52:04.868, 0, 79, 98.99, 100, 14059, 797, 715, P0, 0x0000000000000020
2026/09/18 20:52:04.871, 1, 77, 53.47, 0, 13169, 1290, 715, P0, 0x0000000000000000
2026/09/18 20:52:05.878, 0, 79, 75.60, 100, 14059, 835, 715, P0, 0x0000000000000000
2026/09/18 20:52:05.892, 1, 80, 164.75, 100, 13169, 1328, 715, P0, 0x0000000000000000
2026/09/18 20:52:06.909, 0, 79, 102.54, 100, 14059, 860, 715, P0, 0x0000000000000020
2026/09/18 20:52:06.912, 1, 78, 56.33, 0, 13169, 1316, 715, P0, 0x0000000000000000
2026/09/18 20:52:07.922, 0, 79, 97.00, 99, 14059, 999, 715, P0, 0x0000000000000000
2026/09/18 20:52:07.931, 1, 78, 165.97, 40, 13169, 1316, 715, P0, 0x0000000000000000
2026/09/18 20:52:08.953, 0, 79, 101.73, 100, 14059, 847, 715, P0, 0x0000000000000020
2026/09/18 20:52:08.958, 1, 79, 131.81, 100, 13169, 1177, 715, P0, 0x0000000000000000
2026/09/18 20:52:09.968, 0, 79, 103.04, 100, 14059, 847, 715, P0, 0x0000000000000020
2026/09/18 20:52:09.973, 1, 77, 48.89, 0, 13169, 1189, 715, P0, 0x0000000000000000
2026/09/18 20:52:10.981, 0, 79, 110.71, 100, 14059, 999, 715, P0, 0x0000000000000020
2026/09/18 20:52:10.990, 1, 79, 192.82, 100, 13169, 1328, 715, P0, 0x0000000000000000
2026/09/18 20:52:12.010, 0, 79, 102.54, 100, 14059, 860, 715, P0, 0x0000000000000000
2026/09/18 20:52:12.013, 1, 77, 52.75, 0, 13169, 1265, 715, P0, 0x0000000000000000
2026/09/18 20:52:13.023, 0, 79, 105.78, 99, 14059, 860, 715, P0, 0x0000000000000020
2026/09/18 20:52:13.032, 1, 78, 172.38, 37, 13169, 1265, 715, P0, 0x0000000000000000
2026/09/18 20:52:14.051, 0, 79, 91.22, 100, 14059, 847, 715, P0, 0x0000000000000020
2026/09/18 20:52:14.053, 1, 79, 129.33, 100, 13169, 1177, 715, P0, 0x0000000000000020
2026/09/18 20:52:15.066, 0, 79, 101.83, 100, 14059, 860, 715, P0, 0x0000000000000000
2026/09/18 20:52:15.072, 1, 77, 48.89, 0, 13169, 1189, 715, P0, 0x0000000000000000
2026/09/18 20:52:16.080, 0, 79, 107.94, 100, 14059, 987, 715, P0, 0x0000000000000020
2026/09/18 20:52:16.091, 1, 79, 168.68, 100, 13169, 1252, 715, P0, 0x0000000000000020
2026/09/18 20:52:17.095, 0, 79, 102.29, 100, 14059, 847, 715, P0, 0x0000000000000020
2026/09/18 20:52:17.098, 1, 77, 55.37, 0, 13169, 1303, 715, P0, 0x0000000000000000
2026/09/18 20:52:18.107, 0, 79, 100.78, 100, 14059, 835, 715, P0, 0x0000000000000020
2026/09/18 20:52:18.110, 1, 79, 185.46, 100, 13169, 1328, 715, P0, 0x0000000000000000
2026/09/18 20:52:19.118, 0, 79, 95.12, 100, 14059, 1037, 715, P0, 0x0000000000000000
2026/09/18 20:52:19.129, 1, 79, 57.55, 100, 13169, 1265, 715, P0, 0x0000000000000000
2026/09/18 20:52:20.134, 0, 79, 101.34, 100, 14059, 847, 715, P0, 0x0000000000000020
2026/09/18 20:52:20.137, 1, 77, 52.02, 0, 13169, 1265, 715, P0, 0x0000000000000000
2026/09/18 20:52:21.147, 0, 79, 109.42, 100, 14059, 999, 715, P0, 0x0000000000000020
2026/09/18 20:52:21.151, 1, 80, 204.37, 100, 13169, 1328, 715, P0, 0x0000000000000000
2026/09/18 20:52:22.163, 0, 79, 102.79, 100, 14059, 860, 715, P0, 0x0000000000000020
2026/09/18 20:52:22.170, 1, 77, 51.54, 0, 13169, 1227, 715, P0, 0x0000000000000000
2026/09/18 20:52:23.175, 0, 79, 101.75, 99, 14059, 835, 715, P0, 0x0000000000000020
2026/09/18 20:52:23.178, 1, 78, 181.54, 88, 13169, 1303, 715, P0, 0x0000000000000020
2026/09/18 20:52:24.190, 0, 79, 98.42, 100, 14059, 847, 715, P0, 0x0000000000000000
2026/09/18 20:52:24.193, 1, 79, 72.00, 100, 13169, 1189, 715, P0, 0x0000000000000000
2026/09/18 20:52:25.202, 0, 79, 101.81, 100, 14059, 847, 715, P0, 0x0000000000000020
2026/09/18 20:52:25.210, 1, 77, 55.36, 0, 13169, 1316, 715, P0, 0x0000000000000000
2026/09/18 20:52:26.216, 0, 79, 96.04, 100, 14059, 961, 715, P0, 0x0000000000000020
2026/09/18 20:52:26.219, 1, 79, 174.81, 100, 13169, 1252, 715, P0, 0x0000000000000020
2026/09/18 20:52:27.244, 0, 79, 102.54, 100, 14059, 860, 715, P0, 0x0000000000000000
2026/09/18 20:52:27.249, 1, 77, 56.33, 0, 13169, 1316, 715, P0, 0x0000000000000000
2026/09/18 20:52:28.256, 0, 79, 105.25, 99, 14059, 873, 715, P0, 0x0000000000000020
2026/09/18 20:52:28.258, 1, 79, 193.60, 36, 13169, 1316, 715, P0, 0x0000000000000000
2026/09/18 20:52:29.269, 0, 79, 101.86, 100, 14059, 847, 715, P0, 0x0000000000000020
2026/09/18 20:52:29.275, 1, 78, 122.68, 100, 13169, 1151, 715, P0, 0x0000000000000000
2026/09/18 20:52:30.286, 0, 79, 101.58, 100, 14059, 847, 715, P0, 0x0000000000000020
2026/09/18 20:52:30.291, 1, 77, 54.43, 0, 13169, 1303, 715, P0, 0x0000000000000000
2026/09/18 20:52:31.300, 0, 79, 103.98, 100, 14059, 961, 715, P0, 0x0000000000000020
2026/09/18 20:52:31.312, 1, 80, 202.89, 100, 13169, 1328, 715, P0, 0x0000000000000000
2026/09/18 20:52:32.332, 0, 79, 102.55, 100, 14059, 860, 715, P0, 0x0000000000000020
2026/09/18 20:52:32.335, 1, 77, 49.61, 0, 13169, 1189, 715, P0, 0x0000000000000000
2026/09/18 20:52:33.347, 0, 79, 106.73, 99, 14059, 873, 715, P0, 0x0000000000000020
2026/09/18 20:52:33.354, 1, 78, 174.99, 81, 13169, 1278, 715, P0, 0x0000000000000020
2026/09/18 20:52:34.360, 0, 79, 101.41, 100, 14059, 847, 715, P0, 0x0000000000000020
2026/09/18 20:52:34.372, 1, 79, 155.32, 100, 13169, 1290, 715, P0, 0x0000000000000000
2026/09/18 20:52:35.388, 0, 79, 101.33, 100, 14059, 847, 715, P0, 0x0000000000000020
2026/09/18 20:52:35.391, 1, 77, 56.09, 0, 13169, 1316, 715, P0, 0x0000000000000000
2026/09/18 20:52:36.401, 0, 78, 111.68, 100, 14059, 1050, 715, P0, 0x0000000000000020
2026/09/18 20:52:36.409, 1, 80, 193.27, 100, 13169, 1328, 715, P0, 0x0000000000000000
2026/09/18 20:52:37.418, 0, 79, 102.31, 100, 14059, 860, 715, P0, 0x0000000000000020
2026/09/18 20:52:37.421, 1, 77, 49.37, 0, 13169, 1189, 715, P0, 0x0000000000000000
2026/09/18 20:52:38.431, 0, 79, 98.17, 99, 14059, 999, 715, P0, 0x0000000000000000
2026/09/18 20:52:38.434, 1, 77, 127.77, 6, 13169, 1189, 715, P0, 0x0000000000000000
2026/09/18 20:52:39.443, 0, 79, 101.90, 100, 14059, 847, 715, P0, 0x0000000000000000
2026/09/18 20:52:39.451, 1, 80, 143.20, 100, 13169, 1202, 715, P0, 0x0000000000000000
2026/09/18 20:52:40.460, 0, 79, 108.75, 100, 14059, 873, 715, P0, 0x0000000000000020
2026/09/18 20:52:40.472, 1, 77, 50.81, 0, 13169, 1227, 715, P0, 0x0000000000000000
2026/09/18 20:52:41.488, 0, 79, 71.14, 100, 14059, 923, 715, P0, 0x0000000000000000
2026/09/18 20:52:41.494, 1, 79, 148.79, 100, 13169, 1328, 715, P0, 0x0000000000000000
2026/09/18 20:52:42.502, 0, 79, 107.29, 100, 14059, 923, 715, P0, 0x0000000000000000
2026/09/18 20:52:42.509, 1, 78, 56.56, 0, 13169, 1316, 715, P0, 0x0000000000000000
2026/09/18 20:52:43.516, 0, 79, 113.34, 99, 14059, 974, 715, P0, 0x0000000000000020
2026/09/18 20:52:43.520, 1, 78, 183.75, 88, 13169, 1328, 715, P0, 0x0000000000000000
2026/09/18 20:52:44.533, 0, 79, 100.98, 100, 14059, 898, 715, P0, 0x0000000000000020
2026/09/18 20:52:44.535, 1, 80, 144.81, 100, 13169, 1290, 715, P0, 0x0000000000000000
2026/09/18 20:52:45.549, 0, 79, 107.53, 100, 14059, 911, 715, P0, 0x0000000000000020
2026/09/18 20:52:45.551, 1, 77, 56.08, 0, 13169, 1316, 715, P0, 0x0000000000000000
2026/09/18 20:52:46.559, 0, 79, 119.26, 100, 14059, 999, 715, P0, 0x0000000000000020
2026/09/18 20:52:46.570, 1, 80, 168.28, 100, 13169, 1252, 715, P0, 0x0000000000000020
2026/09/18 20:52:47.588, 0, 79, 90.61, 100, 14059, 923, 715, P0, 0x0000000000000020
2026/09/18 20:52:47.591, 1, 77, 51.60, 0, 13169, 1227, 715, P0, 0x0000000000000000
2026/09/18 20:52:48.605, 0, 79, 106.73, 100, 14059, 911, 715, P0, 0x0000000000000020
2026/09/18 20:52:48.610, 1, 79, 172.84, 100, 13169, 1265, 715, P0, 0x0000000000000020
2026/09/18 20:52:49.620, 0, 79, 118.29, 100, 14059, 1025, 715, P0, 0x0000000000000020
2026/09/18 20:52:49.631, 1, 78, 53.18, 95, 13169, 1240, 715, P0, 0x0000000000000000
2026/09/18 20:52:50.648, 0, 79, 83.67, 100, 14059, 961, 715, P0, 0x0000000000000000
2026/09/18 20:52:50.651, 1, 77, 51.36, 0, 13169, 1240, 715, P0, 0x0000000000000000
2026/09/18 20:52:51.662, 0, 79, 107.02, 100, 14059, 911, 715, P0, 0x0000000000000020
2026/09/18 20:52:51.670, 1, 80, 111.01, 100, 13169, 1202, 715, P0, 0x0000000000000000
2026/09/18 20:52:52.677, 0, 79, 114.61, 100, 14059, 1075, 715, P0, 0x0000000000000000
2026/09/18 20:52:52.679, 1, 77, 55.55, 0, 13169, 1316, 715, P0, 0x0000000000000000
2026/09/18 20:52:53.697, 0, 79, 102.08, 100, 14059, 1063, 715, P0, 0x0000000000000000
2026/09/18 20:52:53.710, 1, 79, 156.74, 100, 13169, 1328, 715, P0, 0x0000000000000000
2026/09/18 20:52:54.724, 0, 79, 108.03, 100, 14059, 923, 715, P0, 0x0000000000000000
2026/09/18 20:52:54.730, 1, 78, 49.85, 0, 13169, 1189, 715, P0, 0x0000000000000000
2026/09/18 20:52:55.740, 0, 79, 114.59, 99, 14059, 936, 715, P0, 0x0000000000000020
2026/09/18 20:52:55.751, 1, 78, 160.90, 80, 13169, 1202, 715, P0, 0x0000000000000020
2026/09/18 20:52:56.770, 0, 79, 90.97, 100, 14059, 898, 715, P0, 0x0000000000000020
2026/09/18 20:52:56.773, 1, 79, 141.21, 100, 13169, 1265, 715, P0, 0x0000000000000000
2026/09/18 20:52:57.785, 0, 79, 106.57, 100, 14059, 911, 715, P0, 0x0000000000000000
2026/09/18 20:52:57.790, 1, 77, 53.43, 0, 13169, 1278, 715, P0, 0x0000000000000000
2026/09/18 20:52:58.799, 0, 79, 113.28, 100, 14059, 1037, 715, P0, 0x0000000000000020
2026/09/18 20:52:58.809, 1, 80, 182.56, 100, 13169, 1303, 715, P0, 0x0000000000000000
2026/09/18 20:52:59.826, 0, 79, 108.25, 100, 14059, 923, 715, P0, 0x0000000000000000
2026/09/18 20:52:59.830, 1, 77, 56.08, 0, 13169, 1316, 715, P0, 0x0000000000000000
2026/09/18 20:53:00.837, 0, 79, 107.06, 100, 14059, 911, 715, P0, 0x0000000000000020
2026/09/18 20:53:00.840, 1, 79, 161.16, 100, 13169, 1227, 715, P0, 0x0000000000000020
2026/09/18 20:53:01.849, 0, 79, 113.01, 100, 14059, 1050, 715, P0, 0x0000000000000020
2026/09/18 20:53:01.853, 1, 79, 52.50, 100, 13169, 1215, 715, P0, 0x0000000000000000
2026/09/18 20:53:02.864, 0, 79, 108.03, 100, 14059, 923, 715, P0, 0x0000000000000020
2026/09/18 20:53:02.871, 1, 77, 50.09, 0, 13169, 1215, 715, P0, 0x0000000000000000
2026/09/18 20:53:03.879, 0, 79, 105.64, 100, 14059, 911, 715, P0, 0x0000000000000000
2026/09/18 20:53:03.892, 1, 80, 149.44, 100, 13169, 1189, 715, P0, 0x0000000000000000
2026/09/18 20:53:04.910, 0, 79, 109.66, 100, 14059, 1050, 715, P0, 0x0000000000000000
2026/09/18 20:53:04.913, 1, 77, 49.84, 0, 13169, 1202, 715, P0, 0x0000000000000000
2026/09/18 20:53:05.926, 0, 79, 107.57, 100, 14059, 911, 715, P0, 0x0000000000000020
2026/09/18 20:53:05.930, 1, 79, 144.51, 100, 13169, 1290, 715, P0, 0x0000000000000000
2026/09/18 20:53:06.940, 0, 79, 107.05, 100, 14059, 923, 715, P0, 0x0000000000000000
2026/09/18 20:53:06.951, 1, 78, 56.81, 0, 13169, 1316, 715, P0, 0x0000000000000000
2026/09/18 20:53:07.971, 0, 79, 104.34, 99, 14059, 1025, 715, P0, 0x0000000000000020
2026/09/18 20:53:07.974, 1, 78, 175.39, 30, 13169, 1316, 715, P0, 0x0000000000000000
2026/09/18 20:53:08.983, 0, 79, 106.39, 100, 14059, 911, 715, P0, 0x0000000000000000
2026/09/18 20:53:08.991, 1, 80, 149.41, 100, 13169, 1252, 715, P0, 0x0000000000000000
2026/09/18 20:53:09.996, 0, 79, 108.26, 100, 14059, 923, 715, P0, 0x0000000000000020
2026/09/18 20:53:09.999, 1, 77, 49.12, 0, 13169, 1189, 715, P0, 0x0000000000000000
2026/09/18 20:53:11.010, 0, 79, 106.37, 100, 14059, 1012, 715, P0, 0x0000000000000020
2026/09/18 20:53:11.013, 1, 79, 150.66, 100, 13169, 1316, 715, P0, 0x0000000000000000
2026/09/18 20:53:12.026, 0, 79, 108.51, 100, 14059, 923, 715, P0, 0x0000000000000020
2026/09/18 20:53:12.032, 1, 77, 49.85, 0, 13169, 1189, 715, P0, 0x0000000000000000
2026/09/18 20:53:13.043, 0, 79, 107.07, 99, 14059, 911, 715, P0, 0x0000000000000020
2026/09/18 20:53:13.051, 1, 78, 155.76, 73, 13169, 1227, 715, P0, 0x0000000000000020
2026/09/18 20:53:14.064, 0, 79, 102.87, 100, 14059, 1063, 715, P0, 0x0000000000000020
2026/09/18 20:53:14.069, 1, 79, 151.15, 100, 13169, 1265, 715, P0, 0x0000000000000000
2026/09/18 20:53:15.075, 0, 79, 108.02, 100, 14059, 923, 715, P0, 0x0000000000000020
2026/09/18 20:53:15.077, 1, 77, 53.92, 0, 13169, 1290, 715, P0, 0x0000000000000000
2026/09/18 20:53:16.087, 0, 79, 116.00, 100, 14059, 974, 715, P0, 0x0000000000000020
2026/09/18 20:53:16.093, 1, 80, 163.89, 100, 13169, 1240, 715, P0, 0x0000000000000020
2026/09/18 20:53:17.099, 0, 79, 108.50, 100, 14059, 911, 715, P0, 0x0000000000000020
2026/09/18 20:53:17.112, 1, 77, 54.64, 0, 13169, 1290, 715, P0, 0x0000000000000000
2026/09/18 20:53:18.130, 0, 79, 107.80, 100, 14059, 923, 715, P0, 0x0000000000000000
2026/09/18 20:53:18.133, 1, 79, 153.01, 100, 13169, 1189, 715, P0, 0x0000000000000020
2026/09/18 20:53:19.143, 0, 79, 108.90, 100, 14059, 1037, 715, P0, 0x0000000000000020
2026/09/18 20:53:19.151, 1, 79, 57.30, 82, 13169, 1303, 715, P0, 0x0000000000000000
2026/09/18 20:53:20.158, 0, 79, 93.68, 100, 14059, 734, 715, P0, 0x0000000000000020
2026/09/18 20:53:20.161, 1, 77, 54.44, 0, 13169, 1303, 715, P0, 0x0000000000000000
2026/09/18 20:53:21.170, 0, 79, 66.04, 100, 14059, 847, 715, P0, 0x0000000000000000
2026/09/18 20:53:21.174, 1, 80, 163.97, 100, 13169, 1215, 715, P0, 0x0000000000000020
2026/09/18 20:53:22.184, 0, 79, 105.86, 100, 14059, 847, 715, P0, 0x0000000000000020
2026/09/18 20:53:22.193, 1, 78, 56.09, 0, 13169, 1316, 715, P0, 0x0000000000000000
2026/09/18 20:53:23.205, 0, 79, 93.68, 100, 14059, 734, 715, P0, 0x0000000000000020
2026/09/18 20:53:23.213, 1, 77, 55.17, 0, 13169, 1316, 715, P0, 0x0000000000000000
2026/09/18 20:53:24.221, 0, 79, 94.10, 100, 14059, 1012, 715, P0, 0x0000000000000000
2026/09/18 20:53:24.231, 1, 80, 197.61, 100, 13169, 1328, 715, P0, 0x0000000000000000
2026/09/18 20:53:25.251, 0, 79, 98.68, 100, 14059, 810, 715, P0, 0x0000000000000020
2026/09/18 20:53:25.254, 1, 78, 56.12, 0, 13169, 1316, 715, P0, 0x0000000000000000
2026/09/18 20:53:26.265, 0, 79, 98.26, 100, 14059, 797, 715, P0, 0x0000000000000020
2026/09/18 20:53:26.271, 1, 77, 55.13, 0, 13169, 1316, 715, P0, 0x0000000000000000
2026/09/18 20:53:27.281, 0, 79, 102.87, 100, 14059, 847, 715, P0, 0x0000000000000020
2026/09/18 20:53:27.293, 1, 80, 190.34, 100, 13169, 1303, 715, P0, 0x0000000000000020
2026/09/18 20:53:28.308, 0, 79, 103.26, 100, 14059, 873, 715, P0, 0x0000000000000000
2026/09/18 20:53:28.313, 1, 77, 54.16, 0, 13169, 1290, 715, P0, 0x0000000000000000
2026/09/18 20:53:29.319, 0, 79, 101.33, 100, 14059, 847, 715, P0, 0x0000000000000020
2026/09/18 20:53:29.332, 1, 78, 155.31, 100, 13169, 1227, 715, P0, 0x0000000000000020
2026/09/18 20:53:30.349, 0, 79, 98.66, 100, 14059, 1037, 715, P0, 0x0000000000000000
2026/09/18 20:53:30.351, 1, 79, 68.33, 94, 13169, 1316, 715, P0, 0x0000000000000020
2026/09/18 20:53:31.362, 0, 79, 102.54, 100, 14059, 860, 715, P0, 0x0000000000000000
2026/09/18 20:53:31.371, 1, 77, 55.37, 0, 13169, 1316, 715, P0, 0x0000000000000000
2026/09/18 20:53:32.375, 0, 79, 112.43, 100, 14059, 1050, 715, P0, 0x0000000000000020
2026/09/18 20:53:32.378, 1, 79, 170.69, 100, 13169, 1290, 715, P0, 0x0000000000000000
2026/09/18 20:53:33.390, 0, 79, 103.74, 100, 14059, 873, 715, P0, 0x0000000000000020
2026/09/18 20:53:33.393, 1, 78, 54.16, 0, 13169, 1278, 715, P0, 0x0000000000000000
2026/09/18 20:53:34.404, 0, 79, 111.59, 100, 14059, 974, 715, P0, 0x0000000000000020
2026/09/18 20:53:34.412, 1, 78, 158.30, 16, 13169, 1278, 715, P0, 0x0000000000000000
2026/09/18 20:53:35.419, 0, 79, 102.37, 100, 14059, 847, 715, P0, 0x0000000000000020
2026/09/18 20:53:35.422, 1, 80, 152.73, 100, 13169, 1303, 715, P0, 0x0000000000000000
2026/09/18 20:53:36.433, 0, 79, 106.43, 100, 14059, 1012, 715, P0, 0x0000000000000000
2026/09/18 20:53:36.436, 1, 77, 49.13, 0, 13169, 1189, 715, P0, 0x0000000000000000
2026/09/18 20:53:37.449, 0, 79, 101.45, 100, 14059, 847, 715, P0, 0x0000000000000000
2026/09/18 20:53:37.451, 1, 79, 185.46, 100, 13169, 1328, 715, P0, 0x0000000000000000
2026/09/18 20:53:38.466, 0, 79, 104.65, 100, 14059, 999, 715, P0, 0x0000000000000020
2026/09/18 20:53:38.472, 1, 78, 56.10, 55, 13169, 1303, 715, P0, 0x0000000000000000
2026/09/18 20:53:39.477, 0, 79, 103.26, 100, 14059, 873, 715, P0, 0x0000000000000000
2026/09/18 20:53:39.480, 1, 77, 54.40, 0, 13169, 1303, 715, P0, 0x0000000000000000
2026/09/18 20:53:40.491, 0, 79, 111.32, 100, 14059, 1012, 715, P0, 0x0000000000000020
2026/09/18 20:53:40.495, 1, 80, 166.28, 100, 13169, 1252, 715, P0, 0x0000000000000020
2026/09/18 20:53:41.503, 0, 79, 104.40, 100, 14059, 873, 715, P0, 0x0000000000000020
2026/09/18 20:53:41.513, 1, 77, 56.09, 0, 13169, 1316, 715, P0, 0x0000000000000000
2026/09/18 20:53:42.531, 0, 79, 102.89, 100, 14059, 847, 715, P0, 0x0000000000000020
2026/09/18 20:53:42.534, 1, 78, 181.88, 35, 13169, 1303, 715, P0, 0x0000000000000020
2026/09/18 20:53:43.544, 0, 79, 102.13, 100, 14059, 847, 715, P0, 0x0000000000000020
2026/09/18 20:53:43.553, 1, 80, 144.42, 100, 13169, 1227, 715, P0, 0x0000000000000000
2026/09/18 20:53:44.572, 0, 79, 104.95, 100, 14059, 860, 715, P0, 0x0000000000000020
2026/09/18 20:53:44.575, 1, 77, 50.78, 0, 13169, 1227, 715, P0, 0x0000000000000000
2026/09/18 20:53:45.585, 0, 79, 101.56, 100, 14059, 847, 715, P0, 0x0000000000000020
2026/09/18 20:53:45.593, 1, 79, 165.74, 100, 13169, 1316, 715, P0, 0x0000000000000000
2026/09/18 20:53:46.600, 0, 79, 103.74, 100, 14059, 860, 715, P0, 0x0000000000000020
2026/09/18 20:53:46.612, 1, 78, 55.85, 0, 13169, 1303, 715, P0, 0x0000000000000000
2026/09/18 20:53:47.617, 0, 79, 102.78, 100, 14059, 860, 715, P0, 0x0000000000000020
2026/09/18 20:53:47.620, 1, 77, 54.40, 0, 13169, 1303, 715, P0, 0x0000000000000000
2026/09/18 20:53:48.629, 0, 79, 102.12, 100, 14059, 847, 715, P0, 0x0000000000000020
2026/09/18 20:53:48.632, 1, 80, 144.54, 100, 13169, 1164, 715, P0, 0x0000000000000020
2026/09/18 20:53:49.642, 0, 79, 103.74, 100, 14059, 873, 715, P0, 0x0000000000000000
2026/09/18 20:53:49.652, 1, 77, 54.88, 0, 13169, 1303, 715, P0, 0x0000000000000000
2026/09/18 20:53:50.657, 0, 79, 101.28, 99, 14059, 847, 715, P0, 0x0000000000000020
2026/09/18 20:53:50.660, 1, 79, 181.06, 100, 13169, 1303, 715, P0, 0x0000000000000020
2026/09/18 20:53:51.674, 0, 79, 102.03, 100, 14059, 847, 715, P0, 0x0000000000000020
2026/09/18 20:53:51.679, 1, 79, 158.14, 100, 13169, 1252, 715, P0, 0x0000000000000020
2026/09/18 20:53:52.689, 0, 79, 103.26, 100, 14059, 847, 715, P0, 0x0000000000000020
2026/09/18 20:53:52.694, 1, 77, 54.65, 0, 13169, 1303, 715, P0, 0x0000000000000000
2026/09/18 20:53:53.701, 0, 79, 88.29, 100, 14059, 860, 715, P0, 0x0000000000000000
2026/09/18 20:53:53.712, 1, 79, 156.10, 100, 13169, 1316, 715, P0, 0x0000000000000000
2026/09/18 20:53:54.732, 0, 79, 103.04, 100, 14059, 860, 715, P0, 0x0000000000000020
2026/09/18 20:53:54.735, 1, 78, 49.61, 0, 13169, 1189, 715, P0, 0x0000000000000000
2026/09/18 20:53:55.751, 0, 79, 102.55, 100, 14059, 860, 715, P0, 0x0000000000000000
2026/09/18 20:53:55.755, 1, 76, 48.65, 0, 13169, 1189, 715, P0, 0x0000000000000000
2026/09/18 20:53:56.763, 0, 79, 102.40, 100, 14059, 860, 715, P0, 0x0000000000000020
2026/09/18 20:53:56.773, 1, 80, 182.01, 100, 13169, 1303, 715, P0, 0x0000000000000020
2026/09/18 20:53:57.778, 0, 79, 102.55, 100, 14059, 860, 715, P0, 0x0000000000000020
2026/09/18 20:53:57.782, 1, 77, 50.34, 0, 13169, 1215, 715, P0, 0x0000000000000000
2026/09/18 20:53:58.794, 0, 79, 100.48, 100, 14059, 847, 715, P0, 0x0000000000000000
2026/09/18 20:53:58.797, 1, 79, 195.90, 100, 13169, 1328, 715, P0, 0x0000000000000000
2026/09/18 20:53:59.806, 0, 79, 101.94, 100, 14059, 847, 715, P0, 0x0000000000000020
2026/09/18 20:53:59.813, 1, 79, 75.78, 100, 13169, 1189, 715, P0, 0x0000000000000000
2026/09/18 20:54:00.819, 0, 79, 103.76, 100, 14059, 860, 715, P0, 0x0000000000000020
2026/09/18 20:54:00.822, 1, 77, 48.88, 0, 13169, 1189, 715, P0, 0x0000000000000000
2026/09/18 20:54:01.832, 0, 79, 101.46, 100, 14059, 847, 715, P0, 0x0000000000000020
2026/09/18 20:54:01.835, 1, 79, 180.87, 100, 13169, 1328, 715, P0, 0x0000000000000000
2026/09/18 20:54:02.845, 0, 79, 104.22, 100, 14059, 860, 715, P0, 0x0000000000000020
2026/09/18 20:54:02.854, 1, 78, 56.58, 0, 13169, 1316, 715, P0, 0x0000000000000000
2026/09/18 20:54:03.875, 0, 79, 102.78, 100, 14059, 860, 715, P0, 0x0000000000000020
2026/09/18 20:54:03.878, 1, 77, 55.12, 0, 13169, 1316, 715, P0, 0x0000000000000000
2026/09/18 20:54:04.886, 0, 79, 103.47, 100, 14059, 847, 715, P0, 0x0000000000000020
2026/09/18 20:54:04.894, 1, 79, 159.59, 100, 13169, 1202, 715, P0, 0x0000000000000020
2026/09/18 20:54:05.904, 0, 79, 102.54, 100, 14059, 860, 715, P0, 0x0000000000000020
2026/09/18 20:54:05.912, 1, 77, 53.23, 0, 13169, 1265, 715, P0, 0x0000000000000000
2026/09/18 20:54:06.929, 0, 79, 101.20, 100, 14059, 847, 715, P0, 0x0000000000000020
2026/09/18 20:54:06.933, 1, 79, 186.88, 70, 13169, 1303, 715, P0, 0x0000000000000020
2026/09/18 20:54:07.942, 0, 79, 101.72, 100, 14059, 847, 715, P0, 0x0000000000000020
2026/09/18 20:54:07.954, 1, 80, 134.67, 100, 13169, 1227, 715, P0, 0x0000000000000020
2026/09/18 20:54:08.971, 0, 79, 104.23, 100, 14059, 860, 715, P0, 0x0000000000000020
2026/09/18 20:54:08.975, 1, 77, 50.82, 0, 13169, 1227, 715, P0, 0x0000000000000000
2026/09/18 20:54:09.981, 0, 79, 101.63, 100, 14059, 847, 715, P0, 0x0000000000000020
2026/09/18 20:54:09.992, 1, 79, 151.38, 100, 13169, 1328, 715, P0, 0x0000000000000000
2026/09/18 20:54:11.009, 0, 79, 105.43, 100, 14059, 873, 715, P0, 0x0000000000000020
2026/09/18 20:54:11.015, 1, 78, 56.58, 0, 13169, 1316, 715, P0, 0x0000000000000000
2026/09/18 20:54:12.022, 0, 79, 107.77, 100, 14059, 923, 715, P0, 0x0000000000000020
2026/09/18 20:54:12.032, 1, 76, 55.12, 0, 13169, 1316, 715, P0, 0x0000000000000000
2026/09/18 20:54:13.048, 0, 79, 106.75, 100, 14059, 911, 715, P0, 0x0000000000000020
2026/09/18 20:54:13.052, 1, 80, 165.10, 100, 13169, 1252, 715, P0, 0x0000000000000020
2026/09/18 20:54:14.065, 0, 79, 102.79, 100, 14059, 1063, 715, P0, 0x0000000000000020
2026/09/18 20:54:14.072, 1, 77, 54.16, 0, 13169, 1290, 715, P0, 0x0000000000000000
2026/09/18 20:54:15.077, 0, 79, 107.05, 100, 14059, 911, 715, P0, 0x0000000000000020
2026/09/18 20:54:15.080, 1, 79, 162.34, 100, 13169, 1227, 715, P0, 0x0000000000000020
2026/09/18 20:54:16.090, 0, 79, 111.87, 100, 14059, 1063, 715, P0, 0x0000000000000000
2026/09/18 20:54:16.094, 1, 79, 56.77, 100, 13169, 1303, 715, P0, 0x0000000000000000
2026/09/18 20:54:17.107, 0, 79, 107.77, 100, 14059, 923, 715, P0, 0x0000000000000020
2026/09/18 20:54:17.110, 1, 77, 54.40, 0, 13169, 1303, 715, P0, 0x0000000000000000
2026/09/18 20:54:18.121, 0, 79, 112.88, 100, 14059, 923, 715, P0, 0x0000000000000020
2026/09/18 20:54:18.133, 1, 80, 172.10, 100, 13169, 1265, 715, P0, 0x0000000000000020
2026/09/18 20:54:19.149, 0, 79, 107.77, 100, 14059, 923, 715, P0, 0x0000000000000020
2026/09/18 20:54:19.152, 1, 77, 55.12, 0, 13169, 1303, 715, P0, 0x0000000000000000
2026/09/18 20:54:20.162, 0, 79, 106.62, 100, 14059, 911, 715, P0, 0x0000000000000020
2026/09/18 20:54:20.174, 1, 78, 144.75, 100, 13169, 1202, 715, P0, 0x0000000000000000
2026/09/18 20:54:21.192, 0, 79, 108.28, 100, 14059, 1088, 715, P0, 0x0000000000000020
2026/09/18 20:54:21.195, 1, 80, 155.97, 100, 13169, 1265, 715, P0, 0x0000000000000000
2026/09/18 20:54:22.205, 0, 79, 108.25, 100, 14059, 923, 715, P0, 0x0000000000000000
2026/09/18 20:54:22.211, 1, 77, 55.36, 0, 13169, 1316, 715, P0, 0x0000000000000000
2026/09/18 20:54:23.220, 0, 79, 111.12, 100, 14059, 1025, 715, P0, 0x0000000000000020
2026/09/18 20:54:23.233, 1, 80, 194.18, 100, 13169, 1316, 715, P0, 0x0000000000000020
2026/09/18 20:54:24.249, 0, 79, 108.74, 100, 14059, 923, 715, P0, 0x0000000000000020
2026/09/18 20:54:24.252, 1, 78, 54.88, 0, 13169, 1290, 715, P0, 0x0000000000000000
2026/09/18 20:54:25.264, 0, 79, 110.57, 99, 14059, 923, 715, P0, 0x0000000000000020
2026/09/18 20:54:25.274, 1, 78, 163.68, 61, 13169, 1227, 715, P0, 0x0000000000000020
2026/09/18 20:54:26.290, 0, 79, 107.57, 100, 14059, 911, 715, P0, 0x0000000000000020
2026/09/18 20:54:26.293, 1, 79, 150.85, 100, 13169, 1240, 715, P0, 0x0000000000000000
2026/09/18 20:54:27.301, 0, 79, 108.25, 100, 14059, 911, 715, P0, 0x0000000000000020
2026/09/18 20:54:27.314, 1, 77, 55.60, 0, 13169, 1316, 715, P0, 0x0000000000000000
2026/09/18 20:54:28.318, 0, 79, 99.95, 100, 14059, 1063, 715, P0, 0x0000000000000000
2026/09/18 20:54:28.321, 1, 80, 153.90, 100, 13169, 1303, 715, P0, 0x0000000000000000
2026/09/18 20:54:29.332, 0, 79, 107.37, 100, 14059, 923, 715, P0, 0x0000000000000000
2026/09/18 20:54:29.335, 1, 78, 49.85, 19, 13169, 1189, 715, P0, 0x0000000000000000
2026/09/18 20:54:30.348, 0, 79, 103.84, 99, 14059, 1075, 715, P0, 0x0000000000000020
2026/09/18 20:54:30.351, 1, 77, 137.72, 0, 13169, 1189, 715, P0, 0x0000000000000000
2026/09/18 20:54:31.361, 0, 79, 107.00, 100, 14059, 911, 715, P0, 0x0000000000000020
2026/09/18 20:54:31.372, 1, 80, 159.09, 100, 13169, 1227, 715, P0, 0x0000000000000020
2026/09/18 20:54:32.390, 0, 79, 112.36, 100, 14059, 1063, 715, P0, 0x0000000000000000
2026/09/18 20:54:32.393, 1, 77, 49.12, 0, 13169, 1189, 715, P0, 0x0000000000000000
2026/09/18 20:54:33.400, 0, 79, 106.86, 100, 14059, 911, 715, P0, 0x0000000000000020
2026/09/18 20:54:33.410, 1, 79, 184.74, 100, 13169, 1328, 715, P0, 0x0000000000000000
2026/09/18 20:54:34.414, 0, 79, 116.69, 100, 14059, 1075, 715, P0, 0x0000000000000000
2026/09/18 20:54:34.418, 1, 78, 51.51, 10, 13169, 1202, 715, P0, 0x0000000000000000
2026/09/18 20:54:35.429, 0, 79, 107.31, 100, 14059, 911, 715, P0, 0x0000000000000020
2026/09/18 20:54:35.432, 1, 76, 49.37, 0, 13169, 1202, 715, P0, 0x0000000000000000
2026/09/18 20:54:36.440, 0, 79, 107.21, 100, 14059, 911, 715, P0, 0x0000000000000020
2026/09/18 20:54:36.450, 1, 80, 175.70, 100, 13169, 1290, 715, P0, 0x0000000000000020
2026/09/18 20:54:37.454, 0, 79, 108.33, 100, 14059, 923, 715, P0, 0x0000000000000000
2026/09/18 20:54:37.457, 1, 77, 49.60, 0, 13169, 1189, 715, P0, 0x0000000000000000
2026/09/18 20:54:38.472, 0, 79, 106.93, 99, 14059, 911, 715, P0, 0x0000000000000020
2026/09/18 20:54:38.476, 1, 79, 185.20, 100, 13169, 1316, 715, P0, 0x0000000000000000
2026/09/18 20:54:39.487, 0, 79, 80.08, 100, 14059, 987, 715, P0, 0x0000000000000000
2026/09/18 20:54:39.490, 1, 79, 130.37, 100, 13169, 1164, 715, P0, 0x0000000000000000
2026/09/18 20:54:40.501, 0, 79, 108.02, 100, 14059, 923, 715, P0, 0x0000000000000020
2026/09/18 20:54:40.511, 1, 77, 51.98, 0, 13169, 1252, 715, P0, 0x0000000000000000
2026/09/18 20:54:41.517, 0, 79, 117.92, 100, 14059, 1088, 715, P0, 0x0000000000000000
2026/09/18 20:54:41.523, 1, 79, 163.39, 100, 13169, 1290, 715, P0, 0x0000000000000020
2026/09/18 20:54:42.531, 0, 79, 108.50, 100, 14059, 923, 715, P0, 0x0000000000000020
2026/09/18 20:54:42.534, 1, 78, 56.33, 0, 13169, 1316, 715, P0, 0x0000000000000000
2026/09/18 20:54:43.545, 0, 79, 115.39, 99, 14059, 1050, 715, P0, 0x0000000000000020
2026/09/18 20:54:43.552, 1, 78, 160.26, 0, 13169, 1316, 715, P0, 0x0000000000000000
2026/09/18 20:54:44.559, 0, 79, 108.55, 100, 14059, 923, 715, P0, 0x0000000000000020
2026/09/18 20:54:44.562, 1, 80, 137.45, 100, 13169, 1252, 715, P0, 0x0000000000000000
2026/09/18 20:54:45.574, 0, 79, 109.47, 100, 14059, 1037, 715, P0, 0x0000000000000020
2026/09/18 20:54:45.577, 1, 77, 52.27, 0, 13169, 1252, 715, P0, 0x0000000000000000
2026/09/18 20:54:46.585, 0, 79, 108.41, 100, 14059, 911, 715, P0, 0x0000000000000020
2026/09/18 20:54:46.593, 1, 79, 140.76, 100, 13169, 1278, 715, P0, 0x0000000000000020
2026/09/18 20:54:47.598, 0, 79, 117.99, 100, 14059, 1063, 715, P0, 0x0000000000000000
2026/09/18 20:54:47.601, 1, 78, 51.49, 11, 13169, 1202, 715, P0, 0x0000000000000000
2026/09/18 20:54:48.611, 0, 79, 109.23, 100, 14059, 936, 715, P0, 0x0000000000000020
2026/09/18 20:54:48.614, 1, 77, 49.60, 0, 13169, 1202, 715, P0, 0x0000000000000000
2026/09/18 20:54:49.625, 0, 80, 108.43, 100, 14059, 923, 715, P0, 0x0000000000000020
2026/09/18 20:54:49.630, 1, 80, 167.01, 100, 13169, 1252, 715, P0, 0x0000000000000020
2026/09/18 20:54:50.641, 0, 79, 93.94, 100, 14059, 759, 715, P0, 0x0000000000000000
2026/09/18 20:54:50.654, 1, 77, 49.38, 0, 13169, 1189, 715, P0, 0x0000000000000000
2026/09/18 20:54:51.669, 0, 79, 95.15, 100, 14059, 759, 715, P0, 0x0000000000000000
2026/09/18 20:54:51.672, 1, 76, 48.68, 0, 13169, 1189, 715, P0, 0x0000000000000000
2026/09/18 20:54:52.684, 0, 79, 105.52, 100, 14059, 822, 715, P0, 0x0000000000000020
2026/09/18 20:54:52.694, 1, 80, 187.10, 100, 13169, 1316, 715, P0, 0x0000000000000000
2026/09/18 20:54:53.708, 0, 79, 93.68, 100, 14059, 746, 715, P0, 0x0000000000000020
2026/09/18 20:54:53.713, 1, 77, 55.65, 0, 13169, 1316, 715, P0, 0x0000000000000000
2026/09/18 20:54:54.723, 0, 79, 94.40, 100, 14059, 746, 715, P0, 0x0000000000000020
2026/09/18 20:54:54.732, 1, 76, 54.92, 0, 13169, 1316, 715, P0, 0x0000000000000000
2026/09/18 20:54:55.737, 0, 79, 106.18, 100, 14059, 999, 715, P0, 0x0000000000000000
2026/09/18 20:54:55.740, 1, 80, 185.82, 100, 13169, 1303, 715, P0, 0x0000000000000000
2026/09/18 20:54:56.752, 0, 79, 99.46, 100, 14059, 810, 715, P0, 0x0000000000000000
2026/09/18 20:54:56.756, 1, 77, 55.16, 0, 13169, 1303, 715, P0, 0x0000000000000000
2026/09/18 20:54:57.769, 0, 79, 98.93, 100, 14059, 810, 715, P0, 0x0000000000000000
2026/09/18 20:54:57.772, 1, 77, 54.20, 0, 13169, 1303, 715, P0, 0x0000000000000000
2026/09/18 20:54:58.780, 0, 79, 110.24, 100, 14059, 898, 715, P0, 0x0000000000000020
2026/09/18 20:54:58.792, 1, 80, 184.48, 100, 13169, 1290, 715, P0, 0x0000000000000000
2026/09/18 20:54:59.808, 0, 79, 98.51, 100, 14059, 810, 715, P0, 0x0000000000000000
2026/09/18 20:54:59.813, 1, 77, 52.51, 0, 13169, 1252, 715, P0, 0x0000000000000000
2026/09/18 20:55:00.819, 0, 79, 67.81, 100, 14059, 961, 715, P0, 0x0000000000000000
2026/09/18 20:55:00.830, 1, 76, 51.61, 0, 13169, 1252, 715, P0, 0x0000000000000000
2026/09/18 20:55:01.836, 0, 79, 99.38, 100, 14059, 810, 715, P0, 0x0000000000000020
2026/09/18 20:55:01.839, 1, 80, 175.49, 100, 13169, 1278, 715, P0, 0x0000000000000020
2026/09/18 20:55:02.855, 0, 79, 99.24, 100, 14059, 810, 715, P0, 0x0000000000000020
2026/09/18 20:55:02.858, 1, 77, 49.13, 0, 13169, 1189, 715, P0, 0x0000000000000000
2026/09/18 20:55:03.869, 0, 79, 99.09, 100, 14059, 1012, 715, P0, 0x0000000000000000
2026/09/18 20:55:03.873, 1, 77, 138.11, 34, 13169, 1189, 715, P0, 0x0000000000000000
2026/09/18 20:55:04.884, 0, 79, 102.83, 100, 14059, 873, 715, P0, 0x0000000000000000
2026/09/18 20:55:04.895, 1, 80, 148.44, 100, 13169, 1252, 715, P0, 0x0000000000000000
2026/09/18 20:55:05.901, 0, 79, 111.80, 100, 14059, 1063, 715, P0, 0x0000000000000020
2026/09/18 20:55:05.909, 1, 77, 54.87, 0, 13169, 1303, 715, P0, 0x0000000000000000
2026/09/18 20:55:06.931, 0, 79, 102.85, 100, 14059, 873, 715, P0, 0x0000000000000000
2026/09/18 20:55:06.934, 1, 79, 200.36, 100, 13169, 1328, 715, P0, 0x0000000000000000
2026/09/18 20:55:07.944, 0, 79, 88.93, 100, 14059, 1075, 715, P0, 0x0000000000000000
2026/09/18 20:55:07.950, 1, 79, 50.59, 100, 13169, 1189, 715, P0, 0x0000000000000000
2026/09/18 20:55:08.959, 0, 79, 103.51, 100, 14059, 873, 715, P0, 0x0000000000000020
2026/09/18 20:55:08.971, 1, 77, 50.82, 0, 13169, 1227, 715, P0, 0x0000000000000000
2026/09/18 20:55:09.985, 0, 79, 81.62, 100, 14059, 949, 715, P0, 0x0000000000000000
2026/09/18 20:55:09.991, 1, 79, 161.11, 100, 13169, 1328, 715, P0, 0x0000000000000000
2026/09/18 20:55:11.003, 0, 79, 104.47, 100, 14059, 860, 715, P0, 0x0000000000000020
2026/09/18 20:55:11.013, 1, 78, 50.09, 0, 13169, 1189, 715, P0, 0x0000000000000000
2026/09/18 20:55:12.032, 0, 79, 104.24, 100, 14059, 885, 715, P0, 0x0000000000000020
2026/09/18 20:55:12.035, 1, 76, 48.64, 0, 13169, 1189, 715, P0, 0x0000000000000000
2026/09/18 20:55:13.051, 0, 79, 106.73, 100, 14059, 873, 715, P0, 0x0000000000000020
2026/09/18 20:55:13.054, 1, 80, 175.46, 100, 13169, 1278, 715, P0, 0x0000000000000000
2026/09/18 20:55:14.066, 0, 79, 104.47, 100, 14059, 885, 715, P0, 0x0000000000000000
2026/09/18 20:55:14.071, 1, 77, 52.47, 0, 13169, 1252, 715, P0, 0x0000000000000000
2026/09/18 20:55:15.090, 0, 79, 113.88, 100, 14059, 1012, 715, P0, 0x0000000000000020
2026/09/18 20:55:15.093, 1, 78, 172.75, 48, 13169, 1316, 715, P0, 0x0000000000000000
2026/09/18 20:55:16.101, 0, 79, 105.12, 100, 14059, 885, 715, P0, 0x0000000000000000
2026/09/18 20:55:16.111, 1, 79, 123.12, 100, 13169, 1126, 715, P0, 0x0000000000000020
2026/09/18 20:55:17.116, 0, 79, 107.07, 100, 14059, 1012, 715, P0, 0x0000000000000020
2026/09/18 20:55:17.119, 1, 77, 52.27, 0, 13169, 1265, 715, P0, 0x0000000000000000
2026/09/18 20:55:18.131, 0, 79, 103.82, 100, 14059, 873, 715, P0, 0x0000000000000020
2026/09/18 20:55:18.133, 1, 79, 199.68, 100, 13169, 1328, 715, P0, 0x0000000000000000
2026/09/18 20:55:19.143, 0, 79, 108.50, 100, 14059, 1075, 715, P0, 0x0000000000000020
2026/09/18 20:55:19.150, 1, 79, 55.86, 100, 13169, 1278, 715, P0, 0x0000000000000000
2026/09/18 20:55:20.158, 0, 79, 103.75, 100, 14059, 873, 715, P0, 0x0000000000000020
2026/09/18 20:55:20.160, 1, 77, 53.23, 0, 13169, 1278, 715, P0, 0x0000000000000000
2026/09/18 20:55:21.172, 0, 79, 103.45, 100, 14059, 873, 715, P0, 0x0000000000000020
2026/09/18 20:55:21.175, 1, 80, 163.83, 100, 13169, 1303, 715, P0, 0x0000000000000000
2026/09/18 20:55:22.184, 0, 79, 105.62, 100, 14059, 873, 715, P0, 0x0000000000000020
2026/09/18 20:55:22.192, 1, 78, 49.85, 0, 13169, 1189, 715, P0, 0x0000000000000000
2026/09/18 20:55:23.196, 0, 79, 104.72, 100, 14059, 885, 715, P0, 0x0000000000000020
2026/09/18 20:55:23.200, 1, 76, 48.64, 0, 13169, 1189, 715, P0, 0x0000000000000000
2026/09/18 20:55:24.211, 0, 79, 112.83, 100, 14059, 1037, 715, P0, 0x0000000000000000
2026/09/18 20:55:24.214, 1, 79, 134.58, 100, 13169, 1139, 715, P0, 0x0000000000000020
2026/09/18 20:55:25.224, 0, 79, 104.23, 100, 14059, 885, 715, P0, 0x0000000000000000
2026/09/18 20:55:25.231, 1, 77, 50.58, 0, 13169, 1215, 715, P0, 0x0000000000000000
2026/09/18 20:55:26.237, 0, 79, 111.17, 100, 14059, 1050, 715, P0, 0x0000000000000000
2026/09/18 20:55:26.240, 1, 77, 140.70, 38, 13169, 1215, 715, P0, 0x0000000000000000
2026/09/18 20:55:27.250, 0, 79, 103.42, 100, 14059, 873, 715, P0, 0x0000000000000020
2026/09/18 20:55:27.253, 1, 79, 128.54, 100, 13169, 1126, 715, P0, 0x0000000000000000
2026/09/18 20:55:28.261, 0, 79, 96.82, 100, 14059, 873, 715, P0, 0x0000000000000020
2026/09/18 20:55:28.272, 1, 77, 48.93, 0, 13169, 1189, 715, P0, 0x0000000000000000
2026/09/18 20:55:29.278, 0, 79, 103.36, 99, 14059, 873, 715, P0, 0x0000000000000020
2026/09/18 20:55:29.281, 1, 78, 183.41, 100, 13169, 1316, 715, P0, 0x0000000000000000
2026/09/18 20:55:30.293, 0, 79, 103.35, 100, 14059, 873, 715, P0, 0x0000000000000000
2026/09/18 20:55:30.296, 1, 80, 139.38, 100, 13169, 1252, 715, P0, 0x0000000000000000
2026/09/18 20:55:31.309, 0, 79, 100.39, 100, 14059, 1037, 715, P0, 0x0000000000000000
2026/09/18 20:55:31.312, 1, 77, 55.84, 0, 13169, 1316, 715, P0, 0x0000000000000000
2026/09/18 20:55:32.320, 0, 79, 102.61, 100, 14059, 860, 715, P0, 0x0000000000000020
2026/09/18 20:55:32.332, 1, 80, 199.68, 100, 13169, 1328, 715, P0, 0x0000000000000000
2026/09/18 20:55:33.350, 0, 79, 101.59, 100, 14059, 987, 715, P0, 0x0000000000000020
2026/09/18 20:55:33.353, 1, 78, 56.11, 69, 13169, 1303, 715, P0, 0x0000000000000000
2026/09/18 20:55:34.368, 0, 79, 103.50, 100, 14059, 873, 715, P0, 0x0000000000000020
2026/09/18 20:55:34.371, 1, 77, 54.64, 0, 13169, 1303, 715, P0, 0x0000000000000000
2026/09/18 20:55:35.382, 0, 79, 96.94, 100, 14059, 1050, 715, P0, 0x0000000000000000
2026/09/18 20:55:35.390, 1, 79, 127.61, 100, 13169, 1227, 715, P0, 0x0000000000000000
2026/09/18 20:55:36.396, 0, 79, 104.71, 100, 14059, 873, 715, P0, 0x0000000000000020
2026/09/18 20:55:36.399, 1, 78, 55.61, 0, 13169, 1303, 715, P0, 0x0000000000000000
2026/09/18 20:55:37.410, 0, 79, 103.74, 100, 14059, 873, 715, P0, 0x0000000000000020
2026/09/18 20:55:37.414, 1, 76, 54.40, 0, 13169, 1303, 715, P0, 0x0000000000000000
2026/09/18 20:55:38.421, 0, 79, 109.78, 100, 14059, 1037, 715, P0, 0x0000000000000000
2026/09/18 20:55:38.430, 1, 80, 175.58, 100, 13169, 1278, 715, P0, 0x0000000000000000
2026/09/18 20:55:39.453, 0, 79, 104.47, 100, 14059, 885, 715, P0, 0x0000000000000000
2026/09/18 20:55:39.456, 1, 78, 54.40, 0, 13169, 1290, 715, P0, 0x0000000000000000
2026/09/18 20:55:40.469, 0, 79, 96.59, 100, 14059, 1050, 715, P0, 0x0000000000000000
2026/09/18 20:55:40.472, 1, 77, 166.29, 20, 13169, 1290, 715, P0, 0x0000000000000020
2026/09/18 20:55:41.485, 0, 79, 102.39, 100, 14059, 860, 715, P0, 0x0000000000000020
2026/09/18 20:55:41.490, 1, 80, 135.62, 100, 13169, 1126, 715, P0, 0x0000000000000020
2026/09/18 20:55:42.500, 0, 79, 103.52, 100, 14059, 885, 715, P0, 0x0000000000000000
2026/09/18 20:55:42.512, 1, 77, 49.85, 0, 13169, 1202, 715, P0, 0x0000000000000000
2026/09/18 20:55:43.530, 0, 79, 103.59, 100, 14059, 873, 715, P0, 0x0000000000000020
2026/09/18 20:55:43.533, 1, 78, 186.18, 100, 13169, 1328, 715, P0, 0x0000000000000000
2026/09/18 20:55:44.545, 0, 79, 102.93, 100, 14059, 860, 715, P0, 0x0000000000000020
2026/09/18 20:55:44.549, 1, 80, 128.54, 100, 13169, 1177, 715, P0, 0x0000000000000020
2026/09/18 20:55:45.559, 0, 79, 98.04, 100, 14059, 1025, 715, P0, 0x0000000000000000
2026/09/18 20:55:45.570, 1, 77, 50.83, 0, 13169, 1227, 715, P0, 0x0000000000000000
2026/09/18 20:55:46.587, 0, 79, 102.55, 100, 14059, 860, 715, P0, 0x0000000000000020
2026/09/18 20:55:46.591, 1, 79, 199.11, 100, 13169, 1328, 715, P0, 0x0000000000000000
2026/09/18 20:55:47.601, 0, 79, 114.23, 100, 14059, 1050, 715, P0, 0x0000000000000020
2026/09/18 20:55:47.610, 1, 78, 49.61, 100, 13169, 1189, 715, P0, 0x0000000000000000
2026/09/18 20:55:48.616, 0, 79, 104.48, 100, 14059, 885, 715, P0, 0x0000000000000020
2026/09/18 20:55:48.619, 1, 77, 48.64, 0, 13169, 1189, 715, P0, 0x0000000000000000
2026/09/18 20:55:49.628, 0, 79, 88.22, 100, 14059, 873, 715, P0, 0x0000000000000020
2026/09/18 20:55:49.632, 1, 79, 169.84, 100, 13169, 1328, 715, P0, 0x0000000000000000
2026/09/18 20:55:50.640, 0, 79, 106.57, 100, 14059, 885, 715, P0, 0x0000000000000020
2026/09/18 20:55:50.652, 1, 78, 52.02, 0, 13169, 1227, 715, P0, 0x0000000000000000
2026/09/18 20:55:51.657, 0, 79, 104.96, 100, 14059, 885, 715, P0, 0x0000000000000020
2026/09/18 20:55:51.660, 1, 77, 50.57, 0, 13169, 1227, 715, P0, 0x0000000000000000
2026/09/18 20:55:52.666, 0, 79, 108.57, 100, 14059, 1012, 715, P0, 0x0000000000000020
2026/09/18 20:55:52.670, 1, 80, 181.89, 100, 13169, 1303, 715, P0, 0x0000000000000000
2026/09/18 20:55:53.683, 0, 79, 103.74, 100, 14059, 885, 715, P0, 0x0000000000000000
2026/09/18 20:55:53.691, 1, 78, 56.09, 0, 13169, 1316, 715, P0, 0x0000000000000000
2026/09/18 20:55:54.700, 0, 79, 79.68, 100, 14059, 1101, 715, P0, 0x0000000000000000
2026/09/18 20:55:54.709, 1, 77, 110.93, 0, 13169, 1316, 715, P0, 0x0000000000000000
2026/09/18 20:55:55.716, 0, 79, 103.47, 100, 14059, 873, 715, P0, 0x0000000000000020
2026/09/18 20:55:55.719, 1, 80, 165.45, 100, 13169, 1227, 715, P0, 0x0000000000000020
2026/09/18 20:55:56.730, 0, 79, 103.50, 100, 14059, 873, 715, P0, 0x0000000000000020
2026/09/18 20:55:56.733, 1, 77, 55.60, 0, 13169, 1316, 715, P0, 0x0000000000000000
2026/09/18 20:55:57.743, 0, 79, 110.70, 99, 14059, 898, 715, P0, 0x0000000000000020
2026/09/18 20:55:57.751, 1, 78, 184.48, 55, 13169, 1328, 715, P0, 0x0000000000000000
2026/09/18 20:55:58.757, 0, 79, 103.58, 100, 14059, 873, 715, P0, 0x0000000000000020
2026/09/18 20:55:58.761, 1, 79, 136.80, 100, 13169, 1189, 715, P0, 0x0000000000000000
2026/09/18 20:55:59.771, 0, 79, 99.90, 100, 14059, 1063, 715, P0, 0x0000000000000020
2026/09/18 20:55:59.773, 1, 77, 55.61, 0, 13169, 1316, 715, P0, 0x0000000000000000
2026/09/18 20:56:00.783, 0, 79, 103.58, 100, 14059, 873, 715, P0, 0x0000000000000020
2026/09/18 20:56:00.790, 1, 79, 192.92, 100, 13169, 1328, 715, P0, 0x0000000000000000
2026/09/18 20:56:01.798, 0, 79, 104.05, 100, 14059, 873, 715, P0, 0x0000000000000020
2026/09/18 20:56:01.810, 1, 79, 143.58, 100, 13169, 1202, 715, P0, 0x0000000000000000
2026/09/18 20:56:02.828, 0, 79, 108.50, 100, 14059, 898, 715, P0, 0x0000000000000020
2026/09/18 20:56:02.831, 1, 77, 50.81, 0, 13169, 1227, 715, P0, 0x0000000000000000
2026/09/18 20:56:03.846, 0, 79, 103.09, 100, 14059, 873, 715, P0, 0x0000000000000000
2026/09/18 20:56:03.851, 1, 79, 138.10, 100, 13169, 1328, 715, P0, 0x0000000000000000
2026/09/18 20:56:04.859, 0, 79, 98.47, 100, 14059, 1037, 715, P0, 0x0000000000000000
2026/09/18 20:56:04.868, 1, 78, 52.51, 0, 13169, 1227, 715, P0, 0x0000000000000000
2026/09/18 20:56:05.874, 0, 79, 103.75, 100, 14059, 873, 715, P0, 0x0000000000000020
2026/09/18 20:56:05.878, 1, 77, 50.57, 0, 13169, 1227, 715, P0, 0x0000000000000000
2026/09/18 20:56:06.887, 0, 79, 73.14, 100, 14059, 974, 715, P0, 0x0000000000000000
2026/09/18 20:56:06.890, 1, 79, 137.76, 100, 13169, 1189, 715, P0, 0x0000000000000000
2026/09/18 20:56:07.903, 0, 79, 105.36, 100, 14059, 885, 715, P0, 0x0000000000000020
2026/09/18 20:56:07.908, 1, 78, 56.57, 0, 13169, 1316, 715, P0, 0x0000000000000000
2026/09/18 20:56:08.915, 0, 79, 105.18, 100, 14059, 885, 715, P0, 0x0000000000000020
2026/09/18 20:56:08.918, 1, 77, 55.12, 0, 13169, 1316, 715, P0, 0x0000000000000000
2026/09/18 20:56:09.927, 0, 79, 108.58, 100, 14059, 999, 715, P0, 0x0000000000000020
2026/09/18 20:56:09.929, 1, 80, 177.03, 100, 13169, 1265, 715, P0, 0x0000000000000020
2026/09/18 20:56:10.945, 0, 79, 103.50, 100, 14059, 873, 715, P0, 0x0000000000000020
2026/09/18 20:56:10.950, 1, 78, 55.12, 0, 13169, 1303, 715, P0, 0x0000000000000000
2026/09/18 20:56:11.960, 0, 79, 77.43, 100, 14059, 974, 715, P0, 0x0000000000000000
2026/09/18 20:56:11.968, 1, 76, 54.27, 0, 13169, 1303, 715, P0, 0x0000000000000000
2026/09/18 20:56:12.977, 0, 79, 102.76, 100, 14059, 860, 715, P0, 0x0000000000000020
2026/09/18 20:56:12.990, 1, 79, 153.64, 100, 13169, 1202, 715, P0, 0x0000000000000000
2026/09/18 20:56:14.007, 0, 79, 104.47, 100, 14059, 885, 715, P0, 0x0000000000000000
2026/09/18 20:56:14.010, 1, 77, 54.88, 0, 13169, 1303, 715, P0, 0x0000000000000000
2026/09/18 20:56:15.022, 0, 79, 110.74, 99, 14059, 1037, 715, P0, 0x0000000000000020
2026/09/18 20:56:15.028, 1, 78, 177.24, 16, 13169, 1303, 715, P0, 0x0000000000000000
2026/09/18 20:56:16.035, 0, 79, 103.60, 100, 14059, 873, 715, P0, 0x0000000000000020
2026/09/18 20:56:16.039, 1, 79, 144.59, 100, 13169, 1215, 715, P0, 0x0000000000000000
2026/09/18 20:56:17.048, 0, 79, 76.94, 100, 14059, 949, 715, P0, 0x0000000000000000
2026/09/18 20:56:17.051, 1, 77, 54.99, 0, 13169, 1303, 715, P0, 0x0000000000000000
2026/09/18 20:56:18.063, 0, 79, 102.72, 99, 14059, 860, 715, P0, 0x0000000000000020
2026/09/18 20:56:18.069, 1, 79, 172.62, 75, 13169, 1278, 715, P0, 0x0000000000000020
2026/09/18 20:56:19.075, 0, 79, 104.08, 100, 14059, 873, 715, P0, 0x0000000000000020
2026/09/18 20:56:19.078, 1, 79, 136.94, 100, 13169, 1240, 715, P0, 0x0000000000000000
2026/09/18 20:56:20.090, 0, 79, 109.15, 100, 14059, 1025, 715, P0, 0x0000000000000020
2026/09/18 20:56:20.093, 1, 77, 55.36, 0, 13169, 1316, 715, P0, 0x0000000000000000
2026/09/18 20:56:21.097, 0, 79, 103.60, 100, 14059, 873, 715, P0, 0x0000000000000020
2026/09/18 20:56:21.109, 1, 79, 180.82, 100, 13169, 1290, 715, P0, 0x0000000000000020
2026/09/18 20:56:22.113, 0, 79, 103.65, 100, 14059, 873, 715, P0, 0x0000000000000000
2026/09/18 20:56:22.116, 1, 79, 67.38, 100, 13169, 1265, 715, P0, 0x0000000000000000
2026/09/18 20:56:23.128, 0, 79, 107.06, 100, 14059, 885, 715, P0, 0x0000000000000020
2026/09/18 20:56:23.131, 1, 77, 51.99, 0, 13169, 1265, 715, P0, 0x0000000000000000
2026/09/18 20:56:24.142, 0, 79, 102.85, 100, 14059, 860, 715, P0, 0x0000000000000020
2026/09/18 20:56:24.149, 1, 80, 136.41, 100, 13169, 1328, 715, P0, 0x0000000000000000
2026/09/18 20:56:25.154, 0, 79, 110.67, 100, 14059, 1025, 715, P0, 0x0000000000000020
2026/09/18 20:56:25.157, 1, 78, 51.51, 36, 13169, 1202, 715, P0, 0x0000000000000000
2026/09/18 20:56:26.168, 0, 79, 103.99, 100, 14059, 873, 715, P0, 0x0000000000000020
2026/09/18 20:56:26.171, 1, 77, 49.37, 0, 13169, 1202, 715, P0, 0x0000000000000000
2026/09/18 20:56:27.184, 0, 79, 102.98, 100, 14059, 860, 715, P0, 0x0000000000000020
2026/09/18 20:56:27.187, 1, 79, 177.67, 100, 13169, 1328, 715, P0, 0x0000000000000000
2026/09/18 20:56:28.199, 0, 79, 113.72, 100, 14059, 1025, 715, P0, 0x0000000000000020
2026/09/18 20:56:28.208, 1, 78, 52.94, 11, 13169, 1252, 715, P0, 0x0000000000000000
2026/09/18 20:56:29.213, 0, 79, 103.51, 100, 14059, 873, 715, P0, 0x0000000000000020
2026/09/18 20:56:29.216, 1, 77, 51.30, 0, 13169, 1252, 715, P0, 0x0000000000000000
2026/09/18 20:56:30.226, 0, 79, 98.74, 100, 14059, 1025, 715, P0, 0x0000000000000020
2026/09/18 20:56:30.230, 1, 79, 173.14, 100, 13169, 1328, 715, P0, 0x0000000000000000
2026/09/18 20:56:31.236, 0, 79, 105.60, 100, 14059, 873, 715, P0, 0x0000000000000020
2026/09/18 20:56:31.250, 1, 78, 56.56, 0, 13169, 1316, 715, P0, 0x0000000000000000
2026/09/18 20:56:32.266, 0, 79, 104.22, 100, 14059, 873, 715, P0, 0x0000000000000020
2026/09/18 20:56:32.269, 1, 77, 55.12, 0, 13169, 1316, 715, P0, 0x0000000000000000
2026/09/18 20:56:33.280, 0, 79, 110.40, 100, 14059, 1012, 715, P0, 0x0000000000000020
2026/09/18 20:56:33.289, 1, 80, 136.71, 100, 13169, 1126, 715, P0, 0x0000000000000020
2026/09/18 20:56:34.295, 0, 79, 103.99, 100, 14059, 873, 715, P0, 0x0000000000000020
2026/09/18 20:56:34.298, 1, 77, 52.74, 0, 13169, 1265, 715, P0, 0x0000000000000000
2026/09/18 20:56:35.307, 0, 79, 103.75, 100, 14059, 873, 715, P0, 0x0000000000000020
2026/09/18 20:56:35.311, 1, 77, 51.53, 0, 13169, 1265, 715, P0, 0x0000000000000000
2026/09/18 20:56:36.318, 0, 79, 112.53, 100, 14059, 911, 715, P0, 0x0000000000000020
2026/09/18 20:56:36.330, 1, 80, 145.46, 100, 13169, 1189, 715, P0, 0x0000000000000000
2026/09/18 20:56:37.350, 0, 79, 104.48, 100, 14059, 885, 715, P0, 0x0000000000000000
2026/09/18 20:56:37.353, 1, 77, 49.37, 0, 13169, 1189, 715, P0, 0x0000000000000000
2026/09/18 20:56:38.367, 0, 79, 111.05, 99, 14059, 1063, 715, P0, 0x0000000000000020
2026/09/18 20:56:38.370, 1, 77, 121.66, 0, 13169, 1189, 715, P0, 0x0000000000000000
2026/09/18 20:56:39.383, 0, 79, 102.15, 100, 14059, 860, 715, P0, 0x0000000000000020
2026/09/18 20:56:39.389, 1, 80, 186.65, 100, 13169, 1316, 715, P0, 0x0000000000000020
2026/09/18 20:56:40.394, 0, 79, 104.22, 100, 14059, 873, 715, P0, 0x0000000000000020
2026/09/18 20:56:40.397, 1, 77, 56.33, 0, 13169, 1316, 715, P0, 0x0000000000000000
2026/09/18 20:56:41.408, 0, 79, 94.69, 99, 14059, 1012, 715, P0, 0x0000000000000000
2026/09/18 20:56:41.411, 1, 78, 160.98, 15, 13169, 1316, 715, P0, 0x0000000000000000
2026/09/18 20:56:42.421, 0, 79, 103.18, 100, 14059, 873, 715, P0, 0x0000000000000020
2026/09/18 20:56:42.428, 1, 79, 115.52, 100, 13169, 1189, 715, P0, 0x0000000000000020
2026/09/18 20:56:43.433, 0, 79, 103.51, 100, 14059, 873, 715, P0, 0x0000000000000020
2026/09/18 20:56:43.436, 1, 77, 52.26, 0, 13169, 1252, 715, P0, 0x0000000000000000
2026/09/18 20:56:44.445, 0, 79, 107.59, 99, 14059, 873, 715, P0, 0x0000000000000020
2026/09/18 20:56:44.450, 1, 78, 191.73, 43, 13169, 1328, 715, P0, 0x0000000000000000
2026/09/18 20:56:45.460, 0, 79, 103.58, 100, 14059, 873, 715, P0, 0x0000000000000020
2026/09/18 20:56:45.468, 1, 79, 134.68, 100, 13169, 1189, 715, P0, 0x0000000000000000
2026/09/18 20:56:46.479, 0, 79, 80.53, 100, 14059, 1126, 715, P0, 0x0000000000000000
2026/09/18 20:56:46.485, 1, 77, 52.27, 0, 13169, 1265, 715, P0, 0x0000000000000000
2026/09/18 20:56:47.491, 0, 79, 101.90, 99, 14059, 860, 715, P0, 0x0000000000000000
2026/09/18 20:56:47.494, 1, 79, 197.07, 100, 13169, 1328, 715, P0, 0x0000000000000000
2026/09/18 20:56:48.505, 0, 79, 103.96, 100, 14059, 873, 715, P0, 0x0000000000000020
2026/09/18 20:56:48.509, 1, 79, 119.97, 100, 13169, 1151, 715, P0, 0x0000000000000000
2026/09/18 20:56:49.519, 0, 79, 113.71, 100, 14059, 1025, 715, P0, 0x0000000000000020
2026/09/18 20:56:49.526, 1, 77, 52.95, 0, 13169, 1278, 715, P0, 0x0000000000000000
2026/09/18 20:56:50.533, 0, 79, 103.10, 100, 14059, 873, 715, P0, 0x0000000000000000
2026/09/18 20:56:50.536, 1, 79, 196.12, 100, 13169, 1328, 715, P0, 0x0000000000000000
2026/09/18 20:56:51.544, 0, 79, 102.83, 100, 14059, 860, 715, P0, 0x0000000000000020
2026/09/18 20:56:51.547, 1, 79, 147.88, 100, 13169, 1252, 715, P0, 0x0000000000000020
2026/09/18 20:56:52.561, 0, 79, 103.26, 100, 14059, 1050, 715, P0, 0x0000000000000020
2026/09/18 20:56:52.565, 1, 77, 56.10, 0, 13169, 1316, 715, P0, 0x0000000000000000
2026/09/18 20:56:53.571, 0, 79, 108.88, 100, 14059, 949, 715, P0, 0x0000000000000000
2026/09/18 20:56:53.574, 1, 79, 180.79, 100, 13169, 1303, 715, P0, 0x0000000000000000
2026/09/18 20:56:54.582, 0, 79, 123.02, 100, 14059, 1075, 715, P0, 0x0000000000000020
2026/09/18 20:56:54.587, 1, 79, 54.15, 100, 13169, 1252, 715, P0, 0x0000000000000020
2026/09/18 20:56:55.597, 0, 79, 108.26, 100, 14059, 949, 715, P0, 0x0000000000000000
2026/09/18 20:56:55.608, 1, 77, 51.98, 0, 13169, 1252, 715, P0, 0x0000000000000000
2026/09/18 20:56:56.626, 0, 79, 108.53, 100, 14059, 1101, 715, P0, 0x0000000000000020
2026/09/18 20:56:56.630, 1, 77, 100.31, 100, 13169, 898, 715, P0, 0x0000000000000000
2026/09/18 20:56:57.640, 0, 79, 108.14, 100, 14059, 936, 715, P0, 0x0000000000000020
2026/09/18 20:56:57.647, 1, 78, 132.01, 100, 13169, 1177, 715, P0, 0x0000000000000020
2026/09/18 20:56:58.670, 0, 79, 109.00, 100, 14059, 936, 715, P0, 0x0000000000000020
2026/09/18 20:56:58.672, 1, 76, 48.63, 0, 13169, 1189, 715, P0, 0x0000000000000000
2026/09/18 20:56:59.683, 0, 79, 108.03, 100, 14059, 923, 715, P0, 0x0000000000000020
2026/09/18 20:56:59.686, 1, 80, 205.55, 100, 13169, 1290, 715, P0, 0x0000000000000020
2026/09/18 20:57:00.694, 0, 79, 108.74, 100, 14059, 936, 715, P0, 0x0000000000000020
2026/09/18 20:57:00.697, 1, 77, 55.12, 0, 13169, 1303, 715, P0, 0x0000000000000000
2026/09/18 20:57:01.705, 0, 79, 111.34, 100, 14059, 1063, 715, P0, 0x0000000000000000
2026/09/18 20:57:01.708, 1, 78, 151.50, 80, 13169, 1316, 715, P0, 0x0000000000000020
2026/09/18 20:57:02.720, 0, 79, 109.12, 100, 14059, 923, 715, P0, 0x0000000000000020
2026/09/18 20:57:02.728, 1, 80, 159.59, 100, 13169, 1252, 715, P0, 0x0000000000000020
2026/09/18 20:57:03.735, 0, 79, 110.42, 100, 14059, 1101, 715, P0, 0x0000000000000020
2026/09/18 20:57:03.746, 1, 77, 54.60, 0, 13169, 1303, 715, P0, 0x0000000000000000
2026/09/18 20:57:04.765, 0, 79, 108.94, 100, 14059, 923, 715, P0, 0x0000000000000020
2026/09/18 20:57:04.768, 1, 79, 198.09, 100, 13169, 1328, 715, P0, 0x0000000000000000
2026/09/18 20:57:05.780, 0, 79, 109.01, 100, 14059, 911, 715, P0, 0x0000000000000020
2026/09/18 20:57:05.787, 1, 79, 130.87, 100, 13169, 1164, 715, P0, 0x0000000000000020
2026/09/18 20:57:06.811, 0, 79, 110.18, 100, 14059, 949, 715, P0, 0x0000000000000020
2026/09/18 20:57:06.814, 1, 77, 55.36, 0, 13169, 1316, 715, P0, 0x0000000000000000
2026/09/18 20:57:07.818, 0, 79, 107.47, 100, 14059, 923, 715, P0, 0x0000000000000020
2026/09/18 20:57:07.825, 1, 79, 162.36, 100, 13169, 1328, 715, P0, 0x0000000000000000
2026/09/18 20:57:08.833, 0, 79, 113.01, 100, 14059, 1063, 715, P0, 0x0000000000000000
2026/09/18 20:57:08.845, 1, 78, 56.32, 78, 13169, 1303, 715, P0, 0x0000000000000000
2026/09/18 20:57:09.861, 0, 79, 108.74, 100, 14059, 936, 715, P0, 0x0000000000000020
2026/09/18 20:57:09.864, 1, 77, 54.64, 0, 13169, 1303, 715, P0, 0x0000000000000000
2026/09/18 20:57:10.877, 0, 79, 98.11, 100, 14059, 1050, 715, P0, 0x0000000000000000
2026/09/18 20:57:10.884, 1, 80, 189.88, 100, 13169, 1328, 715, P0, 0x0000000000000000
2026/09/18 20:57:11.893, 0, 79, 109.20, 100, 14059, 949, 715, P0, 0x0000000000000020
2026/09/18 20:57:11.903, 1, 78, 55.60, 0, 13169, 1303, 715, P0, 0x0000000000000000
2026/09/18 20:57:12.921, 0, 79, 86.31, 100, 14059, 936, 715, P0, 0x0000000000000020
2026/09/18 20:57:12.924, 1, 77, 54.22, 0, 13169, 1303, 715, P0, 0x0000000000000000
2026/09/18 20:57:13.935, 0, 79, 108.74, 100, 14059, 936, 715, P0, 0x0000000000000020
2026/09/18 20:57:13.944, 1, 80, 156.00, 100, 13169, 1215, 715, P0, 0x0000000000000000
2026/09/18 20:57:14.956, 0, 79, 108.50, 100, 14059, 936, 715, P0, 0x0000000000000020
2026/09/18 20:57:14.963, 1, 77, 53.91, 0, 13169, 1278, 715, P0, 0x0000000000000000
2026/09/18 20:57:15.971, 0, 79, 113.34, 99, 14059, 987, 715, P0, 0x0000000000000020
2026/09/18 20:57:15.975, 1, 78, 182.10, 73, 13169, 1328, 715, P0, 0x0000000000000000
2026/09/18 20:57:16.982, 0, 79, 108.76, 100, 14059, 936, 715, P0, 0x0000000000000020
2026/09/18 20:57:16.985, 1, 79, 105.99, 100, 13169, 1189, 715, P0, 0x0000000000000000
2026/09/18 20:57:17.996, 0, 79, 119.36, 100, 14059, 1113, 715, P0, 0x0000000000000020
2026/09/18 20:57:18.002, 1, 77, 52.21, 0, 13169, 1252, 715, P0, 0x0000000000000000
2026/09/18 20:57:19.012, 0, 79, 97.18, 100, 14059, 784, 715, P0, 0x0000000000000020
2026/09/18 20:57:19.025, 1, 79, 196.85, 100, 13169, 1328, 715, P0, 0x0000000000000000
2026/09/18 20:57:20.043, 0, 79, 96.94, 100, 14059, 772, 715, P0, 0x0000000000000020
2026/09/18 20:57:20.046, 1, 79, 132.39, 100, 13169, 1202, 715, P0, 0x0000000000000000
2026/09/18 20:57:21.052, 0, 79, 98.52, 100, 14059, 797, 715, P0, 0x0000000000000000
2026/09/18 20:57:21.064, 1, 77, 49.37, 0, 13169, 1202, 715, P0, 0x0000000000000000
2026/09/18 20:57:22.084, 0, 79, 105.52, 99, 14059, 936, 715, P0, 0x0000000000000020
2026/09/18 20:57:22.086, 1, 77, 143.37, 5, 13169, 1202, 715, P0, 0x0000000000000000
2026/09/18 20:57:23.098, 0, 79, 96.90, 100, 14059, 784, 715, P0, 0x0000000000000020
2026/09/18 20:57:23.105, 1, 80, 142.23, 100, 13169, 1252, 715, P0, 0x0000000000000000
2026/09/18 20:57:24.111, 0, 79, 97.56, 100, 14059, 797, 715, P0, 0x0000000000000020
2026/09/18 20:57:24.114, 1, 77, 49.88, 0, 13169, 1202, 715, P0, 0x0000000000000000
2026/09/18 20:57:25.123, 0, 79, 98.04, 100, 14059, 797, 715, P0, 0x0000000000000020
2026/09/18 20:57:25.126, 1, 76, 48.90, 0, 13169, 1202, 715, P0, 0x0000000000000000
2026/09/18 20:57:26.137, 0, 79, 102.21, 100, 14059, 999, 715, P0, 0x0000000000000000
2026/09/18 20:57:26.144, 1, 80, 175.85, 100, 13169, 1290, 715, P0, 0x0000000000000000
2026/09/18 20:57:27.153, 0, 79, 97.31, 100, 14059, 784, 715, P0, 0x0000000000000020
2026/09/18 20:57:27.164, 1, 77, 51.31, 0, 13169, 1227, 715, P0, 0x0000000000000000
2026/09/18 20:57:28.183, 0, 79, 98.76, 100, 14059, 810, 715, P0, 0x0000000000000000
2026/09/18 20:57:28.186, 1, 76, 50.58, 0, 13169, 1227, 715, P0, 0x0000000000000000
2026/09/18 20:57:29.201, 0, 79, 98.19, 100, 14059, 797, 715, P0, 0x0000000000000020
2026/09/18 20:57:29.204, 1, 79, 178.26, 100, 13169, 1328, 715, P0, 0x0000000000000000
2026/09/18 20:57:30.217, 0, 79, 107.30, 100, 14059, 923, 715, P0, 0x0000000000000020
2026/09/18 20:57:30.225, 1, 78, 54.66, 0, 13169, 1278, 715, P0, 0x0000000000000000
2026/09/18 20:57:31.243, 0, 79, 98.99, 100, 14059, 797, 715, P0, 0x0000000000000020
2026/09/18 20:57:31.247, 1, 76, 52.51, 0, 13169, 1278, 715, P0, 0x0000000000000000
2026/09/18 20:57:32.259, 0, 79, 96.63, 100, 14059, 784, 715, P0, 0x0000000000000020
2026/09/18 20:57:32.265, 1, 79, 198.73, 100, 13169, 1328, 715, P0, 0x0000000000000000
2026/09/18 20:57:33.273, 0, 79, 98.25, 100, 14059, 797, 715, P0, 0x0000000000000020
2026/09/18 20:57:33.284, 1, 79, 59.00, 100, 13169, 1328, 715, P0, 0x0000000000000000
2026/09/18 20:57:34.289, 0, 78, 100.61, 100, 14059, 1025, 715, P0, 0x0000000000000000
2026/09/18 20:57:34.292, 1, 77, 55.85, 0, 13169, 1328, 715, P0, 0x0000000000000000
2026/09/18 20:57:35.308, 0, 79, 98.54, 99, 14059, 797, 715, P0, 0x0000000000000020
2026/09/18 20:57:35.312, 1, 78, 201.23, 35, 13169, 1328, 715, P0, 0x0000000000000000
2026/09/18 20:57:36.324, 0, 79, 97.38, 100, 14059, 797, 715, P0, 0x0000000000000000
2026/09/18 20:57:36.327, 1, 80, 146.24, 100, 13169, 1316, 715, P0, 0x0000000000000020
2026/09/18 20:57:37.339, 0, 79, 98.27, 100, 14059, 797, 715, P0, 0x0000000000000020
2026/09/18 20:57:37.345, 1, 77, 52.03, 0, 13169, 1252, 715, P0, 0x0000000000000000
2026/09/18 20:57:38.353, 0, 79, 76.47, 100, 14059, 860, 715, P0, 0x0000000000000000
2026/09/18 20:57:38.365, 1, 76, 51.37, 0, 13169, 1252, 715, P0, 0x0000000000000000
2026/09/18 20:57:39.379, 0, 79, 109.76, 100, 14059, 911, 715, P0, 0x0000000000000020
2026/09/18 20:57:39.385, 1, 80, 188.64, 100, 13169, 1316, 715, P0, 0x0000000000000000
2026/09/18 20:57:40.395, 0, 79, 98.74, 100, 14059, 810, 715, P0, 0x0000000000000000
2026/09/18 20:57:40.404, 1, 77, 54.41, 0, 13169, 1290, 715, P0, 0x0000000000000000
2026/09/18 20:57:41.411, 0, 79, 98.50, 100, 14059, 797, 715, P0, 0x0000000000000020
2026/09/18 20:57:41.414, 1, 76, 53.72, 0, 13169, 1290, 715, P0, 0x0000000000000000
2026/09/18 20:57:42.425, 0, 79, 86.53, 100, 14059, 797, 715, P0, 0x0000000000000020
2026/09/18 20:57:42.428, 1, 80, 187.49, 100, 13169, 1328, 715, P0, 0x0000000000000000
2026/09/18 20:57:43.439, 0, 79, 112.83, 100, 14059, 1050, 715, P0, 0x0000000000000000
2026/09/18 20:57:43.443, 1, 78, 55.85, 0, 13169, 1303, 715, P0, 0x0000000000000000
2026/09/18 20:57:44.456, 0, 79, 103.50, 100, 14059, 873, 715, P0, 0x0000000000000020
2026/09/18 20:57:44.463, 1, 76, 54.16, 0, 13169, 1303, 715, P0, 0x0000000000000000
2026/09/18 20:57:45.473, 0, 79, 102.73, 100, 14059, 860, 715, P0, 0x0000000000000020
2026/09/18 20:57:45.483, 1, 79, 164.68, 100, 13169, 1328, 715, P0, 0x0000000000000000
2026/09/18 20:57:46.499, 0, 79, 96.11, 100, 14059, 1025, 715, P0, 0x0000000000000000
2026/09/18 20:57:46.503, 1, 78, 52.76, 34, 13169, 1240, 715, P0, 0x0000000000000000
2026/09/18 20:57:47.512, 0, 79, 108.50, 100, 14059, 936, 715, P0, 0x0000000000000020
2026/09/18 20:57:47.522, 1, 76, 51.05, 0, 13169, 1240, 715, P0, 0x0000000000000000
2026/09/18 20:57:48.528, 0, 79, 76.33, 100, 14059, 923, 715, P0, 0x0000000000000020
2026/09/18 20:57:48.531, 1, 79, 168.31, 100, 13169, 1328, 715, P0, 0x0000000000000000
2026/09/18 20:57:49.542, 0, 79, 109.22, 100, 14059, 936, 715, P0, 0x0000000000000020
2026/09/18 20:57:49.545, 1, 78, 55.12, 0, 13169, 1290, 715, P0, 0x0000000000000000
2026/09/18 20:57:50.555, 0, 79, 108.90, 100, 14059, 949, 715, P0, 0x0000000000000020
2026/09/18 20:57:50.561, 1, 76, 53.67, 0, 13169, 1290, 715, P0, 0x0000000000000000
2026/09/18 20:57:51.567, 0, 79, 108.99, 100, 14059, 1063, 715, P0, 0x0000000000000000
2026/09/18 20:57:51.570, 1, 80, 186.53, 100, 13169, 1328, 715, P0, 0x0000000000000000
2026/09/18 20:57:52.582, 0, 79, 108.00, 100, 14059, 923, 715, P0, 0x0000000000000020
2026/09/18 20:57:52.585, 1, 78, 55.84, 0, 13169, 1303, 715, P0, 0x0000000000000000
2026/09/18 20:57:53.591, 0, 79, 108.74, 100, 14059, 936, 715, P0, 0x0000000000000020
2026/09/18 20:57:53.600, 1, 77, 54.39, 0, 13169, 1303, 715, P0, 0x0000000000000000
2026/09/18 20:57:54.604, 0, 79, 112.72, 100, 14059, 949, 715, P0, 0x0000000000000020
2026/09/18 20:57:54.607, 1, 80, 165.08, 100, 13169, 1240, 715, P0, 0x0000000000000020
2026/09/18 20:57:55.622, 0, 79, 108.26, 100, 14059, 936, 715, P0, 0x0000000000000020
2026/09/18 20:57:55.626, 1, 77, 51.30, 0, 13169, 1227, 715, P0, 0x0000000000000000
2026/09/18 20:57:56.635, 0, 79, 118.29, 100, 14059, 1075, 715, P0, 0x0000000000000020
2026/09/18 20:57:56.640, 1, 77, 142.05, 0, 13169, 1227, 715, P0, 0x0000000000000000
2026/09/18 20:57:57.650, 0, 79, 107.22, 100, 14059, 923, 715, P0, 0x0000000000000020
2026/09/18 20:57:57.662, 1, 80, 166.29, 100, 13169, 1227, 715, P0, 0x0000000000000020
2026/09/18 20:57:58.679, 0, 79, 108.50, 100, 14059, 936, 715, P0, 0x0000000000000020
2026/09/18 20:57:58.682, 1, 77, 49.36, 0, 13169, 1189, 715, P0, 0x0000000000000000
2026/09/18 20:57:59.691, 0, 79, 113.73, 99, 14059, 936, 715, P0, 0x0000000000000020
2026/09/18 20:57:59.701, 1, 77, 148.71, 33, 13169, 1189, 715, P0, 0x0000000000000000
2026/09/18 20:58:00.716, 0, 79, 107.79, 100, 14059, 911, 715, P0, 0x0000000000000020
2026/09/18 20:58:00.722, 1, 80, 147.06, 100, 13169, 1113, 715, P0, 0x0000000000000020
2026/09/18 20:58:01.728, 0, 79, 112.52, 100, 14059, 1101, 715, P0, 0x0000000000000020
2026/09/18 20:58:01.740, 1, 77, 55.60, 0, 13169, 1316, 715, P0, 0x0000000000000000
2026/09/18 20:58:02.746, 0, 79, 107.57, 100, 14059, 923, 715, P0, 0x0000000000000020
2026/09/18 20:58:02.749, 1, 78, 148.72, 100, 13169, 1189, 715, P0, 0x0000000000000020
2026/09/18 20:58:03.761, 0, 79, 108.51, 100, 14059, 923, 715, P0, 0x0000000000000020
2026/09/18 20:58:03.764, 1, 79, 159.72, 100, 13169, 1303, 715, P0, 0x0000000000000000
2026/09/18 20:58:04.775, 0, 79, 102.85, 100, 14059, 1050, 715, P0, 0x0000000000000020
2026/09/18 20:58:04.779, 1, 77, 52.26, 0, 13169, 1265, 715, P0, 0x0000000000000000
2026/09/18 20:58:05.788, 0, 79, 107.56, 100, 14059, 923, 715, P0, 0x0000000000000000
2026/09/18 20:58:05.801, 1, 79, 198.24, 100, 13169, 1328, 715, P0, 0x0000000000000000
2026/09/18 20:58:06.819, 0, 79, 76.35, 100, 14059, 1025, 715, P0, 0x0000000000000000
2026/09/18 20:58:06.822, 1, 79, 151.00, 100, 13169, 1252, 715, P0, 0x0000000000000020
2026/09/18 20:58:07.830, 0, 79, 108.48, 100, 14059, 936, 715, P0, 0x0000000000000020
2026/09/18 20:58:07.840, 1, 77, 56.08, 0, 13169, 1316, 715, P0, 0x0000000000000000
2026/09/18 20:58:08.848, 0, 79, 108.53, 100, 14059, 936, 715, P0, 0x0000000000000020
2026/09/18 20:58:08.859, 1, 80, 151.94, 100, 13169, 1328, 715, P0, 0x0000000000000000
2026/09/18 20:58:09.876, 0, 79, 113.74, 100, 14059, 1063, 715, P0, 0x0000000000000020
2026/09/18 20:58:09.879, 1, 78, 49.81, 100, 13169, 1189, 715, P0, 0x0000000000000000
2026/09/18 20:58:10.891, 0, 79, 94.43, 100, 14059, 746, 715, P0, 0x0000000000000020
2026/09/18 20:58:10.901, 1, 76, 48.92, 0, 13169, 1189, 715, P0, 0x0000000000000000
2026/09/18 20:58:11.920, 0, 79, 92.39, 100, 14059, 721, 715, P0, 0x0000000000000020
2026/09/18 20:58:11.923, 1, 79, 196.51, 100, 13169, 1328, 715, P0, 0x0000000000000000
2026/09/18 20:58:12.934, 0, 79, 94.39, 100, 14059, 746, 715, P0, 0x0000000000000020
2026/09/18 20:58:12.941, 1, 79, 65.26, 100, 13169, 1189, 715, P0, 0x0000000000000000
2026/09/18 20:58:13.948, 0, 79, 95.37, 100, 14059, 746, 715, P0, 0x0000000000000020
2026/09/18 20:58:13.961, 1, 77, 53.24, 0, 13169, 1278, 715, P0, 0x0000000000000000
2026/09/18 20:58:14.974, 0, 79, 94.89, 100, 14059, 759, 715, P0, 0x0000000000000020
2026/09/18 20:58:14.980, 1, 76, 52.76, 0, 13169, 1278, 715, P0, 0x0000000000000000
2026/09/18 20:58:15.988, 0, 79, 99.58, 100, 14059, 999, 715, P0, 0x0000000000000000
2026/09/18 20:58:15.998, 1, 80, 175.00, 100, 13169, 1278, 715, P0, 0x0000000000000020
2026/09/18 20:58:17.020, 0, 79, 99.01, 100, 14059, 810, 715, P0, 0x0000000000000020
2026/09/18 20:58:17.023, 1, 77, 49.37, 0, 13169, 1189, 715, P0, 0x0000000000000000
2026/09/18 20:58:18.036, 0, 79, 99.01, 100, 14059, 810, 715, P0, 0x0000000000000000
2026/09/18 20:58:18.039, 1, 76, 48.68, 0, 13169, 1189, 715, P0, 0x0000000000000000
2026/09/18 20:58:19.049, 0, 79, 98.40, 100, 14059, 797, 715, P0, 0x0000000000000020
2026/09/18 20:58:19.059, 1, 79, 173.12, 100, 13169, 1328, 715, P0, 0x0000000000000000
2026/09/18 20:58:20.080, 0, 79, 95.62, 100, 14059, 1075, 715, P0, 0x0000000000000000
2026/09/18 20:58:20.083, 1, 78, 50.58, 32, 13169, 1189, 715, P0, 0x0000000000000000
2026/09/18 20:58:21.099, 0, 79, 107.37, 100, 14059, 885, 715, P0, 0x0000000000000020
2026/09/18 20:58:21.102, 1, 76, 48.64, 0, 13169, 1189, 715, P0, 0x0000000000000000
2026/09/18 20:58:22.113, 0, 79, 102.15, 100, 14059, 860, 715, P0, 0x0000000000000020
2026/09/18 20:58:22.118, 1, 79, 195.68, 100, 13169, 1328, 715, P0, 0x0000000000000000
2026/09/18 20:58:23.137, 0, 79, 103.98, 100, 14059, 873, 715, P0, 0x0000000000000020
2026/09/18 20:58:23.140, 1, 79, 56.09, 100, 13169, 1278, 715, P0, 0x0000000000000000
2026/09/18 20:58:24.151, 0, 79, 107.00, 100, 14059, 1050, 715, P0, 0x0000000000000000
2026/09/18 20:58:24.158, 1, 77, 55.13, 0, 13169, 1316, 715, P0, 0x0000000000000000
2026/09/18 20:58:25.165, 0, 79, 102.62, 100, 14059, 860, 715, P0, 0x0000000000000020
2026/09/18 20:58:25.168, 1, 79, 196.59, 100, 13169, 1328, 715, P0, 0x0000000000000000
2026/09/18 20:58:26.181, 0, 79, 104.19, 100, 14059, 873, 715, P0, 0x0000000000000000
2026/09/18 20:58:26.184, 1, 79, 156.97, 100, 13169, 1252, 715, P0, 0x0000000000000020
2026/09/18 20:58:27.207, 0, 79, 95.87, 100, 14059, 1025, 715, P0, 0x0000000000000000
2026/09/18 20:58:27.218, 1, 77, 52.03, 0, 13169, 1252, 715, P0, 0x0000000000000000
2026/09/18 20:58:28.236, 0, 79, 102.39, 100, 14059, 860, 715, P0, 0x0000000000000020
2026/09/18 20:58:28.239, 1, 79, 200.16, 100, 13169, 1328, 715, P0, 0x0000000000000000
2026/09/18 20:58:29.252, 0, 79, 104.55, 100, 14059, 860, 715, P0, 0x0000000000000020
2026/09/18 20:58:29.260, 1, 79, 127.34, 100, 13169, 1164, 715, P0, 0x0000000000000020
2026/09/18 20:58:30.284, 0, 79, 102.09, 100, 14059, 1075, 715, P0, 0x0000000000000020
2026/09/18 20:58:30.288, 1, 77, 49.13, 0, 13169, 1189, 715, P0, 0x0000000000000000
2026/09/18 20:58:31.294, 0, 79, 102.63, 99, 14059, 860, 715, P0, 0x0000000000000020
2026/09/18 20:58:31.299, 1, 78, 192.92, 85, 13169, 1316, 715, P0, 0x0000000000000000
2026/09/18 20:58:32.306, 0, 79, 104.30, 100, 14059, 860, 715, P0, 0x0000000000000020
2026/09/18 20:58:32.321, 1, 79, 128.30, 100, 13169, 1139, 715, P0, 0x0000000000000020
2026/09/18 20:58:33.335, 0, 79, 104.48, 100, 14059, 885, 715, P0, 0x0000000000000020
2026/09/18 20:58:33.338, 1, 77, 49.14, 0, 13169, 1189, 715, P0, 0x0000000000000000
2026/09/18 20:58:34.350, 0, 79, 107.00, 99, 14059, 898, 715, P0, 0x0000000000000020
2026/09/18 20:58:34.360, 1, 77, 169.38, 100, 13169, 1316, 715, P0, 0x0000000000000000
2026/09/18 20:58:35.374, 0, 79, 103.56, 100, 14059, 873, 715, P0, 0x0000000000000020
2026/09/18 20:58:35.378, 1, 80, 150.39, 100, 13169, 1278, 715, P0, 0x0000000000000000
2026/09/18 20:58:36.389, 0, 79, 104.47, 100, 14059, 885, 715, P0, 0x0000000000000000
2026/09/18 20:58:36.397, 1, 77, 54.88, 0, 13169, 1303, 715, P0, 0x0000000000000000
2026/09/18 20:58:37.403, 0, 79, 101.31, 99, 14059, 987, 715, P0, 0x0000000000000020
2026/09/18 20:58:37.406, 1, 77, 170.50, 34, 13169, 1303, 715, P0, 0x0000000000000000
2026/09/18 20:58:38.418, 0, 79, 102.03, 100, 14059, 860, 715, P0, 0x0000000000000020
2026/09/18 20:58:38.421, 1, 80, 161.65, 100, 13169, 1227, 715, P0, 0x0000000000000020
2026/09/18 20:58:39.435, 0, 79, 103.52, 100, 14059, 873, 715, P0, 0x0000000000000020
2026/09/18 20:58:39.438, 1, 77, 50.09, 0, 13169, 1202, 715, P0, 0x0000000000000000
2026/09/18 20:58:40.446, 0, 79, 68.34, 100, 14059, 1050, 715, P0, 0x0000000000000000
2026/09/18 20:58:40.455, 1, 76, 49.19, 0, 13169, 1202, 715, P0, 0x0000000000000000
2026/09/18 20:58:41.461, 0, 79, 107.45, 100, 14059, 898, 715, P0, 0x0000000000000020
2026/09/18 20:58:41.464, 1, 80, 175.84, 100, 13169, 1227, 715, P0, 0x0000000000000020
2026/09/18 20:58:42.479, 0, 79, 103.52, 100, 14059, 873, 715, P0, 0x0000000000000020
2026/09/18 20:58:42.482, 1, 77, 49.37, 0, 13169, 1189, 715, P0, 0x0000000000000000
2026/09/18 20:58:43.494, 0, 79, 103.52, 100, 14059, 873, 715, P0, 0x0000000000000020
2026/09/18 20:58:43.497, 1, 76, 48.64, 0, 13169, 1189, 715, P0, 0x0000000000000000
2026/09/18 20:58:44.508, 0, 79, 109.16, 100, 14059, 1012, 715, P0, 0x0000000000000020
2026/09/18 20:58:44.519, 1, 80, 165.08, 100, 13169, 1252, 715, P0, 0x0000000000000020
2026/09/18 20:58:45.534, 0, 79, 103.03, 100, 14059, 860, 715, P0, 0x0000000000000020
2026/09/18 20:58:45.539, 1, 77, 52.76, 0, 13169, 1252, 715, P0, 0x0000000000000000
2026/09/18 20:58:46.549, 0, 79, 103.51, 100, 14059, 873, 715, P0, 0x0000000000000020
2026/09/18 20:58:46.559, 1, 76, 51.78, 0, 13169, 1252, 715, P0, 0x0000000000000000
2026/09/18 20:58:47.575, 0, 79, 111.81, 100, 14059, 1075, 715, P0, 0x0000000000000020
2026/09/18 20:58:47.578, 1, 80, 200.25, 100, 13169, 1328, 715, P0, 0x0000000000000000
2026/09/18 20:58:48.586, 0, 79, 109.95, 100, 14059, 923, 715, P0, 0x0000000000000020
2026/09/18 20:58:48.589, 1, 77, 49.85, 0, 13169, 1189, 715, P0, 0x0000000000000000
2026/09/18 20:58:49.601, 0, 79, 109.06, 100, 14059, 949, 715, P0, 0x0000000000000020
2026/09/18 20:58:49.604, 1, 76, 48.63, 0, 13169, 1189, 715, P0, 0x0000000000000000
2026/09/18 20:58:50.614, 0, 79, 74.39, 100, 14059, 1012, 715, P0, 0x0000000000000000
2026/09/18 20:58:50.618, 1, 79, 174.85, 100, 13169, 1328, 715, P0, 0x0000000000000000
2026/09/18 20:58:51.628, 0, 79, 109.94, 100, 14059, 949, 715, P0, 0x0000000000000020
2026/09/18 20:58:51.637, 1, 78, 53.68, 0, 13169, 1265, 715, P0, 0x0000000000000000
2026/09/18 20:58:52.656, 0, 79, 109.69, 100, 14059, 936, 715, P0, 0x0000000000000020
2026/09/18 20:58:52.660, 1, 76, 51.74, 0, 13169, 1265, 715, P0, 0x0000000000000000
2026/09/18 20:58:53.667, 0, 79, 115.94, 100, 14059, 1101, 715, P0, 0x0000000000000020
2026/09/18 20:58:53.675, 1, 80, 186.13, 100, 13169, 1328, 715, P0, 0x0000000000000000
2026/09/18 20:58:54.682, 0, 79, 108.27, 100, 14059, 936, 715, P0, 0x0000000000000020
2026/09/18 20:58:54.685, 1, 78, 50.09, 0, 13169, 1189, 715, P0, 0x0000000000000000
2026/09/18 20:58:55.699, 0, 79, 108.51, 100, 14059, 936, 715, P0, 0x0000000000000020
2026/09/18 20:58:55.702, 1, 76, 48.64, 0, 13169, 1189, 715, P0, 0x0000000000000000
2026/09/18 20:58:56.710, 0, 79, 108.24, 100, 14059, 1025, 715, P0, 0x0000000000000020
2026/09/18 20:58:56.718, 1, 80, 198.63, 100, 13169, 1328, 715, P0, 0x0000000000000000
2026/09/18 20:58:57.722, 0, 79, 108.50, 100, 14059, 936, 715, P0, 0x0000000000000020
2026/09/18 20:58:57.725, 1, 78, 54.16, 0, 13169, 1278, 715, P0, 0x0000000000000000
2026/09/18 20:58:58.735, 0, 79, 108.50, 100, 14059, 936, 715, P0, 0x0000000000000020
2026/09/18 20:58:58.738, 1, 76, 52.95, 0, 13169, 1278, 715, P0, 0x0000000000000000
2026/09/18 20:58:59.749, 0, 79, 109.54, 100, 14059, 1075, 715, P0, 0x0000000000000000
2026/09/18 20:58:59.756, 1, 79, 130.27, 100, 13169, 1126, 715, P0, 0x0000000000000020
2026/09/18 20:59:00.765, 0, 79, 108.50, 100, 14059, 936, 715, P0, 0x0000000000000020
2026/09/18 20:59:00.775, 1, 78, 52.26, 0, 13169, 1240, 715, P0, 0x0000000000000000
2026/09/18 20:59:01.794, 0, 79, 109.23, 100, 14059, 949, 715, P0, 0x0000000000000020
2026/09/18 20:59:01.797, 1, 76, 51.04, 0, 13169, 1240, 715, P0, 0x0000000000000000
2026/09/18 20:59:02.813, 0, 79, 97.66, 100, 14059, 1063, 715, P0, 0x0000000000000000
2026/09/18 20:59:02.816, 1, 80, 137.01, 100, 13169, 1139, 715, P0, 0x0000000000000020
2026/09/18 20:59:03.825, 0, 79, 108.98, 100, 14059, 936, 715, P0, 0x0000000000000000
2026/09/18 20:59:03.834, 1, 77, 52.23, 0, 13169, 1240, 715, P0, 0x0000000000000000
2026/09/18 20:59:04.839, 0, 79, 108.26, 100, 14059, 936, 715, P0, 0x0000000000000020
2026/09/18 20:59:04.842, 1, 76, 51.04, 0, 13169, 1240, 715, P0, 0x0000000000000000
2026/09/18 20:59:05.851, 0, 79, 113.74, 100, 14059, 1063, 715, P0, 0x0000000000000000
2026/09/18 20:59:05.856, 1, 79, 145.37, 100, 13169, 1189, 715, P0, 0x0000000000000020
2026/09/18 20:59:06.863, 0, 79, 108.50, 100, 14059, 936, 715, P0, 0x0000000000000020
2026/09/18 20:59:06.875, 1, 77, 52.95, 0, 13169, 1252, 715, P0, 0x0000000000000000
2026/09/18 20:59:07.880, 0, 79, 108.98, 100, 14059, 949, 715, P0, 0x0000000000000000
2026/09/18 20:59:07.883, 1, 76, 51.74, 0, 13169, 1252, 715, P0, 0x0000000000000000
2026/09/18 20:59:08.891, 0, 79, 118.68, 100, 14059, 1025, 715, P0, 0x0000000000000020
2026/09/18 20:59:08.897, 1, 80, 183.96, 100, 13169, 1303, 715, P0, 0x0000000000000000
2026/09/18 20:59:09.903, 0, 79, 108.75, 100, 14059, 936, 715, P0, 0x0000000000000020
2026/09/18 20:59:09.906, 1, 77, 52.23, 0, 13169, 1252, 715, P0, 0x0000000000000000
2026/09/18 20:59:10.919, 0, 79, 108.75, 100, 14059, 949, 715, P0, 0x0000000000000020
2026/09/18 20:59:10.922, 1, 76, 51.02, 0, 13169, 1252, 715, P0, 0x0000000000000000
2026/09/18 20:59:11.932, 0, 79, 113.73, 100, 14059, 936, 715, P0, 0x0000000000000020
2026/09/18 20:59:11.938, 1, 79, 144.26, 100, 13169, 1177, 715, P0, 0x0000000000000020
2026/09/18 20:59:12.945, 0, 79, 108.50, 100, 14059, 936, 715, P0, 0x0000000000000020
2026/09/18 20:59:12.954, 1, 77, 52.26, 0, 13169, 1252, 715, P0, 0x0000000000000000
2026/09/18 20:59:13.960, 0, 80, 109.23, 100, 14059, 936, 715, P0, 0x0000000000000020
2026/09/18 20:59:13.963, 1, 76, 51.02, 0, 13169, 1252, 715, P0, 0x0000000000000000
2026/09/18 20:59:14.977, 0, 79, 112.77, 100, 14059, 936, 715, P0, 0x0000000000000020
2026/09/18 20:59:14.980, 1, 79, 145.22, 100, 13169, 1189, 715, P0, 0x0000000000000000
2026/09/18 20:59:15.995, 0, 79, 94.18, 100, 14059, 746, 715, P0, 0x0000000000000020
2026/09/18 20:59:15.999, 1, 77, 52.04, 0, 13169, 1240, 715, P0, 0x0000000000000000
2026/09/18 20:59:17.015, 0, 79, 95.38, 100, 14059, 759, 715, P0, 0x0000000000000020
2026/09/18 20:59:17.019, 1, 76, 51.06, 0, 13169, 1240, 715, P0, 0x0000000000000000
2026/09/18 20:59:18.024, 0, 79, 94.17, 100, 14059, 734, 715, P0, 0x0000000000000020
2026/09/18 20:59:18.036, 1, 80, 153.51, 100, 13169, 1328, 715, P0, 0x0000000000000000
2026/09/18 20:59:19.042, 0, 79, 95.38, 100, 14059, 759, 715, P0, 0x0000000000000020
2026/09/18 20:59:19.045, 1, 78, 53.24, 84, 13169, 1240, 715, P0, 0x0000000000000000
2026/09/18 20:59:20.054, 0, 79, 98.75, 100, 14059, 797, 715, P0, 0x0000000000000020
2026/09/18 20:59:20.057, 1, 77, 51.31, 0, 13169, 1240, 715, P0, 0x0000000000000000
2026/09/18 20:59:21.070, 0, 79, 101.42, 100, 14059, 1012, 715, P0, 0x0000000000000020
2026/09/18 20:59:21.075, 1, 76, 148.85, 0, 13169, 1240, 715, P0, 0x0000000000000000
2026/09/18 20:59:22.082, 0, 79, 104.32, 100, 14059, 847, 715, P0, 0x0000000000000020
2026/09/18 20:59:22.084, 1, 79, 129.25, 100, 13169, 1113, 715, P0, 0x0000000000000020
2026/09/18 20:59:23.095, 0, 79, 100.13, 100, 14059, 835, 715, P0, 0x0000000000000020
2026/09/18 20:59:23.098, 1, 77, 55.61, 0, 13169, 1316, 715, P0, 0x0000000000000000
2026/09/18 20:59:24.103, 0, 79, 100.13, 100, 14059, 822, 715, P0, 0x0000000000000020
2026/09/18 20:59:24.114, 1, 76, 54.89, 0, 13169, 1316, 715, P0, 0x0000000000000000
2026/09/18 20:59:25.133, 0, 79, 98.18, 100, 14059, 797, 715, P0, 0x0000000000000020
2026/09/18 20:59:25.136, 1, 79, 167.78, 100, 13169, 1328, 715, P0, 0x0000000000000000
2026/09/18 20:59:26.148, 0, 79, 90.31, 100, 14059, 1037, 715, P0, 0x0000000000000000
2026/09/18 20:59:26.154, 1, 78, 56.59, 43, 13169, 1316, 715, P0, 0x0000000000000000
2026/09/18 20:59:27.161, 0, 79, 96.58, 100, 14059, 936, 715, P0, 0x0000000000000020
2026/09/18 20:59:27.164, 1, 76, 54.93, 0, 13169, 1316, 715, P0, 0x0000000000000000
2026/09/18 20:59:28.177, 0, 79, 98.86, 100, 14059, 810, 715, P0, 0x0000000000000020
2026/09/18 20:59:28.180, 1, 79, 196.73, 100, 13169, 1328, 715, P0, 0x0000000000000000
2026/09/18 20:59:29.190, 0, 79, 97.88, 100, 14059, 797, 715, P0, 0x0000000000000020
2026/09/18 20:59:29.196, 1, 80, 132.54, 100, 13169, 1126, 715, P0, 0x0000000000000020
2026/09/18 20:59:30.207, 0, 79, 100.16, 100, 14059, 810, 715, P0, 0x0000000000000020
2026/09/18 20:59:30.217, 1, 77, 48.89, 0, 13169, 1189, 715, P0, 0x0000000000000000
2026/09/18 20:59:31.236, 0, 79, 100.21, 100, 14059, 822, 715, P0, 0x0000000000000000
2026/09/18 20:59:31.239, 1, 76, 48.43, 0, 13169, 1189, 715, P0, 0x0000000000000000
2026/09/18 20:59:32.247, 0, 79, 102.04, 100, 14059, 1012, 715, P0, 0x0000000000000000
2026/09/18 20:59:32.255, 1, 80, 203.72, 100, 13169, 1290, 715, P0, 0x0000000000000020
2026/09/18 20:59:33.278, 0, 79, 100.61, 100, 14059, 822, 715, P0, 0x0000000000000020
2026/09/18 20:59:33.281, 1, 77, 56.10, 0, 13169, 1316, 715, P0, 0x0000000000000000
2026/09/18 20:59:34.287, 0, 79, 100.36, 100, 14059, 810, 715, P0, 0x0000000000000020
2026/09/18 20:59:34.295, 1, 76, 55.13, 0, 13169, 1316, 715, P0, 0x0000000000000000
2026/09/18 20:59:35.311, 0, 77, 54.15, 0, 14059, 1316, 715, P0, 0x0000000000000000
2026/09/18 20:59:35.314, 1, 79, 140.05, 100, 13169, 1328, 715, P0, 0x0000000000000000
2026/09/18 20:59:36.325, 0, 78, 92.75, 0, 14059, 1278, 715, P0, 0x0000000000000000
2026/09/18 20:59:36.329, 1, 79, 127.85, 91, 13169, 1252, 715, P0, 0x0000000000000000
2026/09/18 20:59:37.350, 0, 79, 94.54, 62, 14059, 1328, 715, P0, 0x0000000000000000
2026/09/18 20:59:37.353, 1, 78, 159.84, 42, 13169, 1328, 715, P0, 0x0000000000000000
2026/09/18 20:59:38.372, 0, 79, 83.05, 61, 14059, 1328, 715, P0, 0x0000000000000000
2026/09/18 20:59:38.375, 1, 78, 115.79, 44, 13169, 1328, 715, P0, 0x0000000000000000
2026/09/18 20:59:39.393, 0, 79, 158.50, 61, 14059, 1328, 715, P0, 0x0000000000000000
2026/09/18 20:59:39.395, 1, 78, 74.56, 45, 13169, 1328, 715, P0, 0x0000000000000000
2026/09/18 20:59:40.401, 0, 79, 118.46, 62, 14059, 1303, 715, P0, 0x0000000000000000
2026/09/18 20:59:40.404, 1, 78, 87.54, 46, 13169, 1328, 715, P0, 0x0000000000000000
2026/09/18 20:59:41.408, 0, 79, 69.14, 55, 14059, 1303, 715, P0, 0x0000000000000000
2026/09/18 20:59:41.411, 1, 78, 142.09, 34, 13169, 1328, 715, P0, 0x0000000000000000
2026/09/18 20:59:42.433, 0, 79, 79.06, 49, 14059, 1278, 715, P0, 0x0000000000000000
2026/09/18 20:59:42.436, 1, 78, 116.49, 34, 13169, 1328, 715, P0, 0x0000000000000000
2026/09/18 20:59:43.454, 0, 79, 107.00, 51, 14059, 1278, 715, P0, 0x0000000000000000
2026/09/18 20:59:43.460, 1, 78, 91.64, 37, 13169, 1328, 715, P0, 0x0000000000000000
2026/09/18 20:59:44.477, 0, 79, 104.16, 62, 14059, 1278, 715, P0, 0x0000000000000000
2026/09/18 20:59:44.480, 1, 78, 98.09, 45, 13169, 1328, 715, P0, 0x0000000000000000
2026/09/18 20:59:45.485, 0, 79, 66.02, 62, 14059, 1265, 715, P0, 0x0000000000000000
2026/09/18 20:59:45.488, 1, 78, 148.31, 44, 13169, 1328, 715, P0, 0x0000000000000000
2026/09/18 20:59:46.494, 0, 78, 55.03, 0, 289, 1328, 715, P0, 0x0000000000000000
2026/09/18 20:59:46.497, 1, 77, 57.90, 0, 289, 1328, 715, P0, 0x0000000000000000
2026/09/18 20:59:47.502, 0, 77, 54.79, 0, 289, 1328, 715, P0, 0x0000000000000000
2026/09/18 20:59:47.505, 1, 76, 57.66, 0, 289, 1328, 715, P0, 0x0000000000000000
