timestamp,index,temperature.gpu,power.draw,utilization.gpu,memory.used,clocks.current.graphics,clocks.current.memory,pstate,clocks_event_reasons.active
2026/09/17 07:34:53.226, 0, 71, 52.16, 0, 13424, 1328, 715, P0, 0x0000000000000000
2026/09/17 07:34:53.229, 1, 72, 53.10, 0, 12488, 1328, 715, P0, 0x0000000000000000
2026/09/17 07:34:54.237, 0, 76, 234.78, 100, 13600, 1328, 715, P0, 0x0000000000000000
2026/09/17 07:34:54.240, 1, 74, 210.73, 88, 12664, 1328, 715, P0, 0x0000000000000000
2026/09/17 07:34:55.246, 0, 77, 207.93, 99, 13600, 1328, 715, P0, 0x0000000000000000
2026/09/17 07:34:55.276, 1, 76, 194.70, 47, 12664, 1328, 715, P0, 0x0000000000000000
2026/09/17 07:34:56.291, 0, 78, 215.60, 98, 13600, 1328, 715, P0, 0x0000000000000000
2026/09/17 07:34:56.295, 1, 77, 192.33, 96, 12664, 1328, 715, P0, 0x0000000000000000
2026/09/17 07:34:57.304, 0, 75, 56.20, 0, 13600, 1328, 715, P0, 0x0000000000000000
2026/09/17 07:34:57.307, 1, 77, 196.73, 99, 12664, 1328, 715, P0, 0x0000000000000000
2026/09/17 07:34:58.315, 0, 75, 154.17, 48, 13600, 1328, 715, P0, 0x0000000000000000
2026/09/17 07:34:58.318, 1, 76, 95.08, 49, 12664, 1328, 715, P0, 0x0000000000000000
2026/09/17 07:34:59.328, 0, 75, 159.85, 48, 13600, 1328, 715, P0, 0x0000000000000000
2026/09/17 07:34:59.333, 1, 75, 104.56, 46, 12664, 1328, 715, P0, 0x0000000000000000
2026/09/17 07:35:00.346, 0, 75, 159.13, 46, 13600, 1328, 715, P0, 0x0000000000000000
2026/09/17 07:35:00.349, 1, 75, 92.62, 50, 12664, 1328, 715, P0, 0x0000000000000000
2026/09/17 07:35:01.359, 0, 77, 212.43, 100, 13600, 1328, 715, P0, 0x0000000000000000
2026/09/17 07:35:01.362, 1, 74, 56.76, 1, 12664, 1328, 715, P0, 0x0000000000000000
2026/09/17 07:35:02.371, 0, 79, 210.99, 99, 13600, 1328, 715, P0, 0x0000000000000000
2026/09/17 07:35:02.373, 1, 77, 228.04, 78, 12664, 1328, 715, P0, 0x0000000000000000
2026/09/17 07:35:03.385, 0, 79, 164.31, 100, 13600, 1278, 715, P0, 0x0000000000000000
2026/09/17 07:35:03.391, 1, 76, 155.76, 70, 12664, 1328, 715, P0, 0x0000000000000000
2026/09/17 07:35:04.400, 0, 79, 171.90, 100, 13600, 1303, 715, P0, 0x0000000000000000
2026/09/17 07:35:04.403, 1, 78, 208.08, 100, 12664, 1328, 715, P0, 0x0000000000000000
2026/09/17 07:35:05.416, 0, 79, 171.51, 100, 13600, 1278, 715, P0, 0x0000000000000000
2026/09/17 07:35:05.419, 1, 78, 213.60, 26, 12664, 1328, 715, P0, 0x0000000000000000
2026/09/17 07:35:06.430, 0, 80, 183.10, 100, 13600, 1303, 715, P0, 0x0000000000000000
2026/09/17 07:35:06.433, 1, 79, 202.63, 100, 12664, 1328, 715, P0, 0x0000000000000000
2026/09/17 07:35:07.443, 0, 79, 149.70, 100, 13600, 1215, 715, P0, 0x0000000000000000
2026/09/17 07:35:07.445, 1, 77, 160.44, 65, 12664, 1328, 715, P0, 0x0000000000000000
2026/09/17 07:35:08.456, 0, 79, 165.31, 99, 13600, 1227, 715, P0, 0x0000000000000000
2026/09/17 07:35:08.461, 1, 79, 214.58, 92, 12664, 1328, 715, P0, 0x0000000000000000
2026/09/17 07:35:09.470, 0, 79, 165.91, 100, 13600, 1227, 715, P0, 0x0000000000000020
2026/09/17 07:35:09.473, 1, 80, 175.36, 100, 12664, 1265, 715, P0, 0x0000000000000020
2026/09/17 07:35:10.487, 0, 79, 138.21, 100, 13600, 1164, 715, P0, 0x0000000000000020
2026/09/17 07:35:10.490, 1, 78, 58.38, 100, 12664, 1328, 715, P0, 0x0000000000000000
2026/09/17 07:35:11.498, 0, 79, 139.40, 99, 13600, 1164, 715, P0, 0x0000000000000020
2026/09/17 07:35:11.501, 1, 78, 196.75, 18, 12664, 1328, 715, P0, 0x0000000000000000
2026/09/17 07:35:12.526, 0, 79, 145.07, 100, 13600, 1139, 715, P0, 0x0000000000000020
2026/09/17 07:35:12.530, 1, 79, 212.88, 100, 12664, 1328, 715, P0, 0x0000000000000000
2026/09/17 07:35:13.537, 0, 79, 156.05, 100, 13600, 1164, 715, P0, 0x0000000000000000
2026/09/17 07:35:13.540, 1, 79, 200.28, 100, 12664, 1328, 715, P0, 0x0000000000000000
2026/09/17 07:35:14.549, 0, 79, 132.66, 100, 13600, 1151, 715, P0, 0x0000000000000000
2026/09/17 07:35:14.553, 1, 78, 122.80, 100, 12664, 1012, 715, P0, 0x0000000000000020
2026/09/17 07:35:15.565, 0, 79, 148.78, 100, 13600, 1177, 715, P0, 0x0000000000000000
2026/09/17 07:35:15.570, 1, 78, 146.55, 100, 12664, 1139, 715, P0, 0x0000000000000020
2026/09/17 07:35:16.592, 0, 79, 147.11, 100, 13600, 1164, 715, P0, 0x0000000000000000
2026/09/17 07:35:16.596, 1, 78, 150.15, 100, 12664, 1227, 715, P0, 0x0000000000000000
2026/09/17 07:35:17.607, 0, 79, 134.73, 100, 13600, 1151, 715, P0, 0x0000000000000000
2026/09/17 07:35:17.612, 1, 79, 163.86, 100, 12664, 1278, 715, P0, 0x0000000000000000
2026/09/17 07:35:18.624, 0, 79, 134.34, 100, 13600, 1164, 715, P0, 0x0000000000000000
2026/09/17 07:35:18.631, 1, 79, 187.78, 100, 12664, 1316, 715, P0, 0x0000000000000020
2026/09/17 07:35:19.655, 0, 79, 134.84, 100, 13600, 1177, 715, P0, 0x0000000000000020
2026/09/17 07:35:19.658, 1, 80, 188.53, 100, 12664, 1316, 715, P0, 0x0000000000000000
2026/09/17 07:35:20.669, 0, 77, 51.95, 0, 13600, 1252, 715, P0, 0x0000000000000000
2026/09/17 07:35:20.672, 1, 79, 159.73, 100, 12664, 1252, 715, P0, 0x0000000000000000
2026/09/17 07:35:21.680, 0, 78, 93.75, 46, 13600, 1328, 715, P0, 0x0000000000000000
2026/09/17 07:35:21.686, 1, 79, 149.80, 50, 12664, 1328, 715, P0, 0x0000000000000000
2026/09/17 07:35:22.694, 0, 78, 166.46, 50, 13600, 1328, 715, P0, 0x0000000000000000
2026/09/17 07:35:22.697, 1, 78, 122.96, 46, 12664, 1328, 715, P0, 0x0000000000000000
2026/09/17 07:35:23.705, 0, 79, 113.09, 49, 13600, 1328, 715, P0, 0x0000000000000000
2026/09/17 07:35:23.709, 1, 78, 127.25, 48, 12664, 1328, 715, P0, 0x0000000000000000
2026/09/17 07:35:24.716, 0, 79, 142.24, 46, 13600, 1328, 715, P0, 0x0000000000000000
2026/09/17 07:35:24.720, 1, 78, 140.94, 50, 12664, 1328, 715, P0, 0x0000000000000000
2026/09/17 07:35:25.725, 0, 80, 181.58, 100, 13600, 1316, 715, P0, 0x0000000000000020
2026/09/17 07:35:25.728, 1, 77, 58.25, 0, 12664, 1328, 715, P0, 0x0000000000000000
2026/09/17 07:35:26.742, 0, 79, 115.38, 100, 13600, 1088, 715, P0, 0x0000000000000000
2026/09/17 07:35:26.750, 1, 79, 200.82, 100, 12664, 1328, 715, P0, 0x0000000000000000
2026/09/17 07:35:27.761, 0, 79, 140.57, 100, 13600, 1075, 715, P0, 0x0000000000000020
2026/09/17 07:35:27.770, 1, 79, 184.58, 100, 12664, 1328, 715, P0, 0x0000000000000000
2026/09/17 07:35:28.777, 0, 79, 139.82, 99, 13600, 1101, 715, P0, 0x0000000000000020
2026/09/17 07:35:28.782, 1, 78, 149.30, 99, 12664, 1227, 715, P0, 0x0000000000000000
2026/09/17 07:35:29.807, 0, 79, 139.94, 100, 13600, 1075, 715, P0, 0x0000000000000020
2026/09/17 07:35:29.811, 1, 78, 162.23, 5, 12664, 1240, 715, P0, 0x0000000000000000
2026/09/17 07:35:30.821, 0, 79, 113.55, 100, 13600, 1101, 715, P0, 0x0000000000000020
2026/09/17 07:35:30.829, 1, 78, 53.43, 26, 12664, 1252, 715, P0, 0x0000000000000000
2026/09/17 07:35:31.835, 0, 79, 144.17, 100, 13600, 1126, 715, P0, 0x0000000000000000
2026/09/17 07:35:31.838, 1, 79, 88.81, 100, 12664, 1202, 715, P0, 0x0000000000000020
2026/09/17 07:35:32.847, 0, 79, 121.80, 100, 13600, 1075, 715, P0, 0x0000000000000020
2026/09/17 07:35:32.849, 1, 79, 153.49, 100, 12664, 1252, 715, P0, 0x0000000000000020
2026/09/17 07:35:33.858, 0, 79, 124.56, 100, 13600, 1075, 715, P0, 0x0000000000000020
2026/09/17 07:35:33.862, 1, 79, 166.05, 100, 12664, 1290, 715, P0, 0x0000000000000000
2026/09/17 07:35:34.874, 0, 79, 136.33, 99, 13600, 1075, 715, P0, 0x0000000000000020
2026/09/17 07:35:34.876, 1, 79, 144.21, 100, 12664, 1202, 715, P0, 0x0000000000000000
2026/09/17 07:35:35.888, 0, 79, 130.58, 99, 13600, 1101, 715, P0, 0x0000000000000020
2026/09/17 07:35:35.894, 1, 78, 181.26, 0, 12664, 1265, 715, P0, 0x0000000000000020
2026/09/17 07:35:36.902, 0, 79, 118.29, 100, 13600, 1088, 715, P0, 0x0000000000000000
2026/09/17 07:35:36.913, 1, 78, 53.43, 100, 12664, 1240, 715, P0, 0x0000000000000000
2026/09/17 07:35:37.919, 0, 79, 119.70, 100, 13600, 1101, 715, P0, 0x0000000000000020
2026/09/17 07:35:37.922, 1, 79, 158.30, 100, 12664, 1189, 715, P0, 0x0000000000000020
2026/09/17 07:35:38.936, 0, 79, 136.81, 100, 13600, 1101, 715, P0, 0x0000000000000020
2026/09/17 07:35:38.939, 1, 79, 137.05, 100, 12664, 1189, 715, P0, 0x0000000000000000
2026/09/17 07:35:39.950, 0, 79, 130.33, 100, 13600, 1113, 715, P0, 0x0000000000000000
2026/09/17 07:35:39.952, 1, 79, 153.34, 41, 12664, 1240, 715, P0, 0x0000000000000000
2026/09/17 07:35:40.966, 0, 79, 123.98, 100, 13600, 1113, 715, P0, 0x0000000000000000
2026/09/17 07:35:40.971, 1, 78, 55.78, 0, 12664, 1303, 715, P0, 0x0000000000000000
2026/09/17 07:35:41.981, 0, 79, 121.38, 100, 13600, 1101, 715, P0, 0x0000000000000020
2026/09/17 07:35:41.990, 1, 79, 163.22, 100, 12664, 1202, 715, P0, 0x0000000000000000
2026/09/17 07:35:42.996, 0, 79, 123.61, 100, 13600, 1101, 715, P0, 0x0000000000000000
2026/09/17 07:35:42.999, 1, 79, 159.60, 100, 12664, 1240, 715, P0, 0x0000000000000000
2026/09/17 07:35:44.009, 0, 79, 141.73, 99, 13600, 1113, 715, P0, 0x0000000000000000
2026/09/17 07:35:44.011, 1, 79, 153.47, 100, 12664, 1252, 715, P0, 0x0000000000000000
2026/09/17 07:35:45.025, 0, 79, 122.39, 100, 13600, 1101, 715, P0, 0x0000000000000020
2026/09/17 07:35:45.028, 1, 78, 50.32, 20, 12664, 1189, 715, P0, 0x0000000000000000
2026/09/17 07:35:46.038, 0, 79, 117.55, 100, 13600, 1088, 715, P0, 0x0000000000000000
2026/09/17 07:35:46.041, 1, 79, 154.87, 100, 12664, 1202, 715, P0, 0x0000000000000000
2026/09/17 07:35:47.054, 0, 80, 138.15, 100, 13600, 1101, 715, P0, 0x0000000000000020
2026/09/17 07:35:47.058, 1, 79, 150.71, 100, 12664, 1240, 715, P0, 0x0000000000000000
2026/09/17 07:35:48.070, 0, 79, 141.64, 100, 13600, 1101, 715, P0, 0x0000000000000020
2026/09/17 07:35:48.074, 1, 78, 149.06, 7, 12664, 1189, 715, P0, 0x0000000000000020
2026/09/17 07:35:49.084, 0, 79, 139.98, 100, 13600, 1088, 715, P0, 0x0000000000000020
2026/09/17 07:35:49.092, 1, 79, 148.63, 100, 12664, 1139, 715, P0, 0x0000000000000020
2026/09/17 07:35:50.115, 0, 80, 140.34, 100, 13600, 1126, 715, P0, 0x0000000000000000
2026/09/17 07:35:50.118, 1, 79, 130.51, 100, 12664, 1189, 715, P0, 0x0000000000000000
2026/09/17 07:35:51.129, 0, 79, 111.43, 99, 13600, 974, 715, P0, 0x0000000000000000
2026/09/17 07:35:51.133, 1, 79, 151.74, 33, 12664, 1252, 715, P0, 0x0000000000000000
2026/09/17 07:35:52.147, 0, 79, 105.68, 100, 13600, 949, 715, P0, 0x0000000000000000
2026/09/17 07:35:52.154, 1, 79, 52.04, 100, 12664, 1189, 715, P0, 0x0000000000000000
2026/09/17 07:35:53.164, 0, 79, 110.90, 100, 13600, 1025, 715, P0, 0x0000000000000000
2026/09/17 07:35:53.173, 1, 79, 149.68, 100, 12664, 1189, 715, P0, 0x0000000000000020
2026/09/17 07:35:54.181, 0, 79, 106.40, 100, 13600, 936, 715, P0, 0x0000000000000020
2026/09/17 07:35:54.184, 1, 78, 55.40, 0, 12664, 1303, 715, P0, 0x0000000000000000
2026/09/17 07:35:55.196, 0, 79, 104.81, 100, 13600, 961, 715, P0, 0x0000000000000000
2026/09/17 07:35:55.201, 1, 79, 149.98, 100, 12664, 1189, 715, P0, 0x0000000000000000
2026/09/17 07:35:56.212, 0, 79, 103.57, 100, 13600, 961, 715, P0, 0x0000000000000000
2026/09/17 07:35:56.217, 1, 79, 146.07, 100, 12664, 1227, 715, P0, 0x0000000000000020
2026/09/17 07:35:57.225, 0, 79, 122.15, 100, 13600, 987, 715, P0, 0x0000000000000020
2026/09/17 07:35:57.237, 1, 79, 54.84, 73, 12664, 1290, 715, P0, 0x0000000000000000
2026/09/17 07:35:58.254, 0, 79, 111.51, 100, 13600, 885, 715, P0, 0x0000000000000020
2026/09/17 07:35:58.259, 1, 79, 145.97, 100, 12664, 1215, 715, P0, 0x0000000000000020
2026/09/17 07:35:59.268, 0, 79, 110.99, 100, 13600, 1037, 715, P0, 0x0000000000000020
2026/09/17 07:35:59.276, 1, 77, 49.65, 0, 12664, 1189, 715, P0, 0x0000000000000000
2026/09/17 07:36:00.284, 0, 79, 112.26, 100, 13600, 974, 715, P0, 0x0000000000000000
2026/09/17 07:36:00.298, 1, 79, 131.88, 100, 12664, 1151, 715, P0, 0x0000000000000020
2026/09/17 07:36:01.316, 0, 79, 110.55, 100, 13600, 1037, 715, P0, 0x0000000000000020
2026/09/17 07:36:01.319, 1, 79, 138.51, 100, 12664, 1177, 715, P0, 0x0000000000000000
2026/09/17 07:36:02.335, 0, 79, 128.85, 100, 13600, 1025, 715, P0, 0x0000000000000020
2026/09/17 07:36:02.339, 1, 78, 50.54, 100, 12664, 1189, 715, P0, 0x0000000000000000
2026/09/17 07:36:03.354, 0, 79, 112.37, 100, 13600, 1025, 715, P0, 0x0000000000000000
2026/09/17 07:36:03.358, 1, 79, 153.99, 100, 12664, 1240, 715, P0, 0x0000000000000000
2026/09/17 07:36:04.366, 0, 79, 110.30, 100, 13600, 1037, 715, P0, 0x0000000000000020
2026/09/17 07:36:04.377, 1, 77, 136.09, 0, 12664, 1189, 715, P0, 0x0000000000000000
2026/09/17 07:36:05.397, 0, 79, 109.81, 100, 13600, 1025, 715, P0, 0x0000000000000020
2026/09/17 07:36:05.400, 1, 79, 148.83, 100, 12664, 1240, 715, P0, 0x0000000000000020
2026/09/17 07:36:06.417, 0, 79, 109.25, 100, 13600, 1037, 715, P0, 0x0000000000000000
2026/09/17 07:36:06.420, 1, 79, 153.28, 100, 12664, 1252, 715, P0, 0x0000000000000000
2026/09/17 07:36:07.432, 0, 79, 111.20, 100, 13600, 1037, 715, P0, 0x0000000000000020
2026/09/17 07:36:07.436, 1, 79, 55.15, 54, 12664, 1303, 715, P0, 0x0000000000000000
2026/09/17 07:36:08.444, 0, 79, 106.93, 100, 13600, 999, 715, P0, 0x0000000000000000
2026/09/17 07:36:08.447, 1, 79, 145.33, 100, 12664, 1227, 715, P0, 0x0000000000000000
2026/09/17 07:36:09.465, 0, 79, 111.89, 100, 13600, 1050, 715, P0, 0x0000000000000020
2026/09/17 07:36:09.468, 1, 77, 49.60, 0, 12664, 1189, 715, P0, 0x0000000000000000
2026/09/17 07:36:10.481, 0, 79, 117.40, 100, 13600, 1037, 715, P0, 0x0000000000000020
2026/09/17 07:36:10.484, 1, 79, 126.22, 100, 12664, 1126, 715, P0, 0x0000000000000020
2026/09/17 07:36:11.494, 0, 79, 123.10, 99, 13600, 1139, 715, P0, 0x0000000000000000
2026/09/17 07:36:11.497, 1, 79, 138.65, 75, 12664, 1177, 715, P0, 0x0000000000000000
2026/09/17 07:36:12.509, 0, 76, 51.48, 0, 13600, 1278, 715, P0, 0x0000000000000000
2026/09/17 07:36:12.514, 1, 79, 147.99, 100, 12664, 1215, 715, P0, 0x0000000000000020
2026/09/17 07:36:13.525, 0, 78, 141.22, 51, 13600, 1328, 715, P0, 0x0000000000000000
2026/09/17 07:36:13.527, 1, 79, 105.32, 47, 12664, 1328, 715, P0, 0x0000000000000000
2026/09/17 07:36:14.539, 0, 78, 179.34, 52, 13600, 1328, 715, P0, 0x0000000000000000
2026/09/17 07:36:14.542, 1, 78, 97.85, 45, 12664, 1328, 715, P0, 0x0000000000000000
2026/09/17 07:36:15.548, 0, 79, 173.99, 52, 13600, 1328, 715, P0, 0x0000000000000000
2026/09/17 07:36:15.552, 1, 79, 124.31, 44, 12664, 1328, 715, P0, 0x0000000000000000
2026/09/17 07:36:16.559, 0, 79, 146.78, 49, 13600, 1328, 715, P0, 0x0000000000000000
2026/09/17 07:36:16.561, 1, 79, 147.93, 45, 12664, 1328, 715, P0, 0x0000000000000000
2026/09/17 07:36:17.571, 0, 78, 59.63, 31, 13600, 1328, 715, P0, 0x0000000000000000
2026/09/17 07:36:17.574, 1, 78, 60.08, 46, 12664, 1328, 715, P0, 0x0000000000000000
2026/09/17 07:36:18.584, 0, 79, 107.35, 100, 13600, 974, 715, P0, 0x0000000000000000
2026/09/17 07:36:18.587, 1, 77, 58.26, 0, 12664, 1328, 715, P0, 0x0000000000000000
2026/09/17 07:36:19.599, 0, 79, 95.13, 100, 13600, 1012, 715, P0, 0x0000000000000000
2026/09/17 07:36:19.602, 1, 79, 171.57, 97, 12664, 1303, 715, P0, 0x0000000000000000
2026/09/17 07:36:20.617, 0, 79, 123.93, 100, 13600, 999, 715, P0, 0x0000000000000020
2026/09/17 07:36:20.620, 1, 79, 54.90, 80, 12664, 1278, 715, P0, 0x0000000000000020
2026/09/17 07:36:21.632, 0, 79, 110.06, 100, 13600, 1037, 715, P0, 0x0000000000000000
2026/09/17 07:36:21.639, 1, 79, 145.36, 100, 12664, 1189, 715, P0, 0x0000000000000020
2026/09/17 07:36:22.646, 0, 79, 105.13, 100, 13600, 1063, 715, P0, 0x0000000000000020
2026/09/17 07:36:22.650, 1, 78, 54.39, 45, 12664, 1316, 715, P0, 0x0000000000000020
2026/09/17 07:36:23.662, 0, 79, 114.68, 100, 13600, 1025, 715, P0, 0x0000000000000020
2026/09/17 07:36:23.665, 1, 80, 158.40, 100, 12664, 1265, 715, P0, 0x0000000000000000
2026/09/17 07:36:24.678, 0, 79, 110.96, 100, 13600, 1050, 715, P0, 0x0000000000000000
2026/09/17 07:36:24.682, 1, 78, 56.08, 0, 12664, 1316, 715, P0, 0x0000000000000000
2026/09/17 07:36:25.695, 0, 79, 121.31, 100, 13600, 1075, 715, P0, 0x0000000000000000
2026/09/17 07:36:25.699, 1, 79, 154.23, 100, 12664, 1177, 715, P0, 0x0000000000000020
2026/09/17 07:36:26.718, 0, 79, 114.29, 99, 13600, 1075, 715, P0, 0x0000000000000000
2026/09/17 07:36:26.721, 1, 77, 154.18, 0, 12664, 1290, 715, P0, 0x0000000000000000
2026/09/17 07:36:27.734, 0, 79, 121.63, 100, 13600, 1075, 715, P0, 0x0000000000000020
2026/09/17 07:36:27.739, 1, 79, 147.32, 100, 12664, 1151, 715, P0, 0x0000000000000020
2026/09/17 07:36:28.746, 0, 79, 108.74, 99, 13600, 1075, 715, P0, 0x0000000000000020
2026/09/17 07:36:28.749, 1, 79, 162.93, 63, 12664, 1252, 715, P0, 0x0000000000000020
2026/09/17 07:36:29.759, 0, 79, 135.50, 100, 13600, 1101, 715, P0, 0x0000000000000000
2026/09/17 07:36:29.761, 1, 79, 134.07, 100, 12664, 1177, 715, P0, 0x0000000000000000
2026/09/17 07:36:30.774, 0, 79, 118.94, 100, 13600, 1063, 715, P0, 0x0000000000000020
2026/09/17 07:36:30.777, 1, 79, 147.61, 100, 12664, 1227, 715, P0, 0x0000000000000000
2026/09/17 07:36:31.790, 0, 79, 121.63, 100, 13600, 1075, 715, P0, 0x0000000000000020
2026/09/17 07:36:31.798, 1, 80, 156.71, 100, 12664, 1177, 715, P0, 0x0000000000000000
2026/09/17 07:36:32.808, 0, 79, 114.75, 100, 13600, 1075, 715, P0, 0x0000000000000020
2026/09/17 07:36:32.816, 1, 79, 151.88, 100, 12664, 1189, 715, P0, 0x0000000000000020
2026/09/17 07:36:33.824, 0, 79, 121.64, 100, 13600, 1075, 715, P0, 0x0000000000000020
2026/09/17 07:36:33.827, 1, 79, 59.92, 100, 12664, 1189, 715, P0, 0x0000000000000000
2026/09/17 07:36:34.836, 0, 79, 112.85, 100, 13600, 1063, 715, P0, 0x0000000000000000
2026/09/17 07:36:34.840, 1, 79, 152.08, 100, 12664, 1227, 715, P0, 0x0000000000000000
2026/09/17 07:36:35.851, 0, 79, 122.86, 100, 13600, 1088, 715, P0, 0x0000000000000020
2026/09/17 07:36:35.857, 1, 78, 50.31, 30, 12664, 1189, 715, P0, 0x0000000000000000
2026/09/17 07:36:36.867, 0, 79, 125.61, 100, 13600, 1075, 715, P0, 0x0000000000000020
2026/09/17 07:36:36.876, 1, 79, 162.00, 100, 12664, 1215, 715, P0, 0x0000000000000020
2026/09/17 07:36:37.881, 0, 79, 128.01, 100, 13600, 1075, 715, P0, 0x0000000000000020
2026/09/17 07:36:37.884, 1, 78, 52.16, 0, 12664, 1227, 715, P0, 0x0000000000000000
2026/09/17 07:36:38.894, 0, 79, 114.52, 100, 13600, 1075, 715, P0, 0x0000000000000020
2026/09/17 07:36:38.897, 1, 80, 152.53, 100, 12664, 1252, 715, P0, 0x0000000000000020
2026/09/17 07:36:39.906, 0, 79, 115.24, 100, 13600, 1063, 715, P0, 0x0000000000000020
2026/09/17 07:36:39.909, 1, 78, 54.15, 0, 12664, 1278, 715, P0, 0x0000000000000000
2026/09/17 07:36:40.916, 0, 79, 132.40, 100, 13600, 1113, 715, P0, 0x0000000000000000
2026/09/17 07:36:40.919, 1, 79, 135.02, 100, 12664, 1202, 715, P0, 0x0000000000000000
2026/09/17 07:36:41.934, 0, 79, 114.02, 100, 13600, 1075, 715, P0, 0x0000000000000020
2026/09/17 07:36:41.938, 1, 78, 55.12, 0, 12664, 1290, 715, P0, 0x0000000000000000
2026/09/17 07:36:42.945, 0, 79, 121.26, 100, 13600, 1050, 715, P0, 0x0000000000000020
2026/09/17 07:36:42.948, 1, 79, 152.71, 100, 12664, 1189, 715, P0, 0x0000000000000020
2026/09/17 07:36:43.958, 0, 79, 115.24, 100, 13600, 1088, 715, P0, 0x0000000000000000
2026/09/17 07:36:43.961, 1, 78, 52.94, 0, 12664, 1265, 715, P0, 0x0000000000000000
2026/09/17 07:36:44.975, 0, 79, 119.96, 100, 13600, 1075, 715, P0, 0x0000000000000020
2026/09/17 07:36:44.978, 1, 80, 157.70, 100, 12664, 1252, 715, P0, 0x0000000000000000
2026/09/17 07:36:45.991, 0, 79, 112.58, 100, 13600, 1075, 715, P0, 0x0000000000000020
2026/09/17 07:36:45.995, 1, 78, 53.19, 0, 12664, 1265, 715, P0, 0x0000000000000000
2026/09/17 07:36:46.999, 0, 79, 135.18, 100, 13600, 1101, 715, P0, 0x0000000000000000
2026/09/17 07:36:47.002, 1, 79, 127.93, 100, 12664, 1151, 715, P0, 0x0000000000000000
2026/09/17 07:36:48.018, 0, 79, 113.78, 100, 13600, 1075, 715, P0, 0x0000000000000020
2026/09/17 07:36:48.021, 1, 78, 56.33, 44, 12664, 1316, 715, P0, 0x0000000000000000
2026/09/17 07:36:49.036, 0, 79, 110.95, 100, 13600, 1075, 715, P0, 0x0000000000000000
2026/09/17 07:36:49.039, 1, 79, 138.40, 100, 12664, 1189, 715, P0, 0x0000000000000000
2026/09/17 07:36:50.049, 0, 79, 117.66, 100, 13600, 1075, 715, P0, 0x0000000000000020
2026/09/17 07:36:50.054, 1, 78, 50.32, 39, 12664, 1189, 715, P0, 0x0000000000000000
2026/09/17 07:36:51.060, 0, 79, 113.82, 100, 13600, 1075, 715, P0, 0x0000000000000020
2026/09/17 07:36:51.065, 1, 79, 142.46, 100, 12664, 1139, 715, P0, 0x0000000000000020
2026/09/17 07:36:52.075, 0, 79, 115.00, 100, 13600, 1088, 715, P0, 0x0000000000000000
2026/09/17 07:36:52.077, 1, 78, 50.32, 100, 12664, 1189, 715, P0, 0x0000000000000000
2026/09/17 07:36:53.088, 0, 79, 131.81, 100, 13600, 1113, 715, P0, 0x0000000000000000
2026/09/17 07:36:53.096, 1, 79, 138.25, 100, 12664, 1215, 715, P0, 0x0000000000000020
2026/09/17 07:36:54.106, 0, 79, 118.52, 100, 13600, 1075, 715, P0, 0x0000000000000020
2026/09/17 07:36:54.114, 1, 78, 55.12, 51, 12664, 1316, 715, P0, 0x0000000000000020
2026/09/17 07:36:55.118, 0, 79, 115.86, 100, 13600, 1075, 715, P0, 0x0000000000000020
2026/09/17 07:36:55.121, 1, 79, 161.99, 100, 12664, 1177, 715, P0, 0x0000000000000020
2026/09/17 07:36:56.142, 0, 79, 113.79, 100, 13600, 1075, 715, P0, 0x0000000000000020
2026/09/17 07:36:56.146, 1, 79, 55.61, 100, 12664, 1215, 715, P0, 0x0000000000000000
2026/09/17 07:36:57.159, 0, 79, 113.07, 100, 13600, 1063, 715, P0, 0x0000000000000020
2026/09/17 07:36:57.162, 1, 79, 149.06, 100, 12664, 1227, 715, P0, 0x0000000000000000
2026/09/17 07:36:58.178, 0, 79, 118.74, 100, 13600, 1088, 715, P0, 0x0000000000000020
2026/09/17 07:36:58.181, 1, 79, 117.84, 100, 12664, 1063, 715, P0, 0x0000000000000020
2026/09/17 07:36:59.197, 0, 79, 113.73, 100, 13600, 1075, 715, P0, 0x0000000000000020
2026/09/17 07:36:59.200, 1, 79, 151.40, 100, 12664, 1126, 715, P0, 0x0000000000000020
2026/09/17 07:37:00.212, 0, 79, 112.94, 100, 13600, 1063, 715, P0, 0x0000000000000020
2026/09/17 07:37:00.215, 1, 79, 133.72, 100, 12664, 1164, 715, P0, 0x0000000000000020
2026/09/17 07:37:01.229, 0, 79, 119.22, 100, 13600, 1088, 715, P0, 0x0000000000000020
2026/09/17 07:37:01.235, 1, 79, 167.64, 100, 12664, 1215, 715, P0, 0x0000000000000000
2026/09/17 07:37:02.243, 0, 79, 113.57, 100, 13600, 1075, 715, P0, 0x0000000000000020
2026/09/17 07:37:02.246, 1, 79, 142.21, 100, 12664, 1215, 715, P0, 0x0000000000000020
2026/09/17 07:37:03.257, 0, 79, 114.53, 99, 13600, 1075, 715, P0, 0x0000000000000020
2026/09/17 07:37:03.260, 1, 79, 146.65, 25, 12664, 1215, 715, P0, 0x0000000000000020
2026/09/17 07:37:04.268, 0, 79, 118.04, 100, 13600, 1075, 715, P0, 0x0000000000000020
2026/09/17 07:37:04.276, 1, 80, 150.41, 100, 12664, 1215, 715, P0, 0x0000000000000020
2026/09/17 07:37:05.283, 0, 79, 143.69, 100, 13600, 1126, 715, P0, 0x0000000000000000
2026/09/17 07:37:05.286, 1, 77, 49.59, 0, 12664, 1189, 715, P0, 0x0000000000000000
2026/09/17 07:37:06.302, 0, 79, 114.31, 100, 13600, 1075, 715, P0, 0x0000000000000020
2026/09/17 07:37:06.305, 1, 79, 136.33, 100, 12664, 1202, 715, P0, 0x0000000000000000
2026/09/17 07:37:07.328, 0, 79, 113.08, 100, 13600, 1075, 715, P0, 0x0000000000000000
2026/09/17 07:37:07.335, 1, 78, 50.09, 0, 12664, 1189, 715, P0, 0x0000000000000000
2026/09/17 07:37:08.354, 0, 79, 119.49, 100, 13600, 1088, 715, P0, 0x0000000000000020
2026/09/17 07:37:08.356, 1, 79, 141.02, 100, 12664, 1189, 715, P0, 0x0000000000000000
2026/09/17 07:37:09.369, 0, 79, 125.90, 100, 13600, 1088, 715, P0, 0x0000000000000020
2026/09/17 07:37:09.374, 1, 78, 54.38, 80, 12664, 1278, 715, P0, 0x0000000000000000
2026/09/17 07:37:10.385, 0, 79, 113.57, 100, 13600, 1075, 715, P0, 0x0000000000000020
2026/09/17 07:37:10.394, 1, 79, 147.43, 100, 12664, 1202, 715, P0, 0x0000000000000020
2026/09/17 07:37:11.414, 0, 79, 113.01, 100, 13600, 1075, 715, P0, 0x0000000000000000
2026/09/17 07:37:11.418, 1, 79, 156.40, 100, 12664, 1164, 715, P0, 0x0000000000000020
2026/09/17 07:37:12.430, 0, 79, 128.59, 100, 13600, 1075, 715, P0, 0x0000000000000020
2026/09/17 07:37:12.435, 1, 79, 159.93, 100, 12664, 1265, 715, P0, 0x0000000000000000
2026/09/17 07:37:13.446, 0, 79, 113.10, 100, 13600, 1063, 715, P0, 0x0000000000000020
2026/09/17 07:37:13.453, 1, 79, 139.65, 100, 12664, 1126, 715, P0, 0x0000000000000020
2026/09/17 07:37:14.461, 0, 79, 125.15, 99, 13600, 1075, 715, P0, 0x0000000000000020
2026/09/17 07:37:14.465, 1, 78, 144.97, 17, 12664, 1227, 715, P0, 0x0000000000000000
2026/09/17 07:37:15.476, 0, 79, 112.64, 100, 13600, 1063, 715, P0, 0x0000000000000020
2026/09/17 07:37:15.480, 1, 79, 136.33, 100, 12664, 1189, 715, P0, 0x0000000000000000
2026/09/17 07:37:16.507, 0, 79, 116.67, 100, 13600, 1075, 715, P0, 0x0000000000000020
2026/09/17 07:37:16.512, 1, 77, 54.88, 0, 12664, 1290, 715, P0, 0x0000000000000000
2026/09/17 07:37:17.520, 0, 79, 115.49, 100, 13600, 1075, 715, P0, 0x0000000000000020
2026/09/17 07:37:17.524, 1, 79, 143.16, 100, 12664, 1202, 715, P0, 0x0000000000000020
2026/09/17 07:37:18.534, 0, 79, 130.96, 100, 13600, 1075, 715, P0, 0x0000000000000020
2026/09/17 07:37:18.537, 1, 78, 52.66, 44, 12664, 1316, 715, P0, 0x0000000000000020
2026/09/17 07:37:19.545, 0, 79, 113.10, 100, 13600, 1063, 715, P0, 0x0000000000000020
2026/09/17 07:37:19.553, 1, 79, 151.36, 100, 12664, 1177, 715, P0, 0x0000000000000020
2026/09/17 07:37:20.561, 0, 79, 112.85, 100, 13600, 1063, 715, P0, 0x0000000000000020
2026/09/17 07:37:20.564, 1, 79, 147.85, 100, 12664, 1189, 715, P0, 0x0000000000000000
2026/09/17 07:37:21.575, 0, 79, 130.10, 100, 13600, 1101, 715, P0, 0x0000000000000020
2026/09/17 07:37:21.578, 1, 79, 149.87, 100, 12664, 1252, 715, P0, 0x0000000000000020
2026/09/17 07:37:22.595, 0, 79, 113.19, 100, 13600, 1075, 715, P0, 0x0000000000000000
2026/09/17 07:37:22.600, 1, 80, 128.28, 100, 12664, 1126, 715, P0, 0x0000000000000020
2026/09/17 07:37:23.610, 0, 79, 114.67, 100, 13600, 1075, 715, P0, 0x0000000000000020
2026/09/17 07:37:23.613, 1, 77, 55.35, 0, 12664, 1303, 715, P0, 0x0000000000000000
2026/09/17 07:37:24.624, 0, 79, 139.15, 100, 13600, 1075, 715, P0, 0x0000000000000020
2026/09/17 07:37:24.632, 1, 79, 122.19, 100, 12664, 1202, 715, P0, 0x0000000000000020
2026/09/17 07:37:25.637, 0, 79, 117.89, 100, 13600, 1075, 715, P0, 0x0000000000000020
2026/09/17 07:37:25.640, 1, 79, 54.63, 76, 12664, 1278, 715, P0, 0x0000000000000000
2026/09/17 07:37:26.653, 0, 79, 118.90, 100, 13600, 1075, 715, P0, 0x0000000000000020
2026/09/17 07:37:26.656, 1, 79, 163.69, 100, 12664, 1227, 715, P0, 0x0000000000000020
2026/09/17 07:37:27.669, 0, 79, 113.59, 100, 13600, 1075, 715, P0, 0x0000000000000020
2026/09/17 07:37:27.672, 1, 79, 146.39, 100, 12664, 1151, 715, P0, 0x0000000000000000
2026/09/17 07:37:28.682, 0, 79, 103.34, 99, 13600, 1075, 715, P0, 0x0000000000000020
2026/09/17 07:37:28.690, 1, 78, 147.04, 79, 12664, 1189, 715, P0, 0x0000000000000000
2026/09/17 07:37:29.700, 0, 79, 136.96, 100, 13600, 1075, 715, P0, 0x0000000000000020
2026/09/17 07:37:29.709, 1, 79, 147.39, 100, 12664, 1189, 715, P0, 0x0000000000000020
2026/09/17 07:37:30.717, 0, 79, 127.57, 100, 13600, 1101, 715, P0, 0x0000000000000020
2026/09/17 07:37:30.719, 1, 78, 56.78, 0, 12664, 1316, 715, P0, 0x0000000000000000
2026/09/17 07:37:31.724, 0, 79, 118.18, 100, 13600, 1075, 715, P0, 0x0000000000000020
2026/09/17 07:37:31.730, 1, 79, 129.23, 100, 12664, 1151, 715, P0, 0x0000000000000000
2026/09/17 07:37:32.738, 0, 79, 119.37, 100, 13600, 1075, 715, P0, 0x0000000000000020
2026/09/17 07:37:32.741, 1, 79, 128.52, 100, 12664, 1139, 715, P0, 0x0000000000000020
2026/09/17 07:37:33.769, 0, 79, 114.30, 100, 13600, 1075, 715, P0, 0x0000000000000020
2026/09/17 07:37:33.772, 1, 79, 143.16, 100, 12664, 1202, 715, P0, 0x0000000000000020
2026/09/17 07:37:34.785, 0, 79, 119.33, 100, 13600, 1088, 715, P0, 0x0000000000000020
2026/09/17 07:37:34.789, 1, 80, 135.59, 100, 12664, 1177, 715, P0, 0x0000000000000020
2026/09/17 07:37:35.798, 0, 79, 119.08, 100, 13600, 1101, 715, P0, 0x0000000000000000
2026/09/17 07:37:35.801, 1, 78, 140.77, 3, 12664, 1177, 715, P0, 0x0000000000000020
2026/09/17 07:37:36.817, 0, 79, 115.74, 100, 13600, 1075, 715, P0, 0x0000000000000020
2026/09/17 07:37:36.820, 1, 79, 139.38, 100, 12664, 1164, 715, P0, 0x0000000000000020
2026/09/17 07:37:37.834, 0, 79, 113.56, 100, 13600, 1063, 715, P0, 0x0000000000000000
2026/09/17 07:37:37.837, 1, 78, 54.40, 67, 12664, 1290, 715, P0, 0x0000000000000000
2026/09/17 07:37:38.850, 0, 79, 115.35, 100, 13600, 1075, 715, P0, 0x0000000000000020
2026/09/17 07:37:38.853, 1, 79, 136.28, 100, 12664, 1252, 715, P0, 0x0000000000000020
2026/09/17 07:37:39.864, 0, 79, 117.69, 100, 13600, 1075, 715, P0, 0x0000000000000020
2026/09/17 07:37:39.867, 1, 79, 126.44, 100, 12664, 1139, 715, P0, 0x0000000000000020
2026/09/17 07:37:40.879, 0, 79, 131.56, 98, 13600, 1075, 715, P0, 0x0000000000000020
2026/09/17 07:37:40.890, 1, 78, 137.40, 27, 12664, 1189, 715, P0, 0x0000000000000000
2026/09/17 07:37:41.897, 0, 79, 135.04, 100, 13600, 1088, 715, P0, 0x0000000000000000
2026/09/17 07:37:41.900, 1, 80, 154.96, 100, 12664, 1227, 715, P0, 0x0000000000000020
2026/09/17 07:37:42.913, 0, 79, 105.00, 100, 13600, 1075, 715, P0, 0x0000000000000020
2026/09/17 07:37:42.916, 1, 78, 56.62, 47, 12664, 1316, 715, P0, 0x0000000000000000
2026/09/17 07:37:43.926, 0, 79, 112.94, 100, 13600, 1075, 715, P0, 0x0000000000000000
2026/09/17 07:37:43.930, 1, 79, 133.47, 100, 12664, 1151, 715, P0, 0x0000000000000020
2026/09/17 07:37:44.938, 0, 79, 115.52, 100, 13600, 1075, 715, P0, 0x0000000000000020
2026/09/17 07:37:44.947, 1, 79, 133.46, 100, 12664, 1164, 715, P0, 0x0000000000000020
2026/09/17 07:37:45.967, 0, 79, 113.81, 99, 13600, 1075, 715, P0, 0x0000000000000020
2026/09/17 07:37:45.970, 1, 79, 148.09, 100, 12664, 1240, 715, P0, 0x0000000000000020
2026/09/17 07:37:46.976, 0, 79, 131.85, 100, 13600, 1088, 715, P0, 0x0000000000000000
2026/09/17 07:37:46.979, 1, 79, 137.93, 100, 12664, 1126, 715, P0, 0x0000000000000020
2026/09/17 07:37:47.997, 0, 79, 110.98, 100, 13600, 1075, 715, P0, 0x0000000000000020
2026/09/17 07:37:48.001, 1, 78, 50.37, 0, 12664, 1189, 715, P0, 0x0000000000000000
2026/09/17 07:37:49.010, 0, 79, 113.10, 100, 13600, 1063, 715, P0, 0x0000000000000020
2026/09/17 07:37:49.013, 1, 79, 142.71, 100, 12664, 1189, 715, P0, 0x0000000000000020
2026/09/17 07:37:50.023, 0, 79, 116.75, 100, 13600, 1075, 715, P0, 0x0000000000000020
2026/09/17 07:37:50.028, 1, 79, 121.66, 100, 12664, 1126, 715, P0, 0x0000000000000020
2026/09/17 07:37:51.042, 0, 79, 127.30, 99, 13600, 1126, 715, P0, 0x0000000000000000
2026/09/17 07:37:51.049, 1, 78, 147.89, 43, 12664, 1189, 715, P0, 0x0000000000000000
2026/09/17 07:37:52.054, 0, 79, 117.16, 100, 13600, 1075, 715, P0, 0x0000000000000020
2026/09/17 07:37:52.057, 1, 79, 145.22, 100, 12664, 1227, 715, P0, 0x0000000000000020
2026/09/17 07:37:53.071, 0, 79, 118.12, 100, 13600, 1075, 715, P0, 0x0000000000000020
2026/09/17 07:37:53.074, 1, 78, 54.39, 80, 12664, 1278, 715, P0, 0x0000000000000000
2026/09/17 07:37:54.084, 0, 79, 103.38, 100, 13600, 1075, 715, P0, 0x0000000000000020
2026/09/17 07:37:54.088, 1, 79, 145.35, 100, 12664, 1215, 715, P0, 0x0000000000000000
2026/09/17 07:37:55.096, 0, 79, 113.93, 100, 13600, 1075, 715, P0, 0x0000000000000000
2026/09/17 07:37:55.099, 1, 79, 125.48, 100, 12664, 1151, 715, P0, 0x0000000000000000
2026/09/17 07:37:56.112, 0, 79, 118.90, 100, 13600, 1037, 715, P0, 0x0000000000000020
2026/09/17 07:37:56.115, 1, 77, 120.26, 0, 12664, 1316, 715, P0, 0x0000000000000000
2026/09/17 07:37:57.129, 0, 79, 113.09, 100, 13600, 1075, 715, P0, 0x0000000000000020
2026/09/17 07:37:57.132, 1, 79, 147.61, 100, 12664, 1202, 715, P0, 0x0000000000000020
2026/09/17 07:37:58.149, 0, 79, 116.10, 100, 13600, 1075, 715, P0, 0x0000000000000020
2026/09/17 07:37:58.152, 1, 79, 119.58, 100, 12664, 1101, 715, P0, 0x0000000000000020
2026/09/17 07:37:59.164, 0, 79, 113.03, 100, 13600, 1075, 715, P0, 0x0000000000000020
2026/09/17 07:37:59.167, 1, 79, 148.17, 100, 12664, 1164, 715, P0, 0x0000000000000020
2026/09/17 07:38:00.180, 0, 79, 120.52, 100, 13600, 1088, 715, P0, 0x0000000000000020
2026/09/17 07:38:00.185, 1, 79, 138.61, 100, 12664, 1189, 715, P0, 0x0000000000000020
2026/09/17 07:38:01.195, 0, 79, 114.52, 100, 13600, 1075, 715, P0, 0x0000000000000020
2026/09/17 07:38:01.205, 1, 78, 52.25, 0, 12664, 1252, 715, P0, 0x0000000000000000
2026/09/17 07:38:02.213, 0, 79, 120.45, 100, 13600, 1063, 715, P0, 0x0000000000000020
2026/09/17 07:38:02.215, 1, 80, 162.21, 100, 12664, 1252, 715, P0, 0x0000000000000020
2026/09/17 07:38:03.229, 0, 79, 119.33, 100, 13600, 1088, 715, P0, 0x0000000000000020
2026/09/17 07:38:03.233, 1, 79, 144.52, 100, 12664, 1164, 715, P0, 0x0000000000000000
2026/09/17 07:38:04.243, 0, 79, 139.24, 99, 13600, 1050, 715, P0, 0x0000000000000020
2026/09/17 07:38:04.248, 1, 78, 139.76, 62, 12664, 1177, 715, P0, 0x0000000000000020
2026/09/17 07:38:05.254, 0, 79, 118.86, 100, 13600, 1088, 715, P0, 0x0000000000000020
2026/09/17 07:38:05.257, 1, 79, 141.25, 100, 12664, 1189, 715, P0, 0x0000000000000020
2026/09/17 07:38:06.273, 0, 79, 100.74, 100, 13600, 1088, 715, P0, 0x0000000000000020
2026/09/17 07:38:06.276, 1, 79, 49.88, 100, 12664, 1189, 715, P0, 0x0000000000000000
2026/09/17 07:38:07.287, 0, 79, 120.21, 100, 13600, 1088, 715, P0, 0x0000000000000020
2026/09/17 07:38:07.290, 1, 79, 144.97, 100, 12664, 1227, 715, P0, 0x0000000000000020
2026/09/17 07:38:08.301, 0, 79, 112.96, 100, 13600, 1088, 715, P0, 0x0000000000000000
2026/09/17 07:38:08.308, 1, 79, 121.66, 100, 12664, 1126, 715, P0, 0x0000000000000020
2026/09/17 07:38:09.313, 0, 79, 143.30, 100, 13600, 1139, 715, P0, 0x0000000000000000
2026/09/17 07:38:09.316, 1, 77, 49.79, 0, 12664, 1189, 715, P0, 0x0000000000000000
2026/09/17 07:38:10.329, 0, 79, 113.78, 100, 13600, 1075, 715, P0, 0x0000000000000020
2026/09/17 07:38:10.333, 1, 79, 161.18, 100, 12664, 1202, 715, P0, 0x0000000000000020
2026/09/17 07:38:11.345, 0, 79, 119.95, 100, 13600, 1063, 715, P0, 0x0000000000000020
2026/09/17 07:38:11.348, 1, 79, 149.78, 100, 12664, 1189, 715, P0, 0x0000000000000020
2026/09/17 07:38:12.361, 0, 79, 130.43, 99, 13600, 1088, 715, P0, 0x0000000000000000
2026/09/17 07:38:12.366, 1, 78, 146.16, 6, 12664, 1189, 715, P0, 0x0000000000000000
2026/09/17 07:38:13.376, 0, 79, 115.03, 100, 13600, 1075, 715, P0, 0x0000000000000020
2026/09/17 07:38:13.384, 1, 79, 135.37, 100, 12664, 1177, 715, P0, 0x0000000000000000
2026/09/17 07:38:14.391, 0, 79, 116.11, 100, 13600, 1088, 715, P0, 0x0000000000000000
2026/09/17 07:38:14.394, 1, 79, 59.44, 85, 12664, 1265, 715, P0, 0x0000000000000020
2026/09/17 07:38:15.408, 0, 79, 107.64, 100, 13600, 1101, 715, P0, 0x0000000000000000
2026/09/17 07:38:15.411, 1, 79, 141.85, 100, 12664, 1202, 715, P0, 0x0000000000000020
2026/09/17 07:38:16.424, 0, 79, 130.63, 100, 13600, 1113, 715, P0, 0x0000000000000000
2026/09/17 07:38:16.428, 1, 79, 129.37, 100, 12664, 1139, 715, P0, 0x0000000000000020
2026/09/17 07:38:17.436, 0, 79, 113.81, 100, 13600, 1063, 715, P0, 0x0000000000000020
2026/09/17 07:38:17.444, 1, 78, 50.09, 0, 12664, 1189, 715, P0, 0x0000000000000000
2026/09/17 07:38:18.462, 0, 79, 115.49, 100, 13600, 1075, 715, P0, 0x0000000000000020
2026/09/17 07:38:18.465, 1, 79, 147.85, 100, 12664, 1227, 715, P0, 0x0000000000000000
2026/09/17 07:38:19.473, 0, 79, 114.28, 100, 13600, 1075, 715, P0, 0x0000000000000020
2026/09/17 07:38:19.485, 1, 79, 149.10, 100, 12664, 1164, 715, P0, 0x0000000000000020
2026/09/17 07:38:20.502, 0, 79, 124.64, 100, 13600, 1075, 715, P0, 0x0000000000000020
2026/09/17 07:38:20.505, 1, 77, 79.31, 0, 12664, 1189, 715, P0, 0x0000000000000000
2026/09/17 07:38:21.517, 0, 79, 122.51, 100, 13600, 1075, 715, P0, 0x0000000000000020
2026/09/17 07:38:21.525, 1, 79, 157.87, 100, 12664, 1215, 715, P0, 0x0000000000000000
2026/09/17 07:38:22.532, 0, 79, 112.87, 100, 13600, 1075, 715, P0, 0x0000000000000000
2026/09/17 07:38:22.544, 1, 80, 133.32, 100, 12664, 1164, 715, P0, 0x0000000000000020
2026/09/17 07:38:23.561, 0, 79, 114.03, 100, 13600, 1075, 715, P0, 0x0000000000000020
2026/09/17 07:38:23.563, 1, 78, 110.07, 71, 12664, 1075, 715, P0, 0x0000000000000020
2026/09/17 07:38:24.580, 0, 79, 116.71, 100, 13600, 1088, 715, P0, 0x0000000000000020
2026/09/17 07:38:24.584, 1, 79, 139.69, 100, 12664, 1126, 715, P0, 0x0000000000000020
2026/09/17 07:38:25.599, 0, 79, 110.38, 100, 13600, 1075, 715, P0, 0x0000000000000020
2026/09/17 07:38:25.603, 1, 79, 126.24, 100, 12664, 1139, 715, P0, 0x0000000000000020
2026/09/17 07:38:26.612, 0, 79, 131.54, 100, 13600, 1113, 715, P0, 0x0000000000000000
2026/09/17 07:38:26.625, 1, 79, 144.61, 100, 12664, 1202, 715, P0, 0x0000000000000020
2026/09/17 07:38:27.638, 0, 79, 140.01, 100, 13600, 1063, 715, P0, 0x0000000000000020
2026/09/17 07:38:27.645, 1, 80, 140.76, 100, 12664, 1189, 715, P0, 0x0000000000000020
2026/09/17 07:38:28.651, 0, 79, 127.45, 100, 13600, 1075, 715, P0, 0x0000000000000020
2026/09/17 07:38:28.654, 1, 78, 56.56, 0, 12664, 1316, 715, P0, 0x0000000000000000
2026/09/17 07:38:29.667, 0, 79, 127.91, 100, 13600, 1101, 715, P0, 0x0000000000000020
2026/09/17 07:38:29.670, 1, 80, 163.99, 100, 12664, 1265, 715, P0, 0x0000000000000020
2026/09/17 07:38:30.680, 0, 79, 118.56, 100, 13600, 1075, 715, P0, 0x0000000000000020
2026/09/17 07:38:30.683, 1, 80, 133.46, 100, 12664, 1164, 715, P0, 0x0000000000000020
2026/09/17 07:38:31.696, 0, 79, 120.45, 100, 13600, 1101, 715, P0, 0x0000000000000000
2026/09/17 07:38:31.701, 1, 77, 55.35, 0, 12664, 1303, 715, P0, 0x0000000000000000
2026/09/17 07:38:32.711, 0, 79, 115.50, 100, 13600, 1075, 715, P0, 0x0000000000000020
2026/09/17 07:38:32.714, 1, 79, 138.88, 100, 12664, 1189, 715, P0, 0x0000000000000000
2026/09/17 07:38:33.726, 0, 79, 116.46, 100, 13600, 1075, 715, P0, 0x0000000000000020
2026/09/17 07:38:33.729, 1, 80, 139.35, 100, 12664, 1189, 715, P0, 0x0000000000000020
2026/09/17 07:38:34.742, 0, 79, 115.52, 99, 13600, 1075, 715, P0, 0x0000000000000020
2026/09/17 07:38:34.745, 1, 77, 132.01, 0, 12664, 1189, 715, P0, 0x0000000000000000
2026/09/17 07:38:35.758, 0, 79, 119.22, 100, 13600, 1075, 715, P0, 0x0000000000000020
2026/09/17 07:38:35.762, 1, 79, 136.97, 100, 12664, 1215, 715, P0, 0x0000000000000000
2026/09/17 07:38:36.771, 0, 79, 131.54, 100, 13600, 1075, 715, P0, 0x0000000000000020
2026/09/17 07:38:36.781, 1, 79, 126.35, 100, 12664, 1126, 715, P0, 0x0000000000000020
2026/09/17 07:38:37.788, 0, 79, 132.72, 99, 13600, 1101, 715, P0, 0x0000000000000000
2026/09/17 07:38:37.791, 1, 78, 149.07, 6, 12664, 1189, 715, P0, 0x0000000000000020
2026/09/17 07:38:38.798, 0, 79, 119.56, 100, 13600, 1075, 715, P0, 0x0000000000000020
2026/09/17 07:38:38.801, 1, 79, 138.50, 100, 12664, 1215, 715, P0, 0x0000000000000020
2026/09/17 07:38:39.809, 0, 79, 113.54, 100, 13600, 1075, 715, P0, 0x0000000000000020
2026/09/17 07:38:39.819, 1, 79, 110.07, 100, 12664, 1037, 715, P0, 0x0000000000000020
2026/09/17 07:38:40.840, 0, 79, 126.18, 100, 13600, 1101, 715, P0, 0x0000000000000000
2026/09/17 07:38:40.843, 1, 78, 127.68, 100, 12664, 1151, 715, P0, 0x0000000000000020
2026/09/17 07:38:41.856, 0, 77, 49.12, 0, 13600, 1202, 715, P0, 0x0000000000000000
2026/09/17 07:38:41.858, 1, 79, 131.49, 100, 12664, 1164, 715, P0, 0x0000000000000000
2026/09/17 07:38:42.866, 0, 76, 48.14, 0, 13600, 1202, 715, P0, 0x0000000000000000
2026/09/17 07:38:42.869, 1, 79, 136.93, 100, 12664, 1177, 715, P0, 0x0000000000000020
2026/09/17 07:38:43.881, 0, 77, 115.34, 8, 13600, 1202, 715, P0, 0x0000000000000000
2026/09/17 07:38:43.884, 1, 79, 102.36, 71, 12664, 1303, 715, P0, 0x0000000000000000
2026/09/17 07:38:44.894, 0, 78, 165.37, 46, 13600, 1328, 715, P0, 0x0000000000000000
2026/09/17 07:38:44.896, 1, 78, 90.31, 47, 12664, 1265, 715, P0, 0x0000000000000000
2026/09/17 07:38:45.910, 0, 79, 165.98, 47, 13600, 1328, 715, P0, 0x0000000000000000
2026/09/17 07:38:45.914, 1, 79, 130.23, 46, 12664, 1328, 715, P0, 0x0000000000000000
2026/09/17 07:38:46.920, 0, 79, 96.54, 47, 13600, 1328, 715, P0, 0x0000000000000000
2026/09/17 07:38:46.923, 1, 79, 188.37, 46, 12664, 1328, 715, P0, 0x0000000000000000
2026/09/17 07:38:47.934, 0, 79, 144.67, 47, 13600, 1328, 715, P0, 0x0000000000000000
2026/09/17 07:38:47.937, 1, 79, 109.56, 47, 12664, 1328, 715, P0, 0x0000000000000000
2026/09/17 07:38:48.946, 0, 79, 180.86, 47, 13600, 1303, 715, P0, 0x0000000000000020
2026/09/17 07:38:48.954, 1, 79, 128.32, 48, 12664, 1303, 715, P0, 0x0000000000000000
2026/09/17 07:38:49.971, 0, 80, 162.56, 100, 13600, 1075, 715, P0, 0x0000000000000020
2026/09/17 07:38:49.976, 1, 77, 57.46, 0, 12664, 1328, 715, P0, 0x0000000000000000
2026/09/17 07:38:50.998, 0, 79, 125.02, 100, 13600, 1101, 715, P0, 0x0000000000000020
2026/09/17 07:38:51.001, 1, 77, 56.79, 0, 12664, 1328, 715, P0, 0x0000000000000000
2026/09/17 07:38:52.011, 0, 79, 121.89, 100, 13600, 1101, 715, P0, 0x0000000000000020
2026/09/17 07:38:52.019, 1, 76, 52.69, 0, 12664, 1189, 715, P0, 0x0000000000000000
2026/09/17 07:38:53.027, 0, 79, 122.96, 100, 13600, 1101, 715, P0, 0x0000000000000020
2026/09/17 07:38:53.034, 1, 79, 207.98, 100, 12664, 1328, 715, P0, 0x0000000000000000
2026/09/17 07:38:54.038, 0, 79, 115.99, 100, 13600, 1088, 715, P0, 0x0000000000000000
2026/09/17 07:38:54.042, 1, 79, 138.16, 100, 12664, 1177, 715, P0, 0x0000000000000020
2026/09/17 07:38:55.057, 0, 79, 120.78, 100, 13600, 1101, 715, P0, 0x0000000000000020
2026/09/17 07:38:55.060, 1, 77, 49.35, 0, 12664, 1189, 715, P0, 0x0000000000000000
2026/09/17 07:38:56.070, 0, 80, 127.28, 100, 13600, 1113, 715, P0, 0x0000000000000020
2026/09/17 07:38:56.074, 1, 79, 143.12, 100, 12664, 1252, 715, P0, 0x0000000000000000
2026/09/17 07:38:57.082, 0, 80, 127.29, 100, 13600, 1113, 715, P0, 0x0000000000000020
2026/09/17 07:38:57.084, 1, 79, 145.66, 100, 12664, 1189, 715, P0, 0x0000000000000020
2026/09/17 07:38:58.097, 0, 79, 116.14, 100, 13600, 1075, 715, P0, 0x0000000000000000
2026/09/17 07:38:58.100, 1, 77, 54.15, 0, 12664, 1290, 715, P0, 0x0000000000000000
2026/09/17 07:38:59.109, 0, 79, 112.73, 100, 13600, 1037, 715, P0, 0x0000000000000020
2026/09/17 07:38:59.114, 1, 79, 128.05, 100, 12664, 1151, 715, P0, 0x0000000000000000
2026/09/17 07:39:00.124, 0, 79, 110.07, 100, 13600, 1025, 715, P0, 0x0000000000000000
2026/09/17 07:39:00.135, 1, 79, 132.92, 100, 12664, 1151, 715, P0, 0x0000000000000020
2026/09/17 07:39:01.154, 0, 79, 99.71, 100, 13600, 1050, 715, P0, 0x0000000000000020
2026/09/17 07:39:01.157, 1, 77, 54.63, 0, 12664, 1303, 715, P0, 0x0000000000000000
2026/09/17 07:39:02.172, 0, 79, 111.00, 100, 13600, 1037, 715, P0, 0x0000000000000020
2026/09/17 07:39:02.175, 1, 79, 145.47, 100, 12664, 1227, 715, P0, 0x0000000000000000
2026/09/17 07:39:03.184, 0, 79, 116.57, 100, 13600, 1037, 715, P0, 0x0000000000000020
2026/09/17 07:39:03.195, 1, 79, 126.12, 100, 12664, 1151, 715, P0, 0x0000000000000000
2026/09/17 07:39:04.213, 0, 79, 110.99, 100, 13600, 1050, 715, P0, 0x0000000000000000
2026/09/17 07:39:04.216, 1, 77, 49.15, 0, 12664, 1189, 715, P0, 0x0000000000000000
2026/09/17 07:39:05.224, 0, 79, 111.00, 100, 13600, 1050, 715, P0, 0x0000000000000020
2026/09/17 07:39:05.234, 1, 79, 147.16, 100, 12664, 1240, 715, P0, 0x0000000000000020
2026/09/17 07:39:06.253, 0, 79, 128.71, 100, 13600, 1025, 715, P0, 0x0000000000000020
2026/09/17 07:39:06.255, 1, 79, 138.54, 100, 12664, 1189, 715, P0, 0x0000000000000000
2026/09/17 07:39:07.266, 0, 79, 110.99, 100, 13600, 1037, 715, P0, 0x0000000000000020
2026/09/17 07:39:07.271, 1, 77, 49.12, 0, 12664, 1189, 715, P0, 0x0000000000000000
2026/09/17 07:39:08.279, 0, 79, 116.34, 100, 13600, 1050, 715, P0, 0x0000000000000020
2026/09/17 07:39:08.282, 1, 79, 127.11, 100, 12664, 1227, 715, P0, 0x0000000000000020
2026/09/17 07:39:09.298, 0, 79, 112.47, 100, 13600, 1050, 715, P0, 0x0000000000000020
2026/09/17 07:39:09.303, 1, 79, 127.57, 100, 12664, 1126, 715, P0, 0x0000000000000020
2026/09/17 07:39:10.310, 0, 79, 112.60, 100, 13600, 1050, 715, P0, 0x0000000000000020
2026/09/17 07:39:10.313, 1, 77, 49.12, 0, 12664, 1189, 715, P0, 0x0000000000000000
2026/09/17 07:39:11.327, 0, 79, 110.78, 100, 13600, 1050, 715, P0, 0x0000000000000020
2026/09/17 07:39:11.332, 1, 79, 142.93, 100, 12664, 1202, 715, P0, 0x0000000000000000
2026/09/17 07:39:12.343, 0, 79, 110.31, 100, 13600, 1037, 715, P0, 0x0000000000000000
2026/09/17 07:39:12.354, 1, 79, 137.53, 100, 12664, 1177, 715, P0, 0x0000000000000020
2026/09/17 07:39:13.368, 0, 79, 120.05, 100, 13600, 1075, 715, P0, 0x0000000000000020
2026/09/17 07:39:13.371, 1, 77, 54.42, 0, 12664, 1290, 715, P0, 0x0000000000000000
2026/09/17 07:39:14.382, 0, 79, 113.21, 100, 13600, 1075, 715, P0, 0x0000000000000000
2026/09/17 07:39:14.393, 1, 79, 157.70, 100, 12664, 1240, 715, P0, 0x0000000000000020
2026/09/17 07:39:15.414, 0, 79, 129.74, 100, 13600, 1075, 715, P0, 0x0000000000000020
2026/09/17 07:39:15.417, 1, 79, 113.33, 100, 12664, 1075, 715, P0, 0x0000000000000020
2026/09/17 07:39:16.430, 0, 79, 114.03, 100, 13600, 1075, 715, P0, 0x0000000000000020
2026/09/17 07:39:16.433, 1, 77, 53.91, 0, 12664, 1278, 715, P0, 0x0000000000000000
2026/09/17 07:39:17.444, 0, 79, 118.13, 100, 13600, 1063, 715, P0, 0x0000000000000020
2026/09/17 07:39:17.452, 1, 79, 142.92, 100, 12664, 1189, 715, P0, 0x0000000000000020
2026/09/17 07:39:18.475, 0, 79, 115.83, 100, 13600, 1075, 715, P0, 0x0000000000000020
2026/09/17 07:39:18.479, 1, 79, 143.34, 100, 12664, 1189, 715, P0, 0x0000000000000000
2026/09/17 07:39:19.486, 0, 79, 114.29, 100, 13600, 1063, 715, P0, 0x0000000000000020
2026/09/17 07:39:19.490, 1, 77, 49.60, 0, 12664, 1189, 715, P0, 0x0000000000000000
2026/09/17 07:39:20.499, 0, 79, 117.55, 100, 13600, 1075, 715, P0, 0x0000000000000020
2026/09/17 07:39:20.502, 1, 79, 152.05, 100, 12664, 1227, 715, P0, 0x0000000000000020
2026/09/17 07:39:21.515, 0, 79, 115.96, 100, 13600, 1075, 715, P0, 0x0000000000000020
2026/09/17 07:39:21.518, 1, 80, 151.43, 100, 12664, 1240, 715, P0, 0x0000000000000020
2026/09/17 07:39:22.532, 0, 79, 120.94, 100, 13600, 1075, 715, P0, 0x0000000000000020
2026/09/17 07:39:22.535, 1, 78, 50.08, 0, 12664, 1189, 715, P0, 0x0000000000000000
2026/09/17 07:39:23.547, 0, 79, 117.31, 100, 13600, 1050, 715, P0, 0x0000000000000020
2026/09/17 07:39:23.550, 1, 79, 161.01, 100, 12664, 1278, 715, P0, 0x0000000000000020
2026/09/17 07:39:24.560, 0, 79, 112.74, 100, 13600, 1075, 715, P0, 0x0000000000000020
2026/09/17 07:39:24.571, 1, 79, 121.17, 100, 12664, 1126, 715, P0, 0x0000000000000000
2026/09/17 07:39:25.575, 0, 79, 129.17, 100, 13600, 1088, 715, P0, 0x0000000000000000
2026/09/17 07:39:25.578, 1, 78, 49.09, 100, 12664, 1189, 715, P0, 0x0000000000000000
2026/09/17 07:39:26.589, 0, 79, 114.77, 100, 13600, 1075, 715, P0, 0x0000000000000020
2026/09/17 07:39:26.592, 1, 79, 146.65, 100, 12664, 1202, 715, P0, 0x0000000000000000
2026/09/17 07:39:27.602, 0, 79, 97.03, 100, 13600, 1088, 715, P0, 0x0000000000000000
2026/09/17 07:39:27.609, 1, 79, 145.64, 100, 12664, 1227, 715, P0, 0x0000000000000000
2026/09/17 07:39:28.618, 0, 79, 113.96, 100, 13600, 1075, 715, P0, 0x0000000000000020
2026/09/17 07:39:28.630, 1, 79, 106.22, 100, 12664, 1151, 715, P0, 0x0000000000000000
2026/09/17 07:39:29.647, 0, 79, 118.89, 100, 13600, 1075, 715, P0, 0x0000000000000020
2026/09/17 07:39:29.654, 1, 79, 162.60, 100, 12664, 1227, 715, P0, 0x0000000000000020
2026/09/17 07:39:30.659, 0, 79, 115.77, 100, 13600, 1075, 715, P0, 0x0000000000000020
2026/09/17 07:39:30.668, 1, 79, 132.74, 100, 12664, 1177, 715, P0, 0x0000000000000000
2026/09/17 07:39:31.687, 0, 79, 112.93, 100, 13600, 1075, 715, P0, 0x0000000000000020
2026/09/17 07:39:31.690, 1, 79, 137.93, 100, 12664, 1189, 715, P0, 0x0000000000000000
2026/09/17 07:39:32.696, 0, 79, 117.80, 99, 13600, 1075, 715, P0, 0x0000000000000020
2026/09/17 07:39:32.699, 1, 78, 155.05, 82, 12664, 1252, 715, P0, 0x0000000000000000
2026/09/17 07:39:33.712, 0, 79, 113.67, 100, 13600, 1075, 715, P0, 0x0000000000000020
2026/09/17 07:39:33.716, 1, 79, 130.19, 100, 12664, 1151, 715, P0, 0x0000000000000000
2026/09/17 07:39:34.729, 0, 79, 119.80, 100, 13600, 1075, 715, P0, 0x0000000000000020
2026/09/17 07:39:34.732, 1, 79, 138.24, 100, 12664, 1151, 715, P0, 0x0000000000000020
2026/09/17 07:39:35.741, 0, 79, 139.46, 100, 13600, 1063, 715, P0, 0x0000000000000020
2026/09/17 07:39:35.749, 1, 77, 49.08, 0, 12664, 1189, 715, P0, 0x0000000000000000
2026/09/17 07:39:36.757, 0, 79, 113.49, 100, 13600, 1075, 715, P0, 0x0000000000000020
2026/09/17 07:39:36.766, 1, 79, 152.55, 100, 12664, 1227, 715, P0, 0x0000000000000020
2026/09/17 07:39:37.776, 0, 79, 114.97, 100, 13600, 1075, 715, P0, 0x0000000000000020
2026/09/17 07:39:37.787, 1, 79, 145.27, 100, 12664, 1101, 715, P0, 0x0000000000000020
2026/09/17 07:39:38.806, 0, 79, 133.62, 100, 13600, 1088, 715, P0, 0x0000000000000020
2026/09/17 07:39:38.809, 1, 77, 50.52, 0, 12664, 1215, 715, P0, 0x0000000000000000
2026/09/17 07:39:39.825, 0, 79, 114.15, 100, 13600, 1075, 715, P0, 0x0000000000000020
2026/09/17 07:39:39.828, 1, 79, 128.77, 100, 12664, 1215, 715, P0, 0x0000000000000000
2026/09/17 07:39:40.842, 0, 79, 113.44, 100, 13600, 1063, 715, P0, 0x0000000000000020
2026/09/17 07:39:40.846, 1, 80, 119.81, 100, 12664, 1126, 715, P0, 0x0000000000000020
2026/09/17 07:39:41.860, 0, 79, 127.36, 100, 13600, 1075, 715, P0, 0x0000000000000000
2026/09/17 07:39:41.867, 1, 78, 49.56, 0, 12664, 1189, 715, P0, 0x0000000000000000
2026/09/17 07:39:42.886, 0, 79, 113.57, 100, 13600, 1063, 715, P0, 0x0000000000000020
2026/09/17 07:39:42.889, 1, 79, 145.00, 100, 12664, 1215, 715, P0, 0x0000000000000020
2026/09/17 07:39:43.899, 0, 79, 112.86, 100, 13600, 1075, 715, P0, 0x0000000000000020
2026/09/17 07:39:43.906, 1, 80, 145.46, 100, 12664, 1215, 715, P0, 0x0000000000000000
2026/09/17 07:39:44.917, 0, 79, 118.53, 100, 13600, 1075, 715, P0, 0x0000000000000020
2026/09/17 07:39:44.926, 1, 78, 51.77, 91, 12664, 1227, 715, P0, 0x0000000000000000
2026/09/17 07:39:45.944, 0, 79, 132.28, 100, 13600, 1075, 715, P0, 0x0000000000000020
2026/09/17 07:39:45.947, 1, 79, 144.70, 100, 12664, 1227, 715, P0, 0x0000000000000020
2026/09/17 07:39:46.959, 0, 79, 114.05, 100, 13600, 1075, 715, P0, 0x0000000000000020
2026/09/17 07:39:46.965, 1, 79, 145.22, 100, 12664, 1215, 715, P0, 0x0000000000000000
2026/09/17 07:39:47.972, 0, 79, 113.16, 100, 13600, 1063, 715, P0, 0x0000000000000020
2026/09/17 07:39:47.975, 1, 79, 148.60, 100, 12664, 1164, 715, P0, 0x0000000000000020
2026/09/17 07:39:48.990, 0, 79, 114.05, 99, 13600, 1075, 715, P0, 0x0000000000000020
2026/09/17 07:39:48.993, 1, 78, 143.64, 14, 12664, 1227, 715, P0, 0x0000000000000020
2026/09/17 07:39:50.005, 0, 79, 98.16, 100, 13600, 1063, 715, P0, 0x0000000000000020
2026/09/17 07:39:50.008, 1, 79, 146.79, 100, 12664, 1202, 715, P0, 0x0000000000000000
2026/09/17 07:39:51.017, 0, 79, 129.01, 100, 13600, 1037, 715, P0, 0x0000000000000020
2026/09/17 07:39:51.026, 1, 79, 143.07, 100, 12664, 1189, 715, P0, 0x0000000000000020
2026/09/17 07:39:52.033, 0, 79, 119.09, 100, 13600, 1088, 715, P0, 0x0000000000000020
2026/09/17 07:39:52.036, 1, 77, 49.36, 0, 12664, 1189, 715, P0, 0x0000000000000000
2026/09/17 07:39:53.044, 0, 79, 113.54, 100, 13600, 1063, 715, P0, 0x0000000000000000
2026/09/17 07:39:53.047, 1, 80, 162.82, 100, 12664, 1252, 715, P0, 0x0000000000000000
2026/09/17 07:39:54.062, 0, 79, 112.93, 100, 13600, 1075, 715, P0, 0x0000000000000000
2026/09/17 07:39:54.067, 1, 80, 129.96, 100, 12664, 1189, 715, P0, 0x0000000000000020
2026/09/17 07:39:55.076, 0, 79, 122.13, 100, 13600, 1075, 715, P0, 0x0000000000000020
2026/09/17 07:39:55.085, 1, 78, 54.62, 0, 12664, 1290, 715, P0, 0x0000000000000000
2026/09/17 07:39:56.093, 0, 79, 95.78, 100, 13600, 1075, 715, P0, 0x0000000000000000
2026/09/17 07:39:56.096, 1, 79, 137.32, 100, 12664, 1189, 715, P0, 0x0000000000000020
2026/09/17 07:39:57.109, 0, 79, 130.78, 100, 13600, 1075, 715, P0, 0x0000000000000020
2026/09/17 07:39:57.112, 1, 79, 123.03, 100, 12664, 1189, 715, P0, 0x0000000000000000
2026/09/17 07:39:58.124, 0, 79, 119.81, 100, 13600, 1075, 715, P0, 0x0000000000000020
2026/09/17 07:39:58.129, 1, 79, 136.55, 100, 12664, 1189, 715, P0, 0x0000000000000000
2026/09/17 07:39:59.138, 0, 79, 113.07, 100, 13600, 1063, 715, P0, 0x0000000000000020
2026/09/17 07:39:59.144, 1, 79, 159.12, 100, 12664, 1265, 715, P0, 0x0000000000000020
2026/09/17 07:40:00.164, 0, 79, 115.51, 100, 13600, 1075, 715, P0, 0x0000000000000020
2026/09/17 07:40:00.167, 1, 79, 138.40, 100, 12664, 1189, 715, P0, 0x0000000000000020
2026/09/17 07:40:01.179, 0, 79, 114.64, 100, 13600, 1075, 715, P0, 0x0000000000000020
2026/09/17 07:40:01.183, 1, 79, 105.44, 100, 12664, 1139, 715, P0, 0x0000000000000020
2026/09/17 07:40:02.194, 0, 79, 115.72, 100, 13600, 1075, 715, P0, 0x0000000000000020
2026/09/17 07:40:02.202, 1, 77, 51.49, 0, 12664, 1252, 715, P0, 0x0000000000000000
2026/09/17 07:40:03.212, 0, 79, 122.83, 100, 13600, 1088, 715, P0, 0x0000000000000020
2026/09/17 07:40:03.215, 1, 79, 145.68, 100, 12664, 1227, 715, P0, 0x0000000000000020
2026/09/17 07:40:04.223, 0, 79, 122.03, 100, 13600, 1075, 715, P0, 0x0000000000000020
2026/09/17 07:40:04.226, 1, 79, 149.48, 100, 12664, 1139, 715, P0, 0x0000000000000020
2026/09/17 07:40:05.240, 0, 79, 102.44, 100, 13600, 1075, 715, P0, 0x0000000000000020
2026/09/17 07:40:05.243, 1, 78, 49.89, 2, 12664, 1189, 715, P0, 0x0000000000000000
2026/09/17 07:40:06.255, 0, 79, 121.38, 100, 13600, 1126, 715, P0, 0x0000000000000000
2026/09/17 07:40:06.262, 1, 79, 158.30, 100, 12664, 1252, 715, P0, 0x0000000000000020
2026/09/17 07:40:07.268, 0, 79, 141.75, 100, 13600, 1126, 715, P0, 0x0000000000000000
2026/09/17 07:40:07.271, 1, 79, 153.45, 100, 12664, 1189, 715, P0, 0x0000000000000020
2026/09/17 07:40:08.295, 0, 79, 125.32, 100, 13600, 1088, 715, P0, 0x0000000000000020
2026/09/17 07:40:08.300, 1, 79, 123.02, 100, 12664, 1126, 715, P0, 0x0000000000000020
2026/09/17 07:40:09.309, 0, 79, 125.62, 99, 13600, 1101, 715, P0, 0x0000000000000020
2026/09/17 07:40:09.312, 1, 78, 149.63, 100, 12664, 1240, 715, P0, 0x0000000000000020
2026/09/17 07:40:10.326, 0, 79, 116.34, 100, 13600, 1075, 715, P0, 0x0000000000000020
2026/09/17 07:40:10.329, 1, 79, 164.89, 100, 12664, 1227, 715, P0, 0x0000000000000000
2026/09/17 07:40:11.343, 0, 79, 115.75, 100, 13600, 1075, 715, P0, 0x0000000000000020
2026/09/17 07:40:11.346, 1, 79, 134.18, 100, 12664, 1164, 715, P0, 0x0000000000000020
2026/09/17 07:40:12.359, 0, 79, 114.29, 100, 13600, 1075, 715, P0, 0x0000000000000020
2026/09/17 07:40:12.363, 1, 77, 49.36, 0, 12664, 1189, 715, P0, 0x0000000000000000
2026/09/17 07:40:13.375, 0, 79, 114.05, 100, 13600, 1075, 715, P0, 0x0000000000000020
2026/09/17 07:40:13.379, 1, 80, 124.75, 100, 12664, 1189, 715, P0, 0x0000000000000020
2026/09/17 07:40:14.389, 0, 79, 114.64, 100, 13600, 1075, 715, P0, 0x0000000000000020
2026/09/17 07:40:14.398, 1, 79, 121.66, 100, 12664, 1126, 715, P0, 0x0000000000000020
2026/09/17 07:40:15.407, 0, 79, 117.56, 100, 13600, 1075, 715, P0, 0x0000000000000020
2026/09/17 07:40:15.410, 1, 78, 55.35, 66, 12664, 1303, 715, P0, 0x0000000000000000
2026/09/17 07:40:16.420, 0, 79, 116.86, 100, 13600, 1075, 715, P0, 0x0000000000000020
2026/09/17 07:40:16.423, 1, 79, 144.81, 100, 12664, 1215, 715, P0, 0x0000000000000000
2026/09/17 07:40:17.435, 0, 79, 119.88, 100, 13600, 1063, 715, P0, 0x0000000000000020
2026/09/17 07:40:17.441, 1, 79, 136.13, 100, 12664, 1113, 715, P0, 0x0000000000000020
2026/09/17 07:40:18.452, 0, 79, 125.53, 100, 13600, 1075, 715, P0, 0x0000000000000020
2026/09/17 07:40:18.458, 1, 79, 116.62, 100, 12664, 1088, 715, P0, 0x0000000000000000
2026/09/17 07:40:19.470, 0, 79, 119.67, 100, 13600, 1101, 715, P0, 0x0000000000000000
2026/09/17 07:40:19.480, 1, 77, 115.90, 0, 12664, 1189, 715, P0, 0x0000000000000000
2026/09/17 07:40:20.486, 0, 79, 141.29, 100, 13600, 1126, 715, P0, 0x0000000000000000
2026/09/17 07:40:20.492, 1, 79, 142.54, 100, 12664, 1215, 715, P0, 0x0000000000000020
2026/09/17 07:40:21.500, 0, 79, 100.31, 100, 13600, 1088, 715, P0, 0x0000000000000000
2026/09/17 07:40:21.506, 1, 79, 137.42, 100, 12664, 1177, 715, P0, 0x0000000000000000
2026/09/17 07:40:22.517, 0, 79, 105.03, 100, 13600, 1063, 715, P0, 0x0000000000000020
2026/09/17 07:40:22.520, 1, 78, 50.62, 0, 12664, 1202, 715, P0, 0x0000000000000000
2026/09/17 07:40:23.534, 0, 79, 115.61, 100, 13600, 1075, 715, P0, 0x0000000000000000
2026/09/17 07:40:23.537, 1, 79, 169.62, 100, 12664, 1303, 715, P0, 0x0000000000000020
2026/09/17 07:40:24.549, 0, 79, 115.03, 100, 13600, 1075, 715, P0, 0x0000000000000000
2026/09/17 07:40:24.557, 1, 79, 137.51, 100, 12664, 1177, 715, P0, 0x0000000000000020
2026/09/17 07:40:25.563, 0, 79, 116.70, 100, 13600, 1075, 715, P0, 0x0000000000000020
2026/09/17 07:40:25.567, 1, 79, 138.40, 100, 12664, 1189, 715, P0, 0x0000000000000020
2026/09/17 07:40:26.578, 0, 79, 115.74, 99, 13600, 1075, 715, P0, 0x0000000000000020
2026/09/17 07:40:26.581, 1, 78, 142.20, 20, 12664, 1189, 715, P0, 0x0000000000000000
2026/09/17 07:40:27.589, 0, 79, 112.86, 100, 13600, 1075, 715, P0, 0x0000000000000020
2026/09/17 07:40:27.595, 1, 79, 145.00, 100, 12664, 1202, 715, P0, 0x0000000000000020
2026/09/17 07:40:28.615, 0, 79, 112.93, 100, 13600, 1075, 715, P0, 0x0000000000000020
2026/09/17 07:40:28.618, 1, 79, 136.81, 100, 12664, 1189, 715, P0, 0x0000000000000020
2026/09/17 07:40:29.627, 0, 79, 113.78, 100, 13600, 1075, 715, P0, 0x0000000000000020
2026/09/17 07:40:29.635, 1, 78, 56.08, 0, 12664, 1316, 715, P0, 0x0000000000000000
2026/09/17 07:40:30.655, 0, 79, 117.82, 100, 13600, 1075, 715, P0, 0x0000000000000020
2026/09/17 07:40:30.658, 1, 79, 145.00, 100, 12664, 1215, 715, P0, 0x0000000000000000
2026/09/17 07:40:31.670, 0, 79, 113.60, 100, 13600, 1126, 715, P0, 0x0000000000000000
2026/09/17 07:40:31.675, 1, 79, 153.85, 100, 12664, 1189, 715, P0, 0x0000000000000000
2026/09/17 07:40:32.686, 0, 79, 121.04, 100, 13600, 1063, 715, P0, 0x0000000000000020
2026/09/17 07:40:32.697, 1, 79, 127.55, 100, 12664, 1139, 715, P0, 0x0000000000000020
2026/09/17 07:40:33.716, 0, 79, 120.91, 99, 13600, 1075, 715, P0, 0x0000000000000020
2026/09/17 07:40:33.719, 1, 78, 148.95, 78, 12664, 1240, 715, P0, 0x0000000000000000
2026/09/17 07:40:34.742, 0, 79, 115.75, 100, 13600, 1075, 715, P0, 0x0000000000000020
2026/09/17 07:40:34.745, 1, 79, 135.37, 100, 12664, 1177, 715, P0, 0x0000000000000000
2026/09/17 07:40:35.760, 0, 79, 115.03, 100, 13600, 1075, 715, P0, 0x0000000000000020
2026/09/17 07:40:35.763, 1, 79, 136.79, 100, 12664, 1177, 715, P0, 0x0000000000000020
2026/09/17 07:40:36.776, 0, 79, 112.66, 100, 13600, 1063, 715, P0, 0x0000000000000000
2026/09/17 07:40:36.778, 1, 77, 49.60, 0, 12664, 1189, 715, P0, 0x0000000000000000
2026/09/17 07:40:37.787, 0, 79, 134.68, 100, 13600, 1075, 715, P0, 0x0000000000000020
2026/09/17 07:40:37.796, 1, 79, 142.72, 100, 12664, 1202, 715, P0, 0x0000000000000020
2026/09/17 07:40:38.804, 0, 79, 115.59, 100, 13600, 1063, 715, P0, 0x0000000000000020
2026/09/17 07:40:38.807, 1, 80, 123.81, 100, 12664, 1126, 715, P0, 0x0000000000000020
2026/09/17 07:40:39.817, 0, 79, 116.82, 100, 13600, 1075, 715, P0, 0x0000000000000020
2026/09/17 07:40:39.820, 1, 79, 105.30, 100, 12664, 1139, 715, P0, 0x0000000000000020
2026/09/17 07:40:40.839, 0, 79, 113.78, 100, 13600, 1075, 715, P0, 0x0000000000000020
2026/09/17 07:40:40.841, 1, 78, 152.53, 0, 12664, 1240, 715, P0, 0x0000000000000020
2026/09/17 07:40:41.852, 0, 79, 118.42, 100, 13600, 1063, 715, P0, 0x0000000000000020
2026/09/17 07:40:41.855, 1, 80, 116.28, 100, 12664, 1151, 715, P0, 0x0000000000000020
2026/09/17 07:40:42.867, 0, 79, 92.47, 100, 13600, 1075, 715, P0, 0x0000000000000020
2026/09/17 07:40:42.875, 1, 79, 135.76, 100, 12664, 1164, 715, P0, 0x0000000000000000
2026/09/17 07:40:43.881, 0, 79, 119.99, 100, 13600, 1075, 715, P0, 0x0000000000000020
2026/09/17 07:40:43.884, 1, 78, 50.07, 27, 12664, 1189, 715, P0, 0x0000000000000000
2026/09/17 07:40:44.895, 0, 79, 112.59, 100, 13600, 1063, 715, P0, 0x0000000000000020
2026/09/17 07:40:44.897, 1, 79, 159.12, 100, 12664, 1252, 715, P0, 0x0000000000000020
2026/09/17 07:40:45.907, 0, 79, 124.43, 100, 13600, 1075, 715, P0, 0x0000000000000020
2026/09/17 07:40:45.915, 1, 79, 109.51, 100, 12664, 1050, 715, P0, 0x0000000000000000
2026/09/17 07:40:46.927, 0, 79, 101.58, 100, 13600, 1075, 715, P0, 0x0000000000000020
2026/09/17 07:40:46.931, 1, 79, 118.41, 100, 12664, 1101, 715, P0, 0x0000000000000020
2026/09/17 07:40:47.940, 0, 79, 120.71, 100, 13600, 1075, 715, P0, 0x0000000000000020
2026/09/17 07:40:47.943, 1, 77, 49.11, 0, 12664, 1189, 715, P0, 0x0000000000000000
2026/09/17 07:40:48.958, 0, 79, 115.74, 100, 13600, 1075, 715, P0, 0x0000000000000020
2026/09/17 07:40:48.962, 1, 79, 124.99, 100, 12664, 1202, 715, P0, 0x0000000000000020
2026/09/17 07:40:49.978, 0, 79, 124.92, 100, 13600, 1075, 715, P0, 0x0000000000000020
2026/09/17 07:40:49.980, 1, 79, 148.25, 100, 12664, 1202, 715, P0, 0x0000000000000020
2026/09/17 07:40:50.989, 0, 79, 115.00, 100, 13600, 1075, 715, P0, 0x0000000000000020
2026/09/17 07:40:50.992, 1, 78, 52.74, 84, 12664, 1240, 715, P0, 0x0000000000000000
2026/09/17 07:40:52.000, 0, 79, 113.08, 100, 13600, 1075, 715, P0, 0x0000000000000020
2026/09/17 07:40:52.011, 1, 79, 152.05, 100, 12664, 1252, 715, P0, 0x0000000000000020
2026/09/17 07:40:53.017, 0, 79, 116.20, 100, 13600, 1075, 715, P0, 0x0000000000000020
2026/09/17 07:40:53.020, 1, 79, 146.21, 100, 12664, 1189, 715, P0, 0x0000000000000000
2026/09/17 07:40:54.029, 0, 79, 112.63, 100, 13600, 1075, 715, P0, 0x0000000000000000
2026/09/17 07:40:54.032, 1, 79, 138.01, 100, 12664, 1177, 715, P0, 0x0000000000000020
2026/09/17 07:40:55.041, 0, 79, 121.41, 100, 13600, 1075, 715, P0, 0x0000000000000020
2026/09/17 07:40:55.049, 1, 77, 54.62, 0, 12664, 1290, 715, P0, 0x0000000000000000
2026/09/17 07:40:56.055, 0, 79, 117.54, 100, 13600, 1075, 715, P0, 0x0000000000000020
2026/09/17 07:40:56.058, 1, 79, 159.33, 100, 12664, 1252, 715, P0, 0x0000000000000020
2026/09/17 07:40:57.069, 0, 79, 116.20, 100, 13600, 1063, 715, P0, 0x0000000000000020
2026/09/17 07:40:57.072, 1, 79, 101.72, 100, 12664, 1189, 715, P0, 0x0000000000000000
2026/09/17 07:40:58.084, 0, 79, 113.05, 100, 13600, 1075, 715, P0, 0x0000000000000020
2026/09/17 07:40:58.088, 1, 79, 106.04, 100, 12664, 1126, 715, P0, 0x0000000000000020
2026/09/17 07:40:59.099, 0, 79, 125.26, 100, 13600, 1101, 715, P0, 0x0000000000000020
2026/09/17 07:40:59.110, 1, 77, 135.72, 25, 12664, 1189, 715, P0, 0x0000000000000000
2026/09/17 07:41:00.126, 0, 79, 114.28, 100, 13600, 1063, 715, P0, 0x0000000000000020
2026/09/17 07:41:00.129, 1, 79, 149.90, 100, 12664, 1240, 715, P0, 0x0000000000000020
2026/09/17 07:41:01.144, 0, 79, 113.19, 100, 13600, 1075, 715, P0, 0x0000000000000020
2026/09/17 07:41:01.149, 1, 79, 128.75, 100, 12664, 1139, 715, P0, 0x0000000000000020
2026/09/17 07:41:02.162, 0, 79, 118.28, 100, 13600, 1075, 715, P0, 0x0000000000000020
2026/09/17 07:41:02.168, 1, 78, 55.83, 49, 12664, 1316, 715, P0, 0x0000000000000020
2026/09/17 07:41:03.177, 0, 79, 113.24, 100, 13600, 1063, 715, P0, 0x0000000000000020
2026/09/17 07:41:03.181, 1, 79, 171.68, 100, 12664, 1240, 715, P0, 0x0000000000000000
2026/09/17 07:41:04.192, 0, 79, 121.16, 100, 13600, 1101, 715, P0, 0x0000000000000020
2026/09/17 07:41:04.195, 1, 79, 101.96, 100, 12664, 923, 715, P0, 0x0000000000000000
2026/09/17 07:41:05.223, 0, 79, 130.80, 100, 13600, 1101, 715, P0, 0x0000000000000020
2026/09/17 07:41:05.230, 1, 79, 116.83, 100, 12664, 1075, 715, P0, 0x0000000000000020
2026/09/17 07:41:06.236, 0, 79, 122.37, 100, 13600, 1088, 715, P0, 0x0000000000000020
2026/09/17 07:41:06.240, 1, 77, 55.34, 0, 12664, 1303, 715, P0, 0x0000000000000000
2026/09/17 07:41:07.250, 0, 79, 121.54, 100, 13600, 1101, 715, P0, 0x0000000000000020
2026/09/17 07:41:07.252, 1, 79, 109.79, 100, 12664, 1202, 715, P0, 0x0000000000000020
2026/09/17 07:41:08.268, 0, 79, 122.35, 100, 13600, 1088, 715, P0, 0x0000000000000020
2026/09/17 07:41:08.272, 1, 79, 145.71, 100, 12664, 1139, 715, P0, 0x0000000000000020
2026/09/17 07:41:09.287, 0, 79, 138.97, 100, 13600, 1139, 715, P0, 0x0000000000000000
2026/09/17 07:41:09.291, 1, 79, 139.41, 100, 12664, 1164, 715, P0, 0x0000000000000020
2026/09/17 07:41:10.301, 0, 79, 120.51, 100, 13600, 1101, 715, P0, 0x0000000000000020
2026/09/17 07:41:10.307, 1, 78, 143.30, 0, 12664, 1227, 715, P0, 0x0000000000000000
2026/09/17 07:41:11.316, 0, 79, 118.40, 100, 13600, 1088, 715, P0, 0x0000000000000020
2026/09/17 07:41:11.327, 1, 80, 172.26, 100, 12664, 1189, 715, P0, 0x0000000000000020
2026/09/17 07:41:12.344, 0, 79, 140.46, 100, 13600, 1101, 715, P0, 0x0000000000000020
2026/09/17 07:41:12.349, 1, 79, 153.93, 100, 12664, 1240, 715, P0, 0x0000000000000020
2026/09/17 07:41:13.361, 0, 79, 127.09, 100, 13600, 1101, 715, P0, 0x0000000000000020
2026/09/17 07:41:13.365, 1, 78, 55.78, 0, 12664, 1303, 715, P0, 0x0000000000000000
2026/09/17 07:41:14.377, 0, 79, 119.62, 100, 13600, 1101, 715, P0, 0x0000000000000020
2026/09/17 07:41:14.385, 1, 79, 159.56, 100, 12664, 1252, 715, P0, 0x0000000000000020
2026/09/17 07:41:15.395, 0, 79, 128.40, 100, 13600, 1088, 715, P0, 0x0000000000000020
2026/09/17 07:41:15.407, 1, 79, 127.95, 100, 12664, 1139, 715, P0, 0x0000000000000000
2026/09/17 07:41:16.425, 0, 79, 121.52, 100, 13600, 1101, 715, P0, 0x0000000000000000
2026/09/17 07:41:16.428, 1, 79, 128.26, 100, 12664, 1139, 715, P0, 0x0000000000000020
2026/09/17 07:41:17.440, 0, 79, 118.37, 100, 13600, 1088, 715, P0, 0x0000000000000020
2026/09/17 07:41:17.444, 1, 77, 49.36, 0, 12664, 1189, 715, P0, 0x0000000000000000
2026/09/17 07:41:18.451, 0, 79, 143.65, 100, 13600, 1139, 715, P0, 0x0000000000000000
2026/09/17 07:41:18.454, 1, 80, 144.19, 100, 12664, 1202, 715, P0, 0x0000000000000020
2026/09/17 07:41:19.468, 0, 79, 121.44, 100, 13600, 1101, 715, P0, 0x0000000000000000
2026/09/17 07:41:19.474, 1, 79, 134.15, 100, 12664, 1177, 715, P0, 0x0000000000000000
2026/09/17 07:41:20.483, 0, 79, 122.14, 100, 13600, 1101, 715, P0, 0x0000000000000020
2026/09/17 07:41:20.486, 1, 79, 133.90, 100, 12664, 1164, 715, P0, 0x0000000000000000
2026/09/17 07:41:21.498, 0, 79, 116.33, 99, 13600, 1088, 715, P0, 0x0000000000000020
2026/09/17 07:41:21.503, 1, 78, 166.04, 34, 12664, 1227, 715, P0, 0x0000000000000000
2026/09/17 07:41:22.508, 0, 79, 121.16, 100, 13600, 1101, 715, P0, 0x0000000000000020
2026/09/17 07:41:22.512, 1, 80, 145.21, 100, 12664, 1189, 715, P0, 0x0000000000000020
2026/09/17 07:41:23.525, 0, 79, 132.07, 100, 13600, 1113, 715, P0, 0x0000000000000020
2026/09/17 07:41:23.529, 1, 79, 102.79, 100, 12664, 1189, 715, P0, 0x0000000000000000
2026/09/17 07:41:24.542, 0, 79, 127.19, 100, 13600, 1101, 715, P0, 0x0000000000000020
2026/09/17 07:41:24.545, 1, 78, 50.28, 4, 12664, 1189, 715, P0, 0x0000000000000000
2026/09/17 07:41:25.556, 0, 79, 119.96, 100, 13600, 1088, 715, P0, 0x0000000000000020
2026/09/17 07:41:25.564, 1, 79, 144.48, 100, 12664, 1227, 715, P0, 0x0000000000000020
2026/09/17 07:41:26.574, 0, 79, 97.43, 100, 13600, 1113, 715, P0, 0x0000000000000000
2026/09/17 07:41:26.585, 1, 80, 147.98, 100, 12664, 1202, 715, P0, 0x0000000000000020
2026/09/17 07:41:27.604, 0, 79, 118.96, 100, 13600, 1101, 715, P0, 0x0000000000000000
2026/09/17 07:41:27.607, 1, 79, 121.88, 100, 12664, 1126, 715, P0, 0x0000000000000020
2026/09/17 07:41:28.618, 0, 79, 125.52, 100, 13600, 1088, 715, P0, 0x0000000000000020
2026/09/17 07:41:28.626, 1, 77, 49.35, 0, 12664, 1189, 715, P0, 0x0000000000000000
2026/09/17 07:41:29.635, 0, 79, 120.60, 100, 13600, 1101, 715, P0, 0x0000000000000000
2026/09/17 07:41:29.643, 1, 79, 149.66, 100, 12664, 1215, 715, P0, 0x0000000000000020
2026/09/17 07:41:30.666, 0, 79, 119.60, 100, 13600, 1101, 715, P0, 0x0000000000000020
2026/09/17 07:41:30.669, 1, 79, 130.36, 100, 12664, 1139, 715, P0, 0x0000000000000020
2026/09/17 07:41:31.682, 0, 79, 118.50, 100, 13600, 1088, 715, P0, 0x0000000000000020
2026/09/17 07:41:31.684, 1, 79, 111.79, 100, 12664, 1075, 715, P0, 0x0000000000000020
2026/09/17 07:41:32.696, 0, 79, 119.57, 100, 13600, 1088, 715, P0, 0x0000000000000020
2026/09/17 07:41:32.702, 1, 78, 134.39, 0, 12664, 1177, 715, P0, 0x0000000000000020
2026/09/17 07:41:33.718, 0, 79, 106.72, 100, 13600, 974, 715, P0, 0x0000000000000020
2026/09/17 07:41:33.723, 1, 79, 138.98, 100, 12664, 1189, 715, P0, 0x0000000000000000
2026/09/17 07:41:34.730, 0, 79, 105.02, 100, 13600, 974, 715, P0, 0x0000000000000020
2026/09/17 07:41:34.733, 1, 79, 142.96, 100, 12664, 1189, 715, P0, 0x0000000000000020
2026/09/17 07:41:35.746, 0, 79, 129.54, 100, 13600, 1075, 715, P0, 0x0000000000000000
2026/09/17 07:41:35.749, 1, 78, 52.46, 59, 12664, 1316, 715, P0, 0x0000000000000020
2026/09/17 07:41:36.762, 0, 79, 110.88, 99, 13600, 1025, 715, P0, 0x0000000000000020
2026/09/17 07:41:36.765, 1, 78, 170.33, 37, 12664, 1303, 715, P0, 0x0000000000000020
2026/09/17 07:41:37.778, 0, 79, 110.31, 100, 13600, 1037, 715, P0, 0x0000000000000000
2026/09/17 07:41:37.784, 1, 80, 135.38, 100, 12664, 1151, 715, P0, 0x0000000000000020
2026/09/17 07:41:38.791, 0, 79, 124.97, 100, 13600, 1050, 715, P0, 0x0000000000000000
2026/09/17 07:41:38.802, 1, 79, 137.40, 100, 12664, 1177, 715, P0, 0x0000000000000020
2026/09/17 07:41:39.808, 0, 79, 111.70, 100, 13600, 1050, 715, P0, 0x0000000000000020
2026/09/17 07:41:39.810, 1, 79, 51.78, 87, 12664, 1215, 715, P0, 0x0000000000000000
2026/09/17 07:41:40.819, 0, 79, 110.43, 99, 13600, 1050, 715, P0, 0x0000000000000020
2026/09/17 07:41:40.822, 1, 78, 160.32, 45, 12664, 1278, 715, P0, 0x0000000000000020
2026/09/17 07:41:41.833, 0, 79, 94.58, 100, 13600, 1037, 715, P0, 0x0000000000000000
2026/09/17 07:41:41.843, 1, 80, 144.67, 100, 12664, 1202, 715, P0, 0x0000000000000000
2026/09/17 07:41:42.849, 0, 79, 110.81, 100, 13600, 1025, 715, P0, 0x0000000000000020
2026/09/17 07:41:42.853, 1, 79, 129.96, 100, 12664, 1139, 715, P0, 0x0000000000000020
2026/09/17 07:41:43.865, 0, 79, 112.36, 100, 13600, 1037, 715, P0, 0x0000000000000020
2026/09/17 07:41:43.868, 1, 78, 50.33, 100, 12664, 1189, 715, P0, 0x0000000000000000
2026/09/17 07:41:44.878, 0, 79, 113.19, 99, 13600, 1025, 715, P0, 0x0000000000000020
2026/09/17 07:41:44.884, 1, 78, 131.79, 42, 12664, 1252, 715, P0, 0x0000000000000020
2026/09/17 07:41:45.893, 0, 79, 119.66, 100, 13600, 1050, 715, P0, 0x0000000000000020
2026/09/17 07:41:45.902, 1, 79, 160.22, 100, 12664, 1189, 715, P0, 0x0000000000000000
2026/09/17 07:41:46.911, 0, 79, 113.18, 100, 13600, 1075, 715, P0, 0x0000000000000020
2026/09/17 07:41:46.922, 1, 79, 129.71, 100, 12664, 1126, 715, P0, 0x0000000000000020
2026/09/17 07:41:47.927, 0, 79, 119.75, 100, 13600, 1075, 715, P0, 0x0000000000000020
2026/09/17 07:41:47.930, 1, 78, 49.36, 100, 12664, 1189, 715, P0, 0x0000000000000000
2026/09/17 07:41:48.942, 0, 79, 129.65, 100, 13600, 1075, 715, P0, 0x0000000000000000
2026/09/17 07:41:48.945, 1, 78, 151.09, 100, 12664, 1240, 715, P0, 0x0000000000000020
2026/09/17 07:41:49.959, 0, 79, 111.97, 100, 13600, 1050, 715, P0, 0x0000000000000020
2026/09/17 07:41:49.962, 1, 79, 143.82, 100, 12664, 1189, 715, P0, 0x0000000000000020
2026/09/17 07:41:50.970, 0, 79, 116.49, 100, 13600, 1063, 715, P0, 0x0000000000000020
2026/09/17 07:41:50.980, 1, 79, 126.38, 100, 12664, 1126, 715, P0, 0x0000000000000020
2026/09/17 07:41:51.988, 0, 79, 135.82, 100, 13600, 1126, 715, P0, 0x0000000000000000
2026/09/17 07:41:51.991, 1, 78, 55.77, 60, 12664, 1316, 715, P0, 0x0000000000000020
2026/09/17 07:41:53.001, 0, 79, 112.86, 100, 13600, 1075, 715, P0, 0x0000000000000020
2026/09/17 07:41:53.003, 1, 78, 144.29, 100, 12664, 1227, 715, P0, 0x0000000000000000
2026/09/17 07:41:54.016, 0, 79, 113.09, 100, 13600, 1050, 715, P0, 0x0000000000000020
2026/09/17 07:41:54.020, 1, 79, 151.12, 100, 12664, 1240, 715, P0, 0x0000000000000020
2026/09/17 07:41:55.032, 0, 79, 96.75, 100, 13600, 1075, 715, P0, 0x0000000000000000
2026/09/17 07:41:55.042, 1, 79, 133.59, 100, 12664, 1164, 715, P0, 0x0000000000000000
2026/09/17 07:41:56.046, 0, 79, 116.62, 100, 13600, 1075, 715, P0, 0x0000000000000020
2026/09/17 07:41:56.050, 1, 78, 50.32, 18, 12664, 1189, 715, P0, 0x0000000000000000
2026/09/17 07:41:57.059, 0, 79, 115.38, 100, 13600, 1075, 715, P0, 0x0000000000000020
2026/09/17 07:41:57.062, 1, 79, 162.33, 100, 12664, 1278, 715, P0, 0x0000000000000000
2026/09/17 07:41:58.074, 0, 79, 115.03, 100, 13600, 1063, 715, P0, 0x0000000000000020
2026/09/17 07:41:58.079, 1, 79, 138.16, 100, 12664, 1177, 715, P0, 0x0000000000000000
2026/09/17 07:41:59.089, 0, 79, 142.24, 100, 13600, 1088, 715, P0, 0x0000000000000020
2026/09/17 07:41:59.099, 1, 79, 136.21, 100, 12664, 1177, 715, P0, 0x0000000000000020
2026/09/17 07:42:00.122, 0, 79, 113.88, 100, 13600, 1075, 715, P0, 0x0000000000000000
2026/09/17 07:42:00.125, 1, 78, 49.85, 13, 12664, 1189, 715, P0, 0x0000000000000000
2026/09/17 07:42:01.135, 0, 79, 115.61, 100, 13600, 1075, 715, P0, 0x0000000000000000
2026/09/17 07:42:01.140, 1, 79, 155.62, 100, 12664, 1278, 715, P0, 0x0000000000000000
2026/09/17 07:42:02.149, 0, 79, 96.01, 100, 13600, 1063, 715, P0, 0x0000000000000000
2026/09/17 07:42:02.158, 1, 80, 145.60, 100, 12664, 1215, 715, P0, 0x0000000000000020
2026/09/17 07:42:03.171, 0, 79, 115.35, 100, 13600, 1075, 715, P0, 0x0000000000000020
2026/09/17 07:42:03.177, 1, 79, 128.77, 100, 12664, 1139, 715, P0, 0x0000000000000020
2026/09/17 07:42:04.189, 0, 79, 112.82, 100, 13600, 1075, 715, P0, 0x0000000000000020
2026/09/17 07:42:04.196, 1, 78, 55.12, 0, 12664, 1290, 715, P0, 0x0000000000000000
2026/09/17 07:42:05.200, 0, 79, 120.53, 100, 13600, 1075, 715, P0, 0x0000000000000020
2026/09/17 07:42:05.204, 1, 79, 146.83, 100, 12664, 1252, 715, P0, 0x0000000000000000
2026/09/17 07:42:06.210, 0, 79, 104.61, 100, 13600, 1075, 715, P0, 0x0000000000000000
2026/09/17 07:42:06.217, 1, 79, 138.77, 100, 12664, 1189, 715, P0, 0x0000000000000000
2026/09/17 07:42:07.223, 0, 79, 121.19, 100, 13600, 1088, 715, P0, 0x0000000000000020
2026/09/17 07:42:07.226, 1, 79, 136.55, 100, 12664, 1164, 715, P0, 0x0000000000000020
2026/09/17 07:42:08.240, 0, 79, 114.05, 100, 13600, 1075, 715, P0, 0x0000000000000020
2026/09/17 07:42:08.244, 1, 78, 50.09, 0, 12664, 1189, 715, P0, 0x0000000000000000
2026/09/17 07:42:09.255, 0, 79, 114.06, 100, 13600, 1075, 715, P0, 0x0000000000000000
2026/09/17 07:42:09.258, 1, 79, 141.49, 100, 12664, 1202, 715, P0, 0x0000000000000000
2026/09/17 07:42:10.269, 0, 79, 115.01, 100, 13600, 1075, 715, P0, 0x0000000000000000
2026/09/17 07:42:10.277, 1, 80, 145.70, 100, 12664, 1215, 715, P0, 0x0000000000000000
2026/09/17 07:42:11.282, 0, 79, 133.98, 100, 13600, 1113, 715, P0, 0x0000000000000000
2026/09/17 07:42:11.285, 1, 79, 129.11, 100, 12664, 1139, 715, P0, 0x0000000000000020
2026/09/17 07:42:12.295, 0, 79, 119.25, 100, 13600, 1101, 715, P0, 0x0000000000000020
2026/09/17 07:42:12.297, 1, 78, 56.07, 46, 12664, 1316, 715, P0, 0x0000000000000000
2026/09/17 07:42:13.312, 0, 79, 128.88, 100, 13600, 1101, 715, P0, 0x0000000000000020
2026/09/17 07:42:13.315, 1, 79, 153.11, 100, 12664, 1227, 715, P0, 0x0000000000000020
2026/09/17 07:42:14.327, 0, 79, 126.26, 100, 13600, 1101, 715, P0, 0x0000000000000020
2026/09/17 07:42:14.335, 1, 80, 153.11, 100, 12664, 1240, 715, P0, 0x0000000000000000
2026/09/17 07:42:15.339, 0, 79, 120.49, 100, 13600, 1101, 715, P0, 0x0000000000000020
2026/09/17 07:42:15.343, 1, 79, 132.69, 100, 12664, 1088, 715, P0, 0x0000000000000020
2026/09/17 07:42:16.355, 0, 79, 121.68, 100, 13600, 1101, 715, P0, 0x0000000000000020
2026/09/17 07:42:16.358, 1, 78, 49.12, 100, 12664, 1189, 715, P0, 0x0000000000000000
2026/09/17 07:42:17.366, 0, 79, 127.31, 100, 13600, 1113, 715, P0, 0x0000000000000020
2026/09/17 07:42:17.373, 1, 79, 140.66, 100, 12664, 1189, 715, P0, 0x0000000000000020
2026/09/17 07:42:18.392, 0, 79, 124.76, 100, 13600, 1113, 715, P0, 0x0000000000000020
2026/09/17 07:42:18.395, 1, 79, 143.05, 100, 12664, 1202, 715, P0, 0x0000000000000000
2026/09/17 07:42:19.405, 0, 79, 141.38, 100, 13600, 1101, 715, P0, 0x0000000000000020
2026/09/17 07:42:19.414, 1, 79, 128.12, 100, 12664, 1139, 715, P0, 0x0000000000000000
2026/09/17 07:42:20.423, 0, 79, 120.44, 100, 13600, 1101, 715, P0, 0x0000000000000020
2026/09/17 07:42:20.426, 1, 78, 55.58, 0, 12664, 1303, 715, P0, 0x0000000000000000
2026/09/17 07:42:21.437, 0, 79, 111.04, 100, 13600, 1012, 715, P0, 0x0000000000000020
2026/09/17 07:42:21.440, 1, 79, 124.27, 100, 12664, 1252, 715, P0, 0x0000000000000020
2026/09/17 07:42:22.453, 0, 79, 109.69, 100, 13600, 1012, 715, P0, 0x0000000000000020
2026/09/17 07:42:22.455, 1, 79, 123.83, 100, 12664, 1126, 715, P0, 0x0000000000000020
2026/09/17 07:42:23.464, 0, 79, 109.67, 100, 13600, 1025, 715, P0, 0x0000000000000000
2026/09/17 07:42:23.476, 1, 79, 128.30, 100, 12664, 1126, 715, P0, 0x0000000000000020
2026/09/17 07:42:24.492, 0, 79, 111.23, 100, 13600, 1025, 715, P0, 0x0000000000000020
2026/09/17 07:42:24.495, 1, 77, 49.61, 0, 12664, 1189, 715, P0, 0x0000000000000000
2026/09/17 07:42:25.509, 0, 79, 110.34, 100, 13600, 1025, 715, P0, 0x0000000000000000
2026/09/17 07:42:25.514, 1, 79, 180.21, 100, 12664, 1328, 715, P0, 0x0000000000000000
2026/09/17 07:42:26.525, 0, 79, 109.45, 100, 13600, 1025, 715, P0, 0x0000000000000000
2026/09/17 07:42:26.532, 1, 79, 108.93, 100, 12664, 1139, 715, P0, 0x0000000000000020
2026/09/17 07:42:27.538, 0, 79, 110.82, 100, 13600, 1025, 715, P0, 0x0000000000000000
2026/09/17 07:42:27.541, 1, 79, 126.21, 100, 12664, 1139, 715, P0, 0x0000000000000020
2026/09/17 07:42:28.559, 0, 79, 93.79, 100, 13600, 1075, 715, P0, 0x0000000000000000
2026/09/17 07:42:28.562, 1, 78, 53.28, 73, 12664, 1265, 715, P0, 0x0000000000000000
2026/09/17 07:42:29.575, 0, 79, 130.42, 100, 13600, 1075, 715, P0, 0x0000000000000020
2026/09/17 07:42:29.581, 1, 78, 157.41, 100, 12664, 1278, 715, P0, 0x0000000000000020
2026/09/17 07:42:30.587, 0, 79, 115.27, 100, 13600, 1075, 715, P0, 0x0000000000000020
2026/09/17 07:42:30.594, 1, 79, 155.79, 100, 12664, 1189, 715, P0, 0x0000000000000000
2026/09/17 07:42:31.601, 0, 79, 115.14, 100, 13600, 1075, 715, P0, 0x0000000000000020
2026/09/17 07:42:31.604, 1, 79, 121.67, 100, 12664, 1126, 715, P0, 0x0000000000000020
2026/09/17 07:42:32.615, 0, 79, 120.56, 100, 13600, 1088, 715, P0, 0x0000000000000020
2026/09/17 07:42:32.618, 1, 79, 127.31, 100, 12664, 1139, 715, P0, 0x0000000000000000
2026/09/17 07:42:33.628, 0, 79, 116.21, 99, 13600, 1075, 715, P0, 0x0000000000000020
2026/09/17 07:42:33.633, 1, 78, 145.94, 76, 12664, 1215, 715, P0, 0x0000000000000020
2026/09/17 07:42:34.648, 0, 79, 114.55, 100, 13600, 1063, 715, P0, 0x0000000000000020
2026/09/17 07:42:34.652, 1, 79, 145.83, 100, 12664, 1227, 715, P0, 0x0000000000000020
2026/09/17 07:42:35.661, 0, 79, 131.61, 100, 13600, 1088, 715, P0, 0x0000000000000000
2026/09/17 07:42:35.664, 1, 79, 133.20, 100, 12664, 1151, 715, P0, 0x0000000000000000
2026/09/17 07:42:36.687, 0, 79, 121.77, 100, 13600, 1075, 715, P0, 0x0000000000000020
2026/09/17 07:42:36.694, 1, 79, 119.26, 100, 12664, 1088, 715, P0, 0x0000000000000020
2026/09/17 07:42:37.704, 0, 79, 113.34, 100, 13600, 1075, 715, P0, 0x0000000000000020
2026/09/17 07:42:37.711, 1, 78, 141.64, 0, 12664, 1189, 715, P0, 0x0000000000000020
2026/09/17 07:42:38.718, 0, 79, 113.32, 100, 13600, 1075, 715, P0, 0x0000000000000020
2026/09/17 07:42:38.722, 1, 79, 150.91, 100, 12664, 1202, 715, P0, 0x0000000000000020
2026/09/17 07:42:39.732, 0, 79, 119.81, 100, 13600, 1075, 715, P0, 0x0000000000000020
2026/09/17 07:42:39.736, 1, 79, 134.87, 100, 12664, 1164, 715, P0, 0x0000000000000020
2026/09/17 07:42:40.745, 0, 79, 121.90, 100, 13600, 1075, 715, P0, 0x0000000000000020
2026/09/17 07:42:40.749, 1, 79, 131.55, 100, 12664, 1139, 715, P0, 0x0000000000000020
2026/09/17 07:42:41.759, 0, 79, 110.98, 100, 13600, 1101, 715, P0, 0x0000000000000000
2026/09/17 07:42:41.762, 1, 77, 48.91, 0, 12664, 1189, 715, P0, 0x0000000000000000
2026/09/17 07:42:42.776, 0, 79, 135.97, 100, 13600, 1113, 715, P0, 0x0000000000000000
2026/09/17 07:42:42.779, 1, 80, 162.40, 100, 12664, 1278, 715, P0, 0x0000000000000020
2026/09/17 07:42:43.790, 0, 79, 122.14, 100, 13600, 1075, 715, P0, 0x0000000000000020
2026/09/17 07:42:43.793, 1, 79, 136.07, 100, 12664, 1164, 715, P0, 0x0000000000000020
2026/09/17 07:42:44.807, 0, 79, 119.83, 100, 13600, 1088, 715, P0, 0x0000000000000020
2026/09/17 07:42:44.810, 1, 79, 132.02, 100, 12664, 1164, 715, P0, 0x0000000000000020
2026/09/17 07:42:45.821, 0, 79, 118.37, 100, 13600, 1088, 715, P0, 0x0000000000000020
2026/09/17 07:42:45.829, 1, 77, 50.31, 0, 12664, 1215, 715, P0, 0x0000000000000000
2026/09/17 07:42:46.837, 0, 79, 113.93, 100, 13600, 1075, 715, P0, 0x0000000000000020
2026/09/17 07:42:46.840, 1, 79, 169.57, 100, 12664, 1240, 715, P0, 0x0000000000000020
2026/09/17 07:42:47.853, 0, 79, 119.83, 100, 13600, 1075, 715, P0, 0x0000000000000020
2026/09/17 07:42:47.856, 1, 79, 133.20, 100, 12664, 1164, 715, P0, 0x0000000000000020
2026/09/17 07:42:48.864, 0, 79, 122.38, 100, 13600, 1075, 715, P0, 0x0000000000000020
2026/09/17 07:42:48.868, 1, 79, 126.57, 100, 12664, 1151, 715, P0, 0x0000000000000020
2026/09/17 07:42:49.878, 0, 79, 121.42, 100, 13600, 1101, 715, P0, 0x0000000000000000
2026/09/17 07:42:49.888, 1, 77, 49.35, 0, 12664, 1189, 715, P0, 0x0000000000000000
2026/09/17 07:42:50.892, 0, 79, 115.15, 100, 13600, 1063, 715, P0, 0x0000000000000020
2026/09/17 07:42:50.895, 1, 79, 159.59, 100, 12664, 1265, 715, P0, 0x0000000000000000
2026/09/17 07:42:51.904, 0, 79, 96.32, 100, 13600, 1101, 715, P0, 0x0000000000000000
2026/09/17 07:42:51.907, 1, 79, 131.91, 100, 12664, 1164, 715, P0, 0x0000000000000020
2026/09/17 07:42:52.918, 0, 79, 140.42, 100, 13600, 1075, 715, P0, 0x0000000000000020
2026/09/17 07:42:52.930, 1, 79, 138.34, 100, 12664, 1164, 715, P0, 0x0000000000000020
2026/09/17 07:42:53.948, 0, 79, 122.87, 100, 13600, 1075, 715, P0, 0x0000000000000020
2026/09/17 07:42:53.951, 1, 78, 49.59, 0, 12664, 1189, 715, P0, 0x0000000000000000
2026/09/17 07:42:54.963, 0, 79, 116.57, 100, 13600, 1075, 715, P0, 0x0000000000000020
2026/09/17 07:42:54.967, 1, 79, 160.06, 100, 12664, 1265, 715, P0, 0x0000000000000020
2026/09/17 07:42:55.978, 0, 79, 115.84, 100, 13600, 1075, 715, P0, 0x0000000000000020
2026/09/17 07:42:55.987, 1, 79, 123.27, 100, 12664, 1126, 715, P0, 0x0000000000000020
2026/09/17 07:42:56.990, 0, 79, 113.70, 100, 13600, 1075, 715, P0, 0x0000000000000020
2026/09/17 07:42:56.993, 1, 79, 120.47, 100, 12664, 1126, 715, P0, 0x0000000000000020
2026/09/17 07:42:58.005, 0, 79, 115.74, 100, 13600, 1075, 715, P0, 0x0000000000000020
2026/09/17 07:42:58.008, 1, 78, 50.32, 100, 12664, 1189, 715, P0, 0x0000000000000000
2026/09/17 07:42:59.016, 0, 79, 115.49, 100, 13600, 1075, 715, P0, 0x0000000000000020
2026/09/17 07:42:59.028, 1, 79, 145.46, 100, 12664, 1227, 715, P0, 0x0000000000000020
2026/09/17 07:43:00.047, 0, 79, 121.39, 100, 13600, 1075, 715, P0, 0x0000000000000020
2026/09/17 07:43:00.050, 1, 79, 146.16, 100, 12664, 1227, 715, P0, 0x0000000000000020
2026/09/17 07:43:01.061, 0, 79, 120.66, 100, 13600, 1101, 715, P0, 0x0000000000000000
2026/09/17 07:43:01.064, 1, 79, 113.10, 100, 12664, 1050, 715, P0, 0x0000000000000020
2026/09/17 07:43:02.079, 0, 79, 122.74, 100, 13600, 1075, 715, P0, 0x0000000000000020
2026/09/17 07:43:02.084, 1, 79, 113.56, 100, 12664, 1063, 715, P0, 0x0000000000000020
2026/09/17 07:43:03.094, 0, 79, 120.31, 99, 13600, 1101, 715, P0, 0x0000000000000000
2026/09/17 07:43:03.098, 1, 78, 132.00, 65, 12664, 1164, 715, P0, 0x0000000000000020
2026/09/17 07:43:04.108, 0, 79, 121.40, 100, 13600, 1075, 715, P0, 0x0000000000000020
2026/09/17 07:43:04.111, 1, 79, 144.97, 100, 12664, 1189, 715, P0, 0x0000000000000020
2026/09/17 07:43:05.124, 0, 79, 120.06, 100, 13600, 1063, 715, P0, 0x0000000000000020
2026/09/17 07:43:05.126, 1, 79, 132.50, 100, 12664, 1164, 715, P0, 0x0000000000000020
2026/09/17 07:43:06.138, 0, 79, 126.83, 100, 13600, 1075, 715, P0, 0x0000000000000020
2026/09/17 07:43:06.146, 1, 79, 142.23, 100, 12664, 1164, 715, P0, 0x0000000000000020
2026/09/17 07:43:07.156, 0, 79, 121.41, 100, 13600, 1075, 715, P0, 0x0000000000000020
2026/09/17 07:43:07.163, 1, 77, 53.90, 0, 12664, 1290, 715, P0, 0x0000000000000000
2026/09/17 07:43:08.169, 0, 79, 121.36, 100, 13600, 1075, 715, P0, 0x0000000000000020
2026/09/17 07:43:08.172, 1, 79, 157.41, 100, 12664, 1240, 715, P0, 0x0000000000000000
2026/09/17 07:43:09.189, 0, 79, 121.05, 100, 13600, 1075, 715, P0, 0x0000000000000020
2026/09/17 07:43:09.192, 1, 79, 122.85, 100, 12664, 1126, 715, P0, 0x0000000000000020
2026/09/17 07:43:10.207, 0, 79, 118.05, 100, 13600, 1063, 715, P0, 0x0000000000000020
2026/09/17 07:43:10.210, 1, 79, 146.62, 100, 12664, 1177, 715, P0, 0x0000000000000000
2026/09/17 07:43:11.224, 0, 79, 111.37, 100, 13600, 1101, 715, P0, 0x0000000000000000
2026/09/17 07:43:11.227, 1, 77, 54.43, 0, 12664, 1290, 715, P0, 0x0000000000000000
2026/09/17 07:43:12.236, 0, 79, 121.16, 100, 13600, 1063, 715, P0, 0x0000000000000020
2026/09/17 07:43:12.244, 1, 79, 145.10, 100, 12664, 1215, 715, P0, 0x0000000000000000
2026/09/17 07:43:13.253, 0, 79, 115.57, 100, 13600, 1063, 715, P0, 0x0000000000000020
2026/09/17 07:43:13.264, 1, 79, 138.06, 100, 12664, 1177, 715, P0, 0x0000000000000020
2026/09/17 07:43:14.269, 0, 79, 122.01, 100, 13600, 1075, 715, P0, 0x0000000000000020
2026/09/17 07:43:14.272, 1, 79, 118.63, 100, 12664, 1075, 715, P0, 0x0000000000000020
2026/09/17 07:43:15.296, 0, 79, 105.72, 100, 13600, 1075, 715, P0, 0x0000000000000020
2026/09/17 07:43:15.304, 1, 78, 56.32, 0, 12664, 1316, 715, P0, 0x0000000000000000
2026/09/17 07:43:16.310, 0, 79, 115.88, 100, 13600, 1075, 715, P0, 0x0000000000000020
2026/09/17 07:43:16.313, 1, 79, 149.10, 100, 12664, 1202, 715, P0, 0x0000000000000000
2026/09/17 07:43:17.327, 0, 79, 121.64, 100, 13600, 1075, 715, P0, 0x0000000000000020
2026/09/17 07:43:17.330, 1, 79, 143.54, 100, 12664, 1189, 715, P0, 0x0000000000000020
2026/09/17 07:43:18.339, 0, 79, 118.51, 100, 13600, 1088, 715, P0, 0x0000000000000020
2026/09/17 07:43:18.342, 1, 79, 110.29, 100, 12664, 1050, 715, P0, 0x0000000000000000
2026/09/17 07:43:19.351, 0, 79, 121.79, 100, 13600, 1075, 715, P0, 0x0000000000000020
2026/09/17 07:43:19.354, 1, 78, 111.90, 100, 12664, 1075, 715, P0, 0x0000000000000020
2026/09/17 07:43:20.364, 0, 79, 119.10, 99, 13600, 1088, 715, P0, 0x0000000000000020
2026/09/17 07:43:20.368, 1, 78, 136.70, 50, 12664, 1189, 715, P0, 0x0000000000000020
2026/09/17 07:43:21.380, 0, 79, 121.87, 100, 13600, 1075, 715, P0, 0x0000000000000020
2026/09/17 07:43:21.383, 1, 79, 147.60, 100, 12664, 1215, 715, P0, 0x0000000000000000
2026/09/17 07:43:22.393, 0, 79, 116.23, 100, 13600, 1075, 715, P0, 0x0000000000000020
2026/09/17 07:43:22.400, 1, 79, 137.27, 100, 12664, 1139, 715, P0, 0x0000000000000020
2026/09/17 07:43:23.408, 0, 79, 119.34, 100, 13600, 1075, 715, P0, 0x0000000000000020
2026/09/17 07:43:23.411, 1, 79, 132.50, 100, 12664, 1139, 715, P0, 0x0000000000000020
2026/09/17 07:43:24.419, 0, 79, 121.18, 100, 13600, 1075, 715, P0, 0x0000000000000020
2026/09/17 07:43:24.422, 1, 77, 51.04, 0, 12664, 1227, 715, P0, 0x0000000000000000
2026/09/17 07:43:25.436, 0, 79, 116.09, 100, 13600, 1075, 715, P0, 0x0000000000000020
2026/09/17 07:43:25.446, 1, 79, 167.89, 100, 12664, 1252, 715, P0, 0x0000000000000020
2026/09/17 07:43:26.451, 0, 79, 119.57, 100, 13600, 1075, 715, P0, 0x0000000000000020
2026/09/17 07:43:26.459, 1, 79, 135.11, 100, 12664, 1164, 715, P0, 0x0000000000000020
2026/09/17 07:43:27.478, 0, 79, 115.77, 100, 13600, 1075, 715, P0, 0x0000000000000020
2026/09/17 07:43:27.480, 1, 79, 133.94, 100, 12664, 1164, 715, P0, 0x0000000000000000
2026/09/17 07:43:28.497, 0, 79, 113.54, 100, 13600, 1075, 715, P0, 0x0000000000000020
2026/09/17 07:43:28.500, 1, 77, 55.35, 0, 12664, 1303, 715, P0, 0x0000000000000000
2026/09/17 07:43:29.511, 0, 79, 115.16, 100, 13600, 1075, 715, P0, 0x0000000000000020
2026/09/17 07:43:29.518, 1, 79, 153.94, 100, 12664, 1252, 715, P0, 0x0000000000000000
2026/09/17 07:43:30.525, 0, 79, 114.36, 100, 13600, 1075, 715, P0, 0x0000000000000020
2026/09/17 07:43:30.529, 1, 79, 149.07, 100, 12664, 1177, 715, P0, 0x0000000000000020
2026/09/17 07:43:31.539, 0, 79, 120.07, 100, 13600, 1075, 715, P0, 0x0000000000000020
2026/09/17 07:43:31.543, 1, 79, 133.70, 100, 12664, 1164, 715, P0, 0x0000000000000020
2026/09/17 07:43:32.558, 0, 79, 125.03, 100, 13600, 1063, 715, P0, 0x0000000000000020
2026/09/17 07:43:32.561, 1, 78, 55.60, 68, 12664, 1303, 715, P0, 0x0000000000000000
2026/09/17 07:43:33.571, 0, 79, 120.11, 100, 13600, 1126, 715, P0, 0x0000000000000000
2026/09/17 07:43:33.576, 1, 79, 160.76, 82, 12664, 1265, 715, P0, 0x0000000000000000
2026/09/17 07:43:34.585, 0, 79, 122.14, 100, 13600, 1075, 715, P0, 0x0000000000000020
2026/09/17 07:43:34.589, 1, 79, 136.06, 100, 12664, 1177, 715, P0, 0x0000000000000000
2026/09/17 07:43:35.598, 0, 79, 118.14, 100, 13600, 1075, 715, P0, 0x0000000000000020
2026/09/17 07:43:35.601, 1, 79, 141.01, 100, 12664, 1164, 715, P0, 0x0000000000000020
2026/09/17 07:43:36.614, 0, 79, 125.85, 100, 13600, 1075, 715, P0, 0x0000000000000020
2026/09/17 07:43:36.619, 1, 79, 119.02, 100, 12664, 1101, 715, P0, 0x0000000000000000
2026/09/17 07:43:37.629, 0, 79, 121.41, 100, 13600, 1101, 715, P0, 0x0000000000000000
2026/09/17 07:43:37.637, 1, 77, 54.63, 0, 12664, 1303, 715, P0, 0x0000000000000000
2026/09/17 07:43:38.645, 0, 79, 113.59, 100, 13600, 1075, 715, P0, 0x0000000000000020
2026/09/17 07:43:38.648, 1, 79, 138.40, 100, 12664, 1189, 715, P0, 0x0000000000000020
2026/09/17 07:43:39.659, 0, 79, 119.33, 100, 13600, 1088, 715, P0, 0x0000000000000020
2026/09/17 07:43:39.662, 1, 79, 136.32, 100, 12664, 1189, 715, P0, 0x0000000000000000
2026/09/17 07:43:40.674, 0, 79, 114.66, 100, 13600, 1075, 715, P0, 0x0000000000000020
2026/09/17 07:43:40.677, 1, 79, 122.38, 100, 12664, 1126, 715, P0, 0x0000000000000020
2026/09/17 07:43:41.687, 0, 79, 120.70, 100, 13600, 1088, 715, P0, 0x0000000000000020
2026/09/17 07:43:41.695, 1, 77, 49.59, 0, 12664, 1189, 715, P0, 0x0000000000000000
2026/09/17 07:43:42.703, 0, 79, 144.88, 100, 13600, 1151, 715, P0, 0x0000000000000000
2026/09/17 07:43:42.706, 1, 79, 159.16, 100, 12664, 1265, 715, P0, 0x0000000000000020
2026/09/17 07:43:43.716, 0, 79, 121.41, 100, 13600, 1075, 715, P0, 0x0000000000000020
2026/09/17 07:43:43.719, 1, 79, 139.10, 100, 12664, 1177, 715, P0, 0x0000000000000020
2026/09/17 07:43:44.744, 0, 79, 121.89, 100, 13600, 1075, 715, P0, 0x0000000000000020
2026/09/17 07:43:44.747, 1, 80, 131.82, 100, 12664, 1177, 715, P0, 0x0000000000000020
2026/09/17 07:43:45.765, 0, 79, 121.53, 100, 13600, 1075, 715, P0, 0x0000000000000020
2026/09/17 07:43:45.774, 1, 79, 105.54, 100, 12664, 1101, 715, P0, 0x0000000000000020
2026/09/17 07:43:46.782, 0, 79, 112.69, 99, 13600, 1075, 715, P0, 0x0000000000000020
2026/09/17 07:43:46.786, 1, 78, 137.28, 11, 12664, 1189, 715, P0, 0x0000000000000000
2026/09/17 07:43:47.797, 0, 79, 113.18, 100, 13600, 1075, 715, P0, 0x0000000000000020
2026/09/17 07:43:47.800, 1, 79, 114.60, 100, 12664, 1227, 715, P0, 0x0000000000000000
2026/09/17 07:43:48.813, 0, 79, 115.27, 100, 13600, 1075, 715, P0, 0x0000000000000020
2026/09/17 07:43:48.815, 1, 79, 133.22, 100, 12664, 1139, 715, P0, 0x0000000000000020
2026/09/17 07:43:49.827, 0, 79, 144.91, 100, 13600, 1088, 715, P0, 0x0000000000000020
2026/09/17 07:43:49.835, 1, 79, 127.43, 100, 12664, 1139, 715, P0, 0x0000000000000020
2026/09/17 07:43:50.843, 0, 79, 105.99, 100, 13600, 1075, 715, P0, 0x0000000000000020
2026/09/17 07:43:50.853, 1, 77, 49.16, 0, 12664, 1189, 715, P0, 0x0000000000000000
2026/09/17 07:43:51.859, 0, 79, 119.22, 100, 13600, 1075, 715, P0, 0x0000000000000020
2026/09/17 07:43:51.862, 1, 79, 157.43, 100, 12664, 1252, 715, P0, 0x0000000000000020
2026/09/17 07:43:52.875, 0, 79, 117.53, 100, 13600, 1075, 715, P0, 0x0000000000000020
2026/09/17 07:43:52.878, 1, 79, 122.14, 100, 12664, 1126, 715, P0, 0x0000000000000000
2026/09/17 07:43:53.892, 0, 79, 113.46, 100, 13600, 1075, 715, P0, 0x0000000000000020
2026/09/17 07:43:53.895, 1, 79, 121.66, 100, 12664, 1126, 715, P0, 0x0000000000000020
2026/09/17 07:43:54.908, 0, 79, 121.41, 100, 13600, 1088, 715, P0, 0x0000000000000020
2026/09/17 07:43:54.912, 1, 78, 54.38, 68, 12664, 1290, 715, P0, 0x0000000000000000
2026/09/17 07:43:55.924, 0, 79, 127.57, 100, 13600, 1075, 715, P0, 0x0000000000000020
2026/09/17 07:43:55.933, 1, 79, 150.13, 100, 12664, 1227, 715, P0, 0x0000000000000020
2026/09/17 07:43:56.940, 0, 79, 119.21, 100, 13600, 1088, 715, P0, 0x0000000000000020
2026/09/17 07:43:56.943, 1, 80, 160.51, 100, 12664, 1252, 715, P0, 0x0000000000000020
2026/09/17 07:43:57.954, 0, 79, 117.94, 100, 13600, 1088, 715, P0, 0x0000000000000020
2026/09/17 07:43:57.957, 1, 79, 121.40, 100, 12664, 1113, 715, P0, 0x0000000000000020
2026/09/17 07:43:58.970, 0, 79, 113.70, 100, 13600, 1075, 715, P0, 0x0000000000000020
2026/09/17 07:43:58.975, 1, 79, 120.70, 100, 12664, 1126, 715, P0, 0x0000000000000000
2026/09/17 07:43:59.984, 0, 79, 115.95, 100, 13600, 1075, 715, P0, 0x0000000000000020
2026/09/17 07:43:59.992, 1, 77, 54.15, 0, 12664, 1290, 715, P0, 0x0000000000000000
2026/09/17 07:44:01.001, 0, 79, 119.73, 100, 13600, 1088, 715, P0, 0x0000000000000020
2026/09/17 07:44:01.004, 1, 79, 144.98, 100, 12664, 1227, 715, P0, 0x0000000000000020
2026/09/17 07:44:02.017, 0, 79, 94.67, 100, 13600, 1075, 715, P0, 0x0000000000000020
2026/09/17 07:44:02.020, 1, 79, 121.92, 100, 12664, 1126, 715, P0, 0x0000000000000020
2026/09/17 07:44:03.031, 0, 79, 121.74, 100, 13600, 1075, 715, P0, 0x0000000000000020
2026/09/17 07:44:03.035, 1, 79, 130.34, 100, 12664, 1139, 715, P0, 0x0000000000000020
2026/09/17 07:44:04.047, 0, 79, 119.96, 100, 13600, 1088, 715, P0, 0x0000000000000020
2026/09/17 07:44:04.052, 1, 78, 55.82, 62, 12664, 1303, 715, P0, 0x0000000000000000
2026/09/17 07:44:05.063, 0, 79, 113.55, 100, 13600, 1075, 715, P0, 0x0000000000000020
2026/09/17 07:44:05.071, 1, 79, 155.56, 100, 12664, 1265, 715, P0, 0x0000000000000000
2026/09/17 07:44:06.077, 0, 79, 115.99, 100, 13600, 1075, 715, P0, 0x0000000000000020
2026/09/17 07:44:06.081, 1, 79, 136.33, 100, 12664, 1177, 715, P0, 0x0000000000000000
2026/09/17 07:44:07.091, 0, 79, 97.96, 100, 13600, 1075, 715, P0, 0x0000000000000020
2026/09/17 07:44:07.097, 1, 79, 146.76, 100, 12664, 1189, 715, P0, 0x0000000000000000
2026/09/17 07:44:08.106, 0, 79, 123.36, 100, 13600, 1075, 715, P0, 0x0000000000000020
2026/09/17 07:44:08.110, 1, 79, 132.50, 100, 12664, 1151, 715, P0, 0x0000000000000000
2026/09/17 07:44:09.120, 0, 79, 120.21, 100, 13600, 1088, 715, P0, 0x0000000000000020
2026/09/17 07:44:09.130, 1, 77, 55.59, 0, 12664, 1316, 715, P0, 0x0000000000000000
2026/09/17 07:44:10.149, 0, 79, 120.44, 100, 13600, 1088, 715, P0, 0x0000000000000020
2026/09/17 07:44:10.152, 1, 79, 145.43, 100, 12664, 1215, 715, P0, 0x0000000000000000
2026/09/17 07:44:11.164, 0, 79, 133.66, 100, 13600, 1126, 715, P0, 0x0000000000000020
2026/09/17 07:44:11.168, 1, 80, 134.28, 100, 12664, 1139, 715, P0, 0x0000000000000020
2026/09/17 07:44:12.183, 0, 79, 122.84, 100, 13600, 1075, 715, P0, 0x0000000000000020
2026/09/17 07:44:12.188, 1, 79, 146.34, 100, 12664, 1189, 715, P0, 0x0000000000000000
2026/09/17 07:44:13.200, 0, 79, 122.63, 100, 13600, 1075, 715, P0, 0x0000000000000020
2026/09/17 07:44:13.207, 1, 78, 49.81, 10, 12664, 1189, 715, P0, 0x0000000000000000
2026/09/17 07:44:14.214, 0, 79, 113.56, 100, 13600, 1075, 715, P0, 0x0000000000000020
2026/09/17 07:44:14.217, 1, 79, 153.25, 100, 12664, 1240, 715, P0, 0x0000000000000000
2026/09/17 07:44:15.231, 0, 79, 117.44, 100, 13600, 1075, 715, P0, 0x0000000000000020
2026/09/17 07:44:15.234, 1, 79, 137.92, 100, 12664, 1177, 715, P0, 0x0000000000000020
2026/09/17 07:44:16.250, 0, 79, 120.68, 100, 13600, 1075, 715, P0, 0x0000000000000020
2026/09/17 07:44:16.254, 1, 80, 137.65, 100, 12664, 1189, 715, P0, 0x0000000000000000
2026/09/17 07:44:17.267, 0, 79, 120.80, 100, 13600, 1075, 715, P0, 0x0000000000000020
2026/09/17 07:44:17.271, 1, 79, 127.07, 100, 12664, 1126, 715, P0, 0x0000000000000020
2026/09/17 07:44:18.280, 0, 79, 120.69, 100, 13600, 1088, 715, P0, 0x0000000000000020
2026/09/17 07:44:18.286, 1, 77, 53.90, 0, 12664, 1290, 715, P0, 0x0000000000000000
2026/09/17 07:44:19.296, 0, 79, 126.08, 100, 13600, 1075, 715, P0, 0x0000000000000020
2026/09/17 07:44:19.299, 1, 79, 159.45, 100, 12664, 1252, 715, P0, 0x0000000000000020
2026/09/17 07:44:20.310, 0, 79, 121.20, 100, 13600, 1075, 715, P0, 0x0000000000000020
2026/09/17 07:44:20.313, 1, 79, 132.00, 100, 12664, 1139, 715, P0, 0x0000000000000020
2026/09/17 07:44:21.329, 0, 79, 119.84, 100, 13600, 1075, 715, P0, 0x0000000000000020
2026/09/17 07:44:21.332, 1, 79, 126.59, 100, 12664, 1139, 715, P0, 0x0000000000000020
2026/09/17 07:44:22.345, 0, 79, 115.47, 100, 13600, 1075, 715, P0, 0x0000000000000020
2026/09/17 07:44:22.348, 1, 78, 56.07, 44, 12664, 1316, 715, P0, 0x0000000000000000
2026/09/17 07:44:23.360, 0, 79, 107.58, 100, 13600, 1151, 715, P0, 0x0000000000000000
2026/09/17 07:44:23.366, 1, 78, 150.51, 100, 12664, 1240, 715, P0, 0x0000000000000000
2026/09/17 07:44:24.374, 0, 79, 119.57, 100, 13600, 1075, 715, P0, 0x0000000000000020
2026/09/17 07:44:24.378, 1, 79, 137.18, 100, 12664, 1189, 715, P0, 0x0000000000000020
2026/09/17 07:44:25.387, 0, 79, 120.93, 100, 13600, 1088, 715, P0, 0x0000000000000020
2026/09/17 07:44:25.390, 1, 79, 137.42, 100, 12664, 1189, 715, P0, 0x0000000000000020
2026/09/17 07:44:26.404, 0, 79, 123.11, 100, 13600, 1075, 715, P0, 0x0000000000000020
2026/09/17 07:44:26.408, 1, 79, 136.48, 100, 12664, 1177, 715, P0, 0x0000000000000020
2026/09/17 07:44:27.419, 0, 79, 113.81, 100, 13600, 1075, 715, P0, 0x0000000000000020
2026/09/17 07:44:27.426, 1, 77, 49.12, 0, 12664, 1189, 715, P0, 0x0000000000000000
2026/09/17 07:44:28.436, 0, 79, 121.87, 100, 13600, 1075, 715, P0, 0x0000000000000020
2026/09/17 07:44:28.445, 1, 80, 125.19, 100, 12664, 1290, 715, P0, 0x0000000000000000
2026/09/17 07:44:29.456, 0, 79, 113.69, 100, 13600, 1075, 715, P0, 0x0000000000000020
2026/09/17 07:44:29.465, 1, 79, 141.05, 100, 12664, 1164, 715, P0, 0x0000000000000000
2026/09/17 07:44:30.489, 0, 79, 125.58, 100, 13600, 1113, 715, P0, 0x0000000000000000
2026/09/17 07:44:30.494, 1, 79, 150.51, 100, 12664, 1189, 715, P0, 0x0000000000000000
2026/09/17 07:44:31.501, 0, 79, 123.80, 100, 13600, 1075, 715, P0, 0x0000000000000020
2026/09/17 07:44:31.506, 1, 79, 96.25, 100, 12664, 1189, 715, P0, 0x0000000000000000
2026/09/17 07:44:32.519, 0, 79, 120.68, 99, 13600, 1088, 715, P0, 0x0000000000000020
2026/09/17 07:44:32.523, 1, 78, 144.73, 40, 12664, 1227, 715, P0, 0x0000000000000000
2026/09/17 07:44:33.534, 0, 79, 129.22, 100, 13600, 1101, 715, P0, 0x0000000000000020
2026/09/17 07:44:33.545, 1, 80, 145.90, 100, 12664, 1227, 715, P0, 0x0000000000000020
2026/09/17 07:44:34.567, 0, 79, 116.72, 100, 13600, 1075, 715, P0, 0x0000000000000020
2026/09/17 07:44:34.572, 1, 79, 130.91, 100, 12664, 1151, 715, P0, 0x0000000000000000
2026/09/17 07:44:35.583, 0, 79, 115.99, 100, 13600, 1075, 715, P0, 0x0000000000000020
2026/09/17 07:44:35.586, 1, 79, 135.83, 100, 12664, 1151, 715, P0, 0x0000000000000020
2026/09/17 07:44:36.609, 0, 79, 114.05, 100, 13600, 1075, 715, P0, 0x0000000000000020
2026/09/17 07:44:36.612, 1, 77, 49.60, 0, 12664, 1189, 715, P0, 0x0000000000000000
2026/09/17 07:44:37.627, 0, 79, 108.14, 100, 13600, 1075, 715, P0, 0x0000000000000020
2026/09/17 07:44:37.630, 1, 79, 143.21, 100, 12664, 1202, 715, P0, 0x0000000000000000
2026/09/17 07:44:38.640, 0, 79, 119.95, 100, 13600, 1088, 715, P0, 0x0000000000000020
2026/09/17 07:44:38.643, 1, 80, 147.27, 100, 12664, 1202, 715, P0, 0x0000000000000000
2026/09/17 07:44:39.658, 0, 79, 116.97, 100, 13600, 1075, 715, P0, 0x0000000000000020
2026/09/17 07:44:39.661, 1, 79, 126.83, 100, 12664, 1139, 715, P0, 0x0000000000000020
2026/09/17 07:44:40.671, 0, 79, 100.06, 100, 13600, 1126, 715, P0, 0x0000000000000000
2026/09/17 07:44:40.682, 1, 79, 135.98, 100, 12664, 1139, 715, P0, 0x0000000000000020
2026/09/17 07:44:41.701, 0, 79, 119.99, 100, 13600, 1088, 715, P0, 0x0000000000000020
2026/09/17 07:44:41.703, 1, 77, 48.39, 0, 12664, 1189, 715, P0, 0x0000000000000000
2026/09/17 07:44:42.716, 0, 79, 120.20, 100, 13600, 1088, 715, P0, 0x0000000000000020
2026/09/17 07:44:42.721, 1, 80, 144.02, 100, 12664, 1202, 715, P0, 0x0000000000000020
2026/09/17 07:44:43.732, 0, 79, 93.23, 100, 13600, 1164, 715, P0, 0x0000000000000000
2026/09/17 07:44:43.740, 1, 79, 128.75, 100, 12664, 1139, 715, P0, 0x0000000000000020
2026/09/17 07:44:44.748, 0, 79, 113.67, 100, 13600, 1075, 715, P0, 0x0000000000000020
2026/09/17 07:44:44.751, 1, 79, 129.01, 100, 12664, 1139, 715, P0, 0x0000000000000020
2026/09/17 07:44:45.769, 0, 79, 114.26, 100, 13600, 1075, 715, P0, 0x0000000000000020
2026/09/17 07:44:45.773, 1, 78, 56.09, 45, 12664, 1316, 715, P0, 0x0000000000000000
2026/09/17 07:44:46.798, 0, 79, 127.47, 100, 13600, 1113, 715, P0, 0x0000000000000000
2026/09/17 07:44:46.801, 1, 79, 151.94, 100, 12664, 1252, 715, P0, 0x0000000000000000
2026/09/17 07:44:47.811, 0, 79, 123.32, 100, 13600, 1063, 715, P0, 0x0000000000000020
2026/09/17 07:44:47.823, 1, 79, 143.05, 100, 12664, 1189, 715, P0, 0x0000000000000020
2026/09/17 07:44:48.829, 0, 79, 115.11, 100, 13600, 1075, 715, P0, 0x0000000000000020
2026/09/17 07:44:48.833, 1, 79, 127.57, 100, 12664, 1126, 715, P0, 0x0000000000000020
2026/09/17 07:44:49.849, 0, 79, 119.25, 100, 13600, 1075, 715, P0, 0x0000000000000020
2026/09/17 07:44:49.852, 1, 79, 143.87, 100, 12664, 1126, 715, P0, 0x0000000000000020
2026/09/17 07:44:50.879, 0, 79, 122.86, 100, 13600, 1075, 715, P0, 0x0000000000000020
2026/09/17 07:44:50.882, 1, 77, 51.01, 0, 12664, 1227, 715, P0, 0x0000000000000000
2026/09/17 07:44:51.891, 0, 79, 118.97, 100, 13600, 1088, 715, P0, 0x0000000000000020
2026/09/17 07:44:51.899, 1, 79, 157.20, 100, 12664, 1252, 715, P0, 0x0000000000000020
2026/09/17 07:44:52.905, 0, 79, 122.61, 100, 13600, 1075, 715, P0, 0x0000000000000020
2026/09/17 07:44:52.908, 1, 79, 138.13, 100, 12664, 1189, 715, P0, 0x0000000000000000
2026/09/17 07:44:53.927, 0, 79, 113.58, 100, 13600, 1075, 715, P0, 0x0000000000000020
2026/09/17 07:44:53.930, 1, 80, 138.64, 100, 12664, 1101, 715, P0, 0x0000000000000020
2026/09/17 07:44:54.944, 0, 79, 119.39, 100, 13600, 1075, 715, P0, 0x0000000000000020
2026/09/17 07:44:54.947, 1, 79, 118.30, 100, 12664, 1101, 715, P0, 0x0000000000000020
2026/09/17 07:44:55.960, 0, 79, 107.14, 100, 13600, 999, 715, P0, 0x0000000000000020
2026/09/17 07:44:55.963, 1, 77, 48.89, 0, 12664, 1189, 715, P0, 0x0000000000000000
2026/09/17 07:44:56.974, 0, 79, 90.77, 100, 13600, 987, 715, P0, 0x0000000000000000
2026/09/17 07:44:56.980, 1, 79, 154.04, 100, 12664, 1227, 715, P0, 0x0000000000000020
2026/09/17 07:44:57.989, 0, 79, 107.03, 100, 13600, 987, 715, P0, 0x0000000000000020
2026/09/17 07:44:58.000, 1, 79, 127.34, 100, 12664, 1139, 715, P0, 0x0000000000000020
2026/09/17 07:44:59.005, 0, 79, 108.00, 100, 13600, 987, 715, P0, 0x0000000000000020
2026/09/17 07:44:59.008, 1, 79, 127.85, 100, 12664, 1139, 715, P0, 0x0000000000000020
2026/09/17 07:45:00.020, 0, 79, 112.12, 100, 13600, 1025, 715, P0, 0x0000000000000020
2026/09/17 07:45:00.022, 1, 78, 49.85, 100, 12664, 1189, 715, P0, 0x0000000000000000
2026/09/17 07:45:01.035, 0, 79, 107.62, 100, 13600, 999, 715, P0, 0x0000000000000020
2026/09/17 07:45:01.038, 1, 76, 48.67, 0, 12664, 1189, 715, P0, 0x0000000000000000
2026/09/17 07:45:02.045, 0, 79, 98.11, 100, 13600, 1012, 715, P0, 0x0000000000000020
2026/09/17 07:45:02.048, 1, 79, 154.15, 100, 12664, 1252, 715, P0, 0x0000000000000000
2026/09/17 07:45:03.061, 0, 79, 112.97, 100, 13600, 1037, 715, P0, 0x0000000000000020
2026/09/17 07:45:03.063, 1, 79, 127.81, 100, 12664, 1139, 715, P0, 0x0000000000000000
2026/09/17 07:45:04.077, 0, 79, 83.22, 100, 13600, 1037, 715, P0, 0x0000000000000000
2026/09/17 07:45:04.080, 1, 79, 126.03, 100, 12664, 1139, 715, P0, 0x0000000000000020
2026/09/17 07:45:05.095, 0, 79, 111.40, 100, 13600, 1037, 715, P0, 0x0000000000000000
2026/09/17 07:45:05.100, 1, 79, 55.62, 90, 12664, 1202, 715, P0, 0x0000000000000000
2026/09/17 07:45:06.107, 0, 79, 128.10, 100, 13600, 1063, 715, P0, 0x0000000000000000
2026/09/17 07:45:06.118, 1, 76, 49.31, 0, 12664, 1202, 715, P0, 0x0000000000000000
2026/09/17 07:45:07.135, 0, 79, 113.08, 100, 13600, 1075, 715, P0, 0x0000000000000000
2026/09/17 07:45:07.139, 1, 80, 154.68, 100, 12664, 1252, 715, P0, 0x0000000000000020
2026/09/17 07:45:08.149, 0, 79, 124.81, 100, 13600, 1075, 715, P0, 0x0000000000000020
2026/09/17 07:45:08.158, 1, 79, 123.31, 100, 12664, 1126, 715, P0, 0x0000000000000020
2026/09/17 07:45:09.164, 0, 79, 122.27, 100, 13600, 1075, 715, P0, 0x0000000000000020
2026/09/17 07:45:09.167, 1, 79, 103.87, 100, 12664, 1139, 715, P0, 0x0000000000000000
2026/09/17 07:45:10.177, 0, 79, 119.99, 100, 13600, 1075, 715, P0, 0x0000000000000020
2026/09/17 07:45:10.180, 1, 78, 50.08, 24, 12664, 1189, 715, P0, 0x0000000000000000
2026/09/17 07:45:11.188, 0, 79, 113.20, 99, 13600, 1075, 715, P0, 0x0000000000000000
2026/09/17 07:45:11.196, 1, 78, 172.70, 61, 12664, 1316, 715, P0, 0x0000000000000000
2026/09/17 07:45:12.200, 0, 79, 115.63, 100, 13600, 1063, 715, P0, 0x0000000000000020
2026/09/17 07:45:12.204, 1, 79, 127.80, 100, 12664, 1177, 715, P0, 0x0000000000000020
2026/09/17 07:45:13.215, 0, 79, 116.72, 100, 13600, 1063, 715, P0, 0x0000000000000020
2026/09/17 07:45:13.218, 1, 79, 139.59, 100, 12664, 1189, 715, P0, 0x0000000000000000
2026/09/17 07:45:14.229, 0, 79, 112.87, 100, 13600, 1063, 715, P0, 0x0000000000000000
2026/09/17 07:45:14.238, 1, 80, 139.14, 100, 12664, 1189, 715, P0, 0x0000000000000000
2026/09/17 07:45:15.256, 0, 79, 120.23, 100, 13600, 1075, 715, P0, 0x0000000000000000
2026/09/17 07:45:15.259, 1, 77, 49.59, 0, 12664, 1189, 715, P0, 0x0000000000000000
2026/09/17 07:45:16.267, 0, 79, 114.15, 100, 13600, 1075, 715, P0, 0x0000000000000020
2026/09/17 07:45:16.275, 1, 79, 178.55, 100, 12664, 1316, 715, P0, 0x0000000000000000
2026/09/17 07:45:17.279, 0, 79, 115.28, 100, 13600, 1075, 715, P0, 0x0000000000000000
2026/09/17 07:45:17.282, 1, 79, 139.35, 100, 12664, 1189, 715, P0, 0x0000000000000000
2026/09/17 07:45:18.293, 0, 79, 115.12, 100, 13600, 1075, 715, P0, 0x0000000000000020
2026/09/17 07:45:18.297, 1, 79, 121.66, 100, 12664, 1113, 715, P0, 0x0000000000000020
2026/09/17 07:45:19.309, 0, 79, 120.81, 100, 13600, 1063, 715, P0, 0x0000000000000020
2026/09/17 07:45:19.316, 1, 79, 122.36, 100, 12664, 1113, 715, P0, 0x0000000000000020
2026/09/17 07:45:20.337, 0, 79, 115.01, 100, 13600, 1063, 715, P0, 0x0000000000000020
2026/09/17 07:45:20.340, 1, 77, 49.12, 0, 12664, 1189, 715, P0, 0x0000000000000000
2026/09/17 07:45:21.357, 0, 79, 84.03, 100, 13600, 1075, 715, P0, 0x0000000000000000
2026/09/17 07:45:21.362, 1, 79, 160.71, 100, 12664, 1265, 715, P0, 0x0000000000000020
2026/09/17 07:45:22.371, 0, 79, 112.93, 100, 13600, 1075, 715, P0, 0x0000000000000000
2026/09/17 07:45:22.375, 1, 79, 138.47, 100, 12664, 1177, 715, P0, 0x0000000000000020
2026/09/17 07:45:23.386, 0, 79, 83.36, 100, 13600, 1126, 715, P0, 0x0000000000000000
2026/09/17 07:45:23.394, 1, 79, 131.76, 100, 12664, 1151, 715, P0, 0x0000000000000000
2026/09/17 07:45:24.414, 0, 79, 114.67, 100, 13600, 1075, 715, P0, 0x0000000000000000
2026/09/17 07:45:24.417, 1, 79, 125.44, 100, 12664, 1189, 715, P0, 0x0000000000000000
2026/09/17 07:45:25.432, 0, 79, 129.78, 100, 13600, 1126, 715, P0, 0x0000000000000000
2026/09/17 07:45:25.435, 1, 77, 49.07, 0, 12664, 1189, 715, P0, 0x0000000000000000
2026/09/17 07:45:26.454, 0, 79, 114.62, 100, 13600, 1075, 715, P0, 0x0000000000000000
2026/09/17 07:45:26.457, 1, 79, 149.19, 100, 12664, 1278, 715, P0, 0x0000000000000000
2026/09/17 07:45:27.467, 0, 79, 129.14, 100, 13600, 1113, 715, P0, 0x0000000000000000
2026/09/17 07:45:27.474, 1, 79, 118.27, 100, 12664, 1088, 715, P0, 0x0000000000000020
2026/09/17 07:45:28.481, 0, 79, 118.18, 100, 13600, 1075, 715, P0, 0x0000000000000020
2026/09/17 07:45:28.484, 1, 79, 121.64, 100, 12664, 1126, 715, P0, 0x0000000000000020
2026/09/17 07:45:29.496, 0, 79, 93.59, 100, 13600, 1088, 715, P0, 0x0000000000000000
2026/09/17 07:45:29.499, 1, 79, 132.05, 100, 12664, 1151, 715, P0, 0x0000000000000000
2026/09/17 07:45:30.509, 0, 79, 114.75, 100, 13600, 1075, 715, P0, 0x0000000000000020
2026/09/17 07:45:30.514, 1, 77, 54.63, 0, 12664, 1303, 715, P0, 0x0000000000000000
2026/09/17 07:45:31.521, 0, 79, 103.14, 100, 13600, 1063, 715, P0, 0x0000000000000020
2026/09/17 07:45:31.524, 1, 79, 154.83, 100, 12664, 1227, 715, P0, 0x0000000000000020
2026/09/17 07:45:32.533, 0, 79, 114.55, 100, 13600, 1063, 715, P0, 0x0000000000000020
2026/09/17 07:45:32.536, 1, 79, 136.81, 100, 12664, 1177, 715, P0, 0x0000000000000020
2026/09/17 07:45:33.547, 0, 79, 120.68, 100, 13600, 1063, 715, P0, 0x0000000000000020
2026/09/17 07:45:33.555, 1, 80, 142.43, 100, 12664, 1189, 715, P0, 0x0000000000000020
2026/09/17 07:45:34.560, 0, 79, 114.63, 100, 13600, 1063, 715, P0, 0x0000000000000020
2026/09/17 07:45:34.566, 1, 79, 72.45, 100, 12664, 1189, 715, P0, 0x0000000000000000
2026/09/17 07:45:35.579, 0, 79, 116.22, 100, 13600, 1075, 715, P0, 0x0000000000000000
2026/09/17 07:45:35.582, 1, 77, 48.88, 0, 12664, 1189, 715, P0, 0x0000000000000000
2026/09/17 07:45:36.594, 0, 79, 113.55, 100, 13600, 1075, 715, P0, 0x0000000000000020
2026/09/17 07:45:36.597, 1, 79, 153.73, 100, 12664, 1252, 715, P0, 0x0000000000000020
2026/09/17 07:45:37.608, 0, 79, 113.20, 100, 13600, 1075, 715, P0, 0x0000000000000000
2026/09/17 07:45:37.611, 1, 79, 126.61, 100, 12664, 1126, 715, P0, 0x0000000000000020
2026/09/17 07:45:38.625, 0, 79, 116.98, 100, 13600, 1075, 715, P0, 0x0000000000000020
2026/09/17 07:45:38.631, 1, 79, 121.90, 100, 12664, 1126, 715, P0, 0x0000000000000020
2026/09/17 07:45:39.639, 0, 79, 113.06, 100, 13600, 1063, 715, P0, 0x0000000000000020
2026/09/17 07:45:39.642, 1, 79, 58.27, 100, 12664, 1189, 715, P0, 0x0000000000000000
2026/09/17 07:45:40.654, 0, 79, 116.59, 100, 13600, 1088, 715, P0, 0x0000000000000000
2026/09/17 07:45:40.657, 1, 77, 162.57, 0, 12664, 1316, 715, P0, 0x0000000000000000
2026/09/17 07:45:41.666, 0, 79, 114.43, 100, 13600, 1063, 715, P0, 0x0000000000000020
2026/09/17 07:45:41.669, 1, 79, 159.73, 100, 12664, 1252, 715, P0, 0x0000000000000020
2026/09/17 07:45:42.680, 0, 79, 135.03, 100, 13600, 1075, 715, P0, 0x0000000000000020
2026/09/17 07:45:42.692, 1, 79, 149.92, 100, 12664, 1164, 715, P0, 0x0000000000000020
2026/09/17 07:45:43.708, 0, 79, 114.90, 100, 13600, 1075, 715, P0, 0x0000000000000020
2026/09/17 07:45:43.712, 1, 79, 123.10, 100, 12664, 1126, 715, P0, 0x0000000000000000
2026/09/17 07:45:44.722, 0, 79, 86.09, 100, 13600, 1139, 715, P0, 0x0000000000000000
2026/09/17 07:45:44.729, 1, 78, 50.33, 15, 12664, 1189, 715, P0, 0x0000000000000000
2026/09/17 07:45:45.739, 0, 79, 112.50, 99, 13600, 1075, 715, P0, 0x0000000000000020
2026/09/17 07:45:45.748, 1, 78, 167.71, 55, 12664, 1316, 715, P0, 0x0000000000000000
2026/09/17 07:45:46.767, 0, 79, 114.57, 100, 13600, 1075, 715, P0, 0x0000000000000000
2026/09/17 07:45:46.770, 1, 79, 132.50, 100, 12664, 1164, 715, P0, 0x0000000000000020
2026/09/17 07:45:47.778, 0, 79, 113.42, 100, 13600, 1075, 715, P0, 0x0000000000000020
2026/09/17 07:45:47.788, 1, 79, 133.94, 100, 12664, 1164, 715, P0, 0x0000000000000020
2026/09/17 07:45:48.807, 0, 79, 112.94, 100, 13600, 1063, 715, P0, 0x0000000000000020
2026/09/17 07:45:48.810, 1, 79, 146.46, 100, 12664, 1177, 715, P0, 0x0000000000000000
2026/09/17 07:45:49.824, 0, 79, 114.53, 100, 13600, 1063, 715, P0, 0x0000000000000020
2026/09/17 07:45:49.829, 1, 78, 50.33, 30, 12664, 1189, 715, P0, 0x0000000000000000
2026/09/17 07:45:50.839, 0, 79, 120.05, 99, 13600, 1050, 715, P0, 0x0000000000000020
2026/09/17 07:45:50.851, 1, 78, 178.04, 49, 12664, 1328, 715, P0, 0x0000000000000000
2026/09/17 07:45:51.854, 0, 79, 129.50, 100, 13600, 1088, 715, P0, 0x0000000000000020
2026/09/17 07:45:51.857, 1, 79, 136.71, 100, 12664, 1164, 715, P0, 0x0000000000000020
2026/09/17 07:45:52.869, 0, 79, 116.71, 100, 13600, 1075, 715, P0, 0x0000000000000020
2026/09/17 07:45:52.872, 1, 79, 137.92, 100, 12664, 1177, 715, P0, 0x0000000000000020
2026/09/17 07:45:53.884, 0, 79, 91.51, 100, 13600, 1088, 715, P0, 0x0000000000000000
2026/09/17 07:45:53.890, 1, 79, 137.80, 100, 12664, 1177, 715, P0, 0x0000000000000020
2026/09/17 07:45:54.911, 0, 79, 121.19, 100, 13600, 1101, 715, P0, 0x0000000000000020
2026/09/17 07:45:54.914, 1, 78, 49.83, 4, 12664, 1189, 715, P0, 0x0000000000000000
2026/09/17 07:45:55.927, 0, 79, 94.42, 100, 13600, 1101, 715, P0, 0x0000000000000000
2026/09/17 07:45:55.931, 1, 78, 168.62, 100, 12664, 1316, 715, P0, 0x0000000000000020
2026/09/17 07:45:56.944, 0, 79, 121.16, 100, 13600, 1101, 715, P0, 0x0000000000000020
2026/09/17 07:45:56.948, 1, 79, 143.57, 100, 12664, 1189, 715, P0, 0x0000000000000020
2026/09/17 07:45:57.959, 0, 79, 99.58, 100, 13600, 1126, 715, P0, 0x0000000000000000
2026/09/17 07:45:57.968, 1, 79, 137.87, 100, 12664, 1189, 715, P0, 0x0000000000000000
2026/09/17 07:45:58.988, 0, 79, 121.40, 100, 13600, 1101, 715, P0, 0x0000000000000000
2026/09/17 07:45:58.992, 1, 79, 110.93, 100, 12664, 1075, 715, P0, 0x0000000000000020
2026/09/17 07:46:00.003, 0, 79, 132.33, 100, 13600, 1151, 715, P0, 0x0000000000000000
2026/09/17 07:46:00.007, 1, 77, 50.23, 0, 12664, 1202, 715, P0, 0x0000000000000000
2026/09/17 07:46:01.015, 0, 79, 120.44, 100, 13600, 1101, 715, P0, 0x0000000000000020
2026/09/17 07:46:01.018, 1, 78, 144.25, 100, 12664, 1189, 715, P0, 0x0000000000000000
2026/09/17 07:46:02.028, 0, 79, 95.29, 100, 13600, 1101, 715, P0, 0x0000000000000000
2026/09/17 07:46:02.032, 1, 79, 145.36, 100, 12664, 1189, 715, P0, 0x0000000000000020
2026/09/17 07:46:03.043, 0, 79, 120.57, 100, 13600, 1088, 715, P0, 0x0000000000000020
2026/09/17 07:46:03.045, 1, 79, 123.33, 100, 12664, 1126, 715, P0, 0x0000000000000020
2026/09/17 07:46:04.057, 0, 79, 128.05, 100, 13600, 1088, 715, P0, 0x0000000000000020
2026/09/17 07:46:04.066, 1, 79, 132.27, 100, 12664, 1139, 715, P0, 0x0000000000000020
2026/09/17 07:46:05.076, 0, 79, 119.03, 100, 13600, 1088, 715, P0, 0x0000000000000020
2026/09/17 07:46:05.084, 1, 77, 49.35, 0, 12664, 1189, 715, P0, 0x0000000000000000
2026/09/17 07:46:06.094, 0, 79, 121.05, 100, 13600, 1101, 715, P0, 0x0000000000000000
2026/09/17 07:46:06.103, 1, 79, 163.43, 100, 12664, 1265, 715, P0, 0x0000000000000020
2026/09/17 07:46:07.122, 0, 79, 121.29, 100, 13600, 1101, 715, P0, 0x0000000000000000
2026/09/17 07:46:07.126, 1, 79, 128.45, 100, 12664, 1189, 715, P0, 0x0000000000000000
2026/09/17 07:46:08.134, 0, 79, 121.66, 100, 13600, 1101, 715, P0, 0x0000000000000000
2026/09/17 07:46:08.143, 1, 80, 140.28, 100, 12664, 1189, 715, P0, 0x0000000000000000
2026/09/17 07:46:09.150, 0, 79, 114.53, 100, 13600, 1075, 715, P0, 0x0000000000000020
2026/09/17 07:46:09.153, 1, 79, 103.90, 100, 12664, 949, 715, P0, 0x0000000000000000
2026/09/17 07:46:10.177, 0, 79, 121.65, 100, 13600, 1101, 715, P0, 0x0000000000000000
2026/09/17 07:46:10.184, 1, 77, 54.86, 0, 12664, 1303, 715, P0, 0x0000000000000000
2026/09/17 07:46:11.191, 0, 79, 118.37, 100, 13600, 1075, 715, P0, 0x0000000000000020
2026/09/17 07:46:11.195, 1, 79, 142.18, 100, 12664, 1189, 715, P0, 0x0000000000000020
2026/09/17 07:46:12.204, 0, 79, 120.68, 100, 13600, 1088, 715, P0, 0x0000000000000020
2026/09/17 07:46:12.207, 1, 79, 145.43, 100, 12664, 1215, 715, P0, 0x0000000000000020
2026/09/17 07:46:13.212, 0, 79, 137.58, 100, 13600, 1151, 715, P0, 0x0000000000000020
2026/09/17 07:46:13.217, 1, 80, 139.73, 100, 12664, 1164, 715, P0, 0x0000000000000000
2026/09/17 07:46:14.228, 0, 79, 119.60, 100, 13600, 1101, 715, P0, 0x0000000000000000
2026/09/17 07:46:14.231, 1, 79, 128.27, 100, 12664, 1139, 715, P0, 0x0000000000000000
2026/09/17 07:46:15.247, 0, 79, 139.52, 100, 13600, 1139, 715, P0, 0x0000000000000000
2026/09/17 07:46:15.250, 1, 77, 50.99, 0, 12664, 1227, 715, P0, 0x0000000000000000
2026/09/17 07:46:16.258, 0, 79, 121.53, 100, 13600, 1101, 715, P0, 0x0000000000000000
2026/09/17 07:46:16.263, 1, 79, 159.96, 100, 12664, 1252, 715, P0, 0x0000000000000020
2026/09/17 07:46:17.273, 0, 79, 125.26, 100, 13600, 1101, 715, P0, 0x0000000000000000
2026/09/17 07:46:17.276, 1, 79, 130.33, 100, 12664, 1139, 715, P0, 0x0000000000000020
2026/09/17 07:46:18.287, 0, 79, 121.19, 100, 13600, 1101, 715, P0, 0x0000000000000020
2026/09/17 07:46:18.291, 1, 79, 140.17, 100, 12664, 1164, 715, P0, 0x0000000000000020
2026/09/17 07:46:19.299, 0, 79, 116.07, 100, 13600, 1088, 715, P0, 0x0000000000000000
2026/09/17 07:46:19.305, 1, 79, 130.83, 100, 12664, 1139, 715, P0, 0x0000000000000020
2026/09/17 07:46:20.310, 0, 79, 125.28, 100, 13600, 1101, 715, P0, 0x0000000000000020
2026/09/17 07:46:20.313, 1, 77, 49.11, 0, 12664, 1189, 715, P0, 0x0000000000000000
2026/09/17 07:46:21.323, 0, 79, 121.04, 100, 13600, 1088, 715, P0, 0x0000000000000020
2026/09/17 07:46:21.327, 1, 79, 163.75, 100, 12664, 1265, 715, P0, 0x0000000000000020
2026/09/17 07:46:22.342, 0, 79, 97.25, 100, 13600, 1126, 715, P0, 0x0000000000000000
2026/09/17 07:46:22.345, 1, 79, 128.70, 100, 12664, 1139, 715, P0, 0x0000000000000000
2026/09/17 07:46:23.358, 0, 79, 119.61, 100, 13600, 1101, 715, P0, 0x0000000000000020
2026/09/17 07:46:23.364, 1, 79, 123.56, 100, 12664, 1126, 715, P0, 0x0000000000000020
2026/09/17 07:46:24.374, 0, 79, 122.16, 100, 13600, 1101, 715, P0, 0x0000000000000000
2026/09/17 07:46:24.384, 1, 79, 128.26, 100, 12664, 1139, 715, P0, 0x0000000000000000
2026/09/17 07:46:25.388, 0, 79, 120.94, 100, 13600, 1101, 715, P0, 0x0000000000000020
2026/09/17 07:46:25.391, 1, 77, 49.11, 0, 12664, 1189, 715, P0, 0x0000000000000000
2026/09/17 07:46:26.407, 0, 79, 121.78, 100, 13600, 1101, 715, P0, 0x0000000000000000
2026/09/17 07:46:26.410, 1, 79, 173.55, 100, 12664, 1265, 715, P0, 0x0000000000000000
2026/09/17 07:46:27.421, 0, 79, 136.53, 100, 13600, 1075, 715, P0, 0x0000000000000020
2026/09/17 07:46:27.428, 1, 79, 138.13, 100, 12664, 1177, 715, P0, 0x0000000000000020
2026/09/17 07:46:28.434, 0, 79, 100.53, 100, 13600, 885, 715, P0, 0x0000000000000020
2026/09/17 07:46:28.447, 1, 79, 140.67, 100, 12664, 1164, 715, P0, 0x0000000000000020
2026/09/17 07:46:29.465, 0, 79, 99.64, 100, 13600, 898, 715, P0, 0x0000000000000000
2026/09/17 07:46:29.469, 1, 79, 136.14, 100, 12664, 1177, 715, P0, 0x0000000000000000
2026/09/17 07:46:30.477, 0, 78, 103.35, 100, 13600, 923, 715, P0, 0x0000000000000020
2026/09/17 07:46:30.486, 1, 77, 48.89, 0, 12664, 1189, 715, P0, 0x0000000000000000
2026/09/17 07:46:31.496, 0, 79, 105.83, 100, 13600, 974, 715, P0, 0x0000000000000020
2026/09/17 07:46:31.502, 1, 79, 182.38, 100, 12664, 1328, 715, P0, 0x0000000000000000
2026/09/17 07:46:32.512, 0, 79, 105.51, 100, 13600, 974, 715, P0, 0x0000000000000020
2026/09/17 07:46:32.523, 1, 79, 138.02, 100, 12664, 1177, 715, P0, 0x0000000000000000
2026/09/17 07:46:33.541, 0, 79, 106.48, 100, 13600, 974, 715, P0, 0x0000000000000000
2026/09/17 07:46:33.544, 1, 79, 138.04, 100, 12664, 1177, 715, P0, 0x0000000000000020
2026/09/17 07:46:34.555, 0, 79, 108.63, 100, 13600, 1025, 715, P0, 0x0000000000000020
2026/09/17 07:46:34.564, 1, 79, 135.87, 100, 12664, 1177, 715, P0, 0x0000000000000000
2026/09/17 07:46:35.574, 0, 79, 110.18, 100, 13600, 1025, 715, P0, 0x0000000000000020
2026/09/17 07:46:35.582, 1, 77, 55.36, 0, 12664, 1303, 715, P0, 0x0000000000000000
2026/09/17 07:46:36.590, 0, 79, 115.29, 100, 13600, 1037, 715, P0, 0x0000000000000020
2026/09/17 07:46:36.593, 1, 76, 115.48, 0, 12664, 1303, 715, P0, 0x0000000000000000
2026/09/17 07:46:37.605, 0, 79, 109.25, 100, 13600, 1025, 715, P0, 0x0000000000000020
2026/09/17 07:46:37.609, 1, 80, 159.80, 100, 12664, 1240, 715, P0, 0x0000000000000000
2026/09/17 07:46:38.622, 0, 79, 115.02, 100, 13600, 1075, 715, P0, 0x0000000000000000
2026/09/17 07:46:38.625, 1, 79, 138.64, 100, 12664, 1189, 715, P0, 0x0000000000000000
2026/09/17 07:46:39.632, 0, 79, 115.02, 100, 13600, 1075, 715, P0, 0x0000000000000000
2026/09/17 07:46:39.641, 1, 79, 137.92, 100, 12664, 1177, 715, P0, 0x0000000000000020
2026/09/17 07:46:40.661, 0, 79, 112.82, 100, 13600, 1050, 715, P0, 0x0000000000000020
2026/09/17 07:46:40.663, 1, 79, 54.89, 100, 12664, 1189, 715, P0, 0x0000000000000000
2026/09/17 07:46:41.681, 0, 79, 119.01, 100, 13600, 1050, 715, P0, 0x0000000000000020
2026/09/17 07:46:41.685, 1, 77, 51.28, 0, 12664, 1252, 715, P0, 0x0000000000000000
2026/09/17 07:46:42.694, 0, 79, 115.39, 100, 13600, 1063, 715, P0, 0x0000000000000020
2026/09/17 07:46:42.701, 1, 80, 155.78, 100, 12664, 1227, 715, P0, 0x0000000000000020
2026/09/17 07:46:43.724, 0, 79, 127.58, 100, 13600, 1075, 715, P0, 0x0000000000000020
2026/09/17 07:46:43.727, 1, 79, 142.54, 100, 12664, 1189, 715, P0, 0x0000000000000020
2026/09/17 07:46:44.736, 0, 79, 112.98, 100, 13600, 1075, 715, P0, 0x0000000000000020
2026/09/17 07:46:44.739, 1, 79, 122.38, 100, 12664, 1126, 715, P0, 0x0000000000000000
2026/09/17 07:46:45.756, 0, 79, 120.48, 100, 13600, 1101, 715, P0, 0x0000000000000000
2026/09/17 07:46:45.759, 1, 79, 141.67, 100, 12664, 1151, 715, P0, 0x0000000000000000
2026/09/17 07:46:46.769, 0, 79, 117.90, 100, 13600, 1101, 715, P0, 0x0000000000000000
2026/09/17 07:46:46.772, 1, 77, 51.97, 0, 12664, 1265, 715, P0, 0x0000000000000000
2026/09/17 07:46:47.788, 0, 79, 113.08, 100, 13600, 1075, 715, P0, 0x0000000000000020
2026/09/17 07:46:47.788, 1, 79, 152.53, 100, 12664, 1252, 715, P0, 0x0000000000000020
2026/09/17 07:46:48.805, 0, 79, 117.43, 100, 13600, 1101, 715, P0, 0x0000000000000000
2026/09/17 07:46:48.808, 1, 79, 136.55, 100, 12664, 1177, 715, P0, 0x0000000000000020
2026/09/17 07:46:49.824, 0, 79, 139.01, 100, 13600, 1139, 715, P0, 0x0000000000000000
2026/09/17 07:46:49.827, 1, 79, 111.62, 100, 12664, 1189, 715, P0, 0x0000000000000000
2026/09/17 07:46:50.840, 0, 79, 115.04, 100, 13600, 1075, 715, P0, 0x0000000000000020
2026/09/17 07:46:50.843, 1, 79, 138.64, 100, 12664, 1164, 715, P0, 0x0000000000000020
2026/09/17 07:46:51.852, 0, 79, 119.08, 100, 13600, 1101, 715, P0, 0x0000000000000000
2026/09/17 07:46:51.860, 1, 77, 51.74, 0, 12664, 1240, 715, P0, 0x0000000000000000
2026/09/17 07:46:52.867, 0, 79, 102.29, 100, 13600, 1101, 715, P0, 0x0000000000000000
2026/09/17 07:46:52.870, 1, 79, 161.63, 100, 12664, 1278, 715, P0, 0x0000000000000020
2026/09/17 07:46:53.882, 0, 79, 117.21, 100, 13600, 1075, 715, P0, 0x0000000000000020
2026/09/17 07:46:53.885, 1, 79, 139.99, 100, 12664, 1189, 715, P0, 0x0000000000000000
2026/09/17 07:46:54.900, 0, 79, 120.08, 100, 13600, 1088, 715, P0, 0x0000000000000020
2026/09/17 07:46:54.903, 1, 79, 128.27, 100, 12664, 1139, 715, P0, 0x0000000000000020
2026/09/17 07:46:55.910, 0, 79, 103.88, 100, 13600, 1075, 715, P0, 0x0000000000000020
2026/09/17 07:46:55.921, 1, 79, 142.03, 100, 12664, 1126, 715, P0, 0x0000000000000020
2026/09/17 07:46:56.938, 0, 79, 115.01, 100, 13600, 1075, 715, P0, 0x0000000000000020
2026/09/17 07:46:56.940, 1, 77, 49.36, 0, 12664, 1189, 715, P0, 0x0000000000000000
2026/09/17 07:46:57.952, 0, 79, 118.96, 100, 13600, 1088, 715, P0, 0x0000000000000020
2026/09/17 07:46:57.959, 1, 79, 162.81, 100, 12664, 1265, 715, P0, 0x0000000000000020
2026/09/17 07:46:58.966, 0, 79, 123.09, 100, 13600, 1075, 715, P0, 0x0000000000000020
2026/09/17 07:46:58.969, 1, 79, 138.13, 100, 12664, 1177, 715, P0, 0x0000000000000020
2026/09/17 07:46:59.981, 0, 79, 121.04, 100, 13600, 1088, 715, P0, 0x0000000000000020
2026/09/17 07:46:59.985, 1, 79, 122.85, 100, 12664, 1126, 715, P0, 0x0000000000000020
2026/09/17 07:47:00.997, 0, 79, 113.44, 100, 13600, 1075, 715, P0, 0x0000000000000020
2026/09/17 07:47:01.000, 1, 79, 128.53, 100, 12664, 1139, 715, P0, 0x0000000000000000
2026/09/17 07:47:02.013, 0, 79, 128.08, 100, 13600, 1088, 715, P0, 0x0000000000000020
2026/09/17 07:47:02.020, 1, 78, 49.80, 0, 12664, 1189, 715, P0, 0x0000000000000000
2026/09/17 07:47:03.026, 0, 79, 130.05, 100, 13600, 1088, 715, P0, 0x0000000000000020
2026/09/17 07:47:03.029, 1, 78, 161.11, 100, 12664, 1278, 715, P0, 0x0000000000000000
2026/09/17 07:47:04.037, 0, 79, 119.02, 100, 13600, 1088, 715, P0, 0x0000000000000020
2026/09/17 07:47:04.039, 1, 79, 149.45, 100, 12664, 1189, 715, P0, 0x0000000000000000
2026/09/17 07:47:05.052, 0, 79, 122.83, 100, 13600, 1075, 715, P0, 0x0000000000000020
2026/09/17 07:47:05.056, 1, 79, 144.73, 100, 12664, 1189, 715, P0, 0x0000000000000020
2026/09/17 07:47:06.067, 0, 79, 96.10, 100, 13600, 1101, 715, P0, 0x0000000000000020
2026/09/17 07:47:06.078, 1, 79, 125.42, 100, 12664, 1113, 715, P0, 0x0000000000000020
2026/09/17 07:47:07.097, 0, 79, 119.49, 100, 13600, 1088, 715, P0, 0x0000000000000020
2026/09/17 07:47:07.100, 1, 78, 55.84, 65, 12664, 1303, 715, P0, 0x0000000000000000
2026/09/17 07:47:08.114, 0, 79, 119.97, 99, 13600, 1088, 715, P0, 0x0000000000000020
2026/09/17 07:47:08.117, 1, 78, 144.48, 21, 12664, 1227, 715, P0, 0x0000000000000000
2026/09/17 07:47:09.130, 0, 79, 116.93, 100, 13600, 1075, 715, P0, 0x0000000000000020
2026/09/17 07:47:09.136, 1, 80, 142.20, 100, 12664, 1164, 715, P0, 0x0000000000000020
2026/09/17 07:47:10.148, 0, 79, 117.10, 100, 13600, 1075, 715, P0, 0x0000000000000020
2026/09/17 07:47:10.154, 1, 79, 148.08, 100, 12664, 1189, 715, P0, 0x0000000000000020
2026/09/17 07:47:11.162, 0, 79, 114.88, 100, 13600, 1075, 715, P0, 0x0000000000000020
2026/09/17 07:47:11.165, 1, 79, 121.66, 100, 12664, 1113, 715, P0, 0x0000000000000000
2026/09/17 07:47:12.172, 0, 79, 119.62, 100, 13600, 1088, 715, P0, 0x0000000000000020
2026/09/17 07:47:12.175, 1, 79, 116.70, 100, 12664, 1113, 715, P0, 0x0000000000000000
2026/09/17 07:47:13.183, 0, 79, 105.75, 100, 13600, 1101, 715, P0, 0x0000000000000000
2026/09/17 07:47:13.186, 1, 76, 48.92, 0, 12664, 1189, 715, P0, 0x0000000000000000
2026/09/17 07:47:14.198, 0, 79, 122.93, 100, 13600, 1101, 715, P0, 0x0000000000000020
2026/09/17 07:47:14.202, 1, 80, 171.63, 100, 12664, 1303, 715, P0, 0x0000000000000020
2026/09/17 07:47:15.216, 0, 79, 114.81, 100, 13600, 1088, 715, P0, 0x0000000000000000
2026/09/17 07:47:15.220, 1, 79, 127.79, 100, 12664, 1139, 715, P0, 0x0000000000000020
2026/09/17 07:47:16.229, 0, 79, 116.08, 100, 13600, 1063, 715, P0, 0x0000000000000020
2026/09/17 07:47:16.234, 1, 79, 129.47, 100, 12664, 1139, 715, P0, 0x0000000000000020
2026/09/17 07:47:17.247, 0, 79, 96.82, 100, 13600, 1088, 715, P0, 0x0000000000000000
2026/09/17 07:47:17.254, 1, 79, 127.61, 100, 12664, 1139, 715, P0, 0x0000000000000020
2026/09/17 07:47:18.276, 0, 79, 115.00, 100, 13600, 1075, 715, P0, 0x0000000000000020
2026/09/17 07:47:18.279, 1, 77, 51.53, 0, 12664, 1240, 715, P0, 0x0000000000000000
2026/09/17 07:47:19.291, 0, 79, 121.27, 100, 13600, 1075, 715, P0, 0x0000000000000020
2026/09/17 07:47:19.294, 1, 80, 136.46, 100, 12664, 1290, 715, P0, 0x0000000000000000
2026/09/17 07:47:20.310, 0, 79, 115.03, 100, 13600, 1075, 715, P0, 0x0000000000000020
2026/09/17 07:47:20.313, 1, 79, 137.53, 100, 12664, 1189, 715, P0, 0x0000000000000000
2026/09/17 07:47:21.327, 0, 79, 116.86, 100, 13600, 1177, 715, P0, 0x0000000000000000
2026/09/17 07:47:21.333, 1, 79, 89.51, 100, 12664, 1126, 715, P0, 0x0000000000000000
2026/09/17 07:47:22.344, 0, 79, 114.88, 100, 13600, 1075, 715, P0, 0x0000000000000020
2026/09/17 07:47:22.352, 1, 79, 122.14, 100, 12664, 1113, 715, P0, 0x0000000000000020
2026/09/17 07:47:23.361, 0, 79, 118.78, 100, 13600, 1088, 715, P0, 0x0000000000000000
2026/09/17 07:47:23.365, 1, 77, 51.76, 0, 12664, 1240, 715, P0, 0x0000000000000000
2026/09/17 07:47:24.378, 0, 79, 118.97, 100, 13600, 1088, 715, P0, 0x0000000000000020
2026/09/17 07:47:24.381, 1, 79, 111.63, 100, 12664, 1227, 715, P0, 0x0000000000000000
2026/09/17 07:47:25.391, 0, 79, 84.28, 100, 13600, 1101, 715, P0, 0x0000000000000000
2026/09/17 07:47:25.394, 1, 80, 150.54, 100, 12664, 1227, 715, P0, 0x0000000000000020
2026/09/17 07:47:26.405, 0, 79, 121.65, 100, 13600, 1075, 715, P0, 0x0000000000000020
2026/09/17 07:47:26.413, 1, 79, 118.57, 100, 12664, 1126, 715, P0, 0x0000000000000000
2026/09/17 07:47:27.422, 0, 79, 115.12, 100, 13600, 1075, 715, P0, 0x0000000000000020
2026/09/17 07:47:27.431, 1, 79, 122.14, 100, 12664, 1113, 715, P0, 0x0000000000000020
2026/09/17 07:47:28.437, 0, 79, 120.46, 100, 13600, 1101, 715, P0, 0x0000000000000000
2026/09/17 07:47:28.441, 1, 78, 50.08, 14, 12664, 1189, 715, P0, 0x0000000000000000
2026/09/17 07:47:29.452, 0, 79, 118.10, 99, 13600, 1101, 715, P0, 0x0000000000000020
2026/09/17 07:47:29.455, 1, 78, 141.51, 100, 12664, 1215, 715, P0, 0x0000000000000000
2026/09/17 07:47:30.470, 0, 77, 52.19, 0, 13600, 1278, 715, P0, 0x0000000000000000
2026/09/17 07:47:30.473, 1, 80, 160.93, 100, 12664, 1252, 715, P0, 0x0000000000000020
2026/09/17 07:47:31.485, 0, 76, 51.49, 0, 13600, 1278, 715, P0, 0x0000000000000000
2026/09/17 07:47:31.488, 1, 79, 141.13, 100, 12664, 1177, 715, P0, 0x0000000000000020
2026/09/17 07:47:32.495, 0, 76, 51.29, 0, 13600, 1278, 715, P0, 0x0000000000000000
2026/09/17 07:47:32.495, 1, 79, 122.94, 100, 12664, 1113, 715, P0, 0x0000000000000020
2026/09/17 07:47:33.509, 0, 75, 46.50, 0, 13600, 1189, 715, P0, 0x0000000000000000
2026/09/17 07:47:33.513, 1, 79, 120.14, 100, 12664, 1101, 715, P0, 0x0000000000000020
2026/09/17 07:47:34.525, 0, 77, 176.30, 48, 13600, 1328, 715, P0, 0x0000000000000000
2026/09/17 07:47:34.529, 1, 79, 70.74, 53, 12664, 1189, 715, P0, 0x0000000000000000
2026/09/17 07:47:35.536, 0, 78, 174.17, 52, 13600, 1328, 715, P0, 0x0000000000000000
2026/09/17 07:47:35.539, 1, 78, 81.15, 50, 12664, 1215, 715, P0, 0x0000000000000000
2026/09/17 07:47:36.549, 0, 79, 203.52, 52, 13600, 1328, 715, P0, 0x0000000000000000
2026/09/17 07:47:36.552, 1, 78, 76.11, 47, 12664, 1265, 715, P0, 0x0000000000000000
2026/09/17 07:47:37.563, 0, 79, 195.13, 52, 13600, 1328, 715, P0, 0x0000000000000000
2026/09/17 07:47:37.567, 1, 78, 130.46, 50, 12664, 1290, 715, P0, 0x0000000000000000
2026/09/17 07:47:38.576, 0, 79, 108.68, 57, 13600, 1075, 715, P0, 0x0000000000000020
2026/09/17 07:47:38.579, 1, 79, 153.54, 50, 12664, 1328, 715, P0, 0x0000000000000000
2026/09/17 07:47:39.588, 0, 78, 137.44, 47, 13600, 1189, 715, P0, 0x0000000000000000
2026/09/17 07:47:39.592, 1, 79, 90.44, 50, 12664, 1328, 715, P0, 0x0000000000000000
2026/09/17 07:47:40.599, 0, 78, 79.42, 53, 13600, 1227, 715, P0, 0x0000000000000000
2026/09/17 07:47:40.602, 1, 79, 147.28, 48, 12664, 1328, 715, P0, 0x0000000000000000
2026/09/17 07:47:41.609, 0, 79, 124.97, 53, 13600, 1303, 715, P0, 0x0000000000000000
2026/09/17 07:47:41.613, 1, 79, 115.54, 46, 12664, 1328, 715, P0, 0x0000000000000000
2026/09/17 07:47:42.620, 0, 77, 54.82, 0, 9, 1328, 715, P0, 0x0000000000000000
2026/09/17 07:47:42.623, 1, 77, 56.46, 0, 9, 1328, 715, P0, 0x0000000000000000
2026/09/17 07:47:43.632, 0, 76, 54.10, 0, 9, 1328, 715, P0, 0x0000000000000000
2026/09/17 07:47:43.635, 1, 76, 55.27, 0, 9, 1328, 715, P0, 0x0000000000000000
2026/09/17 07:47:44.645, 0, 75, 53.86, 0, 9, 1328, 715, P0, 0x0000000000000000
2026/09/17 07:47:44.649, 1, 76, 55.04, 0, 9, 1328, 715, P0, 0x0000000000000000
2026/09/17 07:47:45.661, 0, 75, 53.91, 0, 9, 1328, 715, P0, 0x0000000000000000
2026/09/17 07:47:45.664, 1, 75, 38.87, 0, 9, 405, 715, P0, 0x0000000000000001
2026/09/17 07:47:46.676, 0, 75, 53.67, 0, 9, 1328, 715, P0, 0x0000000000000000
2026/09/17 07:47:46.678, 1, 75, 38.63, 0, 9, 405, 715, P0, 0x0000000000000001
2026/09/17 07:47:47.691, 0, 75, 53.43, 0, 9, 1328, 715, P0, 0x0000000000000000
2026/09/17 07:47:47.694, 1, 74, 38.38, 0, 9, 405, 715, P0, 0x0000000000000001
