timestamp,index,temperature.gpu,power.draw,utilization.gpu,memory.used,clocks.current.graphics,clocks.current.memory,pstate,clocks_event_reasons.active
2026/09/18 23:22:17.235, 0, 66, 42.25, 0, 14946, 1189, 715, P0, 0x0000000000000000
2026/09/18 23:22:17.241, 1, 67, 49.47, 0, 14946, 1328, 715, P0, 0x0000000000000000
2026/09/18 23:22:18.246, 0, 68, 125.60, 81, 15026, 1328, 715, P0, 0x0000000000000000
2026/09/18 23:22:18.249, 1, 69, 155.32, 97, 15026, 1328, 715, P0, 0x0000000000000000
2026/09/18 23:22:19.273, 0, 70, 169.56, 76, 15026, 1328, 715, P0, 0x0000000000000000
2026/09/18 23:22:19.279, 1, 70, 167.34, 98, 15026, 1328, 715, P0, 0x0000000000000000
2026/09/18 23:22:20.287, 0, 71, 180.31, 74, 15026, 1328, 715, P0, 0x0000000000000000
2026/09/18 23:22:20.289, 1, 71, 175.34, 92, 15026, 1328, 715, P0, 0x0000000000000000
2026/09/18 23:22:21.300, 0, 71, 170.59, 79, 15026, 1328, 715, P0, 0x0000000000000000
2026/09/18 23:22:21.303, 1, 71, 159.09, 98, 15026, 1328, 715, P0, 0x0000000000000000
2026/09/18 23:22:22.308, 0, 72, 161.24, 81, 15026, 1328, 715, P0, 0x0000000000000000
2026/09/18 23:22:22.311, 1, 72, 160.96, 98, 15026, 1328, 715, P0, 0x0000000000000000
2026/09/18 23:22:23.318, 0, 72, 142.96, 81, 15026, 1328, 715, P0, 0x0000000000000000
2026/09/18 23:22:23.320, 1, 72, 150.12, 98, 15026, 1328, 715, P0, 0x0000000000000000
2026/09/18 23:22:24.333, 0, 73, 149.84, 83, 15026, 1328, 715, P0, 0x0000000000000000
2026/09/18 23:22:24.336, 1, 72, 151.26, 98, 15026, 1328, 715, P0, 0x0000000000000000
2026/09/18 23:22:25.342, 0, 73, 157.00, 80, 15026, 1328, 715, P0, 0x0000000000000000
2026/09/18 23:22:25.345, 1, 73, 151.95, 98, 15026, 1328, 715, P0, 0x0000000000000000
2026/09/18 23:22:26.387, 0, 73, 173.16, 77, 15026, 1328, 715, P0, 0x0000000000000000
2026/09/18 23:22:26.390, 1, 73, 163.86, 94, 15026, 1328, 715, P0, 0x0000000000000000
2026/09/18 23:22:27.396, 0, 73, 59.35, 81, 15026, 1328, 715, P0, 0x0000000000000000
2026/09/18 23:22:27.399, 1, 73, 57.41, 98, 15026, 1328, 715, P0, 0x0000000000000000
2026/09/18 23:22:28.406, 0, 74, 173.34, 82, 15026, 1328, 715, P0, 0x0000000000000000
2026/09/18 23:22:28.408, 1, 73, 156.05, 98, 15026, 1328, 715, P0, 0x0000000000000000
2026/09/18 23:22:29.417, 0, 74, 145.46, 82, 15026, 1328, 715, P0, 0x0000000000000000
2026/09/18 23:22:29.421, 1, 73, 140.76, 98, 15026, 1328, 715, P0, 0x0000000000000000
2026/09/18 23:22:30.427, 0, 75, 180.55, 80, 15026, 1328, 715, P0, 0x0000000000000000
2026/09/18 23:22:30.433, 1, 74, 148.13, 98, 15026, 1328, 715, P0, 0x0000000000000000
2026/09/18 23:22:31.440, 0, 75, 144.52, 82, 15026, 1328, 715, P0, 0x0000000000000000
2026/09/18 23:22:31.443, 1, 74, 147.82, 92, 15026, 1328, 715, P0, 0x0000000000000000
2026/09/18 23:22:32.451, 0, 75, 182.56, 76, 15026, 1328, 715, P0, 0x0000000000000000
2026/09/18 23:22:32.454, 1, 74, 155.99, 92, 15026, 1328, 715, P0, 0x0000000000000000
2026/09/18 23:22:33.469, 0, 75, 174.05, 81, 15026, 1328, 715, P0, 0x0000000000000000
2026/09/18 23:22:33.472, 1, 75, 170.04, 98, 15026, 1328, 715, P0, 0x0000000000000000
2026/09/18 23:22:34.480, 0, 74, 99.45, 67, 15026, 1328, 715, P0, 0x0000000000000000
2026/09/18 23:22:34.484, 1, 73, 92.81, 72, 15026, 1328, 715, P0, 0x0000000000000000
2026/09/18 23:22:35.493, 0, 73, 98.79, 69, 15026, 1328, 715, P0, 0x0000000000000000
2026/09/18 23:22:35.496, 1, 73, 95.73, 70, 15026, 1328, 715, P0, 0x0000000000000000
2026/09/18 23:22:36.509, 0, 73, 98.52, 69, 15026, 1328, 715, P0, 0x0000000000000000
2026/09/18 23:22:36.512, 1, 73, 97.49, 68, 15026, 1328, 715, P0, 0x0000000000000000
2026/09/18 23:22:37.519, 0, 74, 195.74, 52, 15026, 1328, 715, P0, 0x0000000000000000
2026/09/18 23:22:37.522, 1, 73, 157.97, 56, 15026, 1328, 715, P0, 0x0000000000000000
2026/09/18 23:22:38.533, 0, 76, 174.10, 80, 15026, 1328, 715, P0, 0x0000000000000000
2026/09/18 23:22:38.536, 1, 74, 170.32, 98, 15026, 1328, 715, P0, 0x0000000000000000
2026/09/18 23:22:39.544, 0, 76, 175.64, 81, 15026, 1328, 715, P0, 0x0000000000000000
2026/09/18 23:22:39.548, 1, 75, 170.14, 98, 15026, 1328, 715, P0, 0x0000000000000000
2026/09/18 23:22:40.556, 0, 76, 163.40, 82, 15026, 1328, 715, P0, 0x0000000000000000
2026/09/18 23:22:40.559, 1, 75, 168.36, 98, 15026, 1328, 715, P0, 0x0000000000000000
2026/09/18 23:22:41.565, 0, 77, 191.61, 83, 15026, 1328, 715, P0, 0x0000000000000000
2026/09/18 23:22:41.568, 1, 76, 176.76, 98, 15026, 1328, 715, P0, 0x0000000000000000
2026/09/18 23:22:42.578, 0, 77, 178.81, 75, 15026, 1328, 715, P0, 0x0000000000000000
2026/09/18 23:22:42.581, 1, 76, 179.63, 92, 15026, 1328, 715, P0, 0x0000000000000000
2026/09/18 23:22:43.592, 0, 77, 171.99, 81, 15026, 1328, 715, P0, 0x0000000000000000
2026/09/18 23:22:43.595, 1, 76, 165.12, 98, 15026, 1328, 715, P0, 0x0000000000000000
2026/09/18 23:22:44.603, 0, 78, 191.37, 82, 15026, 1328, 715, P0, 0x0000000000000000
2026/09/18 23:22:44.606, 1, 77, 174.36, 98, 15026, 1328, 715, P0, 0x0000000000000000
2026/09/18 23:22:45.615, 0, 78, 181.13, 82, 15026, 1328, 715, P0, 0x0000000000000000
2026/09/18 23:22:45.618, 1, 77, 171.86, 98, 15026, 1328, 715, P0, 0x0000000000000000
2026/09/18 23:22:46.626, 0, 78, 169.18, 81, 15026, 1328, 715, P0, 0x0000000000000000
2026/09/18 23:22:46.629, 1, 77, 159.39, 98, 15026, 1328, 715, P0, 0x0000000000000000
2026/09/18 23:22:47.638, 0, 79, 176.57, 76, 15026, 1328, 715, P0, 0x0000000000000000
2026/09/18 23:22:47.642, 1, 77, 150.54, 92, 15026, 1328, 715, P0, 0x0000000000000000
2026/09/18 23:22:48.652, 0, 79, 188.45, 81, 15026, 1328, 715, P0, 0x0000000000000000
2026/09/18 23:22:48.655, 1, 77, 178.70, 98, 15026, 1328, 715, P0, 0x0000000000000000
2026/09/18 23:22:49.663, 0, 79, 167.51, 82, 15026, 1328, 715, P0, 0x0000000000000000
2026/09/18 23:22:49.667, 1, 78, 169.66, 98, 15026, 1328, 715, P0, 0x0000000000000000
2026/09/18 23:22:50.677, 0, 80, 150.37, 83, 15026, 1265, 715, P0, 0x0000000000000000
2026/09/18 23:22:50.679, 1, 77, 141.00, 98, 15026, 1328, 715, P0, 0x0000000000000000
2026/09/18 23:22:51.693, 0, 79, 153.38, 84, 15026, 1316, 715, P0, 0x0000000000000020
2026/09/18 23:22:51.698, 1, 78, 170.15, 97, 15026, 1328, 715, P0, 0x0000000000000000
2026/09/18 23:22:52.707, 0, 79, 148.17, 76, 15026, 1303, 715, P0, 0x0000000000000020
2026/09/18 23:22:52.710, 1, 78, 161.03, 92, 15026, 1328, 715, P0, 0x0000000000000000
2026/09/18 23:22:53.720, 0, 79, 146.49, 81, 15026, 1328, 715, P0, 0x0000000000000000
2026/09/18 23:22:53.723, 1, 78, 155.92, 98, 15026, 1328, 715, P0, 0x0000000000000000
2026/09/18 23:22:54.733, 0, 79, 158.76, 82, 15026, 1328, 715, P0, 0x0000000000000000
2026/09/18 23:22:54.736, 1, 78, 170.45, 97, 15026, 1328, 715, P0, 0x0000000000000000
2026/09/18 23:22:55.745, 0, 80, 151.98, 80, 15026, 1328, 715, P0, 0x0000000000000000
2026/09/18 23:22:55.748, 1, 78, 157.53, 97, 15026, 1328, 715, P0, 0x0000000000000000
2026/09/18 23:22:56.755, 0, 79, 128.34, 76, 15026, 1202, 715, P0, 0x0000000000000000
2026/09/18 23:22:56.758, 1, 78, 169.41, 88, 15026, 1328, 715, P0, 0x0000000000000000
2026/09/18 23:22:57.767, 0, 79, 120.66, 85, 15026, 1240, 715, P0, 0x0000000000000000
2026/09/18 23:22:57.770, 1, 79, 154.74, 94, 15026, 1328, 715, P0, 0x0000000000000000
2026/09/18 23:22:58.781, 0, 79, 144.46, 86, 15026, 1240, 715, P0, 0x0000000000000020
2026/09/18 23:22:58.784, 1, 79, 155.49, 95, 15026, 1328, 715, P0, 0x0000000000000000
2026/09/18 23:22:59.794, 0, 79, 136.51, 85, 15026, 1240, 715, P0, 0x0000000000000000
2026/09/18 23:22:59.797, 1, 79, 138.69, 92, 15026, 1328, 715, P0, 0x0000000000000000
2026/09/18 23:23:00.802, 0, 79, 135.12, 85, 15026, 1240, 715, P0, 0x0000000000000000
2026/09/18 23:23:00.806, 1, 79, 135.80, 94, 15026, 1328, 715, P0, 0x0000000000000000
2026/09/18 23:23:01.816, 0, 79, 138.40, 85, 15026, 1227, 715, P0, 0x0000000000000000
2026/09/18 23:23:01.819, 1, 80, 168.11, 93, 15026, 1328, 715, P0, 0x0000000000000000
2026/09/18 23:23:02.828, 0, 79, 124.43, 83, 15026, 1240, 715, P0, 0x0000000000000000
2026/09/18 23:23:02.832, 1, 79, 149.62, 95, 15026, 1328, 715, P0, 0x0000000000000000
2026/09/18 23:23:03.840, 0, 79, 124.59, 48, 15026, 1202, 715, P0, 0x0000000000000000
2026/09/18 23:23:03.843, 1, 79, 162.48, 56, 15026, 1328, 715, P0, 0x0000000000000000
2026/09/18 23:23:04.850, 0, 79, 124.68, 83, 15026, 1240, 715, P0, 0x0000000000000000
2026/09/18 23:23:04.854, 1, 79, 119.58, 95, 15026, 1227, 715, P0, 0x0000000000000020
2026/09/18 23:23:05.862, 0, 79, 102.27, 83, 15026, 1101, 715, P0, 0x0000000000000020
2026/09/18 23:23:05.865, 1, 79, 110.31, 99, 15026, 1189, 715, P0, 0x0000000000000000
2026/09/18 23:23:06.878, 0, 79, 121.05, 85, 15026, 1189, 715, P0, 0x0000000000000000
2026/09/18 23:23:06.881, 1, 79, 120.85, 95, 15026, 1265, 715, P0, 0x0000000000000000
2026/09/18 23:23:07.893, 0, 79, 123.68, 83, 15026, 1101, 715, P0, 0x0000000000000020
2026/09/18 23:23:07.899, 1, 79, 120.16, 95, 15026, 1240, 715, P0, 0x0000000000000020
2026/09/18 23:23:08.908, 0, 79, 124.43, 85, 15026, 1177, 715, P0, 0x0000000000000000
2026/09/18 23:23:08.919, 1, 79, 144.80, 93, 15026, 1265, 715, P0, 0x0000000000000000
2026/09/18 23:23:09.933, 0, 78, 105.65, 72, 15026, 1328, 715, P0, 0x0000000000000000
2026/09/18 23:23:09.937, 1, 78, 107.21, 73, 15026, 1328, 715, P0, 0x0000000000000000
2026/09/18 23:23:10.949, 0, 78, 109.83, 69, 15026, 1328, 715, P0, 0x0000000000000000
2026/09/18 23:23:10.953, 1, 78, 107.57, 70, 15026, 1328, 715, P0, 0x0000000000000000
2026/09/18 23:23:11.961, 0, 78, 99.09, 76, 15026, 1328, 715, P0, 0x0000000000000000
2026/09/18 23:23:11.964, 1, 78, 100.74, 76, 15026, 1328, 715, P0, 0x0000000000000000
2026/09/18 23:23:12.973, 0, 78, 106.22, 75, 15026, 1328, 715, P0, 0x0000000000000000
2026/09/18 23:23:12.976, 1, 78, 106.30, 80, 15026, 1328, 715, P0, 0x0000000000000000
2026/09/18 23:23:13.988, 0, 79, 133.92, 83, 15026, 1240, 715, P0, 0x0000000000000000
2026/09/18 23:23:13.995, 1, 79, 173.00, 95, 15026, 1328, 715, P0, 0x0000000000000000
2026/09/18 23:23:14.999, 0, 79, 131.32, 75, 15026, 1227, 715, P0, 0x0000000000000000
2026/09/18 23:23:15.002, 1, 79, 141.00, 92, 15026, 1227, 715, P0, 0x0000000000000000
2026/09/18 23:23:16.009, 0, 80, 141.48, 86, 15026, 1202, 715, P0, 0x0000000000000020
2026/09/18 23:23:16.012, 1, 79, 152.11, 99, 15026, 1278, 715, P0, 0x0000000000000000
2026/09/18 23:23:17.020, 0, 79, 109.33, 86, 15026, 1088, 715, P0, 0x0000000000000000
2026/09/18 23:23:17.026, 1, 79, 110.00, 90, 15026, 1252, 715, P0, 0x0000000000000000
2026/09/18 23:23:18.033, 0, 79, 111.54, 88, 15026, 1088, 715, P0, 0x0000000000000000
2026/09/18 23:23:18.045, 1, 79, 148.07, 82, 15026, 1227, 715, P0, 0x0000000000000020
2026/09/18 23:23:19.062, 0, 79, 103.00, 87, 15026, 1037, 715, P0, 0x0000000000000020
2026/09/18 23:23:19.066, 1, 79, 119.83, 91, 15026, 1252, 715, P0, 0x0000000000000000
2026/09/18 23:23:20.076, 0, 79, 107.92, 83, 15026, 1189, 715, P0, 0x0000000000000000
2026/09/18 23:23:20.084, 1, 79, 121.92, 89, 15026, 1252, 715, P0, 0x0000000000000000
2026/09/18 23:23:21.092, 0, 79, 122.08, 85, 15026, 1151, 715, P0, 0x0000000000000000
2026/09/18 23:23:21.097, 1, 79, 126.58, 92, 15026, 1265, 715, P0, 0x0000000000000020
2026/09/18 23:23:22.105, 0, 79, 117.55, 85, 15026, 1177, 715, P0, 0x0000000000000000
2026/09/18 23:23:22.108, 1, 79, 131.62, 92, 15026, 1227, 715, P0, 0x0000000000000000
2026/09/18 23:23:23.114, 0, 79, 117.24, 87, 15026, 1101, 715, P0, 0x0000000000000020
2026/09/18 23:23:23.118, 1, 80, 139.91, 85, 15026, 1227, 715, P0, 0x0000000000000000
2026/09/18 23:23:24.130, 0, 79, 107.53, 85, 15026, 1177, 715, P0, 0x0000000000000000
2026/09/18 23:23:24.133, 1, 79, 129.49, 91, 15026, 1240, 715, P0, 0x0000000000000000
2026/09/18 23:23:25.145, 0, 79, 125.03, 86, 15026, 1101, 715, P0, 0x0000000000000020
2026/09/18 23:23:25.151, 1, 79, 100.99, 93, 15026, 1025, 715, P0, 0x0000000000000020
2026/09/18 23:23:26.169, 0, 79, 110.22, 87, 15026, 1164, 715, P0, 0x0000000000000020
2026/09/18 23:23:26.172, 1, 78, 117.70, 92, 15026, 1139, 715, P0, 0x0000000000000020
2026/09/18 23:23:27.183, 0, 79, 118.61, 86, 15026, 1139, 715, P0, 0x0000000000000000
2026/09/18 23:23:27.190, 1, 79, 115.37, 99, 15026, 1113, 715, P0, 0x0000000000000000
2026/09/18 23:23:28.196, 0, 79, 125.84, 86, 15026, 1139, 715, P0, 0x0000000000000020
2026/09/18 23:23:28.199, 1, 79, 112.13, 96, 15026, 1139, 715, P0, 0x0000000000000020
2026/09/18 23:23:29.227, 0, 79, 108.08, 85, 15026, 1164, 715, P0, 0x0000000000000000
2026/09/18 23:23:29.231, 1, 79, 111.49, 96, 15026, 1189, 715, P0, 0x0000000000000000
2026/09/18 23:23:30.238, 0, 79, 131.52, 89, 15026, 1189, 715, P0, 0x0000000000000000
2026/09/18 23:23:30.241, 1, 79, 131.77, 96, 15026, 1189, 715, P0, 0x0000000000000000
2026/09/18 23:23:31.253, 0, 79, 109.44, 76, 15026, 1126, 715, P0, 0x0000000000000000
2026/09/18 23:23:31.258, 1, 79, 116.12, 90, 15026, 1164, 715, P0, 0x0000000000000000
2026/09/18 23:23:32.266, 0, 79, 109.28, 86, 15026, 1177, 715, P0, 0x0000000000000000
2026/09/18 23:23:32.273, 1, 79, 109.29, 95, 15026, 1189, 715, P0, 0x0000000000000020
2026/09/18 23:23:33.283, 0, 79, 120.46, 87, 15026, 1101, 715, P0, 0x0000000000000020
2026/09/18 23:23:33.286, 1, 79, 125.11, 95, 15026, 1151, 715, P0, 0x0000000000000000
2026/09/18 23:23:34.301, 0, 79, 111.55, 86, 15026, 1151, 715, P0, 0x0000000000000000
2026/09/18 23:23:34.306, 1, 79, 121.06, 95, 15026, 1189, 715, P0, 0x0000000000000000
2026/09/18 23:23:35.318, 0, 79, 111.92, 86, 15026, 1101, 715, P0, 0x0000000000000020
2026/09/18 23:23:35.321, 1, 79, 117.54, 95, 15026, 1139, 715, P0, 0x0000000000000020
2026/09/18 23:23:36.331, 0, 79, 105.70, 87, 15026, 1126, 715, P0, 0x0000000000000000
2026/09/18 23:23:36.337, 1, 79, 117.54, 95, 15026, 1164, 715, P0, 0x0000000000000000
2026/09/18 23:23:37.344, 0, 79, 134.76, 83, 15026, 1189, 715, P0, 0x0000000000000020
2026/09/18 23:23:37.347, 1, 79, 132.06, 96, 15026, 1126, 715, P0, 0x0000000000000020
2026/09/18 23:23:38.359, 0, 79, 103.54, 87, 15026, 1075, 715, P0, 0x0000000000000020
2026/09/18 23:23:38.362, 1, 79, 103.19, 95, 15026, 1126, 715, P0, 0x0000000000000020
2026/09/18 23:23:39.369, 0, 79, 133.36, 76, 15026, 1113, 715, P0, 0x0000000000000020
2026/09/18 23:23:39.378, 1, 79, 115.19, 96, 15026, 1164, 715, P0, 0x0000000000000000
2026/09/18 23:23:40.386, 0, 79, 109.43, 88, 15026, 1139, 715, P0, 0x0000000000000020
2026/09/18 23:23:40.391, 1, 79, 120.86, 96, 15026, 1189, 715, P0, 0x0000000000000000
2026/09/18 23:23:41.399, 0, 79, 129.36, 86, 15026, 1164, 715, P0, 0x0000000000000020
2026/09/18 23:23:41.405, 1, 79, 134.37, 97, 15026, 1215, 715, P0, 0x0000000000000020
2026/09/18 23:23:42.410, 0, 79, 107.27, 85, 15026, 1101, 715, P0, 0x0000000000000000
2026/09/18 23:23:42.420, 1, 79, 113.04, 96, 15026, 1177, 715, P0, 0x0000000000000000
2026/09/18 23:23:43.440, 0, 79, 101.63, 87, 15026, 1113, 715, P0, 0x0000000000000000
2026/09/18 23:23:43.443, 1, 79, 109.11, 95, 15026, 1177, 715, P0, 0x0000000000000000
2026/09/18 23:23:44.453, 0, 79, 106.04, 77, 15026, 1126, 715, P0, 0x0000000000000000
2026/09/18 23:23:44.460, 1, 79, 121.45, 92, 15026, 1189, 715, P0, 0x0000000000000000
2026/09/18 23:23:45.466, 0, 79, 114.07, 87, 15026, 1177, 715, P0, 0x0000000000000000
2026/09/18 23:23:45.470, 1, 79, 125.34, 95, 15026, 1189, 715, P0, 0x0000000000000020
2026/09/18 23:23:46.477, 0, 79, 123.74, 88, 15026, 1189, 715, P0, 0x0000000000000000
2026/09/18 23:23:46.480, 1, 79, 126.22, 94, 15026, 1189, 715, P0, 0x0000000000000000
2026/09/18 23:23:47.490, 0, 79, 105.53, 88, 15026, 1088, 715, P0, 0x0000000000000000
2026/09/18 23:23:47.501, 1, 79, 109.18, 95, 15026, 1126, 715, P0, 0x0000000000000020
2026/09/18 23:23:48.518, 0, 79, 109.59, 89, 15026, 1075, 715, P0, 0x0000000000000020
2026/09/18 23:23:48.524, 1, 79, 115.22, 94, 15026, 1151, 715, P0, 0x0000000000000000
2026/09/18 23:23:49.529, 0, 79, 107.45, 78, 15026, 1075, 715, P0, 0x0000000000000020
2026/09/18 23:23:49.532, 1, 79, 112.46, 90, 15026, 1101, 715, P0, 0x0000000000000020
2026/09/18 23:23:50.544, 0, 79, 103.50, 88, 15026, 1063, 715, P0, 0x0000000000000020
2026/09/18 23:23:50.550, 1, 79, 102.53, 96, 15026, 1189, 715, P0, 0x0000000000000000
2026/09/18 23:23:51.557, 0, 79, 104.30, 89, 15026, 999, 715, P0, 0x0000000000000020
2026/09/18 23:23:51.563, 1, 79, 138.86, 84, 15026, 1126, 715, P0, 0x0000000000000020
2026/09/18 23:23:52.586, 0, 79, 91.38, 89, 15026, 911, 715, P0, 0x0000000000000020
2026/09/18 23:23:52.591, 1, 79, 115.77, 82, 15026, 1189, 715, P0, 0x0000000000000000
2026/09/18 23:23:53.600, 0, 79, 85.17, 89, 15026, 1025, 715, P0, 0x0000000000000000
2026/09/18 23:23:53.603, 1, 79, 104.31, 83, 15026, 1189, 715, P0, 0x0000000000000000
2026/09/18 23:23:54.612, 0, 79, 96.62, 88, 15026, 1050, 715, P0, 0x0000000000000020
2026/09/18 23:23:54.624, 1, 79, 112.15, 89, 15026, 1202, 715, P0, 0x0000000000000020
2026/09/18 23:23:55.643, 0, 79, 103.90, 86, 15026, 1050, 715, P0, 0x0000000000000000
2026/09/18 23:23:55.646, 1, 79, 99.95, 93, 15026, 1189, 715, P0, 0x0000000000000000
2026/09/18 23:23:56.660, 0, 79, 91.58, 88, 15026, 999, 715, P0, 0x0000000000000000
2026/09/18 23:23:56.667, 1, 79, 102.20, 93, 15026, 1151, 715, P0, 0x0000000000000000
2026/09/18 23:23:57.677, 0, 79, 105.76, 88, 15026, 1037, 715, P0, 0x0000000000000000
2026/09/18 23:23:57.688, 1, 79, 114.85, 91, 15026, 1189, 715, P0, 0x0000000000000000
2026/09/18 23:23:58.693, 0, 79, 108.87, 87, 15026, 1063, 715, P0, 0x0000000000000000
2026/09/18 23:23:58.697, 1, 79, 118.13, 92, 15026, 1126, 715, P0, 0x0000000000000020
2026/09/18 23:23:59.706, 0, 79, 106.22, 87, 15026, 1037, 715, P0, 0x0000000000000000
2026/09/18 23:23:59.710, 1, 79, 105.03, 90, 15026, 1189, 715, P0, 0x0000000000000000
2026/09/18 23:24:00.734, 0, 79, 102.82, 85, 15026, 1126, 715, P0, 0x0000000000000000
2026/09/18 23:24:00.738, 1, 79, 108.40, 94, 15026, 1189, 715, P0, 0x0000000000000020
2026/09/18 23:24:01.747, 0, 79, 111.17, 86, 15026, 1151, 715, P0, 0x0000000000000000
2026/09/18 23:24:01.750, 1, 79, 123.68, 95, 15026, 1189, 715, P0, 0x0000000000000000
2026/09/18 23:24:02.759, 0, 79, 108.94, 86, 15026, 1113, 715, P0, 0x0000000000000000
2026/09/18 23:24:02.770, 1, 79, 107.96, 93, 15026, 1189, 715, P0, 0x0000000000000000
2026/09/18 23:24:03.788, 0, 79, 113.57, 75, 15026, 1101, 715, P0, 0x0000000000000020
2026/09/18 23:24:03.792, 1, 79, 105.53, 94, 15026, 1139, 715, P0, 0x0000000000000020
2026/09/18 23:24:04.799, 0, 79, 111.19, 88, 15026, 1088, 715, P0, 0x0000000000000000
2026/09/18 23:24:04.802, 1, 79, 106.34, 94, 15026, 1164, 715, P0, 0x0000000000000020
2026/09/18 23:24:05.825, 0, 79, 127.05, 87, 15026, 1075, 715, P0, 0x0000000000000020
2026/09/18 23:24:05.833, 1, 79, 126.30, 90, 15026, 1126, 715, P0, 0x0000000000000020
2026/09/18 23:24:06.840, 0, 79, 124.67, 88, 15026, 1113, 715, P0, 0x0000000000000020
2026/09/18 23:24:06.848, 1, 79, 134.26, 94, 15026, 1126, 715, P0, 0x0000000000000020
2026/09/18 23:24:07.866, 0, 79, 108.47, 74, 15026, 1328, 715, P0, 0x0000000000000000
2026/09/18 23:24:07.869, 1, 79, 110.76, 78, 15026, 1328, 715, P0, 0x0000000000000000
2026/09/18 23:24:08.881, 0, 79, 106.80, 74, 15026, 1328, 715, P0, 0x0000000000000000
2026/09/18 23:24:08.884, 1, 79, 108.26, 77, 15026, 1328, 715, P0, 0x0000000000000000
2026/09/18 23:24:09.895, 0, 79, 117.25, 72, 15026, 1328, 715, P0, 0x0000000000000000
2026/09/18 23:24:09.898, 1, 79, 115.68, 74, 15026, 1328, 715, P0, 0x0000000000000000
2026/09/18 23:24:10.906, 0, 79, 106.43, 73, 15026, 1328, 715, P0, 0x0000000000000000
2026/09/18 23:24:10.909, 1, 79, 110.88, 74, 15026, 1328, 715, P0, 0x0000000000000000
2026/09/18 23:24:11.919, 0, 79, 112.01, 87, 15026, 1101, 715, P0, 0x0000000000000020
2026/09/18 23:24:11.928, 1, 79, 121.06, 92, 15026, 1189, 715, P0, 0x0000000000000000
2026/09/18 23:24:12.935, 0, 79, 110.04, 86, 15026, 1113, 715, P0, 0x0000000000000000
2026/09/18 23:24:12.938, 1, 79, 103.62, 93, 15026, 1189, 715, P0, 0x0000000000000000
2026/09/18 23:24:13.948, 0, 79, 99.21, 88, 15026, 1037, 715, P0, 0x0000000000000000
2026/09/18 23:24:13.952, 1, 79, 107.42, 91, 15026, 1189, 715, P0, 0x0000000000000000
2026/09/18 23:24:14.962, 0, 79, 72.29, 81, 15026, 1189, 715, P0, 0x0000000000000000
2026/09/18 23:24:14.966, 1, 79, 80.72, 93, 15026, 1189, 715, P0, 0x0000000000000000
2026/09/18 23:24:15.978, 0, 79, 116.91, 86, 15026, 1126, 715, P0, 0x0000000000000000
2026/09/18 23:24:15.990, 1, 79, 111.68, 92, 15026, 1177, 715, P0, 0x0000000000000020
2026/09/18 23:24:17.012, 0, 79, 107.27, 75, 15026, 1050, 715, P0, 0x0000000000000020
2026/09/18 23:24:17.015, 1, 79, 114.78, 85, 15026, 1151, 715, P0, 0x0000000000000000
2026/09/18 23:24:18.027, 0, 79, 99.46, 88, 15026, 1113, 715, P0, 0x0000000000000020
2026/09/18 23:24:18.030, 1, 79, 113.16, 92, 15026, 1189, 715, P0, 0x0000000000000020
2026/09/18 23:24:19.042, 0, 79, 114.54, 89, 15026, 1025, 715, P0, 0x0000000000000020
2026/09/18 23:24:19.051, 1, 79, 103.46, 87, 15026, 1139, 715, P0, 0x0000000000000020
2026/09/18 23:24:20.057, 0, 79, 99.02, 89, 15026, 1075, 715, P0, 0x0000000000000000
2026/09/18 23:24:20.063, 1, 79, 100.99, 92, 15026, 1265, 715, P0, 0x0000000000000020
2026/09/18 23:24:21.073, 0, 79, 126.80, 89, 15026, 1189, 715, P0, 0x0000000000000000
2026/09/18 23:24:21.076, 1, 79, 135.35, 91, 15026, 1215, 715, P0, 0x0000000000000020
2026/09/18 23:24:22.084, 0, 79, 94.45, 88, 15026, 1075, 715, P0, 0x0000000000000000
2026/09/18 23:24:22.092, 1, 79, 109.82, 93, 15026, 1189, 715, P0, 0x0000000000000000
2026/09/18 23:24:23.101, 0, 79, 135.34, 89, 15026, 1075, 715, P0, 0x0000000000000020
2026/09/18 23:24:23.114, 1, 79, 152.57, 93, 15026, 1164, 715, P0, 0x0000000000000020
2026/09/18 23:24:24.119, 0, 79, 103.27, 86, 15026, 1075, 715, P0, 0x0000000000000000
2026/09/18 23:24:24.121, 1, 79, 101.57, 93, 15026, 1189, 715, P0, 0x0000000000000000
2026/09/18 23:24:25.137, 0, 79, 111.50, 88, 15026, 1088, 715, P0, 0x0000000000000020
2026/09/18 23:24:25.140, 1, 79, 123.23, 93, 15026, 1151, 715, P0, 0x0000000000000020
2026/09/18 23:24:26.151, 0, 79, 92.80, 88, 15026, 1075, 715, P0, 0x0000000000000000
2026/09/18 23:24:26.156, 1, 79, 114.32, 93, 15026, 1189, 715, P0, 0x0000000000000000
2026/09/18 23:24:27.169, 0, 79, 103.81, 89, 15026, 1113, 715, P0, 0x0000000000000020
2026/09/18 23:24:27.175, 1, 79, 117.33, 93, 15026, 1189, 715, P0, 0x0000000000000000
2026/09/18 23:24:28.186, 0, 79, 115.98, 79, 15026, 1189, 715, P0, 0x0000000000000000
2026/09/18 23:24:28.192, 1, 79, 115.03, 93, 15026, 1189, 715, P0, 0x0000000000000000
2026/09/18 23:24:29.213, 0, 79, 130.80, 86, 15026, 1075, 715, P0, 0x0000000000000020
2026/09/18 23:24:29.217, 1, 79, 131.00, 93, 15026, 1101, 715, P0, 0x0000000000000020
2026/09/18 23:24:30.239, 0, 79, 106.28, 75, 15026, 1139, 715, P0, 0x0000000000000000
2026/09/18 23:24:30.242, 1, 79, 119.20, 90, 15026, 1189, 715, P0, 0x0000000000000000
2026/09/18 23:24:31.255, 0, 79, 116.24, 87, 15026, 1139, 715, P0, 0x0000000000000000
2026/09/18 23:24:31.258, 1, 79, 119.85, 95, 15026, 1126, 715, P0, 0x0000000000000020
2026/09/18 23:24:32.270, 0, 79, 102.33, 89, 15026, 1063, 715, P0, 0x0000000000000000
2026/09/18 23:24:32.278, 1, 79, 111.71, 89, 15026, 1101, 715, P0, 0x0000000000000020
2026/09/18 23:24:33.286, 0, 79, 105.05, 89, 15026, 1126, 715, P0, 0x0000000000000020
2026/09/18 23:24:33.298, 1, 79, 100.51, 94, 15026, 1164, 715, P0, 0x0000000000000000
2026/09/18 23:24:34.316, 0, 79, 109.68, 89, 15026, 999, 715, P0, 0x0000000000000020
2026/09/18 23:24:34.320, 1, 79, 103.92, 95, 15026, 1126, 715, P0, 0x0000000000000000
2026/09/18 23:24:35.332, 0, 79, 97.77, 89, 15026, 1139, 715, P0, 0x0000000000000000
2026/09/18 23:24:35.338, 1, 79, 117.26, 94, 15026, 1189, 715, P0, 0x0000000000000000
2026/09/18 23:24:36.344, 0, 79, 112.89, 87, 15026, 1126, 715, P0, 0x0000000000000020
2026/09/18 23:24:36.347, 1, 79, 123.70, 94, 15026, 1189, 715, P0, 0x0000000000000000
2026/09/18 23:24:37.358, 0, 79, 105.36, 88, 15026, 1037, 715, P0, 0x0000000000000000
2026/09/18 23:24:37.361, 1, 79, 99.15, 94, 15026, 1113, 715, P0, 0x0000000000000000
2026/09/18 23:24:38.369, 0, 79, 97.52, 89, 15026, 1088, 715, P0, 0x0000000000000000
2026/09/18 23:24:38.374, 1, 79, 104.52, 95, 15026, 1189, 715, P0, 0x0000000000000000
2026/09/18 23:24:39.382, 0, 79, 109.50, 89, 15026, 1151, 715, P0, 0x0000000000000000
2026/09/18 23:24:39.385, 1, 79, 113.56, 94, 15026, 1164, 715, P0, 0x0000000000000020
2026/09/18 23:24:40.396, 0, 79, 114.33, 89, 15026, 1050, 715, P0, 0x0000000000000020
2026/09/18 23:24:40.402, 1, 79, 121.87, 95, 15026, 1126, 715, P0, 0x0000000000000020
2026/09/18 23:24:41.411, 0, 79, 106.10, 88, 15026, 1113, 715, P0, 0x0000000000000020
2026/09/18 23:24:41.422, 1, 79, 103.25, 94, 15026, 1177, 715, P0, 0x0000000000000020
2026/09/18 23:24:42.429, 0, 79, 93.66, 89, 15026, 1063, 715, P0, 0x0000000000000020
2026/09/18 23:24:42.432, 1, 79, 113.36, 95, 15026, 1177, 715, P0, 0x0000000000000000
2026/09/18 23:24:43.459, 0, 79, 120.94, 87, 15026, 1025, 715, P0, 0x0000000000000020
2026/09/18 23:24:43.466, 1, 79, 119.72, 93, 15026, 1075, 715, P0, 0x0000000000000020
2026/09/18 23:24:44.473, 0, 79, 112.95, 90, 15026, 987, 715, P0, 0x0000000000000020
2026/09/18 23:24:44.485, 1, 79, 100.11, 94, 15026, 1063, 715, P0, 0x0000000000000020
2026/09/18 23:24:45.498, 0, 79, 76.48, 88, 15026, 1189, 715, P0, 0x0000000000000000
2026/09/18 23:24:45.501, 1, 79, 92.49, 94, 15026, 1189, 715, P0, 0x0000000000000000
2026/09/18 23:24:46.514, 0, 79, 97.09, 89, 15026, 1101, 715, P0, 0x0000000000000020
2026/09/18 23:24:46.526, 1, 79, 108.18, 95, 15026, 1164, 715, P0, 0x0000000000000020
2026/09/18 23:24:47.531, 0, 79, 122.35, 89, 15026, 1139, 715, P0, 0x0000000000000020
2026/09/18 23:24:47.534, 1, 79, 129.97, 89, 15026, 1189, 715, P0, 0x0000000000000000
2026/09/18 23:24:48.549, 0, 79, 127.54, 89, 15026, 1075, 715, P0, 0x0000000000000020
2026/09/18 23:24:48.552, 1, 79, 129.32, 94, 15026, 1101, 715, P0, 0x0000000000000020
2026/09/18 23:24:49.559, 0, 79, 95.61, 79, 15026, 1025, 715, P0, 0x0000000000000020
2026/09/18 23:24:49.568, 1, 79, 105.32, 90, 15026, 1151, 715, P0, 0x0000000000000000
2026/09/18 23:24:50.573, 0, 79, 109.07, 89, 15026, 1088, 715, P0, 0x0000000000000000
2026/09/18 23:24:50.577, 1, 79, 102.30, 93, 15026, 1151, 715, P0, 0x0000000000000000
2026/09/18 23:24:51.586, 0, 79, 108.55, 89, 15026, 1101, 715, P0, 0x0000000000000000
2026/09/18 23:24:51.591, 1, 79, 112.70, 93, 15026, 1139, 715, P0, 0x0000000000000020
2026/09/18 23:24:52.599, 0, 79, 109.03, 89, 15026, 1088, 715, P0, 0x0000000000000020
2026/09/18 23:24:52.611, 1, 79, 120.61, 96, 15026, 1189, 715, P0, 0x0000000000000000
2026/09/18 23:24:53.629, 0, 79, 121.26, 89, 15026, 1075, 715, P0, 0x0000000000000020
2026/09/18 23:24:53.632, 1, 79, 122.98, 95, 15026, 1075, 715, P0, 0x0000000000000020
2026/09/18 23:24:54.645, 0, 79, 94.36, 90, 15026, 1012, 715, P0, 0x0000000000000020
2026/09/18 23:24:54.650, 1, 79, 97.90, 95, 15026, 1164, 715, P0, 0x0000000000000000
2026/09/18 23:24:55.672, 0, 79, 97.85, 89, 15026, 1037, 715, P0, 0x0000000000000000
2026/09/18 23:24:55.676, 1, 79, 93.49, 95, 15026, 1139, 715, P0, 0x0000000000000000
2026/09/18 23:24:56.699, 0, 79, 105.19, 89, 15026, 1113, 715, P0, 0x0000000000000000
2026/09/18 23:24:56.709, 1, 79, 112.63, 94, 15026, 1164, 715, P0, 0x0000000000000020
2026/09/18 23:24:57.728, 0, 79, 110.05, 89, 15026, 1139, 715, P0, 0x0000000000000000
2026/09/18 23:24:57.732, 1, 79, 120.59, 95, 15026, 1189, 715, P0, 0x0000000000000000
2026/09/18 23:24:58.743, 0, 79, 102.92, 89, 15026, 1164, 715, P0, 0x0000000000000000
2026/09/18 23:24:58.750, 1, 79, 122.02, 94, 15026, 1177, 715, P0, 0x0000000000000000
2026/09/18 23:24:59.764, 0, 79, 109.78, 89, 15026, 1126, 715, P0, 0x0000000000000020
2026/09/18 23:24:59.772, 1, 79, 118.50, 96, 15026, 1189, 715, P0, 0x0000000000000000
2026/09/18 23:25:00.782, 0, 79, 113.68, 89, 15026, 974, 715, P0, 0x0000000000000020
2026/09/18 23:25:00.796, 1, 79, 103.19, 95, 15026, 1063, 715, P0, 0x0000000000000020
2026/09/18 23:25:01.805, 0, 79, 100.01, 89, 15026, 1037, 715, P0, 0x0000000000000000
2026/09/18 23:25:01.815, 1, 79, 104.80, 97, 15026, 1113, 715, P0, 0x0000000000000000
2026/09/18 23:25:02.834, 0, 79, 106.83, 89, 15026, 1113, 715, P0, 0x0000000000000000
2026/09/18 23:25:02.839, 1, 79, 117.06, 96, 15026, 1189, 715, P0, 0x0000000000000000
2026/09/18 23:25:03.845, 0, 79, 94.43, 89, 15026, 1075, 715, P0, 0x0000000000000000
2026/09/18 23:25:03.852, 1, 79, 104.80, 93, 15026, 1151, 715, P0, 0x0000000000000000
2026/09/18 23:25:04.875, 0, 79, 122.23, 89, 15026, 1177, 715, P0, 0x0000000000000000
2026/09/18 23:25:04.881, 1, 79, 111.40, 94, 15026, 1177, 715, P0, 0x0000000000000000
2026/09/18 23:25:05.892, 0, 79, 96.83, 83, 15026, 1113, 715, P0, 0x0000000000000000
2026/09/18 23:25:05.894, 1, 79, 90.43, 99, 15026, 1012, 715, P0, 0x0000000000000000
2026/09/18 23:25:06.906, 0, 79, 104.51, 86, 15026, 1139, 715, P0, 0x0000000000000020
2026/09/18 23:25:06.912, 1, 79, 93.10, 99, 15026, 1037, 715, P0, 0x0000000000000000
2026/09/18 23:25:07.935, 0, 79, 92.84, 85, 15026, 1050, 715, P0, 0x0000000000000000
2026/09/18 23:25:07.938, 1, 79, 97.27, 99, 15026, 949, 715, P0, 0x0000000000000000
2026/09/18 23:25:08.949, 0, 79, 88.75, 86, 15026, 1050, 715, P0, 0x0000000000000000
2026/09/18 23:25:08.956, 1, 79, 90.42, 99, 15026, 999, 715, P0, 0x0000000000000000
2026/09/18 23:25:09.980, 0, 79, 117.00, 88, 15026, 1050, 715, P0, 0x0000000000000020
2026/09/18 23:25:09.985, 1, 79, 107.17, 99, 15026, 961, 715, P0, 0x0000000000000020
2026/09/18 23:25:10.991, 0, 79, 116.08, 88, 15026, 1126, 715, P0, 0x0000000000000000
2026/09/18 23:25:10.997, 1, 79, 110.91, 99, 15026, 1050, 715, P0, 0x0000000000000020
2026/09/18 23:25:12.021, 0, 79, 106.21, 90, 15026, 1113, 715, P0, 0x0000000000000000
2026/09/18 23:25:12.025, 1, 78, 112.35, 99, 15026, 1177, 715, P0, 0x0000000000000000
2026/09/18 23:25:13.036, 0, 79, 107.44, 90, 15026, 1139, 715, P0, 0x0000000000000020
2026/09/18 23:25:13.039, 1, 79, 117.08, 96, 15026, 1189, 715, P0, 0x0000000000000000
2026/09/18 23:25:14.050, 0, 79, 100.74, 90, 15026, 1101, 715, P0, 0x0000000000000020
2026/09/18 23:25:14.061, 1, 79, 102.24, 96, 15026, 1189, 715, P0, 0x0000000000000000
2026/09/18 23:25:15.066, 0, 79, 94.21, 89, 15026, 1075, 715, P0, 0x0000000000000000
2026/09/18 23:25:15.069, 1, 79, 100.79, 95, 15026, 1139, 715, P0, 0x0000000000000020
2026/09/18 23:25:16.076, 0, 79, 106.64, 90, 15026, 1050, 715, P0, 0x0000000000000000
2026/09/18 23:25:16.081, 1, 79, 112.94, 96, 15026, 1101, 715, P0, 0x0000000000000000
2026/09/18 23:25:17.091, 0, 79, 102.98, 90, 15026, 1050, 715, P0, 0x0000000000000000
2026/09/18 23:25:17.102, 1, 79, 109.60, 96, 15026, 1075, 715, P0, 0x0000000000000000
2026/09/18 23:25:18.121, 0, 79, 115.12, 89, 15026, 999, 715, P0, 0x0000000000000020
2026/09/18 23:25:18.125, 1, 79, 111.90, 96, 15026, 1050, 715, P0, 0x0000000000000020
2026/09/18 23:25:19.133, 0, 79, 108.51, 87, 15026, 1012, 715, P0, 0x0000000000000020
2026/09/18 23:25:19.145, 1, 79, 91.05, 95, 15026, 1075, 715, P0, 0x0000000000000000
2026/09/18 23:25:20.165, 0, 79, 118.78, 77, 15026, 1063, 715, P0, 0x0000000000000020
2026/09/18 23:25:20.171, 1, 79, 129.11, 95, 15026, 1088, 715, P0, 0x0000000000000020
2026/09/18 23:25:21.177, 0, 79, 117.89, 89, 15026, 1075, 715, P0, 0x0000000000000020
2026/09/18 23:25:21.186, 1, 79, 133.81, 95, 15026, 1101, 715, P0, 0x0000000000000020
2026/09/18 23:25:22.207, 0, 79, 122.35, 91, 15026, 1126, 715, P0, 0x0000000000000000
2026/09/18 23:25:22.209, 1, 79, 112.80, 94, 15026, 1126, 715, P0, 0x0000000000000020
2026/09/18 23:25:23.227, 0, 79, 105.41, 89, 15026, 1101, 715, P0, 0x0000000000000020
2026/09/18 23:25:23.230, 1, 79, 110.93, 96, 15026, 1189, 715, P0, 0x0000000000000020
2026/09/18 23:25:24.244, 0, 79, 106.22, 91, 15026, 1139, 715, P0, 0x0000000000000000
2026/09/18 23:25:24.247, 1, 79, 129.34, 93, 15026, 1126, 715, P0, 0x0000000000000020
2026/09/18 23:25:25.274, 0, 79, 95.19, 89, 15026, 1075, 715, P0, 0x0000000000000000
2026/09/18 23:25:25.279, 1, 79, 101.80, 93, 15026, 1139, 715, P0, 0x0000000000000020
2026/09/18 23:25:26.299, 0, 79, 97.85, 75, 15026, 1037, 715, P0, 0x0000000000000000
2026/09/18 23:25:26.308, 1, 79, 100.53, 88, 15026, 1063, 715, P0, 0x0000000000000000
2026/09/18 23:25:27.314, 0, 79, 111.78, 89, 15026, 999, 715, P0, 0x0000000000000020
2026/09/18 23:25:27.317, 1, 79, 100.84, 95, 15026, 1075, 715, P0, 0x0000000000000020
2026/09/18 23:25:28.341, 0, 79, 117.91, 89, 15026, 1075, 715, P0, 0x0000000000000020
2026/09/18 23:25:28.349, 1, 79, 120.59, 95, 15026, 1126, 715, P0, 0x0000000000000020
2026/09/18 23:25:29.368, 0, 79, 115.99, 89, 15026, 1113, 715, P0, 0x0000000000000020
2026/09/18 23:25:29.372, 1, 79, 122.74, 95, 15026, 1139, 715, P0, 0x0000000000000020
2026/09/18 23:25:30.377, 0, 79, 120.29, 76, 15026, 1240, 715, P0, 0x0000000000000020
2026/09/18 23:25:30.381, 1, 79, 117.11, 88, 15026, 1189, 715, P0, 0x0000000000000020
2026/09/18 23:25:31.394, 0, 79, 91.84, 89, 15026, 1037, 715, P0, 0x0000000000000000
2026/09/18 23:25:31.397, 1, 79, 97.26, 96, 15026, 1088, 715, P0, 0x0000000000000000
2026/09/18 23:25:32.406, 0, 79, 101.36, 89, 15026, 1037, 715, P0, 0x0000000000000000
2026/09/18 23:25:32.412, 1, 79, 91.62, 95, 15026, 1101, 715, P0, 0x0000000000000000
2026/09/18 23:25:33.422, 0, 79, 117.43, 90, 15026, 1075, 715, P0, 0x0000000000000020
2026/09/18 23:25:33.432, 1, 79, 124.42, 95, 15026, 1113, 715, P0, 0x0000000000000020
2026/09/18 23:25:34.437, 0, 79, 120.94, 89, 15026, 1101, 715, P0, 0x0000000000000020
2026/09/18 23:25:34.440, 1, 79, 124.09, 95, 15026, 1113, 715, P0, 0x0000000000000020
2026/09/18 23:25:35.450, 0, 79, 103.29, 90, 15026, 1075, 715, P0, 0x0000000000000000
2026/09/18 23:25:35.455, 1, 79, 106.33, 94, 15026, 1139, 715, P0, 0x0000000000000000
2026/09/18 23:25:36.461, 0, 79, 100.50, 89, 15026, 1050, 715, P0, 0x0000000000000000
2026/09/18 23:25:36.464, 1, 79, 89.26, 95, 15026, 1101, 715, P0, 0x0000000000000000
2026/09/18 23:25:37.481, 0, 79, 117.17, 89, 15026, 1075, 715, P0, 0x0000000000000020
2026/09/18 23:25:37.485, 1, 79, 127.99, 95, 15026, 1101, 715, P0, 0x0000000000000020
2026/09/18 23:25:38.495, 0, 79, 129.95, 89, 15026, 1075, 715, P0, 0x0000000000000020
2026/09/18 23:25:38.498, 1, 79, 121.53, 95, 15026, 1075, 715, P0, 0x0000000000000020
2026/09/18 23:25:39.509, 0, 79, 106.55, 89, 15026, 1113, 715, P0, 0x0000000000000020
2026/09/18 23:25:39.515, 1, 79, 106.96, 95, 15026, 1189, 715, P0, 0x0000000000000000
2026/09/18 23:25:40.537, 0, 79, 116.30, 89, 15026, 1164, 715, P0, 0x0000000000000000
2026/09/18 23:25:40.540, 1, 79, 110.18, 95, 15026, 1139, 715, P0, 0x0000000000000020
2026/09/18 23:25:41.550, 0, 79, 102.58, 90, 15026, 1037, 715, P0, 0x0000000000000000
2026/09/18 23:25:41.556, 1, 79, 95.63, 96, 15026, 1088, 715, P0, 0x0000000000000000
2026/09/18 23:25:42.581, 0, 79, 82.48, 94, 15026, 721, 715, P0, 0x0000000000000000
2026/09/18 23:25:42.584, 1, 79, 91.66, 64, 15026, 1252, 715, P0, 0x0000000000000020
2026/09/18 23:25:43.597, 0, 78, 94.41, 92, 15026, 949, 715, P0, 0x0000000000000000
2026/09/18 23:25:43.600, 1, 79, 118.67, 77, 15026, 1227, 715, P0, 0x0000000000000020
2026/09/18 23:25:44.614, 0, 79, 94.63, 90, 15026, 1025, 715, P0, 0x0000000000000000
2026/09/18 23:25:44.618, 1, 79, 101.61, 84, 15026, 1227, 715, P0, 0x0000000000000000
2026/09/18 23:25:45.637, 0, 79, 97.73, 92, 15026, 987, 715, P0, 0x0000000000000020
2026/09/18 23:25:45.640, 1, 79, 120.96, 82, 15026, 1189, 715, P0, 0x0000000000000020
2026/09/18 23:25:46.651, 0, 79, 111.43, 90, 15026, 949, 715, P0, 0x0000000000000020
2026/09/18 23:25:46.660, 1, 79, 130.33, 89, 15026, 1113, 715, P0, 0x0000000000000020
2026/09/18 23:25:47.668, 0, 79, 99.24, 89, 15026, 1037, 715, P0, 0x0000000000000020
2026/09/18 23:25:47.678, 1, 79, 101.38, 87, 15026, 1189, 715, P0, 0x0000000000000000
2026/09/18 23:25:48.694, 0, 79, 94.43, 89, 15026, 1088, 715, P0, 0x0000000000000000
2026/09/18 23:25:48.698, 1, 79, 111.43, 88, 15026, 1189, 715, P0, 0x0000000000000000
2026/09/18 23:25:49.705, 0, 79, 97.11, 90, 15026, 987, 715, P0, 0x0000000000000000
2026/09/18 23:25:49.708, 1, 79, 88.68, 87, 15026, 1164, 715, P0, 0x0000000000000000
2026/09/18 23:25:50.720, 0, 79, 99.98, 89, 15026, 1063, 715, P0, 0x0000000000000000
2026/09/18 23:25:50.723, 1, 79, 103.73, 92, 15026, 1189, 715, P0, 0x0000000000000000
2026/09/18 23:25:51.737, 0, 79, 97.99, 92, 15026, 987, 715, P0, 0x0000000000000000
2026/09/18 23:25:51.742, 1, 79, 111.26, 89, 15026, 1164, 715, P0, 0x0000000000000000
2026/09/18 23:25:52.754, 0, 79, 104.72, 72, 15026, 1151, 715, P0, 0x0000000000000000
2026/09/18 23:25:52.760, 1, 79, 127.22, 90, 15026, 1189, 715, P0, 0x0000000000000000
2026/09/18 23:25:53.773, 0, 79, 100.07, 89, 15026, 1075, 715, P0, 0x0000000000000000
2026/09/18 23:25:53.782, 1, 79, 119.24, 91, 15026, 1189, 715, P0, 0x0000000000000000
2026/09/18 23:25:54.787, 0, 79, 113.41, 71, 15026, 1075, 715, P0, 0x0000000000000000
2026/09/18 23:25:54.790, 1, 79, 107.91, 92, 15026, 1139, 715, P0, 0x0000000000000020
2026/09/18 23:25:55.803, 0, 79, 105.37, 89, 15026, 961, 715, P0, 0x0000000000000020
2026/09/18 23:25:55.806, 1, 79, 96.34, 90, 15026, 1075, 715, P0, 0x0000000000000020
2026/09/18 23:25:56.816, 0, 79, 98.42, 89, 15026, 1075, 715, P0, 0x0000000000000020
2026/09/18 23:25:56.823, 1, 79, 107.81, 91, 15026, 1164, 715, P0, 0x0000000000000020
2026/09/18 23:25:57.829, 0, 79, 118.37, 91, 15026, 1113, 715, P0, 0x0000000000000000
2026/09/18 23:25:57.838, 1, 79, 126.07, 90, 15026, 1215, 715, P0, 0x0000000000000020
2026/09/18 23:25:58.859, 0, 79, 102.87, 89, 15026, 1075, 715, P0, 0x0000000000000000
2026/09/18 23:25:58.866, 1, 79, 110.10, 92, 15026, 1189, 715, P0, 0x0000000000000000
2026/09/18 23:25:59.872, 0, 79, 124.23, 90, 15026, 1177, 715, P0, 0x0000000000000000
2026/09/18 23:25:59.875, 1, 79, 109.85, 94, 15026, 1189, 715, P0, 0x0000000000000000
2026/09/18 23:26:00.888, 0, 79, 110.48, 89, 15026, 1126, 715, P0, 0x0000000000000020
2026/09/18 23:26:00.891, 1, 79, 117.04, 95, 15026, 1189, 715, P0, 0x0000000000000000
2026/09/18 23:26:01.901, 0, 79, 124.90, 92, 15026, 1101, 715, P0, 0x0000000000000020
2026/09/18 23:26:01.909, 1, 79, 131.95, 96, 15026, 1126, 715, P0, 0x0000000000000020
2026/09/18 23:26:02.917, 0, 79, 107.04, 89, 15026, 1101, 715, P0, 0x0000000000000020
2026/09/18 23:26:02.928, 1, 79, 106.72, 97, 15026, 1189, 715, P0, 0x0000000000000000
2026/09/18 23:26:03.942, 0, 79, 118.29, 91, 15026, 1075, 715, P0, 0x0000000000000020
2026/09/18 23:26:03.950, 1, 79, 132.93, 94, 15026, 1126, 715, P0, 0x0000000000000020
2026/09/18 23:26:04.962, 0, 79, 103.86, 89, 15026, 1101, 715, P0, 0x0000000000000000
2026/09/18 23:26:04.968, 1, 79, 101.09, 95, 15026, 1189, 715, P0, 0x0000000000000000
2026/09/18 23:26:05.972, 0, 79, 111.43, 90, 15026, 1075, 715, P0, 0x0000000000000020
2026/09/18 23:26:05.975, 1, 79, 126.02, 88, 15026, 1189, 715, P0, 0x0000000000000000
2026/09/18 23:26:06.992, 0, 79, 90.93, 91, 15026, 1050, 715, P0, 0x0000000000000000
2026/09/18 23:26:06.995, 1, 79, 108.26, 94, 15026, 1189, 715, P0, 0x0000000000000000
2026/09/18 23:26:08.007, 0, 79, 123.72, 89, 15026, 1050, 715, P0, 0x0000000000000020
2026/09/18 23:26:08.010, 1, 79, 126.25, 95, 15026, 1075, 715, P0, 0x0000000000000020
2026/09/18 23:26:09.020, 0, 79, 107.26, 90, 15026, 1050, 715, P0, 0x0000000000000000
2026/09/18 23:26:09.029, 1, 79, 106.72, 95, 15026, 1189, 715, P0, 0x0000000000000000
2026/09/18 23:26:10.049, 0, 79, 116.46, 89, 15026, 1012, 715, P0, 0x0000000000000020
2026/09/18 23:26:10.052, 1, 79, 122.99, 95, 15026, 1075, 715, P0, 0x0000000000000020
2026/09/18 23:26:11.062, 0, 79, 98.86, 90, 15026, 1025, 715, P0, 0x0000000000000020
2026/09/18 23:26:11.072, 1, 79, 101.72, 94, 15026, 1151, 715, P0, 0x0000000000000000
2026/09/18 23:26:12.093, 0, 79, 127.29, 90, 15026, 1075, 715, P0, 0x0000000000000020
2026/09/18 23:26:12.096, 1, 79, 129.57, 95, 15026, 1088, 715, P0, 0x0000000000000020
2026/09/18 23:26:13.107, 0, 79, 112.71, 90, 15026, 1151, 715, P0, 0x0000000000000000
2026/09/18 23:26:13.114, 1, 79, 121.54, 95, 15026, 1151, 715, P0, 0x0000000000000000
2026/09/18 23:26:14.134, 0, 79, 98.30, 89, 15026, 1088, 715, P0, 0x0000000000000000
2026/09/18 23:26:14.138, 1, 79, 113.66, 94, 15026, 1189, 715, P0, 0x0000000000000020
2026/09/18 23:26:15.149, 0, 79, 90.64, 90, 15026, 1088, 715, P0, 0x0000000000000000
2026/09/18 23:26:15.158, 1, 79, 108.63, 94, 15026, 1189, 715, P0, 0x0000000000000000
2026/09/18 23:26:16.163, 0, 79, 119.26, 90, 15026, 1113, 715, P0, 0x0000000000000020
2026/09/18 23:26:16.166, 1, 79, 128.38, 94, 15026, 1189, 715, P0, 0x0000000000000000
2026/09/18 23:26:17.177, 0, 79, 106.89, 92, 15026, 1025, 715, P0, 0x0000000000000020
2026/09/18 23:26:17.180, 1, 79, 88.47, 94, 15026, 1088, 715, P0, 0x0000000000000000
2026/09/18 23:26:18.192, 0, 79, 106.14, 89, 15026, 1139, 715, P0, 0x0000000000000000
2026/09/18 23:26:18.198, 1, 79, 119.70, 95, 15026, 1164, 715, P0, 0x0000000000000000
2026/09/18 23:26:19.218, 0, 79, 111.30, 81, 15026, 1025, 715, P0, 0x0000000000000020
2026/09/18 23:26:19.221, 1, 79, 109.58, 88, 15026, 1075, 715, P0, 0x0000000000000020
2026/09/18 23:26:20.230, 0, 79, 115.10, 89, 15026, 1126, 715, P0, 0x0000000000000000
2026/09/18 23:26:20.240, 1, 79, 109.35, 96, 15026, 1189, 715, P0, 0x0000000000000000
2026/09/18 23:26:21.245, 0, 79, 112.25, 89, 15026, 1012, 715, P0, 0x0000000000000020
2026/09/18 23:26:21.248, 1, 79, 107.25, 95, 15026, 1075, 715, P0, 0x0000000000000020
2026/09/18 23:26:22.260, 0, 79, 94.70, 90, 15026, 1063, 715, P0, 0x0000000000000000
2026/09/18 23:26:22.263, 1, 79, 99.59, 94, 15026, 1101, 715, P0, 0x0000000000000000
2026/09/18 23:26:23.274, 0, 79, 122.28, 90, 15026, 1025, 715, P0, 0x0000000000000020
2026/09/18 23:26:23.282, 1, 79, 126.97, 95, 15026, 1101, 715, P0, 0x0000000000000020
2026/09/18 23:26:24.287, 0, 79, 118.02, 77, 15026, 1328, 715, P0, 0x0000000000000000
2026/09/18 23:26:24.290, 1, 79, 119.28, 82, 15026, 1328, 715, P0, 0x0000000000000000
2026/09/18 23:26:25.299, 0, 79, 108.86, 78, 15026, 1316, 715, P0, 0x0000000000000020
2026/09/18 23:26:25.302, 1, 79, 116.38, 81, 15026, 1328, 715, P0, 0x0000000000000000
2026/09/18 23:26:26.313, 0, 79, 110.30, 79, 15026, 1328, 715, P0, 0x0000000000000000
2026/09/18 23:26:26.316, 1, 79, 122.25, 82, 15026, 1328, 715, P0, 0x0000000000000000
2026/09/18 23:26:27.326, 0, 79, 102.83, 79, 15026, 1278, 715, P0, 0x0000000000000000
2026/09/18 23:26:27.329, 1, 79, 116.19, 81, 15026, 1328, 715, P0, 0x0000000000000000
2026/09/18 23:26:28.337, 0, 79, 96.34, 92, 15026, 1012, 715, P0, 0x0000000000000020
2026/09/18 23:26:28.345, 1, 79, 123.74, 85, 15026, 1202, 715, P0, 0x0000000000000020
2026/09/18 23:26:29.364, 0, 79, 105.89, 92, 15026, 1025, 715, P0, 0x0000000000000020
2026/09/18 23:26:29.367, 1, 79, 143.77, 84, 15026, 1126, 715, P0, 0x0000000000000020
2026/09/18 23:26:30.384, 0, 79, 105.93, 90, 15026, 1063, 715, P0, 0x0000000000000000
2026/09/18 23:26:30.387, 1, 79, 128.64, 85, 15026, 1189, 715, P0, 0x0000000000000000
2026/09/18 23:26:31.401, 0, 79, 103.12, 89, 15026, 1101, 715, P0, 0x0000000000000000
2026/09/18 23:26:31.406, 1, 79, 124.46, 93, 15026, 1189, 715, P0, 0x0000000000000000
2026/09/18 23:26:32.418, 0, 79, 113.81, 89, 15026, 1025, 715, P0, 0x0000000000000020
2026/09/18 23:26:32.428, 1, 79, 130.80, 90, 15026, 1139, 715, P0, 0x0000000000000020
2026/09/18 23:26:33.435, 0, 79, 99.42, 92, 15026, 1050, 715, P0, 0x0000000000000020
2026/09/18 23:26:33.447, 1, 79, 110.15, 88, 15026, 1126, 715, P0, 0x0000000000000020
2026/09/18 23:26:34.465, 0, 79, 107.43, 92, 15026, 1088, 715, P0, 0x0000000000000000
2026/09/18 23:26:34.468, 1, 79, 116.18, 87, 15026, 1189, 715, P0, 0x0000000000000000
2026/09/18 23:26:35.476, 0, 79, 93.78, 93, 15026, 1050, 715, P0, 0x0000000000000020
2026/09/18 23:26:35.479, 1, 79, 113.82, 89, 15026, 1164, 715, P0, 0x0000000000000000
2026/09/18 23:26:36.494, 0, 79, 107.19, 92, 15026, 1050, 715, P0, 0x0000000000000020
2026/09/18 23:26:36.497, 1, 79, 127.08, 87, 15026, 1189, 715, P0, 0x0000000000000020
2026/09/18 23:26:37.503, 0, 79, 106.79, 72, 15026, 1012, 715, P0, 0x0000000000000020
2026/09/18 23:26:37.509, 1, 79, 119.99, 86, 15026, 1126, 715, P0, 0x0000000000000020
2026/09/18 23:26:38.518, 0, 79, 106.32, 90, 15026, 923, 715, P0, 0x0000000000000020
2026/09/18 23:26:38.520, 1, 79, 105.83, 88, 15026, 1063, 715, P0, 0x0000000000000020
2026/09/18 23:26:39.546, 0, 78, 101.28, 89, 15026, 1075, 715, P0, 0x0000000000000000
2026/09/18 23:26:39.551, 1, 79, 120.65, 89, 15026, 1189, 715, P0, 0x0000000000000000
2026/09/18 23:26:40.558, 0, 79, 105.61, 89, 15026, 1088, 715, P0, 0x0000000000000020
2026/09/18 23:26:40.561, 1, 79, 123.72, 94, 15026, 1189, 715, P0, 0x0000000000000000
2026/09/18 23:26:41.573, 0, 79, 119.87, 90, 15026, 1050, 715, P0, 0x0000000000000020
2026/09/18 23:26:41.578, 1, 79, 137.15, 92, 15026, 1101, 715, P0, 0x0000000000000020
2026/09/18 23:26:42.583, 0, 79, 124.29, 92, 15026, 1037, 715, P0, 0x0000000000000020
2026/09/18 23:26:42.592, 1, 79, 123.46, 97, 15026, 1063, 715, P0, 0x0000000000000020
2026/09/18 23:26:43.612, 0, 79, 114.72, 90, 15026, 1151, 715, P0, 0x0000000000000000
2026/09/18 23:26:43.617, 1, 79, 120.51, 97, 15026, 1189, 715, P0, 0x0000000000000000
2026/09/18 23:26:44.625, 0, 79, 131.58, 90, 15026, 1113, 715, P0, 0x0000000000000020
2026/09/18 23:26:44.632, 1, 79, 116.66, 96, 15026, 1164, 715, P0, 0x0000000000000000
2026/09/18 23:26:45.639, 0, 79, 116.71, 89, 15026, 1037, 715, P0, 0x0000000000000020
2026/09/18 23:26:45.644, 1, 79, 119.96, 96, 15026, 1050, 715, P0, 0x0000000000000020
2026/09/18 23:26:46.653, 0, 79, 61.54, 92, 15026, 1139, 715, P0, 0x0000000000000000
2026/09/18 23:26:46.656, 1, 79, 61.77, 95, 15026, 1189, 715, P0, 0x0000000000000000
2026/09/18 23:26:47.667, 0, 79, 99.72, 92, 15026, 1101, 715, P0, 0x0000000000000000
2026/09/18 23:26:47.674, 1, 79, 108.40, 94, 15026, 1177, 715, P0, 0x0000000000000000
2026/09/18 23:26:48.681, 0, 79, 110.81, 92, 15026, 1101, 715, P0, 0x0000000000000020
2026/09/18 23:26:48.684, 1, 79, 120.11, 96, 15026, 1139, 715, P0, 0x0000000000000020
2026/09/18 23:26:49.691, 0, 79, 133.43, 90, 15026, 1088, 715, P0, 0x0000000000000020
2026/09/18 23:26:49.694, 1, 79, 130.20, 96, 15026, 1126, 715, P0, 0x0000000000000020
2026/09/18 23:26:50.704, 0, 79, 98.80, 89, 15026, 1113, 715, P0, 0x0000000000000000
2026/09/18 23:26:50.713, 1, 79, 109.83, 95, 15026, 1189, 715, P0, 0x0000000000000000
2026/09/18 23:26:51.732, 0, 79, 111.12, 92, 15026, 1151, 715, P0, 0x0000000000000000
2026/09/18 23:26:51.734, 1, 79, 106.74, 96, 15026, 1189, 715, P0, 0x0000000000000000
2026/09/18 23:26:52.746, 0, 79, 119.99, 90, 15026, 999, 715, P0, 0x0000000000000020
2026/09/18 23:26:52.757, 1, 79, 122.75, 96, 15026, 1075, 715, P0, 0x0000000000000020
2026/09/18 23:26:53.775, 0, 79, 104.44, 68, 15026, 1075, 715, P0, 0x0000000000000000
2026/09/18 23:26:53.777, 1, 79, 107.06, 93, 15026, 1151, 715, P0, 0x0000000000000000
2026/09/18 23:26:54.792, 0, 79, 101.03, 89, 15026, 1139, 715, P0, 0x0000000000000020
2026/09/18 23:26:54.797, 1, 79, 116.37, 96, 15026, 1177, 715, P0, 0x0000000000000020
2026/09/18 23:26:55.816, 0, 79, 57.47, 92, 15026, 1189, 715, P0, 0x0000000000000000
2026/09/18 23:26:55.819, 1, 79, 56.48, 96, 15026, 1189, 715, P0, 0x0000000000000000
2026/09/18 23:26:56.833, 0, 79, 98.77, 92, 15026, 1101, 715, P0, 0x0000000000000020
2026/09/18 23:26:56.839, 1, 79, 108.63, 96, 15026, 1151, 715, P0, 0x0000000000000020
2026/09/18 23:26:57.845, 0, 79, 116.95, 89, 15026, 1050, 715, P0, 0x0000000000000020
2026/09/18 23:26:57.849, 1, 79, 118.76, 95, 15026, 1075, 715, P0, 0x0000000000000020
2026/09/18 23:26:58.859, 0, 79, 113.21, 89, 15026, 1012, 715, P0, 0x0000000000000020
2026/09/18 23:26:58.862, 1, 79, 115.26, 95, 15026, 1063, 715, P0, 0x0000000000000020
2026/09/18 23:26:59.871, 0, 79, 100.01, 91, 15026, 1126, 715, P0, 0x0000000000000000
2026/09/18 23:26:59.880, 1, 79, 108.41, 95, 15026, 1189, 715, P0, 0x0000000000000000
2026/09/18 23:27:00.886, 0, 79, 96.09, 92, 15026, 1088, 715, P0, 0x0000000000000000
2026/09/18 23:27:00.889, 1, 79, 111.07, 95, 15026, 1177, 715, P0, 0x0000000000000000
2026/09/18 23:27:01.896, 0, 79, 119.76, 91, 15026, 1113, 715, P0, 0x0000000000000020
2026/09/18 23:27:01.899, 1, 79, 123.92, 96, 15026, 1139, 715, P0, 0x0000000000000020
2026/09/18 23:27:02.906, 0, 79, 116.95, 68, 15026, 1050, 715, P0, 0x0000000000000020
2026/09/18 23:27:02.908, 1, 79, 119.24, 87, 15026, 1075, 715, P0, 0x0000000000000020
2026/09/18 23:27:03.920, 0, 80, 112.49, 89, 15026, 999, 715, P0, 0x0000000000000020
2026/09/18 23:27:03.923, 1, 79, 113.35, 95, 15026, 1063, 715, P0, 0x0000000000000020
2026/09/18 23:27:04.933, 0, 79, 103.94, 89, 15026, 1126, 715, P0, 0x0000000000000000
2026/09/18 23:27:04.942, 1, 79, 96.14, 97, 15026, 1075, 715, P0, 0x0000000000000020
2026/09/18 23:27:05.966, 0, 79, 100.50, 86, 15026, 1101, 715, P0, 0x0000000000000000
2026/09/18 23:27:05.971, 1, 79, 95.10, 99, 15026, 1012, 715, P0, 0x0000000000000000
2026/09/18 23:27:06.977, 0, 79, 112.68, 85, 15026, 1189, 715, P0, 0x0000000000000020
2026/09/18 23:27:06.980, 1, 79, 97.17, 99, 15026, 1050, 715, P0, 0x0000000000000000
2026/09/18 23:27:08.004, 0, 79, 111.23, 85, 15026, 1164, 715, P0, 0x0000000000000000
2026/09/18 23:27:08.007, 1, 79, 98.67, 99, 15026, 1025, 715, P0, 0x0000000000000000
2026/09/18 23:27:09.016, 0, 79, 104.59, 89, 15026, 1075, 715, P0, 0x0000000000000000
2026/09/18 23:27:09.023, 1, 79, 99.90, 98, 15026, 1050, 715, P0, 0x0000000000000020
2026/09/18 23:27:10.042, 0, 79, 97.98, 90, 15026, 1075, 715, P0, 0x0000000000000020
2026/09/18 23:27:10.045, 1, 79, 106.30, 95, 15026, 1101, 715, P0, 0x0000000000000000
2026/09/18 23:27:11.056, 0, 79, 100.38, 92, 15026, 1063, 715, P0, 0x0000000000000000
2026/09/18 23:27:11.064, 1, 79, 109.57, 95, 15026, 1189, 715, P0, 0x0000000000000000
2026/09/18 23:27:12.085, 0, 79, 106.05, 93, 15026, 1101, 715, P0, 0x0000000000000000
2026/09/18 23:27:12.088, 1, 79, 101.73, 93, 15026, 1139, 715, P0, 0x0000000000000020
2026/09/18 23:27:13.096, 0, 79, 87.48, 92, 15026, 1050, 715, P0, 0x0000000000000000
2026/09/18 23:27:13.104, 1, 79, 115.50, 87, 15026, 1189, 715, P0, 0x0000000000000000
2026/09/18 23:27:14.125, 0, 79, 89.89, 90, 15026, 1037, 715, P0, 0x0000000000000000
2026/09/18 23:27:14.128, 1, 79, 114.87, 89, 15026, 1164, 715, P0, 0x0000000000000000
2026/09/18 23:27:15.153, 0, 79, 98.64, 66, 15026, 936, 715, P0, 0x0000000000000020
2026/09/18 23:27:15.159, 1, 79, 67.95, 95, 15026, 1075, 715, P0, 0x0000000000000000
2026/09/18 23:27:16.167, 0, 79, 103.54, 92, 15026, 911, 715, P0, 0x0000000000000020
2026/09/18 23:27:16.170, 1, 79, 102.96, 94, 15026, 1012, 715, P0, 0x0000000000000020
2026/09/18 23:27:17.175, 0, 79, 95.53, 90, 15026, 936, 715, P0, 0x0000000000000000
2026/09/18 23:27:17.187, 1, 79, 75.35, 94, 15026, 1037, 715, P0, 0x0000000000000000
2026/09/18 23:27:18.202, 0, 79, 126.56, 92, 15026, 1012, 715, P0, 0x0000000000000020
2026/09/18 23:27:18.208, 1, 79, 130.29, 90, 15026, 1088, 715, P0, 0x0000000000000020
2026/09/18 23:27:19.221, 0, 79, 108.86, 90, 15026, 1075, 715, P0, 0x0000000000000020
2026/09/18 23:27:19.227, 1, 79, 127.96, 89, 15026, 1151, 715, P0, 0x0000000000000020
2026/09/18 23:27:20.233, 0, 79, 91.32, 67, 15026, 1050, 715, P0, 0x0000000000000020
2026/09/18 23:27:20.236, 1, 79, 107.67, 92, 15026, 1139, 715, P0, 0x0000000000000020
2026/09/18 23:27:21.247, 0, 79, 100.11, 92, 15026, 1101, 715, P0, 0x0000000000000000
2026/09/18 23:27:21.250, 1, 79, 115.90, 94, 15026, 1189, 715, P0, 0x0000000000000000
2026/09/18 23:27:22.263, 0, 79, 100.14, 92, 15026, 1075, 715, P0, 0x0000000000000020
2026/09/18 23:27:22.269, 1, 79, 113.18, 95, 15026, 1139, 715, P0, 0x0000000000000020
2026/09/18 23:27:23.278, 0, 79, 97.84, 90, 15026, 999, 715, P0, 0x0000000000000000
2026/09/18 23:27:23.289, 1, 79, 100.60, 90, 15026, 1139, 715, P0, 0x0000000000000000
2026/09/18 23:27:24.296, 0, 79, 86.87, 89, 15026, 923, 715, P0, 0x0000000000000020
2026/09/18 23:27:24.299, 1, 79, 91.78, 91, 15026, 1139, 715, P0, 0x0000000000000000
2026/09/18 23:27:25.322, 0, 79, 106.81, 90, 15026, 949, 715, P0, 0x0000000000000020
2026/09/18 23:27:25.332, 1, 79, 112.64, 91, 15026, 1037, 715, P0, 0x0000000000000020
2026/09/18 23:27:26.339, 0, 79, 106.80, 92, 15026, 911, 715, P0, 0x0000000000000020
2026/09/18 23:27:26.353, 1, 79, 114.81, 90, 15026, 1050, 715, P0, 0x0000000000000020
2026/09/18 23:27:27.367, 0, 79, 106.74, 92, 15026, 923, 715, P0, 0x0000000000000020
2026/09/18 23:27:27.373, 1, 79, 112.89, 89, 15026, 1025, 715, P0, 0x0000000000000020
2026/09/18 23:27:28.377, 0, 79, 107.02, 90, 15026, 1063, 715, P0, 0x0000000000000000
2026/09/18 23:27:28.380, 1, 79, 124.01, 91, 15026, 1189, 715, P0, 0x0000000000000000
2026/09/18 23:27:29.392, 0, 78, 96.24, 89, 15026, 1037, 715, P0, 0x0000000000000000
2026/09/18 23:27:29.397, 1, 79, 110.98, 91, 15026, 1189, 715, P0, 0x0000000000000000
2026/09/18 23:27:30.411, 0, 79, 107.77, 92, 15026, 987, 715, P0, 0x0000000000000000
2026/09/18 23:27:30.414, 1, 79, 106.71, 96, 15026, 1037, 715, P0, 0x0000000000000020
2026/09/18 23:27:31.427, 0, 79, 107.78, 92, 15026, 987, 715, P0, 0x0000000000000000
2026/09/18 23:27:31.433, 1, 79, 102.23, 95, 15026, 1037, 715, P0, 0x0000000000000000
2026/09/18 23:27:32.453, 0, 79, 108.02, 90, 15026, 974, 715, P0, 0x0000000000000020
2026/09/18 23:27:32.456, 1, 79, 105.76, 94, 15026, 1050, 715, P0, 0x0000000000000000
2026/09/18 23:27:33.467, 0, 79, 118.36, 89, 15026, 1075, 715, P0, 0x0000000000000020
2026/09/18 23:27:33.473, 1, 79, 130.78, 97, 15026, 1075, 715, P0, 0x0000000000000020
2026/09/18 23:27:34.493, 0, 79, 117.22, 89, 15026, 949, 715, P0, 0x0000000000000020
2026/09/18 23:27:34.496, 1, 79, 113.57, 95, 15026, 1025, 715, P0, 0x0000000000000020
2026/09/18 23:27:35.520, 0, 79, 115.86, 94, 15026, 1139, 715, P0, 0x0000000000000020
2026/09/18 23:27:35.533, 1, 79, 125.50, 97, 15026, 1139, 715, P0, 0x0000000000000020
2026/09/18 23:27:36.553, 0, 79, 112.64, 93, 15026, 1075, 715, P0, 0x0000000000000020
2026/09/18 23:27:36.556, 1, 79, 130.80, 96, 15026, 1075, 715, P0, 0x0000000000000020
2026/09/18 23:27:37.580, 0, 79, 122.10, 88, 15026, 1139, 715, P0, 0x0000000000000020
2026/09/18 23:27:37.583, 1, 79, 130.99, 85, 15026, 1139, 715, P0, 0x0000000000000020
2026/09/18 23:27:38.595, 0, 79, 107.85, 89, 15026, 1113, 715, P0, 0x0000000000000000
2026/09/18 23:27:38.598, 1, 79, 121.40, 95, 15026, 1189, 715, P0, 0x0000000000000000
2026/09/18 23:27:39.610, 0, 79, 112.64, 89, 15026, 1101, 715, P0, 0x0000000000000000
2026/09/18 23:27:39.615, 1, 79, 115.54, 94, 15026, 1189, 715, P0, 0x0000000000000000
2026/09/18 23:27:40.626, 0, 79, 102.10, 92, 15026, 1063, 715, P0, 0x0000000000000000
2026/09/18 23:27:40.635, 1, 79, 93.38, 98, 15026, 1101, 715, P0, 0x0000000000000000
2026/09/18 23:27:41.640, 0, 79, 108.35, 91, 15026, 1113, 715, P0, 0x0000000000000000
2026/09/18 23:27:41.643, 1, 79, 108.24, 98, 15026, 1113, 715, P0, 0x0000000000000000
2026/09/18 23:27:42.667, 0, 79, 96.94, 93, 15026, 1101, 715, P0, 0x0000000000000000
2026/09/18 23:27:42.679, 1, 79, 114.54, 93, 15026, 1151, 715, P0, 0x0000000000000000
2026/09/18 23:27:43.697, 0, 79, 108.33, 91, 15026, 1164, 715, P0, 0x0000000000000000
2026/09/18 23:27:43.701, 1, 79, 117.31, 99, 15026, 1189, 715, P0, 0x0000000000000000
2026/09/18 23:27:44.708, 0, 79, 103.83, 92, 15026, 1126, 715, P0, 0x0000000000000000
2026/09/18 23:27:44.713, 1, 79, 119.44, 99, 15026, 1189, 715, P0, 0x0000000000000000
2026/09/18 23:27:45.720, 0, 79, 102.59, 89, 15026, 1063, 715, P0, 0x0000000000000000
2026/09/18 23:27:45.723, 1, 79, 91.77, 97, 15026, 1088, 715, P0, 0x0000000000000000
2026/09/18 23:27:46.735, 0, 79, 102.91, 90, 15026, 1139, 715, P0, 0x0000000000000000
2026/09/18 23:27:46.739, 1, 79, 110.77, 97, 15026, 1139, 715, P0, 0x0000000000000000
2026/09/18 23:27:47.747, 0, 79, 110.83, 89, 15026, 1012, 715, P0, 0x0000000000000020
2026/09/18 23:27:47.750, 1, 79, 103.67, 97, 15026, 1025, 715, P0, 0x0000000000000000
2026/09/18 23:27:48.778, 0, 79, 100.30, 89, 15026, 1075, 715, P0, 0x0000000000000000
2026/09/18 23:27:48.781, 1, 79, 91.18, 99, 15026, 1075, 715, P0, 0x0000000000000020
2026/09/18 23:27:49.790, 0, 79, 52.41, 89, 15026, 1189, 715, P0, 0x0000000000000000
2026/09/18 23:27:49.799, 1, 78, 52.15, 94, 15026, 1189, 715, P0, 0x0000000000000000
2026/09/18 23:27:50.804, 0, 79, 106.35, 93, 15026, 1025, 715, P0, 0x0000000000000020
2026/09/18 23:27:50.807, 1, 79, 104.86, 99, 15026, 1037, 715, P0, 0x0000000000000020
2026/09/18 23:27:51.818, 0, 79, 97.07, 90, 15026, 1063, 715, P0, 0x0000000000000000
2026/09/18 23:27:51.822, 1, 79, 100.45, 98, 15026, 1088, 715, P0, 0x0000000000000000
2026/09/18 23:27:52.832, 0, 79, 118.63, 93, 15026, 1025, 715, P0, 0x0000000000000020
2026/09/18 23:27:52.844, 1, 79, 119.48, 97, 15026, 1037, 715, P0, 0x0000000000000020
2026/09/18 23:27:53.859, 0, 79, 119.84, 89, 15026, 1050, 715, P0, 0x0000000000000020
2026/09/18 23:27:53.864, 1, 79, 116.60, 99, 15026, 1075, 715, P0, 0x0000000000000020
2026/09/18 23:27:54.882, 0, 79, 114.92, 67, 15026, 1189, 715, P0, 0x0000000000000020
2026/09/18 23:27:54.885, 1, 79, 122.68, 92, 15026, 1202, 715, P0, 0x0000000000000020
2026/09/18 23:27:55.895, 0, 79, 104.19, 94, 15026, 1139, 715, P0, 0x0000000000000020
2026/09/18 23:27:55.902, 1, 79, 114.90, 98, 15026, 1164, 715, P0, 0x0000000000000020
2026/09/18 23:27:56.911, 0, 79, 111.95, 92, 15026, 1151, 715, P0, 0x0000000000000000
2026/09/18 23:27:56.914, 1, 79, 120.33, 99, 15026, 1164, 715, P0, 0x0000000000000000
2026/09/18 23:27:57.926, 0, 79, 97.59, 90, 15026, 1075, 715, P0, 0x0000000000000000
2026/09/18 23:27:57.929, 1, 79, 104.77, 95, 15026, 1126, 715, P0, 0x0000000000000000
2026/09/18 23:27:58.936, 0, 79, 100.57, 89, 15026, 1050, 715, P0, 0x0000000000000000
2026/09/18 23:27:58.946, 1, 79, 95.14, 95, 15026, 1101, 715, P0, 0x0000000000000000
2026/09/18 23:27:59.965, 0, 79, 119.28, 69, 15026, 1050, 715, P0, 0x0000000000000020
2026/09/18 23:27:59.970, 1, 79, 118.52, 87, 15026, 1075, 715, P0, 0x0000000000000020
2026/09/18 23:28:00.977, 0, 79, 137.39, 92, 15026, 1075, 715, P0, 0x0000000000000020
2026/09/18 23:28:00.985, 1, 79, 133.28, 98, 15026, 1101, 715, P0, 0x0000000000000020
2026/09/18 23:28:02.006, 0, 79, 116.71, 92, 15026, 1012, 715, P0, 0x0000000000000020
2026/09/18 23:28:02.012, 1, 79, 119.24, 96, 15026, 1075, 715, P0, 0x0000000000000020
2026/09/18 23:28:03.021, 0, 79, 117.66, 89, 15026, 1139, 715, P0, 0x0000000000000000
2026/09/18 23:28:03.028, 1, 79, 113.16, 95, 15026, 1189, 715, P0, 0x0000000000000020
2026/09/18 23:28:04.036, 0, 79, 103.58, 89, 15026, 1101, 715, P0, 0x0000000000000020
2026/09/18 23:28:04.039, 1, 79, 121.16, 94, 15026, 1202, 715, P0, 0x0000000000000000
2026/09/18 23:28:05.052, 0, 79, 115.83, 66, 15026, 1139, 715, P0, 0x0000000000000000
2026/09/18 23:28:05.058, 1, 79, 107.74, 97, 15026, 1164, 715, P0, 0x0000000000000000
2026/09/18 23:28:06.067, 0, 79, 82.22, 96, 15026, 708, 715, P0, 0x0000000000000000
2026/09/18 23:28:06.073, 1, 79, 50.89, 88, 15026, 1189, 715, P0, 0x0000000000000000
2026/09/18 23:28:07.089, 0, 79, 85.89, 94, 15026, 961, 715, P0, 0x0000000000000000
2026/09/18 23:28:07.092, 1, 79, 106.01, 92, 15026, 1189, 715, P0, 0x0000000000000000
2026/09/18 23:28:08.103, 0, 78, 97.17, 96, 15026, 999, 715, P0, 0x0000000000000000
2026/09/18 23:28:08.110, 1, 79, 117.49, 93, 15026, 1189, 715, P0, 0x0000000000000000
2026/09/18 23:28:09.116, 0, 79, 103.20, 89, 15026, 911, 715, P0, 0x0000000000000020
2026/09/18 23:28:09.119, 1, 79, 114.56, 86, 15026, 1063, 715, P0, 0x0000000000000020
2026/09/18 23:28:10.125, 0, 79, 99.13, 94, 15026, 1050, 715, P0, 0x0000000000000020
2026/09/18 23:28:10.133, 1, 79, 108.71, 89, 15026, 1202, 715, P0, 0x0000000000000000
2026/09/18 23:28:11.142, 0, 79, 109.61, 90, 15026, 961, 715, P0, 0x0000000000000020
2026/09/18 23:28:11.153, 1, 79, 115.75, 91, 15026, 1063, 715, P0, 0x0000000000000020
2026/09/18 23:28:12.170, 0, 79, 107.92, 94, 15026, 1113, 715, P0, 0x0000000000000000
2026/09/18 23:28:12.172, 1, 79, 122.27, 96, 15026, 1189, 715, P0, 0x0000000000000000
2026/09/18 23:28:13.179, 0, 79, 109.86, 65, 15026, 1025, 715, P0, 0x0000000000000020
2026/09/18 23:28:13.182, 1, 79, 110.06, 82, 15026, 1075, 715, P0, 0x0000000000000020
2026/09/18 23:28:14.191, 0, 79, 114.33, 93, 15026, 1025, 715, P0, 0x0000000000000020
2026/09/18 23:28:14.196, 1, 79, 115.67, 95, 15026, 1063, 715, P0, 0x0000000000000020
2026/09/18 23:28:15.208, 0, 79, 114.82, 94, 15026, 999, 715, P0, 0x0000000000000020
2026/09/18 23:28:15.215, 1, 79, 115.90, 96, 15026, 1063, 715, P0, 0x0000000000000020
2026/09/18 23:28:16.234, 0, 79, 111.22, 89, 15026, 1139, 715, P0, 0x0000000000000000
2026/09/18 23:28:16.237, 1, 79, 112.72, 92, 15026, 1189, 715, P0, 0x0000000000000000
2026/09/18 23:28:17.248, 0, 79, 91.99, 90, 15026, 1101, 715, P0, 0x0000000000000000
2026/09/18 23:28:17.254, 1, 79, 123.56, 93, 15026, 1189, 715, P0, 0x0000000000000000
2026/09/18 23:28:18.273, 0, 79, 116.95, 87, 15026, 1050, 715, P0, 0x0000000000000020
2026/09/18 23:28:18.276, 1, 79, 121.09, 93, 15026, 1101, 715, P0, 0x0000000000000020
2026/09/18 23:28:19.288, 0, 80, 125.14, 89, 15026, 1050, 715, P0, 0x0000000000000020
2026/09/18 23:28:19.295, 1, 79, 127.90, 96, 15026, 1101, 715, P0, 0x0000000000000020
2026/09/18 23:28:20.299, 0, 79, 87.25, 93, 15026, 987, 715, P0, 0x0000000000000000
2026/09/18 23:28:20.302, 1, 79, 103.18, 78, 15026, 1227, 715, P0, 0x0000000000000000
2026/09/18 23:28:21.313, 0, 79, 97.76, 94, 15026, 1101, 715, P0, 0x0000000000000000
2026/09/18 23:28:21.316, 1, 79, 121.99, 85, 15026, 1227, 715, P0, 0x0000000000000000
2026/09/18 23:28:22.325, 0, 79, 87.21, 90, 15026, 936, 715, P0, 0x0000000000000000
2026/09/18 23:28:22.337, 1, 79, 97.50, 88, 15026, 1189, 715, P0, 0x0000000000000000
2026/09/18 23:28:23.355, 0, 79, 104.88, 89, 15026, 911, 715, P0, 0x0000000000000020
2026/09/18 23:28:23.358, 1, 79, 116.95, 87, 15026, 1075, 715, P0, 0x0000000000000020
2026/09/18 23:28:24.367, 0, 79, 103.36, 90, 15026, 1139, 715, P0, 0x0000000000000000
2026/09/18 23:28:24.375, 1, 79, 110.94, 95, 15026, 1189, 715, P0, 0x0000000000000000
2026/09/18 23:28:25.381, 0, 79, 98.23, 89, 15026, 1012, 715, P0, 0x0000000000000000
2026/09/18 23:28:25.385, 1, 79, 110.55, 90, 15026, 1189, 715, P0, 0x0000000000000000
2026/09/18 23:28:26.391, 0, 79, 119.09, 93, 15026, 1101, 715, P0, 0x0000000000000020
2026/09/18 23:28:26.395, 1, 79, 126.25, 94, 15026, 1139, 715, P0, 0x0000000000000020
2026/09/18 23:28:27.407, 0, 79, 122.64, 90, 15026, 1164, 715, P0, 0x0000000000000020
2026/09/18 23:28:27.415, 1, 79, 116.37, 96, 15026, 1189, 715, P0, 0x0000000000000000
2026/09/18 23:28:28.436, 0, 79, 113.91, 89, 15026, 1151, 715, P0, 0x0000000000000020
2026/09/18 23:28:28.440, 1, 79, 108.87, 94, 15026, 1189, 715, P0, 0x0000000000000000
2026/09/18 23:28:29.447, 0, 79, 118.79, 94, 15026, 1025, 715, P0, 0x0000000000000020
2026/09/18 23:28:29.459, 1, 79, 122.05, 95, 15026, 1101, 715, P0, 0x0000000000000020
2026/09/18 23:28:30.473, 0, 79, 117.07, 89, 15026, 1164, 715, P0, 0x0000000000000000
2026/09/18 23:28:30.479, 1, 79, 122.60, 92, 15026, 1189, 715, P0, 0x0000000000000000
2026/09/18 23:28:31.501, 0, 79, 112.00, 86, 15026, 1037, 715, P0, 0x0000000000000000
2026/09/18 23:28:31.505, 1, 79, 119.01, 92, 15026, 1101, 715, P0, 0x0000000000000020
2026/09/18 23:28:32.511, 0, 79, 113.77, 92, 15026, 1139, 715, P0, 0x0000000000000020
2026/09/18 23:28:32.519, 1, 79, 122.97, 94, 15026, 1189, 715, P0, 0x0000000000000020
2026/09/18 23:28:33.524, 0, 79, 102.32, 94, 15026, 1101, 715, P0, 0x0000000000000000
2026/09/18 23:28:33.528, 1, 79, 106.59, 95, 15026, 1189, 715, P0, 0x0000000000000000
2026/09/18 23:28:34.537, 0, 79, 133.40, 90, 15026, 1101, 715, P0, 0x0000000000000020
2026/09/18 23:28:34.543, 1, 79, 137.74, 92, 15026, 1164, 715, P0, 0x0000000000000020
2026/09/18 23:28:35.552, 0, 79, 108.29, 93, 15026, 1101, 715, P0, 0x0000000000000020
2026/09/18 23:28:35.563, 1, 79, 111.42, 96, 15026, 1164, 715, P0, 0x0000000000000020
2026/09/18 23:28:36.579, 0, 79, 91.15, 89, 15026, 1075, 715, P0, 0x0000000000000000
2026/09/18 23:28:36.583, 1, 79, 82.06, 96, 15026, 1126, 715, P0, 0x0000000000000000
2026/09/18 23:28:37.597, 0, 79, 131.35, 94, 15026, 1101, 715, P0, 0x0000000000000020
2026/09/18 23:28:37.603, 1, 79, 112.54, 98, 15026, 1139, 715, P0, 0x0000000000000020
2026/09/18 23:28:38.616, 0, 79, 106.88, 89, 15026, 1101, 715, P0, 0x0000000000000000
2026/09/18 23:28:38.624, 1, 79, 104.79, 96, 15026, 1164, 715, P0, 0x0000000000000000
2026/09/18 23:28:39.639, 0, 79, 84.95, 96, 15026, 734, 715, P0, 0x0000000000000020
2026/09/18 23:28:39.648, 1, 79, 89.24, 83, 15026, 1189, 715, P0, 0x0000000000000020
2026/09/18 23:28:40.655, 0, 79, 95.16, 95, 15026, 797, 715, P0, 0x0000000000000020
2026/09/18 23:28:40.668, 1, 79, 114.35, 74, 15026, 1050, 715, P0, 0x0000000000000020
2026/09/18 23:28:41.684, 0, 79, 100.09, 90, 15026, 847, 715, P0, 0x0000000000000020
2026/09/18 23:28:41.688, 1, 79, 114.57, 83, 15026, 1063, 715, P0, 0x0000000000000020
2026/09/18 23:28:42.697, 0, 79, 103.93, 91, 15026, 936, 715, P0, 0x0000000000000020
2026/09/18 23:28:42.708, 1, 79, 109.36, 96, 15026, 1063, 715, P0, 0x0000000000000000
2026/09/18 23:28:43.716, 0, 79, 96.19, 97, 15026, 1037, 715, P0, 0x0000000000000020
2026/09/18 23:28:43.726, 1, 79, 110.11, 89, 15026, 1151, 715, P0, 0x0000000000000020
2026/09/18 23:28:44.733, 0, 79, 106.26, 89, 15026, 923, 715, P0, 0x0000000000000020
2026/09/18 23:28:44.736, 1, 79, 112.39, 87, 15026, 1050, 715, P0, 0x0000000000000000
2026/09/18 23:28:45.749, 0, 79, 100.65, 90, 15026, 923, 715, P0, 0x0000000000000020
2026/09/18 23:28:45.752, 1, 79, 98.74, 92, 15026, 1063, 715, P0, 0x0000000000000020
2026/09/18 23:28:46.762, 0, 79, 88.97, 94, 15026, 1050, 715, P0, 0x0000000000000000
2026/09/18 23:28:46.767, 1, 79, 101.26, 90, 15026, 1189, 715, P0, 0x0000000000000000
2026/09/18 23:28:47.771, 0, 79, 119.97, 93, 15026, 1050, 715, P0, 0x0000000000000020
2026/09/18 23:28:47.774, 1, 79, 128.88, 89, 15026, 1101, 715, P0, 0x0000000000000020
2026/09/18 23:28:48.786, 0, 79, 107.77, 89, 15026, 974, 715, P0, 0x0000000000000020
2026/09/18 23:28:48.789, 1, 79, 111.50, 92, 15026, 1063, 715, P0, 0x0000000000000020
2026/09/18 23:28:49.803, 0, 79, 109.43, 94, 15026, 1063, 715, P0, 0x0000000000000020
2026/09/18 23:28:49.809, 1, 79, 115.44, 93, 15026, 1189, 715, P0, 0x0000000000000020
2026/09/18 23:28:50.814, 0, 79, 81.88, 89, 15026, 1037, 715, P0, 0x0000000000000000
2026/09/18 23:28:50.817, 1, 79, 75.84, 91, 15026, 1164, 715, P0, 0x0000000000000000
2026/09/18 23:28:51.827, 0, 79, 114.04, 93, 15026, 1075, 715, P0, 0x0000000000000020
2026/09/18 23:28:51.830, 1, 79, 113.10, 93, 15026, 1164, 715, P0, 0x0000000000000020
2026/09/18 23:28:52.838, 0, 79, 98.97, 89, 15026, 1101, 715, P0, 0x0000000000000000
2026/09/18 23:28:52.849, 1, 79, 105.35, 92, 15026, 1189, 715, P0, 0x0000000000000000
2026/09/18 23:28:53.863, 0, 79, 112.88, 94, 15026, 999, 715, P0, 0x0000000000000020
2026/09/18 23:28:53.871, 1, 79, 125.62, 93, 15026, 1075, 715, P0, 0x0000000000000020
2026/09/18 23:28:54.894, 0, 79, 103.43, 94, 15026, 1075, 715, P0, 0x0000000000000000
2026/09/18 23:28:54.899, 1, 79, 108.71, 91, 15026, 1189, 715, P0, 0x0000000000000000
2026/09/18 23:28:55.906, 0, 79, 111.70, 89, 15026, 974, 715, P0, 0x0000000000000020
2026/09/18 23:28:55.912, 1, 79, 116.39, 95, 15026, 1063, 715, P0, 0x0000000000000020
2026/09/18 23:28:56.931, 0, 79, 99.69, 93, 15026, 1050, 715, P0, 0x0000000000000000
2026/09/18 23:28:56.934, 1, 79, 108.90, 93, 15026, 1202, 715, P0, 0x0000000000000020
2026/09/18 23:28:57.945, 0, 79, 115.27, 89, 15026, 961, 715, P0, 0x0000000000000020
2026/09/18 23:28:57.953, 1, 79, 119.73, 88, 15026, 1075, 715, P0, 0x0000000000000020
2026/09/18 23:28:58.960, 0, 78, 118.28, 88, 15026, 1189, 715, P0, 0x0000000000000000
2026/09/18 23:28:58.966, 1, 79, 142.68, 89, 15026, 1215, 715, P0, 0x0000000000000020
2026/09/18 23:28:59.976, 0, 79, 113.20, 90, 15026, 987, 715, P0, 0x0000000000000020
2026/09/18 23:28:59.979, 1, 79, 116.39, 91, 15026, 1063, 715, P0, 0x0000000000000020
2026/09/18 23:29:01.003, 0, 79, 110.81, 93, 15026, 1101, 715, P0, 0x0000000000000020
2026/09/18 23:29:01.013, 1, 79, 119.62, 94, 15026, 1164, 715, P0, 0x0000000000000020
2026/09/18 23:29:02.027, 0, 79, 110.10, 93, 15026, 974, 715, P0, 0x0000000000000020
2026/09/18 23:29:02.035, 1, 79, 115.03, 91, 15026, 1063, 715, P0, 0x0000000000000020
2026/09/18 23:29:03.039, 0, 79, 107.88, 90, 15026, 1113, 715, P0, 0x0000000000000020
2026/09/18 23:29:03.042, 1, 79, 119.21, 96, 15026, 1189, 715, P0, 0x0000000000000020
2026/09/18 23:29:04.050, 0, 79, 99.20, 89, 15026, 1063, 715, P0, 0x0000000000000000
2026/09/18 23:29:04.054, 1, 79, 104.19, 90, 15026, 1189, 715, P0, 0x0000000000000000
2026/09/18 23:29:05.065, 0, 79, 104.99, 89, 15026, 1177, 715, P0, 0x0000000000000000
2026/09/18 23:29:05.074, 1, 79, 121.28, 96, 15026, 1189, 715, P0, 0x0000000000000000
2026/09/18 23:29:06.078, 0, 79, 105.37, 93, 15026, 987, 715, P0, 0x0000000000000020
2026/09/18 23:29:06.081, 1, 79, 107.92, 90, 15026, 1075, 715, P0, 0x0000000000000020
2026/09/18 23:29:07.093, 0, 79, 115.65, 92, 15026, 1113, 715, P0, 0x0000000000000000
2026/09/18 23:29:07.095, 1, 79, 105.24, 92, 15026, 1139, 715, P0, 0x0000000000000020
2026/09/18 23:29:08.106, 0, 79, 110.34, 92, 15026, 1012, 715, P0, 0x0000000000000020
2026/09/18 23:29:08.115, 1, 79, 113.11, 95, 15026, 1063, 715, P0, 0x0000000000000020
2026/09/18 23:29:09.122, 0, 79, 131.28, 89, 15026, 1189, 715, P0, 0x0000000000000020
2026/09/18 23:29:09.125, 1, 79, 130.17, 97, 15026, 1164, 715, P0, 0x0000000000000020
2026/09/18 23:29:10.136, 0, 79, 113.47, 90, 15026, 1063, 715, P0, 0x0000000000000000
2026/09/18 23:29:10.139, 1, 79, 109.34, 97, 15026, 1063, 715, P0, 0x0000000000000020
2026/09/18 23:29:11.150, 0, 79, 118.88, 89, 15026, 1050, 715, P0, 0x0000000000000020
2026/09/18 23:29:11.157, 1, 79, 116.14, 97, 15026, 1063, 715, P0, 0x0000000000000020
2026/09/18 23:29:12.179, 0, 80, 123.09, 90, 15026, 1050, 715, P0, 0x0000000000000020
2026/09/18 23:29:12.184, 1, 79, 121.30, 98, 15026, 1063, 715, P0, 0x0000000000000020
2026/09/18 23:29:13.195, 0, 79, 103.68, 89, 15026, 936, 715, P0, 0x0000000000000000
2026/09/18 23:29:13.202, 1, 79, 110.55, 88, 15026, 1063, 715, P0, 0x0000000000000020
2026/09/18 23:29:14.208, 0, 79, 99.26, 94, 15026, 1063, 715, P0, 0x0000000000000020
2026/09/18 23:29:14.211, 1, 79, 120.62, 91, 15026, 1202, 715, P0, 0x0000000000000000
2026/09/18 23:29:15.219, 0, 79, 109.60, 68, 15026, 1063, 715, P0, 0x0000000000000000
2026/09/18 23:29:15.227, 1, 79, 125.14, 79, 15026, 1151, 715, P0, 0x0000000000000000
2026/09/18 23:29:16.246, 0, 79, 105.36, 91, 15026, 949, 715, P0, 0x0000000000000020
2026/09/18 23:29:16.249, 1, 79, 119.99, 83, 15026, 1088, 715, P0, 0x0000000000000020
2026/09/18 23:29:17.261, 0, 79, 98.81, 89, 15026, 1075, 715, P0, 0x0000000000000000
2026/09/18 23:29:17.265, 1, 79, 101.63, 94, 15026, 1189, 715, P0, 0x0000000000000000
2026/09/18 23:29:18.276, 0, 79, 103.67, 85, 15026, 1101, 715, P0, 0x0000000000000000
2026/09/18 23:29:18.286, 1, 79, 127.11, 96, 15026, 1189, 715, P0, 0x0000000000000000
2026/09/18 23:29:19.303, 0, 79, 109.74, 94, 15026, 1075, 715, P0, 0x0000000000000020
2026/09/18 23:29:19.309, 1, 79, 135.03, 89, 15026, 1139, 715, P0, 0x0000000000000020
2026/09/18 23:29:20.314, 0, 79, 104.39, 93, 15026, 936, 715, P0, 0x0000000000000020
2026/09/18 23:29:20.318, 1, 79, 117.36, 87, 15026, 1088, 715, P0, 0x0000000000000020
2026/09/18 23:29:21.330, 0, 79, 104.16, 93, 15026, 936, 715, P0, 0x0000000000000020
2026/09/18 23:29:21.333, 1, 79, 114.32, 87, 15026, 1101, 715, P0, 0x0000000000000000
2026/09/18 23:29:22.344, 0, 79, 97.91, 94, 15026, 1101, 715, P0, 0x0000000000000000
2026/09/18 23:29:22.347, 1, 79, 110.36, 86, 15026, 1189, 715, P0, 0x0000000000000000
2026/09/18 23:29:23.371, 0, 79, 108.65, 89, 15026, 949, 715, P0, 0x0000000000000020
2026/09/18 23:29:23.374, 1, 79, 116.88, 93, 15026, 1075, 715, P0, 0x0000000000000020
2026/09/18 23:29:24.387, 0, 79, 108.18, 89, 15026, 987, 715, P0, 0x0000000000000000
2026/09/18 23:29:24.390, 1, 79, 115.75, 95, 15026, 1075, 715, P0, 0x0000000000000020
2026/09/18 23:29:25.402, 0, 79, 115.97, 94, 15026, 1113, 715, P0, 0x0000000000000000
2026/09/18 23:29:25.408, 1, 79, 131.28, 92, 15026, 1189, 715, P0, 0x0000000000000000
2026/09/18 23:29:26.417, 0, 79, 100.66, 89, 15026, 1050, 715, P0, 0x0000000000000000
2026/09/18 23:29:26.428, 1, 79, 107.47, 97, 15026, 1189, 715, P0, 0x0000000000000000
2026/09/18 23:29:27.448, 0, 79, 101.38, 92, 15026, 1113, 715, P0, 0x0000000000000020
2026/09/18 23:29:27.451, 1, 79, 117.82, 94, 15026, 1202, 715, P0, 0x0000000000000000
2026/09/18 23:29:28.465, 0, 79, 103.24, 89, 15026, 1113, 715, P0, 0x0000000000000000
2026/09/18 23:29:28.468, 1, 79, 98.49, 94, 15026, 1151, 715, P0, 0x0000000000000000
2026/09/18 23:29:29.491, 0, 79, 124.73, 90, 15026, 1151, 715, P0, 0x0000000000000000
2026/09/18 23:29:29.495, 1, 79, 130.20, 95, 15026, 1189, 715, P0, 0x0000000000000020
2026/09/18 23:29:30.509, 0, 79, 101.05, 93, 15026, 1101, 715, P0, 0x0000000000000000
2026/09/18 23:29:30.512, 1, 79, 107.17, 94, 15026, 1164, 715, P0, 0x0000000000000000
2026/09/18 23:29:31.522, 0, 79, 118.55, 89, 15026, 1037, 715, P0, 0x0000000000000020
2026/09/18 23:29:31.534, 1, 80, 118.52, 94, 15026, 1075, 715, P0, 0x0000000000000020
2026/09/18 23:29:32.549, 0, 79, 105.21, 91, 15026, 1050, 715, P0, 0x0000000000000000
2026/09/18 23:29:32.554, 1, 79, 87.79, 93, 15026, 1101, 715, P0, 0x0000000000000000
2026/09/18 23:29:33.564, 0, 79, 122.15, 90, 15026, 1050, 715, P0, 0x0000000000000020
2026/09/18 23:29:33.575, 1, 79, 117.78, 97, 15026, 1075, 715, P0, 0x0000000000000020
2026/09/18 23:29:34.594, 0, 79, 49.03, 95, 15026, 1189, 715, P0, 0x0000000000000000
2026/09/18 23:29:34.599, 1, 79, 59.31, 91, 15026, 1278, 715, P0, 0x0000000000000020
2026/09/18 23:29:35.603, 0, 79, 119.35, 94, 15026, 1101, 715, P0, 0x0000000000000020
2026/09/18 23:29:35.613, 1, 79, 121.30, 98, 15026, 1126, 715, P0, 0x0000000000000020
2026/09/18 23:29:36.617, 0, 79, 110.12, 89, 15026, 1113, 715, P0, 0x0000000000000000
2026/09/18 23:29:36.620, 1, 79, 97.00, 99, 15026, 1075, 715, P0, 0x0000000000000000
2026/09/18 23:29:37.631, 0, 79, 118.77, 95, 15026, 1126, 715, P0, 0x0000000000000000
2026/09/18 23:29:37.636, 1, 79, 113.61, 98, 15026, 1151, 715, P0, 0x0000000000000000
2026/09/18 23:29:38.644, 0, 79, 112.51, 92, 15026, 1025, 715, P0, 0x0000000000000020
2026/09/18 23:29:38.647, 1, 79, 111.90, 97, 15026, 1050, 715, P0, 0x0000000000000020
2026/09/18 23:29:39.660, 0, 79, 109.36, 91, 15026, 1113, 715, P0, 0x0000000000000020
2026/09/18 23:29:39.663, 1, 79, 106.85, 98, 15026, 1189, 715, P0, 0x0000000000000000
2026/09/18 23:29:40.685, 0, 79, 136.70, 96, 15026, 1088, 715, P0, 0x0000000000000020
2026/09/18 23:29:40.696, 1, 79, 131.62, 98, 15026, 1101, 715, P0, 0x0000000000000020
2026/09/18 23:29:41.701, 0, 79, 104.86, 89, 15026, 1101, 715, P0, 0x0000000000000000
2026/09/18 23:29:41.704, 1, 79, 110.69, 98, 15026, 1113, 715, P0, 0x0000000000000000
2026/09/18 23:29:42.729, 0, 79, 94.87, 90, 15026, 999, 715, P0, 0x0000000000000020
2026/09/18 23:29:42.739, 1, 79, 119.26, 86, 15026, 1151, 715, P0, 0x0000000000000020
2026/09/18 23:29:43.756, 0, 79, 91.34, 97, 15026, 987, 715, P0, 0x0000000000000000
2026/09/18 23:29:43.759, 1, 79, 112.96, 87, 15026, 1189, 715, P0, 0x0000000000000000
2026/09/18 23:29:44.770, 0, 79, 88.69, 97, 15026, 999, 715, P0, 0x0000000000000000
2026/09/18 23:29:44.779, 1, 79, 100.39, 84, 15026, 1189, 715, P0, 0x0000000000000020
2026/09/18 23:29:45.786, 0, 79, 98.94, 97, 15026, 1037, 715, P0, 0x0000000000000020
2026/09/18 23:29:45.790, 1, 79, 120.69, 83, 15026, 1189, 715, P0, 0x0000000000000000
2026/09/18 23:29:46.799, 0, 79, 95.65, 93, 15026, 1012, 715, P0, 0x0000000000000000
2026/09/18 23:29:46.805, 1, 79, 111.58, 85, 15026, 1252, 715, P0, 0x0000000000000000
2026/09/18 23:29:47.814, 0, 79, 90.77, 97, 15026, 1063, 715, P0, 0x0000000000000000
2026/09/18 23:29:47.822, 1, 79, 126.36, 84, 15026, 1252, 715, P0, 0x0000000000000000
2026/09/18 23:29:48.828, 0, 79, 118.04, 93, 15026, 1037, 715, P0, 0x0000000000000020
2026/09/18 23:29:48.831, 1, 79, 136.43, 83, 15026, 1139, 715, P0, 0x0000000000000020
2026/09/18 23:29:49.844, 0, 79, 115.27, 93, 15026, 949, 715, P0, 0x0000000000000020
2026/09/18 23:29:49.847, 1, 79, 124.45, 89, 15026, 1088, 715, P0, 0x0000000000000020
2026/09/18 23:29:50.857, 0, 79, 101.82, 89, 15026, 1050, 715, P0, 0x0000000000000000
2026/09/18 23:29:50.863, 1, 79, 117.67, 97, 15026, 1189, 715, P0, 0x0000000000000000
2026/09/18 23:29:51.868, 0, 78, 120.55, 96, 15026, 1189, 715, P0, 0x0000000000000000
2026/09/18 23:29:51.871, 1, 79, 148.19, 83, 15026, 1303, 715, P0, 0x0000000000000000
2026/09/18 23:29:52.883, 0, 79, 113.12, 94, 15026, 1101, 715, P0, 0x0000000000000020
2026/09/18 23:29:52.889, 1, 79, 126.50, 93, 15026, 1164, 715, P0, 0x0000000000000020
2026/09/18 23:29:53.898, 0, 78, 115.64, 76, 15026, 1189, 715, P0, 0x0000000000000000
2026/09/18 23:29:53.901, 1, 78, 87.11, 100, 15026, 797, 715, P0, 0x0000000000000020
2026/09/18 23:29:54.927, 0, 79, 50.72, 84, 15026, 1189, 715, P0, 0x0000000000000000
2026/09/18 23:29:54.930, 1, 78, 50.69, 100, 15026, 1189, 715, P0, 0x0000000000000000
2026/09/18 23:29:55.938, 0, 79, 116.15, 82, 15026, 1189, 715, P0, 0x0000000000000000
2026/09/18 23:29:55.942, 1, 79, 99.14, 99, 15026, 1075, 715, P0, 0x0000000000000020
2026/09/18 23:29:56.955, 0, 79, 122.73, 84, 15026, 1139, 715, P0, 0x0000000000000020
2026/09/18 23:29:56.958, 1, 79, 109.40, 100, 15026, 1075, 715, P0, 0x0000000000000020
2026/09/18 23:29:57.967, 0, 79, 124.33, 60, 15026, 1101, 715, P0, 0x0000000000000020
2026/09/18 23:29:57.973, 1, 79, 108.53, 89, 15026, 1025, 715, P0, 0x0000000000000020
2026/09/18 23:29:58.986, 0, 79, 114.45, 89, 15026, 1050, 715, P0, 0x0000000000000020
2026/09/18 23:29:58.993, 1, 79, 104.37, 100, 15026, 974, 715, P0, 0x0000000000000020
2026/09/18 23:30:00.011, 0, 79, 125.51, 93, 15026, 1189, 715, P0, 0x0000000000000020
2026/09/18 23:30:00.014, 1, 79, 112.39, 99, 15026, 1151, 715, P0, 0x0000000000000000
2026/09/18 23:30:01.025, 0, 79, 130.68, 91, 15026, 1139, 715, P0, 0x0000000000000020
2026/09/18 23:30:01.028, 1, 79, 120.31, 99, 15026, 1050, 715, P0, 0x0000000000000020
2026/09/18 23:30:02.042, 0, 79, 103.95, 89, 15026, 1151, 715, P0, 0x0000000000000000
2026/09/18 23:30:02.045, 1, 79, 101.72, 100, 15026, 1063, 715, P0, 0x0000000000000000
2026/09/18 23:30:03.054, 0, 79, 135.84, 94, 15026, 1101, 715, P0, 0x0000000000000020
2026/09/18 23:30:03.065, 1, 79, 116.01, 99, 15026, 999, 715, P0, 0x0000000000000020
2026/09/18 23:30:04.084, 0, 80, 116.75, 93, 15026, 1050, 715, P0, 0x0000000000000020
2026/09/18 23:30:04.087, 1, 79, 111.42, 99, 15026, 1037, 715, P0, 0x0000000000000020
2026/09/18 23:30:05.099, 0, 79, 90.65, 89, 15026, 847, 715, P0, 0x0000000000000000
2026/09/18 23:30:05.106, 1, 78, 82.81, 96, 15026, 1189, 715, P0, 0x0000000000000000
2026/09/18 23:30:06.115, 0, 79, 100.07, 96, 15026, 847, 715, P0, 0x0000000000000020
2026/09/18 23:30:06.129, 1, 79, 117.44, 63, 15026, 1088, 715, P0, 0x0000000000000000
2026/09/18 23:30:07.145, 0, 79, 93.98, 90, 15026, 1012, 715, P0, 0x0000000000000000
2026/09/18 23:30:07.148, 1, 79, 106.81, 90, 15026, 1189, 715, P0, 0x0000000000000000
2026/09/18 23:30:08.160, 0, 79, 104.69, 93, 15026, 1075, 715, P0, 0x0000000000000000
2026/09/18 23:30:08.165, 1, 79, 104.44, 93, 15026, 1189, 715, P0, 0x0000000000000000
2026/09/18 23:30:09.173, 0, 79, 94.99, 93, 15026, 1050, 715, P0, 0x0000000000000000
2026/09/18 23:30:09.177, 1, 79, 100.85, 93, 15026, 1189, 715, P0, 0x0000000000000000
2026/09/18 23:30:10.188, 0, 79, 92.85, 97, 15026, 987, 715, P0, 0x0000000000000000
2026/09/18 23:30:10.191, 1, 79, 104.75, 92, 15026, 1189, 715, P0, 0x0000000000000000
2026/09/18 23:30:11.200, 0, 78, 89.24, 96, 15026, 1101, 715, P0, 0x0000000000000000
2026/09/18 23:30:11.207, 1, 79, 115.04, 91, 15026, 1189, 715, P0, 0x0000000000000000
2026/09/18 23:30:12.214, 0, 79, 100.10, 96, 15026, 1075, 715, P0, 0x0000000000000000
2026/09/18 23:30:12.217, 1, 79, 104.00, 93, 15026, 1189, 715, P0, 0x0000000000000000
2026/09/18 23:30:13.229, 0, 79, 98.69, 96, 15026, 1063, 715, P0, 0x0000000000000000
2026/09/18 23:30:13.232, 1, 79, 123.74, 86, 15026, 1189, 715, P0, 0x0000000000000000
2026/09/18 23:30:14.243, 0, 79, 102.30, 96, 15026, 1088, 715, P0, 0x0000000000000000
2026/09/18 23:30:14.248, 1, 79, 102.87, 94, 15026, 1189, 715, P0, 0x0000000000000000
2026/09/18 23:30:15.259, 0, 79, 109.77, 96, 15026, 1151, 715, P0, 0x0000000000000000
2026/09/18 23:30:15.266, 1, 79, 127.68, 85, 15026, 1189, 715, P0, 0x0000000000000020
2026/09/18 23:30:16.273, 0, 79, 105.15, 96, 15026, 1088, 715, P0, 0x0000000000000000
2026/09/18 23:30:16.276, 1, 79, 107.39, 86, 15026, 1278, 715, P0, 0x0000000000000000
2026/09/18 23:30:17.289, 0, 79, 121.98, 96, 15026, 1050, 715, P0, 0x0000000000000020
2026/09/18 23:30:17.292, 1, 79, 154.98, 86, 15026, 1252, 715, P0, 0x0000000000000020
2026/09/18 23:30:18.302, 0, 79, 106.00, 90, 15026, 961, 715, P0, 0x0000000000000020
2026/09/18 23:30:18.309, 1, 79, 124.46, 93, 15026, 1126, 715, P0, 0x0000000000000020
2026/09/18 23:30:19.327, 0, 79, 106.48, 95, 15026, 961, 715, P0, 0x0000000000000020
2026/09/18 23:30:19.330, 1, 79, 125.18, 84, 15026, 1126, 715, P0, 0x0000000000000020
2026/09/18 23:30:20.340, 0, 79, 94.71, 89, 15026, 1037, 715, P0, 0x0000000000000000
2026/09/18 23:30:20.351, 1, 79, 98.79, 95, 15026, 1189, 715, P0, 0x0000000000000000
2026/09/18 23:30:21.367, 0, 79, 101.56, 89, 15026, 1101, 715, P0, 0x0000000000000020
2026/09/18 23:30:21.370, 1, 79, 120.14, 88, 15026, 1252, 715, P0, 0x0000000000000020
2026/09/18 23:30:22.382, 0, 79, 105.71, 93, 15026, 1177, 715, P0, 0x0000000000000000
2026/09/18 23:30:22.389, 1, 79, 117.78, 95, 15026, 1189, 715, P0, 0x0000000000000000
2026/09/18 23:30:23.396, 0, 79, 122.98, 89, 15026, 1075, 715, P0, 0x0000000000000020
2026/09/18 23:30:23.399, 1, 80, 140.39, 91, 15026, 1177, 715, P0, 0x0000000000000020
2026/09/18 23:30:24.407, 0, 79, 110.50, 90, 15026, 1012, 715, P0, 0x0000000000000020
2026/09/18 23:30:24.410, 1, 79, 119.49, 89, 15026, 1126, 715, P0, 0x0000000000000020
2026/09/18 23:30:25.418, 0, 79, 109.85, 89, 15026, 1012, 715, P0, 0x0000000000000020
2026/09/18 23:30:25.421, 1, 79, 124.45, 90, 15026, 1126, 715, P0, 0x0000000000000020
2026/09/18 23:30:26.435, 0, 79, 104.91, 96, 15026, 1101, 715, P0, 0x0000000000000020
2026/09/18 23:30:26.438, 1, 79, 110.71, 88, 15026, 1101, 715, P0, 0x0000000000000020
2026/09/18 23:30:27.448, 0, 79, 83.79, 80, 15026, 1075, 715, P0, 0x0000000000000000
2026/09/18 23:30:27.457, 1, 79, 92.87, 99, 15026, 797, 715, P0, 0x0000000000000020
2026/09/18 23:30:28.462, 0, 79, 124.18, 81, 15026, 1075, 715, P0, 0x0000000000000020
2026/09/18 23:30:28.465, 1, 79, 104.76, 100, 15026, 949, 715, P0, 0x0000000000000020
2026/09/18 23:30:29.476, 0, 79, 117.56, 79, 15026, 1075, 715, P0, 0x0000000000000020
2026/09/18 23:30:29.479, 1, 79, 102.20, 100, 15026, 936, 715, P0, 0x0000000000000020
2026/09/18 23:30:30.490, 0, 79, 108.02, 88, 15026, 1189, 715, P0, 0x0000000000000000
2026/09/18 23:30:30.493, 1, 78, 100.03, 100, 15026, 1012, 715, P0, 0x0000000000000000
2026/09/18 23:30:31.503, 0, 79, 115.84, 87, 15026, 1177, 715, P0, 0x0000000000000000
2026/09/18 23:30:31.505, 1, 79, 100.06, 100, 15026, 1075, 715, P0, 0x0000000000000000
2026/09/18 23:30:32.517, 0, 79, 111.07, 94, 15026, 1101, 715, P0, 0x0000000000000000
2026/09/18 23:30:32.522, 1, 79, 101.77, 96, 15026, 1126, 715, P0, 0x0000000000000020
2026/09/18 23:30:33.530, 0, 79, 110.22, 97, 15026, 1101, 715, P0, 0x0000000000000020
2026/09/18 23:30:33.533, 1, 79, 120.33, 86, 15026, 1139, 715, P0, 0x0000000000000020
2026/09/18 23:30:34.543, 0, 79, 114.70, 94, 15026, 1113, 715, P0, 0x0000000000000000
2026/09/18 23:30:34.546, 1, 79, 122.04, 98, 15026, 1151, 715, P0, 0x0000000000000000
2026/09/18 23:30:35.557, 0, 79, 110.57, 96, 15026, 987, 715, P0, 0x0000000000000020
2026/09/18 23:30:35.566, 1, 79, 113.83, 96, 15026, 1025, 715, P0, 0x0000000000000020
2026/09/18 23:30:36.572, 0, 79, 111.27, 77, 15026, 1037, 715, P0, 0x0000000000000020
2026/09/18 23:30:36.575, 1, 79, 124.45, 82, 15026, 1075, 715, P0, 0x0000000000000020
2026/09/18 23:30:37.601, 0, 79, 108.66, 90, 15026, 987, 715, P0, 0x0000000000000020
2026/09/18 23:30:37.604, 1, 79, 115.75, 90, 15026, 1075, 715, P0, 0x0000000000000020
2026/09/18 23:30:38.616, 0, 79, 107.71, 92, 15026, 987, 715, P0, 0x0000000000000020
2026/09/18 23:30:38.625, 1, 79, 108.63, 89, 15026, 1075, 715, P0, 0x0000000000000020
2026/09/18 23:30:39.641, 0, 79, 112.25, 85, 15026, 1037, 715, P0, 0x0000000000000020
2026/09/18 23:30:39.646, 1, 79, 114.06, 83, 15026, 1075, 715, P0, 0x0000000000000020
2026/09/18 23:30:40.656, 0, 79, 98.29, 96, 15026, 1113, 715, P0, 0x0000000000000000
2026/09/18 23:30:40.667, 1, 79, 115.17, 93, 15026, 1189, 715, P0, 0x0000000000000000
2026/09/18 23:30:41.685, 0, 79, 126.09, 95, 15026, 1101, 715, P0, 0x0000000000000020
2026/09/18 23:30:41.691, 1, 79, 132.12, 98, 15026, 1126, 715, P0, 0x0000000000000020
2026/09/18 23:30:42.700, 0, 79, 127.77, 95, 15026, 1075, 715, P0, 0x0000000000000020
2026/09/18 23:30:42.710, 1, 79, 130.29, 95, 15026, 1126, 715, P0, 0x0000000000000020
2026/09/18 23:30:43.715, 0, 79, 111.55, 89, 15026, 1037, 715, P0, 0x0000000000000000
2026/09/18 23:30:43.718, 1, 79, 114.55, 97, 15026, 1075, 715, P0, 0x0000000000000020
2026/09/18 23:30:44.728, 0, 79, 112.33, 90, 15026, 1164, 715, P0, 0x0000000000000000
2026/09/18 23:30:44.731, 1, 79, 121.28, 95, 15026, 1189, 715, P0, 0x0000000000000000
2026/09/18 23:30:45.741, 0, 79, 103.49, 90, 15026, 1126, 715, P0, 0x0000000000000000
2026/09/18 23:30:45.747, 1, 79, 104.64, 95, 15026, 1189, 715, P0, 0x0000000000000000
2026/09/18 23:30:46.768, 0, 79, 119.72, 93, 15026, 1139, 715, P0, 0x0000000000000020
2026/09/18 23:30:46.770, 1, 79, 133.54, 95, 15026, 1202, 715, P0, 0x0000000000000020
2026/09/18 23:30:47.778, 0, 80, 118.80, 96, 15026, 1025, 715, P0, 0x0000000000000020
2026/09/18 23:30:47.791, 1, 79, 116.61, 95, 15026, 1075, 715, P0, 0x0000000000000020
2026/09/18 23:30:48.805, 0, 79, 136.46, 89, 15026, 1088, 715, P0, 0x0000000000000020
2026/09/18 23:30:48.811, 1, 79, 129.00, 95, 15026, 1075, 715, P0, 0x0000000000000020
2026/09/18 23:30:49.834, 0, 79, 111.55, 90, 15026, 1037, 715, P0, 0x0000000000000000
2026/09/18 23:30:49.837, 1, 79, 111.20, 94, 15026, 1075, 715, P0, 0x0000000000000020
2026/09/18 23:30:50.851, 0, 79, 110.46, 96, 15026, 1139, 715, P0, 0x0000000000000000
2026/09/18 23:30:50.854, 1, 79, 113.61, 96, 15026, 1177, 715, P0, 0x0000000000000020
2026/09/18 23:30:51.878, 0, 79, 95.29, 92, 15026, 1113, 715, P0, 0x0000000000000000
2026/09/18 23:30:51.890, 1, 79, 118.55, 93, 15026, 1189, 715, P0, 0x0000000000000000
2026/09/18 23:30:52.907, 0, 79, 122.76, 97, 15026, 1113, 715, P0, 0x0000000000000020
2026/09/18 23:30:52.912, 1, 79, 114.50, 97, 15026, 1151, 715, P0, 0x0000000000000000
2026/09/18 23:30:53.923, 0, 80, 114.10, 93, 15026, 1025, 715, P0, 0x0000000000000020
2026/09/18 23:30:53.930, 1, 79, 115.90, 95, 15026, 1075, 715, P0, 0x0000000000000020
2026/09/18 23:30:54.936, 0, 79, 101.25, 95, 15026, 835, 715, P0, 0x0000000000000020
2026/09/18 23:30:54.939, 1, 79, 126.64, 91, 15026, 1075, 715, P0, 0x0000000000000020
2026/09/18 23:30:55.965, 0, 79, 86.29, 89, 15026, 885, 715, P0, 0x0000000000000000
2026/09/18 23:30:55.973, 1, 79, 102.54, 80, 15026, 1240, 715, P0, 0x0000000000000000
2026/09/18 23:30:56.978, 0, 79, 104.08, 99, 15026, 898, 715, P0, 0x0000000000000020
2026/09/18 23:30:56.981, 1, 79, 123.04, 64, 15026, 1088, 715, P0, 0x0000000000000020
2026/09/18 23:30:57.991, 0, 79, 93.14, 89, 15026, 1050, 715, P0, 0x0000000000000000
2026/09/18 23:30:57.994, 1, 79, 115.54, 94, 15026, 1189, 715, P0, 0x0000000000000000
2026/09/18 23:30:59.004, 0, 79, 92.83, 96, 15026, 1037, 715, P0, 0x0000000000000000
2026/09/18 23:30:59.013, 1, 79, 107.46, 97, 15026, 1189, 715, P0, 0x0000000000000000
2026/09/18 23:31:00.030, 0, 79, 96.26, 96, 15026, 1075, 715, P0, 0x0000000000000000
2026/09/18 23:31:00.033, 1, 79, 119.59, 97, 15026, 1189, 715, P0, 0x0000000000000000
2026/09/18 23:31:01.045, 0, 79, 90.53, 93, 15026, 1025, 715, P0, 0x0000000000000000
2026/09/18 23:31:01.054, 1, 79, 88.61, 89, 15026, 1189, 715, P0, 0x0000000000000000
2026/09/18 23:31:02.072, 0, 79, 101.09, 94, 15026, 1088, 715, P0, 0x0000000000000000
2026/09/18 23:31:02.075, 1, 79, 97.49, 94, 15026, 1189, 715, P0, 0x0000000000000000
2026/09/18 23:31:03.088, 0, 79, 109.85, 96, 15026, 1113, 715, P0, 0x0000000000000020
2026/09/18 23:31:03.093, 1, 79, 109.32, 96, 15026, 1189, 715, P0, 0x0000000000000000
2026/09/18 23:31:04.104, 0, 79, 113.42, 93, 15026, 1101, 715, P0, 0x0000000000000020
2026/09/18 23:31:04.112, 1, 79, 107.01, 91, 15026, 1189, 715, P0, 0x0000000000000000
2026/09/18 23:31:05.122, 0, 79, 123.72, 95, 15026, 1139, 715, P0, 0x0000000000000020
2026/09/18 23:31:05.127, 1, 79, 130.92, 98, 15026, 1139, 715, P0, 0x0000000000000020
2026/09/18 23:31:06.132, 0, 79, 114.57, 94, 15026, 1025, 715, P0, 0x0000000000000020
2026/09/18 23:31:06.136, 1, 79, 117.57, 96, 15026, 1075, 715, P0, 0x0000000000000020
2026/09/18 23:31:07.146, 0, 79, 129.22, 97, 15026, 1050, 715, P0, 0x0000000000000020
2026/09/18 23:31:07.158, 1, 79, 125.77, 92, 15026, 1075, 715, P0, 0x0000000000000020
2026/09/18 23:31:08.180, 0, 79, 111.07, 94, 15026, 1037, 715, P0, 0x0000000000000000
2026/09/18 23:31:08.183, 1, 79, 114.77, 97, 15026, 1075, 715, P0, 0x0000000000000020
2026/09/18 23:31:09.192, 0, 79, 96.50, 90, 15026, 1101, 715, P0, 0x0000000000000000
2026/09/18 23:31:09.198, 1, 79, 108.08, 98, 15026, 1139, 715, P0, 0x0000000000000000
2026/09/18 23:31:10.207, 0, 79, 110.42, 93, 15026, 1037, 715, P0, 0x0000000000000020
2026/09/18 23:31:10.217, 1, 79, 108.15, 96, 15026, 1063, 715, P0, 0x0000000000000020
2026/09/18 23:31:11.224, 0, 79, 93.75, 97, 15026, 1075, 715, P0, 0x0000000000000000
2026/09/18 23:31:11.229, 1, 79, 110.00, 98, 15026, 1189, 715, P0, 0x0000000000000000
2026/09/18 23:31:12.236, 0, 79, 106.59, 94, 15026, 1139, 715, P0, 0x0000000000000020
2026/09/18 23:31:12.240, 1, 79, 109.85, 96, 15026, 1164, 715, P0, 0x0000000000000020
2026/09/18 23:31:13.252, 0, 79, 100.46, 97, 15026, 1189, 715, P0, 0x0000000000000000
2026/09/18 23:31:13.258, 1, 79, 111.07, 98, 15026, 1189, 715, P0, 0x0000000000000020
2026/09/18 23:31:14.266, 0, 79, 120.23, 93, 15026, 1113, 715, P0, 0x0000000000000020
2026/09/18 23:31:14.269, 1, 79, 127.66, 96, 15026, 1139, 715, P0, 0x0000000000000020
2026/09/18 23:31:15.293, 0, 79, 110.82, 89, 15026, 1012, 715, P0, 0x0000000000000020
2026/09/18 23:31:15.299, 1, 79, 114.71, 95, 15026, 1063, 715, P0, 0x0000000000000020
2026/09/18 23:31:16.304, 0, 79, 121.42, 93, 15026, 1063, 715, P0, 0x0000000000000020
2026/09/18 23:31:16.307, 1, 79, 125.59, 96, 15026, 1101, 715, P0, 0x0000000000000020
2026/09/18 23:31:17.318, 0, 79, 110.58, 90, 15026, 1025, 715, P0, 0x0000000000000020
2026/09/18 23:31:17.320, 1, 79, 115.03, 94, 15026, 1075, 715, P0, 0x0000000000000020
2026/09/18 23:31:18.331, 0, 79, 98.81, 91, 15026, 1189, 715, P0, 0x0000000000000000
2026/09/18 23:31:18.337, 1, 79, 89.78, 100, 15026, 873, 715, P0, 0x0000000000000020
2026/09/18 23:31:19.345, 0, 79, 125.78, 79, 15026, 1075, 715, P0, 0x0000000000000020
2026/09/18 23:31:19.348, 1, 79, 106.19, 100, 15026, 961, 715, P0, 0x0000000000000020
2026/09/18 23:31:20.362, 0, 79, 116.52, 89, 15026, 987, 715, P0, 0x0000000000000020
2026/09/18 23:31:20.366, 1, 79, 103.10, 99, 15026, 911, 715, P0, 0x0000000000000020
2026/09/18 23:31:21.386, 0, 79, 112.77, 88, 15026, 1025, 715, P0, 0x0000000000000020
2026/09/18 23:31:21.389, 1, 79, 101.25, 99, 15026, 923, 715, P0, 0x0000000000000020
2026/09/18 23:31:22.404, 0, 79, 118.97, 92, 15026, 1164, 715, P0, 0x0000000000000000
2026/09/18 23:31:22.407, 1, 78, 98.68, 100, 15026, 1101, 715, P0, 0x0000000000000000
2026/09/18 23:31:23.419, 0, 79, 126.16, 89, 15026, 1063, 715, P0, 0x0000000000000020
2026/09/18 23:31:23.424, 1, 79, 117.53, 98, 15026, 1050, 715, P0, 0x0000000000000020
2026/09/18 23:31:24.436, 0, 79, 110.59, 89, 15026, 1025, 715, P0, 0x0000000000000020
2026/09/18 23:31:24.445, 1, 79, 107.66, 98, 15026, 1025, 715, P0, 0x0000000000000000
2026/09/18 23:31:25.465, 0, 79, 119.13, 89, 15026, 1050, 715, P0, 0x0000000000000020
2026/09/18 23:31:25.468, 1, 79, 112.84, 98, 15026, 1025, 715, P0, 0x0000000000000020
2026/09/18 23:31:26.476, 0, 79, 111.08, 89, 15026, 1025, 715, P0, 0x0000000000000020
2026/09/18 23:31:26.486, 1, 79, 108.62, 99, 15026, 1037, 715, P0, 0x0000000000000000
2026/09/18 23:31:27.505, 0, 79, 104.01, 89, 15026, 1025, 715, P0, 0x0000000000000000
2026/09/18 23:31:27.509, 1, 79, 101.99, 97, 15026, 1037, 715, P0, 0x0000000000000000
2026/09/18 23:31:28.518, 0, 79, 110.19, 90, 15026, 1012, 715, P0, 0x0000000000000020
2026/09/18 23:31:28.528, 1, 79, 106.95, 97, 15026, 1012, 715, P0, 0x0000000000000000
2026/09/18 23:31:29.535, 0, 79, 104.74, 89, 15026, 1025, 715, P0, 0x0000000000000020
2026/09/18 23:31:29.538, 1, 79, 100.19, 98, 15026, 1050, 715, P0, 0x0000000000000000
2026/09/18 23:31:30.558, 0, 79, 105.92, 89, 15026, 1101, 715, P0, 0x0000000000000000
2026/09/18 23:31:30.568, 1, 79, 100.05, 99, 15026, 1113, 715, P0, 0x0000000000000000
2026/09/18 23:31:31.587, 0, 79, 109.70, 92, 15026, 1012, 715, P0, 0x0000000000000020
2026/09/18 23:31:31.590, 1, 79, 105.82, 98, 15026, 1037, 715, P0, 0x0000000000000020
2026/09/18 23:31:32.598, 0, 79, 95.19, 89, 15026, 1063, 715, P0, 0x0000000000000000
2026/09/18 23:31:32.608, 1, 79, 101.17, 100, 15026, 1101, 715, P0, 0x0000000000000000
2026/09/18 23:31:33.627, 0, 79, 99.99, 96, 15026, 1113, 715, P0, 0x0000000000000020
2026/09/18 23:31:33.631, 1, 79, 111.43, 97, 15026, 1189, 715, P0, 0x0000000000000000
2026/09/18 23:31:34.640, 0, 79, 104.49, 93, 15026, 1025, 715, P0, 0x0000000000000000
2026/09/18 23:31:34.649, 1, 79, 102.71, 98, 15026, 1050, 715, P0, 0x0000000000000000
2026/09/18 23:31:35.654, 0, 79, 105.62, 96, 15026, 1075, 715, P0, 0x0000000000000000
2026/09/18 23:31:35.657, 1, 79, 106.27, 97, 15026, 1126, 715, P0, 0x0000000000000000
2026/09/18 23:31:36.670, 0, 79, 112.90, 97, 15026, 1126, 715, P0, 0x0000000000000000
2026/09/18 23:31:36.673, 1, 79, 101.02, 98, 15026, 1113, 715, P0, 0x0000000000000000
2026/09/18 23:31:37.682, 0, 80, 111.32, 90, 15026, 1063, 715, P0, 0x0000000000000020
2026/09/18 23:31:37.690, 1, 79, 103.64, 98, 15026, 1050, 715, P0, 0x0000000000000000
2026/09/18 23:31:38.699, 0, 79, 97.82, 89, 15026, 835, 715, P0, 0x0000000000000020
2026/09/18 23:31:38.702, 1, 79, 107.51, 75, 15026, 999, 715, P0, 0x0000000000000020
2026/09/18 23:31:39.710, 0, 79, 91.29, 99, 15026, 1025, 715, P0, 0x0000000000000000
2026/09/18 23:31:39.713, 1, 78, 115.07, 96, 15026, 1189, 715, P0, 0x0000000000000000
2026/09/18 23:31:40.722, 0, 79, 106.94, 94, 15026, 923, 715, P0, 0x0000000000000020
2026/09/18 23:31:40.735, 1, 79, 134.16, 73, 15026, 1139, 715, P0, 0x0000000000000020
2026/09/18 23:31:41.754, 0, 79, 96.54, 93, 15026, 974, 715, P0, 0x0000000000000000
2026/09/18 23:31:41.757, 1, 79, 102.51, 86, 15026, 1189, 715, P0, 0x0000000000000000
2026/09/18 23:31:42.769, 0, 79, 101.50, 93, 15026, 885, 715, P0, 0x0000000000000020
2026/09/18 23:31:42.774, 1, 79, 124.24, 79, 15026, 1126, 715, P0, 0x0000000000000020
2026/09/18 23:31:43.794, 0, 79, 100.84, 99, 15026, 1088, 715, P0, 0x0000000000000020
2026/09/18 23:31:43.797, 1, 79, 122.70, 69, 15026, 1290, 715, P0, 0x0000000000000020
2026/09/18 23:31:44.812, 0, 79, 105.22, 89, 15026, 1101, 715, P0, 0x0000000000000000
2026/09/18 23:31:44.816, 1, 79, 141.67, 88, 15026, 1278, 715, P0, 0x0000000000000000
2026/09/18 23:31:45.828, 0, 79, 98.25, 97, 15026, 1050, 715, P0, 0x0000000000000000
2026/09/18 23:31:45.834, 1, 79, 119.08, 97, 15026, 1189, 715, P0, 0x0000000000000000
2026/09/18 23:31:46.853, 0, 79, 90.83, 96, 15026, 987, 715, P0, 0x0000000000000000
2026/09/18 23:31:46.858, 1, 79, 82.22, 95, 15026, 1189, 715, P0, 0x0000000000000000
2026/09/18 23:31:47.869, 0, 79, 115.24, 89, 15026, 949, 715, P0, 0x0000000000000020
2026/09/18 23:31:47.876, 1, 79, 132.97, 82, 15026, 1126, 715, P0, 0x0000000000000020
2026/09/18 23:31:48.898, 0, 79, 115.40, 92, 15026, 1025, 715, P0, 0x0000000000000020
2026/09/18 23:31:48.903, 1, 79, 141.62, 84, 15026, 1151, 715, P0, 0x0000000000000020
2026/09/18 23:31:49.909, 0, 79, 128.14, 94, 15026, 1025, 715, P0, 0x0000000000000020
2026/09/18 23:31:49.915, 1, 79, 140.87, 86, 15026, 1139, 715, P0, 0x0000000000000020
2026/09/18 23:31:50.940, 0, 79, 95.85, 90, 15026, 1037, 715, P0, 0x0000000000000000
2026/09/18 23:31:50.943, 1, 79, 96.66, 87, 15026, 1189, 715, P0, 0x0000000000000000
2026/09/18 23:31:51.950, 0, 79, 94.16, 89, 15026, 999, 715, P0, 0x0000000000000000
2026/09/18 23:31:51.955, 1, 79, 79.14, 83, 15026, 1189, 715, P0, 0x0000000000000000
2026/09/18 23:31:52.963, 0, 79, 106.96, 90, 15026, 974, 715, P0, 0x0000000000000020
2026/09/18 23:31:52.974, 1, 80, 121.41, 84, 15026, 1139, 715, P0, 0x0000000000000020
2026/09/18 23:31:53.992, 0, 79, 129.11, 97, 15026, 1075, 715, P0, 0x0000000000000020
2026/09/18 23:31:53.998, 1, 79, 137.52, 87, 15026, 1164, 715, P0, 0x0000000000000020
2026/09/18 23:31:55.007, 0, 79, 118.63, 96, 15026, 1012, 715, P0, 0x0000000000000020
2026/09/18 23:31:55.019, 1, 79, 119.00, 94, 15026, 1050, 715, P0, 0x0000000000000020
2026/09/18 23:31:56.036, 0, 79, 117.22, 89, 15026, 1012, 715, P0, 0x0000000000000020
2026/09/18 23:31:56.039, 1, 79, 113.82, 96, 15026, 1025, 715, P0, 0x0000000000000020
2026/09/18 23:31:57.047, 0, 79, 103.99, 96, 15026, 1101, 715, P0, 0x0000000000000020
2026/09/18 23:31:57.057, 1, 79, 113.20, 96, 15026, 1164, 715, P0, 0x0000000000000020
2026/09/18 23:31:58.074, 0, 79, 118.57, 95, 15026, 1151, 715, P0, 0x0000000000000000
2026/09/18 23:31:58.077, 1, 79, 105.11, 98, 15026, 1164, 715, P0, 0x0000000000000000
2026/09/18 23:31:59.087, 0, 79, 122.30, 94, 15026, 1164, 715, P0, 0x0000000000000020
2026/09/18 23:31:59.096, 1, 79, 126.93, 97, 15026, 1177, 715, P0, 0x0000000000000020
2026/09/18 23:32:00.103, 0, 79, 99.96, 94, 15026, 1088, 715, P0, 0x0000000000000000
2026/09/18 23:32:00.106, 1, 79, 106.76, 97, 15026, 1189, 715, P0, 0x0000000000000000
2026/09/18 23:32:01.119, 0, 79, 93.65, 90, 15026, 1050, 715, P0, 0x0000000000000000
2026/09/18 23:32:01.122, 1, 79, 85.17, 92, 15026, 1101, 715, P0, 0x0000000000000000
2026/09/18 23:32:02.134, 0, 79, 104.91, 89, 15026, 1012, 715, P0, 0x0000000000000020
2026/09/18 23:32:02.139, 1, 79, 102.89, 92, 15026, 1101, 715, P0, 0x0000000000000000
2026/09/18 23:32:03.148, 0, 79, 106.11, 91, 15026, 1050, 715, P0, 0x0000000000000000
2026/09/18 23:32:03.159, 1, 79, 111.02, 92, 15026, 1139, 715, P0, 0x0000000000000000
2026/09/18 23:32:04.175, 0, 79, 101.14, 92, 15026, 1050, 715, P0, 0x0000000000000000
2026/09/18 23:32:04.182, 1, 79, 109.04, 94, 15026, 1189, 715, P0, 0x0000000000000000
2026/09/18 23:32:05.198, 0, 79, 98.99, 95, 15026, 1025, 715, P0, 0x0000000000000000
2026/09/18 23:32:05.204, 1, 79, 101.92, 95, 15026, 1151, 715, P0, 0x0000000000000000
2026/09/18 23:32:06.212, 0, 79, 105.58, 89, 15026, 1101, 715, P0, 0x0000000000000000
2026/09/18 23:32:06.219, 1, 79, 109.83, 95, 15026, 1240, 715, P0, 0x0000000000000000
2026/09/18 23:32:07.225, 0, 79, 106.44, 99, 15026, 1088, 715, P0, 0x0000000000000000
2026/09/18 23:32:07.231, 1, 79, 102.89, 95, 15026, 1177, 715, P0, 0x0000000000000000
2026/09/18 23:32:08.241, 0, 79, 93.84, 97, 15026, 1037, 715, P0, 0x0000000000000000
2026/09/18 23:32:08.247, 1, 79, 102.95, 97, 15026, 1189, 715, P0, 0x0000000000000000
2026/09/18 23:32:09.255, 0, 79, 125.38, 98, 15026, 1139, 715, P0, 0x0000000000000020
2026/09/18 23:32:09.261, 1, 79, 110.92, 98, 15026, 1189, 715, P0, 0x0000000000000000
2026/09/18 23:32:10.282, 0, 79, 97.34, 93, 15026, 847, 715, P0, 0x0000000000000020
2026/09/18 23:32:10.285, 1, 79, 95.45, 92, 15026, 1101, 715, P0, 0x0000000000000000
2026/09/18 23:32:11.293, 0, 79, 95.08, 98, 15026, 1025, 715, P0, 0x0000000000000000
2026/09/18 23:32:11.303, 1, 79, 115.19, 79, 15026, 1227, 715, P0, 0x0000000000000000
2026/09/18 23:32:12.311, 0, 79, 107.69, 57, 15026, 923, 715, P0, 0x0000000000000020
2026/09/18 23:32:12.324, 1, 79, 119.99, 75, 15026, 1088, 715, P0, 0x0000000000000020
2026/09/18 23:32:13.345, 0, 79, 106.53, 97, 15026, 1063, 715, P0, 0x0000000000000000
2026/09/18 23:32:13.348, 1, 79, 127.62, 97, 15026, 1164, 715, P0, 0x0000000000000020
2026/09/18 23:32:14.359, 0, 79, 101.36, 89, 15026, 898, 715, P0, 0x0000000000000020
2026/09/18 23:32:14.363, 1, 79, 108.40, 79, 15026, 1075, 715, P0, 0x0000000000000020
2026/09/18 23:32:15.370, 0, 79, 117.34, 97, 15026, 1012, 715, P0, 0x0000000000000020
2026/09/18 23:32:15.373, 1, 79, 125.54, 86, 15026, 1075, 715, P0, 0x0000000000000020
2026/09/18 23:32:16.398, 0, 79, 96.50, 89, 15026, 923, 715, P0, 0x0000000000000000
2026/09/18 23:32:16.405, 1, 79, 63.10, 78, 15026, 1126, 715, P0, 0x0000000000000000
2026/09/18 23:32:17.409, 0, 79, 115.74, 99, 15026, 1025, 715, P0, 0x0000000000000020
2026/09/18 23:32:17.412, 1, 79, 126.58, 85, 15026, 1075, 715, P0, 0x0000000000000020
2026/09/18 23:32:18.437, 0, 79, 92.34, 96, 15026, 1075, 715, P0, 0x0000000000000000
2026/09/18 23:32:18.444, 1, 79, 124.25, 85, 15026, 1265, 715, P0, 0x0000000000000000
2026/09/18 23:32:19.452, 0, 79, 106.72, 89, 15026, 961, 715, P0, 0x0000000000000020
2026/09/18 23:32:19.455, 1, 79, 126.12, 77, 15026, 1101, 715, P0, 0x0000000000000020
2026/09/18 23:32:20.468, 0, 79, 96.95, 98, 15026, 1037, 715, P0, 0x0000000000000000
2026/09/18 23:32:20.472, 1, 79, 113.01, 85, 15026, 1252, 715, P0, 0x0000000000000000
2026/09/18 23:32:21.486, 0, 79, 101.29, 92, 15026, 898, 715, P0, 0x0000000000000020
2026/09/18 23:32:21.489, 1, 79, 107.68, 93, 15026, 1113, 715, P0, 0x0000000000000000
2026/09/18 23:32:22.494, 0, 79, 105.97, 77, 15026, 1278, 715, P0, 0x0000000000000000
2026/09/18 23:32:22.500, 1, 79, 112.46, 62, 15026, 1316, 715, P0, 0x0000000000000000
2026/09/18 23:32:23.510, 0, 79, 108.35, 81, 15026, 1278, 715, P0, 0x0000000000000020
2026/09/18 23:32:23.513, 1, 79, 124.95, 82, 15026, 1328, 715, P0, 0x0000000000000000
2026/09/18 23:32:24.524, 0, 79, 105.91, 81, 15026, 1278, 715, P0, 0x0000000000000020
2026/09/18 23:32:24.527, 1, 79, 124.03, 81, 15026, 1328, 715, P0, 0x0000000000000000
2026/09/18 23:32:25.534, 0, 79, 110.40, 82, 15026, 1278, 715, P0, 0x0000000000000000
2026/09/18 23:32:25.537, 1, 80, 126.50, 82, 15026, 1328, 715, P0, 0x0000000000000000
2026/09/18 23:32:26.545, 0, 79, 110.75, 82, 15026, 1278, 715, P0, 0x0000000000000020
2026/09/18 23:32:26.548, 1, 79, 109.27, 85, 15026, 1278, 715, P0, 0x0000000000000000
2026/09/18 23:32:27.560, 0, 77, 55.28, 88, 9, 1328, 715, P0, 0x0000000000000000
2026/09/18 23:32:27.562, 1, 78, 56.46, 86, 9, 1328, 715, P0, 0x0000000000000000
2026/09/18 23:32:28.572, 0, 77, 54.79, 0, 9, 1328, 715, P0, 0x0000000000000000
2026/09/18 23:32:28.575, 1, 77, 54.52, 0, 9, 1328, 715, P0, 0x0000000000000000
2026/09/18 23:32:29.582, 0, 76, 54.54, 0, 9, 1328, 715, P0, 0x0000000000000000
2026/09/18 23:32:29.589, 1, 77, 55.49, 0, 9, 1328, 715, P0, 0x0000000000000000
2026/09/18 23:32:30.593, 0, 76, 37.93, 0, 9, 405, 715, P0, 0x0000000000000001
2026/09/18 23:32:30.597, 1, 76, 39.40, 0, 9, 405, 715, P0, 0x0000000000000001
2026/09/18 23:32:31.606, 0, 75, 37.71, 0, 9, 405, 715, P0, 0x0000000000000001
2026/09/18 23:32:31.610, 1, 76, 39.13, 0, 9, 405, 715, P0, 0x0000000000000001
2026/09/18 23:32:32.625, 0, 75, 37.46, 0, 9, 405, 715, P0, 0x0000000000000001
2026/09/18 23:32:32.628, 1, 75, 38.89, 0, 9, 405, 715, P0, 0x0000000000000001
2026/09/18 23:32:33.638, 0, 75, 37.46, 0, 9, 405, 715, P0, 0x0000000000000001
2026/09/18 23:32:33.640, 1, 75, 38.67, 0, 9, 405, 715, P0, 0x0000000000000001
2026/09/18 23:32:34.649, 0, 74, 37.22, 0, 9, 405, 715, P0, 0x0000000000000001
2026/09/18 23:32:34.652, 1, 75, 38.42, 0, 9, 405, 715, P0, 0x0000000000000001
